resolution,top1,n,model,dataset,native_res
48,0.8178217821782178,2020,vivit,ucf101,224
96,0.9198019801980198,2020,vivit,ucf101,224
112,0.9351485148514852,2020,vivit,ucf101,224
160,0.9465346534653464,2020,vivit,ucf101,224
224,0.950990099009901,2020,vivit,ucf101,224
336,0.9495049504950496,2020,vivit,ucf101,224
