resolution,top1,n,model,dataset,native_res
96,0.9198019801980198,2020,vivit,ucf101,224
112,0.9351485148514852,2020,vivit,ucf101,224
160,0.9465346534653465,2020,vivit,ucf101,224
224,0.950990099009901,2020,vivit,ucf101,224
336,0.9495049504950495,2020,vivit,ucf101,224
