dataset,split,budget,coverage,stride,n,top1,top5,mean_confidence,mean_decode_time_s,mean_inference_time_s,mean_total_time_s,mean_processed_frames,mean_model_input_frames,mean_source_frames
hmdb51,val,16,10,16,885,0.5141242937853108,0.7502824858757062,0.47883543374679854,0.007114175762086686,0.0009188053111340535,0.18582844016836736,16.0,16.0,96.54124293785311
