resolution,top1,n,model,dataset,native_res
96,0.6517857142857143,448,mc3_18,driveact,112
112,0.6897321428571429,448,mc3_18,driveact,112
160,0.38392857142857145,448,mc3_18,driveact,112
224,0.0625,448,mc3_18,driveact,112
336,0.044642857142857144,448,mc3_18,driveact,112
