resolution,top1,n,model,dataset,native_res
96,0.2544642857142857,448,mc3_18,driveact,112
112,0.34375,448,mc3_18,driveact,112
160,0.6428571428571429,448,mc3_18,driveact,112
224,0.6852678571428571,448,mc3_18,driveact,112
336,0.09151785714285714,448,mc3_18,driveact,112
