dataset,split,budget,coverage,stride,n,top1,top5,mean_confidence,mean_decode_time_s,mean_inference_time_s,mean_total_time_s,mean_processed_frames,mean_model_input_frames,mean_source_frames
ucf101,val,16,10,2,2020,0.5004950495049505,0.7821782178217822,0.5036457433853999,0.009095455778619772,0.002624905614717172,0.29492842361946486,16.0,16.0,181.19752475247526
