dataset,split,budget,coverage,stride,n,top1,top5,mean_confidence,mean_decode_time_s,mean_inference_time_s,mean_total_time_s,mean_processed_frames,mean_model_input_frames,mean_source_frames
ucf101,val,16,10,4,2020,0.3900990099009901,0.6881188118811881,0.4460649353378259,0.008057353257588894,0.002647017656553463,0.27635749371913676,16.0,16.0,181.19752475247526
