dataset,split,budget,coverage,stride,n,top1,top5,mean_confidence,mean_decode_time_s,mean_inference_time_s,mean_total_time_s,mean_processed_frames,mean_model_input_frames,mean_source_frames
ucf101,val,16,100,1,2020,0.8148514851485148,0.9549504950495049,0.7791642816737294,0.022252389617116734,0.0026225757751715288,0.5168119338924286,16.0,16.0,181.19752475247526
