dataset,split,budget,coverage,stride,n,top1,top5,mean_confidence,mean_decode_time_s,mean_inference_time_s,mean_total_time_s,mean_processed_frames,mean_model_input_frames,mean_source_frames
ucf101,val,16,100,16,2020,0.7108910891089109,0.9143564356435644,0.6567183719874166,0.019705804289171083,0.002639861803243656,0.4681460105756408,16.0,16.0,181.19752475247526
