dataset,split,budget,coverage,stride,n,top1,top5,mean_confidence,mean_decode_time_s,mean_inference_time_s,mean_total_time_s,mean_processed_frames,mean_model_input_frames,mean_source_frames
ucf101,val,16,100,8,2020,0.8074257425742575,0.9534653465346534,0.7578932348657215,0.021395456647883067,0.002641760544173678,0.4975685297473481,16.0,16.0,181.19752475247526
