dataset,split,budget,coverage,stride,n,top1,top5,mean_confidence,mean_decode_time_s,mean_inference_time_s,mean_total_time_s,mean_processed_frames,mean_model_input_frames,mean_source_frames
ucf101,val,16,25,4,2020,0.6306930693069307,0.8707920792079208,0.5905073463815348,0.011845699792594123,0.0026072187625830715,0.3386009326870876,16.0,16.0,181.19752475247526
