dataset,split,budget,coverage,stride,n,top1,top5,mean_confidence,mean_decode_time_s,mean_inference_time_s,mean_total_time_s,mean_processed_frames,mean_model_input_frames,mean_source_frames
ucf101,val,16,50,2,2020,0.7762376237623763,0.943069306930693,0.7297822687406056,0.016978548163557334,0.0026121038286531766,0.42455838363396353,16.0,16.0,181.19752475247526
