dataset,split,budget,coverage,stride,n,top1,top5,mean_confidence,mean_decode_time_s,mean_inference_time_s,mean_total_time_s,mean_processed_frames,mean_model_input_frames,mean_source_frames
ucf101,val,16,50,4,2020,0.7663366336633664,0.9381188118811881,0.7173630257902464,0.016430902996879663,0.0026477989423697315,0.4159640007822931,16.0,16.0,181.19752475247526
