dataset,split,budget,coverage,stride,n,top1,top5,mean_confidence,mean_decode_time_s,mean_inference_time_s,mean_total_time_s,mean_processed_frames,mean_model_input_frames,mean_source_frames
ucf101,val,16,75,8,2020,0.7702970297029703,0.9475247524752475,0.7165243283338328,0.018705928851366228,0.0026420686909200456,0.45293192075263466,16.0,16.0,181.19752475247526
