dataset,split,budget,coverage,stride,n,top1,top5,mean_confidence,mean_decode_time_s,mean_inference_time_s,mean_total_time_s,mean_processed_frames,mean_model_input_frames,mean_source_frames
ucf101,val,16,75,2,2020,0.804950495049505,0.9589108910891089,0.7637946067525461,0.020245897933485742,0.0026395695664375874,0.47914649236769796,16.0,16.0,181.19752475247526
