dataset,split,budget,coverage,stride,n,top1,top5,mean_confidence,mean_decode_time_s,mean_inference_time_s,mean_total_time_s,mean_processed_frames,mean_model_input_frames,mean_source_frames
ucf101,val,16,10,2,2020,0.7698019801980198,0.9267326732673268,0.6986182482968463,0.010550293594017846,0.0015229521804526079,0.2663050936449706,16.0,16.0,181.19752475247526
