dataset,split,budget,coverage,stride,n,top1,top5,mean_confidence,mean_decode_time_s,mean_inference_time_s,mean_total_time_s,mean_processed_frames,mean_model_input_frames,mean_source_frames
ucf101,val,16,100,1,2020,0.9034653465346535,0.9772277227722772,0.8809552984219966,0.03796181384218156,0.0015125875760072676,0.7269574110730468,16.0,16.0,181.19752475247526
