dataset,split,budget,coverage,stride,n,top1,top5,mean_confidence,mean_decode_time_s,mean_inference_time_s,mean_total_time_s,mean_processed_frames,mean_model_input_frames,mean_source_frames
ucf101,val,16,100,16,2020,0.8608910891089109,0.9554455445544554,0.8222608736264381,0.033721666977081524,0.0015251587708665075,0.6480005154571735,16.0,16.0,181.19752475247526
