dataset,split,budget,coverage,stride,n,top1,top5,mean_confidence,mean_decode_time_s,mean_inference_time_s,mean_total_time_s,mean_processed_frames,mean_model_input_frames,mean_source_frames
ucf101,val,16,10,1,2020,0.7752475247524753,0.9301980198019802,0.7157247713720887,0.010331888976483836,0.0016874509512004212,0.2671129494576973,16.0,16.0,181.19752475247526
