dataset,split,budget,coverage,stride,n,top1,top5,mean_confidence,mean_decode_time_s,mean_inference_time_s,mean_total_time_s,mean_processed_frames,mean_model_input_frames,mean_source_frames
ucf101,val,16,10,16,2020,0.6356435643564357,0.8410891089108911,0.5037281572191727,0.008374616177406827,0.0014969146101606438,0.2286162990952224,16.0,16.0,181.19752475247526
