dataset,split,budget,coverage,stride,n,top1,top5,mean_confidence,mean_decode_time_s,mean_inference_time_s,mean_total_time_s,mean_processed_frames,mean_model_input_frames,mean_source_frames
ucf101,val,16,25,16,2020,0.7356435643564356,0.8995049504950495,0.6057664789148781,0.012307378587239228,0.0014990550366755907,0.29343905100197815,16.0,16.0,181.19752475247526
