dataset,split,budget,coverage,stride,n,top1,top5,mean_confidence,mean_decode_time_s,mean_inference_time_s,mean_total_time_s,mean_processed_frames,mean_model_input_frames,mean_source_frames
ucf101,val,16,25,8,2020,0.7866336633663367,0.9287128712871288,0.7022585325422559,0.014722833537962287,0.0015114329051051179,0.33518361136626157,16.0,16.0,181.19752475247526
