dataset,split,budget,coverage,stride,n,top1,top5,mean_confidence,mean_decode_time_s,mean_inference_time_s,mean_total_time_s,mean_processed_frames,mean_model_input_frames,mean_source_frames
ucf101,val,16,50,16,2020,0.7940594059405941,0.9287128712871288,0.7152495242507741,0.019652366887842592,0.0015325031526810904,0.41687701738169786,16.0,16.0,181.19752475247526
