dataset,split,budget,coverage,stride,n,top1,top5,mean_confidence,mean_decode_time_s,mean_inference_time_s,mean_total_time_s,mean_processed_frames,mean_model_input_frames,mean_source_frames
ucf101,val,16,50,2,2020,0.8811881188118812,0.9747524752475247,0.8591505968463745,0.026072051822632034,0.0014719943725734507,0.5239621821176583,16.0,16.0,181.19752475247526
