dataset,split,budget,coverage,stride,n,top1,top5,mean_confidence,mean_decode_time_s,mean_inference_time_s,mean_total_time_s,mean_processed_frames,mean_model_input_frames,mean_source_frames
ucf101,val,16,50,1,2020,0.8826732673267327,0.9752475247524752,0.8616986190070315,0.024395919244593507,0.0015094408793098265,0.4955254408178187,16.0,16.0,181.19752475247526
