dataset,split,budget,coverage,stride,n,top1,top5,mean_confidence,mean_decode_time_s,mean_inference_time_s,mean_total_time_s,mean_processed_frames,mean_model_input_frames,mean_source_frames
ucf101,val,16,50,8,2020,0.851980198019802,0.9603960396039604,0.8115749462904169,0.024119942007922928,0.0015246058707033274,0.49042621819834953,16.0,16.0,181.19752475247526
