dataset,split,budget,coverage,stride,n,top1,top5,mean_confidence,mean_decode_time_s,mean_inference_time_s,mean_total_time_s,mean_processed_frames,mean_model_input_frames,mean_source_frames
ucf101,val,16,75,8,2020,0.8821782178217822,0.9722772277227723,0.8589155519362723,0.031187034480730163,0.0015394056268903142,0.6084181104375206,16.0,16.0,181.19752475247526
