dataset,split,budget,coverage,stride,n,top1,top5,mean_confidence,mean_decode_time_s,mean_inference_time_s,mean_total_time_s,mean_processed_frames,mean_model_input_frames,mean_source_frames
ucf101,val,16,75,16,2020,0.842079207920792,0.9475247524752475,0.7815943407577158,0.027134315621010995,0.0015186385358775976,0.5394507096924746,16.0,16.0,181.19752475247526
