resolution,top1,n,model,dataset,native_res
96,0.11274509803921569,1020,slowfast_r50,epic_kitchens,224
112,0.17745098039215687,1020,slowfast_r50,epic_kitchens,224
160,0.3127450980392157,1020,slowfast_r50,epic_kitchens,224
224,0.37450980392156863,1020,slowfast_r50,epic_kitchens,224
336,0.2872549019607843,1020,slowfast_r50,epic_kitchens,224
