resolution,top1,n,model,dataset,native_res
96,0.7593220338983051,885,timesformer,hmdb51,224
112,0.7717514124293785,885,timesformer,hmdb51,224
160,0.7751412429378531,885,timesformer,hmdb51,224
224,0.7887005649717514,885,timesformer,hmdb51,224
336,0.7796610169491526,885,timesformer,hmdb51,224
