resolution,top1,n,model,dataset,native_res
96,0.6802259887005649,885,r2plus1d_18,hmdb51,112
112,0.7175141242937854,885,r2plus1d_18,hmdb51,112
160,0.7819209039548023,885,r2plus1d_18,hmdb51,112
224,0.7977401129943503,885,r2plus1d_18,hmdb51,112
336,0.6677966101694915,885,r2plus1d_18,hmdb51,112
