resolution,top1,n,model,dataset,native_res
96,0.7435028248587571,885,r2plus1d_18,hmdb51,112
112,0.7310734463276836,885,r2plus1d_18,hmdb51,112
160,0.6836158192090396,885,r2plus1d_18,hmdb51,112
224,0.5050847457627119,885,r2plus1d_18,hmdb51,112
336,0.1615819209039548,885,r2plus1d_18,hmdb51,112
