resolution,top1,n,model,dataset,native_res
48,0.423947487550928,4418,vivit,autsl,224
96,0.4916251697600724,4418,vivit,autsl,224
112,0.5181077410593029,4418,vivit,autsl,224
160,0.5334993209597103,4418,vivit,autsl,224
224,0.5362154821186057,4418,vivit,autsl,224
336,0.5402897238569488,4418,vivit,autsl,224
