dataset,split,budget,coverage,stride,n,top1,top5,mean_confidence,mean_decode_time_s,mean_inference_time_s,mean_total_time_s,mean_processed_frames,mean_model_input_frames,mean_source_frames
autsl,val,16,10,2,4418,0.008148483476686284,0.03236758714350385,0.044726664867402205,0.008575595648758596,0.0022222100106844126,0.28856009158711404,16.0,16.0,59.18605703938434
