dataset,split,budget,coverage,stride,n,top1,top5,mean_confidence,mean_decode_time_s,mean_inference_time_s,mean_total_time_s,mean_processed_frames,mean_model_input_frames,mean_source_frames
autsl,val,16,10,8,4418,0.004300588501584427,0.02648257129923042,0.032175541887015116,0.0073152952661506765,0.002250612006472544,0.2686663813552376,16.0,16.0,59.18605703938434
