dataset,split,budget,coverage,stride,n,top1,top5,mean_confidence,mean_decode_time_s,mean_inference_time_s,mean_total_time_s,mean_processed_frames,mean_model_input_frames,mean_source_frames
autsl,val,16,10,4,4418,0.004979628791308284,0.027161611588954276,0.03904587037767751,0.007974872673575413,0.002244322062708225,0.27898630872632313,16.0,16.0,59.18605703938434
