dataset,split,video_id,video_path,label_id,budget,coverage,stride,pred_id,correct_top1,correct_top5,confidence,decode_time_s,inference_time_s,total_time_s,source_frames,candidate_frames,processed_frames,model_input_frames,skipped,error
ucf101,val,v_ApplyEyeMakeup_g07_c04,data/UCF101_data/UCF-101/ApplyEyeMakeup/v_ApplyEyeMakeup_g07_c04.avi,0,8,100,4,0,True,True,0.9635733962059021,0.042361740954220295,0.004003982758149505,1.886541210114956,142,8,8,8,False,
ucf101,val,v_ApplyEyeMakeup_g02_c02,data/UCF101_data/UCF-101/ApplyEyeMakeup/v_ApplyEyeMakeup_g02_c02.avi,0,8,100,4,0,True,True,0.9299697279930115,0.03883945196866989,0.004003982758149505,1.8414010908454657,146,8,8,8,False,
ucf101,val,v_ApplyEyeMakeup_g01_c02,data/UCF101_data/UCF-101/ApplyEyeMakeup/v_ApplyEyeMakeup_g01_c02.avi,0,8,100,4,1,False,True,0.5324275493621826,0.0332111781463027,0.004003982758149505,1.7996375607326627,123,8,8,8,False,
ucf101,val,v_ApplyEyeMakeup_g04_c02,data/UCF101_data/UCF-101/ApplyEyeMakeup/v_ApplyEyeMakeup_g04_c02.avi,0,8,100,4,0,True,True,0.8668733835220337,0.03703043004497886,0.004003982758149505,1.763327270746231,132,8,8,8,False,
ucf101,val,v_ApplyEyeMakeup_g03_c06,data/UCF101_data/UCF-101/ApplyEyeMakeup/v_ApplyEyeMakeup_g03_c06.avi,0,8,100,4,1,False,True,0.788223147392273,0.0426787668839097,0.004003982758149505,1.7251594220288098,152,8,8,8,False,
ucf101,val,v_ApplyEyeMakeup_g03_c05,data/UCF101_data/UCF-101/ApplyEyeMakeup/v_ApplyEyeMakeup_g03_c05.avi,0,8,100,4,1,False,True,0.5274820327758789,0.03904321510344744,0.004003982758149505,1.6795614985749125,146,8,8,8,False,
ucf101,val,v_ApplyEyeMakeup_g02_c03,data/UCF101_data/UCF-101/ApplyEyeMakeup/v_ApplyEyeMakeup_g02_c03.avi,0,8,100,4,0,True,True,0.9778577089309692,0.055366306100040674,0.004003982758149505,1.6382764810696244,216,8,8,8,False,
ucf101,val,v_ApplyEyeMakeup_g02_c01,data/UCF101_data/UCF-101/ApplyEyeMakeup/v_ApplyEyeMakeup_g02_c01.avi,0,8,100,4,0,True,True,0.9366462230682373,0.04309822805225849,0.004003982758149505,1.5802899468690157,170,8,8,8,False,
ucf101,val,v_ApplyEyeMakeup_g06_c05,data/UCF101_data/UCF-101/ApplyEyeMakeup/v_ApplyEyeMakeup_g06_c05.avi,0,8,100,4,0,True,True,0.8360816836357117,0.07015267107635736,0.004003982758149505,1.5349296848289669,281,8,8,8,False,
ucf101,val,v_ApplyEyeMakeup_g01_c06,data/UCF101_data/UCF-101/ApplyEyeMakeup/v_ApplyEyeMakeup_g01_c06.avi,0,8,100,4,1,False,True,0.9336868524551392,0.032751062884926796,0.004003982758149505,1.4618702097795904,122,8,8,8,False,
ucf101,val,v_ApplyEyeMakeup_g05_c05,data/UCF101_data/UCF-101/ApplyEyeMakeup/v_ApplyEyeMakeup_g05_c05.avi,0,8,100,4,0,True,True,0.5247929096221924,0.053986683022230864,0.004003982758149505,1.4273269167169929,227,8,8,8,False,
ucf101,val,v_ApplyEyeMakeup_g01_c03,data/UCF101_data/UCF-101/ApplyEyeMakeup/v_ApplyEyeMakeup_g01_c03.avi,0,8,100,4,1,False,True,0.9074783325195312,0.06438652193173766,0.004003982758149505,1.3701712070032954,259,8,8,8,False,
ucf101,val,v_ApplyEyeMakeup_g07_c05,data/UCF101_data/UCF-101/ApplyEyeMakeup/v_ApplyEyeMakeup_g07_c05.avi,0,8,100,4,0,True,True,0.9166370630264282,0.027336258441209793,0.004003982758149505,1.3028337289579213,98,8,8,8,False,
ucf101,val,v_ApplyEyeMakeup_g06_c03,data/UCF101_data/UCF-101/ApplyEyeMakeup/v_ApplyEyeMakeup_g06_c03.avi,0,8,100,4,1,False,True,0.7690632343292236,0.062155981082469225,0.004003982758149505,1.2734687719494104,245,8,8,8,False,
ucf101,val,v_ApplyEyeMakeup_g06_c07,data/UCF101_data/UCF-101/ApplyEyeMakeup/v_ApplyEyeMakeup_g06_c07.avi,0,8,100,4,1,False,True,0.79324871301651,0.042085289023816586,0.004003982758149505,1.208727888762951,167,8,8,8,False,
ucf101,val,v_ApplyEyeMakeup_g07_c06,data/UCF101_data/UCF-101/ApplyEyeMakeup/v_ApplyEyeMakeup_g07_c06.avi,0,8,100,4,0,True,True,0.9523871541023254,0.04075079504400492,0.004003982758149505,1.1635507042519748,162,8,8,8,False,
ucf101,val,v_ApplyEyeMakeup_g04_c01,data/UCF101_data/UCF-101/ApplyEyeMakeup/v_ApplyEyeMakeup_g04_c01.avi,0,8,100,4,0,True,True,0.8959936499595642,0.032226741779595613,0.004003982758149505,1.120255287270993,126,8,8,8,False,
ucf101,val,v_ApplyEyeMakeup_g04_c04,data/UCF101_data/UCF-101/ApplyEyeMakeup/v_ApplyEyeMakeup_g04_c04.avi,0,8,100,4,0,True,True,0.7447759509086609,0.046167280059307814,0.004003982758149505,1.0861625499092042,181,8,8,8,False,
ucf101,val,v_ApplyEyeMakeup_g01_c01,data/UCF101_data/UCF-101/ApplyEyeMakeup/v_ApplyEyeMakeup_g01_c01.avi,0,8,100,4,1,False,True,0.7905631065368652,0.04350351309403777,0.004003982758149505,1.0369386533275247,164,8,8,8,False,
ucf101,val,v_ApplyEyeMakeup_g07_c07,data/UCF101_data/UCF-101/ApplyEyeMakeup/v_ApplyEyeMakeup_g07_c07.avi,0,8,100,4,0,True,True,0.9547349810600281,0.03283227561041713,0.004003982758149505,0.9908424089662731,114,8,8,8,False,
ucf101,val,v_ApplyLipstick_g03_c04,data/UCF101_data/UCF-101/ApplyLipstick/v_ApplyLipstick_g03_c04.avi,1,8,100,4,1,True,True,0.4383849799633026,0.037865035235881805,0.004003982758149505,0.9548949860036373,142,8,8,8,False,
ucf101,val,v_ApplyLipstick_g05_c05,data/UCF101_data/UCF-101/ApplyLipstick/v_ApplyLipstick_g05_c05.avi,1,8,100,4,0,False,True,0.4278106689453125,0.04204798908904195,0.004003982758149505,0.9143314152024686,156,8,8,8,False,
ucf101,val,v_ApplyLipstick_g05_c03,data/UCF101_data/UCF-101/ApplyLipstick/v_ApplyLipstick_g05_c03.avi,1,8,100,4,19,False,True,0.40957120060920715,0.030713476240634918,0.004003982758149505,0.8689778922125697,113,8,8,8,False,
ucf101,val,v_ApplyLipstick_g07_c03,data/UCF101_data/UCF-101/ApplyLipstick/v_ApplyLipstick_g07_c03.avi,1,8,100,4,1,True,True,0.9107570648193359,0.05436458671465516,0.004003982758149505,0.8362425495870411,226,8,8,8,False,
ucf101,val,v_ApplyLipstick_g04_c05,data/UCF101_data/UCF-101/ApplyLipstick/v_ApplyLipstick_g04_c05.avi,1,8,100,4,1,True,True,0.8960345983505249,0.0464317100122571,0.004003982758149505,0.7784296320751309,169,8,8,8,False,
ucf101,val,v_ApplyLipstick_g04_c01,data/UCF101_data/UCF-101/ApplyLipstick/v_ApplyLipstick_g04_c01.avi,1,8,100,4,1,True,True,0.7691190838813782,0.028598882257938385,0.004003982758149505,0.7288887677714229,98,8,8,8,False,
ucf101,val,v_ApplyLipstick_g02_c03,data/UCF101_data/UCF-101/ApplyLipstick/v_ApplyLipstick_g02_c03.avi,1,8,100,4,1,True,True,0.48466935753822327,0.026625461876392365,0.004003982758149505,0.6973725534044206,98,8,8,8,False,
ucf101,val,v_ApplyLipstick_g04_c02,data/UCF101_data/UCF-101/ApplyLipstick/v_ApplyLipstick_g04_c02.avi,1,8,100,4,1,True,True,0.6577041149139404,0.03805286716669798,0.004003982758149505,0.668698919005692,144,8,8,8,False,
ucf101,val,v_ApplyLipstick_g05_c01,data/UCF101_data/UCF-101/ApplyLipstick/v_ApplyLipstick_g05_c01.avi,1,8,100,4,0,False,True,0.7358736991882324,0.048347542993724346,0.004003982758149505,0.6277161450125277,177,8,8,8,False,
ucf101,val,v_ApplyLipstick_g02_c04,data/UCF101_data/UCF-101/ApplyLipstick/v_ApplyLipstick_g02_c04.avi,1,8,100,4,1,True,True,0.6763777136802673,0.04487058334052563,0.004003982758149505,0.5760701941326261,185,8,8,8,False,
ucf101,val,v_ApplyLipstick_g01_c01,data/UCF101_data/UCF-101/ApplyLipstick/v_ApplyLipstick_g01_c01.avi,1,8,100,4,1,True,True,0.9302219748497009,0.012353322934359312,0.004003982758149505,0.5288353329524398,149,8,8,8,False,
ucf101,val,v_ApplyLipstick_g02_c01,data/UCF101_data/UCF-101/ApplyLipstick/v_ApplyLipstick_g02_c01.avi,1,8,100,4,1,True,True,0.5612382292747498,0.03219811897724867,0.004003982758149505,0.5150281027890742,127,8,8,8,False,
ucf101,val,v_ApplyLipstick_g06_c04,data/UCF101_data/UCF-101/ApplyLipstick/v_ApplyLipstick_g06_c04.avi,1,8,100,4,1,True,True,0.9610552191734314,0.13605326833203435,0.0035888003039872274,1.5927110761404037,523,8,8,8,False,
ucf101,val,v_ApplyLipstick_g03_c02,data/UCF101_data/UCF-101/ApplyLipstick/v_ApplyLipstick_g03_c02.avi,1,8,100,4,19,False,True,0.867908239364624,0.03140672529116273,0.0035888003039872274,1.452374721877277,108,8,8,8,False,
ucf101,val,v_ApplyLipstick_g07_c01,data/UCF101_data/UCF-101/ApplyLipstick/v_ApplyLipstick_g07_c01.avi,1,8,100,4,1,True,True,0.8684398531913757,0.06767833698540926,0.0035888003039872274,1.4191854828968644,270,8,8,8,False,
ucf101,val,v_ApplyLipstick_g01_c05,data/UCF101_data/UCF-101/ApplyLipstick/v_ApplyLipstick_g01_c05.avi,1,8,100,4,1,True,True,0.9531708359718323,0.05266032973304391,0.0035888003039872274,1.3486938779242337,213,8,8,8,False,
ucf101,val,v_ApplyLipstick_g02_c02,data/UCF101_data/UCF-101/ApplyLipstick/v_ApplyLipstick_g02_c02.avi,1,8,100,4,0,False,True,0.4710495173931122,0.03185875108465552,0.0035888003039872274,1.2939206440933049,118,8,8,8,False,
ucf101,val,v_ApplyLipstick_g07_c04,data/UCF101_data/UCF-101/ApplyLipstick/v_ApplyLipstick_g07_c04.avi,1,8,100,4,1,True,True,0.9317966103553772,0.042101523373275995,0.0035888003039872274,1.2595248217694461,163,8,8,8,False,
ucf101,val,v_ApplyLipstick_g07_c02,data/UCF101_data/UCF-101/ApplyLipstick/v_ApplyLipstick_g07_c02.avi,1,8,100,4,1,True,True,0.9044404029846191,0.0336504359729588,0.0035888003039872274,1.2149953902699053,125,8,8,8,False,
ucf101,val,v_ApplyLipstick_g01_c02,data/UCF101_data/UCF-101/ApplyLipstick/v_ApplyLipstick_g01_c02.avi,1,8,100,4,1,True,True,0.8955612778663635,0.042176976799964905,0.0035888003039872274,1.1789050181396306,160,8,8,8,False,
ucf101,val,v_Archery_g01_c06,data/UCF101_data/UCF-101/Archery/v_Archery_g01_c06.avi,2,8,100,4,2,True,True,0.28378021717071533,0.011853297241032124,0.0035888003039872274,1.1340855709277093,108,8,8,8,False,
ucf101,val,v_Archery_g05_c01,data/UCF101_data/UCF-101/Archery/v_Archery_g05_c01.avi,2,8,100,4,2,True,True,0.9751057028770447,0.11080529494211078,0.0035888003039872274,1.12123833457008,455,8,8,8,False,
ucf101,val,v_Archery_g01_c07,data/UCF101_data/UCF-101/Archery/v_Archery_g01_c07.avi,2,8,100,4,2,True,True,0.7631616592407227,0.01653789123520255,0.0035888003039872274,1.008419938851148,143,8,8,8,False,
ucf101,val,v_Archery_g04_c04,data/UCF101_data/UCF-101/Archery/v_Archery_g04_c04.avi,2,8,100,4,2,True,True,0.9078183174133301,0.011246389243751764,0.0035888003039872274,0.9907136321999133,135,8,8,8,False,
ucf101,val,v_Archery_g07_c03,data/UCF101_data/UCF-101/Archery/v_Archery_g07_c03.avi,2,8,100,4,2,True,True,0.9311860203742981,0.015293522737920284,0.0035888003039872274,0.9782002358697355,51,8,8,8,False,
ucf101,val,v_Archery_g03_c03,data/UCF101_data/UCF-101/Archery/v_Archery_g03_c03.avi,2,8,100,4,2,True,True,0.9371975660324097,0.03796176193282008,0.0035888003039872274,0.9601969346404076,125,8,8,8,False,
ucf101,val,v_Archery_g01_c03,data/UCF101_data/UCF-101/Archery/v_Archery_g01_c03.avi,2,8,100,4,2,True,True,0.46258100867271423,0.013135033193975687,0.0035888003039872274,0.9204762768931687,158,8,8,8,False,
ucf101,val,v_Archery_g06_c01,data/UCF101_data/UCF-101/Archery/v_Archery_g06_c01.avi,2,8,100,4,2,True,True,0.9069274067878723,0.009261809755116701,0.0035888003039872274,0.9055998590774834,81,8,8,8,False,
ucf101,val,v_Archery_g02_c01,data/UCF101_data/UCF-101/Archery/v_Archery_g02_c01.avi,2,8,100,4,2,True,True,0.9243722558021545,0.011899779085069895,0.0035888003039872274,0.8953459616750479,158,8,8,8,False,
ucf101,val,v_Archery_g07_c05,data/UCF101_data/UCF-101/Archery/v_Archery_g07_c05.avi,2,8,100,4,2,True,True,0.8244248032569885,0.017491121776401997,0.0035888003039872274,0.8821195471100509,64,8,8,8,False,
ucf101,val,v_Archery_g06_c06,data/UCF101_data/UCF-101/Archery/v_Archery_g06_c06.avi,2,8,100,4,2,True,True,0.7488622665405273,0.011676587630063295,0.0035888003039872274,0.8630005191080272,132,8,8,8,False,
ucf101,val,v_Archery_g03_c04,data/UCF101_data/UCF-101/Archery/v_Archery_g03_c04.avi,2,8,100,4,2,True,True,0.9657109975814819,0.039473220240324736,0.0035888003039872274,0.8504233099520206,138,8,8,8,False,
ucf101,val,v_Archery_g02_c03,data/UCF101_data/UCF-101/Archery/v_Archery_g02_c03.avi,2,8,100,4,2,True,True,0.9375881552696228,0.012035431805998087,0.0035888003039872274,0.8082665801048279,138,8,8,8,False,
ucf101,val,v_Archery_g05_c03,data/UCF101_data/UCF-101/Archery/v_Archery_g05_c03.avi,2,8,100,4,2,True,True,0.969598650932312,0.12099658511579037,0.0035888003039872274,0.7948409053497016,488,8,8,8,False,
ucf101,val,v_Archery_g04_c02,data/UCF101_data/UCF-101/Archery/v_Archery_g04_c02.avi,2,8,100,4,2,True,True,0.6516479849815369,0.012775104958564043,0.0035888003039872274,0.6717350510880351,173,8,8,8,False,
ucf101,val,v_Archery_g04_c01,data/UCF101_data/UCF-101/Archery/v_Archery_g04_c01.avi,2,8,100,4,2,True,True,0.8013850450515747,0.01188993826508522,0.0035888003039872274,0.657607888802886,165,8,8,8,False,
ucf101,val,v_Archery_g02_c05,data/UCF101_data/UCF-101/Archery/v_Archery_g02_c05.avi,2,8,100,4,2,True,True,0.9443715810775757,0.010423335712403059,0.0035888003039872274,0.6444208389148116,127,8,8,8,False,
ucf101,val,v_Archery_g03_c05,data/UCF101_data/UCF-101/Archery/v_Archery_g03_c05.avi,2,8,100,4,2,True,True,0.9628248810768127,0.03823104687035084,0.0035888003039872274,0.6326832552440464,124,8,8,8,False,
ucf101,val,v_Archery_g07_c04,data/UCF101_data/UCF-101/Archery/v_Archery_g07_c04.avi,2,8,100,4,2,True,True,0.9446138143539429,0.015106357168406248,0.0035888003039872274,0.5914558600634336,51,8,8,8,False,
ucf101,val,v_Archery_g06_c02,data/UCF101_data/UCF-101/Archery/v_Archery_g06_c02.avi,2,8,100,4,2,True,True,0.9250051379203796,0.010623693000525236,0.0035888003039872274,0.5739552970044315,116,8,8,8,False,
ucf101,val,v_BabyCrawling_g01_c03,data/UCF101_data/UCF-101/BabyCrawling/v_BabyCrawling_g01_c03.avi,3,8,100,4,3,True,True,0.9776217937469482,0.011283935979008675,0.0035888003039872274,0.5625089518725872,156,8,8,8,False,
ucf101,val,v_BabyCrawling_g04_c01,data/UCF101_data/UCF-101/BabyCrawling/v_BabyCrawling_g04_c01.avi,3,8,100,4,3,True,True,0.983264148235321,0.03308517625555396,0.0035888003039872274,0.5503458995372057,127,8,8,8,False,
ucf101,val,v_BabyCrawling_g05_c01,data/UCF101_data/UCF-101/BabyCrawling/v_BabyCrawling_g05_c01.avi,3,8,100,4,3,True,True,0.9721346497535706,0.01504845591261983,0.0035888003039872274,0.5142523138783872,221,8,8,8,False,
ucf101,val,v_BabyCrawling_g02_c02,data/UCF101_data/UCF-101/BabyCrawling/v_BabyCrawling_g02_c02.avi,3,8,100,4,3,True,True,0.951169490814209,0.02790985908359289,0.0035888003039872274,0.4975707489065826,112,8,8,8,False,
ucf101,val,v_BabyCrawling_g06_c05,data/UCF101_data/UCF-101/BabyCrawling/v_BabyCrawling_g06_c05.avi,3,8,100,4,3,True,True,0.9723235964775085,0.07344041066244245,0.0038681630830978975,1.6831814460456371,258,8,8,8,False,
ucf101,val,v_BabyCrawling_g02_c04,data/UCF101_data/UCF-101/BabyCrawling/v_BabyCrawling_g02_c04.avi,3,8,100,4,3,True,True,0.9735115766525269,0.029747268185019493,0.0038681630830978975,1.6059844559058547,105,8,8,8,False,
ucf101,val,v_BabyCrawling_g07_c02,data/UCF101_data/UCF-101/BabyCrawling/v_BabyCrawling_g07_c02.avi,3,8,100,4,3,True,True,0.9755119681358337,0.037899685092270374,0.0038681630830978975,1.5742955040186644,145,8,8,8,False,
ucf101,val,v_BabyCrawling_g01_c04,data/UCF101_data/UCF-101/BabyCrawling/v_BabyCrawling_g01_c04.avi,3,8,100,4,3,True,True,0.9782578349113464,0.014849348925054073,0.0038681630830978975,1.5335865342058241,219,8,8,8,False,
ucf101,val,v_BabyCrawling_g03_c03,data/UCF101_data/UCF-101/BabyCrawling/v_BabyCrawling_g03_c03.avi,3,8,100,4,3,True,True,0.9695908427238464,0.013194586150348186,0.0038681630830978975,1.5171479959972203,198,8,8,8,False,
ucf101,val,v_BabyCrawling_g02_c05,data/UCF101_data/UCF-101/BabyCrawling/v_BabyCrawling_g02_c05.avi,3,8,100,4,3,True,True,0.9518222808837891,0.022204558830708265,0.0038681630830978975,1.5024996032007039,84,8,8,8,False,
ucf101,val,v_BabyCrawling_g07_c05,data/UCF101_data/UCF-101/BabyCrawling/v_BabyCrawling_g07_c05.avi,3,8,100,4,3,True,True,0.9737343788146973,0.03793181898072362,0.0038681630830978975,1.4770933738909662,141,8,8,8,False,
ucf101,val,v_BabyCrawling_g05_c03,data/UCF101_data/UCF-101/BabyCrawling/v_BabyCrawling_g05_c03.avi,3,8,100,4,3,True,True,0.9693402051925659,0.017765159718692303,0.0038681630830978975,1.4364687982015312,271,8,8,8,False,
ucf101,val,v_BabyCrawling_g03_c02,data/UCF101_data/UCF-101/BabyCrawling/v_BabyCrawling_g03_c02.avi,3,8,100,4,3,True,True,0.97524094581604,0.012417280115187168,0.0038681630830978975,1.4176587471738458,181,8,8,8,False,
ucf101,val,v_BabyCrawling_g07_c03,data/UCF101_data/UCF-101/BabyCrawling/v_BabyCrawling_g07_c03.avi,3,8,100,4,3,True,True,0.9837788939476013,0.046492358669638634,0.0038681630830978975,1.4037517821416259,171,8,8,8,False,
ucf101,val,v_BabyCrawling_g05_c05,data/UCF101_data/UCF-101/BabyCrawling/v_BabyCrawling_g05_c05.avi,3,8,100,4,3,True,True,0.9719960689544678,0.013281527440994978,0.0038681630830978975,1.353820368181914,159,8,8,8,False,
ucf101,val,v_BabyCrawling_g06_c01,data/UCF101_data/UCF-101/BabyCrawling/v_BabyCrawling_g06_c01.avi,3,8,100,4,3,True,True,0.8363835215568542,0.05832146806642413,0.0038681630830978975,1.3391745067201555,198,8,8,8,False,
ucf101,val,v_BabyCrawling_g02_c03,data/UCF101_data/UCF-101/BabyCrawling/v_BabyCrawling_g02_c03.avi,3,8,100,4,3,True,True,0.9782007932662964,0.03200660180300474,0.0038681630830978975,1.2787250899709761,117,8,8,8,False,
ucf101,val,v_BabyCrawling_g06_c03,data/UCF101_data/UCF-101/BabyCrawling/v_BabyCrawling_g06_c03.avi,3,8,100,4,3,True,True,0.9689608216285706,0.05679763434454799,0.0038681630830978975,1.2440422279760242,201,8,8,8,False,
ucf101,val,v_BabyCrawling_g07_c06,data/UCF101_data/UCF-101/BabyCrawling/v_BabyCrawling_g07_c06.avi,3,8,100,4,3,True,True,0.9849692583084106,0.057555328123271465,0.0038681630830978975,1.1842317902483046,210,8,8,8,False,
ucf101,val,v_BabyCrawling_g05_c04,data/UCF101_data/UCF-101/BabyCrawling/v_BabyCrawling_g05_c04.avi,3,8,100,4,3,True,True,0.9668266773223877,0.015406806021928787,0.0038681630830978975,1.1236911229789257,230,8,8,8,False,
ucf101,val,v_BalanceBeam_g05_c02,data/UCF101_data/UCF-101/BalanceBeam/v_BalanceBeam_g05_c02.avi,4,8,100,4,4,True,True,0.945510745048523,0.03253060579299927,0.0038681630830978975,1.1065019657835364,114,8,8,8,False,
ucf101,val,v_BalanceBeam_g06_c04,data/UCF101_data/UCF-101/BalanceBeam/v_BalanceBeam_g06_c04.avi,4,8,100,4,4,True,True,0.46050894260406494,0.03309051599353552,0.0038681630830978975,1.0710929371416569,120,8,8,8,False,
ucf101,val,v_BalanceBeam_g02_c04,data/UCF101_data/UCF-101/BalanceBeam/v_BalanceBeam_g02_c04.avi,4,8,100,4,4,True,True,0.8739137649536133,0.03955341689288616,0.0038681630830978975,1.0360242216847837,133,8,8,8,False,
ucf101,val,v_BalanceBeam_g02_c02,data/UCF101_data/UCF-101/BalanceBeam/v_BalanceBeam_g02_c02.avi,4,8,100,4,4,True,True,0.9139034152030945,0.02824234776198864,0.0038681630830978975,0.9938006536103785,100,8,8,8,False,
ucf101,val,v_BalanceBeam_g04_c03,data/UCF101_data/UCF-101/BalanceBeam/v_BalanceBeam_g04_c03.avi,4,8,100,4,4,True,True,0.8958643078804016,0.04624651279300451,0.0038681630830978975,0.9625315428711474,160,8,8,8,False,
ucf101,val,v_BalanceBeam_g04_c01,data/UCF101_data/UCF-101/BalanceBeam/v_BalanceBeam_g04_c01.avi,4,8,100,4,4,True,True,0.9422441124916077,0.03723251912742853,0.0038681630830978975,0.9141914783976972,120,8,8,8,False,
ucf101,val,v_BalanceBeam_g03_c01,data/UCF101_data/UCF-101/BalanceBeam/v_BalanceBeam_g03_c01.avi,4,8,100,4,4,True,True,0.9166461229324341,0.05321465479210019,0.0038681630830978975,0.8744482193142176,197,8,8,8,False,
ucf101,val,v_BalanceBeam_g06_c01,data/UCF101_data/UCF-101/BalanceBeam/v_BalanceBeam_g06_c01.avi,4,8,100,4,4,True,True,0.9003185033798218,0.02728136721998453,0.0038681630830978975,0.8190978532657027,106,8,8,8,False,
ucf101,val,v_BalanceBeam_g06_c03,data/UCF101_data/UCF-101/BalanceBeam/v_BalanceBeam_g06_c03.avi,4,8,100,4,4,True,True,0.680815577507019,0.028827706817537546,0.0038681630830978975,0.7901783250272274,105,8,8,8,False,
ucf101,val,v_BalanceBeam_g07_c04,data/UCF101_data/UCF-101/BalanceBeam/v_BalanceBeam_g07_c04.avi,4,8,100,4,4,True,True,0.504240095615387,0.03221777267754078,0.0038681630830978975,0.7592417541891336,107,8,8,8,False,
ucf101,val,v_BalanceBeam_g07_c02,data/UCF101_data/UCF-101/BalanceBeam/v_BalanceBeam_g07_c02.avi,4,8,100,4,4,True,True,0.8951947689056396,0.029849474783986807,0.0038681630830978975,0.7250391277484596,110,8,8,8,False,
ucf101,val,v_BalanceBeam_g03_c03,data/UCF101_data/UCF-101/BalanceBeam/v_BalanceBeam_g03_c03.avi,4,8,100,4,4,True,True,0.8974335789680481,0.031305068638175726,0.0038681630830978975,0.69264564383775,101,8,8,8,False,
ucf101,val,v_BalanceBeam_g01_c02,data/UCF101_data/UCF-101/BalanceBeam/v_BalanceBeam_g01_c02.avi,4,8,100,4,4,True,True,0.38957029581069946,0.024869798682630062,0.0038681630830978975,0.6582453991286457,90,8,8,8,False,
ucf101,val,v_BalanceBeam_g07_c03,data/UCF101_data/UCF-101/BalanceBeam/v_BalanceBeam_g07_c03.avi,4,8,100,4,4,True,True,0.8190615177154541,0.05935022700577974,0.0038681630830978975,0.6306036626920104,202,8,8,8,False,
ucf101,val,v_BalanceBeam_g05_c03,data/UCF101_data/UCF-101/BalanceBeam/v_BalanceBeam_g05_c03.avi,4,8,100,4,4,True,True,0.9299565553665161,0.034656369127333164,0.0038681630830978975,0.5684362868778408,111,8,8,8,False,
ucf101,val,v_BalanceBeam_g05_c04,data/UCF101_data/UCF-101/BalanceBeam/v_BalanceBeam_g05_c04.avi,4,8,100,4,4,True,True,0.7424256205558777,0.05143614066764712,0.0038681630830978975,0.5310815810225904,180,8,8,8,False,
ucf101,val,v_BalanceBeam_g02_c03,data/UCF101_data/UCF-101/BalanceBeam/v_BalanceBeam_g02_c03.avi,4,8,100,4,4,True,True,0.8487263917922974,0.025088844820857048,0.003864652942866087,1.0109974360093474,60,8,8,8,False,
ucf101,val,v_BalanceBeam_g02_c01,data/UCF101_data/UCF-101/BalanceBeam/v_BalanceBeam_g02_c01.avi,4,8,100,4,4,True,True,0.9268349409103394,0.028207771945744753,0.003864652942866087,0.9830309450626373,82,8,8,8,False,
ucf101,val,v_BalanceBeam_g05_c01,data/UCF101_data/UCF-101/BalanceBeam/v_BalanceBeam_g05_c01.avi,4,8,100,4,4,True,True,0.9329947233200073,0.031724859960377216,0.003864652942866087,0.9515116242691875,95,8,8,8,False,
ucf101,val,v_BalanceBeam_g01_c04,data/UCF101_data/UCF-101/BalanceBeam/v_BalanceBeam_g01_c04.avi,4,8,100,4,4,True,True,0.9191127419471741,0.03753749979659915,0.003864652942866087,0.9174324497580528,111,8,8,8,False,
ucf101,val,v_BandMarching_g07_c01,data/UCF101_data/UCF-101/BandMarching/v_BandMarching_g07_c01.avi,5,8,100,4,5,True,True,0.9757249355316162,0.027038737200200558,0.003864652942866087,0.8768557896837592,70,8,8,8,False,
ucf101,val,v_BandMarching_g03_c07,data/UCF101_data/UCF-101/BandMarching/v_BandMarching_g03_c07.avi,5,8,100,4,5,True,True,0.9722461700439453,0.01748863235116005,0.003864652942866087,0.846398223657161,249,8,8,8,False,
ucf101,val,v_BandMarching_g02_c07,data/UCF101_data/UCF-101/BandMarching/v_BandMarching_g02_c07.avi,5,8,100,4,5,True,True,0.9809548854827881,0.01180616207420826,0.003864652942866087,0.8271183799952269,145,8,8,8,False,
ucf101,val,v_BandMarching_g05_c07,data/UCF101_data/UCF-101/BandMarching/v_BandMarching_g05_c07.avi,5,8,100,4,5,True,True,0.9730647206306458,0.008534487802535295,0.003864652942866087,0.8139772866852582,62,8,8,8,False,
ucf101,val,v_BandMarching_g05_c01,data/UCF101_data/UCF-101/BandMarching/v_BandMarching_g05_c01.avi,5,8,100,4,5,True,True,0.9745769500732422,0.007613261230289936,0.003864652942866087,0.8045084401965141,47,8,8,8,False,
ucf101,val,v_BandMarching_g05_c05,data/UCF101_data/UCF-101/BandMarching/v_BandMarching_g05_c05.avi,5,8,100,4,5,True,True,0.9733943939208984,0.00822641421109438,0.003864652942866087,0.7960829748772085,65,8,8,8,False,
ucf101,val,v_BandMarching_g02_c03,data/UCF101_data/UCF-101/BandMarching/v_BandMarching_g02_c03.avi,5,8,100,4,5,True,True,0.9745661020278931,0.010561930947005749,0.003864652942866087,0.7870032610371709,123,8,8,8,False,
ucf101,val,v_BandMarching_g03_c03,data/UCF101_data/UCF-101/BandMarching/v_BandMarching_g03_c03.avi,5,8,100,4,5,True,True,0.968582808971405,0.019269770942628384,0.003864652942866087,0.7751637110486627,284,8,8,8,False,
ucf101,val,v_BandMarching_g02_c02,data/UCF101_data/UCF-101/BandMarching/v_BandMarching_g02_c02.avi,5,8,100,4,5,True,True,0.9737482070922852,0.011986859142780304,0.003864652942866087,0.7551404680125415,156,8,8,8,False,
ucf101,val,v_BandMarching_g03_c02,data/UCF101_data/UCF-101/BandMarching/v_BandMarching_g03_c02.avi,5,8,100,4,5,True,True,0.9767889976501465,0.020281824748963118,0.003864652942866087,0.7420129678212106,335,8,8,8,False,
ucf101,val,v_BandMarching_g06_c04,data/UCF101_data/UCF-101/BandMarching/v_BandMarching_g06_c04.avi,5,8,100,4,5,True,True,0.9691483378410339,0.0102697080001235,0.003864652942866087,0.7200877009890974,118,8,8,8,False,
ucf101,val,v_BandMarching_g05_c03,data/UCF101_data/UCF-101/BandMarching/v_BandMarching_g05_c03.avi,5,8,100,4,5,True,True,0.961082398891449,0.012144625186920166,0.003864652942866087,0.708601871971041,149,8,8,8,False,
ucf101,val,v_BandMarching_g05_c04,data/UCF101_data/UCF-101/BandMarching/v_BandMarching_g05_c04.avi,5,8,100,4,5,True,True,0.9699423909187317,0.009320904966443777,0.003864652942866087,0.6953452923335135,89,8,8,8,False,
ucf101,val,v_BandMarching_g03_c05,data/UCF101_data/UCF-101/BandMarching/v_BandMarching_g03_c05.avi,5,8,100,4,5,True,True,0.9828107357025146,0.01755133317783475,0.003864652942866087,0.6850508442148566,270,8,8,8,False,
ucf101,val,v_BandMarching_g02_c06,data/UCF101_data/UCF-101/BandMarching/v_BandMarching_g02_c06.avi,5,8,100,4,5,True,True,0.9805492758750916,0.010770081076771021,0.003864652942866087,0.6663676840253174,125,8,8,8,False,
ucf101,val,v_BandMarching_g02_c05,data/UCF101_data/UCF-101/BandMarching/v_BandMarching_g02_c05.avi,5,8,100,4,5,True,True,0.9788116812705994,0.01069515896961093,0.003864652942866087,0.6544132679700851,123,8,8,8,False,
ucf101,val,v_BandMarching_g02_c01,data/UCF101_data/UCF-101/BandMarching/v_BandMarching_g02_c01.avi,5,8,100,4,5,True,True,0.9737482070922852,0.013104021083563566,0.003864652942866087,0.6425703181885183,156,8,8,8,False,
ucf101,val,v_BandMarching_g01_c05,data/UCF101_data/UCF-101/BandMarching/v_BandMarching_g01_c05.avi,5,8,100,4,5,True,True,0.9558587670326233,0.012450192123651505,0.003864652942866087,0.6280306470580399,168,8,8,8,False,
ucf101,val,v_BandMarching_g06_c01,data/UCF101_data/UCF-101/BandMarching/v_BandMarching_g06_c01.avi,5,8,100,4,5,True,True,0.9714330434799194,0.008458973839879036,0.003864652942866087,0.6146588358096778,68,8,8,8,False,
ucf101,val,v_BandMarching_g06_c02,data/UCF101_data/UCF-101/BandMarching/v_BandMarching_g06_c02.avi,5,8,100,4,52,False,True,0.7016366720199585,0.01160205528140068,0.003864652942866087,0.6054291599430144,152,8,8,8,False,
ucf101,val,v_BaseballPitch_g01_c06,data/UCF101_data/UCF-101/BaseballPitch/v_BaseballPitch_g01_c06.avi,6,8,100,4,37,False,False,0.33967307209968567,0.015168664045631886,0.003864652942866087,0.592941896058619,102,8,8,8,False,
ucf101,val,v_BaseballPitch_g01_c04,data/UCF101_data/UCF-101/BaseballPitch/v_BaseballPitch_g01_c04.avi,6,8,100,4,78,False,False,0.18616965413093567,0.014556245878338814,0.003864652942866087,0.5768241863697767,105,8,8,8,False,
ucf101,val,v_BaseballPitch_g02_c02,data/UCF101_data/UCF-101/BaseballPitch/v_BaseballPitch_g02_c02.avi,6,8,100,4,6,True,True,0.9804306626319885,0.012350691948086023,0.003864652942866087,0.5612617321312428,72,8,8,8,False,
ucf101,val,v_BaseballPitch_g02_c04,data/UCF101_data/UCF-101/BaseballPitch/v_BaseballPitch_g02_c04.avi,6,8,100,4,6,True,True,0.9743666648864746,0.01208089804276824,0.003864652942866087,0.5482343179173768,85,8,8,8,False,
ucf101,val,v_BaseballPitch_g03_c01,data/UCF101_data/UCF-101/BaseballPitch/v_BaseballPitch_g03_c01.avi,6,8,100,4,6,True,True,0.6480543613433838,0.011913984082639217,0.003864652942866087,0.5353025328367949,87,8,8,8,False,
ucf101,val,v_BaseballPitch_g05_c06,data/UCF101_data/UCF-101/BaseballPitch/v_BaseballPitch_g05_c06.avi,6,8,100,4,6,True,True,0.9763903617858887,0.014336442574858665,0.003864652942866087,0.5225080139935017,116,8,8,8,False,
ucf101,val,v_BaseballPitch_g01_c05,data/UCF101_data/UCF-101/BaseballPitch/v_BaseballPitch_g01_c05.avi,6,8,100,4,2,False,False,0.4879559576511383,0.013799673411995173,0.003864652942866087,0.5073523977771401,92,8,8,8,False,
ucf101,val,v_BaseballPitch_g05_c03,data/UCF101_data/UCF-101/BaseballPitch/v_BaseballPitch_g05_c03.avi,6,8,100,4,6,True,True,0.9766103029251099,0.013890569098293781,0.003864652942866087,0.49284099508076906,91,8,8,8,False,
ucf101,val,v_BaseballPitch_g06_c07,data/UCF101_data/UCF-101/BaseballPitch/v_BaseballPitch_g06_c07.avi,6,8,100,4,6,True,True,0.9836878776550293,0.028452407103031874,0.003918998656445183,0.9533595452085137,81,8,8,8,False,
ucf101,val,v_BaseballPitch_g06_c01,data/UCF101_data/UCF-101/BaseballPitch/v_BaseballPitch_g06_c01.avi,6,8,100,4,6,True,True,0.9789753556251526,0.014391561038792133,0.003918998656445183,0.9230827130377293,99,8,8,8,False,
ucf101,val,v_BaseballPitch_g03_c07,data/UCF101_data/UCF-101/BaseballPitch/v_BaseballPitch_g03_c07.avi,6,8,100,4,6,True,True,0.983380138874054,0.014103462919592857,0.003918998656445183,0.9077966697514057,97,8,8,8,False,
ucf101,val,v_BaseballPitch_g01_c01,data/UCF101_data/UCF-101/BaseballPitch/v_BaseballPitch_g01_c01.avi,6,8,100,4,83,False,False,0.7520319223403931,0.014709004200994968,0.003918998656445183,0.89262177888304,107,8,8,8,False,
ucf101,val,v_BaseballPitch_g04_c05,data/UCF101_data/UCF-101/BaseballPitch/v_BaseballPitch_g04_c05.avi,6,8,100,4,6,True,True,0.9709252715110779,0.014319655951112509,0.003918998656445183,0.8769384883344173,116,8,8,8,False,
ucf101,val,v_BaseballPitch_g05_c02,data/UCF101_data/UCF-101/BaseballPitch/v_BaseballPitch_g05_c02.avi,6,8,100,4,6,True,True,0.9737790822982788,0.014324230141937733,0.003918998656445183,0.8619344010949135,94,8,8,8,False,
ucf101,val,v_BaseballPitch_g07_c06,data/UCF101_data/UCF-101/BaseballPitch/v_BaseballPitch_g07_c06.avi,6,8,100,4,6,True,True,0.9856336712837219,0.013649404980242252,0.003918998656445183,0.8466855720616877,78,8,8,8,False,
ucf101,val,v_BaseballPitch_g06_c02,data/UCF101_data/UCF-101/BaseballPitch/v_BaseballPitch_g06_c02.avi,6,8,100,4,6,True,True,0.9825745224952698,0.01203913800418377,0.003918998656445183,0.8320833411999047,87,8,8,8,False,
ucf101,val,v_BaseballPitch_g04_c01,data/UCF101_data/UCF-101/BaseballPitch/v_BaseballPitch_g04_c01.avi,6,8,100,4,6,True,True,0.9431920051574707,0.014895131811499596,0.003918998656445183,0.8193305493332446,213,8,8,8,False,
ucf101,val,v_BaseballPitch_g06_c06,data/UCF101_data/UCF-101/BaseballPitch/v_BaseballPitch_g06_c06.avi,6,8,100,4,6,True,True,0.980434775352478,0.011193680111318827,0.003918998656445183,0.8037019381299615,61,8,8,8,False,
ucf101,val,v_BaseballPitch_g02_c03,data/UCF101_data/UCF-101/BaseballPitch/v_BaseballPitch_g02_c03.avi,6,8,100,4,6,True,True,0.9774544835090637,0.012701313011348248,0.003918998656445183,0.7915299669839442,76,8,8,8,False,
ucf101,val,v_BaseballPitch_g04_c04,data/UCF101_data/UCF-101/BaseballPitch/v_BaseballPitch_g04_c04.avi,6,8,100,4,6,True,True,0.9718197584152222,0.014491914305835962,0.003918998656445183,0.7780175623483956,118,8,8,8,False,
ucf101,val,v_Basketball_g04_c03,data/UCF101_data/UCF-101/Basketball/v_Basketball_g04_c03.avi,7,8,100,4,7,True,True,0.9565349817276001,0.014520796947181225,0.003918998656445183,0.7625445951707661,106,8,8,8,False,
ucf101,val,v_Basketball_g02_c01,data/UCF101_data/UCF-101/Basketball/v_Basketball_g02_c01.avi,7,8,100,4,7,True,True,0.9705075025558472,0.010677759069949389,0.003918998656445183,0.7469462817534804,53,8,8,8,False,
ucf101,val,v_Basketball_g03_c06,data/UCF101_data/UCF-101/Basketball/v_Basketball_g03_c06.avi,7,8,100,4,7,True,True,0.9776173830032349,0.011900736950337887,0.003918998656445183,0.7354707652702928,86,8,8,8,False,
ucf101,val,v_Basketball_g06_c01,data/UCF101_data/UCF-101/Basketball/v_Basketball_g06_c01.avi,7,8,100,4,7,True,True,0.9568511843681335,0.01180226868018508,0.003918998656445183,0.7226952598430216,71,8,8,8,False,
ucf101,val,v_Basketball_g01_c06,data/UCF101_data/UCF-101/Basketball/v_Basketball_g01_c06.avi,7,8,100,4,7,True,True,0.8475552797317505,0.014212749898433685,0.003918998656445183,0.710052362177521,148,8,8,8,False,
ucf101,val,v_Basketball_g03_c02,data/UCF101_data/UCF-101/Basketball/v_Basketball_g03_c02.avi,7,8,100,4,7,True,True,0.9735454320907593,0.013331565074622631,0.003918998656445183,0.6951582510955632,126,8,8,8,False,
ucf101,val,v_Basketball_g01_c01,data/UCF101_data/UCF-101/Basketball/v_Basketball_g01_c01.avi,7,8,100,4,7,True,True,0.5587628483772278,0.014441927894949913,0.003918998656445183,0.6806345228105783,141,8,8,8,False,
ucf101,val,v_Basketball_g05_c01,data/UCF101_data/UCF-101/Basketball/v_Basketball_g05_c01.avi,7,8,100,4,7,True,True,0.9825359582901001,0.013537269085645676,0.003918998656445183,0.6652576709166169,134,8,8,8,False,
ucf101,val,v_Basketball_g07_c01,data/UCF101_data/UCF-101/Basketball/v_Basketball_g07_c01.avi,7,8,100,4,7,True,True,0.9736616015434265,0.01415060693398118,0.003918998656445183,0.6508079310879111,142,8,8,8,False,
ucf101,val,v_Basketball_g02_c02,data/UCF101_data/UCF-101/Basketball/v_Basketball_g02_c02.avi,7,8,100,4,7,True,True,0.9694231152534485,0.01068922271952033,0.003918998656445183,0.635708041023463,56,8,8,8,False,
ucf101,val,v_Basketball_g03_c04,data/UCF101_data/UCF-101/Basketball/v_Basketball_g03_c04.avi,7,8,100,4,7,True,True,0.983159065246582,0.013969067018479109,0.003918998656445183,0.6243545529432595,80,8,8,8,False,
ucf101,val,v_Basketball_g06_c04,data/UCF101_data/UCF-101/Basketball/v_Basketball_g06_c04.avi,7,8,100,4,7,True,True,0.6943984627723694,0.012902006972581148,0.003918998656445183,0.6097178012132645,77,8,8,8,False,
ucf101,val,v_Basketball_g05_c02,data/UCF101_data/UCF-101/Basketball/v_Basketball_g05_c02.avi,7,8,100,4,7,True,True,0.4702019691467285,0.013786590192466974,0.003918998656445183,0.5958907241001725,111,8,8,8,False,
ucf101,val,v_Basketball_g01_c04,data/UCF101_data/UCF-101/Basketball/v_Basketball_g01_c04.avi,7,8,100,4,7,True,True,0.6942490935325623,0.014197124633938074,0.003918998656445183,0.5811291988939047,108,8,8,8,False,
ucf101,val,v_Basketball_g04_c02,data/UCF101_data/UCF-101/Basketball/v_Basketball_g04_c02.avi,7,8,100,4,7,True,True,0.6529671549797058,0.013846606947481632,0.003918998656445183,0.5660738246515393,104,8,8,8,False,
ucf101,val,v_Basketball_g02_c03,data/UCF101_data/UCF-101/Basketball/v_Basketball_g02_c03.avi,7,8,100,4,7,True,True,0.9616383910179138,0.01352597214281559,0.003918998656445183,0.5515670538879931,112,8,8,8,False,
ucf101,val,v_Basketball_g04_c04,data/UCF101_data/UCF-101/Basketball/v_Basketball_g04_c04.avi,7,8,100,4,7,True,True,0.8765690326690674,0.01198204793035984,0.003918998656445183,0.5373138659633696,72,8,8,8,False,
ucf101,val,v_Basketball_g01_c07,data/UCF101_data/UCF-101/Basketball/v_Basketball_g01_c07.avi,7,8,100,4,7,True,True,0.956929087638855,0.01379393832758069,0.003918998656445183,0.5246600019745529,100,8,8,8,False,
ucf101,val,v_Basketball_g01_c05,data/UCF101_data/UCF-101/Basketball/v_Basketball_g01_c05.avi,7,8,100,4,7,True,True,0.8204719424247742,0.014580282848328352,0.003918998656445183,0.5101265362463892,141,8,8,8,False,
ucf101,val,v_Basketball_g02_c05,data/UCF101_data/UCF-101/Basketball/v_Basketball_g02_c05.avi,7,8,100,4,7,True,True,0.9565791487693787,0.014290020801126957,0.003918998656445183,0.49461258575320244,144,8,8,8,False,
ucf101,val,v_BasketballDunk_g02_c04,data/UCF101_data/UCF-101/BasketballDunk/v_BasketballDunk_g02_c04.avi,8,8,100,4,8,True,True,0.9545960426330566,0.01825658790767193,0.0037465145287569612,0.8396788430400193,58,8,8,8,False,
ucf101,val,v_BasketballDunk_g07_c04,data/UCF101_data/UCF-101/BasketballDunk/v_BasketballDunk_g07_c04.avi,8,8,100,4,8,True,True,0.9725036025047302,0.00801940867677331,0.0037465145287569612,0.8194728470407426,46,8,8,8,False,
ucf101,val,v_BasketballDunk_g07_c03,data/UCF101_data/UCF-101/BasketballDunk/v_BasketballDunk_g07_c03.avi,8,8,100,4,8,True,True,0.9041640758514404,0.007786029949784279,0.0037465145287569612,0.8105739462189376,53,8,8,8,False,
ucf101,val,v_BasketballDunk_g01_c01,data/UCF101_data/UCF-101/BasketballDunk/v_BasketballDunk_g01_c01.avi,8,8,100,4,8,True,True,0.9533376693725586,0.010433841031044722,0.0037465145287569612,0.8019848931580782,61,8,8,8,False,
ucf101,val,v_BasketballDunk_g04_c04,data/UCF101_data/UCF-101/BasketballDunk/v_BasketballDunk_g04_c04.avi,8,8,100,4,8,True,True,0.9881006479263306,0.007488065864890814,0.0037465145287569612,0.7908208556473255,48,8,8,8,False,
ucf101,val,v_BasketballDunk_g07_c01,data/UCF101_data/UCF-101/BasketballDunk/v_BasketballDunk_g07_c01.avi,8,8,100,4,8,True,True,0.9540504813194275,0.007648823782801628,0.0037465145287569612,0.7825154880993068,42,8,8,8,False,
ucf101,val,v_BasketballDunk_g07_c05,data/UCF101_data/UCF-101/BasketballDunk/v_BasketballDunk_g07_c05.avi,8,8,100,4,8,True,True,0.9394501447677612,0.007286381907761097,0.0037465145287569612,0.7740873270668089,37,8,8,8,False,
ucf101,val,v_BasketballDunk_g01_c04,data/UCF101_data/UCF-101/BasketballDunk/v_BasketballDunk_g01_c04.avi,8,8,100,4,8,True,True,0.9711560606956482,0.008108135312795639,0.0037465145287569612,0.7659965851344168,61,8,8,8,False,
ucf101,val,v_BasketballDunk_g03_c01,data/UCF101_data/UCF-101/BasketballDunk/v_BasketballDunk_g03_c01.avi,8,8,100,4,8,True,True,0.9681829214096069,0.008893841877579689,0.0037465145287569612,0.7570139858871698,58,8,8,8,False,
ucf101,val,v_BasketballDunk_g05_c06,data/UCF101_data/UCF-101/BasketballDunk/v_BasketballDunk_g05_c06.avi,8,8,100,4,8,True,True,0.9723295569419861,0.009942266158759594,0.0037465145287569612,0.747361530084163,84,8,8,8,False,
ucf101,val,v_BasketballDunk_g05_c05,data/UCF101_data/UCF-101/BasketballDunk/v_BasketballDunk_g05_c05.avi,8,8,100,4,8,True,True,0.9762453436851501,0.007792090997099876,0.0037465145287569612,0.7367331297136843,53,8,8,8,False,
ucf101,val,v_BasketballDunk_g02_c03,data/UCF101_data/UCF-101/BasketballDunk/v_BasketballDunk_g02_c03.avi,8,8,100,4,8,True,True,0.9551265239715576,0.008416867814958096,0.0037465145287569612,0.7281451201997697,71,8,8,8,False,
ucf101,val,v_BasketballDunk_g02_c01,data/UCF101_data/UCF-101/BasketballDunk/v_BasketballDunk_g02_c01.avi,8,8,100,4,8,True,True,0.7749380469322205,0.007589148823171854,0.0037465145287569612,0.7186672342941165,56,8,8,8,False,
ucf101,val,v_BasketballDunk_g01_c02,data/UCF101_data/UCF-101/BasketballDunk/v_BasketballDunk_g01_c02.avi,8,8,100,4,8,True,True,0.9148368239402771,0.009249786846339703,0.0037465145287569612,0.7103819949552417,65,8,8,8,False,
ucf101,val,v_BasketballDunk_g05_c04,data/UCF101_data/UCF-101/BasketballDunk/v_BasketballDunk_g05_c04.avi,8,8,100,4,8,True,True,0.9873188138008118,0.009570752270519733,0.0037465145287569612,0.7003635042347014,52,8,8,8,False,
ucf101,val,v_BasketballDunk_g04_c02,data/UCF101_data/UCF-101/BasketballDunk/v_BasketballDunk_g04_c02.avi,8,8,100,4,8,True,True,0.9732202887535095,0.008981708902865648,0.0037465145287569612,0.6900811372324824,55,8,8,8,False,
ucf101,val,v_BasketballDunk_g01_c03,data/UCF101_data/UCF-101/BasketballDunk/v_BasketballDunk_g01_c03.avi,8,8,100,4,8,True,True,0.9329426288604736,0.00952567532658577,0.0037465145287569612,0.6803672392852604,71,8,8,8,False,
ucf101,val,v_BasketballDunk_g07_c02,data/UCF101_data/UCF-101/BasketballDunk/v_BasketballDunk_g07_c02.avi,8,8,100,4,8,True,True,0.9819345474243164,0.008133496157824993,0.0037465145287569612,0.6700304690748453,35,8,8,8,False,
ucf101,val,v_BasketballDunk_g03_c05,data/UCF101_data/UCF-101/BasketballDunk/v_BasketballDunk_g03_c05.avi,8,8,100,4,8,True,True,0.9669302105903625,0.008670617826282978,0.0037465145287569612,0.66122314799577,71,8,8,8,False,
ucf101,val,v_BasketballDunk_g04_c03,data/UCF101_data/UCF-101/BasketballDunk/v_BasketballDunk_g04_c03.avi,8,8,100,4,8,True,True,0.9775705337524414,0.009267643094062805,0.0037465145287569612,0.651685664895922,62,8,8,8,False,
ucf101,val,v_BenchPress_g06_c01,data/UCF101_data/UCF-101/BenchPress/v_BenchPress_g06_c01.avi,9,8,100,4,9,True,True,0.9867011904716492,0.01253673667088151,0.0037465145287569612,0.6416710000485182,68,8,8,8,False,
ucf101,val,v_BenchPress_g02_c03,data/UCF101_data/UCF-101/BenchPress/v_BenchPress_g02_c03.avi,9,8,100,4,9,True,True,0.9849003553390503,0.01465098187327385,0.0037465145287569612,0.6283950167708099,221,8,8,8,False,
ucf101,val,v_BenchPress_g07_c06,data/UCF101_data/UCF-101/BenchPress/v_BenchPress_g07_c06.avi,9,8,100,4,9,True,True,0.988526463508606,0.01202700100839138,0.0037465145287569612,0.6126017849892378,87,8,8,8,False,
ucf101,val,v_BenchPress_g07_c02,data/UCF101_data/UCF-101/BenchPress/v_BenchPress_g07_c02.avi,9,8,100,4,9,True,True,0.9890745282173157,0.012066238094121218,0.0037465145287569612,0.599910554010421,71,8,8,8,False,
ucf101,val,v_BenchPress_g05_c04,data/UCF101_data/UCF-101/BenchPress/v_BenchPress_g05_c04.avi,9,8,100,4,9,True,True,0.9860866069793701,0.01572713302448392,0.0037465145287569612,0.587002454791218,298,8,8,8,False,
ucf101,val,v_BenchPress_g06_c02,data/UCF101_data/UCF-101/BenchPress/v_BenchPress_g06_c02.avi,9,8,100,4,9,True,True,0.9866607189178467,0.012112965807318687,0.0037465145287569612,0.5702997841872275,66,8,8,8,False,
ucf101,val,v_BenchPress_g02_c05,data/UCF101_data/UCF-101/BenchPress/v_BenchPress_g02_c05.avi,9,8,100,4,9,True,True,0.9874368906021118,0.01243386510759592,0.0037465145287569612,0.5573139768093824,73,8,8,8,False,
ucf101,val,v_BenchPress_g03_c04,data/UCF101_data/UCF-101/BenchPress/v_BenchPress_g03_c04.avi,9,8,100,4,9,True,True,0.9872638583183289,0.0144999660551548,0.0037465145287569612,0.5440364540554583,105,8,8,8,False,
ucf101,val,v_BenchPress_g05_c07,data/UCF101_data/UCF-101/BenchPress/v_BenchPress_g05_c07.avi,9,8,100,4,9,True,True,0.9859678149223328,0.01173819974064827,0.0037465145287569612,0.5285505480132997,64,8,8,8,False,
ucf101,val,v_BenchPress_g06_c05,data/UCF101_data/UCF-101/BenchPress/v_BenchPress_g06_c05.avi,9,8,100,4,9,True,True,0.9811800718307495,0.013590686023235321,0.0037465145287569612,0.5161500619724393,128,8,8,8,False,
ucf101,val,v_BenchPress_g05_c01,data/UCF101_data/UCF-101/BenchPress/v_BenchPress_g05_c01.avi,9,8,100,4,9,True,True,0.9869332313537598,0.012950447853654623,0.0037465145287569612,0.5015694820322096,74,8,8,8,False,
ucf101,val,v_BenchPress_g03_c01,data/UCF101_data/UCF-101/BenchPress/v_BenchPress_g03_c01.avi,9,8,100,4,9,True,True,0.987423300743103,0.01412845216691494,0.0037465145287569612,0.4877657862380147,93,8,8,8,False,
ucf101,val,v_BenchPress_g07_c07,data/UCF101_data/UCF-101/BenchPress/v_BenchPress_g07_c07.avi,9,8,100,4,9,True,True,0.9892244935035706,0.03162213880568743,0.0033762115344870836,0.9846469070762396,79,8,8,8,False,
ucf101,val,v_BenchPress_g02_c07,data/UCF101_data/UCF-101/BenchPress/v_BenchPress_g02_c07.avi,9,8,100,4,9,True,True,0.9895344376564026,0.016087088268250227,0.0033762115344870836,0.951185914222151,78,8,8,8,False,
ucf101,val,v_BenchPress_g03_c07,data/UCF101_data/UCF-101/BenchPress/v_BenchPress_g03_c07.avi,9,8,100,4,9,True,True,0.9877538084983826,0.012149940710514784,0.0033762115344870836,0.9338821941055357,85,8,8,8,False,
ucf101,val,v_BenchPress_g04_c06,data/UCF101_data/UCF-101/BenchPress/v_BenchPress_g04_c06.avi,9,8,100,4,9,True,True,0.9866965413093567,0.014322631992399693,0.0033762115344870836,0.9208481158129871,176,8,8,8,False,
ucf101,val,v_BenchPress_g04_c04,data/UCF101_data/UCF-101/BenchPress/v_BenchPress_g04_c04.avi,9,8,100,4,9,True,True,0.9865580201148987,0.015887476969510317,0.0033762115344870836,0.9058308280073106,204,8,8,8,False,
ucf101,val,v_BenchPress_g03_c02,data/UCF101_data/UCF-101/BenchPress/v_BenchPress_g03_c02.avi,9,8,100,4,9,True,True,0.9884418249130249,0.01453959895297885,0.0033762115344870836,0.8891421309672296,100,8,8,8,False,
ucf101,val,v_BenchPress_g05_c02,data/UCF101_data/UCF-101/BenchPress/v_BenchPress_g05_c02.avi,9,8,100,4,9,True,True,0.9864619374275208,0.01263704989105463,0.0033762115344870836,0.8734300537034869,67,8,8,8,False,
ucf101,val,v_BenchPress_g06_c07,data/UCF101_data/UCF-101/BenchPress/v_BenchPress_g06_c07.avi,9,8,100,4,9,True,True,0.9866107106208801,0.013024742715060711,0.0033762115344870836,0.8599001560360193,84,8,8,8,False,
ucf101,val,v_Biking_g06_c02,data/UCF101_data/UCF-101/Biking/v_Biking_g06_c02.avi,10,8,100,4,10,True,True,0.9849759936332703,0.013802231289446354,0.0033762115344870836,0.8461999068967998,157,8,8,8,False,
ucf101,val,v_Biking_g02_c04,data/UCF101_data/UCF-101/Biking/v_Biking_g02_c04.avi,10,8,100,4,10,True,True,0.9836748838424683,0.015116593800485134,0.0033762115344870836,0.8313622148707509,240,8,8,8,False,
ucf101,val,v_Biking_g04_c01,data/UCF101_data/UCF-101/Biking/v_Biking_g04_c01.avi,10,8,100,4,10,True,True,0.9805174469947815,0.015291788149625063,0.0033762115344870836,0.8154695047996938,240,8,8,8,False,
ucf101,val,v_Biking_g03_c04,data/UCF101_data/UCF-101/Biking/v_Biking_g03_c04.avi,10,8,100,4,10,True,True,0.9751371145248413,0.015073235612362623,0.0033762115344870836,0.799394940957427,380,8,8,8,False,
ucf101,val,v_Biking_g02_c01,data/UCF101_data/UCF-101/Biking/v_Biking_g02_c01.avi,10,8,100,4,10,True,True,0.9798731803894043,0.015049272682517767,0.0033762115344870836,0.7835665289312601,240,8,8,8,False,
ucf101,val,v_Biking_g05_c02,data/UCF101_data/UCF-101/Biking/v_Biking_g05_c02.avi,10,8,100,4,10,True,True,0.9857909679412842,0.014594658743590117,0.0033762115344870836,0.7676087277941406,201,8,8,8,False,
ucf101,val,v_Biking_g01_c02,data/UCF101_data/UCF-101/Biking/v_Biking_g01_c02.avi,10,8,100,4,10,True,True,0.9811230301856995,0.01538922917097807,0.0033762115344870836,0.752053698990494,151,8,8,8,False,
ucf101,val,v_Biking_g04_c04,data/UCF101_data/UCF-101/Biking/v_Biking_g04_c04.avi,10,8,100,4,41,False,True,0.3441759943962097,0.014699279330670834,0.0033762115344870836,0.7355559668503702,216,8,8,8,False,
ucf101,val,v_Biking_g04_c03,data/UCF101_data/UCF-101/Biking/v_Biking_g04_c03.avi,10,8,100,4,10,True,True,0.9820795059204102,0.014816849026829004,0.0033762115344870836,0.7201466332189739,240,8,8,8,False,
ucf101,val,v_Biking_g07_c05,data/UCF101_data/UCF-101/Biking/v_Biking_g07_c05.avi,10,8,100,4,10,True,True,0.8991516828536987,0.014725435059517622,0.0033762115344870836,0.7046187152154744,192,8,8,8,False,
ucf101,val,v_Biking_g06_c04,data/UCF101_data/UCF-101/Biking/v_Biking_g06_c04.avi,10,8,100,4,10,True,True,0.9490296840667725,0.014561126008629799,0.0033762115344870836,0.6891296929679811,235,8,8,8,False,
ucf101,val,v_Biking_g07_c06,data/UCF101_data/UCF-101/Biking/v_Biking_g07_c06.avi,10,8,100,4,10,True,True,0.9375521540641785,0.014872143045067787,0.0033762115344870836,0.673489507753402,240,8,8,8,False,
ucf101,val,v_Biking_g01_c01,data/UCF101_data/UCF-101/Biking/v_Biking_g01_c01.avi,10,8,100,4,10,True,True,0.9828501343727112,0.014726579189300537,0.0033762115344870836,0.6577201960608363,151,8,8,8,False,
ucf101,val,v_Biking_g01_c03,data/UCF101_data/UCF-101/Biking/v_Biking_g01_c03.avi,10,8,100,4,10,True,True,0.9828031063079834,0.016324867960065603,0.0033762115344870836,0.641779500991106,151,8,8,8,False,
ucf101,val,v_Biking_g05_c03,data/UCF101_data/UCF-101/Biking/v_Biking_g05_c03.avi,10,8,100,4,10,True,True,0.9824408888816833,0.0147212790325284,0.0033762115344870836,0.6239847396500409,201,8,8,8,False,
ucf101,val,v_Biking_g05_c01,data/UCF101_data/UCF-101/Biking/v_Biking_g05_c01.avi,10,8,100,4,10,True,True,0.9730744361877441,0.015839742962270975,0.0033762115344870836,0.6082830643281341,300,8,8,8,False,
ucf101,val,v_Biking_g06_c05,data/UCF101_data/UCF-101/Biking/v_Biking_g06_c05.avi,10,8,100,4,10,True,True,0.9278257489204407,0.014807870611548424,0.0033762115344870836,0.5916036539711058,201,8,8,8,False,
ucf101,val,v_Biking_g05_c07,data/UCF101_data/UCF-101/Biking/v_Biking_g05_c07.avi,10,8,100,4,10,True,True,0.9822418689727783,0.015069577842950821,0.0033762115344870836,0.575782127212733,180,8,8,8,False,
ucf101,val,v_Biking_g05_c05,data/UCF101_data/UCF-101/Biking/v_Biking_g05_c05.avi,10,8,100,4,10,True,True,0.9848307371139526,0.014714393299072981,0.0033762115344870836,0.5599369257688522,163,8,8,8,False,
ucf101,val,v_Biking_g07_c01,data/UCF101_data/UCF-101/Biking/v_Biking_g07_c01.avi,10,8,100,4,10,True,True,0.9825519323348999,0.015164153650403023,0.0033762115344870836,0.5440185703337193,300,8,8,8,False,
ucf101,val,v_Billiards_g04_c04,data/UCF101_data/UCF-101/Billiards/v_Billiards_g04_c04.avi,11,8,100,4,11,True,True,0.9892284870147705,0.015626378823071718,0.0033762115344870836,0.5281532066874206,279,8,8,8,False,
ucf101,val,v_Billiards_g01_c05,data/UCF101_data/UCF-101/Billiards/v_Billiards_g01_c05.avi,11,8,100,4,11,True,True,0.9861325025558472,0.015700943768024445,0.0033762115344870836,0.5115832388401031,352,8,8,8,False,
ucf101,val,v_Billiards_g06_c02,data/UCF101_data/UCF-101/Billiards/v_Billiards_g06_c02.avi,11,8,100,4,11,True,True,0.9848012328147888,0.015573502983897924,0.0033762115344870836,0.4951646700501442,346,8,8,8,False,
ucf101,val,v_Billiards_g03_c03,data/UCF101_data/UCF-101/Billiards/v_Billiards_g03_c03.avi,11,8,100,4,11,True,True,0.988614559173584,0.015586443711072206,0.0033762115344870836,0.4786603134125471,275,8,8,8,False,
ucf101,val,v_Billiards_g03_c05,data/UCF101_data/UCF-101/Billiards/v_Billiards_g03_c05.avi,11,8,100,4,11,True,True,0.988523542881012,0.03276397194713354,0.003975704064941965,1.1189221949316561,287,8,8,8,False,
ucf101,val,v_Billiards_g06_c01,data/UCF101_data/UCF-101/Billiards/v_Billiards_g06_c01.avi,11,8,100,4,11,True,True,0.9847164154052734,0.015667324885725975,0.003975704064941965,1.0842474321834743,251,8,8,8,False,
ucf101,val,v_Billiards_g03_c01,data/UCF101_data/UCF-101/Billiards/v_Billiards_g03_c01.avi,11,8,100,4,11,True,True,0.988024890422821,0.015218548942357302,0.003975704064941965,1.0674847881309688,213,8,8,8,False,
ucf101,val,v_Billiards_g02_c03,data/UCF101_data/UCF-101/Billiards/v_Billiards_g02_c03.avi,11,8,100,4,11,True,True,0.9775840640068054,0.01646114233881235,0.003975704064941965,1.0512402560561895,392,8,8,8,False,
ucf101,val,v_Billiards_g05_c06,data/UCF101_data/UCF-101/Billiards/v_Billiards_g05_c06.avi,11,8,100,4,11,True,True,0.9833758473396301,0.01579144224524498,0.003975704064941965,1.0340723991394043,359,8,8,8,False,
ucf101,val,v_Billiards_g02_c02,data/UCF101_data/UCF-101/Billiards/v_Billiards_g02_c02.avi,11,8,100,4,7,False,True,0.5674533247947693,0.015002131927758455,0.003975704064941965,1.0173239279538393,313,8,8,8,False,
ucf101,val,v_Billiards_g05_c01,data/UCF101_data/UCF-101/Billiards/v_Billiards_g05_c01.avi,11,8,100,4,11,True,True,0.9753105640411377,0.016041846945881844,0.003975704064941965,1.001396818086505,365,8,8,8,False,
ucf101,val,v_Billiards_g07_c01,data/UCF101_data/UCF-101/Billiards/v_Billiards_g07_c01.avi,11,8,100,4,11,True,True,0.9879535436630249,0.015144538599997759,0.003975704064941965,0.9843964749015868,316,8,8,8,False,
ucf101,val,v_Billiards_g05_c05,data/UCF101_data/UCF-101/Billiards/v_Billiards_g05_c05.avi,11,8,100,4,11,True,True,0.9881253242492676,0.014774888753890991,0.003975704064941965,0.9683607663027942,303,8,8,8,False,
ucf101,val,v_Billiards_g06_c03,data/UCF101_data/UCF-101/Billiards/v_Billiards_g06_c03.avi,11,8,100,4,11,True,True,0.9874222278594971,0.0163590838201344,0.003975704064941965,0.9523553149774671,370,8,8,8,False,
ucf101,val,v_Billiards_g02_c01,data/UCF101_data/UCF-101/Billiards/v_Billiards_g02_c01.avi,11,8,100,4,11,True,True,0.9887033104896545,0.015634390991181135,0.003975704064941965,0.9349635080434382,336,8,8,8,False,
ucf101,val,v_Billiards_g01_c04,data/UCF101_data/UCF-101/Billiards/v_Billiards_g01_c04.avi,11,8,100,4,11,True,True,0.9814226627349854,0.014650193974375725,0.003975704064941965,0.9186447062529624,189,8,8,8,False,
ucf101,val,v_Billiards_g04_c07,data/UCF101_data/UCF-101/Billiards/v_Billiards_g04_c07.avi,11,8,100,4,11,True,True,0.9851840734481812,0.015090929344296455,0.003975704064941965,0.9030211130157113,191,8,8,8,False,
ucf101,val,v_Billiards_g07_c04,data/UCF101_data/UCF-101/Billiards/v_Billiards_g07_c04.avi,11,8,100,4,11,True,True,0.986084520816803,0.015007910784333944,0.003975704064941965,0.8868688852526248,281,8,8,8,False,
ucf101,val,v_Billiards_g05_c02,data/UCF101_data/UCF-101/Billiards/v_Billiards_g05_c02.avi,11,8,100,4,11,True,True,0.987166702747345,0.015545447822660208,0.003975704064941965,0.8709225179627538,481,8,8,8,False,
ucf101,val,v_Billiards_g02_c06,data/UCF101_data/UCF-101/Billiards/v_Billiards_g02_c06.avi,11,8,100,4,11,True,True,0.9887033104896545,0.015600650105625391,0.003975704064941965,0.8544703950174153,336,8,8,8,False,
ucf101,val,v_BlowDryHair_g06_c04,data/UCF101_data/UCF-101/BlowDryHair/v_BlowDryHair_g06_c04.avi,12,8,100,4,33,False,True,0.5267502665519714,0.012419532053172588,0.003975704064941965,0.837868332862854,172,8,8,8,False,
ucf101,val,v_BlowDryHair_g06_c03,data/UCF101_data/UCF-101/BlowDryHair/v_BlowDryHair_g06_c03.avi,12,8,100,4,33,False,True,0.9128580093383789,0.009321453981101513,0.003975704064941965,0.8245046432130039,97,8,8,8,False,
ucf101,val,v_BlowDryHair_g06_c06,data/UCF101_data/UCF-101/BlowDryHair/v_BlowDryHair_g06_c06.avi,12,8,100,4,12,True,True,0.5965325832366943,0.012647192925214767,0.003975704064941965,0.8141553979367018,190,8,8,8,False,
ucf101,val,v_BlowDryHair_g01_c04,data/UCF101_data/UCF-101/BlowDryHair/v_BlowDryHair_g01_c04.avi,12,8,100,4,12,True,True,0.7844569087028503,0.039429828990250826,0.003975704064941965,0.8000806751661003,143,8,8,8,False,
ucf101,val,v_BlowDryHair_g02_c03,data/UCF101_data/UCF-101/BlowDryHair/v_BlowDryHair_g02_c03.avi,12,8,100,4,12,True,True,0.43876180052757263,0.058621267788112164,0.003975704064941965,0.7575956541113555,190,8,8,8,False,
ucf101,val,v_BlowDryHair_g07_c04,data/UCF101_data/UCF-101/BlowDryHair/v_BlowDryHair_g07_c04.avi,12,8,100,4,12,True,True,0.4360267221927643,0.009899088647216558,0.003975704064941965,0.6959577007219195,78,8,8,8,False,
ucf101,val,v_BlowDryHair_g06_c02,data/UCF101_data/UCF-101/BlowDryHair/v_BlowDryHair_g06_c02.avi,12,8,100,4,12,True,True,0.6064866781234741,0.01320389797911048,0.003975704064941965,0.6848071557469666,203,8,8,8,False,
ucf101,val,v_BlowDryHair_g05_c05,data/UCF101_data/UCF-101/BlowDryHair/v_BlowDryHair_g05_c05.avi,12,8,100,4,12,True,True,0.6045646667480469,0.009326252155005932,0.003975704064941965,0.6701044919900596,95,8,8,8,False,
ucf101,val,v_BlowDryHair_g03_c02,data/UCF101_data/UCF-101/BlowDryHair/v_BlowDryHair_g03_c02.avi,12,8,100,4,0,False,True,0.315209299325943,0.019751743879169226,0.003975704064941965,0.6597709744237363,242,8,8,8,False,
ucf101,val,v_BlowDryHair_g07_c01,data/UCF101_data/UCF-101/BlowDryHair/v_BlowDryHair_g07_c01.avi,12,8,100,4,12,True,True,0.47462061047554016,0.008507671765983105,0.003975704064941965,0.6386577971279621,68,8,8,8,False,
ucf101,val,v_BlowDryHair_g07_c07,data/UCF101_data/UCF-101/BlowDryHair/v_BlowDryHair_g07_c07.avi,12,8,100,4,12,True,True,0.797592282295227,0.008868342265486717,0.003975704064941965,0.6294195121154189,85,8,8,8,False,
ucf101,val,v_BlowDryHair_g07_c02,data/UCF101_data/UCF-101/BlowDryHair/v_BlowDryHair_g07_c02.avi,12,8,100,4,33,False,True,0.4235585629940033,0.00856098672375083,0.003975704064941965,0.6196195031516254,73,8,8,8,False,
ucf101,val,v_BlowDryHair_g02_c04,data/UCF101_data/UCF-101/BlowDryHair/v_BlowDryHair_g02_c04.avi,12,8,100,4,12,True,True,0.5417630076408386,0.057444958947598934,0.003975704064941965,0.6101504429243505,210,8,8,8,False,
ucf101,val,v_BlowDryHair_g07_c03,data/UCF101_data/UCF-101/BlowDryHair/v_BlowDryHair_g07_c03.avi,12,8,100,4,12,True,True,0.5510351657867432,0.009593586903065443,0.003975704064941965,0.5496925585903227,78,8,8,8,False,
ucf101,val,v_BlowDryHair_g06_c01,data/UCF101_data/UCF-101/BlowDryHair/v_BlowDryHair_g06_c01.avi,12,8,100,4,12,True,True,0.5740660429000854,0.013546095229685307,0.003975704064941965,0.5391640746966004,194,8,8,8,False,
ucf101,val,v_BlowDryHair_g04_c04,data/UCF101_data/UCF-101/BlowDryHair/v_BlowDryHair_g04_c04.avi,12,8,100,4,33,False,True,0.6982918977737427,0.040270020719617605,0.003975704064941965,0.5245181410573423,171,8,8,8,False,
ucf101,val,v_BlowDryHair_g04_c01,data/UCF101_data/UCF-101/BlowDryHair/v_BlowDryHair_g04_c01.avi,12,8,100,4,33,False,True,0.5797718167304993,0.09215912595391273,0.003422948779189028,1.022066693753004,343,8,8,8,False,
ucf101,val,v_BlowDryHair_g02_c01,data/UCF101_data/UCF-101/BlowDryHair/v_BlowDryHair_g02_c01.avi,12,8,100,4,12,True,True,0.22125044465065002,0.04280888708308339,0.003422948779189028,0.9283614419400692,128,8,8,8,False,
ucf101,val,v_BlowDryHair_g03_c05,data/UCF101_data/UCF-101/BlowDryHair/v_BlowDryHair_g03_c05.avi,12,8,100,4,12,True,True,0.6909298896789551,0.011177021078765392,0.003422948779189028,0.8828386561945081,119,8,8,8,False,
ucf101,val,v_BlowDryHair_g02_c02,data/UCF101_data/UCF-101/BlowDryHair/v_BlowDryHair_g02_c02.avi,12,8,100,4,12,True,True,0.5513392090797424,0.035962166264653206,0.003422948779189028,0.8705778452567756,137,8,8,8,False,
ucf101,val,v_BlowingCandles_g05_c01,data/UCF101_data/UCF-101/BlowingCandles/v_BlowingCandles_g05_c01.avi,13,8,100,4,13,True,True,0.9820584654808044,0.010222221724689007,0.003422948779189028,0.8328039459884167,93,8,8,8,False,
ucf101,val,v_BlowingCandles_g07_c01,data/UCF101_data/UCF-101/BlowingCandles/v_BlowingCandles_g07_c01.avi,13,8,100,4,13,True,True,0.9824256896972656,0.007805340923368931,0.003422948779189028,0.8215893558226526,50,8,8,8,False,
ucf101,val,v_BlowingCandles_g02_c04,data/UCF101_data/UCF-101/BlowingCandles/v_BlowingCandles_g02_c04.avi,13,8,100,4,13,True,True,0.9762201309204102,0.01005271403118968,0.003422948779189028,0.8129221717827022,76,8,8,8,False,
ucf101,val,v_BlowingCandles_g06_c06,data/UCF101_data/UCF-101/BlowingCandles/v_BlowingCandles_g06_c06.avi,13,8,100,4,13,True,True,0.9828452467918396,0.010945286136120558,0.003422948779189028,0.802123786881566,136,8,8,8,False,
ucf101,val,v_BlowingCandles_g01_c03,data/UCF101_data/UCF-101/BlowingCandles/v_BlowingCandles_g01_c03.avi,13,8,100,4,13,True,True,0.9820554852485657,0.010666674003005028,0.003422948779189028,0.790302230976522,125,8,8,8,False,
ucf101,val,v_BlowingCandles_g04_c03,data/UCF101_data/UCF-101/BlowingCandles/v_BlowingCandles_g04_c03.avi,13,8,100,4,13,True,True,0.9804843068122864,0.00800271611660719,0.003422948779189028,0.77825170988217,56,8,8,8,False,
ucf101,val,v_BlowingCandles_g06_c04,data/UCF101_data/UCF-101/BlowingCandles/v_BlowingCandles_g06_c04.avi,13,8,100,4,13,True,True,0.9725286364555359,0.009999669156968594,0.003422948779189028,0.7695271302945912,115,8,8,8,False,
ucf101,val,v_BlowingCandles_g07_c04,data/UCF101_data/UCF-101/BlowingCandles/v_BlowingCandles_g07_c04.avi,13,8,100,4,13,True,True,0.9757099747657776,0.008657630067318678,0.003422948779189028,0.7584483972750604,75,8,8,8,False,
ucf101,val,v_BlowingCandles_g01_c04,data/UCF101_data/UCF-101/BlowingCandles/v_BlowingCandles_g01_c04.avi,13,8,100,4,13,True,True,0.981894314289093,0.008304174058139324,0.003422948779189028,0.748840750195086,68,8,8,8,False,
ucf101,val,v_BlowingCandles_g01_c02,data/UCF101_data/UCF-101/BlowingCandles/v_BlowingCandles_g01_c02.avi,13,8,100,4,13,True,True,0.9792110323905945,0.008543985895812511,0.003422948779189028,0.7397972508333623,75,8,8,8,False,
ucf101,val,v_BlowingCandles_g05_c04,data/UCF101_data/UCF-101/BlowingCandles/v_BlowingCandles_g05_c04.avi,13,8,100,4,13,True,True,0.9807855486869812,0.011031326837837696,0.003422948779189028,0.7303519300185144,82,8,8,8,False,
ucf101,val,v_BlowingCandles_g06_c05,data/UCF101_data/UCF-101/BlowingCandles/v_BlowingCandles_g06_c05.avi,13,8,100,4,13,True,True,0.9825750589370728,0.01181444013491273,0.003422948779189028,0.7185015212744474,150,8,8,8,False,
ucf101,val,v_BlowingCandles_g01_c01,data/UCF101_data/UCF-101/BlowingCandles/v_BlowingCandles_g01_c01.avi,13,8,100,4,13,True,True,0.9624502062797546,0.007730152923613787,0.003422948779189028,0.7054492770694196,60,8,8,8,False,
ucf101,val,v_BlowingCandles_g06_c07,data/UCF101_data/UCF-101/BlowingCandles/v_BlowingCandles_g06_c07.avi,13,8,100,4,13,True,True,0.9825361967086792,0.010523098055273294,0.003422948779189028,0.697011477779597,134,8,8,8,False,
ucf101,val,v_BlowingCandles_g07_c02,data/UCF101_data/UCF-101/BlowingCandles/v_BlowingCandles_g07_c02.avi,13,8,100,4,13,True,True,0.972669243812561,0.007612898945808411,0.003422948779189028,0.6853361097164452,55,8,8,8,False,
ucf101,val,v_BlowingCandles_g02_c02,data/UCF101_data/UCF-101/BlowingCandles/v_BlowingCandles_g02_c02.avi,13,8,100,4,59,False,True,0.38108113408088684,0.03246220014989376,0.003422948779189028,0.6766627291217446,115,8,8,8,False,
ucf101,val,v_BlowingCandles_g04_c02,data/UCF101_data/UCF-101/BlowingCandles/v_BlowingCandles_g04_c02.avi,13,8,100,4,13,True,True,0.9774995446205139,0.00998556287959218,0.003422948779189028,0.6413260041736066,93,8,8,8,False,
ucf101,val,v_BlowingCandles_g04_c04,data/UCF101_data/UCF-101/BlowingCandles/v_BlowingCandles_g04_c04.avi,13,8,100,4,13,True,True,0.9795289039611816,0.028834878001362085,0.003422948779189028,0.6303493618033826,101,8,8,8,False,
ucf101,val,v_BlowingCandles_g05_c02,data/UCF101_data/UCF-101/BlowingCandles/v_BlowingCandles_g05_c02.avi,13,8,100,4,13,True,True,0.9829615950584412,0.024508723057806492,0.003422948779189028,0.5994979562237859,75,8,8,8,False,
ucf101,val,v_BlowingCandles_g06_c03,data/UCF101_data/UCF-101/BlowingCandles/v_BlowingCandles_g06_c03.avi,13,8,100,4,13,True,True,0.9816780686378479,0.012104714754968882,0.003422948779189028,0.5732004321180284,150,8,8,8,False,
ucf101,val,v_BodyWeightSquats_g07_c02,data/UCF101_data/UCF-101/BodyWeightSquats/v_BodyWeightSquats_g07_c02.avi,14,8,100,4,14,True,True,0.9088639616966248,0.009435186628252268,0.003422948779189028,0.5597730288282037,103,8,8,8,False,
ucf101,val,v_BodyWeightSquats_g03_c05,data/UCF101_data/UCF-101/BodyWeightSquats/v_BodyWeightSquats_g03_c05.avi,14,8,100,4,57,False,False,0.18250209093093872,0.008397723082453012,0.003422948779189028,0.5493039330467582,75,8,8,8,False,
ucf101,val,v_BodyWeightSquats_g01_c02,data/UCF101_data/UCF-101/BodyWeightSquats/v_BodyWeightSquats_g01_c02.avi,14,8,100,4,14,True,True,0.8771670460700989,0.014499094802886248,0.003422948779189028,0.5398266087286174,252,8,8,8,False,
ucf101,val,v_BodyWeightSquats_g02_c02,data/UCF101_data/UCF-101/BodyWeightSquats/v_BodyWeightSquats_g02_c02.avi,14,8,100,4,51,False,True,0.34284690022468567,0.00789989996701479,0.003422948779189028,0.5242657563649118,57,8,8,8,False,
ucf101,val,v_BodyWeightSquats_g07_c03,data/UCF101_data/UCF-101/BodyWeightSquats/v_BodyWeightSquats_g07_c03.avi,14,8,100,4,14,True,True,0.8715032935142517,0.008776855189353228,0.003422948779189028,0.5155389821156859,83,8,8,8,False,
ucf101,val,v_BodyWeightSquats_g01_c01,data/UCF101_data/UCF-101/BodyWeightSquats/v_BodyWeightSquats_g01_c01.avi,14,8,100,4,14,True,True,0.9195642471313477,0.015917554032057524,0.003422948779189028,0.5058109150268137,267,8,8,8,False,
ucf101,val,v_BodyWeightSquats_g06_c05,data/UCF101_data/UCF-101/BodyWeightSquats/v_BodyWeightSquats_g06_c05.avi,14,8,100,4,69,False,False,0.8917673230171204,0.011704912409186363,0.003422948779189028,0.4886980168521404,177,8,8,8,False,
ucf101,val,v_BodyWeightSquats_g03_c01,data/UCF101_data/UCF-101/BodyWeightSquats/v_BodyWeightSquats_g03_c01.avi,14,8,100,4,55,False,False,0.4081059992313385,0.010944515001028776,0.003422948779189028,0.47563212271779776,132,8,8,8,False,
ucf101,val,v_BodyWeightSquats_g04_c02,data/UCF101_data/UCF-101/BodyWeightSquats/v_BodyWeightSquats_g04_c02.avi,14,8,100,4,14,True,True,0.7230127453804016,0.018194849137216806,0.0034344203013461083,1.3383410316891968,59,8,8,8,False,
ucf101,val,v_BodyWeightSquats_g03_c02,data/UCF101_data/UCF-101/BodyWeightSquats/v_BodyWeightSquats_g03_c02.avi,14,8,100,4,57,False,False,0.1795172095298767,0.008147132117301226,0.0034344203013461083,1.3182622990570962,52,8,8,8,False,
ucf101,val,v_BodyWeightSquats_g04_c01,data/UCF101_data/UCF-101/BodyWeightSquats/v_BodyWeightSquats_g04_c01.avi,14,8,100,4,51,False,True,0.6079757213592529,0.010609804186969995,0.0034344203013461083,1.309379847254604,130,8,8,8,False,
ucf101,val,v_BodyWeightSquats_g05_c01,data/UCF101_data/UCF-101/BodyWeightSquats/v_BodyWeightSquats_g05_c01.avi,14,8,100,4,14,True,True,0.9363005757331848,0.021041917148977518,0.0034344203013461083,1.2975755841471255,71,8,8,8,False,
ucf101,val,v_BodyWeightSquats_g04_c03,data/UCF101_data/UCF-101/BodyWeightSquats/v_BodyWeightSquats_g04_c03.avi,14,8,100,4,14,True,True,0.722751259803772,0.010103036183863878,0.0034344203013461083,1.2747059371322393,88,8,8,8,False,
ucf101,val,v_BodyWeightSquats_g02_c01,data/UCF101_data/UCF-101/BodyWeightSquats/v_BodyWeightSquats_g02_c01.avi,14,8,100,4,51,False,True,0.24476312100887299,0.009393688756972551,0.0034344203013461083,1.2637305278331041,102,8,8,8,False,
ucf101,val,v_BodyWeightSquats_g02_c03,data/UCF101_data/UCF-101/BodyWeightSquats/v_BodyWeightSquats_g02_c03.avi,14,8,100,4,51,False,True,0.35996097326278687,0.009890532121062279,0.0034344203013461083,1.253313026856631,117,8,8,8,False,
ucf101,val,v_BodyWeightSquats_g04_c04,data/UCF101_data/UCF-101/BodyWeightSquats/v_BodyWeightSquats_g04_c04.avi,14,8,100,4,14,True,True,0.41667303442955017,0.007861184887588024,0.0034344203013461083,1.2423030571080744,63,8,8,8,False,
ucf101,val,v_BodyWeightSquats_g01_c04,data/UCF101_data/UCF-101/BodyWeightSquats/v_BodyWeightSquats_g01_c04.avi,14,8,100,4,14,True,True,0.8940625190734863,0.012383096385747194,0.0034344203013461083,1.2334066536277533,174,8,8,8,False,
ucf101,val,v_BodyWeightSquats_g06_c04,data/UCF101_data/UCF-101/BodyWeightSquats/v_BodyWeightSquats_g06_c04.avi,14,8,100,4,14,True,True,0.7804635763168335,0.008938569109886885,0.0034344203013461083,1.2195339282043278,95,8,8,8,False,
ucf101,val,v_BodyWeightSquats_g05_c04,data/UCF101_data/UCF-101/BodyWeightSquats/v_BodyWeightSquats_g05_c04.avi,14,8,100,4,51,False,True,0.7690461874008179,0.016602156218141317,0.0034344203013461083,1.2096234117634594,260,8,8,8,False,
ucf101,val,v_BodyWeightSquats_g06_c02,data/UCF101_data/UCF-101/BodyWeightSquats/v_BodyWeightSquats_g06_c02.avi,14,8,100,4,14,True,True,0.5365149974822998,0.010001427959650755,0.0034344203013461083,1.1918845269829035,122,8,8,8,False,
ucf101,val,v_Bowling_g01_c04,data/UCF101_data/UCF-101/Bowling/v_Bowling_g01_c04.avi,15,8,100,4,15,True,True,0.9920597076416016,0.047399242874234915,0.0034344203013461083,1.1807494200766087,155,8,8,8,False,
ucf101,val,v_Bowling_g04_c03,data/UCF101_data/UCF-101/Bowling/v_Bowling_g04_c03.avi,15,8,100,4,15,True,True,0.9897211194038391,0.03850129386410117,0.0034344203013461083,1.1304187220521271,137,8,8,8,False,
ucf101,val,v_Bowling_g07_c07,data/UCF101_data/UCF-101/Bowling/v_Bowling_g07_c07.avi,15,8,100,4,15,True,True,0.9920367002487183,0.036330053117126226,0.0034344203013461083,1.088950668927282,130,8,8,8,False,
ucf101,val,v_Bowling_g07_c05,data/UCF101_data/UCF-101/Bowling/v_Bowling_g07_c05.avi,15,8,100,4,15,True,True,0.9920539855957031,0.03907793993130326,0.0034344203013461083,1.0509440023452044,141,8,8,8,False,
ucf101,val,v_Bowling_g07_c02,data/UCF101_data/UCF-101/Bowling/v_Bowling_g07_c02.avi,15,8,100,4,15,True,True,0.9921140670776367,0.02932171104475856,0.0034344203013461083,1.0098763410933316,100,8,8,8,False,
ucf101,val,v_Bowling_g06_c02,data/UCF101_data/UCF-101/Bowling/v_Bowling_g06_c02.avi,15,8,100,4,15,True,True,0.9836099147796631,0.03939508693292737,0.0034344203013461083,0.9787385342642665,132,8,8,8,False,
ucf101,val,v_Bowling_g06_c04,data/UCF101_data/UCF-101/Bowling/v_Bowling_g06_c04.avi,15,8,100,4,57,False,True,0.1578761488199234,0.023534600622951984,0.0034344203013461083,0.9371039397083223,72,8,8,8,False,
ucf101,val,v_Bowling_g06_c05,data/UCF101_data/UCF-101/Bowling/v_Bowling_g06_c05.avi,15,8,100,4,15,True,True,0.9855223894119263,0.038123978301882744,0.0034344203013461083,0.9110414609313011,130,8,8,8,False,
ucf101,val,v_Bowling_g02_c04,data/UCF101_data/UCF-101/Bowling/v_Bowling_g02_c04.avi,15,8,100,4,15,True,True,0.9892435073852539,0.011329886969178915,0.0034344203013461083,0.8697103913873434,117,8,8,8,False,
ucf101,val,v_Bowling_g07_c04,data/UCF101_data/UCF-101/Bowling/v_Bowling_g07_c04.avi,15,8,100,4,15,True,True,0.9921358823776245,0.037390134297311306,0.0034344203013461083,0.8573206490837038,125,8,8,8,False,
ucf101,val,v_Bowling_g07_c01,data/UCF101_data/UCF-101/Bowling/v_Bowling_g07_c01.avi,15,8,100,4,15,True,True,0.9921218156814575,0.042518440168350935,0.0034344203013461083,0.8171926322393119,144,8,8,8,False,
ucf101,val,v_Bowling_g01_c06,data/UCF101_data/UCF-101/Bowling/v_Bowling_g01_c06.avi,15,8,100,4,15,True,True,0.9920674562454224,0.044653354212641716,0.0034344203013461083,0.7714871391654015,148,8,8,8,False,
ucf101,val,v_Bowling_g05_c06,data/UCF101_data/UCF-101/Bowling/v_Bowling_g05_c06.avi,15,8,100,4,15,True,True,0.9915976524353027,0.03900056704878807,0.0034344203013461083,0.7243784139864147,150,8,8,8,False,
ucf101,val,v_Bowling_g06_c03,data/UCF101_data/UCF-101/Bowling/v_Bowling_g06_c03.avi,15,8,100,4,15,True,True,0.9349042773246765,0.02404426923021674,0.0034344203013461083,0.6826063613407314,70,8,8,8,False,
ucf101,val,v_Bowling_g01_c03,data/UCF101_data/UCF-101/Bowling/v_Bowling_g01_c03.avi,15,8,100,4,15,True,True,0.9920564293861389,0.04361980874091387,0.0034344203013461083,0.656258228700608,130,8,8,8,False,
ucf101,val,v_Bowling_g04_c02,data/UCF101_data/UCF-101/Bowling/v_Bowling_g04_c02.avi,15,8,100,4,15,True,True,0.9908797740936279,0.039019929710775614,0.0034344203013461083,0.6097966409288347,139,8,8,8,False,
ucf101,val,v_Bowling_g05_c07,data/UCF101_data/UCF-101/Bowling/v_Bowling_g05_c07.avi,15,8,100,4,15,True,True,0.9916679263114929,0.02962512569501996,0.0034344203013461083,0.5679190699011087,112,8,8,8,False,
ucf101,val,v_Bowling_g04_c04,data/UCF101_data/UCF-101/Bowling/v_Bowling_g04_c04.avi,15,8,100,4,15,True,True,0.9872109889984131,0.017236375249922276,0.0034344203013461083,0.5348655828274786,50,8,8,8,False,
ucf101,val,v_Bowling_g02_c01,data/UCF101_data/UCF-101/Bowling/v_Bowling_g02_c01.avi,15,8,100,4,15,True,True,0.9898219108581543,0.009597321972250938,0.0034344203013461083,0.5151348989456892,82,8,8,8,False,
ucf101,val,v_Bowling_g03_c02,data/UCF101_data/UCF-101/Bowling/v_Bowling_g03_c02.avi,15,8,100,4,15,True,True,0.9885944128036499,0.038088798988610506,0.0034344203013461083,0.5044530620798469,139,8,8,8,False,
ucf101,val,v_BoxingPunchingBag_g02_c01,data/UCF101_data/UCF-101/BoxingPunchingBag/v_BoxingPunchingBag_g02_c01.avi,16,8,100,4,16,True,True,0.7891923189163208,0.033667091745883226,0.003968188131693751,1.5382123477756977,131,8,8,8,False,
ucf101,val,v_BoxingPunchingBag_g06_c02,data/UCF101_data/UCF-101/BoxingPunchingBag/v_BoxingPunchingBag_g06_c02.avi,16,8,100,4,17,False,True,0.769248902797699,0.01162493322044611,0.003968188131693751,1.501633436884731,128,8,8,8,False,
ucf101,val,v_BoxingPunchingBag_g03_c02,data/UCF101_data/UCF-101/BoxingPunchingBag/v_BoxingPunchingBag_g03_c02.avi,16,8,100,4,17,False,True,0.420523077249527,0.011519671883434057,0.003968188131693751,1.4891103287227452,152,8,8,8,False,
ucf101,val,v_BoxingPunchingBag_g06_c03,data/UCF101_data/UCF-101/BoxingPunchingBag/v_BoxingPunchingBag_g06_c03.avi,16,8,100,4,17,False,True,0.7607583999633789,0.010659315157681704,0.003968188131693751,1.4766779360361397,131,8,8,8,False,
ucf101,val,v_BoxingPunchingBag_g06_c04,data/UCF101_data/UCF-101/BoxingPunchingBag/v_BoxingPunchingBag_g06_c04.avi,16,8,100,4,17,False,True,0.8110406994819641,0.010655607096850872,0.003968188131693751,1.4646444502286613,127,8,8,8,False,
ucf101,val,v_BoxingPunchingBag_g01_c03,data/UCF101_data/UCF-101/BoxingPunchingBag/v_BoxingPunchingBag_g01_c03.avi,16,8,100,4,16,True,True,0.970448911190033,0.011245016008615494,0.003968188131693751,1.452823766041547,148,8,8,8,False,
ucf101,val,v_BoxingPunchingBag_g06_c05,data/UCF101_data/UCF-101/BoxingPunchingBag/v_BoxingPunchingBag_g06_c05.avi,16,8,100,4,17,False,True,0.8878331184387207,0.008941561914980412,0.003968188131693751,1.4406426367349923,65,8,8,8,False,
ucf101,val,v_BoxingPunchingBag_g01_c06,data/UCF101_data/UCF-101/BoxingPunchingBag/v_BoxingPunchingBag_g01_c06.avi,16,8,100,4,16,True,True,0.9635751843452454,0.011619860772043467,0.003968188131693751,1.4308329341001809,164,8,8,8,False,
ucf101,val,v_BoxingPunchingBag_g04_c06,data/UCF101_data/UCF-101/BoxingPunchingBag/v_BoxingPunchingBag_g04_c06.avi,16,8,100,4,16,True,True,0.9205885529518127,0.013275741133838892,0.003968188131693751,1.4183076159097254,205,8,8,8,False,
ucf101,val,v_BoxingPunchingBag_g07_c04,data/UCF101_data/UCF-101/BoxingPunchingBag/v_BoxingPunchingBag_g07_c04.avi,16,8,100,4,16,True,True,0.981523334980011,0.01911929715424776,0.003968188131693751,1.403545446228236,285,8,8,8,False,
ucf101,val,v_BoxingPunchingBag_g07_c06,data/UCF101_data/UCF-101/BoxingPunchingBag/v_BoxingPunchingBag_g07_c06.avi,16,8,100,4,16,True,True,0.9788192510604858,0.018234490882605314,0.003968188131693751,1.3822402087971568,279,8,8,8,False,
ucf101,val,v_BoxingPunchingBag_g05_c06,data/UCF101_data/UCF-101/BoxingPunchingBag/v_BoxingPunchingBag_g05_c06.avi,16,8,100,4,16,True,True,0.9480972290039062,0.014469669666141272,0.003968188131693751,1.3629151359200478,246,8,8,8,False,
ucf101,val,v_BoxingPunchingBag_g03_c07,data/UCF101_data/UCF-101/BoxingPunchingBag/v_BoxingPunchingBag_g03_c07.avi,16,8,100,4,16,True,True,0.7037634253501892,0.01360991783440113,0.003968188131693751,1.3467180379666388,227,8,8,8,False,
ucf101,val,v_BoxingPunchingBag_g03_c03,data/UCF101_data/UCF-101/BoxingPunchingBag/v_BoxingPunchingBag_g03_c03.avi,16,8,100,4,16,True,True,0.7141122817993164,0.012069514021277428,0.003968188131693751,1.3314135842956603,185,8,8,8,False,
ucf101,val,v_BoxingPunchingBag_g02_c07,data/UCF101_data/UCF-101/BoxingPunchingBag/v_BoxingPunchingBag_g02_c07.avi,16,8,100,4,16,True,True,0.7657920122146606,0.018644793890416622,0.003968188131693751,1.3178500533103943,285,8,8,8,False,
ucf101,val,v_BoxingPunchingBag_g07_c03,data/UCF101_data/UCF-101/BoxingPunchingBag/v_BoxingPunchingBag_g07_c03.avi,16,8,100,4,16,True,True,0.9838021993637085,0.019277845043689013,0.003968188131693751,1.2972003798931837,287,8,8,8,False,
ucf101,val,v_BoxingPunchingBag_g07_c05,data/UCF101_data/UCF-101/BoxingPunchingBag/v_BoxingPunchingBag_g07_c05.avi,16,8,100,4,16,True,True,0.9803670644760132,0.018644139170646667,0.003968188131693751,1.2767344461753964,311,8,8,8,False,
ucf101,val,v_BoxingPunchingBag_g06_c01,data/UCF101_data/UCF-101/BoxingPunchingBag/v_BoxingPunchingBag_g06_c01.avi,16,8,100,4,17,False,True,0.9280786514282227,0.010436487849801779,0.003968188131693751,1.2566753211431205,132,8,8,8,False,
ucf101,val,v_BoxingPunchingBag_g02_c06,data/UCF101_data/UCF-101/BoxingPunchingBag/v_BoxingPunchingBag_g02_c06.avi,16,8,100,4,16,True,True,0.9235620498657227,0.012087535113096237,0.003968188131693751,1.2453643567860126,179,8,8,8,False,
ucf101,val,v_BoxingPunchingBag_g01_c05,data/UCF101_data/UCF-101/BoxingPunchingBag/v_BoxingPunchingBag_g01_c05.avi,16,8,100,4,16,True,True,0.852721095085144,0.011510480660945177,0.003968188131693751,1.231887049973011,169,8,8,8,False,
ucf101,val,v_BoxingSpeedBag_g04_c07,data/UCF101_data/UCF-101/BoxingSpeedBag/v_BoxingSpeedBag_g04_c07.avi,17,8,100,4,17,True,True,0.9451167583465576,0.08027476584538817,0.003968188131693751,1.2190579720772803,299,8,8,8,False,
ucf101,val,v_BoxingSpeedBag_g06_c05,data/UCF101_data/UCF-101/BoxingSpeedBag/v_BoxingSpeedBag_g06_c05.avi,17,8,100,4,17,True,True,0.9594087600708008,0.037820423021912575,0.003968188131693751,1.1354123689234257,125,8,8,8,False,
ucf101,val,v_BoxingSpeedBag_g05_c01,data/UCF101_data/UCF-101/BoxingSpeedBag/v_BoxingSpeedBag_g05_c01.avi,17,8,100,4,34,False,True,0.5147804617881775,0.03390800207853317,0.003968188131693751,1.0954461530782282,135,8,8,8,False,
ucf101,val,v_BoxingSpeedBag_g02_c01,data/UCF101_data/UCF-101/BoxingSpeedBag/v_BoxingSpeedBag_g02_c01.avi,17,8,100,4,17,True,True,0.8558415770530701,0.04675068287178874,0.003968188131693751,1.0596669986844063,171,8,8,8,False,
ucf101,val,v_BoxingSpeedBag_g01_c01,data/UCF101_data/UCF-101/BoxingSpeedBag/v_BoxingSpeedBag_g01_c01.avi,17,8,100,4,17,True,True,0.9444524645805359,0.04208627296611667,0.003968188131693751,1.0095120891928673,131,8,8,8,False,
ucf101,val,v_BoxingSpeedBag_g07_c06,data/UCF101_data/UCF-101/BoxingSpeedBag/v_BoxingSpeedBag_g07_c06.avi,17,8,100,4,17,True,True,0.40268638730049133,0.11298633506521583,0.003968188131693751,0.9648328442126513,437,8,8,8,False,
ucf101,val,v_BoxingSpeedBag_g07_c07,data/UCF101_data/UCF-101/BoxingSpeedBag/v_BoxingSpeedBag_g07_c07.avi,17,8,100,4,17,True,True,0.7568901181221008,0.11910154018551111,0.003968188131693751,0.8488064110279083,452,8,8,8,False,
ucf101,val,v_BoxingSpeedBag_g04_c06,data/UCF101_data/UCF-101/BoxingSpeedBag/v_BoxingSpeedBag_g04_c06.avi,17,8,100,4,17,True,True,0.8176757097244263,0.06936173839494586,0.003968188131693751,0.7274044291116297,252,8,8,8,False,
ucf101,val,v_BoxingSpeedBag_g01_c04,data/UCF101_data/UCF-101/BoxingSpeedBag/v_BoxingSpeedBag_g01_c04.avi,17,8,100,4,17,True,True,0.9290496706962585,0.02246999880298972,0.003968188131693751,0.6553276530466974,71,8,8,8,False,
ucf101,val,v_BoxingSpeedBag_g01_c03,data/UCF101_data/UCF-101/BoxingSpeedBag/v_BoxingSpeedBag_g01_c03.avi,17,8,100,4,17,True,True,0.9309355616569519,0.029493479058146477,0.003968188131693751,0.6301521519199014,99,8,8,8,False,
ucf101,val,v_BoxingSpeedBag_g04_c05,data/UCF101_data/UCF-101/BoxingSpeedBag/v_BoxingSpeedBag_g04_c05.avi,17,8,100,4,17,True,True,0.946954607963562,0.060620883014053106,0.003968188131693751,0.5976568423211575,224,8,8,8,False,
ucf101,val,v_BoxingSpeedBag_g02_c03,data/UCF101_data/UCF-101/BoxingSpeedBag/v_BoxingSpeedBag_g02_c03.avi,17,8,100,4,17,True,True,0.6699233055114746,0.05212519830092788,0.003968188131693751,0.5346084339544177,178,8,8,8,False,
ucf101,val,v_BoxingSpeedBag_g04_c04,data/UCF101_data/UCF-101/BoxingSpeedBag/v_BoxingSpeedBag_g04_c04.avi,17,8,100,4,17,True,True,0.8689656853675842,0.05909920623525977,0.003753723533009179,1.385323592927307,203,8,8,8,False,
ucf101,val,v_BoxingSpeedBag_g03_c01,data/UCF101_data/UCF-101/BoxingSpeedBag/v_BoxingSpeedBag_g03_c01.avi,17,8,100,4,17,True,True,0.9703798890113831,0.04181971587240696,0.003753723533009179,1.3228190219961107,120,8,8,8,False,
ucf101,val,v_BoxingSpeedBag_g07_c04,data/UCF101_data/UCF-101/BoxingSpeedBag/v_BoxingSpeedBag_g07_c04.avi,17,8,100,4,17,True,True,0.3070870339870453,0.12417472526431084,0.003753723533009179,1.2781764059327543,466,8,8,8,False,
ucf101,val,v_BoxingSpeedBag_g03_c04,data/UCF101_data/UCF-101/BoxingSpeedBag/v_BoxingSpeedBag_g03_c04.avi,17,8,100,4,17,True,True,0.976862907409668,0.051116209011524916,0.003753723533009179,1.1511643691919744,147,8,8,8,False,
ucf101,val,v_BoxingSpeedBag_g06_c03,data/UCF101_data/UCF-101/BoxingSpeedBag/v_BoxingSpeedBag_g06_c03.avi,17,8,100,4,17,True,True,0.9758508205413818,0.08649525418877602,0.003753723533009179,1.0967478980310261,250,8,8,8,False,
ucf101,val,v_BoxingSpeedBag_g02_c04,data/UCF101_data/UCF-101/BoxingSpeedBag/v_BoxingSpeedBag_g02_c04.avi,17,8,100,4,38,False,True,0.4254602789878845,0.040420707780867815,0.003753723533009179,1.0073777632787824,136,8,8,8,False,
ucf101,val,v_BoxingSpeedBag_g05_c02,data/UCF101_data/UCF-101/BoxingSpeedBag/v_BoxingSpeedBag_g05_c02.avi,17,8,100,4,17,True,True,0.9119318723678589,0.043028309009969234,0.003753723533009179,0.963673991151154,164,8,8,8,False,
ucf101,val,v_BoxingSpeedBag_g03_c02,data/UCF101_data/UCF-101/BoxingSpeedBag/v_BoxingSpeedBag_g03_c02.avi,17,8,100,4,17,True,True,0.9753229022026062,0.04782099183648825,0.003753723533009179,0.9177854713052511,138,8,8,8,False,
ucf101,val,v_BreastStroke_g02_c02,data/UCF101_data/UCF-101/BreastStroke/v_BreastStroke_g02_c02.avi,18,8,100,4,18,True,True,0.9462140798568726,0.019636244047433138,0.003753723533009179,0.8674377389252186,302,8,8,8,False,
ucf101,val,v_BreastStroke_g04_c03,data/UCF101_data/UCF-101/BreastStroke/v_BreastStroke_g04_c03.avi,18,8,100,4,18,True,True,0.871127188205719,0.016609263606369495,0.003753723533009179,0.8450696831569076,192,8,8,8,False,
ucf101,val,v_BreastStroke_g05_c02,data/UCF101_data/UCF-101/BreastStroke/v_BreastStroke_g05_c02.avi,18,8,100,4,18,True,True,0.9385138154029846,0.014720308128744364,0.003753723533009179,0.8274838160723448,225,8,8,8,False,
ucf101,val,v_BreastStroke_g06_c03,data/UCF101_data/UCF-101/BreastStroke/v_BreastStroke_g06_c03.avi,18,8,100,4,18,True,True,0.9419243931770325,0.014256840571761131,0.003753723533009179,0.811668359208852,100,8,8,8,False,
ucf101,val,v_BreastStroke_g03_c02,data/UCF101_data/UCF-101/BreastStroke/v_BreastStroke_g03_c02.avi,18,8,100,4,18,True,True,0.8752682209014893,0.014883207622915506,0.003753723533009179,0.7965898080728948,179,8,8,8,False,
ucf101,val,v_BreastStroke_g05_c04,data/UCF101_data/UCF-101/BreastStroke/v_BreastStroke_g05_c04.avi,18,8,100,4,18,True,True,0.5122396349906921,0.015351917129009962,0.003753723533009179,0.7807314777746797,333,8,8,8,False,
ucf101,val,v_BreastStroke_g06_c01,data/UCF101_data/UCF-101/BreastStroke/v_BreastStroke_g06_c01.avi,18,8,100,4,18,True,True,0.6821200847625732,0.014009192120283842,0.003753723533009179,0.7644118582829833,116,8,8,8,False,
ucf101,val,v_BreastStroke_g05_c01,data/UCF101_data/UCF-101/BreastStroke/v_BreastStroke_g05_c01.avi,18,8,100,4,18,True,True,0.8853088617324829,0.01577228680253029,0.003753723533009179,0.749589208047837,150,8,8,8,False,
ucf101,val,v_BreastStroke_g01_c01,data/UCF101_data/UCF-101/BreastStroke/v_BreastStroke_g01_c01.avi,18,8,100,4,18,True,True,0.9500990509986877,0.014261290431022644,0.003753723533009179,0.7324794521555305,96,8,8,8,False,
ucf101,val,v_BreastStroke_g07_c02,data/UCF101_data/UCF-101/BreastStroke/v_BreastStroke_g07_c02.avi,18,8,100,4,18,True,True,0.8602669835090637,0.01602319162338972,0.003753723533009179,0.7173296441324055,305,8,8,8,False,
ucf101,val,v_BreastStroke_g06_c04,data/UCF101_data/UCF-101/BreastStroke/v_BreastStroke_g06_c04.avi,18,8,100,4,18,True,True,0.9160488247871399,0.013946399092674255,0.003753723533009179,0.7000909931957722,114,8,8,8,False,
ucf101,val,v_BreastStroke_g01_c04,data/UCF101_data/UCF-101/BreastStroke/v_BreastStroke_g01_c04.avi,18,8,100,4,18,True,True,0.963591456413269,0.014084562193602324,0.003753723533009179,0.6851980010978878,96,8,8,8,False,
ucf101,val,v_BreastStroke_g02_c01,data/UCF101_data/UCF-101/BreastStroke/v_BreastStroke_g02_c01.avi,18,8,100,4,18,True,True,0.9470306634902954,0.014664954040199518,0.003753723533009179,0.6703985999338329,227,8,8,8,False,
ucf101,val,v_BreastStroke_g04_c04,data/UCF101_data/UCF-101/BreastStroke/v_BreastStroke_g04_c04.avi,18,8,100,4,18,True,True,0.7899232506752014,0.01448199711740017,0.003753723533009179,0.6547867297194898,217,8,8,8,False,
ucf101,val,v_BreastStroke_g01_c02,data/UCF101_data/UCF-101/BreastStroke/v_BreastStroke_g01_c02.avi,18,8,100,4,18,True,True,0.8455370664596558,0.013856424018740654,0.003753723533009179,0.6393934478983283,96,8,8,8,False,
ucf101,val,v_BreastStroke_g04_c02,data/UCF101_data/UCF-101/BreastStroke/v_BreastStroke_g04_c02.avi,18,8,100,4,18,True,True,0.8843050599098206,0.013882779981940985,0.003753723533009179,0.624657154083252,183,8,8,8,False,
ucf101,val,v_BreastStroke_g03_c04,data/UCF101_data/UCF-101/BreastStroke/v_BreastStroke_g03_c04.avi,18,8,100,4,18,True,True,0.5268124341964722,0.014628157019615173,0.003753723533009179,0.6098782927729189,187,8,8,8,False,
ucf101,val,v_BreastStroke_g03_c01,data/UCF101_data/UCF-101/BreastStroke/v_BreastStroke_g03_c01.avi,18,8,100,4,31,False,True,0.4909321069717407,0.01368276635184884,0.003753723533009179,0.5942228650674224,176,8,8,8,False,
ucf101,val,v_BreastStroke_g01_c03,data/UCF101_data/UCF-101/BreastStroke/v_BreastStroke_g01_c03.avi,18,8,100,4,18,True,True,0.9662132263183594,0.013914080336689949,0.003753723533009179,0.579846203327179,96,8,8,8,False,
ucf101,val,v_BreastStroke_g07_c03,data/UCF101_data/UCF-101/BreastStroke/v_BreastStroke_g07_c03.avi,18,8,100,4,18,True,True,0.8217322826385498,0.013494130689650774,0.003753723533009179,0.5652682380750775,127,8,8,8,False,
ucf101,val,v_BrushingTeeth_g04_c03,data/UCF101_data/UCF-101/BrushingTeeth/v_BrushingTeeth_g04_c03.avi,19,8,100,4,77,False,True,0.9568703770637512,0.025751158129423857,0.003753723533009179,0.5505338707007468,100,8,8,8,False,
ucf101,val,v_BrushingTeeth_g03_c03,data/UCF101_data/UCF-101/BrushingTeeth/v_BrushingTeeth_g03_c03.avi,19,8,100,4,19,True,True,0.9518123865127563,0.015313818119466305,0.003753723533009179,0.52174305729568,226,8,8,8,False,
ucf101,val,v_BrushingTeeth_g05_c02,data/UCF101_data/UCF-101/BrushingTeeth/v_BrushingTeeth_g05_c02.avi,19,8,100,4,19,True,True,0.8645910024642944,0.012894927058368921,0.003753723533009179,0.5043440046720207,195,8,8,8,False,
ucf101,val,v_BrushingTeeth_g07_c05,data/UCF101_data/UCF-101/BrushingTeeth/v_BrushingTeeth_g07_c05.avi,19,8,100,4,19,True,True,0.9559893608093262,0.014795082155615091,0.003753723533009179,0.4899694831110537,249,8,8,8,False,
ucf101,val,v_BrushingTeeth_g04_c01,data/UCF101_data/UCF-101/BrushingTeeth/v_BrushingTeeth_g04_c01.avi,19,8,100,4,77,False,True,0.9524540901184082,0.04838932305574417,0.003710121993208304,1.3386520128697157,193,8,8,8,False,
ucf101,val,v_BrushingTeeth_g07_c02,data/UCF101_data/UCF-101/BrushingTeeth/v_BrushingTeeth_g07_c02.avi,19,8,100,4,19,True,True,0.9575926065444946,0.015178036876022816,0.003710121993208304,1.2877608560957015,229,8,8,8,False,
ucf101,val,v_BrushingTeeth_g03_c05,data/UCF101_data/UCF-101/BrushingTeeth/v_BrushingTeeth_g03_c05.avi,19,8,100,4,19,True,True,0.919821560382843,0.014276911970227957,0.003710121993208304,1.2705860356800258,231,8,8,8,False,
ucf101,val,v_BrushingTeeth_g02_c05,data/UCF101_data/UCF-101/BrushingTeeth/v_BrushingTeeth_g02_c05.avi,19,8,100,4,77,False,False,0.7970825433731079,0.0765737728215754,0.003710121993208304,1.2546809576451778,748,8,8,8,False,
ucf101,val,v_BrushingTeeth_g06_c03,data/UCF101_data/UCF-101/BrushingTeeth/v_BrushingTeeth_g06_c03.avi,19,8,100,4,1,False,True,0.2752169370651245,0.020444893278181553,0.003710121993208304,1.1747326590120792,309,8,8,8,False,
ucf101,val,v_BrushingTeeth_g01_c02,data/UCF101_data/UCF-101/BrushingTeeth/v_BrushingTeeth_g01_c02.avi,19,8,100,4,19,True,True,0.9249721765518188,0.010188484098762274,0.003710121993208304,1.1520557953044772,109,8,8,8,False,
ucf101,val,v_BrushingTeeth_g01_c03,data/UCF101_data/UCF-101/BrushingTeeth/v_BrushingTeeth_g01_c03.avi,19,8,100,4,19,True,True,0.9191233515739441,0.010125533677637577,0.003710121993208304,1.1405560309067369,122,8,8,8,False,
ucf101,val,v_BrushingTeeth_g05_c01,data/UCF101_data/UCF-101/BrushingTeeth/v_BrushingTeeth_g05_c01.avi,19,8,100,4,0,False,True,0.7455735206604004,0.011818558908998966,0.003710121993208304,1.1293100300244987,170,8,8,8,False,
ucf101,val,v_BrushingTeeth_g07_c03,data/UCF101_data/UCF-101/BrushingTeeth/v_BrushingTeeth_g07_c03.avi,19,8,100,4,19,True,True,0.956489622592926,0.011578474659472704,0.003710121993208304,1.1159191583283246,158,8,8,8,False,
ucf101,val,v_BrushingTeeth_g06_c04,data/UCF101_data/UCF-101/BrushingTeeth/v_BrushingTeeth_g06_c04.avi,19,8,100,4,19,True,True,0.6685607433319092,0.020313079934567213,0.003710121993208304,1.1030216990038753,337,8,8,8,False,
ucf101,val,v_BrushingTeeth_g06_c02,data/UCF101_data/UCF-101/BrushingTeeth/v_BrushingTeeth_g06_c02.avi,19,8,100,4,19,True,True,0.8048015236854553,0.015792659018188715,0.003710121993208304,1.0817127148620784,249,8,8,8,False,
ucf101,val,v_BrushingTeeth_g01_c01,data/UCF101_data/UCF-101/BrushingTeeth/v_BrushingTeeth_g01_c01.avi,19,8,100,4,19,True,True,0.9312922954559326,0.009599711745977402,0.003710121993208304,1.0641531981527805,103,8,8,8,False,
ucf101,val,v_BrushingTeeth_g02_c07,data/UCF101_data/UCF-101/BrushingTeeth/v_BrushingTeeth_g02_c07.avi,19,8,100,4,19,True,True,0.8522904515266418,0.09066171292215586,0.003710121993208304,1.0535335796885192,793,8,8,8,False,
ucf101,val,v_BrushingTeeth_g02_c01,data/UCF101_data/UCF-101/BrushingTeeth/v_BrushingTeeth_g02_c01.avi,19,8,100,4,19,True,True,0.3505598306655884,0.11335545405745506,0.003710121993208304,0.9584042630158365,716,8,8,8,False,
ucf101,val,v_BrushingTeeth_g05_c03,data/UCF101_data/UCF-101/BrushingTeeth/v_BrushingTeeth_g05_c03.avi,19,8,100,4,77,False,True,0.33204004168510437,0.015350126195698977,0.003710121993208304,0.8412343529053032,210,8,8,8,False,
ucf101,val,v_BrushingTeeth_g02_c02,data/UCF101_data/UCF-101/BrushingTeeth/v_BrushingTeeth_g02_c02.avi,19,8,100,4,77,False,True,0.7566754221916199,0.09518731106072664,0.003710121993208304,0.8238298301585019,732,8,8,8,False,
ucf101,val,v_CleanAndJerk_g07_c01,data/UCF101_data/UCF-101/CleanAndJerk/v_CleanAndJerk_g07_c01.avi,20,8,100,4,20,True,True,0.9794206023216248,0.016713031101971865,0.003710121993208304,0.7256394159048796,228,8,8,8,False,
ucf101,val,v_CleanAndJerk_g06_c04,data/UCF101_data/UCF-101/CleanAndJerk/v_CleanAndJerk_g06_c04.avi,20,8,100,4,20,True,True,0.946818470954895,0.01590040512382984,0.003710121993208304,0.7079557357355952,246,8,8,8,False,
ucf101,val,v_CleanAndJerk_g04_c03,data/UCF101_data/UCF-101/CleanAndJerk/v_CleanAndJerk_g04_c03.avi,20,8,100,4,20,True,True,0.9428764581680298,0.014279212802648544,0.003710121993208304,0.6910874149762094,146,8,8,8,False,
ucf101,val,v_CleanAndJerk_g01_c01,data/UCF101_data/UCF-101/CleanAndJerk/v_CleanAndJerk_g01_c01.avi,20,8,100,4,20,True,True,0.9595802426338196,0.013957410119473934,0.003710121993208304,0.6758474470116198,100,8,8,8,False,
ucf101,val,v_CleanAndJerk_g01_c04,data/UCF101_data/UCF-101/CleanAndJerk/v_CleanAndJerk_g01_c04.avi,20,8,100,4,20,True,True,0.8916899561882019,0.014576870016753674,0.003710121993208304,0.6611023866571486,119,8,8,8,False,
ucf101,val,v_CleanAndJerk_g01_c03,data/UCF101_data/UCF-101/CleanAndJerk/v_CleanAndJerk_g01_c03.avi,20,8,100,4,20,True,True,0.5426304936408997,0.014143525622785091,0.003710121993208304,0.6454527438618243,124,8,8,8,False,
ucf101,val,v_CleanAndJerk_g05_c03,data/UCF101_data/UCF-101/CleanAndJerk/v_CleanAndJerk_g05_c03.avi,20,8,100,4,20,True,True,0.9795418381690979,0.014084820169955492,0.003710121993208304,0.6306064003147185,146,8,8,8,False,
ucf101,val,v_CleanAndJerk_g01_c05,data/UCF101_data/UCF-101/CleanAndJerk/v_CleanAndJerk_g01_c05.avi,20,8,100,4,20,True,True,0.3814457356929779,0.015123740769922733,0.003710121993208304,0.6155627490952611,121,8,8,8,False,
ucf101,val,v_CleanAndJerk_g07_c03,data/UCF101_data/UCF-101/CleanAndJerk/v_CleanAndJerk_g07_c03.avi,20,8,100,4,20,True,True,0.9795915484428406,0.015435975976288319,0.003710121993208304,0.5992167671211064,228,8,8,8,False,
ucf101,val,v_CleanAndJerk_g01_c02,data/UCF101_data/UCF-101/CleanAndJerk/v_CleanAndJerk_g01_c02.avi,20,8,100,4,20,True,True,0.9530476331710815,0.014139488339424133,0.003710121993208304,0.5830706930719316,113,8,8,8,False,
ucf101,val,v_CleanAndJerk_g03_c03,data/UCF101_data/UCF-101/CleanAndJerk/v_CleanAndJerk_g03_c03.avi,20,8,100,4,20,True,True,0.9808014035224915,0.01577839069068432,0.003710121993208304,0.5679277498275042,276,8,8,8,False,
ucf101,val,v_CleanAndJerk_g04_c04,data/UCF101_data/UCF-101/CleanAndJerk/v_CleanAndJerk_g04_c04.avi,20,8,100,4,20,True,True,0.9350758194923401,0.015308511909097433,0.003710121993208304,0.5513336737640202,152,8,8,8,False,
ucf101,val,v_CleanAndJerk_g06_c01,data/UCF101_data/UCF-101/CleanAndJerk/v_CleanAndJerk_g06_c01.avi,20,8,100,4,20,True,True,0.9336087107658386,0.014872468076646328,0.003710121993208304,0.535331130027771,190,8,8,8,False,
ucf101,val,v_CleanAndJerk_g06_c02,data/UCF101_data/UCF-101/CleanAndJerk/v_CleanAndJerk_g06_c02.avi,20,8,100,4,20,True,True,0.9284026622772217,0.014441810082644224,0.003710121993208304,0.519345429725945,194,8,8,8,False,
ucf101,val,v_CleanAndJerk_g03_c05,data/UCF101_data/UCF-101/CleanAndJerk/v_CleanAndJerk_g03_c05.avi,20,8,100,4,20,True,True,0.9784496426582336,0.01497626630589366,0.003710121993208304,0.5039477199316025,238,8,8,8,False,
ucf101,val,v_CleanAndJerk_g04_c05,data/UCF101_data/UCF-101/CleanAndJerk/v_CleanAndJerk_g04_c05.avi,20,8,100,4,20,True,True,0.9596213698387146,0.015519705135375261,0.003710121993208304,0.4877815470099449,237,8,8,8,False,
ucf101,val,v_CleanAndJerk_g05_c04,data/UCF101_data/UCF-101/CleanAndJerk/v_CleanAndJerk_g05_c04.avi,20,8,100,4,20,True,True,0.9817255139350891,0.031108740717172623,0.0036001904372824356,0.8425724129192531,206,8,8,8,False,
ucf101,val,v_CleanAndJerk_g03_c01,data/UCF101_data/UCF-101/CleanAndJerk/v_CleanAndJerk_g03_c01.avi,20,8,100,4,20,True,True,0.9785595536231995,0.013143422082066536,0.0036001904372824356,0.8095359657891095,172,8,8,8,False,
ucf101,val,v_CleanAndJerk_g02_c01,data/UCF101_data/UCF-101/CleanAndJerk/v_CleanAndJerk_g02_c01.avi,20,8,100,4,20,True,True,0.9768839478492737,0.014314769301563501,0.0036001904372824356,0.7957013114355505,103,8,8,8,False,
ucf101,val,v_CleanAndJerk_g03_c04,data/UCF101_data/UCF-101/CleanAndJerk/v_CleanAndJerk_g03_c04.avi,20,8,100,4,20,True,True,0.9783515334129333,0.014672218821942806,0.0036001904372824356,0.7803912851959467,293,8,8,8,False,
ucf101,val,v_CliffDiving_g01_c03,data/UCF101_data/UCF-101/CliffDiving/v_CliffDiving_g01_c03.avi,21,8,100,4,21,True,True,0.9780012369155884,0.00910213403403759,0.0036001904372824356,0.7645560777746141,72,8,8,8,False,
ucf101,val,v_CliffDiving_g05_c04,data/UCF101_data/UCF-101/CliffDiving/v_CliffDiving_g05_c04.avi,21,8,100,4,21,True,True,0.5502932667732239,0.008290851023048162,0.0036001904372824356,0.7546720090322196,68,8,8,8,False,
ucf101,val,v_CliffDiving_g03_c04,data/UCF101_data/UCF-101/CliffDiving/v_CliffDiving_g03_c04.avi,21,8,100,4,21,True,True,0.9691802859306335,0.009592032991349697,0.0036001904372824356,0.745652049779892,104,8,8,8,False,
ucf101,val,v_CliffDiving_g04_c01,data/UCF101_data/UCF-101/CliffDiving/v_CliffDiving_g04_c01.avi,21,8,100,4,21,True,True,0.9189252853393555,0.009657696820795536,0.0036001904372824356,0.7352487370371819,101,8,8,8,False,
ucf101,val,v_CliffDiving_g02_c01,data/UCF101_data/UCF-101/CliffDiving/v_CliffDiving_g02_c01.avi,21,8,100,4,21,True,True,0.9714770317077637,0.009965910110622644,0.0036001904372824356,0.7244556248188019,78,8,8,8,False,
ucf101,val,v_CliffDiving_g07_c05,data/UCF101_data/UCF-101/CliffDiving/v_CliffDiving_g07_c05.avi,21,8,100,4,21,True,True,0.9700282216072083,0.008592415601015091,0.0036001904372824356,0.7137351199053228,72,8,8,8,False,
ucf101,val,v_CliffDiving_g06_c01,data/UCF101_data/UCF-101/CliffDiving/v_CliffDiving_g06_c01.avi,21,8,100,4,21,True,True,0.9675218462944031,0.009069606196135283,0.0036001904372824356,0.7043750360608101,81,8,8,8,False,
ucf101,val,v_CliffDiving_g02_c04,data/UCF101_data/UCF-101/CliffDiving/v_CliffDiving_g02_c04.avi,21,8,100,4,21,True,True,0.9784321784973145,0.010320082772523165,0.0036001904372824356,0.6943250270560384,82,8,8,8,False,
ucf101,val,v_CliffDiving_g06_c04,data/UCF101_data/UCF-101/CliffDiving/v_CliffDiving_g06_c04.avi,21,8,100,4,21,True,True,0.9663910865783691,0.008956651203334332,0.0036001904372824356,0.6832901989109814,89,8,8,8,False,
ucf101,val,v_CliffDiving_g06_c05,data/UCF101_data/UCF-101/CliffDiving/v_CliffDiving_g06_c05.avi,21,8,100,4,21,True,True,0.85500168800354,0.008960611186921597,0.0036001904372824356,0.6733797900378704,85,8,8,8,False,
ucf101,val,v_CliffDiving_g02_c02,data/UCF101_data/UCF-101/CliffDiving/v_CliffDiving_g02_c02.avi,21,8,100,4,21,True,True,0.9780535697937012,0.01087840087711811,0.0036001904372824356,0.6632756791077554,97,8,8,8,False,
ucf101,val,v_CliffDiving_g06_c02,data/UCF101_data/UCF-101/CliffDiving/v_CliffDiving_g06_c02.avi,21,8,100,4,21,True,True,0.9694424867630005,0.008447917643934488,0.0036001904372824356,0.6516096387058496,71,8,8,8,False,
ucf101,val,v_CliffDiving_g01_c06,data/UCF101_data/UCF-101/CliffDiving/v_CliffDiving_g01_c06.avi,21,8,100,4,21,True,True,0.9759060144424438,0.00866270111873746,0.0036001904372824356,0.6422655903734267,76,8,8,8,False,
ucf101,val,v_CliffDiving_g05_c07,data/UCF101_data/UCF-101/CliffDiving/v_CliffDiving_g05_c07.avi,21,8,100,4,21,True,True,0.9459462761878967,0.011670063715428114,0.0036001904372824356,0.6328517841175199,94,8,8,8,False,
ucf101,val,v_CliffDiving_g06_c07,data/UCF101_data/UCF-101/CliffDiving/v_CliffDiving_g06_c07.avi,21,8,100,4,21,True,True,0.982394278049469,0.008941706735640764,0.0036001904372824356,0.6201406703330576,88,8,8,8,False,
ucf101,val,v_CliffDiving_g07_c04,data/UCF101_data/UCF-101/CliffDiving/v_CliffDiving_g07_c04.avi,21,8,100,4,21,True,True,0.9698808193206787,0.009027543012052774,0.0036001904372824356,0.6102930991910398,84,8,8,8,False,
ucf101,val,v_CliffDiving_g01_c01,data/UCF101_data/UCF-101/CliffDiving/v_CliffDiving_g01_c01.avi,21,8,100,4,21,True,True,0.9831138849258423,0.00902858516201377,0.0036001904372824356,0.6005199691280723,90,8,8,8,False,
ucf101,val,v_CliffDiving_g05_c06,data/UCF101_data/UCF-101/CliffDiving/v_CliffDiving_g05_c06.avi,21,8,100,4,21,True,True,0.9607965350151062,0.009568991139531136,0.0036001904372824356,0.5905278250575066,97,8,8,8,False,
ucf101,val,v_CliffDiving_g03_c01,data/UCF101_data/UCF-101/CliffDiving/v_CliffDiving_g03_c01.avi,21,8,100,4,21,True,True,0.9700952768325806,0.009131674654781818,0.0036001904372824356,0.5799530018121004,92,8,8,8,False,
ucf101,val,v_CliffDiving_g05_c05,data/UCF101_data/UCF-101/CliffDiving/v_CliffDiving_g05_c05.avi,21,8,100,4,21,True,True,0.9753795862197876,0.00884538097307086,0.0036001904372824356,0.5700440038926899,86,8,8,8,False,
ucf101,val,v_CricketBowling_g03_c02,data/UCF101_data/UCF-101/CricketBowling/v_CricketBowling_g03_c02.avi,22,8,100,4,37,False,False,0.45949786901474,0.01007955614477396,0.0036001904372824356,0.5600438001565635,117,8,8,8,False,
ucf101,val,v_CricketBowling_g03_c04,data/UCF101_data/UCF-101/CricketBowling/v_CricketBowling_g03_c04.avi,22,8,100,4,37,False,False,0.41743239760398865,0.009233114775270224,0.0036001904372824356,0.5488129109144211,101,8,8,8,False,
ucf101,val,v_CricketBowling_g02_c04,data/UCF101_data/UCF-101/CricketBowling/v_CricketBowling_g02_c04.avi,22,8,100,4,22,True,True,0.7697474956512451,0.01167699508368969,0.0036001904372824356,0.5385696291923523,159,8,8,8,False,
ucf101,val,v_CricketBowling_g01_c07,data/UCF101_data/UCF-101/CricketBowling/v_CricketBowling_g01_c07.avi,22,8,100,4,22,True,True,0.8007471561431885,0.009988770820200443,0.0036001904372824356,0.525383222848177,120,8,8,8,False,
ucf101,val,v_CricketBowling_g05_c02,data/UCF101_data/UCF-101/CricketBowling/v_CricketBowling_g05_c02.avi,22,8,100,4,23,False,True,0.943050742149353,0.00981303071603179,0.0036001904372824356,0.514550203923136,111,8,8,8,False,
ucf101,val,v_CricketBowling_g06_c01,data/UCF101_data/UCF-101/CricketBowling/v_CricketBowling_g06_c01.avi,22,8,100,4,22,True,True,0.644874632358551,0.011936661787331104,0.0036001904372824356,0.503687359392643,160,8,8,8,False,
ucf101,val,v_CricketBowling_g01_c02,data/UCF101_data/UCF-101/CricketBowling/v_CricketBowling_g01_c02.avi,22,8,100,4,22,True,True,0.8825141787528992,0.008213957771658897,0.0036001904372824356,0.49083508364856243,61,8,8,8,False,
ucf101,val,v_CricketBowling_g06_c04,data/UCF101_data/UCF-101/CricketBowling/v_CricketBowling_g06_c04.avi,22,8,100,4,22,True,True,0.7820185422897339,0.011729768011718988,0.0036001904372824356,0.4816388292238116,150,8,8,8,False,
ucf101,val,v_CricketBowling_g07_c04,data/UCF101_data/UCF-101/CricketBowling/v_CricketBowling_g07_c04.avi,22,8,100,4,22,True,True,0.5673927068710327,0.02550206007435918,0.003787563124205917,0.8412873619236052,84,8,8,8,False,
ucf101,val,v_CricketBowling_g02_c01,data/UCF101_data/UCF-101/CricketBowling/v_CricketBowling_g02_c01.avi,22,8,100,4,22,True,True,0.8566391468048096,0.010756595991551876,0.003787563124205917,0.814391952008009,123,8,8,8,False,
ucf101,val,v_CricketBowling_g07_c01,data/UCF101_data/UCF-101/CricketBowling/v_CricketBowling_g07_c01.avi,22,8,100,4,22,True,True,0.5378705263137817,0.008418177254498005,0.003787563124205917,0.802430537994951,65,8,8,8,False,
ucf101,val,v_CricketBowling_g03_c01,data/UCF101_data/UCF-101/CricketBowling/v_CricketBowling_g03_c01.avi,22,8,100,4,37,False,False,0.36171433329582214,0.02444704109802842,0.003787563124205917,0.793155494146049,100,8,8,8,False,
ucf101,val,v_CricketBowling_g02_c05,data/UCF101_data/UCF-101/CricketBowling/v_CricketBowling_g02_c05.avi,22,8,100,4,22,True,True,0.8457102179527283,0.010987728368490934,0.003787563124205917,0.767182304058224,133,8,8,8,False,
ucf101,val,v_CricketBowling_g02_c03,data/UCF101_data/UCF-101/CricketBowling/v_CricketBowling_g02_c03.avi,22,8,100,4,22,True,True,0.7784274220466614,0.009932094719260931,0.003787563124205917,0.755062622949481,115,8,8,8,False,
ucf101,val,v_CricketBowling_g05_c04,data/UCF101_data/UCF-101/CricketBowling/v_CricketBowling_g05_c04.avi,22,8,100,4,23,False,True,0.9125506281852722,0.009348354302346706,0.003787563124205917,0.7440724233165383,107,8,8,8,False,
ucf101,val,v_CricketBowling_g04_c04,data/UCF101_data/UCF-101/CricketBowling/v_CricketBowling_g04_c04.avi,22,8,100,4,91,False,False,0.18877950310707092,0.009699990972876549,0.003787563124205917,0.7335175340995193,103,8,8,8,False,
ucf101,val,v_CricketBowling_g01_c01,data/UCF101_data/UCF-101/CricketBowling/v_CricketBowling_g01_c01.avi,22,8,100,4,22,True,True,0.9156909584999084,0.008275133091956377,0.003787563124205917,0.7228153250180185,69,8,8,8,False,
ucf101,val,v_CricketBowling_g05_c03,data/UCF101_data/UCF-101/CricketBowling/v_CricketBowling_g05_c03.avi,22,8,100,4,23,False,True,0.9157044291496277,0.009565328247845173,0.003787563124205917,0.7136777187697589,98,8,8,8,False,
ucf101,val,v_CricketBowling_g02_c06,data/UCF101_data/UCF-101/CricketBowling/v_CricketBowling_g02_c06.avi,22,8,100,4,22,True,True,0.8132575154304504,0.010243521071970463,0.003787563124205917,0.7031430555507541,130,8,8,8,False,
ucf101,val,v_CricketBowling_g07_c02,data/UCF101_data/UCF-101/CricketBowling/v_CricketBowling_g07_c02.avi,22,8,100,4,23,False,True,0.7750215530395508,0.008461225312203169,0.003787563124205917,0.6917570787481964,75,8,8,8,False,
ucf101,val,v_CricketShot_g03_c04,data/UCF101_data/UCF-101/CricketShot/v_CricketShot_g03_c04.avi,23,8,100,4,23,True,True,0.6772973537445068,0.009846825152635574,0.003787563124205917,0.6823919168673456,101,8,8,8,False,
ucf101,val,v_CricketShot_g01_c05,data/UCF101_data/UCF-101/CricketShot/v_CricketShot_g01_c05.avi,23,8,100,4,22,False,True,0.7840713262557983,0.009426188189536333,0.003787563124205917,0.6715231509879231,95,8,8,8,False,
ucf101,val,v_CricketShot_g07_c07,data/UCF101_data/UCF-101/CricketShot/v_CricketShot_g07_c07.avi,23,8,100,4,88,False,True,0.45312705636024475,0.009715043008327484,0.003787563124205917,0.6611462151631713,102,8,8,8,False,
ucf101,val,v_CricketShot_g04_c02,data/UCF101_data/UCF-101/CricketShot/v_CricketShot_g04_c02.avi,23,8,100,4,22,False,True,0.8246015310287476,0.009850378148257732,0.003787563124205917,0.6504372940398753,116,8,8,8,False,
ucf101,val,v_CricketShot_g06_c07,data/UCF101_data/UCF-101/CricketShot/v_CricketShot_g06_c07.avi,23,8,100,4,23,True,True,0.9326997995376587,0.009514102712273598,0.003787563124205917,0.6397629110142589,100,8,8,8,False,
ucf101,val,v_CricketShot_g05_c05,data/UCF101_data/UCF-101/CricketShot/v_CricketShot_g05_c05.avi,23,8,100,4,23,True,True,0.964245080947876,0.007980051916092634,0.003787563124205917,0.6292177848517895,56,8,8,8,False,
ucf101,val,v_CricketShot_g04_c05,data/UCF101_data/UCF-101/CricketShot/v_CricketShot_g04_c05.avi,23,8,100,4,22,False,True,0.5226678252220154,0.009045320097357035,0.003787563124205917,0.6204951521940529,84,8,8,8,False,
ucf101,val,v_CricketShot_g05_c07,data/UCF101_data/UCF-101/CricketShot/v_CricketShot_g05_c07.avi,23,8,100,4,23,True,True,0.9573508501052856,0.00835811486467719,0.003787563124205917,0.6106951930560172,66,8,8,8,False,
ucf101,val,v_CricketShot_g04_c01,data/UCF101_data/UCF-101/CricketShot/v_CricketShot_g04_c01.avi,23,8,100,4,22,False,True,0.8515080213546753,0.008826098870486021,0.003787563124205917,0.6014411197975278,80,8,8,8,False,
ucf101,val,v_CricketShot_g01_c02,data/UCF101_data/UCF-101/CricketShot/v_CricketShot_g01_c02.avi,23,8,100,4,22,False,True,0.8835819959640503,0.009206552989780903,0.003787563124205917,0.591846885625273,91,8,8,8,False,
ucf101,val,v_CricketShot_g02_c01,data/UCF101_data/UCF-101/CricketShot/v_CricketShot_g02_c01.avi,23,8,100,4,23,True,True,0.9783135056495667,0.0095403753221035,0.003787563124205917,0.5816833088174462,105,8,8,8,False,
ucf101,val,v_CricketShot_g03_c03,data/UCF101_data/UCF-101/CricketShot/v_CricketShot_g03_c03.avi,23,8,100,4,23,True,True,0.8975295424461365,0.009285989683121443,0.003787563124205917,0.5710453540086746,93,8,8,8,False,
ucf101,val,v_CricketShot_g02_c05,data/UCF101_data/UCF-101/CricketShot/v_CricketShot_g02_c05.avi,23,8,100,4,23,True,True,0.9742947816848755,0.010398313868790865,0.003787563124205917,0.5607615150511265,127,8,8,8,False,
ucf101,val,v_CricketShot_g06_c03,data/UCF101_data/UCF-101/CricketShot/v_CricketShot_g06_c03.avi,23,8,100,4,23,True,True,0.934097945690155,0.010128302965313196,0.003787563124205917,0.5492296917364001,118,8,8,8,False,
ucf101,val,v_CricketShot_g01_c03,data/UCF101_data/UCF-101/CricketShot/v_CricketShot_g01_c03.avi,23,8,100,4,22,False,True,0.8368620276451111,0.009325063787400723,0.003787563124205917,0.5379670658148825,95,8,8,8,False,
ucf101,val,v_CricketShot_g01_c07,data/UCF101_data/UCF-101/CricketShot/v_CricketShot_g01_c07.avi,23,8,100,4,22,False,True,0.8876339793205261,0.00855887122452259,0.003787563124205917,0.527431093621999,71,8,8,8,False,
ucf101,val,v_CricketShot_g04_c07,data/UCF101_data/UCF-101/CricketShot/v_CricketShot_g04_c07.avi,23,8,100,4,22,False,True,0.9052295088768005,0.009058048017323017,0.003787563124205917,0.5179972690530121,88,8,8,8,False,
ucf101,val,v_CricketShot_g07_c04,data/UCF101_data/UCF-101/CricketShot/v_CricketShot_g07_c04.avi,23,8,100,4,23,True,True,0.2937150299549103,0.010715831071138382,0.003787563124205917,0.5081794881261885,118,8,8,8,False,
ucf101,val,v_CricketShot_g04_c03,data/UCF101_data/UCF-101/CricketShot/v_CricketShot_g04_c03.avi,23,8,100,4,22,False,True,0.8025774955749512,0.009422132279723883,0.003787563124205917,0.4963696328923106,99,8,8,8,False,
ucf101,val,v_CricketShot_g07_c01,data/UCF101_data/UCF-101/CricketShot/v_CricketShot_g07_c01.avi,23,8,100,4,23,True,True,0.6399523615837097,0.009682477917522192,0.003787563124205917,0.4859675741754472,100,8,8,8,False,
ucf101,val,v_CuttingInKitchen_g05_c03,data/UCF101_data/UCF-101/CuttingInKitchen/v_CuttingInKitchen_g05_c03.avi,24,8,100,4,24,True,True,0.9483094811439514,0.057978494092822075,0.0035263755708001554,0.9925050400197506,251,8,8,8,False,
ucf101,val,v_CuttingInKitchen_g06_c04,data/UCF101_data/UCF-101/CuttingInKitchen/v_CuttingInKitchen_g06_c04.avi,24,8,100,4,24,True,True,0.7757444381713867,0.012231844011694193,0.0035263755708001554,0.9325170586816967,168,8,8,8,False,
ucf101,val,v_CuttingInKitchen_g05_c02,data/UCF101_data/UCF-101/CuttingInKitchen/v_CuttingInKitchen_g05_c02.avi,24,8,100,4,24,True,True,0.9263327121734619,0.014114086050540209,0.0035263755708001554,0.9193461430259049,234,8,8,8,False,
ucf101,val,v_CuttingInKitchen_g04_c04,data/UCF101_data/UCF-101/CuttingInKitchen/v_CuttingInKitchen_g04_c04.avi,24,8,100,4,24,True,True,0.972389280796051,0.012776545248925686,0.0035263755708001554,0.9032966811209917,182,8,8,8,False,
ucf101,val,v_CuttingInKitchen_g01_c04,data/UCF101_data/UCF-101/CuttingInKitchen/v_CuttingInKitchen_g01_c04.avi,24,8,100,4,24,True,True,0.841603696346283,0.011872587725520134,0.0035263755708001554,0.8890565279871225,169,8,8,8,False,
ucf101,val,v_CuttingInKitchen_g03_c04,data/UCF101_data/UCF-101/CuttingInKitchen/v_CuttingInKitchen_g03_c04.avi,24,8,100,4,24,True,True,0.9621736407279968,0.015856559854000807,0.0035263755708001554,0.8758648750372231,260,8,8,8,False,
ucf101,val,v_CuttingInKitchen_g05_c01,data/UCF101_data/UCF-101/CuttingInKitchen/v_CuttingInKitchen_g05_c01.avi,24,8,100,4,24,True,True,0.9529744386672974,0.013458545319736004,0.0035263755708001554,0.8590282443910837,237,8,8,8,False,
ucf101,val,v_CuttingInKitchen_g02_c02,data/UCF101_data/UCF-101/CuttingInKitchen/v_CuttingInKitchen_g02_c02.avi,24,8,100,4,24,True,True,0.4938056170940399,0.008930257055908442,0.0035263755708001554,0.843902959022671,89,8,8,8,False,
ucf101,val,v_CuttingInKitchen_g02_c04,data/UCF101_data/UCF-101/CuttingInKitchen/v_CuttingInKitchen_g02_c04.avi,24,8,100,4,24,True,True,0.5987679362297058,0.010938736144453287,0.0035263755708001554,0.8340256959199905,147,8,8,8,False,
ucf101,val,v_CuttingInKitchen_g01_c02,data/UCF101_data/UCF-101/CuttingInKitchen/v_CuttingInKitchen_g01_c02.avi,24,8,100,4,24,True,True,0.9763862490653992,0.009305746760219336,0.0035263755708001554,0.8218782260082662,105,8,8,8,False,
ucf101,val,v_CuttingInKitchen_g05_c05,data/UCF101_data/UCF-101/CuttingInKitchen/v_CuttingInKitchen_g05_c05.avi,24,8,100,4,24,True,True,0.9351780414581299,0.013629566878080368,0.0035263755708001554,0.8115664715878665,238,8,8,8,False,
ucf101,val,v_CuttingInKitchen_g04_c01,data/UCF101_data/UCF-101/CuttingInKitchen/v_CuttingInKitchen_g04_c01.avi,24,8,100,4,24,True,True,0.9682261943817139,0.009649971965700388,0.0035263755708001554,0.7959766117855906,97,8,8,8,False,
ucf101,val,v_CuttingInKitchen_g01_c01,data/UCF101_data/UCF-101/CuttingInKitchen/v_CuttingInKitchen_g01_c01.avi,24,8,100,4,24,True,True,0.9403197169303894,0.01705955620855093,0.0035263755708001554,0.7855002200230956,301,8,8,8,False,
ucf101,val,v_CuttingInKitchen_g07_c01,data/UCF101_data/UCF-101/CuttingInKitchen/v_CuttingInKitchen_g07_c01.avi,24,8,100,4,24,True,True,0.9703407287597656,0.023493702057749033,0.0035263755708001554,0.7674233741126955,81,8,8,8,False,
ucf101,val,v_CuttingInKitchen_g04_c05,data/UCF101_data/UCF-101/CuttingInKitchen/v_CuttingInKitchen_g04_c05.avi,24,8,100,4,24,True,True,0.9594867825508118,0.014755337964743376,0.0035263755708001554,0.7421446382068098,208,8,8,8,False,
ucf101,val,v_CuttingInKitchen_g06_c02,data/UCF101_data/UCF-101/CuttingInKitchen/v_CuttingInKitchen_g06_c02.avi,24,8,100,4,24,True,True,0.9503044486045837,0.015741545241326094,0.0035263755708001554,0.7263744729571044,273,8,8,8,False,
ucf101,val,v_CuttingInKitchen_g03_c03,data/UCF101_data/UCF-101/CuttingInKitchen/v_CuttingInKitchen_g03_c03.avi,24,8,100,4,24,True,True,0.9479405283927917,0.0162853323854506,0.0035263755708001554,0.7090065609663725,266,8,8,8,False,
ucf101,val,v_CuttingInKitchen_g05_c04,data/UCF101_data/UCF-101/CuttingInKitchen/v_CuttingInKitchen_g05_c04.avi,24,8,100,4,24,True,True,0.9677160382270813,0.014311708975583315,0.0035263755708001554,0.6917121931910515,232,8,8,8,False,
ucf101,val,v_CuttingInKitchen_g05_c06,data/UCF101_data/UCF-101/CuttingInKitchen/v_CuttingInKitchen_g05_c06.avi,24,8,100,4,24,True,True,0.894488513469696,0.010534420143812895,0.0035263755708001554,0.676115530077368,141,8,8,8,False,
ucf101,val,v_CuttingInKitchen_g03_c02,data/UCF101_data/UCF-101/CuttingInKitchen/v_CuttingInKitchen_g03_c02.avi,24,8,100,4,24,True,True,0.9583649635314941,0.012882740702480078,0.0035263755708001554,0.6643981649540365,201,8,8,8,False,
ucf101,val,v_Diving_g04_c01,data/UCF101_data/UCF-101/Diving/v_Diving_g04_c01.avi,25,8,100,4,25,True,True,0.9771833419799805,0.014441288076341152,0.0035263755708001554,0.650000159163028,106,8,8,8,False,
ucf101,val,v_Diving_g06_c06,data/UCF101_data/UCF-101/Diving/v_Diving_g06_c06.avi,25,8,100,4,25,True,True,0.9838427305221558,0.014349078759551048,0.0035263755708001554,0.6346039026975632,219,8,8,8,False,
ucf101,val,v_Diving_g03_c07,data/UCF101_data/UCF-101/Diving/v_Diving_g03_c07.avi,25,8,100,4,25,True,True,0.9795668721199036,0.014137161429971457,0.0035263755708001554,0.619316061027348,103,8,8,8,False,
ucf101,val,v_Diving_g02_c01,data/UCF101_data/UCF-101/Diving/v_Diving_g02_c01.avi,25,8,100,4,25,True,True,0.978177547454834,0.014006526675075293,0.0035263755708001554,0.6042293268255889,134,8,8,8,False,
ucf101,val,v_Diving_g03_c06,data/UCF101_data/UCF-101/Diving/v_Diving_g03_c06.avi,25,8,100,4,25,True,True,0.9772905707359314,0.014020465780049562,0.0035263755708001554,0.5893183508887887,115,8,8,8,False,
ucf101,val,v_Diving_g05_c05,data/UCF101_data/UCF-101/Diving/v_Diving_g05_c05.avi,25,8,100,4,25,True,True,0.9819294810295105,0.014009303878992796,0.0035263755708001554,0.5741106532514095,101,8,8,8,False,
ucf101,val,v_Diving_g06_c07,data/UCF101_data/UCF-101/Diving/v_Diving_g06_c07.avi,25,8,100,4,25,True,True,0.9862716197967529,0.014354199171066284,0.0035263755708001554,0.5591859971173108,242,8,8,8,False,
ucf101,val,v_Diving_g04_c06,data/UCF101_data/UCF-101/Diving/v_Diving_g04_c06.avi,25,8,100,4,25,True,True,0.9625446200370789,0.014237933792173862,0.0035263755708001554,0.5439623217098415,120,8,8,8,False,
ucf101,val,v_Diving_g07_c02,data/UCF101_data/UCF-101/Diving/v_Diving_g07_c02.avi,25,8,100,4,25,True,True,0.9848029613494873,0.013683047145605087,0.0035263755708001554,0.5290352660231292,158,8,8,8,False,
ucf101,val,v_Diving_g04_c05,data/UCF101_data/UCF-101/Diving/v_Diving_g04_c05.avi,25,8,100,4,25,True,True,0.696858823299408,0.01485732663422823,0.0035263755708001554,0.5143665908835828,150,8,8,8,False,
ucf101,val,v_Diving_g03_c05,data/UCF101_data/UCF-101/Diving/v_Diving_g03_c05.avi,25,8,100,4,25,True,True,0.9851760864257812,0.015645702835172415,0.0035263755708001554,0.4985030400566757,248,8,8,8,False,
ucf101,val,v_Diving_g02_c02,data/UCF101_data/UCF-101/Diving/v_Diving_g02_c02.avi,25,8,100,4,25,True,True,0.9838233590126038,0.015413920860737562,0.0035263755708001554,0.48210135102272034,151,8,8,8,False,
ucf101,val,v_Diving_g02_c06,data/UCF101_data/UCF-101/Diving/v_Diving_g02_c06.avi,25,8,100,4,25,True,True,0.9789007902145386,0.03581786993891001,0.0034362240257905796,0.9807751341722906,152,8,8,8,False,
ucf101,val,v_Diving_g06_c04,data/UCF101_data/UCF-101/Diving/v_Diving_g06_c04.avi,25,8,100,4,25,True,True,0.9846735000610352,0.015812710858881474,0.0034362240257905796,0.9426439017988741,216,8,8,8,False,
ucf101,val,v_Diving_g07_c04,data/UCF101_data/UCF-101/Diving/v_Diving_g07_c04.avi,25,8,100,4,25,True,True,0.9798174500465393,0.013996584340929985,0.0034362240257905796,0.9258939255960286,173,8,8,8,False,
ucf101,val,v_Diving_g07_c03,data/UCF101_data/UCF-101/Diving/v_Diving_g07_c03.avi,25,8,100,4,25,True,True,0.984777569770813,0.014693604782223701,0.0034362240257905796,0.9110820600762963,216,8,8,8,False,
ucf101,val,v_Diving_g05_c03,data/UCF101_data/UCF-101/Diving/v_Diving_g05_c03.avi,25,8,100,4,25,True,True,0.9710890650749207,0.014268807135522366,0.0034362240257905796,0.8956272867508233,106,8,8,8,False,
ucf101,val,v_Diving_g04_c03,data/UCF101_data/UCF-101/Diving/v_Diving_g04_c03.avi,25,8,100,4,25,True,True,0.9535073637962341,0.013773450162261724,0.0034362240257905796,0.8801169120706618,146,8,8,8,False,
ucf101,val,v_Diving_g01_c06,data/UCF101_data/UCF-101/Diving/v_Diving_g01_c06.avi,25,8,100,4,25,True,True,0.9885731935501099,0.012502191122621298,0.0034362240257905796,0.8654315182939172,255,8,8,8,False,
ucf101,val,v_Diving_g06_c05,data/UCF101_data/UCF-101/Diving/v_Diving_g06_c05.avi,25,8,100,4,25,True,True,0.9768018126487732,0.01344933221116662,0.0034362240257905796,0.8522581523284316,125,8,8,8,False,
ucf101,val,v_Drumming_g06_c05,data/UCF101_data/UCF-101/Drumming/v_Drumming_g06_c05.avi,26,8,100,4,60,False,True,0.8933317065238953,0.015486998949199915,0.0034362240257905796,0.8378921058028936,300,8,8,8,False,
ucf101,val,v_Drumming_g04_c01,data/UCF101_data/UCF-101/Drumming/v_Drumming_g04_c01.avi,26,8,100,4,26,True,True,0.8135442137718201,0.014847765676677227,0.0034362240257905796,0.8217068267986178,300,8,8,8,False,
ucf101,val,v_Drumming_g04_c07,data/UCF101_data/UCF-101/Drumming/v_Drumming_g04_c07.avi,26,8,100,4,26,True,True,0.7042597532272339,0.015174378640949726,0.0034362240257905796,0.8061800212599337,300,8,8,8,False,
ucf101,val,v_Drumming_g06_c04,data/UCF101_data/UCF-101/Drumming/v_Drumming_g06_c04.avi,26,8,100,4,60,False,True,0.8753393292427063,0.015295510180294514,0.0034362240257905796,0.7903090207837522,300,8,8,8,False,
ucf101,val,v_Drumming_g01_c01,data/UCF101_data/UCF-101/Drumming/v_Drumming_g01_c01.avi,26,8,100,4,26,True,True,0.9864761829376221,0.015571475960314274,0.0034362240257905796,0.7741143903695047,300,8,8,8,False,
ucf101,val,v_Drumming_g07_c06,data/UCF101_data/UCF-101/Drumming/v_Drumming_g07_c06.avi,26,8,100,4,26,True,True,0.9876946210861206,0.015253070276230574,0.0034362240257905796,0.7578329159878194,300,8,8,8,False,
ucf101,val,v_Drumming_g03_c05,data/UCF101_data/UCF-101/Drumming/v_Drumming_g03_c05.avi,26,8,100,4,26,True,True,0.859560489654541,0.01423701737076044,0.0034362240257905796,0.7418893589638174,153,8,8,8,False,
ucf101,val,v_Drumming_g02_c07,data/UCF101_data/UCF-101/Drumming/v_Drumming_g02_c07.avi,26,8,100,4,26,True,True,0.9871094226837158,0.015000056009739637,0.0034362240257905796,0.7267250632867217,300,8,8,8,False,
ucf101,val,v_Drumming_g05_c02,data/UCF101_data/UCF-101/Drumming/v_Drumming_g05_c02.avi,26,8,100,4,26,True,True,0.9835487008094788,0.014478042721748352,0.0034362240257905796,0.7110375901684165,177,8,8,8,False,
ucf101,val,v_Drumming_g04_c02,data/UCF101_data/UCF-101/Drumming/v_Drumming_g04_c02.avi,26,8,100,4,26,True,True,0.9675111174583435,0.015070691239088774,0.0034362240257905796,0.6956280139274895,300,8,8,8,False,
ucf101,val,v_Drumming_g05_c04,data/UCF101_data/UCF-101/Drumming/v_Drumming_g05_c04.avi,26,8,100,4,26,True,True,0.9826435446739197,0.013847750145941973,0.0034362240257905796,0.6798747610300779,208,8,8,8,False,
ucf101,val,v_Drumming_g05_c03,data/UCF101_data/UCF-101/Drumming/v_Drumming_g05_c03.avi,26,8,100,4,26,True,True,0.9804820418357849,0.013537495862692595,0.0034362240257905796,0.6651337528601289,176,8,8,8,False,
ucf101,val,v_Drumming_g06_c02,data/UCF101_data/UCF-101/Drumming/v_Drumming_g06_c02.avi,26,8,100,4,60,False,True,0.57972651720047,0.015471416059881449,0.0034362240257905796,0.6509157228283584,300,8,8,8,False,
ucf101,val,v_Drumming_g06_c06,data/UCF101_data/UCF-101/Drumming/v_Drumming_g06_c06.avi,26,8,100,4,60,False,True,0.9026543498039246,0.01565579092130065,0.0034362240257905796,0.6347711747512221,300,8,8,8,False,
ucf101,val,v_Drumming_g03_c03,data/UCF101_data/UCF-101/Drumming/v_Drumming_g03_c03.avi,26,8,100,4,26,True,True,0.9524341821670532,0.01381754595786333,0.0034362240257905796,0.6184271983802319,111,8,8,8,False,
ucf101,val,v_Drumming_g03_c02,data/UCF101_data/UCF-101/Drumming/v_Drumming_g03_c02.avi,26,8,100,4,26,True,True,0.9225099682807922,0.014412474818527699,0.0034362240257905796,0.6036835997365415,231,8,8,8,False,
ucf101,val,v_Drumming_g07_c05,data/UCF101_data/UCF-101/Drumming/v_Drumming_g07_c05.avi,26,8,100,4,26,True,True,0.9865878224372864,0.015125921927392483,0.0034362240257905796,0.5883585717529058,300,8,8,8,False,
ucf101,val,v_Drumming_g06_c01,data/UCF101_data/UCF-101/Drumming/v_Drumming_g06_c01.avi,26,8,100,4,60,False,True,0.8692053556442261,0.015288643073290586,0.0034362240257905796,0.5725535009987652,300,8,8,8,False,
ucf101,val,v_Drumming_g04_c05,data/UCF101_data/UCF-101/Drumming/v_Drumming_g04_c05.avi,26,8,100,4,26,True,True,0.7423529028892517,0.015361007768660784,0.0034362240257905796,0.5562752932310104,300,8,8,8,False,
ucf101,val,v_Drumming_g01_c06,data/UCF101_data/UCF-101/Drumming/v_Drumming_g01_c06.avi,26,8,100,4,26,True,True,0.9867187142372131,0.015308350790292025,0.0034362240257905796,0.5402238140814006,300,8,8,8,False,
ucf101,val,v_Fencing_g01_c06,data/UCF101_data/UCF-101/Fencing/v_Fencing_g01_c06.avi,27,8,100,4,27,True,True,0.9560515880584717,0.014008048921823502,0.0034362240257905796,0.5242125149816275,174,8,8,8,False,
ucf101,val,v_Fencing_g04_c03,data/UCF101_data/UCF-101/Fencing/v_Fencing_g04_c03.avi,27,8,100,4,27,True,True,0.9646735191345215,0.015207638964056969,0.0034362240257905796,0.5093988757580519,152,8,8,8,False,
ucf101,val,v_Fencing_g05_c01,data/UCF101_data/UCF-101/Fencing/v_Fencing_g05_c01.avi,27,8,100,4,27,True,True,0.8963547945022583,0.014099650084972382,0.0034362240257905796,0.49351773504167795,139,8,8,8,False,
ucf101,val,v_Fencing_g01_c03,data/UCF101_data/UCF-101/Fencing/v_Fencing_g01_c03.avi,27,8,100,4,27,True,True,0.9685595631599426,0.013826539739966393,0.0034362240257905796,0.47846796875819564,147,8,8,8,False,
ucf101,val,v_Fencing_g06_c01,data/UCF101_data/UCF-101/Fencing/v_Fencing_g06_c01.avi,27,8,100,4,27,True,True,0.9252928495407104,0.02981387311592698,0.0034991970896953717,0.9289503898471594,142,8,8,8,False,
ucf101,val,v_Fencing_g05_c04,data/UCF101_data/UCF-101/Fencing/v_Fencing_g05_c04.avi,27,8,100,4,27,True,True,0.9517591595649719,0.015131371095776558,0.0034991970896953717,0.8964334679767489,130,8,8,8,False,
ucf101,val,v_Fencing_g02_c02,data/UCF101_data/UCF-101/Fencing/v_Fencing_g02_c02.avi,27,8,100,4,27,True,True,0.9494978189468384,0.015135115012526512,0.0034991970896953717,0.8803187711164355,132,8,8,8,False,
ucf101,val,v_Fencing_g07_c02,data/UCF101_data/UCF-101/Fencing/v_Fencing_g07_c02.avi,27,8,100,4,27,True,True,0.977321207523346,0.013746816199272871,0.0034991970896953717,0.8644991400651634,110,8,8,8,False,
ucf101,val,v_Fencing_g02_c04,data/UCF101_data/UCF-101/Fencing/v_Fencing_g02_c04.avi,27,8,100,4,27,True,True,0.9473080635070801,0.014629808720201254,0.0034991970896953717,0.8498343280516565,119,8,8,8,False,
ucf101,val,v_Fencing_g06_c02,data/UCF101_data/UCF-101/Fencing/v_Fencing_g06_c02.avi,27,8,100,4,27,True,True,0.3833974003791809,0.014830175321549177,0.0034991970896953717,0.8341187383048236,151,8,8,8,False,
ucf101,val,v_Fencing_g02_c01,data/UCF101_data/UCF-101/Fencing/v_Fencing_g02_c01.avi,27,8,100,4,27,True,True,0.9664669036865234,0.014461193233728409,0.0034991970896953717,0.817995750810951,142,8,8,8,False,
ucf101,val,v_Fencing_g01_c05,data/UCF101_data/UCF-101/Fencing/v_Fencing_g01_c05.avi,27,8,100,4,27,True,True,0.9484139084815979,0.013924912083894014,0.0034991970896953717,0.8025861028581858,136,8,8,8,False,
ucf101,val,v_Fencing_g01_c01,data/UCF101_data/UCF-101/Fencing/v_Fencing_g01_c01.avi,27,8,100,4,27,True,True,0.8998200297355652,0.013854685239493847,0.0034991970896953717,0.7878818288445473,147,8,8,8,False,
ucf101,val,v_Fencing_g01_c02,data/UCF101_data/UCF-101/Fencing/v_Fencing_g01_c02.avi,27,8,100,4,27,True,True,0.9686320424079895,0.01501259719952941,0.0034991970896953717,0.7731326092034578,161,8,8,8,False,
ucf101,val,v_Fencing_g06_c03,data/UCF101_data/UCF-101/Fencing/v_Fencing_g06_c03.avi,27,8,100,4,27,True,True,0.9752684831619263,0.013479960151016712,0.0034991970896953717,0.7570473528467119,126,8,8,8,False,
ucf101,val,v_Fencing_g03_c05,data/UCF101_data/UCF-101/Fencing/v_Fencing_g03_c05.avi,27,8,100,4,27,True,True,0.6047561168670654,0.014200954232364893,0.0034991970896953717,0.7426657071337104,138,8,8,8,False,
ucf101,val,v_Fencing_g07_c01,data/UCF101_data/UCF-101/Fencing/v_Fencing_g07_c01.avi,27,8,100,4,27,True,True,0.9789761900901794,0.01374016935005784,0.0034991970896953717,0.7275416110642254,147,8,8,8,False,
ucf101,val,v_Fencing_g03_c04,data/UCF101_data/UCF-101/Fencing/v_Fencing_g03_c04.avi,27,8,100,4,27,True,True,0.9112437963485718,0.014008504338562489,0.0034991970896953717,0.7126825051382184,94,8,8,8,False,
ucf101,val,v_Fencing_g03_c03,data/UCF101_data/UCF-101/Fencing/v_Fencing_g03_c03.avi,27,8,100,4,27,True,True,0.9739313721656799,0.013576419092714787,0.0034991970896953717,0.6977643179707229,111,8,8,8,False,
ucf101,val,v_Fencing_g04_c01,data/UCF101_data/UCF-101/Fencing/v_Fencing_g04_c01.avi,27,8,100,4,27,True,True,0.8843397498130798,0.012274724896997213,0.0034991970896953717,0.6832600589841604,170,8,8,8,False,
ucf101,val,v_FieldHockeyPenalty_g07_c01,data/UCF101_data/UCF-101/FieldHockeyPenalty/v_FieldHockeyPenalty_g07_c01.avi,28,8,100,4,28,True,True,0.856437623500824,0.00859664473682642,0.0034991970896953717,0.6700973310507834,72,8,8,8,False,
ucf101,val,v_FieldHockeyPenalty_g03_c02,data/UCF101_data/UCF-101/FieldHockeyPenalty/v_FieldHockeyPenalty_g03_c02.avi,28,8,100,4,28,True,True,0.9166954159736633,0.009136266075074673,0.0034991970896953717,0.6606741440482438,82,8,8,8,False,
ucf101,val,v_FieldHockeyPenalty_g05_c03,data/UCF101_data/UCF-101/FieldHockeyPenalty/v_FieldHockeyPenalty_g05_c03.avi,28,8,100,4,28,True,True,0.9692725539207458,0.009603451006114483,0.0034991970896953717,0.6505958829075098,112,8,8,8,False,
ucf101,val,v_FieldHockeyPenalty_g06_c03,data/UCF101_data/UCF-101/FieldHockeyPenalty/v_FieldHockeyPenalty_g06_c03.avi,28,8,100,4,28,True,True,0.37846511602401733,0.011213027406483889,0.0034991970896953717,0.6401108829304576,170,8,8,8,False,
ucf101,val,v_FieldHockeyPenalty_g05_c04,data/UCF101_data/UCF-101/FieldHockeyPenalty/v_FieldHockeyPenalty_g05_c04.avi,28,8,100,4,28,True,True,0.954861581325531,0.008716582786291838,0.0034991970896953717,0.627530621830374,67,8,8,8,False,
ucf101,val,v_FieldHockeyPenalty_g04_c01,data/UCF101_data/UCF-101/FieldHockeyPenalty/v_FieldHockeyPenalty_g04_c01.avi,28,8,100,4,28,True,True,0.6393820643424988,0.022336971014738083,0.0034991970896953717,0.6179586863145232,66,8,8,8,False,
ucf101,val,v_FieldHockeyPenalty_g02_c05,data/UCF101_data/UCF-101/FieldHockeyPenalty/v_FieldHockeyPenalty_g02_c05.avi,28,8,100,4,96,False,True,0.2799476087093353,0.014732768759131432,0.0034991970896953717,0.5924506518058479,169,8,8,8,False,
ucf101,val,v_FieldHockeyPenalty_g01_c01,data/UCF101_data/UCF-101/FieldHockeyPenalty/v_FieldHockeyPenalty_g01_c01.avi,28,8,100,4,28,True,True,0.9015977382659912,0.010437444783747196,0.0034991970896953717,0.5763920000754297,131,8,8,8,False,
ucf101,val,v_FieldHockeyPenalty_g02_c02,data/UCF101_data/UCF-101/FieldHockeyPenalty/v_FieldHockeyPenalty_g02_c02.avi,28,8,100,4,84,False,True,0.6505011916160583,0.010785109363496304,0.0034991970896953717,0.5648110178299248,141,8,8,8,False,
ucf101,val,v_FieldHockeyPenalty_g07_c02,data/UCF101_data/UCF-101/FieldHockeyPenalty/v_FieldHockeyPenalty_g07_c02.avi,28,8,100,4,28,True,True,0.8757964372634888,0.008651967160403728,0.0034991970896953717,0.5528135253116488,81,8,8,8,False,
ucf101,val,v_FieldHockeyPenalty_g03_c03,data/UCF101_data/UCF-101/FieldHockeyPenalty/v_FieldHockeyPenalty_g03_c03.avi,28,8,100,4,28,True,True,0.6924704313278198,0.007094237022101879,0.0034991970896953717,0.5432215710170567,34,8,8,8,False,
ucf101,val,v_FieldHockeyPenalty_g02_c03,data/UCF101_data/UCF-101/FieldHockeyPenalty/v_FieldHockeyPenalty_g02_c03.avi,28,8,100,4,84,False,True,0.2785145938396454,0.011081867385655642,0.0034991970896953717,0.5353109398856759,151,8,8,8,False,
ucf101,val,v_FieldHockeyPenalty_g02_c01,data/UCF101_data/UCF-101/FieldHockeyPenalty/v_FieldHockeyPenalty_g02_c01.avi,28,8,100,4,84,False,True,0.5516070127487183,0.009357674047350883,0.0034991970896953717,0.5229865480214357,105,8,8,8,False,
ucf101,val,v_FieldHockeyPenalty_g06_c07,data/UCF101_data/UCF-101/FieldHockeyPenalty/v_FieldHockeyPenalty_g06_c07.avi,28,8,100,4,28,True,True,0.6374682784080505,0.010331118945032358,0.0034991970896953717,0.5125800762325525,140,8,8,8,False,
ucf101,val,v_FieldHockeyPenalty_g05_c01,data/UCF101_data/UCF-101/FieldHockeyPenalty/v_FieldHockeyPenalty_g05_c01.avi,28,8,100,4,28,True,True,0.9678905606269836,0.00981642259284854,0.0034991970896953717,0.5013687396422029,100,8,8,8,False,
ucf101,val,v_FieldHockeyPenalty_g04_c02,data/UCF101_data/UCF-101/FieldHockeyPenalty/v_FieldHockeyPenalty_g04_c02.avi,28,8,100,4,28,True,True,0.7046536207199097,0.023963646963238716,0.0034991970896953717,0.4905559499748051,65,8,8,8,False,
ucf101,val,v_FieldHockeyPenalty_g03_c04,data/UCF101_data/UCF-101/FieldHockeyPenalty/v_FieldHockeyPenalty_g03_c04.avi,28,8,100,4,40,False,False,0.2974150776863098,0.020763817243278027,0.003621585594373755,1.0157080837525427,70,8,8,8,False,
ucf101,val,v_FieldHockeyPenalty_g01_c02,data/UCF101_data/UCF-101/FieldHockeyPenalty/v_FieldHockeyPenalty_g01_c02.avi,28,8,100,4,28,True,True,0.81190025806427,0.014418169390410185,0.003621585594373755,0.9921793681569397,180,8,8,8,False,
ucf101,val,v_FieldHockeyPenalty_g04_c03,data/UCF101_data/UCF-101/FieldHockeyPenalty/v_FieldHockeyPenalty_g04_c03.avi,28,8,100,4,23,False,True,0.6875008940696716,0.02750267693772912,0.003621585594373755,0.9768059500493109,82,8,8,8,False,
ucf101,val,v_FieldHockeyPenalty_g05_c07,data/UCF101_data/UCF-101/FieldHockeyPenalty/v_FieldHockeyPenalty_g05_c07.avi,28,8,100,4,28,True,True,0.9601770639419556,0.012260919902473688,0.003621585594373755,0.9470279100351036,107,8,8,8,False,
ucf101,val,v_FloorGymnastics_g02_c03,data/UCF101_data/UCF-101/FloorGymnastics/v_FloorGymnastics_g02_c03.avi,29,8,100,4,29,True,True,0.9688684344291687,0.010733805131167173,0.003621585594373755,0.9336152509786189,119,8,8,8,False,
ucf101,val,v_FloorGymnastics_g07_c01,data/UCF101_data/UCF-101/FloorGymnastics/v_FloorGymnastics_g07_c01.avi,29,8,100,4,4,False,True,0.45811110734939575,0.01089951442554593,0.003621585594373755,0.9218140956945717,142,8,8,8,False,
ucf101,val,v_FloorGymnastics_g02_c04,data/UCF101_data/UCF-101/FloorGymnastics/v_FloorGymnastics_g02_c04.avi,29,8,100,4,29,True,True,0.745331883430481,0.010484650731086731,0.003621585594373755,0.9095311858691275,125,8,8,8,False,
ucf101,val,v_FloorGymnastics_g07_c06,data/UCF101_data/UCF-101/FloorGymnastics/v_FloorGymnastics_g07_c06.avi,29,8,100,4,29,True,True,0.7685181498527527,0.010177318006753922,0.003621585594373755,0.8979550469666719,113,8,8,8,False,
ucf101,val,v_FloorGymnastics_g05_c03,data/UCF101_data/UCF-101/FloorGymnastics/v_FloorGymnastics_g05_c03.avi,29,8,100,4,29,True,True,0.9750252366065979,0.011791930999606848,0.003621585594373755,0.8867030940018594,162,8,8,8,False,
ucf101,val,v_FloorGymnastics_g07_c02,data/UCF101_data/UCF-101/FloorGymnastics/v_FloorGymnastics_g07_c02.avi,29,8,100,4,29,True,True,0.9411486983299255,0.01030617905780673,0.003621585594373755,0.8736376608721912,126,8,8,8,False,
ucf101,val,v_FloorGymnastics_g06_c03,data/UCF101_data/UCF-101/FloorGymnastics/v_FloorGymnastics_g06_c03.avi,29,8,100,4,29,True,True,0.9379203915596008,0.012664127163589,0.003621585594373755,0.8621915583498776,184,8,8,8,False,
ucf101,val,v_FloorGymnastics_g06_c07,data/UCF101_data/UCF-101/FloorGymnastics/v_FloorGymnastics_g06_c07.avi,29,8,100,4,4,False,True,0.4655122458934784,0.055761444848030806,0.003621585594373755,0.8485646797344089,196,8,8,8,False,
ucf101,val,v_FloorGymnastics_g04_c02,data/UCF101_data/UCF-101/FloorGymnastics/v_FloorGymnastics_g04_c02.avi,29,8,100,4,29,True,True,0.942902147769928,0.00994822196662426,0.003621585594373755,0.7899166271090508,98,8,8,8,False,
ucf101,val,v_FloorGymnastics_g05_c02,data/UCF101_data/UCF-101/FloorGymnastics/v_FloorGymnastics_g05_c02.avi,29,8,100,4,29,True,True,0.9681524038314819,0.013602857943624258,0.003621585594373755,0.7789805699139833,211,8,8,8,False,
ucf101,val,v_FloorGymnastics_g06_c02,data/UCF101_data/UCF-101/FloorGymnastics/v_FloorGymnastics_g06_c02.avi,29,8,100,4,29,True,True,0.9508993625640869,0.012428433168679476,0.003621585594373755,0.7638628142885864,182,8,8,8,False,
ucf101,val,v_FloorGymnastics_g04_c04,data/UCF101_data/UCF-101/FloorGymnastics/v_FloorGymnastics_g04_c04.avi,29,8,100,4,29,True,True,0.9652561545372009,0.010855718050152063,0.003621585594373755,0.7500443938188255,139,8,8,8,False,
ucf101,val,v_FloorGymnastics_g04_c01,data/UCF101_data/UCF-101/FloorGymnastics/v_FloorGymnastics_g04_c01.avi,29,8,100,4,29,True,True,0.9590200781822205,0.009087499231100082,0.003621585594373755,0.73800392402336,95,8,8,8,False,
ucf101,val,v_FloorGymnastics_g04_c05,data/UCF101_data/UCF-101/FloorGymnastics/v_FloorGymnastics_g04_c05.avi,29,8,100,4,29,True,True,0.7388131618499756,0.012082199100404978,0.003621585594373755,0.7278933748602867,163,8,8,8,False,
ucf101,val,v_FloorGymnastics_g06_c06,data/UCF101_data/UCF-101/FloorGymnastics/v_FloorGymnastics_g06_c06.avi,29,8,100,4,4,False,True,0.4365846514701843,0.05527139687910676,0.003621585594373755,0.7145449207164347,196,8,8,8,False,
ucf101,val,v_FloorGymnastics_g02_c01,data/UCF101_data/UCF-101/FloorGymnastics/v_FloorGymnastics_g02_c01.avi,29,8,100,4,29,True,True,0.9310818314552307,0.011472577229142189,0.003621585594373755,0.6559987156651914,137,8,8,8,False,
ucf101,val,v_FloorGymnastics_g04_c03,data/UCF101_data/UCF-101/FloorGymnastics/v_FloorGymnastics_g04_c03.avi,29,8,100,4,29,True,True,0.9073677062988281,0.01829862827435136,0.003621585594373755,0.6432148111052811,271,8,8,8,False,
ucf101,val,v_FloorGymnastics_g05_c04,data/UCF101_data/UCF-101/FloorGymnastics/v_FloorGymnastics_g05_c04.avi,29,8,100,4,29,True,True,0.9667792320251465,0.03691858984529972,0.003621585594373755,0.6235989378765225,115,8,8,8,False,
ucf101,val,v_FloorGymnastics_g07_c05,data/UCF101_data/UCF-101/FloorGymnastics/v_FloorGymnastics_g07_c05.avi,29,8,100,4,29,True,True,0.6445557475090027,0.013936625327914953,0.003621585594373755,0.5839310628362,174,8,8,8,False,
ucf101,val,v_FloorGymnastics_g07_c07,data/UCF101_data/UCF-101/FloorGymnastics/v_FloorGymnastics_g07_c07.avi,29,8,100,4,29,True,True,0.828281819820404,0.012245568912476301,0.003621585594373755,0.5684557240456343,137,8,8,8,False,
ucf101,val,v_FrisbeeCatch_g04_c02,data/UCF101_data/UCF-101/FrisbeeCatch/v_FrisbeeCatch_g04_c02.avi,30,8,100,4,30,True,True,0.9857314229011536,0.009425806812942028,0.003621585594373755,0.5547528099268675,69,8,8,8,False,
ucf101,val,v_FrisbeeCatch_g07_c03,data/UCF101_data/UCF-101/FrisbeeCatch/v_FrisbeeCatch_g07_c03.avi,30,8,100,4,30,True,True,0.9784566164016724,0.011161283124238253,0.003621585594373755,0.5441877748817205,140,8,8,8,False,
ucf101,val,v_FrisbeeCatch_g07_c01,data/UCF101_data/UCF-101/FrisbeeCatch/v_FrisbeeCatch_g07_c01.avi,30,8,100,4,30,True,True,0.9813382625579834,0.010118416976183653,0.003621585594373755,0.532138948328793,111,8,8,8,False,
ucf101,val,v_FrisbeeCatch_g03_c05,data/UCF101_data/UCF-101/FrisbeeCatch/v_FrisbeeCatch_g03_c05.avi,30,8,100,4,30,True,True,0.954127848148346,0.008087086956948042,0.003621585594373755,0.5209647789597511,57,8,8,8,False,
ucf101,val,v_FrisbeeCatch_g07_c06,data/UCF101_data/UCF-101/FrisbeeCatch/v_FrisbeeCatch_g07_c06.avi,30,8,100,4,30,True,True,0.9713277816772461,0.010845848359167576,0.003621585594373755,0.5120145292021334,126,8,8,8,False,
ucf101,val,v_FrisbeeCatch_g06_c03,data/UCF101_data/UCF-101/FrisbeeCatch/v_FrisbeeCatch_g06_c03.avi,30,8,100,4,30,True,True,0.9332749247550964,0.009374801069498062,0.003621585594373755,0.5000223168171942,85,8,8,8,False,
ucf101,val,v_FrisbeeCatch_g01_c03,data/UCF101_data/UCF-101/FrisbeeCatch/v_FrisbeeCatch_g01_c03.avi,30,8,100,4,30,True,True,0.9456181526184082,0.009796541184186935,0.003621585594373755,0.4896442983299494,100,8,8,8,False,
ucf101,val,v_FrisbeeCatch_g05_c02,data/UCF101_data/UCF-101/FrisbeeCatch/v_FrisbeeCatch_g05_c02.avi,30,8,100,4,30,True,True,0.9457415342330933,0.009558767080307007,0.003621585594373755,0.4790306412614882,89,8,8,8,False,
ucf101,val,v_FrisbeeCatch_g02_c04,data/UCF101_data/UCF-101/FrisbeeCatch/v_FrisbeeCatch_g02_c04.avi,30,8,100,4,30,True,True,0.9808036684989929,0.029793457128107548,0.003390298777958378,0.8798548011109233,106,8,8,8,False,
ucf101,val,v_FrisbeeCatch_g02_c02,data/UCF101_data/UCF-101/FrisbeeCatch/v_FrisbeeCatch_g02_c02.avi,30,8,100,4,30,True,True,0.9848505258560181,0.010215001180768013,0.003390298777958378,0.8481644112616777,86,8,8,8,False,
ucf101,val,v_FrisbeeCatch_g02_c03,data/UCF101_data/UCF-101/FrisbeeCatch/v_FrisbeeCatch_g02_c03.avi,30,8,100,4,30,True,True,0.9774895310401917,0.00989099033176899,0.003390298777958378,0.8369798688217998,99,8,8,8,False,
ucf101,val,v_FrisbeeCatch_g02_c05,data/UCF101_data/UCF-101/FrisbeeCatch/v_FrisbeeCatch_g02_c05.avi,30,8,100,4,30,True,True,0.9837096929550171,0.009375293739140034,0.003390298777958378,0.826070053037256,90,8,8,8,False,
ucf101,val,v_FrisbeeCatch_g05_c05,data/UCF101_data/UCF-101/FrisbeeCatch/v_FrisbeeCatch_g05_c05.avi,30,8,100,4,30,True,True,0.9406182169914246,0.008536159992218018,0.003390298777958378,0.8157397187314928,74,8,8,8,False,
ucf101,val,v_FrisbeeCatch_g07_c02,data/UCF101_data/UCF-101/FrisbeeCatch/v_FrisbeeCatch_g07_c02.avi,30,8,100,4,30,True,True,0.9634305238723755,0.010499904863536358,0.003390298777958378,0.8062652521766722,121,8,8,8,False,
ucf101,val,v_FrisbeeCatch_g06_c05,data/UCF101_data/UCF-101/FrisbeeCatch/v_FrisbeeCatch_g06_c05.avi,30,8,100,4,30,True,True,0.9333962798118591,0.00939636630937457,0.003390298777958378,0.7946475516073406,90,8,8,8,False,
ucf101,val,v_FrisbeeCatch_g01_c05,data/UCF101_data/UCF-101/FrisbeeCatch/v_FrisbeeCatch_g01_c05.avi,30,8,100,4,30,True,True,0.9802035093307495,0.009169205091893673,0.003390298777958378,0.7842617142014205,85,8,8,8,False,
ucf101,val,v_FrisbeeCatch_g05_c01,data/UCF101_data/UCF-101/FrisbeeCatch/v_FrisbeeCatch_g05_c01.avi,30,8,100,4,30,True,True,0.9557709097862244,0.008466554805636406,0.003390298777958378,0.7739771609194577,70,8,8,8,False,
ucf101,val,v_FrisbeeCatch_g06_c02,data/UCF101_data/UCF-101/FrisbeeCatch/v_FrisbeeCatch_g06_c02.avi,30,8,100,4,30,True,True,0.9312103986740112,0.01000571995973587,0.003390298777958378,0.7645703288726509,101,8,8,8,False,
ucf101,val,v_FrisbeeCatch_g03_c02,data/UCF101_data/UCF-101/FrisbeeCatch/v_FrisbeeCatch_g03_c02.avi,30,8,100,4,30,True,True,0.966794490814209,0.009632564149796963,0.003390298777958378,0.7535040229558945,99,8,8,8,False,
ucf101,val,v_FrisbeeCatch_g04_c05,data/UCF101_data/UCF-101/FrisbeeCatch/v_FrisbeeCatch_g04_c05.avi,30,8,100,4,30,True,True,0.9852434396743774,0.00904185138642788,0.003390298777958378,0.7427897960878909,83,8,8,8,False,
ucf101,val,v_FrontCrawl_g03_c06,data/UCF101_data/UCF-101/FrontCrawl/v_FrontCrawl_g03_c06.avi,31,8,100,4,31,True,True,0.9341562390327454,0.013970419764518738,0.003390298777958378,0.7327762036584318,200,8,8,8,False,
ucf101,val,v_FrontCrawl_g02_c01,data/UCF101_data/UCF-101/FrontCrawl/v_FrontCrawl_g02_c01.avi,31,8,100,4,18,False,True,0.6278237104415894,0.00933327479287982,0.003390298777958378,0.7177922339178622,99,8,8,8,False,
ucf101,val,v_FrontCrawl_g06_c02,data/UCF101_data/UCF-101/FrontCrawl/v_FrontCrawl_g06_c02.avi,31,8,100,4,18,False,True,0.6004534959793091,0.00975227914750576,0.003390298777958378,0.707493222784251,108,8,8,8,False,
ucf101,val,v_FrontCrawl_g07_c05,data/UCF101_data/UCF-101/FrontCrawl/v_FrontCrawl_g07_c05.avi,31,8,100,4,31,True,True,0.8471595644950867,0.012670855037868023,0.003390298777958378,0.6969284382648766,175,8,8,8,False,
ucf101,val,v_FrontCrawl_g05_c01,data/UCF101_data/UCF-101/FrontCrawl/v_FrontCrawl_g05_c01.avi,31,8,100,4,31,True,True,0.9210978746414185,0.009730180259793997,0.003390298777958378,0.6829403876326978,100,8,8,8,False,
ucf101,val,v_FrontCrawl_g06_c05,data/UCF101_data/UCF-101/FrontCrawl/v_FrontCrawl_g06_c05.avi,31,8,100,4,18,False,True,0.47209155559539795,0.010777086950838566,0.003390298777958378,0.6722344639711082,143,8,8,8,False,
ucf101,val,v_FrontCrawl_g07_c07,data/UCF101_data/UCF-101/FrontCrawl/v_FrontCrawl_g07_c07.avi,31,8,100,4,31,True,True,0.9653438329696655,0.011810101103037596,0.003390298777958378,0.6602891348302364,157,8,8,8,False,
ucf101,val,v_FrontCrawl_g01_c02,data/UCF101_data/UCF-101/FrontCrawl/v_FrontCrawl_g01_c02.avi,31,8,100,4,18,False,True,0.48721078038215637,0.01081188814714551,0.003390298777958378,0.6472142720595002,139,8,8,8,False,
ucf101,val,v_FrontCrawl_g02_c03,data/UCF101_data/UCF-101/FrontCrawl/v_FrontCrawl_g02_c03.avi,31,8,100,4,18,False,True,0.4828687906265259,0.009227389004081488,0.003390298777958378,0.6351698646321893,92,8,8,8,False,
ucf101,val,v_FrontCrawl_g07_c04,data/UCF101_data/UCF-101/FrontCrawl/v_FrontCrawl_g07_c04.avi,31,8,100,4,31,True,True,0.8543363213539124,0.015205977950245142,0.003390298777958378,0.6251739640720189,219,8,8,8,False,
ucf101,val,v_FrontCrawl_g07_c01,data/UCF101_data/UCF-101/FrontCrawl/v_FrontCrawl_g07_c01.avi,31,8,100,4,31,True,True,0.9028670191764832,0.016819030046463013,0.003390298777958378,0.6088345372118056,268,8,8,8,False,
ucf101,val,v_FrontCrawl_g03_c05,data/UCF101_data/UCF-101/FrontCrawl/v_FrontCrawl_g03_c05.avi,31,8,100,4,31,True,True,0.918100893497467,0.01384437968954444,0.003390298777958378,0.5910790469497442,193,8,8,8,False,
ucf101,val,v_FrontCrawl_g05_c04,data/UCF101_data/UCF-101/FrontCrawl/v_FrontCrawl_g05_c04.avi,31,8,100,4,31,True,True,0.9091196656227112,0.011315826326608658,0.003390298777958378,0.5761347021907568,146,8,8,8,False,
ucf101,val,v_FrontCrawl_g04_c05,data/UCF101_data/UCF-101/FrontCrawl/v_FrontCrawl_g04_c05.avi,31,8,100,4,18,False,True,0.8902934789657593,0.022111832164227962,0.003390298777958378,0.5634326632134616,392,8,8,8,False,
ucf101,val,v_FrontCrawl_g05_c02,data/UCF101_data/UCF-101/FrontCrawl/v_FrontCrawl_g05_c02.avi,31,8,100,4,31,True,True,0.9347829818725586,0.009879878256469965,0.003390298777958378,0.5399371981620789,103,8,8,8,False,
ucf101,val,v_FrontCrawl_g01_c01,data/UCF101_data/UCF-101/FrontCrawl/v_FrontCrawl_g01_c01.avi,31,8,100,4,31,True,True,0.7106669545173645,0.010936614125967026,0.003390298777958378,0.529049030970782,138,8,8,8,False,
ucf101,val,v_FrontCrawl_g05_c03,data/UCF101_data/UCF-101/FrontCrawl/v_FrontCrawl_g05_c03.avi,31,8,100,4,31,True,True,0.9472956657409668,0.009713611099869013,0.003390298777958378,0.516929370816797,100,8,8,8,False,
ucf101,val,v_FrontCrawl_g06_c01,data/UCF101_data/UCF-101/FrontCrawl/v_FrontCrawl_g06_c01.avi,31,8,100,4,18,False,True,0.811344563961029,0.011169746052473783,0.003390298777958378,0.5064204963855445,150,8,8,8,False,
ucf101,val,v_FrontCrawl_g04_c02,data/UCF101_data/UCF-101/FrontCrawl/v_FrontCrawl_g04_c02.avi,31,8,100,4,18,False,True,0.5622353553771973,0.01651507383212447,0.003390298777958378,0.4940184988081455,262,8,8,8,False,
ucf101,val,v_FrontCrawl_g07_c03,data/UCF101_data/UCF-101/FrontCrawl/v_FrontCrawl_g07_c03.avi,31,8,100,4,31,True,True,0.950314462184906,0.01342710992321372,0.003390298777958378,0.47635567421093583,182,8,8,8,False,
ucf101,val,v_GolfSwing_g04_c06,data/UCF101_data/UCF-101/GolfSwing/v_GolfSwing_g04_c06.avi,32,8,100,4,32,True,True,0.9874709248542786,0.03890623804181814,0.003447681330726482,0.9349308032542467,233,8,8,8,False,
ucf101,val,v_GolfSwing_g04_c03,data/UCF101_data/UCF-101/GolfSwing/v_GolfSwing_g04_c03.avi,32,8,100,4,32,True,True,0.9895294308662415,0.013928587082773447,0.003447681330726482,0.893648331053555,171,8,8,8,False,
ucf101,val,v_GolfSwing_g05_c02,data/UCF101_data/UCF-101/GolfSwing/v_GolfSwing_g05_c02.avi,32,8,100,4,57,False,True,0.19128724932670593,0.014745786786079407,0.003447681330726482,0.8790106317028403,96,8,8,8,False,
ucf101,val,v_GolfSwing_g05_c04,data/UCF101_data/UCF-101/GolfSwing/v_GolfSwing_g05_c04.avi,32,8,100,4,32,True,True,0.9682402610778809,0.015063905622810125,0.003447681330726482,0.8635729467496276,162,8,8,8,False,
ucf101,val,v_GolfSwing_g07_c01,data/UCF101_data/UCF-101/GolfSwing/v_GolfSwing_g07_c01.avi,32,8,100,4,32,True,True,0.9735042452812195,0.015161029063165188,0.003447681330726482,0.8475432409904897,152,8,8,8,False,
ucf101,val,v_GolfSwing_g03_c05,data/UCF101_data/UCF-101/GolfSwing/v_GolfSwing_g03_c05.avi,32,8,100,4,2,False,True,0.47505807876586914,0.014062668662518263,0.003447681330726482,0.8314640838652849,146,8,8,8,False,
ucf101,val,v_GolfSwing_g06_c02,data/UCF101_data/UCF-101/GolfSwing/v_GolfSwing_g06_c02.avi,32,8,100,4,22,False,True,0.3583102226257324,0.014001994859427214,0.003447681330726482,0.8164559388533235,109,8,8,8,False,
ucf101,val,v_GolfSwing_g06_c04,data/UCF101_data/UCF-101/GolfSwing/v_GolfSwing_g06_c04.avi,32,8,100,4,32,True,True,0.9800270199775696,0.01369159808382392,0.003447681330726482,0.8014239869080484,127,8,8,8,False,
ucf101,val,v_GolfSwing_g02_c03,data/UCF101_data/UCF-101/GolfSwing/v_GolfSwing_g02_c03.avi,32,8,100,4,83,False,False,0.387465238571167,0.013578196987509727,0.003447681330726482,0.7867439752444625,92,8,8,8,False,
ucf101,val,v_GolfSwing_g03_c04,data/UCF101_data/UCF-101/GolfSwing/v_GolfSwing_g03_c04.avi,32,8,100,4,2,False,True,0.6308160424232483,0.013870352879166603,0.003447681330726482,0.7724686027504504,145,8,8,8,False,
ucf101,val,v_GolfSwing_g03_c06,data/UCF101_data/UCF-101/GolfSwing/v_GolfSwing_g03_c06.avi,32,8,100,4,32,True,True,0.9126419425010681,0.015181974973529577,0.003447681330726482,0.7576871989294887,252,8,8,8,False,
ucf101,val,v_GolfSwing_g01_c01,data/UCF101_data/UCF-101/GolfSwing/v_GolfSwing_g01_c01.avi,32,8,100,4,32,True,True,0.9825661182403564,0.012521042954176664,0.003447681330726482,0.7418120480142534,172,8,8,8,False,
ucf101,val,v_GolfSwing_g03_c03,data/UCF101_data/UCF-101/GolfSwing/v_GolfSwing_g03_c03.avi,32,8,100,4,32,True,True,0.6356045007705688,0.014822470024228096,0.003447681330726482,0.7283921232447028,180,8,8,8,False,
ucf101,val,v_GolfSwing_g03_c01,data/UCF101_data/UCF-101/GolfSwing/v_GolfSwing_g03_c01.avi,32,8,100,4,32,True,True,0.9679777026176453,0.014051074627786875,0.003447681330726482,0.7127753258682787,132,8,8,8,False,
ucf101,val,v_GolfSwing_g04_c05,data/UCF101_data/UCF-101/GolfSwing/v_GolfSwing_g04_c05.avi,32,8,100,4,32,True,True,0.9895833730697632,0.015934578143060207,0.003447681330726482,0.6980503890663385,345,8,8,8,False,
ucf101,val,v_GolfSwing_g07_c03,data/UCF101_data/UCF-101/GolfSwing/v_GolfSwing_g07_c03.avi,32,8,100,4,32,True,True,0.9654269218444824,0.014045165851712227,0.003447681330726482,0.6811651769094169,127,8,8,8,False,
ucf101,val,v_GolfSwing_g07_c02,data/UCF101_data/UCF-101/GolfSwing/v_GolfSwing_g07_c02.avi,32,8,100,4,32,True,True,0.957028329372406,0.014366243034601212,0.003447681330726482,0.6661050682887435,101,8,8,8,False,
ucf101,val,v_GolfSwing_g01_c06,data/UCF101_data/UCF-101/GolfSwing/v_GolfSwing_g01_c06.avi,32,8,100,4,32,True,True,0.984050452709198,0.016080240719020367,0.003447681330726482,0.6507543292827904,518,8,8,8,False,
ucf101,val,v_GolfSwing_g06_c03,data/UCF101_data/UCF-101/GolfSwing/v_GolfSwing_g06_c03.avi,32,8,100,4,32,True,True,0.9877604246139526,0.01396518899127841,0.003447681330726482,0.6336871832609177,91,8,8,8,False,
ucf101,val,v_GolfSwing_g01_c05,data/UCF101_data/UCF-101/GolfSwing/v_GolfSwing_g01_c05.avi,32,8,100,4,32,True,True,0.9785757660865784,0.01821507979184389,0.003447681330726482,0.6186779360286891,621,8,8,8,False,
ucf101,val,v_Haircut_g01_c02,data/UCF101_data/UCF-101/Haircut/v_Haircut_g01_c02.avi,33,8,100,4,33,True,True,0.8809720277786255,0.010893967933952808,0.003447681330726482,0.5993298459798098,123,8,8,8,False,
ucf101,val,v_Haircut_g06_c03,data/UCF101_data/UCF-101/Haircut/v_Haircut_g06_c03.avi,33,8,100,4,33,True,True,0.6816937327384949,0.01071822876110673,0.003447681330726482,0.5872956151142716,126,8,8,8,False,
ucf101,val,v_Haircut_g04_c05,data/UCF101_data/UCF-101/Haircut/v_Haircut_g04_c05.avi,33,8,100,4,33,True,True,0.6870442628860474,0.011657672002911568,0.003447681330726482,0.5753694851882756,154,8,8,8,False,
ucf101,val,v_Haircut_g07_c04,data/UCF101_data/UCF-101/Haircut/v_Haircut_g07_c04.avi,33,8,100,4,33,True,True,0.9150078296661377,0.01019648090004921,0.003447681330726482,0.5624605310149491,115,8,8,8,False,
ucf101,val,v_Haircut_g05_c03,data/UCF101_data/UCF-101/Haircut/v_Haircut_g05_c03.avi,33,8,100,4,33,True,True,0.38473156094551086,0.009633481968194246,0.003447681330726482,0.5511521468870342,107,8,8,8,False,
ucf101,val,v_Haircut_g01_c01,data/UCF101_data/UCF-101/Haircut/v_Haircut_g01_c01.avi,33,8,100,4,33,True,True,0.9564681053161621,0.01118965120986104,0.003447681330726482,0.5404831310734153,135,8,8,8,False,
ucf101,val,v_Haircut_g01_c03,data/UCF101_data/UCF-101/Haircut/v_Haircut_g01_c03.avi,33,8,100,4,33,True,True,0.5158796906471252,0.009780860971659422,0.003447681330726482,0.5280510960146785,110,8,8,8,False,
ucf101,val,v_Haircut_g05_c02,data/UCF101_data/UCF-101/Haircut/v_Haircut_g05_c02.avi,33,8,100,4,33,True,True,0.958519697189331,0.009514471050351858,0.003447681330726482,0.5170196136459708,105,8,8,8,False,
ucf101,val,v_Haircut_g03_c06,data/UCF101_data/UCF-101/Haircut/v_Haircut_g03_c06.avi,33,8,100,4,33,True,True,0.5957505106925964,0.009968414902687073,0.003447681330726482,0.5064988289959729,115,8,8,8,False,
ucf101,val,v_Haircut_g02_c01,data/UCF101_data/UCF-101/Haircut/v_Haircut_g02_c01.avi,33,8,100,4,33,True,True,0.9229309558868408,0.009269685950130224,0.003447681330726482,0.4954382316209376,89,8,8,8,False,
ucf101,val,v_Haircut_g04_c01,data/UCF101_data/UCF-101/Haircut/v_Haircut_g04_c01.avi,33,8,100,4,33,True,True,0.7186299562454224,0.011187263764441013,0.003447681330726482,0.48521396424621344,149,8,8,8,False,
ucf101,val,v_Haircut_g02_c02,data/UCF101_data/UCF-101/Haircut/v_Haircut_g02_c02.avi,33,8,100,4,59,False,False,0.6197245121002197,0.008642334025353193,0.003447681330726482,0.4727994869463146,83,8,8,8,False,
ucf101,val,v_Haircut_g07_c06,data/UCF101_data/UCF-101/Haircut/v_Haircut_g07_c06.avi,33,8,100,4,33,True,True,0.5854747891426086,0.02723922487348318,0.004089451511390507,1.0772393811494112,107,8,8,8,False,
ucf101,val,v_Haircut_g03_c01,data/UCF101_data/UCF-101/Haircut/v_Haircut_g03_c01.avi,33,8,100,4,12,False,True,0.891490638256073,0.011181962676346302,0.004089451511390507,1.0440012873150408,101,8,8,8,False,
ucf101,val,v_Haircut_g03_c05,data/UCF101_data/UCF-101/Haircut/v_Haircut_g03_c05.avi,33,8,100,4,33,True,True,0.34034010767936707,0.009473375976085663,0.004089451511390507,1.03085333481431,93,8,8,8,False,
ucf101,val,v_Haircut_g03_c03,data/UCF101_data/UCF-101/Haircut/v_Haircut_g03_c03.avi,33,8,100,4,33,True,True,0.24036236107349396,0.009148008190095425,0.004089451511390507,1.0203956230543554,79,8,8,8,False,
ucf101,val,v_Haircut_g02_c03,data/UCF101_data/UCF-101/Haircut/v_Haircut_g02_c03.avi,33,8,100,4,38,False,True,0.4669544994831085,0.008768872823566198,0.004089451511390507,1.0103154610842466,77,8,8,8,False,
ucf101,val,v_Haircut_g05_c04,data/UCF101_data/UCF-101/Haircut/v_Haircut_g05_c04.avi,33,8,100,4,33,True,True,0.5480469465255737,0.009604336228221655,0.004089451511390507,1.0006230501458049,100,8,8,8,False,
ucf101,val,v_Haircut_g07_c02,data/UCF101_data/UCF-101/Haircut/v_Haircut_g07_c02.avi,33,8,100,4,12,False,True,0.705141007900238,0.010202265810221434,0.004089451511390507,0.9901828309521079,111,8,8,8,False,
ucf101,val,v_Haircut_g04_c02,data/UCF101_data/UCF-101/Haircut/v_Haircut_g04_c02.avi,33,8,100,4,33,True,True,0.7707792520523071,0.01130317011848092,0.004089451511390507,0.9789402629248798,145,8,8,8,False,
ucf101,val,v_Hammering_g06_c03,data/UCF101_data/UCF-101/Hammering/v_Hammering_g06_c03.avi,34,8,100,4,34,True,True,0.9700104594230652,0.032908353954553604,0.004089451511390507,0.9663247070275247,127,8,8,8,False,
ucf101,val,v_Hammering_g04_c05,data/UCF101_data/UCF-101/Hammering/v_Hammering_g04_c05.avi,34,8,100,4,38,False,True,0.6587057709693909,0.008963486179709435,0.004089451511390507,0.9305199449881911,64,8,8,8,False,
ucf101,val,v_Hammering_g07_c05,data/UCF101_data/UCF-101/Hammering/v_Hammering_g07_c05.avi,34,8,100,4,34,True,True,0.9786238670349121,0.03714609891176224,0.004089451511390507,0.9206836279481649,127,8,8,8,False,
ucf101,val,v_Hammering_g06_c05,data/UCF101_data/UCF-101/Hammering/v_Hammering_g06_c05.avi,34,8,100,4,34,True,True,0.9659526348114014,0.035896845161914825,0.004089451511390507,0.8807631768286228,140,8,8,8,False,
ucf101,val,v_Hammering_g04_c01,data/UCF101_data/UCF-101/Hammering/v_Hammering_g04_c01.avi,34,8,100,4,38,False,True,0.7865315079689026,0.01604103809222579,0.004089451511390507,0.8430043021216989,224,8,8,8,False,
ucf101,val,v_Hammering_g03_c01,data/UCF101_data/UCF-101/Hammering/v_Hammering_g03_c01.avi,34,8,100,4,34,True,True,0.9060512781143188,0.013511810917407274,0.004089451511390507,0.8256768342107534,193,8,8,8,False,
ucf101,val,v_Hammering_g07_c02,data/UCF101_data/UCF-101/Hammering/v_Hammering_g07_c02.avi,34,8,100,4,34,True,True,0.9801881313323975,0.020412736106663942,0.004089451511390507,0.8105945060960948,61,8,8,8,False,
ucf101,val,v_Hammering_g01_c03,data/UCF101_data/UCF-101/Hammering/v_Hammering_g01_c03.avi,34,8,100,4,19,False,False,0.9016748070716858,0.009787885937839746,0.004089451511390507,0.7872600699774921,73,8,8,8,False,
ucf101,val,v_Hammering_g04_c03,data/UCF101_data/UCF-101/Hammering/v_Hammering_g04_c03.avi,34,8,100,4,34,True,True,0.33782458305358887,0.009291051886975765,0.004089451511390507,0.776514530647546,88,8,8,8,False,
ucf101,val,v_Hammering_g01_c01,data/UCF101_data/UCF-101/Hammering/v_Hammering_g01_c01.avi,34,8,100,4,19,False,False,0.774371862411499,0.009748400654643774,0.004089451511390507,0.7664473410695791,98,8,8,8,False,
ucf101,val,v_Hammering_g07_c04,data/UCF101_data/UCF-101/Hammering/v_Hammering_g07_c04.avi,34,8,100,4,34,True,True,0.9756914973258972,0.029468968976289034,0.004089451511390507,0.7556103090755641,101,8,8,8,False,
ucf101,val,v_Hammering_g01_c02,data/UCF101_data/UCF-101/Hammering/v_Hammering_g01_c02.avi,34,8,100,4,19,False,False,0.6867015957832336,0.012149081099778414,0.004089451511390507,0.7242403076961637,143,8,8,8,False,
ucf101,val,v_Hammering_g03_c04,data/UCF101_data/UCF-101/Hammering/v_Hammering_g03_c04.avi,34,8,100,4,34,True,True,0.925110936164856,0.011540805920958519,0.004089451511390507,0.7107788026332855,131,8,8,8,False,
ucf101,val,v_Hammering_g02_c04,data/UCF101_data/UCF-101/Hammering/v_Hammering_g02_c04.avi,34,8,100,4,38,False,True,0.4215076267719269,0.010054265148937702,0.004089451511390507,0.6980639221146703,111,8,8,8,False,
ucf101,val,v_Hammering_g06_c04,data/UCF101_data/UCF-101/Hammering/v_Hammering_g06_c04.avi,34,8,100,4,34,True,True,0.9685824513435364,0.029328142758458853,0.004089451511390507,0.6867788899689913,113,8,8,8,False,
ucf101,val,v_Hammering_g05_c04,data/UCF101_data/UCF-101/Hammering/v_Hammering_g05_c04.avi,34,8,100,4,38,False,True,0.7113786339759827,0.009556346107274294,0.004089451511390507,0.655110158957541,74,8,8,8,False,
ucf101,val,v_Hammering_g06_c02,data/UCF101_data/UCF-101/Hammering/v_Hammering_g06_c02.avi,34,8,100,4,34,True,True,0.9731822609901428,0.03394304495304823,0.004089451511390507,0.6446242141537368,134,8,8,8,False,
ucf101,val,v_Hammering_g05_c02,data/UCF101_data/UCF-101/Hammering/v_Hammering_g05_c02.avi,34,8,100,4,34,True,True,0.4604808986186981,0.012416232377290726,0.004089451511390507,0.6079027866944671,124,8,8,8,False,
ucf101,val,v_Hammering_g01_c04,data/UCF101_data/UCF-101/Hammering/v_Hammering_g01_c04.avi,34,8,100,4,34,True,True,0.5100839734077454,0.00915433093905449,0.004089451511390507,0.5945480312220752,79,8,8,8,False,
ucf101,val,v_Hammering_g07_c01,data/UCF101_data/UCF-101/Hammering/v_Hammering_g07_c01.avi,34,8,100,4,34,True,True,0.9700655341148376,0.033156035002321005,0.004089451511390507,0.5844115950167179,109,8,8,8,False,
ucf101,val,v_HammerThrow_g01_c02,data/UCF101_data/UCF-101/HammerThrow/v_HammerThrow_g01_c02.avi,35,8,100,4,78,False,True,0.7850034236907959,0.016519885044544935,0.004089451511390507,0.5486732446588576,247,8,8,8,False,
ucf101,val,v_HammerThrow_g06_c07,data/UCF101_data/UCF-101/HammerThrow/v_HammerThrow_g06_c07.avi,35,8,100,4,35,True,True,0.8660850524902344,0.01390028279274702,0.004089451511390507,0.5302283680066466,227,8,8,8,False,
ucf101,val,v_HammerThrow_g02_c04,data/UCF101_data/UCF-101/HammerThrow/v_HammerThrow_g02_c04.avi,35,8,100,4,35,True,True,0.9328222274780273,0.014266666024923325,0.004089451511390507,0.514497933909297,223,8,8,8,False,
ucf101,val,v_HammerThrow_g03_c03,data/UCF101_data/UCF-101/HammerThrow/v_HammerThrow_g03_c03.avi,35,8,100,4,35,True,True,0.502513587474823,0.012746947351843119,0.004089451511390507,0.498565006069839,166,8,8,8,False,
ucf101,val,v_HammerThrow_g02_c03,data/UCF101_data/UCF-101/HammerThrow/v_HammerThrow_g02_c03.avi,35,8,100,4,35,True,True,0.9299264550209045,0.047070789616554976,0.0034176864137407392,1.2858480247668922,211,8,8,8,False,
ucf101,val,v_HammerThrow_g05_c04,data/UCF101_data/UCF-101/HammerThrow/v_HammerThrow_g05_c04.avi,35,8,100,4,35,True,True,0.8282504081726074,0.01742618205025792,0.0034176864137407392,1.2363023273646832,253,8,8,8,False,
ucf101,val,v_HammerThrow_g02_c02,data/UCF101_data/UCF-101/HammerThrow/v_HammerThrow_g02_c02.avi,35,8,100,4,35,True,True,0.859659731388092,0.016221429221332073,0.0034176864137407392,1.2171293273568153,259,8,8,8,False,
ucf101,val,v_HammerThrow_g06_c04,data/UCF101_data/UCF-101/HammerThrow/v_HammerThrow_g06_c04.avi,35,8,100,4,35,True,True,0.8930906057357788,0.015280879102647305,0.0034176864137407392,1.1999053950421512,249,8,8,8,False,
ucf101,val,v_HammerThrow_g03_c01,data/UCF101_data/UCF-101/HammerThrow/v_HammerThrow_g03_c01.avi,35,8,100,4,92,False,True,0.5494266748428345,0.013083299156278372,0.0034176864137407392,1.18342754105106,211,8,8,8,False,
ucf101,val,v_HammerThrow_g05_c03,data/UCF101_data/UCF-101/HammerThrow/v_HammerThrow_g05_c03.avi,35,8,100,4,35,True,True,0.822319507598877,0.014558094087988138,0.0034176864137407392,1.168805301655084,229,8,8,8,False,
ucf101,val,v_HammerThrow_g03_c04,data/UCF101_data/UCF-101/HammerThrow/v_HammerThrow_g03_c04.avi,35,8,100,4,35,True,True,0.6495171785354614,0.013820158783346415,0.0034176864137407392,1.1526423199102283,211,8,8,8,False,
ucf101,val,v_HammerThrow_g04_c04,data/UCF101_data/UCF-101/HammerThrow/v_HammerThrow_g04_c04.avi,35,8,100,4,35,True,True,0.8591362237930298,0.008975177071988583,0.0034176864137407392,1.137240409385413,89,8,8,8,False,
ucf101,val,v_HammerThrow_g02_c05,data/UCF101_data/UCF-101/HammerThrow/v_HammerThrow_g02_c05.avi,35,8,100,4,35,True,True,0.9160585403442383,0.015328214038163424,0.0034176864137407392,1.1272992882877588,258,8,8,8,False,
ucf101,val,v_HammerThrow_g06_c06,data/UCF101_data/UCF-101/HammerThrow/v_HammerThrow_g06_c06.avi,35,8,100,4,35,True,True,0.8587235808372498,0.01063132006675005,0.0034176864137407392,1.110614794306457,138,8,8,8,False,
ucf101,val,v_HammerThrow_g04_c05,data/UCF101_data/UCF-101/HammerThrow/v_HammerThrow_g04_c05.avi,35,8,100,4,35,True,True,0.9083607792854309,0.018501245882362127,0.0034176864137407392,1.0988290938548744,102,8,8,8,False,
ucf101,val,v_HammerThrow_g04_c07,data/UCF101_data/UCF-101/HammerThrow/v_HammerThrow_g04_c07.avi,35,8,100,4,35,True,True,0.8069575428962708,0.010235161054879427,0.0034176864137407392,1.0781526658684015,89,8,8,8,False,
ucf101,val,v_HammerThrow_g01_c06,data/UCF101_data/UCF-101/HammerThrow/v_HammerThrow_g01_c06.avi,35,8,100,4,35,True,True,0.6731700897216797,0.012886994984000921,0.0034176864137407392,1.066901559010148,194,8,8,8,False,
ucf101,val,v_HammerThrow_g07_c03,data/UCF101_data/UCF-101/HammerThrow/v_HammerThrow_g07_c03.avi,35,8,100,4,35,True,True,0.9048555493354797,0.010578389279544353,0.0034176864137407392,1.052561219315976,139,8,8,8,False,
ucf101,val,v_HammerThrow_g01_c04,data/UCF101_data/UCF-101/HammerThrow/v_HammerThrow_g01_c04.avi,35,8,100,4,35,True,True,0.9015247821807861,0.014881552197039127,0.0034176864137407392,1.0408326461911201,240,8,8,8,False,
ucf101,val,v_HammerThrow_g03_c06,data/UCF101_data/UCF-101/HammerThrow/v_HammerThrow_g03_c06.avi,35,8,100,4,35,True,True,0.5213030576705933,0.019922092091292143,0.0034176864137407392,1.0248872847296298,253,8,8,8,False,
ucf101,val,v_HandStandPushups_g01_c01,data/UCF101_data/UCF-101/HandstandPushups/v_HandStandPushups_g01_c01.avi,36,8,100,4,36,True,True,0.9619036912918091,0.023276238702237606,0.0034176864137407392,1.0023897378705442,78,8,8,8,False,
ucf101,val,v_HandStandPushups_g03_c02,data/UCF101_data/UCF-101/HandstandPushups/v_HandStandPushups_g03_c02.avi,36,8,100,4,36,True,True,0.8884428143501282,0.02936842478811741,0.0034176864137407392,0.9770727008581161,115,8,8,8,False,
ucf101,val,v_HandStandPushups_g05_c03,data/UCF101_data/UCF-101/HandstandPushups/v_HandStandPushups_g05_c03.avi,36,8,100,4,36,True,True,0.8255293369293213,0.022414965089410543,0.0034176864137407392,0.9451286410912871,80,8,8,8,False,
ucf101,val,v_HandStandPushups_g06_c02,data/UCF101_data/UCF-101/HandstandPushups/v_HandStandPushups_g06_c02.avi,36,8,100,4,36,True,True,0.9636956453323364,0.033003704622387886,0.0034176864137407392,0.9201882225461304,125,8,8,8,False,
ucf101,val,v_HandStandPushups_g04_c01,data/UCF101_data/UCF-101/HandstandPushups/v_HandStandPushups_g04_c01.avi,36,8,100,4,16,False,True,0.7398943305015564,0.03236142499372363,0.0034176864137407392,0.8852948909625411,115,8,8,8,False,
ucf101,val,v_HandStandPushups_g06_c04,data/UCF101_data/UCF-101/HandstandPushups/v_HandStandPushups_g06_c04.avi,36,8,100,4,36,True,True,0.960003137588501,0.020641265902668238,0.0034176864137407392,0.8500302918255329,72,8,8,8,False,
ucf101,val,v_HandStandPushups_g02_c03,data/UCF101_data/UCF-101/HandstandPushups/v_HandStandPushups_g02_c03.avi,36,8,100,4,37,False,False,0.3676097095012665,0.034538224805146456,0.0034176864137407392,0.8270501932129264,105,8,8,8,False,
ucf101,val,v_HandStandPushups_g01_c03,data/UCF101_data/UCF-101/HandstandPushups/v_HandStandPushups_g01_c03.avi,36,8,100,4,36,True,True,0.9641046524047852,0.02857608813792467,0.0034176864137407392,0.7895634300075471,101,8,8,8,False,
ucf101,val,v_HandStandPushups_g07_c02,data/UCF101_data/UCF-101/HandstandPushups/v_HandStandPushups_g07_c02.avi,36,8,100,4,36,True,True,0.4935172498226166,0.03984868386760354,0.0034176864137407392,0.7582689328119159,137,8,8,8,False,
ucf101,val,v_HandStandPushups_g02_c04,data/UCF101_data/UCF-101/HandstandPushups/v_HandStandPushups_g02_c04.avi,36,8,100,4,16,False,False,0.23890069127082825,0.03699616016820073,0.0034176864137407392,0.7156887529417872,132,8,8,8,False,
ucf101,val,v_HandStandPushups_g01_c04,data/UCF101_data/UCF-101/HandstandPushups/v_HandStandPushups_g01_c04.avi,36,8,100,4,36,True,True,0.9710803031921387,0.029740035068243742,0.0034176864137407392,0.6764012929052114,106,8,8,8,False,
ucf101,val,v_HandStandPushups_g07_c03,data/UCF101_data/UCF-101/HandstandPushups/v_HandStandPushups_g07_c03.avi,36,8,100,4,71,False,True,0.5241832733154297,0.04130445374175906,0.0034176864137407392,0.643799714744091,153,8,8,8,False,
ucf101,val,v_HandStandPushups_g05_c02,data/UCF101_data/UCF-101/HandstandPushups/v_HandStandPushups_g05_c02.avi,36,8,100,4,36,True,True,0.9052985906600952,0.02873606001958251,0.0034176864137407392,0.6006044331006706,113,8,8,8,False,
ucf101,val,v_HandStandPushups_g06_c03,data/UCF101_data/UCF-101/HandstandPushups/v_HandStandPushups_g06_c03.avi,36,8,100,4,36,True,True,0.9591564536094666,0.025094253942370415,0.0034176864137407392,0.5688171368092299,90,8,8,8,False,
ucf101,val,v_HandStandPushups_g05_c01,data/UCF101_data/UCF-101/HandstandPushups/v_HandStandPushups_g05_c01.avi,36,8,100,4,36,True,True,0.8011559844017029,0.030378262978047132,0.0034176864137407392,0.5418890817090869,114,8,8,8,False,
ucf101,val,v_HandStandPushups_g04_c03,data/UCF101_data/UCF-101/HandstandPushups/v_HandStandPushups_g04_c03.avi,36,8,100,4,36,True,True,0.9333059191703796,0.04426216008141637,0.0034176864137407392,0.5088895838707685,160,8,8,8,False,
ucf101,val,v_HandStandPushups_g07_c04,data/UCF101_data/UCF-101/HandstandPushups/v_HandStandPushups_g07_c04.avi,36,8,100,4,71,False,True,0.8919765949249268,0.04939932934939861,0.0033786862768465653,0.9894343600608408,172,8,8,8,False,
ucf101,val,v_HandStandPushups_g02_c02,data/UCF101_data/UCF-101/HandstandPushups/v_HandStandPushups_g02_c02.avi,36,8,100,4,37,False,True,0.5226269364356995,0.01882066484540701,0.0033786862768465653,0.9372234428301454,55,8,8,8,False,
ucf101,val,v_HandStandPushups_g03_c01,data/UCF101_data/UCF-101/HandstandPushups/v_HandStandPushups_g03_c01.avi,36,8,100,4,36,True,True,0.8831652998924255,0.03149914974346757,0.0033786862768465653,0.9157375651411712,125,8,8,8,False,
ucf101,val,v_HandStandPushups_g07_c01,data/UCF101_data/UCF-101/HandstandPushups/v_HandStandPushups_g07_c01.avi,36,8,100,4,36,True,True,0.5865550637245178,0.02780419820919633,0.0033786862768465653,0.8808567821979523,92,8,8,8,False,
ucf101,val,v_HandstandWalking_g05_c07,data/UCF101_data/UCF-101/HandstandWalking/v_HandstandWalking_g05_c07.avi,37,8,100,4,8,False,False,0.37731051445007324,0.016725103836506605,0.0033786862768465653,0.8502230602316558,251,8,8,8,False,
ucf101,val,v_HandstandWalking_g02_c01,data/UCF101_data/UCF-101/HandstandWalking/v_HandstandWalking_g02_c01.avi,37,8,100,4,37,True,True,0.3961111307144165,0.009446850046515465,0.0033786862768465653,0.8312477581202984,104,8,8,8,False,
ucf101,val,v_HandstandWalking_g05_c05,data/UCF101_data/UCF-101/HandstandWalking/v_HandstandWalking_g05_c05.avi,37,8,100,4,37,True,True,0.2425619214773178,0.020476873964071274,0.0033786862768465653,0.820743212942034,287,8,8,8,False,
ucf101,val,v_HandstandWalking_g01_c01,data/UCF101_data/UCF-101/HandstandWalking/v_HandstandWalking_g01_c01.avi,37,8,100,4,36,False,True,0.3985055387020111,0.010011168196797371,0.0033786862768465653,0.7991040577180684,109,8,8,8,False,
ucf101,val,v_HandstandWalking_g06_c04,data/UCF101_data/UCF-101/HandstandWalking/v_HandstandWalking_g06_c04.avi,37,8,100,4,74,False,True,0.41070911288261414,0.008593237027525902,0.0033786862768465653,0.788068147841841,76,8,8,8,False,
ucf101,val,v_HandstandWalking_g04_c02,data/UCF101_data/UCF-101/HandstandWalking/v_HandstandWalking_g04_c02.avi,37,8,100,4,37,True,True,0.7982767224311829,0.01032667700201273,0.0033786862768465653,0.7787455916404724,120,8,8,8,False,
ucf101,val,v_HandstandWalking_g06_c03,data/UCF101_data/UCF-101/HandstandWalking/v_HandstandWalking_g06_c03.avi,37,8,100,4,37,True,True,0.5189550518989563,0.008301395922899246,0.0033786862768465653,0.7675814451649785,72,8,8,8,False,
ucf101,val,v_HandstandWalking_g04_c04,data/UCF101_data/UCF-101/HandstandWalking/v_HandstandWalking_g04_c04.avi,37,8,100,4,37,True,True,0.7415890097618103,0.010368786752223969,0.0033786862768465653,0.7585535435937345,128,8,8,8,False,
ucf101,val,v_HandstandWalking_g01_c04,data/UCF101_data/UCF-101/HandstandWalking/v_HandstandWalking_g01_c04.avi,37,8,100,4,36,False,True,0.9695209860801697,0.010636353865265846,0.0033786862768465653,0.7471246160566807,140,8,8,8,False,
ucf101,val,v_HandstandWalking_g07_c01,data/UCF101_data/UCF-101/HandstandWalking/v_HandstandWalking_g07_c01.avi,37,8,100,4,51,False,True,0.2498585432767868,0.014015641063451767,0.0033786862768465653,0.735638037789613,224,8,8,8,False,
ucf101,val,v_HandstandWalking_g03_c04,data/UCF101_data/UCF-101/HandstandWalking/v_HandstandWalking_g03_c04.avi,37,8,100,4,71,False,False,0.6208945512771606,0.01080462709069252,0.0033786862768465653,0.7205724068917334,134,8,8,8,False,
ucf101,val,v_HandstandWalking_g05_c04,data/UCF101_data/UCF-101/HandstandWalking/v_HandstandWalking_g05_c04.avi,37,8,100,4,36,False,True,0.4782238006591797,0.015062833204865456,0.0033786862768465653,0.7085813009180129,253,8,8,8,False,
ucf101,val,v_HandstandWalking_g04_c03,data/UCF101_data/UCF-101/HandstandWalking/v_HandstandWalking_g04_c03.avi,37,8,100,4,37,True,True,0.7907847166061401,0.010336639359593391,0.0033786862768465653,0.6919732098467648,122,8,8,8,False,
ucf101,val,v_HandstandWalking_g07_c05,data/UCF101_data/UCF-101/HandstandWalking/v_HandstandWalking_g07_c05.avi,37,8,100,4,16,False,True,0.838566780090332,0.013094843830913305,0.0033786862768465653,0.6805530381388962,199,8,8,8,False,
ucf101,val,v_HandstandWalking_g06_c01,data/UCF101_data/UCF-101/HandstandWalking/v_HandstandWalking_g06_c01.avi,37,8,100,4,36,False,True,0.5736067295074463,0.00836028577759862,0.0033786862768465653,0.6659932169131935,67,8,8,8,False,
ucf101,val,v_HandstandWalking_g02_c02,data/UCF101_data/UCF-101/HandstandWalking/v_HandstandWalking_g02_c02.avi,37,8,100,4,36,False,True,0.5370272994041443,0.009196387138217688,0.0033786862768465653,0.6567732067778707,104,8,8,8,False,
ucf101,val,v_HandstandWalking_g04_c05,data/UCF101_data/UCF-101/HandstandWalking/v_HandstandWalking_g04_c05.avi,37,8,100,4,37,True,True,0.5508665442466736,0.010648912284523249,0.0033786862768465653,0.6465726466849446,123,8,8,8,False,
ucf101,val,v_HandstandWalking_g03_c01,data/UCF101_data/UCF-101/HandstandWalking/v_HandstandWalking_g03_c01.avi,37,8,100,4,34,False,True,0.13283488154411316,0.009438798297196627,0.0033786862768465653,0.634746054187417,104,8,8,8,False,
ucf101,val,v_HandstandWalking_g07_c02,data/UCF101_data/UCF-101/HandstandWalking/v_HandstandWalking_g07_c02.avi,37,8,100,4,37,True,True,0.27241161465644836,0.013127932790666819,0.0033786862768465653,0.6245326856151223,192,8,8,8,False,
ucf101,val,v_HandstandWalking_g02_c04,data/UCF101_data/UCF-101/HandstandWalking/v_HandstandWalking_g02_c04.avi,37,8,100,4,36,False,True,0.6781096458435059,0.009889960754662752,0.0033786862768465653,0.610440359916538,119,8,8,8,False,
ucf101,val,v_HeadMassage_g05_c05,data/UCF101_data/UCF-101/HeadMassage/v_HeadMassage_g05_c05.avi,38,8,100,4,38,True,True,0.9052197337150574,0.01800285978242755,0.0033786862768465653,0.5994654200039804,270,8,8,8,False,
ucf101,val,v_HeadMassage_g07_c02,data/UCF101_data/UCF-101/HeadMassage/v_HeadMassage_g07_c02.avi,38,8,100,4,38,True,True,0.7662321925163269,0.019029763992875814,0.0033786862768465653,0.5804540668614209,298,8,8,8,False,
ucf101,val,v_HeadMassage_g03_c06,data/UCF101_data/UCF-101/HeadMassage/v_HeadMassage_g03_c06.avi,38,8,100,4,38,True,True,0.7821013331413269,0.02255834685638547,0.0033786862768465653,0.5604786761105061,404,8,8,8,False,
ucf101,val,v_HeadMassage_g04_c02,data/UCF101_data/UCF-101/HeadMassage/v_HeadMassage_g04_c02.avi,38,8,100,4,38,True,True,0.888908863067627,0.012349065858870745,0.0033786862768465653,0.5354769802652299,168,8,8,8,False,
ucf101,val,v_HeadMassage_g03_c04,data/UCF101_data/UCF-101/HeadMassage/v_HeadMassage_g03_c04.avi,38,8,100,4,38,True,True,0.9457350969314575,0.018606175668537617,0.0033786862768465653,0.5221822811290622,315,8,8,8,False,
ucf101,val,v_HeadMassage_g02_c01,data/UCF101_data/UCF-101/HeadMassage/v_HeadMassage_g02_c01.avi,38,8,100,4,38,True,True,0.9404746890068054,0.01475557079538703,0.0033786862768465653,0.5023716567084193,243,8,8,8,False,
ucf101,val,v_HeadMassage_g07_c03,data/UCF101_data/UCF-101/HeadMassage/v_HeadMassage_g07_c03.avi,38,8,100,4,38,True,True,0.9278450608253479,0.012635199818760157,0.0033786862768465653,0.4859298001974821,178,8,8,8,False,
ucf101,val,v_HeadMassage_g05_c06,data/UCF101_data/UCF-101/HeadMassage/v_HeadMassage_g05_c06.avi,38,8,100,4,38,True,True,0.8978455662727356,0.00983589282259345,0.0033786862768465653,0.4718666048720479,107,8,8,8,False,
ucf101,val,v_HeadMassage_g07_c01,data/UCF101_data/UCF-101/HeadMassage/v_HeadMassage_g07_c01.avi,38,8,100,4,38,True,True,0.2568894326686859,0.05858105281367898,0.0037742346030427143,1.0245994180440903,252,8,8,8,False,
ucf101,val,v_HeadMassage_g06_c01,data/UCF101_data/UCF-101/HeadMassage/v_HeadMassage_g06_c01.avi,38,8,100,4,38,True,True,0.46315664052963257,0.015284704975783825,0.0037742346030427143,0.9601967111229897,229,8,8,8,False,
ucf101,val,v_HeadMassage_g03_c07,data/UCF101_data/UCF-101/HeadMassage/v_HeadMassage_g03_c07.avi,38,8,100,4,38,True,True,0.8932643532752991,0.021311991848051548,0.0037742346030427143,0.9431833848357201,337,8,8,8,False,
ucf101,val,v_HeadMassage_g04_c01,data/UCF101_data/UCF-101/HeadMassage/v_HeadMassage_g04_c01.avi,38,8,100,4,38,True,True,0.8124752640724182,0.011976340785622597,0.0037742346030427143,0.9206067221239209,153,8,8,8,False,
ucf101,val,v_HeadMassage_g04_c03,data/UCF101_data/UCF-101/HeadMassage/v_HeadMassage_g04_c03.avi,38,8,100,4,38,True,True,0.6114804744720459,0.013355348259210587,0.0037742346030427143,0.907397055067122,180,8,8,8,False,
ucf101,val,v_HeadMassage_g03_c01,data/UCF101_data/UCF-101/HeadMassage/v_HeadMassage_g03_c01.avi,38,8,100,4,38,True,True,0.9586802124977112,0.020334111992269754,0.0037742346030427143,0.8929344192147255,320,8,8,8,False,
ucf101,val,v_HeadMassage_g02_c06,data/UCF101_data/UCF-101/HeadMassage/v_HeadMassage_g02_c06.avi,38,8,100,4,38,True,True,0.8990107178688049,0.017828585114330053,0.0037742346030427143,0.8709717341698706,310,8,8,8,False,
ucf101,val,v_HeadMassage_g01_c01,data/UCF101_data/UCF-101/HeadMassage/v_HeadMassage_g01_c01.avi,38,8,100,4,38,True,True,0.5733479261398315,0.011774234008044004,0.0037742346030427143,0.851814016699791,154,8,8,8,False,
ucf101,val,v_HeadMassage_g06_c04,data/UCF101_data/UCF-101/HeadMassage/v_HeadMassage_g06_c04.avi,38,8,100,4,2,False,True,0.33557388186454773,0.014183383900672197,0.0037742346030427143,0.8387160757556558,232,8,8,8,False,
ucf101,val,v_HeadMassage_g05_c04,data/UCF101_data/UCF-101/HeadMassage/v_HeadMassage_g05_c04.avi,38,8,100,4,38,True,True,0.949732780456543,0.015062526799738407,0.0037742346030427143,0.8235056917183101,243,8,8,8,False,
ucf101,val,v_HeadMassage_g06_c07,data/UCF101_data/UCF-101/HeadMassage/v_HeadMassage_g06_c07.avi,38,8,100,4,2,False,True,0.48064154386520386,0.015161135699599981,0.0037742346030427143,0.8066596831195056,257,8,8,8,False,
ucf101,val,v_HeadMassage_g05_c02,data/UCF101_data/UCF-101/HeadMassage/v_HeadMassage_g05_c02.avi,38,8,100,4,38,True,True,0.9479616284370422,0.015432124026119709,0.0037742346030427143,0.7897990313358605,199,8,8,8,False,
ucf101,val,v_HighJump_g03_c02,data/UCF101_data/UCF-101/HighJump/v_HighJump_g03_c02.avi,39,8,100,4,44,False,True,0.6955243945121765,0.015725318808108568,0.0037742346030427143,0.7731179702095687,138,8,8,8,False,
ucf101,val,v_HighJump_g05_c01,data/UCF101_data/UCF-101/HighJump/v_HighJump_g05_c01.avi,39,8,100,4,39,True,True,0.9805784225463867,0.014024212025105953,0.0037742346030427143,0.7565836529247463,121,8,8,8,False,
ucf101,val,v_HighJump_g04_c01,data/UCF101_data/UCF-101/HighJump/v_HighJump_g04_c01.avi,39,8,100,4,50,False,True,0.796515941619873,0.014512471854686737,0.0037742346030427143,0.7414296311326325,96,8,8,8,False,
ucf101,val,v_HighJump_g04_c06,data/UCF101_data/UCF-101/HighJump/v_HighJump_g04_c06.avi,39,8,100,4,39,True,True,0.9432951807975769,0.014153182972222567,0.0037742346030427143,0.7261076685972512,132,8,8,8,False,
ucf101,val,v_HighJump_g04_c02,data/UCF101_data/UCF-101/HighJump/v_HighJump_g04_c02.avi,39,8,100,4,39,True,True,0.9560747146606445,0.01459459587931633,0.0037742346030427143,0.7112683951854706,144,8,8,8,False,
ucf101,val,v_HighJump_g07_c02,data/UCF101_data/UCF-101/HighJump/v_HighJump_g07_c02.avi,39,8,100,4,39,True,True,0.970696210861206,0.013786444906145334,0.0037742346030427143,0.6959921861998737,98,8,8,8,False,
ucf101,val,v_HighJump_g07_c01,data/UCF101_data/UCF-101/HighJump/v_HighJump_g07_c01.avi,39,8,100,4,39,True,True,0.9545436501502991,0.014184486586600542,0.0037742346030427143,0.6813388559967279,116,8,8,8,False,
ucf101,val,v_HighJump_g01_c01,data/UCF101_data/UCF-101/HighJump/v_HighJump_g01_c01.avi,39,8,100,4,39,True,True,0.9473250508308411,0.01444792840629816,0.0037742346030427143,0.6664711823686957,155,8,8,8,False,
ucf101,val,v_HighJump_g07_c04,data/UCF101_data/UCF-101/HighJump/v_HighJump_g07_c04.avi,39,8,100,4,67,False,True,0.6039184927940369,0.013733747880905867,0.0037742346030427143,0.6510790209285915,102,8,8,8,False,
ucf101,val,v_HighJump_g02_c02,data/UCF101_data/UCF-101/HighJump/v_HighJump_g02_c02.avi,39,8,100,4,39,True,True,0.9226284623146057,0.013974957168102264,0.0037742346030427143,0.6362143019214272,137,8,8,8,False,
ucf101,val,v_HighJump_g01_c03,data/UCF101_data/UCF-101/HighJump/v_HighJump_g01_c03.avi,39,8,100,4,39,True,True,0.9629743099212646,0.014169174712151289,0.0037742346030427143,0.6209721527993679,102,8,8,8,False,
ucf101,val,v_HighJump_g02_c03,data/UCF101_data/UCF-101/HighJump/v_HighJump_g02_c03.avi,39,8,100,4,39,True,True,0.9716962575912476,0.013709666673094034,0.0037742346030427143,0.6057937699370086,121,8,8,8,False,
ucf101,val,v_HighJump_g05_c02,data/UCF101_data/UCF-101/HighJump/v_HighJump_g05_c02.avi,39,8,100,4,39,True,True,0.9748908281326294,0.011919038370251656,0.0037742346030427143,0.591179977171123,71,8,8,8,False,
ucf101,val,v_HighJump_g07_c06,data/UCF101_data/UCF-101/HighJump/v_HighJump_g07_c06.avi,39,8,100,4,39,True,True,0.9755935668945312,0.013494051992893219,0.0037742346030427143,0.5784148583188653,80,8,8,8,False,
ucf101,val,v_HighJump_g03_c04,data/UCF101_data/UCF-101/HighJump/v_HighJump_g03_c04.avi,39,8,100,4,44,False,True,0.636559009552002,0.014269566163420677,0.0037742346030427143,0.5641516228206456,183,8,8,8,False,
ucf101,val,v_HighJump_g06_c04,data/UCF101_data/UCF-101/HighJump/v_HighJump_g06_c04.avi,39,8,100,4,39,True,True,0.9607067704200745,0.014759509824216366,0.0037742346030427143,0.5489659951999784,105,8,8,8,False,
ucf101,val,v_HighJump_g05_c04,data/UCF101_data/UCF-101/HighJump/v_HighJump_g05_c04.avi,39,8,100,4,39,True,True,0.9714515209197998,0.013822851702570915,0.0037742346030427143,0.532846906222403,121,8,8,8,False,
ucf101,val,v_HighJump_g07_c05,data/UCF101_data/UCF-101/HighJump/v_HighJump_g07_c05.avi,39,8,100,4,39,True,True,0.9755682349205017,0.013915299903601408,0.0037742346030427143,0.5179440039210021,91,8,8,8,False,
ucf101,val,v_HighJump_g04_c04,data/UCF101_data/UCF-101/HighJump/v_HighJump_g04_c04.avi,39,8,100,4,39,True,True,0.9545086026191711,0.014552537817507982,0.0037742346030427143,0.503188069909811,108,8,8,8,False,
ucf101,val,v_HighJump_g03_c03,data/UCF101_data/UCF-101/HighJump/v_HighJump_g03_c03.avi,39,8,100,4,67,False,True,0.3987874984741211,0.013488123193383217,0.0037742346030427143,0.48795745661482215,92,8,8,8,False,
ucf101,val,v_HorseRace_g01_c02,data/UCF101_data/UCF-101/HorseRace/v_HorseRace_g01_c02.avi,40,8,100,4,40,True,True,0.9842027425765991,0.03329650778323412,0.003562727724784054,0.9887629318982363,153,8,8,8,False,
ucf101,val,v_HorseRace_g02_c02,data/UCF101_data/UCF-101/HorseRace/v_HorseRace_g02_c02.avi,40,8,100,4,40,True,True,0.9640908241271973,0.017536891158670187,0.003562727724784054,0.952895499765873,300,8,8,8,False,
ucf101,val,v_HorseRace_g04_c06,data/UCF101_data/UCF-101/HorseRace/v_HorseRace_g04_c06.avi,40,8,100,4,40,True,True,0.9818176627159119,0.014216082636266947,0.003562727724784054,0.934140576981008,158,8,8,8,False,
ucf101,val,v_HorseRace_g04_c02,data/UCF101_data/UCF-101/HorseRace/v_HorseRace_g04_c02.avi,40,8,100,4,40,True,True,0.9591293931007385,0.014223518781363964,0.003562727724784054,0.91895258333534,155,8,8,8,False,
ucf101,val,v_HorseRace_g03_c05,data/UCF101_data/UCF-101/HorseRace/v_HorseRace_g03_c05.avi,40,8,100,4,40,True,True,0.9813547730445862,0.013863731175661087,0.003562727724784054,0.9037899859249592,131,8,8,8,False,
ucf101,val,v_HorseRace_g05_c04,data/UCF101_data/UCF-101/HorseRace/v_HorseRace_g05_c04.avi,40,8,100,4,40,True,True,0.9828115105628967,0.014693864155560732,0.003562727724784054,0.8889342630282044,214,8,8,8,False,
ucf101,val,v_HorseRace_g02_c04,data/UCF101_data/UCF-101/HorseRace/v_HorseRace_g02_c04.avi,40,8,100,4,40,True,True,0.9257676005363464,0.014413381926715374,0.003562727724784054,0.8731821547262371,341,8,8,8,False,
ucf101,val,v_HorseRace_g03_c02,data/UCF101_data/UCF-101/HorseRace/v_HorseRace_g03_c02.avi,40,8,100,4,40,True,True,0.9787349700927734,0.01573200710117817,0.003562727724784054,0.8578915209509432,164,8,8,8,False,
ucf101,val,v_HorseRace_g05_c03,data/UCF101_data/UCF-101/HorseRace/v_HorseRace_g05_c03.avi,40,8,100,4,40,True,True,0.9279913902282715,0.015480547677725554,0.003562727724784054,0.8414511070586741,273,8,8,8,False,
ucf101,val,v_HorseRace_g07_c04,data/UCF101_data/UCF-101/HorseRace/v_HorseRace_g07_c04.avi,40,8,100,4,40,True,True,0.9456121921539307,0.014201908838003874,0.003562727724784054,0.8248276840895414,182,8,8,8,False,
ucf101,val,v_HorseRace_g03_c04,data/UCF101_data/UCF-101/HorseRace/v_HorseRace_g03_c04.avi,40,8,100,4,40,True,True,0.9520971179008484,0.01499183475971222,0.003562727724784054,0.8096752800047398,151,8,8,8,False,
ucf101,val,v_HorseRace_g04_c03,data/UCF101_data/UCF-101/HorseRace/v_HorseRace_g04_c03.avi,40,8,100,4,40,True,True,0.9570977687835693,0.012996085919439793,0.003562727724784054,0.793666317127645,78,8,8,8,False,
ucf101,val,v_HorseRace_g04_c05,data/UCF101_data/UCF-101/HorseRace/v_HorseRace_g04_c05.avi,40,8,100,4,40,True,True,0.974521279335022,0.013788871932774782,0.003562727724784054,0.7797511592507362,138,8,8,8,False,
ucf101,val,v_HorseRace_g04_c04,data/UCF101_data/UCF-101/HorseRace/v_HorseRace_g04_c04.avi,40,8,100,4,40,True,True,0.9695956707000732,0.013360263779759407,0.003562727724784054,0.7649432867765427,135,8,8,8,False,
ucf101,val,v_HorseRace_g06_c02,data/UCF101_data/UCF-101/HorseRace/v_HorseRace_g06_c02.avi,40,8,100,4,40,True,True,0.8727759122848511,0.01330681424587965,0.003562727724784054,0.7505720858462155,145,8,8,8,False,
ucf101,val,v_HorseRace_g04_c01,data/UCF101_data/UCF-101/HorseRace/v_HorseRace_g04_c01.avi,40,8,100,4,40,True,True,0.9729843735694885,0.01365159684792161,0.003562727724784054,0.7362731457687914,148,8,8,8,False,
ucf101,val,v_HorseRace_g07_c01,data/UCF101_data/UCF-101/HorseRace/v_HorseRace_g07_c01.avi,40,8,100,4,40,True,True,0.9527348279953003,0.01214194716885686,0.003562727724784054,0.7217318005859852,169,8,8,8,False,
ucf101,val,v_HorseRace_g03_c03,data/UCF101_data/UCF-101/HorseRace/v_HorseRace_g03_c03.avi,40,8,100,4,40,True,True,0.9702261090278625,0.01501291012391448,0.003562727724784054,0.7086810977198184,161,8,8,8,False,
ucf101,val,v_HorseRace_g05_c02,data/UCF101_data/UCF-101/HorseRace/v_HorseRace_g05_c02.avi,40,8,100,4,40,True,True,0.9774443507194519,0.015025556087493896,0.003562727724784054,0.6927213887684047,298,8,8,8,False,
ucf101,val,v_HorseRace_g07_c03,data/UCF101_data/UCF-101/HorseRace/v_HorseRace_g07_c03.avi,40,8,100,4,40,True,True,0.9717314839363098,0.01407216489315033,0.003562727724784054,0.6767289056442678,154,8,8,8,False,
ucf101,val,v_HorseRiding_g03_c04,data/UCF101_data/UCF-101/HorseRiding/v_HorseRiding_g03_c04.avi,41,8,100,4,41,True,True,0.9837960004806519,0.01505590882152319,0.003562727724784054,0.6616616640239954,151,8,8,8,False,
ucf101,val,v_HorseRiding_g03_c06,data/UCF101_data/UCF-101/HorseRiding/v_HorseRiding_g03_c06.avi,41,8,100,4,41,True,True,0.9811593294143677,0.015901944134384394,0.003562727724784054,0.645597118884325,180,8,8,8,False,
ucf101,val,v_HorseRiding_g03_c03,data/UCF101_data/UCF-101/HorseRiding/v_HorseRiding_g03_c03.avi,41,8,100,4,41,True,True,0.9865137934684753,0.014405002817511559,0.003562727724784054,0.6288846707902849,151,8,8,8,False,
ucf101,val,v_HorseRiding_g03_c01,data/UCF101_data/UCF-101/HorseRiding/v_HorseRiding_g03_c01.avi,41,8,100,4,41,True,True,0.9833604097366333,0.015462716110050678,0.003562727724784054,0.613256033975631,185,8,8,8,False,
ucf101,val,v_HorseRiding_g02_c01,data/UCF101_data/UCF-101/HorseRiding/v_HorseRiding_g02_c01.avi,41,8,100,4,41,True,True,0.985910177230835,0.015310211107134819,0.003562727724784054,0.596836896147579,180,8,8,8,False,
ucf101,val,v_HorseRiding_g02_c06,data/UCF101_data/UCF-101/HorseRiding/v_HorseRiding_g02_c06.avi,41,8,100,4,41,True,True,0.9877023100852966,0.01543527515605092,0.003562727724784054,0.5804302152246237,180,8,8,8,False,
ucf101,val,v_HorseRiding_g03_c07,data/UCF101_data/UCF-101/HorseRiding/v_HorseRiding_g03_c07.avi,41,8,100,4,41,True,True,0.9858025312423706,0.01498040184378624,0.003562727724784054,0.5643024519085884,192,8,8,8,False,
ucf101,val,v_HorseRiding_g07_c03,data/UCF101_data/UCF-101/HorseRiding/v_HorseRiding_g07_c03.avi,41,8,100,4,41,True,True,0.9872671961784363,0.01462498726323247,0.003562727724784054,0.5486239958554506,180,8,8,8,False,
ucf101,val,v_HorseRiding_g05_c07,data/UCF101_data/UCF-101/HorseRiding/v_HorseRiding_g05_c07.avi,41,8,100,4,41,True,True,0.9746169447898865,0.015747554134577513,0.003562727724784054,0.5333098052069545,240,8,8,8,False,
ucf101,val,v_HorseRiding_g02_c05,data/UCF101_data/UCF-101/HorseRiding/v_HorseRiding_g02_c05.avi,41,8,100,4,41,True,True,0.9860446453094482,0.01728732604533434,0.003562727724784054,0.5164016112685204,180,8,8,8,False,
ucf101,val,v_HorseRiding_g07_c02,data/UCF101_data/UCF-101/HorseRiding/v_HorseRiding_g07_c02.avi,41,8,100,4,41,True,True,0.9862382411956787,0.014854960143566132,0.003562727724784054,0.4978200299665332,180,8,8,8,False,
ucf101,val,v_HorseRiding_g02_c07,data/UCF101_data/UCF-101/HorseRiding/v_HorseRiding_g02_c07.avi,41,8,100,4,41,True,True,0.9826318025588989,0.014168445020914078,0.003562727724784054,0.48228247510269284,120,8,8,8,False,
ucf101,val,v_HorseRiding_g05_c03,data/UCF101_data/UCF-101/HorseRiding/v_HorseRiding_g05_c03.avi,41,8,100,4,41,True,True,0.9843195080757141,0.035671485122293234,0.003624656063038856,0.9899916988797486,151,8,8,8,False,
ucf101,val,v_HorseRiding_g07_c07,data/UCF101_data/UCF-101/HorseRiding/v_HorseRiding_g07_c07.avi,41,8,100,4,41,True,True,0.9674482941627502,0.016910106875002384,0.003624656063038856,0.9521422260440886,240,8,8,8,False,
ucf101,val,v_HorseRiding_g05_c06,data/UCF101_data/UCF-101/HorseRiding/v_HorseRiding_g05_c06.avi,41,8,100,4,41,True,True,0.9821052551269531,0.015720557887107134,0.003624656063038856,0.9343822291120887,240,8,8,8,False,
ucf101,val,v_HorseRiding_g03_c05,data/UCF101_data/UCF-101/HorseRiding/v_HorseRiding_g03_c05.avi,41,8,100,4,41,True,True,0.9826971888542175,0.01496900524944067,0.003624656063038856,0.9179026200436056,156,8,8,8,False,
ucf101,val,v_HorseRiding_g01_c07,data/UCF101_data/UCF-101/HorseRiding/v_HorseRiding_g01_c07.avi,41,8,100,4,41,True,True,0.9803493022918701,0.014671178068965673,0.003624656063038856,0.9019309510476887,120,8,8,8,False,
ucf101,val,v_HorseRiding_g06_c04,data/UCF101_data/UCF-101/HorseRiding/v_HorseRiding_g06_c04.avi,41,8,100,4,41,True,True,0.9867995381355286,0.015049794223159552,0.003624656063038856,0.886451889295131,180,8,8,8,False,
ucf101,val,v_HorseRiding_g02_c03,data/UCF101_data/UCF-101/HorseRiding/v_HorseRiding_g02_c03.avi,41,8,100,4,41,True,True,0.9868791699409485,0.014011290855705738,0.003624656063038856,0.8706840970553458,121,8,8,8,False,
ucf101,val,v_HorseRiding_g06_c07,data/UCF101_data/UCF-101/HorseRiding/v_HorseRiding_g06_c07.avi,41,8,100,4,41,True,True,0.9856223464012146,0.014966478105634451,0.003624656063038856,0.8557406370528042,216,8,8,8,False,
ucf101,val,v_HulaHoop_g05_c03,data/UCF101_data/UCF-101/HulaHoop/v_HulaHoop_g05_c03.avi,42,8,100,4,42,True,True,0.6913909912109375,0.014650315977633,0.003624656063038856,0.8399184788577259,108,8,8,8,False,
ucf101,val,v_HulaHoop_g03_c01,data/UCF101_data/UCF-101/HulaHoop/v_HulaHoop_g03_c01.avi,42,8,100,4,42,True,True,0.9841192364692688,0.013768562115728855,0.003624656063038856,0.8245618767105043,92,8,8,8,False,
ucf101,val,v_HulaHoop_g04_c04,data/UCF101_data/UCF-101/HulaHoop/v_HulaHoop_g04_c04.avi,42,8,100,4,57,False,True,0.2801786959171295,0.0143815902993083,0.003624656063038856,0.8100111903622746,111,8,8,8,False,
ucf101,val,v_HulaHoop_g01_c01,data/UCF101_data/UCF-101/HulaHoop/v_HulaHoop_g01_c01.avi,42,8,100,4,42,True,True,0.9813899397850037,0.01371398288756609,0.003624656063038856,0.7944282498210669,91,8,8,8,False,
ucf101,val,v_HulaHoop_g05_c02,data/UCF101_data/UCF-101/HulaHoop/v_HulaHoop_g05_c02.avi,42,8,100,4,42,True,True,0.9502091407775879,0.014163450803607702,0.003624656063038856,0.7798931282013655,96,8,8,8,False,
ucf101,val,v_HulaHoop_g04_c02,data/UCF101_data/UCF-101/HulaHoop/v_HulaHoop_g04_c02.avi,42,8,100,4,57,False,True,0.21276172995567322,0.014571414794772863,0.003624656063038856,0.7649296741001308,112,8,8,8,False,
ucf101,val,v_HulaHoop_g01_c05,data/UCF101_data/UCF-101/HulaHoop/v_HulaHoop_g01_c05.avi,42,8,100,4,42,True,True,0.9820451140403748,0.01375569123774767,0.003624656063038856,0.7495535900816321,121,8,8,8,False,
ucf101,val,v_HulaHoop_g02_c02,data/UCF101_data/UCF-101/HulaHoop/v_HulaHoop_g02_c02.avi,42,8,100,4,42,True,True,0.9843145608901978,0.013494642917066813,0.003624656063038856,0.7348965089768171,121,8,8,8,False,
ucf101,val,v_HulaHoop_g01_c02,data/UCF101_data/UCF-101/HulaHoop/v_HulaHoop_g01_c02.avi,42,8,100,4,42,True,True,0.964844286441803,0.014627727214246988,0.003624656063038856,0.7203681352548301,141,8,8,8,False,
ucf101,val,v_HulaHoop_g06_c01,data/UCF101_data/UCF-101/HulaHoop/v_HulaHoop_g06_c01.avi,42,8,100,4,42,True,True,0.4316753149032593,0.013948382809758186,0.003624656063038856,0.7047866508364677,96,8,8,8,False,
ucf101,val,v_HulaHoop_g06_c04,data/UCF101_data/UCF-101/HulaHoop/v_HulaHoop_g06_c04.avi,42,8,100,4,42,True,True,0.8561707139015198,0.014156307093799114,0.003624656063038856,0.6899635912850499,96,8,8,8,False,
ucf101,val,v_HulaHoop_g02_c03,data/UCF101_data/UCF-101/HulaHoop/v_HulaHoop_g02_c03.avi,42,8,100,4,42,True,True,0.983303427696228,0.013437099754810333,0.003624656063038856,0.6751358606852591,121,8,8,8,False,
ucf101,val,v_HulaHoop_g06_c03,data/UCF101_data/UCF-101/HulaHoop/v_HulaHoop_g06_c03.avi,42,8,100,4,42,True,True,0.8872688412666321,0.014177042990922928,0.003624656063038856,0.6606197808869183,96,8,8,8,False,
ucf101,val,v_HulaHoop_g04_c05,data/UCF101_data/UCF-101/HulaHoop/v_HulaHoop_g04_c05.avi,42,8,100,4,86,False,True,0.24208982288837433,0.014246569015085697,0.003624656063038856,0.6457605897448957,115,8,8,8,False,
ucf101,val,v_HulaHoop_g03_c05,data/UCF101_data/UCF-101/HulaHoop/v_HulaHoop_g03_c05.avi,42,8,100,4,42,True,True,0.9051810503005981,0.013463192619383335,0.003624656063038856,0.6305805323645473,92,8,8,8,False,
ucf101,val,v_HulaHoop_g01_c04,data/UCF101_data/UCF-101/HulaHoop/v_HulaHoop_g01_c04.avi,42,8,100,4,42,True,True,0.9776976704597473,0.013765996787697077,0.003624656063038856,0.6164422119036317,101,8,8,8,False,
ucf101,val,v_HulaHoop_g07_c02,data/UCF101_data/UCF-101/HulaHoop/v_HulaHoop_g07_c02.avi,42,8,100,4,42,True,True,0.9834480285644531,0.013908396940678358,0.003624656063038856,0.6016426919959486,101,8,8,8,False,
ucf101,val,v_HulaHoop_g07_c01,data/UCF101_data/UCF-101/HulaHoop/v_HulaHoop_g07_c01.avi,42,8,100,4,42,True,True,0.9834638237953186,0.013903209939599037,0.003624656063038856,0.5865721669979393,96,8,8,8,False,
ucf101,val,v_HulaHoop_g07_c03,data/UCF101_data/UCF-101/HulaHoop/v_HulaHoop_g07_c03.avi,42,8,100,4,42,True,True,0.984408438205719,0.013193583115935326,0.003624656063038856,0.5720128142274916,91,8,8,8,False,
ucf101,val,v_HulaHoop_g02_c01,data/UCF101_data/UCF-101/HulaHoop/v_HulaHoop_g02_c01.avi,42,8,100,4,42,True,True,0.9823619723320007,0.013232563622295856,0.003624656063038856,0.557995580136776,111,8,8,8,False,
ucf101,val,v_IceDancing_g05_c02,data/UCF101_data/UCF-101/IceDancing/v_IceDancing_g05_c02.avi,43,8,100,4,43,True,True,0.947799026966095,0.01610213378444314,0.003624656063038856,0.5438198880292475,248,8,8,8,False,
ucf101,val,v_IceDancing_g04_c02,data/UCF101_data/UCF-101/IceDancing/v_IceDancing_g04_c02.avi,43,8,100,4,43,True,True,0.9854509830474854,0.016361700370907784,0.003624656063038856,0.5263593532145023,249,8,8,8,False,
ucf101,val,v_IceDancing_g02_c05,data/UCF101_data/UCF-101/IceDancing/v_IceDancing_g02_c05.avi,43,8,100,4,43,True,True,0.9716669917106628,0.016221661120653152,0.003624656063038856,0.5079167471267283,244,8,8,8,False,
ucf101,val,v_IceDancing_g01_c04,data/UCF101_data/UCF-101/IceDancing/v_IceDancing_g01_c04.avi,43,8,100,4,43,True,True,0.9885824918746948,0.019441621843725443,0.003624656063038856,0.49010900501161814,258,8,8,8,False,
ucf101,val,v_IceDancing_g03_c03,data/UCF101_data/UCF-101/IceDancing/v_IceDancing_g03_c03.avi,43,8,100,4,43,True,True,0.989522397518158,0.05568798026069999,0.003823797815130092,1.1188448923639953,247,8,8,8,False,
ucf101,val,v_IceDancing_g05_c04,data/UCF101_data/UCF-101/IceDancing/v_IceDancing_g05_c04.avi,43,8,100,4,43,True,True,0.9875836968421936,0.016403979156166315,0.003823797815130092,1.0607930100522935,243,8,8,8,False,
ucf101,val,v_IceDancing_g02_c01,data/UCF101_data/UCF-101/IceDancing/v_IceDancing_g02_c01.avi,43,8,100,4,43,True,True,0.9813965559005737,0.017017786856740713,0.003823797815130092,1.0426375712268054,256,8,8,8,False,
ucf101,val,v_IceDancing_g01_c05,data/UCF101_data/UCF-101/IceDancing/v_IceDancing_g01_c05.avi,43,8,100,4,43,True,True,0.9912915229797363,0.016576705034822226,0.003823797815130092,1.0244177095592022,259,8,8,8,False,
ucf101,val,v_IceDancing_g04_c06,data/UCF101_data/UCF-101/IceDancing/v_IceDancing_g04_c06.avi,43,8,100,4,43,True,True,0.9572192430496216,0.016487843822687864,0.003823797815130092,1.006854338105768,261,8,8,8,False,
ucf101,val,v_IceDancing_g05_c05,data/UCF101_data/UCF-101/IceDancing/v_IceDancing_g05_c05.avi,43,8,100,4,43,True,True,0.9879756569862366,0.015093603171408176,0.003823797815130092,0.9884553719311953,243,8,8,8,False,
ucf101,val,v_IceDancing_g06_c06,data/UCF101_data/UCF-101/IceDancing/v_IceDancing_g06_c06.avi,43,8,100,4,43,True,True,0.9161359667778015,0.015109344851225615,0.003823797815130092,0.971701237373054,252,8,8,8,False,
ucf101,val,v_IceDancing_g07_c04,data/UCF101_data/UCF-101/IceDancing/v_IceDancing_g07_c04.avi,43,8,100,4,43,True,True,0.9884653091430664,0.014975500758737326,0.003823797815130092,0.9555492699146271,230,8,8,8,False,
ucf101,val,v_IceDancing_g02_c03,data/UCF101_data/UCF-101/IceDancing/v_IceDancing_g02_c03.avi,43,8,100,4,43,True,True,0.9872328042984009,0.020442480221390724,0.003823797815130092,0.9393526930361986,252,8,8,8,False,
ucf101,val,v_IceDancing_g06_c01,data/UCF101_data/UCF-101/IceDancing/v_IceDancing_g06_c01.avi,43,8,100,4,43,True,True,0.9892733693122864,0.050483816768974066,0.003823797815130092,0.9175579068250954,187,8,8,8,False,
ucf101,val,v_IceDancing_g03_c06,data/UCF101_data/UCF-101/IceDancing/v_IceDancing_g03_c06.avi,43,8,100,4,43,True,True,0.9896104335784912,0.015726095996797085,0.003823797815130092,0.8641895898617804,240,8,8,8,False,
ucf101,val,v_IceDancing_g01_c03,data/UCF101_data/UCF-101/IceDancing/v_IceDancing_g01_c03.avi,43,8,100,4,43,True,True,0.9869565963745117,0.014454049058258533,0.003823797815130092,0.8474183399230242,235,8,8,8,False,
ucf101,val,v_IceDancing_g07_c01,data/UCF101_data/UCF-101/IceDancing/v_IceDancing_g07_c01.avi,43,8,100,4,43,True,True,0.9888260364532471,0.016094887629151344,0.003823797815130092,0.8313456368632615,261,8,8,8,False,
ucf101,val,v_IceDancing_g06_c02,data/UCF101_data/UCF-101/IceDancing/v_IceDancing_g06_c02.avi,43,8,100,4,43,True,True,0.9897392392158508,0.0691202781163156,0.003823797815130092,0.8136109746992588,248,8,8,8,False,
ucf101,val,v_IceDancing_g03_c04,data/UCF101_data/UCF-101/IceDancing/v_IceDancing_g03_c04.avi,43,8,100,4,43,True,True,0.9862673282623291,0.015824515838176012,0.003823797815130092,0.7418504827655852,243,8,8,8,False,
ucf101,val,v_IceDancing_g04_c05,data/UCF101_data/UCF-101/IceDancing/v_IceDancing_g04_c05.avi,43,8,100,4,43,True,True,0.449688583612442,0.016358850989490747,0.003823797815130092,0.724160204641521,249,8,8,8,False,
ucf101,val,v_JavelinThrow_g04_c02,data/UCF101_data/UCF-101/JavelinThrow/v_JavelinThrow_g04_c02.avi,44,8,100,4,79,False,False,0.30739760398864746,0.014750570990145206,0.003823797815130092,0.7062647198326886,167,8,8,8,False,
ucf101,val,v_JavelinThrow_g05_c04,data/UCF101_data/UCF-101/JavelinThrow/v_JavelinThrow_g05_c04.avi,44,8,100,4,44,True,True,0.9600578546524048,0.014357056003063917,0.003823797815130092,0.6906542428769171,159,8,8,8,False,
ucf101,val,v_JavelinThrow_g07_c04,data/UCF101_data/UCF-101/JavelinThrow/v_JavelinThrow_g07_c04.avi,44,8,100,4,29,False,True,0.8910289406776428,0.013231175020337105,0.003823797815130092,0.675350199919194,90,8,8,8,False,
ucf101,val,v_JavelinThrow_g06_c04,data/UCF101_data/UCF-101/JavelinThrow/v_JavelinThrow_g06_c04.avi,44,8,100,4,44,True,True,0.9571608901023865,0.013581812847405672,0.003823797815130092,0.6612162520177662,135,8,8,8,False,
ucf101,val,v_JavelinThrow_g07_c03,data/UCF101_data/UCF-101/JavelinThrow/v_JavelinThrow_g07_c03.avi,44,8,100,4,29,False,True,0.44081911444664,0.01239590859040618,0.003823797815130092,0.6467343298718333,66,8,8,8,False,
ucf101,val,v_JavelinThrow_g02_c04,data/UCF101_data/UCF-101/JavelinThrow/v_JavelinThrow_g02_c04.avi,44,8,100,4,44,True,True,0.8944528102874756,0.013873105868697166,0.003823797815130092,0.6334647978655994,142,8,8,8,False,
ucf101,val,v_JavelinThrow_g06_c03,data/UCF101_data/UCF-101/JavelinThrow/v_JavelinThrow_g06_c03.avi,44,8,100,4,44,True,True,0.9603124856948853,0.01411369489505887,0.003823797815130092,0.618448625318706,142,8,8,8,False,
ucf101,val,v_JavelinThrow_g05_c01,data/UCF101_data/UCF-101/JavelinThrow/v_JavelinThrow_g05_c01.avi,44,8,100,4,44,True,True,0.9604613780975342,0.012106460053473711,0.003823797815130092,0.6033810190856457,71,8,8,8,False,
ucf101,val,v_JavelinThrow_g04_c01,data/UCF101_data/UCF-101/JavelinThrow/v_JavelinThrow_g04_c01.avi,44,8,100,4,67,False,True,0.6721360087394714,0.01382750691846013,0.003823797815130092,0.5903492886573076,132,8,8,8,False,
ucf101,val,v_JavelinThrow_g04_c03,data/UCF101_data/UCF-101/JavelinThrow/v_JavelinThrow_g04_c03.avi,44,8,100,4,44,True,True,0.8717941045761108,0.013801276218146086,0.003823797815130092,0.5758476699702442,123,8,8,8,False,
ucf101,val,v_JavelinThrow_g05_c06,data/UCF101_data/UCF-101/JavelinThrow/v_JavelinThrow_g05_c06.avi,44,8,100,4,44,True,True,0.9602791666984558,0.010404085274785757,0.003823797815130092,0.5609789085574448,51,8,8,8,False,
ucf101,val,v_JavelinThrow_g03_c02,data/UCF101_data/UCF-101/JavelinThrow/v_JavelinThrow_g03_c02.avi,44,8,100,4,44,True,True,0.967842698097229,0.014636760111898184,0.003823797815130092,0.5496999458409846,151,8,8,8,False,
ucf101,val,v_JavelinThrow_g05_c03,data/UCF101_data/UCF-101/JavelinThrow/v_JavelinThrow_g05_c03.avi,44,8,100,4,44,True,True,0.9638829827308655,0.013997302856296301,0.003823797815130092,0.5339926080778241,98,8,8,8,False,
ucf101,val,v_JavelinThrow_g07_c05,data/UCF101_data/UCF-101/JavelinThrow/v_JavelinThrow_g07_c05.avi,44,8,100,4,29,False,True,0.4567771255970001,0.012021410278975964,0.003823797815130092,0.5190257830545306,72,8,8,8,False,
ucf101,val,v_JavelinThrow_g07_c01,data/UCF101_data/UCF-101/JavelinThrow/v_JavelinThrow_g07_c01.avi,44,8,100,4,29,False,True,0.44856977462768555,0.013580843806266785,0.003823797815130092,0.5061065759509802,77,8,8,8,False,
ucf101,val,v_JavelinThrow_g01_c02,data/UCF101_data/UCF-101/JavelinThrow/v_JavelinThrow_g01_c02.avi,44,8,100,4,44,True,True,0.9507746696472168,0.014335310086607933,0.003823797815130092,0.49158455710858107,144,8,8,8,False,
ucf101,val,v_JavelinThrow_g06_c02,data/UCF101_data/UCF-101/JavelinThrow/v_JavelinThrow_g06_c02.avi,44,8,100,4,44,True,True,0.9600905776023865,0.03389298589900136,0.003980482375482097,0.9821005361154675,163,8,8,8,False,
ucf101,val,v_JavelinThrow_g03_c04,data/UCF101_data/UCF-101/JavelinThrow/v_JavelinThrow_g03_c04.avi,44,8,100,4,44,True,True,0.4113149046897888,0.012352344114333391,0.003980482375482097,0.943190285935998,61,8,8,8,False,
ucf101,val,v_JavelinThrow_g04_c04,data/UCF101_data/UCF-101/JavelinThrow/v_JavelinThrow_g04_c04.avi,44,8,100,4,44,True,True,0.8098596334457397,0.013976671267300844,0.003980482375482097,0.929876044858247,120,8,8,8,False,
ucf101,val,v_JavelinThrow_g01_c04,data/UCF101_data/UCF-101/JavelinThrow/v_JavelinThrow_g01_c04.avi,44,8,100,4,44,True,True,0.8749645352363586,0.013856260105967522,0.003980482375482097,0.9150005183182657,110,8,8,8,False,
ucf101,val,v_JugglingBalls_g03_c04,data/UCF101_data/UCF-101/JugglingBalls/v_JugglingBalls_g03_c04.avi,45,8,100,4,45,True,True,0.9414994120597839,0.013788830023258924,0.003980482375482097,0.8999815317802131,256,8,8,8,False,
ucf101,val,v_JugglingBalls_g03_c07,data/UCF101_data/UCF-101/JugglingBalls/v_JugglingBalls_g03_c07.avi,45,8,100,4,45,True,True,0.9414321780204773,0.015126429032534361,0.003980482375482097,0.8854898470453918,269,8,8,8,False,
ucf101,val,v_JugglingBalls_g02_c02,data/UCF101_data/UCF-101/JugglingBalls/v_JugglingBalls_g02_c02.avi,45,8,100,4,45,True,True,0.9514798521995544,0.012605912983417511,0.003980482375482097,0.8694389830343425,253,8,8,8,False,
ucf101,val,v_JugglingBalls_g03_c01,data/UCF101_data/UCF-101/JugglingBalls/v_JugglingBalls_g03_c01.avi,45,8,100,4,45,True,True,0.9534261226654053,0.015805745031684637,0.003980482375482097,0.8559695892035961,263,8,8,8,False,
ucf101,val,v_JugglingBalls_g03_c06,data/UCF101_data/UCF-101/JugglingBalls/v_JugglingBalls_g03_c06.avi,45,8,100,4,45,True,True,0.9443912506103516,0.014343847054988146,0.003980482375482097,0.8391512166708708,257,8,8,8,False,
ucf101,val,v_JugglingBalls_g03_c02,data/UCF101_data/UCF-101/JugglingBalls/v_JugglingBalls_g03_c02.avi,45,8,100,4,45,True,True,0.9480499029159546,0.014998800121247768,0.003980482375482097,0.8239767560735345,249,8,8,8,False,
ucf101,val,v_JugglingBalls_g02_c01,data/UCF101_data/UCF-101/JugglingBalls/v_JugglingBalls_g02_c01.avi,45,8,100,4,45,True,True,0.9541522860527039,0.015480196103453636,0.003980482375482097,0.8081195945851505,247,8,8,8,False,
ucf101,val,v_JugglingBalls_g07_c04,data/UCF101_data/UCF-101/JugglingBalls/v_JugglingBalls_g07_c04.avi,45,8,100,4,45,True,True,0.555269718170166,0.014585675206035376,0.003980482375482097,0.7915023500099778,250,8,8,8,False,
ucf101,val,v_JugglingBalls_g01_c01,data/UCF101_data/UCF-101/JugglingBalls/v_JugglingBalls_g01_c01.avi,45,8,100,4,45,True,True,0.3174690008163452,0.014056960120797157,0.003980482375482097,0.7760854540392756,257,8,8,8,False,
ucf101,val,v_JugglingBalls_g07_c07,data/UCF101_data/UCF-101/JugglingBalls/v_JugglingBalls_g07_c07.avi,45,8,100,4,55,False,True,0.41240194439888,0.015123080927878618,0.003980482375482097,0.7612161980941892,252,8,8,8,False,
ucf101,val,v_JugglingBalls_g03_c05,data/UCF101_data/UCF-101/JugglingBalls/v_JugglingBalls_g03_c05.avi,45,8,100,4,45,True,True,0.9551127552986145,0.015189704019576311,0.003980482375482097,0.7454095827415586,276,8,8,8,False,
ucf101,val,v_JugglingBalls_g05_c01,data/UCF101_data/UCF-101/JugglingBalls/v_JugglingBalls_g05_c01.avi,45,8,100,4,45,True,True,0.9500911235809326,0.01437367219477892,0.003980482375482097,0.7295360108837485,243,8,8,8,False,
ucf101,val,v_JugglingBalls_g04_c03,data/UCF101_data/UCF-101/JugglingBalls/v_JugglingBalls_g04_c03.avi,45,8,100,4,45,True,True,0.9369557499885559,0.015567888040095568,0.003980482375482097,0.7142673716880381,246,8,8,8,False,
ucf101,val,v_JugglingBalls_g07_c03,data/UCF101_data/UCF-101/JugglingBalls/v_JugglingBalls_g07_c03.avi,45,8,100,4,55,False,True,0.5408298373222351,0.014970374759286642,0.003980482375482097,0.697770340833813,246,8,8,8,False,
ucf101,val,v_JugglingBalls_g02_c06,data/UCF101_data/UCF-101/JugglingBalls/v_JugglingBalls_g02_c06.avi,45,8,100,4,45,True,True,0.9642746448516846,0.012601902708411217,0.003980482375482097,0.6816704999655485,253,8,8,8,False,
ucf101,val,v_JugglingBalls_g01_c02,data/UCF101_data/UCF-101/JugglingBalls/v_JugglingBalls_g01_c02.avi,45,8,100,4,45,True,True,0.3843114376068115,0.01659799087792635,0.003980482375482097,0.6681684539653361,248,8,8,8,False,
ucf101,val,v_JugglingBalls_g02_c04,data/UCF101_data/UCF-101/JugglingBalls/v_JugglingBalls_g02_c04.avi,45,8,100,4,45,True,True,0.9466027617454529,0.015669341199100018,0.003980482375482097,0.6506775454618037,247,8,8,8,False,
ucf101,val,v_JugglingBalls_g05_c04,data/UCF101_data/UCF-101/JugglingBalls/v_JugglingBalls_g05_c04.avi,45,8,100,4,45,True,True,0.9485200643539429,0.013072249945253134,0.003980482375482097,0.6340394639410079,254,8,8,8,False,
ucf101,val,v_JugglingBalls_g06_c02,data/UCF101_data/UCF-101/JugglingBalls/v_JugglingBalls_g06_c02.avi,45,8,100,4,45,True,True,0.9372768402099609,0.01487310416996479,0.003980482375482097,0.6200909940525889,240,8,8,8,False,
ucf101,val,v_JugglingBalls_g06_c03,data/UCF101_data/UCF-101/JugglingBalls/v_JugglingBalls_g06_c03.avi,45,8,100,4,45,True,True,0.9516415596008301,0.013980258256196976,0.003980482375482097,0.6045302450656891,257,8,8,8,False,
ucf101,val,v_JumpingJack_g01_c05,data/UCF101_data/UCF-101/JumpingJack/v_JumpingJack_g01_c05.avi,46,8,100,4,46,True,True,0.9699869155883789,0.013281522784382105,0.003980482375482097,0.5897494610399008,89,8,8,8,False,
ucf101,val,v_JumpingJack_g03_c04,data/UCF101_data/UCF-101/JumpingJack/v_JumpingJack_g03_c04.avi,46,8,100,4,46,True,True,0.8054088950157166,0.012955571059137583,0.003980482375482097,0.5754880309104919,84,8,8,8,False,
ucf101,val,v_JumpingJack_g04_c02,data/UCF101_data/UCF-101/JumpingJack/v_JumpingJack_g04_c02.avi,46,8,100,4,51,False,False,0.2888827323913574,0.013351598754525185,0.003980482375482097,0.5618508500047028,78,8,8,8,False,
ucf101,val,v_JumpingJack_g03_c02,data/UCF101_data/UCF-101/JumpingJack/v_JumpingJack_g03_c02.avi,46,8,100,4,46,True,True,0.966188371181488,0.011996676214039326,0.003980482375482097,0.5475565581582487,88,8,8,8,False,
ucf101,val,v_JumpingJack_g06_c03,data/UCF101_data/UCF-101/JumpingJack/v_JumpingJack_g06_c03.avi,46,8,100,4,57,False,True,0.2195315808057785,0.013424235861748457,0.003980482375482097,0.5348752280697227,79,8,8,8,False,
ucf101,val,v_JumpingJack_g02_c01,data/UCF101_data/UCF-101/JumpingJack/v_JumpingJack_g02_c01.avi,46,8,100,4,46,True,True,0.7311943173408508,0.01134932180866599,0.003980482375482097,0.5205042120069265,63,8,8,8,False,
ucf101,val,v_JumpingJack_g04_c03,data/UCF101_data/UCF-101/JumpingJack/v_JumpingJack_g04_c03.avi,46,8,100,4,20,False,False,0.4596408009529114,0.013266672845929861,0.003980482375482097,0.5083446577191353,80,8,8,8,False,
ucf101,val,v_JumpingJack_g06_c07,data/UCF101_data/UCF-101/JumpingJack/v_JumpingJack_g06_c07.avi,46,8,100,4,46,True,True,0.43237122893333435,0.012899046763777733,0.003980482375482097,0.49441640824079514,66,8,8,8,False,
ucf101,val,v_JumpingJack_g05_c02,data/UCF101_data/UCF-101/JumpingJack/v_JumpingJack_g05_c02.avi,46,8,100,4,69,False,False,0.794951319694519,0.030376498121768236,0.0034996608446817845,0.9742555199190974,82,8,8,8,False,
ucf101,val,v_JumpingJack_g07_c05,data/UCF101_data/UCF-101/JumpingJack/v_JumpingJack_g07_c05.avi,46,8,100,4,46,True,True,0.9602189064025879,0.01253372710198164,0.0034996608446817845,0.9424059330485761,88,8,8,8,False,
ucf101,val,v_JumpingJack_g02_c02,data/UCF101_data/UCF-101/JumpingJack/v_JumpingJack_g02_c02.avi,46,8,100,4,46,True,True,0.546796977519989,0.011517988052219152,0.0034996608446817845,0.9291728683747351,63,8,8,8,False,
ucf101,val,v_JumpingJack_g07_c01,data/UCF101_data/UCF-101/JumpingJack/v_JumpingJack_g07_c01.avi,46,8,100,4,46,True,True,0.9411644339561462,0.011985315009951591,0.0034996608446817845,0.9168471582233906,88,8,8,8,False,
ucf101,val,v_JumpingJack_g01_c03,data/UCF101_data/UCF-101/JumpingJack/v_JumpingJack_g01_c03.avi,46,8,100,4,46,True,True,0.9710140824317932,0.013350646942853928,0.0034996608446817845,0.9041926171630621,92,8,8,8,False,
ucf101,val,v_JumpingJack_g01_c02,data/UCF101_data/UCF-101/JumpingJack/v_JumpingJack_g01_c02.avi,46,8,100,4,46,True,True,0.9726976752281189,0.013147566933184862,0.0034996608446817845,0.8900035126134753,91,8,8,8,False,
ucf101,val,v_JumpingJack_g01_c06,data/UCF101_data/UCF-101/JumpingJack/v_JumpingJack_g01_c06.avi,46,8,100,4,46,True,True,0.961163341999054,0.011835870798677206,0.0034996608446817845,0.8759807627648115,88,8,8,8,False,
ucf101,val,v_JumpingJack_g02_c03,data/UCF101_data/UCF-101/JumpingJack/v_JumpingJack_g02_c03.avi,46,8,100,4,46,True,True,0.6765034794807434,0.014222507830709219,0.0034996608446817845,0.863238959107548,101,8,8,8,False,
ucf101,val,v_JumpingJack_g05_c01,data/UCF101_data/UCF-101/JumpingJack/v_JumpingJack_g05_c01.avi,46,8,100,4,69,False,True,0.4629000425338745,0.012639856897294521,0.0034996608446817845,0.8480841829441488,81,8,8,8,False,
ucf101,val,v_JumpingJack_g04_c04,data/UCF101_data/UCF-101/JumpingJack/v_JumpingJack_g04_c04.avi,46,8,100,4,14,False,True,0.2808183431625366,0.011659638956189156,0.0034996608446817845,0.8345823329873383,85,8,8,8,False,
ucf101,val,v_JumpingJack_g05_c03,data/UCF101_data/UCF-101/JumpingJack/v_JumpingJack_g05_c03.avi,46,8,100,4,69,False,True,0.20859919488430023,0.014342688024044037,0.0034996608446817845,0.822063104249537,100,8,8,8,False,
ucf101,val,v_JumpingJack_g07_c04,data/UCF101_data/UCF-101/JumpingJack/v_JumpingJack_g07_c04.avi,46,8,100,4,46,True,True,0.9304263591766357,0.011905718129128218,0.0034996608446817845,0.8069839170202613,87,8,8,8,False,
ucf101,val,v_JumpRope_g02_c04,data/UCF101_data/UCF-101/JumpRope/v_JumpRope_g02_c04.avi,47,8,100,4,57,False,True,0.38844794034957886,0.01671640481799841,0.0034996608446817845,0.7944278470240533,500,8,8,8,False,
ucf101,val,v_JumpRope_g06_c03,data/UCF101_data/UCF-101/JumpRope/v_JumpRope_g06_c03.avi,47,8,100,4,83,False,True,0.23782135546207428,0.015115099027752876,0.0034996608446817845,0.7770094559527934,355,8,8,8,False,
ucf101,val,v_JumpRope_g04_c05,data/UCF101_data/UCF-101/JumpRope/v_JumpRope_g04_c05.avi,47,8,100,4,89,False,False,0.32096362113952637,0.015950846020132303,0.0034996608446817845,0.7607046351768076,480,8,8,8,False,
ucf101,val,v_JumpRope_g05_c04,data/UCF101_data/UCF-101/JumpRope/v_JumpRope_g05_c04.avi,47,8,100,4,47,True,True,0.9233173727989197,0.015214190352708101,0.0034996608446817845,0.74402857106179,614,8,8,8,False,
ucf101,val,v_JumpRope_g04_c03,data/UCF101_data/UCF-101/JumpRope/v_JumpRope_g04_c03.avi,47,8,100,4,89,False,False,0.6780306100845337,0.016574962064623833,0.0034996608446817845,0.7278240928426385,489,8,8,8,False,
ucf101,val,v_JumpRope_g07_c01,data/UCF101_data/UCF-101/JumpRope/v_JumpRope_g07_c01.avi,47,8,100,4,47,True,True,0.8662144541740417,0.015639926306903362,0.0034996608446817845,0.7102750213816762,396,8,8,8,False,
ucf101,val,v_JumpRope_g06_c05,data/UCF101_data/UCF-101/JumpRope/v_JumpRope_g06_c05.avi,47,8,100,4,89,False,True,0.22393153607845306,0.014961767010390759,0.0034996608446817845,0.6939456379041076,366,8,8,8,False,
ucf101,val,v_JumpRope_g03_c04,data/UCF101_data/UCF-101/JumpRope/v_JumpRope_g03_c04.avi,47,8,100,4,47,True,True,0.5292644500732422,0.015782751608639956,0.0034996608446817845,0.6780299986712635,316,8,8,8,False,
ucf101,val,v_JumpRope_g01_c03,data/UCF101_data/UCF-101/JumpRope/v_JumpRope_g01_c03.avi,47,8,100,4,47,True,True,0.3795211911201477,0.014991253148764372,0.0034996608446817845,0.661365183070302,346,8,8,8,False,
ucf101,val,v_JumpRope_g07_c04,data/UCF101_data/UCF-101/JumpRope/v_JumpRope_g07_c04.avi,47,8,100,4,47,True,True,0.8355904817581177,0.015583157073706388,0.0034996608446817845,0.6451213783584535,358,8,8,8,False,
ucf101,val,v_JumpRope_g01_c02,data/UCF101_data/UCF-101/JumpRope/v_JumpRope_g01_c02.avi,47,8,100,4,47,True,True,0.4113188683986664,0.014648744836449623,0.0034996608446817845,0.6285253907553852,268,8,8,8,False,
ucf101,val,v_JumpRope_g03_c03,data/UCF101_data/UCF-101/JumpRope/v_JumpRope_g03_c03.avi,47,8,100,4,47,True,True,0.903358519077301,0.014217390678822994,0.0034996608446817845,0.6131794881075621,294,8,8,8,False,
ucf101,val,v_JumpRope_g05_c02,data/UCF101_data/UCF-101/JumpRope/v_JumpRope_g05_c02.avi,47,8,100,4,47,True,True,0.9184713363647461,0.016032005660235882,0.0034996608446817845,0.5980503153987229,620,8,8,8,False,
ucf101,val,v_JumpRope_g02_c07,data/UCF101_data/UCF-101/JumpRope/v_JumpRope_g02_c07.avi,47,8,100,4,47,True,True,0.8398476839065552,0.015233021695166826,0.0034996608446817845,0.5813188538886607,510,8,8,8,False,
ucf101,val,v_JumpRope_g06_c02,data/UCF101_data/UCF-101/JumpRope/v_JumpRope_g06_c02.avi,47,8,100,4,89,False,True,0.2511931359767914,0.01458576787263155,0.0034996608446817845,0.5652338671498001,378,8,8,8,False,
ucf101,val,v_JumpRope_g02_c05,data/UCF101_data/UCF-101/JumpRope/v_JumpRope_g02_c05.avi,47,8,100,4,47,True,True,0.735504686832428,0.01648658001795411,0.0034996608446817845,0.5497367037460208,501,8,8,8,False,
ucf101,val,v_JumpRope_g01_c01,data/UCF101_data/UCF-101/JumpRope/v_JumpRope_g01_c01.avi,47,8,100,4,47,True,True,0.2938806712627411,0.015035050455480814,0.0034996608446817845,0.5321021005511284,257,8,8,8,False,
ucf101,val,v_JumpRope_g07_c05,data/UCF101_data/UCF-101/JumpRope/v_JumpRope_g07_c05.avi,47,8,100,4,47,True,True,0.8546772599220276,0.014304887037724257,0.0034996608446817845,0.5162608460523188,343,8,8,8,False,
ucf101,val,v_JumpRope_g07_c06,data/UCF101_data/UCF-101/JumpRope/v_JumpRope_g07_c06.avi,47,8,100,4,47,True,True,0.8689835667610168,0.017523196060210466,0.0034996608446817845,0.5011169258505106,403,8,8,8,False,
ucf101,val,v_JumpRope_g04_c04,data/UCF101_data/UCF-101/JumpRope/v_JumpRope_g04_c04.avi,47,8,100,4,7,False,False,0.3576817512512207,0.015891551040112972,0.0034996608446817845,0.48233035998418927,546,8,8,8,False,
ucf101,val,v_Kayaking_g01_c02,data/UCF101_data/UCF-101/Kayaking/v_Kayaking_g01_c02.avi,48,8,100,4,48,True,True,0.8086742758750916,0.03773283725604415,0.003989150340203196,1.0068573681637645,192,8,8,8,False,
ucf101,val,v_Kayaking_g04_c04,data/UCF101_data/UCF-101/Kayaking/v_Kayaking_g04_c04.avi,48,8,100,4,48,True,True,0.9838745594024658,0.013925399631261826,0.003989150340203196,0.96737204445526,211,8,8,8,False,
ucf101,val,v_Kayaking_g01_c03,data/UCF101_data/UCF-101/Kayaking/v_Kayaking_g01_c03.avi,48,8,100,4,75,False,True,0.45748385787010193,0.014540198259055614,0.003989150340203196,0.95232043415308,187,8,8,8,False,
ucf101,val,v_Kayaking_g03_c02,data/UCF101_data/UCF-101/Kayaking/v_Kayaking_g03_c02.avi,48,8,100,4,81,False,False,0.8474829196929932,0.014155833050608635,0.003989150340203196,0.9368342310190201,166,8,8,8,False,
ucf101,val,v_Kayaking_g06_c06,data/UCF101_data/UCF-101/Kayaking/v_Kayaking_g06_c06.avi,48,8,100,4,48,True,True,0.929415225982666,0.014683634974062443,0.003989150340203196,0.9218547139316797,161,8,8,8,False,
ucf101,val,v_Kayaking_g04_c03,data/UCF101_data/UCF-101/Kayaking/v_Kayaking_g04_c03.avi,48,8,100,4,48,True,True,0.984710156917572,0.014101180713623762,0.003989150340203196,0.9061255087144673,181,8,8,8,False,
ucf101,val,v_Kayaking_g04_c07,data/UCF101_data/UCF-101/Kayaking/v_Kayaking_g04_c07.avi,48,8,100,4,48,True,True,0.726405680179596,0.014384870883077383,0.003989150340203196,0.8911613500677049,187,8,8,8,False,
ucf101,val,v_Kayaking_g04_c01,data/UCF101_data/UCF-101/Kayaking/v_Kayaking_g04_c01.avi,48,8,100,4,48,True,True,0.9791756868362427,0.01377038611099124,0.003989150340203196,0.8758030040189624,209,8,8,8,False,
ucf101,val,v_Kayaking_g02_c03,data/UCF101_data/UCF-101/Kayaking/v_Kayaking_g02_c03.avi,48,8,100,4,48,True,True,0.9851271510124207,0.013682999648153782,0.003989150340203196,0.8611379559151828,181,8,8,8,False,
ucf101,val,v_Kayaking_g01_c06,data/UCF101_data/UCF-101/Kayaking/v_Kayaking_g01_c06.avi,48,8,100,4,48,True,True,0.8749574422836304,0.014176004100590944,0.003989150340203196,0.8464125338941813,198,8,8,8,False,
ucf101,val,v_Kayaking_g04_c05,data/UCF101_data/UCF-101/Kayaking/v_Kayaking_g04_c05.avi,48,8,100,4,48,True,True,0.9729395508766174,0.014532998204231262,0.003989150340203196,0.8312703887932003,191,8,8,8,False,
ucf101,val,v_Kayaking_g03_c04,data/UCF101_data/UCF-101/Kayaking/v_Kayaking_g03_c04.avi,48,8,100,4,75,False,True,0.5276474952697754,0.013969894032925367,0.003989150340203196,0.8157724612392485,187,8,8,8,False,
ucf101,val,v_Kayaking_g06_c05,data/UCF101_data/UCF-101/Kayaking/v_Kayaking_g06_c05.avi,48,8,100,4,48,True,True,0.9073846936225891,0.014225643128156662,0.003989150340203196,0.8008154276758432,156,8,8,8,False,
ucf101,val,v_Kayaking_g04_c02,data/UCF101_data/UCF-101/Kayaking/v_Kayaking_g04_c02.avi,48,8,100,4,48,True,True,0.9822661876678467,0.014708426780998707,0.003989150340203196,0.7859120140783489,237,8,8,8,False,
ucf101,val,v_Kayaking_g07_c02,data/UCF101_data/UCF-101/Kayaking/v_Kayaking_g07_c02.avi,48,8,100,4,48,True,True,0.9752189517021179,0.013997255358844995,0.003989150340203196,0.7701579290442169,166,8,8,8,False,
ucf101,val,v_Kayaking_g05_c02,data/UCF101_data/UCF-101/Kayaking/v_Kayaking_g05_c02.avi,48,8,100,4,48,True,True,0.9829127788543701,0.014045162592083216,0.003989150340203196,0.7553249727934599,181,8,8,8,False,
ucf101,val,v_Kayaking_g07_c01,data/UCF101_data/UCF-101/Kayaking/v_Kayaking_g07_c01.avi,48,8,100,4,48,True,True,0.9840413331985474,0.01424874970689416,0.003989150340203196,0.7402264848351479,177,8,8,8,False,
ucf101,val,v_Kayaking_g05_c04,data/UCF101_data/UCF-101/Kayaking/v_Kayaking_g05_c04.avi,48,8,100,4,48,True,True,0.9832932949066162,0.014423443004488945,0.003989150340203196,0.7250499757938087,185,8,8,8,False,
ucf101,val,v_Kayaking_g03_c01,data/UCF101_data/UCF-101/Kayaking/v_Kayaking_g03_c01.avi,48,8,100,4,81,False,False,0.8709985613822937,0.014875073917210102,0.003989150340203196,0.7096681129187346,163,8,8,8,False,
ucf101,val,v_Kayaking_g07_c03,data/UCF101_data/UCF-101/Kayaking/v_Kayaking_g07_c03.avi,48,8,100,4,48,True,True,0.9534926414489746,0.01373247429728508,0.003989150340203196,0.6937350630760193,159,8,8,8,False,
ucf101,val,v_Knitting_g02_c03,data/UCF101_data/UCF-101/Knitting/v_Knitting_g02_c03.avi,49,8,100,4,49,True,True,0.9803556203842163,0.016888439189642668,0.003989150340203196,0.6791154881939292,258,8,8,8,False,
ucf101,val,v_Knitting_g03_c02,data/UCF101_data/UCF-101/Knitting/v_Knitting_g03_c02.avi,49,8,100,4,49,True,True,0.9825682044029236,0.014697300735861063,0.003989150340203196,0.6612187991850078,244,8,8,8,False,
ucf101,val,v_Knitting_g05_c02,data/UCF101_data/UCF-101/Knitting/v_Knitting_g05_c02.avi,49,8,100,4,49,True,True,0.9811230301856995,0.016586365178227425,0.003989150340203196,0.6454513319768012,265,8,8,8,False,
ucf101,val,v_Knitting_g03_c05,data/UCF101_data/UCF-101/Knitting/v_Knitting_g03_c05.avi,49,8,100,4,49,True,True,0.9822085499763489,0.01326083717867732,0.003989150340203196,0.627046984154731,212,8,8,8,False,
ucf101,val,v_Knitting_g05_c03,data/UCF101_data/UCF-101/Knitting/v_Knitting_g05_c03.avi,49,8,100,4,49,True,True,0.9820706844329834,0.016551509965211153,0.003989150340203196,0.6128080543130636,263,8,8,8,False,
ucf101,val,v_Knitting_g04_c02,data/UCF101_data/UCF-101/Knitting/v_Knitting_g04_c02.avi,49,8,100,4,49,True,True,0.9519526958465576,0.014299679081887007,0.003989150340203196,0.5952205578796566,231,8,8,8,False,
ucf101,val,v_Knitting_g03_c01,data/UCF101_data/UCF-101/Knitting/v_Knitting_g03_c01.avi,49,8,100,4,49,True,True,0.9742528200149536,0.014421013183891773,0.003989150340203196,0.5792632820084691,216,8,8,8,False,
ucf101,val,v_Knitting_g07_c03,data/UCF101_data/UCF-101/Knitting/v_Knitting_g07_c03.avi,49,8,100,4,49,True,True,0.983735978603363,0.013205154333263636,0.003989150340203196,0.5637899478897452,192,8,8,8,False,
ucf101,val,v_Knitting_g03_c04,data/UCF101_data/UCF-101/Knitting/v_Knitting_g03_c04.avi,49,8,100,4,49,True,True,0.9816269278526306,0.014914868865162134,0.003989150340203196,0.5495768180117011,236,8,8,8,False,
ucf101,val,v_Knitting_g05_c05,data/UCF101_data/UCF-101/Knitting/v_Knitting_g05_c05.avi,49,8,100,4,49,True,True,0.9810783267021179,0.01593906106427312,0.003989150340203196,0.5335755059495568,246,8,8,8,False,
ucf101,val,v_Knitting_g04_c04,data/UCF101_data/UCF-101/Knitting/v_Knitting_g04_c04.avi,49,8,100,4,49,True,True,0.8486451506614685,0.014458145946264267,0.003989150340203196,0.5161573328077793,240,8,8,8,False,
ucf101,val,v_Knitting_g01_c02,data/UCF101_data/UCF-101/Knitting/v_Knitting_g01_c02.avi,49,8,100,4,49,True,True,0.9801305532455444,0.017696593888103962,0.003989150340203196,0.5005789818242192,240,8,8,8,False,
ucf101,val,v_Knitting_g04_c01,data/UCF101_data/UCF-101/Knitting/v_Knitting_g04_c01.avi,49,8,100,4,49,True,True,0.9534547328948975,0.052934179082512856,0.003431226548855193,1.1453142776153982,222,8,8,8,False,
ucf101,val,v_Knitting_g01_c03,data/UCF101_data/UCF-101/Knitting/v_Knitting_g01_c03.avi,49,8,100,4,49,True,True,0.982313334941864,0.01984828384593129,0.003431226548855193,1.0901126759126782,275,8,8,8,False,
ucf101,val,v_Knitting_g07_c04,data/UCF101_data/UCF-101/Knitting/v_Knitting_g07_c04.avi,49,8,100,4,49,True,True,0.977803647518158,0.035613552667200565,0.003431226548855193,1.0692990319803357,172,8,8,8,False,
ucf101,val,v_Knitting_g02_c05,data/UCF101_data/UCF-101/Knitting/v_Knitting_g02_c05.avi,49,8,100,4,49,True,True,0.9826347231864929,0.01554452907294035,0.003431226548855193,1.0311513841152191,240,8,8,8,False,
ucf101,val,v_Knitting_g04_c06,data/UCF101_data/UCF-101/Knitting/v_Knitting_g04_c06.avi,49,8,100,4,49,True,True,0.45445147156715393,0.014837695751339197,0.003431226548855193,1.0142687647603452,247,8,8,8,False,
ucf101,val,v_Knitting_g01_c04,data/UCF101_data/UCF-101/Knitting/v_Knitting_g01_c04.avi,49,8,100,4,49,True,True,0.9824402332305908,0.015604824293404818,0.003431226548855193,0.9977294411510229,190,8,8,8,False,
ucf101,val,v_Knitting_g06_c01,data/UCF101_data/UCF-101/Knitting/v_Knitting_g06_c01.avi,49,8,100,4,49,True,True,0.978648841381073,0.0584597229026258,0.003431226548855193,0.9810647261328995,219,8,8,8,False,
ucf101,val,v_Knitting_g07_c02,data/UCF101_data/UCF-101/Knitting/v_Knitting_g07_c02.avi,49,8,100,4,49,True,True,0.9838709831237793,0.01656934805214405,0.003431226548855193,0.9203484328463674,246,8,8,8,False,
ucf101,val,v_LongJump_g06_c03,data/UCF101_data/UCF-101/LongJump/v_LongJump_g06_c03.avi,50,8,100,4,78,False,True,0.7868368625640869,0.011163342744112015,0.003431226548855193,0.9022037112154067,136,8,8,8,False,
ucf101,val,v_LongJump_g01_c01,data/UCF101_data/UCF-101/LongJump/v_LongJump_g01_c01.avi,50,8,100,4,50,True,True,0.9876390695571899,0.011164776049554348,0.003431226548855193,0.8899732148274779,143,8,8,8,False,
ucf101,val,v_LongJump_g07_c01,data/UCF101_data/UCF-101/LongJump/v_LongJump_g07_c01.avi,50,8,100,4,50,True,True,0.7453908324241638,0.011740083806216717,0.003431226548855193,0.8776013688184321,123,8,8,8,False,
ucf101,val,v_LongJump_g05_c05,data/UCF101_data/UCF-101/LongJump/v_LongJump_g05_c05.avi,50,8,100,4,57,False,True,0.29461297392845154,0.011476335115730762,0.003431226548855193,0.8650207077153027,146,8,8,8,False,
ucf101,val,v_LongJump_g05_c02,data/UCF101_data/UCF-101/LongJump/v_LongJump_g05_c02.avi,50,8,100,4,56,False,False,0.16963638365268707,0.009233888238668442,0.003431226548855193,0.8523059641011059,92,8,8,8,False,
ucf101,val,v_LongJump_g01_c04,data/UCF101_data/UCF-101/LongJump/v_LongJump_g01_c04.avi,50,8,100,4,50,True,True,0.9869722723960876,0.010849865153431892,0.003431226548855193,0.8422971852123737,126,8,8,8,False,
ucf101,val,v_LongJump_g03_c01,data/UCF101_data/UCF-101/LongJump/v_LongJump_g03_c01.avi,50,8,100,4,78,False,True,0.6854381561279297,0.009383716154843569,0.003431226548855193,0.8301955587230623,74,8,8,8,False,
ucf101,val,v_LongJump_g04_c06,data/UCF101_data/UCF-101/LongJump/v_LongJump_g04_c06.avi,50,8,100,4,50,True,True,0.9875369668006897,0.04852703679352999,0.003431226548855193,0.8198314039036632,150,8,8,8,False,
ucf101,val,v_LongJump_g04_c02,data/UCF101_data/UCF-101/LongJump/v_LongJump_g04_c02.avi,50,8,100,4,50,True,True,0.9866614937782288,0.04735353263095021,0.003431226548855193,0.7678403398022056,141,8,8,8,False,
ucf101,val,v_LongJump_g04_c07,data/UCF101_data/UCF-101/LongJump/v_LongJump_g04_c07.avi,50,8,100,4,50,True,True,0.9882729649543762,0.036404590122401714,0.003431226548855193,0.7171540590934455,118,8,8,8,False,
ucf101,val,v_LongJump_g03_c04,data/UCF101_data/UCF-101/LongJump/v_LongJump_g03_c04.avi,50,8,100,4,50,True,True,0.32734885811805725,0.010293717961758375,0.003431226548855193,0.6785736819729209,94,8,8,8,False,
ucf101,val,v_LongJump_g04_c03,data/UCF101_data/UCF-101/LongJump/v_LongJump_g04_c03.avi,50,8,100,4,50,True,True,0.9870682954788208,0.04112635087221861,0.003431226548855193,0.6672497349791229,141,8,8,8,False,
ucf101,val,v_LongJump_g03_c03,data/UCF101_data/UCF-101/LongJump/v_LongJump_g03_c03.avi,50,8,100,4,50,True,True,0.7756969332695007,0.010946135967969894,0.003431226548855193,0.6228704149834812,108,8,8,8,False,
ucf101,val,v_LongJump_g07_c02,data/UCF101_data/UCF-101/LongJump/v_LongJump_g07_c02.avi,50,8,100,4,50,True,True,0.9849875569343567,0.01266862964257598,0.003431226548855193,0.6109061888419092,171,8,8,8,False,
ucf101,val,v_LongJump_g01_c02,data/UCF101_data/UCF-101/LongJump/v_LongJump_g01_c02.avi,50,8,100,4,50,True,True,0.9880560636520386,0.012574074324220419,0.003431226548855193,0.5969055066816509,178,8,8,8,False,
ucf101,val,v_LongJump_g01_c07,data/UCF101_data/UCF-101/LongJump/v_LongJump_g01_c07.avi,50,8,100,4,50,True,True,0.9858598113059998,0.01047883229330182,0.003431226548855193,0.5829131971113384,123,8,8,8,False,
ucf101,val,v_LongJump_g02_c02,data/UCF101_data/UCF-101/LongJump/v_LongJump_g02_c02.avi,50,8,100,4,50,True,True,0.9730292558670044,0.009968387894332409,0.003431226548855193,0.5713176308199763,116,8,8,8,False,
ucf101,val,v_LongJump_g03_c06,data/UCF101_data/UCF-101/LongJump/v_LongJump_g03_c06.avi,50,8,100,4,78,False,True,0.7750357985496521,0.009613179136067629,0.003431226548855193,0.5605308432132006,97,8,8,8,False,
ucf101,val,v_LongJump_g01_c05,data/UCF101_data/UCF-101/LongJump/v_LongJump_g01_c05.avi,50,8,100,4,50,True,True,0.9867968559265137,0.011430808808654547,0.003431226548855193,0.5499409870244563,153,8,8,8,False,
ucf101,val,v_LongJump_g02_c03,data/UCF101_data/UCF-101/LongJump/v_LongJump_g02_c03.avi,50,8,100,4,50,True,True,0.9734945893287659,0.011219915933907032,0.003431226548855193,0.5370690692216158,146,8,8,8,False,
ucf101,val,v_Lunges_g06_c06,data/UCF101_data/UCF-101/Lunges/v_Lunges_g06_c06.avi,51,8,100,4,16,False,True,0.28313350677490234,0.013292636722326279,0.003431226548855193,0.5245000342838466,255,8,8,8,False,
ucf101,val,v_Lunges_g07_c02,data/UCF101_data/UCF-101/Lunges/v_Lunges_g07_c02.avi,51,8,100,4,83,False,False,0.7609859704971313,0.015370436944067478,0.003431226548855193,0.5103007350116968,246,8,8,8,False,
ucf101,val,v_Lunges_g02_c01,data/UCF101_data/UCF-101/Lunges/v_Lunges_g02_c01.avi,51,8,100,4,51,True,True,0.6135334372520447,0.01450475538149476,0.003431226548855193,0.49398449808359146,165,8,8,8,False,
ucf101,val,v_Lunges_g01_c02,data/UCF101_data/UCF-101/Lunges/v_Lunges_g01_c02.avi,51,8,100,4,51,True,True,0.9197849631309509,0.015602515079081059,0.003431226548855193,0.4786318000406027,235,8,8,8,False,
ucf101,val,v_Lunges_g04_c01,data/UCF101_data/UCF-101/Lunges/v_Lunges_g04_c01.avi,51,8,100,4,20,False,True,0.8138373494148254,0.03541414486244321,0.003995673730969429,1.0123209347948432,262,8,8,8,False,
ucf101,val,v_Lunges_g02_c04,data/UCF101_data/UCF-101/Lunges/v_Lunges_g02_c04.avi,51,8,100,4,51,True,True,0.8850687146186829,0.015933664049953222,0.003995673730969429,0.9746163408271968,177,8,8,8,False,
ucf101,val,v_Lunges_g02_c03,data/UCF101_data/UCF-101/Lunges/v_Lunges_g02_c03.avi,51,8,100,4,51,True,True,0.942628026008606,0.015048031695187092,0.003995673730969429,0.9575479049235582,158,8,8,8,False,
ucf101,val,v_Lunges_g04_c03,data/UCF101_data/UCF-101/Lunges/v_Lunges_g04_c03.avi,51,8,100,4,20,False,True,0.534575343132019,0.016048922669142485,0.003995673730969429,0.9412313587963581,248,8,8,8,False,
ucf101,val,v_Lunges_g01_c01,data/UCF101_data/UCF-101/Lunges/v_Lunges_g01_c01.avi,51,8,100,4,51,True,True,0.45904284715652466,0.015649436973035336,0.003995673730969429,0.9244174659252167,262,8,8,8,False,
ucf101,val,v_Lunges_g06_c07,data/UCF101_data/UCF-101/Lunges/v_Lunges_g06_c07.avi,51,8,100,4,46,False,True,0.6404383778572083,0.016092157922685146,0.003995673730969429,0.9076962918043137,262,8,8,8,False,
ucf101,val,v_Lunges_g03_c03,data/UCF101_data/UCF-101/Lunges/v_Lunges_g03_c03.avi,51,8,100,4,51,True,True,0.8840785026550293,0.015736449044197798,0.003995673730969429,0.8905639732256532,235,8,8,8,False,
ucf101,val,v_Lunges_g01_c03,data/UCF101_data/UCF-101/Lunges/v_Lunges_g01_c03.avi,51,8,100,4,51,True,True,0.8796530365943909,0.015581050422042608,0.003995673730969429,0.8737209038808942,226,8,8,8,False,
ucf101,val,v_Lunges_g07_c05,data/UCF101_data/UCF-101/Lunges/v_Lunges_g07_c05.avi,51,8,100,4,83,False,True,0.2558482885360718,0.015509711112827063,0.003995673730969429,0.8570812847465277,238,8,8,8,False,
ucf101,val,v_Lunges_g01_c04,data/UCF101_data/UCF-101/Lunges/v_Lunges_g01_c04.avi,51,8,100,4,51,True,True,0.9255203008651733,0.0154814631678164,0.003995673730969429,0.840322591830045,271,8,8,8,False,
ucf101,val,v_Lunges_g03_c04,data/UCF101_data/UCF-101/Lunges/v_Lunges_g03_c04.avi,51,8,100,4,51,True,True,0.8442149758338928,0.015431661158800125,0.003995673730969429,0.8238259991630912,252,8,8,8,False,
ucf101,val,v_Lunges_g06_c01,data/UCF101_data/UCF-101/Lunges/v_Lunges_g06_c01.avi,51,8,100,4,36,False,True,0.35854968428611755,0.013567372690886259,0.003995673730969429,0.8075903318822384,255,8,8,8,False,
ucf101,val,v_Lunges_g05_c02,data/UCF101_data/UCF-101/Lunges/v_Lunges_g05_c02.avi,51,8,100,4,51,True,True,0.2815331220626831,0.013357323594391346,0.003995673730969429,0.7931837108917534,255,8,8,8,False,
ucf101,val,v_Lunges_g01_c05,data/UCF101_data/UCF-101/Lunges/v_Lunges_g01_c05.avi,51,8,100,4,51,True,True,0.8006879091262817,0.013281590305268764,0.003995673730969429,0.7790834647603333,253,8,8,8,False,
ucf101,val,v_Lunges_g07_c03,data/UCF101_data/UCF-101/Lunges/v_Lunges_g07_c03.avi,51,8,100,4,83,False,False,0.7372394800186157,0.01608425611630082,0.003995673730969429,0.7647285182029009,246,8,8,8,False,
ucf101,val,v_Lunges_g07_c01,data/UCF101_data/UCF-101/Lunges/v_Lunges_g07_c01.avi,51,8,100,4,51,True,True,0.8079938888549805,0.01532681891694665,0.003995673730969429,0.7475764541886747,249,8,8,8,False,
ucf101,val,v_MilitaryParade_g07_c06,data/UCF101_data/UCF-101/MilitaryParade/v_MilitaryParade_g07_c06.avi,52,8,100,4,52,True,True,0.9224685430526733,0.015057097189128399,0.003995673730969429,0.7311409791000187,140,8,8,8,False,
ucf101,val,v_MilitaryParade_g04_c03,data/UCF101_data/UCF-101/MilitaryParade/v_MilitaryParade_g04_c03.avi,52,8,100,4,52,True,True,0.4344799518585205,0.015441433992236853,0.003995673730969429,0.7151483939960599,151,8,8,8,False,
ucf101,val,v_MilitaryParade_g03_c03,data/UCF101_data/UCF-101/MilitaryParade/v_MilitaryParade_g03_c03.avi,52,8,100,4,52,True,True,0.5813744068145752,0.014511012006551027,0.003995673730969429,0.6989227086305618,93,8,8,8,False,
ucf101,val,v_MilitaryParade_g06_c04,data/UCF101_data/UCF-101/MilitaryParade/v_MilitaryParade_g06_c04.avi,52,8,100,4,52,True,True,0.5239049196243286,0.014328022953122854,0.003995673730969429,0.6833953489549458,124,8,8,8,False,
ucf101,val,v_MilitaryParade_g04_c01,data/UCF101_data/UCF-101/MilitaryParade/v_MilitaryParade_g04_c01.avi,52,8,100,4,52,True,True,0.798445999622345,0.014773290604352951,0.003995673730969429,0.668302474077791,137,8,8,8,False,
ucf101,val,v_MilitaryParade_g07_c02,data/UCF101_data/UCF-101/MilitaryParade/v_MilitaryParade_g07_c02.avi,52,8,100,4,52,True,True,0.9731671214103699,0.01563667180016637,0.003995673730969429,0.6525284158997238,144,8,8,8,False,
ucf101,val,v_MilitaryParade_g02_c01,data/UCF101_data/UCF-101/MilitaryParade/v_MilitaryParade_g02_c01.avi,52,8,100,4,52,True,True,0.8317757248878479,0.014643786009401083,0.003995673730969429,0.6360606197267771,93,8,8,8,False,
ucf101,val,v_MilitaryParade_g03_c04,data/UCF101_data/UCF-101/MilitaryParade/v_MilitaryParade_g03_c04.avi,52,8,100,4,52,True,True,0.5476332902908325,0.014174887910485268,0.003995673730969429,0.6202022191137075,112,8,8,8,False,
ucf101,val,v_MilitaryParade_g07_c05,data/UCF101_data/UCF-101/MilitaryParade/v_MilitaryParade_g07_c05.avi,52,8,100,4,52,True,True,0.9792558550834656,0.014428076799958944,0.003995673730969429,0.605297670699656,148,8,8,8,False,
ucf101,val,v_MilitaryParade_g01_c05,data/UCF101_data/UCF-101/MilitaryParade/v_MilitaryParade_g01_c05.avi,52,8,100,4,5,False,True,0.966107964515686,0.015354948118329048,0.003995673730969429,0.5900836186483502,149,8,8,8,False,
ucf101,val,v_MilitaryParade_g03_c02,data/UCF101_data/UCF-101/MilitaryParade/v_MilitaryParade_g03_c02.avi,52,8,100,4,52,True,True,0.9374383687973022,0.014415941201150417,0.003995673730969429,0.573491080198437,112,8,8,8,False,
ucf101,val,v_MilitaryParade_g01_c07,data/UCF101_data/UCF-101/MilitaryParade/v_MilitaryParade_g01_c07.avi,52,8,100,4,5,False,True,0.9640415906906128,0.01488362904638052,0.003995673730969429,0.5582649162970483,141,8,8,8,False,
ucf101,val,v_MilitaryParade_g05_c01,data/UCF101_data/UCF-101/MilitaryParade/v_MilitaryParade_g05_c01.avi,52,8,100,4,52,True,True,0.9686029553413391,0.014654077589511871,0.003995673730969429,0.5422779498621821,93,8,8,8,False,
ucf101,val,v_MilitaryParade_g04_c02,data/UCF101_data/UCF-101/MilitaryParade/v_MilitaryParade_g04_c02.avi,52,8,100,4,52,True,True,0.6504561305046082,0.013905141968280077,0.003995673730969429,0.5266222152858973,89,8,8,8,False,
ucf101,val,v_MilitaryParade_g06_c01,data/UCF101_data/UCF-101/MilitaryParade/v_MilitaryParade_g06_c01.avi,52,8,100,4,5,False,True,0.9037278294563293,0.01588538708165288,0.003995673730969429,0.511645853985101,144,8,8,8,False,
ucf101,val,v_MilitaryParade_g01_c03,data/UCF101_data/UCF-101/MilitaryParade/v_MilitaryParade_g01_c03.avi,52,8,100,4,5,False,True,0.9591749906539917,0.01405339129269123,0.003995673730969429,0.49488467536866665,121,8,8,8,False,
ucf101,val,v_MilitaryParade_g02_c02,data/UCF101_data/UCF-101/MilitaryParade/v_MilitaryParade_g02_c02.avi,52,8,100,4,5,False,True,0.9448084831237793,0.030505415983498096,0.003759217928745784,1.0143501930870116,128,8,8,8,False,
ucf101,val,v_MilitaryParade_g07_c04,data/UCF101_data/UCF-101/MilitaryParade/v_MilitaryParade_g07_c04.avi,52,8,100,4,52,True,True,0.9481847882270813,0.01632025185972452,0.003759217928745784,0.9788335990160704,156,8,8,8,False,
ucf101,val,v_MilitaryParade_g01_c06,data/UCF101_data/UCF-101/MilitaryParade/v_MilitaryParade_g01_c06.avi,52,8,100,4,5,False,True,0.9491023421287537,0.014441943727433681,0.003759217928745784,0.9616376548074186,136,8,8,8,False,
ucf101,val,v_MilitaryParade_g05_c04,data/UCF101_data/UCF-101/MilitaryParade/v_MilitaryParade_g05_c04.avi,52,8,100,4,52,True,True,0.7193710803985596,0.014862081035971642,0.003759217928745784,0.9464274309575558,105,8,8,8,False,
ucf101,val,v_Mixing_g05_c06,data/UCF101_data/UCF-101/Mixing/v_Mixing_g05_c06.avi,53,8,100,4,24,False,True,0.3471353054046631,0.014322964940220118,0.003759217928745784,0.930325853638351,127,8,8,8,False,
ucf101,val,v_Mixing_g03_c05,data/UCF101_data/UCF-101/Mixing/v_Mixing_g03_c05.avi,53,8,100,4,53,True,True,0.985508382320404,0.01414369372650981,0.003759217928745784,0.914930606726557,121,8,8,8,False,
ucf101,val,v_Mixing_g01_c01,data/UCF101_data/UCF-101/Mixing/v_Mixing_g01_c01.avi,53,8,100,4,53,True,True,0.9778428673744202,0.014400968328118324,0.003759217928745784,0.8997723259963095,105,8,8,8,False,
ucf101,val,v_Mixing_g03_c06,data/UCF101_data/UCF-101/Mixing/v_Mixing_g03_c06.avi,53,8,100,4,53,True,True,0.9745254516601562,0.014926241710782051,0.003759217928745784,0.8842360400594771,133,8,8,8,False,
ucf101,val,v_Mixing_g03_c07,data/UCF101_data/UCF-101/Mixing/v_Mixing_g03_c07.avi,53,8,100,4,53,True,True,0.9760674834251404,0.015066273976117373,0.003759217928745784,0.8682311871089041,153,8,8,8,False,
ucf101,val,v_Mixing_g06_c04,data/UCF101_data/UCF-101/Mixing/v_Mixing_g06_c04.avi,53,8,100,4,53,True,True,0.8165877461433411,0.015167852863669395,0.003759217928745784,0.852146330755204,107,8,8,8,False,
ucf101,val,v_Mixing_g06_c06,data/UCF101_data/UCF-101/Mixing/v_Mixing_g06_c06.avi,53,8,100,4,53,True,True,0.44286879897117615,0.015142283868044615,0.003759217928745784,0.8358531752601266,107,8,8,8,False,
ucf101,val,v_Mixing_g05_c05,data/UCF101_data/UCF-101/Mixing/v_Mixing_g05_c05.avi,53,8,100,4,57,False,False,0.23692314326763153,0.014637038111686707,0.003759217928745784,0.8193579940125346,130,8,8,8,False,
ucf101,val,v_Mixing_g02_c03,data/UCF101_data/UCF-101/Mixing/v_Mixing_g02_c03.avi,53,8,100,4,53,True,True,0.9454704523086548,0.015306959860026836,0.003759217928745784,0.8037157561630011,165,8,8,8,False,
ucf101,val,v_Mixing_g05_c02,data/UCF101_data/UCF-101/Mixing/v_Mixing_g05_c02.avi,53,8,100,4,13,False,True,0.9583081603050232,0.01403116900473833,0.003759217928745784,0.7874338771216571,110,8,8,8,False,
ucf101,val,v_Mixing_g06_c01,data/UCF101_data/UCF-101/Mixing/v_Mixing_g06_c01.avi,53,8,100,4,53,True,True,0.872857928276062,0.01520251203328371,0.003759217928745784,0.7722776019945741,139,8,8,8,False,
ucf101,val,v_Mixing_g05_c04,data/UCF101_data/UCF-101/Mixing/v_Mixing_g05_c04.avi,53,8,100,4,34,False,False,0.20782774686813354,0.014718776103109121,0.003759217928745784,0.7560486858710647,118,8,8,8,False,
ucf101,val,v_Mixing_g04_c03,data/UCF101_data/UCF-101/Mixing/v_Mixing_g04_c03.avi,53,8,100,4,53,True,True,0.9808401465415955,0.01460623787716031,0.003759217928745784,0.7401756369508803,124,8,8,8,False,
ucf101,val,v_Mixing_g04_c02,data/UCF101_data/UCF-101/Mixing/v_Mixing_g04_c02.avi,53,8,100,4,53,True,True,0.9742727279663086,0.0146573381498456,0.003759217928745784,0.7248093611560762,104,8,8,8,False,
ucf101,val,v_Mixing_g07_c04,data/UCF101_data/UCF-101/Mixing/v_Mixing_g07_c04.avi,53,8,100,4,53,True,True,0.8647081255912781,0.01476472383365035,0.003759217928745784,0.709204840939492,130,8,8,8,False,
ucf101,val,v_Mixing_g04_c05,data/UCF101_data/UCF-101/Mixing/v_Mixing_g04_c05.avi,53,8,100,4,53,True,True,0.9872925281524658,0.014652133919298649,0.003759217928745784,0.6934097642078996,111,8,8,8,False,
ucf101,val,v_Mixing_g05_c07,data/UCF101_data/UCF-101/Mixing/v_Mixing_g05_c07.avi,53,8,100,4,24,False,True,0.5952511429786682,0.014420156832784414,0.003759217928745784,0.6777262431569397,110,8,8,8,False,
ucf101,val,v_Mixing_g02_c06,data/UCF101_data/UCF-101/Mixing/v_Mixing_g02_c06.avi,53,8,100,4,53,True,True,0.9188380241394043,0.014665013179183006,0.003759217928745784,0.6621826509945095,108,8,8,8,False,
ucf101,val,v_Mixing_g03_c02,data/UCF101_data/UCF-101/Mixing/v_Mixing_g03_c02.avi,53,8,100,4,53,True,True,0.987245500087738,0.014512371737509966,0.003759217928745784,0.6466581798158586,128,8,8,8,False,
ucf101,val,v_Mixing_g02_c04,data/UCF101_data/UCF-101/Mixing/v_Mixing_g02_c04.avi,53,8,100,4,53,True,True,0.9433810114860535,0.014971721917390823,0.003759217928745784,0.6314037111587822,165,8,8,8,False,
ucf101,val,v_MoppingFloor_g03_c03,data/UCF101_data/UCF-101/MoppingFloor/v_MoppingFloor_g03_c03.avi,54,8,100,4,54,True,True,0.9436327219009399,0.013060166966170073,0.003759217928745784,0.6154830045998096,146,8,8,8,False,
ucf101,val,v_MoppingFloor_g04_c02,data/UCF101_data/UCF-101/MoppingFloor/v_MoppingFloor_g04_c02.avi,54,8,100,4,54,True,True,0.9343058466911316,0.04045348707586527,0.003759217928745784,0.6006479756906629,290,8,8,8,False,
ucf101,val,v_MoppingFloor_g05_c05,data/UCF101_data/UCF-101/MoppingFloor/v_MoppingFloor_g05_c05.avi,54,8,100,4,3,False,True,0.8877246975898743,0.01475844020023942,0.003759217928745784,0.557130578905344,183,8,8,8,False,
ucf101,val,v_MoppingFloor_g02_c04,data/UCF101_data/UCF-101/MoppingFloor/v_MoppingFloor_g02_c04.avi,54,8,100,4,54,True,True,0.9601331949234009,0.010975474026054144,0.003759217928745784,0.5406427751295269,137,8,8,8,False,
ucf101,val,v_MoppingFloor_g06_c03,data/UCF101_data/UCF-101/MoppingFloor/v_MoppingFloor_g06_c03.avi,54,8,100,4,54,True,True,0.8680018782615662,0.015386533923447132,0.003759217928745784,0.5283145275898278,223,8,8,8,False,
ucf101,val,v_MoppingFloor_g07_c03,data/UCF101_data/UCF-101/MoppingFloor/v_MoppingFloor_g07_c03.avi,54,8,100,4,54,True,True,0.534530758857727,0.00984745379537344,0.003759217928745784,0.5110696796327829,108,8,8,8,False,
ucf101,val,v_MoppingFloor_g03_c04,data/UCF101_data/UCF-101/MoppingFloor/v_MoppingFloor_g03_c04.avi,54,8,100,4,54,True,True,0.9315547943115234,0.011046010069549084,0.003759217928745784,0.5003646030090749,125,8,8,8,False,
ucf101,val,v_MoppingFloor_g01_c02,data/UCF101_data/UCF-101/MoppingFloor/v_MoppingFloor_g01_c02.avi,54,8,100,4,3,False,True,0.2911750078201294,0.012481468264013529,0.003759217928745784,0.48777116695418954,160,8,8,8,False,
ucf101,val,v_MoppingFloor_g03_c01,data/UCF101_data/UCF-101/MoppingFloor/v_MoppingFloor_g03_c01.avi,54,8,100,4,54,True,True,0.9763454794883728,0.030167064163833857,0.003921702751540579,1.0334071549586952,116,8,8,8,False,
ucf101,val,v_MoppingFloor_g05_c04,data/UCF101_data/UCF-101/MoppingFloor/v_MoppingFloor_g05_c04.avi,54,8,100,4,3,False,True,0.8079949021339417,0.023563291877508163,0.003921702751540579,0.9976904639042914,293,8,8,8,False,
ucf101,val,v_MoppingFloor_g07_c04,data/UCF101_data/UCF-101/MoppingFloor/v_MoppingFloor_g07_c04.avi,54,8,100,4,54,True,True,0.7141027450561523,0.014118544291704893,0.003921702751540579,0.9719966589473188,204,8,8,8,False,
ucf101,val,v_MoppingFloor_g05_c03,data/UCF101_data/UCF-101/MoppingFloor/v_MoppingFloor_g05_c03.avi,54,8,100,4,3,False,True,0.9456346035003662,0.01988761918619275,0.003921702751540579,0.9565186649560928,305,8,8,8,False,
ucf101,val,v_MoppingFloor_g07_c05,data/UCF101_data/UCF-101/MoppingFloor/v_MoppingFloor_g07_c05.avi,54,8,100,4,54,True,True,0.6795050501823425,0.010502871125936508,0.003921702751540579,0.9354095100425184,126,8,8,8,False,
ucf101,val,v_MoppingFloor_g05_c02,data/UCF101_data/UCF-101/MoppingFloor/v_MoppingFloor_g05_c02.avi,54,8,100,4,54,True,True,0.8586435914039612,0.02079038228839636,0.003921702751540579,0.923424833919853,290,8,8,8,False,
ucf101,val,v_MoppingFloor_g02_c01,data/UCF101_data/UCF-101/MoppingFloor/v_MoppingFloor_g02_c01.avi,54,8,100,4,54,True,True,0.5243513584136963,0.011879289988428354,0.003921702751540579,0.9007811262272298,165,8,8,8,False,
ucf101,val,v_MoppingFloor_g06_c04,data/UCF101_data/UCF-101/MoppingFloor/v_MoppingFloor_g06_c04.avi,54,8,100,4,60,False,True,0.4080379903316498,0.011745664291083813,0.003921702751540579,0.887461740989238,123,8,8,8,False,
ucf101,val,v_MoppingFloor_g06_c02,data/UCF101_data/UCF-101/MoppingFloor/v_MoppingFloor_g06_c02.avi,54,8,100,4,54,True,True,0.8106626868247986,0.014655397739261389,0.003921702751540579,0.8746541938744485,225,8,8,8,False,
ucf101,val,v_MoppingFloor_g04_c06,data/UCF101_data/UCF-101/MoppingFloor/v_MoppingFloor_g04_c06.avi,54,8,100,4,54,True,True,0.9762944579124451,0.01959183905273676,0.003921702751540579,0.8580664531327784,306,8,8,8,False,
ucf101,val,v_MoppingFloor_g06_c01,data/UCF101_data/UCF-101/MoppingFloor/v_MoppingFloor_g06_c01.avi,54,8,100,4,54,True,True,0.45339199900627136,0.009808086324483156,0.003921702751540579,0.8373512588441372,100,8,8,8,False,
ucf101,val,v_MoppingFloor_g07_c01,data/UCF101_data/UCF-101/MoppingFloor/v_MoppingFloor_g07_c01.avi,54,8,100,4,54,True,True,0.6843982338905334,0.011553337797522545,0.003921702751540579,0.82671526260674,158,8,8,8,False,
ucf101,val,v_Nunchucks_g02_c03,data/UCF101_data/UCF-101/Nunchucks/v_Nunchucks_g02_c03.avi,55,8,100,4,32,False,True,0.5514271259307861,0.016078856773674488,0.003921702751540579,0.8134014159440994,277,8,8,8,False,
ucf101,val,v_Nunchucks_g06_c02,data/UCF101_data/UCF-101/Nunchucks/v_Nunchucks_g06_c02.avi,55,8,100,4,55,True,True,0.2753923237323761,0.015283693093806505,0.003921702751540579,0.796299478970468,220,8,8,8,False,
ucf101,val,v_Nunchucks_g07_c04,data/UCF101_data/UCF-101/Nunchucks/v_Nunchucks_g07_c04.avi,55,8,100,4,55,True,True,0.25589045882225037,0.016272757202386856,0.003921702751540579,0.7802570350468159,247,8,8,8,False,
ucf101,val,v_Nunchucks_g06_c03,data/UCF101_data/UCF-101/Nunchucks/v_Nunchucks_g06_c03.avi,55,8,100,4,55,True,True,0.311360627412796,0.014406217262148857,0.003921702751540579,0.7628436260856688,210,8,8,8,False,
ucf101,val,v_Nunchucks_g01_c01,data/UCF101_data/UCF-101/Nunchucks/v_Nunchucks_g01_c01.avi,55,8,100,4,55,True,True,0.7471850514411926,0.017317018005996943,0.003921702751540579,0.7472592312842607,265,8,8,8,False,
ucf101,val,v_Nunchucks_g05_c01,data/UCF101_data/UCF-101/Nunchucks/v_Nunchucks_g05_c01.avi,55,8,100,4,46,False,True,0.718051016330719,0.015616224147379398,0.003921702751540579,0.7281637452542782,226,8,8,8,False,
ucf101,val,v_Nunchucks_g02_c01,data/UCF101_data/UCF-101/Nunchucks/v_Nunchucks_g02_c01.avi,55,8,100,4,55,True,True,0.5109434723854065,0.015399168711155653,0.003921702751540579,0.7112580807879567,292,8,8,8,False,
ucf101,val,v_Nunchucks_g03_c04,data/UCF101_data/UCF-101/Nunchucks/v_Nunchucks_g03_c04.avi,55,8,100,4,90,False,True,0.3339683711528778,0.015911669936031103,0.003921702751540579,0.695089761633426,250,8,8,8,False,
ucf101,val,v_Nunchucks_g04_c04,data/UCF101_data/UCF-101/Nunchucks/v_Nunchucks_g04_c04.avi,55,8,100,4,55,True,True,0.5206411480903625,0.014284819830209017,0.003921702751540579,0.6782051371410489,258,8,8,8,False,
ucf101,val,v_Nunchucks_g07_c03,data/UCF101_data/UCF-101/Nunchucks/v_Nunchucks_g07_c03.avi,55,8,100,4,55,True,True,0.4796352684497833,0.015902817249298096,0.003921702751540579,0.6629834938794374,151,8,8,8,False,
ucf101,val,v_Nunchucks_g01_c03,data/UCF101_data/UCF-101/Nunchucks/v_Nunchucks_g01_c03.avi,55,8,100,4,55,True,True,0.5021960735321045,0.017084200866520405,0.003921702751540579,0.6459497287869453,235,8,8,8,False,
ucf101,val,v_Nunchucks_g03_c06,data/UCF101_data/UCF-101/Nunchucks/v_Nunchucks_g03_c06.avi,55,8,100,4,90,False,True,0.6967368125915527,0.016202501021325588,0.003921702751540579,0.6277478272095323,251,8,8,8,False,
ucf101,val,v_Nunchucks_g02_c05,data/UCF101_data/UCF-101/Nunchucks/v_Nunchucks_g02_c05.avi,55,8,100,4,32,False,True,0.8006687164306641,0.015805006958544254,0.003921702751540579,0.6102137351408601,292,8,8,8,False,
ucf101,val,v_Nunchucks_g03_c01,data/UCF101_data/UCF-101/Nunchucks/v_Nunchucks_g03_c01.avi,55,8,100,4,90,False,True,0.7660496830940247,0.01610136218369007,0.003921702751540579,0.593579585198313,252,8,8,8,False,
ucf101,val,v_Nunchucks_g04_c03,data/UCF101_data/UCF-101/Nunchucks/v_Nunchucks_g04_c03.avi,55,8,100,4,45,False,True,0.4900422692298889,0.015207921154797077,0.003921702751540579,0.5767297949641943,258,8,8,8,False,
ucf101,val,v_Nunchucks_g03_c03,data/UCF101_data/UCF-101/Nunchucks/v_Nunchucks_g03_c03.avi,55,8,100,4,55,True,True,0.4169915020465851,0.01618465268984437,0.003921702751540579,0.5606315732002258,251,8,8,8,False,
ucf101,val,v_Nunchucks_g05_c02,data/UCF101_data/UCF-101/Nunchucks/v_Nunchucks_g05_c02.avi,55,8,100,4,46,False,True,0.7545275092124939,0.014456601813435555,0.003921702751540579,0.5434922119602561,209,8,8,8,False,
ucf101,val,v_Nunchucks_g04_c05,data/UCF101_data/UCF-101/Nunchucks/v_Nunchucks_g04_c05.avi,55,8,100,4,55,True,True,0.42211389541625977,0.01477962825447321,0.003921702751540579,0.5280586201697588,268,8,8,8,False,
ucf101,val,v_Nunchucks_g05_c04,data/UCF101_data/UCF-101/Nunchucks/v_Nunchucks_g05_c04.avi,55,8,100,4,46,False,True,0.932624876499176,0.01572052203118801,0.003921702751540579,0.5124835758469999,216,8,8,8,False,
ucf101,val,v_Nunchucks_g04_c01,data/UCF101_data/UCF-101/Nunchucks/v_Nunchucks_g04_c01.avi,55,8,100,4,45,False,True,0.8111766576766968,0.015919361263513565,0.003921702751540579,0.49579991307109594,261,8,8,8,False,
ucf101,val,v_ParallelBars_g07_c01,data/UCF101_data/UCF-101/ParallelBars/v_ParallelBars_g07_c01.avi,56,8,100,4,56,True,True,0.9391235113143921,0.03359472006559372,0.004096309989108704,0.984806468244642,128,8,8,8,False,
ucf101,val,v_ParallelBars_g07_c04,data/UCF101_data/UCF-101/ParallelBars/v_ParallelBars_g07_c04.avi,56,8,100,4,56,True,True,0.9466278553009033,0.014388830866664648,0.004096309989108704,0.9492700239643455,196,8,8,8,False,
ucf101,val,v_ParallelBars_g01_c03,data/UCF101_data/UCF-101/ParallelBars/v_ParallelBars_g01_c03.avi,56,8,100,4,56,True,True,0.5692643523216248,0.012394415214657784,0.004096309989108704,0.933751855045557,142,8,8,8,False,
ucf101,val,v_ParallelBars_g02_c01,data/UCF101_data/UCF-101/ParallelBars/v_ParallelBars_g02_c01.avi,56,8,100,4,95,False,True,0.5716235637664795,0.010380893014371395,0.004096309989108704,0.920080647803843,109,8,8,8,False,
ucf101,val,v_ParallelBars_g04_c04,data/UCF101_data/UCF-101/ParallelBars/v_ParallelBars_g04_c04.avi,56,8,100,4,56,True,True,0.9413439631462097,0.012271137908101082,0.004096309989108704,0.9086082871071994,173,8,8,8,False,
ucf101,val,v_ParallelBars_g04_c07,data/UCF101_data/UCF-101/ParallelBars/v_ParallelBars_g04_c07.avi,56,8,100,4,56,True,True,0.9086667895317078,0.011843928135931492,0.004096309989108704,0.8946685302071273,148,8,8,8,False,
ucf101,val,v_ParallelBars_g02_c04,data/UCF101_data/UCF-101/ParallelBars/v_ParallelBars_g02_c04.avi,56,8,100,4,4,False,True,0.5611943602561951,0.013634485192596912,0.004096309989108704,0.8818047363311052,192,8,8,8,False,
ucf101,val,v_ParallelBars_g05_c05,data/UCF101_data/UCF-101/ParallelBars/v_ParallelBars_g05_c05.avi,56,8,100,4,56,True,True,0.8412960171699524,0.01082030264660716,0.004096309989108704,0.8671059422194958,125,8,8,8,False,
ucf101,val,v_ParallelBars_g07_c05,data/UCF101_data/UCF-101/ParallelBars/v_ParallelBars_g07_c05.avi,56,8,100,4,56,True,True,0.9584354758262634,0.010228137951344252,0.004096309989108704,0.8550701788626611,108,8,8,8,False,
ucf101,val,v_ParallelBars_g04_c02,data/UCF101_data/UCF-101/ParallelBars/v_ParallelBars_g04_c02.avi,56,8,100,4,56,True,True,0.9189965724945068,0.010267266072332859,0.004096309989108704,0.8438359987922013,111,8,8,8,False,
ucf101,val,v_ParallelBars_g01_c04,data/UCF101_data/UCF-101/ParallelBars/v_ParallelBars_g01_c04.avi,56,8,100,4,56,True,True,0.8144308924674988,0.014670499134808779,0.004096309989108704,0.8325891029089689,198,8,8,8,False,
ucf101,val,v_ParallelBars_g06_c01,data/UCF101_data/UCF-101/ParallelBars/v_ParallelBars_g06_c01.avi,56,8,100,4,56,True,True,0.7621093988418579,0.011670019943267107,0.004096309989108704,0.8166158427484334,149,8,8,8,False,
ucf101,val,v_ParallelBars_g05_c02,data/UCF101_data/UCF-101/ParallelBars/v_ParallelBars_g05_c02.avi,56,8,100,4,56,True,True,0.8260804414749146,0.01033210614696145,0.004096309989108704,0.8034719629213214,116,8,8,8,False,
ucf101,val,v_ParallelBars_g05_c04,data/UCF101_data/UCF-101/ParallelBars/v_ParallelBars_g05_c04.avi,56,8,100,4,56,True,True,0.7710473537445068,0.011940340045839548,0.004096309989108704,0.791942076291889,158,8,8,8,False,
ucf101,val,v_ParallelBars_g06_c03,data/UCF101_data/UCF-101/ParallelBars/v_ParallelBars_g06_c03.avi,56,8,100,4,56,True,True,0.9457277655601501,0.042726838029921055,0.004096309989108704,0.7786254198290408,151,8,8,8,False,
ucf101,val,v_ParallelBars_g04_c03,data/UCF101_data/UCF-101/ParallelBars/v_ParallelBars_g04_c03.avi,56,8,100,4,56,True,True,0.9418568015098572,0.013798767700791359,0.004096309989108704,0.7323508192785084,148,8,8,8,False,
ucf101,val,v_ParallelBars_g02_c02,data/UCF101_data/UCF-101/ParallelBars/v_ParallelBars_g02_c02.avi,56,8,100,4,56,True,True,0.580312192440033,0.012576756998896599,0.004096309989108704,0.7173984376713634,157,8,8,8,False,
ucf101,val,v_ParallelBars_g03_c02,data/UCF101_data/UCF-101/ParallelBars/v_ParallelBars_g03_c02.avi,56,8,100,4,95,False,True,0.7525995969772339,0.009937678929418325,0.004096309989108704,0.7034512092359364,103,8,8,8,False,
ucf101,val,v_ParallelBars_g01_c01,data/UCF101_data/UCF-101/ParallelBars/v_ParallelBars_g01_c01.avi,56,8,100,4,95,False,True,0.8104159235954285,0.009810524992644787,0.004096309989108704,0.6924194367602468,107,8,8,8,False,
ucf101,val,v_ParallelBars_g01_c02,data/UCF101_data/UCF-101/ParallelBars/v_ParallelBars_g01_c02.avi,56,8,100,4,56,True,True,0.9558389782905579,0.010852584149688482,0.004096309989108704,0.6812972673214972,124,8,8,8,False,
ucf101,val,v_PizzaTossing_g05_c01,data/UCF101_data/UCF-101/PizzaTossing/v_PizzaTossing_g05_c01.avi,57,8,100,4,57,True,True,0.5138512849807739,0.014527777209877968,0.004096309989108704,0.669536195229739,124,8,8,8,False,
ucf101,val,v_PizzaTossing_g01_c04,data/UCF101_data/UCF-101/PizzaTossing/v_PizzaTossing_g01_c04.avi,57,8,100,4,38,False,True,0.26250365376472473,0.014105125796049833,0.004096309989108704,0.6542592570185661,133,8,8,8,False,
ucf101,val,v_PizzaTossing_g03_c01,data/UCF101_data/UCF-101/PizzaTossing/v_PizzaTossing_g03_c01.avi,57,8,100,4,57,True,True,0.8307671546936035,0.013858391903340816,0.004096309989108704,0.6391920698806643,102,8,8,8,False,
ucf101,val,v_PizzaTossing_g03_c03,data/UCF101_data/UCF-101/PizzaTossing/v_PizzaTossing_g03_c03.avi,57,8,100,4,57,True,True,0.6900720000267029,0.014662097208201885,0.004096309989108704,0.6243058508262038,107,8,8,8,False,
ucf101,val,v_PizzaTossing_g07_c01,data/UCF101_data/UCF-101/PizzaTossing/v_PizzaTossing_g07_c01.avi,57,8,100,4,76,False,True,0.5623525381088257,0.014418289065361023,0.004096309989108704,0.6086304797790945,112,8,8,8,False,
ucf101,val,v_PizzaTossing_g04_c01,data/UCF101_data/UCF-101/PizzaTossing/v_PizzaTossing_g04_c01.avi,57,8,100,4,55,False,True,0.41943594813346863,0.01499435305595398,0.004096309989108704,0.5931808720342815,104,8,8,8,False,
ucf101,val,v_PizzaTossing_g02_c01,data/UCF101_data/UCF-101/PizzaTossing/v_PizzaTossing_g02_c01.avi,57,8,100,4,55,False,True,0.6575384140014648,0.01493534306064248,0.004096309989108704,0.5771136381663382,118,8,8,8,False,
ucf101,val,v_PizzaTossing_g02_c04,data/UCF101_data/UCF-101/PizzaTossing/v_PizzaTossing_g02_c04.avi,57,8,100,4,46,False,True,0.2270277738571167,0.014287773054093122,0.004096309989108704,0.5611535282805562,97,8,8,8,False,
ucf101,val,v_PizzaTossing_g04_c04,data/UCF101_data/UCF-101/PizzaTossing/v_PizzaTossing_g04_c04.avi,57,8,100,4,55,False,True,0.4822152554988861,0.01503543695434928,0.004096309989108704,0.5457861251197755,120,8,8,8,False,
ucf101,val,v_PizzaTossing_g06_c04,data/UCF101_data/UCF-101/PizzaTossing/v_PizzaTossing_g06_c04.avi,57,8,100,4,57,True,True,0.8005374073982239,0.011730673257261515,0.004096309989108704,0.5300211748108268,63,8,8,8,False,
ucf101,val,v_PizzaTossing_g04_c06,data/UCF101_data/UCF-101/PizzaTossing/v_PizzaTossing_g04_c06.avi,57,8,100,4,55,False,True,0.4011593461036682,0.015388081781566143,0.004096309989108704,0.5173388672992587,120,8,8,8,False,
ucf101,val,v_PizzaTossing_g05_c02,data/UCF101_data/UCF-101/PizzaTossing/v_PizzaTossing_g05_c02.avi,57,8,100,4,57,True,True,0.6923043131828308,0.014811801258474588,0.004096309989108704,0.5011724890209734,187,8,8,8,False,
ucf101,val,v_PizzaTossing_g02_c02,data/UCF101_data/UCF-101/PizzaTossing/v_PizzaTossing_g02_c02.avi,57,8,100,4,55,False,True,0.723558783531189,0.041749621741473675,0.0038459123170468956,1.032295677345246,107,8,8,8,False,
ucf101,val,v_PizzaTossing_g07_c04,data/UCF101_data/UCF-101/PizzaTossing/v_PizzaTossing_g07_c04.avi,57,8,100,4,57,True,True,0.5111409425735474,0.01483963429927826,0.0038459123170468956,0.9888728908263147,171,8,8,8,False,
ucf101,val,v_PizzaTossing_g04_c07,data/UCF101_data/UCF-101/PizzaTossing/v_PizzaTossing_g04_c07.avi,57,8,100,4,57,True,True,0.4082997441291809,0.015837496146559715,0.0038459123170468956,0.9730923371389508,137,8,8,8,False,
ucf101,val,v_PizzaTossing_g01_c03,data/UCF101_data/UCF-101/PizzaTossing/v_PizzaTossing_g01_c03.avi,57,8,100,4,38,False,True,0.26250365376472473,0.015233389101922512,0.0038459123170468956,0.9562240182422101,133,8,8,8,False,
ucf101,val,v_PizzaTossing_g03_c04,data/UCF101_data/UCF-101/PizzaTossing/v_PizzaTossing_g03_c04.avi,57,8,100,4,57,True,True,0.7220681309700012,0.008993325755000114,0.0038459123170468956,0.9400192806497216,36,8,8,8,False,
ucf101,val,v_PizzaTossing_g06_c02,data/UCF101_data/UCF-101/PizzaTossing/v_PizzaTossing_g06_c02.avi,57,8,100,4,57,True,True,0.8079650402069092,0.013927231077104807,0.0038459123170468956,0.9301314842887223,98,8,8,8,False,
ucf101,val,v_PizzaTossing_g04_c03,data/UCF101_data/UCF-101/PizzaTossing/v_PizzaTossing_g04_c03.avi,57,8,100,4,55,False,True,0.6111769080162048,0.014300328213721514,0.0038459123170468956,0.9153330102562904,109,8,8,8,False,
ucf101,val,v_PizzaTossing_g07_c02,data/UCF101_data/UCF-101/PizzaTossing/v_PizzaTossing_g07_c02.avi,57,8,100,4,57,True,True,0.4659242331981659,0.014024877920746803,0.0038459123170468956,0.9001212012954056,134,8,8,8,False,
ucf101,val,v_PlayingCello_g02_c03,data/UCF101_data/UCF-101/PlayingCello/v_PlayingCello_g02_c03.avi,58,8,100,4,66,False,True,0.8772807121276855,0.012222044169902802,0.0038459123170468956,0.8851617407053709,166,8,8,8,False,
ucf101,val,v_PlayingCello_g03_c01,data/UCF101_data/UCF-101/PlayingCello/v_PlayingCello_g03_c01.avi,58,8,100,4,61,False,True,0.40671291947364807,0.012927200179547071,0.0038459123170468956,0.8713706820271909,171,8,8,8,False,
ucf101,val,v_PlayingCello_g05_c05,data/UCF101_data/UCF-101/PlayingCello/v_PlayingCello_g05_c05.avi,58,8,100,4,58,True,True,0.9800077080726624,0.013111682143062353,0.0038459123170468956,0.8569909650832415,181,8,8,8,False,
ucf101,val,v_PlayingCello_g07_c02,data/UCF101_data/UCF-101/PlayingCello/v_PlayingCello_g07_c02.avi,58,8,100,4,58,True,True,0.9850349426269531,0.023661521263420582,0.0038459123170468956,0.8423403408378363,326,8,8,8,False,
ucf101,val,v_PlayingCello_g03_c03,data/UCF101_data/UCF-101/PlayingCello/v_PlayingCello_g03_c03.avi,58,8,100,4,61,False,True,0.5844154357910156,0.012081861030310392,0.0038459123170468956,0.8170974948443472,159,8,8,8,False,
ucf101,val,v_PlayingCello_g07_c03,data/UCF101_data/UCF-101/PlayingCello/v_PlayingCello_g07_c03.avi,58,8,100,4,58,True,True,0.9852976202964783,0.02045654645189643,0.0038459123170468956,0.8035101247951388,282,8,8,8,False,
ucf101,val,v_PlayingCello_g07_c01,data/UCF101_data/UCF-101/PlayingCello/v_PlayingCello_g07_c01.avi,58,8,100,4,58,True,True,0.9846763014793396,0.04134957632049918,0.0038459123170468956,0.7821344011463225,414,8,8,8,False,
ucf101,val,v_PlayingCello_g01_c01,data/UCF101_data/UCF-101/PlayingCello/v_PlayingCello_g01_c01.avi,58,8,100,4,58,True,True,0.9755589365959167,0.014269439037889242,0.0038459123170468956,0.7379352813586593,223,8,8,8,False,
ucf101,val,v_PlayingCello_g06_c07,data/UCF101_data/UCF-101/PlayingCello/v_PlayingCello_g06_c07.avi,58,8,100,4,58,True,True,0.9864361882209778,0.013071357738226652,0.0038459123170468956,0.7220318643376231,214,8,8,8,False,
ucf101,val,v_PlayingCello_g04_c01,data/UCF101_data/UCF-101/PlayingCello/v_PlayingCello_g04_c01.avi,58,8,100,4,58,True,True,0.9797859787940979,0.0128256157040596,0.0038459123170468956,0.7070528431795537,207,8,8,8,False,
ucf101,val,v_PlayingCello_g02_c04,data/UCF101_data/UCF-101/PlayingCello/v_PlayingCello_g02_c04.avi,58,8,100,4,66,False,True,0.8524158596992493,0.011818557046353817,0.0038459123170468956,0.6926538380794227,162,8,8,8,False,
ucf101,val,v_PlayingCello_g01_c05,data/UCF101_data/UCF-101/PlayingCello/v_PlayingCello_g01_c05.avi,58,8,100,4,58,True,True,0.9775670170783997,0.011753344908356667,0.0038459123170468956,0.6794169242493808,164,8,8,8,False,
ucf101,val,v_PlayingCello_g05_c04,data/UCF101_data/UCF-101/PlayingCello/v_PlayingCello_g05_c04.avi,58,8,100,4,58,True,True,0.98011714220047,0.01260092668235302,0.0038459123170468956,0.6666951607912779,186,8,8,8,False,
ucf101,val,v_PlayingCello_g05_c06,data/UCF101_data/UCF-101/PlayingCello/v_PlayingCello_g05_c06.avi,58,8,100,4,58,True,True,0.9825594425201416,0.01176949217915535,0.0038459123170468956,0.652679012157023,161,8,8,8,False,
ucf101,val,v_PlayingCello_g02_c05,data/UCF101_data/UCF-101/PlayingCello/v_PlayingCello_g02_c05.avi,58,8,100,4,66,False,True,0.5804086327552795,0.014344345312565565,0.0038459123170468956,0.6396578960120678,236,8,8,8,False,
ucf101,val,v_PlayingCello_g06_c03,data/UCF101_data/UCF-101/PlayingCello/v_PlayingCello_g06_c03.avi,58,8,100,4,58,True,True,0.987136721611023,0.016758446116000414,0.0038459123170468956,0.6242528650909662,284,8,8,8,False,
ucf101,val,v_PlayingCello_g07_c05,data/UCF101_data/UCF-101/PlayingCello/v_PlayingCello_g07_c05.avi,58,8,100,4,58,True,True,0.9849575757980347,0.015938129741698503,0.0038459123170468956,0.6064850823022425,272,8,8,8,False,
ucf101,val,v_PlayingCello_g04_c03,data/UCF101_data/UCF-101/PlayingCello/v_PlayingCello_g04_c03.avi,58,8,100,4,58,True,True,0.9812816381454468,0.010622603818774223,0.0038459123170468956,0.5895750978961587,138,8,8,8,False,
ucf101,val,v_PlayingCello_g02_c07,data/UCF101_data/UCF-101/PlayingCello/v_PlayingCello_g02_c07.avi,58,8,100,4,66,False,True,0.5895545482635498,0.013943518977612257,0.0038459123170468956,0.577769722789526,228,8,8,8,False,
ucf101,val,v_PlayingCello_g04_c05,data/UCF101_data/UCF-101/PlayingCello/v_PlayingCello_g04_c05.avi,58,8,100,4,58,True,True,0.6659785509109497,0.010506418999284506,0.0038459123170468956,0.5627393610775471,125,8,8,8,False,
ucf101,val,v_PlayingDaf_g04_c02,data/UCF101_data/UCF-101/PlayingDaf/v_PlayingDaf_g04_c02.avi,59,8,100,4,33,False,True,0.3066214621067047,0.021327572874724865,0.0038459123170468956,0.5510315210558474,346,8,8,8,False,
ucf101,val,v_PlayingDaf_g06_c01,data/UCF101_data/UCF-101/PlayingDaf/v_PlayingDaf_g06_c01.avi,59,8,100,4,59,True,True,0.9852493405342102,0.01761996280401945,0.0038459123170468956,0.528289012145251,299,8,8,8,False,
ucf101,val,v_PlayingDaf_g04_c05,data/UCF101_data/UCF-101/PlayingDaf/v_PlayingDaf_g04_c05.avi,59,8,100,4,59,True,True,0.16869141161441803,0.018001885153353214,0.0038459123170468956,0.5095383427105844,320,8,8,8,False,
ucf101,val,v_PlayingDaf_g03_c02,data/UCF101_data/UCF-101/PlayingDaf/v_PlayingDaf_g03_c02.avi,59,8,100,4,59,True,True,0.7954593300819397,0.012151169590651989,0.0038459123170468956,0.4901479505933821,171,8,8,8,False,
ucf101,val,v_PlayingDaf_g05_c03,data/UCF101_data/UCF-101/PlayingDaf/v_PlayingDaf_g05_c03.avi,59,8,100,4,60,False,False,0.3434012234210968,0.07908587111160159,0.0037390614597825333,1.3294041329063475,348,8,8,8,False,
ucf101,val,v_PlayingDaf_g06_c02,data/UCF101_data/UCF-101/PlayingDaf/v_PlayingDaf_g06_c02.avi,59,8,100,4,59,True,True,0.9829570055007935,0.020243190694600344,0.0037390614597825333,1.2483311854302883,299,8,8,8,False,
ucf101,val,v_PlayingDaf_g02_c03,data/UCF101_data/UCF-101/PlayingDaf/v_PlayingDaf_g02_c03.avi,59,8,100,4,59,True,True,0.5907491445541382,0.02271365700289607,0.0037390614597825333,1.2251814492046833,324,8,8,8,False,
ucf101,val,v_PlayingDaf_g04_c01,data/UCF101_data/UCF-101/PlayingDaf/v_PlayingDaf_g04_c01.avi,59,8,100,4,59,True,True,0.9047603011131287,0.019902588799595833,0.0037390614597825333,1.2002568249590695,327,8,8,8,False,
ucf101,val,v_PlayingDaf_g07_c01,data/UCF101_data/UCF-101/PlayingDaf/v_PlayingDaf_g07_c01.avi,59,8,100,4,59,True,True,0.952491819858551,0.014525813981890678,0.0037390614597825333,1.1789094093255699,249,8,8,8,False,
ucf101,val,v_PlayingDaf_g05_c01,data/UCF101_data/UCF-101/PlayingDaf/v_PlayingDaf_g05_c01.avi,59,8,100,4,60,False,True,0.4318622350692749,0.023146050982177258,0.0037390614597825333,1.162352489773184,301,8,8,8,False,
ucf101,val,v_PlayingDaf_g04_c04,data/UCF101_data/UCF-101/PlayingDaf/v_PlayingDaf_g04_c04.avi,59,8,100,4,54,False,True,0.29383033514022827,0.01860910700634122,0.0037390614597825333,1.1371431169100106,305,8,8,8,False,
ucf101,val,v_PlayingDaf_g02_c06,data/UCF101_data/UCF-101/PlayingDaf/v_PlayingDaf_g02_c06.avi,59,8,100,4,59,True,True,0.8483460545539856,0.025970131158828735,0.0037390614597825333,1.1174960481002927,363,8,8,8,False,
ucf101,val,v_PlayingDaf_g06_c03,data/UCF101_data/UCF-101/PlayingDaf/v_PlayingDaf_g06_c03.avi,59,8,100,4,59,True,True,0.9824960231781006,0.019654786214232445,0.0037390614597825333,1.0891766068525612,319,8,8,8,False,
ucf101,val,v_PlayingDaf_g07_c04,data/UCF101_data/UCF-101/PlayingDaf/v_PlayingDaf_g07_c04.avi,59,8,100,4,59,True,True,0.920193076133728,0.016446345951408148,0.0037390614597825333,1.0681487210094929,249,8,8,8,False,
ucf101,val,v_PlayingDaf_g01_c01,data/UCF101_data/UCF-101/PlayingDaf/v_PlayingDaf_g01_c01.avi,59,8,100,4,59,True,True,0.1931392401456833,0.01002358179539442,0.0037390614597825333,1.0504155247472227,122,8,8,8,False,
ucf101,val,v_PlayingDaf_g04_c07,data/UCF101_data/UCF-101/PlayingDaf/v_PlayingDaf_g04_c07.avi,59,8,100,4,59,True,True,0.413205623626709,0.029988213907927275,0.0037390614597825333,1.0391233279369771,371,8,8,8,False,
ucf101,val,v_PlayingDaf_g07_c02,data/UCF101_data/UCF-101/PlayingDaf/v_PlayingDaf_g07_c02.avi,59,8,100,4,59,True,True,0.9529322981834412,0.015904033090919256,0.0037390614597825333,1.0066199316643178,249,8,8,8,False,
ucf101,val,v_PlayingDaf_g02_c05,data/UCF101_data/UCF-101/PlayingDaf/v_PlayingDaf_g02_c05.avi,59,8,100,4,59,True,True,0.8438421487808228,0.020327887032181025,0.0037390614597825333,0.9886235571466386,325,8,8,8,False,
ucf101,val,v_PlayingDaf_g05_c05,data/UCF101_data/UCF-101/PlayingDaf/v_PlayingDaf_g05_c05.avi,59,8,100,4,98,False,False,0.2195960134267807,0.025276150088757277,0.0037390614597825333,0.9668093263171613,403,8,8,8,False,
ucf101,val,v_PlayingDaf_g06_c07,data/UCF101_data/UCF-101/PlayingDaf/v_PlayingDaf_g06_c07.avi,59,8,100,4,59,True,True,0.9824586510658264,0.015219074208289385,0.0037390614597825333,0.9385527847334743,220,8,8,8,False,
ucf101,val,v_PlayingDhol_g07_c02,data/UCF101_data/UCF-101/PlayingDhol/v_PlayingDhol_g07_c02.avi,60,8,100,4,60,True,True,0.9658828973770142,0.016126873902976513,0.0037390614597825333,0.9217609562911093,255,8,8,8,False,
ucf101,val,v_PlayingDhol_g07_c06,data/UCF101_data/UCF-101/PlayingDhol/v_PlayingDhol_g07_c06.avi,60,8,100,4,60,True,True,0.9616916179656982,0.014755963813513517,0.0037390614597825333,0.9045492252334952,251,8,8,8,False,
ucf101,val,v_PlayingDhol_g01_c04,data/UCF101_data/UCF-101/PlayingDhol/v_PlayingDhol_g01_c04.avi,60,8,100,4,60,True,True,0.9587415456771851,0.014626059215515852,0.0037390614597825333,0.8878977741114795,239,8,8,8,False,
ucf101,val,v_PlayingDhol_g06_c04,data/UCF101_data/UCF-101/PlayingDhol/v_PlayingDhol_g06_c04.avi,60,8,100,4,60,True,True,0.2451903223991394,0.019919151905924082,0.0037390614597825333,0.8715804982930422,372,8,8,8,False,
ucf101,val,v_PlayingDhol_g05_c04,data/UCF101_data/UCF-101/PlayingDhol/v_PlayingDhol_g05_c04.avi,60,8,100,4,60,True,True,0.9770464301109314,0.05279494496062398,0.0037390614597825333,0.8506922828964889,297,8,8,8,False,
ucf101,val,v_PlayingDhol_g03_c05,data/UCF101_data/UCF-101/PlayingDhol/v_PlayingDhol_g03_c05.avi,60,8,100,4,60,True,True,0.738579511642456,0.04766845516860485,0.0037390614597825333,0.7950734458863735,409,8,8,8,False,
ucf101,val,v_PlayingDhol_g03_c01,data/UCF101_data/UCF-101/PlayingDhol/v_PlayingDhol_g03_c01.avi,60,8,100,4,60,True,True,0.5116888880729675,0.02914116531610489,0.0037390614597825333,0.7448313939385116,357,8,8,8,False,
ucf101,val,v_PlayingDhol_g07_c04,data/UCF101_data/UCF-101/PlayingDhol/v_PlayingDhol_g07_c04.avi,60,8,100,4,60,True,True,0.9593679904937744,0.018209765665233135,0.0037390614597825333,0.7128689372912049,254,8,8,8,False,
ucf101,val,v_PlayingDhol_g04_c02,data/UCF101_data/UCF-101/PlayingDhol/v_PlayingDhol_g04_c02.avi,60,8,100,4,60,True,True,0.9675140380859375,0.036942385137081146,0.0037390614597825333,0.693509659729898,454,8,8,8,False,
ucf101,val,v_PlayingDhol_g07_c01,data/UCF101_data/UCF-101/PlayingDhol/v_PlayingDhol_g07_c01.avi,60,8,100,4,60,True,True,0.9691239595413208,0.01712898723781109,0.0037390614597825333,0.6542043811641634,258,8,8,8,False,
ucf101,val,v_PlayingDhol_g02_c06,data/UCF101_data/UCF-101/PlayingDhol/v_PlayingDhol_g02_c06.avi,60,8,100,4,60,True,True,0.9532452821731567,0.022834755945950747,0.0037390614597825333,0.6358087887056172,289,8,8,8,False,
ucf101,val,v_PlayingDhol_g03_c03,data/UCF101_data/UCF-101/PlayingDhol/v_PlayingDhol_g03_c03.avi,60,8,100,4,60,True,True,0.5724329352378845,0.03543911827728152,0.0037390614597825333,0.6111486307345331,407,8,8,8,False,
ucf101,val,v_PlayingDhol_g02_c02,data/UCF101_data/UCF-101/PlayingDhol/v_PlayingDhol_g02_c02.avi,60,8,100,4,60,True,True,0.9418603777885437,0.02007782692089677,0.0037390614597825333,0.5732092470861971,305,8,8,8,False,
ucf101,val,v_PlayingDhol_g01_c07,data/UCF101_data/UCF-101/PlayingDhol/v_PlayingDhol_g01_c07.avi,60,8,100,4,60,True,True,0.9296083450317383,0.011114905122667551,0.0037390614597825333,0.5508157578296959,138,8,8,8,False,
ucf101,val,v_PlayingDhol_g01_c03,data/UCF101_data/UCF-101/PlayingDhol/v_PlayingDhol_g01_c03.avi,60,8,100,4,60,True,True,0.9684642553329468,0.01816593622788787,0.0037390614597825333,0.538362710736692,271,8,8,8,False,
ucf101,val,v_PlayingDhol_g03_c06,data/UCF101_data/UCF-101/PlayingDhol/v_PlayingDhol_g03_c06.avi,60,8,100,4,60,True,True,0.6255776882171631,0.04277613665908575,0.0037390614597825333,0.517761446069926,416,8,8,8,False,
ucf101,val,v_PlayingDhol_g05_c01,data/UCF101_data/UCF-101/PlayingDhol/v_PlayingDhol_g05_c01.avi,60,8,100,4,60,True,True,0.9791256189346313,0.06709930393844843,0.003810876383795403,1.254612441174686,284,8,8,8,False,
ucf101,val,v_PlayingDhol_g05_c07,data/UCF101_data/UCF-101/PlayingDhol/v_PlayingDhol_g05_c07.avi,60,8,100,4,60,True,True,0.9753224849700928,0.018408867064863443,0.003810876383795403,1.1860343092121184,272,8,8,8,False,
ucf101,val,v_PlayingDhol_g07_c07,data/UCF101_data/UCF-101/PlayingDhol/v_PlayingDhol_g07_c07.avi,60,8,100,4,60,True,True,0.9575653076171875,0.016380093060433865,0.003810876383795403,1.1660592379048467,270,8,8,8,False,
ucf101,val,v_PlayingDhol_g02_c05,data/UCF101_data/UCF-101/PlayingDhol/v_PlayingDhol_g02_c05.avi,60,8,100,4,60,True,True,0.9651823043823242,0.01652145106345415,0.003810876383795403,1.1486355727538466,267,8,8,8,False,
ucf101,val,v_PlayingFlute_g07_c06,data/UCF101_data/UCF-101/PlayingFlute/v_PlayingFlute_g07_c06.avi,61,8,100,4,61,True,True,0.9733722805976868,0.07262666709721088,0.003810876383795403,1.1304163681343198,278,8,8,8,False,
ucf101,val,v_PlayingFlute_g02_c02,data/UCF101_data/UCF-101/PlayingFlute/v_PlayingFlute_g02_c02.avi,61,8,100,4,61,True,True,0.9780208468437195,0.015602430794388056,0.003810876383795403,1.0557088390924037,246,8,8,8,False,
ucf101,val,v_PlayingFlute_g01_c06,data/UCF101_data/UCF-101/PlayingFlute/v_PlayingFlute_g01_c06.avi,61,8,100,4,61,True,True,0.981910765171051,0.08104168577119708,0.003810876383795403,1.0377857112325728,330,8,8,8,False,
ucf101,val,v_PlayingFlute_g03_c05,data/UCF101_data/UCF-101/PlayingFlute/v_PlayingFlute_g03_c05.avi,61,8,100,4,61,True,True,0.9833992719650269,0.023849934805184603,0.003810876383795403,0.9545655041001737,200,8,8,8,False,
ucf101,val,v_PlayingFlute_g03_c07,data/UCF101_data/UCF-101/PlayingFlute/v_PlayingFlute_g03_c07.avi,61,8,100,4,61,True,True,0.9816348552703857,0.014040320180356503,0.003810876383795403,0.9282535728998482,230,8,8,8,False,
ucf101,val,v_PlayingFlute_g04_c06,data/UCF101_data/UCF-101/PlayingFlute/v_PlayingFlute_g04_c06.avi,61,8,100,4,61,True,True,0.9768683910369873,0.017246169969439507,0.003810876383795403,0.9124227412976325,268,8,8,8,False,
ucf101,val,v_PlayingFlute_g02_c05,data/UCF101_data/UCF-101/PlayingFlute/v_PlayingFlute_g02_c05.avi,61,8,100,4,61,True,True,0.9778845906257629,0.014801687095314264,0.003810876383795403,0.8937440263107419,249,8,8,8,False,
ucf101,val,v_PlayingFlute_g02_c06,data/UCF101_data/UCF-101/PlayingFlute/v_PlayingFlute_g02_c06.avi,61,8,100,4,61,True,True,0.9743221998214722,0.013672175351530313,0.003810876383795403,0.877009485848248,206,8,8,8,False,
ucf101,val,v_PlayingFlute_g07_c07,data/UCF101_data/UCF-101/PlayingFlute/v_PlayingFlute_g07_c07.avi,61,8,100,4,61,True,True,0.883712112903595,0.06583081418648362,0.003810876383795403,0.8613727199845016,245,8,8,8,False,
ucf101,val,v_PlayingFlute_g05_c07,data/UCF101_data/UCF-101/PlayingFlute/v_PlayingFlute_g05_c07.avi,61,8,100,4,61,True,True,0.9639744758605957,0.01122219581156969,0.003810876383795403,0.7919113850221038,123,8,8,8,False,
ucf101,val,v_PlayingFlute_g04_c03,data/UCF101_data/UCF-101/PlayingFlute/v_PlayingFlute_g04_c03.avi,61,8,100,4,61,True,True,0.9800926446914673,0.01815614476799965,0.003810876383795403,0.7795611303299665,301,8,8,8,False,
ucf101,val,v_PlayingFlute_g05_c06,data/UCF101_data/UCF-101/PlayingFlute/v_PlayingFlute_g05_c06.avi,61,8,100,4,61,True,True,0.9708166122436523,0.015059043187648058,0.003810876383795403,0.7602646960876882,240,8,8,8,False,
ucf101,val,v_PlayingFlute_g05_c05,data/UCF101_data/UCF-101/PlayingFlute/v_PlayingFlute_g05_c05.avi,61,8,100,4,61,True,True,0.9676209688186646,0.014607982710003853,0.003810876383795403,0.7441411740146577,236,8,8,8,False,
ucf101,val,v_PlayingFlute_g03_c04,data/UCF101_data/UCF-101/PlayingFlute/v_PlayingFlute_g03_c04.avi,61,8,100,4,61,True,True,0.9784389138221741,0.013360911048948765,0.003810876383795403,0.7282933481037617,222,8,8,8,False,
ucf101,val,v_PlayingFlute_g02_c04,data/UCF101_data/UCF-101/PlayingFlute/v_PlayingFlute_g02_c04.avi,61,8,100,4,61,True,True,0.9689963459968567,0.013276530895382166,0.003810876383795403,0.7131900568492711,199,8,8,8,False,
ucf101,val,v_PlayingFlute_g03_c03,data/UCF101_data/UCF-101/PlayingFlute/v_PlayingFlute_g03_c03.avi,61,8,100,4,61,True,True,0.9838463068008423,0.014270009007304907,0.003810876383795403,0.6983482553623617,249,8,8,8,False,
ucf101,val,v_PlayingFlute_g05_c03,data/UCF101_data/UCF-101/PlayingFlute/v_PlayingFlute_g05_c03.avi,61,8,100,4,61,True,True,0.9710408449172974,0.01338876225054264,0.003810876383795403,0.6820116420276463,223,8,8,8,False,
ucf101,val,v_PlayingFlute_g05_c04,data/UCF101_data/UCF-101/PlayingFlute/v_PlayingFlute_g05_c04.avi,61,8,100,4,61,True,True,0.9602603912353516,0.012999777682125568,0.003810876383795403,0.666819903999567,200,8,8,8,False,
ucf101,val,v_PlayingFlute_g04_c05,data/UCF101_data/UCF-101/PlayingFlute/v_PlayingFlute_g04_c05.avi,61,8,100,4,61,True,True,0.9750881195068359,0.03081543603911996,0.003810876383795403,0.6526672677136958,389,8,8,8,False,
ucf101,val,v_PlayingFlute_g02_c03,data/UCF101_data/UCF-101/PlayingFlute/v_PlayingFlute_g02_c03.avi,61,8,100,4,61,True,True,0.9764233231544495,0.015668496023863554,0.003810876383795403,0.619129637721926,245,8,8,8,False,
ucf101,val,v_PlayingGuitar_g04_c05,data/UCF101_data/UCF-101/PlayingGuitar/v_PlayingGuitar_g04_c05.avi,62,8,100,4,62,True,True,0.3012832701206207,0.01571239111945033,0.003810876383795403,0.602219054941088,250,8,8,8,False,
ucf101,val,v_PlayingGuitar_g02_c02,data/UCF101_data/UCF-101/PlayingGuitar/v_PlayingGuitar_g02_c02.avi,62,8,100,4,62,True,True,0.9665687084197998,0.014922866597771645,0.003810876383795403,0.5855918359011412,250,8,8,8,False,
ucf101,val,v_PlayingGuitar_g06_c01,data/UCF101_data/UCF-101/PlayingGuitar/v_PlayingGuitar_g06_c01.avi,62,8,100,4,62,True,True,0.9842171669006348,0.015179194044321775,0.003810876383795403,0.5695919673889875,250,8,8,8,False,
ucf101,val,v_PlayingGuitar_g01_c05,data/UCF101_data/UCF-101/PlayingGuitar/v_PlayingGuitar_g01_c05.avi,62,8,100,4,62,True,True,0.986213743686676,0.015076691750437021,0.003810876383795403,0.5535506550222635,238,8,8,8,False,
ucf101,val,v_PlayingGuitar_g02_c04,data/UCF101_data/UCF-101/PlayingGuitar/v_PlayingGuitar_g02_c04.avi,62,8,100,4,62,True,True,0.9846578240394592,0.014778275974094868,0.003810876383795403,0.5374657870270312,200,8,8,8,False,
ucf101,val,v_PlayingGuitar_g03_c05,data/UCF101_data/UCF-101/PlayingGuitar/v_PlayingGuitar_g03_c05.avi,62,8,100,4,62,True,True,0.9852132201194763,0.015466936863958836,0.003810876383795403,0.5217766878195107,250,8,8,8,False,
ucf101,val,v_PlayingGuitar_g05_c02,data/UCF101_data/UCF-101/PlayingGuitar/v_PlayingGuitar_g05_c02.avi,62,8,100,4,62,True,True,0.9778797030448914,0.013902979902923107,0.003810876383795403,0.5053227888420224,212,8,8,8,False,
ucf101,val,v_PlayingGuitar_g06_c07,data/UCF101_data/UCF-101/PlayingGuitar/v_PlayingGuitar_g06_c07.avi,62,8,100,4,62,True,True,0.9862107634544373,0.015147543977946043,0.003810876383795403,0.4907265896908939,250,8,8,8,False,
ucf101,val,v_PlayingGuitar_g04_c07,data/UCF101_data/UCF-101/PlayingGuitar/v_PlayingGuitar_g04_c07.avi,62,8,100,4,62,True,True,0.8333932161331177,0.031199433840811253,0.003819422665401362,1.0004102429375052,250,8,8,8,False,
ucf101,val,v_PlayingGuitar_g01_c06,data/UCF101_data/UCF-101/PlayingGuitar/v_PlayingGuitar_g01_c06.avi,62,8,100,4,62,True,True,0.9841477870941162,0.01584056532010436,0.003819422665401362,0.9673519399948418,250,8,8,8,False,
ucf101,val,v_PlayingGuitar_g07_c01,data/UCF101_data/UCF-101/PlayingGuitar/v_PlayingGuitar_g07_c01.avi,62,8,100,4,62,True,True,0.9845046997070312,0.015421376097947359,0.003819422665401362,0.9505826509557664,250,8,8,8,False,
ucf101,val,v_PlayingGuitar_g01_c01,data/UCF101_data/UCF-101/PlayingGuitar/v_PlayingGuitar_g01_c01.avi,62,8,100,4,62,True,True,0.9844961166381836,0.01519584096968174,0.003819422665401362,0.9341142061166465,250,8,8,8,False,
ucf101,val,v_PlayingGuitar_g02_c03,data/UCF101_data/UCF-101/PlayingGuitar/v_PlayingGuitar_g02_c03.avi,62,8,100,4,62,True,True,0.7758136987686157,0.01470002206042409,0.003819422665401362,0.9180643418803811,250,8,8,8,False,
ucf101,val,v_PlayingGuitar_g04_c01,data/UCF101_data/UCF-101/PlayingGuitar/v_PlayingGuitar_g04_c01.avi,62,8,100,4,62,True,True,0.8921540975570679,0.01517013879492879,0.003819422665401362,0.9025167399086058,250,8,8,8,False,
ucf101,val,v_PlayingGuitar_g01_c04,data/UCF101_data/UCF-101/PlayingGuitar/v_PlayingGuitar_g01_c04.avi,62,8,100,4,62,True,True,0.9830407500267029,0.014918169938027859,0.003819422665401362,0.8863009461201727,250,8,8,8,False,
ucf101,val,v_PlayingGuitar_g07_c02,data/UCF101_data/UCF-101/PlayingGuitar/v_PlayingGuitar_g07_c02.avi,62,8,100,4,62,True,True,0.9823095202445984,0.014914540108293295,0.003819422665401362,0.8704877537675202,250,8,8,8,False,
ucf101,val,v_PlayingGuitar_g03_c02,data/UCF101_data/UCF-101/PlayingGuitar/v_PlayingGuitar_g03_c02.avi,62,8,100,4,62,True,True,0.984975278377533,0.014982115011662245,0.003819422665401362,0.8547287909314036,250,8,8,8,False,
ucf101,val,v_PlayingGuitar_g07_c07,data/UCF101_data/UCF-101/PlayingGuitar/v_PlayingGuitar_g07_c07.avi,62,8,100,4,62,True,True,0.9844245910644531,0.014849248342216015,0.003819422665401362,0.8388988948427141,250,8,8,8,False,
ucf101,val,v_PlayingGuitar_g06_c06,data/UCF101_data/UCF-101/PlayingGuitar/v_PlayingGuitar_g06_c06.avi,62,8,100,4,62,True,True,0.9861437082290649,0.015154226217418909,0.003819422665401362,0.8231982351280749,250,8,8,8,False,
ucf101,val,v_PlayingGuitar_g06_c04,data/UCF101_data/UCF-101/PlayingGuitar/v_PlayingGuitar_g06_c04.avi,62,8,100,4,62,True,True,0.9861361980438232,0.015345769934356213,0.003819422665401362,0.8071071598678827,250,8,8,8,False,
ucf101,val,v_PlayingPiano_g03_c01,data/UCF101_data/UCF-101/PlayingPiano/v_PlayingPiano_g03_c01.avi,63,8,100,4,63,True,True,0.9525229930877686,0.014697899110615253,0.003819422665401362,0.79090561484918,228,8,8,8,False,
ucf101,val,v_PlayingPiano_g05_c03,data/UCF101_data/UCF-101/PlayingPiano/v_PlayingPiano_g05_c03.avi,63,8,100,4,63,True,True,0.9680668711662292,0.014619053341448307,0.003819422665401362,0.7752862339839339,238,8,8,8,False,
ucf101,val,v_PlayingPiano_g04_c01,data/UCF101_data/UCF-101/PlayingPiano/v_PlayingPiano_g04_c01.avi,63,8,100,4,74,False,False,0.24677212536334991,0.013991326093673706,0.003819422665401362,0.7596801836043596,212,8,8,8,False,
ucf101,val,v_PlayingPiano_g06_c01,data/UCF101_data/UCF-101/PlayingPiano/v_PlayingPiano_g06_c01.avi,63,8,100,4,63,True,True,0.9443151354789734,0.01550792995840311,0.003819422665401362,0.7449781098403037,222,8,8,8,False,
ucf101,val,v_PlayingPiano_g03_c04,data/UCF101_data/UCF-101/PlayingPiano/v_PlayingPiano_g03_c04.avi,63,8,100,4,63,True,True,0.9278982281684875,0.015710624400526285,0.003819422665401362,0.7284728242084384,248,8,8,8,False,
ucf101,val,v_PlayingPiano_g01_c04,data/UCF101_data/UCF-101/PlayingPiano/v_PlayingPiano_g01_c04.avi,63,8,100,4,63,True,True,0.9672057032585144,0.014884375967085361,0.003819422665401362,0.7120687798596919,215,8,8,8,False,
ucf101,val,v_PlayingPiano_g06_c02,data/UCF101_data/UCF-101/PlayingPiano/v_PlayingPiano_g06_c02.avi,63,8,100,4,63,True,True,0.9585376977920532,0.014638871885836124,0.003819422665401362,0.6961879916489124,222,8,8,8,False,
ucf101,val,v_PlayingPiano_g02_c04,data/UCF101_data/UCF-101/PlayingPiano/v_PlayingPiano_g02_c04.avi,63,8,100,4,63,True,True,0.9324752688407898,0.01352056534960866,0.003819422665401362,0.6805524830706418,210,8,8,8,False,
ucf101,val,v_PlayingPiano_g04_c04,data/UCF101_data/UCF-101/PlayingPiano/v_PlayingPiano_g04_c04.avi,63,8,100,4,63,True,True,0.49588829278945923,0.015266580041497946,0.003819422665401362,0.6658247872255743,226,8,8,8,False,
ucf101,val,v_PlayingPiano_g01_c01,data/UCF101_data/UCF-101/PlayingPiano/v_PlayingPiano_g01_c01.avi,63,8,100,4,63,True,True,0.9731302857398987,0.014591625891625881,0.003819422665401362,0.6495589958503842,218,8,8,8,False,
ucf101,val,v_PlayingPiano_g05_c02,data/UCF101_data/UCF-101/PlayingPiano/v_PlayingPiano_g05_c02.avi,63,8,100,4,63,True,True,0.9301053285598755,0.014135459903627634,0.003819422665401362,0.6340654990635812,225,8,8,8,False,
ucf101,val,v_PlayingPiano_g03_c03,data/UCF101_data/UCF-101/PlayingPiano/v_PlayingPiano_g03_c03.avi,63,8,100,4,63,True,True,0.9464607834815979,0.015194159001111984,0.003819422665401362,0.618790659122169,228,8,8,8,False,
ucf101,val,v_PlayingPiano_g07_c01,data/UCF101_data/UCF-101/PlayingPiano/v_PlayingPiano_g07_c01.avi,63,8,100,4,63,True,True,0.9188858270645142,0.013806422706693411,0.003819422665401362,0.6023282422684133,212,8,8,8,False,
ucf101,val,v_PlayingPiano_g05_c01,data/UCF101_data/UCF-101/PlayingPiano/v_PlayingPiano_g05_c01.avi,63,8,100,4,63,True,True,0.87652587890625,0.013563510961830616,0.003819422665401362,0.587829084135592,212,8,8,8,False,
ucf101,val,v_PlayingPiano_g01_c02,data/UCF101_data/UCF-101/PlayingPiano/v_PlayingPiano_g01_c02.avi,63,8,100,4,63,True,True,0.974202036857605,0.014498119708150625,0.003819422665401362,0.5735910939984024,221,8,8,8,False,
ucf101,val,v_PlayingPiano_g04_c03,data/UCF101_data/UCF-101/PlayingPiano/v_PlayingPiano_g04_c03.avi,63,8,100,4,66,False,True,0.8638842701911926,0.014318626839667559,0.003819422665401362,0.557834040839225,205,8,8,8,False,
ucf101,val,v_PlayingPiano_g05_c04,data/UCF101_data/UCF-101/PlayingPiano/v_PlayingPiano_g05_c04.avi,63,8,100,4,63,True,True,0.9658425450325012,0.014088985975831747,0.003819422665401362,0.5426115598529577,238,8,8,8,False,
ucf101,val,v_PlayingPiano_g02_c01,data/UCF101_data/UCF-101/PlayingPiano/v_PlayingPiano_g02_c01.avi,63,8,100,4,63,True,True,0.8011801838874817,0.017989049199968576,0.003819422665401362,0.5275121070444584,225,8,8,8,False,
ucf101,val,v_PlayingPiano_g02_c03,data/UCF101_data/UCF-101/PlayingPiano/v_PlayingPiano_g02_c03.avi,63,8,100,4,63,True,True,0.9049769639968872,0.014406062662601471,0.003819422665401362,0.5078533845953643,217,8,8,8,False,
ucf101,val,v_PlayingPiano_g04_c02,data/UCF101_data/UCF-101/PlayingPiano/v_PlayingPiano_g04_c02.avi,63,8,100,4,63,True,True,0.09002538025379181,0.01617437694221735,0.003819422665401362,0.49243263714015484,205,8,8,8,False,
ucf101,val,v_PlayingSitar_g02_c05,data/UCF101_data/UCF-101/PlayingSitar/v_PlayingSitar_g02_c05.avi,64,8,100,4,64,True,True,0.9846850633621216,0.06086963601410389,0.0036118620628258213,1.3070693099871278,250,8,8,8,False,
ucf101,val,v_PlayingSitar_g01_c03,data/UCF101_data/UCF-101/PlayingSitar/v_PlayingSitar_g01_c03.avi,64,8,100,4,64,True,True,0.9282729625701904,0.01249225763604045,0.0036118620628258213,1.243014618754387,129,8,8,8,False,
ucf101,val,v_PlayingSitar_g07_c06,data/UCF101_data/UCF-101/PlayingSitar/v_PlayingSitar_g07_c06.avi,64,8,100,4,64,True,True,0.9732181429862976,0.03443092294037342,0.0036118620628258213,1.2292256047949195,410,8,8,8,False,
ucf101,val,v_PlayingSitar_g04_c03,data/UCF101_data/UCF-101/PlayingSitar/v_PlayingSitar_g04_c03.avi,64,8,100,4,64,True,True,0.971872091293335,0.025603216141462326,0.0036118620628258213,1.1922384197823703,422,8,8,8,False,
ucf101,val,v_PlayingSitar_g06_c01,data/UCF101_data/UCF-101/PlayingSitar/v_PlayingSitar_g06_c01.avi,64,8,100,4,64,True,True,0.9763398170471191,0.011667724698781967,0.0036118620628258213,1.1647233041003346,151,8,8,8,False,
ucf101,val,v_PlayingSitar_g02_c04,data/UCF101_data/UCF-101/PlayingSitar/v_PlayingSitar_g02_c04.avi,64,8,100,4,64,True,True,0.9844043850898743,0.016945444978773594,0.0036118620628258213,1.1517003802582622,268,8,8,8,False,
ucf101,val,v_PlayingSitar_g02_c03,data/UCF101_data/UCF-101/PlayingSitar/v_PlayingSitar_g02_c03.avi,64,8,100,4,64,True,True,0.9831632971763611,0.016724946908652782,0.0036118620628258213,1.1334306877106428,255,8,8,8,False,
ucf101,val,v_PlayingSitar_g03_c06,data/UCF101_data/UCF-101/PlayingSitar/v_PlayingSitar_g03_c06.avi,64,8,100,4,64,True,True,0.7494617700576782,0.04052081098780036,0.0036118620628258213,1.1155986269004643,426,8,8,8,False,
ucf101,val,v_PlayingSitar_g06_c04,data/UCF101_data/UCF-101/PlayingSitar/v_PlayingSitar_g06_c04.avi,64,8,100,4,64,True,True,0.9754602313041687,0.01153625687584281,0.0036118620628258213,1.0725954459048808,144,8,8,8,False,
ucf101,val,v_PlayingSitar_g07_c07,data/UCF101_data/UCF-101/PlayingSitar/v_PlayingSitar_g07_c07.avi,64,8,100,4,64,True,True,0.9777646660804749,0.014612445142120123,0.0036118620628258213,1.0601050676777959,246,8,8,8,False,
ucf101,val,v_PlayingSitar_g05_c01,data/UCF101_data/UCF-101/PlayingSitar/v_PlayingSitar_g05_c01.avi,64,8,100,4,64,True,True,0.9847875237464905,0.025423166807740927,0.0036118620628258213,1.0437750066630542,406,8,8,8,False,
ucf101,val,v_PlayingSitar_g05_c06,data/UCF101_data/UCF-101/PlayingSitar/v_PlayingSitar_g05_c06.avi,64,8,100,4,64,True,True,0.9825923442840576,0.027159673161804676,0.0036118620628258213,1.0165678542107344,434,8,8,8,False,
ucf101,val,v_PlayingSitar_g04_c07,data/UCF101_data/UCF-101/PlayingSitar/v_PlayingSitar_g04_c07.avi,64,8,100,4,64,True,True,0.9852005243301392,0.04326596995815635,0.0036118620628258213,0.988047971855849,425,8,8,8,False,
ucf101,val,v_PlayingSitar_g04_c05,data/UCF101_data/UCF-101/PlayingSitar/v_PlayingSitar_g04_c05.avi,64,8,100,4,64,True,True,0.9828216433525085,0.040265923365950584,0.0036118620628258213,0.9418110270053148,420,8,8,8,False,
ucf101,val,v_PlayingSitar_g07_c03,data/UCF101_data/UCF-101/PlayingSitar/v_PlayingSitar_g07_c03.avi,64,8,100,4,64,True,True,0.9733952283859253,0.02475611725822091,0.0036118620628258213,0.8987922500818968,362,8,8,8,False,
ucf101,val,v_PlayingSitar_g04_c06,data/UCF101_data/UCF-101/PlayingSitar/v_PlayingSitar_g04_c06.avi,64,8,100,4,64,True,True,0.9860893487930298,0.05869285622611642,0.0036118620628258213,0.8717485298402607,415,8,8,8,False,
ucf101,val,v_PlayingSitar_g04_c01,data/UCF101_data/UCF-101/PlayingSitar/v_PlayingSitar_g04_c01.avi,64,8,100,4,64,True,True,0.9594759345054626,0.04438519012182951,0.0036118620628258213,0.809640544001013,434,8,8,8,False,
ucf101,val,v_PlayingSitar_g03_c04,data/UCF101_data/UCF-101/PlayingSitar/v_PlayingSitar_g03_c04.avi,64,8,100,4,64,True,True,0.8719121217727661,0.04187200218439102,0.0036118620628258213,0.7625448568724096,422,8,8,8,False,
ucf101,val,v_PlayingSitar_g04_c02,data/UCF101_data/UCF-101/PlayingSitar/v_PlayingSitar_g04_c02.avi,64,8,100,4,64,True,True,0.9617188572883606,0.03831108286976814,0.0036118620628258213,0.7181952181272209,420,8,8,8,False,
ucf101,val,v_PlayingSitar_g06_c02,data/UCF101_data/UCF-101/PlayingSitar/v_PlayingSitar_g06_c02.avi,64,8,100,4,64,True,True,0.9757784008979797,0.011648043990135193,0.0036118620628258213,0.6771365413442254,150,8,8,8,False,
ucf101,val,v_PlayingTabla_g06_c01,data/UCF101_data/UCF-101/PlayingTabla/v_PlayingTabla_g06_c01.avi,65,8,100,4,65,True,True,0.9283014535903931,0.015288603026419878,0.0036118620628258213,0.6639766339212656,209,8,8,8,False,
ucf101,val,v_PlayingTabla_g02_c01,data/UCF101_data/UCF-101/PlayingTabla/v_PlayingTabla_g02_c01.avi,65,8,100,4,65,True,True,0.8121933937072754,0.016535873990505934,0.0036118620628258213,0.6476482143625617,318,8,8,8,False,
ucf101,val,v_PlayingTabla_g07_c02,data/UCF101_data/UCF-101/PlayingTabla/v_PlayingTabla_g07_c02.avi,65,8,100,4,65,True,True,0.9755903482437134,0.01572800800204277,0.0036118620628258213,0.629871107172221,245,8,8,8,False,
ucf101,val,v_PlayingTabla_g04_c01,data/UCF101_data/UCF-101/PlayingTabla/v_PlayingTabla_g04_c01.avi,65,8,100,4,65,True,True,0.9096029996871948,0.014945263043045998,0.0036118620628258213,0.6130276848562062,249,8,8,8,False,
ucf101,val,v_PlayingTabla_g05_c02,data/UCF101_data/UCF-101/PlayingTabla/v_PlayingTabla_g05_c02.avi,65,8,100,4,65,True,True,0.9052331447601318,0.01609961176291108,0.0036118620628258213,0.5971188470721245,247,8,8,8,False,
ucf101,val,v_PlayingTabla_g01_c04,data/UCF101_data/UCF-101/PlayingTabla/v_PlayingTabla_g01_c04.avi,65,8,100,4,65,True,True,0.9344220757484436,0.013894353061914444,0.0036118620628258213,0.5799786187708378,255,8,8,8,False,
ucf101,val,v_PlayingTabla_g04_c03,data/UCF101_data/UCF-101/PlayingTabla/v_PlayingTabla_g04_c03.avi,65,8,100,4,65,True,True,0.9638872146606445,0.015315620228648186,0.0036118620628258213,0.5653799660503864,297,8,8,8,False,
ucf101,val,v_PlayingTabla_g05_c01,data/UCF101_data/UCF-101/PlayingTabla/v_PlayingTabla_g05_c01.avi,65,8,100,4,65,True,True,0.21333210170269012,0.015538393054157495,0.0036118620628258213,0.548854845110327,270,8,8,8,False,
ucf101,val,v_PlayingTabla_g07_c01,data/UCF101_data/UCF-101/PlayingTabla/v_PlayingTabla_g07_c01.avi,65,8,100,4,65,True,True,0.9789733290672302,0.01532792393118143,0.0036118620628258213,0.5323723549954593,251,8,8,8,False,
ucf101,val,v_PlayingTabla_g03_c01,data/UCF101_data/UCF-101/PlayingTabla/v_PlayingTabla_g03_c01.avi,65,8,100,4,65,True,True,0.8246213793754578,0.014427685178816319,0.0036118620628258213,0.5161826089024544,293,8,8,8,False,
ucf101,val,v_PlayingTabla_g01_c02,data/UCF101_data/UCF-101/PlayingTabla/v_PlayingTabla_g01_c02.avi,65,8,100,4,65,True,True,0.954734742641449,0.015391306020319462,0.0036118620628258213,0.5007812939584255,251,8,8,8,False,
ucf101,val,v_PlayingTabla_g03_c04,data/UCF101_data/UCF-101/PlayingTabla/v_PlayingTabla_g03_c04.avi,65,8,100,4,65,True,True,0.5975300073623657,0.015512124635279179,0.0036118620628258213,0.48453272692859173,236,8,8,8,False,
ucf101,val,v_PlayingTabla_g02_c03,data/UCF101_data/UCF-101/PlayingTabla/v_PlayingTabla_g02_c03.avi,65,8,100,4,65,True,True,0.7812827825546265,0.03711558599025011,0.003851996749290265,1.0019307937473059,298,8,8,8,False,
ucf101,val,v_PlayingTabla_g04_c02,data/UCF101_data/UCF-101/PlayingTabla/v_PlayingTabla_g04_c02.avi,65,8,100,4,65,True,True,0.8679547905921936,0.015991914086043835,0.003851996749290265,0.9629403888247907,302,8,8,8,False,
ucf101,val,v_PlayingTabla_g04_c05,data/UCF101_data/UCF-101/PlayingTabla/v_PlayingTabla_g04_c05.avi,65,8,100,4,65,True,True,0.8241289258003235,0.01651899330317974,0.003851996749290265,0.945885500870645,319,8,8,8,False,
ucf101,val,v_PlayingTabla_g02_c04,data/UCF101_data/UCF-101/PlayingTabla/v_PlayingTabla_g02_c04.avi,65,8,100,4,65,True,True,0.5569937229156494,0.015403951052576303,0.003851996749290265,0.9283233103342354,313,8,8,8,False,
ucf101,val,v_PlayingTabla_g05_c04,data/UCF101_data/UCF-101/PlayingTabla/v_PlayingTabla_g05_c04.avi,65,8,100,4,65,True,True,0.6998363137245178,0.015398444142192602,0.003851996749290265,0.9118619118817151,267,8,8,8,False,
ucf101,val,v_PlayingTabla_g02_c02,data/UCF101_data/UCF-101/PlayingTabla/v_PlayingTabla_g02_c02.avi,65,8,100,4,65,True,True,0.8564546704292297,0.015275153797119856,0.003851996749290265,0.8952384809963405,290,8,8,8,False,
ucf101,val,v_PlayingTabla_g06_c04,data/UCF101_data/UCF-101/PlayingTabla/v_PlayingTabla_g06_c04.avi,65,8,100,4,65,True,True,0.9295621514320374,0.016392368357628584,0.003851996749290265,0.8788980487734079,234,8,8,8,False,
ucf101,val,v_PlayingTabla_g03_c03,data/UCF101_data/UCF-101/PlayingTabla/v_PlayingTabla_g03_c03.avi,65,8,100,4,65,True,True,0.690875768661499,0.014030416030436754,0.003851996749290265,0.8613928132690489,255,8,8,8,False,
ucf101,val,v_PlayingViolin_g03_c04,data/UCF101_data/UCF-101/PlayingViolin/v_PlayingViolin_g03_c04.avi,66,8,100,4,66,True,True,0.9680042862892151,0.015460478141903877,0.003851996749290265,0.8464389401488006,199,8,8,8,False,
ucf101,val,v_PlayingViolin_g05_c02,data/UCF101_data/UCF-101/PlayingViolin/v_PlayingViolin_g05_c02.avi,66,8,100,4,66,True,True,0.965119481086731,0.01387709379196167,0.003851996749290265,0.8299636943265796,176,8,8,8,False,
ucf101,val,v_PlayingViolin_g06_c01,data/UCF101_data/UCF-101/PlayingViolin/v_PlayingViolin_g06_c01.avi,66,8,100,4,66,True,True,0.8638927936553955,0.0149361751973629,0.003851996749290265,0.81530234310776,177,8,8,8,False,
ucf101,val,v_PlayingViolin_g07_c04,data/UCF101_data/UCF-101/PlayingViolin/v_PlayingViolin_g07_c04.avi,66,8,100,4,66,True,True,0.9737590551376343,0.013690764084458351,0.003851996749290265,0.7994007193483412,173,8,8,8,False,
ucf101,val,v_PlayingViolin_g01_c02,data/UCF101_data/UCF-101/PlayingViolin/v_PlayingViolin_g01_c02.avi,66,8,100,4,66,True,True,0.9704360961914062,0.012540820054709911,0.003851996749290265,0.7846981240436435,169,8,8,8,False,
ucf101,val,v_PlayingViolin_g04_c01,data/UCF101_data/UCF-101/PlayingViolin/v_PlayingViolin_g04_c01.avi,66,8,100,4,66,True,True,0.8961723446846008,0.014322103001177311,0.003851996749290265,0.7712553674355149,176,8,8,8,False,
ucf101,val,v_PlayingViolin_g03_c01,data/UCF101_data/UCF-101/PlayingViolin/v_PlayingViolin_g03_c01.avi,66,8,100,4,66,True,True,0.974457323551178,0.014540597796440125,0.003851996749290265,0.7562063890509307,181,8,8,8,False,
ucf101,val,v_PlayingViolin_g02_c03,data/UCF101_data/UCF-101/PlayingViolin/v_PlayingViolin_g02_c03.avi,66,8,100,4,66,True,True,0.9737600684165955,0.015718736685812473,0.003851996749290265,0.7405978920869529,509,8,8,8,False,
ucf101,val,v_PlayingViolin_g01_c04,data/UCF101_data/UCF-101/PlayingViolin/v_PlayingViolin_g01_c04.avi,66,8,100,4,66,True,True,0.7125733494758606,0.015123538207262754,0.003851996749290265,0.7239876622334123,178,8,8,8,False,
ucf101,val,v_PlayingViolin_g04_c03,data/UCF101_data/UCF-101/PlayingViolin/v_PlayingViolin_g04_c03.avi,66,8,100,4,66,True,True,0.9597838521003723,0.012699831277132034,0.003851996749290265,0.7078908421099186,169,8,8,8,False,
ucf101,val,v_PlayingViolin_g01_c03,data/UCF101_data/UCF-101/PlayingViolin/v_PlayingViolin_g01_c03.avi,66,8,100,4,66,True,True,0.7119612693786621,0.012708991300314665,0.003851996749290265,0.6942751528695226,170,8,8,8,False,
ucf101,val,v_PlayingViolin_g07_c02,data/UCF101_data/UCF-101/PlayingViolin/v_PlayingViolin_g07_c02.avi,66,8,100,4,66,True,True,0.9752154350280762,0.014047315809875727,0.003851996749290265,0.6804367578588426,174,8,8,8,False,
ucf101,val,v_PlayingViolin_g01_c01,data/UCF101_data/UCF-101/PlayingViolin/v_PlayingViolin_g01_c01.avi,66,8,100,4,66,True,True,0.9659771919250488,0.014805648941546679,0.003851996749290265,0.6655236729420722,186,8,8,8,False,
ucf101,val,v_PlayingViolin_g04_c04,data/UCF101_data/UCF-101/PlayingViolin/v_PlayingViolin_g04_c04.avi,66,8,100,4,66,True,True,0.9564070701599121,0.01432946790009737,0.003851996749290265,0.6497098878026009,176,8,8,8,False,
ucf101,val,v_PlayingViolin_g06_c03,data/UCF101_data/UCF-101/PlayingViolin/v_PlayingViolin_g06_c03.avi,66,8,100,4,66,True,True,0.9474450349807739,0.01496517425402999,0.003851996749290265,0.6346482778899372,177,8,8,8,False,
ucf101,val,v_PlayingViolin_g02_c02,data/UCF101_data/UCF-101/PlayingViolin/v_PlayingViolin_g02_c02.avi,66,8,100,4,66,True,True,0.9708203077316284,0.013184551615267992,0.003851996749290265,0.6187536655925214,339,8,8,8,False,
ucf101,val,v_PlayingViolin_g05_c04,data/UCF101_data/UCF-101/PlayingViolin/v_PlayingViolin_g05_c04.avi,66,8,100,4,66,True,True,0.9724361896514893,0.01448907982558012,0.003851996749290265,0.6048722262494266,184,8,8,8,False,
ucf101,val,v_PlayingViolin_g07_c03,data/UCF101_data/UCF-101/PlayingViolin/v_PlayingViolin_g07_c03.avi,66,8,100,4,66,True,True,0.9770409464836121,0.014762837905436754,0.003851996749290265,0.5896009299904108,168,8,8,8,False,
ucf101,val,v_PlayingViolin_g03_c02,data/UCF101_data/UCF-101/PlayingViolin/v_PlayingViolin_g03_c02.avi,66,8,100,4,66,True,True,0.9715032577514648,0.014522476121783257,0.003851996749290265,0.5738872950896621,181,8,8,8,False,
ucf101,val,v_PlayingViolin_g07_c01,data/UCF101_data/UCF-101/PlayingViolin/v_PlayingViolin_g07_c01.avi,66,8,100,4,66,True,True,0.9752395749092102,0.015216026920825243,0.003851996749290265,0.5584833920001984,178,8,8,8,False,
ucf101,val,v_PoleVault_g01_c05,data/UCF101_data/UCF-101/PoleVault/v_PoleVault_g01_c05.avi,67,8,100,4,67,True,True,0.9773547053337097,0.015063583850860596,0.003851996749290265,0.5422160187736154,195,8,8,8,False,
ucf101,val,v_PoleVault_g06_c05,data/UCF101_data/UCF-101/PoleVault/v_PoleVault_g06_c05.avi,67,8,100,4,67,True,True,0.9824198484420776,0.01620168285444379,0.003851996749290265,0.5260282717645168,260,8,8,8,False,
ucf101,val,v_PoleVault_g03_c02,data/UCF101_data/UCF-101/PoleVault/v_PoleVault_g03_c02.avi,67,8,100,4,67,True,True,0.9811681509017944,0.014974504243582487,0.003851996749290265,0.5079759350046515,197,8,8,8,False,
ucf101,val,v_PoleVault_g07_c02,data/UCF101_data/UCF-101/PoleVault/v_PoleVault_g07_c02.avi,67,8,100,4,67,True,True,0.9855918884277344,0.01441881200298667,0.003851996749290265,0.49200575705617666,199,8,8,8,False,
ucf101,val,v_PoleVault_g03_c03,data/UCF101_data/UCF-101/PoleVault/v_PoleVault_g03_c03.avi,67,8,100,4,67,True,True,0.9436405897140503,0.03366672992706299,0.0040161633369280025,1.3324567880481482,222,8,8,8,False,
ucf101,val,v_PoleVault_g04_c03,data/UCF101_data/UCF-101/PoleVault/v_PoleVault_g04_c03.avi,67,8,100,4,67,True,True,0.9786384701728821,0.01521316822618246,0.0040161633369280025,1.2968214079737663,219,8,8,8,False,
ucf101,val,v_PoleVault_g02_c05,data/UCF101_data/UCF-101/PoleVault/v_PoleVault_g02_c05.avi,67,8,100,4,67,True,True,0.9839889407157898,0.014236213639378548,0.0040161633369280025,1.2808000622317195,100,8,8,8,False,
ucf101,val,v_PoleVault_g01_c01,data/UCF101_data/UCF-101/PoleVault/v_PoleVault_g01_c01.avi,67,8,100,4,67,True,True,0.9783844947814941,0.014138661790639162,0.0040161633369280025,1.2658370658755302,196,8,8,8,False,
ucf101,val,v_PoleVault_g03_c06,data/UCF101_data/UCF-101/PoleVault/v_PoleVault_g03_c06.avi,67,8,100,4,67,True,True,0.9757934212684631,0.015643977094441652,0.0040161633369280025,1.2509240079671144,227,8,8,8,False,
ucf101,val,v_PoleVault_g05_c02,data/UCF101_data/UCF-101/PoleVault/v_PoleVault_g05_c02.avi,67,8,100,4,67,True,True,0.9846392869949341,0.015579662751406431,0.0040161633369280025,1.2342379232868552,315,8,8,8,False,
ucf101,val,v_PoleVault_g07_c04,data/UCF101_data/UCF-101/PoleVault/v_PoleVault_g07_c04.avi,67,8,100,4,67,True,True,0.987363874912262,0.01605393085628748,0.0040161633369280025,1.2174779251217842,318,8,8,8,False,
ucf101,val,v_PoleVault_g05_c04,data/UCF101_data/UCF-101/PoleVault/v_PoleVault_g05_c04.avi,67,8,100,4,67,True,True,0.9790634512901306,0.015151716768741608,0.0040161633369280025,1.2002793750725687,267,8,8,8,False,
ucf101,val,v_PoleVault_g06_c01,data/UCF101_data/UCF-101/PoleVault/v_PoleVault_g06_c01.avi,67,8,100,4,67,True,True,0.9834344387054443,0.014288146048784256,0.0040161633369280025,1.184117475990206,129,8,8,8,False,
ucf101,val,v_PoleVault_g02_c04,data/UCF101_data/UCF-101/PoleVault/v_PoleVault_g02_c04.avi,67,8,100,4,67,True,True,0.9824128150939941,0.014188714325428009,0.0040161633369280025,1.1688394788652658,101,8,8,8,False,
ucf101,val,v_PoleVault_g04_c07,data/UCF101_data/UCF-101/PoleVault/v_PoleVault_g04_c07.avi,67,8,100,4,67,True,True,0.9781447052955627,0.014907381031662226,0.0040161633369280025,1.1536759650334716,203,8,8,8,False,
ucf101,val,v_PoleVault_g02_c01,data/UCF101_data/UCF-101/PoleVault/v_PoleVault_g02_c01.avi,67,8,100,4,67,True,True,0.9839676022529602,0.014650506898760796,0.0040161633369280025,1.137758827302605,118,8,8,8,False,
ucf101,val,v_PoleVault_g01_c04,data/UCF101_data/UCF-101/PoleVault/v_PoleVault_g01_c04.avi,67,8,100,4,67,True,True,0.9833354949951172,0.01431328896433115,0.0040161633369280025,1.1221175780519843,201,8,8,8,False,
ucf101,val,v_PoleVault_g06_c04,data/UCF101_data/UCF-101/PoleVault/v_PoleVault_g06_c04.avi,67,8,100,4,67,True,True,0.9843522906303406,0.014978860039263964,0.0040161633369280025,1.106542362831533,278,8,8,8,False,
ucf101,val,v_PoleVault_g06_c02,data/UCF101_data/UCF-101/PoleVault/v_PoleVault_g06_c02.avi,67,8,100,4,67,True,True,0.9847331643104553,0.014369566924870014,0.0040161633369280025,1.0906131058000028,154,8,8,8,False,
ucf101,val,v_PoleVault_g05_c03,data/UCF101_data/UCF-101/PoleVault/v_PoleVault_g05_c03.avi,67,8,100,4,67,True,True,0.9872431755065918,0.015578054822981358,0.0040161633369280025,1.0752799292095006,201,8,8,8,False,
ucf101,val,v_PommelHorse_g01_c01,data/UCF101_data/UCF-101/PommelHorse/v_PommelHorse_g01_c01.avi,68,8,100,4,68,True,True,0.7424191236495972,0.016709075774997473,0.0040161633369280025,1.0586835979484022,396,8,8,8,False,
ucf101,val,v_PommelHorse_g05_c03,data/UCF101_data/UCF-101/PommelHorse/v_PommelHorse_g05_c03.avi,68,8,100,4,68,True,True,0.9752684831619263,0.07293632021173835,0.0040161633369280025,1.0412346487864852,247,8,8,8,False,
ucf101,val,v_PommelHorse_g04_c01,data/UCF101_data/UCF-101/PommelHorse/v_PommelHorse_g04_c01.avi,68,8,100,4,16,False,True,0.5396547317504883,0.0175090990960598,0.0040161633369280025,0.9656077311374247,298,8,8,8,False,
ucf101,val,v_PommelHorse_g05_c01,data/UCF101_data/UCF-101/PommelHorse/v_PommelHorse_g05_c01.avi,68,8,100,4,68,True,True,0.9770514369010925,0.07018556213006377,0.0040161633369280025,0.9466683850623667,243,8,8,8,False,
ucf101,val,v_PommelHorse_g07_c07,data/UCF101_data/UCF-101/PommelHorse/v_PommelHorse_g07_c07.avi,68,8,100,4,4,False,True,0.7572198510169983,0.019898371770977974,0.0040161633369280025,0.8739089877344668,632,8,8,8,False,
ucf101,val,v_PommelHorse_g01_c06,data/UCF101_data/UCF-101/PommelHorse/v_PommelHorse_g01_c06.avi,68,8,100,4,68,True,True,0.8936564326286316,0.015645240899175406,0.0040161633369280025,0.8532303012907505,308,8,8,8,False,
ucf101,val,v_PommelHorse_g02_c02,data/UCF101_data/UCF-101/PommelHorse/v_PommelHorse_g02_c02.avi,68,8,100,4,68,True,True,0.9820029735565186,0.016597174108028412,0.0040161633369280025,0.8368588769808412,312,8,8,8,False,
ucf101,val,v_PommelHorse_g01_c02,data/UCF101_data/UCF-101/PommelHorse/v_PommelHorse_g01_c02.avi,68,8,100,4,68,True,True,0.7043249607086182,0.01819744287058711,0.0040161633369280025,0.8194678220897913,401,8,8,8,False,
ucf101,val,v_PommelHorse_g01_c05,data/UCF101_data/UCF-101/PommelHorse/v_PommelHorse_g01_c05.avi,68,8,100,4,68,True,True,0.6866304874420166,0.015765236224979162,0.0040161633369280025,0.8001053449697793,305,8,8,8,False,
ucf101,val,v_PommelHorse_g05_c04,data/UCF101_data/UCF-101/PommelHorse/v_PommelHorse_g05_c04.avi,68,8,100,4,68,True,True,0.9759031534194946,0.0847040107473731,0.0040161633369280025,0.7833331162109971,294,8,8,8,False,
ucf101,val,v_PommelHorse_g03_c03,data/UCF101_data/UCF-101/PommelHorse/v_PommelHorse_g03_c03.avi,68,8,100,4,68,True,True,0.9750536680221558,0.06911983015015721,0.0040161633369280025,0.6959462938830256,251,8,8,8,False,
ucf101,val,v_PommelHorse_g04_c02,data/UCF101_data/UCF-101/PommelHorse/v_PommelHorse_g04_c02.avi,68,8,100,4,16,False,True,0.6574030518531799,0.01707783993333578,0.0040161633369280025,0.6223912676796317,298,8,8,8,False,
ucf101,val,v_PommelHorse_g01_c04,data/UCF101_data/UCF-101/PommelHorse/v_PommelHorse_g01_c04.avi,68,8,100,4,68,True,True,0.5738474130630493,0.016083932016044855,0.0040161633369280025,0.6041997419670224,357,8,8,8,False,
ucf101,val,v_PommelHorse_g01_c03,data/UCF101_data/UCF-101/PommelHorse/v_PommelHorse_g01_c03.avi,68,8,100,4,68,True,True,0.4599914252758026,0.01550636300817132,0.0040161633369280025,0.5868796030990779,374,8,8,8,False,
ucf101,val,v_PommelHorse_g07_c05,data/UCF101_data/UCF-101/PommelHorse/v_PommelHorse_g07_c05.avi,68,8,100,4,68,True,True,0.584723949432373,0.015841223765164614,0.0040161633369280025,0.5703899702057242,387,8,8,8,False,
ucf101,val,v_PommelHorse_g03_c04,data/UCF101_data/UCF-101/PommelHorse/v_PommelHorse_g03_c04.avi,68,8,100,4,68,True,True,0.9744102358818054,0.0681321769952774,0.0040161633369280025,0.5534692229703069,239,8,8,8,False,
ucf101,val,v_PommelHorse_g03_c01,data/UCF101_data/UCF-101/PommelHorse/v_PommelHorse_g03_c01.avi,68,8,100,4,68,True,True,0.9740616083145142,0.07080790819600224,0.003435752965742722,1.0161060448735952,231,8,8,8,False,
ucf101,val,v_PommelHorse_g06_c02,data/UCF101_data/UCF-101/PommelHorse/v_PommelHorse_g06_c02.avi,68,8,100,4,68,True,True,0.9774129986763,0.016389525029808283,0.003435752965742722,0.9429931449703872,298,8,8,8,False,
ucf101,val,v_PommelHorse_g07_c06,data/UCF101_data/UCF-101/PommelHorse/v_PommelHorse_g07_c06.avi,68,8,100,4,68,True,True,0.7243828773498535,0.018751229625195265,0.003435752965742722,0.9255946082994342,670,8,8,8,False,
ucf101,val,v_PommelHorse_g04_c05,data/UCF101_data/UCF-101/PommelHorse/v_PommelHorse_g04_c05.avi,68,8,100,4,68,True,True,0.47834014892578125,0.01588406413793564,0.003435752965742722,0.9055530168116093,398,8,8,8,False,
ucf101,val,v_PullUps_g05_c01,data/UCF101_data/UCF-101/PullUps/v_PullUps_g05_c01.avi,69,8,100,4,69,True,True,0.9677041172981262,0.01441901084035635,0.003435752965742722,0.8886211309581995,174,8,8,8,False,
ucf101,val,v_PullUps_g02_c04,data/UCF101_data/UCF-101/PullUps/v_PullUps_g02_c04.avi,69,8,100,4,69,True,True,0.938631534576416,0.014773875940591097,0.003435752965742722,0.8732911478728056,178,8,8,8,False,
ucf101,val,v_PullUps_g05_c04,data/UCF101_data/UCF-101/PullUps/v_PullUps_g05_c04.avi,69,8,100,4,74,False,True,0.7453596591949463,0.014727221801877022,0.003435752965742722,0.8575616837479174,144,8,8,8,False,
ucf101,val,v_PullUps_g01_c02,data/UCF101_data/UCF-101/PullUps/v_PullUps_g01_c02.avi,69,8,100,4,74,False,False,0.5927663445472717,0.01440522912889719,0.003435752965742722,0.8419171352870762,138,8,8,8,False,
ucf101,val,v_PullUps_g06_c04,data/UCF101_data/UCF-101/PullUps/v_PullUps_g06_c04.avi,69,8,100,4,69,True,True,0.8616272211074829,0.012361424043774605,0.003435752965742722,0.8265554429963231,170,8,8,8,False,
ucf101,val,v_PullUps_g06_c02,data/UCF101_data/UCF-101/PullUps/v_PullUps_g06_c02.avi,69,8,100,4,69,True,True,0.8604877591133118,0.012050864286720753,0.003435752965742722,0.8132053334265947,87,8,8,8,False,
ucf101,val,v_PullUps_g07_c04,data/UCF101_data/UCF-101/PullUps/v_PullUps_g07_c04.avi,69,8,100,4,69,True,True,0.9426108598709106,0.014319888316094875,0.003435752965742722,0.8004735242575407,93,8,8,8,False,
ucf101,val,v_PullUps_g03_c02,data/UCF101_data/UCF-101/PullUps/v_PullUps_g03_c02.avi,69,8,100,4,69,True,True,0.9731897115707397,0.014966236893087626,0.003435752965742722,0.785158134996891,208,8,8,8,False,
ucf101,val,v_PullUps_g04_c03,data/UCF101_data/UCF-101/PullUps/v_PullUps_g04_c03.avi,69,8,100,4,69,True,True,0.9634503722190857,0.014530196785926819,0.003435752965742722,0.7694825436919928,154,8,8,8,False,
ucf101,val,v_PullUps_g01_c01,data/UCF101_data/UCF-101/PullUps/v_PullUps_g01_c01.avi,69,8,100,4,74,False,False,0.19284899532794952,0.014517042320221663,0.003435752965742722,0.7539927721954882,167,8,8,8,False,
ucf101,val,v_PullUps_g07_c01,data/UCF101_data/UCF-101/PullUps/v_PullUps_g07_c01.avi,69,8,100,4,69,True,True,0.9328249096870422,0.01366485795006156,0.003435752965742722,0.7384263598360121,98,8,8,8,False,
ucf101,val,v_PullUps_g04_c04,data/UCF101_data/UCF-101/PullUps/v_PullUps_g04_c04.avi,69,8,100,4,69,True,True,0.9574623107910156,0.01427275501191616,0.003435752965742722,0.7238978142850101,138,8,8,8,False,
ucf101,val,v_PullUps_g04_c01,data/UCF101_data/UCF-101/PullUps/v_PullUps_g04_c01.avi,69,8,100,4,69,True,True,0.9486664533615112,0.014191180933266878,0.003435752965742722,0.7086450010538101,141,8,8,8,False,
ucf101,val,v_PullUps_g02_c03,data/UCF101_data/UCF-101/PullUps/v_PullUps_g02_c03.avi,69,8,100,4,69,True,True,0.8781006336212158,0.014084374066442251,0.003435752965742722,0.693473044782877,131,8,8,8,False,
ucf101,val,v_PullUps_g03_c03,data/UCF101_data/UCF-101/PullUps/v_PullUps_g03_c03.avi,69,8,100,4,69,True,True,0.9744198322296143,0.015507664997130632,0.003435752965742722,0.6784192412160337,203,8,8,8,False,
ucf101,val,v_PullUps_g05_c02,data/UCF101_data/UCF-101/PullUps/v_PullUps_g05_c02.avi,69,8,100,4,69,True,True,0.9744029641151428,0.014079098124057055,0.003435752965742722,0.6617317968048155,121,8,8,8,False,
ucf101,val,v_PullUps_g07_c03,data/UCF101_data/UCF-101/PullUps/v_PullUps_g07_c03.avi,69,8,100,4,69,True,True,0.9490379095077515,0.013801257126033306,0.003435752965742722,0.6467230869457126,93,8,8,8,False,
ucf101,val,v_PullUps_g03_c04,data/UCF101_data/UCF-101/PullUps/v_PullUps_g03_c04.avi,69,8,100,4,69,True,True,0.9718397855758667,0.01516291219741106,0.003435752965742722,0.631709068082273,249,8,8,8,False,
ucf101,val,v_PullUps_g06_c03,data/UCF101_data/UCF-101/PullUps/v_PullUps_g06_c03.avi,69,8,100,4,74,False,True,0.5938986539840698,0.01371671399101615,0.003435752965742722,0.6156656621024013,98,8,8,8,False,
ucf101,val,v_PullUps_g06_c01,data/UCF101_data/UCF-101/PullUps/v_PullUps_g06_c01.avi,69,8,100,4,69,True,True,0.6264919638633728,0.013283269945532084,0.003435752965742722,0.601042146794498,84,8,8,8,False,
ucf101,val,v_Punch_g05_c03,data/UCF101_data/UCF-101/Punch/v_Punch_g05_c03.avi,70,8,100,4,70,True,True,0.9895941019058228,0.0158465257845819,0.003435752965742722,0.58704888029024,300,8,8,8,False,
ucf101,val,v_Punch_g03_c01,data/UCF101_data/UCF-101/Punch/v_Punch_g03_c01.avi,70,8,100,4,70,True,True,0.9871410131454468,0.014375630300492048,0.003435752965742722,0.5703571769408882,108,8,8,8,False,
ucf101,val,v_Punch_g01_c05,data/UCF101_data/UCF-101/Punch/v_Punch_g01_c05.avi,70,8,100,4,70,True,True,0.9850422739982605,0.0132241640239954,0.003435752965742722,0.5553025449626148,71,8,8,8,False,
ucf101,val,v_Punch_g02_c04,data/UCF101_data/UCF-101/Punch/v_Punch_g02_c04.avi,70,8,100,4,70,True,True,0.6008469462394714,0.010944093111902475,0.003435752965742722,0.5410933550447226,55,8,8,8,False,
ucf101,val,v_Punch_g04_c05,data/UCF101_data/UCF-101/Punch/v_Punch_g04_c05.avi,70,8,100,4,70,True,True,0.9892736077308655,0.015479895286262035,0.003435752965742722,0.5291222319938242,198,8,8,8,False,
ucf101,val,v_Punch_g07_c07,data/UCF101_data/UCF-101/Punch/v_Punch_g07_c07.avi,70,8,100,4,70,True,True,0.9834660291671753,0.015362797304987907,0.003435752965742722,0.5126559478230774,300,8,8,8,False,
ucf101,val,v_Punch_g05_c07,data/UCF101_data/UCF-101/Punch/v_Punch_g05_c07.avi,70,8,100,4,70,True,True,0.9904881119728088,0.015897864941507578,0.003435752965742722,0.4965946339070797,300,8,8,8,False,
ucf101,val,v_Punch_g05_c01,data/UCF101_data/UCF-101/Punch/v_Punch_g05_c01.avi,70,8,100,4,70,True,True,0.9855403304100037,0.015766624361276627,0.003435752965742722,0.4799653831869364,300,8,8,8,False,
ucf101,val,v_Punch_g04_c02,data/UCF101_data/UCF-101/Punch/v_Punch_g04_c02.avi,70,8,100,4,70,True,True,0.9881147146224976,0.035258997697383165,0.003946847064071335,0.9726907117292285,300,8,8,8,False,
ucf101,val,v_Punch_g04_c04,data/UCF101_data/UCF-101/Punch/v_Punch_g04_c04.avi,70,8,100,4,70,True,True,0.9866878390312195,0.01573648815974593,0.003946847064071335,0.9358481001108885,300,8,8,8,False,
ucf101,val,v_Punch_g05_c02,data/UCF101_data/UCF-101/Punch/v_Punch_g05_c02.avi,70,8,100,4,70,True,True,0.9889447093009949,0.015865199733525515,0.003946847064071335,0.9191747521981597,300,8,8,8,False,
ucf101,val,v_Punch_g04_c01,data/UCF101_data/UCF-101/Punch/v_Punch_g04_c01.avi,70,8,100,4,70,True,True,0.9891517162322998,0.014731779228895903,0.003946847064071335,0.902464808896184,155,8,8,8,False,
ucf101,val,v_Punch_g01_c04,data/UCF101_data/UCF-101/Punch/v_Punch_g01_c04.avi,70,8,100,4,70,True,True,0.9812233448028564,0.013754806946963072,0.003946847064071335,0.8867693948559463,101,8,8,8,False,
ucf101,val,v_Punch_g06_c01,data/UCF101_data/UCF-101/Punch/v_Punch_g06_c01.avi,70,8,100,4,70,True,True,0.9877806901931763,0.015213752165436745,0.003946847064071335,0.8719820617698133,300,8,8,8,False,
ucf101,val,v_Punch_g05_c05,data/UCF101_data/UCF-101/Punch/v_Punch_g05_c05.avi,70,8,100,4,70,True,True,0.9882668852806091,0.015059798024594784,0.003946847064071335,0.8560659270733595,300,8,8,8,False,
ucf101,val,v_Punch_g06_c02,data/UCF101_data/UCF-101/Punch/v_Punch_g06_c02.avi,70,8,100,4,70,True,True,0.9868376851081848,0.015210398007184267,0.003946847064071335,0.8402870688587427,300,8,8,8,False,
ucf101,val,v_Punch_g07_c02,data/UCF101_data/UCF-101/Punch/v_Punch_g07_c02.avi,70,8,100,4,70,True,True,0.9887063503265381,0.015151957049965858,0.003946847064071335,0.8243540921248496,292,8,8,8,False,
ucf101,val,v_Punch_g07_c01,data/UCF101_data/UCF-101/Punch/v_Punch_g07_c01.avi,70,8,100,4,70,True,True,0.9900694489479065,0.015609800815582275,0.003946847064071335,0.8081520781852305,300,8,8,8,False,
ucf101,val,v_Punch_g07_c03,data/UCF101_data/UCF-101/Punch/v_Punch_g07_c03.avi,70,8,100,4,70,True,True,0.9875839352607727,0.01596563821658492,0.003946847064071335,0.7918037981726229,300,8,8,8,False,
ucf101,val,v_Punch_g02_c02,data/UCF101_data/UCF-101/Punch/v_Punch_g02_c02.avi,70,8,100,4,16,False,False,0.8062692880630493,0.014299812726676464,0.003946847064071335,0.7750809346325696,110,8,8,8,False,
ucf101,val,v_PushUps_g04_c01,data/UCF101_data/UCF-101/PushUps/v_PushUps_g04_c01.avi,71,8,100,4,71,True,True,0.975281298160553,0.01395033486187458,0.003946847064071335,0.759866036940366,91,8,8,8,False,
ucf101,val,v_PushUps_g04_c02,data/UCF101_data/UCF-101/PushUps/v_PushUps_g04_c02.avi,71,8,100,4,71,True,True,0.9706594944000244,0.013985553290694952,0.003946847064071335,0.7450756998732686,97,8,8,8,False,
ucf101,val,v_PushUps_g02_c03,data/UCF101_data/UCF-101/PushUps/v_PushUps_g02_c03.avi,71,8,100,4,71,True,True,0.9732534885406494,0.013900387100875378,0.003946847064071335,0.730187997687608,79,8,8,8,False,
ucf101,val,v_PushUps_g07_c04,data/UCF101_data/UCF-101/PushUps/v_PushUps_g07_c04.avi,71,8,100,4,71,True,True,0.5865128636360168,0.013339488301426172,0.003946847064071335,0.7150449361652136,77,8,8,8,False,
ucf101,val,v_PushUps_g03_c02,data/UCF101_data/UCF-101/PushUps/v_PushUps_g03_c02.avi,71,8,100,4,71,True,True,0.9622802734375,0.01177217811346054,0.003946847064071335,0.700597754213959,63,8,8,8,False,
ucf101,val,v_PushUps_g07_c03,data/UCF101_data/UCF-101/PushUps/v_PushUps_g07_c03.avi,71,8,100,4,71,True,True,0.9175398349761963,0.013236891943961382,0.003946847064071335,0.6880031749606133,78,8,8,8,False,
ucf101,val,v_PushUps_g03_c04,data/UCF101_data/UCF-101/PushUps/v_PushUps_g03_c04.avi,71,8,100,4,71,True,True,0.9430102705955505,0.012417676858603954,0.003946847064071335,0.673864854965359,72,8,8,8,False,
ucf101,val,v_PushUps_g07_c01,data/UCF101_data/UCF-101/PushUps/v_PushUps_g07_c01.avi,71,8,100,4,71,True,True,0.9587210416793823,0.012468317057937384,0.003946847064071335,0.6607579211704433,74,8,8,8,False,
ucf101,val,v_PushUps_g01_c04,data/UCF101_data/UCF-101/PushUps/v_PushUps_g01_c04.avi,71,8,100,4,71,True,True,0.239691823720932,0.014532658737152815,0.003946847064071335,0.6474241330288351,104,8,8,8,False,
ucf101,val,v_PushUps_g06_c04,data/UCF101_data/UCF-101/PushUps/v_PushUps_g06_c04.avi,71,8,100,4,24,False,False,0.5305766463279724,0.012305120937526226,0.003946847064071335,0.6322089312598109,68,8,8,8,False,
ucf101,val,v_PushUps_g06_c01,data/UCF101_data/UCF-101/PushUps/v_PushUps_g06_c01.avi,71,8,100,4,34,False,False,0.32112428545951843,0.011620320845395327,0.003946847064071335,0.6191573198884726,85,8,8,8,False,
ucf101,val,v_PushUps_g05_c03,data/UCF101_data/UCF-101/PushUps/v_PushUps_g05_c03.avi,71,8,100,4,71,True,True,0.93153315782547,0.015465666074305773,0.003946847064071335,0.6066418727859855,150,8,8,8,False,
ucf101,val,v_PushUps_g02_c04,data/UCF101_data/UCF-101/PushUps/v_PushUps_g02_c04.avi,71,8,100,4,71,True,True,0.9722979068756104,0.013015574775636196,0.003946847064071335,0.5899670929647982,84,8,8,8,False,
ucf101,val,v_PushUps_g03_c03,data/UCF101_data/UCF-101/PushUps/v_PushUps_g03_c03.avi,71,8,100,4,71,True,True,0.9497315287590027,0.01184274721890688,0.003946847064071335,0.5762532581575215,63,8,8,8,False,
ucf101,val,v_PushUps_g01_c05,data/UCF101_data/UCF-101/PushUps/v_PushUps_g01_c05.avi,71,8,100,4,71,True,True,0.9464470148086548,0.01159238163381815,0.003946847064071335,0.5635701948776841,63,8,8,8,False,
ucf101,val,v_PushUps_g05_c01,data/UCF101_data/UCF-101/PushUps/v_PushUps_g05_c01.avi,71,8,100,4,71,True,True,0.9741730690002441,0.01665052818134427,0.003946847064071335,0.5511018470861018,150,8,8,8,False,
ucf101,val,v_PushUps_g07_c02,data/UCF101_data/UCF-101/PushUps/v_PushUps_g07_c02.avi,71,8,100,4,71,True,True,0.9470152258872986,0.013626673724502325,0.003946847064071335,0.5334433480165899,77,8,8,8,False,
ucf101,val,v_PushUps_g01_c02,data/UCF101_data/UCF-101/PushUps/v_PushUps_g01_c02.avi,71,8,100,4,71,True,True,0.8773654103279114,0.01049594720825553,0.003946847064071335,0.5188602837733924,53,8,8,8,False,
ucf101,val,v_PushUps_g06_c02,data/UCF101_data/UCF-101/PushUps/v_PushUps_g06_c02.avi,71,8,100,4,34,False,False,0.18868908286094666,0.012652431149035692,0.003946847064071335,0.507545368745923,81,8,8,8,False,
ucf101,val,v_PushUps_g04_c04,data/UCF101_data/UCF-101/PushUps/v_PushUps_g04_c04.avi,71,8,100,4,71,True,True,0.9192422032356262,0.014485126826912165,0.003946847064071335,0.49405578430742025,130,8,8,8,False,
ucf101,val,v_Rafting_g01_c03,data/UCF101_data/UCF-101/Rafting/v_Rafting_g01_c03.avi,72,8,100,4,72,True,True,0.9813380241394043,0.059928773902356625,0.0039510422211606055,1.2055372158065438,248,8,8,8,False,
ucf101,val,v_Rafting_g04_c02,data/UCF101_data/UCF-101/Rafting/v_Rafting_g04_c02.avi,72,8,100,4,72,True,True,0.9856055378913879,0.018404038157314062,0.0039510422211606055,1.1431782972067595,270,8,8,8,False,
ucf101,val,v_Rafting_g01_c04,data/UCF101_data/UCF-101/Rafting/v_Rafting_g01_c04.avi,72,8,100,4,72,True,True,0.975397527217865,0.016879966016858816,0.0039510422211606055,1.123033955693245,255,8,8,8,False,
ucf101,val,v_Rafting_g06_c04,data/UCF101_data/UCF-101/Rafting/v_Rafting_g06_c04.avi,72,8,100,4,72,True,True,0.9784133434295654,0.04776250710710883,0.0039510422211606055,1.1046421048231423,128,8,8,8,False,
ucf101,val,v_Rafting_g07_c01,data/UCF101_data/UCF-101/Rafting/v_Rafting_g07_c01.avi,72,8,100,4,72,True,True,0.9803973436355591,0.016455610282719135,0.0039510422211606055,1.0544909313321114,236,8,8,8,False,
ucf101,val,v_Rafting_g03_c04,data/UCF101_data/UCF-101/Rafting/v_Rafting_g03_c04.avi,72,8,100,4,72,True,True,0.9774050116539001,0.010478700045496225,0.0039510422211606055,1.0366930761374533,118,8,8,8,False,
ucf101,val,v_Rafting_g02_c01,data/UCF101_data/UCF-101/Rafting/v_Rafting_g02_c01.avi,72,8,100,4,72,True,True,0.8064357042312622,0.027236266061663628,0.0039510422211606055,1.025076231919229,240,8,8,8,False,
ucf101,val,v_Rafting_g05_c02,data/UCF101_data/UCF-101/Rafting/v_Rafting_g05_c02.avi,72,8,100,4,72,True,True,0.9797565340995789,0.011446534190326929,0.0039510422211606055,0.9948980561457574,124,8,8,8,False,
ucf101,val,v_Rafting_g01_c02,data/UCF101_data/UCF-101/Rafting/v_Rafting_g01_c02.avi,72,8,100,4,72,True,True,0.9698333144187927,0.014435722026973963,0.0039510422211606055,0.9825917002744973,213,8,8,8,False,
ucf101,val,v_Rafting_g05_c03,data/UCF101_data/UCF-101/Rafting/v_Rafting_g05_c03.avi,72,8,100,4,72,True,True,0.9633021950721741,0.03695801319554448,0.0039510422211606055,0.9665888980962336,108,8,8,8,False,
ucf101,val,v_Rafting_g06_c01,data/UCF101_data/UCF-101/Rafting/v_Rafting_g06_c01.avi,72,8,100,4,72,True,True,0.9783468246459961,0.01704630209133029,0.0039510422211606055,0.9260764550417662,253,8,8,8,False,
ucf101,val,v_Rafting_g03_c03,data/UCF101_data/UCF-101/Rafting/v_Rafting_g03_c03.avi,72,8,100,4,72,True,True,0.9831289649009705,0.010957434307783842,0.0039510422211606055,0.9065061532892287,112,8,8,8,False,
ucf101,val,v_Rafting_g07_c02,data/UCF101_data/UCF-101/Rafting/v_Rafting_g07_c02.avi,72,8,100,4,72,True,True,0.9765510559082031,0.015443614218384027,0.0039510422211606055,0.8946205289103091,245,8,8,8,False,
ucf101,val,v_Rafting_g02_c03,data/UCF101_data/UCF-101/Rafting/v_Rafting_g02_c03.avi,72,8,100,4,48,False,True,0.4426594078540802,0.014747215900570154,0.0039510422211606055,0.8773359921760857,233,8,8,8,False,
ucf101,val,v_Rafting_g02_c02,data/UCF101_data/UCF-101/Rafting/v_Rafting_g02_c02.avi,72,8,100,4,48,False,True,0.654079794883728,0.015449984930455685,0.0039510422211606055,0.8609292027540505,251,8,8,8,False,
ucf101,val,v_Rafting_g05_c01,data/UCF101_data/UCF-101/Rafting/v_Rafting_g05_c01.avi,72,8,100,4,72,True,True,0.9791391491889954,0.033698693849146366,0.0039510422211606055,0.8436790825799108,101,8,8,8,False,
ucf101,val,v_Rafting_g04_c03,data/UCF101_data/UCF-101/Rafting/v_Rafting_g04_c03.avi,72,8,100,4,72,True,True,0.982975423336029,0.045147430151700974,0.0039510422211606055,0.8075021873228252,144,8,8,8,False,
ucf101,val,v_Rafting_g01_c01,data/UCF101_data/UCF-101/Rafting/v_Rafting_g01_c01.avi,72,8,100,4,72,True,True,0.9817513823509216,0.01656573312357068,0.0039510422211606055,0.7598825921304524,233,8,8,8,False,
ucf101,val,v_Rafting_g06_c02,data/UCF101_data/UCF-101/Rafting/v_Rafting_g06_c02.avi,72,8,100,4,72,True,True,0.9746949672698975,0.04282693192362785,0.0039510422211606055,0.7413768079131842,105,8,8,8,False,
ucf101,val,v_Rafting_g03_c02,data/UCF101_data/UCF-101/Rafting/v_Rafting_g03_c02.avi,72,8,100,4,72,True,True,0.9699820876121521,0.011706411838531494,0.0039510422211606055,0.6958864722400904,118,8,8,8,False,
ucf101,val,v_RockClimbingIndoor_g05_c02,data/UCF101_data/UCF-101/RockClimbingIndoor/v_RockClimbingIndoor_g05_c02.avi,73,8,100,4,74,False,True,0.9567445516586304,0.016169316601008177,0.0039510422211606055,0.6830762322060764,344,8,8,8,False,
ucf101,val,v_RockClimbingIndoor_g02_c02,data/UCF101_data/UCF-101/RockClimbingIndoor/v_RockClimbingIndoor_g02_c02.avi,73,8,100,4,73,True,True,0.983866810798645,0.016034395899623632,0.0039510422211606055,0.6657823878340423,354,8,8,8,False,
ucf101,val,v_RockClimbingIndoor_g07_c03,data/UCF101_data/UCF-101/RockClimbingIndoor/v_RockClimbingIndoor_g07_c03.avi,73,8,100,4,73,True,True,0.9857902526855469,0.01639000279828906,0.0039510422211606055,0.6487837620079517,458,8,8,8,False,
ucf101,val,v_RockClimbingIndoor_g06_c06,data/UCF101_data/UCF-101/RockClimbingIndoor/v_RockClimbingIndoor_g06_c06.avi,73,8,100,4,73,True,True,0.9853717684745789,0.016080635134130716,0.0039510422211606055,0.6312419879250228,502,8,8,8,False,
ucf101,val,v_RockClimbingIndoor_g03_c04,data/UCF101_data/UCF-101/RockClimbingIndoor/v_RockClimbingIndoor_g03_c04.avi,73,8,100,4,73,True,True,0.9848665595054626,0.01564094517379999,0.0039510422211606055,0.6142209069803357,300,8,8,8,False,
ucf101,val,v_RockClimbingIndoor_g02_c05,data/UCF101_data/UCF-101/RockClimbingIndoor/v_RockClimbingIndoor_g02_c05.avi,73,8,100,4,73,True,True,0.9853826761245728,0.01694805035367608,0.0039510422211606055,0.5978720490820706,310,8,8,8,False,
ucf101,val,v_RockClimbingIndoor_g06_c04,data/UCF101_data/UCF-101/RockClimbingIndoor/v_RockClimbingIndoor_g06_c04.avi,73,8,100,4,73,True,True,0.9848616123199463,0.015494306106120348,0.0039510422211606055,0.5800496921874583,313,8,8,8,False,
ucf101,val,v_RockClimbingIndoor_g03_c05,data/UCF101_data/UCF-101/RockClimbingIndoor/v_RockClimbingIndoor_g03_c05.avi,73,8,100,4,73,True,True,0.9839242100715637,0.015154351945966482,0.0039510422211606055,0.5633660778403282,293,8,8,8,False,
ucf101,val,v_RockClimbingIndoor_g07_c06,data/UCF101_data/UCF-101/RockClimbingIndoor/v_RockClimbingIndoor_g07_c06.avi,73,8,100,4,73,True,True,0.9836306571960449,0.016277344897389412,0.0039510422211606055,0.547225289978087,411,8,8,8,False,
ucf101,val,v_RockClimbingIndoor_g07_c07,data/UCF101_data/UCF-101/RockClimbingIndoor/v_RockClimbingIndoor_g07_c07.avi,73,8,100,4,73,True,True,0.983792781829834,0.016299914103001356,0.0039510422211606055,0.5300279399380088,428,8,8,8,False,
ucf101,val,v_RockClimbingIndoor_g06_c01,data/UCF101_data/UCF-101/RockClimbingIndoor/v_RockClimbingIndoor_g06_c01.avi,73,8,100,4,73,True,True,0.9570094347000122,0.015868427697569132,0.0039510422211606055,0.5130226709879935,312,8,8,8,False,
ucf101,val,v_RockClimbingIndoor_g04_c01,data/UCF101_data/UCF-101/RockClimbingIndoor/v_RockClimbingIndoor_g04_c01.avi,73,8,100,4,73,True,True,0.9858970046043396,0.01664965506643057,0.0039510422211606055,0.49642628291621804,844,8,8,8,False,
ucf101,val,v_RockClimbingIndoor_g03_c02,data/UCF101_data/UCF-101/RockClimbingIndoor/v_RockClimbingIndoor_g03_c02.avi,73,8,100,4,73,True,True,0.9768139719963074,0.034993159119039774,0.0039527114713564515,1.0161722302436829,298,8,8,8,False,
ucf101,val,v_RockClimbingIndoor_g01_c04,data/UCF101_data/UCF-101/RockClimbingIndoor/v_RockClimbingIndoor_g01_c04.avi,73,8,100,4,73,True,True,0.9780281186103821,0.018462809268385172,0.0039527114713564515,0.9796164711005986,544,8,8,8,False,
ucf101,val,v_RockClimbingIndoor_g05_c04,data/UCF101_data/UCF-101/RockClimbingIndoor/v_RockClimbingIndoor_g05_c04.avi,73,8,100,4,73,True,True,0.9825312495231628,0.016532029025256634,0.0039527114713564515,0.9602870312519372,382,8,8,8,False,
ucf101,val,v_RockClimbingIndoor_g02_c04,data/UCF101_data/UCF-101/RockClimbingIndoor/v_RockClimbingIndoor_g02_c04.avi,73,8,100,4,73,True,True,0.9830375909805298,0.015152296051383018,0.0039527114713564515,0.9427466113120317,290,8,8,8,False,
ucf101,val,v_RockClimbingIndoor_g04_c02,data/UCF101_data/UCF-101/RockClimbingIndoor/v_RockClimbingIndoor_g04_c02.avi,73,8,100,4,73,True,True,0.9840258955955505,0.01773301186040044,0.0039527114713564515,0.9266496463678777,814,8,8,8,False,
ucf101,val,v_RockClimbingIndoor_g02_c03,data/UCF101_data/UCF-101/RockClimbingIndoor/v_RockClimbingIndoor_g02_c03.avi,73,8,100,4,73,True,True,0.9818681478500366,0.015328515321016312,0.0039527114713564515,0.9076859410852194,300,8,8,8,False,
ucf101,val,v_RockClimbingIndoor_g07_c05,data/UCF101_data/UCF-101/RockClimbingIndoor/v_RockClimbingIndoor_g07_c05.avi,73,8,100,4,73,True,True,0.986842691898346,0.016030531376600266,0.0039527114713564515,0.8916343008168042,442,8,8,8,False,
ucf101,val,v_RockClimbingIndoor_g06_c03,data/UCF101_data/UCF-101/RockClimbingIndoor/v_RockClimbingIndoor_g06_c03.avi,73,8,100,4,73,True,True,0.9862252473831177,0.015562399290502071,0.0039527114713564515,0.8745794841088355,312,8,8,8,False,
ucf101,val,v_RopeClimbing_g01_c02,data/UCF101_data/UCF-101/RopeClimbing/v_RopeClimbing_g01_c02.avi,74,8,100,4,74,True,True,0.8973916172981262,0.012768284883350134,0.0039527114713564515,0.8583167400211096,170,8,8,8,False,
ucf101,val,v_RopeClimbing_g04_c04,data/UCF101_data/UCF-101/RopeClimbing/v_RopeClimbing_g04_c04.avi,74,8,100,4,74,True,True,0.9701981544494629,0.014675917103886604,0.0039527114713564515,0.8446230352856219,155,8,8,8,False,
ucf101,val,v_RopeClimbing_g07_c05,data/UCF101_data/UCF-101/RopeClimbing/v_RopeClimbing_g07_c05.avi,74,8,100,4,74,True,True,0.8601044416427612,0.014411856885999441,0.0039527114713564515,0.8290299219079316,195,8,8,8,False,
ucf101,val,v_RopeClimbing_g02_c02,data/UCF101_data/UCF-101/RopeClimbing/v_RopeClimbing_g02_c02.avi,74,8,100,4,74,True,True,0.9754552841186523,0.014937541913241148,0.0039527114713564515,0.8136405106633902,151,8,8,8,False,
ucf101,val,v_RopeClimbing_g02_c05,data/UCF101_data/UCF-101/RopeClimbing/v_RopeClimbing_g02_c05.avi,74,8,100,4,74,True,True,0.9721716642379761,0.014751307666301727,0.0039527114713564515,0.7974730343557894,154,8,8,8,False,
ucf101,val,v_RopeClimbing_g05_c05,data/UCF101_data/UCF-101/RopeClimbing/v_RopeClimbing_g05_c05.avi,74,8,100,4,74,True,True,0.9527668356895447,0.014152056071907282,0.0039527114713564515,0.7817735448479652,175,8,8,8,False,
ucf101,val,v_RopeClimbing_g05_c07,data/UCF101_data/UCF-101/RopeClimbing/v_RopeClimbing_g05_c07.avi,74,8,100,4,74,True,True,0.6143196821212769,0.014073497150093317,0.0039527114713564515,0.7667581778950989,157,8,8,8,False,
ucf101,val,v_RopeClimbing_g02_c06,data/UCF101_data/UCF-101/RopeClimbing/v_RopeClimbing_g02_c06.avi,74,8,100,4,74,True,True,0.977777361869812,0.014186931774020195,0.0039527114713564515,0.7518111332319677,186,8,8,8,False,
ucf101,val,v_RopeClimbing_g03_c01,data/UCF101_data/UCF-101/RopeClimbing/v_RopeClimbing_g03_c01.avi,74,8,100,4,51,False,True,0.3238409757614136,0.014503656886518002,0.0039527114713564515,0.7366226492449641,153,8,8,8,False,
ucf101,val,v_RopeClimbing_g03_c02,data/UCF101_data/UCF-101/RopeClimbing/v_RopeClimbing_g03_c02.avi,74,8,100,4,74,True,True,0.9629587531089783,0.015205421950668097,0.0039527114713564515,0.721118759829551,152,8,8,8,False,
ucf101,val,v_RopeClimbing_g01_c01,data/UCF101_data/UCF-101/RopeClimbing/v_RopeClimbing_g01_c01.avi,74,8,100,4,37,False,True,0.595464825630188,0.01514331717044115,0.0039527114713564515,0.7052352610044181,161,8,8,8,False,
ucf101,val,v_RopeClimbing_g07_c02,data/UCF101_data/UCF-101/RopeClimbing/v_RopeClimbing_g07_c02.avi,74,8,100,4,74,True,True,0.8782683610916138,0.014518044888973236,0.0039527114713564515,0.6889475039206445,206,8,8,8,False,
ucf101,val,v_RopeClimbing_g02_c01,data/UCF101_data/UCF-101/RopeClimbing/v_RopeClimbing_g02_c01.avi,74,8,100,4,74,True,True,0.9648623466491699,0.014718978200107813,0.0039527114713564515,0.6734839119017124,152,8,8,8,False,
ucf101,val,v_RopeClimbing_g05_c01,data/UCF101_data/UCF-101/RopeClimbing/v_RopeClimbing_g05_c01.avi,74,8,100,4,74,True,True,0.9569705724716187,0.01455580210313201,0.0039527114713564515,0.6580858379602432,156,8,8,8,False,
ucf101,val,v_RopeClimbing_g03_c03,data/UCF101_data/UCF-101/RopeClimbing/v_RopeClimbing_g03_c03.avi,74,8,100,4,74,True,True,0.9512337446212769,0.014759333804249763,0.0039527114713564515,0.6427762359380722,166,8,8,8,False,
ucf101,val,v_RopeClimbing_g01_c03,data/UCF101_data/UCF-101/RopeClimbing/v_RopeClimbing_g01_c03.avi,74,8,100,4,37,False,True,0.3829478621482849,0.014177050907164812,0.0039527114713564515,0.6271519297733903,159,8,8,8,False,
ucf101,val,v_RopeClimbing_g05_c04,data/UCF101_data/UCF-101/RopeClimbing/v_RopeClimbing_g05_c04.avi,74,8,100,4,74,True,True,0.8579168319702148,0.014701223000884056,0.0039527114713564515,0.6120766457170248,166,8,8,8,False,
ucf101,val,v_RopeClimbing_g05_c06,data/UCF101_data/UCF-101/RopeClimbing/v_RopeClimbing_g05_c06.avi,74,8,100,4,74,True,True,0.9343281984329224,0.014371172059327364,0.0039527114713564515,0.5965108112432063,188,8,8,8,False,
ucf101,val,v_RopeClimbing_g05_c03,data/UCF101_data/UCF-101/RopeClimbing/v_RopeClimbing_g05_c03.avi,74,8,100,4,74,True,True,0.879709780216217,0.014782939106225967,0.0039527114713564515,0.5812263982370496,166,8,8,8,False,
ucf101,val,v_RopeClimbing_g06_c03,data/UCF101_data/UCF-101/RopeClimbing/v_RopeClimbing_g06_c03.avi,74,8,100,4,74,True,True,0.9740902185440063,0.013754443265497684,0.0039527114713564515,0.5655387369915843,159,8,8,8,False,
ucf101,val,v_Rowing_g07_c03,data/UCF101_data/UCF-101/Rowing/v_Rowing_g07_c03.avi,75,8,100,4,52,False,True,0.49507102370262146,0.015693324152380228,0.0039527114713564515,0.5508894240483642,266,8,8,8,False,
ucf101,val,v_Rowing_g03_c04,data/UCF101_data/UCF-101/Rowing/v_Rowing_g03_c04.avi,75,8,100,4,75,True,True,0.9788589477539062,0.01984695391729474,0.0039527114713564515,0.5340314209461212,500,8,8,8,False,
ucf101,val,v_Rowing_g05_c02,data/UCF101_data/UCF-101/Rowing/v_Rowing_g05_c02.avi,75,8,100,4,75,True,True,0.9641450047492981,0.014697806909680367,0.0039527114713564515,0.512844820972532,342,8,8,8,False,
ucf101,val,v_Rowing_g05_c04,data/UCF101_data/UCF-101/Rowing/v_Rowing_g05_c04.avi,75,8,100,4,75,True,True,0.9286591410636902,0.016891606617718935,0.0039527114713564515,0.4972887709736824,426,8,8,8,False,
ucf101,val,v_Rowing_g06_c03,data/UCF101_data/UCF-101/Rowing/v_Rowing_g06_c03.avi,75,8,100,4,75,True,True,0.8216025233268738,0.0344008537940681,0.0038768277736380696,1.0165137089788914,307,8,8,8,False,
ucf101,val,v_Rowing_g03_c01,data/UCF101_data/UCF-101/Rowing/v_Rowing_g03_c01.avi,75,8,100,4,75,True,True,0.9776633977890015,0.01888578198850155,0.0038768277736380696,0.9799258527345955,377,8,8,8,False,
ucf101,val,v_Rowing_g02_c02,data/UCF101_data/UCF-101/Rowing/v_Rowing_g02_c02.avi,75,8,100,4,75,True,True,0.9298693537712097,0.015952281188219786,0.0038768277736380696,0.9600658970884979,374,8,8,8,False,
ucf101,val,v_Rowing_g03_c02,data/UCF101_data/UCF-101/Rowing/v_Rowing_g03_c02.avi,75,8,100,4,75,True,True,0.9793429374694824,0.017496058717370033,0.0038768277736380696,0.9431325662881136,481,8,8,8,False,
ucf101,val,v_Rowing_g02_c06,data/UCF101_data/UCF-101/Rowing/v_Rowing_g02_c06.avi,75,8,100,4,75,True,True,0.927169919013977,0.015039507299661636,0.0038768277736380696,0.9247436821460724,290,8,8,8,False,
ucf101,val,v_Rowing_g05_c01,data/UCF101_data/UCF-101/Rowing/v_Rowing_g05_c01.avi,75,8,100,4,75,True,True,0.9641982913017273,0.015440129209309816,0.0038768277736380696,0.9085332909598947,326,8,8,8,False,
ucf101,val,v_Rowing_g06_c04,data/UCF101_data/UCF-101/Rowing/v_Rowing_g06_c04.avi,75,8,100,4,75,True,True,0.8572685122489929,0.01448482507839799,0.0038768277736380696,0.8916077092289925,292,8,8,8,False,
ucf101,val,v_Rowing_g07_c05,data/UCF101_data/UCF-101/Rowing/v_Rowing_g07_c05.avi,75,8,100,4,75,True,True,0.6751016974449158,0.015624667052179575,0.0038768277736380696,0.876158304978162,345,8,8,8,False,
ucf101,val,v_Rowing_g04_c02,data/UCF101_data/UCF-101/Rowing/v_Rowing_g04_c02.avi,75,8,100,4,75,True,True,0.8305743932723999,0.015710177831351757,0.0038768277736380696,0.8595748096704483,297,8,8,8,False,
ucf101,val,v_Rowing_g04_c03,data/UCF101_data/UCF-101/Rowing/v_Rowing_g04_c03.avi,75,8,100,4,75,True,True,0.7322900295257568,0.01502239378169179,0.0038768277736380696,0.8428680622018874,307,8,8,8,False,
ucf101,val,v_Rowing_g01_c03,data/UCF101_data/UCF-101/Rowing/v_Rowing_g01_c03.avi,75,8,100,4,75,True,True,0.8823977112770081,0.014914613217115402,0.0038768277736380696,0.826877866871655,227,8,8,8,False,
ucf101,val,v_Rowing_g01_c02,data/UCF101_data/UCF-101/Rowing/v_Rowing_g01_c02.avi,75,8,100,4,75,True,True,0.9695996642112732,0.014670666307210922,0.0038768277736380696,0.8108480791561306,301,8,8,8,False,
ucf101,val,v_Rowing_g02_c01,data/UCF101_data/UCF-101/Rowing/v_Rowing_g02_c01.avi,75,8,100,4,75,True,True,0.9705045819282532,0.016274619847536087,0.0038768277736380696,0.7950026849284768,359,8,8,8,False,
ucf101,val,v_Rowing_g07_c01,data/UCF101_data/UCF-101/Rowing/v_Rowing_g07_c01.avi,75,8,100,4,75,True,True,0.795808732509613,0.014707532711327076,0.0038768277736380696,0.7776469439268112,188,8,8,8,False,
ucf101,val,v_Rowing_g04_c04,data/UCF101_data/UCF-101/Rowing/v_Rowing_g04_c04.avi,75,8,100,4,75,True,True,0.6328908801078796,0.014564377255737782,0.0038768277736380696,0.7622368549928069,294,8,8,8,False,
ucf101,val,v_Rowing_g04_c05,data/UCF101_data/UCF-101/Rowing/v_Rowing_g04_c05.avi,75,8,100,4,75,True,True,0.8247957229614258,0.015236301813274622,0.0038768277736380696,0.7467073360458016,300,8,8,8,False,
ucf101,val,v_SalsaSpin_g03_c04,data/UCF101_data/UCF-101/SalsaSpin/v_SalsaSpin_g03_c04.avi,76,8,100,4,76,True,True,0.9858912825584412,0.015023508109152317,0.0038768277736380696,0.7307628090493381,168,8,8,8,False,
ucf101,val,v_SalsaSpin_g05_c03,data/UCF101_data/UCF-101/SalsaSpin/v_SalsaSpin_g05_c03.avi,76,8,100,4,76,True,True,0.9839037656784058,0.01511147664859891,0.0038768277736380696,0.7150424988940358,200,8,8,8,False,
ucf101,val,v_SalsaSpin_g05_c02,data/UCF101_data/UCF-101/SalsaSpin/v_SalsaSpin_g05_c02.avi,76,8,100,4,76,True,True,0.9783315658569336,0.014615434687584639,0.0038768277736380696,0.699247932061553,200,8,8,8,False,
ucf101,val,v_SalsaSpin_g05_c06,data/UCF101_data/UCF-101/SalsaSpin/v_SalsaSpin_g05_c06.avi,76,8,100,4,76,True,True,0.9871540665626526,0.014585182070732117,0.0038768277736380696,0.6836453201249242,200,8,8,8,False,
ucf101,val,v_SalsaSpin_g07_c02,data/UCF101_data/UCF-101/SalsaSpin/v_SalsaSpin_g07_c02.avi,76,8,100,4,76,True,True,0.98350590467453,0.015041112899780273,0.0038768277736380696,0.668368814047426,167,8,8,8,False,
ucf101,val,v_SalsaSpin_g07_c05,data/UCF101_data/UCF-101/SalsaSpin/v_SalsaSpin_g07_c05.avi,76,8,100,4,76,True,True,0.9818593859672546,0.014484261628240347,0.0038768277736380696,0.6523845582269132,167,8,8,8,False,
ucf101,val,v_SalsaSpin_g05_c01,data/UCF101_data/UCF-101/SalsaSpin/v_SalsaSpin_g05_c01.avi,76,8,100,4,76,True,True,0.9861701726913452,0.014598547015339136,0.0038768277736380696,0.6370605691336095,200,8,8,8,False,
ucf101,val,v_SalsaSpin_g07_c06,data/UCF101_data/UCF-101/SalsaSpin/v_SalsaSpin_g07_c06.avi,76,8,100,4,76,True,True,0.9739026427268982,0.0148127730935812,0.0038768277736380696,0.6217377339489758,167,8,8,8,False,
ucf101,val,v_SalsaSpin_g02_c07,data/UCF101_data/UCF-101/SalsaSpin/v_SalsaSpin_g02_c07.avi,76,8,100,4,76,True,True,0.9129215478897095,0.015748150181025267,0.0038768277736380696,0.6060576229356229,333,8,8,8,False,
ucf101,val,v_SalsaSpin_g06_c01,data/UCF101_data/UCF-101/SalsaSpin/v_SalsaSpin_g06_c01.avi,76,8,100,4,76,True,True,0.9849960803985596,0.01477540098130703,0.0038768277736380696,0.589339034166187,167,8,8,8,False,
ucf101,val,v_SalsaSpin_g02_c01,data/UCF101_data/UCF-101/SalsaSpin/v_SalsaSpin_g02_c01.avi,76,8,100,4,76,True,True,0.3800544738769531,0.015530917327851057,0.0038768277736380696,0.5735064498148859,333,8,8,8,False,
ucf101,val,v_SalsaSpin_g04_c03,data/UCF101_data/UCF-101/SalsaSpin/v_SalsaSpin_g04_c03.avi,76,8,100,4,76,True,True,0.9825039505958557,0.015310076996684074,0.0038768277736380696,0.557099002879113,333,8,8,8,False,
ucf101,val,v_SalsaSpin_g06_c03,data/UCF101_data/UCF-101/SalsaSpin/v_SalsaSpin_g06_c03.avi,76,8,100,4,76,True,True,0.986083447933197,0.01475164806470275,0.0038768277736380696,0.5409539300017059,167,8,8,8,False,
ucf101,val,v_SalsaSpin_g01_c04,data/UCF101_data/UCF-101/SalsaSpin/v_SalsaSpin_g01_c04.avi,76,8,100,4,76,True,True,0.9756832122802734,0.014874664135277271,0.0038768277736380696,0.5253467881120741,167,8,8,8,False,
ucf101,val,v_SalsaSpin_g02_c03,data/UCF101_data/UCF-101/SalsaSpin/v_SalsaSpin_g02_c03.avi,76,8,100,4,76,True,True,0.9438334703445435,0.01577736809849739,0.0038768277736380696,0.5096507961861789,333,8,8,8,False,
ucf101,val,v_SalsaSpin_g04_c02,data/UCF101_data/UCF-101/SalsaSpin/v_SalsaSpin_g04_c02.avi,76,8,100,4,76,True,True,0.9121564030647278,0.015594534110277891,0.0038768277736380696,0.4929959690198302,333,8,8,8,False,
ucf101,val,v_SalsaSpin_g07_c04,data/UCF101_data/UCF-101/SalsaSpin/v_SalsaSpin_g07_c04.avi,76,8,100,4,76,True,True,0.9773768782615662,0.030777142383158207,0.00394261819019448,1.0534699112176895,167,8,8,8,False,
ucf101,val,v_SalsaSpin_g03_c05,data/UCF101_data/UCF-101/SalsaSpin/v_SalsaSpin_g03_c05.avi,76,8,100,4,76,True,True,0.9848299026489258,0.015213149134069681,0.00394261819019448,1.0208556801080704,168,8,8,8,False,
ucf101,val,v_SalsaSpin_g03_c02,data/UCF101_data/UCF-101/SalsaSpin/v_SalsaSpin_g03_c02.avi,76,8,100,4,76,True,True,0.9873013496398926,0.014666328206658363,0.00394261819019448,1.004943486303091,168,8,8,8,False,
ucf101,val,v_SalsaSpin_g03_c03,data/UCF101_data/UCF-101/SalsaSpin/v_SalsaSpin_g03_c03.avi,76,8,100,4,76,True,True,0.9875357747077942,0.014459718950092793,0.00394261819019448,0.9895734419114888,168,8,8,8,False,
ucf101,val,v_ShavingBeard_g07_c07,data/UCF101_data/UCF-101/ShavingBeard/v_ShavingBeard_g07_c07.avi,77,8,100,4,38,False,True,0.722329318523407,0.02103228820487857,0.00394261819019448,0.9744416549801826,386,8,8,8,False,
ucf101,val,v_ShavingBeard_g04_c02,data/UCF101_data/UCF-101/ShavingBeard/v_ShavingBeard_g04_c02.avi,77,8,100,4,77,True,True,0.9574806690216064,0.011657815892249346,0.00394261819019448,0.9514138759113848,178,8,8,8,False,
ucf101,val,v_ShavingBeard_g01_c03,data/UCF101_data/UCF-101/ShavingBeard/v_ShavingBeard_g01_c03.avi,77,8,100,4,77,True,True,0.9687424302101135,0.009980808012187481,0.00394261819019448,0.9384168130345643,130,8,8,8,False,
ucf101,val,v_ShavingBeard_g03_c04,data/UCF101_data/UCF-101/ShavingBeard/v_ShavingBeard_g03_c04.avi,77,8,100,4,77,True,True,0.9823081493377686,0.00922746118158102,0.00394261819019448,0.9273082842119038,106,8,8,8,False,
ucf101,val,v_ShavingBeard_g05_c04,data/UCF101_data/UCF-101/ShavingBeard/v_ShavingBeard_g05_c04.avi,77,8,100,4,77,True,True,0.9592253565788269,0.042978462763130665,0.00394261819019448,0.9170667780563235,500,8,8,8,False,
ucf101,val,v_ShavingBeard_g01_c04,data/UCF101_data/UCF-101/ShavingBeard/v_ShavingBeard_g01_c04.avi,77,8,100,4,77,True,True,0.467307448387146,0.009355898015201092,0.00394261819019448,0.8721787668764591,91,8,8,8,False,
ucf101,val,v_ShavingBeard_g01_c01,data/UCF101_data/UCF-101/ShavingBeard/v_ShavingBeard_g01_c01.avi,77,8,100,4,77,True,True,0.8154833316802979,0.010011459235101938,0.00394261819019448,0.8618807443417609,127,8,8,8,False,
ucf101,val,v_ShavingBeard_g03_c03,data/UCF101_data/UCF-101/ShavingBeard/v_ShavingBeard_g03_c03.avi,77,8,100,4,77,True,True,0.9822390079498291,0.009175244253128767,0.00394261819019448,0.8505502478219569,105,8,8,8,False,
ucf101,val,v_ShavingBeard_g07_c06,data/UCF101_data/UCF-101/ShavingBeard/v_ShavingBeard_g07_c06.avi,77,8,100,4,33,False,True,0.28414562344551086,0.020308475010097027,0.00394261819019448,0.8403773442842066,386,8,8,8,False,
ucf101,val,v_ShavingBeard_g06_c07,data/UCF101_data/UCF-101/ShavingBeard/v_ShavingBeard_g06_c07.avi,77,8,100,4,33,False,True,0.42256319522857666,0.014521429780870676,0.00394261819019448,0.8185411668382585,251,8,8,8,False,
ucf101,val,v_ShavingBeard_g02_c05,data/UCF101_data/UCF-101/ShavingBeard/v_ShavingBeard_g02_c05.avi,77,8,100,4,77,True,True,0.9624656438827515,0.011634886264801025,0.00394261819019448,0.8022168236784637,179,8,8,8,False,
ucf101,val,v_ShavingBeard_g03_c06,data/UCF101_data/UCF-101/ShavingBeard/v_ShavingBeard_g03_c06.avi,77,8,100,4,77,True,True,0.9849539995193481,0.011135460808873177,0.00394261819019448,0.7891450468450785,149,8,8,8,False,
ucf101,val,v_ShavingBeard_g02_c06,data/UCF101_data/UCF-101/ShavingBeard/v_ShavingBeard_g02_c06.avi,77,8,100,4,77,True,True,0.5975613594055176,0.012248733080923557,0.00394261819019448,0.7768601742573082,203,8,8,8,False,
ucf101,val,v_ShavingBeard_g02_c07,data/UCF101_data/UCF-101/ShavingBeard/v_ShavingBeard_g02_c07.avi,77,8,100,4,77,True,True,0.9736321568489075,0.014254264999181032,0.00394261819019448,0.7631628797389567,250,8,8,8,False,
ucf101,val,v_ShavingBeard_g07_c02,data/UCF101_data/UCF-101/ShavingBeard/v_ShavingBeard_g07_c02.avi,77,8,100,4,17,False,True,0.43825218081474304,0.013917242642492056,0.00394261819019448,0.7469042809680104,231,8,8,8,False,
ucf101,val,v_ShavingBeard_g07_c01,data/UCF101_data/UCF-101/ShavingBeard/v_ShavingBeard_g07_c01.avi,77,8,100,4,17,False,True,0.6413688063621521,0.013497859705239534,0.00394261819019448,0.7313447780907154,229,8,8,8,False,
ucf101,val,v_ShavingBeard_g03_c05,data/UCF101_data/UCF-101/ShavingBeard/v_ShavingBeard_g03_c05.avi,77,8,100,4,77,True,True,0.9569478631019592,0.012026505079120398,0.00394261819019448,0.7161646587774158,183,8,8,8,False,
ucf101,val,v_ShavingBeard_g05_c02,data/UCF101_data/UCF-101/ShavingBeard/v_ShavingBeard_g05_c02.avi,77,8,100,4,77,True,True,0.9219993352890015,0.024324645288288593,0.00394261819019448,0.7027350985445082,507,8,8,8,False,
ucf101,val,v_ShavingBeard_g06_c05,data/UCF101_data/UCF-101/ShavingBeard/v_ShavingBeard_g06_c05.avi,77,8,100,4,19,False,True,0.7028366923332214,0.020399666391313076,0.00394261819019448,0.6761018899269402,359,8,8,8,False,
ucf101,val,v_ShavingBeard_g02_c02,data/UCF101_data/UCF-101/ShavingBeard/v_ShavingBeard_g02_c02.avi,77,8,100,4,77,True,True,0.7367275357246399,0.01249094307422638,0.00394261819019448,0.6532216081395745,193,8,8,8,False,
ucf101,val,v_Shotput_g02_c02,data/UCF101_data/UCF-101/Shotput/v_Shotput_g02_c02.avi,78,8,100,4,6,False,True,0.6705098748207092,0.009170219767838717,0.00394261819019448,0.6391529720276594,90,8,8,8,False,
ucf101,val,v_Shotput_g04_c05,data/UCF101_data/UCF-101/Shotput/v_Shotput_g04_c05.avi,78,8,100,4,78,True,True,0.9625064134597778,0.008781487122178078,0.00394261819019448,0.6289682919159532,73,8,8,8,False,
ucf101,val,v_Shotput_g06_c03,data/UCF101_data/UCF-101/Shotput/v_Shotput_g06_c03.avi,78,8,100,4,78,True,True,0.5855563879013062,0.02546853804960847,0.00394261819019448,0.6192801808938384,88,8,8,8,False,
ucf101,val,v_Shotput_g03_c01,data/UCF101_data/UCF-101/Shotput/v_Shotput_g03_c01.avi,78,8,100,4,78,True,True,0.3946063816547394,0.009100815746933222,0.00394261819019448,0.5911679728887975,71,8,8,8,False,
ucf101,val,v_Shotput_g06_c01,data/UCF101_data/UCF-101/Shotput/v_Shotput_g06_c01.avi,78,8,100,4,78,True,True,0.6082072257995605,0.028711764607578516,0.00394261819019448,0.581017161719501,101,8,8,8,False,
ucf101,val,v_Shotput_g06_c04,data/UCF101_data/UCF-101/Shotput/v_Shotput_g06_c04.avi,78,8,100,4,92,False,True,0.37363481521606445,0.028113286010921,0.00394261819019448,0.5499570332467556,95,8,8,8,False,
ucf101,val,v_Shotput_g04_c03,data/UCF101_data/UCF-101/Shotput/v_Shotput_g04_c03.avi,78,8,100,4,78,True,True,0.9688063263893127,0.009604258928447962,0.00394261819019448,0.5192142589949071,86,8,8,8,False,
ucf101,val,v_Shotput_g01_c05,data/UCF101_data/UCF-101/Shotput/v_Shotput_g01_c05.avi,78,8,100,4,78,True,True,0.9059613943099976,0.02728102309629321,0.00394261819019448,0.5086610997095704,97,8,8,8,False,
ucf101,val,v_Shotput_g05_c01,data/UCF101_data/UCF-101/Shotput/v_Shotput_g05_c01.avi,78,8,100,4,78,True,True,0.3868076503276825,0.02334614796563983,0.0036698899348266423,1.0467512221075594,67,8,8,8,False,
ucf101,val,v_Shotput_g01_c03,data/UCF101_data/UCF-101/Shotput/v_Shotput_g01_c03.avi,78,8,100,4,78,True,True,0.9261456727981567,0.02736197179183364,0.0036698899348266423,1.0204029083251953,94,8,8,8,False,
ucf101,val,v_Shotput_g05_c03,data/UCF101_data/UCF-101/Shotput/v_Shotput_g05_c03.avi,78,8,100,4,35,False,True,0.457136869430542,0.034089412074536085,0.0036698899348266423,0.9914931100793183,130,8,8,8,False,
ucf101,val,v_Shotput_g01_c02,data/UCF101_data/UCF-101/Shotput/v_Shotput_g01_c02.avi,78,8,100,4,78,True,True,0.9408085942268372,0.028433396015316248,0.0036698899348266423,0.9549589939415455,101,8,8,8,False,
ucf101,val,v_Shotput_g05_c05,data/UCF101_data/UCF-101/Shotput/v_Shotput_g05_c05.avi,78,8,100,4,78,True,True,0.9059540629386902,0.03495144471526146,0.0036698899348266423,0.9237537221051753,132,8,8,8,False,
ucf101,val,v_Shotput_g06_c07,data/UCF101_data/UCF-101/Shotput/v_Shotput_g06_c07.avi,78,8,100,4,92,False,True,0.7266736030578613,0.030783534981310368,0.0036698899348266423,0.8858770462684333,101,8,8,8,False,
ucf101,val,v_Shotput_g04_c01,data/UCF101_data/UCF-101/Shotput/v_Shotput_g04_c01.avi,78,8,100,4,78,True,True,0.9533169865608215,0.008987183682620525,0.0036698899348266423,0.8529848167672753,80,8,8,8,False,
ucf101,val,v_Shotput_g03_c05,data/UCF101_data/UCF-101/Shotput/v_Shotput_g03_c05.avi,78,8,100,4,35,False,True,0.3957820236682892,0.0080534010194242,0.0036698899348266423,0.8432370317168534,66,8,8,8,False,
ucf101,val,v_Shotput_g02_c07,data/UCF101_data/UCF-101/Shotput/v_Shotput_g02_c07.avi,78,8,100,4,6,False,True,0.30518820881843567,0.008916947059333324,0.0036698899348266423,0.8343372978270054,88,8,8,8,False,
ucf101,val,v_Shotput_g05_c06,data/UCF101_data/UCF-101/Shotput/v_Shotput_g05_c06.avi,78,8,100,4,78,True,True,0.870691180229187,0.03515035193413496,0.0036698899348266423,0.8246733010746539,125,8,8,8,False,
ucf101,val,v_Shotput_g02_c06,data/UCF101_data/UCF-101/Shotput/v_Shotput_g02_c06.avi,78,8,100,4,78,True,True,0.31762534379959106,0.009297817945480347,0.0036698899348266423,0.7866540858522058,71,8,8,8,False,
ucf101,val,v_Shotput_g07_c01,data/UCF101_data/UCF-101/Shotput/v_Shotput_g07_c01.avi,78,8,100,4,78,True,True,0.8957083821296692,0.008837908040732145,0.0036698899348266423,0.7763777710497379,79,8,8,8,False,
ucf101,val,v_SkateBoarding_g06_c04,data/UCF101_data/UCF-101/SkateBoarding/v_SkateBoarding_g06_c04.avi,79,8,100,4,79,True,True,0.9805694818496704,0.015203679911792278,0.0036698899348266423,0.7665988020598888,150,8,8,8,False,
ucf101,val,v_SkateBoarding_g02_c06,data/UCF101_data/UCF-101/SkateBoarding/v_SkateBoarding_g02_c06.avi,79,8,100,4,79,True,True,0.9684638381004333,0.014952838886529207,0.0036698899348266423,0.7503994069993496,300,8,8,8,False,
ucf101,val,v_SkateBoarding_g01_c04,data/UCF101_data/UCF-101/SkateBoarding/v_SkateBoarding_g01_c04.avi,79,8,100,4,79,True,True,0.8845642805099487,0.014407583978027105,0.0036698899348266423,0.734756794758141,168,8,8,8,False,
ucf101,val,v_SkateBoarding_g03_c03,data/UCF101_data/UCF-101/SkateBoarding/v_SkateBoarding_g03_c03.avi,79,8,100,4,79,True,True,0.9638411402702332,0.012770108878612518,0.0036698899348266423,0.7195968050509691,126,8,8,8,False,
ucf101,val,v_SkateBoarding_g01_c01,data/UCF101_data/UCF-101/SkateBoarding/v_SkateBoarding_g01_c01.avi,79,8,100,4,79,True,True,0.9379318952560425,0.014512036927044392,0.0036698899348266423,0.7059384500607848,202,8,8,8,False,
ucf101,val,v_SkateBoarding_g03_c01,data/UCF101_data/UCF-101/SkateBoarding/v_SkateBoarding_g03_c01.avi,79,8,100,4,79,True,True,0.9764224290847778,0.01302878512069583,0.0036698899348266423,0.6904785060323775,126,8,8,8,False,
ucf101,val,v_SkateBoarding_g02_c02,data/UCF101_data/UCF-101/SkateBoarding/v_SkateBoarding_g02_c02.avi,79,8,100,4,43,False,True,0.6487689018249512,0.01293867127969861,0.0036698899348266423,0.6763792759738863,128,8,8,8,False,
ucf101,val,v_SkateBoarding_g05_c01,data/UCF101_data/UCF-101/SkateBoarding/v_SkateBoarding_g05_c01.avi,79,8,100,4,79,True,True,0.8735425472259521,0.013895813375711441,0.0036698899348266423,0.6627758392132819,140,8,8,8,False,
ucf101,val,v_SkateBoarding_g04_c01,data/UCF101_data/UCF-101/SkateBoarding/v_SkateBoarding_g04_c01.avi,79,8,100,4,79,True,True,0.8390400409698486,0.014363208319991827,0.0036698899348266423,0.648123029153794,106,8,8,8,False,
ucf101,val,v_SkateBoarding_g05_c04,data/UCF101_data/UCF-101/SkateBoarding/v_SkateBoarding_g05_c04.avi,79,8,100,4,79,True,True,0.8990277647972107,0.014689965173602104,0.0036698899348266423,0.6326558380387723,185,8,8,8,False,
ucf101,val,v_SkateBoarding_g03_c02,data/UCF101_data/UCF-101/SkateBoarding/v_SkateBoarding_g03_c02.avi,79,8,100,4,79,True,True,0.9783227443695068,0.013182662427425385,0.0036698899348266423,0.616872473154217,126,8,8,8,False,
ucf101,val,v_SkateBoarding_g01_c03,data/UCF101_data/UCF-101/SkateBoarding/v_SkateBoarding_g01_c03.avi,79,8,100,4,80,False,True,0.4410061836242676,0.01445661298930645,0.0036698899348266423,0.6027719802223146,112,8,8,8,False,
ucf101,val,v_SkateBoarding_g03_c04,data/UCF101_data/UCF-101/SkateBoarding/v_SkateBoarding_g03_c04.avi,79,8,100,4,79,True,True,0.9793246388435364,0.013122586999088526,0.0036698899348266423,0.5875721867196262,128,8,8,8,False,
ucf101,val,v_SkateBoarding_g07_c03,data/UCF101_data/UCF-101/SkateBoarding/v_SkateBoarding_g07_c03.avi,79,8,100,4,79,True,True,0.9774510264396667,0.01442941790446639,0.0036698899348266423,0.573566515929997,185,8,8,8,False,
ucf101,val,v_SkateBoarding_g02_c04,data/UCF101_data/UCF-101/SkateBoarding/v_SkateBoarding_g02_c04.avi,79,8,100,4,79,True,True,0.9835864901542664,0.013410049956291914,0.0036698899348266423,0.5582082690671086,77,8,8,8,False,
ucf101,val,v_SkateBoarding_g06_c02,data/UCF101_data/UCF-101/SkateBoarding/v_SkateBoarding_g06_c02.avi,79,8,100,4,79,True,True,0.9731916189193726,0.014883472118526697,0.0036698899348266423,0.5438937558792531,150,8,8,8,False,
ucf101,val,v_SkateBoarding_g07_c02,data/UCF101_data/UCF-101/SkateBoarding/v_SkateBoarding_g07_c02.avi,79,8,100,4,79,True,True,0.9753196239471436,0.014310241676867008,0.0036698899348266423,0.528006189968437,199,8,8,8,False,
ucf101,val,v_SkateBoarding_g02_c05,data/UCF101_data/UCF-101/SkateBoarding/v_SkateBoarding_g02_c05.avi,79,8,100,4,79,True,True,0.9752418398857117,0.013230883050709963,0.0036698899348266423,0.512742639053613,112,8,8,8,False,
ucf101,val,v_SkateBoarding_g01_c02,data/UCF101_data/UCF-101/SkateBoarding/v_SkateBoarding_g01_c02.avi,79,8,100,4,79,True,True,0.8454910516738892,0.013780611101537943,0.0036698899348266423,0.498825347982347,175,8,8,8,False,
ucf101,val,v_SkateBoarding_g02_c03,data/UCF101_data/UCF-101/SkateBoarding/v_SkateBoarding_g02_c03.avi,79,8,100,4,80,False,True,0.12561756372451782,0.013432682026177645,0.0036698899348266423,0.48423845786601305,111,8,8,8,False,
ucf101,val,v_Skiing_g04_c02,data/UCF101_data/UCF-101/Skiing/v_Skiing_g04_c02.avi,80,8,100,4,80,True,True,0.7381752729415894,0.03380068391561508,0.004044067274662666,0.9978299019858241,252,8,8,8,False,
ucf101,val,v_Skiing_g04_c04,data/UCF101_data/UCF-101/Skiing/v_Skiing_g04_c04.avi,80,8,100,4,80,True,True,0.9843882322311401,0.015527167357504368,0.004044067274662666,0.9622578946873546,200,8,8,8,False,
ucf101,val,v_Skiing_g03_c04,data/UCF101_data/UCF-101/Skiing/v_Skiing_g03_c04.avi,80,8,100,4,80,True,True,0.9612753987312317,0.015541154891252518,0.004044067274662666,0.9459275021217763,308,8,8,8,False,
ucf101,val,v_Skiing_g07_c03,data/UCF101_data/UCF-101/Skiing/v_Skiing_g07_c03.avi,80,8,100,4,80,True,True,0.9618885517120361,0.014017311856150627,0.004044067274662666,0.9296509516425431,103,8,8,8,False,
ucf101,val,v_Skiing_g02_c05,data/UCF101_data/UCF-101/Skiing/v_Skiing_g02_c05.avi,80,8,100,4,80,True,True,0.9286538362503052,0.01560531696304679,0.004044067274662666,0.914687265176326,118,8,8,8,False,
ucf101,val,v_Skiing_g01_c05,data/UCF101_data/UCF-101/Skiing/v_Skiing_g01_c05.avi,80,8,100,4,80,True,True,0.33177560567855835,0.014876799657940865,0.004044067274662666,0.8977919681929052,260,8,8,8,False,
ucf101,val,v_Skiing_g06_c04,data/UCF101_data/UCF-101/Skiing/v_Skiing_g06_c04.avi,80,8,100,4,79,False,True,0.22645488381385803,0.015082916244864464,0.004044067274662666,0.8821983598172665,300,8,8,8,False,
ucf101,val,v_Skiing_g02_c02,data/UCF101_data/UCF-101/Skiing/v_Skiing_g02_c02.avi,80,8,100,4,80,True,True,0.9542323350906372,0.015704764984548092,0.004044067274662666,0.8664384777657688,202,8,8,8,False,
ucf101,val,v_Skiing_g03_c02,data/UCF101_data/UCF-101/Skiing/v_Skiing_g03_c02.avi,80,8,100,4,80,True,True,0.9787930846214294,0.013496742118149996,0.004044067274662666,0.8495035688392818,110,8,8,8,False,
ucf101,val,v_Skiing_g05_c04,data/UCF101_data/UCF-101/Skiing/v_Skiing_g05_c04.avi,80,8,100,4,80,True,True,0.8707535266876221,0.01255407789722085,0.004044067274662666,0.8350453418679535,254,8,8,8,False,
ucf101,val,v_Skiing_g04_c07,data/UCF101_data/UCF-101/Skiing/v_Skiing_g04_c07.avi,80,8,100,4,80,True,True,0.979322612285614,0.014926320873200893,0.004044067274662666,0.8216067221947014,279,8,8,8,False,
ucf101,val,v_Skiing_g03_c01,data/UCF101_data/UCF-101/Skiing/v_Skiing_g03_c01.avi,80,8,100,4,80,True,True,0.976856529712677,0.014156448189169168,0.004044067274662666,0.8057305258698761,208,8,8,8,False,
ucf101,val,v_Skiing_g06_c02,data/UCF101_data/UCF-101/Skiing/v_Skiing_g06_c02.avi,80,8,100,4,97,False,True,0.14927080273628235,0.014748218934983015,0.004044067274662666,0.7906562960706651,300,8,8,8,False,
ucf101,val,v_Skiing_g04_c06,data/UCF101_data/UCF-101/Skiing/v_Skiing_g04_c06.avi,80,8,100,4,80,True,True,0.9842551946640015,0.014285539742559195,0.004044067274662666,0.7751060160808265,187,8,8,8,False,
ucf101,val,v_Skiing_g04_c03,data/UCF101_data/UCF-101/Skiing/v_Skiing_g04_c03.avi,80,8,100,4,80,True,True,0.9834303855895996,0.014440586790442467,0.004044067274662666,0.7598837851546705,154,8,8,8,False,
ucf101,val,v_Skiing_g06_c06,data/UCF101_data/UCF-101/Skiing/v_Skiing_g06_c06.avi,80,8,100,4,80,True,True,0.17953917384147644,0.014579325914382935,0.004044067274662666,0.7444938700646162,300,8,8,8,False,
ucf101,val,v_Skiing_g06_c05,data/UCF101_data/UCF-101/Skiing/v_Skiing_g06_c05.avi,80,8,100,4,43,False,True,0.1817069947719574,0.015252504032105207,0.004044067274662666,0.7292388170026243,300,8,8,8,False,
ucf101,val,v_Skiing_g01_c04,data/UCF101_data/UCF-101/Skiing/v_Skiing_g01_c04.avi,80,8,100,4,80,True,True,0.9412969946861267,0.015055686701089144,0.004044067274662666,0.7132465168833733,252,8,8,8,False,
ucf101,val,v_Skiing_g06_c01,data/UCF101_data/UCF-101/Skiing/v_Skiing_g06_c01.avi,80,8,100,4,97,False,True,0.2096545696258545,0.014894073829054832,0.004044067274662666,0.6975064561702311,300,8,8,8,False,
ucf101,val,v_Skiing_g02_c03,data/UCF101_data/UCF-101/Skiing/v_Skiing_g02_c03.avi,80,8,100,4,80,True,True,0.9410457611083984,0.014300316106528044,0.004044067274662666,0.6817334126681089,200,8,8,8,False,
ucf101,val,v_Skijet_g02_c03,data/UCF101_data/UCF-101/Skijet/v_Skijet_g02_c03.avi,81,8,100,4,81,True,True,0.9768890738487244,0.014124942012131214,0.004044067274662666,0.6667561950162053,210,8,8,8,False,
ucf101,val,v_Skijet_g02_c02,data/UCF101_data/UCF-101/Skijet/v_Skijet_g02_c02.avi,81,8,100,4,81,True,True,0.9793844223022461,0.014385398011654615,0.004044067274662666,0.6517050438560545,183,8,8,8,False,
ucf101,val,v_Skijet_g05_c04,data/UCF101_data/UCF-101/Skijet/v_Skijet_g05_c04.avi,81,8,100,4,81,True,True,0.975699782371521,0.013520291075110435,0.004044067274662666,0.6364239761605859,210,8,8,8,False,
ucf101,val,v_Skijet_g02_c01,data/UCF101_data/UCF-101/Skijet/v_Skijet_g02_c01.avi,81,8,100,4,81,True,True,0.9747518301010132,0.013890833128243685,0.004044067274662666,0.6219965051859617,210,8,8,8,False,
ucf101,val,v_Skijet_g06_c01,data/UCF101_data/UCF-101/Skijet/v_Skijet_g06_c01.avi,81,8,100,4,81,True,True,0.9469137787818909,0.014702169224619865,0.004044067274662666,0.6071816859766841,251,8,8,8,False,
ucf101,val,v_Skijet_g01_c03,data/UCF101_data/UCF-101/Skijet/v_Skijet_g01_c03.avi,81,8,100,4,81,True,True,0.9663886427879333,0.016098045744001865,0.004044067274662666,0.5915912059135735,416,8,8,8,False,
ucf101,val,v_Skijet_g07_c03,data/UCF101_data/UCF-101/Skijet/v_Skijet_g07_c03.avi,81,8,100,4,81,True,True,0.9806166887283325,0.014192082919180393,0.004044067274662666,0.5746083599515259,197,8,8,8,False,
ucf101,val,v_Skijet_g06_c04,data/UCF101_data/UCF-101/Skijet/v_Skijet_g06_c04.avi,81,8,100,4,81,True,True,0.9571637511253357,0.014882587362080812,0.004044067274662666,0.5594846070744097,251,8,8,8,False,
ucf101,val,v_Skijet_g04_c04,data/UCF101_data/UCF-101/Skijet/v_Skijet_g04_c04.avi,81,8,100,4,81,True,True,0.9224410653114319,0.014745629858225584,0.004044067274662666,0.5437035080976784,251,8,8,8,False,
ucf101,val,v_Skijet_g04_c03,data/UCF101_data/UCF-101/Skijet/v_Skijet_g04_c03.avi,81,8,100,4,81,True,True,0.8983048796653748,0.015024668071419,0.004044067274662666,0.528120880946517,251,8,8,8,False,
ucf101,val,v_Skijet_g05_c03,data/UCF101_data/UCF-101/Skijet/v_Skijet_g05_c03.avi,81,8,100,4,81,True,True,0.9727075099945068,0.013875931035727262,0.004044067274662666,0.5122286560945213,210,8,8,8,False,
ucf101,val,v_Skijet_g03_c03,data/UCF101_data/UCF-101/Skijet/v_Skijet_g03_c03.avi,81,8,100,4,81,True,True,0.9680187106132507,0.014248275198042393,0.004044067274662666,0.49744260078296065,316,8,8,8,False,
ucf101,val,v_Skijet_g05_c01,data/UCF101_data/UCF-101/Skijet/v_Skijet_g05_c01.avi,81,8,100,4,81,True,True,0.9754925966262817,0.030860481783747673,0.0034902662446256727,0.988427419681102,210,8,8,8,False,
ucf101,val,v_Skijet_g06_c03,data/UCF101_data/UCF-101/Skijet/v_Skijet_g06_c03.avi,81,8,100,4,81,True,True,0.9708302021026611,0.016201044898480177,0.0034902662446256727,0.9561910298652947,251,8,8,8,False,
ucf101,val,v_Skijet_g02_c04,data/UCF101_data/UCF-101/Skijet/v_Skijet_g02_c04.avi,81,8,100,4,81,True,True,0.975255012512207,0.014421026222407818,0.0034902662446256727,0.9391140546649694,210,8,8,8,False,
ucf101,val,v_Skijet_g01_c02,data/UCF101_data/UCF-101/Skijet/v_Skijet_g01_c02.avi,81,8,100,4,81,True,True,0.9676328897476196,0.01626020297408104,0.0034902662446256727,0.9236716250889003,416,8,8,8,False,
ucf101,val,v_Skijet_g04_c02,data/UCF101_data/UCF-101/Skijet/v_Skijet_g04_c02.avi,81,8,100,4,81,True,True,0.8622147440910339,0.014912964776158333,0.0034902662446256727,0.9065860123373568,251,8,8,8,False,
ucf101,val,v_Skijet_g03_c04,data/UCF101_data/UCF-101/Skijet/v_Skijet_g03_c04.avi,81,8,100,4,81,True,True,0.8208293914794922,0.014960714615881443,0.0034902662446256727,0.8906725849956274,310,8,8,8,False,
ucf101,val,v_Skijet_g07_c01,data/UCF101_data/UCF-101/Skijet/v_Skijet_g07_c01.avi,81,8,100,4,81,True,True,0.9678789973258972,0.014392784796655178,0.0034902662446256727,0.8745021587237716,199,8,8,8,False,
ucf101,val,v_Skijet_g03_c02,data/UCF101_data/UCF-101/Skijet/v_Skijet_g03_c02.avi,81,8,100,4,81,True,True,0.9776985049247742,0.014524747151881456,0.0034902662446256727,0.8591270879842341,316,8,8,8,False,
ucf101,val,v_SkyDiving_g05_c02,data/UCF101_data/UCF-101/SkyDiving/v_SkyDiving_g05_c02.avi,82,8,100,4,82,True,True,0.9806308150291443,0.012766527011990547,0.0034902662446256727,0.8439038340002298,170,8,8,8,False,
ucf101,val,v_SkyDiving_g01_c02,data/UCF101_data/UCF-101/SkyDiving/v_SkyDiving_g01_c02.avi,82,8,100,4,82,True,True,0.9782094955444336,0.013329863082617521,0.0034902662446256727,0.8296766672283411,194,8,8,8,False,
ucf101,val,v_SkyDiving_g03_c04,data/UCF101_data/UCF-101/SkyDiving/v_SkyDiving_g03_c04.avi,82,8,100,4,82,True,True,0.9656051397323608,0.01475390000268817,0.0034902662446256727,0.8148786821402609,232,8,8,8,False,
ucf101,val,v_SkyDiving_g04_c04,data/UCF101_data/UCF-101/SkyDiving/v_SkyDiving_g04_c04.avi,82,8,100,4,82,True,True,0.9286240339279175,0.009544163011014462,0.0034902662446256727,0.7990479059517384,102,8,8,8,False,
ucf101,val,v_SkyDiving_g01_c03,data/UCF101_data/UCF-101/SkyDiving/v_SkyDiving_g01_c03.avi,82,8,100,4,82,True,True,0.9815632104873657,0.010284943040460348,0.0034902662446256727,0.7884794319979846,126,8,8,8,False,
ucf101,val,v_SkyDiving_g03_c02,data/UCF101_data/UCF-101/SkyDiving/v_SkyDiving_g03_c02.avi,82,8,100,4,82,True,True,0.9677070379257202,0.013134636916220188,0.0034902662446256727,0.7770847813226283,202,8,8,8,False,
ucf101,val,v_SkyDiving_g04_c02,data/UCF101_data/UCF-101/SkyDiving/v_SkyDiving_g04_c02.avi,82,8,100,4,37,False,True,0.48045650124549866,0.010832180269062519,0.0034902662446256727,0.7621833886951208,141,8,8,8,False,
ucf101,val,v_SkyDiving_g06_c03,data/UCF101_data/UCF-101/SkyDiving/v_SkyDiving_g06_c03.avi,82,8,100,4,82,True,True,0.957098662853241,0.012037644628435373,0.0034902662446256727,0.7500998489558697,160,8,8,8,False,
ucf101,val,v_SkyDiving_g07_c04,data/UCF101_data/UCF-101/SkyDiving/v_SkyDiving_g07_c04.avi,82,8,100,4,82,True,True,0.9698624610900879,0.027961210813373327,0.0034902662446256727,0.7371487589552999,92,8,8,8,False,
ucf101,val,v_SkyDiving_g06_c01,data/UCF101_data/UCF-101/SkyDiving/v_SkyDiving_g06_c01.avi,82,8,100,4,82,True,True,0.9709976315498352,0.024602347053587437,0.0034902662446256727,0.7063857433386147,84,8,8,8,False,
ucf101,val,v_SkyDiving_g07_c03,data/UCF101_data/UCF-101/SkyDiving/v_SkyDiving_g07_c03.avi,82,8,100,4,82,True,True,0.9679628610610962,0.014553860295563936,0.0034902662446256727,0.6785553377121687,203,8,8,8,False,
ucf101,val,v_SkyDiving_g06_c04,data/UCF101_data/UCF-101/SkyDiving/v_SkyDiving_g06_c04.avi,82,8,100,4,82,True,True,0.933372437953949,0.011628712061792612,0.0034902662446256727,0.6623630211688578,154,8,8,8,False,
ucf101,val,v_SkyDiving_g07_c01,data/UCF101_data/UCF-101/SkyDiving/v_SkyDiving_g07_c01.avi,82,8,100,4,82,True,True,0.8235899806022644,0.012260702904313803,0.0034902662446256727,0.6492439243011177,167,8,8,8,False,
ucf101,val,v_SkyDiving_g07_c05,data/UCF101_data/UCF-101/SkyDiving/v_SkyDiving_g07_c05.avi,82,8,100,4,82,True,True,0.9400303363800049,0.011617135256528854,0.0034902662446256727,0.6355877849273384,156,8,8,8,False,
ucf101,val,v_SkyDiving_g07_c02,data/UCF101_data/UCF-101/SkyDiving/v_SkyDiving_g07_c02.avi,82,8,100,4,82,True,True,0.9715753793716431,0.012322392780333757,0.0034902662446256727,0.6230548797175288,179,8,8,8,False,
ucf101,val,v_SkyDiving_g03_c05,data/UCF101_data/UCF-101/SkyDiving/v_SkyDiving_g03_c05.avi,82,8,100,4,82,True,True,0.9698930382728577,0.01667700009420514,0.0034902662446256727,0.6093394919298589,247,8,8,8,False,
ucf101,val,v_SkyDiving_g02_c04,data/UCF101_data/UCF-101/SkyDiving/v_SkyDiving_g02_c04.avi,82,8,100,4,82,True,True,0.9755604267120361,0.009712441824376583,0.0034902662446256727,0.5912697338499129,114,8,8,8,False,
ucf101,val,v_SkyDiving_g05_c03,data/UCF101_data/UCF-101/SkyDiving/v_SkyDiving_g05_c03.avi,82,8,100,4,82,True,True,0.9840975403785706,0.013348586857318878,0.0034902662446256727,0.5804628692567348,200,8,8,8,False,
ucf101,val,v_SkyDiving_g03_c01,data/UCF101_data/UCF-101/SkyDiving/v_SkyDiving_g03_c01.avi,82,8,100,4,82,True,True,0.9727727174758911,0.012807850260287523,0.0034902662446256727,0.5661347256973386,187,8,8,8,False,
ucf101,val,v_SkyDiving_g05_c04,data/UCF101_data/UCF-101/SkyDiving/v_SkyDiving_g05_c04.avi,82,8,100,4,82,True,True,0.9807908535003662,0.01797018200159073,0.0034902662446256727,0.5520082809962332,211,8,8,8,False,
ucf101,val,v_SoccerJuggling_g01_c03,data/UCF101_data/UCF-101/SoccerJuggling/v_SoccerJuggling_g01_c03.avi,83,8,100,4,83,True,True,0.8864190578460693,0.019463469740003347,0.0034902662446256727,0.5325931422412395,880,8,8,8,False,
ucf101,val,v_SoccerJuggling_g06_c02,data/UCF101_data/UCF-101/SoccerJuggling/v_SoccerJuggling_g06_c02.avi,83,8,100,4,83,True,True,0.9640090465545654,0.01413468411192298,0.0034902662446256727,0.5121403108350933,135,8,8,8,False,
ucf101,val,v_SoccerJuggling_g07_c05,data/UCF101_data/UCF-101/SoccerJuggling/v_SoccerJuggling_g07_c05.avi,83,8,100,4,83,True,True,0.9658806920051575,0.0157868848182261,0.0034902662446256727,0.49705046601593494,360,8,8,8,False,
ucf101,val,v_SoccerJuggling_g03_c02,data/UCF101_data/UCF-101/SoccerJuggling/v_SoccerJuggling_g03_c02.avi,83,8,100,4,83,True,True,0.9432228207588196,0.014754943083971739,0.0034902662446256727,0.48044435726478696,230,8,8,8,False,
ucf101,val,v_SoccerJuggling_g04_c06,data/UCF101_data/UCF-101/SoccerJuggling/v_SoccerJuggling_g04_c06.avi,83,8,100,4,83,True,True,0.9767127633094788,0.03688741661608219,0.00401772468467243,0.9246107069775462,360,8,8,8,False,
ucf101,val,v_SoccerJuggling_g06_c04,data/UCF101_data/UCF-101/SoccerJuggling/v_SoccerJuggling_g06_c04.avi,83,8,100,4,83,True,True,0.967474639415741,0.014009593985974789,0.00401772468467243,0.8843739191070199,92,8,8,8,False,
ucf101,val,v_SoccerJuggling_g07_c01,data/UCF101_data/UCF-101/SoccerJuggling/v_SoccerJuggling_g07_c01.avi,83,8,100,4,83,True,True,0.971974790096283,0.014513808768242598,0.00401772468467243,0.8693651249632239,301,8,8,8,False,
ucf101,val,v_SoccerJuggling_g02_c05,data/UCF101_data/UCF-101/SoccerJuggling/v_SoccerJuggling_g02_c05.avi,83,8,100,4,83,True,True,0.9167177081108093,0.015266016125679016,0.00401772468467243,0.8539105718955398,240,8,8,8,False,
ucf101,val,v_SoccerJuggling_g07_c02,data/UCF101_data/UCF-101/SoccerJuggling/v_SoccerJuggling_g07_c02.avi,83,8,100,4,83,True,True,0.9773697257041931,0.014910523314028978,0.00401772468467243,0.8379375119693577,301,8,8,8,False,
ucf101,val,v_SoccerJuggling_g01_c02,data/UCF101_data/UCF-101/SoccerJuggling/v_SoccerJuggling_g01_c02.avi,83,8,100,4,83,True,True,0.8651699423789978,0.016562384087592363,0.00401772468467243,0.822057771962136,502,8,8,8,False,
ucf101,val,v_SoccerJuggling_g03_c04,data/UCF101_data/UCF-101/SoccerJuggling/v_SoccerJuggling_g03_c04.avi,83,8,100,4,83,True,True,0.7746060490608215,0.014453581999987364,0.00401772468467243,0.8045025807805359,230,8,8,8,False,
ucf101,val,v_SoccerJuggling_g01_c04,data/UCF101_data/UCF-101/SoccerJuggling/v_SoccerJuggling_g01_c04.avi,83,8,100,4,83,True,True,0.6593248844146729,0.01848958618938923,0.00401772468467243,0.7890137829817832,705,8,8,8,False,
ucf101,val,v_SoccerJuggling_g05_c05,data/UCF101_data/UCF-101/SoccerJuggling/v_SoccerJuggling_g05_c05.avi,83,8,100,4,83,True,True,0.9764708280563354,0.015616029035300016,0.00401772468467243,0.7691303086467087,240,8,8,8,False,
ucf101,val,v_SoccerJuggling_g02_c06,data/UCF101_data/UCF-101/SoccerJuggling/v_SoccerJuggling_g02_c06.avi,83,8,100,4,83,True,True,0.9346075057983398,0.015187566168606281,0.00401772468467243,0.7527914331294596,240,8,8,8,False,
ucf101,val,v_SoccerJuggling_g05_c02,data/UCF101_data/UCF-101/SoccerJuggling/v_SoccerJuggling_g05_c02.avi,83,8,100,4,83,True,True,0.9712083339691162,0.01552596827968955,0.00401772468467243,0.7369318720884621,240,8,8,8,False,
ucf101,val,v_SoccerJuggling_g07_c07,data/UCF101_data/UCF-101/SoccerJuggling/v_SoccerJuggling_g07_c07.avi,83,8,100,4,83,True,True,0.8620105385780334,0.01563217118382454,0.00401772468467243,0.7206697179935873,360,8,8,8,False,
ucf101,val,v_SoccerJuggling_g04_c02,data/UCF101_data/UCF-101/SoccerJuggling/v_SoccerJuggling_g04_c02.avi,83,8,100,4,83,True,True,0.974876344203949,0.015833095647394657,0.00401772468467243,0.704316034913063,360,8,8,8,False,
ucf101,val,v_SoccerJuggling_g07_c03,data/UCF101_data/UCF-101/SoccerJuggling/v_SoccerJuggling_g07_c03.avi,83,8,100,4,83,True,True,0.9564541578292847,0.014465895015746355,0.00401772468467243,0.687754969112575,301,8,8,8,False,
ucf101,val,v_SoccerJuggling_g02_c01,data/UCF101_data/UCF-101/SoccerJuggling/v_SoccerJuggling_g02_c01.avi,83,8,100,4,83,True,True,0.8480176329612732,0.01635053101927042,0.00401772468467243,0.6721360660158098,240,8,8,8,False,
ucf101,val,v_SoccerJuggling_g06_c03,data/UCF101_data/UCF-101/SoccerJuggling/v_SoccerJuggling_g06_c03.avi,83,8,100,4,83,True,True,0.9682539105415344,0.014030572958290577,0.00401772468467243,0.6547611407004297,229,8,8,8,False,
ucf101,val,v_SoccerPenalty_g03_c05,data/UCF101_data/UCF-101/SoccerPenalty/v_SoccerPenalty_g03_c05.avi,84,8,100,4,84,True,True,0.9826114773750305,0.008739572949707508,0.00401772468467243,0.6398257249966264,70,8,8,8,False,
ucf101,val,v_SoccerPenalty_g06_c01,data/UCF101_data/UCF-101/SoccerPenalty/v_SoccerPenalty_g06_c01.avi,84,8,100,4,84,True,True,0.9555268883705139,0.009633641224354506,0.00401772468467243,0.630141865927726,101,8,8,8,False,
ucf101,val,v_SoccerPenalty_g07_c05,data/UCF101_data/UCF-101/SoccerPenalty/v_SoccerPenalty_g07_c05.avi,84,8,100,4,84,True,True,0.979007363319397,0.008495794143527746,0.00401772468467243,0.6194419730454683,70,8,8,8,False,
ucf101,val,v_SoccerPenalty_g06_c06,data/UCF101_data/UCF-101/SoccerPenalty/v_SoccerPenalty_g06_c06.avi,84,8,100,4,84,True,True,0.9471055865287781,0.009239344857633114,0.00401772468467243,0.6100217755883932,86,8,8,8,False,
ucf101,val,v_SoccerPenalty_g07_c03,data/UCF101_data/UCF-101/SoccerPenalty/v_SoccerPenalty_g07_c03.avi,84,8,100,4,84,True,True,0.9821861982345581,0.008881143759936094,0.00401772468467243,0.5997480191290379,73,8,8,8,False,
ucf101,val,v_SoccerPenalty_g02_c05,data/UCF101_data/UCF-101/SoccerPenalty/v_SoccerPenalty_g02_c05.avi,84,8,100,4,84,True,True,0.9800317287445068,0.009682464879006147,0.00401772468467243,0.5899415910243988,100,8,8,8,False,
ucf101,val,v_SoccerPenalty_g05_c03,data/UCF101_data/UCF-101/SoccerPenalty/v_SoccerPenalty_g05_c03.avi,84,8,100,4,84,True,True,0.906022846698761,0.008988870307803154,0.00401772468467243,0.5794684910215437,89,8,8,8,False,
ucf101,val,v_SoccerPenalty_g06_c07,data/UCF101_data/UCF-101/SoccerPenalty/v_SoccerPenalty_g06_c07.avi,84,8,100,4,84,True,True,0.9362610578536987,0.007956102024763823,0.00401772468467243,0.5694884462282062,62,8,8,8,False,
ucf101,val,v_SoccerPenalty_g04_c03,data/UCF101_data/UCF-101/SoccerPenalty/v_SoccerPenalty_g04_c03.avi,84,8,100,4,84,True,True,0.9753119945526123,0.00821891613304615,0.00401772468467243,0.5606997297145426,70,8,8,8,False,
ucf101,val,v_SoccerPenalty_g05_c04,data/UCF101_data/UCF-101/SoccerPenalty/v_SoccerPenalty_g05_c04.avi,84,8,100,4,84,True,True,0.8893548250198364,0.00863969186320901,0.00401772468467243,0.5513751576654613,79,8,8,8,False,
ucf101,val,v_SoccerPenalty_g03_c03,data/UCF101_data/UCF-101/SoccerPenalty/v_SoccerPenalty_g03_c03.avi,84,8,100,4,84,True,True,0.982437014579773,0.010624409187585115,0.00401772468467243,0.5418377160094678,138,8,8,8,False,
ucf101,val,v_SoccerPenalty_g06_c04,data/UCF101_data/UCF-101/SoccerPenalty/v_SoccerPenalty_g06_c04.avi,84,8,100,4,84,True,True,0.9423708319664001,0.007787866052240133,0.00401772468467243,0.5298706479370594,55,8,8,8,False,
ucf101,val,v_SoccerPenalty_g07_c01,data/UCF101_data/UCF-101/SoccerPenalty/v_SoccerPenalty_g07_c01.avi,84,8,100,4,84,True,True,0.9782666563987732,0.00800374336540699,0.00401772468467243,0.5212763398885727,60,8,8,8,False,
ucf101,val,v_SoccerPenalty_g05_c01,data/UCF101_data/UCF-101/SoccerPenalty/v_SoccerPenalty_g05_c01.avi,84,8,100,4,84,True,True,0.8940727710723877,0.009098098147660494,0.00401772468467243,0.512557374779135,94,8,8,8,False,
ucf101,val,v_SoccerPenalty_g04_c04,data/UCF101_data/UCF-101/SoccerPenalty/v_SoccerPenalty_g04_c04.avi,84,8,100,4,84,True,True,0.9758394956588745,0.008823508862406015,0.00401772468467243,0.5024478901177645,83,8,8,8,False,
ucf101,val,v_SoccerPenalty_g01_c02,data/UCF101_data/UCF-101/SoccerPenalty/v_SoccerPenalty_g01_c02.avi,84,8,100,4,84,True,True,0.9593686461448669,0.010677772108465433,0.00401772468467243,0.4926843186840415,138,8,8,8,False,
ucf101,val,v_SoccerPenalty_g04_c05,data/UCF101_data/UCF-101/SoccerPenalty/v_SoccerPenalty_g04_c05.avi,84,8,100,4,84,True,True,0.9772956967353821,0.030238524079322815,0.0036490694765234366,0.9108223528601229,115,8,8,8,False,
ucf101,val,v_SoccerPenalty_g06_c02,data/UCF101_data/UCF-101/SoccerPenalty/v_SoccerPenalty_g06_c02.avi,84,8,100,4,84,True,True,0.9494178295135498,0.00818938808515668,0.0036490694765234366,0.8782896311022341,50,8,8,8,False,
ucf101,val,v_SoccerPenalty_g07_c04,data/UCF101_data/UCF-101/SoccerPenalty/v_SoccerPenalty_g07_c04.avi,84,8,100,4,84,True,True,0.9731485843658447,0.008641494903713465,0.0036490694765234366,0.8692607148550451,71,8,8,8,False,
ucf101,val,v_SoccerPenalty_g01_c03,data/UCF101_data/UCF-101/SoccerPenalty/v_SoccerPenalty_g01_c03.avi,84,8,100,4,84,True,True,0.9580969214439392,0.011234871111810207,0.0036490694765234366,0.8596989279612899,148,8,8,8,False,
ucf101,val,v_StillRings_g05_c02,data/UCF101_data/UCF-101/StillRings/v_StillRings_g05_c02.avi,85,8,100,4,85,True,True,0.9490517973899841,0.012561946175992489,0.0036490694765234366,0.847582648973912,166,8,8,8,False,
ucf101,val,v_StillRings_g01_c04,data/UCF101_data/UCF-101/StillRings/v_StillRings_g01_c04.avi,85,8,100,4,85,True,True,0.9593779444694519,0.010769395157694817,0.0036490694765234366,0.8336731088347733,138,8,8,8,False,
ucf101,val,v_StillRings_g04_c02,data/UCF101_data/UCF-101/StillRings/v_StillRings_g04_c02.avi,85,8,100,4,85,True,True,0.9284480810165405,0.012790503911674023,0.0036490694765234366,0.8216610876843333,183,8,8,8,False,
ucf101,val,v_StillRings_g07_c04,data/UCF101_data/UCF-101/StillRings/v_StillRings_g07_c04.avi,85,8,100,4,85,True,True,0.6364085674285889,0.01417734706774354,0.0036490694765234366,0.8071559420786798,216,8,8,8,False,
ucf101,val,v_StillRings_g03_c04,data/UCF101_data/UCF-101/StillRings/v_StillRings_g03_c04.avi,85,8,100,4,85,True,True,0.7098268866539001,0.010410203132778406,0.0036490694765234366,0.7919207513332367,123,8,8,8,False,
ucf101,val,v_StillRings_g03_c01,data/UCF101_data/UCF-101/StillRings/v_StillRings_g03_c01.avi,85,8,100,4,4,False,True,0.41612523794174194,0.010101713240146637,0.0036490694765234366,0.7802910469472408,116,8,8,8,False,
ucf101,val,v_StillRings_g02_c04,data/UCF101_data/UCF-101/StillRings/v_StillRings_g02_c04.avi,85,8,100,4,85,True,True,0.9118412137031555,0.011742680799216032,0.0036490694765234366,0.7693550121039152,156,8,8,8,False,
ucf101,val,v_StillRings_g05_c04,data/UCF101_data/UCF-101/StillRings/v_StillRings_g05_c04.avi,85,8,100,4,85,True,True,0.9691261649131775,0.009629719890654087,0.0036490694765234366,0.7567085460759699,106,8,8,8,False,
ucf101,val,v_StillRings_g07_c01,data/UCF101_data/UCF-101/StillRings/v_StillRings_g07_c01.avi,85,8,100,4,85,True,True,0.7511925101280212,0.013009253889322281,0.0036490694765234366,0.7459840099327266,162,8,8,8,False,
ucf101,val,v_StillRings_g04_c04,data/UCF101_data/UCF-101/StillRings/v_StillRings_g04_c04.avi,85,8,100,4,67,False,True,0.4171154201030731,0.008759628050029278,0.0036490694765234366,0.7318528457544744,77,8,8,8,False,
ucf101,val,v_StillRings_g01_c05,data/UCF101_data/UCF-101/StillRings/v_StillRings_g01_c05.avi,85,8,100,4,85,True,True,0.8983479738235474,0.01759867463260889,0.0036490694765234366,0.7221719599328935,236,8,8,8,False,
ucf101,val,v_StillRings_g03_c02,data/UCF101_data/UCF-101/StillRings/v_StillRings_g03_c02.avi,85,8,100,4,85,True,True,0.8007228374481201,0.009989054873585701,0.0036490694765234366,0.7029644739814103,113,8,8,8,False,
ucf101,val,v_StillRings_g01_c03,data/UCF101_data/UCF-101/StillRings/v_StillRings_g01_c03.avi,85,8,100,4,85,True,True,0.951836347579956,0.011615124996751547,0.0036490694765234366,0.6919051171280444,146,8,8,8,False,
ucf101,val,v_StillRings_g04_c03,data/UCF101_data/UCF-101/StillRings/v_StillRings_g04_c03.avi,85,8,100,4,85,True,True,0.872793436050415,0.01233233604580164,0.0036490694765234366,0.6790468278340995,177,8,8,8,False,
ucf101,val,v_StillRings_g06_c01,data/UCF101_data/UCF-101/StillRings/v_StillRings_g06_c01.avi,85,8,100,4,85,True,True,0.9234969615936279,0.011680412106215954,0.0036490694765234366,0.6652130400761962,155,8,8,8,False,
ucf101,val,v_StillRings_g03_c03,data/UCF101_data/UCF-101/StillRings/v_StillRings_g03_c03.avi,85,8,100,4,85,True,True,0.8379086256027222,0.011018358170986176,0.0036490694765234366,0.6522362260147929,146,8,8,8,False,
ucf101,val,v_StillRings_g06_c03,data/UCF101_data/UCF-101/StillRings/v_StillRings_g06_c03.avi,85,8,100,4,85,True,True,0.8330382108688354,0.010514539666473866,0.0036490694765234366,0.6399788269773126,128,8,8,8,False,
ucf101,val,v_StillRings_g05_c01,data/UCF101_data/UCF-101/StillRings/v_StillRings_g05_c01.avi,85,8,100,4,85,True,True,0.9422634840011597,0.009170201141387224,0.0036490694765234366,0.6285960250534117,86,8,8,8,False,
ucf101,val,v_StillRings_g04_c01,data/UCF101_data/UCF-101/StillRings/v_StillRings_g04_c01.avi,85,8,100,4,85,True,True,0.9297029376029968,0.010037855245172977,0.0036490694765234366,0.618443466257304,113,8,8,8,False,
ucf101,val,v_StillRings_g03_c06,data/UCF101_data/UCF-101/StillRings/v_StillRings_g03_c06.avi,85,8,100,4,85,True,True,0.8295332789421082,0.015146073885262012,0.0036490694765234366,0.6073654559440911,261,8,8,8,False,
ucf101,val,v_SumoWrestling_g06_c06,data/UCF101_data/UCF-101/SumoWrestling/v_SumoWrestling_g06_c06.avi,86,8,100,4,86,True,True,0.9747465252876282,0.014863916207104921,0.0036490694765234366,0.5902760741300881,228,8,8,8,False,
ucf101,val,v_SumoWrestling_g03_c01,data/UCF101_data/UCF-101/SumoWrestling/v_SumoWrestling_g03_c01.avi,86,8,100,4,86,True,True,0.9802950024604797,0.010117546189576387,0.0036490694765234366,0.5743685089983046,116,8,8,8,False,
ucf101,val,v_SumoWrestling_g02_c02,data/UCF101_data/UCF-101/SumoWrestling/v_SumoWrestling_g02_c02.avi,86,8,100,4,86,True,True,0.977029025554657,0.00983129395172,0.0036490694765234366,0.5634306189604104,111,8,8,8,False,
ucf101,val,v_SumoWrestling_g03_c02,data/UCF101_data/UCF-101/SumoWrestling/v_SumoWrestling_g03_c02.avi,86,8,100,4,86,True,True,0.9776480197906494,0.016241406090557575,0.0036490694765234366,0.552552105858922,231,8,8,8,False,
ucf101,val,v_SumoWrestling_g05_c02,data/UCF101_data/UCF-101/SumoWrestling/v_SumoWrestling_g05_c02.avi,86,8,100,4,86,True,True,0.9591244459152222,0.01905973581597209,0.0036490694765234366,0.5355669679120183,289,8,8,8,False,
ucf101,val,v_SumoWrestling_g04_c01,data/UCF101_data/UCF-101/SumoWrestling/v_SumoWrestling_g04_c01.avi,86,8,100,4,86,True,True,0.962510347366333,0.012247106060385704,0.0036490694765234366,0.5147083508782089,171,8,8,8,False,
ucf101,val,v_SumoWrestling_g06_c01,data/UCF101_data/UCF-101/SumoWrestling/v_SumoWrestling_g06_c01.avi,86,8,100,4,86,True,True,0.9831579923629761,0.01618941780179739,0.0036490694765234366,0.5011301119811833,241,8,8,8,False,
ucf101,val,v_SumoWrestling_g07_c07,data/UCF101_data/UCF-101/SumoWrestling/v_SumoWrestling_g07_c07.avi,86,8,100,4,86,True,True,0.9751117825508118,0.01234135264530778,0.0036490694765234366,0.4835884547792375,187,8,8,8,False,
ucf101,val,v_SumoWrestling_g03_c03,data/UCF101_data/UCF-101/SumoWrestling/v_SumoWrestling_g03_c03.avi,86,8,100,4,86,True,True,0.9795160889625549,0.056424167938530445,0.004002968606073409,1.0877185161225498,251,8,8,8,False,
ucf101,val,v_SumoWrestling_g02_c01,data/UCF101_data/UCF-101/SumoWrestling/v_SumoWrestling_g02_c01.avi,86,8,100,4,86,True,True,0.9658237099647522,0.01723221316933632,0.004002968606073409,1.0283941980451345,263,8,8,8,False,
ucf101,val,v_SumoWrestling_g06_c02,data/UCF101_data/UCF-101/SumoWrestling/v_SumoWrestling_g06_c02.avi,86,8,100,4,86,True,True,0.9728718400001526,0.011239035055041313,0.004002968606073409,1.0101343230344355,150,8,8,8,False,
ucf101,val,v_SumoWrestling_g06_c03,data/UCF101_data/UCF-101/SumoWrestling/v_SumoWrestling_g06_c03.avi,86,8,100,4,86,True,True,0.9829463958740234,0.008344984147697687,0.004002968606073409,0.9976642350666225,72,8,8,8,False,
ucf101,val,v_SumoWrestling_g06_c04,data/UCF101_data/UCF-101/SumoWrestling/v_SumoWrestling_g06_c04.avi,86,8,100,4,86,True,True,0.9812565445899963,0.017878262791782618,0.004002968606073409,0.9885933450423181,303,8,8,8,False,
ucf101,val,v_SumoWrestling_g05_c01,data/UCF101_data/UCF-101/SumoWrestling/v_SumoWrestling_g05_c01.avi,86,8,100,4,68,False,True,0.7031063437461853,0.010274804197251797,0.004002968606073409,0.9696662100031972,126,8,8,8,False,
ucf101,val,v_SumoWrestling_g01_c03,data/UCF101_data/UCF-101/SumoWrestling/v_SumoWrestling_g01_c03.avi,86,8,100,4,70,False,True,0.666458785533905,0.009844009764492512,0.004002968606073409,0.9581018732860684,112,8,8,8,False,
ucf101,val,v_SumoWrestling_g04_c02,data/UCF101_data/UCF-101/SumoWrestling/v_SumoWrestling_g04_c02.avi,86,8,100,4,23,False,True,0.28931182622909546,0.015053439885377884,0.004002968606073409,0.9474132573232055,255,8,8,8,False,
ucf101,val,v_SumoWrestling_g07_c01,data/UCF101_data/UCF-101/SumoWrestling/v_SumoWrestling_g07_c01.avi,86,8,100,4,86,True,True,0.9818660616874695,0.009740182664245367,0.004002968606073409,0.9313563648611307,109,8,8,8,False,
ucf101,val,v_SumoWrestling_g03_c04,data/UCF101_data/UCF-101/SumoWrestling/v_SumoWrestling_g03_c04.avi,86,8,100,4,86,True,True,0.976228654384613,0.019111301749944687,0.004002968606073409,0.9205970289185643,273,8,8,8,False,
ucf101,val,v_SumoWrestling_g01_c01,data/UCF101_data/UCF-101/SumoWrestling/v_SumoWrestling_g01_c01.avi,86,8,100,4,86,True,True,0.9655418992042542,0.014694379176944494,0.004002968606073409,0.9002189342863858,241,8,8,8,False,
ucf101,val,v_SumoWrestling_g07_c05,data/UCF101_data/UCF-101/SumoWrestling/v_SumoWrestling_g07_c05.avi,86,8,100,4,86,True,True,0.9811582565307617,0.014721698127686977,0.004002968606073409,0.8838354363106191,247,8,8,8,False,
ucf101,val,v_Surfing_g04_c03,data/UCF101_data/UCF-101/Surfing/v_Surfing_g04_c03.avi,87,8,100,4,87,True,True,0.9856751561164856,0.011170085985213518,0.004002968606073409,0.8672609888017178,144,8,8,8,False,
ucf101,val,v_Surfing_g02_c05,data/UCF101_data/UCF-101/Surfing/v_Surfing_g02_c05.avi,87,8,100,4,87,True,True,0.9885889291763306,0.011811292730271816,0.004002968606073409,0.8550072940997779,168,8,8,8,False,
ucf101,val,v_Surfing_g07_c02,data/UCF101_data/UCF-101/Surfing/v_Surfing_g07_c02.avi,87,8,100,4,87,True,True,0.8688843846321106,0.015722734853625298,0.004002968606073409,0.8422788050957024,241,8,8,8,False,
ucf101,val,v_Surfing_g01_c07,data/UCF101_data/UCF-101/Surfing/v_Surfing_g01_c07.avi,87,8,100,4,87,True,True,0.9863795638084412,0.015393414068967104,0.004002968606073409,0.8251139470376074,235,8,8,8,False,
ucf101,val,v_Surfing_g02_c04,data/UCF101_data/UCF-101/Surfing/v_Surfing_g02_c04.avi,87,8,100,4,87,True,True,0.9879330992698669,0.014825786929577589,0.004002968606073409,0.8079639170318842,243,8,8,8,False,
ucf101,val,v_Surfing_g05_c04,data/UCF101_data/UCF-101/Surfing/v_Surfing_g05_c04.avi,87,8,100,4,87,True,True,0.9882794618606567,0.014750504866242409,0.004002968606073409,0.7914438922889531,241,8,8,8,False,
ucf101,val,v_Surfing_g03_c03,data/UCF101_data/UCF-101/Surfing/v_Surfing_g03_c03.avi,87,8,100,4,87,True,True,0.9873437881469727,0.03518385998904705,0.004002968606073409,0.7750820200890303,125,8,8,8,False,
ucf101,val,v_Surfing_g07_c01,data/UCF101_data/UCF-101/Surfing/v_Surfing_g07_c01.avi,87,8,100,4,87,True,True,0.9819062948226929,0.01717071235179901,0.004002968606073409,0.7361197238788009,264,8,8,8,False,
ucf101,val,v_Surfing_g02_c01,data/UCF101_data/UCF-101/Surfing/v_Surfing_g02_c01.avi,87,8,100,4,87,True,True,0.9809685349464417,0.011771980673074722,0.004002968606073409,0.7178326342254877,158,8,8,8,False,
ucf101,val,v_Surfing_g01_c05,data/UCF101_data/UCF-101/Surfing/v_Surfing_g01_c05.avi,87,8,100,4,87,True,True,0.9852645993232727,0.010142375249415636,0.004002968606073409,0.7047404791228473,118,8,8,8,False,
ucf101,val,v_Surfing_g05_c03,data/UCF101_data/UCF-101/Surfing/v_Surfing_g05_c03.avi,87,8,100,4,87,True,True,0.9873244762420654,0.016575124114751816,0.004002968606073409,0.6935453210026026,277,8,8,8,False,
ucf101,val,v_Surfing_g01_c03,data/UCF101_data/UCF-101/Surfing/v_Surfing_g01_c03.avi,87,8,100,4,87,True,True,0.9885578155517578,0.014670712873339653,0.004002968606073409,0.6754125747829676,220,8,8,8,False,
ucf101,val,v_Surfing_g02_c03,data/UCF101_data/UCF-101/Surfing/v_Surfing_g02_c03.avi,87,8,100,4,87,True,True,0.9870529770851135,0.02064397605136037,0.004002968606073409,0.6597046363167465,279,8,8,8,False,
ucf101,val,v_Surfing_g01_c04,data/UCF101_data/UCF-101/Surfing/v_Surfing_g01_c04.avi,87,8,100,4,87,True,True,0.9888385534286499,0.01832599425688386,0.004002968606073409,0.6382469506934285,283,8,8,8,False,
ucf101,val,v_Surfing_g03_c04,data/UCF101_data/UCF-101/Surfing/v_Surfing_g03_c04.avi,87,8,100,4,87,True,True,0.9888858795166016,0.03585263807326555,0.004002968606073409,0.6189831760711968,134,8,8,8,False,
ucf101,val,v_Surfing_g04_c01,data/UCF101_data/UCF-101/Surfing/v_Surfing_g04_c01.avi,87,8,100,4,87,True,True,0.9843475818634033,0.010213759262114763,0.004002968606073409,0.5804859139025211,113,8,8,8,False,
ucf101,val,v_Surfing_g04_c02,data/UCF101_data/UCF-101/Surfing/v_Surfing_g04_c02.avi,87,8,100,4,87,True,True,0.989193856716156,0.012054457794874907,0.004002968606073409,0.5691319131292403,176,8,8,8,False,
ucf101,val,v_Surfing_g01_c02,data/UCF101_data/UCF-101/Surfing/v_Surfing_g01_c02.avi,87,8,100,4,87,True,True,0.9614895582199097,0.01320501696318388,0.004002968606073409,0.556144034024328,203,8,8,8,False,
ucf101,val,v_Surfing_g06_c04,data/UCF101_data/UCF-101/Surfing/v_Surfing_g06_c04.avi,87,8,100,4,87,True,True,0.9859607219696045,0.040617494843900204,0.004002968606073409,0.5414470848627388,139,8,8,8,False,
ucf101,val,v_Surfing_g01_c06,data/UCF101_data/UCF-101/Surfing/v_Surfing_g01_c06.avi,87,8,100,4,87,True,True,0.9846628904342651,0.015431821346282959,0.004002968606073409,0.49811139004305005,213,8,8,8,False,
ucf101,val,v_Swing_g07_c05,data/UCF101_data/UCF-101/Swing/v_Swing_g07_c05.avi,88,8,100,4,88,True,True,0.8825222849845886,0.03602508036419749,0.0037978666950948536,1.2793762260116637,151,8,8,8,False,
ucf101,val,v_Swing_g02_c04,data/UCF101_data/UCF-101/Swing/v_Swing_g02_c04.avi,88,8,100,4,88,True,True,0.9068586230278015,0.01633708318695426,0.0037978666950948536,1.2414785497821867,335,8,8,8,False,
ucf101,val,v_Swing_g07_c04,data/UCF101_data/UCF-101/Swing/v_Swing_g07_c04.avi,88,8,100,4,88,True,True,0.9560044407844543,0.015202349051833153,0.0037978666950948536,1.2242966410703957,201,8,8,8,False,
ucf101,val,v_Swing_g05_c04,data/UCF101_data/UCF-101/Swing/v_Swing_g05_c04.avi,88,8,100,4,88,True,True,0.9527434706687927,0.013988452032208443,0.0037978666950948536,1.207987662870437,109,8,8,8,False,
ucf101,val,v_Swing_g02_c05,data/UCF101_data/UCF-101/Swing/v_Swing_g02_c05.avi,88,8,100,4,88,True,True,0.5017211437225342,0.014674868900328875,0.0037978666950948536,1.1931145838461816,201,8,8,8,False,
ucf101,val,v_Swing_g03_c01,data/UCF101_data/UCF-101/Swing/v_Swing_g03_c01.avi,88,8,100,4,32,False,True,0.19883570075035095,0.01371538732200861,0.0037978666950948536,1.1772713889367878,145,8,8,8,False,
ucf101,val,v_Swing_g03_c02,data/UCF101_data/UCF-101/Swing/v_Swing_g03_c02.avi,88,8,100,4,88,True,True,0.18789254128932953,0.013712127227336168,0.0037978666950948536,1.162686818279326,145,8,8,8,False,
ucf101,val,v_Swing_g07_c02,data/UCF101_data/UCF-101/Swing/v_Swing_g07_c02.avi,88,8,100,4,88,True,True,0.9720242023468018,0.014865808188915253,0.0037978666950948536,1.1480883960612118,251,8,8,8,False,
ucf101,val,v_Swing_g06_c01,data/UCF101_data/UCF-101/Swing/v_Swing_g06_c01.avi,88,8,100,4,88,True,True,0.967151403427124,0.013279296923428774,0.0037978666950948536,1.1324033457785845,126,8,8,8,False,
ucf101,val,v_Swing_g01_c03,data/UCF101_data/UCF-101/Swing/v_Swing_g01_c03.avi,88,8,100,4,88,True,True,0.6647924184799194,0.014349093195050955,0.0037978666950948536,1.118198597803712,168,8,8,8,False,
ucf101,val,v_Swing_g05_c06,data/UCF101_data/UCF-101/Swing/v_Swing_g05_c06.avi,88,8,100,4,88,True,True,0.9600697159767151,0.014606049284338951,0.0037978666950948536,1.1031773812137544,201,8,8,8,False,
ucf101,val,v_Swing_g07_c01,data/UCF101_data/UCF-101/Swing/v_Swing_g07_c01.avi,88,8,100,4,88,True,True,0.9491139650344849,0.013420278206467628,0.0037978666950948536,1.0876179309561849,126,8,8,8,False,
ucf101,val,v_Swing_g05_c01,data/UCF101_data/UCF-101/Swing/v_Swing_g05_c01.avi,88,8,100,4,88,True,True,0.9676175117492676,0.013815316837280989,0.0037978666950948536,1.0730976900085807,109,8,8,8,False,
ucf101,val,v_Swing_g05_c03,data/UCF101_data/UCF-101/Swing/v_Swing_g05_c03.avi,88,8,100,4,88,True,True,0.8964666724205017,0.013726293109357357,0.0037978666950948536,1.0583606283180416,109,8,8,8,False,
ucf101,val,v_Swing_g02_c03,data/UCF101_data/UCF-101/Swing/v_Swing_g02_c03.avi,88,8,100,4,88,True,True,0.9025236368179321,0.01527189090847969,0.0037978666950948536,1.0437469379976392,300,8,8,8,False,
ucf101,val,v_Swing_g04_c01,data/UCF101_data/UCF-101/Swing/v_Swing_g04_c01.avi,88,8,100,4,88,True,True,0.8004962205886841,0.013834761921316385,0.0037978666950948536,1.0277622281573713,126,8,8,8,False,
ucf101,val,v_Swing_g04_c06,data/UCF101_data/UCF-101/Swing/v_Swing_g04_c06.avi,88,8,100,4,88,True,True,0.928301215171814,0.014803358819335699,0.0037978666950948536,1.0130270309746265,201,8,8,8,False,
ucf101,val,v_Swing_g07_c03,data/UCF101_data/UCF-101/Swing/v_Swing_g07_c03.avi,88,8,100,4,88,True,True,0.9604510068893433,0.015249275136739016,0.0037978666950948536,0.9972287616692483,251,8,8,8,False,
ucf101,val,v_Swing_g06_c06,data/UCF101_data/UCF-101/Swing/v_Swing_g06_c06.avi,88,8,100,4,88,True,True,0.9677137136459351,0.014473786111921072,0.0037978666950948536,0.9811311052180827,151,8,8,8,False,
ucf101,val,v_Swing_g06_c04,data/UCF101_data/UCF-101/Swing/v_Swing_g06_c04.avi,88,8,100,4,88,True,True,0.711898922920227,0.013360353652387857,0.0037978666950948536,0.9654874131083488,126,8,8,8,False,
ucf101,val,v_TableTennisShot_g03_c05,data/UCF101_data/UCF-101/TableTennisShot/v_TableTennisShot_g03_c05.avi,89,8,100,4,89,True,True,0.8386759757995605,0.02621975913643837,0.0037978666950948536,0.9511415790766478,106,8,8,8,False,
ucf101,val,v_TableTennisShot_g06_c06,data/UCF101_data/UCF-101/TableTennisShot/v_TableTennisShot_g06_c06.avi,89,8,100,4,89,True,True,0.9617576599121094,0.03180840611457825,0.0037978666950948536,0.9227240341715515,123,8,8,8,False,
ucf101,val,v_TableTennisShot_g04_c01,data/UCF101_data/UCF-101/TableTennisShot/v_TableTennisShot_g04_c01.avi,89,8,100,4,89,True,True,0.978807806968689,0.04961729794740677,0.0037978666950948536,0.8889623670838773,210,8,8,8,False,
ucf101,val,v_TableTennisShot_g04_c05,data/UCF101_data/UCF-101/TableTennisShot/v_TableTennisShot_g04_c05.avi,89,8,100,4,89,True,True,0.9414820671081543,0.028148991987109184,0.0037978666950948536,0.8377644042484462,104,8,8,8,False,
ucf101,val,v_TableTennisShot_g06_c02,data/UCF101_data/UCF-101/TableTennisShot/v_TableTennisShot_g06_c02.avi,89,8,100,4,89,True,True,0.9674733281135559,0.04407570604234934,0.0037978666950948536,0.8071431228891015,175,8,8,8,False,
ucf101,val,v_TableTennisShot_g03_c03,data/UCF101_data/UCF-101/TableTennisShot/v_TableTennisShot_g03_c03.avi,89,8,100,4,89,True,True,0.8097514510154724,0.026898324955254793,0.0037978666950948536,0.7597070159390569,105,8,8,8,False,
ucf101,val,v_TableTennisShot_g05_c02,data/UCF101_data/UCF-101/TableTennisShot/v_TableTennisShot_g05_c02.avi,89,8,100,4,89,True,True,0.9264382123947144,0.040715125389397144,0.0037978666950948536,0.7299528331495821,173,8,8,8,False,
ucf101,val,v_TableTennisShot_g05_c07,data/UCF101_data/UCF-101/TableTennisShot/v_TableTennisShot_g05_c07.avi,89,8,100,4,89,True,True,0.9810624718666077,0.03715413203462958,0.0037978666950948536,0.6864712927490473,157,8,8,8,False,
ucf101,val,v_TableTennisShot_g07_c04,data/UCF101_data/UCF-101/TableTennisShot/v_TableTennisShot_g07_c04.avi,89,8,100,4,89,True,True,0.9723323583602905,0.02311825379729271,0.0037978666950948536,0.6466979878023267,80,8,8,8,False,
ucf101,val,v_TableTennisShot_g05_c03,data/UCF101_data/UCF-101/TableTennisShot/v_TableTennisShot_g05_c03.avi,89,8,100,4,89,True,True,0.7905733585357666,0.05213672295212746,0.0037978666950948536,0.6210885150358081,221,8,8,8,False,
ucf101,val,v_TableTennisShot_g02_c04,data/UCF101_data/UCF-101/TableTennisShot/v_TableTennisShot_g02_c04.avi,89,8,100,4,89,True,True,0.9418827891349792,0.03308064304292202,0.0037978666950948536,0.5661700409837067,119,8,8,8,False,
ucf101,val,v_TableTennisShot_g06_c01,data/UCF101_data/UCF-101/TableTennisShot/v_TableTennisShot_g06_c01.avi,89,8,100,4,89,True,True,0.9636772274971008,0.052426683716475964,0.0037978666950948536,0.5303476192057133,207,8,8,8,False,
ucf101,val,v_TableTennisShot_g06_c05,data/UCF101_data/UCF-101/TableTennisShot/v_TableTennisShot_g06_c05.avi,89,8,100,4,89,True,True,0.9694389700889587,0.04587663197889924,0.0034298276877962053,1.1746257590129972,170,8,8,8,False,
ucf101,val,v_TableTennisShot_g04_c02,data/UCF101_data/UCF-101/TableTennisShot/v_TableTennisShot_g04_c02.avi,89,8,100,4,89,True,True,0.9764004945755005,0.034694976173341274,0.0034298276877962053,1.1264526559971273,134,8,8,8,False,
ucf101,val,v_TableTennisShot_g05_c04,data/UCF101_data/UCF-101/TableTennisShot/v_TableTennisShot_g05_c04.avi,89,8,100,4,89,True,True,0.9814961552619934,0.0422029341571033,0.0034298276877962053,1.0897044241428375,176,8,8,8,False,
ucf101,val,v_TableTennisShot_g03_c04,data/UCF101_data/UCF-101/TableTennisShot/v_TableTennisShot_g03_c04.avi,89,8,100,4,89,True,True,0.9435285925865173,0.032972616609185934,0.0034298276877962053,1.0439738160930574,131,8,8,8,False,
ucf101,val,v_TableTennisShot_g01_c06,data/UCF101_data/UCF-101/TableTennisShot/v_TableTennisShot_g01_c06.avi,89,8,100,4,89,True,True,0.9403226375579834,0.0516647519543767,0.0034298276877962053,1.0083390111103654,194,8,8,8,False,
ucf101,val,v_TableTennisShot_g02_c01,data/UCF101_data/UCF-101/TableTennisShot/v_TableTennisShot_g02_c01.avi,89,8,100,4,89,True,True,0.9416508674621582,0.060116713866591454,0.0034298276877962053,0.9540806082077324,225,8,8,8,False,
ucf101,val,v_TableTennisShot_g07_c01,data/UCF101_data/UCF-101/TableTennisShot/v_TableTennisShot_g07_c01.avi,89,8,100,4,89,True,True,0.9757164716720581,0.023828746750950813,0.0034298276877962053,0.89025833690539,75,8,8,8,False,
ucf101,val,v_TableTennisShot_g01_c05,data/UCF101_data/UCF-101/TableTennisShot/v_TableTennisShot_g01_c05.avi,89,8,100,4,89,True,True,0.8808031678199768,0.04500068165361881,0.0034298276877962053,0.8637333386577666,164,8,8,8,False,
ucf101,val,v_TaiChi_g07_c04,data/UCF101_data/UCF-101/TaiChi/v_TaiChi_g07_c04.avi,90,8,100,4,90,True,True,0.8840184807777405,0.01499465899541974,0.0034298276877962053,0.8170617017894983,171,8,8,8,False,
ucf101,val,v_TaiChi_g03_c01,data/UCF101_data/UCF-101/TaiChi/v_TaiChi_g03_c01.avi,90,8,100,4,90,True,True,0.9433928728103638,0.015474813058972359,0.0034298276877962053,0.801317635923624,180,8,8,8,False,
ucf101,val,v_TaiChi_g01_c02,data/UCF101_data/UCF-101/TaiChi/v_TaiChi_g01_c02.avi,90,8,100,4,90,True,True,0.8082417845726013,0.015095412731170654,0.0034298276877962053,0.78512730775401,168,8,8,8,False,
ucf101,val,v_TaiChi_g06_c01,data/UCF101_data/UCF-101/TaiChi/v_TaiChi_g06_c01.avi,90,8,100,4,90,True,True,0.884977400302887,0.014629093930125237,0.0034298276877962053,0.7693332913331687,183,8,8,8,False,
ucf101,val,v_TaiChi_g04_c04,data/UCF101_data/UCF-101/TaiChi/v_TaiChi_g04_c04.avi,90,8,100,4,90,True,True,0.975713849067688,0.014144906308501959,0.0034298276877962053,0.7535854917950928,174,8,8,8,False,
ucf101,val,v_TaiChi_g03_c04,data/UCF101_data/UCF-101/TaiChi/v_TaiChi_g03_c04.avi,90,8,100,4,90,True,True,0.9736596941947937,0.01242337329313159,0.0034298276877962053,0.7385959671810269,171,8,8,8,False,
ucf101,val,v_TaiChi_g05_c02,data/UCF101_data/UCF-101/TaiChi/v_TaiChi_g05_c02.avi,90,8,100,4,90,True,True,0.9144015312194824,0.012711404357105494,0.0034298276877962053,0.7254750789143145,171,8,8,8,False,
ucf101,val,v_TaiChi_g01_c04,data/UCF101_data/UCF-101/TaiChi/v_TaiChi_g01_c04.avi,90,8,100,4,90,True,True,0.8183786869049072,0.015562841203063726,0.0034298276877962053,0.7120544412173331,168,8,8,8,False,
ucf101,val,v_TaiChi_g05_c01,data/UCF101_data/UCF-101/TaiChi/v_TaiChi_g05_c01.avi,90,8,100,4,90,True,True,0.8651989102363586,0.01263831090182066,0.0034298276877962053,0.6957301571965218,169,8,8,8,False,
ucf101,val,v_TaiChi_g07_c01,data/UCF101_data/UCF-101/TaiChi/v_TaiChi_g07_c01.avi,90,8,100,4,90,True,True,0.9498490691184998,0.01566177699714899,0.0034298276877962053,0.6821479541249573,192,8,8,8,False,
ucf101,val,v_TaiChi_g03_c02,data/UCF101_data/UCF-101/TaiChi/v_TaiChi_g03_c02.avi,90,8,100,4,90,True,True,0.9727079272270203,0.013249461073428392,0.0034298276877962053,0.6657234882004559,170,8,8,8,False,
ucf101,val,v_TaiChi_g01_c03,data/UCF101_data/UCF-101/TaiChi/v_TaiChi_g01_c03.avi,90,8,100,4,90,True,True,0.9003551602363586,0.012556751258671284,0.0034298276877962053,0.6512953829951584,169,8,8,8,False,
ucf101,val,v_TaiChi_g02_c02,data/UCF101_data/UCF-101/TaiChi/v_TaiChi_g02_c02.avi,90,8,100,4,90,True,True,0.9156556725502014,0.012532056774944067,0.0034298276877962053,0.6378424242138863,171,8,8,8,False,
ucf101,val,v_TaiChi_g02_c01,data/UCF101_data/UCF-101/TaiChi/v_TaiChi_g02_c01.avi,90,8,100,4,90,True,True,0.5044474005699158,0.01389760384336114,0.0034298276877962053,0.6246043429709971,176,8,8,8,False,
ucf101,val,v_TaiChi_g02_c04,data/UCF101_data/UCF-101/TaiChi/v_TaiChi_g02_c04.avi,90,8,100,4,55,False,True,0.5050801038742065,0.012540903873741627,0.0034298276877962053,0.6099125258624554,171,8,8,8,False,
ucf101,val,v_TaiChi_g07_c03,data/UCF101_data/UCF-101/TaiChi/v_TaiChi_g07_c03.avi,90,8,100,4,90,True,True,0.9736246466636658,0.012806910090148449,0.0034298276877962053,0.5966986841522157,171,8,8,8,False,
ucf101,val,v_TaiChi_g05_c04,data/UCF101_data/UCF-101/TaiChi/v_TaiChi_g05_c04.avi,90,8,100,4,90,True,True,0.938640832901001,0.012666118331253529,0.0034298276877962053,0.5831995098851621,169,8,8,8,False,
ucf101,val,v_TaiChi_g02_c03,data/UCF101_data/UCF-101/TaiChi/v_TaiChi_g02_c03.avi,90,8,100,4,55,False,False,0.1679544299840927,0.014260041993111372,0.0034298276877962053,0.5694582588039339,176,8,8,8,False,
ucf101,val,v_TaiChi_g07_c02,data/UCF101_data/UCF-101/TaiChi/v_TaiChi_g07_c02.avi,90,8,100,4,90,True,True,0.9636382460594177,0.015720907598733902,0.0034298276877962053,0.5545060117729008,177,8,8,8,False,
ucf101,val,v_TaiChi_g05_c03,data/UCF101_data/UCF-101/TaiChi/v_TaiChi_g05_c03.avi,90,8,100,4,90,True,True,0.9001594185829163,0.012951136101037264,0.0034298276877962053,0.537573448382318,170,8,8,8,False,
ucf101,val,v_TennisSwing_g05_c01,data/UCF101_data/UCF-101/TennisSwing/v_TennisSwing_g05_c01.avi,91,8,100,4,91,True,True,0.9724659323692322,0.014899850822985172,0.0034298276877962053,0.5220579667948186,122,8,8,8,False,
ucf101,val,v_TennisSwing_g04_c02,data/UCF101_data/UCF-101/TennisSwing/v_TennisSwing_g04_c02.avi,91,8,100,4,91,True,True,0.9764251112937927,0.014039732981473207,0.0034298276877962053,0.5061467080377042,98,8,8,8,False,
ucf101,val,v_TennisSwing_g01_c02,data/UCF101_data/UCF-101/TennisSwing/v_TennisSwing_g01_c02.avi,91,8,100,4,91,True,True,0.9691345691680908,0.012190519832074642,0.0034298276877962053,0.49123029923066497,85,8,8,8,False,
ucf101,val,v_TennisSwing_g04_c06,data/UCF101_data/UCF-101/TennisSwing/v_TennisSwing_g04_c06.avi,91,8,100,4,91,True,True,0.9734594821929932,0.013995943125337362,0.0034298276877962053,0.47814650693908334,98,8,8,8,False,
ucf101,val,v_TennisSwing_g01_c04,data/UCF101_data/UCF-101/TennisSwing/v_TennisSwing_g01_c04.avi,91,8,100,4,91,True,True,0.9778348803520203,0.027639854699373245,0.0036089882196392864,0.9347743499092758,90,8,8,8,False,
ucf101,val,v_TennisSwing_g04_c05,data/UCF101_data/UCF-101/TennisSwing/v_TennisSwing_g04_c05.avi,91,8,100,4,91,True,True,0.971693754196167,0.01409653015434742,0.0036089882196392864,0.9051466872915626,122,8,8,8,False,
ucf101,val,v_TennisSwing_g05_c05,data/UCF101_data/UCF-101/TennisSwing/v_TennisSwing_g05_c05.avi,91,8,100,4,91,True,True,0.9684953689575195,0.014265927020460367,0.0036089882196392864,0.8901399159803987,154,8,8,8,False,
ucf101,val,v_TennisSwing_g04_c03,data/UCF101_data/UCF-101/TennisSwing/v_TennisSwing_g04_c03.avi,91,8,100,4,91,True,True,0.9681753516197205,0.0119189596734941,0.0036089882196392864,0.8749203002080321,86,8,8,8,False,
ucf101,val,v_TennisSwing_g03_c02,data/UCF101_data/UCF-101/TennisSwing/v_TennisSwing_g03_c02.avi,91,8,100,4,91,True,True,0.978236973285675,0.01143864681944251,0.0036089882196392864,0.8621178730390966,62,8,8,8,False,
ucf101,val,v_TennisSwing_g04_c04,data/UCF101_data/UCF-101/TennisSwing/v_TennisSwing_g04_c04.avi,91,8,100,4,91,True,True,0.9644676446914673,0.013440159615129232,0.0036089882196392864,0.8498672819696367,97,8,8,8,False,
ucf101,val,v_TennisSwing_g01_c06,data/UCF101_data/UCF-101/TennisSwing/v_TennisSwing_g01_c06.avi,91,8,100,4,91,True,True,0.9793120622634888,0.013225174974650145,0.0036089882196392864,0.8355760728009045,90,8,8,8,False,
ucf101,val,v_TennisSwing_g06_c07,data/UCF101_data/UCF-101/TennisSwing/v_TennisSwing_g06_c07.avi,91,8,100,4,91,True,True,0.9804014563560486,0.014514728914946318,0.0036089882196392864,0.8215343658812344,186,8,8,8,False,
ucf101,val,v_TennisSwing_g03_c01,data/UCF101_data/UCF-101/TennisSwing/v_TennisSwing_g03_c01.avi,91,8,100,4,91,True,True,0.9749978184700012,0.013380361720919609,0.0036089882196392864,0.8061132510192692,80,8,8,8,False,
ucf101,val,v_TennisSwing_g07_c05,data/UCF101_data/UCF-101/TennisSwing/v_TennisSwing_g07_c05.avi,91,8,100,4,91,True,True,0.8669506311416626,0.013247957918792963,0.0036089882196392864,0.7918630358763039,173,8,8,8,False,
ucf101,val,v_TennisSwing_g03_c07,data/UCF101_data/UCF-101/TennisSwing/v_TennisSwing_g03_c07.avi,91,8,100,4,91,True,True,0.9767174124717712,0.012254475615918636,0.0036089882196392864,0.7778205540962517,74,8,8,8,False,
ucf101,val,v_TennisSwing_g01_c07,data/UCF101_data/UCF-101/TennisSwing/v_TennisSwing_g01_c07.avi,91,8,100,4,91,True,True,0.9786891341209412,0.011579791083931923,0.0036089882196392864,0.7647058079019189,86,8,8,8,False,
ucf101,val,v_TennisSwing_g04_c01,data/UCF101_data/UCF-101/TennisSwing/v_TennisSwing_g04_c01.avi,91,8,100,4,91,True,True,0.9742959141731262,0.013946534134447575,0.0036089882196392864,0.7522248928435147,146,8,8,8,False,
ucf101,val,v_TennisSwing_g02_c03,data/UCF101_data/UCF-101/TennisSwing/v_TennisSwing_g02_c03.avi,91,8,100,4,91,True,True,0.8774120211601257,0.012137491721659899,0.0036089882196392864,0.7373660327866673,74,8,8,8,False,
ucf101,val,v_TennisSwing_g01_c05,data/UCF101_data/UCF-101/TennisSwing/v_TennisSwing_g01_c05.avi,91,8,100,4,91,True,True,0.9713128209114075,0.011507584247738123,0.0036089882196392864,0.7242386750876904,85,8,8,8,False,
ucf101,val,v_TennisSwing_g06_c01,data/UCF101_data/UCF-101/TennisSwing/v_TennisSwing_g06_c01.avi,91,8,100,4,91,True,True,0.9808057546615601,0.013997537083923817,0.0036089882196392864,0.711853246204555,139,8,8,8,False,
ucf101,val,v_ThrowDiscus_g04_c04,data/UCF101_data/UCF-101/ThrowDiscus/v_ThrowDiscus_g04_c04.avi,92,8,100,4,92,True,True,0.3304939866065979,0.01435538986697793,0.0036089882196392864,0.6969323451630771,123,8,8,8,False,
ucf101,val,v_ThrowDiscus_g06_c07,data/UCF101_data/UCF-101/ThrowDiscus/v_ThrowDiscus_g06_c07.avi,92,8,100,4,93,False,True,0.7166727185249329,0.011830767150968313,0.0036089882196392864,0.6814493061974645,71,8,8,8,False,
ucf101,val,v_ThrowDiscus_g02_c05,data/UCF101_data/UCF-101/ThrowDiscus/v_ThrowDiscus_g02_c05.avi,92,8,100,4,35,False,True,0.4788290560245514,0.012845821212977171,0.0036089882196392864,0.668780870269984,84,8,8,8,False,
ucf101,val,v_ThrowDiscus_g07_c06,data/UCF101_data/UCF-101/ThrowDiscus/v_ThrowDiscus_g07_c06.avi,92,8,100,4,92,True,True,0.8547789454460144,0.014403519220650196,0.0036089882196392864,0.6552481162361801,105,8,8,8,False,
ucf101,val,v_ThrowDiscus_g06_c05,data/UCF101_data/UCF-101/ThrowDiscus/v_ThrowDiscus_g06_c05.avi,92,8,100,4,92,True,True,0.819221019744873,0.015317878220230341,0.0036089882196392864,0.6399105200544,133,8,8,8,False,
ucf101,val,v_ThrowDiscus_g01_c01,data/UCF101_data/UCF-101/ThrowDiscus/v_ThrowDiscus_g01_c01.avi,92,8,100,4,92,True,True,0.9129611253738403,0.012599794659763575,0.0036089882196392864,0.6238965159282088,66,8,8,8,False,
ucf101,val,v_ThrowDiscus_g02_c02,data/UCF101_data/UCF-101/ThrowDiscus/v_ThrowDiscus_g02_c02.avi,92,8,100,4,92,True,True,0.8176355361938477,0.01324921241030097,0.0036089882196392864,0.6104514030739665,90,8,8,8,False,
ucf101,val,v_ThrowDiscus_g07_c02,data/UCF101_data/UCF-101/ThrowDiscus/v_ThrowDiscus_g07_c02.avi,92,8,100,4,92,True,True,0.9461398124694824,0.013859758153557777,0.0036089882196392864,0.5963812731206417,105,8,8,8,False,
ucf101,val,v_ThrowDiscus_g07_c05,data/UCF101_data/UCF-101/ThrowDiscus/v_ThrowDiscus_g07_c05.avi,92,8,100,4,92,True,True,0.8303158283233643,0.013831940945237875,0.0036089882196392864,0.5813381099142134,110,8,8,8,False,
ucf101,val,v_ThrowDiscus_g02_c03,data/UCF101_data/UCF-101/ThrowDiscus/v_ThrowDiscus_g02_c03.avi,92,8,100,4,35,False,True,0.6135711669921875,0.012985320296138525,0.0036089882196392864,0.5664888243190944,90,8,8,8,False,
ucf101,val,v_ThrowDiscus_g06_c03,data/UCF101_data/UCF-101/ThrowDiscus/v_ThrowDiscus_g06_c03.avi,92,8,100,4,88,False,True,0.31364601850509644,0.013647784013301134,0.0036089882196392864,0.5526859108358622,97,8,8,8,False,
ucf101,val,v_ThrowDiscus_g02_c01,data/UCF101_data/UCF-101/ThrowDiscus/v_ThrowDiscus_g02_c01.avi,92,8,100,4,92,True,True,0.899795413017273,0.01280249236151576,0.0036089882196392864,0.5381883247755468,84,8,8,8,False,
ucf101,val,v_ThrowDiscus_g04_c03,data/UCF101_data/UCF-101/ThrowDiscus/v_ThrowDiscus_g04_c03.avi,92,8,100,4,92,True,True,0.85613614320755,0.013842607382684946,0.0036089882196392864,0.524624063167721,121,8,8,8,False,
ucf101,val,v_ThrowDiscus_g05_c05,data/UCF101_data/UCF-101/ThrowDiscus/v_ThrowDiscus_g05_c05.avi,92,8,100,4,92,True,True,0.85660320520401,0.011329291854053736,0.0036089882196392864,0.5098911030218005,61,8,8,8,False,
ucf101,val,v_ThrowDiscus_g05_c01,data/UCF101_data/UCF-101/ThrowDiscus/v_ThrowDiscus_g05_c01.avi,92,8,100,4,92,True,True,0.7699342370033264,0.012563077732920647,0.0036089882196392864,0.4977726968936622,76,8,8,8,False,
ucf101,val,v_ThrowDiscus_g04_c02,data/UCF101_data/UCF-101/ThrowDiscus/v_ThrowDiscus_g04_c02.avi,92,8,100,4,92,True,True,0.880606472492218,0.014124017208814621,0.0036089882196392864,0.48450902104377747,158,8,8,8,False,
ucf101,val,v_ThrowDiscus_g03_c03,data/UCF101_data/UCF-101/ThrowDiscus/v_ThrowDiscus_g03_c03.avi,92,8,100,4,35,False,True,0.835780680179596,0.03202845109626651,0.0036191984254401177,1.0960140288807452,148,8,8,8,False,
ucf101,val,v_ThrowDiscus_g01_c04,data/UCF101_data/UCF-101/ThrowDiscus/v_ThrowDiscus_g01_c04.avi,92,8,100,4,92,True,True,0.9295530319213867,0.013711132109165192,0.0036191984254401177,1.0615609949454665,78,8,8,8,False,
ucf101,val,v_ThrowDiscus_g02_c06,data/UCF101_data/UCF-101/ThrowDiscus/v_ThrowDiscus_g02_c06.avi,92,8,100,4,92,True,True,0.5349590182304382,0.01336045702919364,0.0036191984254401177,1.0469417106360197,90,8,8,8,False,
ucf101,val,v_ThrowDiscus_g02_c04,data/UCF101_data/UCF-101/ThrowDiscus/v_ThrowDiscus_g02_c04.avi,92,8,100,4,92,True,True,0.830436110496521,0.01337911281734705,0.0036191984254401177,1.032770514022559,126,8,8,8,False,
ucf101,val,v_TrampolineJumping_g05_c01,data/UCF101_data/UCF-101/TrampolineJumping/v_TrampolineJumping_g05_c01.avi,93,8,100,4,93,True,True,0.5224387645721436,0.015509827062487602,0.0036191984254401177,1.0185132049955428,151,8,8,8,False,
ucf101,val,v_TrampolineJumping_g01_c04,data/UCF101_data/UCF-101/TrampolineJumping/v_TrampolineJumping_g01_c04.avi,93,8,100,4,93,True,True,0.9757856726646423,0.01390788471326232,0.0036191984254401177,1.0019095572642982,106,8,8,8,False,
ucf101,val,v_TrampolineJumping_g01_c02,data/UCF101_data/UCF-101/TrampolineJumping/v_TrampolineJumping_g01_c02.avi,93,8,100,4,93,True,True,0.9715599417686462,0.014848880004137754,0.0036191984254401177,0.9868342536501586,240,8,8,8,False,
ucf101,val,v_TrampolineJumping_g02_c04,data/UCF101_data/UCF-101/TrampolineJumping/v_TrampolineJumping_g02_c04.avi,93,8,100,4,93,True,True,0.9548594355583191,0.014464403968304396,0.0036191984254401177,0.9712813450023532,201,8,8,8,False,
ucf101,val,v_TrampolineJumping_g03_c04,data/UCF101_data/UCF-101/TrampolineJumping/v_TrampolineJumping_g03_c04.avi,93,8,100,4,93,True,True,0.9801076650619507,0.014685187954455614,0.0036191984254401177,0.9557358683086932,201,8,8,8,False,
ucf101,val,v_TrampolineJumping_g05_c02,data/UCF101_data/UCF-101/TrampolineJumping/v_TrampolineJumping_g05_c02.avi,93,8,100,4,93,True,True,0.7309622764587402,0.014818483032286167,0.0036191984254401177,0.9400528836995363,151,8,8,8,False,
ucf101,val,v_TrampolineJumping_g06_c03,data/UCF101_data/UCF-101/TrampolineJumping/v_TrampolineJumping_g06_c03.avi,93,8,100,4,88,False,True,0.611423909664154,0.0162813407368958,0.0036191984254401177,0.9242417700588703,450,8,8,8,False,
ucf101,val,v_TrampolineJumping_g07_c05,data/UCF101_data/UCF-101/TrampolineJumping/v_TrampolineJumping_g07_c05.avi,93,8,100,4,93,True,True,0.9717179536819458,0.015236667357385159,0.0036191984254401177,0.9069239888340235,240,8,8,8,False,
ucf101,val,v_TrampolineJumping_g04_c01,data/UCF101_data/UCF-101/TrampolineJumping/v_TrampolineJumping_g04_c01.avi,93,8,100,4,93,True,True,0.978861391544342,0.015817421954125166,0.0036191984254401177,0.8909030030481517,250,8,8,8,False,
ucf101,val,v_TrampolineJumping_g01_c03,data/UCF101_data/UCF-101/TrampolineJumping/v_TrampolineJumping_g01_c03.avi,93,8,100,4,93,True,True,0.9693382978439331,0.014576891902834177,0.0036191984254401177,0.8739821980707347,106,8,8,8,False,
ucf101,val,v_TrampolineJumping_g07_c04,data/UCF101_data/UCF-101/TrampolineJumping/v_TrampolineJumping_g07_c04.avi,93,8,100,4,93,True,True,0.9702001810073853,0.013981977012008429,0.0036191984254401177,0.8583879908546805,201,8,8,8,False,
ucf101,val,v_TrampolineJumping_g04_c02,data/UCF101_data/UCF-101/TrampolineJumping/v_TrampolineJumping_g04_c02.avi,93,8,100,4,93,True,True,0.9793405532836914,0.0147655108012259,0.0036191984254401177,0.8434513551183045,250,8,8,8,False,
ucf101,val,v_TrampolineJumping_g06_c02,data/UCF101_data/UCF-101/TrampolineJumping/v_TrampolineJumping_g06_c02.avi,93,8,100,4,93,True,True,0.6950607895851135,0.015526146162301302,0.0036191984254401177,0.827754223253578,450,8,8,8,False,
ucf101,val,v_TrampolineJumping_g04_c04,data/UCF101_data/UCF-101/TrampolineJumping/v_TrampolineJumping_g04_c04.avi,93,8,100,4,93,True,True,0.9780611991882324,0.014668479096144438,0.0036191984254401177,0.8112404770217836,250,8,8,8,False,
ucf101,val,v_TrampolineJumping_g01_c01,data/UCF101_data/UCF-101/TrampolineJumping/v_TrampolineJumping_g01_c01.avi,93,8,100,4,93,True,True,0.9749224185943604,0.01483958587050438,0.0036191984254401177,0.7957384446635842,240,8,8,8,False,
ucf101,val,v_TrampolineJumping_g04_c03,data/UCF101_data/UCF-101/TrampolineJumping/v_TrampolineJumping_g04_c03.avi,93,8,100,4,93,True,True,0.978198766708374,0.014336575753986835,0.0036191984254401177,0.7802296690642834,250,8,8,8,False,
ucf101,val,v_TrampolineJumping_g07_c02,data/UCF101_data/UCF-101/TrampolineJumping/v_TrampolineJumping_g07_c02.avi,93,8,100,4,93,True,True,0.9722163081169128,0.015684972051531076,0.0036191984254401177,0.7648348999209702,401,8,8,8,False,
ucf101,val,v_TrampolineJumping_g03_c02,data/UCF101_data/UCF-101/TrampolineJumping/v_TrampolineJumping_g03_c02.avi,93,8,100,4,93,True,True,0.9694647789001465,0.014819724950939417,0.0036191984254401177,0.748140302952379,201,8,8,8,False,
ucf101,val,v_TrampolineJumping_g05_c04,data/UCF101_data/UCF-101/TrampolineJumping/v_TrampolineJumping_g05_c04.avi,93,8,100,4,93,True,True,0.829184889793396,0.01477730367332697,0.0036191984254401177,0.7323566400445998,151,8,8,8,False,
ucf101,val,v_TrampolineJumping_g02_c01,data/UCF101_data/UCF-101/TrampolineJumping/v_TrampolineJumping_g02_c01.avi,93,8,100,4,93,True,True,0.9718151092529297,0.014388097915798426,0.0036191984254401177,0.716504315380007,201,8,8,8,False,
ucf101,val,v_Typing_g05_c04,data/UCF101_data/UCF-101/Typing/v_Typing_g05_c04.avi,94,8,100,4,94,True,True,0.9852166175842285,0.014714608900249004,0.0036191984254401177,0.7011688929051161,250,8,8,8,False,
ucf101,val,v_Typing_g01_c01,data/UCF101_data/UCF-101/Typing/v_Typing_g01_c01.avi,94,8,100,4,94,True,True,0.9761940240859985,0.010236337780952454,0.0036191984254401177,0.6847553509287536,127,8,8,8,False,
ucf101,val,v_Typing_g07_c03,data/UCF101_data/UCF-101/Typing/v_Typing_g07_c03.avi,94,8,100,4,94,True,True,0.9765260815620422,0.010038502980023623,0.0036191984254401177,0.6733703478239477,128,8,8,8,False,
ucf101,val,v_Typing_g04_c03,data/UCF101_data/UCF-101/Typing/v_Typing_g04_c03.avi,94,8,100,4,94,True,True,0.9728623628616333,0.03991626901552081,0.0036191984254401177,0.6621881979517639,150,8,8,8,False,
ucf101,val,v_Typing_g03_c03,data/UCF101_data/UCF-101/Typing/v_Typing_g03_c03.avi,94,8,100,4,94,True,True,0.9847553372383118,0.06081054965034127,0.0036191984254401177,0.6199284293688834,250,8,8,8,False,
ucf101,val,v_Typing_g06_c07,data/UCF101_data/UCF-101/Typing/v_Typing_g06_c07.avi,94,8,100,4,94,True,True,0.9860751032829285,0.010575525928288698,0.0036191984254401177,0.5561857800930738,119,8,8,8,False,
ucf101,val,v_Typing_g05_c03,data/UCF101_data/UCF-101/Typing/v_Typing_g05_c03.avi,94,8,100,4,94,True,True,0.9851419925689697,0.014334497973322868,0.0036191984254401177,0.5445026741363108,250,8,8,8,False,
ucf101,val,v_Typing_g02_c05,data/UCF101_data/UCF-101/Typing/v_Typing_g02_c05.avi,94,8,100,4,94,True,True,0.9858751893043518,0.057373639196157455,0.0036191984254401177,0.5284323720261455,250,8,8,8,False,
ucf101,val,v_Typing_g01_c06,data/UCF101_data/UCF-101/Typing/v_Typing_g01_c06.avi,94,8,100,4,94,True,True,0.9741021394729614,0.035834035370498896,0.0037360801943577826,1.1181347109377384,144,8,8,8,False,
ucf101,val,v_Typing_g06_c04,data/UCF101_data/UCF-101/Typing/v_Typing_g06_c04.avi,94,8,100,4,94,True,True,0.9862339496612549,0.012101912871003151,0.0037360801943577826,1.0795708070509136,123,8,8,8,False,
ucf101,val,v_Typing_g04_c04,data/UCF101_data/UCF-101/Typing/v_Typing_g04_c04.avi,94,8,100,4,94,True,True,0.9735166430473328,0.0156647521071136,0.0037360801943577826,1.0662136431783438,250,8,8,8,False,
ucf101,val,v_Typing_g01_c05,data/UCF101_data/UCF-101/Typing/v_Typing_g01_c05.avi,94,8,100,4,94,True,True,0.978003740310669,0.010704259853810072,0.0037360801943577826,1.0485341171734035,124,8,8,8,False,
ucf101,val,v_Typing_g06_c01,data/UCF101_data/UCF-101/Typing/v_Typing_g06_c01.avi,94,8,100,4,94,True,True,0.9861891865730286,0.010871220845729113,0.0037360801943577826,1.036976071074605,141,8,8,8,False,
ucf101,val,v_Typing_g03_c04,data/UCF101_data/UCF-101/Typing/v_Typing_g03_c04.avi,94,8,100,4,94,True,True,0.9856797456741333,0.06091671762987971,0.0037360801943577826,1.0249381577596068,250,8,8,8,False,
ucf101,val,v_Typing_g03_c05,data/UCF101_data/UCF-101/Typing/v_Typing_g03_c05.avi,94,8,100,4,94,True,True,0.9856019616127014,0.06104356097057462,0.0037360801943577826,0.9613951300270855,248,8,8,8,False,
ucf101,val,v_Typing_g05_c06,data/UCF101_data/UCF-101/Typing/v_Typing_g05_c06.avi,94,8,100,4,94,True,True,0.9860549569129944,0.01625174004584551,0.0037360801943577826,0.8974454873241484,250,8,8,8,False,
ucf101,val,v_Typing_g05_c02,data/UCF101_data/UCF-101/Typing/v_Typing_g05_c02.avi,94,8,100,4,94,True,True,0.9852076768875122,0.014965019188821316,0.0037360801943577826,0.8793161027133465,250,8,8,8,False,
ucf101,val,v_Typing_g07_c06,data/UCF101_data/UCF-101/Typing/v_Typing_g07_c06.avi,94,8,100,4,94,True,True,0.9732245802879333,0.010065580252557993,0.0037360801943577826,0.8622106700204313,110,8,8,8,False,
ucf101,val,v_Typing_g05_c05,data/UCF101_data/UCF-101/Typing/v_Typing_g05_c05.avi,94,8,100,4,94,True,True,0.9851927757263184,0.014870621263980865,0.0037360801943577826,0.8510494004003704,250,8,8,8,False,
ucf101,val,v_Typing_g07_c05,data/UCF101_data/UCF-101/Typing/v_Typing_g07_c05.avi,94,8,100,4,94,True,True,0.9728058576583862,0.010191032197326422,0.0037360801943577826,0.8342158054001629,129,8,8,8,False,
ucf101,val,v_UnevenBars_g04_c01,data/UCF101_data/UCF-101/UnevenBars/v_UnevenBars_g04_c01.avi,95,8,100,4,95,True,True,0.9111382961273193,0.04268938675522804,0.0037360801943577826,0.8228646479547024,142,8,8,8,False,
ucf101,val,v_UnevenBars_g04_c04,data/UCF101_data/UCF-101/UnevenBars/v_UnevenBars_g04_c04.avi,95,8,100,4,95,True,True,0.7700640559196472,0.011773775797337294,0.0037360801943577826,0.7775269858539104,145,8,8,8,False,
ucf101,val,v_UnevenBars_g01_c02,data/UCF101_data/UCF-101/UnevenBars/v_UnevenBars_g01_c02.avi,95,8,100,4,95,True,True,0.9036403298377991,0.01194334402680397,0.0037360801943577826,0.7645086436532438,160,8,8,8,False,
ucf101,val,v_UnevenBars_g06_c01,data/UCF101_data/UCF-101/UnevenBars/v_UnevenBars_g06_c01.avi,95,8,100,4,56,False,True,0.7215742468833923,0.010625835042446852,0.0037360801943577826,0.7515893690288067,98,8,8,8,False,
ucf101,val,v_UnevenBars_g07_c04,data/UCF101_data/UCF-101/UnevenBars/v_UnevenBars_g07_c04.avi,95,8,100,4,95,True,True,0.8186253905296326,0.010510095860809088,0.0037360801943577826,0.7400133982300758,123,8,8,8,False,
ucf101,val,v_UnevenBars_g03_c04,data/UCF101_data/UCF-101/UnevenBars/v_UnevenBars_g03_c04.avi,95,8,100,4,56,False,True,0.5818659067153931,0.017569972202181816,0.0037360801943577826,0.7281693806871772,246,8,8,8,False,
ucf101,val,v_UnevenBars_g03_c01,data/UCF101_data/UCF-101/UnevenBars/v_UnevenBars_g03_c01.avi,95,8,100,4,95,True,True,0.5776419043540955,0.010565745178610086,0.0037360801943577826,0.7087487340904772,129,8,8,8,False,
ucf101,val,v_UnevenBars_g01_c01,data/UCF101_data/UCF-101/UnevenBars/v_UnevenBars_g01_c01.avi,95,8,100,4,95,True,True,0.7439780831336975,0.011861370876431465,0.0037360801943577826,0.6969998818822205,161,8,8,8,False,
ucf101,val,v_UnevenBars_g06_c03,data/UCF101_data/UCF-101/UnevenBars/v_UnevenBars_g06_c03.avi,95,8,100,4,95,True,True,0.6914750337600708,0.008957440964877605,0.0037360801943577826,0.6837197649292648,79,8,8,8,False,
ucf101,val,v_UnevenBars_g01_c03,data/UCF101_data/UCF-101/UnevenBars/v_UnevenBars_g01_c03.avi,95,8,100,4,95,True,True,0.8923789262771606,0.011429553385823965,0.0037360801943577826,0.6738259070552886,153,8,8,8,False,
ucf101,val,v_UnevenBars_g05_c04,data/UCF101_data/UCF-101/UnevenBars/v_UnevenBars_g05_c04.avi,95,8,100,4,95,True,True,0.6436606645584106,0.009894482791423798,0.0037360801943577826,0.6611944567412138,107,8,8,8,False,
ucf101,val,v_UnevenBars_g02_c04,data/UCF101_data/UCF-101/UnevenBars/v_UnevenBars_g02_c04.avi,95,8,100,4,95,True,True,0.9477487802505493,0.013688987120985985,0.0037360801943577826,0.6502176816575229,196,8,8,8,False,
ucf101,val,v_UnevenBars_g01_c04,data/UCF101_data/UCF-101/UnevenBars/v_UnevenBars_g01_c04.avi,95,8,100,4,95,True,True,0.916713535785675,0.011276697274297476,0.0037360801943577826,0.6353358337655663,144,8,8,8,False,
ucf101,val,v_UnevenBars_g06_c04,data/UCF101_data/UCF-101/UnevenBars/v_UnevenBars_g06_c04.avi,95,8,100,4,95,True,True,0.8618149757385254,0.010234687011688948,0.0037360801943577826,0.6229709130711854,119,8,8,8,False,
ucf101,val,v_UnevenBars_g03_c02,data/UCF101_data/UCF-101/UnevenBars/v_UnevenBars_g03_c02.avi,95,8,100,4,56,False,True,0.09898975491523743,0.011311862152069807,0.0037360801943577826,0.6116763693280518,142,8,8,8,False,
ucf101,val,v_UnevenBars_g05_c02,data/UCF101_data/UCF-101/UnevenBars/v_UnevenBars_g05_c02.avi,95,8,100,4,95,True,True,0.3533838093280792,0.012418108992278576,0.0037360801943577826,0.5991418203338981,178,8,8,8,False,
ucf101,val,v_UnevenBars_g02_c02,data/UCF101_data/UCF-101/UnevenBars/v_UnevenBars_g02_c02.avi,95,8,100,4,95,True,True,0.9566666483879089,0.014384313020855188,0.0037360801943577826,0.5856622089631855,194,8,8,8,False,
ucf101,val,v_UnevenBars_g05_c03,data/UCF101_data/UCF-101/UnevenBars/v_UnevenBars_g05_c03.avi,95,8,100,4,95,True,True,0.9291098713874817,0.01242268830537796,0.0037360801943577826,0.5698224660009146,166,8,8,8,False,
ucf101,val,v_UnevenBars_g07_c01,data/UCF101_data/UCF-101/UnevenBars/v_UnevenBars_g07_c01.avi,95,8,100,4,95,True,True,0.6179050803184509,0.041502177249640226,0.0037360801943577826,0.5560769028961658,150,8,8,8,False,
ucf101,val,v_UnevenBars_g04_c03,data/UCF101_data/UCF-101/UnevenBars/v_UnevenBars_g04_c03.avi,95,8,100,4,95,True,True,0.9181352853775024,0.037074239924550056,0.0037360801943577826,0.5109176868572831,120,8,8,8,False,
ucf101,val,v_VolleyballSpiking_g07_c07,data/UCF101_data/UCF-101/VolleyballSpiking/v_VolleyballSpiking_g07_c07.avi,96,8,100,4,96,True,True,0.9618389010429382,0.03089449182152748,0.0038242340815486386,0.9703148189000785,79,8,8,8,False,
ucf101,val,v_VolleyballSpiking_g05_c03,data/UCF101_data/UCF-101/VolleyballSpiking/v_VolleyballSpiking_g05_c03.avi,96,8,100,4,96,True,True,0.7654321789741516,0.012668258044868708,0.0038242340815486386,0.9363967762328684,59,8,8,8,False,
ucf101,val,v_VolleyballSpiking_g03_c04,data/UCF101_data/UCF-101/VolleyballSpiking/v_VolleyballSpiking_g03_c04.avi,96,8,100,4,96,True,True,0.7950935363769531,0.015936650801450014,0.0038242340815486386,0.9226827276870608,95,8,8,8,False,
ucf101,val,v_VolleyballSpiking_g07_c02,data/UCF101_data/UCF-101/VolleyballSpiking/v_VolleyballSpiking_g07_c02.avi,96,8,100,4,96,True,True,0.9215864539146423,0.011595829855650663,0.0038242340815486386,0.905547440983355,87,8,8,8,False,
ucf101,val,v_VolleyballSpiking_g05_c04,data/UCF101_data/UCF-101/VolleyballSpiking/v_VolleyballSpiking_g05_c04.avi,96,8,100,4,96,True,True,0.9258169531822205,0.011571536771953106,0.0038242340815486386,0.8932972070761025,63,8,8,8,False,
ucf101,val,v_VolleyballSpiking_g04_c04,data/UCF101_data/UCF-101/VolleyballSpiking/v_VolleyballSpiking_g04_c04.avi,96,8,100,4,96,True,True,0.7920787334442139,0.014333592727780342,0.0038242340815486386,0.8806541780941188,111,8,8,8,False,
ucf101,val,v_VolleyballSpiking_g05_c02,data/UCF101_data/UCF-101/VolleyballSpiking/v_VolleyballSpiking_g05_c02.avi,96,8,100,4,8,False,True,0.4198150336742401,0.01259179599583149,0.0038242340815486386,0.8653491800650954,66,8,8,8,False,
ucf101,val,v_VolleyballSpiking_g02_c02,data/UCF101_data/UCF-101/VolleyballSpiking/v_VolleyballSpiking_g02_c02.avi,96,8,100,4,96,True,True,0.9796053171157837,0.013673716690391302,0.0038242340815486386,0.8518748162314296,122,8,8,8,False,
ucf101,val,v_VolleyballSpiking_g06_c02,data/UCF101_data/UCF-101/VolleyballSpiking/v_VolleyballSpiking_g06_c02.avi,96,8,100,4,96,True,True,0.9777101278305054,0.014072786085307598,0.0038242340815486386,0.837194365914911,106,8,8,8,False,
ucf101,val,v_VolleyballSpiking_g02_c01,data/UCF101_data/UCF-101/VolleyballSpiking/v_VolleyballSpiking_g02_c01.avi,96,8,100,4,96,True,True,0.902021050453186,0.013188790064305067,0.0038242340815486386,0.822132125031203,84,8,8,8,False,
ucf101,val,v_VolleyballSpiking_g01_c03,data/UCF101_data/UCF-101/VolleyballSpiking/v_VolleyballSpiking_g01_c03.avi,96,8,100,4,96,True,True,0.9796066880226135,0.014478539116680622,0.0038242340815486386,0.808136835694313,154,8,8,8,False,
ucf101,val,v_VolleyballSpiking_g07_c03,data/UCF101_data/UCF-101/VolleyballSpiking/v_VolleyballSpiking_g07_c03.avi,96,8,100,4,96,True,True,0.7673583626747131,0.013025086838752031,0.0038242340815486386,0.7926980899646878,89,8,8,8,False,
ucf101,val,v_VolleyballSpiking_g04_c03,data/UCF101_data/UCF-101/VolleyballSpiking/v_VolleyballSpiking_g04_c03.avi,96,8,100,4,96,True,True,0.6417735815048218,0.012911634054034948,0.0038242340815486386,0.778574182651937,76,8,8,8,False,
ucf101,val,v_VolleyballSpiking_g01_c02,data/UCF101_data/UCF-101/VolleyballSpiking/v_VolleyballSpiking_g01_c02.avi,96,8,100,4,96,True,True,0.9756813645362854,0.01405464531853795,0.0038242340815486386,0.7649716283194721,210,8,8,8,False,
ucf101,val,v_VolleyballSpiking_g03_c02,data/UCF101_data/UCF-101/VolleyballSpiking/v_VolleyballSpiking_g03_c02.avi,96,8,100,4,96,True,True,0.6088314056396484,0.01258631655946374,0.0038242340815486386,0.749926664866507,65,8,8,8,False,
ucf101,val,v_VolleyballSpiking_g02_c03,data/UCF101_data/UCF-101/VolleyballSpiking/v_VolleyballSpiking_g02_c03.avi,96,8,100,4,96,True,True,0.582029402256012,0.014087860938161612,0.0038242340815486386,0.7363557866774499,112,8,8,8,False,
ucf101,val,v_VolleyballSpiking_g07_c06,data/UCF101_data/UCF-101/VolleyballSpiking/v_VolleyballSpiking_g07_c06.avi,96,8,100,4,96,True,True,0.9326837658882141,0.012186051812022924,0.0038242340815486386,0.7215696428902447,67,8,8,8,False,
ucf101,val,v_VolleyballSpiking_g05_c01,data/UCF101_data/UCF-101/VolleyballSpiking/v_VolleyballSpiking_g05_c01.avi,96,8,100,4,96,True,True,0.8777950406074524,0.014516284223645926,0.0038242340815486386,0.7085232292301953,104,8,8,8,False,
ucf101,val,v_VolleyballSpiking_g04_c07,data/UCF101_data/UCF-101/VolleyballSpiking/v_VolleyballSpiking_g04_c07.avi,96,8,100,4,96,True,True,0.8732306361198425,0.014363371301442385,0.0038242340815486386,0.6933260462246835,129,8,8,8,False,
ucf101,val,v_VolleyballSpiking_g03_c03,data/UCF101_data/UCF-101/VolleyballSpiking/v_VolleyballSpiking_g03_c03.avi,96,8,100,4,96,True,True,0.9564587473869324,0.01377341104671359,0.0038242340815486386,0.6778188170865178,123,8,8,8,False,
ucf101,val,v_WalkingWithDog_g04_c05,data/UCF101_data/UCF-101/WalkingWithDog/v_WalkingWithDog_g04_c05.avi,97,8,100,4,97,True,True,0.9769673347473145,0.015590367373079062,0.0038242340815486386,0.6631378009915352,240,8,8,8,False,
ucf101,val,v_WalkingWithDog_g07_c03,data/UCF101_data/UCF-101/WalkingWithDog/v_WalkingWithDog_g07_c03.avi,97,8,100,4,97,True,True,0.9475533366203308,0.014966626185923815,0.0038242340815486386,0.6467236271128058,233,8,8,8,False,
ucf101,val,v_WalkingWithDog_g06_c01,data/UCF101_data/UCF-101/WalkingWithDog/v_WalkingWithDog_g06_c01.avi,97,8,100,4,83,False,True,0.2914457619190216,0.0145565802231431,0.0038242340815486386,0.6308091329410672,153,8,8,8,False,
ucf101,val,v_WalkingWithDog_g07_c01,data/UCF101_data/UCF-101/WalkingWithDog/v_WalkingWithDog_g07_c01.avi,97,8,100,4,97,True,True,0.9187077879905701,0.013901890721172094,0.0038242340815486386,0.6151486211456358,94,8,8,8,False,
ucf101,val,v_WalkingWithDog_g04_c02,data/UCF101_data/UCF-101/WalkingWithDog/v_WalkingWithDog_g04_c02.avi,97,8,100,4,97,True,True,0.9667817950248718,0.014798407908529043,0.0038242340815486386,0.6003427603282034,240,8,8,8,False,
ucf101,val,v_WalkingWithDog_g01_c02,data/UCF101_data/UCF-101/WalkingWithDog/v_WalkingWithDog_g01_c02.avi,97,8,100,4,97,True,True,0.9748793840408325,0.01496105408295989,0.0038242340815486386,0.5847278768196702,240,8,8,8,False,
ucf101,val,v_WalkingWithDog_g05_c05,data/UCF101_data/UCF-101/WalkingWithDog/v_WalkingWithDog_g05_c05.avi,97,8,100,4,97,True,True,0.9639730453491211,0.013682926073670387,0.0038242340815486386,0.5688904942944646,134,8,8,8,False,
ucf101,val,v_WalkingWithDog_g05_c01,data/UCF101_data/UCF-101/WalkingWithDog/v_WalkingWithDog_g05_c01.avi,97,8,100,4,97,True,True,0.9749354720115662,0.014624306932091713,0.0038242340815486386,0.5542972520925105,240,8,8,8,False,
ucf101,val,v_WalkingWithDog_g02_c03,data/UCF101_data/UCF-101/WalkingWithDog/v_WalkingWithDog_g02_c03.avi,97,8,100,4,97,True,True,0.9736934900283813,0.014980757143348455,0.0038242340815486386,0.5389738879166543,240,8,8,8,False,
ucf101,val,v_WalkingWithDog_g02_c06,data/UCF101_data/UCF-101/WalkingWithDog/v_WalkingWithDog_g02_c06.avi,97,8,100,4,97,True,True,0.7040004134178162,0.015025754924863577,0.0038242340815486386,0.5232293680310249,240,8,8,8,False,
ucf101,val,v_WalkingWithDog_g03_c02,data/UCF101_data/UCF-101/WalkingWithDog/v_WalkingWithDog_g03_c02.avi,97,8,100,4,97,True,True,0.44555044174194336,0.015217911917716265,0.0038242340815486386,0.5075123687274754,240,8,8,8,False,
ucf101,val,v_WalkingWithDog_g06_c05,data/UCF101_data/UCF-101/WalkingWithDog/v_WalkingWithDog_g06_c05.avi,97,8,100,4,97,True,True,0.9774532318115234,0.0146442879922688,0.0038242340815486386,0.4915929692797363,240,8,8,8,False,
ucf101,val,v_WalkingWithDog_g07_c05,data/UCF101_data/UCF-101/WalkingWithDog/v_WalkingWithDog_g07_c05.avi,97,8,100,4,97,True,True,0.9382003545761108,0.036391273606568575,0.003964177652960643,1.2908696136437356,240,8,8,8,False,
ucf101,val,v_WalkingWithDog_g06_c04,data/UCF101_data/UCF-101/WalkingWithDog/v_WalkingWithDog_g06_c04.avi,97,8,100,4,97,True,True,0.9719090461730957,0.016146957874298096,0.003964177652960643,1.2531447638757527,240,8,8,8,False,
ucf101,val,v_WalkingWithDog_g03_c01,data/UCF101_data/UCF-101/WalkingWithDog/v_WalkingWithDog_g03_c01.avi,97,8,100,4,97,True,True,0.51906418800354,0.015302205923944712,0.003964177652960643,1.2361604701727629,240,8,8,8,False,
ucf101,val,v_WalkingWithDog_g02_c05,data/UCF101_data/UCF-101/WalkingWithDog/v_WalkingWithDog_g02_c05.avi,97,8,100,4,97,True,True,0.9761326909065247,0.016003686003386974,0.003964177652960643,1.2201507822610438,240,8,8,8,False,
ucf101,val,v_WalkingWithDog_g01_c04,data/UCF101_data/UCF-101/WalkingWithDog/v_WalkingWithDog_g01_c04.avi,97,8,100,4,97,True,True,0.9758331179618835,0.014578029979020357,0.003964177652960643,1.2032552901655436,180,8,8,8,False,
ucf101,val,v_WalkingWithDog_g07_c04,data/UCF101_data/UCF-101/WalkingWithDog/v_WalkingWithDog_g07_c04.avi,97,8,100,4,97,True,True,0.9656144976615906,0.015202014241367579,0.003964177652960643,1.1876851189881563,240,8,8,8,False,
ucf101,val,v_WalkingWithDog_g03_c04,data/UCF101_data/UCF-101/WalkingWithDog/v_WalkingWithDog_g03_c04.avi,97,8,100,4,97,True,True,0.9781122803688049,0.014347659889608622,0.003964177652960643,1.1717076650820673,240,8,8,8,False,
ucf101,val,v_WalkingWithDog_g03_c03,data/UCF101_data/UCF-101/WalkingWithDog/v_WalkingWithDog_g03_c03.avi,97,8,100,4,97,True,True,0.9793089628219604,0.014759480953216553,0.003964177652960643,1.156687947921455,215,8,8,8,False,
ucf101,val,v_WallPushups_g06_c07,data/UCF101_data/UCF-101/WallPushups/v_WallPushups_g06_c07.avi,98,8,100,4,69,False,True,0.3620997667312622,0.0428425669670105,0.003964177652960643,1.1409117910079658,163,8,8,8,False,
ucf101,val,v_WallPushups_g06_c03,data/UCF101_data/UCF-101/WallPushups/v_WallPushups_g06_c03.avi,98,8,100,4,36,False,True,0.3057047724723816,0.033437838312238455,0.003964177652960643,1.0947344400919974,134,8,8,8,False,
ucf101,val,v_WallPushups_g05_c05,data/UCF101_data/UCF-101/WallPushups/v_WallPushups_g05_c05.avi,98,8,100,4,98,True,True,0.5879725813865662,0.02081617107614875,0.003964177652960643,1.0585449365898967,77,8,8,8,False,
ucf101,val,v_WallPushups_g03_c04,data/UCF101_data/UCF-101/WallPushups/v_WallPushups_g03_c04.avi,98,8,100,4,76,False,True,0.27984997630119324,0.025526741985231638,0.003964177652960643,1.0351323396898806,101,8,8,8,False,
ucf101,val,v_WallPushups_g04_c03,data/UCF101_data/UCF-101/WallPushups/v_WallPushups_g04_c03.avi,98,8,100,4,98,True,True,0.12839838862419128,0.026367428246885538,0.003964177652960643,1.0074050752446055,96,8,8,8,False,
ucf101,val,v_WallPushups_g06_c01,data/UCF101_data/UCF-101/WallPushups/v_WallPushups_g06_c01.avi,98,8,100,4,36,False,True,0.5679068565368652,0.026475390885025263,0.003964177652960643,0.9788687829859555,95,8,8,8,False,
ucf101,val,v_WallPushups_g07_c02,data/UCF101_data/UCF-101/WallPushups/v_WallPushups_g07_c02.avi,98,8,100,4,98,True,True,0.7234206795692444,0.02357302187010646,0.003964177652960643,0.9497455251403153,95,8,8,8,False,
ucf101,val,v_WallPushups_g07_c03,data/UCF101_data/UCF-101/WallPushups/v_WallPushups_g07_c03.avi,98,8,100,4,98,True,True,0.7743451595306396,0.02455024467781186,0.003964177652960643,0.9238397660665214,95,8,8,8,False,
ucf101,val,v_WallPushups_g06_c04,data/UCF101_data/UCF-101/WallPushups/v_WallPushups_g06_c04.avi,98,8,100,4,69,False,True,0.8463528752326965,0.03156001213937998,0.003964177652960643,0.8969529191963375,123,8,8,8,False,
ucf101,val,v_WallPushups_g04_c04,data/UCF101_data/UCF-101/WallPushups/v_WallPushups_g04_c04.avi,98,8,100,4,98,True,True,0.3998012840747833,0.04048721585422754,0.003964177652960643,0.8624593121930957,152,8,8,8,False,
ucf101,val,v_WallPushups_g03_c01,data/UCF101_data/UCF-101/WallPushups/v_WallPushups_g03_c01.avi,98,8,100,4,98,True,True,0.4108979403972626,0.029183671809732914,0.003964177652960643,0.8199138692580163,114,8,8,8,False,
ucf101,val,v_WallPushups_g01_c03,data/UCF101_data/UCF-101/WallPushups/v_WallPushups_g01_c03.avi,98,8,100,4,98,True,True,0.908132791519165,0.03834093036130071,0.003964177652960643,0.7876866869628429,150,8,8,8,False,
ucf101,val,v_WallPushups_g04_c01,data/UCF101_data/UCF-101/WallPushups/v_WallPushups_g04_c01.avi,98,8,100,4,98,True,True,0.30351006984710693,0.02819045912474394,0.003964177652960643,0.7462561358697712,101,8,8,8,False,
ucf101,val,v_WallPushups_g06_c02,data/UCF101_data/UCF-101/WallPushups/v_WallPushups_g06_c02.avi,98,8,100,4,36,False,True,0.36795181035995483,0.027715150266885757,0.003964177652960643,0.7153898016549647,101,8,8,8,False,
ucf101,val,v_WallPushups_g07_c01,data/UCF101_data/UCF-101/WallPushups/v_WallPushups_g07_c01.avi,98,8,100,4,98,True,True,0.7236176133155823,0.026671005878597498,0.003964177652960643,0.684815616812557,104,8,8,8,False,
ucf101,val,v_WallPushups_g05_c03,data/UCF101_data/UCF-101/WallPushups/v_WallPushups_g05_c03.avi,98,8,100,4,99,False,True,0.8383365273475647,0.021998910699039698,0.003964177652960643,0.656476047821343,84,8,8,8,False,
ucf101,val,v_WallPushups_g02_c02,data/UCF101_data/UCF-101/WallPushups/v_WallPushups_g02_c02.avi,98,8,100,4,98,True,True,0.3222445249557495,0.020246952772140503,0.003964177652960643,0.6318429675884545,65,8,8,8,False,
ucf101,val,v_WallPushups_g05_c01,data/UCF101_data/UCF-101/WallPushups/v_WallPushups_g05_c01.avi,98,8,100,4,89,False,True,0.4316886365413666,0.02386200660839677,0.003964177652960643,0.6086624558083713,89,8,8,8,False,
ucf101,val,v_WallPushups_g03_c02,data/UCF101_data/UCF-101/WallPushups/v_WallPushups_g03_c02.avi,98,8,100,4,98,True,True,0.3690522313117981,0.02974626189097762,0.003964177652960643,0.5825055236928165,117,8,8,8,False,
ucf101,val,v_WallPushups_g03_c03,data/UCF101_data/UCF-101/WallPushups/v_WallPushups_g03_c03.avi,98,8,100,4,76,False,True,0.2797553241252899,0.0273842909373343,0.003964177652960643,0.5505982330068946,108,8,8,8,False,
ucf101,val,v_WritingOnBoard_g01_c07,data/UCF101_data/UCF-101/WritingOnBoard/v_WritingOnBoard_g01_c07.avi,99,8,100,4,99,True,True,0.9829482436180115,0.010063493624329567,0.003964177652960643,0.5214382712729275,100,8,8,8,False,
ucf101,val,v_WritingOnBoard_g01_c06,data/UCF101_data/UCF-101/WritingOnBoard/v_WritingOnBoard_g01_c06.avi,99,8,100,4,99,True,True,0.9813955426216125,0.008402399253100157,0.003964177652960643,0.5105929891578853,71,8,8,8,False,
ucf101,val,v_WritingOnBoard_g03_c07,data/UCF101_data/UCF-101/WritingOnBoard/v_WritingOnBoard_g03_c07.avi,99,8,100,4,99,True,True,0.9716333150863647,0.008972510229796171,0.003964177652960643,0.5013099699281156,94,8,8,8,False,
ucf101,val,v_WritingOnBoard_g03_c05,data/UCF101_data/UCF-101/WritingOnBoard/v_WritingOnBoard_g03_c05.avi,99,8,100,4,99,True,True,0.9641798734664917,0.010816826019436121,0.003964177652960643,0.49137641303241253,160,8,8,8,False,
ucf101,val,v_WritingOnBoard_g03_c06,data/UCF101_data/UCF-101/WritingOnBoard/v_WritingOnBoard_g03_c06.avi,99,8,100,4,99,True,True,0.9815783500671387,0.031965168192982674,0.0039773713069735095,1.131940030027181,122,8,8,8,False,
ucf101,val,v_WritingOnBoard_g05_c04,data/UCF101_data/UCF-101/WritingOnBoard/v_WritingOnBoard_g05_c04.avi,99,8,100,4,99,True,True,0.979333221912384,0.011667115148156881,0.0039773713069735095,1.097857684828341,148,8,8,8,False,
ucf101,val,v_WritingOnBoard_g07_c01,data/UCF101_data/UCF-101/WritingOnBoard/v_WritingOnBoard_g07_c01.avi,99,8,100,4,99,True,True,0.9761664271354675,0.028480645269155502,0.0039773713069735095,1.0851854481734335,111,8,8,8,False,
ucf101,val,v_WritingOnBoard_g05_c03,data/UCF101_data/UCF-101/WritingOnBoard/v_WritingOnBoard_g05_c03.avi,99,8,100,4,99,True,True,0.9780438542366028,0.010715112090110779,0.0039773713069735095,1.053555125836283,112,8,8,8,False,
ucf101,val,v_WritingOnBoard_g02_c04,data/UCF101_data/UCF-101/WritingOnBoard/v_WritingOnBoard_g02_c04.avi,99,8,100,4,99,True,True,0.9852737784385681,0.011991786304861307,0.0039773713069735095,1.0420308783650398,191,8,8,8,False,
ucf101,val,v_WritingOnBoard_g07_c02,data/UCF101_data/UCF-101/WritingOnBoard/v_WritingOnBoard_g07_c02.avi,99,8,100,4,99,True,True,0.9750667810440063,0.0382599039003253,0.0039773713069735095,1.0283518279902637,163,8,8,8,False,
ucf101,val,v_WritingOnBoard_g04_c02,data/UCF101_data/UCF-101/WritingOnBoard/v_WritingOnBoard_g04_c02.avi,99,8,100,4,99,True,True,0.9854713678359985,0.01175251230597496,0.0039773713069735095,0.9865451790392399,143,8,8,8,False,
ucf101,val,v_WritingOnBoard_g06_c05,data/UCF101_data/UCF-101/WritingOnBoard/v_WritingOnBoard_g06_c05.avi,99,8,100,4,99,True,True,0.9533628225326538,0.0448409179225564,0.0039773713069735095,0.9734266572631896,189,8,8,8,False,
ucf101,val,v_WritingOnBoard_g01_c03,data/UCF101_data/UCF-101/WritingOnBoard/v_WritingOnBoard_g01_c03.avi,99,8,100,4,99,True,True,0.9815775752067566,0.00935748778283596,0.0039773713069735095,0.9269769759848714,61,8,8,8,False,
ucf101,val,v_WritingOnBoard_g06_c04,data/UCF101_data/UCF-101/WritingOnBoard/v_WritingOnBoard_g06_c04.avi,99,8,100,4,99,True,True,0.9607523083686829,0.050035976339131594,0.0039773713069735095,0.9162399731576443,211,8,8,8,False,
ucf101,val,v_WritingOnBoard_g07_c03,data/UCF101_data/UCF-101/WritingOnBoard/v_WritingOnBoard_g07_c03.avi,99,8,100,4,99,True,True,0.9747826457023621,0.044180587865412235,0.0039773713069735095,0.8631153041496873,182,8,8,8,False,
ucf101,val,v_WritingOnBoard_g02_c07,data/UCF101_data/UCF-101/WritingOnBoard/v_WritingOnBoard_g02_c07.avi,99,8,100,4,99,True,True,0.9888964891433716,0.012891558930277824,0.0039773713069735095,0.8160367291420698,200,8,8,8,False,
ucf101,val,v_WritingOnBoard_g02_c02,data/UCF101_data/UCF-101/WritingOnBoard/v_WritingOnBoard_g02_c02.avi,99,8,100,4,99,True,True,0.9854028224945068,0.012839843053370714,0.0039773713069735095,0.802153161726892,216,8,8,8,False,
ucf101,val,v_WritingOnBoard_g07_c05,data/UCF101_data/UCF-101/WritingOnBoard/v_WritingOnBoard_g07_c05.avi,99,8,100,4,99,True,True,0.9697602987289429,0.03543347306549549,0.0039773713069735095,0.7879860578104854,150,8,8,8,False,
ucf101,val,v_WritingOnBoard_g05_c01,data/UCF101_data/UCF-101/WritingOnBoard/v_WritingOnBoard_g05_c01.avi,99,8,100,4,99,True,True,0.9834745526313782,0.012420762330293655,0.0039773713069735095,0.7500215102918446,180,8,8,8,False,
ucf101,val,v_WritingOnBoard_g01_c02,data/UCF101_data/UCF-101/WritingOnBoard/v_WritingOnBoard_g01_c02.avi,99,8,100,4,99,True,True,0.9841455817222595,0.009679228067398071,0.0039773713069735095,0.7366561172530055,117,8,8,8,False,
ucf101,val,v_YoYo_g01_c05,data/UCF101_data/UCF-101/YoYo/v_YoYo_g01_c05.avi,100,8,100,4,100,True,True,0.6163178086280823,0.015715792309492826,0.0039773713069735095,0.7257940787822008,178,8,8,8,False,
ucf101,val,v_YoYo_g05_c03,data/UCF101_data/UCF-101/YoYo/v_YoYo_g05_c03.avi,100,8,100,4,2,False,True,0.2911739647388458,0.014039358124136925,0.0039773713069735095,0.7090569399297237,184,8,8,8,False,
ucf101,val,v_YoYo_g05_c01,data/UCF101_data/UCF-101/YoYo/v_YoYo_g05_c01.avi,100,8,100,4,2,False,True,0.9147347807884216,0.015055214986205101,0.0039773713069735095,0.6942218537442386,192,8,8,8,False,
ucf101,val,v_YoYo_g07_c01,data/UCF101_data/UCF-101/YoYo/v_YoYo_g07_c01.avi,100,8,100,4,45,False,True,0.3161204755306244,0.013873258605599403,0.0039773713069735095,0.6782742729410529,186,8,8,8,False,
ucf101,val,v_YoYo_g02_c04,data/UCF101_data/UCF-101/YoYo/v_YoYo_g02_c04.avi,100,8,100,4,17,False,True,0.4066886901855469,0.014207570813596249,0.0039773713069735095,0.663487350102514,166,8,8,8,False,
ucf101,val,v_YoYo_g06_c03,data/UCF101_data/UCF-101/YoYo/v_YoYo_g06_c03.avi,100,8,100,4,100,True,True,0.4021521806716919,0.014295115135610104,0.0039773713069735095,0.6484608668833971,187,8,8,8,False,
ucf101,val,v_YoYo_g01_c01,data/UCF101_data/UCF-101/YoYo/v_YoYo_g01_c01.avi,100,8,100,4,100,True,True,0.6075995564460754,0.014328242745250463,0.0039773713069735095,0.6332529000937939,187,8,8,8,False,
ucf101,val,v_YoYo_g07_c04,data/UCF101_data/UCF-101/YoYo/v_YoYo_g07_c04.avi,100,8,100,4,100,True,True,0.33595025539398193,0.013931040652096272,0.0039773713069735095,0.6179636130109429,200,8,8,8,False,
ucf101,val,v_YoYo_g05_c05,data/UCF101_data/UCF-101/YoYo/v_YoYo_g05_c05.avi,100,8,100,4,100,True,True,0.4578023850917816,0.014857360627502203,0.0039773713069735095,0.6033711251802742,180,8,8,8,False,
ucf101,val,v_YoYo_g04_c02,data/UCF101_data/UCF-101/YoYo/v_YoYo_g04_c02.avi,100,8,100,4,45,False,True,0.7211962342262268,0.014970784075558186,0.0039773713069735095,0.587700427044183,192,8,8,8,False,
ucf101,val,v_YoYo_g04_c04,data/UCF101_data/UCF-101/YoYo/v_YoYo_g04_c04.avi,100,8,100,4,100,True,True,0.35534992814064026,0.014815723989158869,0.0039773713069735095,0.5718483063392341,178,8,8,8,False,
ucf101,val,v_YoYo_g03_c03,data/UCF101_data/UCF-101/YoYo/v_YoYo_g03_c03.avi,100,8,100,4,100,True,True,0.47217413783073425,0.014292418956756592,0.0039773713069735095,0.5560817900113761,199,8,8,8,False,
ucf101,val,v_YoYo_g01_c02,data/UCF101_data/UCF-101/YoYo/v_YoYo_g01_c02.avi,100,8,100,4,100,True,True,0.6984460949897766,0.01408481178805232,0.0039773713069735095,0.5408586747944355,184,8,8,8,False,
ucf101,val,v_YoYo_g06_c01,data/UCF101_data/UCF-101/YoYo/v_YoYo_g06_c01.avi,100,8,100,4,74,False,True,0.268385648727417,0.014723072294145823,0.0039773713069735095,0.5260895197279751,204,8,8,8,False,
ucf101,val,v_YoYo_g01_c03,data/UCF101_data/UCF-101/YoYo/v_YoYo_g01_c03.avi,100,8,100,4,100,True,True,0.8274171352386475,0.014600255992263556,0.0039773713069735095,0.5107102356851101,165,8,8,8,False,
ucf101,val,v_YoYo_g02_c01,data/UCF101_data/UCF-101/YoYo/v_YoYo_g02_c01.avi,100,8,100,4,45,False,True,0.5565181374549866,0.014950887765735388,0.0039773713069735095,0.4952786429785192,188,8,8,8,False,
ucf101,val,v_YoYo_g02_c05,data/UCF101_data/UCF-101/YoYo/v_YoYo_g02_c05.avi,100,8,100,4,17,False,True,0.1919984668493271,0.0282584922388196,0.011836297577247024,0.1450732140801847,172,8,8,8,False,
ucf101,val,v_YoYo_g05_c04,data/UCF101_data/UCF-101/YoYo/v_YoYo_g05_c04.avi,100,8,100,4,100,True,True,0.1807129681110382,0.014489904046058655,0.011836297577247024,0.11551114497706294,175,8,8,8,False,
ucf101,val,v_YoYo_g03_c01,data/UCF101_data/UCF-101/YoYo/v_YoYo_g03_c01.avi,100,8,100,4,100,True,True,0.9350857138633728,0.014092803001403809,0.011836297577247024,0.10019398713484406,195,8,8,8,False,
ucf101,val,v_YoYo_g07_c02,data/UCF101_data/UCF-101/YoYo/v_YoYo_g07_c02.avi,100,8,100,4,45,False,True,0.5069655179977417,0.014621248934417963,0.011836297577247024,0.08516062516719103,177,8,8,8,False,
