dataset,split,video_id,video_path,label_id,budget,coverage,stride,pred_id,correct_top1,correct_top5,confidence,decode_time_s,inference_time_s,total_time_s,source_frames,candidate_frames,processed_frames,model_input_frames,skipped,error
ucf101,val,v_ApplyEyeMakeup_g07_c04,data/UCF101_data/UCF-101/ApplyEyeMakeup/v_ApplyEyeMakeup_g07_c04.avi,0,8,10,1,0,True,True,0.9707235097885132,0.265141854993999,0.1690363939414965,8.107353331986815,142,8,8,8,False,
ucf101,val,v_ApplyEyeMakeup_g02_c02,data/UCF101_data/UCF-101/ApplyEyeMakeup/v_ApplyEyeMakeup_g02_c02.avi,0,8,10,1,0,True,True,0.9429552555084229,0.03609396796673536,0.1690363939414965,7.8374237241223454,146,8,8,8,False,
ucf101,val,v_ApplyEyeMakeup_g01_c02,data/UCF101_data/UCF-101/ApplyEyeMakeup/v_ApplyEyeMakeup_g01_c02.avi,0,8,10,1,1,False,True,0.702008068561554,0.03172370372340083,0.1690363939414965,7.79779139906168,123,8,8,8,False,
ucf101,val,v_ApplyEyeMakeup_g04_c02,data/UCF101_data/UCF-101/ApplyEyeMakeup/v_ApplyEyeMakeup_g04_c02.avi,0,8,10,1,0,True,True,0.9049808979034424,0.03560625109821558,0.1690363939414965,7.7629952798597515,132,8,8,8,False,
ucf101,val,v_ApplyEyeMakeup_g03_c06,data/UCF101_data/UCF-101/ApplyEyeMakeup/v_ApplyEyeMakeup_g03_c06.avi,0,8,10,1,1,False,True,0.9266517162322998,0.029318105895072222,0.1690363939414965,7.7244724980555475,152,8,8,8,False,
ucf101,val,v_ApplyEyeMakeup_g03_c05,data/UCF101_data/UCF-101/ApplyEyeMakeup/v_ApplyEyeMakeup_g03_c05.avi,0,8,10,1,1,False,True,0.5637737512588501,0.037178324069827795,0.1690363939414965,7.691682842094451,146,8,8,8,False,
ucf101,val,v_ApplyEyeMakeup_g02_c03,data/UCF101_data/UCF-101/ApplyEyeMakeup/v_ApplyEyeMakeup_g02_c03.avi,0,8,10,1,0,True,True,0.9765545129776001,0.032971423119306564,0.1690363939414965,7.652455162722617,216,8,8,8,False,
ucf101,val,v_ApplyEyeMakeup_g02_c01,data/UCF101_data/UCF-101/ApplyEyeMakeup/v_ApplyEyeMakeup_g02_c01.avi,0,8,10,1,0,True,True,0.9618635177612305,0.02749641425907612,0.1690363939414965,7.61686153197661,170,8,8,8,False,
ucf101,val,v_ApplyEyeMakeup_g06_c05,data/UCF101_data/UCF-101/ApplyEyeMakeup/v_ApplyEyeMakeup_g06_c05.avi,0,8,10,1,0,True,True,0.8204261660575867,0.043687538243830204,0.1690363939414965,7.58636906510219,281,8,8,8,False,
ucf101,val,v_ApplyEyeMakeup_g01_c06,data/UCF101_data/UCF-101/ApplyEyeMakeup/v_ApplyEyeMakeup_g01_c06.avi,0,8,10,1,1,False,True,0.9236649870872498,0.025088063906878233,0.1690363939414965,7.539370662998408,122,8,8,8,False,
ucf101,val,v_ApplyEyeMakeup_g05_c05,data/UCF101_data/UCF-101/ApplyEyeMakeup/v_ApplyEyeMakeup_g05_c05.avi,0,8,10,1,0,True,True,0.6244046092033386,0.05500778229907155,0.1690363939414965,7.512113770935684,227,8,8,8,False,
ucf101,val,v_ApplyEyeMakeup_g01_c03,data/UCF101_data/UCF-101/ApplyEyeMakeup/v_ApplyEyeMakeup_g01_c03.avi,0,8,10,1,1,False,True,0.914879322052002,0.015655543189495802,0.1690363939414965,7.454239232931286,259,8,8,8,False,
ucf101,val,v_ApplyEyeMakeup_g07_c05,data/UCF101_data/UCF-101/ApplyEyeMakeup/v_ApplyEyeMakeup_g07_c05.avi,0,8,10,1,0,True,True,0.9071754813194275,0.028643212746828794,0.1690363939414965,7.4352890737354755,98,8,8,8,False,
ucf101,val,v_ApplyEyeMakeup_g06_c03,data/UCF101_data/UCF-101/ApplyEyeMakeup/v_ApplyEyeMakeup_g06_c03.avi,0,8,10,1,1,False,True,0.5999512076377869,0.038491363637149334,0.1690363939414965,7.403984569944441,245,8,8,8,False,
ucf101,val,v_ApplyEyeMakeup_g06_c07,data/UCF101_data/UCF-101/ApplyEyeMakeup/v_ApplyEyeMakeup_g06_c07.avi,0,8,10,1,1,False,True,0.880804181098938,0.03369838697835803,0.1690363939414965,7.362243032082915,167,8,8,8,False,
ucf101,val,v_ApplyEyeMakeup_g07_c06,data/UCF101_data/UCF-101/ApplyEyeMakeup/v_ApplyEyeMakeup_g07_c06.avi,0,8,10,1,0,True,True,0.9529666304588318,0.03434524079784751,0.1690363939414965,7.3263264880515635,162,8,8,8,False,
ucf101,val,v_ApplyEyeMakeup_g04_c01,data/UCF101_data/UCF-101/ApplyEyeMakeup/v_ApplyEyeMakeup_g04_c01.avi,0,8,10,1,1,False,True,0.5757503509521484,0.028907409869134426,0.1690363939414965,7.289717473089695,126,8,8,8,False,
ucf101,val,v_ApplyEyeMakeup_g04_c04,data/UCF101_data/UCF-101/ApplyEyeMakeup/v_ApplyEyeMakeup_g04_c04.avi,0,8,10,1,0,True,True,0.5896573662757874,0.03415916534140706,0.1690363939414965,7.257694678846747,181,8,8,8,False,
ucf101,val,v_ApplyEyeMakeup_g01_c01,data/UCF101_data/UCF-101/ApplyEyeMakeup/v_ApplyEyeMakeup_g01_c01.avi,0,8,10,1,1,False,True,0.6173246502876282,0.745407551061362,0.1690363939414965,7.2211913941428065,164,8,8,8,False,
ucf101,val,v_ApplyEyeMakeup_g07_c07,data/UCF101_data/UCF-101/ApplyEyeMakeup/v_ApplyEyeMakeup_g07_c07.avi,0,8,10,1,0,True,True,0.9520872235298157,0.12561888992786407,0.1690363939414965,6.472950168885291,114,8,8,8,False,
ucf101,val,v_ApplyLipstick_g03_c04,data/UCF101_data/UCF-101/ApplyLipstick/v_ApplyLipstick_g03_c04.avi,1,8,10,1,1,True,True,0.44503387808799744,0.13408622285351157,0.1690363939414965,6.344487640075386,142,8,8,8,False,
ucf101,val,v_ApplyLipstick_g05_c05,data/UCF101_data/UCF-101/ApplyLipstick/v_ApplyLipstick_g05_c05.avi,1,8,10,1,0,False,True,0.30430445075035095,0.028531096875667572,0.1690363939414965,6.2083889702335,156,8,8,8,False,
ucf101,val,v_ApplyLipstick_g05_c03,data/UCF101_data/UCF-101/ApplyLipstick/v_ApplyLipstick_g05_c03.avi,1,8,10,1,0,False,True,0.48646801710128784,0.02259617717936635,0.1690363939414965,6.176911665126681,113,8,8,8,False,
ucf101,val,v_ApplyLipstick_g07_c03,data/UCF101_data/UCF-101/ApplyLipstick/v_ApplyLipstick_g07_c03.avi,1,8,10,1,1,True,True,0.8902295231819153,0.04329720605164766,0.1690363939414965,6.151076863054186,226,8,8,8,False,
ucf101,val,v_ApplyLipstick_g04_c05,data/UCF101_data/UCF-101/ApplyLipstick/v_ApplyLipstick_g04_c05.avi,1,8,10,1,1,True,True,0.7838667631149292,0.028506217058748007,0.1690363939414965,6.104511965997517,169,8,8,8,False,
ucf101,val,v_ApplyLipstick_g04_c01,data/UCF101_data/UCF-101/ApplyLipstick/v_ApplyLipstick_g04_c01.avi,1,8,10,1,0,False,True,0.5336840152740479,0.025966061279177666,0.1690363939414965,6.073372974991798,98,8,8,8,False,
ucf101,val,v_ApplyLipstick_g02_c03,data/UCF101_data/UCF-101/ApplyLipstick/v_ApplyLipstick_g02_c03.avi,1,8,10,1,1,True,True,0.6509823203086853,0.03075404604896903,0.1690363939414965,6.044231909327209,98,8,8,8,False,
ucf101,val,v_ApplyLipstick_g04_c02,data/UCF101_data/UCF-101/ApplyLipstick/v_ApplyLipstick_g04_c02.avi,1,8,10,1,1,True,True,0.7016733884811401,0.028823467902839184,0.1690363939414965,6.010593554005027,144,8,8,8,False,
ucf101,val,v_ApplyLipstick_g05_c01,data/UCF101_data/UCF-101/ApplyLipstick/v_ApplyLipstick_g05_c01.avi,1,8,10,1,0,False,True,0.66331547498703,0.1486530196852982,0.1690363939414965,5.978935881983489,177,8,8,8,False,
ucf101,val,v_ApplyLipstick_g02_c04,data/UCF101_data/UCF-101/ApplyLipstick/v_ApplyLipstick_g02_c04.avi,1,8,10,1,1,True,True,0.8039665818214417,0.03850042587146163,0.1690363939414965,5.827786038164049,185,8,8,8,False,
ucf101,val,v_ApplyLipstick_g01_c01,data/UCF101_data/UCF-101/ApplyLipstick/v_ApplyLipstick_g01_c01.avi,1,8,10,1,1,True,True,0.9087446331977844,0.1079988582059741,0.1690363939414965,5.786713313311338,149,8,8,8,False,
ucf101,val,v_ApplyLipstick_g02_c01,data/UCF101_data/UCF-101/ApplyLipstick/v_ApplyLipstick_g02_c01.avi,1,8,10,1,1,True,True,0.5273407697677612,0.01186686521396041,0.1690363939414965,5.675230931956321,127,8,8,8,False,
ucf101,val,v_ApplyLipstick_g06_c04,data/UCF101_data/UCF-101/ApplyLipstick/v_ApplyLipstick_g06_c04.avi,1,8,10,1,1,True,True,0.9429943561553955,0.06320696882903576,0.005082284536911175,4.894264275208116,523,8,8,8,False,
ucf101,val,v_ApplyLipstick_g03_c02,data/UCF101_data/UCF-101/ApplyLipstick/v_ApplyLipstick_g03_c02.avi,1,8,10,1,19,False,True,0.5978430509567261,0.032686101738363504,0.005082284536911175,4.828001430258155,108,8,8,8,False,
ucf101,val,v_ApplyLipstick_g07_c01,data/UCF101_data/UCF-101/ApplyLipstick/v_ApplyLipstick_g07_c01.avi,1,8,10,1,1,True,True,0.8623286485671997,0.027543391566723585,0.005082284536911175,4.792884084861726,270,8,8,8,False,
ucf101,val,v_ApplyLipstick_g01_c05,data/UCF101_data/UCF-101/ApplyLipstick/v_ApplyLipstick_g01_c05.avi,1,8,10,1,1,True,True,0.9357670545578003,0.0329867759719491,0.005082284536911175,4.762307825963944,213,8,8,8,False,
ucf101,val,v_ApplyLipstick_g02_c02,data/UCF101_data/UCF-101/ApplyLipstick/v_ApplyLipstick_g02_c02.avi,1,8,10,1,0,False,True,0.5297025442123413,0.024447089061141014,0.005082284536911175,4.725943164899945,118,8,8,8,False,
ucf101,val,v_ApplyLipstick_g07_c04,data/UCF101_data/UCF-101/ApplyLipstick/v_ApplyLipstick_g07_c04.avi,1,8,10,1,1,True,True,0.9320284128189087,0.034213314298540354,0.005082284536911175,4.698348779696971,163,8,8,8,False,
ucf101,val,v_ApplyLipstick_g07_c02,data/UCF101_data/UCF-101/ApplyLipstick/v_ApplyLipstick_g07_c02.avi,1,8,10,1,1,True,True,0.8358805775642395,0.028168374206870794,0.005082284536911175,4.660866500809789,125,8,8,8,False,
ucf101,val,v_ApplyLipstick_g01_c02,data/UCF101_data/UCF-101/ApplyLipstick/v_ApplyLipstick_g01_c02.avi,1,8,10,1,1,True,True,0.8717190027236938,0.023770606145262718,0.005082284536911175,4.6302536921575665,160,8,8,8,False,
ucf101,val,v_Archery_g01_c06,data/UCF101_data/UCF-101/Archery/v_Archery_g01_c06.avi,2,8,10,1,2,True,True,0.4099787473678589,0.4148438828997314,0.005082284536911175,4.603269282262772,108,8,8,8,False,
ucf101,val,v_Archery_g05_c01,data/UCF101_data/UCF-101/Archery/v_Archery_g05_c01.avi,2,8,10,1,2,True,True,0.9438638687133789,0.28001198498532176,0.005082284536911175,4.185353782959282,455,8,8,8,False,
ucf101,val,v_Archery_g01_c07,data/UCF101_data/UCF-101/Archery/v_Archery_g01_c07.avi,2,8,10,1,2,True,True,0.857674777507782,0.21430378686636686,0.005082284536911175,3.9017435158602893,143,8,8,8,False,
ucf101,val,v_Archery_g04_c04,data/UCF101_data/UCF-101/Archery/v_Archery_g04_c04.avi,2,8,10,1,2,True,True,0.8579198122024536,0.5293273027054965,0.005082284536911175,3.68470576684922,135,8,8,8,False,
ucf101,val,v_Archery_g07_c03,data/UCF101_data/UCF-101/Archery/v_Archery_g07_c03.avi,2,8,10,1,34,False,True,0.24798254668712616,0.5871254159137607,0.005082284536911175,3.1535682110115886,51,5,8,8,False,
ucf101,val,v_Archery_g03_c03,data/UCF101_data/UCF-101/Archery/v_Archery_g03_c03.avi,2,8,10,1,2,True,True,0.7600931525230408,0.031514150090515614,0.005082284536911175,2.5640973481349647,125,8,8,8,False,
ucf101,val,v_Archery_g01_c03,data/UCF101_data/UCF-101/Archery/v_Archery_g01_c03.avi,2,8,10,1,89,False,True,0.43120160698890686,0.712392520159483,0.005082284536911175,2.5291457646526396,158,8,8,8,False,
ucf101,val,v_Archery_g06_c01,data/UCF101_data/UCF-101/Archery/v_Archery_g06_c01.avi,2,8,10,1,2,True,True,0.8949224352836609,0.25407606502994895,0.005082284536911175,1.8139012409374118,81,8,8,8,False,
ucf101,val,v_Archery_g02_c01,data/UCF101_data/UCF-101/Archery/v_Archery_g02_c01.avi,2,8,10,1,2,True,True,0.9551751613616943,0.046584066934883595,0.005082284536911175,1.5568933440372348,158,8,8,8,False,
ucf101,val,v_Archery_g07_c05,data/UCF101_data/UCF-101/Archery/v_Archery_g07_c05.avi,2,8,10,1,2,True,True,0.2785833477973938,0.02325893333181739,0.005082284536911175,1.5075728404335678,64,6,8,8,False,
ucf101,val,v_Archery_g06_c06,data/UCF101_data/UCF-101/Archery/v_Archery_g06_c06.avi,2,8,10,1,2,True,True,0.2561689615249634,0.10185442818328738,0.005082284536911175,1.4825937920249999,132,8,8,8,False,
ucf101,val,v_Archery_g03_c04,data/UCF101_data/UCF-101/Archery/v_Archery_g03_c04.avi,2,8,10,1,2,True,True,0.9061189293861389,0.23018157109618187,0.005082284536911175,1.3774996036663651,138,8,8,8,False,
ucf101,val,v_Archery_g02_c03,data/UCF101_data/UCF-101/Archery/v_Archery_g02_c03.avi,2,8,10,1,2,True,True,0.9680022597312927,0.06053852615877986,0.005082284536911175,1.1442656349390745,138,8,8,8,False,
ucf101,val,v_Archery_g05_c03,data/UCF101_data/UCF-101/Archery/v_Archery_g05_c03.avi,2,8,10,1,2,True,True,0.9478145241737366,0.06580968666821718,0.005082284536911175,1.0810286281630397,488,8,8,8,False,
ucf101,val,v_Archery_g04_c02,data/UCF101_data/UCF-101/Archery/v_Archery_g04_c02.avi,2,8,10,1,2,True,True,0.869196891784668,0.050255474634468555,0.005082284536911175,1.0122763300314546,173,8,8,8,False,
ucf101,val,v_Archery_g04_c01,data/UCF101_data/UCF-101/Archery/v_Archery_g04_c01.avi,2,8,10,1,2,True,True,0.8378421664237976,0.038098793011158705,0.005082284536911175,0.9584559430368245,165,8,8,8,False,
ucf101,val,v_Archery_g02_c05,data/UCF101_data/UCF-101/Archery/v_Archery_g02_c05.avi,2,8,10,1,55,False,False,0.30487021803855896,0.047155243810266256,0.005082284536911175,0.9172171130776405,127,8,8,8,False,
ucf101,val,v_Archery_g03_c05,data/UCF101_data/UCF-101/Archery/v_Archery_g03_c05.avi,2,8,10,1,2,True,True,0.801568865776062,0.02030353294685483,0.005082284536911175,0.8671689168550074,124,8,8,8,False,
ucf101,val,v_Archery_g07_c04,data/UCF101_data/UCF-101/Archery/v_Archery_g07_c04.avi,2,8,10,1,2,True,True,0.8376891016960144,0.019404091872274876,0.005082284536911175,0.8442315747961402,51,5,8,8,False,
ucf101,val,v_Archery_g06_c02,data/UCF101_data/UCF-101/Archery/v_Archery_g06_c02.avi,2,8,10,1,2,True,True,0.8906100392341614,0.051790107041597366,0.005082284536911175,0.8232180899940431,116,8,8,8,False,
ucf101,val,v_BabyCrawling_g01_c03,data/UCF101_data/UCF-101/BabyCrawling/v_BabyCrawling_g01_c03.avi,3,8,10,1,3,True,True,0.9132436513900757,0.062416092958301306,0.005082284536911175,0.7689309557899833,156,8,8,8,False,
ucf101,val,v_BabyCrawling_g04_c01,data/UCF101_data/UCF-101/BabyCrawling/v_BabyCrawling_g04_c01.avi,3,8,10,1,3,True,True,0.9763527512550354,0.038977472111582756,0.005082284536911175,0.7041554772295058,127,8,8,8,False,
ucf101,val,v_BabyCrawling_g05_c01,data/UCF101_data/UCF-101/BabyCrawling/v_BabyCrawling_g05_c01.avi,3,8,10,1,3,True,True,0.9707184433937073,0.05091299442574382,0.005082284536911175,0.6631401651538908,221,8,8,8,False,
ucf101,val,v_BabyCrawling_g02_c02,data/UCF101_data/UCF-101/BabyCrawling/v_BabyCrawling_g02_c02.avi,3,8,10,1,34,False,True,0.35691070556640625,0.029721615836024284,0.005082284536911175,0.6091751847416162,112,8,8,8,False,
ucf101,val,v_BabyCrawling_g06_c05,data/UCF101_data/UCF-101/BabyCrawling/v_BabyCrawling_g06_c05.avi,3,8,10,1,3,True,True,0.9685653448104858,0.042691074311733246,0.0037111871206434444,1.8165943482890725,258,8,8,8,False,
ucf101,val,v_BabyCrawling_g02_c04,data/UCF101_data/UCF-101/BabyCrawling/v_BabyCrawling_g02_c04.avi,3,8,10,1,3,True,True,0.9756518602371216,0.0276423841714859,0.0037111871206434444,1.7708579748868942,105,8,8,8,False,
ucf101,val,v_BabyCrawling_g07_c02,data/UCF101_data/UCF-101/BabyCrawling/v_BabyCrawling_g07_c02.avi,3,8,10,1,3,True,True,0.8781834840774536,0.02926646312698722,0.0037111871206434444,1.7403567330911756,145,8,8,8,False,
ucf101,val,v_BabyCrawling_g01_c04,data/UCF101_data/UCF-101/BabyCrawling/v_BabyCrawling_g01_c04.avi,3,8,10,1,59,False,False,0.32223090529441833,0.046352694276720285,0.0037111871206434444,1.7080608890391886,219,8,8,8,False,
ucf101,val,v_BabyCrawling_g03_c03,data/UCF101_data/UCF-101/BabyCrawling/v_BabyCrawling_g03_c03.avi,3,8,10,1,3,True,True,0.9476962089538574,0.047823308035731316,0.0037111871206434444,1.6584606398828328,198,8,8,8,False,
ucf101,val,v_BabyCrawling_g02_c05,data/UCF101_data/UCF-101/BabyCrawling/v_BabyCrawling_g02_c05.avi,3,8,10,1,3,True,True,0.8576716184616089,0.02567116403952241,0.0037111871206434444,1.6073425207287073,84,8,8,8,False,
ucf101,val,v_BabyCrawling_g07_c05,data/UCF101_data/UCF-101/BabyCrawling/v_BabyCrawling_g07_c05.avi,3,8,10,1,3,True,True,0.34722092747688293,0.02811155840754509,0.0037111871206434444,1.5795682170428336,141,8,8,8,False,
ucf101,val,v_BabyCrawling_g05_c03,data/UCF101_data/UCF-101/BabyCrawling/v_BabyCrawling_g05_c03.avi,3,8,10,1,3,True,True,0.9572751522064209,0.06337128672748804,0.0037111871206434444,1.5486125526949763,271,8,8,8,False,
ucf101,val,v_BabyCrawling_g03_c02,data/UCF101_data/UCF-101/BabyCrawling/v_BabyCrawling_g03_c02.avi,3,8,10,1,3,True,True,0.9752897024154663,0.04980575433000922,0.0037111871206434444,1.4824248971417546,181,8,8,8,False,
ucf101,val,v_BabyCrawling_g07_c03,data/UCF101_data/UCF-101/BabyCrawling/v_BabyCrawling_g07_c03.avi,3,8,10,1,3,True,True,0.9799640774726868,0.027647277805954218,0.0037111871206434444,1.4303078362718225,171,8,8,8,False,
ucf101,val,v_BabyCrawling_g05_c05,data/UCF101_data/UCF-101/BabyCrawling/v_BabyCrawling_g05_c05.avi,3,8,10,1,3,True,True,0.9661735892295837,0.031452052760869265,0.0037111871206434444,1.3998274500481784,159,8,8,8,False,
ucf101,val,v_BabyCrawling_g06_c01,data/UCF101_data/UCF-101/BabyCrawling/v_BabyCrawling_g06_c01.avi,3,8,10,1,71,False,True,0.19833937287330627,0.05710259219631553,0.0037111871206434444,1.3657454010099173,198,8,8,8,False,
ucf101,val,v_BabyCrawling_g02_c03,data/UCF101_data/UCF-101/BabyCrawling/v_BabyCrawling_g02_c03.avi,3,8,10,1,3,True,True,0.9784111976623535,0.03292387491092086,0.0037111871206434444,1.304837906267494,117,8,8,8,False,
ucf101,val,v_BabyCrawling_g06_c03,data/UCF101_data/UCF-101/BabyCrawling/v_BabyCrawling_g06_c03.avi,3,8,10,1,3,True,True,0.9573979377746582,0.05925916228443384,0.0037111871206434444,1.270037398673594,201,8,8,8,False,
ucf101,val,v_BabyCrawling_g07_c06,data/UCF101_data/UCF-101/BabyCrawling/v_BabyCrawling_g07_c06.avi,3,8,10,1,3,True,True,0.3667139410972595,0.04944561468437314,0.0037111871206434444,1.2074446128681302,210,8,8,8,False,
ucf101,val,v_BabyCrawling_g05_c04,data/UCF101_data/UCF-101/BabyCrawling/v_BabyCrawling_g05_c04.avi,3,8,10,1,3,True,True,0.9550435543060303,0.04306394513696432,0.0037111871206434444,1.1554021909832954,230,8,8,8,False,
ucf101,val,v_BalanceBeam_g05_c02,data/UCF101_data/UCF-101/BalanceBeam/v_BalanceBeam_g05_c02.avi,4,8,10,1,4,True,True,0.8771697878837585,0.05595905985683203,0.0037111871206434444,1.110401394777,114,8,8,8,False,
ucf101,val,v_BalanceBeam_g06_c04,data/UCF101_data/UCF-101/BalanceBeam/v_BalanceBeam_g06_c04.avi,4,8,10,1,56,False,True,0.42016932368278503,0.038644082844257355,0.0037111871206434444,1.0524137229658663,120,8,8,8,False,
ucf101,val,v_BalanceBeam_g02_c04,data/UCF101_data/UCF-101/BalanceBeam/v_BalanceBeam_g02_c04.avi,4,8,10,1,68,False,True,0.6125704050064087,0.034871036652475595,0.0037111871206434444,1.011859742924571,133,8,8,8,False,
ucf101,val,v_BalanceBeam_g02_c02,data/UCF101_data/UCF-101/BalanceBeam/v_BalanceBeam_g02_c02.avi,4,8,10,1,4,True,True,0.7214469313621521,0.025534375105053186,0.0037111871206434444,0.9738872242160141,100,8,8,8,False,
ucf101,val,v_BalanceBeam_g04_c03,data/UCF101_data/UCF-101/BalanceBeam/v_BalanceBeam_g04_c03.avi,4,8,10,1,4,True,True,0.8074068427085876,0.05742033710703254,0.0037111871206434444,0.9466606602072716,160,8,8,8,False,
ucf101,val,v_BalanceBeam_g04_c01,data/UCF101_data/UCF-101/BalanceBeam/v_BalanceBeam_g04_c01.avi,4,8,10,1,4,True,True,0.921557605266571,0.05497492337599397,0.0037111871206434444,0.8866215408779681,120,8,8,8,False,
ucf101,val,v_BalanceBeam_g03_c01,data/UCF101_data/UCF-101/BalanceBeam/v_BalanceBeam_g03_c01.avi,4,8,10,1,4,True,True,0.49603456258773804,0.024639545939862728,0.0037111871206434444,0.8293244051747024,197,8,8,8,False,
ucf101,val,v_BalanceBeam_g06_c01,data/UCF101_data/UCF-101/BalanceBeam/v_BalanceBeam_g06_c01.avi,4,8,10,1,4,True,True,0.551223874092102,0.05287807807326317,0.0037111871206434444,0.8016304080374539,106,8,8,8,False,
ucf101,val,v_BalanceBeam_g06_c03,data/UCF101_data/UCF-101/BalanceBeam/v_BalanceBeam_g06_c03.avi,4,8,10,1,56,False,True,0.5893869400024414,0.03217692719772458,0.0037111871206434444,0.746142378076911,105,8,8,8,False,
ucf101,val,v_BalanceBeam_g07_c04,data/UCF101_data/UCF-101/BalanceBeam/v_BalanceBeam_g07_c04.avi,4,8,10,1,68,False,True,0.9392809271812439,0.030184699688106775,0.0037111871206434444,0.7113479427061975,107,8,8,8,False,
ucf101,val,v_BalanceBeam_g07_c02,data/UCF101_data/UCF-101/BalanceBeam/v_BalanceBeam_g07_c02.avi,4,8,10,1,4,True,True,0.535748302936554,0.025901223067194223,0.0037111871206434444,0.6786454790271819,110,8,8,8,False,
ucf101,val,v_BalanceBeam_g03_c03,data/UCF101_data/UCF-101/BalanceBeam/v_BalanceBeam_g03_c03.avi,4,8,10,1,4,True,True,0.725490927696228,0.031193253118544817,0.0037111871206434444,0.6511502852663398,101,8,8,8,False,
ucf101,val,v_BalanceBeam_g01_c02,data/UCF101_data/UCF-101/BalanceBeam/v_BalanceBeam_g01_c02.avi,4,8,10,1,74,False,False,0.3399406373500824,0.022093228064477444,0.0037111871206434444,0.616878957953304,90,8,8,8,False,
ucf101,val,v_BalanceBeam_g07_c03,data/UCF101_data/UCF-101/BalanceBeam/v_BalanceBeam_g07_c03.avi,4,8,10,1,68,False,True,0.4488693177700043,0.04906834987923503,0.0037111871206434444,0.5920246676541865,202,8,8,8,False,
ucf101,val,v_BalanceBeam_g05_c03,data/UCF101_data/UCF-101/BalanceBeam/v_BalanceBeam_g05_c03.avi,4,8,10,1,4,True,True,0.8257940411567688,0.02994144894182682,0.0037111871206434444,0.5401143189519644,111,8,8,8,False,
ucf101,val,v_BalanceBeam_g05_c04,data/UCF101_data/UCF-101/BalanceBeam/v_BalanceBeam_g05_c04.avi,4,8,10,1,4,True,True,0.8880507349967957,0.03455701284110546,0.0037111871206434444,0.5084873088635504,180,8,8,8,False,
ucf101,val,v_BalanceBeam_g02_c03,data/UCF101_data/UCF-101/BalanceBeam/v_BalanceBeam_g02_c03.avi,4,8,10,1,68,False,True,0.6649235486984253,0.026831347960978746,0.004798643349204212,2.6275402940809727,60,6,8,8,False,
ucf101,val,v_BalanceBeam_g02_c01,data/UCF101_data/UCF-101/BalanceBeam/v_BalanceBeam_g02_c01.avi,4,8,10,1,4,True,True,0.6660884022712708,0.03215314680710435,0.004798643349204212,2.5950516583397985,82,8,8,8,False,
ucf101,val,v_BalanceBeam_g05_c01,data/UCF101_data/UCF-101/BalanceBeam/v_BalanceBeam_g05_c01.avi,4,8,10,1,4,True,True,0.9029402136802673,0.04686172166839242,0.004798643349204212,2.559861954767257,95,8,8,8,False,
ucf101,val,v_BalanceBeam_g01_c04,data/UCF101_data/UCF-101/BalanceBeam/v_BalanceBeam_g01_c04.avi,4,8,10,1,4,True,True,0.5163446068763733,0.03221161523833871,0.004798643349204212,2.5098793390206993,111,8,8,8,False,
ucf101,val,v_BandMarching_g07_c01,data/UCF101_data/UCF-101/BandMarching/v_BandMarching_g07_c01.avi,5,8,10,1,5,True,True,0.9714059233665466,0.07394979288801551,0.004798643349204212,2.474460146855563,70,7,8,8,False,
ucf101,val,v_BandMarching_g03_c07,data/UCF101_data/UCF-101/BandMarching/v_BandMarching_g03_c07.avi,5,8,10,1,5,True,True,0.9750586748123169,0.06741718482226133,0.004798643349204212,2.397540445905179,249,8,8,8,False,
ucf101,val,v_BandMarching_g02_c07,data/UCF101_data/UCF-101/BandMarching/v_BandMarching_g02_c07.avi,5,8,10,1,5,True,True,0.9812822341918945,0.051504235714673996,0.004798643349204212,2.3277099444530904,145,8,8,8,False,
ucf101,val,v_BandMarching_g05_c07,data/UCF101_data/UCF-101/BandMarching/v_BandMarching_g05_c07.avi,5,8,10,1,5,True,True,0.9652665257453918,0.0281946393661201,0.004798643349204212,2.273742275778204,62,6,8,8,False,
ucf101,val,v_BandMarching_g05_c01,data/UCF101_data/UCF-101/BandMarching/v_BandMarching_g05_c01.avi,5,8,10,1,5,True,True,0.9561454057693481,0.025872734375298023,0.004798643349204212,2.24286209885031,47,5,8,8,False,
ucf101,val,v_BandMarching_g05_c05,data/UCF101_data/UCF-101/BandMarching/v_BandMarching_g05_c05.avi,5,8,10,1,5,True,True,0.9638849496841431,0.026949279941618443,0.004798643349204212,2.2140383683145046,65,6,8,8,False,
ucf101,val,v_BandMarching_g02_c03,data/UCF101_data/UCF-101/BandMarching/v_BandMarching_g02_c03.avi,5,8,10,1,5,True,True,0.9740970134735107,0.04627666901797056,0.004798643349204212,2.1846411786973476,123,8,8,8,False,
ucf101,val,v_BandMarching_g03_c03,data/UCF101_data/UCF-101/BandMarching/v_BandMarching_g03_c03.avi,5,8,10,1,5,True,True,0.9797424674034119,0.05985146202147007,0.004798643349204212,2.134916844777763,284,8,8,8,False,
ucf101,val,v_BandMarching_g02_c02,data/UCF101_data/UCF-101/BandMarching/v_BandMarching_g02_c02.avi,5,8,10,1,5,True,True,0.9762064218521118,0.04292152263224125,0.004798643349204212,2.0713433492928743,156,8,8,8,False,
ucf101,val,v_BandMarching_g03_c02,data/UCF101_data/UCF-101/BandMarching/v_BandMarching_g03_c02.avi,5,8,10,1,5,True,True,0.9772782921791077,0.015163191128522158,0.004798643349204212,2.02603324316442,335,8,8,8,False,
ucf101,val,v_BandMarching_g06_c04,data/UCF101_data/UCF-101/BandMarching/v_BandMarching_g06_c04.avi,5,8,10,1,5,True,True,0.7808159589767456,0.04573154216632247,0.004798643349204212,2.0084626278840005,118,8,8,8,False,
ucf101,val,v_BandMarching_g05_c03,data/UCF101_data/UCF-101/BandMarching/v_BandMarching_g05_c03.avi,5,8,10,1,5,True,True,0.9618745446205139,0.04264510190114379,0.004798643349204212,1.9602824705652893,149,8,8,8,False,
ucf101,val,v_BandMarching_g05_c04,data/UCF101_data/UCF-101/BandMarching/v_BandMarching_g05_c04.avi,5,8,10,1,5,True,True,0.9535239338874817,0.025547188706696033,0.004798643349204212,1.9154150057584047,89,8,8,8,False,
ucf101,val,v_BandMarching_g03_c05,data/UCF101_data/UCF-101/BandMarching/v_BandMarching_g03_c05.avi,5,8,10,1,5,True,True,0.9780514240264893,0.09254748281091452,0.004798643349204212,1.8877386711537838,270,8,8,8,False,
ucf101,val,v_BandMarching_g02_c06,data/UCF101_data/UCF-101/BandMarching/v_BandMarching_g02_c06.avi,5,8,10,1,5,True,True,0.9785158634185791,0.05588806141167879,0.004798643349204212,1.7921660579741001,125,8,8,8,False,
ucf101,val,v_BandMarching_g02_c05,data/UCF101_data/UCF-101/BandMarching/v_BandMarching_g02_c05.avi,5,8,10,1,5,True,True,0.9782469868659973,0.07517373794689775,0.004798643349204212,1.7332402649335563,123,8,8,8,False,
ucf101,val,v_BandMarching_g02_c01,data/UCF101_data/UCF-101/BandMarching/v_BandMarching_g02_c01.avi,5,8,10,1,5,True,True,0.9762064218521118,0.08960061799734831,0.004798643349204212,1.6549977343529463,156,8,8,8,False,
ucf101,val,v_BandMarching_g01_c05,data/UCF101_data/UCF-101/BandMarching/v_BandMarching_g01_c05.avi,5,8,10,1,5,True,True,0.9638135433197021,0.0942398807965219,0.004798643349204212,1.5625313436612487,168,8,8,8,False,
ucf101,val,v_BandMarching_g06_c01,data/UCF101_data/UCF-101/BandMarching/v_BandMarching_g06_c01.avi,5,8,10,1,5,True,True,0.9705116748809814,0.03142031701281667,0.004798643349204212,1.465434466022998,68,7,8,8,False,
ucf101,val,v_BandMarching_g06_c02,data/UCF101_data/UCF-101/BandMarching/v_BandMarching_g06_c02.avi,5,8,10,1,52,False,True,0.7712132930755615,0.08208914799615741,0.004798643349204212,1.4304043650627136,152,8,8,8,False,
ucf101,val,v_BaseballPitch_g01_c06,data/UCF101_data/UCF-101/BaseballPitch/v_BaseballPitch_g01_c06.avi,6,8,10,1,2,False,False,0.28885841369628906,0.08692735806107521,0.004798643349204212,1.3453846066258848,102,8,8,8,False,
ucf101,val,v_BaseballPitch_g01_c04,data/UCF101_data/UCF-101/BaseballPitch/v_BaseballPitch_g01_c04.avi,6,8,10,1,32,False,False,0.549502968788147,0.22642703680321574,0.004798643349204212,1.2565186829306185,105,8,8,8,False,
ucf101,val,v_BaseballPitch_g02_c02,data/UCF101_data/UCF-101/BaseballPitch/v_BaseballPitch_g02_c02.avi,6,8,10,1,6,True,True,0.9814803004264832,0.09466208098456264,0.004798643349204212,1.027805413119495,72,7,8,8,False,
ucf101,val,v_BaseballPitch_g02_c04,data/UCF101_data/UCF-101/BaseballPitch/v_BaseballPitch_g02_c04.avi,6,8,10,1,6,True,True,0.9771421551704407,0.043437567073851824,0.004798643349204212,0.9305039220489562,85,8,8,8,False,
ucf101,val,v_BaseballPitch_g03_c01,data/UCF101_data/UCF-101/BaseballPitch/v_BaseballPitch_g03_c01.avi,6,8,10,1,6,True,True,0.868290364742279,0.010121229570358992,0.004798643349204212,0.8839584877714515,87,8,8,8,False,
ucf101,val,v_BaseballPitch_g05_c06,data/UCF101_data/UCF-101/BaseballPitch/v_BaseballPitch_g05_c06.avi,6,8,10,1,6,True,True,0.9643389582633972,0.07741451496258378,0.004798643349204212,0.8727899170480669,116,8,8,8,False,
ucf101,val,v_BaseballPitch_g01_c05,data/UCF101_data/UCF-101/BaseballPitch/v_BaseballPitch_g01_c05.avi,6,8,10,1,2,False,False,0.7259634733200073,0.19854969903826714,0.004798643349204212,0.7930226158350706,92,8,8,8,False,
ucf101,val,v_BaseballPitch_g05_c03,data/UCF101_data/UCF-101/BaseballPitch/v_BaseballPitch_g05_c03.avi,6,8,10,1,6,True,True,0.9719669222831726,0.030548034701496363,0.004798643349204212,0.5918071586638689,91,8,8,8,False,
ucf101,val,v_BaseballPitch_g06_c07,data/UCF101_data/UCF-101/BaseballPitch/v_BaseballPitch_g06_c07.avi,6,8,10,1,6,True,True,0.9811859130859375,0.02158417273312807,0.004110855006729253,1.6068217088468373,81,8,8,8,False,
ucf101,val,v_BaseballPitch_g06_c01,data/UCF101_data/UCF-101/BaseballPitch/v_BaseballPitch_g06_c01.avi,6,8,10,1,6,True,True,0.9785383343696594,0.02257440611720085,0.004110855006729253,1.5828111129812896,99,8,8,8,False,
ucf101,val,v_BaseballPitch_g03_c07,data/UCF101_data/UCF-101/BaseballPitch/v_BaseballPitch_g03_c07.avi,6,8,10,1,6,True,True,0.9830201268196106,0.018390053883194923,0.004110855006729253,1.5583465141244233,97,8,8,8,False,
ucf101,val,v_BaseballPitch_g01_c01,data/UCF101_data/UCF-101/BaseballPitch/v_BaseballPitch_g01_c01.avi,6,8,10,1,83,False,True,0.8088659644126892,0.031242663972079754,0.004110855006729253,1.5382097228430212,107,8,8,8,False,
ucf101,val,v_BaseballPitch_g04_c05,data/UCF101_data/UCF-101/BaseballPitch/v_BaseballPitch_g04_c05.avi,6,8,10,1,6,True,True,0.9669111371040344,0.0438591712154448,0.004110855006729253,1.5041440953500569,116,8,8,8,False,
ucf101,val,v_BaseballPitch_g05_c02,data/UCF101_data/UCF-101/BaseballPitch/v_BaseballPitch_g05_c02.avi,6,8,10,1,6,True,True,0.9766229391098022,0.02399304509162903,0.004110855006729253,1.457583692856133,94,8,8,8,False,
ucf101,val,v_BaseballPitch_g07_c06,data/UCF101_data/UCF-101/BaseballPitch/v_BaseballPitch_g07_c06.avi,6,8,10,1,6,True,True,0.9823566675186157,0.020877175964415073,0.004110855006729253,1.4313603402115405,78,8,8,8,False,
ucf101,val,v_BaseballPitch_g06_c02,data/UCF101_data/UCF-101/BaseballPitch/v_BaseballPitch_g06_c02.avi,6,8,10,1,6,True,True,0.9825429916381836,0.020193084608763456,0.004110855006729253,1.4084642631933093,87,8,8,8,False,
ucf101,val,v_BaseballPitch_g04_c01,data/UCF101_data/UCF-101/BaseballPitch/v_BaseballPitch_g04_c01.avi,6,8,10,1,6,True,True,0.9261995553970337,0.034424553625285625,0.004110855006729253,1.3867538231424987,213,8,8,8,False,
ucf101,val,v_BaseballPitch_g06_c06,data/UCF101_data/UCF-101/BaseballPitch/v_BaseballPitch_g06_c06.avi,6,8,10,1,6,True,True,0.9792236089706421,0.018167230300605297,0.004110855006729253,1.350000208709389,61,6,8,8,False,
ucf101,val,v_BaseballPitch_g02_c03,data/UCF101_data/UCF-101/BaseballPitch/v_BaseballPitch_g02_c03.avi,6,8,10,1,6,True,True,0.9739342927932739,0.028560997918248177,0.004110855006729253,1.3306106789968908,76,8,8,8,False,
ucf101,val,v_BaseballPitch_g04_c04,data/UCF101_data/UCF-101/BaseballPitch/v_BaseballPitch_g04_c04.avi,6,8,10,1,6,True,True,0.8423389196395874,0.035764638800174,0.004110855006729253,1.3001794079318643,118,8,8,8,False,
ucf101,val,v_Basketball_g04_c03,data/UCF101_data/UCF-101/Basketball/v_Basketball_g04_c03.avi,7,8,10,1,7,True,True,0.9538500905036926,0.06090597901493311,0.004110855006729253,1.262346452102065,106,8,8,8,False,
ucf101,val,v_Basketball_g02_c01,data/UCF101_data/UCF-101/Basketball/v_Basketball_g02_c01.avi,7,8,10,1,7,True,True,0.9468950629234314,0.07830233871936798,0.004110855006729253,1.1996868681162596,53,5,8,8,False,
ucf101,val,v_Basketball_g03_c06,data/UCF101_data/UCF-101/Basketball/v_Basketball_g03_c06.avi,7,8,10,1,7,True,True,0.971515953540802,0.029468876775354147,0.004110855006729253,1.11841158894822,86,8,8,8,False,
ucf101,val,v_Basketball_g06_c01,data/UCF101_data/UCF-101/Basketball/v_Basketball_g06_c01.avi,7,8,10,1,91,False,True,0.6130072474479675,0.014035353902727365,0.004110855006729253,1.0859516211785376,71,7,8,8,False,
ucf101,val,v_Basketball_g01_c06,data/UCF101_data/UCF-101/Basketball/v_Basketball_g01_c06.avi,7,8,10,1,7,True,True,0.9366066455841064,0.124965351074934,0.004110855006729253,1.0701281749643385,148,8,8,8,False,
ucf101,val,v_Basketball_g03_c02,data/UCF101_data/UCF-101/Basketball/v_Basketball_g03_c02.avi,7,8,10,1,7,True,True,0.9593772888183594,0.024426215793937445,0.004110855006729253,0.9416770469397306,126,8,8,8,False,
ucf101,val,v_Basketball_g01_c01,data/UCF101_data/UCF-101/Basketball/v_Basketball_g01_c01.avi,7,8,10,1,7,True,True,0.50666743516922,0.026609246153384447,0.004110855006729253,0.9136505159549415,141,8,8,8,False,
ucf101,val,v_Basketball_g05_c01,data/UCF101_data/UCF-101/Basketball/v_Basketball_g05_c01.avi,7,8,10,1,7,True,True,0.14174477756023407,0.0310306278988719,0.004110855006729253,0.8844228577800095,134,8,8,8,False,
ucf101,val,v_Basketball_g07_c01,data/UCF101_data/UCF-101/Basketball/v_Basketball_g07_c01.avi,7,8,10,1,7,True,True,0.9722602367401123,0.049488342832773924,0.004110855006729253,0.8503258260898292,142,8,8,8,False,
ucf101,val,v_Basketball_g02_c02,data/UCF101_data/UCF-101/Basketball/v_Basketball_g02_c02.avi,7,8,10,1,7,True,True,0.9644237756729126,0.016398220788687468,0.004110855006729253,0.7972066248767078,56,6,8,8,False,
ucf101,val,v_Basketball_g03_c04,data/UCF101_data/UCF-101/Basketball/v_Basketball_g03_c04.avi,7,8,10,1,7,True,True,0.9804214835166931,0.020671010948717594,0.004110855006729253,0.7793192230165005,80,8,8,8,False,
ucf101,val,v_Basketball_g06_c04,data/UCF101_data/UCF-101/Basketball/v_Basketball_g06_c04.avi,7,8,10,1,91,False,True,0.8224819898605347,0.021222637966275215,0.004110855006729253,0.7568481308408082,77,8,8,8,False,
ucf101,val,v_Basketball_g05_c02,data/UCF101_data/UCF-101/Basketball/v_Basketball_g05_c02.avi,7,8,10,1,7,True,True,0.7817909121513367,0.02029634267091751,0.004110855006729253,0.7339312699623406,111,8,8,8,False,
ucf101,val,v_Basketball_g01_c04,data/UCF101_data/UCF-101/Basketball/v_Basketball_g01_c04.avi,7,8,10,1,7,True,True,0.8867921829223633,0.030132203362882137,0.004110855006729253,0.7120500467717648,108,8,8,8,False,
ucf101,val,v_Basketball_g04_c02,data/UCF101_data/UCF-101/Basketball/v_Basketball_g04_c02.avi,7,8,10,1,23,False,True,0.42488592863082886,0.03667019819840789,0.004110855006729253,0.6797224059700966,104,8,8,8,False,
ucf101,val,v_Basketball_g02_c03,data/UCF101_data/UCF-101/Basketball/v_Basketball_g02_c03.avi,7,8,10,1,7,True,True,0.8573297262191772,0.03273716475814581,0.004110855006729253,0.6401830893009901,112,8,8,8,False,
ucf101,val,v_Basketball_g04_c04,data/UCF101_data/UCF-101/Basketball/v_Basketball_g04_c04.avi,7,8,10,1,7,True,True,0.3878941833972931,0.022119799628853798,0.004110855006729253,0.605320367962122,72,7,8,8,False,
ucf101,val,v_Basketball_g01_c07,data/UCF101_data/UCF-101/Basketball/v_Basketball_g01_c07.avi,7,8,10,1,7,True,True,0.9649685621261597,0.03052012575790286,0.004110855006729253,0.5811150590889156,100,8,8,8,False,
ucf101,val,v_Basketball_g01_c05,data/UCF101_data/UCF-101/Basketball/v_Basketball_g01_c05.avi,7,8,10,1,7,True,True,0.8833901882171631,0.024929390754550695,0.004110855006729253,0.5483924597501755,141,8,8,8,False,
ucf101,val,v_Basketball_g02_c05,data/UCF101_data/UCF-101/Basketball/v_Basketball_g02_c05.avi,7,8,10,1,7,True,True,0.9630512595176697,0.033683185931295156,0.004110855006729253,0.5202552569098771,144,8,8,8,False,
ucf101,val,v_BasketballDunk_g02_c04,data/UCF101_data/UCF-101/BasketballDunk/v_BasketballDunk_g02_c04.avi,8,8,10,1,8,True,True,0.9379785656929016,0.06578761665150523,0.0036634722055168822,1.5680831670761108,58,6,8,8,False,
ucf101,val,v_BasketballDunk_g07_c04,data/UCF101_data/UCF-101/BasketballDunk/v_BasketballDunk_g07_c04.avi,8,8,10,1,8,True,True,0.9739829301834106,0.03756575519219041,0.0036634722055168822,1.4984250129200518,46,5,8,8,False,
ucf101,val,v_BasketballDunk_g07_c03,data/UCF101_data/UCF-101/BasketballDunk/v_BasketballDunk_g07_c03.avi,8,8,10,1,8,True,True,0.903296172618866,0.02783829625695944,0.0036634722055168822,1.4587871260009706,53,5,8,8,False,
ucf101,val,v_BasketballDunk_g01_c01,data/UCF101_data/UCF-101/BasketballDunk/v_BasketballDunk_g01_c01.avi,8,8,10,1,8,True,True,0.9672786593437195,0.02625981532037258,0.0036634722055168822,1.4286141316406429,61,6,8,8,False,
ucf101,val,v_BasketballDunk_g04_c04,data/UCF101_data/UCF-101/BasketballDunk/v_BasketballDunk_g04_c04.avi,8,8,10,1,8,True,True,0.9851009249687195,0.023690964095294476,0.0036634722055168822,1.4002806432545185,48,5,8,8,False,
ucf101,val,v_BasketballDunk_g07_c01,data/UCF101_data/UCF-101/BasketballDunk/v_BasketballDunk_g07_c01.avi,8,8,10,1,8,True,True,0.9622730016708374,0.026267314795404673,0.0036634722055168822,1.373851792421192,42,4,8,8,False,
ucf101,val,v_BasketballDunk_g07_c05,data/UCF101_data/UCF-101/BasketballDunk/v_BasketballDunk_g07_c05.avi,8,8,10,1,8,True,True,0.9349021911621094,0.024322122801095247,0.0036634722055168822,1.3446901878342032,37,4,8,8,False,
ucf101,val,v_BasketballDunk_g01_c04,data/UCF101_data/UCF-101/BasketballDunk/v_BasketballDunk_g01_c04.avi,8,8,10,1,8,True,True,0.9139087200164795,0.022885337937623262,0.0036634722055168822,1.3174900156445801,61,6,8,8,False,
ucf101,val,v_BasketballDunk_g03_c01,data/UCF101_data/UCF-101/BasketballDunk/v_BasketballDunk_g03_c01.avi,8,8,10,1,8,True,True,0.9310705065727234,0.05091198580339551,0.0036634722055168822,1.2927325828932226,58,6,8,8,False,
ucf101,val,v_BasketballDunk_g05_c06,data/UCF101_data/UCF-101/BasketballDunk/v_BasketballDunk_g05_c06.avi,8,8,10,1,8,True,True,0.9742799401283264,0.025366423185914755,0.0036634722055168822,1.2390202428214252,84,8,8,8,False,
ucf101,val,v_BasketballDunk_g05_c05,data/UCF101_data/UCF-101/BasketballDunk/v_BasketballDunk_g05_c05.avi,8,8,10,1,8,True,True,0.9738819599151611,0.025067376904189587,0.0036634722055168822,1.210885644890368,53,5,8,8,False,
ucf101,val,v_BasketballDunk_g02_c03,data/UCF101_data/UCF-101/BasketballDunk/v_BasketballDunk_g02_c03.avi,8,8,10,1,8,True,True,0.9122529029846191,0.032665434293448925,0.0036634722055168822,1.182359335012734,71,7,8,8,False,
ucf101,val,v_BasketballDunk_g02_c01,data/UCF101_data/UCF-101/BasketballDunk/v_BasketballDunk_g02_c01.avi,8,8,10,1,40,False,True,0.34353792667388916,0.024834335315972567,0.0036634722055168822,1.1464884947054088,56,6,8,8,False,
ucf101,val,v_BasketballDunk_g01_c02,data/UCF101_data/UCF-101/BasketballDunk/v_BasketballDunk_g01_c02.avi,8,8,10,1,8,True,True,0.8902689218521118,0.025450012646615505,0.0036634722055168822,1.119425905868411,65,6,8,8,False,
ucf101,val,v_BasketballDunk_g05_c04,data/UCF101_data/UCF-101/BasketballDunk/v_BasketballDunk_g05_c04.avi,8,8,10,1,8,True,True,0.9835646152496338,0.03025446878746152,0.0036634722055168822,1.0908081219531596,52,5,8,8,False,
ucf101,val,v_BasketballDunk_g04_c02,data/UCF101_data/UCF-101/BasketballDunk/v_BasketballDunk_g04_c02.avi,8,8,10,1,8,True,True,0.9635346531867981,0.01743119489401579,0.0036634722055168822,1.0579277742654085,55,6,8,8,False,
ucf101,val,v_BasketballDunk_g01_c03,data/UCF101_data/UCF-101/BasketballDunk/v_BasketballDunk_g01_c03.avi,8,8,10,1,8,True,True,0.9015737175941467,0.02644025580957532,0.0036634722055168822,1.0385322482325137,71,7,8,8,False,
ucf101,val,v_BasketballDunk_g07_c02,data/UCF101_data/UCF-101/BasketballDunk/v_BasketballDunk_g07_c02.avi,8,8,10,1,8,True,True,0.9813475608825684,0.027645158115774393,0.0036634722055168822,1.0088030393235385,35,4,8,8,False,
ucf101,val,v_BasketballDunk_g03_c05,data/UCF101_data/UCF-101/BasketballDunk/v_BasketballDunk_g03_c05.avi,8,8,10,1,8,True,True,0.8098066449165344,0.02759267995133996,0.0036634722055168822,0.978978409897536,71,7,8,8,False,
ucf101,val,v_BasketballDunk_g04_c03,data/UCF101_data/UCF-101/BasketballDunk/v_BasketballDunk_g04_c03.avi,8,8,10,1,8,True,True,0.9662313461303711,0.028581251855939627,0.0036634722055168822,0.9491504752077162,62,6,8,8,False,
ucf101,val,v_BenchPress_g06_c01,data/UCF101_data/UCF-101/BenchPress/v_BenchPress_g06_c01.avi,9,8,10,1,9,True,True,0.9858497381210327,0.05914649134501815,0.0036634722055168822,0.918693064711988,68,7,8,8,False,
ucf101,val,v_BenchPress_g02_c03,data/UCF101_data/UCF-101/BenchPress/v_BenchPress_g02_c03.avi,9,8,10,1,9,True,True,0.98902428150177,0.05540328472852707,0.0036634722055168822,0.8563696970231831,221,8,8,8,False,
ucf101,val,v_BenchPress_g07_c06,data/UCF101_data/UCF-101/BenchPress/v_BenchPress_g07_c06.avi,9,8,10,1,9,True,True,0.9894804954528809,0.03139808075502515,0.0036634722055168822,0.7982398890890181,87,8,8,8,False,
ucf101,val,v_BenchPress_g07_c02,data/UCF101_data/UCF-101/BenchPress/v_BenchPress_g07_c02.avi,9,8,10,1,9,True,True,0.9883779883384705,0.021059094928205013,0.0036634722055168822,0.7651471560820937,71,7,8,8,False,
ucf101,val,v_BenchPress_g05_c04,data/UCF101_data/UCF-101/BenchPress/v_BenchPress_g05_c04.avi,9,8,10,1,9,True,True,0.987141489982605,0.05866948701441288,0.0036634722055168822,0.7413293388672173,298,8,8,8,False,
ucf101,val,v_BenchPress_g06_c02,data/UCF101_data/UCF-101/BenchPress/v_BenchPress_g06_c02.avi,9,8,10,1,9,True,True,0.9867317080497742,0.020713554229587317,0.0036634722055168822,0.6800680058076978,66,7,8,8,False,
ucf101,val,v_BenchPress_g02_c05,data/UCF101_data/UCF-101/BenchPress/v_BenchPress_g02_c05.avi,9,8,10,1,9,True,True,0.9435011148452759,0.028000058140605688,0.0036634722055168822,0.6574261379428208,73,7,8,8,False,
ucf101,val,v_BenchPress_g03_c04,data/UCF101_data/UCF-101/BenchPress/v_BenchPress_g03_c04.avi,9,8,10,1,9,True,True,0.9872580170631409,0.027137395460158587,0.0036634722055168822,0.6272989977151155,105,8,8,8,False,
ucf101,val,v_BenchPress_g05_c07,data/UCF101_data/UCF-101/BenchPress/v_BenchPress_g05_c07.avi,9,8,10,1,9,True,True,0.9863108396530151,0.02878581825643778,0.0036634722055168822,0.5978795741684735,64,6,8,8,False,
ucf101,val,v_BenchPress_g06_c05,data/UCF101_data/UCF-101/BenchPress/v_BenchPress_g06_c05.avi,9,8,10,1,9,True,True,0.980086088180542,0.02948699239641428,0.0036634722055168822,0.5671033323742449,128,8,8,8,False,
ucf101,val,v_BenchPress_g05_c01,data/UCF101_data/UCF-101/BenchPress/v_BenchPress_g05_c01.avi,9,8,10,1,9,True,True,0.9877275228500366,0.0320777278393507,0.0036634722055168822,0.5353784351609647,74,7,8,8,False,
ucf101,val,v_BenchPress_g03_c01,data/UCF101_data/UCF-101/BenchPress/v_BenchPress_g03_c01.avi,9,8,10,1,9,True,True,0.9866088032722473,0.029070182237774134,0.0036634722055168822,0.5008406382985413,93,8,8,8,False,
ucf101,val,v_BenchPress_g07_c07,data/UCF101_data/UCF-101/BenchPress/v_BenchPress_g07_c07.avi,9,8,10,1,9,True,True,0.9880623817443848,0.024179609958082438,0.004866566465352662,3.700862856116146,79,8,8,8,False,
ucf101,val,v_BenchPress_g02_c07,data/UCF101_data/UCF-101/BenchPress/v_BenchPress_g02_c07.avi,9,8,10,1,9,True,True,0.9865978956222534,0.028532335069030523,0.004866566465352662,3.6718658739700913,78,8,8,8,False,
ucf101,val,v_BenchPress_g03_c07,data/UCF101_data/UCF-101/BenchPress/v_BenchPress_g03_c07.avi,9,8,10,1,9,True,True,0.9880202412605286,0.027953137177973986,0.004866566465352662,3.6413079402409494,85,8,8,8,False,
ucf101,val,v_BenchPress_g04_c06,data/UCF101_data/UCF-101/BenchPress/v_BenchPress_g04_c06.avi,9,8,10,1,9,True,True,0.9880625009536743,0.03147387225180864,0.004866566465352662,3.611530775204301,176,8,8,8,False,
ucf101,val,v_BenchPress_g04_c04,data/UCF101_data/UCF-101/BenchPress/v_BenchPress_g04_c04.avi,9,8,10,1,9,True,True,0.9817867875099182,0.047612105030566454,0.004866566465352662,3.5776007706299424,204,8,8,8,False,
ucf101,val,v_BenchPress_g03_c02,data/UCF101_data/UCF-101/BenchPress/v_BenchPress_g03_c02.avi,9,8,10,1,9,True,True,0.9876585602760315,0.026876474265009165,0.004866566465352662,3.527355821803212,100,8,8,8,False,
ucf101,val,v_BenchPress_g05_c02,data/UCF101_data/UCF-101/BenchPress/v_BenchPress_g05_c02.avi,9,8,10,1,9,True,True,0.9877721071243286,0.020351889077574015,0.004866566465352662,3.49786474974826,67,7,8,8,False,
ucf101,val,v_BenchPress_g06_c07,data/UCF101_data/UCF-101/BenchPress/v_BenchPress_g06_c07.avi,9,8,10,1,9,True,True,0.9864655137062073,0.02615237794816494,0.004866566465352662,3.4758520661853254,84,8,8,8,False,
ucf101,val,v_Biking_g06_c02,data/UCF101_data/UCF-101/Biking/v_Biking_g06_c02.avi,10,8,10,1,10,True,True,0.9836586117744446,0.08284224476665258,0.004866566465352662,3.447952722199261,157,8,8,8,False,
ucf101,val,v_Biking_g02_c04,data/UCF101_data/UCF-101/Biking/v_Biking_g02_c04.avi,10,8,10,1,10,True,True,0.9836310148239136,0.0736549817956984,0.004866566465352662,3.3622131319716573,240,8,8,8,False,
ucf101,val,v_Biking_g04_c01,data/UCF101_data/UCF-101/Biking/v_Biking_g04_c01.avi,10,8,10,1,10,True,True,0.980048418045044,0.050414084922522306,0.004866566465352662,3.2866568178869784,240,8,8,8,False,
ucf101,val,v_Biking_g03_c04,data/UCF101_data/UCF-101/Biking/v_Biking_g03_c04.avi,10,8,10,1,10,True,True,0.8571111559867859,0.06202726066112518,0.004866566465352662,3.232880503870547,380,8,8,8,False,
ucf101,val,v_Biking_g02_c01,data/UCF101_data/UCF-101/Biking/v_Biking_g02_c01.avi,10,8,10,1,10,True,True,0.9771730899810791,0.056871030014008284,0.004866566465352662,3.167851370293647,240,8,8,8,False,
ucf101,val,v_Biking_g05_c02,data/UCF101_data/UCF-101/Biking/v_Biking_g05_c02.avi,10,8,10,1,10,True,True,0.9850013256072998,0.0471584121696651,0.004866566465352662,3.108076358679682,201,8,8,8,False,
ucf101,val,v_Biking_g01_c02,data/UCF101_data/UCF-101/Biking/v_Biking_g01_c02.avi,10,8,10,1,10,True,True,0.983998715877533,0.031171688809990883,0.004866566465352662,3.05838302988559,151,8,8,8,False,
ucf101,val,v_Biking_g04_c04,data/UCF101_data/UCF-101/Biking/v_Biking_g04_c04.avi,10,8,10,1,88,False,True,0.505193829536438,0.05761230085045099,0.004866566465352662,3.0251946630887687,216,8,8,8,False,
ucf101,val,v_Biking_g04_c03,data/UCF101_data/UCF-101/Biking/v_Biking_g04_c03.avi,10,8,10,1,10,True,True,0.981858491897583,0.057049863040447235,0.004866566465352662,2.965565667953342,240,8,8,8,False,
ucf101,val,v_Biking_g07_c05,data/UCF101_data/UCF-101/Biking/v_Biking_g07_c05.avi,10,8,10,1,10,True,True,0.7598564028739929,0.031087942887097597,0.004866566465352662,2.9060150957666337,192,8,8,8,False,
ucf101,val,v_Biking_g06_c04,data/UCF101_data/UCF-101/Biking/v_Biking_g06_c04.avi,10,8,10,1,10,True,True,0.962804913520813,0.06095848232507706,0.004866566465352662,2.871997111942619,235,8,8,8,False,
ucf101,val,v_Biking_g07_c06,data/UCF101_data/UCF-101/Biking/v_Biking_g07_c06.avi,10,8,10,1,79,False,True,0.19711549580097198,0.061478212010115385,0.004866566465352662,2.8078577029518783,240,8,8,8,False,
ucf101,val,v_Biking_g01_c01,data/UCF101_data/UCF-101/Biking/v_Biking_g01_c01.avi,10,8,10,1,10,True,True,0.9802005290985107,0.02819877490401268,0.004866566465352662,2.7440607473254204,151,8,8,8,False,
ucf101,val,v_Biking_g01_c03,data/UCF101_data/UCF-101/Biking/v_Biking_g01_c03.avi,10,8,10,1,10,True,True,0.9786757826805115,0.027588626369833946,0.004866566465352662,2.7139898100867867,151,8,8,8,False,
ucf101,val,v_Biking_g05_c03,data/UCF101_data/UCF-101/Biking/v_Biking_g05_c03.avi,10,8,10,1,10,True,True,0.979676365852356,0.05434771114960313,0.004866566465352662,2.684107919689268,201,8,8,8,False,
ucf101,val,v_Biking_g05_c01,data/UCF101_data/UCF-101/Biking/v_Biking_g05_c01.avi,10,8,10,1,10,True,True,0.980684757232666,0.061079246923327446,0.004866566465352662,2.626800937112421,300,8,8,8,False,
ucf101,val,v_Biking_g06_c05,data/UCF101_data/UCF-101/Biking/v_Biking_g06_c05.avi,10,8,10,1,10,True,True,0.9701282978057861,0.04021936422213912,0.004866566465352662,2.5621127551421523,201,8,8,8,False,
ucf101,val,v_Biking_g05_c07,data/UCF101_data/UCF-101/Biking/v_Biking_g05_c07.avi,10,8,10,1,10,True,True,0.9785928130149841,0.0550246243365109,0.004866566465352662,2.5195388849824667,180,8,8,8,False,
ucf101,val,v_Biking_g05_c05,data/UCF101_data/UCF-101/Biking/v_Biking_g05_c05.avi,10,8,10,1,10,True,True,0.8020880222320557,0.01822713715955615,0.004866566465352662,2.462364487349987,163,8,8,8,False,
ucf101,val,v_Biking_g07_c01,data/UCF101_data/UCF-101/Biking/v_Biking_g07_c01.avi,10,8,10,1,10,True,True,0.9802451729774475,0.055320697370916605,0.004866566465352662,2.4422699250280857,300,8,8,8,False,
ucf101,val,v_Billiards_g04_c04,data/UCF101_data/UCF-101/Billiards/v_Billiards_g04_c04.avi,11,8,10,1,11,True,True,0.9798693656921387,0.24586166720837355,0.004866566465352662,2.3844162239693105,279,8,8,8,False,
ucf101,val,v_Billiards_g01_c05,data/UCF101_data/UCF-101/Billiards/v_Billiards_g01_c05.avi,11,8,10,1,11,True,True,0.9485678672790527,0.17688370402902365,0.004866566465352662,2.1355610000900924,352,8,8,8,False,
ucf101,val,v_Billiards_g06_c02,data/UCF101_data/UCF-101/Billiards/v_Billiards_g06_c02.avi,11,8,10,1,11,True,True,0.9778704643249512,0.6292166761122644,0.004866566465352662,1.9568655965849757,346,8,8,8,False,
ucf101,val,v_Billiards_g03_c03,data/UCF101_data/UCF-101/Billiards/v_Billiards_g03_c03.avi,11,8,10,1,11,True,True,0.9426271915435791,0.789533750154078,0.004866566465352662,1.3241088180802763,275,8,8,8,False,
ucf101,val,v_Billiards_g03_c05,data/UCF101_data/UCF-101/Billiards/v_Billiards_g03_c05.avi,11,8,10,1,11,True,True,0.982505202293396,0.715593762230128,0.0049579617771087214,3.599556765984744,287,8,8,8,False,
ucf101,val,v_Billiards_g06_c01,data/UCF101_data/UCF-101/Billiards/v_Billiards_g06_c01.avi,11,8,10,1,11,True,True,0.9729329943656921,0.5746724517084658,0.0049579617771087214,2.8822087137959898,251,8,8,8,False,
ucf101,val,v_Billiards_g03_c01,data/UCF101_data/UCF-101/Billiards/v_Billiards_g03_c01.avi,11,8,10,1,11,True,True,0.9864153265953064,0.17990339500829577,0.0049579617771087214,2.3056793943978846,213,8,8,8,False,
ucf101,val,v_Billiards_g02_c03,data/UCF101_data/UCF-101/Billiards/v_Billiards_g02_c03.avi,11,8,10,1,11,True,True,0.9511651396751404,0.06307383021339774,0.0049579617771087214,2.122949772980064,392,8,8,8,False,
ucf101,val,v_Billiards_g05_c06,data/UCF101_data/UCF-101/Billiards/v_Billiards_g05_c06.avi,11,8,10,1,11,True,True,0.5092309713363647,0.06947891740128398,0.0049579617771087214,2.0574139822274446,359,8,8,8,False,
ucf101,val,v_Billiards_g02_c02,data/UCF101_data/UCF-101/Billiards/v_Billiards_g02_c02.avi,11,8,10,1,7,False,True,0.30639803409576416,0.0617559589445591,0.0049579617771087214,1.9849091479554772,313,8,8,8,False,
ucf101,val,v_Billiards_g05_c01,data/UCF101_data/UCF-101/Billiards/v_Billiards_g05_c01.avi,11,8,10,1,11,True,True,0.26006773114204407,0.06749510066583753,0.0049579617771087214,1.9198823301121593,365,8,8,8,False,
ucf101,val,v_Billiards_g07_c01,data/UCF101_data/UCF-101/Billiards/v_Billiards_g07_c01.avi,11,8,10,1,11,True,True,0.9687575101852417,0.057689315639436245,0.0049579617771087214,1.8496100259944797,316,8,8,8,False,
ucf101,val,v_Billiards_g05_c05,data/UCF101_data/UCF-101/Billiards/v_Billiards_g05_c05.avi,11,8,10,1,11,True,True,0.8202097415924072,0.057007655035704374,0.0049579617771087214,1.7900431901216507,303,8,8,8,False,
ucf101,val,v_Billiards_g06_c03,data/UCF101_data/UCF-101/Billiards/v_Billiards_g06_c03.avi,11,8,10,1,11,True,True,0.9806499481201172,0.06446118699386716,0.0049579617771087214,1.7309093568474054,370,8,8,8,False,
ucf101,val,v_Billiards_g02_c01,data/UCF101_data/UCF-101/Billiards/v_Billiards_g02_c01.avi,11,8,10,1,11,True,True,0.9656113982200623,0.055241163820028305,0.0049579617771087214,1.6648030462674797,336,8,8,8,False,
ucf101,val,v_Billiards_g01_c04,data/UCF101_data/UCF-101/Billiards/v_Billiards_g01_c04.avi,11,8,10,1,11,True,True,0.9673805832862854,0.05364506924524903,0.0049579617771087214,1.6067510461434722,189,8,8,8,False,
ucf101,val,v_Billiards_g04_c07,data/UCF101_data/UCF-101/Billiards/v_Billiards_g04_c07.avi,11,8,10,1,11,True,True,0.9817279577255249,0.07780329510569572,0.0049579617771087214,1.550829823128879,191,8,8,8,False,
ucf101,val,v_Billiards_g07_c04,data/UCF101_data/UCF-101/Billiards/v_Billiards_g07_c04.avi,11,8,10,1,11,True,True,0.730155348777771,0.0522246640175581,0.0049579617771087214,1.4699839311651886,281,8,8,8,False,
ucf101,val,v_Billiards_g05_c02,data/UCF101_data/UCF-101/Billiards/v_Billiards_g05_c02.avi,11,8,10,1,11,True,True,0.9591302871704102,0.07498106500133872,0.0049579617771087214,1.4149928679689765,481,8,8,8,False,
ucf101,val,v_Billiards_g02_c06,data/UCF101_data/UCF-101/Billiards/v_Billiards_g02_c06.avi,11,8,10,1,11,True,True,0.9656113982200623,0.060705929063260555,0.0049579617771087214,1.3375388942658901,336,8,8,8,False,
ucf101,val,v_BlowDryHair_g06_c04,data/UCF101_data/UCF-101/BlowDryHair/v_BlowDryHair_g06_c04.avi,12,8,10,1,12,True,True,0.7182285189628601,0.0652430197224021,0.0049579617771087214,1.2737634149380028,172,8,8,8,False,
ucf101,val,v_BlowDryHair_g06_c03,data/UCF101_data/UCF-101/BlowDryHair/v_BlowDryHair_g06_c03.avi,12,8,10,1,33,False,True,0.9313481450080872,0.028865809086710215,0.0049579617771087214,1.2056292803026736,97,8,8,8,False,
ucf101,val,v_BlowDryHair_g06_c06,data/UCF101_data/UCF-101/BlowDryHair/v_BlowDryHair_g06_c06.avi,12,8,10,1,12,True,True,0.8682027459144592,0.051580702885985374,0.0049579617771087214,1.1750542959198356,190,8,8,8,False,
ucf101,val,v_BlowDryHair_g01_c04,data/UCF101_data/UCF-101/BlowDryHair/v_BlowDryHair_g01_c04.avi,12,8,10,1,12,True,True,0.7110557556152344,0.026820371858775616,0.0049579617771087214,1.1210607569664717,143,8,8,8,False,
ucf101,val,v_BlowDryHair_g02_c03,data/UCF101_data/UCF-101/BlowDryHair/v_BlowDryHair_g02_c03.avi,12,8,10,1,33,False,True,0.4214998483657837,0.0498702060431242,0.0049579617771087214,1.0915681030601263,190,8,8,8,False,
ucf101,val,v_BlowDryHair_g07_c04,data/UCF101_data/UCF-101/BlowDryHair/v_BlowDryHair_g07_c04.avi,12,8,10,1,33,False,True,0.22093014419078827,0.03919495502486825,0.0049579617771087214,1.0392088508233428,78,8,8,8,False,
ucf101,val,v_BlowDryHair_g06_c02,data/UCF101_data/UCF-101/BlowDryHair/v_BlowDryHair_g06_c02.avi,12,8,10,1,12,True,True,0.5675710439682007,0.06260608090087771,0.0049579617771087214,0.9980941889807582,203,8,8,8,False,
ucf101,val,v_BlowDryHair_g05_c05,data/UCF101_data/UCF-101/BlowDryHair/v_BlowDryHair_g05_c05.avi,12,8,10,1,12,True,True,0.23189114034175873,0.0758209340274334,0.0049579617771087214,0.9330149521119893,95,8,8,8,False,
ucf101,val,v_BlowDryHair_g03_c02,data/UCF101_data/UCF-101/BlowDryHair/v_BlowDryHair_g03_c02.avi,12,8,10,1,1,False,True,0.6242364645004272,0.03761783288791776,0.0049579617771087214,0.8554984526708722,242,8,8,8,False,
ucf101,val,v_BlowDryHair_g07_c01,data/UCF101_data/UCF-101/BlowDryHair/v_BlowDryHair_g07_c01.avi,12,8,10,1,33,False,True,0.4864971339702606,0.02461917418986559,0.0049579617771087214,0.8147625629790127,68,7,8,8,False,
ucf101,val,v_BlowDryHair_g07_c07,data/UCF101_data/UCF-101/BlowDryHair/v_BlowDryHair_g07_c07.avi,12,8,10,1,33,False,True,0.862977921962738,0.02450945507735014,0.0049579617771087214,0.7880271947942674,85,8,8,8,False,
ucf101,val,v_BlowDryHair_g07_c02,data/UCF101_data/UCF-101/BlowDryHair/v_BlowDryHair_g07_c02.avi,12,8,10,1,38,False,True,0.4195103049278259,0.0359571878798306,0.0049579617771087214,0.7617050181142986,73,7,8,8,False,
ucf101,val,v_BlowDryHair_g02_c04,data/UCF101_data/UCF-101/BlowDryHair/v_BlowDryHair_g02_c04.avi,12,8,10,1,1,False,True,0.45780444145202637,0.05216474086046219,0.0049579617771087214,0.7233043201267719,210,8,8,8,False,
ucf101,val,v_BlowDryHair_g07_c03,data/UCF101_data/UCF-101/BlowDryHair/v_BlowDryHair_g07_c03.avi,12,8,10,1,33,False,True,0.8049802780151367,0.02388494787737727,0.0049579617771087214,0.6686376049183309,78,8,8,8,False,
ucf101,val,v_BlowDryHair_g06_c01,data/UCF101_data/UCF-101/BlowDryHair/v_BlowDryHair_g06_c01.avi,12,8,10,1,33,False,True,0.44111305475234985,0.06064129713922739,0.0049579617771087214,0.6421458693221211,194,8,8,8,False,
ucf101,val,v_BlowDryHair_g04_c04,data/UCF101_data/UCF-101/BlowDryHair/v_BlowDryHair_g04_c04.avi,12,8,10,1,33,False,True,0.7021499872207642,0.030802124179899693,0.0049579617771087214,0.5788466897793114,171,8,8,8,False,
ucf101,val,v_BlowDryHair_g04_c01,data/UCF101_data/UCF-101/BlowDryHair/v_BlowDryHair_g04_c01.avi,12,8,10,1,33,False,True,0.4382104277610779,0.05073848692700267,0.004037406528368592,1.768430809956044,343,8,8,8,False,
ucf101,val,v_BlowDryHair_g02_c01,data/UCF101_data/UCF-101/BlowDryHair/v_BlowDryHair_g02_c01.avi,12,8,10,1,19,False,True,0.3598111569881439,0.039357130881398916,0.004037406528368592,1.7146380580961704,128,8,8,8,False,
ucf101,val,v_BlowDryHair_g03_c05,data/UCF101_data/UCF-101/BlowDryHair/v_BlowDryHair_g03_c05.avi,12,8,10,1,33,False,True,0.8810443878173828,0.029458263888955116,0.004037406528368592,1.6725778859108686,119,8,8,8,False,
ucf101,val,v_BlowDryHair_g02_c02,data/UCF101_data/UCF-101/BlowDryHair/v_BlowDryHair_g02_c02.avi,12,8,10,1,1,False,True,0.4172036945819855,0.031031847931444645,0.004037406528368592,1.6402301993221045,137,8,8,8,False,
ucf101,val,v_BlowingCandles_g05_c01,data/UCF101_data/UCF-101/BlowingCandles/v_BlowingCandles_g05_c01.avi,13,8,10,1,13,True,True,0.9807834029197693,0.08913381304591894,0.004037406528368592,1.606666802894324,93,8,8,8,False,
ucf101,val,v_BlowingCandles_g07_c01,data/UCF101_data/UCF-101/BlowingCandles/v_BlowingCandles_g07_c01.avi,13,8,10,1,13,True,True,0.977835476398468,0.02565046027302742,0.004037406528368592,1.5149759356863797,50,5,8,8,False,
ucf101,val,v_BlowingCandles_g02_c04,data/UCF101_data/UCF-101/BlowingCandles/v_BlowingCandles_g02_c04.avi,13,8,10,1,13,True,True,0.9698525667190552,0.044053277000784874,0.004037406528368592,1.486461027059704,76,8,8,8,False,
ucf101,val,v_BlowingCandles_g06_c06,data/UCF101_data/UCF-101/BlowingCandles/v_BlowingCandles_g06_c06.avi,13,8,10,1,13,True,True,0.980666995048523,0.05466328514739871,0.004037406528368592,1.439506305847317,136,8,8,8,False,
ucf101,val,v_BlowingCandles_g01_c03,data/UCF101_data/UCF-101/BlowingCandles/v_BlowingCandles_g01_c03.avi,13,8,10,1,13,True,True,0.9817754030227661,0.03381939372047782,0.004037406528368592,1.3814847571775317,125,8,8,8,False,
ucf101,val,v_BlowingCandles_g04_c03,data/UCF101_data/UCF-101/BlowingCandles/v_BlowingCandles_g04_c03.avi,13,8,10,1,13,True,True,0.9776161313056946,0.02858527796342969,0.004037406528368592,1.344804179854691,56,6,8,8,False,
ucf101,val,v_BlowingCandles_g06_c04,data/UCF101_data/UCF-101/BlowingCandles/v_BlowingCandles_g06_c04.avi,13,8,10,1,13,True,True,0.9683330059051514,0.02484675170853734,0.004037406528368592,1.3130050548352301,115,8,8,8,False,
ucf101,val,v_BlowingCandles_g07_c04,data/UCF101_data/UCF-101/BlowingCandles/v_BlowingCandles_g07_c04.avi,13,8,10,1,13,True,True,0.9607240557670593,0.021287258714437485,0.004037406528368592,1.2865151036530733,75,8,8,8,False,
ucf101,val,v_BlowingCandles_g01_c04,data/UCF101_data/UCF-101/BlowingCandles/v_BlowingCandles_g01_c04.avi,13,8,10,1,13,True,True,0.9818964004516602,0.02723859529942274,0.004037406528368592,1.263670430984348,68,7,8,8,False,
ucf101,val,v_BlowingCandles_g01_c02,data/UCF101_data/UCF-101/BlowingCandles/v_BlowingCandles_g01_c02.avi,13,8,10,1,13,True,True,0.9812633991241455,0.030519872903823853,0.004037406528368592,1.2345669250935316,75,8,8,8,False,
ucf101,val,v_BlowingCandles_g05_c04,data/UCF101_data/UCF-101/BlowingCandles/v_BlowingCandles_g05_c04.avi,13,8,10,1,13,True,True,0.980591356754303,0.021766440011560917,0.004037406528368592,1.2020234921947122,82,8,8,8,False,
ucf101,val,v_BlowingCandles_g06_c05,data/UCF101_data/UCF-101/BlowingCandles/v_BlowingCandles_g06_c05.avi,13,8,10,1,13,True,True,0.982874870300293,0.04996736999601126,0.004037406528368592,1.1777948546223342,150,8,8,8,False,
ucf101,val,v_BlowingCandles_g01_c01,data/UCF101_data/UCF-101/BlowingCandles/v_BlowingCandles_g01_c01.avi,13,8,10,1,13,True,True,0.9713912010192871,0.030825204215943813,0.004037406528368592,1.1256994577124715,60,6,8,8,False,
ucf101,val,v_BlowingCandles_g06_c07,data/UCF101_data/UCF-101/BlowingCandles/v_BlowingCandles_g06_c07.avi,13,8,10,1,13,True,True,0.9803040623664856,0.05302776116877794,0.004037406528368592,1.0926899379119277,134,8,8,8,False,
ucf101,val,v_BlowingCandles_g07_c02,data/UCF101_data/UCF-101/BlowingCandles/v_BlowingCandles_g07_c02.avi,13,8,10,1,13,True,True,0.977597177028656,0.024841756094247103,0.004037406528368592,1.036953639704734,55,6,8,8,False,
ucf101,val,v_BlowingCandles_g02_c02,data/UCF101_data/UCF-101/BlowingCandles/v_BlowingCandles_g02_c02.avi,13,8,10,1,59,False,True,0.5110599398612976,0.025997208897024393,0.004037406528368592,1.0102220326662064,115,8,8,8,False,
ucf101,val,v_BlowingCandles_g04_c02,data/UCF101_data/UCF-101/BlowingCandles/v_BlowingCandles_g04_c02.avi,13,8,10,1,13,True,True,0.9695956707000732,0.044070906937122345,0.004037406528368592,0.9818226341158152,93,8,8,8,False,
ucf101,val,v_BlowingCandles_g04_c04,data/UCF101_data/UCF-101/BlowingCandles/v_BlowingCandles_g04_c04.avi,13,8,10,1,13,True,True,0.9765625596046448,0.020658647641539574,0.004037406528368592,0.9350591539405286,101,8,8,8,False,
ucf101,val,v_BlowingCandles_g05_c02,data/UCF101_data/UCF-101/BlowingCandles/v_BlowingCandles_g05_c02.avi,13,8,10,1,13,True,True,0.9816445112228394,0.031040721107274294,0.004037406528368592,0.9123312919400632,75,8,8,8,False,
ucf101,val,v_BlowingCandles_g06_c03,data/UCF101_data/UCF-101/BlowingCandles/v_BlowingCandles_g06_c03.avi,13,8,10,1,13,True,True,0.9802126884460449,0.05778382299467921,0.004037406528368592,0.8787818029522896,150,8,8,8,False,
ucf101,val,v_BodyWeightSquats_g07_c02,data/UCF101_data/UCF-101/BodyWeightSquats/v_BodyWeightSquats_g07_c02.avi,14,8,10,1,47,False,True,0.36239856481552124,0.06669540423899889,0.004037406528368592,0.8185287178494036,103,8,8,8,False,
ucf101,val,v_BodyWeightSquats_g03_c05,data/UCF101_data/UCF-101/BodyWeightSquats/v_BodyWeightSquats_g03_c05.avi,14,8,10,1,57,False,False,0.2816256582736969,0.04784962302073836,0.004037406528368592,0.7484428100287914,75,8,8,8,False,
ucf101,val,v_BodyWeightSquats_g01_c02,data/UCF101_data/UCF-101/BodyWeightSquats/v_BodyWeightSquats_g01_c02.avi,14,8,10,1,14,True,True,0.8246672749519348,0.05176032893359661,0.004037406528368592,0.6978909326717257,252,8,8,8,False,
ucf101,val,v_BodyWeightSquats_g02_c02,data/UCF101_data/UCF-101/BodyWeightSquats/v_BodyWeightSquats_g02_c02.avi,14,8,10,1,17,False,False,0.2144176959991455,0.026101043913513422,0.004037406528368592,0.6435667970217764,57,6,8,8,False,
ucf101,val,v_BodyWeightSquats_g07_c03,data/UCF101_data/UCF-101/BodyWeightSquats/v_BodyWeightSquats_g07_c03.avi,14,8,10,1,47,False,True,0.9358466267585754,0.026356082875281572,0.004037406528368592,0.6155465571209788,83,8,8,8,False,
ucf101,val,v_BodyWeightSquats_g01_c01,data/UCF101_data/UCF-101/BodyWeightSquats/v_BodyWeightSquats_g01_c01.avi,14,8,10,1,98,False,True,0.6143952012062073,0.02985421707853675,0.004037406528368592,0.5874915979802608,267,8,8,8,False,
ucf101,val,v_BodyWeightSquats_g06_c05,data/UCF101_data/UCF-101/BodyWeightSquats/v_BodyWeightSquats_g06_c05.avi,14,8,10,1,69,False,False,0.376193642616272,0.027758486103266478,0.004037406528368592,0.5550348637625575,177,8,8,8,False,
ucf101,val,v_BodyWeightSquats_g03_c01,data/UCF101_data/UCF-101/BodyWeightSquats/v_BodyWeightSquats_g03_c01.avi,14,8,10,1,34,False,False,0.48749998211860657,0.038772415835410357,0.004037406528368592,0.5253942413255572,132,8,8,8,False,
ucf101,val,v_BodyWeightSquats_g04_c02,data/UCF101_data/UCF-101/BodyWeightSquats/v_BodyWeightSquats_g04_c02.avi,14,8,10,1,14,True,True,0.48171472549438477,0.010888135060667992,0.0038087234715931118,1.540084155742079,59,6,8,8,False,
ucf101,val,v_BodyWeightSquats_g03_c02,data/UCF101_data/UCF-101/BodyWeightSquats/v_BodyWeightSquats_g03_c02.avi,14,8,10,1,34,False,False,0.19952888786792755,0.020933515392243862,0.0038087234715931118,1.5272084861062467,52,5,8,8,False,
ucf101,val,v_BodyWeightSquats_g04_c01,data/UCF101_data/UCF-101/BodyWeightSquats/v_BodyWeightSquats_g04_c01.avi,14,8,10,1,69,False,False,0.4651035666465759,0.010526401922106743,0.0038087234715931118,1.5048396429046988,130,8,8,8,False,
ucf101,val,v_BodyWeightSquats_g05_c01,data/UCF101_data/UCF-101/BodyWeightSquats/v_BodyWeightSquats_g05_c01.avi,14,8,10,1,14,True,True,0.6430971026420593,0.036113956943154335,0.0038087234715931118,1.4926347620785236,71,7,8,8,False,
ucf101,val,v_BodyWeightSquats_g04_c03,data/UCF101_data/UCF-101/BodyWeightSquats/v_BodyWeightSquats_g04_c03.avi,14,8,10,1,98,False,True,0.4240599572658539,0.020617404021322727,0.0038087234715931118,1.4525685170665383,88,8,8,8,False,
ucf101,val,v_BodyWeightSquats_g02_c01,data/UCF101_data/UCF-101/BodyWeightSquats/v_BodyWeightSquats_g02_c01.avi,14,8,10,1,16,False,True,0.226130872964859,0.02337783621624112,0.0038087234715931118,1.4301322088576853,102,8,8,8,False,
ucf101,val,v_BodyWeightSquats_g02_c03,data/UCF101_data/UCF-101/BodyWeightSquats/v_BodyWeightSquats_g02_c03.avi,14,8,10,1,17,False,True,0.23539429903030396,0.02927076816558838,0.0038087234715931118,1.4053458264097571,117,8,8,8,False,
ucf101,val,v_BodyWeightSquats_g04_c04,data/UCF101_data/UCF-101/BodyWeightSquats/v_BodyWeightSquats_g04_c04.avi,14,8,10,1,98,False,True,0.5838879346847534,0.030112640000879765,0.0038087234715931118,1.374630771111697,63,6,8,8,False,
ucf101,val,v_BodyWeightSquats_g01_c04,data/UCF101_data/UCF-101/BodyWeightSquats/v_BodyWeightSquats_g01_c04.avi,14,8,10,1,14,True,True,0.5386952757835388,0.011743100825697184,0.0038087234715931118,1.3426008610986173,174,8,8,8,False,
ucf101,val,v_BodyWeightSquats_g06_c04,data/UCF101_data/UCF-101/BodyWeightSquats/v_BodyWeightSquats_g06_c04.avi,14,8,10,1,69,False,True,0.5781133770942688,0.028220977634191513,0.0038087234715931118,1.329326672013849,95,8,8,8,False,
ucf101,val,v_BodyWeightSquats_g05_c04,data/UCF101_data/UCF-101/BodyWeightSquats/v_BodyWeightSquats_g05_c04.avi,14,8,10,1,51,False,True,0.6317619681358337,0.054529556073248386,0.0038087234715931118,1.299019472207874,260,8,8,8,False,
ucf101,val,v_BodyWeightSquats_g06_c02,data/UCF101_data/UCF-101/BodyWeightSquats/v_BodyWeightSquats_g06_c02.avi,14,8,10,1,14,True,True,0.6284269094467163,0.015335565898567438,0.0038087234715931118,1.2420687535777688,122,8,8,8,False,
ucf101,val,v_Bowling_g01_c04,data/UCF101_data/UCF-101/Bowling/v_Bowling_g01_c04.avi,15,8,10,1,15,True,True,0.9916465878486633,0.10430281702429056,0.0038087234715931118,1.2252825410105288,155,8,8,8,False,
ucf101,val,v_Bowling_g04_c03,data/UCF101_data/UCF-101/Bowling/v_Bowling_g04_c03.avi,15,8,10,1,15,True,True,0.972838819026947,0.0457944069057703,0.0038087234715931118,1.1182019216939807,137,8,8,8,False,
ucf101,val,v_Bowling_g07_c07,data/UCF101_data/UCF-101/Bowling/v_Bowling_g07_c07.avi,15,8,10,1,15,True,True,0.9916862845420837,0.0369277810677886,0.0038087234715931118,1.069800766184926,130,8,8,8,False,
ucf101,val,v_Bowling_g07_c05,data/UCF101_data/UCF-101/Bowling/v_Bowling_g07_c05.avi,15,8,10,1,15,True,True,0.9921958446502686,0.019863286055624485,0.0038087234715931118,1.0307924654334784,141,8,8,8,False,
ucf101,val,v_Bowling_g07_c02,data/UCF101_data/UCF-101/Bowling/v_Bowling_g07_c02.avi,15,8,10,1,15,True,True,0.9921663999557495,0.0318985627964139,0.0038087234715931118,1.0091947121545672,100,8,8,8,False,
ucf101,val,v_Bowling_g06_c02,data/UCF101_data/UCF-101/Bowling/v_Bowling_g06_c02.avi,15,8,10,1,15,True,True,0.9815661907196045,0.036816156934946775,0.0038087234715931118,0.9748678100295365,132,8,8,8,False,
ucf101,val,v_Bowling_g06_c04,data/UCF101_data/UCF-101/Bowling/v_Bowling_g06_c04.avi,15,8,10,1,59,False,False,0.2297659069299698,0.022286941297352314,0.0038087234715931118,0.9357736120000482,72,7,8,8,False,
ucf101,val,v_Bowling_g06_c05,data/UCF101_data/UCF-101/Bowling/v_Bowling_g06_c05.avi,15,8,10,1,15,True,True,0.9845778346061707,0.026556698139756918,0.0038087234715931118,0.9114744965918362,130,8,8,8,False,
ucf101,val,v_Bowling_g02_c04,data/UCF101_data/UCF-101/Bowling/v_Bowling_g02_c04.avi,15,8,10,1,15,True,True,0.9898281097412109,0.02436110470443964,0.0038087234715931118,0.8827649219892919,117,8,8,8,False,
ucf101,val,v_Bowling_g07_c04,data/UCF101_data/UCF-101/Bowling/v_Bowling_g07_c04.avi,15,8,10,1,15,True,True,0.9921951293945312,0.027611594647169113,0.0038087234715931118,0.8558376263827085,125,8,8,8,False,
ucf101,val,v_Bowling_g07_c01,data/UCF101_data/UCF-101/Bowling/v_Bowling_g07_c01.avi,15,8,10,1,15,True,True,0.9921677708625793,0.03170289099216461,0.0038087234715931118,0.8265330200083554,144,8,8,8,False,
ucf101,val,v_Bowling_g01_c06,data/UCF101_data/UCF-101/Bowling/v_Bowling_g01_c06.avi,15,8,10,1,15,True,True,0.9921281337738037,0.050556316040456295,0.0038087234715931118,0.7927357922308147,148,8,8,8,False,
ucf101,val,v_Bowling_g05_c06,data/UCF101_data/UCF-101/Bowling/v_Bowling_g05_c06.avi,15,8,10,1,15,True,True,0.9916185736656189,0.030031315051019192,0.0038087234715931118,0.7386909988708794,150,8,8,8,False,
ucf101,val,v_Bowling_g06_c03,data/UCF101_data/UCF-101/Bowling/v_Bowling_g06_c03.avi,15,8,10,1,15,True,True,0.7490189671516418,0.029302954208105803,0.0038087234715931118,0.7051545921713114,70,7,8,8,False,
ucf101,val,v_Bowling_g01_c03,data/UCF101_data/UCF-101/Bowling/v_Bowling_g01_c03.avi,15,8,10,1,15,True,True,0.9916259050369263,0.049123382195830345,0.0038087234715931118,0.6726347641088068,130,8,8,8,False,
ucf101,val,v_Bowling_g04_c02,data/UCF101_data/UCF-101/Bowling/v_Bowling_g04_c02.avi,15,8,10,1,15,True,True,0.9896246790885925,0.028811907395720482,0.0038087234715931118,0.6208460852503777,139,8,8,8,False,
ucf101,val,v_Bowling_g05_c07,data/UCF101_data/UCF-101/Bowling/v_Bowling_g05_c07.avi,15,8,10,1,15,True,True,0.9916651844978333,0.02972308686003089,0.0038087234715931118,0.5901514510624111,112,8,8,8,False,
ucf101,val,v_Bowling_g04_c04,data/UCF101_data/UCF-101/Bowling/v_Bowling_g04_c04.avi,15,8,10,1,15,True,True,0.9786704182624817,0.023222270887345076,0.0038087234715931118,0.5579022611491382,50,5,8,8,False,
ucf101,val,v_Bowling_g02_c01,data/UCF101_data/UCF-101/Bowling/v_Bowling_g02_c01.avi,15,8,10,1,15,True,True,0.989165723323822,0.02802868466824293,0.0038087234715931118,0.5332847218960524,82,8,8,8,False,
ucf101,val,v_Bowling_g03_c02,data/UCF101_data/UCF-101/Bowling/v_Bowling_g03_c02.avi,15,8,10,1,15,True,True,0.9886715412139893,0.025553433690220118,0.0038087234715931118,0.50224644318223,139,8,8,8,False,
ucf101,val,v_BoxingPunchingBag_g02_c01,data/UCF101_data/UCF-101/BoxingPunchingBag/v_BoxingPunchingBag_g02_c01.avi,16,8,10,1,16,True,True,0.33148202300071716,0.09264883305877447,0.005094433086924255,2.3037135740742087,131,8,8,8,False,
ucf101,val,v_BoxingPunchingBag_g06_c02,data/UCF101_data/UCF-101/BoxingPunchingBag/v_BoxingPunchingBag_g06_c02.avi,16,8,10,1,45,False,False,0.7409590482711792,0.0671536149457097,0.005094433086924255,2.208504658192396,128,8,8,8,False,
ucf101,val,v_BoxingPunchingBag_g03_c02,data/UCF101_data/UCF-101/BoxingPunchingBag/v_BoxingPunchingBag_g03_c02.avi,16,8,10,1,17,False,True,0.8273965716362,0.031168424990028143,0.005094433086924255,2.138505368027836,152,8,8,8,False,
ucf101,val,v_BoxingPunchingBag_g06_c03,data/UCF101_data/UCF-101/BoxingPunchingBag/v_BoxingPunchingBag_g06_c03.avi,16,8,10,1,17,False,True,0.894473135471344,0.0547733842395246,0.005094433086924255,2.1051531708799303,131,8,8,8,False,
ucf101,val,v_BoxingPunchingBag_g06_c04,data/UCF101_data/UCF-101/BoxingPunchingBag/v_BoxingPunchingBag_g06_c04.avi,16,8,10,1,17,False,True,0.8068826198577881,0.044124297332018614,0.005094433086924255,2.0481207803823054,127,8,8,8,False,
ucf101,val,v_BoxingPunchingBag_g01_c03,data/UCF101_data/UCF-101/BoxingPunchingBag/v_BoxingPunchingBag_g01_c03.avi,16,8,10,1,16,True,True,0.9700403213500977,0.028575248084962368,0.005094433086924255,2.001345979049802,148,8,8,8,False,
ucf101,val,v_BoxingPunchingBag_g06_c05,data/UCF101_data/UCF-101/BoxingPunchingBag/v_BoxingPunchingBag_g06_c05.avi,16,8,10,1,17,False,True,0.809307873249054,0.06322140898555517,0.005094433086924255,1.9702571029774845,65,6,8,8,False,
ucf101,val,v_BoxingPunchingBag_g01_c06,data/UCF101_data/UCF-101/BoxingPunchingBag/v_BoxingPunchingBag_g01_c06.avi,16,8,10,1,16,True,True,0.8352199196815491,0.042463003657758236,0.005094433086924255,1.9016911871731281,164,8,8,8,False,
ucf101,val,v_BoxingPunchingBag_g04_c06,data/UCF101_data/UCF-101/BoxingPunchingBag/v_BoxingPunchingBag_g04_c06.avi,16,8,10,1,16,True,True,0.6216601133346558,0.05170098599046469,0.005094433086924255,1.856775469146669,205,8,8,8,False,
ucf101,val,v_BoxingPunchingBag_g07_c04,data/UCF101_data/UCF-101/BoxingPunchingBag/v_BoxingPunchingBag_g07_c04.avi,16,8,10,1,16,True,True,0.9812739491462708,0.07393119717016816,0.005094433086924255,1.8015126320533454,285,8,8,8,False,
ucf101,val,v_BoxingPunchingBag_g07_c06,data/UCF101_data/UCF-101/BoxingPunchingBag/v_BoxingPunchingBag_g07_c06.avi,16,8,10,1,16,True,True,0.9727458357810974,0.03570342110469937,0.005094433086924255,1.7243605749681592,279,8,8,8,False,
ucf101,val,v_BoxingPunchingBag_g05_c06,data/UCF101_data/UCF-101/BoxingPunchingBag/v_BoxingPunchingBag_g05_c06.avi,16,8,10,1,16,True,True,0.9332454204559326,0.06432742718607187,0.005094433086924255,1.685944037977606,246,8,8,8,False,
ucf101,val,v_BoxingPunchingBag_g03_c07,data/UCF101_data/UCF-101/BoxingPunchingBag/v_BoxingPunchingBag_g03_c07.avi,16,8,10,1,16,True,True,0.5044419765472412,0.03205110412091017,0.005094433086924255,1.618755728006363,227,8,8,8,False,
ucf101,val,v_BoxingPunchingBag_g03_c03,data/UCF101_data/UCF-101/BoxingPunchingBag/v_BoxingPunchingBag_g03_c03.avi,16,8,10,1,17,False,True,0.8306694626808167,0.026480585802346468,0.005094433086924255,1.5848953607492149,185,8,8,8,False,
ucf101,val,v_BoxingPunchingBag_g02_c07,data/UCF101_data/UCF-101/BoxingPunchingBag/v_BoxingPunchingBag_g02_c07.avi,16,8,10,1,89,False,True,0.35448774695396423,0.057895489037036896,0.005094433086924255,1.5556772989220917,285,8,8,8,False,
ucf101,val,v_BoxingPunchingBag_g07_c03,data/UCF101_data/UCF-101/BoxingPunchingBag/v_BoxingPunchingBag_g07_c03.avi,16,8,10,1,16,True,True,0.9811753630638123,0.05537984101101756,0.005094433086924255,1.4946628152392805,287,8,8,8,False,
ucf101,val,v_BoxingPunchingBag_g07_c05,data/UCF101_data/UCF-101/BoxingPunchingBag/v_BoxingPunchingBag_g07_c05.avi,16,8,10,1,16,True,True,0.9785928130149841,0.06377980997785926,0.005094433086924255,1.436038922984153,311,8,8,8,False,
ucf101,val,v_BoxingPunchingBag_g06_c01,data/UCF101_data/UCF-101/BoxingPunchingBag/v_BoxingPunchingBag_g06_c01.avi,16,8,10,1,17,False,True,0.8709282279014587,0.054105550050735474,0.005094433086924255,1.3692417363636196,132,8,8,8,False,
ucf101,val,v_BoxingPunchingBag_g02_c06,data/UCF101_data/UCF-101/BoxingPunchingBag/v_BoxingPunchingBag_g02_c06.avi,16,8,10,1,16,True,True,0.8634592890739441,0.05819588713347912,0.005094433086924255,1.3122935728169978,179,8,8,8,False,
ucf101,val,v_BoxingPunchingBag_g01_c05,data/UCF101_data/UCF-101/BoxingPunchingBag/v_BoxingPunchingBag_g01_c05.avi,16,8,10,1,16,True,True,0.5555597543716431,0.04098445829004049,0.005094433086924255,1.2514004711993039,169,8,8,8,False,
ucf101,val,v_BoxingSpeedBag_g04_c07,data/UCF101_data/UCF-101/BoxingSpeedBag/v_BoxingSpeedBag_g04_c07.avi,17,8,10,1,17,True,True,0.7558624148368835,0.10032146191224456,0.005094433086924255,1.2076183278113604,299,8,8,8,False,
ucf101,val,v_BoxingSpeedBag_g06_c05,data/UCF101_data/UCF-101/BoxingSpeedBag/v_BoxingSpeedBag_g06_c05.avi,17,8,10,1,17,True,True,0.9667748808860779,0.04581311717629433,0.005094433086924255,1.10453841695562,125,8,8,8,False,
ucf101,val,v_BoxingSpeedBag_g05_c01,data/UCF101_data/UCF-101/BoxingSpeedBag/v_BoxingSpeedBag_g05_c01.avi,17,8,10,1,34,False,True,0.7174776196479797,0.03904119227081537,0.005094433086924255,1.0561049012467265,135,8,8,8,False,
ucf101,val,v_BoxingSpeedBag_g02_c01,data/UCF101_data/UCF-101/BoxingSpeedBag/v_BoxingSpeedBag_g02_c01.avi,17,8,10,1,17,True,True,0.955966055393219,0.03049368690699339,0.005094433086924255,1.0152104571461678,171,8,8,8,False,
ucf101,val,v_BoxingSpeedBag_g01_c01,data/UCF101_data/UCF-101/BoxingSpeedBag/v_BoxingSpeedBag_g01_c01.avi,17,8,10,1,17,True,True,0.9675044417381287,0.031631750985980034,0.005094433086924255,0.9815566730685532,131,8,8,8,False,
ucf101,val,v_BoxingSpeedBag_g07_c06,data/UCF101_data/UCF-101/BoxingSpeedBag/v_BoxingSpeedBag_g07_c06.avi,17,8,10,1,17,True,True,0.4261985123157501,0.06628917809575796,0.005094433086924255,0.9470257237553596,437,8,8,8,False,
ucf101,val,v_BoxingSpeedBag_g07_c07,data/UCF101_data/UCF-101/BoxingSpeedBag/v_BoxingSpeedBag_g07_c07.avi,17,8,10,1,17,True,True,0.7287458181381226,0.08226617611944675,0.005094433086924255,0.8777292189188302,452,8,8,8,False,
ucf101,val,v_BoxingSpeedBag_g04_c06,data/UCF101_data/UCF-101/BoxingSpeedBag/v_BoxingSpeedBag_g04_c06.avi,17,8,10,1,17,True,True,0.9259596467018127,0.056314409244805574,0.005094433086924255,0.7921645259484649,252,8,8,8,False,
ucf101,val,v_BoxingSpeedBag_g01_c04,data/UCF101_data/UCF-101/BoxingSpeedBag/v_BoxingSpeedBag_g01_c04.avi,17,8,10,1,17,True,True,0.9281938076019287,0.029429741203784943,0.005094433086924255,0.7332776770927012,71,7,8,8,False,
ucf101,val,v_BoxingSpeedBag_g01_c03,data/UCF101_data/UCF-101/BoxingSpeedBag/v_BoxingSpeedBag_g01_c03.avi,17,8,10,1,17,True,True,0.8978027105331421,0.02519532199949026,0.005094433086924255,0.7010490517131984,99,8,8,8,False,
ucf101,val,v_BoxingSpeedBag_g04_c05,data/UCF101_data/UCF-101/BoxingSpeedBag/v_BoxingSpeedBag_g04_c05.avi,17,8,10,1,17,True,True,0.9273638725280762,0.05901316925883293,0.005094433086924255,0.6725950362160802,224,8,8,8,False,
ucf101,val,v_BoxingSpeedBag_g02_c03,data/UCF101_data/UCF-101/BoxingSpeedBag/v_BoxingSpeedBag_g02_c03.avi,17,8,10,1,17,True,True,0.9342613220214844,0.057472598273307085,0.005094433086924255,0.6104191960766912,178,8,8,8,False,
ucf101,val,v_BoxingSpeedBag_g04_c04,data/UCF101_data/UCF-101/BoxingSpeedBag/v_BoxingSpeedBag_g04_c04.avi,17,8,10,1,17,True,True,0.9115857481956482,0.06069632712751627,0.004074291500728577,2.1946285599842668,203,8,8,8,False,
ucf101,val,v_BoxingSpeedBag_g03_c01,data/UCF101_data/UCF-101/BoxingSpeedBag/v_BoxingSpeedBag_g03_c01.avi,17,8,10,1,17,True,True,0.9638336896896362,0.048990446142852306,0.004074291500728577,2.125183204188943,120,8,8,8,False,
ucf101,val,v_BoxingSpeedBag_g07_c04,data/UCF101_data/UCF-101/BoxingSpeedBag/v_BoxingSpeedBag_g07_c04.avi,17,8,10,1,17,True,True,0.5574402809143066,0.06931288167834282,0.004074291500728577,2.073261423036456,466,8,8,8,False,
ucf101,val,v_BoxingSpeedBag_g03_c04,data/UCF101_data/UCF-101/BoxingSpeedBag/v_BoxingSpeedBag_g03_c04.avi,17,8,10,1,17,True,True,0.9779964685440063,0.05930079100653529,0.004074291500728577,2.0008192220702767,147,8,8,8,False,
ucf101,val,v_BoxingSpeedBag_g06_c03,data/UCF101_data/UCF-101/BoxingSpeedBag/v_BoxingSpeedBag_g06_c03.avi,17,8,10,1,17,True,True,0.971903383731842,0.05541570670902729,0.004074291500728577,1.9388177930377424,250,8,8,8,False,
ucf101,val,v_BoxingSpeedBag_g02_c04,data/UCF101_data/UCF-101/BoxingSpeedBag/v_BoxingSpeedBag_g02_c04.avi,17,8,10,1,17,True,True,0.45392104983329773,0.031410330440849066,0.004074291500728577,1.8802901930175722,136,8,8,8,False,
ucf101,val,v_BoxingSpeedBag_g05_c02,data/UCF101_data/UCF-101/BoxingSpeedBag/v_BoxingSpeedBag_g05_c02.avi,17,8,10,1,17,True,True,0.887897789478302,0.03235655091702938,0.004074291500728577,1.8462895560078323,164,8,8,8,False,
ucf101,val,v_BoxingSpeedBag_g03_c02,data/UCF101_data/UCF-101/BoxingSpeedBag/v_BoxingSpeedBag_g03_c02.avi,17,8,10,1,17,True,True,0.9678041338920593,0.05793893476948142,0.004074291500728577,1.8108091950416565,138,8,8,8,False,
ucf101,val,v_BreastStroke_g02_c02,data/UCF101_data/UCF-101/BreastStroke/v_BreastStroke_g02_c02.avi,18,8,10,1,18,True,True,0.9245437383651733,0.10521940607577562,0.004074291500728577,1.749420627951622,302,8,8,8,False,
ucf101,val,v_BreastStroke_g04_c03,data/UCF101_data/UCF-101/BreastStroke/v_BreastStroke_g04_c03.avi,18,8,10,1,18,True,True,0.7447670698165894,0.05786080798134208,0.004074291500728577,1.6409548153169453,192,8,8,8,False,
ucf101,val,v_BreastStroke_g05_c02,data/UCF101_data/UCF-101/BreastStroke/v_BreastStroke_g05_c02.avi,18,8,10,1,18,True,True,0.9590548276901245,0.06287098955363035,0.004074291500728577,1.5795127698220313,225,8,8,8,False,
ucf101,val,v_BreastStroke_g06_c03,data/UCF101_data/UCF-101/BreastStroke/v_BreastStroke_g06_c03.avi,18,8,10,1,18,True,True,0.9218555688858032,0.04758647410199046,0.004074291500728577,1.5138865131884813,100,8,8,8,False,
ucf101,val,v_BreastStroke_g03_c02,data/UCF101_data/UCF-101/BreastStroke/v_BreastStroke_g03_c02.avi,18,8,10,1,18,True,True,0.9325222969055176,0.03377191396430135,0.004074291500728577,1.462776550091803,179,8,8,8,False,
ucf101,val,v_BreastStroke_g05_c04,data/UCF101_data/UCF-101/BreastStroke/v_BreastStroke_g05_c04.avi,18,8,10,1,18,True,True,0.932505190372467,0.059938125777989626,0.004074291500728577,1.4261140879243612,333,8,8,8,False,
ucf101,val,v_BreastStroke_g06_c01,data/UCF101_data/UCF-101/BreastStroke/v_BreastStroke_g06_c01.avi,18,8,10,1,31,False,True,0.4369776248931885,0.02692297799512744,0.004074291500728577,1.3626040210947394,116,8,8,8,False,
ucf101,val,v_BreastStroke_g05_c01,data/UCF101_data/UCF-101/BreastStroke/v_BreastStroke_g05_c01.avi,18,8,10,1,18,True,True,0.9204317927360535,0.03341251192614436,0.004074291500728577,1.3327393140643835,150,8,8,8,False,
ucf101,val,v_BreastStroke_g01_c01,data/UCF101_data/UCF-101/BreastStroke/v_BreastStroke_g01_c01.avi,18,8,10,1,18,True,True,0.9210665225982666,0.021458882372826338,0.004074291500728577,1.296264241449535,96,8,8,8,False,
ucf101,val,v_BreastStroke_g07_c02,data/UCF101_data/UCF-101/BreastStroke/v_BreastStroke_g07_c02.avi,18,8,10,1,18,True,True,0.8645147681236267,0.0723108989186585,0.004074291500728577,1.2735934369266033,305,8,8,8,False,
ucf101,val,v_BreastStroke_g06_c04,data/UCF101_data/UCF-101/BreastStroke/v_BreastStroke_g06_c04.avi,18,8,10,1,18,True,True,0.9447467923164368,0.033120607025921345,0.004074291500728577,1.1987113878130913,114,8,8,8,False,
ucf101,val,v_BreastStroke_g01_c04,data/UCF101_data/UCF-101/BreastStroke/v_BreastStroke_g01_c04.avi,18,8,10,1,18,True,True,0.9646339416503906,0.02305392688140273,0.004074291500728577,1.1628776649013162,96,8,8,8,False,
ucf101,val,v_BreastStroke_g02_c01,data/UCF101_data/UCF-101/BreastStroke/v_BreastStroke_g02_c01.avi,18,8,10,1,18,True,True,0.9195631146430969,0.05638807499781251,0.004074291500728577,1.1384240300394595,227,8,8,8,False,
ucf101,val,v_BreastStroke_g04_c04,data/UCF101_data/UCF-101/BreastStroke/v_BreastStroke_g04_c04.avi,18,8,10,1,18,True,True,0.8451957106590271,0.06427928525954485,0.004074291500728577,1.0784974251873791,217,8,8,8,False,
ucf101,val,v_BreastStroke_g01_c02,data/UCF101_data/UCF-101/BreastStroke/v_BreastStroke_g01_c02.avi,18,8,10,1,18,True,True,0.9621811509132385,0.028128039091825485,0.004074291500728577,1.010606677737087,96,8,8,8,False,
ucf101,val,v_BreastStroke_g04_c02,data/UCF101_data/UCF-101/BreastStroke/v_BreastStroke_g04_c02.avi,18,8,10,1,18,True,True,0.8907820582389832,0.06062958016991615,0.004074291500728577,0.980747832916677,183,8,8,8,False,
ucf101,val,v_BreastStroke_g03_c04,data/UCF101_data/UCF-101/BreastStroke/v_BreastStroke_g03_c04.avi,18,8,10,1,31,False,True,0.5754702687263489,0.051883849781006575,0.004074291500728577,0.9177118218503892,187,8,8,8,False,
ucf101,val,v_BreastStroke_g03_c01,data/UCF101_data/UCF-101/BreastStroke/v_BreastStroke_g03_c01.avi,18,8,10,1,18,True,True,0.4187485873699188,0.05090661020949483,0.004074291500728577,0.8621453079394996,176,8,8,8,False,
ucf101,val,v_BreastStroke_g01_c03,data/UCF101_data/UCF-101/BreastStroke/v_BreastStroke_g01_c03.avi,18,8,10,1,18,True,True,0.9266906976699829,0.024394370149821043,0.004074291500728577,0.8079175441525877,96,8,8,8,False,
ucf101,val,v_BreastStroke_g07_c03,data/UCF101_data/UCF-101/BreastStroke/v_BreastStroke_g07_c03.avi,18,8,10,1,31,False,True,0.5384356379508972,0.02090162318199873,0.004074291500728577,0.7818964091129601,127,8,8,8,False,
ucf101,val,v_BrushingTeeth_g04_c03,data/UCF101_data/UCF-101/BrushingTeeth/v_BrushingTeeth_g04_c03.avi,19,8,10,1,77,False,True,0.9144213795661926,0.07767803408205509,0.004074291500728577,0.7598789040930569,100,8,8,8,False,
ucf101,val,v_BrushingTeeth_g03_c03,data/UCF101_data/UCF-101/BrushingTeeth/v_BrushingTeeth_g03_c03.avi,19,8,10,1,19,True,True,0.9554556012153625,0.06346532562747598,0.004074291500728577,0.6800485798157752,226,8,8,8,False,
ucf101,val,v_BrushingTeeth_g05_c02,data/UCF101_data/UCF-101/BrushingTeeth/v_BrushingTeeth_g05_c02.avi,19,8,10,1,1,False,True,0.6068830490112305,0.04847526177763939,0.004074291500728577,0.6123325922526419,195,8,8,8,False,
ucf101,val,v_BrushingTeeth_g07_c05,data/UCF101_data/UCF-101/BrushingTeeth/v_BrushingTeeth_g07_c05.avi,19,8,10,1,24,False,True,0.1892651468515396,0.07251705089583993,0.004074291500728577,0.5612467559985816,249,8,8,8,False,
ucf101,val,v_BrushingTeeth_g04_c01,data/UCF101_data/UCF-101/BrushingTeeth/v_BrushingTeeth_g04_c01.avi,19,8,10,1,77,False,True,0.6988082528114319,0.08287258306518197,0.003969705940107815,2.1381188118830323,193,8,8,8,False,
ucf101,val,v_BrushingTeeth_g07_c02,data/UCF101_data/UCF-101/BrushingTeeth/v_BrushingTeeth_g07_c02.avi,19,8,10,1,19,True,True,0.9536312818527222,0.05613915575668216,0.003969705940107815,2.052323954179883,229,8,8,8,False,
ucf101,val,v_BrushingTeeth_g03_c05,data/UCF101_data/UCF-101/BrushingTeeth/v_BrushingTeeth_g03_c05.avi,19,8,10,1,19,True,True,0.7225197553634644,0.05123297730460763,0.003969705940107815,1.9930791286751628,231,8,8,8,False,
ucf101,val,v_BrushingTeeth_g02_c05,data/UCF101_data/UCF-101/BrushingTeeth/v_BrushingTeeth_g02_c05.avi,19,8,10,1,77,False,False,0.6592877507209778,0.06194648519158363,0.003969705940107815,1.9392869616858661,748,8,8,8,False,
ucf101,val,v_BrushingTeeth_g06_c03,data/UCF101_data/UCF-101/BrushingTeeth/v_BrushingTeeth_g06_c03.avi,19,8,10,1,19,True,True,0.7361531257629395,0.06305394088849425,0.003969705940107815,1.874622801784426,309,8,8,8,False,
ucf101,val,v_BrushingTeeth_g01_c02,data/UCF101_data/UCF-101/BrushingTeeth/v_BrushingTeeth_g01_c02.avi,19,8,10,1,1,False,True,0.7755826115608215,0.028128623962402344,0.003969705940107815,1.8082622289657593,109,8,8,8,False,
ucf101,val,v_BrushingTeeth_g01_c03,data/UCF101_data/UCF-101/BrushingTeeth/v_BrushingTeeth_g01_c03.avi,19,8,10,1,19,True,True,0.8810433149337769,0.02784614870324731,0.003969705940107815,1.7780623640865088,122,8,8,8,False,
ucf101,val,v_BrushingTeeth_g05_c01,data/UCF101_data/UCF-101/BrushingTeeth/v_BrushingTeeth_g05_c01.avi,19,8,10,1,33,False,True,0.7883844375610352,0.028121686074882746,0.003969705940107815,1.7472372157499194,170,8,8,8,False,
ucf101,val,v_BrushingTeeth_g07_c03,data/UCF101_data/UCF-101/BrushingTeeth/v_BrushingTeeth_g07_c03.avi,19,8,10,1,19,True,True,0.948921799659729,0.027263081166893244,0.003969705940107815,1.7170892572030425,158,8,8,8,False,
ucf101,val,v_BrushingTeeth_g06_c04,data/UCF101_data/UCF-101/BrushingTeeth/v_BrushingTeeth_g06_c04.avi,19,8,10,1,1,False,True,0.7197285890579224,0.065145845990628,0.003969705940107815,1.686773834284395,337,8,8,8,False,
ucf101,val,v_BrushingTeeth_g06_c02,data/UCF101_data/UCF-101/BrushingTeeth/v_BrushingTeeth_g06_c02.avi,19,8,10,1,19,True,True,0.6701832413673401,0.07359557785093784,0.003969705940107815,1.6186695918440819,249,8,8,8,False,
ucf101,val,v_BrushingTeeth_g01_c01,data/UCF101_data/UCF-101/BrushingTeeth/v_BrushingTeeth_g01_c01.avi,19,8,10,1,19,True,True,0.810027003288269,0.030565539840608835,0.003969705940107815,1.5418483749963343,103,8,8,8,False,
ucf101,val,v_BrushingTeeth_g02_c07,data/UCF101_data/UCF-101/BrushingTeeth/v_BrushingTeeth_g02_c07.avi,19,8,10,1,19,True,True,0.7633224129676819,0.07817529793828726,0.003969705940107815,1.5093862488865852,793,8,8,8,False,
ucf101,val,v_BrushingTeeth_g02_c01,data/UCF101_data/UCF-101/BrushingTeeth/v_BrushingTeeth_g02_c01.avi,19,8,10,1,19,True,True,0.41448283195495605,0.0531622557900846,0.003969705940107815,1.427814207971096,716,8,8,8,False,
ucf101,val,v_BrushingTeeth_g05_c03,data/UCF101_data/UCF-101/BrushingTeeth/v_BrushingTeeth_g05_c03.avi,19,8,10,1,0,False,True,0.643214225769043,0.05769683187827468,0.003969705940107815,1.3721067267470062,210,8,8,8,False,
ucf101,val,v_BrushingTeeth_g02_c02,data/UCF101_data/UCF-101/BrushingTeeth/v_BrushingTeeth_g02_c02.avi,19,8,10,1,77,False,True,0.8039753437042236,0.07588263088837266,0.003969705940107815,1.3110328000038862,732,8,8,8,False,
ucf101,val,v_CleanAndJerk_g07_c01,data/UCF101_data/UCF-101/CleanAndJerk/v_CleanAndJerk_g07_c01.avi,20,8,10,1,20,True,True,0.9551456570625305,0.09342326177284122,0.003969705940107815,1.231606921646744,228,8,8,8,False,
ucf101,val,v_CleanAndJerk_g06_c04,data/UCF101_data/UCF-101/CleanAndJerk/v_CleanAndJerk_g06_c04.avi,20,8,10,1,20,True,True,0.9290269613265991,0.05928816180676222,0.003969705940107815,1.1348422323353589,246,8,8,8,False,
ucf101,val,v_CleanAndJerk_g04_c03,data/UCF101_data/UCF-101/CleanAndJerk/v_CleanAndJerk_g04_c03.avi,20,8,10,1,20,True,True,0.9315245747566223,0.033268050756305456,0.003969705940107815,1.071490296162665,146,8,8,8,False,
ucf101,val,v_CleanAndJerk_g01_c01,data/UCF101_data/UCF-101/CleanAndJerk/v_CleanAndJerk_g01_c01.avi,20,8,10,1,20,True,True,0.9781700968742371,0.02229403518140316,0.003969705940107815,1.035986470989883,100,8,8,8,False,
ucf101,val,v_CleanAndJerk_g01_c04,data/UCF101_data/UCF-101/CleanAndJerk/v_CleanAndJerk_g01_c04.avi,20,8,10,1,20,True,True,0.8305675983428955,0.03030286217108369,0.003969705940107815,1.0117251202464104,119,8,8,8,False,
ucf101,val,v_CleanAndJerk_g01_c03,data/UCF101_data/UCF-101/CleanAndJerk/v_CleanAndJerk_g01_c03.avi,20,8,10,1,9,False,True,0.2710409164428711,0.024529739283025265,0.003969705940107815,0.9791349791921675,124,8,8,8,False,
ucf101,val,v_CleanAndJerk_g05_c03,data/UCF101_data/UCF-101/CleanAndJerk/v_CleanAndJerk_g05_c03.avi,20,8,10,1,20,True,True,0.976256251335144,0.027621618937700987,0.003969705940107815,0.9523287462070584,146,8,8,8,False,
ucf101,val,v_CleanAndJerk_g01_c05,data/UCF101_data/UCF-101/CleanAndJerk/v_CleanAndJerk_g01_c05.avi,20,8,10,1,20,True,True,0.678945779800415,0.02089550020173192,0.003969705940107815,0.9212573869153857,121,8,8,8,False,
ucf101,val,v_CleanAndJerk_g07_c03,data/UCF101_data/UCF-101/CleanAndJerk/v_CleanAndJerk_g07_c03.avi,20,8,10,1,20,True,True,0.9662637114524841,0.07241799402981997,0.003969705940107815,0.8973629800602794,228,8,8,8,False,
ucf101,val,v_CleanAndJerk_g01_c02,data/UCF101_data/UCF-101/CleanAndJerk/v_CleanAndJerk_g01_c02.avi,20,8,10,1,20,True,True,0.9165530800819397,0.02470508310943842,0.003969705940107815,0.8206383013166487,113,8,8,8,False,
ucf101,val,v_CleanAndJerk_g03_c03,data/UCF101_data/UCF-101/CleanAndJerk/v_CleanAndJerk_g03_c03.avi,20,8,10,1,20,True,True,0.9730656147003174,0.05785113200545311,0.003969705940107815,0.7933368850499392,276,8,8,8,False,
ucf101,val,v_CleanAndJerk_g04_c04,data/UCF101_data/UCF-101/CleanAndJerk/v_CleanAndJerk_g04_c04.avi,20,8,10,1,20,True,True,0.9380173087120056,0.0318500860594213,0.003969705940107815,0.7329673520289361,152,8,8,8,False,
ucf101,val,v_CleanAndJerk_g06_c01,data/UCF101_data/UCF-101/CleanAndJerk/v_CleanAndJerk_g06_c01.avi,20,8,10,1,20,True,True,0.966119647026062,0.03859822731465101,0.003969705940107815,0.6989886648952961,190,8,8,8,False,
ucf101,val,v_CleanAndJerk_g06_c02,data/UCF101_data/UCF-101/CleanAndJerk/v_CleanAndJerk_g06_c02.avi,20,8,10,1,20,True,True,0.8844940662384033,0.06087671685963869,0.003969705940107815,0.658012812025845,194,8,8,8,False,
ucf101,val,v_CleanAndJerk_g03_c05,data/UCF101_data/UCF-101/CleanAndJerk/v_CleanAndJerk_g03_c05.avi,20,8,10,1,20,True,True,0.9778586030006409,0.05482883378863335,0.003969705940107815,0.5949078197591007,238,8,8,8,False,
ucf101,val,v_CleanAndJerk_g04_c05,data/UCF101_data/UCF-101/CleanAndJerk/v_CleanAndJerk_g04_c05.avi,20,8,10,1,20,True,True,0.9681792259216309,0.05119553068652749,0.003969705940107815,0.5368482596240938,237,8,8,8,False,
ucf101,val,v_CleanAndJerk_g05_c04,data/UCF101_data/UCF-101/CleanAndJerk/v_CleanAndJerk_g05_c04.avi,20,8,10,1,20,True,True,0.9797540307044983,0.05215230491012335,0.003853561691357754,1.608284235931933,206,8,8,8,False,
ucf101,val,v_CleanAndJerk_g03_c01,data/UCF101_data/UCF-101/CleanAndJerk/v_CleanAndJerk_g03_c01.avi,20,8,10,1,20,True,True,0.9740043878555298,0.03316462226212025,0.003853561691357754,1.554140830412507,172,8,8,8,False,
ucf101,val,v_CleanAndJerk_g02_c01,data/UCF101_data/UCF-101/CleanAndJerk/v_CleanAndJerk_g02_c01.avi,20,8,10,1,20,True,True,0.9784546494483948,0.024660459719598293,0.003853561691357754,1.517269155010581,103,8,8,8,False,
ucf101,val,v_CleanAndJerk_g03_c04,data/UCF101_data/UCF-101/CleanAndJerk/v_CleanAndJerk_g03_c04.avi,20,8,10,1,20,True,True,0.9596342444419861,0.0583085878752172,0.003853561691357754,1.4894596668891609,293,8,8,8,False,
ucf101,val,v_CliffDiving_g01_c03,data/UCF101_data/UCF-101/CliffDiving/v_CliffDiving_g01_c03.avi,21,8,10,1,25,False,True,0.0736871212720871,0.06655954197049141,0.003853561691357754,1.4281791849061847,72,7,8,8,False,
ucf101,val,v_CliffDiving_g05_c04,data/UCF101_data/UCF-101/CliffDiving/v_CliffDiving_g05_c04.avi,21,8,10,1,21,True,True,0.7711275815963745,0.029273434076458216,0.003853561691357754,1.358672291971743,68,7,8,8,False,
ucf101,val,v_CliffDiving_g03_c04,data/UCF101_data/UCF-101/CliffDiving/v_CliffDiving_g03_c04.avi,21,8,10,1,21,True,True,0.2504931092262268,0.025470341090112925,0.003853561691357754,1.3277282249182463,104,8,8,8,False,
ucf101,val,v_CliffDiving_g04_c01,data/UCF101_data/UCF-101/CliffDiving/v_CliffDiving_g04_c01.avi,21,8,10,1,21,True,True,0.8287371397018433,0.02909435611218214,0.003853561691357754,1.3004982210695744,101,8,8,8,False,
ucf101,val,v_CliffDiving_g02_c01,data/UCF101_data/UCF-101/CliffDiving/v_CliffDiving_g02_c01.avi,21,8,10,1,46,False,True,0.273416668176651,0.0328994351439178,0.003853561691357754,1.2697135382331908,78,8,8,8,False,
ucf101,val,v_CliffDiving_g07_c05,data/UCF101_data/UCF-101/CliffDiving/v_CliffDiving_g07_c05.avi,21,8,10,1,46,False,False,0.1939125955104828,0.036200019996613264,0.003853561691357754,1.234882411081344,72,7,8,8,False,
ucf101,val,v_CliffDiving_g06_c01,data/UCF101_data/UCF-101/CliffDiving/v_CliffDiving_g06_c01.avi,21,8,10,1,37,False,True,0.18616774678230286,0.026198840234428644,0.003853561691357754,1.1961791757494211,81,8,8,8,False,
ucf101,val,v_CliffDiving_g02_c04,data/UCF101_data/UCF-101/CliffDiving/v_CliffDiving_g02_c04.avi,21,8,10,1,46,False,True,0.3976251780986786,0.030693292152136564,0.003853561691357754,1.1669341148808599,82,8,8,8,False,
ucf101,val,v_CliffDiving_g06_c04,data/UCF101_data/UCF-101/CliffDiving/v_CliffDiving_g06_c04.avi,21,8,10,1,2,False,False,0.30612918734550476,0.026625205762684345,0.003853561691357754,1.1336312387138605,89,8,8,8,False,
ucf101,val,v_CliffDiving_g06_c05,data/UCF101_data/UCF-101/CliffDiving/v_CliffDiving_g06_c05.avi,21,8,10,1,21,True,True,0.15491478145122528,0.029338490217924118,0.003853561691357754,1.1041711270809174,85,8,8,8,False,
ucf101,val,v_CliffDiving_g02_c02,data/UCF101_data/UCF-101/CliffDiving/v_CliffDiving_g02_c02.avi,21,8,10,1,36,False,False,0.3958936631679535,0.02503175102174282,0.003853561691357754,1.0717713576741517,97,8,8,8,False,
ucf101,val,v_CliffDiving_g06_c02,data/UCF101_data/UCF-101/CliffDiving/v_CliffDiving_g06_c02.avi,21,8,10,1,37,False,False,0.48334425687789917,0.024951663799583912,0.003853561691357754,1.045265139080584,71,7,8,8,False,
ucf101,val,v_CliffDiving_g01_c06,data/UCF101_data/UCF-101/CliffDiving/v_CliffDiving_g01_c06.avi,21,8,10,1,21,True,True,0.15851570665836334,0.022420174442231655,0.003853561691357754,1.0185372489504516,76,8,8,8,False,
ucf101,val,v_CliffDiving_g05_c07,data/UCF101_data/UCF-101/CliffDiving/v_CliffDiving_g05_c07.avi,21,8,10,1,21,True,True,0.8801363706588745,0.02972138812765479,0.003853561691357754,0.9938585390336812,94,8,8,8,False,
ucf101,val,v_CliffDiving_g06_c07,data/UCF101_data/UCF-101/CliffDiving/v_CliffDiving_g06_c07.avi,21,8,10,1,88,False,True,0.27324604988098145,0.02211205381900072,0.003853561691357754,0.9624503389932215,88,8,8,8,False,
ucf101,val,v_CliffDiving_g07_c04,data/UCF101_data/UCF-101/CliffDiving/v_CliffDiving_g07_c04.avi,21,8,10,1,21,True,True,0.9708502292633057,0.02879313612356782,0.003853561691357754,0.938844685908407,84,8,8,8,False,
ucf101,val,v_CliffDiving_g01_c01,data/UCF101_data/UCF-101/CliffDiving/v_CliffDiving_g01_c01.avi,21,8,10,1,37,False,False,0.5404669046401978,0.029081096407026052,0.003853561691357754,0.9083902738057077,90,8,8,8,False,
ucf101,val,v_CliffDiving_g05_c06,data/UCF101_data/UCF-101/CliffDiving/v_CliffDiving_g05_c06.avi,21,8,10,1,21,True,True,0.8723281025886536,0.016567504964768887,0.003853561691357754,0.8766249446198344,97,8,8,8,False,
ucf101,val,v_CliffDiving_g03_c01,data/UCF101_data/UCF-101/CliffDiving/v_CliffDiving_g03_c01.avi,21,8,10,1,21,True,True,0.9614468216896057,0.027281786780804396,0.003853561691357754,0.8588050496764481,92,8,8,8,False,
ucf101,val,v_CliffDiving_g05_c05,data/UCF101_data/UCF-101/CliffDiving/v_CliffDiving_g05_c05.avi,21,8,10,1,21,True,True,0.9259222149848938,0.019140277057886124,0.003853561691357754,0.8290962912142277,86,8,8,8,False,
ucf101,val,v_CricketBowling_g03_c02,data/UCF101_data/UCF-101/CricketBowling/v_CricketBowling_g03_c02.avi,22,8,10,1,37,False,False,0.6021153926849365,0.09722451400011778,0.003853561691357754,0.8084119861014187,117,8,8,8,False,
ucf101,val,v_CricketBowling_g03_c04,data/UCF101_data/UCF-101/CricketBowling/v_CricketBowling_g03_c04.avi,22,8,10,1,37,False,False,0.42384201288223267,0.03073547501116991,0.003853561691357754,0.708234841004014,101,8,8,8,False,
ucf101,val,v_CricketBowling_g02_c04,data/UCF101_data/UCF-101/CricketBowling/v_CricketBowling_g02_c04.avi,22,8,10,1,22,True,True,0.5802165865898132,0.05406214203685522,0.003853561691357754,0.6753984964452684,159,8,8,8,False,
ucf101,val,v_CricketBowling_g01_c07,data/UCF101_data/UCF-101/CricketBowling/v_CricketBowling_g01_c07.avi,22,8,10,1,22,True,True,0.7375858426094055,0.03385736793279648,0.003853561691357754,0.6182361170649529,120,8,8,8,False,
ucf101,val,v_CricketBowling_g05_c02,data/UCF101_data/UCF-101/CricketBowling/v_CricketBowling_g05_c02.avi,22,8,10,1,23,False,True,0.9511006474494934,0.022638909053057432,0.003853561691357754,0.5820449949242175,111,8,8,8,False,
ucf101,val,v_CricketBowling_g06_c01,data/UCF101_data/UCF-101/CricketBowling/v_CricketBowling_g06_c01.avi,22,8,10,1,22,True,True,0.8134312033653259,0.026210850104689598,0.003853561691357754,0.5576462647877634,160,8,8,8,False,
ucf101,val,v_CricketBowling_g01_c02,data/UCF101_data/UCF-101/CricketBowling/v_CricketBowling_g01_c02.avi,22,8,10,1,22,True,True,0.8820633888244629,0.021935483440756798,0.003853561691357754,0.528146406635642,61,6,8,8,False,
ucf101,val,v_CricketBowling_g06_c04,data/UCF101_data/UCF-101/CricketBowling/v_CricketBowling_g06_c04.avi,22,8,10,1,22,True,True,0.699295163154602,0.02465977892279625,0.003853561691357754,0.5035807159729302,150,8,8,8,False,
ucf101,val,v_CricketBowling_g07_c04,data/UCF101_data/UCF-101/CricketBowling/v_CricketBowling_g07_c04.avi,22,8,10,1,23,False,True,0.9330467581748962,0.027139732148498297,0.003776429293793626,1.6618816000409424,84,8,8,8,False,
ucf101,val,v_CricketBowling_g02_c01,data/UCF101_data/UCF-101/CricketBowling/v_CricketBowling_g02_c01.avi,22,8,10,1,22,True,True,0.8053035736083984,0.026921420358121395,0.003776429293793626,1.6327544371597469,123,8,8,8,False,
ucf101,val,v_CricketBowling_g07_c01,data/UCF101_data/UCF-101/CricketBowling/v_CricketBowling_g07_c01.avi,22,8,10,1,23,False,True,0.46149447560310364,0.03075855877250433,0.003776429293793626,1.6026886361651123,65,6,8,8,False,
ucf101,val,v_CricketBowling_g03_c01,data/UCF101_data/UCF-101/CricketBowling/v_CricketBowling_g03_c01.avi,22,8,10,1,37,False,False,0.4439486563205719,0.023467801976948977,0.003776429293793626,1.5700516439974308,100,8,8,8,False,
ucf101,val,v_CricketBowling_g02_c05,data/UCF101_data/UCF-101/CricketBowling/v_CricketBowling_g02_c05.avi,22,8,10,1,22,True,True,0.6502569317817688,0.042800253722816706,0.003776429293793626,1.5447452180087566,133,8,8,8,False,
ucf101,val,v_CricketBowling_g02_c03,data/UCF101_data/UCF-101/CricketBowling/v_CricketBowling_g02_c03.avi,22,8,10,1,22,True,True,0.6766251921653748,0.03144784737378359,0.003776429293793626,1.4991228329017758,115,8,8,8,False,
ucf101,val,v_CricketBowling_g05_c04,data/UCF101_data/UCF-101/CricketBowling/v_CricketBowling_g05_c04.avi,22,8,10,1,23,False,True,0.956707775592804,0.030047768261283636,0.003776429293793626,1.4653616659343243,107,8,8,8,False,
ucf101,val,v_CricketBowling_g04_c04,data/UCF101_data/UCF-101/CricketBowling/v_CricketBowling_g04_c04.avi,22,8,10,1,91,False,False,0.9395192861557007,0.0302982903085649,0.003776429293793626,1.4318648539483547,103,8,8,8,False,
ucf101,val,v_CricketBowling_g01_c01,data/UCF101_data/UCF-101/CricketBowling/v_CricketBowling_g01_c01.avi,22,8,10,1,22,True,True,0.8364537954330444,0.01925513194873929,0.003776429293793626,1.3986258651129901,69,7,8,8,False,
ucf101,val,v_CricketBowling_g05_c03,data/UCF101_data/UCF-101/CricketBowling/v_CricketBowling_g05_c03.avi,22,8,10,1,23,False,True,0.9438652396202087,0.02529506804421544,0.003776429293793626,1.3783558658324182,98,8,8,8,False,
ucf101,val,v_CricketBowling_g02_c06,data/UCF101_data/UCF-101/CricketBowling/v_CricketBowling_g02_c06.avi,22,8,10,1,22,True,True,0.45906612277030945,0.029383666813373566,0.003776429293793626,1.3511835569515824,130,8,8,8,False,
ucf101,val,v_CricketBowling_g07_c02,data/UCF101_data/UCF-101/CricketBowling/v_CricketBowling_g07_c02.avi,22,8,10,1,23,False,True,0.8455926179885864,0.027202522847801447,0.003776429293793626,1.3188978368416429,75,8,8,8,False,
ucf101,val,v_CricketShot_g03_c04,data/UCF101_data/UCF-101/CricketShot/v_CricketShot_g03_c04.avi,23,8,10,1,23,True,True,0.8596295118331909,0.1523297647945583,0.003776429293793626,1.2888302048668265,101,8,8,8,False,
ucf101,val,v_CricketShot_g01_c05,data/UCF101_data/UCF-101/CricketShot/v_CricketShot_g01_c05.avi,23,8,10,1,22,False,True,0.7071208953857422,0.01905801985412836,0.003776429293793626,1.1344007458537817,95,8,8,8,False,
ucf101,val,v_CricketShot_g07_c07,data/UCF101_data/UCF-101/CricketShot/v_CricketShot_g07_c07.avi,23,8,10,1,35,False,True,0.17936939001083374,0.04457793803885579,0.003776429293793626,1.1126494170166552,102,8,8,8,False,
ucf101,val,v_CricketShot_g04_c02,data/UCF101_data/UCF-101/CricketShot/v_CricketShot_g04_c02.avi,23,8,10,1,23,True,True,0.5807141065597534,0.08297017170116305,0.003776429293793626,1.0649308660067618,116,8,8,8,False,
ucf101,val,v_CricketShot_g06_c07,data/UCF101_data/UCF-101/CricketShot/v_CricketShot_g06_c07.avi,23,8,10,1,23,True,True,0.9582246541976929,0.02116255834698677,0.003776429293793626,0.9792611971497536,100,8,8,8,False,
ucf101,val,v_CricketShot_g05_c05,data/UCF101_data/UCF-101/CricketShot/v_CricketShot_g05_c05.avi,23,8,10,1,23,True,True,0.9525471329689026,0.026842541061341763,0.003776429293793626,0.9552928567864001,56,6,8,8,False,
ucf101,val,v_CricketShot_g04_c05,data/UCF101_data/UCF-101/CricketShot/v_CricketShot_g04_c05.avi,23,8,10,1,22,False,True,0.6078070998191833,0.03099246881902218,0.003776429293793626,0.9263436272740364,84,8,8,8,False,
ucf101,val,v_CricketShot_g05_c07,data/UCF101_data/UCF-101/CricketShot/v_CricketShot_g05_c07.avi,23,8,10,1,23,True,True,0.9552512764930725,0.025293113198131323,0.003776429293793626,0.8925044788047671,66,7,8,8,False,
ucf101,val,v_CricketShot_g04_c01,data/UCF101_data/UCF-101/CricketShot/v_CricketShot_g04_c01.avi,23,8,10,1,23,True,True,0.538053035736084,0.022871218621730804,0.003776429293793626,0.865120543166995,80,8,8,8,False,
ucf101,val,v_CricketShot_g01_c02,data/UCF101_data/UCF-101/CricketShot/v_CricketShot_g01_c02.avi,23,8,10,1,22,False,True,0.8019587993621826,0.029372486751526594,0.003776429293793626,0.839537660125643,91,8,8,8,False,
ucf101,val,v_CricketShot_g02_c01,data/UCF101_data/UCF-101/CricketShot/v_CricketShot_g02_c01.avi,23,8,10,1,23,True,True,0.9679141640663147,0.03701808676123619,0.003776429293793626,0.8081862097606063,105,8,8,8,False,
ucf101,val,v_CricketShot_g03_c03,data/UCF101_data/UCF-101/CricketShot/v_CricketShot_g03_c03.avi,23,8,10,1,23,True,True,0.8549057841300964,0.036809273064136505,0.003776429293793626,0.7679713210090995,93,8,8,8,False,
ucf101,val,v_CricketShot_g02_c05,data/UCF101_data/UCF-101/CricketShot/v_CricketShot_g02_c05.avi,23,8,10,1,23,True,True,0.9572328925132751,0.055420358665287495,0.003776429293793626,0.7286057588644326,127,8,8,8,False,
ucf101,val,v_CricketShot_g06_c03,data/UCF101_data/UCF-101/CricketShot/v_CricketShot_g06_c03.avi,23,8,10,1,23,True,True,0.7350120544433594,0.04490148602053523,0.003776429293793626,0.669898992870003,118,8,8,8,False,
ucf101,val,v_CricketShot_g01_c03,data/UCF101_data/UCF-101/CricketShot/v_CricketShot_g01_c03.avi,23,8,10,1,22,False,True,0.6913094520568848,0.010592079255729914,0.003776429293793626,0.6218301830813289,95,8,8,8,False,
ucf101,val,v_CricketShot_g01_c07,data/UCF101_data/UCF-101/CricketShot/v_CricketShot_g01_c07.avi,23,8,10,1,22,False,True,0.6770637035369873,0.03251429321244359,0.003776429293793626,0.6095241750590503,71,7,8,8,False,
ucf101,val,v_CricketShot_g04_c07,data/UCF101_data/UCF-101/CricketShot/v_CricketShot_g04_c07.avi,23,8,10,1,22,False,True,0.7331211566925049,0.025485987775027752,0.003776429293793626,0.574732230976224,88,8,8,8,False,
ucf101,val,v_CricketShot_g07_c04,data/UCF101_data/UCF-101/CricketShot/v_CricketShot_g07_c04.avi,23,8,10,1,23,True,True,0.45034289360046387,0.021736087277531624,0.003776429293793626,0.5474161109887064,118,8,8,8,False,
ucf101,val,v_CricketShot_g04_c03,data/UCF101_data/UCF-101/CricketShot/v_CricketShot_g04_c03.avi,23,8,10,1,22,False,True,0.5386192202568054,0.0194323412142694,0.003776429293793626,0.5243035182356834,99,8,8,8,False,
ucf101,val,v_CricketShot_g07_c01,data/UCF101_data/UCF-101/CricketShot/v_CricketShot_g07_c01.avi,23,8,10,1,23,True,True,0.48156654834747314,0.027275594882667065,0.003776429293793626,0.5032621682621539,100,8,8,8,False,
ucf101,val,v_CuttingInKitchen_g05_c03,data/UCF101_data/UCF-101/CuttingInKitchen/v_CuttingInKitchen_g05_c03.avi,24,8,10,1,24,True,True,0.9301601052284241,0.09463847801089287,0.003764913504710421,2.0327502167783678,251,8,8,8,False,
ucf101,val,v_CuttingInKitchen_g06_c04,data/UCF101_data/UCF-101/CuttingInKitchen/v_CuttingInKitchen_g06_c04.avi,24,8,10,1,24,True,True,0.9629418253898621,0.0436797309666872,0.003764913504710421,1.935300471726805,168,8,8,8,False,
ucf101,val,v_CuttingInKitchen_g05_c02,data/UCF101_data/UCF-101/CuttingInKitchen/v_CuttingInKitchen_g05_c02.avi,24,8,10,1,24,True,True,0.912656843662262,0.03493461012840271,0.003764913504710421,1.8890385637059808,234,8,8,8,False,
ucf101,val,v_CuttingInKitchen_g04_c04,data/UCF101_data/UCF-101/CuttingInKitchen/v_CuttingInKitchen_g04_c04.avi,24,8,10,1,24,True,True,0.8227033019065857,0.04968152800574899,0.003764913504710421,1.8522553462535143,182,8,8,8,False,
ucf101,val,v_CuttingInKitchen_g01_c04,data/UCF101_data/UCF-101/CuttingInKitchen/v_CuttingInKitchen_g01_c04.avi,24,8,10,1,24,True,True,0.7882243394851685,0.04629173083230853,0.003764913504710421,1.8002877598628402,169,8,8,8,False,
ucf101,val,v_CuttingInKitchen_g03_c04,data/UCF101_data/UCF-101/CuttingInKitchen/v_CuttingInKitchen_g03_c04.avi,24,8,10,1,24,True,True,0.9714141488075256,0.07348447479307652,0.003764913504710421,1.7515576691366732,260,8,8,8,False,
ucf101,val,v_CuttingInKitchen_g05_c01,data/UCF101_data/UCF-101/CuttingInKitchen/v_CuttingInKitchen_g05_c01.avi,24,8,10,1,24,True,True,0.9573177695274353,0.04563705390319228,0.003764913504710421,1.674506259150803,237,8,8,8,False,
ucf101,val,v_CuttingInKitchen_g02_c02,data/UCF101_data/UCF-101/CuttingInKitchen/v_CuttingInKitchen_g02_c02.avi,24,8,10,1,24,True,True,0.5098007917404175,0.036534417886286974,0.003764913504710421,1.626020005904138,89,8,8,8,False,
ucf101,val,v_CuttingInKitchen_g02_c04,data/UCF101_data/UCF-101/CuttingInKitchen/v_CuttingInKitchen_g02_c04.avi,24,8,10,1,24,True,True,0.48453354835510254,0.05326366098597646,0.003764913504710421,1.5864878459833562,147,8,8,8,False,
ucf101,val,v_CuttingInKitchen_g01_c02,data/UCF101_data/UCF-101/CuttingInKitchen/v_CuttingInKitchen_g01_c02.avi,24,8,10,1,24,True,True,0.9736270308494568,0.06157924002036452,0.003764913504710421,1.5310117546468973,105,8,8,8,False,
ucf101,val,v_CuttingInKitchen_g05_c05,data/UCF101_data/UCF-101/CuttingInKitchen/v_CuttingInKitchen_g05_c05.avi,24,8,10,1,24,True,True,0.9466589093208313,0.027529342100024223,0.003764913504710421,1.4677604553289711,238,8,8,8,False,
ucf101,val,v_CuttingInKitchen_g04_c01,data/UCF101_data/UCF-101/CuttingInKitchen/v_CuttingInKitchen_g04_c01.avi,24,8,10,1,24,True,True,0.9644327163696289,0.026238744147121906,0.003764913504710421,1.4369809590280056,97,8,8,8,False,
ucf101,val,v_CuttingInKitchen_g01_c01,data/UCF101_data/UCF-101/CuttingInKitchen/v_CuttingInKitchen_g01_c01.avi,24,8,10,1,24,True,True,0.9270910620689392,0.056242259219288826,0.003764913504710421,1.4078098381869495,301,8,8,8,False,
ucf101,val,v_CuttingInKitchen_g07_c01,data/UCF101_data/UCF-101/CuttingInKitchen/v_CuttingInKitchen_g07_c01.avi,24,8,10,1,24,True,True,0.9476419687271118,0.04170499835163355,0.003764913504710421,1.3483548648655415,81,8,8,8,False,
ucf101,val,v_CuttingInKitchen_g04_c05,data/UCF101_data/UCF-101/CuttingInKitchen/v_CuttingInKitchen_g04_c05.avi,24,8,10,1,24,True,True,0.9609242081642151,0.052248003892600536,0.003764913504710421,1.3033587872050703,208,8,8,8,False,
ucf101,val,v_CuttingInKitchen_g06_c02,data/UCF101_data/UCF-101/CuttingInKitchen/v_CuttingInKitchen_g06_c02.avi,24,8,10,1,24,True,True,0.9523634910583496,0.05229854770004749,0.003764913504710421,1.2481958223506808,273,8,8,8,False,
ucf101,val,v_CuttingInKitchen_g03_c03,data/UCF101_data/UCF-101/CuttingInKitchen/v_CuttingInKitchen_g03_c03.avi,24,8,10,1,24,True,True,0.9334755539894104,0.05223429622128606,0.003764913504710421,1.1923676431179047,266,8,8,8,False,
ucf101,val,v_CuttingInKitchen_g05_c04,data/UCF101_data/UCF-101/CuttingInKitchen/v_CuttingInKitchen_g05_c04.avi,24,8,10,1,24,True,True,0.9122061133384705,0.06218717619776726,0.003764913504710421,1.136917526833713,232,8,8,8,False,
ucf101,val,v_CuttingInKitchen_g05_c06,data/UCF101_data/UCF-101/CuttingInKitchen/v_CuttingInKitchen_g05_c06.avi,24,8,10,1,24,True,True,0.8776537775993347,0.03037690930068493,0.003764913504710421,1.0715862419456244,141,8,8,8,False,
ucf101,val,v_CuttingInKitchen_g03_c02,data/UCF101_data/UCF-101/CuttingInKitchen/v_CuttingInKitchen_g03_c02.avi,24,8,10,1,24,True,True,0.633512556552887,0.05461008474230766,0.003764913504710421,1.0384888658300042,201,8,8,8,False,
ucf101,val,v_Diving_g04_c01,data/UCF101_data/UCF-101/Diving/v_Diving_g04_c01.avi,25,8,10,1,68,False,True,0.33901193737983704,0.052522535901516676,0.003764913504710421,0.9805715181864798,106,8,8,8,False,
ucf101,val,v_Diving_g06_c06,data/UCF101_data/UCF-101/Diving/v_Diving_g06_c06.avi,25,8,10,1,25,True,True,0.9825087785720825,0.05679134279489517,0.003764913504710421,0.9255336113274097,219,8,8,8,False,
ucf101,val,v_Diving_g03_c07,data/UCF101_data/UCF-101/Diving/v_Diving_g03_c07.avi,25,8,10,1,25,True,True,0.9768798351287842,0.02498747408390045,0.003764913504710421,0.8660032139159739,103,8,8,8,False,
ucf101,val,v_Diving_g02_c01,data/UCF101_data/UCF-101/Diving/v_Diving_g02_c01.avi,25,8,10,1,25,True,True,0.9854031801223755,0.03400726802647114,0.003764913504710421,0.8383127967827022,134,8,8,8,False,
ucf101,val,v_Diving_g03_c06,data/UCF101_data/UCF-101/Diving/v_Diving_g03_c06.avi,25,8,10,1,25,True,True,0.977371335029602,0.029627815820276737,0.003764913504710421,0.8024793341755867,115,8,8,8,False,
ucf101,val,v_Diving_g05_c05,data/UCF101_data/UCF-101/Diving/v_Diving_g05_c05.avi,25,8,10,1,25,True,True,0.9513133764266968,0.028932333923876286,0.003764913504710421,0.7710278918966651,101,8,8,8,False,
ucf101,val,v_Diving_g06_c07,data/UCF101_data/UCF-101/Diving/v_Diving_g06_c07.avi,25,8,10,1,25,True,True,0.9835876822471619,0.056481231935322285,0.003764913504710421,0.7389100240543485,242,8,8,8,False,
ucf101,val,v_Diving_g04_c06,data/UCF101_data/UCF-101/Diving/v_Diving_g04_c06.avi,25,8,10,1,25,True,True,0.9568387269973755,0.026313931215554476,0.003764913504710421,0.6805219850502908,120,8,8,8,False,
ucf101,val,v_Diving_g07_c02,data/UCF101_data/UCF-101/Diving/v_Diving_g07_c02.avi,25,8,10,1,25,True,True,0.9777294993400574,0.031727253925055265,0.003764913504710421,0.6517498982138932,158,8,8,8,False,
ucf101,val,v_Diving_g04_c05,data/UCF101_data/UCF-101/Diving/v_Diving_g04_c05.avi,25,8,10,1,25,True,True,0.8694486021995544,0.02868846897035837,0.003764913504710421,0.6167010166682303,150,8,8,8,False,
ucf101,val,v_Diving_g03_c05,data/UCF101_data/UCF-101/Diving/v_Diving_g03_c05.avi,25,8,10,1,25,True,True,0.983961820602417,0.05610316898673773,0.003764913504710421,0.5851550181396306,248,8,8,8,False,
ucf101,val,v_Diving_g02_c02,data/UCF101_data/UCF-101/Diving/v_Diving_g02_c02.avi,25,8,10,1,25,True,True,0.9797101020812988,0.04913131287321448,0.003764913504710421,0.5263790427707136,151,8,8,8,False,
ucf101,val,v_Diving_g02_c06,data/UCF101_data/UCF-101/Diving/v_Diving_g02_c06.avi,25,8,10,1,25,True,True,0.9785621762275696,0.05626179417595267,0.0038120227691251785,2.331068792846054,152,8,8,8,False,
ucf101,val,v_Diving_g06_c04,data/UCF101_data/UCF-101/Diving/v_Diving_g06_c04.avi,25,8,10,1,25,True,True,0.983702540397644,0.05569370882585645,0.0038120227691251785,2.2676534997299314,216,8,8,8,False,
ucf101,val,v_Diving_g07_c04,data/UCF101_data/UCF-101/Diving/v_Diving_g07_c04.avi,25,8,10,1,25,True,True,0.9815580248832703,0.03256668895483017,0.0038120227691251785,2.208274725358933,173,8,8,8,False,
ucf101,val,v_Diving_g07_c03,data/UCF101_data/UCF-101/Diving/v_Diving_g07_c03.avi,25,8,10,1,25,True,True,0.9621573090553284,0.05489229504019022,0.0038120227691251785,2.1724208439700305,216,8,8,8,False,
ucf101,val,v_Diving_g05_c03,data/UCF101_data/UCF-101/Diving/v_Diving_g05_c03.avi,25,8,10,1,25,True,True,0.9428039193153381,0.022677388042211533,0.0038120227691251785,2.1152759296819568,106,8,8,8,False,
ucf101,val,v_Diving_g04_c03,data/UCF101_data/UCF-101/Diving/v_Diving_g04_c03.avi,25,8,10,1,25,True,True,0.9264140725135803,0.03344803582876921,0.0038120227691251785,2.090716020669788,146,8,8,8,False,
ucf101,val,v_Diving_g01_c06,data/UCF101_data/UCF-101/Diving/v_Diving_g01_c06.avi,25,8,10,1,25,True,True,0.9862353205680847,0.0586454039439559,0.0038120227691251785,2.05388519866392,255,8,8,8,False,
ucf101,val,v_Diving_g06_c05,data/UCF101_data/UCF-101/Diving/v_Diving_g06_c05.avi,25,8,10,1,25,True,True,0.9259998798370361,0.02569481311365962,0.0038120227691251785,1.9920728798024356,125,8,8,8,False,
ucf101,val,v_Drumming_g06_c05,data/UCF101_data/UCF-101/Drumming/v_Drumming_g06_c05.avi,26,8,10,1,60,False,True,0.8560738563537598,0.11018574703484774,0.0038120227691251785,1.963838827330619,300,8,8,8,False,
ucf101,val,v_Drumming_g04_c01,data/UCF101_data/UCF-101/Drumming/v_Drumming_g04_c01.avi,26,8,10,1,26,True,True,0.270087867975235,0.1197053762152791,0.0038120227691251785,1.8505604173988104,300,8,8,8,False,
ucf101,val,v_Drumming_g04_c07,data/UCF101_data/UCF-101/Drumming/v_Drumming_g04_c07.avi,26,8,10,1,26,True,True,0.9771978259086609,0.060215176083147526,0.0038120227691251785,1.728835677728057,300,8,8,8,False,
ucf101,val,v_Drumming_g06_c04,data/UCF101_data/UCF-101/Drumming/v_Drumming_g06_c04.avi,26,8,10,1,60,False,True,0.8593398332595825,0.05808934196829796,0.0038120227691251785,1.6656881161034107,300,8,8,8,False,
ucf101,val,v_Drumming_g01_c01,data/UCF101_data/UCF-101/Drumming/v_Drumming_g01_c01.avi,26,8,10,1,26,True,True,0.9864177703857422,0.06406243704259396,0.0038120227691251785,1.6036817450076342,300,8,8,8,False,
ucf101,val,v_Drumming_g07_c06,data/UCF101_data/UCF-101/Drumming/v_Drumming_g07_c06.avi,26,8,10,1,26,True,True,0.9782716631889343,0.03313589608296752,0.0038120227691251785,1.535986022092402,300,8,8,8,False,
ucf101,val,v_Drumming_g03_c05,data/UCF101_data/UCF-101/Drumming/v_Drumming_g03_c05.avi,26,8,10,1,26,True,True,0.9554581046104431,0.02664512675255537,0.0038120227691251785,1.4992927517741919,153,8,8,8,False,
ucf101,val,v_Drumming_g02_c07,data/UCF101_data/UCF-101/Drumming/v_Drumming_g02_c07.avi,26,8,10,1,26,True,True,0.9879010915756226,0.05720761278644204,0.0038120227691251785,1.47001471510157,300,8,8,8,False,
ucf101,val,v_Drumming_g05_c02,data/UCF101_data/UCF-101/Drumming/v_Drumming_g05_c02.avi,26,8,10,1,26,True,True,0.9836899638175964,0.03426885697990656,0.0038120227691251785,1.4100434742867947,177,8,8,8,False,
ucf101,val,v_Drumming_g04_c02,data/UCF101_data/UCF-101/Drumming/v_Drumming_g04_c02.avi,26,8,10,1,26,True,True,0.4906143844127655,0.062243635300546885,0.0038120227691251785,1.3729352550581098,300,8,8,8,False,
ucf101,val,v_Drumming_g05_c04,data/UCF101_data/UCF-101/Drumming/v_Drumming_g05_c04.avi,26,8,10,1,26,True,True,0.9826739430427551,0.06460601883009076,0.0038120227691251785,1.3075177152641118,208,8,8,8,False,
ucf101,val,v_Drumming_g05_c03,data/UCF101_data/UCF-101/Drumming/v_Drumming_g05_c03.avi,26,8,10,1,26,True,True,0.9791065454483032,0.039097716100513935,0.0038120227691251785,1.240402334369719,176,8,8,8,False,
ucf101,val,v_Drumming_g06_c02,data/UCF101_data/UCF-101/Drumming/v_Drumming_g06_c02.avi,26,8,10,1,60,False,True,0.658145010471344,0.06171593116596341,0.0038120227691251785,1.1976870680227876,300,8,8,8,False,
ucf101,val,v_Drumming_g06_c06,data/UCF101_data/UCF-101/Drumming/v_Drumming_g06_c06.avi,26,8,10,1,60,False,True,0.9475315809249878,0.06504946108907461,0.0038120227691251785,1.1325857108458877,300,8,8,8,False,
ucf101,val,v_Drumming_g03_c03,data/UCF101_data/UCF-101/Drumming/v_Drumming_g03_c03.avi,26,8,10,1,26,True,True,0.9821277856826782,0.0236521209590137,0.0038120227691251785,1.0636711111292243,111,8,8,8,False,
ucf101,val,v_Drumming_g03_c02,data/UCF101_data/UCF-101/Drumming/v_Drumming_g03_c02.avi,26,8,10,1,26,True,True,0.6860494613647461,0.052889369893819094,0.0038120227691251785,1.0376352430321276,231,8,8,8,False,
ucf101,val,v_Drumming_g07_c05,data/UCF101_data/UCF-101/Drumming/v_Drumming_g07_c05.avi,26,8,10,1,26,True,True,0.9867683053016663,0.06487142667174339,0.0038120227691251785,0.9823605814017355,300,8,8,8,False,
ucf101,val,v_Drumming_g06_c01,data/UCF101_data/UCF-101/Drumming/v_Drumming_g06_c01.avi,26,8,10,1,60,False,True,0.8858892917633057,0.06143472995609045,0.0038120227691251785,0.9138103439472616,300,8,8,8,False,
ucf101,val,v_Drumming_g04_c05,data/UCF101_data/UCF-101/Drumming/v_Drumming_g04_c05.avi,26,8,10,1,26,True,True,0.6819033026695251,0.05966223496943712,0.0038120227691251785,0.8493189970031381,300,8,8,8,False,
ucf101,val,v_Drumming_g01_c06,data/UCF101_data/UCF-101/Drumming/v_Drumming_g01_c06.avi,26,8,10,1,26,True,True,0.9847384691238403,0.05025457078590989,0.0038120227691251785,0.7863053129985929,300,8,8,8,False,
ucf101,val,v_Fencing_g01_c06,data/UCF101_data/UCF-101/Fencing/v_Fencing_g01_c06.avi,27,8,10,1,27,True,True,0.9399192333221436,0.0832349588163197,0.0038120227691251785,0.7333246199414134,174,8,8,8,False,
ucf101,val,v_Fencing_g04_c03,data/UCF101_data/UCF-101/Fencing/v_Fencing_g04_c03.avi,27,8,10,1,27,True,True,0.896277904510498,0.028873632661998272,0.0038120227691251785,0.647606402169913,152,8,8,8,False,
ucf101,val,v_Fencing_g05_c01,data/UCF101_data/UCF-101/Fencing/v_Fencing_g05_c01.avi,27,8,10,1,27,True,True,0.9451946020126343,0.050650455057621,0.0038120227691251785,0.616016061976552,139,8,8,8,False,
ucf101,val,v_Fencing_g01_c03,data/UCF101_data/UCF-101/Fencing/v_Fencing_g01_c03.avi,27,8,10,1,27,True,True,0.9556847810745239,0.03438753169029951,0.0038120227691251785,0.5628916211426258,147,8,8,8,False,
ucf101,val,v_Fencing_g06_c01,data/UCF101_data/UCF-101/Fencing/v_Fencing_g06_c01.avi,27,8,10,1,68,False,True,0.9053666591644287,0.04761145589873195,0.003970388934249058,1.6366762551479042,142,8,8,8,False,
ucf101,val,v_Fencing_g05_c04,data/UCF101_data/UCF-101/Fencing/v_Fencing_g05_c04.avi,27,8,10,1,27,True,True,0.928584635257721,0.02830125717446208,0.003970388934249058,1.586321439128369,130,8,8,8,False,
ucf101,val,v_Fencing_g02_c02,data/UCF101_data/UCF-101/Fencing/v_Fencing_g02_c02.avi,27,8,10,1,67,False,True,0.11377313733100891,0.025580973364412785,0.003970388934249058,1.555237433873117,132,8,8,8,False,
ucf101,val,v_Fencing_g07_c02,data/UCF101_data/UCF-101/Fencing/v_Fencing_g07_c02.avi,27,8,10,1,27,True,True,0.962273120880127,0.028425395023077726,0.003970388934249058,1.527414500247687,110,8,8,8,False,
ucf101,val,v_Fencing_g02_c04,data/UCF101_data/UCF-101/Fencing/v_Fencing_g02_c04.avi,27,8,10,1,27,True,True,0.6248567700386047,0.02892936021089554,0.003970388934249058,1.4964392082765698,119,8,8,8,False,
ucf101,val,v_Fencing_g06_c02,data/UCF101_data/UCF-101/Fencing/v_Fencing_g06_c02.avi,27,8,10,1,68,False,True,0.8040757775306702,0.034089417196810246,0.003970388934249058,1.4645708720199764,151,8,8,8,False,
ucf101,val,v_Fencing_g02_c01,data/UCF101_data/UCF-101/Fencing/v_Fencing_g02_c01.avi,27,8,10,1,27,True,True,0.9139382839202881,0.02402695221826434,0.003970388934249058,1.4270141921006143,142,8,8,8,False,
ucf101,val,v_Fencing_g01_c05,data/UCF101_data/UCF-101/Fencing/v_Fencing_g01_c05.avi,27,8,10,1,27,True,True,0.9463456869125366,0.02744403388351202,0.003970388934249058,1.4011238818056881,136,8,8,8,False,
ucf101,val,v_Fencing_g01_c01,data/UCF101_data/UCF-101/Fencing/v_Fencing_g01_c01.avi,27,8,10,1,27,True,True,0.8489053845405579,0.03794478112831712,0.003970388934249058,1.3713028952479362,147,8,8,8,False,
ucf101,val,v_Fencing_g01_c02,data/UCF101_data/UCF-101/Fencing/v_Fencing_g01_c02.avi,27,8,10,1,27,True,True,0.9436064958572388,0.05046144174411893,0.003970388934249058,1.3317426866851747,161,8,8,8,False,
ucf101,val,v_Fencing_g06_c03,data/UCF101_data/UCF-101/Fencing/v_Fencing_g06_c03.avi,27,8,10,1,27,True,True,0.9433656334877014,0.0555345993489027,0.003970388934249058,1.2782492190599442,126,8,8,8,False,
ucf101,val,v_Fencing_g03_c05,data/UCF101_data/UCF-101/Fencing/v_Fencing_g03_c05.avi,27,8,10,1,27,True,True,0.6581714153289795,0.025472522247582674,0.003970388934249058,1.220240257680416,138,8,8,8,False,
ucf101,val,v_Fencing_g07_c01,data/UCF101_data/UCF-101/Fencing/v_Fencing_g07_c01.avi,27,8,10,1,27,True,True,0.9574646353721619,0.033958953339606524,0.003970388934249058,1.1918169637210667,147,8,8,8,False,
ucf101,val,v_Fencing_g03_c04,data/UCF101_data/UCF-101/Fencing/v_Fencing_g03_c04.avi,27,8,10,1,52,False,True,0.20547014474868774,0.02771628787741065,0.003970388934249058,1.154536728747189,94,8,8,8,False,
ucf101,val,v_Fencing_g03_c03,data/UCF101_data/UCF-101/Fencing/v_Fencing_g03_c03.avi,27,8,10,1,5,False,True,0.4229016602039337,0.02795060398057103,0.003970388934249058,1.1235278178937733,111,8,8,8,False,
ucf101,val,v_Fencing_g04_c01,data/UCF101_data/UCF-101/Fencing/v_Fencing_g04_c01.avi,27,8,10,1,27,True,True,0.9357187151908875,0.05032622208818793,0.003970388934249058,1.0927552413195372,170,8,8,8,False,
ucf101,val,v_FieldHockeyPenalty_g07_c01,data/UCF101_data/UCF-101/FieldHockeyPenalty/v_FieldHockeyPenalty_g07_c01.avi,28,8,10,1,28,True,True,0.775648832321167,0.07899792399257421,0.003970388934249058,1.0400526393204927,72,7,8,8,False,
ucf101,val,v_FieldHockeyPenalty_g03_c02,data/UCF101_data/UCF-101/FieldHockeyPenalty/v_FieldHockeyPenalty_g03_c02.avi,28,8,10,1,28,True,True,0.9610194563865662,0.02250321814790368,0.003970388934249058,0.9583703749813139,82,8,8,8,False,
ucf101,val,v_FieldHockeyPenalty_g05_c03,data/UCF101_data/UCF-101/FieldHockeyPenalty/v_FieldHockeyPenalty_g05_c03.avi,28,8,10,1,28,True,True,0.9592300653457642,0.023043580818921328,0.003970388934249058,0.9329507378861308,112,8,8,8,False,
ucf101,val,v_FieldHockeyPenalty_g06_c03,data/UCF101_data/UCF-101/FieldHockeyPenalty/v_FieldHockeyPenalty_g06_c03.avi,28,8,10,1,28,True,True,0.43040746450424194,0.030585615895688534,0.003970388934249058,0.9065179079771042,170,8,8,8,False,
ucf101,val,v_FieldHockeyPenalty_g05_c04,data/UCF101_data/UCF-101/FieldHockeyPenalty/v_FieldHockeyPenalty_g05_c04.avi,28,8,10,1,91,False,True,0.6616814136505127,0.01771011808887124,0.003970388934249058,0.8736184760928154,67,7,8,8,False,
ucf101,val,v_FieldHockeyPenalty_g04_c01,data/UCF101_data/UCF-101/FieldHockeyPenalty/v_FieldHockeyPenalty_g04_c01.avi,28,8,10,1,23,False,True,0.2848934531211853,0.05313781229779124,0.003970388934249058,0.8547490420751274,66,7,8,8,False,
ucf101,val,v_FieldHockeyPenalty_g02_c05,data/UCF101_data/UCF-101/FieldHockeyPenalty/v_FieldHockeyPenalty_g02_c05.avi,28,8,10,1,84,False,True,0.3309612572193146,0.0497432011179626,0.003970388934249058,0.7988508651033044,169,8,8,8,False,
ucf101,val,v_FieldHockeyPenalty_g01_c01,data/UCF101_data/UCF-101/FieldHockeyPenalty/v_FieldHockeyPenalty_g01_c01.avi,28,8,10,1,28,True,True,0.8443918824195862,0.0260922578163445,0.003970388934249058,0.7464844658970833,131,8,8,8,False,
ucf101,val,v_FieldHockeyPenalty_g02_c02,data/UCF101_data/UCF-101/FieldHockeyPenalty/v_FieldHockeyPenalty_g02_c02.avi,28,8,10,1,84,False,True,0.542833685874939,0.027025918941944838,0.003970388934249058,0.717515402007848,141,8,8,8,False,
ucf101,val,v_FieldHockeyPenalty_g07_c02,data/UCF101_data/UCF-101/FieldHockeyPenalty/v_FieldHockeyPenalty_g07_c02.avi,28,8,10,1,28,True,True,0.28283584117889404,0.027198712341487408,0.003970388934249058,0.6874815803021193,81,8,8,8,False,
ucf101,val,v_FieldHockeyPenalty_g03_c03,data/UCF101_data/UCF-101/FieldHockeyPenalty/v_FieldHockeyPenalty_g03_c03.avi,28,8,10,1,28,True,True,0.5397279262542725,0.019056516233831644,0.003970388934249058,0.6583056249655783,34,3,8,8,False,
ucf101,val,v_FieldHockeyPenalty_g02_c03,data/UCF101_data/UCF-101/FieldHockeyPenalty/v_FieldHockeyPenalty_g02_c03.avi,28,8,10,1,22,False,True,0.3225822448730469,0.020689782686531544,0.003970388934249058,0.6379562127403915,151,8,8,8,False,
ucf101,val,v_FieldHockeyPenalty_g02_c01,data/UCF101_data/UCF-101/FieldHockeyPenalty/v_FieldHockeyPenalty_g02_c01.avi,28,8,10,1,96,False,True,0.21336320042610168,0.027395216282457113,0.003970388934249058,0.6150433630682528,105,8,8,8,False,
ucf101,val,v_FieldHockeyPenalty_g06_c07,data/UCF101_data/UCF-101/FieldHockeyPenalty/v_FieldHockeyPenalty_g06_c07.avi,28,8,10,1,28,True,True,0.36132609844207764,0.033071807119995356,0.003970388934249058,0.5840417202562094,140,8,8,8,False,
ucf101,val,v_FieldHockeyPenalty_g05_c01,data/UCF101_data/UCF-101/FieldHockeyPenalty/v_FieldHockeyPenalty_g05_c01.avi,28,8,10,1,28,True,True,0.9471789598464966,0.03277735924348235,0.003970388934249058,0.5491328001953661,100,8,8,8,False,
ucf101,val,v_FieldHockeyPenalty_g04_c02,data/UCF101_data/UCF-101/FieldHockeyPenalty/v_FieldHockeyPenalty_g04_c02.avi,28,8,10,1,23,False,True,0.6520358324050903,0.028775903396308422,0.003970388934249058,0.5130760287865996,65,6,8,8,False,
ucf101,val,v_FieldHockeyPenalty_g03_c04,data/UCF101_data/UCF-101/FieldHockeyPenalty/v_FieldHockeyPenalty_g03_c04.avi,28,8,10,1,84,False,False,0.16494011878967285,0.02813972905278206,0.0036257506581023335,2.0136336646974087,70,7,8,8,False,
ucf101,val,v_FieldHockeyPenalty_g01_c02,data/UCF101_data/UCF-101/FieldHockeyPenalty/v_FieldHockeyPenalty_g01_c02.avi,28,8,10,1,28,True,True,0.15414857864379883,0.054865803103893995,0.0036257506581023335,1.9833040940575302,180,8,8,8,False,
ucf101,val,v_FieldHockeyPenalty_g04_c03,data/UCF101_data/UCF-101/FieldHockeyPenalty/v_FieldHockeyPenalty_g04_c03.avi,28,8,10,1,23,False,True,0.3903541564941406,0.03557454468682408,0.0036257506581023335,1.92554097995162,82,8,8,8,False,
ucf101,val,v_FieldHockeyPenalty_g05_c07,data/UCF101_data/UCF-101/FieldHockeyPenalty/v_FieldHockeyPenalty_g05_c07.avi,28,8,10,1,28,True,True,0.9387864470481873,0.0298971738666296,0.0036257506581023335,1.8875988400541246,107,8,8,8,False,
ucf101,val,v_FloorGymnastics_g02_c03,data/UCF101_data/UCF-101/FloorGymnastics/v_FloorGymnastics_g02_c03.avi,29,8,10,1,29,True,True,0.14488044381141663,0.09246509289368987,0.0036257506581023335,1.8544278158806264,119,8,8,8,False,
ucf101,val,v_FloorGymnastics_g07_c01,data/UCF101_data/UCF-101/FloorGymnastics/v_FloorGymnastics_g07_c01.avi,29,8,10,1,4,False,True,0.8500959277153015,0.04711727984249592,0.0036257506581023335,1.7587749641388655,142,8,8,8,False,
ucf101,val,v_FloorGymnastics_g02_c04,data/UCF101_data/UCF-101/FloorGymnastics/v_FloorGymnastics_g02_c04.avi,29,8,10,1,4,False,True,0.3066277503967285,0.030191101133823395,0.0036257506581023335,1.7089421548880637,125,8,8,8,False,
ucf101,val,v_FloorGymnastics_g07_c06,data/UCF101_data/UCF-101/FloorGymnastics/v_FloorGymnastics_g07_c06.avi,29,8,10,1,29,True,True,0.5077478885650635,0.0209374213591218,0.0036257506581023335,1.6766971019096673,113,8,8,8,False,
ucf101,val,v_FloorGymnastics_g05_c03,data/UCF101_data/UCF-101/FloorGymnastics/v_FloorGymnastics_g05_c03.avi,29,8,10,1,29,True,True,0.9674716591835022,0.055274599231779575,0.0036257506581023335,1.653313536196947,162,8,8,8,False,
ucf101,val,v_FloorGymnastics_g07_c02,data/UCF101_data/UCF-101/FloorGymnastics/v_FloorGymnastics_g07_c02.avi,29,8,10,1,68,False,False,0.23520560562610626,0.052049231715500355,0.0036257506581023335,1.5951449456624687,126,8,8,8,False,
ucf101,val,v_FloorGymnastics_g06_c03,data/UCF101_data/UCF-101/FloorGymnastics/v_FloorGymnastics_g06_c03.avi,29,8,10,1,78,False,False,0.3601970076560974,0.05492487037554383,0.0036257506581023335,1.5404147976078093,184,8,8,8,False,
ucf101,val,v_FloorGymnastics_g06_c07,data/UCF101_data/UCF-101/FloorGymnastics/v_FloorGymnastics_g06_c07.avi,29,8,10,1,4,False,True,0.2980034053325653,0.05631051631644368,0.0036257506581023335,1.4823334380052984,196,8,8,8,False,
ucf101,val,v_FloorGymnastics_g04_c02,data/UCF101_data/UCF-101/FloorGymnastics/v_FloorGymnastics_g04_c02.avi,29,8,10,1,29,True,True,0.9482682943344116,0.02515597827732563,0.0036257506581023335,1.422482016030699,98,8,8,8,False,
ucf101,val,v_FloorGymnastics_g05_c02,data/UCF101_data/UCF-101/FloorGymnastics/v_FloorGymnastics_g05_c02.avi,29,8,10,1,29,True,True,0.9662200212478638,0.05265710083767772,0.0036257506581023335,1.3944299397990108,211,8,8,8,False,
ucf101,val,v_FloorGymnastics_g06_c02,data/UCF101_data/UCF-101/FloorGymnastics/v_FloorGymnastics_g06_c02.avi,29,8,10,1,4,False,True,0.3094169497489929,0.05188916111364961,0.0036257506581023335,1.3393850610591471,182,8,8,8,False,
ucf101,val,v_FloorGymnastics_g04_c04,data/UCF101_data/UCF-101/FloorGymnastics/v_FloorGymnastics_g04_c04.avi,29,8,10,1,29,True,True,0.9269462823867798,0.04243765817955136,0.0036257506581023335,1.2846609549596906,139,8,8,8,False,
ucf101,val,v_FloorGymnastics_g04_c01,data/UCF101_data/UCF-101/FloorGymnastics/v_FloorGymnastics_g04_c01.avi,29,8,10,1,29,True,True,0.8568741679191589,0.024402118753641844,0.0036257506581023335,1.2397176106460392,95,8,8,8,False,
ucf101,val,v_FloorGymnastics_g04_c05,data/UCF101_data/UCF-101/FloorGymnastics/v_FloorGymnastics_g04_c05.avi,29,8,10,1,4,False,True,0.48137858510017395,0.059793624095618725,0.0036257506581023335,1.2124635730870068,163,8,8,8,False,
ucf101,val,v_FloorGymnastics_g06_c06,data/UCF101_data/UCF-101/FloorGymnastics/v_FloorGymnastics_g06_c06.avi,29,8,10,1,52,False,False,0.2231568694114685,0.059787482023239136,0.0036257506581023335,1.148772208020091,196,8,8,8,False,
ucf101,val,v_FloorGymnastics_g02_c01,data/UCF101_data/UCF-101/FloorGymnastics/v_FloorGymnastics_g02_c01.avi,29,8,10,1,68,False,False,0.1692904531955719,0.06192611297592521,0.0036257506581023335,1.085481361951679,137,8,8,8,False,
ucf101,val,v_FloorGymnastics_g04_c03,data/UCF101_data/UCF-101/FloorGymnastics/v_FloorGymnastics_g04_c03.avi,29,8,10,1,4,False,True,0.7653065919876099,0.0646541346795857,0.0036257506581023335,1.0207989793270826,271,8,8,8,False,
ucf101,val,v_FloorGymnastics_g05_c04,data/UCF101_data/UCF-101/FloorGymnastics/v_FloorGymnastics_g05_c04.avi,29,8,10,1,29,True,True,0.8844663500785828,0.031178180128335953,0.0036257506581023335,0.952907676808536,115,8,8,8,False,
ucf101,val,v_FloorGymnastics_g07_c05,data/UCF101_data/UCF-101/FloorGymnastics/v_FloorGymnastics_g07_c05.avi,29,8,10,1,4,False,True,0.7721630334854126,0.0666998028755188,0.0036257506581023335,0.9187172572128475,174,8,8,8,False,
ucf101,val,v_FloorGymnastics_g07_c07,data/UCF101_data/UCF-101/FloorGymnastics/v_FloorGymnastics_g07_c07.avi,29,8,10,1,68,False,False,0.30746224522590637,0.03517977613955736,0.0036257506581023335,0.8489054800011218,137,8,8,8,False,
ucf101,val,v_FrisbeeCatch_g04_c02,data/UCF101_data/UCF-101/FrisbeeCatch/v_FrisbeeCatch_g04_c02.avi,30,8,10,1,30,True,True,0.48127689957618713,0.06590635189786553,0.0036257506581023335,0.8106165928766131,69,7,8,8,False,
ucf101,val,v_FrisbeeCatch_g07_c03,data/UCF101_data/UCF-101/FrisbeeCatch/v_FrisbeeCatch_g07_c03.avi,30,8,10,1,30,True,True,0.9779198169708252,0.052206447813659906,0.0036257506581023335,0.7414607461541891,140,8,8,8,False,
ucf101,val,v_FrisbeeCatch_g07_c01,data/UCF101_data/UCF-101/FrisbeeCatch/v_FrisbeeCatch_g07_c01.avi,30,8,10,1,30,True,True,0.9764237999916077,0.030380618758499622,0.0036257506581023335,0.6864870181307197,111,8,8,8,False,
ucf101,val,v_FrisbeeCatch_g03_c05,data/UCF101_data/UCF-101/FrisbeeCatch/v_FrisbeeCatch_g03_c05.avi,30,8,10,1,30,True,True,0.8897777199745178,0.024025017395615578,0.0036257506581023335,0.6535177188925445,57,6,8,8,False,
ucf101,val,v_FrisbeeCatch_g07_c06,data/UCF101_data/UCF-101/FrisbeeCatch/v_FrisbeeCatch_g07_c06.avi,30,8,10,1,30,True,True,0.9142900109291077,0.04552822420373559,0.0036257506581023335,0.6278801676817238,126,8,8,8,False,
ucf101,val,v_FrisbeeCatch_g06_c03,data/UCF101_data/UCF-101/FrisbeeCatch/v_FrisbeeCatch_g06_c03.avi,30,8,10,1,30,True,True,0.28134164214134216,0.05437488108873367,0.0036257506581023335,0.5794693632051349,85,8,8,8,False,
ucf101,val,v_FrisbeeCatch_g01_c03,data/UCF101_data/UCF-101/FrisbeeCatch/v_FrisbeeCatch_g01_c03.avi,30,8,10,1,30,True,True,0.8917306065559387,0.024871765170246363,0.0036257506581023335,0.5233429968357086,100,8,8,8,False,
ucf101,val,v_FrisbeeCatch_g05_c02,data/UCF101_data/UCF-101/FrisbeeCatch/v_FrisbeeCatch_g05_c02.avi,30,8,10,1,28,False,True,0.23710405826568604,0.023771723732352257,0.0036257506581023335,0.49650550307706,89,8,8,8,False,
ucf101,val,v_FrisbeeCatch_g02_c04,data/UCF101_data/UCF-101/FrisbeeCatch/v_FrisbeeCatch_g02_c04.avi,30,8,10,1,30,True,True,0.9818089604377747,0.031511968933045864,0.003531932379701175,1.9303149487823248,106,8,8,8,False,
ucf101,val,v_FrisbeeCatch_g02_c02,data/UCF101_data/UCF-101/FrisbeeCatch/v_FrisbeeCatch_g02_c02.avi,30,8,10,1,30,True,True,0.9840779304504395,0.025190673302859068,0.003531932379701175,1.8959909277036786,86,8,8,8,False,
ucf101,val,v_FrisbeeCatch_g02_c03,data/UCF101_data/UCF-101/FrisbeeCatch/v_FrisbeeCatch_g02_c03.avi,30,8,10,1,30,True,True,0.9783938527107239,0.027998281177133322,0.003531932379701175,1.8671471513807774,99,8,8,8,False,
ucf101,val,v_FrisbeeCatch_g02_c05,data/UCF101_data/UCF-101/FrisbeeCatch/v_FrisbeeCatch_g02_c05.avi,30,8,10,1,30,True,True,0.9662997126579285,0.02168534602969885,0.003531932379701175,1.8372462396509945,90,8,8,8,False,
ucf101,val,v_FrisbeeCatch_g05_c05,data/UCF101_data/UCF-101/FrisbeeCatch/v_FrisbeeCatch_g05_c05.avi,30,8,10,1,83,False,True,0.825465977191925,0.024658244103193283,0.003531932379701175,1.813080696389079,74,7,8,8,False,
ucf101,val,v_FrisbeeCatch_g07_c02,data/UCF101_data/UCF-101/FrisbeeCatch/v_FrisbeeCatch_g07_c02.avi,30,8,10,1,30,True,True,0.9396656155586243,0.05097675230354071,0.003531932379701175,1.7859061351045966,121,8,8,8,False,
ucf101,val,v_FrisbeeCatch_g06_c05,data/UCF101_data/UCF-101/FrisbeeCatch/v_FrisbeeCatch_g06_c05.avi,30,8,10,1,30,True,True,0.8311603665351868,0.026862496975809336,0.003531932379701175,1.7320796442218125,90,8,8,8,False,
ucf101,val,v_FrisbeeCatch_g01_c05,data/UCF101_data/UCF-101/FrisbeeCatch/v_FrisbeeCatch_g01_c05.avi,30,8,10,1,30,True,True,0.974361777305603,0.028998536057770252,0.003531932379701175,1.702444382943213,85,8,8,8,False,
ucf101,val,v_FrisbeeCatch_g05_c01,data/UCF101_data/UCF-101/FrisbeeCatch/v_FrisbeeCatch_g05_c01.avi,30,8,10,1,30,True,True,0.3094305098056793,0.0321774915792048,0.003531932379701175,1.6720519550144672,70,7,8,8,False,
ucf101,val,v_FrisbeeCatch_g06_c02,data/UCF101_data/UCF-101/FrisbeeCatch/v_FrisbeeCatch_g06_c02.avi,30,8,10,1,30,True,True,0.865480363368988,0.03234556224197149,0.003531932379701175,1.6377152372151613,101,8,8,8,False,
ucf101,val,v_FrisbeeCatch_g03_c02,data/UCF101_data/UCF-101/FrisbeeCatch/v_FrisbeeCatch_g03_c02.avi,30,8,10,1,30,True,True,0.9215255379676819,0.028582083992660046,0.003531932379701175,1.6022141808643937,99,8,8,8,False,
ucf101,val,v_FrisbeeCatch_g04_c05,data/UCF101_data/UCF-101/FrisbeeCatch/v_FrisbeeCatch_g04_c05.avi,30,8,10,1,30,True,True,0.9816709756851196,0.028711733408272266,0.003531932379701175,1.5715747536160052,83,8,8,8,False,
ucf101,val,v_FrontCrawl_g03_c06,data/UCF101_data/UCF-101/FrontCrawl/v_FrontCrawl_g03_c06.avi,31,8,10,1,31,True,True,0.8442487120628357,0.08900054218247533,0.003531932379701175,1.5412035780027509,200,8,8,8,False,
ucf101,val,v_FrontCrawl_g02_c01,data/UCF101_data/UCF-101/FrontCrawl/v_FrontCrawl_g02_c01.avi,31,8,10,1,18,False,True,0.7188876271247864,0.02212972892448306,0.003531932379701175,1.4494320340454578,99,8,8,8,False,
ucf101,val,v_FrontCrawl_g06_c02,data/UCF101_data/UCF-101/FrontCrawl/v_FrontCrawl_g06_c02.avi,31,8,10,1,18,False,True,0.5349491238594055,0.05032353615388274,0.003531932379701175,1.4254201361909509,108,8,8,8,False,
ucf101,val,v_FrontCrawl_g07_c05,data/UCF101_data/UCF-101/FrontCrawl/v_FrontCrawl_g07_c05.avi,31,8,10,1,16,False,False,0.2098008394241333,0.06290082912892103,0.003531932379701175,1.3722990928217769,175,8,8,8,False,
ucf101,val,v_FrontCrawl_g05_c01,data/UCF101_data/UCF-101/FrontCrawl/v_FrontCrawl_g05_c01.avi,31,8,10,1,31,True,True,0.9313589930534363,0.026918459217995405,0.003531932379701175,1.3063924899324775,100,8,8,8,False,
ucf101,val,v_FrontCrawl_g06_c05,data/UCF101_data/UCF-101/FrontCrawl/v_FrontCrawl_g06_c05.avi,31,8,10,1,31,True,True,0.8387573957443237,0.04733895184472203,0.003531932379701175,1.2766760219819844,143,8,8,8,False,
ucf101,val,v_FrontCrawl_g07_c07,data/UCF101_data/UCF-101/FrontCrawl/v_FrontCrawl_g07_c07.avi,31,8,10,1,31,True,True,0.9557821154594421,0.06365260388702154,0.003531932379701175,1.2267047939822078,157,8,8,8,False,
ucf101,val,v_FrontCrawl_g01_c02,data/UCF101_data/UCF-101/FrontCrawl/v_FrontCrawl_g01_c02.avi,31,8,10,1,18,False,True,0.6400530338287354,0.044561134185642004,0.003531932379701175,1.1600447059608996,139,8,8,8,False,
ucf101,val,v_FrontCrawl_g02_c03,data/UCF101_data/UCF-101/FrontCrawl/v_FrontCrawl_g02_c03.avi,31,8,10,1,31,True,True,0.5148601531982422,0.03177030198276043,0.003531932379701175,1.1122794817201793,92,8,8,8,False,
ucf101,val,v_FrontCrawl_g07_c04,data/UCF101_data/UCF-101/FrontCrawl/v_FrontCrawl_g07_c04.avi,31,8,10,1,31,True,True,0.8446196913719177,0.058484182227402925,0.003531932379701175,1.0779049578122795,219,8,8,8,False,
ucf101,val,v_FrontCrawl_g07_c01,data/UCF101_data/UCF-101/FrontCrawl/v_FrontCrawl_g07_c01.avi,31,8,10,1,31,True,True,0.8222721815109253,0.058695843908935785,0.003531932379701175,1.0163713172078133,268,8,8,8,False,
ucf101,val,v_FrontCrawl_g03_c05,data/UCF101_data/UCF-101/FrontCrawl/v_FrontCrawl_g03_c05.avi,31,8,10,1,31,True,True,0.9270219802856445,0.053921885788440704,0.003531932379701175,0.9548997641541064,193,8,8,8,False,
ucf101,val,v_FrontCrawl_g05_c04,data/UCF101_data/UCF-101/FrontCrawl/v_FrontCrawl_g05_c04.avi,31,8,10,1,31,True,True,0.9422904849052429,0.04975319094955921,0.003531932379701175,0.8979694088920951,146,8,8,8,False,
ucf101,val,v_FrontCrawl_g04_c05,data/UCF101_data/UCF-101/FrontCrawl/v_FrontCrawl_g04_c05.avi,31,8,10,1,18,False,True,0.7723395824432373,0.07827161578461528,0.003531932379701175,0.8455199818126857,392,8,8,8,False,
ucf101,val,v_FrontCrawl_g05_c02,data/UCF101_data/UCF-101/FrontCrawl/v_FrontCrawl_g05_c02.avi,31,8,10,1,31,True,True,0.9188998341560364,0.06504265032708645,0.003531932379701175,0.7642489299178123,103,8,8,8,False,
ucf101,val,v_FrontCrawl_g01_c01,data/UCF101_data/UCF-101/FrontCrawl/v_FrontCrawl_g01_c01.avi,31,8,10,1,18,False,True,0.6846668720245361,0.05059044621884823,0.003531932379701175,0.6967696310020983,138,8,8,8,False,
ucf101,val,v_FrontCrawl_g05_c03,data/UCF101_data/UCF-101/FrontCrawl/v_FrontCrawl_g05_c03.avi,31,8,10,1,31,True,True,0.943743884563446,0.023276362102478743,0.003531932379701175,0.6439034659415483,100,8,8,8,False,
ucf101,val,v_FrontCrawl_g06_c01,data/UCF101_data/UCF-101/FrontCrawl/v_FrontCrawl_g06_c01.avi,31,8,10,1,31,True,True,0.726291835308075,0.04893482895568013,0.003531932379701175,0.6188320801593363,150,8,8,8,False,
ucf101,val,v_FrontCrawl_g04_c02,data/UCF101_data/UCF-101/FrontCrawl/v_FrontCrawl_g04_c02.avi,31,8,10,1,18,False,True,0.6460816860198975,0.048482276033610106,0.003531932379701175,0.5668600532226264,262,8,8,8,False,
ucf101,val,v_FrontCrawl_g07_c03,data/UCF101_data/UCF-101/FrontCrawl/v_FrontCrawl_g07_c03.avi,31,8,10,1,31,True,True,0.9451163411140442,0.04460767796263099,0.003531932379701175,0.5145264631137252,182,8,8,8,False,
ucf101,val,v_GolfSwing_g04_c06,data/UCF101_data/UCF-101/GolfSwing/v_GolfSwing_g04_c06.avi,32,8,10,1,32,True,True,0.9320164918899536,0.06695150816813111,0.0037161448708502576,1.8547711446881294,233,8,8,8,False,
ucf101,val,v_GolfSwing_g04_c03,data/UCF101_data/UCF-101/GolfSwing/v_GolfSwing_g04_c03.avi,32,8,10,1,32,True,True,0.9888535737991333,0.021619918756186962,0.0037161448708502576,1.784951729234308,171,8,8,8,False,
ucf101,val,v_GolfSwing_g05_c02,data/UCF101_data/UCF-101/GolfSwing/v_GolfSwing_g05_c02.avi,32,8,10,1,57,False,False,0.259568452835083,0.026188121177256107,0.0037161448708502576,1.7604655739851296,96,8,8,8,False,
ucf101,val,v_GolfSwing_g05_c04,data/UCF101_data/UCF-101/GolfSwing/v_GolfSwing_g05_c04.avi,32,8,10,1,32,True,True,0.7456669807434082,0.02804891299456358,0.0037161448708502576,1.7317478070035577,162,8,8,8,False,
ucf101,val,v_GolfSwing_g07_c01,data/UCF101_data/UCF-101/GolfSwing/v_GolfSwing_g07_c01.avi,32,8,10,1,32,True,True,0.954856276512146,0.0337935253046453,0.0037161448708502576,1.7009929530322552,152,8,8,8,False,
ucf101,val,v_GolfSwing_g03_c05,data/UCF101_data/UCF-101/GolfSwing/v_GolfSwing_g03_c05.avi,32,8,10,1,2,False,True,0.45631372928619385,0.04003753513097763,0.0037161448708502576,1.6646471987478435,146,8,8,8,False,
ucf101,val,v_GolfSwing_g06_c02,data/UCF101_data/UCF-101/GolfSwing/v_GolfSwing_g06_c02.avi,32,8,10,1,32,True,True,0.3614886701107025,0.026444267015904188,0.0037161448708502576,1.6220594770275056,109,8,8,8,False,
ucf101,val,v_GolfSwing_g06_c04,data/UCF101_data/UCF-101/GolfSwing/v_GolfSwing_g06_c04.avi,32,8,10,1,32,True,True,0.8353217244148254,0.03252841718494892,0.0037161448708502576,1.5929014319553971,127,8,8,8,False,
ucf101,val,v_GolfSwing_g02_c03,data/UCF101_data/UCF-101/GolfSwing/v_GolfSwing_g02_c03.avi,32,8,10,1,32,True,True,0.23526640236377716,0.024489525705575943,0.0037161448708502576,1.5582933388650417,92,8,8,8,False,
ucf101,val,v_GolfSwing_g03_c04,data/UCF101_data/UCF-101/GolfSwing/v_GolfSwing_g03_c04.avi,32,8,10,1,34,False,False,0.27450013160705566,0.029979228973388672,0.0037161448708502576,1.5317968181334436,145,8,8,8,False,
ucf101,val,v_GolfSwing_g03_c06,data/UCF101_data/UCF-101/GolfSwing/v_GolfSwing_g03_c06.avi,32,8,10,1,36,False,True,0.36593878269195557,0.03719176026061177,0.0037161448708502576,1.5005241339094937,252,8,8,8,False,
ucf101,val,v_GolfSwing_g01_c01,data/UCF101_data/UCF-101/GolfSwing/v_GolfSwing_g01_c01.avi,32,8,10,1,32,True,True,0.9851065874099731,0.03153765480965376,0.0037161448708502576,1.4608588772825897,172,8,8,8,False,
ucf101,val,v_GolfSwing_g03_c03,data/UCF101_data/UCF-101/GolfSwing/v_GolfSwing_g03_c03.avi,32,8,10,1,34,False,True,0.23178966343402863,0.03429327392950654,0.0037161448708502576,1.4268402550369501,180,8,8,8,False,
ucf101,val,v_GolfSwing_g03_c01,data/UCF101_data/UCF-101/GolfSwing/v_GolfSwing_g03_c01.avi,32,8,10,1,32,True,True,0.9214970469474792,0.01060029910877347,0.0037161448708502576,1.3895811182446778,132,8,8,8,False,
ucf101,val,v_GolfSwing_g04_c05,data/UCF101_data/UCF-101/GolfSwing/v_GolfSwing_g04_c05.avi,32,8,10,1,32,True,True,0.9874623417854309,0.058114876970648766,0.0037161448708502576,1.3779660128057003,345,8,8,8,False,
ucf101,val,v_GolfSwing_g07_c03,data/UCF101_data/UCF-101/GolfSwing/v_GolfSwing_g07_c03.avi,32,8,10,1,32,True,True,0.9206887483596802,0.030574267730116844,0.0037161448708502576,1.3162229810841382,127,8,8,8,False,
ucf101,val,v_GolfSwing_g07_c02,data/UCF101_data/UCF-101/GolfSwing/v_GolfSwing_g07_c02.avi,32,8,10,1,32,True,True,0.9831575751304626,0.03421558905392885,0.0037161448708502576,1.2821549400687218,101,8,8,8,False,
ucf101,val,v_GolfSwing_g01_c06,data/UCF101_data/UCF-101/GolfSwing/v_GolfSwing_g01_c06.avi,32,8,10,1,32,True,True,0.9843246936798096,0.09127300698310137,0.0037161448708502576,1.246066914871335,518,8,8,8,False,
ucf101,val,v_GolfSwing_g06_c03,data/UCF101_data/UCF-101/GolfSwing/v_GolfSwing_g06_c03.avi,32,8,10,1,32,True,True,0.9866563081741333,0.020526325330138206,0.0037161448708502576,1.1518175159581006,91,8,8,8,False,
ucf101,val,v_GolfSwing_g01_c05,data/UCF101_data/UCF-101/GolfSwing/v_GolfSwing_g01_c05.avi,32,8,10,1,32,True,True,0.9803065061569214,0.0885303309187293,0.0037161448708502576,1.130110106896609,621,8,8,8,False,
ucf101,val,v_Haircut_g01_c02,data/UCF101_data/UCF-101/Haircut/v_Haircut_g01_c02.avi,33,8,10,1,33,True,True,0.8122274279594421,0.12011736677959561,0.0037161448708502576,1.0381535440683365,123,8,8,8,False,
ucf101,val,v_Haircut_g06_c03,data/UCF101_data/UCF-101/Haircut/v_Haircut_g06_c03.avi,33,8,10,1,24,False,True,0.27400726079940796,0.04951901361346245,0.0037161448708502576,0.914315833710134,126,8,8,8,False,
ucf101,val,v_Haircut_g04_c05,data/UCF101_data/UCF-101/Haircut/v_Haircut_g04_c05.avi,33,8,10,1,33,True,True,0.2810598909854889,0.04501239117234945,0.0037161448708502576,0.8621834879741073,154,8,8,8,False,
ucf101,val,v_Haircut_g07_c04,data/UCF101_data/UCF-101/Haircut/v_Haircut_g07_c04.avi,33,8,10,1,33,True,True,0.7918504476547241,0.023009016644209623,0.0037161448708502576,0.8144282232969999,115,8,8,8,False,
ucf101,val,v_Haircut_g05_c03,data/UCF101_data/UCF-101/Haircut/v_Haircut_g05_c03.avi,33,8,10,1,0,False,True,0.668192982673645,0.025385115295648575,0.0037161448708502576,0.7881393171846867,107,8,8,8,False,
ucf101,val,v_Haircut_g01_c01,data/UCF101_data/UCF-101/Haircut/v_Haircut_g01_c01.avi,33,8,10,1,33,True,True,0.6820182800292969,0.022022518794983625,0.0037161448708502576,0.7614021901972592,135,8,8,8,False,
ucf101,val,v_Haircut_g01_c03,data/UCF101_data/UCF-101/Haircut/v_Haircut_g01_c03.avi,33,8,10,1,58,False,True,0.5554912090301514,0.02912060171365738,0.0037161448708502576,0.7363595543429255,110,8,8,8,False,
ucf101,val,v_Haircut_g05_c02,data/UCF101_data/UCF-101/Haircut/v_Haircut_g05_c02.avi,33,8,10,1,33,True,True,0.9450523853302002,0.043368926737457514,0.0037161448708502576,0.7046688692644238,105,8,8,8,False,
ucf101,val,v_Haircut_g03_c06,data/UCF101_data/UCF-101/Haircut/v_Haircut_g03_c06.avi,33,8,10,1,33,True,True,0.3013485372066498,0.06172202015295625,0.0037161448708502576,0.6586850280873477,115,8,8,8,False,
ucf101,val,v_Haircut_g02_c01,data/UCF101_data/UCF-101/Haircut/v_Haircut_g02_c01.avi,33,8,10,1,33,True,True,0.6122275590896606,0.025756534654647112,0.0037161448708502576,0.5937770479358733,89,8,8,8,False,
ucf101,val,v_Haircut_g04_c01,data/UCF101_data/UCF-101/Haircut/v_Haircut_g04_c01.avi,33,8,10,1,33,True,True,0.5962327718734741,0.0527850491926074,0.0037161448708502576,0.5648291571997106,149,8,8,8,False,
ucf101,val,v_Haircut_g02_c02,data/UCF101_data/UCF-101/Haircut/v_Haircut_g02_c02.avi,33,8,10,1,59,False,False,0.6722392439842224,0.03297122102230787,0.0037161448708502576,0.5083045768551528,83,8,8,8,False,
ucf101,val,v_Haircut_g07_c06,data/UCF101_data/UCF-101/Haircut/v_Haircut_g07_c06.avi,33,8,10,1,33,True,True,0.8801908493041992,0.033247234765440226,0.003430800628848374,1.677109997253865,107,8,8,8,False,
ucf101,val,v_Haircut_g03_c01,data/UCF101_data/UCF-101/Haircut/v_Haircut_g03_c01.avi,33,8,10,1,12,False,True,0.6376319527626038,0.029566347133368254,0.003430800628848374,1.641316665802151,101,8,8,8,False,
ucf101,val,v_Haircut_g03_c05,data/UCF101_data/UCF-101/Haircut/v_Haircut_g03_c05.avi,33,8,10,1,33,True,True,0.23427316546440125,0.03935271222144365,0.003430800628848374,1.6097522187046707,93,8,8,8,False,
ucf101,val,v_Haircut_g03_c03,data/UCF101_data/UCF-101/Haircut/v_Haircut_g03_c03.avi,33,8,10,1,34,False,True,0.3016345202922821,0.023914447985589504,0.003430800628848374,1.5674975863657892,79,8,8,8,False,
ucf101,val,v_Haircut_g02_c03,data/UCF101_data/UCF-101/Haircut/v_Haircut_g02_c03.avi,33,8,10,1,38,False,True,0.4303845167160034,0.0273590087890625,0.003430800628848374,1.5415546726435423,77,8,8,8,False,
ucf101,val,v_Haircut_g05_c04,data/UCF101_data/UCF-101/Haircut/v_Haircut_g05_c04.avi,33,8,10,1,33,True,True,0.891116201877594,0.01854749210178852,0.003430800628848374,1.5121918311342597,100,8,8,8,False,
ucf101,val,v_Haircut_g07_c02,data/UCF101_data/UCF-101/Haircut/v_Haircut_g07_c02.avi,33,8,10,1,33,True,True,0.664142906665802,0.03167182905599475,0.003430800628848374,1.4920903812162578,111,8,8,8,False,
ucf101,val,v_Haircut_g04_c02,data/UCF101_data/UCF-101/Haircut/v_Haircut_g04_c02.avi,33,8,10,1,33,True,True,0.41951337456703186,0.05576607771217823,0.003430800628848374,1.4573762258514762,145,8,8,8,False,
ucf101,val,v_Hammering_g06_c03,data/UCF101_data/UCF-101/Hammering/v_Hammering_g06_c03.avi,34,8,10,1,34,True,True,0.9665561318397522,0.062187076080590487,0.003430800628848374,1.3991645718924701,127,8,8,8,False,
ucf101,val,v_Hammering_g04_c05,data/UCF101_data/UCF-101/Hammering/v_Hammering_g04_c05.avi,34,8,10,1,38,False,True,0.46120840311050415,0.02926148707047105,0.003430800628848374,1.3339917520061135,64,6,8,8,False,
ucf101,val,v_Hammering_g07_c05,data/UCF101_data/UCF-101/Hammering/v_Hammering_g07_c05.avi,34,8,10,1,34,True,True,0.9716075658798218,0.030590794049203396,0.003430800628848374,1.3030557530000806,127,8,8,8,False,
ucf101,val,v_Hammering_g06_c05,data/UCF101_data/UCF-101/Hammering/v_Hammering_g06_c05.avi,34,8,10,1,34,True,True,0.9601870775222778,0.021264643874019384,0.003430800628848374,1.2698994651436806,140,8,8,8,False,
ucf101,val,v_Hammering_g04_c01,data/UCF101_data/UCF-101/Hammering/v_Hammering_g04_c01.avi,34,8,10,1,38,False,True,0.6346641182899475,0.06002818699926138,0.003430800628848374,1.2455362370237708,224,8,8,8,False,
ucf101,val,v_Hammering_g03_c01,data/UCF101_data/UCF-101/Hammering/v_Hammering_g03_c01.avi,34,8,10,1,34,True,True,0.9337935447692871,0.05350721813738346,0.003430800628848374,1.1817954750731587,193,8,8,8,False,
ucf101,val,v_Hammering_g07_c02,data/UCF101_data/UCF-101/Hammering/v_Hammering_g07_c02.avi,34,8,10,1,34,True,True,0.9801592826843262,0.020946716889739037,0.003430800628848374,1.1253258120268583,61,6,8,8,False,
ucf101,val,v_Hammering_g01_c03,data/UCF101_data/UCF-101/Hammering/v_Hammering_g01_c03.avi,34,8,10,1,19,False,True,0.37467971444129944,0.022302767727524042,0.003430800628848374,1.1010903376154602,73,7,8,8,False,
ucf101,val,v_Hammering_g04_c03,data/UCF101_data/UCF-101/Hammering/v_Hammering_g04_c03.avi,34,8,10,1,38,False,True,0.670365571975708,0.02763842511922121,0.003430800628848374,1.0756597612053156,88,8,8,8,False,
ucf101,val,v_Hammering_g01_c01,data/UCF101_data/UCF-101/Hammering/v_Hammering_g01_c01.avi,34,8,10,1,19,False,False,0.2992098331451416,0.02137724868953228,0.003430800628848374,1.0450853039510548,98,8,8,8,False,
ucf101,val,v_Hammering_g07_c04,data/UCF101_data/UCF-101/Hammering/v_Hammering_g07_c04.avi,34,8,10,1,34,True,True,0.9725596308708191,0.030803781934082508,0.003430800628848374,1.0223476318642497,101,8,8,8,False,
ucf101,val,v_Hammering_g01_c02,data/UCF101_data/UCF-101/Hammering/v_Hammering_g01_c02.avi,34,8,10,1,19,False,True,0.5059007406234741,0.042171408887952566,0.003430800628848374,0.9896653261967003,143,8,8,8,False,
ucf101,val,v_Hammering_g03_c04,data/UCF101_data/UCF-101/Hammering/v_Hammering_g03_c04.avi,34,8,10,1,34,True,True,0.9089354276657104,0.01930711092427373,0.003430800628848374,0.9448477020487189,131,8,8,8,False,
ucf101,val,v_Hammering_g02_c04,data/UCF101_data/UCF-101/Hammering/v_Hammering_g02_c04.avi,34,8,10,1,38,False,True,0.3842149078845978,0.023363881278783083,0.003430800628848374,0.9239985318854451,111,8,8,8,False,
ucf101,val,v_Hammering_g06_c04,data/UCF101_data/UCF-101/Hammering/v_Hammering_g06_c04.avi,34,8,10,1,34,True,True,0.9696806073188782,0.010885864030569792,0.003430800628848374,0.8984721177257597,113,8,8,8,False,
ucf101,val,v_Hammering_g05_c04,data/UCF101_data/UCF-101/Hammering/v_Hammering_g05_c04.avi,34,8,10,1,38,False,True,0.7598516345024109,0.025803687050938606,0.003430800628848374,0.8857473339885473,74,7,8,8,False,
ucf101,val,v_Hammering_g06_c02,data/UCF101_data/UCF-101/Hammering/v_Hammering_g06_c02.avi,34,8,10,1,34,True,True,0.971169114112854,0.025664765387773514,0.003430800628848374,0.8578014462254941,134,8,8,8,False,
ucf101,val,v_Hammering_g05_c02,data/UCF101_data/UCF-101/Hammering/v_Hammering_g05_c02.avi,34,8,10,1,34,True,True,0.4200202226638794,0.016170248854905367,0.003430800628848374,0.8290669522248209,124,8,8,8,False,
ucf101,val,v_Hammering_g01_c04,data/UCF101_data/UCF-101/Hammering/v_Hammering_g01_c04.avi,34,8,10,1,34,True,True,0.5829864144325256,0.03061886178329587,0.003430800628848374,0.8104459149762988,79,8,8,8,False,
ucf101,val,v_Hammering_g07_c01,data/UCF101_data/UCF-101/Hammering/v_Hammering_g07_c01.avi,34,8,10,1,34,True,True,0.969836413860321,0.035650771111249924,0.003430800628848374,0.7778149526566267,109,8,8,8,False,
ucf101,val,v_HammerThrow_g01_c02,data/UCF101_data/UCF-101/HammerThrow/v_HammerThrow_g01_c02.avi,35,8,10,1,78,False,True,0.782241702079773,0.09433997515588999,0.003430800628848374,0.7390979211777449,247,8,8,8,False,
ucf101,val,v_HammerThrow_g06_c07,data/UCF101_data/UCF-101/HammerThrow/v_HammerThrow_g06_c07.avi,35,8,10,1,35,True,True,0.7862775921821594,0.06172958528622985,0.003430800628848374,0.6415652888827026,227,8,8,8,False,
ucf101,val,v_HammerThrow_g02_c04,data/UCF101_data/UCF-101/HammerThrow/v_HammerThrow_g02_c04.avi,35,8,10,1,35,True,True,0.7458478808403015,0.06062144599854946,0.003430800628848374,0.5768810999579728,223,8,8,8,False,
ucf101,val,v_HammerThrow_g03_c03,data/UCF101_data/UCF-101/HammerThrow/v_HammerThrow_g03_c03.avi,35,8,10,1,35,True,True,0.5027096271514893,0.05096273776143789,0.003430800628848374,0.5139169180765748,166,8,8,8,False,
ucf101,val,v_HammerThrow_g02_c03,data/UCF101_data/UCF-101/HammerThrow/v_HammerThrow_g02_c03.avi,35,8,10,1,35,True,True,0.9266761541366577,0.0706249880604446,0.003930304155801423,2.2414037929847836,211,8,8,8,False,
ucf101,val,v_HammerThrow_g05_c04,data/UCF101_data/UCF-101/HammerThrow/v_HammerThrow_g05_c04.avi,35,8,10,1,35,True,True,0.837058961391449,0.07908921875059605,0.003930304155801423,2.163361047860235,253,8,8,8,False,
ucf101,val,v_HammerThrow_g02_c02,data/UCF101_data/UCF-101/HammerThrow/v_HammerThrow_g02_c02.avi,35,8,10,1,35,True,True,0.8757419586181641,0.05702364910393953,0.003930304155801423,2.081650243140757,259,8,8,8,False,
ucf101,val,v_HammerThrow_g06_c04,data/UCF101_data/UCF-101/HammerThrow/v_HammerThrow_g06_c04.avi,35,8,10,1,35,True,True,0.8743518590927124,0.05818012822419405,0.003930304155801423,2.021513785701245,249,8,8,8,False,
ucf101,val,v_HammerThrow_g03_c01,data/UCF101_data/UCF-101/HammerThrow/v_HammerThrow_g03_c01.avi,35,8,10,1,35,True,True,0.448871910572052,0.050989462062716484,0.003930304155801423,1.9613474220968783,211,8,8,8,False,
ucf101,val,v_HammerThrow_g05_c03,data/UCF101_data/UCF-101/HammerThrow/v_HammerThrow_g05_c03.avi,35,8,10,1,35,True,True,0.7230706810951233,0.05403447104617953,0.003930304155801423,1.9070515637286007,229,8,8,8,False,
ucf101,val,v_HammerThrow_g03_c04,data/UCF101_data/UCF-101/HammerThrow/v_HammerThrow_g03_c04.avi,35,8,10,1,35,True,True,0.6602110862731934,0.047125485725700855,0.003930304155801423,1.850813471712172,211,8,8,8,False,
ucf101,val,v_HammerThrow_g04_c04,data/UCF101_data/UCF-101/HammerThrow/v_HammerThrow_g04_c04.avi,35,8,10,1,35,True,True,0.883635938167572,0.009790864773094654,0.003930304155801423,1.8006292376667261,89,8,8,8,False,
ucf101,val,v_HammerThrow_g02_c05,data/UCF101_data/UCF-101/HammerThrow/v_HammerThrow_g02_c05.avi,35,8,10,1,35,True,True,0.8039794564247131,0.061213175766170025,0.003930304155801423,1.7890390809625387,258,8,8,8,False,
ucf101,val,v_HammerThrow_g06_c06,data/UCF101_data/UCF-101/HammerThrow/v_HammerThrow_g06_c06.avi,35,8,10,1,35,True,True,0.9240183234214783,0.040853864047676325,0.003930304155801423,1.7245765989646316,138,8,8,8,False,
ucf101,val,v_HammerThrow_g04_c05,data/UCF101_data/UCF-101/HammerThrow/v_HammerThrow_g04_c05.avi,35,8,10,1,35,True,True,0.5846649408340454,0.026689110789448023,0.003930304155801423,1.680744399316609,102,8,8,8,False,
ucf101,val,v_HammerThrow_g04_c07,data/UCF101_data/UCF-101/HammerThrow/v_HammerThrow_g04_c07.avi,35,8,10,1,35,True,True,0.8357223272323608,0.0267135719768703,0.003930304155801423,1.6510417610406876,89,8,8,8,False,
ucf101,val,v_HammerThrow_g01_c06,data/UCF101_data/UCF-101/HammerThrow/v_HammerThrow_g01_c06.avi,35,8,10,1,35,True,True,0.8079920411109924,0.04608807433396578,0.003930304155801423,1.6220638006925583,194,8,8,8,False,
ucf101,val,v_HammerThrow_g07_c03,data/UCF101_data/UCF-101/HammerThrow/v_HammerThrow_g07_c03.avi,35,8,10,1,35,True,True,0.9210888743400574,0.02657829411327839,0.003930304155801423,1.5730156768113375,139,8,8,8,False,
ucf101,val,v_HammerThrow_g01_c04,data/UCF101_data/UCF-101/HammerThrow/v_HammerThrow_g01_c04.avi,35,8,10,1,35,True,True,0.6219897866249084,0.06404471304267645,0.003930304155801423,1.543522119987756,240,8,8,8,False,
ucf101,val,v_HammerThrow_g03_c06,data/UCF101_data/UCF-101/HammerThrow/v_HammerThrow_g03_c06.avi,35,8,10,1,35,True,True,0.7206548452377319,0.07076755026355386,0.003930304155801423,1.476298469118774,253,8,8,8,False,
ucf101,val,v_HandStandPushups_g01_c01,data/UCF101_data/UCF-101/HandstandPushups/v_HandStandPushups_g01_c01.avi,36,8,10,1,36,True,True,0.9615042209625244,0.057961042039096355,0.003930304155801423,1.4020766876637936,78,8,8,8,False,
ucf101,val,v_HandStandPushups_g03_c02,data/UCF101_data/UCF-101/HandstandPushups/v_HandStandPushups_g03_c02.avi,36,8,10,1,36,True,True,0.9120479822158813,0.027172119822353125,0.003930304155801423,1.342305548954755,115,8,8,8,False,
ucf101,val,v_HandStandPushups_g05_c03,data/UCF101_data/UCF-101/HandstandPushups/v_HandStandPushups_g05_c03.avi,36,8,10,1,36,True,True,0.7776212692260742,0.02326891990378499,0.003930304155801423,1.3124658018350601,80,8,8,8,False,
ucf101,val,v_HandStandPushups_g06_c02,data/UCF101_data/UCF-101/HandstandPushups/v_HandStandPushups_g06_c02.avi,36,8,10,1,36,True,True,0.9632166028022766,0.026014371775090694,0.003930304155801423,1.287377079948783,125,8,8,8,False,
ucf101,val,v_HandStandPushups_g04_c01,data/UCF101_data/UCF-101/HandstandPushups/v_HandStandPushups_g04_c01.avi,36,8,10,1,16,False,True,0.3500669300556183,0.027981400955468416,0.003930304155801423,1.2588820178061724,115,8,8,8,False,
ucf101,val,v_HandStandPushups_g06_c04,data/UCF101_data/UCF-101/HandstandPushups/v_HandStandPushups_g06_c04.avi,36,8,10,1,36,True,True,0.9735880494117737,0.009149739984422922,0.003930304155801423,1.2280751247890294,72,7,8,8,False,
ucf101,val,v_HandStandPushups_g02_c03,data/UCF101_data/UCF-101/HandstandPushups/v_HandStandPushups_g02_c03.avi,36,8,10,1,37,False,True,0.5048311352729797,0.03252261504530907,0.003930304155801423,1.2177228052169085,105,8,8,8,False,
ucf101,val,v_HandStandPushups_g01_c03,data/UCF101_data/UCF-101/HandstandPushups/v_HandStandPushups_g01_c03.avi,36,8,10,1,36,True,True,0.9669607877731323,0.02979355026036501,0.003930304155801423,1.1823023287579417,101,8,8,8,False,
ucf101,val,v_HandStandPushups_g07_c02,data/UCF101_data/UCF-101/HandstandPushups/v_HandStandPushups_g07_c02.avi,36,8,10,1,71,False,True,0.587803840637207,0.025382831692695618,0.003930304155801423,1.150008738040924,137,8,8,8,False,
ucf101,val,v_HandStandPushups_g02_c04,data/UCF101_data/UCF-101/HandstandPushups/v_HandStandPushups_g02_c04.avi,36,8,10,1,16,False,False,0.17415322363376617,0.04496258217841387,0.003930304155801423,1.1217784811742604,132,8,8,8,False,
ucf101,val,v_HandStandPushups_g01_c04,data/UCF101_data/UCF-101/HandstandPushups/v_HandStandPushups_g01_c04.avi,36,8,10,1,36,True,True,0.9765607714653015,0.029331109020859003,0.003930304155801423,1.073768564965576,106,8,8,8,False,
ucf101,val,v_HandStandPushups_g07_c03,data/UCF101_data/UCF-101/HandstandPushups/v_HandStandPushups_g07_c03.avi,36,8,10,1,36,True,True,0.7778098583221436,0.2957221590913832,0.003930304155801423,1.042435561772436,153,8,8,8,False,
ucf101,val,v_HandStandPushups_g05_c02,data/UCF101_data/UCF-101/HandstandPushups/v_HandStandPushups_g05_c02.avi,36,8,10,1,36,True,True,0.6912612915039062,0.06374895619228482,0.003930304155801423,0.7445746529847383,113,8,8,8,False,
ucf101,val,v_HandStandPushups_g06_c03,data/UCF101_data/UCF-101/HandstandPushups/v_HandStandPushups_g06_c03.avi,36,8,10,1,36,True,True,0.9389880299568176,0.03155157435685396,0.003930304155801423,0.6780291339382529,90,8,8,8,False,
ucf101,val,v_HandStandPushups_g05_c01,data/UCF101_data/UCF-101/HandstandPushups/v_HandStandPushups_g05_c01.avi,36,8,10,1,36,True,True,0.8470627665519714,0.11795024294406176,0.003930304155801423,0.6437647370621562,114,8,8,8,False,
ucf101,val,v_HandStandPushups_g04_c03,data/UCF101_data/UCF-101/HandstandPushups/v_HandStandPushups_g04_c03.avi,36,8,10,1,36,True,True,0.8951302766799927,0.045139124151319265,0.003930304155801423,0.5232175211422145,160,8,8,8,False,
ucf101,val,v_HandStandPushups_g07_c04,data/UCF101_data/UCF-101/HandstandPushups/v_HandStandPushups_g07_c04.avi,36,8,10,1,71,False,True,0.7592073678970337,0.04744229605421424,0.0036705907696159557,2.013819966930896,172,8,8,8,False,
ucf101,val,v_HandStandPushups_g02_c02,data/UCF101_data/UCF-101/HandstandPushups/v_HandStandPushups_g02_c02.avi,36,8,10,1,47,False,False,0.5928143858909607,0.011128002312034369,0.0036705907696159557,1.9645061809569597,55,6,8,8,False,
ucf101,val,v_HandStandPushups_g03_c01,data/UCF101_data/UCF-101/HandstandPushups/v_HandStandPushups_g03_c01.avi,36,8,10,1,36,True,True,0.903992772102356,0.025311700999736786,0.0036705907696159557,1.950714415870607,125,8,8,8,False,
ucf101,val,v_HandStandPushups_g07_c01,data/UCF101_data/UCF-101/HandstandPushups/v_HandStandPushups_g07_c01.avi,36,8,10,1,71,False,True,0.6332905292510986,0.02386515773832798,0.0036705907696159557,1.9234123122878373,92,8,8,8,False,
ucf101,val,v_HandstandWalking_g05_c07,data/UCF101_data/UCF-101/HandstandWalking/v_HandstandWalking_g05_c07.avi,37,8,10,1,96,False,False,0.3115684688091278,0.09174420591443777,0.0036705907696159557,1.896487679798156,251,8,8,8,False,
ucf101,val,v_HandstandWalking_g02_c01,data/UCF101_data/UCF-101/HandstandWalking/v_HandstandWalking_g02_c01.avi,37,8,10,1,36,False,True,0.29630863666534424,0.03691190481185913,0.0036705907696159557,1.80177246266976,104,8,8,8,False,
ucf101,val,v_HandstandWalking_g05_c05,data/UCF101_data/UCF-101/HandstandWalking/v_HandstandWalking_g05_c05.avi,37,8,10,1,36,False,True,0.43794870376586914,0.06011676602065563,0.0036705907696159557,1.7630389765836298,287,8,8,8,False,
ucf101,val,v_HandstandWalking_g01_c01,data/UCF101_data/UCF-101/HandstandWalking/v_HandstandWalking_g01_c01.avi,37,8,10,1,36,False,True,0.8268715739250183,0.03978345589712262,0.0036705907696159557,1.7005533440969884,109,8,8,8,False,
ucf101,val,v_HandstandWalking_g06_c04,data/UCF101_data/UCF-101/HandstandWalking/v_HandstandWalking_g06_c04.avi,37,8,10,1,57,False,False,0.17971369624137878,0.045839956030249596,0.0036705907696159557,1.6579052018932998,76,8,8,8,False,
ucf101,val,v_HandstandWalking_g04_c02,data/UCF101_data/UCF-101/HandstandWalking/v_HandstandWalking_g04_c02.avi,37,8,10,1,32,False,True,0.47668877243995667,0.028719257097691298,0.0036705907696159557,1.609610514715314,120,8,8,8,False,
ucf101,val,v_HandstandWalking_g06_c03,data/UCF101_data/UCF-101/HandstandWalking/v_HandstandWalking_g06_c03.avi,37,8,10,1,36,False,True,0.5088311433792114,0.01735108718276024,0.0036705907696159557,1.5787812052294612,72,7,8,8,False,
ucf101,val,v_HandstandWalking_g04_c04,data/UCF101_data/UCF-101/HandstandWalking/v_HandstandWalking_g04_c04.avi,37,8,10,1,37,True,True,0.40237608551979065,0.02442047093063593,0.0036705907696159557,1.5590396039187908,128,8,8,8,False,
ucf101,val,v_HandstandWalking_g01_c04,data/UCF101_data/UCF-101/HandstandWalking/v_HandstandWalking_g01_c04.avi,37,8,10,1,36,False,True,0.9271008968353271,0.05291399406269193,0.0036705907696159557,1.5319975139573216,140,8,8,8,False,
ucf101,val,v_HandstandWalking_g07_c01,data/UCF101_data/UCF-101/HandstandWalking/v_HandstandWalking_g07_c01.avi,37,8,10,1,37,True,True,0.40900981426239014,0.05267856176942587,0.0036705907696159557,1.477094610221684,224,8,8,8,False,
ucf101,val,v_HandstandWalking_g03_c04,data/UCF101_data/UCF-101/HandstandWalking/v_HandstandWalking_g03_c04.avi,37,8,10,1,36,False,True,0.6010972857475281,0.04022405296564102,0.0036705907696159557,1.4214951070025563,134,8,8,8,False,
ucf101,val,v_HandstandWalking_g05_c04,data/UCF101_data/UCF-101/HandstandWalking/v_HandstandWalking_g05_c04.avi,37,8,10,1,36,False,True,0.8878205418586731,0.054564774967730045,0.0036705907696159557,1.3784361467696726,253,8,8,8,False,
ucf101,val,v_HandstandWalking_g04_c03,data/UCF101_data/UCF-101/HandstandWalking/v_HandstandWalking_g04_c03.avi,37,8,10,1,37,True,True,0.6359764337539673,0.030943990219384432,0.0036705907696159557,1.3215128700248897,122,8,8,8,False,
ucf101,val,v_HandstandWalking_g07_c05,data/UCF101_data/UCF-101/HandstandWalking/v_HandstandWalking_g07_c05.avi,37,8,10,1,16,False,True,0.21329371631145477,0.0533538400195539,0.0036705907696159557,1.288295391947031,199,8,8,8,False,
ucf101,val,v_HandstandWalking_g06_c01,data/UCF101_data/UCF-101/HandstandWalking/v_HandstandWalking_g06_c01.avi,37,8,10,1,36,False,True,0.9234049916267395,0.02828804962337017,0.0036705907696159557,1.2317911027930677,67,7,8,8,False,
ucf101,val,v_HandstandWalking_g02_c02,data/UCF101_data/UCF-101/HandstandWalking/v_HandstandWalking_g02_c02.avi,37,8,10,1,36,False,True,0.32329076528549194,0.029015162028372288,0.0036705907696159557,1.2002086718566716,104,8,8,8,False,
ucf101,val,v_HandstandWalking_g04_c05,data/UCF101_data/UCF-101/HandstandWalking/v_HandstandWalking_g04_c05.avi,37,8,10,1,36,False,True,0.7068850994110107,0.03874953603371978,0.0036705907696159557,1.1693118046969175,123,8,8,8,False,
ucf101,val,v_HandstandWalking_g03_c01,data/UCF101_data/UCF-101/HandstandWalking/v_HandstandWalking_g03_c01.avi,37,8,10,1,78,False,False,0.3426142930984497,0.026265086140483618,0.0036705907696159557,1.1277419561520219,104,8,8,8,False,
ucf101,val,v_HandstandWalking_g07_c02,data/UCF101_data/UCF-101/HandstandWalking/v_HandstandWalking_g07_c02.avi,37,8,10,1,14,False,True,0.1855868548154831,0.04871034622192383,0.0036705907696159557,1.0994152519851923,192,8,8,8,False,
ucf101,val,v_HandstandWalking_g02_c04,data/UCF101_data/UCF-101/HandstandWalking/v_HandstandWalking_g02_c04.avi,37,8,10,1,98,False,True,0.577362060546875,0.023925162851810455,0.0036705907696159557,1.0480754682794213,119,8,8,8,False,
ucf101,val,v_HeadMassage_g05_c05,data/UCF101_data/UCF-101/HeadMassage/v_HeadMassage_g05_c05.avi,38,8,10,1,38,True,True,0.9052349925041199,0.12507096072658896,0.0036705907696159557,1.0223266277462244,270,8,8,8,False,
ucf101,val,v_HeadMassage_g07_c02,data/UCF101_data/UCF-101/HeadMassage/v_HeadMassage_g07_c02.avi,38,8,10,1,38,True,True,0.5595209002494812,0.07395304460078478,0.0036705907696159557,0.89403828792274,298,8,8,8,False,
ucf101,val,v_HeadMassage_g03_c06,data/UCF101_data/UCF-101/HeadMassage/v_HeadMassage_g03_c06.avi,38,8,10,1,38,True,True,0.7734025120735168,0.06637944607064128,0.0036705907696159557,0.8171619451604784,404,8,8,8,False,
ucf101,val,v_HeadMassage_g04_c02,data/UCF101_data/UCF-101/HeadMassage/v_HeadMassage_g04_c02.avi,38,8,10,1,38,True,True,0.776337742805481,0.06958612380549312,0.0036705907696159557,0.7477317382581532,168,8,8,8,False,
ucf101,val,v_HeadMassage_g03_c04,data/UCF101_data/UCF-101/HeadMassage/v_HeadMassage_g03_c04.avi,38,8,10,1,38,True,True,0.7895817160606384,0.06166871590539813,0.0036705907696159557,0.6750388909131289,315,8,8,8,False,
ucf101,val,v_HeadMassage_g02_c01,data/UCF101_data/UCF-101/HeadMassage/v_HeadMassage_g02_c01.avi,38,8,10,1,38,True,True,0.8815581798553467,0.0427776537835598,0.0036705907696159557,0.6101508033461869,243,8,8,8,False,
ucf101,val,v_HeadMassage_g07_c03,data/UCF101_data/UCF-101/HeadMassage/v_HeadMassage_g07_c03.avi,38,8,10,1,38,True,True,0.5101972222328186,0.04991255793720484,0.0036705907696159557,0.5637740227393806,178,8,8,8,False,
ucf101,val,v_HeadMassage_g05_c06,data/UCF101_data/UCF-101/HeadMassage/v_HeadMassage_g05_c06.avi,38,8,10,1,38,True,True,0.6960347294807434,0.040601504035294056,0.0036705907696159557,0.5109413219615817,107,8,8,8,False,
ucf101,val,v_HeadMassage_g07_c01,data/UCF101_data/UCF-101/HeadMassage/v_HeadMassage_g07_c01.avi,38,8,10,1,38,True,True,0.49175161123275757,0.07643441762775183,0.003725047121406533,1.8198416358791292,252,8,8,8,False,
ucf101,val,v_HeadMassage_g06_c01,data/UCF101_data/UCF-101/HeadMassage/v_HeadMassage_g06_c01.avi,38,8,10,1,38,True,True,0.3390231132507324,0.043574392795562744,0.003725047121406533,1.7404131540097296,229,8,8,8,False,
ucf101,val,v_HeadMassage_g03_c07,data/UCF101_data/UCF-101/HeadMassage/v_HeadMassage_g03_c07.avi,38,8,10,1,38,True,True,0.6878020763397217,0.01509184530004859,0.003725047121406533,1.693648459855467,337,8,8,8,False,
ucf101,val,v_HeadMassage_g04_c01,data/UCF101_data/UCF-101/HeadMassage/v_HeadMassage_g04_c01.avi,38,8,10,1,38,True,True,0.8814879655838013,0.0379344429820776,0.003725047121406533,1.6767921359278262,153,8,8,8,False,
ucf101,val,v_HeadMassage_g04_c03,data/UCF101_data/UCF-101/HeadMassage/v_HeadMassage_g04_c03.avi,38,8,10,1,38,True,True,0.7821212410926819,0.05242254910990596,0.003725047121406533,1.6358127756975591,180,8,8,8,False,
ucf101,val,v_HeadMassage_g03_c01,data/UCF101_data/UCF-101/HeadMassage/v_HeadMassage_g03_c01.avi,38,8,10,1,38,True,True,0.37015092372894287,0.06041538389399648,0.003725047121406533,1.5802801731042564,320,8,8,8,False,
ucf101,val,v_HeadMassage_g02_c06,data/UCF101_data/UCF-101/HeadMassage/v_HeadMassage_g02_c06.avi,38,8,10,1,38,True,True,0.8641281723976135,0.07331536710262299,0.003725047121406533,1.517751787789166,310,8,8,8,False,
ucf101,val,v_HeadMassage_g01_c01,data/UCF101_data/UCF-101/HeadMassage/v_HeadMassage_g01_c01.avi,38,8,10,1,38,True,True,0.5236731171607971,0.04265162395313382,0.003725047121406533,1.4413397321477532,154,8,8,8,False,
ucf101,val,v_HeadMassage_g06_c04,data/UCF101_data/UCF-101/HeadMassage/v_HeadMassage_g06_c04.avi,38,8,10,1,61,False,False,0.23439230024814606,0.02740247594192624,0.003725047121406533,1.3967251600697637,232,8,8,8,False,
ucf101,val,v_HeadMassage_g05_c04,data/UCF101_data/UCF-101/HeadMassage/v_HeadMassage_g05_c04.avi,38,8,10,1,38,True,True,0.8573949337005615,0.06284684594720602,0.003725047121406533,1.3669598191045225,243,8,8,8,False,
ucf101,val,v_HeadMassage_g06_c07,data/UCF101_data/UCF-101/HeadMassage/v_HeadMassage_g06_c07.avi,38,8,10,1,38,True,True,0.3003509044647217,0.03146180370822549,0.003725047121406533,1.3016482749953866,257,8,8,8,False,
ucf101,val,v_HeadMassage_g05_c02,data/UCF101_data/UCF-101/HeadMassage/v_HeadMassage_g05_c02.avi,38,8,10,1,38,True,True,0.7895956635475159,0.05588723998516798,0.003725047121406533,1.2679809089750051,199,8,8,8,False,
ucf101,val,v_HighJump_g03_c02,data/UCF101_data/UCF-101/HighJump/v_HighJump_g03_c02.avi,39,8,10,1,52,False,False,0.4614165425300598,0.06555634131655097,0.003725047121406533,1.2091975091025233,138,8,8,8,False,
ucf101,val,v_HighJump_g05_c01,data/UCF101_data/UCF-101/HighJump/v_HighJump_g05_c01.avi,39,8,10,1,44,False,True,0.5921986103057861,0.029546792153269053,0.003725047121406533,1.140762790106237,121,8,8,8,False,
ucf101,val,v_HighJump_g04_c01,data/UCF101_data/UCF-101/HighJump/v_HighJump_g04_c01.avi,39,8,10,1,50,False,True,0.9417807459831238,0.02714049769565463,0.003725047121406533,1.108954864088446,96,8,8,8,False,
ucf101,val,v_HighJump_g04_c06,data/UCF101_data/UCF-101/HighJump/v_HighJump_g04_c06.avi,39,8,10,1,86,False,False,0.6584374904632568,0.06303327903151512,0.003725047121406533,1.0787776531651616,132,8,8,8,False,
ucf101,val,v_HighJump_g04_c02,data/UCF101_data/UCF-101/HighJump/v_HighJump_g04_c02.avi,39,8,10,1,39,True,True,0.43292805552482605,0.02814244758337736,0.003725047121406533,1.0116480537690222,144,8,8,8,False,
ucf101,val,v_HighJump_g07_c02,data/UCF101_data/UCF-101/HighJump/v_HighJump_g07_c02.avi,39,8,10,1,78,False,True,0.6220583915710449,0.048464925959706306,0.003725047121406533,0.9816680559888482,98,8,8,8,False,
ucf101,val,v_HighJump_g07_c01,data/UCF101_data/UCF-101/HighJump/v_HighJump_g07_c01.avi,39,8,10,1,30,False,True,0.45243147015571594,0.03128293389454484,0.003725047121406533,0.9311495712026954,116,8,8,8,False,
ucf101,val,v_HighJump_g01_c01,data/UCF101_data/UCF-101/HighJump/v_HighJump_g01_c01.avi,39,8,10,1,29,False,True,0.6764946579933167,0.027140293270349503,0.003725047121406533,0.8976962328888476,155,8,8,8,False,
ucf101,val,v_HighJump_g07_c04,data/UCF101_data/UCF-101/HighJump/v_HighJump_g07_c04.avi,39,8,10,1,92,False,False,0.6369431614875793,0.026336046867072582,0.003725047121406533,0.8679201030172408,102,8,8,8,False,
ucf101,val,v_HighJump_g02_c02,data/UCF101_data/UCF-101/HighJump/v_HighJump_g02_c02.avi,39,8,10,1,78,False,False,0.6852239966392517,0.04633897263556719,0.003725047121406533,0.8392615937627852,137,8,8,8,False,
ucf101,val,v_HighJump_g01_c03,data/UCF101_data/UCF-101/HighJump/v_HighJump_g01_c03.avi,39,8,10,1,52,False,False,0.614162027835846,0.02297261217609048,0.003725047121406533,0.7902606381103396,102,8,8,8,False,
ucf101,val,v_HighJump_g02_c03,data/UCF101_data/UCF-101/HighJump/v_HighJump_g02_c03.avi,39,8,10,1,44,False,True,0.7590570449829102,0.027018773835152388,0.003725047121406533,0.7644709348678589,121,8,8,8,False,
ucf101,val,v_HighJump_g05_c02,data/UCF101_data/UCF-101/HighJump/v_HighJump_g05_c02.avi,39,8,10,1,97,False,False,0.13967426121234894,0.026020989753305912,0.003725047121406533,0.7341561373323202,71,7,8,8,False,
ucf101,val,v_HighJump_g07_c06,data/UCF101_data/UCF-101/HighJump/v_HighJump_g07_c06.avi,39,8,10,1,44,False,True,0.4688552916049957,0.0186058790422976,0.003725047121406533,0.7057136418297887,80,8,8,8,False,
ucf101,val,v_HighJump_g03_c04,data/UCF101_data/UCF-101/HighJump/v_HighJump_g03_c04.avi,39,8,10,1,44,False,True,0.5163475275039673,0.04771131183952093,0.003725047121406533,0.685500520747155,183,8,8,8,False,
ucf101,val,v_HighJump_g06_c04,data/UCF101_data/UCF-101/HighJump/v_HighJump_g06_c04.avi,39,8,10,1,67,False,True,0.5023917555809021,0.051887750159949064,0.003725047121406533,0.6353446641005576,105,8,8,8,False,
ucf101,val,v_HighJump_g05_c04,data/UCF101_data/UCF-101/HighJump/v_HighJump_g05_c04.avi,39,8,10,1,42,False,False,0.11609300971031189,0.02536953892558813,0.003725047121406533,0.5815977393649518,121,8,8,8,False,
ucf101,val,v_HighJump_g07_c05,data/UCF101_data/UCF-101/HighJump/v_HighJump_g07_c05.avi,39,8,10,1,44,False,True,0.8603277802467346,0.025325017981231213,0.003725047121406533,0.5528367944061756,91,8,8,8,False,
ucf101,val,v_HighJump_g04_c04,data/UCF101_data/UCF-101/HighJump/v_HighJump_g04_c04.avi,39,8,10,1,35,False,True,0.6733959913253784,0.02761545404791832,0.003725047121406533,0.5258770859800279,108,8,8,8,False,
ucf101,val,v_HighJump_g03_c03,data/UCF101_data/UCF-101/HighJump/v_HighJump_g03_c03.avi,39,8,10,1,50,False,True,0.7831210494041443,0.023154841270297766,0.003725047121406533,0.4959547589533031,92,8,8,8,False,
ucf101,val,v_HorseRace_g01_c02,data/UCF101_data/UCF-101/HorseRace/v_HorseRace_g01_c02.avi,40,8,10,1,40,True,True,0.9832130074501038,0.060018857941031456,0.004293814083212055,2.4068639930337667,153,8,8,8,False,
ucf101,val,v_HorseRace_g02_c02,data/UCF101_data/UCF-101/HorseRace/v_HorseRace_g02_c02.avi,40,8,10,1,40,True,True,0.8351686000823975,0.05955140292644501,0.004293814083212055,2.3436870691366494,300,8,8,8,False,
ucf101,val,v_HorseRace_g04_c06,data/UCF101_data/UCF-101/HorseRace/v_HorseRace_g04_c06.avi,40,8,10,1,40,True,True,0.9683873653411865,0.028575934004038572,0.004293814083212055,2.282057820353657,158,8,8,8,False,
ucf101,val,v_HorseRace_g04_c02,data/UCF101_data/UCF-101/HorseRace/v_HorseRace_g04_c02.avi,40,8,10,1,40,True,True,0.9393385648727417,0.028768425807356834,0.004293814083212055,2.2503503719344735,155,8,8,8,False,
ucf101,val,v_HorseRace_g03_c05,data/UCF101_data/UCF-101/HorseRace/v_HorseRace_g03_c05.avi,40,8,10,1,40,True,True,0.9811795353889465,0.03203054517507553,0.004293814083212055,2.2197911059483886,131,8,8,8,False,
ucf101,val,v_HorseRace_g05_c04,data/UCF101_data/UCF-101/HorseRace/v_HorseRace_g05_c04.avi,40,8,10,1,40,True,True,0.9769744277000427,0.03609457006677985,0.004293814083212055,2.1846670410595834,214,8,8,8,False,
ucf101,val,v_HorseRace_g02_c04,data/UCF101_data/UCF-101/HorseRace/v_HorseRace_g02_c04.avi,40,8,10,1,40,True,True,0.9362922310829163,0.05532390298321843,0.004293814083212055,2.1455491799861193,341,8,8,8,False,
ucf101,val,v_HorseRace_g03_c02,data/UCF101_data/UCF-101/HorseRace/v_HorseRace_g03_c02.avi,40,8,10,1,40,True,True,0.9806071519851685,0.021712458692491055,0.004293814083212055,2.0879457015544176,164,8,8,8,False,
ucf101,val,v_HorseRace_g05_c03,data/UCF101_data/UCF-101/HorseRace/v_HorseRace_g05_c03.avi,40,8,10,1,40,True,True,0.9269627928733826,0.05751494783908129,0.004293814083212055,2.063643846195191,273,8,8,8,False,
ucf101,val,v_HorseRace_g07_c04,data/UCF101_data/UCF-101/HorseRace/v_HorseRace_g07_c04.avi,40,8,10,1,40,True,True,0.8199639320373535,0.06859961291775107,0.004293814083212055,2.003891337197274,182,8,8,8,False,
ucf101,val,v_HorseRace_g03_c04,data/UCF101_data/UCF-101/HorseRace/v_HorseRace_g03_c04.avi,40,8,10,1,40,True,True,0.9773774743080139,0.029663705732673407,0.004293814083212055,1.9323677872307599,151,8,8,8,False,
ucf101,val,v_HorseRace_g04_c03,data/UCF101_data/UCF-101/HorseRace/v_HorseRace_g04_c03.avi,40,8,10,1,40,True,True,0.910485029220581,0.02383279101923108,0.004293814083212055,1.9002503021620214,78,8,8,8,False,
ucf101,val,v_HorseRace_g04_c05,data/UCF101_data/UCF-101/HorseRace/v_HorseRace_g04_c05.avi,40,8,10,1,40,True,True,0.9671881794929504,0.033363204915076494,0.004293814083212055,1.8746875249780715,138,8,8,8,False,
ucf101,val,v_HorseRace_g04_c04,data/UCF101_data/UCF-101/HorseRace/v_HorseRace_g04_c04.avi,40,8,10,1,40,True,True,0.9755369424819946,0.03396566165611148,0.004293814083212055,1.838609122671187,135,8,8,8,False,
ucf101,val,v_HorseRace_g06_c02,data/UCF101_data/UCF-101/HorseRace/v_HorseRace_g06_c02.avi,40,8,10,1,40,True,True,0.37772899866104126,0.025678115896880627,0.004293814083212055,1.8024879219010472,145,8,8,8,False,
ucf101,val,v_HorseRace_g04_c01,data/UCF101_data/UCF-101/HorseRace/v_HorseRace_g04_c01.avi,40,8,10,1,40,True,True,0.9173864126205444,0.022092339117079973,0.004293814083212055,1.7745099728927016,148,8,8,8,False,
ucf101,val,v_HorseRace_g07_c01,data/UCF101_data/UCF-101/HorseRace/v_HorseRace_g07_c01.avi,40,8,10,1,40,True,True,0.9487205743789673,0.028166444040834904,0.004293814083212055,1.7508236337453127,169,8,8,8,False,
ucf101,val,v_HorseRace_g03_c03,data/UCF101_data/UCF-101/HorseRace/v_HorseRace_g03_c03.avi,40,8,10,1,40,True,True,0.9534503817558289,0.045605272985994816,0.004293814083212055,1.7216317360289395,161,8,8,8,False,
ucf101,val,v_HorseRace_g05_c02,data/UCF101_data/UCF-101/HorseRace/v_HorseRace_g05_c02.avi,40,8,10,1,40,True,True,0.9613563418388367,0.0707132094539702,0.004293814083212055,1.6730090510100126,298,8,8,8,False,
ucf101,val,v_HorseRace_g07_c03,data/UCF101_data/UCF-101/HorseRace/v_HorseRace_g07_c03.avi,40,8,10,1,40,True,True,0.9593675136566162,0.06192923802882433,0.004293814083212055,1.598567248787731,154,8,8,8,False,
ucf101,val,v_HorseRiding_g03_c04,data/UCF101_data/UCF-101/HorseRiding/v_HorseRiding_g03_c04.avi,41,8,10,1,41,True,True,0.9828391671180725,0.15077776042744517,0.004293814083212055,1.5336846318095922,151,8,8,8,False,
ucf101,val,v_HorseRiding_g03_c06,data/UCF101_data/UCF-101/HorseRiding/v_HorseRiding_g03_c06.avi,41,8,10,1,41,True,True,0.9715794324874878,0.06205210881307721,0.004293814083212055,1.379477748181671,180,8,8,8,False,
ucf101,val,v_HorseRiding_g03_c03,data/UCF101_data/UCF-101/HorseRiding/v_HorseRiding_g03_c03.avi,41,8,10,1,41,True,True,0.9850053787231445,0.2503846106119454,0.004293814083212055,1.3145358432084322,151,8,8,8,False,
ucf101,val,v_HorseRiding_g03_c01,data/UCF101_data/UCF-101/HorseRiding/v_HorseRiding_g03_c01.avi,41,8,10,1,41,True,True,0.9831153750419617,0.1777003831230104,0.004293814083212055,1.0619820579886436,185,8,8,8,False,
ucf101,val,v_HorseRiding_g02_c01,data/UCF101_data/UCF-101/HorseRiding/v_HorseRiding_g02_c01.avi,41,8,10,1,41,True,True,0.9854040741920471,0.031174882780760527,0.004293814083212055,0.8812061618082225,180,8,8,8,False,
ucf101,val,v_HorseRiding_g02_c06,data/UCF101_data/UCF-101/HorseRiding/v_HorseRiding_g02_c06.avi,41,8,10,1,41,True,True,0.949820876121521,0.0329601401463151,0.004293814083212055,0.8466897271573544,180,8,8,8,False,
ucf101,val,v_HorseRiding_g03_c07,data/UCF101_data/UCF-101/HorseRiding/v_HorseRiding_g03_c07.avi,41,8,10,1,41,True,True,0.9839547872543335,0.08460598206147552,0.004293814083212055,0.8109986018389463,192,8,8,8,False,
ucf101,val,v_HorseRiding_g07_c03,data/UCF101_data/UCF-101/HorseRiding/v_HorseRiding_g07_c03.avi,41,8,10,1,41,True,True,0.9857419729232788,0.0488224676810205,0.004293814083212055,0.7236102619208395,180,8,8,8,False,
ucf101,val,v_HorseRiding_g05_c07,data/UCF101_data/UCF-101/HorseRiding/v_HorseRiding_g05_c07.avi,41,8,10,1,41,True,True,0.9161199331283569,0.05717895599082112,0.004293814083212055,0.6718794428743422,240,8,8,8,False,
ucf101,val,v_HorseRiding_g02_c05,data/UCF101_data/UCF-101/HorseRiding/v_HorseRiding_g02_c05.avi,41,8,10,1,41,True,True,0.9858797192573547,0.026392057072371244,0.004293814083212055,0.6110406848601997,180,8,8,8,False,
ucf101,val,v_HorseRiding_g07_c02,data/UCF101_data/UCF-101/HorseRiding/v_HorseRiding_g07_c02.avi,41,8,10,1,41,True,True,0.9825035929679871,0.0329736121930182,0.004293814083212055,0.5825487221591175,180,8,8,8,False,
ucf101,val,v_HorseRiding_g02_c07,data/UCF101_data/UCF-101/HorseRiding/v_HorseRiding_g02_c07.avi,41,8,10,1,41,True,True,0.9842862486839294,0.029480823315680027,0.004293814083212055,0.5465659708715975,120,8,8,8,False,
ucf101,val,v_HorseRiding_g05_c03,data/UCF101_data/UCF-101/HorseRiding/v_HorseRiding_g05_c03.avi,41,8,10,1,41,True,True,0.9834397435188293,0.029868301935493946,0.0036097486881772056,1.7291138991713524,151,8,8,8,False,
ucf101,val,v_HorseRiding_g07_c07,data/UCF101_data/UCF-101/HorseRiding/v_HorseRiding_g07_c07.avi,41,8,10,1,41,True,True,0.9693724513053894,0.04716436890885234,0.0036097486881772056,1.6960813882760704,240,8,8,8,False,
ucf101,val,v_HorseRiding_g05_c06,data/UCF101_data/UCF-101/HorseRiding/v_HorseRiding_g05_c06.avi,41,8,10,1,41,True,True,0.9764100313186646,0.04763158969581127,0.0036097486881772056,1.6454655807465315,240,8,8,8,False,
ucf101,val,v_HorseRiding_g03_c05,data/UCF101_data/UCF-101/HorseRiding/v_HorseRiding_g03_c05.avi,41,8,10,1,41,True,True,0.9829704761505127,0.01792055508121848,0.0036097486881772056,1.5939705558121204,156,8,8,8,False,
ucf101,val,v_HorseRiding_g01_c07,data/UCF101_data/UCF-101/HorseRiding/v_HorseRiding_g01_c07.avi,41,8,10,1,41,True,True,0.9771939516067505,0.024083947762846947,0.0036097486881772056,1.5747979786247015,120,8,8,8,False,
ucf101,val,v_HorseRiding_g06_c04,data/UCF101_data/UCF-101/HorseRiding/v_HorseRiding_g06_c04.avi,41,8,10,1,41,True,True,0.9851469397544861,0.04826263012364507,0.0036097486881772056,1.5491728652268648,180,8,8,8,False,
ucf101,val,v_HorseRiding_g02_c03,data/UCF101_data/UCF-101/HorseRiding/v_HorseRiding_g02_c03.avi,41,8,10,1,41,True,True,0.9847440123558044,0.031335923820734024,0.0036097486881772056,1.4985324507579207,121,8,8,8,False,
ucf101,val,v_HorseRiding_g06_c07,data/UCF101_data/UCF-101/HorseRiding/v_HorseRiding_g06_c07.avi,41,8,10,1,41,True,True,0.9861931204795837,0.028084957972168922,0.0036097486881772056,1.4645918672904372,216,8,8,8,False,
ucf101,val,v_HulaHoop_g05_c03,data/UCF101_data/UCF-101/HulaHoop/v_HulaHoop_g05_c03.avi,42,8,10,1,42,True,True,0.9801150560379028,0.04253919282928109,0.0036097486881772056,1.4339255830273032,108,8,8,8,False,
ucf101,val,v_HulaHoop_g03_c01,data/UCF101_data/UCF-101/HulaHoop/v_HulaHoop_g03_c01.avi,42,8,10,1,42,True,True,0.9840369820594788,0.03367713140323758,0.0036097486881772056,1.3892298038117588,92,8,8,8,False,
ucf101,val,v_HulaHoop_g04_c04,data/UCF101_data/UCF-101/HulaHoop/v_HulaHoop_g04_c04.avi,42,8,10,1,57,False,False,0.41202765703201294,0.03403318673372269,0.0036097486881772056,1.3533325400203466,111,8,8,8,False,
ucf101,val,v_HulaHoop_g01_c01,data/UCF101_data/UCF-101/HulaHoop/v_HulaHoop_g01_c01.avi,42,8,10,1,42,True,True,0.9824156165122986,0.03854395216330886,0.0036097486881772056,1.3163181799463928,91,8,8,8,False,
ucf101,val,v_HulaHoop_g05_c02,data/UCF101_data/UCF-101/HulaHoop/v_HulaHoop_g05_c02.avi,42,8,10,1,42,True,True,0.9739000201225281,0.014170903712511063,0.0036097486881772056,1.2754063000902534,96,8,8,8,False,
ucf101,val,v_HulaHoop_g04_c02,data/UCF101_data/UCF-101/HulaHoop/v_HulaHoop_g04_c02.avi,42,8,10,1,86,False,True,0.2872277498245239,0.0532311350107193,0.0036097486881772056,1.260029748082161,112,8,8,8,False,
ucf101,val,v_HulaHoop_g01_c05,data/UCF101_data/UCF-101/HulaHoop/v_HulaHoop_g01_c05.avi,42,8,10,1,42,True,True,0.9821017384529114,0.043541037011891603,0.0036097486881772056,1.2032876070588827,121,8,8,8,False,
ucf101,val,v_HulaHoop_g02_c02,data/UCF101_data/UCF-101/HulaHoop/v_HulaHoop_g02_c02.avi,42,8,10,1,42,True,True,0.9841998815536499,0.030995197128504515,0.0036097486881772056,1.1567364428192377,121,8,8,8,False,
ucf101,val,v_HulaHoop_g01_c02,data/UCF101_data/UCF-101/HulaHoop/v_HulaHoop_g01_c02.avi,42,8,10,1,42,True,True,0.9499056339263916,0.032585633918643,0.0036097486881772056,1.1234912239015102,141,8,8,8,False,
ucf101,val,v_HulaHoop_g06_c01,data/UCF101_data/UCF-101/HulaHoop/v_HulaHoop_g06_c01.avi,42,8,10,1,42,True,True,0.922458291053772,0.01903748605400324,0.0036097486881772056,1.0874486672692,96,8,8,8,False,
ucf101,val,v_HulaHoop_g06_c04,data/UCF101_data/UCF-101/HulaHoop/v_HulaHoop_g06_c04.avi,42,8,10,1,42,True,True,0.7133862972259521,0.021644852124154568,0.0036097486881772056,1.066807840950787,96,8,8,8,False,
ucf101,val,v_HulaHoop_g02_c03,data/UCF101_data/UCF-101/HulaHoop/v_HulaHoop_g02_c03.avi,42,8,10,1,42,True,True,0.9842929244041443,0.024593244772404432,0.0036097486881772056,1.0437773428857327,121,8,8,8,False,
ucf101,val,v_HulaHoop_g06_c03,data/UCF101_data/UCF-101/HulaHoop/v_HulaHoop_g06_c03.avi,42,8,10,1,27,False,False,0.1420576572418213,0.02168325800448656,0.0036097486881772056,1.0161768128164113,96,8,8,8,False,
ucf101,val,v_HulaHoop_g04_c05,data/UCF101_data/UCF-101/HulaHoop/v_HulaHoop_g04_c05.avi,42,8,10,1,57,False,False,0.2973339855670929,0.04348416393622756,0.0036097486881772056,0.9918223801068962,115,8,8,8,False,
ucf101,val,v_HulaHoop_g03_c05,data/UCF101_data/UCF-101/HulaHoop/v_HulaHoop_g03_c05.avi,42,8,10,1,42,True,True,0.7609772086143494,0.023567860946059227,0.0036097486881772056,0.9462258918210864,92,8,8,8,False,
ucf101,val,v_HulaHoop_g01_c04,data/UCF101_data/UCF-101/HulaHoop/v_HulaHoop_g01_c04.avi,42,8,10,1,42,True,True,0.9791672229766846,0.034081135876476765,0.0036097486881772056,0.919968256726861,101,8,8,8,False,
ucf101,val,v_HulaHoop_g07_c02,data/UCF101_data/UCF-101/HulaHoop/v_HulaHoop_g07_c02.avi,42,8,10,1,42,True,True,0.9831672310829163,0.018491861876100302,0.0036097486881772056,0.8828547289595008,101,8,8,8,False,
ucf101,val,v_HulaHoop_g07_c01,data/UCF101_data/UCF-101/HulaHoop/v_HulaHoop_g07_c01.avi,42,8,10,1,42,True,True,0.9824017882347107,0.025071948301047087,0.0036097486881772056,0.8619364551268518,96,8,8,8,False,
ucf101,val,v_HulaHoop_g07_c03,data/UCF101_data/UCF-101/HulaHoop/v_HulaHoop_g07_c03.avi,42,8,10,1,42,True,True,0.9843767881393433,0.03122940007597208,0.0036097486881772056,0.8339484948664904,91,8,8,8,False,
ucf101,val,v_HulaHoop_g02_c01,data/UCF101_data/UCF-101/HulaHoop/v_HulaHoop_g02_c01.avi,42,8,10,1,42,True,True,0.9844962358474731,0.02427418204024434,0.0036097486881772056,0.7999061071313918,111,8,8,8,False,
ucf101,val,v_IceDancing_g05_c02,data/UCF101_data/UCF-101/IceDancing/v_IceDancing_g05_c02.avi,43,8,10,1,43,True,True,0.9016129970550537,0.11267484910786152,0.0036097486881772056,0.7730019357986748,248,8,8,8,False,
ucf101,val,v_IceDancing_g04_c02,data/UCF101_data/UCF-101/IceDancing/v_IceDancing_g04_c02.avi,43,8,10,1,43,True,True,0.6231659054756165,0.06336570298299193,0.0036097486881772056,0.6581806521862745,249,8,8,8,False,
ucf101,val,v_IceDancing_g02_c05,data/UCF101_data/UCF-101/IceDancing/v_IceDancing_g02_c05.avi,43,8,10,1,43,True,True,0.9555624127388,0.06708432920277119,0.0036097486881772056,0.5918162511661649,244,8,8,8,False,
ucf101,val,v_IceDancing_g01_c04,data/UCF101_data/UCF-101/IceDancing/v_IceDancing_g01_c04.avi,43,8,10,1,43,True,True,0.9879015684127808,0.053269242867827415,0.0036097486881772056,0.5214611762203276,258,8,8,8,False,
ucf101,val,v_IceDancing_g03_c03,data/UCF101_data/UCF-101/IceDancing/v_IceDancing_g03_c03.avi,43,8,10,1,43,True,True,0.9828699231147766,0.06400145823135972,0.0038024085661163554,1.8001161450520158,247,8,8,8,False,
ucf101,val,v_IceDancing_g05_c04,data/UCF101_data/UCF-101/IceDancing/v_IceDancing_g05_c04.avi,43,8,10,1,43,True,True,0.9860748648643494,0.06429754383862019,0.0038024085661163554,1.7324372120201588,243,8,8,8,False,
ucf101,val,v_IceDancing_g02_c01,data/UCF101_data/UCF-101/IceDancing/v_IceDancing_g02_c01.avi,43,8,10,1,43,True,True,0.9634600877761841,0.06371440086513758,0.0038024085661163554,1.664934002328664,256,8,8,8,False,
ucf101,val,v_IceDancing_g01_c05,data/UCF101_data/UCF-101/IceDancing/v_IceDancing_g01_c05.avi,43,8,10,1,43,True,True,0.9864242672920227,0.0523401671089232,0.0038024085661163554,1.598368582315743,259,8,8,8,False,
ucf101,val,v_IceDancing_g04_c06,data/UCF101_data/UCF-101/IceDancing/v_IceDancing_g04_c06.avi,43,8,10,1,43,True,True,0.8585332036018372,0.06612725416198373,0.0038024085661163554,1.543074341956526,261,8,8,8,False,
ucf101,val,v_IceDancing_g05_c05,data/UCF101_data/UCF-101/IceDancing/v_IceDancing_g05_c05.avi,43,8,10,1,43,True,True,0.9845284819602966,0.02694040583446622,0.0038024085661163554,1.4737051171250641,243,8,8,8,False,
ucf101,val,v_IceDancing_g06_c06,data/UCF101_data/UCF-101/IceDancing/v_IceDancing_g06_c06.avi,43,8,10,1,43,True,True,0.9464162588119507,0.053959029726684093,0.0038024085661163554,1.4439361081458628,252,8,8,8,False,
ucf101,val,v_IceDancing_g07_c04,data/UCF101_data/UCF-101/IceDancing/v_IceDancing_g07_c04.avi,43,8,10,1,43,True,True,0.9895173907279968,0.03280730312690139,0.0038024085661163554,1.3866974893026054,230,8,8,8,False,
ucf101,val,v_IceDancing_g02_c03,data/UCF101_data/UCF-101/IceDancing/v_IceDancing_g02_c03.avi,43,8,10,1,43,True,True,0.9573550224304199,0.04934698762372136,0.0038024085661163554,1.3506700270809233,252,8,8,8,False,
ucf101,val,v_IceDancing_g06_c01,data/UCF101_data/UCF-101/IceDancing/v_IceDancing_g06_c01.avi,43,8,10,1,43,True,True,0.9713743329048157,0.030318185687065125,0.0038024085661163554,1.2989474311470985,187,8,8,8,False,
ucf101,val,v_IceDancing_g03_c06,data/UCF101_data/UCF-101/IceDancing/v_IceDancing_g03_c06.avi,43,8,10,1,43,True,True,0.9860472679138184,0.05218866094946861,0.0038024085661163554,1.2664649449288845,240,8,8,8,False,
ucf101,val,v_IceDancing_g01_c03,data/UCF101_data/UCF-101/IceDancing/v_IceDancing_g01_c03.avi,43,8,10,1,43,True,True,0.9757066965103149,0.050868215039372444,0.0038024085661163554,1.211748218163848,235,8,8,8,False,
ucf101,val,v_IceDancing_g07_c01,data/UCF101_data/UCF-101/IceDancing/v_IceDancing_g07_c01.avi,43,8,10,1,43,True,True,0.9173105955123901,0.01440871087834239,0.0038024085661163554,1.1580744511447847,261,8,8,8,False,
ucf101,val,v_IceDancing_g06_c02,data/UCF101_data/UCF-101/IceDancing/v_IceDancing_g06_c02.avi,43,8,10,1,43,True,True,0.9713757038116455,0.06470389384776354,0.0038024085661163554,1.1424508448690176,248,8,8,8,False,
ucf101,val,v_IceDancing_g03_c04,data/UCF101_data/UCF-101/IceDancing/v_IceDancing_g03_c04.avi,43,8,10,1,43,True,True,0.9604843258857727,0.05232605617493391,0.0038024085661163554,1.0751387788914144,243,8,8,8,False,
ucf101,val,v_IceDancing_g04_c05,data/UCF101_data/UCF-101/IceDancing/v_IceDancing_g04_c05.avi,43,8,10,1,43,True,True,0.14061559736728668,0.04976848000660539,0.0038024085661163554,1.0204273276031017,249,8,8,8,False,
ucf101,val,v_JavelinThrow_g04_c02,data/UCF101_data/UCF-101/JavelinThrow/v_JavelinThrow_g04_c02.avi,44,8,10,1,79,False,False,0.15384317934513092,0.07398813869804144,0.0038024085661163554,0.9681893386878073,167,8,8,8,False,
ucf101,val,v_JavelinThrow_g05_c04,data/UCF101_data/UCF-101/JavelinThrow/v_JavelinThrow_g05_c04.avi,44,8,10,1,44,True,True,0.9656572937965393,0.02874539140611887,0.0038024085661163554,0.8909683967940509,159,8,8,8,False,
ucf101,val,v_JavelinThrow_g07_c04,data/UCF101_data/UCF-101/JavelinThrow/v_JavelinThrow_g07_c04.avi,44,8,10,1,29,False,True,0.9480589032173157,0.02993934601545334,0.0038024085661163554,0.859902068041265,90,8,8,8,False,
ucf101,val,v_JavelinThrow_g06_c04,data/UCF101_data/UCF-101/JavelinThrow/v_JavelinThrow_g06_c04.avi,44,8,10,1,70,False,False,0.2620270252227783,0.03852430125698447,0.0038024085661163554,0.8279369799420238,135,8,8,8,False,
ucf101,val,v_JavelinThrow_g07_c03,data/UCF101_data/UCF-101/JavelinThrow/v_JavelinThrow_g07_c03.avi,44,8,10,1,29,False,True,0.9488149881362915,0.020609406754374504,0.0038024085661163554,0.7861017966642976,66,7,8,8,False,
ucf101,val,v_JavelinThrow_g02_c04,data/UCF101_data/UCF-101/JavelinThrow/v_JavelinThrow_g02_c04.avi,44,8,10,1,67,False,True,0.6284420490264893,0.026256284676492214,0.0038024085661163554,0.7642848030664027,142,8,8,8,False,
ucf101,val,v_JavelinThrow_g06_c03,data/UCF101_data/UCF-101/JavelinThrow/v_JavelinThrow_g06_c03.avi,44,8,10,1,57,False,False,0.18904320895671844,0.019245465751737356,0.0038024085661163554,0.736471985001117,142,8,8,8,False,
ucf101,val,v_JavelinThrow_g05_c01,data/UCF101_data/UCF-101/JavelinThrow/v_JavelinThrow_g05_c01.avi,44,8,10,1,44,True,True,0.962877631187439,0.03603804809972644,0.0038024085661163554,0.715467891190201,71,7,8,8,False,
ucf101,val,v_JavelinThrow_g04_c01,data/UCF101_data/UCF-101/JavelinThrow/v_JavelinThrow_g04_c01.avi,44,8,10,1,25,False,False,0.5483731627464294,0.029139488004148006,0.0038024085661163554,0.6762515311129391,132,8,8,8,False,
ucf101,val,v_JavelinThrow_g04_c03,data/UCF101_data/UCF-101/JavelinThrow/v_JavelinThrow_g04_c03.avi,44,8,10,1,84,False,False,0.14656998217105865,0.02467495296150446,0.0038024085661163554,0.6452991259284317,123,8,8,8,False,
ucf101,val,v_JavelinThrow_g05_c06,data/UCF101_data/UCF-101/JavelinThrow/v_JavelinThrow_g05_c06.avi,44,8,10,1,44,True,True,0.9688630104064941,0.022314741741865873,0.0038024085661163554,0.6186019461601973,51,5,8,8,False,
ucf101,val,v_JavelinThrow_g03_c02,data/UCF101_data/UCF-101/JavelinThrow/v_JavelinThrow_g03_c02.avi,44,8,10,1,70,False,False,0.2794409692287445,0.02709332387894392,0.0038024085661163554,0.5945190601050854,151,8,8,8,False,
ucf101,val,v_JavelinThrow_g05_c03,data/UCF101_data/UCF-101/JavelinThrow/v_JavelinThrow_g05_c03.avi,44,8,10,1,44,True,True,0.8214545249938965,0.021804376039654016,0.0038024085661163554,0.5636740359477699,98,8,8,8,False,
ucf101,val,v_JavelinThrow_g07_c05,data/UCF101_data/UCF-101/JavelinThrow/v_JavelinThrow_g07_c05.avi,44,8,10,1,29,False,True,0.869357168674469,0.00772080197930336,0.0038024085661163554,0.5392267997376621,72,7,8,8,False,
ucf101,val,v_JavelinThrow_g07_c01,data/UCF101_data/UCF-101/JavelinThrow/v_JavelinThrow_g07_c01.avi,44,8,10,1,29,False,False,0.9684965014457703,0.02272324077785015,0.0038024085661163554,0.5304619059897959,77,8,8,8,False,
ucf101,val,v_JavelinThrow_g01_c02,data/UCF101_data/UCF-101/JavelinThrow/v_JavelinThrow_g01_c02.avi,44,8,10,1,51,False,False,0.7651386857032776,0.02816976187750697,0.0038024085661163554,0.5063428767025471,144,8,8,8,False,
ucf101,val,v_JavelinThrow_g06_c02,data/UCF101_data/UCF-101/JavelinThrow/v_JavelinThrow_g06_c02.avi,44,8,10,1,86,False,False,0.5334799289703369,0.04578480636700988,0.004488328617298976,2.759310774039477,163,8,8,8,False,
ucf101,val,v_JavelinThrow_g03_c04,data/UCF101_data/UCF-101/JavelinThrow/v_JavelinThrow_g03_c04.avi,44,8,10,1,44,True,True,0.9280713796615601,0.02794802188873291,0.004488328617298976,2.7104293750599027,61,6,8,8,False,
ucf101,val,v_JavelinThrow_g04_c04,data/UCF101_data/UCF-101/JavelinThrow/v_JavelinThrow_g04_c04.avi,44,8,10,1,37,False,False,0.11660085618495941,0.03126215795055032,0.004488328617298976,2.6794805927202106,120,8,8,8,False,
ucf101,val,v_JavelinThrow_g01_c04,data/UCF101_data/UCF-101/JavelinThrow/v_JavelinThrow_g01_c04.avi,44,8,10,1,44,True,True,0.7805380821228027,0.03250469686463475,0.004488328617298976,2.6448998618870974,110,8,8,8,False,
ucf101,val,v_JugglingBalls_g03_c04,data/UCF101_data/UCF-101/JugglingBalls/v_JugglingBalls_g03_c04.avi,45,8,10,1,45,True,True,0.955184280872345,0.10101263131946325,0.004488328617298976,2.609352015890181,256,8,8,8,False,
ucf101,val,v_JugglingBalls_g03_c07,data/UCF101_data/UCF-101/JugglingBalls/v_JugglingBalls_g03_c07.avi,45,8,10,1,45,True,True,0.9572370648384094,0.05784822814166546,0.004488328617298976,2.505222663283348,269,8,8,8,False,
ucf101,val,v_JugglingBalls_g02_c02,data/UCF101_data/UCF-101/JugglingBalls/v_JugglingBalls_g02_c02.avi,45,8,10,1,45,True,True,0.9545857906341553,0.06185532175004482,0.004488328617298976,2.444445389788598,253,8,8,8,False,
ucf101,val,v_JugglingBalls_g03_c01,data/UCF101_data/UCF-101/JugglingBalls/v_JugglingBalls_g03_c01.avi,45,8,10,1,45,True,True,0.9529322385787964,0.09053887007758021,0.004488328617298976,2.3803746281191707,263,8,8,8,False,
ucf101,val,v_JugglingBalls_g03_c06,data/UCF101_data/UCF-101/JugglingBalls/v_JugglingBalls_g03_c06.avi,45,8,10,1,45,True,True,0.9517477750778198,0.0690009081736207,0.004488328617298976,2.2870032652281225,257,8,8,8,False,
ucf101,val,v_JugglingBalls_g03_c02,data/UCF101_data/UCF-101/JugglingBalls/v_JugglingBalls_g03_c02.avi,45,8,10,1,45,True,True,0.9524256587028503,0.056265662889927626,0.004488328617298976,2.2158079110085964,249,8,8,8,False,
ucf101,val,v_JugglingBalls_g02_c01,data/UCF101_data/UCF-101/JugglingBalls/v_JugglingBalls_g02_c01.avi,45,8,10,1,45,True,True,0.9433820843696594,0.06319575197994709,0.004488328617298976,2.1560615682974458,247,8,8,8,False,
ucf101,val,v_JugglingBalls_g07_c04,data/UCF101_data/UCF-101/JugglingBalls/v_JugglingBalls_g07_c04.avi,45,8,10,1,45,True,True,0.1894332319498062,0.253464771900326,0.004488328617298976,2.090656971093267,250,8,8,8,False,
ucf101,val,v_JugglingBalls_g01_c01,data/UCF101_data/UCF-101/JugglingBalls/v_JugglingBalls_g01_c01.avi,45,8,10,1,47,False,True,0.7726613879203796,0.06418051896616817,0.004488328617298976,1.8343025264330208,257,8,8,8,False,
ucf101,val,v_JugglingBalls_g07_c07,data/UCF101_data/UCF-101/JugglingBalls/v_JugglingBalls_g07_c07.avi,45,8,10,1,55,False,True,0.4811282157897949,0.3499119528569281,0.004488328617298976,1.7662810739129782,252,8,8,8,False,
ucf101,val,v_JugglingBalls_g03_c05,data/UCF101_data/UCF-101/JugglingBalls/v_JugglingBalls_g03_c05.avi,45,8,10,1,45,True,True,0.9628801345825195,0.07436755392700434,0.004488328617298976,1.4141282383352518,276,8,8,8,False,
ucf101,val,v_JugglingBalls_g05_c01,data/UCF101_data/UCF-101/JugglingBalls/v_JugglingBalls_g05_c01.avi,45,8,10,1,45,True,True,0.9559522271156311,0.06246982701122761,0.004488328617298976,1.3379173958674073,243,8,8,8,False,
ucf101,val,v_JugglingBalls_g04_c03,data/UCF101_data/UCF-101/JugglingBalls/v_JugglingBalls_g04_c03.avi,45,8,10,1,45,True,True,0.9331766963005066,0.04979949397966266,0.004488328617298976,1.2722121602855623,246,8,8,8,False,
ucf101,val,v_JugglingBalls_g07_c03,data/UCF101_data/UCF-101/JugglingBalls/v_JugglingBalls_g07_c03.avi,45,8,10,1,55,False,True,0.42163437604904175,0.053839749190956354,0.004488328617298976,1.220339837949723,246,8,8,8,False,
ucf101,val,v_JugglingBalls_g02_c06,data/UCF101_data/UCF-101/JugglingBalls/v_JugglingBalls_g02_c06.avi,45,8,10,1,45,True,True,0.9052633047103882,0.06863848585635424,0.004488328617298976,1.1635422841645777,253,8,8,8,False,
ucf101,val,v_JugglingBalls_g01_c02,data/UCF101_data/UCF-101/JugglingBalls/v_JugglingBalls_g01_c02.avi,45,8,10,1,45,True,True,0.3912370502948761,0.052649520337581635,0.004488328617298976,1.0914116562344134,248,8,8,8,False,
ucf101,val,v_JugglingBalls_g02_c04,data/UCF101_data/UCF-101/JugglingBalls/v_JugglingBalls_g02_c04.avi,45,8,10,1,45,True,True,0.9574766159057617,0.05441218102350831,0.004488328617298976,1.035732091870159,247,8,8,8,False,
ucf101,val,v_JugglingBalls_g05_c04,data/UCF101_data/UCF-101/JugglingBalls/v_JugglingBalls_g05_c04.avi,45,8,10,1,45,True,True,0.9578540325164795,0.03601196175441146,0.004488328617298976,0.9784325552172959,254,8,8,8,False,
ucf101,val,v_JugglingBalls_g06_c02,data/UCF101_data/UCF-101/JugglingBalls/v_JugglingBalls_g06_c02.avi,45,8,10,1,45,True,True,0.9385083317756653,0.044971351977437735,0.004488328617298976,0.9405870749615133,240,8,8,8,False,
ucf101,val,v_JugglingBalls_g06_c03,data/UCF101_data/UCF-101/JugglingBalls/v_JugglingBalls_g06_c03.avi,45,8,10,1,45,True,True,0.9404104351997375,0.05323146376758814,0.004488328617298976,0.8934697909280658,257,8,8,8,False,
ucf101,val,v_JumpingJack_g01_c05,data/UCF101_data/UCF-101/JumpingJack/v_JumpingJack_g01_c05.avi,46,8,10,1,46,True,True,0.9459522366523743,0.056851324159651995,0.004488328617298976,0.8372378600761294,89,8,8,8,False,
ucf101,val,v_JumpingJack_g03_c04,data/UCF101_data/UCF-101/JumpingJack/v_JumpingJack_g03_c04.avi,46,8,10,1,46,True,True,0.8174324035644531,0.02790121268481016,0.004488328617298976,0.7786451983265579,84,8,8,8,False,
ucf101,val,v_JumpingJack_g04_c02,data/UCF101_data/UCF-101/JumpingJack/v_JumpingJack_g04_c02.avi,46,8,10,1,51,False,False,0.8032827377319336,0.02270301664248109,0.004488328617298976,0.7492132750339806,78,8,8,8,False,
ucf101,val,v_JumpingJack_g03_c02,data/UCF101_data/UCF-101/JumpingJack/v_JumpingJack_g03_c02.avi,46,8,10,1,46,True,True,0.706506073474884,0.030767830088734627,0.004488328617298976,0.7245739712379873,88,8,8,8,False,
ucf101,val,v_JumpingJack_g06_c03,data/UCF101_data/UCF-101/JumpingJack/v_JumpingJack_g06_c03.avi,46,8,10,1,47,False,True,0.43463411927223206,0.0716911037452519,0.004488328617298976,0.6912898709997535,79,8,8,8,False,
ucf101,val,v_JumpingJack_g02_c01,data/UCF101_data/UCF-101/JumpingJack/v_JumpingJack_g02_c01.avi,46,8,10,1,47,False,True,0.787038266658783,0.022696109022945166,0.004488328617298976,0.6176222977228463,63,6,8,8,False,
ucf101,val,v_JumpingJack_g04_c03,data/UCF101_data/UCF-101/JumpingJack/v_JumpingJack_g04_c03.avi,46,8,10,1,51,False,False,0.5306756496429443,0.015256776940077543,0.004488328617298976,0.5935022309422493,80,8,8,8,False,
ucf101,val,v_JumpingJack_g06_c07,data/UCF101_data/UCF-101/JumpingJack/v_JumpingJack_g06_c07.avi,46,8,10,1,46,True,True,0.5825387239456177,0.03131072781980038,0.004488328617298976,0.5768806333653629,66,7,8,8,False,
ucf101,val,v_JumpingJack_g05_c02,data/UCF101_data/UCF-101/JumpingJack/v_JumpingJack_g05_c02.avi,46,8,10,1,17,False,True,0.4554854929447174,0.01851600967347622,0.003420407767407596,2.238493361044675,82,8,8,8,False,
ucf101,val,v_JumpingJack_g07_c05,data/UCF101_data/UCF-101/JumpingJack/v_JumpingJack_g07_c05.avi,46,8,10,1,46,True,True,0.6743125319480896,0.05473093828186393,0.003420407767407596,2.2175821238197386,88,8,8,8,False,
ucf101,val,v_JumpingJack_g02_c02,data/UCF101_data/UCF-101/JumpingJack/v_JumpingJack_g02_c02.avi,46,8,10,1,47,False,True,0.7572457194328308,0.008536607027053833,0.003420407767407596,2.1606960291974247,63,6,8,8,False,
ucf101,val,v_JumpingJack_g07_c01,data/UCF101_data/UCF-101/JumpingJack/v_JumpingJack_g07_c01.avi,46,8,10,1,46,True,True,0.8563922047615051,0.024061773903667927,0.003420407767407596,2.1508390130475163,88,8,8,8,False,
ucf101,val,v_JumpingJack_g01_c03,data/UCF101_data/UCF-101/JumpingJack/v_JumpingJack_g01_c03.avi,46,8,10,1,46,True,True,0.8952237367630005,0.007966374047100544,0.003420407767407596,2.1254877676256,92,8,8,8,False,
ucf101,val,v_JumpingJack_g01_c02,data/UCF101_data/UCF-101/JumpingJack/v_JumpingJack_g01_c02.avi,46,8,10,1,46,True,True,0.9342829585075378,0.029648783151060343,0.003420407767407596,2.1165320528671145,91,8,8,8,False,
ucf101,val,v_JumpingJack_g01_c06,data/UCF101_data/UCF-101/JumpingJack/v_JumpingJack_g01_c06.avi,46,8,10,1,46,True,True,0.9460262656211853,0.029948742128908634,0.003420407767407596,2.0843006102368236,88,8,8,8,False,
ucf101,val,v_JumpingJack_g02_c03,data/UCF101_data/UCF-101/JumpingJack/v_JumpingJack_g02_c03.avi,46,8,10,1,51,False,False,0.40951618552207947,0.02346727205440402,0.003420407767407596,2.0525243231095374,101,8,8,8,False,
ucf101,val,v_JumpingJack_g05_c01,data/UCF101_data/UCF-101/JumpingJack/v_JumpingJack_g05_c01.avi,46,8,10,1,17,False,False,0.4421258568763733,0.017042253632098436,0.003420407767407596,2.027910654898733,81,8,8,8,False,
ucf101,val,v_JumpingJack_g04_c04,data/UCF101_data/UCF-101/JumpingJack/v_JumpingJack_g04_c04.avi,46,8,10,1,51,False,False,0.5642118453979492,0.020419707987457514,0.003420407767407596,2.009819489903748,85,8,8,8,False,
ucf101,val,v_JumpingJack_g05_c03,data/UCF101_data/UCF-101/JumpingJack/v_JumpingJack_g05_c03.avi,46,8,10,1,46,True,True,0.42036116123199463,0.008928509429097176,0.003420407767407596,1.988252380862832,100,8,8,8,False,
ucf101,val,v_JumpingJack_g07_c04,data/UCF101_data/UCF-101/JumpingJack/v_JumpingJack_g07_c04.avi,46,8,10,1,46,True,True,0.4935706853866577,0.021622009109705687,0.003420407767407596,1.9783121198415756,87,8,8,8,False,
ucf101,val,v_JumpRope_g02_c04,data/UCF101_data/UCF-101/JumpRope/v_JumpRope_g02_c04.avi,47,8,10,1,47,True,True,0.4726441204547882,0.11573724122717977,0.003420407767407596,1.9552834010683,500,8,8,8,False,
ucf101,val,v_JumpRope_g06_c03,data/UCF101_data/UCF-101/JumpRope/v_JumpRope_g06_c03.avi,47,8,10,1,83,False,True,0.31216946244239807,0.07406109990552068,0.003420407767407596,1.8367565991356969,355,8,8,8,False,
ucf101,val,v_JumpRope_g04_c05,data/UCF101_data/UCF-101/JumpRope/v_JumpRope_g04_c05.avi,47,8,10,1,89,False,True,0.7311228513717651,0.06716131372377276,0.003420407767407596,1.7599990549497306,480,8,8,8,False,
ucf101,val,v_JumpRope_g05_c04,data/UCF101_data/UCF-101/JumpRope/v_JumpRope_g05_c04.avi,47,8,10,1,47,True,True,0.9324678182601929,0.07157018687576056,0.003420407767407596,1.6900071501731873,614,8,8,8,False,
ucf101,val,v_JumpRope_g04_c03,data/UCF101_data/UCF-101/JumpRope/v_JumpRope_g04_c03.avi,47,8,10,1,89,False,True,0.47432348132133484,0.06664547231048346,0.003420407767407596,1.6152181969955564,489,8,8,8,False,
ucf101,val,v_JumpRope_g07_c01,data/UCF101_data/UCF-101/JumpRope/v_JumpRope_g07_c01.avi,47,8,10,1,47,True,True,0.8287815451622009,0.07140633882954717,0.003420407767407596,1.5460426839999855,396,8,8,8,False,
ucf101,val,v_JumpRope_g06_c05,data/UCF101_data/UCF-101/JumpRope/v_JumpRope_g06_c05.avi,47,8,10,1,47,True,True,0.21549472212791443,0.06182271521538496,0.003420407767407596,1.4718438438139856,366,8,8,8,False,
ucf101,val,v_JumpRope_g03_c04,data/UCF101_data/UCF-101/JumpRope/v_JumpRope_g03_c04.avi,47,8,10,1,46,False,True,0.5313287973403931,0.06177760101854801,0.003420407767407596,1.4078322458080947,316,8,8,8,False,
ucf101,val,v_JumpRope_g01_c03,data/UCF101_data/UCF-101/JumpRope/v_JumpRope_g01_c03.avi,47,8,10,1,60,False,True,0.24589109420776367,0.05746659683063626,0.003420407767407596,1.3423779108561575,346,8,8,8,False,
ucf101,val,v_JumpRope_g07_c04,data/UCF101_data/UCF-101/JumpRope/v_JumpRope_g07_c04.avi,47,8,10,1,47,True,True,0.7530004382133484,0.06518053309991956,0.003420407767407596,1.2814757977612317,358,8,8,8,False,
ucf101,val,v_JumpRope_g01_c02,data/UCF101_data/UCF-101/JumpRope/v_JumpRope_g01_c02.avi,47,8,10,1,47,True,True,0.401883989572525,0.06289055477827787,0.003420407767407596,1.2130496390163898,268,8,8,8,False,
ucf101,val,v_JumpRope_g03_c03,data/UCF101_data/UCF-101/JumpRope/v_JumpRope_g03_c03.avi,47,8,10,1,47,True,True,0.9134064316749573,0.06179710477590561,0.003420407767407596,1.1482541458681226,294,8,8,8,False,
ucf101,val,v_JumpRope_g05_c02,data/UCF101_data/UCF-101/JumpRope/v_JumpRope_g05_c02.avi,47,8,10,1,47,True,True,0.9457710385322571,0.07382446620613337,0.003420407767407596,1.08417356479913,620,8,8,8,False,
ucf101,val,v_JumpRope_g02_c07,data/UCF101_data/UCF-101/JumpRope/v_JumpRope_g02_c07.avi,47,8,10,1,47,True,True,0.7061078548431396,0.06788943521678448,0.003420407767407596,1.0079173031263053,510,8,8,8,False,
ucf101,val,v_JumpRope_g06_c02,data/UCF101_data/UCF-101/JumpRope/v_JumpRope_g06_c02.avi,47,8,10,1,47,True,True,0.8032360076904297,0.06169876083731651,0.003420407767407596,0.9371652882546186,378,8,8,8,False,
ucf101,val,v_JumpRope_g02_c05,data/UCF101_data/UCF-101/JumpRope/v_JumpRope_g02_c05.avi,47,8,10,1,47,True,True,0.7523674368858337,0.08545206533744931,0.003420407767407596,0.8727634772658348,501,8,8,8,False,
ucf101,val,v_JumpRope_g01_c01,data/UCF101_data/UCF-101/JumpRope/v_JumpRope_g01_c01.avi,47,8,10,1,47,True,True,0.5811331868171692,0.05934676993638277,0.003420407767407596,0.7840261049568653,257,8,8,8,False,
ucf101,val,v_JumpRope_g07_c05,data/UCF101_data/UCF-101/JumpRope/v_JumpRope_g07_c05.avi,47,8,10,1,47,True,True,0.8382552266120911,0.05250794906169176,0.003420407767407596,0.7225840701721609,343,8,8,8,False,
ucf101,val,v_JumpRope_g07_c06,data/UCF101_data/UCF-101/JumpRope/v_JumpRope_g07_c06.avi,47,8,10,1,47,True,True,0.8620089888572693,0.06965187517926097,0.003420407767407596,0.6676082438789308,403,8,8,8,False,
ucf101,val,v_JumpRope_g04_c04,data/UCF101_data/UCF-101/JumpRope/v_JumpRope_g04_c04.avi,47,8,10,1,89,False,True,0.5822774767875671,0.08011851273477077,0.003420407767407596,0.5941699831746519,546,8,8,8,False,
ucf101,val,v_Kayaking_g01_c02,data/UCF101_data/UCF-101/Kayaking/v_Kayaking_g01_c02.avi,48,8,10,1,72,False,True,0.6281117796897888,0.09116104012355208,0.0047516334016108885,2.8640944799408317,192,8,8,8,False,
ucf101,val,v_Kayaking_g04_c04,data/UCF101_data/UCF-101/Kayaking/v_Kayaking_g04_c04.avi,48,8,10,1,48,True,True,0.9617488384246826,0.05450761318206787,0.0047516334016108885,2.770315278787166,211,8,8,8,False,
ucf101,val,v_Kayaking_g01_c03,data/UCF101_data/UCF-101/Kayaking/v_Kayaking_g01_c03.avi,48,8,10,1,48,True,True,0.6818398833274841,0.05441111698746681,0.0047516334016108885,2.713112912606448,187,8,8,8,False,
ucf101,val,v_Kayaking_g03_c02,data/UCF101_data/UCF-101/Kayaking/v_Kayaking_g03_c02.avi,48,8,10,1,81,False,False,0.5977060794830322,0.07113526202738285,0.0047516334016108885,2.656185945030302,166,8,8,8,False,
ucf101,val,v_Kayaking_g06_c06,data/UCF101_data/UCF-101/Kayaking/v_Kayaking_g06_c06.avi,48,8,10,1,48,True,True,0.8381305932998657,0.06860056985169649,0.0047516334016108885,2.5815616557374597,161,8,8,8,False,
ucf101,val,v_Kayaking_g04_c03,data/UCF101_data/UCF-101/Kayaking/v_Kayaking_g04_c03.avi,48,8,10,1,48,True,True,0.9808412790298462,0.038828712888062,0.0047516334016108885,2.5103628770448267,181,8,8,8,False,
ucf101,val,v_Kayaking_g04_c07,data/UCF101_data/UCF-101/Kayaking/v_Kayaking_g04_c07.avi,48,8,10,1,21,False,True,0.3062053322792053,0.05374524090439081,0.0047516334016108885,2.4679723996669054,187,8,8,8,False,
ucf101,val,v_Kayaking_g04_c01,data/UCF101_data/UCF-101/Kayaking/v_Kayaking_g04_c01.avi,48,8,10,1,48,True,True,0.9662773013114929,0.05324887204915285,0.0047516334016108885,2.412105062045157,209,8,8,8,False,
ucf101,val,v_Kayaking_g02_c03,data/UCF101_data/UCF-101/Kayaking/v_Kayaking_g02_c03.avi,48,8,10,1,48,True,True,0.8714955449104309,0.047960415948182344,0.0047516334016108885,2.3553177742287517,181,8,8,8,False,
ucf101,val,v_Kayaking_g01_c06,data/UCF101_data/UCF-101/Kayaking/v_Kayaking_g01_c06.avi,48,8,10,1,48,True,True,0.856039822101593,0.04625091701745987,0.0047516334016108885,2.3043585889972746,198,8,8,8,False,
ucf101,val,v_Kayaking_g04_c05,data/UCF101_data/UCF-101/Kayaking/v_Kayaking_g04_c05.avi,48,8,10,1,48,True,True,0.9777514934539795,0.057342862244695425,0.0047516334016108885,2.2556218621321023,191,8,8,8,False,
ucf101,val,v_Kayaking_g03_c04,data/UCF101_data/UCF-101/Kayaking/v_Kayaking_g03_c04.avi,48,8,10,1,81,False,False,0.9592669010162354,0.06896255910396576,0.0047516334016108885,2.1958156069740653,187,8,8,8,False,
ucf101,val,v_Kayaking_g06_c05,data/UCF101_data/UCF-101/Kayaking/v_Kayaking_g06_c05.avi,48,8,10,1,48,True,True,0.8705936074256897,0.05292036710307002,0.0047516334016108885,2.1250858390703797,156,8,8,8,False,
ucf101,val,v_Kayaking_g04_c02,data/UCF101_data/UCF-101/Kayaking/v_Kayaking_g04_c02.avi,48,8,10,1,48,True,True,0.953464150428772,0.05635623773559928,0.0047516334016108885,2.068993569817394,237,8,8,8,False,
ucf101,val,v_Kayaking_g07_c02,data/UCF101_data/UCF-101/Kayaking/v_Kayaking_g07_c02.avi,48,8,10,1,48,True,True,0.98113614320755,0.024545977357774973,0.0047516334016108885,2.010260689072311,166,8,8,8,False,
ucf101,val,v_Kayaking_g05_c02,data/UCF101_data/UCF-101/Kayaking/v_Kayaking_g05_c02.avi,48,8,10,1,48,True,True,0.9808790683746338,0.050291706807911396,0.0047516334016108885,1.9827171759679914,181,8,8,8,False,
ucf101,val,v_Kayaking_g07_c01,data/UCF101_data/UCF-101/Kayaking/v_Kayaking_g07_c01.avi,48,8,10,1,48,True,True,0.979292631149292,0.03519203374162316,0.0047516334016108885,1.9295540917664766,177,8,8,8,False,
ucf101,val,v_Kayaking_g05_c04,data/UCF101_data/UCF-101/Kayaking/v_Kayaking_g05_c04.avi,48,8,10,1,48,True,True,0.9801300764083862,0.0747965513728559,0.0047516334016108885,1.8922794479876757,185,8,8,8,False,
ucf101,val,v_Kayaking_g03_c01,data/UCF101_data/UCF-101/Kayaking/v_Kayaking_g03_c01.avi,48,8,10,1,81,False,True,0.6911279559135437,0.05306765204295516,0.0047516334016108885,1.814546838402748,163,8,8,8,False,
ucf101,val,v_Kayaking_g07_c03,data/UCF101_data/UCF-101/Kayaking/v_Kayaking_g07_c03.avi,48,8,10,1,48,True,True,0.9720940589904785,0.022663726937025785,0.0047516334016108885,1.7580433301627636,159,8,8,8,False,
ucf101,val,v_Knitting_g02_c03,data/UCF101_data/UCF-101/Knitting/v_Knitting_g02_c03.avi,49,8,10,1,49,True,True,0.9755091667175293,0.08973383670672774,0.0047516334016108885,1.7330829352140427,258,8,8,8,False,
ucf101,val,v_Knitting_g03_c02,data/UCF101_data/UCF-101/Knitting/v_Knitting_g03_c02.avi,49,8,10,1,49,True,True,0.9827378392219543,0.5002203090116382,0.0047516334016108885,1.6395822847262025,244,8,8,8,False,
ucf101,val,v_Knitting_g05_c02,data/UCF101_data/UCF-101/Knitting/v_Knitting_g05_c02.avi,49,8,10,1,49,True,True,0.9820249080657959,0.060615824069827795,0.0047516334016108885,1.1363108488731086,265,8,8,8,False,
ucf101,val,v_Knitting_g03_c05,data/UCF101_data/UCF-101/Knitting/v_Knitting_g03_c05.avi,49,8,10,1,49,True,True,0.9803029298782349,0.04867074266076088,0.0047516334016108885,1.0726449890062213,212,8,8,8,False,
ucf101,val,v_Knitting_g05_c03,data/UCF101_data/UCF-101/Knitting/v_Knitting_g05_c03.avi,49,8,10,1,49,True,True,0.982585072517395,0.05638803914189339,0.0047516334016108885,1.0210482440888882,263,8,8,8,False,
ucf101,val,v_Knitting_g04_c02,data/UCF101_data/UCF-101/Knitting/v_Knitting_g04_c02.avi,49,8,10,1,49,True,True,0.9624429941177368,0.04791465727612376,0.0047516334016108885,0.9608730697073042,231,8,8,8,False,
ucf101,val,v_Knitting_g03_c01,data/UCF101_data/UCF-101/Knitting/v_Knitting_g03_c01.avi,49,8,10,1,49,True,True,0.9608173370361328,0.0596783347427845,0.0047516334016108885,0.9104874040931463,216,8,8,8,False,
ucf101,val,v_Knitting_g07_c03,data/UCF101_data/UCF-101/Knitting/v_Knitting_g07_c03.avi,49,8,10,1,49,True,True,0.9827896356582642,0.056078626308590174,0.0047516334016108885,0.8473698748275638,192,8,8,8,False,
ucf101,val,v_Knitting_g03_c04,data/UCF101_data/UCF-101/Knitting/v_Knitting_g03_c04.avi,49,8,10,1,49,True,True,0.9824932813644409,0.05825071828439832,0.0047516334016108885,0.7881888938136399,236,8,8,8,False,
ucf101,val,v_Knitting_g05_c05,data/UCF101_data/UCF-101/Knitting/v_Knitting_g05_c05.avi,49,8,10,1,49,True,True,0.9824659824371338,0.0596555108204484,0.0047516334016108885,0.7261740239337087,246,8,8,8,False,
ucf101,val,v_Knitting_g04_c04,data/UCF101_data/UCF-101/Knitting/v_Knitting_g04_c04.avi,49,8,10,1,49,True,True,0.9301542043685913,0.051344428677111864,0.0047516334016108885,0.6634421139024198,240,8,8,8,False,
ucf101,val,v_Knitting_g01_c02,data/UCF101_data/UCF-101/Knitting/v_Knitting_g01_c02.avi,49,8,10,1,49,True,True,0.9813846349716187,0.047201743349432945,0.0047516334016108885,0.6089883060194552,240,8,8,8,False,
ucf101,val,v_Knitting_g04_c01,data/UCF101_data/UCF-101/Knitting/v_Knitting_g04_c01.avi,49,8,10,1,49,True,True,0.40206313133239746,0.04448708659037948,0.0038209963095141575,2.0261606299318373,222,8,8,8,False,
ucf101,val,v_Knitting_g01_c03,data/UCF101_data/UCF-101/Knitting/v_Knitting_g01_c03.avi,49,8,10,1,49,True,True,0.9812265634536743,0.05366959422826767,0.0038209963095141575,1.9778726198710501,275,8,8,8,False,
ucf101,val,v_Knitting_g07_c04,data/UCF101_data/UCF-101/Knitting/v_Knitting_g07_c04.avi,49,8,10,1,49,True,True,0.9777822494506836,0.010489964857697487,0.0038209963095141575,1.9215511479415,172,8,8,8,False,
ucf101,val,v_Knitting_g02_c05,data/UCF101_data/UCF-101/Knitting/v_Knitting_g02_c05.avi,49,8,10,1,49,True,True,0.97702956199646,0.04148920066654682,0.0038209963095141575,1.9097578069195151,240,8,8,8,False,
ucf101,val,v_Knitting_g04_c06,data/UCF101_data/UCF-101/Knitting/v_Knitting_g04_c06.avi,49,8,10,1,49,True,True,0.8933736681938171,0.05298311589285731,0.0038209963095141575,1.8651044853031635,247,8,8,8,False,
ucf101,val,v_Knitting_g01_c04,data/UCF101_data/UCF-101/Knitting/v_Knitting_g01_c04.avi,49,8,10,1,49,True,True,0.9812405705451965,0.045358333736658096,0.0038209963095141575,1.8093416378833354,190,8,8,8,False,
ucf101,val,v_Knitting_g06_c01,data/UCF101_data/UCF-101/Knitting/v_Knitting_g06_c01.avi,49,8,10,1,49,True,True,0.9637234210968018,0.034154429100453854,0.0038209963095141575,1.7611367339268327,219,8,8,8,False,
ucf101,val,v_Knitting_g07_c02,data/UCF101_data/UCF-101/Knitting/v_Knitting_g07_c02.avi,49,8,10,1,49,True,True,0.9830929040908813,0.04404281498864293,0.0038209963095141575,1.7239251933060586,246,8,8,8,False,
ucf101,val,v_LongJump_g06_c03,data/UCF101_data/UCF-101/LongJump/v_LongJump_g06_c03.avi,50,8,10,1,28,False,False,0.594227135181427,0.08247097535058856,0.0038209963095141575,1.676463709678501,136,8,8,8,False,
ucf101,val,v_LongJump_g01_c01,data/UCF101_data/UCF-101/LongJump/v_LongJump_g01_c01.avi,50,8,10,1,50,True,True,0.986760139465332,0.09420314291492105,0.0038209963095141575,1.590001483913511,143,8,8,8,False,
ucf101,val,v_LongJump_g07_c01,data/UCF101_data/UCF-101/LongJump/v_LongJump_g07_c01.avi,50,8,10,1,50,True,True,0.8795790672302246,0.05545223690569401,0.0038209963095141575,1.4929337138310075,123,8,8,8,False,
ucf101,val,v_LongJump_g05_c05,data/UCF101_data/UCF-101/LongJump/v_LongJump_g05_c05.avi,50,8,10,1,57,False,False,0.26354438066482544,0.05468253884464502,0.0038209963095141575,1.434203787241131,146,8,8,8,False,
ucf101,val,v_LongJump_g05_c02,data/UCF101_data/UCF-101/LongJump/v_LongJump_g05_c02.avi,50,8,10,1,5,False,True,0.24002423882484436,0.029499348253011703,0.0038209963095141575,1.3768162853084505,92,8,8,8,False,
ucf101,val,v_LongJump_g01_c04,data/UCF101_data/UCF-101/LongJump/v_LongJump_g01_c04.avi,50,8,10,1,50,True,True,0.9875431060791016,0.0260652182623744,0.0038209963095141575,1.3450578711926937,126,8,8,8,False,
ucf101,val,v_LongJump_g03_c01,data/UCF101_data/UCF-101/LongJump/v_LongJump_g03_c01.avi,50,8,10,1,78,False,True,0.8952240347862244,0.026778846979141235,0.0038209963095141575,1.3160263118334115,74,7,8,8,False,
ucf101,val,v_LongJump_g04_c06,data/UCF101_data/UCF-101/LongJump/v_LongJump_g04_c06.avi,50,8,10,1,50,True,True,0.9527056217193604,0.029461523052304983,0.0038209963095141575,1.2867233706638217,150,8,8,8,False,
ucf101,val,v_LongJump_g04_c02,data/UCF101_data/UCF-101/LongJump/v_LongJump_g04_c02.avi,50,8,10,1,50,True,True,0.9645134806632996,0.04403476929292083,0.0038209963095141575,1.2554277451708913,141,8,8,8,False,
ucf101,val,v_LongJump_g04_c07,data/UCF101_data/UCF-101/LongJump/v_LongJump_g04_c07.avi,50,8,10,1,50,True,True,0.9387481808662415,0.03174044890329242,0.0038209963095141575,1.2090864898636937,118,8,8,8,False,
ucf101,val,v_LongJump_g03_c04,data/UCF101_data/UCF-101/LongJump/v_LongJump_g03_c04.avi,50,8,10,1,78,False,True,0.4425770044326782,0.02868682611733675,0.0038209963095141575,1.1754321288317442,94,8,8,8,False,
ucf101,val,v_LongJump_g04_c03,data/UCF101_data/UCF-101/LongJump/v_LongJump_g04_c03.avi,50,8,10,1,50,True,True,0.9698970913887024,0.027705764397978783,0.0038209963095141575,1.1442716969177127,141,8,8,8,False,
ucf101,val,v_LongJump_g03_c03,data/UCF101_data/UCF-101/LongJump/v_LongJump_g03_c03.avi,50,8,10,1,50,True,True,0.45377427339553833,0.030734553933143616,0.0038209963095141575,1.113464467227459,108,8,8,8,False,
ucf101,val,v_LongJump_g07_c02,data/UCF101_data/UCF-101/LongJump/v_LongJump_g07_c02.avi,50,8,10,1,50,True,True,0.9714478850364685,0.05302730901166797,0.0038209963095141575,1.0801647030748427,171,8,8,8,False,
ucf101,val,v_LongJump_g01_c02,data/UCF101_data/UCF-101/LongJump/v_LongJump_g01_c02.avi,50,8,10,1,50,True,True,0.9863097667694092,0.05050428304821253,0.0038209963095141575,1.0237593119964004,178,8,8,8,False,
ucf101,val,v_LongJump_g01_c07,data/UCF101_data/UCF-101/LongJump/v_LongJump_g01_c07.avi,50,8,10,1,50,True,True,0.9865806102752686,0.046481939032673836,0.0038209963095141575,0.9704924188554287,123,8,8,8,False,
ucf101,val,v_LongJump_g02_c02,data/UCF101_data/UCF-101/LongJump/v_LongJump_g02_c02.avi,50,8,10,1,50,True,True,0.9726741909980774,0.042493275832384825,0.0038209963095141575,0.9213641509413719,116,8,8,8,False,
ucf101,val,v_LongJump_g03_c06,data/UCF101_data/UCF-101/LongJump/v_LongJump_g03_c06.avi,50,8,10,1,67,False,True,0.4059053063392639,0.027174912858754396,0.0038209963095141575,0.8759957919828594,97,8,8,8,False,
ucf101,val,v_LongJump_g01_c05,data/UCF101_data/UCF-101/LongJump/v_LongJump_g01_c05.avi,50,8,10,1,50,True,True,0.986793041229248,0.045767624862492085,0.0038209963095141575,0.8469606908038259,153,8,8,8,False,
ucf101,val,v_LongJump_g02_c03,data/UCF101_data/UCF-101/LongJump/v_LongJump_g02_c03.avi,50,8,10,1,50,True,True,0.8425582647323608,0.05495331110432744,0.0038209963095141575,0.7979099927470088,146,8,8,8,False,
ucf101,val,v_Lunges_g06_c06,data/UCF101_data/UCF-101/Lunges/v_Lunges_g06_c06.avi,51,8,10,1,16,False,True,0.34268948435783386,0.0972771062515676,0.0038209963095141575,0.7405667300336063,255,8,8,8,False,
ucf101,val,v_Lunges_g07_c02,data/UCF101_data/UCF-101/Lunges/v_Lunges_g07_c02.avi,51,8,10,1,51,True,True,0.5065327286720276,0.058364979922771454,0.0038209963095141575,0.639988387003541,246,8,8,8,False,
ucf101,val,v_Lunges_g02_c01,data/UCF101_data/UCF-101/Lunges/v_Lunges_g02_c01.avi,51,8,10,1,51,True,True,0.9019126892089844,0.044596592895686626,0.0038209963095141575,0.5779044893570244,165,8,8,8,False,
ucf101,val,v_Lunges_g01_c02,data/UCF101_data/UCF-101/Lunges/v_Lunges_g01_c02.avi,51,8,10,1,51,True,True,0.8739821910858154,0.05476904381066561,0.0038209963095141575,0.5315926359035075,235,8,8,8,False,
ucf101,val,v_Lunges_g04_c01,data/UCF101_data/UCF-101/Lunges/v_Lunges_g04_c01.avi,51,8,10,1,20,False,True,0.8551144599914551,0.06568866176530719,0.003542422433383763,1.9121843688189983,262,8,8,8,False,
ucf101,val,v_Lunges_g02_c04,data/UCF101_data/UCF-101/Lunges/v_Lunges_g02_c04.avi,51,8,10,1,9,False,True,0.49722060561180115,0.0558498352766037,0.003542422433383763,1.8434481699950993,177,8,8,8,False,
ucf101,val,v_Lunges_g02_c03,data/UCF101_data/UCF-101/Lunges/v_Lunges_g02_c03.avi,51,8,10,1,51,True,True,0.6681492924690247,0.046457433607429266,0.003542422433383763,1.784468940924853,158,8,8,8,False,
ucf101,val,v_Lunges_g04_c03,data/UCF101_data/UCF-101/Lunges/v_Lunges_g04_c03.avi,51,8,10,1,51,True,True,0.9418503642082214,0.05929911229759455,0.003542422433383763,1.7343774558976293,248,8,8,8,False,
ucf101,val,v_Lunges_g01_c01,data/UCF101_data/UCF-101/Lunges/v_Lunges_g01_c01.avi,51,8,10,1,57,False,False,0.22127984464168549,0.07301108073443174,0.003542422433383763,1.6726046046242118,262,8,8,8,False,
ucf101,val,v_Lunges_g06_c07,data/UCF101_data/UCF-101/Lunges/v_Lunges_g06_c07.avi,51,8,10,1,46,False,True,0.42730268836021423,0.061396139208227396,0.003542422433383763,1.5964235807769,262,8,8,8,False,
ucf101,val,v_Lunges_g03_c03,data/UCF101_data/UCF-101/Lunges/v_Lunges_g03_c03.avi,51,8,10,1,51,True,True,0.9498195648193359,0.05285042570903897,0.003542422433383763,1.5314146187156439,235,8,8,8,False,
ucf101,val,v_Lunges_g01_c03,data/UCF101_data/UCF-101/Lunges/v_Lunges_g01_c03.avi,51,8,10,1,16,False,True,0.6853393912315369,0.0550217991694808,0.003542422433383763,1.4758797520771623,226,8,8,8,False,
ucf101,val,v_Lunges_g07_c05,data/UCF101_data/UCF-101/Lunges/v_Lunges_g07_c05.avi,51,8,10,1,83,False,False,0.5887722969055176,0.014166397973895073,0.003542422433383763,1.4181445413269103,238,8,8,8,False,
ucf101,val,v_Lunges_g01_c04,data/UCF101_data/UCF-101/Lunges/v_Lunges_g01_c04.avi,51,8,10,1,51,True,True,0.9000936150550842,0.0335202319547534,0.003542422433383763,1.4026621477678418,271,8,8,8,False,
ucf101,val,v_Lunges_g03_c04,data/UCF101_data/UCF-101/Lunges/v_Lunges_g03_c04.avi,51,8,10,1,20,False,True,0.8227218985557556,0.05857784114778042,0.003542422433383763,1.3669202481396496,252,8,8,8,False,
ucf101,val,v_Lunges_g06_c01,data/UCF101_data/UCF-101/Lunges/v_Lunges_g06_c01.avi,51,8,10,1,36,False,False,0.4836154580116272,0.05116075882688165,0.003542422433383763,1.3059993470087647,255,8,8,8,False,
ucf101,val,v_Lunges_g05_c02,data/UCF101_data/UCF-101/Lunges/v_Lunges_g05_c02.avi,51,8,10,1,35,False,False,0.41712644696235657,0.056610045954585075,0.003542422433383763,1.2521019489504397,255,8,8,8,False,
ucf101,val,v_Lunges_g01_c05,data/UCF101_data/UCF-101/Lunges/v_Lunges_g01_c05.avi,51,8,10,1,51,True,True,0.9196606278419495,0.04188543604686856,0.003542422433383763,1.1924628801643848,253,8,8,8,False,
ucf101,val,v_Lunges_g07_c03,data/UCF101_data/UCF-101/Lunges/v_Lunges_g07_c03.avi,51,8,10,1,51,True,True,0.28536665439605713,0.015819701831787825,0.003542422433383763,1.1476808097213507,246,8,8,8,False,
ucf101,val,v_Lunges_g07_c01,data/UCF101_data/UCF-101/Lunges/v_Lunges_g07_c01.avi,51,8,10,1,51,True,True,0.677901029586792,0.05915587721392512,0.003542422433383763,1.1307523320429027,249,8,8,8,False,
ucf101,val,v_MilitaryParade_g07_c06,data/UCF101_data/UCF-101/MilitaryParade/v_MilitaryParade_g07_c06.avi,52,8,10,1,52,True,True,0.9625973105430603,0.083270741160959,0.003542422433383763,1.068180909845978,140,8,8,8,False,
ucf101,val,v_MilitaryParade_g04_c03,data/UCF101_data/UCF-101/MilitaryParade/v_MilitaryParade_g04_c03.avi,52,8,10,1,27,False,True,0.27244865894317627,0.05149123398587108,0.003542422433383763,0.9821713999845088,151,8,8,8,False,
ucf101,val,v_MilitaryParade_g03_c03,data/UCF101_data/UCF-101/MilitaryParade/v_MilitaryParade_g03_c03.avi,52,8,10,1,52,True,True,0.4479462504386902,0.027929639909416437,0.003542422433383763,0.927653456106782,93,8,8,8,False,
ucf101,val,v_MilitaryParade_g06_c04,data/UCF101_data/UCF-101/MilitaryParade/v_MilitaryParade_g06_c04.avi,52,8,10,1,5,False,True,0.7684304118156433,0.034139920957386494,0.003542422433383763,0.8972361045889556,124,8,8,8,False,
ucf101,val,v_MilitaryParade_g04_c01,data/UCF101_data/UCF-101/MilitaryParade/v_MilitaryParade_g04_c01.avi,52,8,10,1,52,True,True,0.7499696612358093,0.024488796014338732,0.003542422433383763,0.8603165517561138,137,8,8,8,False,
ucf101,val,v_MilitaryParade_g07_c02,data/UCF101_data/UCF-101/MilitaryParade/v_MilitaryParade_g07_c02.avi,52,8,10,1,52,True,True,0.9718427062034607,0.031205421313643456,0.003542422433383763,0.8328909929841757,144,8,8,8,False,
ucf101,val,v_MilitaryParade_g02_c01,data/UCF101_data/UCF-101/MilitaryParade/v_MilitaryParade_g02_c01.avi,52,8,10,1,52,True,True,0.937179684638977,0.027037380263209343,0.003542422433383763,0.7989312210120261,93,8,8,8,False,
ucf101,val,v_MilitaryParade_g03_c04,data/UCF101_data/UCF-101/MilitaryParade/v_MilitaryParade_g03_c04.avi,52,8,10,1,52,True,True,0.7845062613487244,0.025189246982336044,0.003542422433383763,0.7698140060529113,112,8,8,8,False,
ucf101,val,v_MilitaryParade_g07_c05,data/UCF101_data/UCF-101/MilitaryParade/v_MilitaryParade_g07_c05.avi,52,8,10,1,52,True,True,0.9574464559555054,0.03616879601031542,0.003542422433383763,0.7408864302560687,148,8,8,8,False,
ucf101,val,v_MilitaryParade_g01_c05,data/UCF101_data/UCF-101/MilitaryParade/v_MilitaryParade_g01_c05.avi,52,8,10,1,5,False,True,0.9642563462257385,0.02571439929306507,0.003542422433383763,0.7028311369940639,149,8,8,8,False,
ucf101,val,v_MilitaryParade_g03_c02,data/UCF101_data/UCF-101/MilitaryParade/v_MilitaryParade_g03_c02.avi,52,8,10,1,52,True,True,0.8789870738983154,0.029617576394230127,0.003542422433383763,0.6738852607086301,112,8,8,8,False,
ucf101,val,v_MilitaryParade_g01_c07,data/UCF101_data/UCF-101/MilitaryParade/v_MilitaryParade_g01_c07.avi,52,8,10,1,5,False,True,0.9532567858695984,0.031054554972797632,0.003542422433383763,0.6415376267395914,141,8,8,8,False,
ucf101,val,v_MilitaryParade_g05_c01,data/UCF101_data/UCF-101/MilitaryParade/v_MilitaryParade_g05_c01.avi,52,8,10,1,52,True,True,0.9545009732246399,0.026662070769816637,0.003542422433383763,0.607314390130341,93,8,8,8,False,
ucf101,val,v_MilitaryParade_g04_c02,data/UCF101_data/UCF-101/MilitaryParade/v_MilitaryParade_g04_c02.avi,52,8,10,1,5,False,True,0.48831185698509216,0.02588211791589856,0.003542422433383763,0.5788013027049601,89,8,8,8,False,
ucf101,val,v_MilitaryParade_g06_c01,data/UCF101_data/UCF-101/MilitaryParade/v_MilitaryParade_g06_c01.avi,52,8,10,1,5,False,True,0.8640442490577698,0.02605552412569523,0.003542422433383763,0.5503390887752175,144,8,8,8,False,
ucf101,val,v_MilitaryParade_g01_c03,data/UCF101_data/UCF-101/MilitaryParade/v_MilitaryParade_g01_c03.avi,52,8,10,1,5,False,True,0.9636737108230591,0.05543104372918606,0.003542422433383763,0.5224434458650649,121,8,8,8,False,
ucf101,val,v_MilitaryParade_g02_c02,data/UCF101_data/UCF-101/MilitaryParade/v_MilitaryParade_g02_c02.avi,52,8,10,1,5,False,True,0.9229928851127625,0.04665761487558484,0.0038834394654259086,2.07242963463068,128,8,8,8,False,
ucf101,val,v_MilitaryParade_g07_c04,data/UCF101_data/UCF-101/MilitaryParade/v_MilitaryParade_g07_c04.avi,52,8,10,1,52,True,True,0.9150122404098511,0.05819259490817785,0.0038834394654259086,2.0229794839397073,156,8,8,8,False,
ucf101,val,v_MilitaryParade_g01_c06,data/UCF101_data/UCF-101/MilitaryParade/v_MilitaryParade_g01_c06.avi,52,8,10,1,5,False,True,0.9654504656791687,0.0614538318477571,0.0038834394654259086,1.9616832928732038,136,8,8,8,False,
ucf101,val,v_MilitaryParade_g05_c04,data/UCF101_data/UCF-101/MilitaryParade/v_MilitaryParade_g05_c04.avi,52,8,10,1,52,True,True,0.8265544176101685,0.07128303311765194,0.0038834394654259086,1.897294708993286,105,8,8,8,False,
ucf101,val,v_Mixing_g05_c06,data/UCF101_data/UCF-101/Mixing/v_Mixing_g05_c06.avi,53,8,10,1,24,False,False,0.1851312220096588,0.20320742204785347,0.0038834394654259086,1.8234813450835645,127,8,8,8,False,
ucf101,val,v_Mixing_g03_c05,data/UCF101_data/UCF-101/Mixing/v_Mixing_g03_c05.avi,53,8,10,1,53,True,True,0.983193039894104,0.12851727893576026,0.0038834394654259086,1.6175445229746401,121,8,8,8,False,
ucf101,val,v_Mixing_g01_c01,data/UCF101_data/UCF-101/Mixing/v_Mixing_g01_c01.avi,53,8,10,1,53,True,True,0.9743360877037048,0.021063012070953846,0.0038834394654259086,1.4855257971212268,105,8,8,8,False,
ucf101,val,v_Mixing_g03_c06,data/UCF101_data/UCF-101/Mixing/v_Mixing_g03_c06.avi,53,8,10,1,53,True,True,0.968336284160614,0.02267722599208355,0.0038834394654259086,1.4623212600126863,133,8,8,8,False,
ucf101,val,v_Mixing_g03_c07,data/UCF101_data/UCF-101/Mixing/v_Mixing_g03_c07.avi,53,8,10,1,53,True,True,0.9678277969360352,0.03531453991308808,0.0038834394654259086,1.437225260771811,153,8,8,8,False,
ucf101,val,v_Mixing_g06_c04,data/UCF101_data/UCF-101/Mixing/v_Mixing_g06_c04.avi,53,8,10,1,53,True,True,0.7173184156417847,0.02796981669962406,0.0038834394654259086,1.3984213438816369,107,8,8,8,False,
ucf101,val,v_Mixing_g06_c06,data/UCF101_data/UCF-101/Mixing/v_Mixing_g06_c06.avi,53,8,10,1,53,True,True,0.5465181469917297,0.024007651023566723,0.0038834394654259086,1.3686752538196743,107,8,8,8,False,
ucf101,val,v_Mixing_g05_c05,data/UCF101_data/UCF-101/Mixing/v_Mixing_g05_c05.avi,53,8,10,1,13,False,False,0.3533429503440857,0.03536900598555803,0.0038834394654259086,1.3424451909959316,130,8,8,8,False,
ucf101,val,v_Mixing_g02_c03,data/UCF101_data/UCF-101/Mixing/v_Mixing_g02_c03.avi,53,8,10,1,53,True,True,0.7780757546424866,0.03643207810819149,0.0038834394654259086,1.3042103662155569,165,8,8,8,False,
ucf101,val,v_Mixing_g05_c02,data/UCF101_data/UCF-101/Mixing/v_Mixing_g05_c02.avi,53,8,10,1,13,False,True,0.9477757811546326,0.03689548186957836,0.0038834394654259086,1.265623414888978,110,8,8,8,False,
ucf101,val,v_Mixing_g06_c01,data/UCF101_data/UCF-101/Mixing/v_Mixing_g06_c01.avi,53,8,10,1,53,True,True,0.9062891602516174,0.02538134204223752,0.0038834394654259086,1.2256509941071272,139,8,8,8,False,
ucf101,val,v_Mixing_g05_c04,data/UCF101_data/UCF-101/Mixing/v_Mixing_g05_c04.avi,53,8,10,1,13,False,True,0.22878338396549225,0.02333225915208459,0.0038834394654259086,1.1977282790467143,118,8,8,8,False,
ucf101,val,v_Mixing_g04_c03,data/UCF101_data/UCF-101/Mixing/v_Mixing_g04_c03.avi,53,8,10,1,53,True,True,0.9471112489700317,0.028913021087646484,0.0038834394654259086,1.1723007690161467,124,8,8,8,False,
ucf101,val,v_Mixing_g04_c02,data/UCF101_data/UCF-101/Mixing/v_Mixing_g04_c02.avi,53,8,10,1,53,True,True,0.9690882563591003,0.04218440409749746,0.0038834394654259086,1.1415193229913712,104,8,8,8,False,
ucf101,val,v_Mixing_g07_c04,data/UCF101_data/UCF-101/Mixing/v_Mixing_g07_c04.avi,53,8,10,1,53,True,True,0.9194760322570801,0.023088076151907444,0.0038834394654259086,1.0967185250483453,130,8,8,8,False,
ucf101,val,v_Mixing_g04_c05,data/UCF101_data/UCF-101/Mixing/v_Mixing_g04_c05.avi,53,8,10,1,53,True,True,0.9852489829063416,0.04041827889159322,0.0038834394654259086,1.0724849211983383,111,8,8,8,False,
ucf101,val,v_Mixing_g05_c07,data/UCF101_data/UCF-101/Mixing/v_Mixing_g05_c07.avi,53,8,10,1,24,False,True,0.5268223881721497,0.059531912207603455,0.0038834394654259086,1.029769222252071,110,8,8,8,False,
ucf101,val,v_Mixing_g02_c06,data/UCF101_data/UCF-101/Mixing/v_Mixing_g02_c06.avi,53,8,10,1,53,True,True,0.6262617111206055,0.05488320533186197,0.0038834394654259086,0.9671307061798871,108,8,8,8,False,
ucf101,val,v_Mixing_g03_c02,data/UCF101_data/UCF-101/Mixing/v_Mixing_g03_c02.avi,53,8,10,1,53,True,True,0.9867528676986694,0.031449145171791315,0.0038834394654259086,0.9091300959698856,128,8,8,8,False,
ucf101,val,v_Mixing_g02_c04,data/UCF101_data/UCF-101/Mixing/v_Mixing_g02_c04.avi,53,8,10,1,53,True,True,0.9849895238876343,0.024846121668815613,0.0038834394654259086,0.8747384720481932,165,8,8,8,False,
ucf101,val,v_MoppingFloor_g03_c03,data/UCF101_data/UCF-101/MoppingFloor/v_MoppingFloor_g03_c03.avi,54,8,10,1,54,True,True,0.6420388221740723,0.06202711910009384,0.0038834394654259086,0.8465436319820583,146,8,8,8,False,
ucf101,val,v_MoppingFloor_g04_c02,data/UCF101_data/UCF-101/MoppingFloor/v_MoppingFloor_g04_c02.avi,54,8,10,1,54,True,True,0.9336583018302917,0.05596159305423498,0.0038834394654259086,0.7820486412383616,290,8,8,8,False,
ucf101,val,v_MoppingFloor_g05_c05,data/UCF101_data/UCF-101/MoppingFloor/v_MoppingFloor_g05_c05.avi,54,8,10,1,3,False,False,0.12689350545406342,0.06243533594533801,0.0038834394654259086,0.7230171300470829,183,8,8,8,False,
ucf101,val,v_MoppingFloor_g02_c04,data/UCF101_data/UCF-101/MoppingFloor/v_MoppingFloor_g02_c04.avi,54,8,10,1,60,False,True,0.295738160610199,0.041217016987502575,0.0038834394654259086,0.6572587457485497,137,8,8,8,False,
ucf101,val,v_MoppingFloor_g06_c03,data/UCF101_data/UCF-101/MoppingFloor/v_MoppingFloor_g06_c03.avi,54,8,10,1,54,True,True,0.5987623929977417,0.04621295491233468,0.0038834394654259086,0.6138858520425856,223,8,8,8,False,
ucf101,val,v_MoppingFloor_g07_c03,data/UCF101_data/UCF-101/MoppingFloor/v_MoppingFloor_g07_c03.avi,54,8,10,1,54,True,True,0.3231353163719177,0.023329831194132566,0.0038834394654259086,0.5648559830151498,108,8,8,8,False,
ucf101,val,v_MoppingFloor_g03_c04,data/UCF101_data/UCF-101/MoppingFloor/v_MoppingFloor_g03_c04.avi,54,8,10,1,54,True,True,0.24638360738754272,0.034933708142489195,0.0038834394654259086,0.5400001313537359,125,8,8,8,False,
ucf101,val,v_MoppingFloor_g01_c02,data/UCF101_data/UCF-101/MoppingFloor/v_MoppingFloor_g01_c02.avi,54,8,10,1,37,False,True,0.27610862255096436,0.023071433883160353,0.0038834394654259086,0.5017685228958726,160,8,8,8,False,
ucf101,val,v_MoppingFloor_g03_c01,data/UCF101_data/UCF-101/MoppingFloor/v_MoppingFloor_g03_c01.avi,54,8,10,1,54,True,True,0.9396501183509827,0.02917540678754449,0.004030801370390691,2.1072940356098115,116,8,8,8,False,
ucf101,val,v_MoppingFloor_g05_c04,data/UCF101_data/UCF-101/MoppingFloor/v_MoppingFloor_g05_c04.avi,54,8,10,1,3,False,True,0.7370519042015076,0.0607294412329793,0.004030801370390691,2.0760052311234176,293,8,8,8,False,
ucf101,val,v_MoppingFloor_g07_c04,data/UCF101_data/UCF-101/MoppingFloor/v_MoppingFloor_g07_c04.avi,54,8,10,1,55,False,True,0.1754150241613388,0.015311731025576591,0.004030801370390691,2.012291688937694,204,8,8,8,False,
ucf101,val,v_MoppingFloor_g05_c03,data/UCF101_data/UCF-101/MoppingFloor/v_MoppingFloor_g05_c03.avi,54,8,10,1,3,False,True,0.964695155620575,0.055399556178599596,0.004030801370390691,1.9952318146824837,305,8,8,8,False,
ucf101,val,v_MoppingFloor_g07_c05,data/UCF101_data/UCF-101/MoppingFloor/v_MoppingFloor_g07_c05.avi,54,8,10,1,54,True,True,0.6978625655174255,0.0262488448061049,0.004030801370390691,1.9368064748123288,126,8,8,8,False,
ucf101,val,v_MoppingFloor_g05_c02,data/UCF101_data/UCF-101/MoppingFloor/v_MoppingFloor_g05_c02.avi,54,8,10,1,3,False,True,0.9297258853912354,0.05955590633675456,0.004030801370390691,1.9081845469772816,290,8,8,8,False,
ucf101,val,v_MoppingFloor_g02_c01,data/UCF101_data/UCF-101/MoppingFloor/v_MoppingFloor_g02_c01.avi,54,8,10,1,54,True,True,0.33069974184036255,0.03601106582209468,0.004030801370390691,1.8457436612807214,165,8,8,8,False,
ucf101,val,v_MoppingFloor_g06_c04,data/UCF101_data/UCF-101/MoppingFloor/v_MoppingFloor_g06_c04.avi,54,8,10,1,60,False,True,0.34019702672958374,0.04456305829808116,0.004030801370390691,1.8070635083131492,123,8,8,8,False,
ucf101,val,v_MoppingFloor_g06_c02,data/UCF101_data/UCF-101/MoppingFloor/v_MoppingFloor_g06_c02.avi,54,8,10,1,54,True,True,0.5538644790649414,0.057985146064311266,0.004030801370390691,1.7599497879855335,225,8,8,8,False,
ucf101,val,v_MoppingFloor_g04_c06,data/UCF101_data/UCF-101/MoppingFloor/v_MoppingFloor_g04_c06.avi,54,8,10,1,54,True,True,0.9749128222465515,0.05199476983398199,0.004030801370390691,1.6993334949947894,306,8,8,8,False,
ucf101,val,v_MoppingFloor_g06_c01,data/UCF101_data/UCF-101/MoppingFloor/v_MoppingFloor_g06_c01.avi,54,8,10,1,54,True,True,0.19025540351867676,0.021722618956118822,0.004030801370390691,1.6445860178209841,100,8,8,8,False,
ucf101,val,v_MoppingFloor_g07_c01,data/UCF101_data/UCF-101/MoppingFloor/v_MoppingFloor_g07_c01.avi,54,8,10,1,34,False,True,0.24082128703594208,0.022760152351111174,0.004030801370390691,1.6213927110657096,158,8,8,8,False,
ucf101,val,v_Nunchucks_g02_c03,data/UCF101_data/UCF-101/Nunchucks/v_Nunchucks_g02_c03.avi,55,8,10,1,69,False,False,0.2233571857213974,0.08569364715367556,0.004030801370390691,1.5968551565892994,277,8,8,8,False,
ucf101,val,v_Nunchucks_g06_c02,data/UCF101_data/UCF-101/Nunchucks/v_Nunchucks_g06_c02.avi,55,8,10,1,68,False,True,0.12357863783836365,0.0565349692478776,0.004030801370390691,1.5085236122831702,220,8,8,8,False,
ucf101,val,v_Nunchucks_g07_c04,data/UCF101_data/UCF-101/Nunchucks/v_Nunchucks_g07_c04.avi,55,8,10,1,55,True,True,0.3929906189441681,0.06866597523912787,0.004030801370390691,1.4494777251966298,247,8,8,8,False,
ucf101,val,v_Nunchucks_g06_c03,data/UCF101_data/UCF-101/Nunchucks/v_Nunchucks_g06_c03.avi,55,8,10,1,43,False,False,0.19644789397716522,0.04384028911590576,0.004030801370390691,1.3790243961848319,210,8,8,8,False,
ucf101,val,v_Nunchucks_g01_c01,data/UCF101_data/UCF-101/Nunchucks/v_Nunchucks_g01_c01.avi,55,8,10,1,55,True,True,0.6314566731452942,0.054340281058102846,0.004030801370390691,1.3319441960193217,265,8,8,8,False,
ucf101,val,v_Nunchucks_g05_c01,data/UCF101_data/UCF-101/Nunchucks/v_Nunchucks_g05_c01.avi,55,8,10,1,46,False,True,0.41726088523864746,0.05641759466379881,0.004030801370390691,1.2746888468973339,226,8,8,8,False,
ucf101,val,v_Nunchucks_g02_c01,data/UCF101_data/UCF-101/Nunchucks/v_Nunchucks_g02_c01.avi,55,8,10,1,90,False,True,0.3256028890609741,0.052140344865620136,0.004030801370390691,1.2141473251394928,292,8,8,8,False,
ucf101,val,v_Nunchucks_g03_c04,data/UCF101_data/UCF-101/Nunchucks/v_Nunchucks_g03_c04.avi,55,8,10,1,90,False,True,0.6996761560440063,0.06344434758648276,0.004030801370390691,1.1582072777673602,250,8,8,8,False,
ucf101,val,v_Nunchucks_g04_c04,data/UCF101_data/UCF-101/Nunchucks/v_Nunchucks_g04_c04.avi,55,8,10,1,45,False,True,0.6908195614814758,0.031171846203505993,0.004030801370390691,1.0917209181934595,258,8,8,8,False,
ucf101,val,v_Nunchucks_g07_c03,data/UCF101_data/UCF-101/Nunchucks/v_Nunchucks_g07_c03.avi,55,8,10,1,55,True,True,0.560154378414154,0.028429230209439993,0.004030801370390691,1.0577672170475125,151,8,8,8,False,
ucf101,val,v_Nunchucks_g01_c03,data/UCF101_data/UCF-101/Nunchucks/v_Nunchucks_g01_c03.avi,55,8,10,1,55,True,True,0.7730326056480408,0.049032581970095634,0.004030801370390691,1.0263514029793441,235,8,8,8,False,
ucf101,val,v_Nunchucks_g03_c06,data/UCF101_data/UCF-101/Nunchucks/v_Nunchucks_g03_c06.avi,55,8,10,1,32,False,True,0.42309871315956116,0.05723731778562069,0.004030801370390691,0.9745814073830843,251,8,8,8,False,
ucf101,val,v_Nunchucks_g02_c05,data/UCF101_data/UCF-101/Nunchucks/v_Nunchucks_g02_c05.avi,55,8,10,1,32,False,True,0.34733060002326965,0.05577881075441837,0.004030801370390691,0.9147590422071517,292,8,8,8,False,
ucf101,val,v_Nunchucks_g03_c01,data/UCF101_data/UCF-101/Nunchucks/v_Nunchucks_g03_c01.avi,55,8,10,1,90,False,True,0.31833401322364807,0.0576597610488534,0.004030801370390691,0.8563609221018851,252,8,8,8,False,
ucf101,val,v_Nunchucks_g04_c03,data/UCF101_data/UCF-101/Nunchucks/v_Nunchucks_g04_c03.avi,55,8,10,1,47,False,True,0.455398291349411,0.05401704087853432,0.004030801370390691,0.7955960109829903,258,8,8,8,False,
ucf101,val,v_Nunchucks_g03_c03,data/UCF101_data/UCF-101/Nunchucks/v_Nunchucks_g03_c03.avi,55,8,10,1,90,False,True,0.6845607757568359,0.05659223394468427,0.004030801370390691,0.7382460236549377,251,8,8,8,False,
ucf101,val,v_Nunchucks_g05_c02,data/UCF101_data/UCF-101/Nunchucks/v_Nunchucks_g05_c02.avi,55,8,10,1,46,False,True,0.8339269757270813,0.05283863237127662,0.004030801370390691,0.6787751321680844,209,8,8,8,False,
ucf101,val,v_Nunchucks_g04_c05,data/UCF101_data/UCF-101/Nunchucks/v_Nunchucks_g04_c05.avi,55,8,10,1,45,False,True,0.5056784152984619,0.05096592474728823,0.004030801370390691,0.6230638837441802,268,8,8,8,False,
ucf101,val,v_Nunchucks_g05_c04,data/UCF101_data/UCF-101/Nunchucks/v_Nunchucks_g05_c04.avi,55,8,10,1,46,False,True,0.8600834608078003,0.04416426224634051,0.004030801370390691,0.5687709511257708,216,8,8,8,False,
ucf101,val,v_Nunchucks_g04_c01,data/UCF101_data/UCF-101/Nunchucks/v_Nunchucks_g04_c01.avi,55,8,10,1,45,False,True,0.7342996001243591,0.03899439983069897,0.004030801370390691,0.5211756769567728,261,8,8,8,False,
ucf101,val,v_ParallelBars_g07_c01,data/UCF101_data/UCF-101/ParallelBars/v_ParallelBars_g07_c01.avi,56,8,10,1,56,True,True,0.916614830493927,0.08315825602039695,0.003758658465812914,1.9297481561079621,128,8,8,8,False,
ucf101,val,v_ParallelBars_g07_c04,data/UCF101_data/UCF-101/ParallelBars/v_ParallelBars_g07_c04.avi,56,8,10,1,56,True,True,0.9452140927314758,0.05185488285496831,0.003758658465812914,1.8442145958542824,196,8,8,8,False,
ucf101,val,v_ParallelBars_g01_c03,data/UCF101_data/UCF-101/ParallelBars/v_ParallelBars_g01_c03.avi,56,8,10,1,85,False,True,0.5198032259941101,0.0504914172925055,0.003758658465812914,1.7897899029776454,142,8,8,8,False,
ucf101,val,v_ParallelBars_g02_c01,data/UCF101_data/UCF-101/ParallelBars/v_ParallelBars_g02_c01.avi,56,8,10,1,56,True,True,0.609155535697937,0.022539458237588406,0.003758658465812914,1.7364073283970356,109,8,8,8,False,
ucf101,val,v_ParallelBars_g04_c04,data/UCF101_data/UCF-101/ParallelBars/v_ParallelBars_g04_c04.avi,56,8,10,1,56,True,True,0.9329155683517456,0.05317585589364171,0.003758658465812914,1.7117098849266768,173,8,8,8,False,
ucf101,val,v_ParallelBars_g04_c07,data/UCF101_data/UCF-101/ParallelBars/v_ParallelBars_g04_c07.avi,56,8,10,1,56,True,True,0.8209795355796814,0.04760523000732064,0.003758658465812914,1.6559060798026621,148,8,8,8,False,
ucf101,val,v_ParallelBars_g02_c04,data/UCF101_data/UCF-101/ParallelBars/v_ParallelBars_g02_c04.avi,56,8,10,1,56,True,True,0.7301039099693298,0.05494245607405901,0.003758658465812914,1.6054050531238317,192,8,8,8,False,
ucf101,val,v_ParallelBars_g05_c05,data/UCF101_data/UCF-101/ParallelBars/v_ParallelBars_g05_c05.avi,56,8,10,1,74,False,True,0.9280989766120911,0.048568376805633307,0.003758658465812914,1.546955187804997,125,8,8,8,False,
ucf101,val,v_ParallelBars_g07_c05,data/UCF101_data/UCF-101/ParallelBars/v_ParallelBars_g07_c05.avi,56,8,10,1,56,True,True,0.9452081322669983,0.039532041642814875,0.003758658465812914,1.4955434720031917,108,8,8,8,False,
ucf101,val,v_ParallelBars_g04_c02,data/UCF101_data/UCF-101/ParallelBars/v_ParallelBars_g04_c02.avi,56,8,10,1,56,True,True,0.9137255549430847,0.025739314034581184,0.003758658465812914,1.454159134067595,111,8,8,8,False,
ucf101,val,v_ParallelBars_g01_c04,data/UCF101_data/UCF-101/ParallelBars/v_ParallelBars_g01_c04.avi,56,8,10,1,56,True,True,0.42358651757240295,0.05142613593488932,0.003758658465812914,1.4267261680215597,198,8,8,8,False,
ucf101,val,v_ParallelBars_g06_c01,data/UCF101_data/UCF-101/ParallelBars/v_ParallelBars_g06_c01.avi,56,8,10,1,20,False,True,0.33579787611961365,0.04988725809380412,0.003758658465812914,1.3728447160683572,149,8,8,8,False,
ucf101,val,v_ParallelBars_g05_c02,data/UCF101_data/UCF-101/ParallelBars/v_ParallelBars_g05_c02.avi,56,8,10,1,74,False,True,0.6691917181015015,0.034203763119876385,0.003758658465812914,1.3205690351314843,116,8,8,8,False,
ucf101,val,v_ParallelBars_g05_c04,data/UCF101_data/UCF-101/ParallelBars/v_ParallelBars_g05_c04.avi,56,8,10,1,56,True,True,0.45488178730010986,0.050238880794495344,0.003758658465812914,1.2833734331652522,158,8,8,8,False,
ucf101,val,v_ParallelBars_g06_c03,data/UCF101_data/UCF-101/ParallelBars/v_ParallelBars_g06_c03.avi,56,8,10,1,56,True,True,0.9300304651260376,0.028954715933650732,0.003758658465812914,1.2302774535492063,151,8,8,8,False,
ucf101,val,v_ParallelBars_g04_c03,data/UCF101_data/UCF-101/ParallelBars/v_ParallelBars_g04_c03.avi,56,8,10,1,56,True,True,0.9237290620803833,0.06309434911236167,0.003758658465812914,1.1980948206037283,148,8,8,8,False,
ucf101,val,v_ParallelBars_g02_c02,data/UCF101_data/UCF-101/ParallelBars/v_ParallelBars_g02_c02.avi,56,8,10,1,56,True,True,0.5289264917373657,0.05107491184026003,0.003758658465812914,1.131631055381149,157,8,8,8,False,
ucf101,val,v_ParallelBars_g03_c02,data/UCF101_data/UCF-101/ParallelBars/v_ParallelBars_g03_c02.avi,56,8,10,1,85,False,True,0.38791266083717346,0.02974561182782054,0.003758658465812914,1.0775492186658084,103,8,8,8,False,
ucf101,val,v_ParallelBars_g01_c01,data/UCF101_data/UCF-101/ParallelBars/v_ParallelBars_g01_c01.avi,56,8,10,1,95,False,True,0.5963383316993713,0.024452213663607836,0.003758658465812914,1.0449809045530856,107,8,8,8,False,
ucf101,val,v_ParallelBars_g01_c02,data/UCF101_data/UCF-101/ParallelBars/v_ParallelBars_g01_c02.avi,56,8,10,1,56,True,True,0.9127923250198364,0.051683039870113134,0.003758658465812914,1.0179516077041626,124,8,8,8,False,
ucf101,val,v_PizzaTossing_g05_c01,data/UCF101_data/UCF-101/PizzaTossing/v_PizzaTossing_g05_c01.avi,57,8,10,1,53,False,True,0.4171292781829834,0.06307694129645824,0.003758658465812914,0.9642288591712713,124,8,8,8,False,
ucf101,val,v_PizzaTossing_g01_c04,data/UCF101_data/UCF-101/PizzaTossing/v_PizzaTossing_g01_c04.avi,57,8,10,1,59,False,True,0.33322158455848694,0.06978775328025222,0.003758658465812914,0.8986747111193836,133,8,8,8,False,
ucf101,val,v_PizzaTossing_g03_c01,data/UCF101_data/UCF-101/PizzaTossing/v_PizzaTossing_g03_c01.avi,57,8,10,1,17,False,True,0.44172659516334534,0.020731965079903603,0.003758658465812914,0.8268921379931271,102,8,8,8,False,
ucf101,val,v_PizzaTossing_g03_c03,data/UCF101_data/UCF-101/PizzaTossing/v_PizzaTossing_g03_c03.avi,57,8,10,1,17,False,True,0.5517815351486206,0.027002221904695034,0.003758658465812914,0.804081569891423,107,8,8,8,False,
ucf101,val,v_PizzaTossing_g07_c01,data/UCF101_data/UCF-101/PizzaTossing/v_PizzaTossing_g07_c01.avi,57,8,10,1,76,False,True,0.7620375752449036,0.028824786189943552,0.003758658465812914,0.7749114339239895,112,8,8,8,False,
ucf101,val,v_PizzaTossing_g04_c01,data/UCF101_data/UCF-101/PizzaTossing/v_PizzaTossing_g04_c01.avi,57,8,10,1,55,False,True,0.6977530717849731,0.0317358230240643,0.003758658465812914,0.7438364438712597,104,8,8,8,False,
ucf101,val,v_PizzaTossing_g02_c01,data/UCF101_data/UCF-101/PizzaTossing/v_PizzaTossing_g02_c01.avi,57,8,10,1,55,False,True,0.4433007836341858,0.02841407200321555,0.003758658465812914,0.7091131070628762,118,8,8,8,False,
ucf101,val,v_PizzaTossing_g02_c04,data/UCF101_data/UCF-101/PizzaTossing/v_PizzaTossing_g02_c04.avi,57,8,10,1,47,False,False,0.17568860948085785,0.025161789264529943,0.003758658465812914,0.6784586273133755,97,8,8,8,False,
ucf101,val,v_PizzaTossing_g04_c04,data/UCF101_data/UCF-101/PizzaTossing/v_PizzaTossing_g04_c04.avi,57,8,10,1,55,False,True,0.6929283738136292,0.0497806859202683,0.003758658465812914,0.6511044800281525,120,8,8,8,False,
ucf101,val,v_PizzaTossing_g06_c04,data/UCF101_data/UCF-101/PizzaTossing/v_PizzaTossing_g06_c04.avi,57,8,10,1,17,False,True,0.36881229281425476,0.02081090724095702,0.003758658465812914,0.5986989117227495,63,6,8,8,False,
ucf101,val,v_PizzaTossing_g04_c06,data/UCF101_data/UCF-101/PizzaTossing/v_PizzaTossing_g04_c06.avi,57,8,10,1,55,False,True,0.26095646619796753,0.02672773413360119,0.003758658465812914,0.5762021457776427,120,8,8,8,False,
ucf101,val,v_PizzaTossing_g05_c02,data/UCF101_data/UCF-101/PizzaTossing/v_PizzaTossing_g05_c02.avi,57,8,10,1,57,True,True,0.8735790252685547,0.07211907394230366,0.003758658465812914,0.5475607169792056,187,8,8,8,False,
ucf101,val,v_PizzaTossing_g02_c02,data/UCF101_data/UCF-101/PizzaTossing/v_PizzaTossing_g02_c02.avi,57,8,10,1,63,False,False,0.2783859372138977,0.4247829681262374,0.004743114972370677,4.389758876990527,107,8,8,8,False,
ucf101,val,v_PizzaTossing_g07_c04,data/UCF101_data/UCF-101/PizzaTossing/v_PizzaTossing_g07_c04.avi,57,8,10,1,57,True,True,0.35270869731903076,0.7955026761628687,0.004743114972370677,3.9618270862847567,171,8,8,8,False,
ucf101,val,v_PizzaTossing_g04_c07,data/UCF101_data/UCF-101/PizzaTossing/v_PizzaTossing_g04_c07.avi,57,8,10,1,57,True,True,0.6124805212020874,0.0524100661277771,0.004743114972370677,3.163826030213386,137,8,8,8,False,
ucf101,val,v_PizzaTossing_g01_c03,data/UCF101_data/UCF-101/PizzaTossing/v_PizzaTossing_g01_c03.avi,57,8,10,1,59,False,True,0.33322158455848694,0.023723683319985867,0.004743114972370677,3.108249737881124,133,8,8,8,False,
ucf101,val,v_PizzaTossing_g03_c04,data/UCF101_data/UCF-101/PizzaTossing/v_PizzaTossing_g03_c04.avi,57,8,10,1,64,False,False,0.27101239562034607,0.10068983724340796,0.004743114972370677,3.0815688711591065,36,4,8,8,False,
ucf101,val,v_PizzaTossing_g06_c02,data/UCF101_data/UCF-101/PizzaTossing/v_PizzaTossing_g06_c02.avi,57,8,10,1,74,False,True,0.4606510102748871,0.01893755793571472,0.004743114972370677,2.9783609262667596,98,8,8,8,False,
ucf101,val,v_PizzaTossing_g04_c03,data/UCF101_data/UCF-101/PizzaTossing/v_PizzaTossing_g04_c03.avi,57,8,10,1,55,False,True,0.6603761911392212,0.3250185130164027,0.004743114972370677,2.9585508699528873,109,8,8,8,False,
ucf101,val,v_PizzaTossing_g07_c02,data/UCF101_data/UCF-101/PizzaTossing/v_PizzaTossing_g07_c02.avi,57,8,10,1,57,True,True,0.7424441576004028,0.39743551798164845,0.004743114972370677,2.630862887017429,134,8,8,8,False,
ucf101,val,v_PlayingCello_g02_c03,data/UCF101_data/UCF-101/PlayingCello/v_PlayingCello_g02_c03.avi,58,8,10,1,66,False,True,0.8758005499839783,0.4486118392087519,0.004743114972370677,2.231591230724007,166,8,8,8,False,
ucf101,val,v_PlayingCello_g03_c01,data/UCF101_data/UCF-101/PlayingCello/v_PlayingCello_g03_c01.avi,58,8,10,1,61,False,True,0.6636039018630981,0.04424679605290294,0.004743114972370677,1.7799636870622635,171,8,8,8,False,
ucf101,val,v_PlayingCello_g05_c05,data/UCF101_data/UCF-101/PlayingCello/v_PlayingCello_g05_c05.avi,58,8,10,1,58,True,True,0.9764777421951294,0.04437772883102298,0.004743114972370677,1.7334578619338572,181,8,8,8,False,
ucf101,val,v_PlayingCello_g07_c02,data/UCF101_data/UCF-101/PlayingCello/v_PlayingCello_g07_c02.avi,58,8,10,1,58,True,True,0.9842010140419006,0.06039890833199024,0.004743114972370677,1.6870339340530336,326,8,8,8,False,
ucf101,val,v_PlayingCello_g03_c03,data/UCF101_data/UCF-101/PlayingCello/v_PlayingCello_g03_c03.avi,58,8,10,1,61,False,True,0.849664032459259,0.04273174097761512,0.004743114972370677,1.6243251617997885,159,8,8,8,False,
ucf101,val,v_PlayingCello_g07_c03,data/UCF101_data/UCF-101/PlayingCello/v_PlayingCello_g07_c03.avi,58,8,10,1,58,True,True,0.9862025380134583,0.05297819618135691,0.004743114972370677,1.5790714896284044,282,8,8,8,False,
ucf101,val,v_PlayingCello_g07_c01,data/UCF101_data/UCF-101/PlayingCello/v_PlayingCello_g07_c01.avi,58,8,10,1,58,True,True,0.98265540599823,0.05776678025722504,0.004743114972370677,1.5232912548817694,414,8,8,8,False,
ucf101,val,v_PlayingCello_g01_c01,data/UCF101_data/UCF-101/PlayingCello/v_PlayingCello_g01_c01.avi,58,8,10,1,58,True,True,0.9758570790290833,0.04965886892750859,0.004743114972370677,1.4624811662361026,223,8,8,8,False,
ucf101,val,v_PlayingCello_g06_c07,data/UCF101_data/UCF-101/PlayingCello/v_PlayingCello_g06_c07.avi,58,8,10,1,58,True,True,0.986227810382843,0.03790411027148366,0.004743114972370677,1.4093587188981473,214,8,8,8,False,
ucf101,val,v_PlayingCello_g04_c01,data/UCF101_data/UCF-101/PlayingCello/v_PlayingCello_g04_c01.avi,58,8,10,1,58,True,True,0.9786277413368225,0.05312816658988595,0.004743114972370677,1.3689397647976875,207,8,8,8,False,
ucf101,val,v_PlayingCello_g02_c04,data/UCF101_data/UCF-101/PlayingCello/v_PlayingCello_g02_c04.avi,58,8,10,1,58,True,True,0.2529437243938446,0.05448008142411709,0.004743114972370677,1.3134202808141708,162,8,8,8,False,
ucf101,val,v_PlayingCello_g01_c05,data/UCF101_data/UCF-101/PlayingCello/v_PlayingCello_g01_c05.avi,58,8,10,1,58,True,True,0.9776281714439392,0.058574533089995384,0.004743114972370677,1.2559069599956274,164,8,8,8,False,
ucf101,val,v_PlayingCello_g05_c04,data/UCF101_data/UCF-101/PlayingCello/v_PlayingCello_g05_c04.avi,58,8,10,1,58,True,True,0.9798671007156372,0.06265907362103462,0.004743114972370677,1.1947153005748987,186,8,8,8,False,
ucf101,val,v_PlayingCello_g05_c06,data/UCF101_data/UCF-101/PlayingCello/v_PlayingCello_g05_c06.avi,58,8,10,1,58,True,True,0.9811945557594299,0.033063785172998905,0.004743114972370677,1.129702638834715,161,8,8,8,False,
ucf101,val,v_PlayingCello_g02_c05,data/UCF101_data/UCF-101/PlayingCello/v_PlayingCello_g02_c05.avi,58,8,10,1,58,True,True,0.4158277213573456,0.04774071276187897,0.004743114972370677,1.0936971548944712,236,8,8,8,False,
ucf101,val,v_PlayingCello_g06_c03,data/UCF101_data/UCF-101/PlayingCello/v_PlayingCello_g06_c03.avi,58,8,10,1,58,True,True,0.9860267639160156,0.05248842388391495,0.004743114972370677,1.0438150842674077,284,8,8,8,False,
ucf101,val,v_PlayingCello_g07_c05,data/UCF101_data/UCF-101/PlayingCello/v_PlayingCello_g07_c05.avi,58,8,10,1,58,True,True,0.9844567179679871,0.0548486546613276,0.004743114972370677,0.9882818930782378,272,8,8,8,False,
ucf101,val,v_PlayingCello_g04_c03,data/UCF101_data/UCF-101/PlayingCello/v_PlayingCello_g04_c03.avi,58,8,10,1,58,True,True,0.9820117950439453,0.027301996015012264,0.004743114972370677,0.9302474167197943,138,8,8,8,False,
ucf101,val,v_PlayingCello_g02_c07,data/UCF101_data/UCF-101/PlayingCello/v_PlayingCello_g02_c07.avi,58,8,10,1,66,False,True,0.6162652969360352,0.04553035693243146,0.004743114972370677,0.9004091662354767,228,8,8,8,False,
ucf101,val,v_PlayingCello_g04_c05,data/UCF101_data/UCF-101/PlayingCello/v_PlayingCello_g04_c05.avi,58,8,10,1,58,True,True,0.9446001052856445,0.021438628900796175,0.004743114972370677,0.8527941494248807,125,8,8,8,False,
ucf101,val,v_PlayingDaf_g04_c02,data/UCF101_data/UCF-101/PlayingDaf/v_PlayingDaf_g04_c02.avi,59,8,10,1,59,True,True,0.7484881281852722,0.07923170831054449,0.004743114972370677,0.8285794490948319,346,8,8,8,False,
ucf101,val,v_PlayingDaf_g06_c01,data/UCF101_data/UCF-101/PlayingDaf/v_PlayingDaf_g06_c01.avi,59,8,10,1,59,True,True,0.9871566891670227,0.05790004413574934,0.004743114972370677,0.7458394439890981,299,8,8,8,False,
ucf101,val,v_PlayingDaf_g04_c05,data/UCF101_data/UCF-101/PlayingDaf/v_PlayingDaf_g04_c05.avi,59,8,10,1,36,False,True,0.22334542870521545,0.06458763685077429,0.004743114972370677,0.6856922460719943,320,8,8,8,False,
ucf101,val,v_PlayingDaf_g03_c02,data/UCF101_data/UCF-101/PlayingDaf/v_PlayingDaf_g03_c02.avi,59,8,10,1,59,True,True,0.7785912156105042,0.04434453509747982,0.004743114972370677,0.6178196668624878,171,8,8,8,False,
ucf101,val,v_PlayingDaf_g05_c03,data/UCF101_data/UCF-101/PlayingDaf/v_PlayingDaf_g05_c03.avi,59,8,10,1,98,False,True,0.3974051773548126,0.04876526026055217,0.004768919694470242,2.4854899388737977,348,8,8,8,False,
ucf101,val,v_PlayingDaf_g06_c02,data/UCF101_data/UCF-101/PlayingDaf/v_PlayingDaf_g06_c02.avi,59,8,10,1,59,True,True,0.9847396612167358,0.05612828675657511,0.004768919694470242,2.433441055007279,299,8,8,8,False,
ucf101,val,v_PlayingDaf_g02_c03,data/UCF101_data/UCF-101/PlayingDaf/v_PlayingDaf_g02_c03.avi,59,8,10,1,59,True,True,0.5206859707832336,0.05814511328935623,0.004768919694470242,2.3745016530156136,324,8,8,8,False,
ucf101,val,v_PlayingDaf_g04_c01,data/UCF101_data/UCF-101/PlayingDaf/v_PlayingDaf_g04_c01.avi,59,8,10,1,59,True,True,0.78538578748703,0.0422185193747282,0.004768919694470242,2.313746043946594,327,8,8,8,False,
ucf101,val,v_PlayingDaf_g07_c01,data/UCF101_data/UCF-101/PlayingDaf/v_PlayingDaf_g07_c01.avi,59,8,10,1,59,True,True,0.9275417923927307,0.04349737707525492,0.004768919694470242,2.268562948331237,249,8,8,8,False,
ucf101,val,v_PlayingDaf_g05_c01,data/UCF101_data/UCF-101/PlayingDaf/v_PlayingDaf_g05_c01.avi,59,8,10,1,60,False,True,0.47979119420051575,0.05678492970764637,0.004768919694470242,2.2230788189917803,301,8,8,8,False,
ucf101,val,v_PlayingDaf_g04_c04,data/UCF101_data/UCF-101/PlayingDaf/v_PlayingDaf_g04_c04.avi,59,8,10,1,54,False,True,0.19115008413791656,0.05799843277782202,0.004768919694470242,2.1636408460326493,305,8,8,8,False,
ucf101,val,v_PlayingDaf_g02_c06,data/UCF101_data/UCF-101/PlayingDaf/v_PlayingDaf_g02_c06.avi,59,8,10,1,59,True,True,0.7699020504951477,0.04989599622786045,0.004768919694470242,2.1034332723356783,363,8,8,8,False,
ucf101,val,v_PlayingDaf_g06_c03,data/UCF101_data/UCF-101/PlayingDaf/v_PlayingDaf_g06_c03.avi,59,8,10,1,59,True,True,0.9845682382583618,0.07260982878506184,0.004768919694470242,2.050232612993568,319,8,8,8,False,
ucf101,val,v_PlayingDaf_g07_c04,data/UCF101_data/UCF-101/PlayingDaf/v_PlayingDaf_g07_c04.avi,59,8,10,1,59,True,True,0.8687359094619751,0.06318338075652719,0.004768919694470242,1.9750814368017018,249,8,8,8,False,
ucf101,val,v_PlayingDaf_g01_c01,data/UCF101_data/UCF-101/PlayingDaf/v_PlayingDaf_g01_c01.avi,59,8,10,1,59,True,True,0.7687987685203552,0.028547249734401703,0.004768919694470242,1.9092147932387888,122,8,8,8,False,
ucf101,val,v_PlayingDaf_g04_c07,data/UCF101_data/UCF-101/PlayingDaf/v_PlayingDaf_g04_c07.avi,59,8,10,1,59,True,True,0.22865356504917145,0.06200105929747224,0.004768919694470242,1.878721703775227,371,8,8,8,False,
ucf101,val,v_PlayingDaf_g07_c02,data/UCF101_data/UCF-101/PlayingDaf/v_PlayingDaf_g07_c02.avi,59,8,10,1,59,True,True,0.9264160990715027,0.05859548877924681,0.004768919694470242,1.813217158894986,249,8,8,8,False,
ucf101,val,v_PlayingDaf_g02_c05,data/UCF101_data/UCF-101/PlayingDaf/v_PlayingDaf_g02_c05.avi,59,8,10,1,59,True,True,0.7854612469673157,0.06940999208018184,0.004768919694470242,1.7511463519185781,325,8,8,8,False,
ucf101,val,v_PlayingDaf_g05_c05,data/UCF101_data/UCF-101/PlayingDaf/v_PlayingDaf_g05_c05.avi,59,8,10,1,89,False,False,0.15975959599018097,0.06210826616734266,0.004768919694470242,1.6789655149914324,403,8,8,8,False,
ucf101,val,v_PlayingDaf_g06_c07,data/UCF101_data/UCF-101/PlayingDaf/v_PlayingDaf_g06_c07.avi,59,8,10,1,59,True,True,0.9670571684837341,0.061659670900553465,0.004768919694470242,1.6136706741526723,220,8,8,8,False,
ucf101,val,v_PlayingDhol_g07_c02,data/UCF101_data/UCF-101/PlayingDhol/v_PlayingDhol_g07_c02.avi,60,8,10,1,60,True,True,0.840977132320404,0.09264176897704601,0.004768919694470242,1.547762627247721,255,8,8,8,False,
ucf101,val,v_PlayingDhol_g07_c06,data/UCF101_data/UCF-101/PlayingDhol/v_PlayingDhol_g07_c06.avi,60,8,10,1,60,True,True,0.9058053493499756,0.054256933741271496,0.004768919694470242,1.4509380119852722,251,8,8,8,False,
ucf101,val,v_PlayingDhol_g01_c04,data/UCF101_data/UCF-101/PlayingDhol/v_PlayingDhol_g01_c04.avi,60,8,10,1,60,True,True,0.9549187421798706,0.059851801954209805,0.004768919694470242,1.39347716094926,239,8,8,8,False,
ucf101,val,v_PlayingDhol_g06_c04,data/UCF101_data/UCF-101/PlayingDhol/v_PlayingDhol_g06_c04.avi,60,8,10,1,62,False,False,0.6342674493789673,0.07596062496304512,0.004768919694470242,1.3304509008303285,372,8,8,8,False,
ucf101,val,v_PlayingDhol_g05_c04,data/UCF101_data/UCF-101/PlayingDhol/v_PlayingDhol_g05_c04.avi,60,8,10,1,60,True,True,0.9737028479576111,0.07784293591976166,0.004768919694470242,1.2500291699543595,297,8,8,8,False,
ucf101,val,v_PlayingDhol_g03_c05,data/UCF101_data/UCF-101/PlayingDhol/v_PlayingDhol_g03_c05.avi,60,8,10,1,60,True,True,0.4293031692504883,0.05317025585100055,0.004768919694470242,1.1676964573562145,409,8,8,8,False,
ucf101,val,v_PlayingDhol_g03_c01,data/UCF101_data/UCF-101/PlayingDhol/v_PlayingDhol_g03_c01.avi,60,8,10,1,60,True,True,0.6179971694946289,0.043730854988098145,0.004768919694470242,1.1114901439286768,357,8,8,8,False,
ucf101,val,v_PlayingDhol_g07_c04,data/UCF101_data/UCF-101/PlayingDhol/v_PlayingDhol_g07_c04.avi,60,8,10,1,60,True,True,0.966481626033783,0.05176929570734501,0.004768919694470242,1.0644177170470357,254,8,8,8,False,
ucf101,val,v_PlayingDhol_g04_c02,data/UCF101_data/UCF-101/PlayingDhol/v_PlayingDhol_g04_c02.avi,60,8,10,1,60,True,True,0.9694030284881592,0.05272079166024923,0.004768919694470242,1.0094166230410337,454,8,8,8,False,
ucf101,val,v_PlayingDhol_g07_c01,data/UCF101_data/UCF-101/PlayingDhol/v_PlayingDhol_g07_c01.avi,60,8,10,1,60,True,True,0.9539481401443481,0.049639349803328514,0.004768919694470242,0.9528691051527858,258,8,8,8,False,
ucf101,val,v_PlayingDhol_g02_c06,data/UCF101_data/UCF-101/PlayingDhol/v_PlayingDhol_g02_c06.avi,60,8,10,1,60,True,True,0.9704611301422119,0.06508445786312222,0.004768919694470242,0.9002113952301443,289,8,8,8,False,
ucf101,val,v_PlayingDhol_g03_c03,data/UCF101_data/UCF-101/PlayingDhol/v_PlayingDhol_g03_c03.avi,60,8,10,1,59,False,True,0.23758356273174286,0.06161608174443245,0.004768919694470242,0.8321722461842,407,8,8,8,False,
ucf101,val,v_PlayingDhol_g02_c02,data/UCF101_data/UCF-101/PlayingDhol/v_PlayingDhol_g02_c02.avi,60,8,10,1,60,True,True,0.9512749314308167,0.05992556596174836,0.004768919694470242,0.7664145240560174,305,8,8,8,False,
ucf101,val,v_PlayingDhol_g01_c07,data/UCF101_data/UCF-101/PlayingDhol/v_PlayingDhol_g01_c07.avi,60,8,10,1,60,True,True,0.9200623035430908,0.04317826498299837,0.004768919694470242,0.7011580471880734,138,8,8,8,False,
ucf101,val,v_PlayingDhol_g01_c03,data/UCF101_data/UCF-101/PlayingDhol/v_PlayingDhol_g01_c03.avi,60,8,10,1,60,True,True,0.963740348815918,0.056544375605881214,0.004768919694470242,0.6560263521969318,271,8,8,8,False,
ucf101,val,v_PlayingDhol_g03_c06,data/UCF101_data/UCF-101/PlayingDhol/v_PlayingDhol_g03_c06.avi,60,8,10,1,60,True,True,0.7202069759368896,0.06420272868126631,0.004768919694470242,0.5958296549506485,416,8,8,8,False,
ucf101,val,v_PlayingDhol_g05_c01,data/UCF101_data/UCF-101/PlayingDhol/v_PlayingDhol_g05_c01.avi,60,8,10,1,60,True,True,0.9741132259368896,0.9164852523244917,0.004321578744566068,7.766106690745801,284,8,8,8,False,
ucf101,val,v_PlayingDhol_g05_c07,data/UCF101_data/UCF-101/PlayingDhol/v_PlayingDhol_g05_c07.avi,60,8,10,1,60,True,True,0.9703273177146912,0.3661965769715607,0.004321578744566068,6.845370373688638,272,8,8,8,False,
ucf101,val,v_PlayingDhol_g07_c07,data/UCF101_data/UCF-101/PlayingDhol/v_PlayingDhol_g07_c07.avi,60,8,10,1,60,True,True,0.9601773023605347,0.05224149767309427,0.004321578744566068,6.475780573207885,270,8,8,8,False,
ucf101,val,v_PlayingDhol_g02_c05,data/UCF101_data/UCF-101/PlayingDhol/v_PlayingDhol_g02_c05.avi,60,8,10,1,60,True,True,0.9371461868286133,0.08974031498655677,0.004321578744566068,6.420306719839573,267,8,8,8,False,
ucf101,val,v_PlayingFlute_g07_c06,data/UCF101_data/UCF-101/PlayingFlute/v_PlayingFlute_g07_c06.avi,61,8,10,1,61,True,True,0.9757496118545532,0.17827421333640814,0.004321578744566068,6.327346965204924,278,8,8,8,False,
ucf101,val,v_PlayingFlute_g02_c02,data/UCF101_data/UCF-101/PlayingFlute/v_PlayingFlute_g02_c02.avi,61,8,10,1,61,True,True,0.9735704064369202,0.2634667493402958,0.004321578744566068,6.145219170022756,246,8,8,8,False,
ucf101,val,v_PlayingFlute_g01_c06,data/UCF101_data/UCF-101/PlayingFlute/v_PlayingFlute_g01_c06.avi,61,8,10,1,61,True,True,0.9746392369270325,0.19991773273795843,0.004321578744566068,5.878136182203889,330,8,8,8,False,
ucf101,val,v_PlayingFlute_g03_c05,data/UCF101_data/UCF-101/PlayingFlute/v_PlayingFlute_g03_c05.avi,61,8,10,1,61,True,True,0.9791314601898193,1.6876338236033916,0.004321578744566068,5.674541315995157,200,8,8,8,False,
ucf101,val,v_PlayingFlute_g03_c07,data/UCF101_data/UCF-101/PlayingFlute/v_PlayingFlute_g03_c07.avi,61,8,10,1,61,True,True,0.9826966524124146,1.1906130481511354,0.004321578744566068,3.98346256185323,230,8,8,8,False,
ucf101,val,v_PlayingFlute_g04_c06,data/UCF101_data/UCF-101/PlayingFlute/v_PlayingFlute_g04_c06.avi,61,8,10,1,33,False,True,0.17405499517917633,0.9093385627493262,0.004321578744566068,2.78958692913875,268,8,8,8,False,
ucf101,val,v_PlayingFlute_g02_c05,data/UCF101_data/UCF-101/PlayingFlute/v_PlayingFlute_g02_c05.avi,61,8,10,1,61,True,True,0.9739833474159241,0.08754387171939015,0.004321578744566068,1.8775325291790068,249,8,8,8,False,
ucf101,val,v_PlayingFlute_g02_c06,data/UCF101_data/UCF-101/PlayingFlute/v_PlayingFlute_g02_c06.avi,61,8,10,1,61,True,True,0.9737095236778259,0.06191978510469198,0.004321578744566068,1.787714193109423,206,8,8,8,False,
ucf101,val,v_PlayingFlute_g07_c07,data/UCF101_data/UCF-101/PlayingFlute/v_PlayingFlute_g07_c07.avi,61,8,10,1,61,True,True,0.9631677269935608,0.05156617797911167,0.004321578744566068,1.7220586990006268,245,8,8,8,False,
ucf101,val,v_PlayingFlute_g05_c07,data/UCF101_data/UCF-101/PlayingFlute/v_PlayingFlute_g05_c07.avi,61,8,10,1,61,True,True,0.9617667198181152,0.028298615012317896,0.004321578744566068,1.668112966697663,123,8,8,8,False,
ucf101,val,v_PlayingFlute_g04_c03,data/UCF101_data/UCF-101/PlayingFlute/v_PlayingFlute_g04_c03.avi,61,8,10,1,61,True,True,0.9819687008857727,0.09760453132912517,0.004321578744566068,1.6379511151462793,301,8,8,8,False,
ucf101,val,v_PlayingFlute_g05_c06,data/UCF101_data/UCF-101/PlayingFlute/v_PlayingFlute_g05_c06.avi,61,8,10,1,61,True,True,0.9736325740814209,0.05605008592829108,0.004321578744566068,1.53722401894629,240,8,8,8,False,
ucf101,val,v_PlayingFlute_g05_c05,data/UCF101_data/UCF-101/PlayingFlute/v_PlayingFlute_g05_c05.avi,61,8,10,1,61,True,True,0.969164252281189,0.058584550861269236,0.004321578744566068,1.477907523047179,236,8,8,8,False,
ucf101,val,v_PlayingFlute_g03_c04,data/UCF101_data/UCF-101/PlayingFlute/v_PlayingFlute_g03_c04.avi,61,8,10,1,61,True,True,0.9831211566925049,0.047853507567197084,0.004321578744566068,1.4158921702764928,222,8,8,8,False,
ucf101,val,v_PlayingFlute_g02_c04,data/UCF101_data/UCF-101/PlayingFlute/v_PlayingFlute_g02_c04.avi,61,8,10,1,61,True,True,0.9186322689056396,0.04764693509787321,0.004321578744566068,1.3659697803668678,199,8,8,8,False,
ucf101,val,v_PlayingFlute_g03_c03,data/UCF101_data/UCF-101/PlayingFlute/v_PlayingFlute_g03_c03.avi,61,8,10,1,61,True,True,0.9818170070648193,0.053342332132160664,0.004321578744566068,1.3155831233598292,249,8,8,8,False,
ucf101,val,v_PlayingFlute_g05_c03,data/UCF101_data/UCF-101/PlayingFlute/v_PlayingFlute_g05_c03.avi,61,8,10,1,61,True,True,0.9727473258972168,0.05160676687955856,0.004321578744566068,1.2593181650154293,223,8,8,8,False,
ucf101,val,v_PlayingFlute_g05_c04,data/UCF101_data/UCF-101/PlayingFlute/v_PlayingFlute_g05_c04.avi,61,8,10,1,61,True,True,0.9621132612228394,0.049426490906625986,0.004321578744566068,1.2046265969984233,200,8,8,8,False,
ucf101,val,v_PlayingFlute_g04_c05,data/UCF101_data/UCF-101/PlayingFlute/v_PlayingFlute_g04_c05.avi,61,8,10,1,61,True,True,0.9532856941223145,0.06588843883946538,0.004321578744566068,1.1527564651332796,389,8,8,8,False,
ucf101,val,v_PlayingFlute_g02_c03,data/UCF101_data/UCF-101/PlayingFlute/v_PlayingFlute_g02_c03.avi,61,8,10,1,61,True,True,0.9731510877609253,0.04201397392898798,0.004321578744566068,1.082828501239419,245,8,8,8,False,
ucf101,val,v_PlayingGuitar_g04_c05,data/UCF101_data/UCF-101/PlayingGuitar/v_PlayingGuitar_g04_c05.avi,62,8,10,1,62,True,True,0.3989284336566925,0.0696895457804203,0.004321578744566068,1.0381536660715938,250,8,8,8,False,
ucf101,val,v_PlayingGuitar_g02_c02,data/UCF101_data/UCF-101/PlayingGuitar/v_PlayingGuitar_g02_c02.avi,62,8,10,1,62,True,True,0.978225588798523,0.04101174930110574,0.004321578744566068,0.9655525428242981,250,8,8,8,False,
ucf101,val,v_PlayingGuitar_g06_c01,data/UCF101_data/UCF-101/PlayingGuitar/v_PlayingGuitar_g06_c01.avi,62,8,10,1,62,True,True,0.9861673712730408,0.07038312405347824,0.004321578744566068,0.9216522923670709,250,8,8,8,False,
ucf101,val,v_PlayingGuitar_g01_c05,data/UCF101_data/UCF-101/PlayingGuitar/v_PlayingGuitar_g01_c05.avi,62,8,10,1,62,True,True,0.986125648021698,0.049051336012780666,0.004321578744566068,0.8473717141896486,238,8,8,8,False,
ucf101,val,v_PlayingGuitar_g02_c04,data/UCF101_data/UCF-101/PlayingGuitar/v_PlayingGuitar_g02_c04.avi,62,8,10,1,62,True,True,0.9817511439323425,0.07633284199982882,0.004321578744566068,0.7962287249974906,200,8,8,8,False,
ucf101,val,v_PlayingGuitar_g03_c05,data/UCF101_data/UCF-101/PlayingGuitar/v_PlayingGuitar_g03_c05.avi,62,8,10,1,62,True,True,0.9840847253799438,0.050881404895335436,0.004321578744566068,0.7171407411806285,250,8,8,8,False,
ucf101,val,v_PlayingGuitar_g05_c02,data/UCF101_data/UCF-101/PlayingGuitar/v_PlayingGuitar_g05_c02.avi,62,8,10,1,62,True,True,0.9712834358215332,0.04709141934290528,0.004321578744566068,0.662985703907907,212,8,8,8,False,
ucf101,val,v_PlayingGuitar_g06_c07,data/UCF101_data/UCF-101/PlayingGuitar/v_PlayingGuitar_g06_c07.avi,62,8,10,1,62,True,True,0.9869472980499268,0.06306654401123524,0.004321578744566068,0.6126165436580777,250,8,8,8,False,
ucf101,val,v_PlayingGuitar_g04_c07,data/UCF101_data/UCF-101/PlayingGuitar/v_PlayingGuitar_g04_c07.avi,62,8,10,1,62,True,True,0.7631709575653076,0.060133439023047686,0.003974128878326155,2.044795486610383,250,8,8,8,False,
ucf101,val,v_PlayingGuitar_g01_c06,data/UCF101_data/UCF-101/PlayingGuitar/v_PlayingGuitar_g01_c06.avi,62,8,10,1,62,True,True,0.9844186305999756,0.060888237319886684,0.003974128878326155,1.9809583672322333,250,8,8,8,False,
ucf101,val,v_PlayingGuitar_g07_c01,data/UCF101_data/UCF-101/PlayingGuitar/v_PlayingGuitar_g07_c01.avi,62,8,10,1,62,True,True,0.9856470227241516,0.058294862043112516,0.003974128878326155,1.9182467912323773,250,8,8,8,False,
ucf101,val,v_PlayingGuitar_g01_c01,data/UCF101_data/UCF-101/PlayingGuitar/v_PlayingGuitar_g01_c01.avi,62,8,10,1,62,True,True,0.9774901270866394,0.06188263604417443,0.003974128878326155,1.8572341208346188,250,8,8,8,False,
ucf101,val,v_PlayingGuitar_g02_c03,data/UCF101_data/UCF-101/PlayingGuitar/v_PlayingGuitar_g02_c03.avi,62,8,10,1,62,True,True,0.9746007323265076,0.05444508930668235,0.003974128878326155,1.792354395147413,250,8,8,8,False,
ucf101,val,v_PlayingGuitar_g04_c01,data/UCF101_data/UCF-101/PlayingGuitar/v_PlayingGuitar_g04_c01.avi,62,8,10,1,62,True,True,0.8680987358093262,0.06065163016319275,0.003974128878326155,1.7347338213585317,250,8,8,8,False,
ucf101,val,v_PlayingGuitar_g01_c04,data/UCF101_data/UCF-101/PlayingGuitar/v_PlayingGuitar_g01_c04.avi,62,8,10,1,62,True,True,0.9829177260398865,0.055978568736463785,0.003974128878326155,1.6715796240605414,250,8,8,8,False,
ucf101,val,v_PlayingGuitar_g07_c02,data/UCF101_data/UCF-101/PlayingGuitar/v_PlayingGuitar_g07_c02.avi,62,8,10,1,62,True,True,0.9787933230400085,0.05643558595329523,0.003974128878326155,1.6129236002452672,250,8,8,8,False,
ucf101,val,v_PlayingGuitar_g03_c02,data/UCF101_data/UCF-101/PlayingGuitar/v_PlayingGuitar_g03_c02.avi,62,8,10,1,62,True,True,0.9805189371109009,0.05863139918074012,0.003974128878326155,1.5545399570837617,250,8,8,8,False,
ucf101,val,v_PlayingGuitar_g07_c07,data/UCF101_data/UCF-101/PlayingGuitar/v_PlayingGuitar_g07_c07.avi,62,8,10,1,62,True,True,0.9853074550628662,0.06091842893511057,0.003974128878326155,1.4922516448423266,250,8,8,8,False,
ucf101,val,v_PlayingGuitar_g06_c06,data/UCF101_data/UCF-101/PlayingGuitar/v_PlayingGuitar_g06_c06.avi,62,8,10,1,62,True,True,0.9841216802597046,0.06354779424145818,0.003974128878326155,1.4290693900547922,250,8,8,8,False,
ucf101,val,v_PlayingGuitar_g06_c04,data/UCF101_data/UCF-101/PlayingGuitar/v_PlayingGuitar_g06_c04.avi,62,8,10,1,62,True,True,0.9886465668678284,0.04975621309131384,0.003974128878326155,1.362406621221453,250,8,8,8,False,
ucf101,val,v_PlayingPiano_g03_c01,data/UCF101_data/UCF-101/PlayingPiano/v_PlayingPiano_g03_c01.avi,63,8,10,1,63,True,True,0.9567769765853882,0.061718396842479706,0.003974128878326155,1.3098258031532168,228,8,8,8,False,
ucf101,val,v_PlayingPiano_g05_c03,data/UCF101_data/UCF-101/PlayingPiano/v_PlayingPiano_g05_c03.avi,63,8,10,1,63,True,True,0.9690999984741211,0.05439187213778496,0.003974128878326155,1.245398703031242,238,8,8,8,False,
ucf101,val,v_PlayingPiano_g04_c01,data/UCF101_data/UCF-101/PlayingPiano/v_PlayingPiano_g04_c01.avi,63,8,10,1,74,False,True,0.1658691018819809,0.031464201863855124,0.003974128878326155,1.1886512711644173,212,8,8,8,False,
ucf101,val,v_PlayingPiano_g06_c01,data/UCF101_data/UCF-101/PlayingPiano/v_PlayingPiano_g06_c01.avi,63,8,10,1,63,True,True,0.9339649677276611,0.030504283029586077,0.003974128878326155,1.1538554290309548,222,8,8,8,False,
ucf101,val,v_PlayingPiano_g03_c04,data/UCF101_data/UCF-101/PlayingPiano/v_PlayingPiano_g03_c04.avi,63,8,10,1,63,True,True,0.9183075428009033,0.03584621101617813,0.003974128878326155,1.1202383311465383,248,8,8,8,False,
ucf101,val,v_PlayingPiano_g01_c04,data/UCF101_data/UCF-101/PlayingPiano/v_PlayingPiano_g01_c04.avi,63,8,10,1,63,True,True,0.9643573760986328,0.03699857089668512,0.003974128878326155,1.0813483260571957,215,8,8,8,False,
ucf101,val,v_PlayingPiano_g06_c02,data/UCF101_data/UCF-101/PlayingPiano/v_PlayingPiano_g06_c02.avi,63,8,10,1,63,True,True,0.9516417980194092,0.04778829216957092,0.003974128878326155,1.0415878109633923,222,8,8,8,False,
ucf101,val,v_PlayingPiano_g02_c04,data/UCF101_data/UCF-101/PlayingPiano/v_PlayingPiano_g02_c04.avi,63,8,10,1,63,True,True,0.9354329109191895,0.04051934275776148,0.003974128878326155,0.9905945900827646,210,8,8,8,False,
ucf101,val,v_PlayingPiano_g04_c04,data/UCF101_data/UCF-101/PlayingPiano/v_PlayingPiano_g04_c04.avi,63,8,10,1,63,True,True,0.7168775200843811,0.0751972058787942,0.003974128878326155,0.9472261900082231,226,8,8,8,False,
ucf101,val,v_PlayingPiano_g01_c01,data/UCF101_data/UCF-101/PlayingPiano/v_PlayingPiano_g01_c01.avi,63,8,10,1,63,True,True,0.9729800820350647,0.048462029080837965,0.003974128878326155,0.8696231301873922,218,8,8,8,False,
ucf101,val,v_PlayingPiano_g05_c02,data/UCF101_data/UCF-101/PlayingPiano/v_PlayingPiano_g05_c02.avi,63,8,10,1,63,True,True,0.9174282550811768,0.03204770898446441,0.003974128878326155,0.8181297262199223,225,8,8,8,False,
ucf101,val,v_PlayingPiano_g03_c03,data/UCF101_data/UCF-101/PlayingPiano/v_PlayingPiano_g03_c03.avi,63,8,10,1,63,True,True,0.9649103283882141,0.035711619071662426,0.003974128878326155,0.783242111094296,228,8,8,8,False,
ucf101,val,v_PlayingPiano_g07_c01,data/UCF101_data/UCF-101/PlayingPiano/v_PlayingPiano_g07_c01.avi,63,8,10,1,63,True,True,0.9122394323348999,0.01948439981788397,0.003974128878326155,0.7442657467909157,212,8,8,8,False,
ucf101,val,v_PlayingPiano_g05_c01,data/UCF101_data/UCF-101/PlayingPiano/v_PlayingPiano_g05_c01.avi,63,8,10,1,63,True,True,0.8854809999465942,0.033063107170164585,0.003974128878326155,0.7228071289137006,212,8,8,8,False,
ucf101,val,v_PlayingPiano_g01_c02,data/UCF101_data/UCF-101/PlayingPiano/v_PlayingPiano_g01_c02.avi,63,8,10,1,63,True,True,0.9711464643478394,0.04376324312761426,0.003974128878326155,0.6866723098792136,221,8,8,8,False,
ucf101,val,v_PlayingPiano_g04_c03,data/UCF101_data/UCF-101/PlayingPiano/v_PlayingPiano_g04_c03.avi,63,8,10,1,63,True,True,0.5674341320991516,0.023015766870230436,0.003974128878326155,0.6405535247176886,205,8,8,8,False,
ucf101,val,v_PlayingPiano_g05_c04,data/UCF101_data/UCF-101/PlayingPiano/v_PlayingPiano_g05_c04.avi,63,8,10,1,63,True,True,0.9660805463790894,0.03332325490191579,0.003974128878326155,0.6160995760001242,238,8,8,8,False,
ucf101,val,v_PlayingPiano_g02_c01,data/UCF101_data/UCF-101/PlayingPiano/v_PlayingPiano_g02_c01.avi,63,8,10,1,63,True,True,0.9238703846931458,0.030407691840082407,0.003974128878326155,0.5804836363531649,225,8,8,8,False,
ucf101,val,v_PlayingPiano_g02_c03,data/UCF101_data/UCF-101/PlayingPiano/v_PlayingPiano_g02_c03.avi,63,8,10,1,63,True,True,0.9140015244483948,0.04073604941368103,0.003974128878326155,0.5466112727299333,217,8,8,8,False,
ucf101,val,v_PlayingPiano_g04_c02,data/UCF101_data/UCF-101/PlayingPiano/v_PlayingPiano_g04_c02.avi,63,8,10,1,66,False,True,0.09629838913679123,0.022837220691144466,0.003974128878326155,0.5025754650123417,205,8,8,8,False,
ucf101,val,v_PlayingSitar_g02_c05,data/UCF101_data/UCF-101/PlayingSitar/v_PlayingSitar_g02_c05.avi,64,8,10,1,64,True,True,0.9841747879981995,0.09940025629475713,0.004888195937382989,2.770948156248778,250,8,8,8,False,
ucf101,val,v_PlayingSitar_g01_c03,data/UCF101_data/UCF-101/PlayingSitar/v_PlayingSitar_g01_c03.avi,64,8,10,1,64,True,True,0.45787495374679565,0.04872542107477784,0.004888195937382989,2.6691431989893317,129,8,8,8,False,
ucf101,val,v_PlayingSitar_g07_c06,data/UCF101_data/UCF-101/PlayingSitar/v_PlayingSitar_g07_c06.avi,64,8,10,1,64,True,True,0.9750310182571411,0.09820535499602556,0.004888195937382989,2.6167488009668887,410,8,8,8,False,
ucf101,val,v_PlayingSitar_g04_c03,data/UCF101_data/UCF-101/PlayingSitar/v_PlayingSitar_g04_c03.avi,64,8,10,1,64,True,True,0.9575369954109192,0.09498678892850876,0.004888195937382989,2.516111619770527,422,8,8,8,False,
ucf101,val,v_PlayingSitar_g06_c01,data/UCF101_data/UCF-101/PlayingSitar/v_PlayingSitar_g06_c01.avi,64,8,10,1,64,True,True,0.9799278974533081,0.04052633186802268,0.004888195937382989,2.4176777210086584,151,8,8,8,False,
ucf101,val,v_PlayingSitar_g02_c04,data/UCF101_data/UCF-101/PlayingSitar/v_PlayingSitar_g02_c04.avi,64,8,10,1,64,True,True,0.9825987815856934,0.055350957438349724,0.004888195937382989,2.374731387011707,268,8,8,8,False,
ucf101,val,v_PlayingSitar_g02_c03,data/UCF101_data/UCF-101/PlayingSitar/v_PlayingSitar_g02_c03.avi,64,8,10,1,64,True,True,0.9813261032104492,0.04981653206050396,0.004888195937382989,2.3166883941739798,255,8,8,8,False,
ucf101,val,v_PlayingSitar_g03_c06,data/UCF101_data/UCF-101/PlayingSitar/v_PlayingSitar_g03_c06.avi,64,8,10,1,64,True,True,0.9623783826828003,0.05636776564642787,0.004888195937382989,2.263565668836236,426,8,8,8,False,
ucf101,val,v_PlayingSitar_g06_c04,data/UCF101_data/UCF-101/PlayingSitar/v_PlayingSitar_g06_c04.avi,64,8,10,1,64,True,True,0.9728604555130005,0.04944876255467534,0.004888195937382989,2.2034392850473523,144,8,8,8,False,
ucf101,val,v_PlayingSitar_g07_c07,data/UCF101_data/UCF-101/PlayingSitar/v_PlayingSitar_g07_c07.avi,64,8,10,1,64,True,True,0.977764368057251,0.047961796168237925,0.004888195937382989,2.1500890739262104,246,8,8,8,False,
ucf101,val,v_PlayingSitar_g05_c01,data/UCF101_data/UCF-101/PlayingSitar/v_PlayingSitar_g05_c01.avi,64,8,10,1,64,True,True,0.980048656463623,0.058705130126327276,0.004888195937382989,2.0990090472623706,406,8,8,8,False,
ucf101,val,v_PlayingSitar_g05_c06,data/UCF101_data/UCF-101/PlayingSitar/v_PlayingSitar_g05_c06.avi,64,8,10,1,64,True,True,0.9835630655288696,0.07594823511317372,0.004888195937382989,2.0372097231447697,434,8,8,8,False,
ucf101,val,v_PlayingSitar_g04_c07,data/UCF101_data/UCF-101/PlayingSitar/v_PlayingSitar_g04_c07.avi,64,8,10,1,64,True,True,0.9851234555244446,0.07312098890542984,0.004888195937382989,1.9579572146758437,425,8,8,8,False,
ucf101,val,v_PlayingSitar_g04_c05,data/UCF101_data/UCF-101/PlayingSitar/v_PlayingSitar_g04_c05.avi,64,8,10,1,64,True,True,0.958141028881073,0.07274167286232114,0.004888195937382989,1.8811916937120259,420,8,8,8,False,
ucf101,val,v_PlayingSitar_g07_c03,data/UCF101_data/UCF-101/PlayingSitar/v_PlayingSitar_g07_c03.avi,64,8,10,1,64,True,True,0.9771002531051636,0.07544989418238401,0.004888195937382989,1.8052779673598707,362,8,8,8,False,
ucf101,val,v_PlayingSitar_g04_c06,data/UCF101_data/UCF-101/PlayingSitar/v_PlayingSitar_g04_c06.avi,64,8,10,1,64,True,True,0.9844716191291809,0.08029947616159916,0.004888195937382989,1.7266340940259397,415,8,8,8,False,
ucf101,val,v_PlayingSitar_g04_c01,data/UCF101_data/UCF-101/PlayingSitar/v_PlayingSitar_g04_c01.avi,64,8,10,1,64,True,True,0.9495326280593872,0.07747361157089472,0.004888195937382989,1.6428405791521072,434,8,8,8,False,
ucf101,val,v_PlayingSitar_g03_c04,data/UCF101_data/UCF-101/PlayingSitar/v_PlayingSitar_g03_c04.avi,64,8,10,1,64,True,True,0.765337347984314,0.07044770568609238,0.004888195937382989,1.562216438818723,422,8,8,8,False,
ucf101,val,v_PlayingSitar_g04_c02,data/UCF101_data/UCF-101/PlayingSitar/v_PlayingSitar_g04_c02.avi,64,8,10,1,64,True,True,0.9640098214149475,0.08335427707061172,0.004888195937382989,1.4881818452849984,420,8,8,8,False,
ucf101,val,v_PlayingSitar_g06_c02,data/UCF101_data/UCF-101/PlayingSitar/v_PlayingSitar_g06_c02.avi,64,8,10,1,64,True,True,0.9790098667144775,0.046124800108373165,0.004888195937382989,1.4019131502136588,150,8,8,8,False,
ucf101,val,v_PlayingTabla_g06_c01,data/UCF101_data/UCF-101/PlayingTabla/v_PlayingTabla_g06_c01.avi,65,8,10,1,65,True,True,0.8590968251228333,0.09292471781373024,0.004888195937382989,1.3528558379039168,209,8,8,8,False,
ucf101,val,v_PlayingTabla_g02_c01,data/UCF101_data/UCF-101/PlayingTabla/v_PlayingTabla_g02_c01.avi,65,8,10,1,65,True,True,0.7009203433990479,0.06376910302788019,0.004888195937382989,1.2565112090669572,318,8,8,8,False,
ucf101,val,v_PlayingTabla_g07_c02,data/UCF101_data/UCF-101/PlayingTabla/v_PlayingTabla_g07_c02.avi,65,8,10,1,65,True,True,0.9771241545677185,0.053034687880426645,0.004888195937382989,1.1890513352118433,245,8,8,8,False,
ucf101,val,v_PlayingTabla_g04_c01,data/UCF101_data/UCF-101/PlayingTabla/v_PlayingTabla_g04_c01.avi,65,8,10,1,65,True,True,0.8104254007339478,0.054565017111599445,0.004888195937382989,1.1327225058339536,249,8,8,8,False,
ucf101,val,v_PlayingTabla_g05_c02,data/UCF101_data/UCF-101/PlayingTabla/v_PlayingTabla_g05_c02.avi,65,8,10,1,65,True,True,0.7323234677314758,0.047416654881089926,0.004888195937382989,1.0748503841459751,247,8,8,8,False,
ucf101,val,v_PlayingTabla_g01_c04,data/UCF101_data/UCF-101/PlayingTabla/v_PlayingTabla_g01_c04.avi,65,8,10,1,65,True,True,0.9435752034187317,0.051450518891215324,0.004888195937382989,1.024003735743463,255,8,8,8,False,
ucf101,val,v_PlayingTabla_g04_c03,data/UCF101_data/UCF-101/PlayingTabla/v_PlayingTabla_g04_c03.avi,65,8,10,1,65,True,True,0.8640329241752625,0.0655274479649961,0.004888195937382989,0.9693434741348028,297,8,8,8,False,
ucf101,val,v_PlayingTabla_g05_c01,data/UCF101_data/UCF-101/PlayingTabla/v_PlayingTabla_g05_c01.avi,65,8,10,1,63,False,True,0.22585482895374298,0.03903159685432911,0.004888195937382989,0.9007416721433401,270,8,8,8,False,
ucf101,val,v_PlayingTabla_g07_c01,data/UCF101_data/UCF-101/PlayingTabla/v_PlayingTabla_g07_c01.avi,65,8,10,1,65,True,True,0.9784646034240723,0.06612917222082615,0.004888195937382989,0.8588004210032523,251,8,8,8,False,
ucf101,val,v_PlayingTabla_g03_c01,data/UCF101_data/UCF-101/PlayingTabla/v_PlayingTabla_g03_c01.avi,65,8,10,1,65,True,True,0.7951198816299438,0.06516139302402735,0.004888195937382989,0.7894220291636884,293,8,8,8,False,
ucf101,val,v_PlayingTabla_g01_c02,data/UCF101_data/UCF-101/PlayingTabla/v_PlayingTabla_g01_c02.avi,65,8,10,1,65,True,True,0.937505304813385,0.07465100288391113,0.004888195937382989,0.721019078977406,251,8,8,8,False,
ucf101,val,v_PlayingTabla_g03_c04,data/UCF101_data/UCF-101/PlayingTabla/v_PlayingTabla_g03_c04.avi,65,8,10,1,61,False,True,0.4684092402458191,0.07762242667376995,0.004888195937382989,0.6433676327578723,236,8,8,8,False,
ucf101,val,v_PlayingTabla_g02_c03,data/UCF101_data/UCF-101/PlayingTabla/v_PlayingTabla_g02_c03.avi,65,8,10,1,65,True,True,0.7860100865364075,0.05827928986400366,0.003490617367788218,2.2087145717814565,298,8,8,8,False,
ucf101,val,v_PlayingTabla_g04_c02,data/UCF101_data/UCF-101/PlayingTabla/v_PlayingTabla_g04_c02.avi,65,8,10,1,65,True,True,0.7874113321304321,0.05974653223529458,0.003490617367788218,2.147601392120123,302,8,8,8,False,
ucf101,val,v_PlayingTabla_g04_c05,data/UCF101_data/UCF-101/PlayingTabla/v_PlayingTabla_g04_c05.avi,65,8,10,1,65,True,True,0.7051664590835571,0.0661509851925075,0.003490617367788218,2.084585058968514,319,8,8,8,False,
ucf101,val,v_PlayingTabla_g02_c04,data/UCF101_data/UCF-101/PlayingTabla/v_PlayingTabla_g02_c04.avi,65,8,10,1,65,True,True,0.843166708946228,0.05253404984250665,0.003490617367788218,2.015277653001249,313,8,8,8,False,
ucf101,val,v_PlayingTabla_g05_c04,data/UCF101_data/UCF-101/PlayingTabla/v_PlayingTabla_g05_c04.avi,65,8,10,1,65,True,True,0.5897539258003235,0.05628928681835532,0.003490617367788218,1.9594085710123181,267,8,8,8,False,
ucf101,val,v_PlayingTabla_g02_c02,data/UCF101_data/UCF-101/PlayingTabla/v_PlayingTabla_g02_c02.avi,65,8,10,1,65,True,True,0.7833645939826965,0.06124652922153473,0.003490617367788218,1.9000876280479133,290,8,8,8,False,
ucf101,val,v_PlayingTabla_g06_c04,data/UCF101_data/UCF-101/PlayingTabla/v_PlayingTabla_g06_c04.avi,65,8,10,1,65,True,True,0.7140185236930847,0.05500835832208395,0.003490617367788218,1.835116384550929,234,8,8,8,False,
ucf101,val,v_PlayingTabla_g03_c03,data/UCF101_data/UCF-101/PlayingTabla/v_PlayingTabla_g03_c03.avi,65,8,10,1,65,True,True,0.5349993705749512,0.05791063327342272,0.003490617367788218,1.777029441203922,255,8,8,8,False,
ucf101,val,v_PlayingViolin_g03_c04,data/UCF101_data/UCF-101/PlayingViolin/v_PlayingViolin_g03_c04.avi,66,8,10,1,66,True,True,0.9752222299575806,0.1067911060526967,0.003490617367788218,1.7165617877617478,199,8,8,8,False,
ucf101,val,v_PlayingViolin_g05_c02,data/UCF101_data/UCF-101/PlayingViolin/v_PlayingViolin_g05_c02.avi,66,8,10,1,66,True,True,0.9704986810684204,0.03587610833346844,0.003490617367788218,1.6063186572864652,176,8,8,8,False,
ucf101,val,v_PlayingViolin_g06_c01,data/UCF101_data/UCF-101/PlayingViolin/v_PlayingViolin_g06_c01.avi,66,8,10,1,66,True,True,0.5462231636047363,0.024400448892265558,0.003490617367788218,1.5670963651500642,177,8,8,8,False,
ucf101,val,v_PlayingViolin_g07_c04,data/UCF101_data/UCF-101/PlayingViolin/v_PlayingViolin_g07_c04.avi,66,8,10,1,66,True,True,0.9748308062553406,0.03249383997172117,0.003490617367788218,1.541276341304183,173,8,8,8,False,
ucf101,val,v_PlayingViolin_g01_c02,data/UCF101_data/UCF-101/PlayingViolin/v_PlayingViolin_g01_c02.avi,66,8,10,1,66,True,True,0.966582179069519,0.021785262040793896,0.003490617367788218,1.5069607640616596,169,8,8,8,False,
ucf101,val,v_PlayingViolin_g04_c01,data/UCF101_data/UCF-101/PlayingViolin/v_PlayingViolin_g04_c01.avi,66,8,10,1,66,True,True,0.8161197900772095,0.05158769711852074,0.003490617367788218,1.4831627807579935,176,8,8,8,False,
ucf101,val,v_PlayingViolin_g03_c01,data/UCF101_data/UCF-101/PlayingViolin/v_PlayingViolin_g03_c01.avi,66,8,10,1,66,True,True,0.9748860597610474,0.045357834082096815,0.003490617367788218,1.4288005786947906,181,8,8,8,False,
ucf101,val,v_PlayingViolin_g02_c03,data/UCF101_data/UCF-101/PlayingViolin/v_PlayingViolin_g02_c03.avi,66,8,10,1,66,True,True,0.9701951742172241,0.08886440703645349,0.003490617367788218,1.381161524914205,509,8,8,8,False,
ucf101,val,v_PlayingViolin_g01_c04,data/UCF101_data/UCF-101/PlayingViolin/v_PlayingViolin_g01_c04.avi,66,8,10,1,58,False,True,0.3341948091983795,0.03624539962038398,0.003490617367788218,1.290057728998363,178,8,8,8,False,
ucf101,val,v_PlayingViolin_g04_c03,data/UCF101_data/UCF-101/PlayingViolin/v_PlayingViolin_g04_c03.avi,66,8,10,1,66,True,True,0.97788405418396,0.05170584702864289,0.003490617367788218,1.2513076928444207,169,8,8,8,False,
ucf101,val,v_PlayingViolin_g01_c03,data/UCF101_data/UCF-101/PlayingViolin/v_PlayingViolin_g01_c03.avi,66,8,10,1,66,True,True,0.8659533858299255,0.023807052057236433,0.003490617367788218,1.1974270860664546,170,8,8,8,False,
ucf101,val,v_PlayingViolin_g07_c02,data/UCF101_data/UCF-101/PlayingViolin/v_PlayingViolin_g07_c02.avi,66,8,10,1,66,True,True,0.9763004779815674,0.035344373900443316,0.003490617367788218,1.171105224173516,174,8,8,8,False,
ucf101,val,v_PlayingViolin_g01_c01,data/UCF101_data/UCF-101/PlayingViolin/v_PlayingViolin_g01_c01.avi,66,8,10,1,66,True,True,0.8758434653282166,0.05392078077420592,0.003490617367788218,1.1332645360380411,186,8,8,8,False,
ucf101,val,v_PlayingViolin_g04_c04,data/UCF101_data/UCF-101/PlayingViolin/v_PlayingViolin_g04_c04.avi,66,8,10,1,61,False,True,0.913581132888794,0.052954993676394224,0.003490617367788218,1.076511857099831,176,8,8,8,False,
ucf101,val,v_PlayingViolin_g06_c03,data/UCF101_data/UCF-101/PlayingViolin/v_PlayingViolin_g06_c03.avi,66,8,10,1,66,True,True,0.3499382734298706,0.04844760708510876,0.003490617367788218,1.021178824827075,177,8,8,8,False,
ucf101,val,v_PlayingViolin_g02_c02,data/UCF101_data/UCF-101/PlayingViolin/v_PlayingViolin_g02_c02.avi,66,8,10,1,66,True,True,0.9691977500915527,0.06942598382011056,0.003490617367788218,0.9692850220017135,339,8,8,8,False,
ucf101,val,v_PlayingViolin_g05_c04,data/UCF101_data/UCF-101/PlayingViolin/v_PlayingViolin_g05_c04.avi,66,8,10,1,66,True,True,0.9675086736679077,0.0543162589892745,0.003490617367788218,0.8967865938320756,184,8,8,8,False,
ucf101,val,v_PlayingViolin_g07_c03,data/UCF101_data/UCF-101/PlayingViolin/v_PlayingViolin_g07_c03.avi,66,8,10,1,66,True,True,0.9769369959831238,0.04803869081661105,0.003490617367788218,0.839484709315002,168,8,8,8,False,
ucf101,val,v_PlayingViolin_g03_c02,data/UCF101_data/UCF-101/PlayingViolin/v_PlayingViolin_g03_c02.avi,66,8,10,1,66,True,True,0.9701598286628723,0.04910695319995284,0.003490617367788218,0.7879983959719539,181,8,8,8,False,
ucf101,val,v_PlayingViolin_g07_c01,data/UCF101_data/UCF-101/PlayingViolin/v_PlayingViolin_g07_c01.avi,66,8,10,1,66,True,True,0.9749283194541931,0.05240528332069516,0.003490617367788218,0.7354915970936418,178,8,8,8,False,
ucf101,val,v_PoleVault_g01_c05,data/UCF101_data/UCF-101/PoleVault/v_PoleVault_g01_c05.avi,67,8,10,1,30,False,True,0.2802307903766632,0.061331350822001696,0.003490617367788218,0.6798609532415867,195,8,8,8,False,
ucf101,val,v_PoleVault_g06_c05,data/UCF101_data/UCF-101/PoleVault/v_PoleVault_g06_c05.avi,67,8,10,1,67,True,True,0.9815675616264343,0.08174071786925197,0.003490617367788218,0.6150283752940595,260,8,8,8,False,
ucf101,val,v_PoleVault_g03_c02,data/UCF101_data/UCF-101/PoleVault/v_PoleVault_g03_c02.avi,67,8,10,1,67,True,True,0.2899244725704193,0.031081408727914095,0.003490617367788218,0.5297046559862792,197,8,8,8,False,
ucf101,val,v_PoleVault_g07_c02,data/UCF101_data/UCF-101/PoleVault/v_PoleVault_g07_c02.avi,67,8,10,1,67,True,True,0.9557802677154541,0.03202847903594375,0.003490617367788218,0.4957996690645814,199,8,8,8,False,
ucf101,val,v_PoleVault_g03_c03,data/UCF101_data/UCF-101/PoleVault/v_PoleVault_g03_c03.avi,67,8,10,1,55,False,False,0.13229067623615265,0.02790940972045064,0.0038916928751859814,2.331291444133967,222,8,8,8,False,
ucf101,val,v_PoleVault_g04_c03,data/UCF101_data/UCF-101/PoleVault/v_PoleVault_g04_c03.avi,67,8,10,1,67,True,True,0.9293572306632996,0.05974438460543752,0.0038916928751859814,2.3014848548918962,219,8,8,8,False,
ucf101,val,v_PoleVault_g02_c05,data/UCF101_data/UCF-101/PoleVault/v_PoleVault_g02_c05.avi,67,8,10,1,67,True,True,0.980455756187439,0.02881112927570939,0.0038916928751859814,2.238873495720327,100,8,8,8,False,
ucf101,val,v_PoleVault_g01_c01,data/UCF101_data/UCF-101/PoleVault/v_PoleVault_g01_c01.avi,67,8,10,1,67,True,True,0.8402364253997803,0.03031809628009796,0.0038916928751859814,2.2074202662333846,196,8,8,8,False,
ucf101,val,v_PoleVault_g03_c06,data/UCF101_data/UCF-101/PoleVault/v_PoleVault_g03_c06.avi,67,8,10,1,5,False,True,0.7755826115608215,0.055845257826149464,0.0038916928751859814,2.175214353017509,227,8,8,8,False,
ucf101,val,v_PoleVault_g05_c02,data/UCF101_data/UCF-101/PoleVault/v_PoleVault_g05_c02.avi,67,8,10,1,67,True,True,0.977499783039093,0.0594263868406415,0.0038916928751859814,2.116180189885199,315,8,8,8,False,
ucf101,val,v_PoleVault_g07_c04,data/UCF101_data/UCF-101/PoleVault/v_PoleVault_g07_c04.avi,67,8,10,1,2,False,True,0.6157472729682922,0.05594037799164653,0.0038916928751859814,2.05273192608729,318,8,8,8,False,
ucf101,val,v_PoleVault_g05_c04,data/UCF101_data/UCF-101/PoleVault/v_PoleVault_g05_c04.avi,67,8,10,1,67,True,True,0.8122466206550598,0.051424162928014994,0.0038916928751859814,1.9934819438494742,267,8,8,8,False,
ucf101,val,v_PoleVault_g06_c01,data/UCF101_data/UCF-101/PoleVault/v_PoleVault_g06_c01.avi,67,8,10,1,39,False,True,0.9277814030647278,0.05112636601552367,0.0038916928751859814,1.9397438438609242,129,8,8,8,False,
ucf101,val,v_PoleVault_g02_c04,data/UCF101_data/UCF-101/PoleVault/v_PoleVault_g02_c04.avi,67,8,10,1,67,True,True,0.9811020493507385,0.026966379955410957,0.0038916928751859814,1.8862482770346105,101,8,8,8,False,
ucf101,val,v_PoleVault_g04_c07,data/UCF101_data/UCF-101/PoleVault/v_PoleVault_g04_c07.avi,67,8,10,1,92,False,True,0.1251765340566635,0.05975062632933259,0.0038916928751859814,1.8574179499410093,203,8,8,8,False,
ucf101,val,v_PoleVault_g02_c01,data/UCF101_data/UCF-101/PoleVault/v_PoleVault_g02_c01.avi,67,8,10,1,67,True,True,0.9828318953514099,0.02635170193389058,0.0038916928751859814,1.7945298729464412,118,8,8,8,False,
ucf101,val,v_PoleVault_g01_c04,data/UCF101_data/UCF-101/PoleVault/v_PoleVault_g01_c04.avi,67,8,10,1,44,False,True,0.5593450665473938,0.02784736594185233,0.0038916928751859814,1.7653641318902373,201,8,8,8,False,
ucf101,val,v_PoleVault_g06_c04,data/UCF101_data/UCF-101/PoleVault/v_PoleVault_g06_c04.avi,67,8,10,1,67,True,True,0.8920134902000427,0.06090253917500377,0.0038916928751859814,1.7347887461073697,278,8,8,8,False,
ucf101,val,v_PoleVault_g06_c02,data/UCF101_data/UCF-101/PoleVault/v_PoleVault_g06_c02.avi,67,8,10,1,67,True,True,0.9763420820236206,0.0349260731600225,0.0038916928751859814,1.6705773761495948,154,8,8,8,False,
ucf101,val,v_PoleVault_g05_c03,data/UCF101_data/UCF-101/PoleVault/v_PoleVault_g05_c03.avi,67,8,10,1,67,True,True,0.983637273311615,0.0362278469838202,0.0038916928751859814,1.6324607376009226,201,8,8,8,False,
ucf101,val,v_PommelHorse_g01_c01,data/UCF101_data/UCF-101/PommelHorse/v_PommelHorse_g01_c01.avi,68,8,10,1,68,True,True,0.5589897632598877,0.11826186394318938,0.0038916928751859814,1.5937153128907084,396,8,8,8,False,
ucf101,val,v_PommelHorse_g05_c03,data/UCF101_data/UCF-101/PommelHorse/v_PommelHorse_g05_c03.avi,68,8,10,1,68,True,True,0.9671006798744202,0.056325622368603945,0.0038916928751859814,1.4721722900867462,247,8,8,8,False,
ucf101,val,v_PommelHorse_g04_c01,data/UCF101_data/UCF-101/PommelHorse/v_PommelHorse_g04_c01.avi,68,8,10,1,16,False,True,0.4946742057800293,0.051079655066132545,0.0038916928751859814,1.4126892616041005,298,8,8,8,False,
ucf101,val,v_PommelHorse_g05_c01,data/UCF101_data/UCF-101/PommelHorse/v_PommelHorse_g05_c01.avi,68,8,10,1,68,True,True,0.9695593118667603,0.04965934017673135,0.0038916928751859814,1.3593331119045615,243,8,8,8,False,
ucf101,val,v_PommelHorse_g07_c07,data/UCF101_data/UCF-101/PommelHorse/v_PommelHorse_g07_c07.avi,68,8,10,1,4,False,True,0.39754289388656616,0.059177730698138475,0.0038916928751859814,1.3065485865809023,632,8,8,8,False,
ucf101,val,v_PommelHorse_g01_c06,data/UCF101_data/UCF-101/PommelHorse/v_PommelHorse_g01_c06.avi,68,8,10,1,68,True,True,0.9187286496162415,0.06385626690462232,0.0038916928751859814,1.2435758551582694,308,8,8,8,False,
ucf101,val,v_PommelHorse_g02_c02,data/UCF101_data/UCF-101/PommelHorse/v_PommelHorse_g02_c02.avi,68,8,10,1,68,True,True,0.9816941618919373,0.06703315721824765,0.0038916928751859814,1.1778182373382151,312,8,8,8,False,
ucf101,val,v_PommelHorse_g01_c02,data/UCF101_data/UCF-101/PommelHorse/v_PommelHorse_g01_c02.avi,68,8,10,1,4,False,True,0.4850124716758728,0.05886324401944876,0.0038916928751859814,1.1068371920846403,401,8,8,8,False,
ucf101,val,v_PommelHorse_g01_c05,data/UCF101_data/UCF-101/PommelHorse/v_PommelHorse_g01_c05.avi,68,8,10,1,68,True,True,0.6288476586341858,0.06189347291365266,0.0038916928751859814,1.0451745800673962,305,8,8,8,False,
ucf101,val,v_PommelHorse_g05_c04,data/UCF101_data/UCF-101/PommelHorse/v_PommelHorse_g05_c04.avi,68,8,10,1,68,True,True,0.9735456705093384,0.06434270879253745,0.0038916928751859814,0.9804361090064049,294,8,8,8,False,
ucf101,val,v_PommelHorse_g03_c03,data/UCF101_data/UCF-101/PommelHorse/v_PommelHorse_g03_c03.avi,68,8,10,1,68,True,True,0.9711345434188843,0.05365774082019925,0.0038916928751859814,0.9133131839334965,251,8,8,8,False,
ucf101,val,v_PommelHorse_g04_c02,data/UCF101_data/UCF-101/PommelHorse/v_PommelHorse_g04_c02.avi,68,8,10,1,16,False,True,0.5392993092536926,0.06778472103178501,0.0038916928751859814,0.8568201009184122,298,8,8,8,False,
ucf101,val,v_PommelHorse_g01_c04,data/UCF101_data/UCF-101/PommelHorse/v_PommelHorse_g01_c04.avi,68,8,10,1,68,True,True,0.6055523753166199,0.0598333110101521,0.0038916928751859814,0.7865855060517788,357,8,8,8,False,
ucf101,val,v_PommelHorse_g01_c03,data/UCF101_data/UCF-101/PommelHorse/v_PommelHorse_g01_c03.avi,68,8,10,1,68,True,True,0.5539437532424927,0.10070499684661627,0.0038916928751859814,0.7235380648635328,374,8,8,8,False,
ucf101,val,v_PommelHorse_g07_c05,data/UCF101_data/UCF-101/PommelHorse/v_PommelHorse_g07_c05.avi,68,8,10,1,68,True,True,0.7748226523399353,0.04403822496533394,0.0038916928751859814,0.6210375349037349,387,8,8,8,False,
ucf101,val,v_PommelHorse_g03_c04,data/UCF101_data/UCF-101/PommelHorse/v_PommelHorse_g03_c04.avi,68,8,10,1,68,True,True,0.9757751226425171,0.056254147086292505,0.0038916928751859814,0.57387580210343,239,8,8,8,False,
ucf101,val,v_PommelHorse_g03_c01,data/UCF101_data/UCF-101/PommelHorse/v_PommelHorse_g03_c01.avi,68,8,10,1,68,True,True,0.9737798571586609,0.06206146301701665,0.003907026839442551,1.9373633903451264,231,8,8,8,False,
ucf101,val,v_PommelHorse_g06_c02,data/UCF101_data/UCF-101/PommelHorse/v_PommelHorse_g06_c02.avi,68,8,10,1,68,True,True,0.9770744442939758,0.05920035392045975,0.003907026839442551,1.8723066989332438,298,8,8,8,False,
ucf101,val,v_PommelHorse_g07_c06,data/UCF101_data/UCF-101/PommelHorse/v_PommelHorse_g07_c06.avi,68,8,10,1,68,True,True,0.5955158472061157,0.022244548425078392,0.003907026839442551,1.8099548378959298,670,8,8,8,False,
ucf101,val,v_PommelHorse_g04_c05,data/UCF101_data/UCF-101/PommelHorse/v_PommelHorse_g04_c05.avi,68,8,10,1,16,False,True,0.23548243939876556,0.08628816530108452,0.003907026839442551,1.786555744241923,398,8,8,8,False,
ucf101,val,v_PullUps_g05_c01,data/UCF101_data/UCF-101/PullUps/v_PullUps_g05_c01.avi,69,8,10,1,69,True,True,0.9285077452659607,0.0707186427898705,0.003907026839442551,1.6965597858652472,174,8,8,8,False,
ucf101,val,v_PullUps_g02_c04,data/UCF101_data/UCF-101/PullUps/v_PullUps_g02_c04.avi,69,8,10,1,69,True,True,0.9033363461494446,0.042573126032948494,0.003907026839442551,1.623129307758063,178,8,8,8,False,
ucf101,val,v_PullUps_g05_c04,data/UCF101_data/UCF-101/PullUps/v_PullUps_g05_c04.avi,69,8,10,1,74,False,True,0.8102149963378906,0.02883978094905615,0.003907026839442551,1.5778242480009794,144,8,8,8,False,
ucf101,val,v_PullUps_g01_c02,data/UCF101_data/UCF-101/PullUps/v_PullUps_g01_c02.avi,69,8,10,1,17,False,False,0.2590809464454651,0.027956325095146894,0.003907026839442551,1.5473832432180643,138,8,8,8,False,
ucf101,val,v_PullUps_g06_c04,data/UCF101_data/UCF-101/PullUps/v_PullUps_g06_c04.avi,69,8,10,1,69,True,True,0.9282311797142029,0.029389359056949615,0.003907026839442551,1.516671500634402,170,8,8,8,False,
ucf101,val,v_PullUps_g06_c02,data/UCF101_data/UCF-101/PullUps/v_PullUps_g06_c02.avi,69,8,10,1,69,True,True,0.9355658292770386,0.046950902324169874,0.003907026839442551,1.484225950203836,87,8,8,8,False,
ucf101,val,v_PullUps_g07_c04,data/UCF101_data/UCF-101/PullUps/v_PullUps_g07_c04.avi,69,8,10,1,69,True,True,0.9382887482643127,0.02439611218869686,0.003907026839442551,1.4349170373752713,93,8,8,8,False,
ucf101,val,v_PullUps_g03_c02,data/UCF101_data/UCF-101/PullUps/v_PullUps_g03_c02.avi,69,8,10,1,69,True,True,0.970654308795929,0.06021189922466874,0.003907026839442551,1.4082332029938698,208,8,8,8,False,
ucf101,val,v_PullUps_g04_c03,data/UCF101_data/UCF-101/PullUps/v_PullUps_g04_c03.avi,69,8,10,1,69,True,True,0.9649657011032104,0.03774409694597125,0.003907026839442551,1.3458598731085658,154,8,8,8,False,
ucf101,val,v_PullUps_g01_c01,data/UCF101_data/UCF-101/PullUps/v_PullUps_g01_c01.avi,69,8,10,1,98,False,False,0.18784476816654205,0.04056894080713391,0.003907026839442551,1.305544591974467,167,8,8,8,False,
ucf101,val,v_PullUps_g07_c01,data/UCF101_data/UCF-101/PullUps/v_PullUps_g07_c01.avi,69,8,10,1,69,True,True,0.9390910267829895,0.026524021290242672,0.003907026839442551,1.2615818330086768,98,8,8,8,False,
ucf101,val,v_PullUps_g04_c04,data/UCF101_data/UCF-101/PullUps/v_PullUps_g04_c04.avi,69,8,10,1,69,True,True,0.9670202732086182,0.022939284797757864,0.003907026839442551,1.2332708463072777,138,8,8,8,False,
ucf101,val,v_PullUps_g04_c01,data/UCF101_data/UCF-101/PullUps/v_PullUps_g04_c01.avi,69,8,10,1,69,True,True,0.9540959596633911,0.029390172101557255,0.003907026839442551,1.2073218072764575,141,8,8,8,False,
ucf101,val,v_PullUps_g02_c03,data/UCF101_data/UCF-101/PullUps/v_PullUps_g02_c03.avi,69,8,10,1,69,True,True,0.8830418586730957,0.041493918746709824,0.003907026839442551,1.175788814201951,131,8,8,8,False,
ucf101,val,v_PullUps_g03_c03,data/UCF101_data/UCF-101/PullUps/v_PullUps_g03_c03.avi,69,8,10,1,69,True,True,0.9740279316902161,0.04449835792183876,0.003907026839442551,1.1324681350961328,203,8,8,8,False,
ucf101,val,v_PullUps_g05_c02,data/UCF101_data/UCF-101/PullUps/v_PullUps_g05_c02.avi,69,8,10,1,69,True,True,0.9738232493400574,0.030896881129592657,0.003907026839442551,1.0854336977936327,121,8,8,8,False,
ucf101,val,v_PullUps_g07_c03,data/UCF101_data/UCF-101/PullUps/v_PullUps_g07_c03.avi,69,8,10,1,69,True,True,0.7918567657470703,0.008587068412452936,0.003907026839442551,1.0513983038254082,93,8,8,8,False,
ucf101,val,v_PullUps_g03_c04,data/UCF101_data/UCF-101/PullUps/v_PullUps_g03_c04.avi,69,8,10,1,69,True,True,0.9703540802001953,0.06410921597853303,0.003907026839442551,1.0415403391234577,249,8,8,8,False,
ucf101,val,v_PullUps_g06_c03,data/UCF101_data/UCF-101/PullUps/v_PullUps_g06_c03.avi,69,8,10,1,69,True,True,0.9615025520324707,0.022224604152143,0.003907026839442551,0.9746428369544446,98,8,8,8,False,
ucf101,val,v_PullUps_g06_c01,data/UCF101_data/UCF-101/PullUps/v_PullUps_g06_c01.avi,69,8,10,1,74,False,True,0.3081856667995453,0.022565276827663183,0.003907026839442551,0.9505644720047712,84,8,8,8,False,
ucf101,val,v_Punch_g05_c03,data/UCF101_data/UCF-101/Punch/v_Punch_g05_c03.avi,70,8,10,1,70,True,True,0.9891321063041687,0.11085686273872852,0.003907026839442551,0.9259894518181682,300,8,8,8,False,
ucf101,val,v_Punch_g03_c01,data/UCF101_data/UCF-101/Punch/v_Punch_g03_c01.avi,70,8,10,1,70,True,True,0.986763060092926,0.02622423879802227,0.003907026839442551,0.8121394799090922,108,8,8,8,False,
ucf101,val,v_Punch_g01_c05,data/UCF101_data/UCF-101/Punch/v_Punch_g01_c05.avi,70,8,10,1,70,True,True,0.9803406000137329,0.04065321898087859,0.003907026839442551,0.7828191136941314,71,7,8,8,False,
ucf101,val,v_Punch_g02_c04,data/UCF101_data/UCF-101/Punch/v_Punch_g02_c04.avi,70,8,10,1,70,True,True,0.7867584228515625,0.024356666952371597,0.003907026839442551,0.7390827690251172,55,6,8,8,False,
ucf101,val,v_Punch_g04_c05,data/UCF101_data/UCF-101/Punch/v_Punch_g04_c05.avi,70,8,10,1,70,True,True,0.9849115610122681,0.05062265694141388,0.003907026839442551,0.7130933832377195,198,8,8,8,False,
ucf101,val,v_Punch_g07_c07,data/UCF101_data/UCF-101/Punch/v_Punch_g07_c07.avi,70,8,10,1,70,True,True,0.9848374724388123,0.06272829417139292,0.003907026839442551,0.6596569418907166,300,8,8,8,False,
ucf101,val,v_Punch_g05_c07,data/UCF101_data/UCF-101/Punch/v_Punch_g05_c07.avi,70,8,10,1,70,True,True,0.9894430637359619,0.053808948025107384,0.003907026839442551,0.594145174138248,300,8,8,8,False,
ucf101,val,v_Punch_g05_c01,data/UCF101_data/UCF-101/Punch/v_Punch_g05_c01.avi,70,8,10,1,70,True,True,0.9787483215332031,0.05806918302550912,0.003907026839442551,0.5377482767216861,300,8,8,8,False,
ucf101,val,v_Punch_g04_c02,data/UCF101_data/UCF-101/Punch/v_Punch_g04_c02.avi,70,8,10,1,70,True,True,0.9846440553665161,0.06702922796830535,0.003731355653144419,1.7587653091177344,300,8,8,8,False,
ucf101,val,v_Punch_g04_c04,data/UCF101_data/UCF-101/Punch/v_Punch_g04_c04.avi,70,8,10,1,70,True,True,0.9863479137420654,0.062431976199150085,0.003731355653144419,1.68953968398273,300,8,8,8,False,
ucf101,val,v_Punch_g05_c02,data/UCF101_data/UCF-101/Punch/v_Punch_g05_c02.avi,70,8,10,1,70,True,True,0.9881795644760132,0.06015515374019742,0.003731355653144419,1.624453993048519,300,8,8,8,False,
ucf101,val,v_Punch_g04_c01,data/UCF101_data/UCF-101/Punch/v_Punch_g04_c01.avi,70,8,10,1,70,True,True,0.9885026216506958,0.024737609084695578,0.003731355653144419,1.5619543571956456,155,8,8,8,False,
ucf101,val,v_Punch_g01_c04,data/UCF101_data/UCF-101/Punch/v_Punch_g01_c04.avi,70,8,10,1,70,True,True,0.8907642960548401,0.028855483047664165,0.003731355653144419,1.5342929339967668,101,8,8,8,False,
ucf101,val,v_Punch_g06_c01,data/UCF101_data/UCF-101/Punch/v_Punch_g06_c01.avi,70,8,10,1,70,True,True,0.9868080019950867,0.054220374673604965,0.003731355653144419,1.5033414298668504,300,8,8,8,False,
ucf101,val,v_Punch_g05_c05,data/UCF101_data/UCF-101/Punch/v_Punch_g05_c05.avi,70,8,10,1,70,True,True,0.9844602942466736,0.06089133024215698,0.003731355653144419,1.445995997171849,300,8,8,8,False,
ucf101,val,v_Punch_g06_c02,data/UCF101_data/UCF-101/Punch/v_Punch_g06_c02.avi,70,8,10,1,70,True,True,0.9840742349624634,0.059865063056349754,0.003731355653144419,1.38267602911219,300,8,8,8,False,
ucf101,val,v_Punch_g07_c02,data/UCF101_data/UCF-101/Punch/v_Punch_g07_c02.avi,70,8,10,1,70,True,True,0.988741934299469,0.0663169976323843,0.003731355653144419,1.3208352522924542,292,8,8,8,False,
ucf101,val,v_Punch_g07_c01,data/UCF101_data/UCF-101/Punch/v_Punch_g07_c01.avi,70,8,10,1,70,True,True,0.989254355430603,0.0555286779999733,0.003731355653144419,1.251671836245805,300,8,8,8,False,
ucf101,val,v_Punch_g07_c03,data/UCF101_data/UCF-101/Punch/v_Punch_g07_c03.avi,70,8,10,1,70,True,True,0.9850629568099976,0.06616572290658951,0.003731355653144419,1.1926931026391685,300,8,8,8,False,
ucf101,val,v_Punch_g02_c02,data/UCF101_data/UCF-101/Punch/v_Punch_g02_c02.avi,70,8,10,1,16,False,True,0.5578955411911011,0.034345030318945646,0.003731355653144419,1.1231514271348715,110,8,8,8,False,
ucf101,val,v_PushUps_g04_c01,data/UCF101_data/UCF-101/PushUps/v_PushUps_g04_c01.avi,71,8,10,1,71,True,True,0.9634827971458435,0.07991995243355632,0.003731355653144419,1.0861905268393457,91,8,8,8,False,
ucf101,val,v_PushUps_g04_c02,data/UCF101_data/UCF-101/PushUps/v_PushUps_g04_c02.avi,71,8,10,1,71,True,True,0.9368451237678528,0.0197203173302114,0.003731355653144419,1.0032509341835976,97,8,8,8,False,
ucf101,val,v_PushUps_g02_c03,data/UCF101_data/UCF-101/PushUps/v_PushUps_g02_c03.avi,71,8,10,1,71,True,True,0.9616798162460327,0.025166422128677368,0.003731355653144419,0.9815007550641894,79,8,8,8,False,
ucf101,val,v_PushUps_g07_c04,data/UCF101_data/UCF-101/PushUps/v_PushUps_g07_c04.avi,71,8,10,1,71,True,True,0.9199798107147217,0.024900909047573805,0.003731355653144419,0.9549330631271005,77,8,8,8,False,
ucf101,val,v_PushUps_g03_c02,data/UCF101_data/UCF-101/PushUps/v_PushUps_g03_c02.avi,71,8,10,1,71,True,True,0.929010272026062,0.02282258588820696,0.003731355653144419,0.9277437087148428,63,6,8,8,False,
ucf101,val,v_PushUps_g07_c03,data/UCF101_data/UCF-101/PushUps/v_PushUps_g07_c03.avi,71,8,10,1,71,True,True,0.9466854333877563,0.026881831232458353,0.003731355653144419,0.9019435751251876,78,8,8,8,False,
ucf101,val,v_PushUps_g03_c04,data/UCF101_data/UCF-101/PushUps/v_PushUps_g03_c04.avi,71,8,10,1,71,True,True,0.924767017364502,0.02747052302584052,0.003731355653144419,0.8730402770452201,72,7,8,8,False,
ucf101,val,v_PushUps_g07_c01,data/UCF101_data/UCF-101/PushUps/v_PushUps_g07_c01.avi,71,8,10,1,71,True,True,0.9591143727302551,0.02170408284291625,0.003731355653144419,0.8436004132963717,74,7,8,8,False,
ucf101,val,v_PushUps_g01_c04,data/UCF101_data/UCF-101/PushUps/v_PushUps_g01_c04.avi,71,8,10,1,71,True,True,0.21284297108650208,0.025188813917338848,0.003731355653144419,0.8193175001069903,104,8,8,8,False,
ucf101,val,v_PushUps_g06_c04,data/UCF101_data/UCF-101/PushUps/v_PushUps_g06_c04.avi,71,8,10,1,34,False,False,0.27088746428489685,0.02930991305038333,0.003731355653144419,0.7916477797552943,68,7,8,8,False,
ucf101,val,v_PushUps_g06_c01,data/UCF101_data/UCF-101/PushUps/v_PushUps_g06_c01.avi,71,8,10,1,38,False,False,0.5384353399276733,0.031117400154471397,0.003731355653144419,0.7604170870035887,85,8,8,8,False,
ucf101,val,v_PushUps_g05_c03,data/UCF101_data/UCF-101/PushUps/v_PushUps_g05_c03.avi,71,8,10,1,71,True,True,0.7990431189537048,0.03237609704956412,0.003731355653144419,0.7271128445863724,150,8,8,8,False,
ucf101,val,v_PushUps_g02_c04,data/UCF101_data/UCF-101/PushUps/v_PushUps_g02_c04.avi,71,8,10,1,71,True,True,0.9721273183822632,0.02284959191456437,0.003731355653144419,0.6915624192915857,84,8,8,8,False,
ucf101,val,v_PushUps_g03_c03,data/UCF101_data/UCF-101/PushUps/v_PushUps_g03_c03.avi,71,8,10,1,71,True,True,0.9342128038406372,0.018263658974319696,0.003731355653144419,0.6659166230820119,63,6,8,8,False,
ucf101,val,v_PushUps_g01_c05,data/UCF101_data/UCF-101/PushUps/v_PushUps_g01_c05.avi,71,8,10,1,71,True,True,0.9310084581375122,0.020089833065867424,0.003731355653144419,0.6449783220887184,63,6,8,8,False,
ucf101,val,v_PushUps_g05_c01,data/UCF101_data/UCF-101/PushUps/v_PushUps_g05_c01.avi,71,8,10,1,71,True,True,0.9693339467048645,0.03501167893409729,0.003731355653144419,0.6227277391590178,150,8,8,8,False,
ucf101,val,v_PushUps_g07_c02,data/UCF101_data/UCF-101/PushUps/v_PushUps_g07_c02.avi,71,8,10,1,71,True,True,0.950951874256134,0.025585270952433348,0.003731355653144419,0.5853905300609767,77,8,8,8,False,
ucf101,val,v_PushUps_g01_c02,data/UCF101_data/UCF-101/PushUps/v_PushUps_g01_c02.avi,71,8,10,1,71,True,True,0.862779438495636,0.023516451939940453,0.003731355653144419,0.5571571728214622,53,5,8,8,False,
ucf101,val,v_PushUps_g06_c02,data/UCF101_data/UCF-101/PushUps/v_PushUps_g06_c02.avi,71,8,10,1,38,False,False,0.236546590924263,0.024444169830530882,0.003731355653144419,0.530877809971571,81,8,8,8,False,
ucf101,val,v_PushUps_g04_c04,data/UCF101_data/UCF-101/PushUps/v_PushUps_g04_c04.avi,71,8,10,1,71,True,True,0.8887028098106384,0.03119548037648201,0.003731355653144419,0.5048227999359369,130,8,8,8,False,
ucf101,val,v_Rafting_g01_c03,data/UCF101_data/UCF-101/Rafting/v_Rafting_g01_c03.avi,72,8,10,1,72,True,True,0.9665611386299133,0.113082196097821,0.004754069334012456,2.5452909730374813,248,8,8,8,False,
ucf101,val,v_Rafting_g04_c02,data/UCF101_data/UCF-101/Rafting/v_Rafting_g04_c02.avi,72,8,10,1,72,True,True,0.5312775373458862,0.06911106687039137,0.004754069334012456,2.4289964949712157,270,8,8,8,False,
ucf101,val,v_Rafting_g01_c04,data/UCF101_data/UCF-101/Rafting/v_Rafting_g01_c04.avi,72,8,10,1,72,True,True,0.9833539724349976,0.059727136977016926,0.004754069334012456,2.3569255699403584,255,8,8,8,False,
ucf101,val,v_Rafting_g06_c04,data/UCF101_data/UCF-101/Rafting/v_Rafting_g06_c04.avi,72,8,10,1,72,True,True,0.9615076184272766,0.06107132276520133,0.004754069334012456,2.2943049669265747,128,8,8,8,False,
ucf101,val,v_Rafting_g07_c01,data/UCF101_data/UCF-101/Rafting/v_Rafting_g07_c01.avi,72,8,10,1,72,True,True,0.9700832962989807,0.04788252105936408,0.004754069334012456,2.230104663874954,236,8,8,8,False,
ucf101,val,v_Rafting_g03_c04,data/UCF101_data/UCF-101/Rafting/v_Rafting_g03_c04.avi,72,8,10,1,72,True,True,0.9427629709243774,0.027829064056277275,0.004754069334012456,2.179338833782822,118,8,8,8,False,
ucf101,val,v_Rafting_g02_c01,data/UCF101_data/UCF-101/Rafting/v_Rafting_g02_c01.avi,72,8,10,1,72,True,True,0.7416322827339172,0.055002298671752214,0.004754069334012456,2.1483258795924485,240,8,8,8,False,
ucf101,val,v_Rafting_g05_c02,data/UCF101_data/UCF-101/Rafting/v_Rafting_g05_c02.avi,72,8,10,1,72,True,True,0.9134929776191711,0.03079067822545767,0.004754069334012456,2.0905792848207057,124,8,8,8,False,
ucf101,val,v_Rafting_g01_c02,data/UCF101_data/UCF-101/Rafting/v_Rafting_g01_c02.avi,72,8,10,1,72,True,True,0.97198086977005,0.053663075901567936,0.004754069334012456,2.0566661907359958,213,8,8,8,False,
ucf101,val,v_Rafting_g05_c03,data/UCF101_data/UCF-101/Rafting/v_Rafting_g05_c03.avi,72,8,10,1,72,True,True,0.9696019291877747,0.05809264723211527,0.004754069334012456,1.999831269029528,108,8,8,8,False,
ucf101,val,v_Rafting_g06_c01,data/UCF101_data/UCF-101/Rafting/v_Rafting_g06_c01.avi,72,8,10,1,72,True,True,0.9733721613883972,0.0575568750500679,0.004754069334012456,1.9392891782335937,253,8,8,8,False,
ucf101,val,v_Rafting_g03_c03,data/UCF101_data/UCF-101/Rafting/v_Rafting_g03_c03.avi,72,8,10,1,72,True,True,0.9382917881011963,0.02536869514733553,0.004754069334012456,1.8787416513077915,112,8,8,8,False,
ucf101,val,v_Rafting_g07_c02,data/UCF101_data/UCF-101/Rafting/v_Rafting_g07_c02.avi,72,8,10,1,72,True,True,0.9254346489906311,0.05446445569396019,0.004754069334012456,1.850817710161209,245,8,8,8,False,
ucf101,val,v_Rafting_g02_c03,data/UCF101_data/UCF-101/Rafting/v_Rafting_g02_c03.avi,72,8,10,1,48,False,True,0.6221340298652649,0.05629798164591193,0.004754069334012456,1.793412980157882,233,8,8,8,False,
ucf101,val,v_Rafting_g02_c02,data/UCF101_data/UCF-101/Rafting/v_Rafting_g02_c02.avi,72,8,10,1,48,False,True,0.5286899209022522,0.05831745080649853,0.004754069334012456,1.7348850732669234,251,8,8,8,False,
ucf101,val,v_Rafting_g05_c01,data/UCF101_data/UCF-101/Rafting/v_Rafting_g05_c01.avi,72,8,10,1,72,True,True,0.9606894850730896,0.029422468040138483,0.004754069334012456,1.6737762661650777,101,8,8,8,False,
ucf101,val,v_Rafting_g04_c03,data/UCF101_data/UCF-101/Rafting/v_Rafting_g04_c03.avi,72,8,10,1,72,True,True,0.9739047884941101,0.03558234125375748,0.004754069334012456,1.6416403511539102,144,8,8,8,False,
ucf101,val,v_Rafting_g01_c01,data/UCF101_data/UCF-101/Rafting/v_Rafting_g01_c01.avi,72,8,10,1,72,True,True,0.8427726030349731,0.04906529234722257,0.004754069334012456,1.6035150168463588,233,8,8,8,False,
ucf101,val,v_Rafting_g06_c02,data/UCF101_data/UCF-101/Rafting/v_Rafting_g06_c02.avi,72,8,10,1,72,True,True,0.9740855097770691,0.05420581717044115,0.004754069334012456,1.5501668457873166,105,8,8,8,False,
ucf101,val,v_Rafting_g03_c02,data/UCF101_data/UCF-101/Rafting/v_Rafting_g03_c02.avi,72,8,10,1,72,True,True,0.9563202857971191,0.04581639403477311,0.004754069334012456,1.492564185988158,118,8,8,8,False,
ucf101,val,v_RockClimbingIndoor_g05_c02,data/UCF101_data/UCF-101/RockClimbingIndoor/v_RockClimbingIndoor_g05_c02.avi,73,8,10,1,74,False,False,0.9442580342292786,0.09557303134351969,0.004754069334012456,1.4448455981910229,344,8,8,8,False,
ucf101,val,v_RockClimbingIndoor_g02_c02,data/UCF101_data/UCF-101/RockClimbingIndoor/v_RockClimbingIndoor_g02_c02.avi,73,8,10,1,73,True,True,0.9850667715072632,0.0818007537163794,0.004754069334012456,1.3460927419364452,354,8,8,8,False,
ucf101,val,v_RockClimbingIndoor_g07_c03,data/UCF101_data/UCF-101/RockClimbingIndoor/v_RockClimbingIndoor_g07_c03.avi,73,8,10,1,73,True,True,0.98575758934021,0.08719107694923878,0.004754069334012456,1.2606762782670557,458,8,8,8,False,
ucf101,val,v_RockClimbingIndoor_g06_c06,data/UCF101_data/UCF-101/RockClimbingIndoor/v_RockClimbingIndoor_g06_c06.avi,73,8,10,1,73,True,True,0.9842839241027832,0.08372379513457417,0.004754069334012456,1.169872219208628,502,8,8,8,False,
ucf101,val,v_RockClimbingIndoor_g03_c04,data/UCF101_data/UCF-101/RockClimbingIndoor/v_RockClimbingIndoor_g03_c04.avi,73,8,10,1,73,True,True,0.9814614653587341,0.05143494391813874,0.004754069334012456,1.0828867726959288,300,8,8,8,False,
ucf101,val,v_RockClimbingIndoor_g02_c05,data/UCF101_data/UCF-101/RockClimbingIndoor/v_RockClimbingIndoor_g02_c05.avi,73,8,10,1,73,True,True,0.9834910035133362,0.05550726503133774,0.004754069334012456,1.02794402372092,310,8,8,8,False,
ucf101,val,v_RockClimbingIndoor_g06_c04,data/UCF101_data/UCF-101/RockClimbingIndoor/v_RockClimbingIndoor_g06_c04.avi,73,8,10,1,73,True,True,0.9839624166488647,0.06517860013991594,0.004754069334012456,0.96940194722265,313,8,8,8,False,
ucf101,val,v_RockClimbingIndoor_g03_c05,data/UCF101_data/UCF-101/RockClimbingIndoor/v_RockClimbingIndoor_g03_c05.avi,73,8,10,1,73,True,True,0.9656270742416382,0.06465632421895862,0.004754069334012456,0.9007366672158241,293,8,8,8,False,
ucf101,val,v_RockClimbingIndoor_g07_c06,data/UCF101_data/UCF-101/RockClimbingIndoor/v_RockClimbingIndoor_g07_c06.avi,73,8,10,1,73,True,True,0.9780158400535583,0.01671650819480419,0.004754069334012456,0.8327522692270577,411,8,8,8,False,
ucf101,val,v_RockClimbingIndoor_g07_c07,data/UCF101_data/UCF-101/RockClimbingIndoor/v_RockClimbingIndoor_g07_c07.avi,73,8,10,1,73,True,True,0.983608067035675,0.0649718539789319,0.004754069334012456,0.8138141259551048,428,8,8,8,False,
ucf101,val,v_RockClimbingIndoor_g06_c01,data/UCF101_data/UCF-101/RockClimbingIndoor/v_RockClimbingIndoor_g06_c01.avi,73,8,10,1,73,True,True,0.36955392360687256,0.08227046485990286,0.004754069334012456,0.7454171911813319,312,8,8,8,False,
ucf101,val,v_RockClimbingIndoor_g04_c01,data/UCF101_data/UCF-101/RockClimbingIndoor/v_RockClimbingIndoor_g04_c01.avi,73,8,10,1,73,True,True,0.979446291923523,0.0903863781131804,0.004754069334012456,0.660212263930589,844,8,8,8,False,
ucf101,val,v_RockClimbingIndoor_g03_c02,data/UCF101_data/UCF-101/RockClimbingIndoor/v_RockClimbingIndoor_g03_c02.avi,73,8,10,1,73,True,True,0.9765749573707581,0.07935694279149175,0.004636948651750572,2.3249435727484524,298,8,8,8,False,
ucf101,val,v_RockClimbingIndoor_g01_c04,data/UCF101_data/UCF-101/RockClimbingIndoor/v_RockClimbingIndoor_g01_c04.avi,73,8,10,1,73,True,True,0.9731321334838867,0.07878542738035321,0.004636948651750572,2.242722981143743,544,8,8,8,False,
ucf101,val,v_RockClimbingIndoor_g05_c04,data/UCF101_data/UCF-101/RockClimbingIndoor/v_RockClimbingIndoor_g05_c04.avi,73,8,10,1,73,True,True,0.9597365260124207,0.06305536674335599,0.004636948651750572,2.1609873729757965,382,8,8,8,False,
ucf101,val,v_RockClimbingIndoor_g02_c04,data/UCF101_data/UCF-101/RockClimbingIndoor/v_RockClimbingIndoor_g02_c04.avi,73,8,10,1,73,True,True,0.9820690751075745,0.07257778570055962,0.004636948651750572,2.094652310013771,290,8,8,8,False,
ucf101,val,v_RockClimbingIndoor_g04_c02,data/UCF101_data/UCF-101/RockClimbingIndoor/v_RockClimbingIndoor_g04_c02.avi,73,8,10,1,73,True,True,0.9841254949569702,0.09785112226381898,0.004636948651750572,2.019013810902834,814,8,8,8,False,
ucf101,val,v_RockClimbingIndoor_g02_c03,data/UCF101_data/UCF-101/RockClimbingIndoor/v_RockClimbingIndoor_g02_c03.avi,73,8,10,1,73,True,True,0.9863250851631165,0.06228439882397652,0.004636948651750572,1.9178851209580898,300,8,8,8,False,
ucf101,val,v_RockClimbingIndoor_g07_c05,data/UCF101_data/UCF-101/RockClimbingIndoor/v_RockClimbingIndoor_g07_c05.avi,73,8,10,1,73,True,True,0.9867708683013916,0.06678665429353714,0.004636948651750572,1.852148761972785,442,8,8,8,False,
ucf101,val,v_RockClimbingIndoor_g06_c03,data/UCF101_data/UCF-101/RockClimbingIndoor/v_RockClimbingIndoor_g06_c03.avi,73,8,10,1,73,True,True,0.9853909015655518,0.06459769466891885,0.004636948651750572,1.7825785209424794,312,8,8,8,False,
ucf101,val,v_RopeClimbing_g01_c02,data/UCF101_data/UCF-101/RopeClimbing/v_RopeClimbing_g01_c02.avi,74,8,10,1,36,False,True,0.40757477283477783,0.08132137497887015,0.004636948651750572,1.714900374878198,170,8,8,8,False,
ucf101,val,v_RopeClimbing_g04_c04,data/UCF101_data/UCF-101/RopeClimbing/v_RopeClimbing_g04_c04.avi,74,8,10,1,74,True,True,0.9710707068443298,0.04035357525572181,0.004636948651750572,1.6305639217607677,155,8,8,8,False,
ucf101,val,v_RopeClimbing_g07_c05,data/UCF101_data/UCF-101/RopeClimbing/v_RopeClimbing_g07_c05.avi,74,8,10,1,74,True,True,0.9665402770042419,0.07211103290319443,0.004636948651750572,1.5869940537959337,195,8,8,8,False,
ucf101,val,v_RopeClimbing_g02_c02,data/UCF101_data/UCF-101/RopeClimbing/v_RopeClimbing_g02_c02.avi,74,8,10,1,74,True,True,0.9758382439613342,0.02529110386967659,0.004636948651750572,1.5124189876951277,151,8,8,8,False,
ucf101,val,v_RopeClimbing_g02_c05,data/UCF101_data/UCF-101/RopeClimbing/v_RopeClimbing_g02_c05.avi,74,8,10,1,74,True,True,0.905291736125946,0.029513470828533173,0.004636948651750572,1.4841126268729568,154,8,8,8,False,
ucf101,val,v_RopeClimbing_g05_c05,data/UCF101_data/UCF-101/RopeClimbing/v_RopeClimbing_g05_c05.avi,74,8,10,1,74,True,True,0.9308961033821106,0.03229978587478399,0.004636948651750572,1.4519650465808809,175,8,8,8,False,
ucf101,val,v_RopeClimbing_g05_c07,data/UCF101_data/UCF-101/RopeClimbing/v_RopeClimbing_g05_c07.avi,74,8,10,1,89,False,False,0.5285760760307312,0.03560779383406043,0.004636948651750572,1.417146548628807,157,8,8,8,False,
ucf101,val,v_RopeClimbing_g02_c06,data/UCF101_data/UCF-101/RopeClimbing/v_RopeClimbing_g02_c06.avi,74,8,10,1,74,True,True,0.9658911228179932,0.036605990026146173,0.004636948651750572,1.3793580657802522,186,8,8,8,False,
ucf101,val,v_RopeClimbing_g03_c01,data/UCF101_data/UCF-101/RopeClimbing/v_RopeClimbing_g03_c01.avi,74,8,10,1,51,False,True,0.7492485046386719,0.031113001983612776,0.004636948651750572,1.3400314967148006,153,8,8,8,False,
ucf101,val,v_RopeClimbing_g03_c02,data/UCF101_data/UCF-101/RopeClimbing/v_RopeClimbing_g03_c02.avi,74,8,10,1,9,False,True,0.3547426462173462,0.03226605476811528,0.004636948651750572,1.3066265736706555,152,8,8,8,False,
ucf101,val,v_RopeClimbing_g01_c01,data/UCF101_data/UCF-101/RopeClimbing/v_RopeClimbing_g01_c01.avi,74,8,10,1,37,False,False,0.3702862858772278,0.030245904810726643,0.004636948651750572,1.272068205755204,161,8,8,8,False,
ucf101,val,v_RopeClimbing_g07_c02,data/UCF101_data/UCF-101/RopeClimbing/v_RopeClimbing_g07_c02.avi,74,8,10,1,67,False,True,0.4384666085243225,0.048657169099897146,0.004636948651750572,1.2400191859342158,206,8,8,8,False,
ucf101,val,v_RopeClimbing_g02_c01,data/UCF101_data/UCF-101/RopeClimbing/v_RopeClimbing_g02_c01.avi,74,8,10,1,74,True,True,0.9713654518127441,0.03268359508365393,0.004636948651750572,1.1882120938971639,152,8,8,8,False,
ucf101,val,v_RopeClimbing_g05_c01,data/UCF101_data/UCF-101/RopeClimbing/v_RopeClimbing_g05_c01.avi,74,8,10,1,74,True,True,0.5432184934616089,0.05297274608165026,0.004636948651750572,1.152096644975245,156,8,8,8,False,
ucf101,val,v_RopeClimbing_g03_c03,data/UCF101_data/UCF-101/RopeClimbing/v_RopeClimbing_g03_c03.avi,74,8,10,1,20,False,True,0.3801896572113037,0.026750808116048574,0.004636948651750572,1.0966905080713332,166,8,8,8,False,
ucf101,val,v_RopeClimbing_g01_c03,data/UCF101_data/UCF-101/RopeClimbing/v_RopeClimbing_g01_c03.avi,74,8,10,1,37,False,True,0.35337796807289124,0.04499351605772972,0.004636948651750572,1.0671999249607325,159,8,8,8,False,
ucf101,val,v_RopeClimbing_g05_c04,data/UCF101_data/UCF-101/RopeClimbing/v_RopeClimbing_g05_c04.avi,74,8,10,1,74,True,True,0.36043286323547363,0.058166887145489454,0.004636948651750572,1.0193787813186646,166,8,8,8,False,
ucf101,val,v_RopeClimbing_g05_c06,data/UCF101_data/UCF-101/RopeClimbing/v_RopeClimbing_g05_c06.avi,74,8,10,1,74,True,True,0.8066544532775879,0.03126230789348483,0.004636948651750572,0.9584978269413114,188,8,8,8,False,
ucf101,val,v_RopeClimbing_g05_c03,data/UCF101_data/UCF-101/RopeClimbing/v_RopeClimbing_g05_c03.avi,74,8,10,1,2,False,True,0.2354777604341507,0.029940527863800526,0.004636948651750572,0.9242253392003477,166,8,8,8,False,
ucf101,val,v_RopeClimbing_g06_c03,data/UCF101_data/UCF-101/RopeClimbing/v_RopeClimbing_g06_c03.avi,74,8,10,1,74,True,True,0.9718930125236511,0.02988564409315586,0.004636948651750572,0.8912833551876247,159,8,8,8,False,
ucf101,val,v_Rowing_g07_c03,data/UCF101_data/UCF-101/Rowing/v_Rowing_g07_c03.avi,75,8,10,1,75,True,True,0.4126781225204468,0.09506655158475041,0.004636948651750572,0.8587797721847892,266,8,8,8,False,
ucf101,val,v_Rowing_g03_c04,data/UCF101_data/UCF-101/Rowing/v_Rowing_g03_c04.avi,75,8,10,1,75,True,True,0.9773979783058167,0.0967067969031632,0.004636948651750572,0.7601241120137274,500,8,8,8,False,
ucf101,val,v_Rowing_g05_c02,data/UCF101_data/UCF-101/Rowing/v_Rowing_g05_c02.avi,75,8,10,1,75,True,True,0.9624749422073364,0.05664905579760671,0.004636948651750572,0.6616162722930312,342,8,8,8,False,
ucf101,val,v_Rowing_g05_c04,data/UCF101_data/UCF-101/Rowing/v_Rowing_g05_c04.avi,75,8,10,1,75,True,True,0.8715032339096069,0.07625495688989758,0.004636948651750572,0.60201630089432,426,8,8,8,False,
ucf101,val,v_Rowing_g06_c03,data/UCF101_data/UCF-101/Rowing/v_Rowing_g06_c03.avi,75,8,10,1,75,True,True,0.832163393497467,0.07609520805999637,0.004691526701208204,2.537577268667519,307,8,8,8,False,
ucf101,val,v_Rowing_g03_c01,data/UCF101_data/UCF-101/Rowing/v_Rowing_g03_c01.avi,75,8,10,1,75,True,True,0.9796676635742188,0.06476146727800369,0.004691526701208204,2.4580596517771482,377,8,8,8,False,
ucf101,val,v_Rowing_g02_c02,data/UCF101_data/UCF-101/Rowing/v_Rowing_g02_c02.avi,75,8,10,1,75,True,True,0.9645105004310608,0.07906151283532381,0.004691526701208204,2.390152793843299,374,8,8,8,False,
ucf101,val,v_Rowing_g03_c02,data/UCF101_data/UCF-101/Rowing/v_Rowing_g03_c02.avi,75,8,10,1,75,True,True,0.9763135313987732,0.08151868311688304,0.004691526701208204,2.309180128853768,481,8,8,8,False,
ucf101,val,v_Rowing_g02_c06,data/UCF101_data/UCF-101/Rowing/v_Rowing_g02_c06.avi,75,8,10,1,75,True,True,0.8579068183898926,0.06915496801957488,0.004691526701208204,2.2256829580292106,290,8,8,8,False,
ucf101,val,v_Rowing_g05_c01,data/UCF101_data/UCF-101/Rowing/v_Rowing_g05_c01.avi,75,8,10,1,75,True,True,0.9246137142181396,0.05199446016922593,0.004691526701208204,2.153453004080802,326,8,8,8,False,
ucf101,val,v_Rowing_g06_c04,data/UCF101_data/UCF-101/Rowing/v_Rowing_g06_c04.avi,75,8,10,1,75,True,True,0.8066744208335876,0.05889326799660921,0.004691526701208204,2.0984596381895244,292,8,8,8,False,
ucf101,val,v_Rowing_g07_c05,data/UCF101_data/UCF-101/Rowing/v_Rowing_g07_c05.avi,75,8,10,1,75,True,True,0.4814445972442627,0.07250113505870104,0.004691526701208204,2.037693037185818,345,8,8,8,False,
ucf101,val,v_Rowing_g04_c02,data/UCF101_data/UCF-101/Rowing/v_Rowing_g04_c02.avi,75,8,10,1,75,True,True,0.8116229772567749,0.05668103136122227,0.004691526701208204,1.9621174577623606,297,8,8,8,False,
ucf101,val,v_Rowing_g04_c03,data/UCF101_data/UCF-101/Rowing/v_Rowing_g04_c03.avi,75,8,10,1,75,True,True,0.7723878026008606,0.07203741697594523,0.004691526701208204,1.902302220929414,307,8,8,8,False,
ucf101,val,v_Rowing_g01_c03,data/UCF101_data/UCF-101/Rowing/v_Rowing_g01_c03.avi,75,8,10,1,75,True,True,0.7494974136352539,0.048176968935877085,0.004691526701208204,1.8271290571428835,227,8,8,8,False,
ucf101,val,v_Rowing_g01_c02,data/UCF101_data/UCF-101/Rowing/v_Rowing_g01_c02.avi,75,8,10,1,75,True,True,0.945361852645874,0.06365198502317071,0.004691526701208204,1.775764015968889,301,8,8,8,False,
ucf101,val,v_Rowing_g02_c01,data/UCF101_data/UCF-101/Rowing/v_Rowing_g02_c01.avi,75,8,10,1,75,True,True,0.9668707251548767,0.06747925188392401,0.004691526701208204,1.7094908352009952,359,8,8,8,False,
ucf101,val,v_Rowing_g07_c01,data/UCF101_data/UCF-101/Rowing/v_Rowing_g07_c01.avi,75,8,10,1,75,True,True,0.36553695797920227,0.06350748706609011,0.004691526701208204,1.6394473412074149,188,8,8,8,False,
ucf101,val,v_Rowing_g04_c04,data/UCF101_data/UCF-101/Rowing/v_Rowing_g04_c04.avi,75,8,10,1,72,False,True,0.7100883722305298,0.06611459329724312,0.004691526701208204,1.5728147691115737,294,8,8,8,False,
ucf101,val,v_Rowing_g04_c05,data/UCF101_data/UCF-101/Rowing/v_Rowing_g04_c05.avi,75,8,10,1,75,True,True,0.7902209758758545,0.04602842777967453,0.004691526701208204,1.5035508759319782,300,8,8,8,False,
ucf101,val,v_SalsaSpin_g03_c04,data/UCF101_data/UCF-101/SalsaSpin/v_SalsaSpin_g03_c04.avi,76,8,10,1,76,True,True,0.959582507610321,0.05306887114420533,0.004691526701208204,1.4542968939058483,168,8,8,8,False,
ucf101,val,v_SalsaSpin_g05_c03,data/UCF101_data/UCF-101/SalsaSpin/v_SalsaSpin_g05_c03.avi,76,8,10,1,76,True,True,0.9820377826690674,0.06722057890146971,0.004691526701208204,1.398237332701683,200,8,8,8,False,
ucf101,val,v_SalsaSpin_g05_c02,data/UCF101_data/UCF-101/SalsaSpin/v_SalsaSpin_g05_c02.avi,76,8,10,1,76,True,True,0.9751366376876831,0.05255055008456111,0.004691526701208204,1.3288324759341776,200,8,8,8,False,
ucf101,val,v_SalsaSpin_g05_c06,data/UCF101_data/UCF-101/SalsaSpin/v_SalsaSpin_g05_c06.avi,76,8,10,1,76,True,True,0.9765432476997375,0.043340776581317186,0.004691526701208204,1.273555465042591,200,8,8,8,False,
ucf101,val,v_SalsaSpin_g07_c02,data/UCF101_data/UCF-101/SalsaSpin/v_SalsaSpin_g07_c02.avi,76,8,10,1,76,True,True,0.9829326868057251,0.0310254767537117,0.004691526701208204,1.2268780642189085,167,8,8,8,False,
ucf101,val,v_SalsaSpin_g07_c05,data/UCF101_data/UCF-101/SalsaSpin/v_SalsaSpin_g07_c05.avi,76,8,10,1,76,True,True,0.9829761981964111,0.05674812896177173,0.004691526701208204,1.193238244857639,167,8,8,8,False,
ucf101,val,v_SalsaSpin_g05_c01,data/UCF101_data/UCF-101/SalsaSpin/v_SalsaSpin_g05_c01.avi,76,8,10,1,76,True,True,0.9461289048194885,0.05564429331570864,0.004691526701208204,1.133249329868704,200,8,8,8,False,
ucf101,val,v_SalsaSpin_g07_c06,data/UCF101_data/UCF-101/SalsaSpin/v_SalsaSpin_g07_c06.avi,76,8,10,1,76,True,True,0.9422240853309631,0.030093468725681305,0.004691526701208204,1.0744652161374688,167,8,8,8,False,
ucf101,val,v_SalsaSpin_g02_c07,data/UCF101_data/UCF-101/SalsaSpin/v_SalsaSpin_g02_c07.avi,76,8,10,1,76,True,True,0.9707456231117249,0.07416167808696628,0.004691526701208204,1.0422978340648115,333,8,8,8,False,
ucf101,val,v_SalsaSpin_g06_c01,data/UCF101_data/UCF-101/SalsaSpin/v_SalsaSpin_g06_c01.avi,76,8,10,1,76,True,True,0.9820917248725891,0.0415591849014163,0.004691526701208204,0.9646397870965302,167,8,8,8,False,
ucf101,val,v_SalsaSpin_g02_c01,data/UCF101_data/UCF-101/SalsaSpin/v_SalsaSpin_g02_c01.avi,76,8,10,1,76,True,True,0.48289409279823303,0.07746820105239749,0.004691526701208204,0.9201324358582497,333,8,8,8,False,
ucf101,val,v_SalsaSpin_g04_c03,data/UCF101_data/UCF-101/SalsaSpin/v_SalsaSpin_g04_c03.avi,76,8,10,1,76,True,True,0.9660772085189819,0.06389178801327944,0.004691526701208204,0.8391618486493826,333,8,8,8,False,
ucf101,val,v_SalsaSpin_g06_c03,data/UCF101_data/UCF-101/SalsaSpin/v_SalsaSpin_g06_c03.avi,76,8,10,1,76,True,True,0.9860290884971619,0.026297505013644695,0.004691526701208204,0.7720583588816226,167,8,8,8,False,
ucf101,val,v_SalsaSpin_g01_c04,data/UCF101_data/UCF-101/SalsaSpin/v_SalsaSpin_g01_c04.avi,76,8,10,1,76,True,True,0.9368109703063965,0.03128787875175476,0.004691526701208204,0.7424924662336707,167,8,8,8,False,
ucf101,val,v_SalsaSpin_g02_c03,data/UCF101_data/UCF-101/SalsaSpin/v_SalsaSpin_g02_c03.avi,76,8,10,1,76,True,True,0.9243981242179871,0.05623292597010732,0.004691526701208204,0.7090399572625756,333,8,8,8,False,
ucf101,val,v_SalsaSpin_g04_c02,data/UCF101_data/UCF-101/SalsaSpin/v_SalsaSpin_g04_c02.avi,76,8,10,1,76,True,True,0.9678248167037964,0.07929346803575754,0.004691526701208204,0.649327133782208,333,8,8,8,False,
ucf101,val,v_SalsaSpin_g07_c04,data/UCF101_data/UCF-101/SalsaSpin/v_SalsaSpin_g07_c04.avi,76,8,10,1,76,True,True,0.9776280522346497,0.028298199642449617,0.003692561498610303,1.889575086068362,167,8,8,8,False,
ucf101,val,v_SalsaSpin_g03_c05,data/UCF101_data/UCF-101/SalsaSpin/v_SalsaSpin_g03_c05.avi,76,8,10,1,76,True,True,0.9769967198371887,0.028799374122172594,0.003692561498610303,1.8583360640332103,168,8,8,8,False,
ucf101,val,v_SalsaSpin_g03_c02,data/UCF101_data/UCF-101/SalsaSpin/v_SalsaSpin_g03_c02.avi,76,8,10,1,76,True,True,0.9872258305549622,0.036426667124032974,0.003692561498610303,1.8270636056549847,168,8,8,8,False,
ucf101,val,v_SalsaSpin_g03_c03,data/UCF101_data/UCF-101/SalsaSpin/v_SalsaSpin_g03_c03.avi,76,8,10,1,76,True,True,0.9839382767677307,0.052047667093575,0.003692561498610303,1.7882612310349941,168,8,8,8,False,
ucf101,val,v_ShavingBeard_g07_c07,data/UCF101_data/UCF-101/ShavingBeard/v_ShavingBeard_g07_c07.avi,77,8,10,1,77,True,True,0.4035947024822235,0.09399595484137535,0.003692561498610303,1.732841002754867,386,8,8,8,False,
ucf101,val,v_ShavingBeard_g04_c02,data/UCF101_data/UCF-101/ShavingBeard/v_ShavingBeard_g04_c02.avi,77,8,10,1,77,True,True,0.9670714735984802,0.0379550289362669,0.003692561498610303,1.6357748843729496,178,8,8,8,False,
ucf101,val,v_ShavingBeard_g01_c03,data/UCF101_data/UCF-101/ShavingBeard/v_ShavingBeard_g01_c03.avi,77,8,10,1,77,True,True,0.941654622554779,0.03238062001764774,0.003692561498610303,1.595359387807548,130,8,8,8,False,
ucf101,val,v_ShavingBeard_g03_c04,data/UCF101_data/UCF-101/ShavingBeard/v_ShavingBeard_g03_c04.avi,77,8,10,1,77,True,True,0.9842670559883118,0.026248522102832794,0.003692561498610303,1.5608726008795202,106,8,8,8,False,
ucf101,val,v_ShavingBeard_g05_c04,data/UCF101_data/UCF-101/ShavingBeard/v_ShavingBeard_g05_c04.avi,77,8,10,1,77,True,True,0.9332038760185242,0.06035247491672635,0.003692561498610303,1.531714177224785,500,8,8,8,False,
ucf101,val,v_ShavingBeard_g01_c04,data/UCF101_data/UCF-101/ShavingBeard/v_ShavingBeard_g01_c04.avi,77,8,10,1,0,False,True,0.44493383169174194,0.02731496701017022,0.003692561498610303,1.4686399693600833,91,8,8,8,False,
ucf101,val,v_ShavingBeard_g01_c01,data/UCF101_data/UCF-101/ShavingBeard/v_ShavingBeard_g01_c01.avi,77,8,10,1,77,True,True,0.924480140209198,0.032172554172575474,0.003692561498610303,1.4381359438411891,127,8,8,8,False,
ucf101,val,v_ShavingBeard_g03_c03,data/UCF101_data/UCF-101/ShavingBeard/v_ShavingBeard_g03_c03.avi,77,8,10,1,77,True,True,0.9808573722839355,0.026074409019201994,0.003692561498610303,1.4040786819532514,105,8,8,8,False,
ucf101,val,v_ShavingBeard_g07_c06,data/UCF101_data/UCF-101/ShavingBeard/v_ShavingBeard_g07_c06.avi,77,8,10,1,77,True,True,0.17656376957893372,0.06323386169970036,0.003692561498610303,1.375792601145804,386,8,8,8,False,
ucf101,val,v_ShavingBeard_g06_c07,data/UCF101_data/UCF-101/ShavingBeard/v_ShavingBeard_g06_c07.avi,77,8,10,1,0,False,True,0.5412542223930359,0.057158033829182386,0.003692561498610303,1.3103712908923626,251,8,8,8,False,
ucf101,val,v_ShavingBeard_g02_c05,data/UCF101_data/UCF-101/ShavingBeard/v_ShavingBeard_g02_c05.avi,77,8,10,1,77,True,True,0.9478748440742493,0.03374249441549182,0.003692561498610303,1.249930887017399,179,8,8,8,False,
ucf101,val,v_ShavingBeard_g03_c06,data/UCF101_data/UCF-101/ShavingBeard/v_ShavingBeard_g03_c06.avi,77,8,10,1,77,True,True,0.9808032512664795,0.04967127274721861,0.003692561498610303,1.2132916348055005,149,8,8,8,False,
ucf101,val,v_ShavingBeard_g02_c06,data/UCF101_data/UCF-101/ShavingBeard/v_ShavingBeard_g02_c06.avi,77,8,10,1,77,True,True,0.8891645073890686,0.031673600897192955,0.003692561498610303,1.1612460273317993,203,8,8,8,False,
ucf101,val,v_ShavingBeard_g02_c07,data/UCF101_data/UCF-101/ShavingBeard/v_ShavingBeard_g02_c07.avi,77,8,10,1,77,True,True,0.9609962105751038,0.05152367893606424,0.003692561498610303,1.1263538883067667,250,8,8,8,False,
ucf101,val,v_ShavingBeard_g07_c02,data/UCF101_data/UCF-101/ShavingBeard/v_ShavingBeard_g07_c02.avi,77,8,10,1,38,False,True,0.5608976483345032,0.05481276474893093,0.003692561498610303,1.0724525689147413,231,8,8,8,False,
ucf101,val,v_ShavingBeard_g07_c01,data/UCF101_data/UCF-101/ShavingBeard/v_ShavingBeard_g07_c01.avi,77,8,10,1,38,False,True,0.4108109176158905,0.050081225112080574,0.003692561498610303,1.0144065339118242,229,8,8,8,False,
ucf101,val,v_ShavingBeard_g03_c05,data/UCF101_data/UCF-101/ShavingBeard/v_ShavingBeard_g03_c05.avi,77,8,10,1,77,True,True,0.9833168387413025,0.057016762904822826,0.003692561498610303,0.9617742132395506,183,8,8,8,False,
ucf101,val,v_ShavingBeard_g05_c02,data/UCF101_data/UCF-101/ShavingBeard/v_ShavingBeard_g05_c02.avi,77,8,10,1,77,True,True,0.8336288332939148,0.05995645700022578,0.003692561498610303,0.9016843507997692,507,8,8,8,False,
ucf101,val,v_ShavingBeard_g06_c05,data/UCF101_data/UCF-101/ShavingBeard/v_ShavingBeard_g06_c05.avi,77,8,10,1,19,False,True,0.7411502003669739,0.06098863109946251,0.003692561498610303,0.8382279458455741,359,8,8,8,False,
ucf101,val,v_ShavingBeard_g02_c02,data/UCF101_data/UCF-101/ShavingBeard/v_ShavingBeard_g02_c02.avi,77,8,10,1,77,True,True,0.7539438009262085,0.028374522924423218,0.003692561498610303,0.7741015679202974,193,8,8,8,False,
ucf101,val,v_Shotput_g02_c02,data/UCF101_data/UCF-101/Shotput/v_Shotput_g02_c02.avi,78,8,10,1,78,True,True,0.6232856512069702,0.044485244899988174,0.003692561498610303,0.7429573340341449,90,8,8,8,False,
ucf101,val,v_Shotput_g04_c05,data/UCF101_data/UCF-101/Shotput/v_Shotput_g04_c05.avi,78,8,10,1,78,True,True,0.9479067325592041,0.02402852801606059,0.003692561498610303,0.6963195130228996,73,7,8,8,False,
ucf101,val,v_Shotput_g06_c03,data/UCF101_data/UCF-101/Shotput/v_Shotput_g06_c03.avi,78,8,10,1,78,True,True,0.6983845829963684,0.027491227723658085,0.003692561498610303,0.6700399569235742,88,8,8,8,False,
ucf101,val,v_Shotput_g03_c01,data/UCF101_data/UCF-101/Shotput/v_Shotput_g03_c01.avi,78,8,10,1,78,True,True,0.3121888339519501,0.028431436978280544,0.003692561498610303,0.6398894712328911,71,7,8,8,False,
ucf101,val,v_Shotput_g06_c01,data/UCF101_data/UCF-101/Shotput/v_Shotput_g06_c01.avi,78,8,10,1,78,True,True,0.9509176015853882,0.048140042927116156,0.003692561498610303,0.6084371418692172,101,8,8,8,False,
ucf101,val,v_Shotput_g06_c04,data/UCF101_data/UCF-101/Shotput/v_Shotput_g06_c04.avi,78,8,10,1,92,False,True,0.6221626996994019,0.02655374864116311,0.003692561498610303,0.5572568839415908,95,8,8,8,False,
ucf101,val,v_Shotput_g04_c03,data/UCF101_data/UCF-101/Shotput/v_Shotput_g04_c03.avi,78,8,10,1,78,True,True,0.9678383469581604,0.029359968844801188,0.003692561498610303,0.5274074017070234,86,8,8,8,False,
ucf101,val,v_Shotput_g01_c05,data/UCF101_data/UCF-101/Shotput/v_Shotput_g01_c05.avi,78,8,10,1,35,False,True,0.3826817274093628,0.02361513627693057,0.003692561498610303,0.49605376180261374,97,8,8,8,False,
ucf101,val,v_Shotput_g05_c01,data/UCF101_data/UCF-101/Shotput/v_Shotput_g05_c01.avi,78,8,10,1,78,True,True,0.8627599477767944,0.02753110509365797,0.003928361009457149,1.8698294218629599,67,7,8,8,False,
ucf101,val,v_Shotput_g01_c03,data/UCF101_data/UCF-101/Shotput/v_Shotput_g01_c03.avi,78,8,10,1,78,True,True,0.9001882672309875,0.02933286875486374,0.003928361009457149,1.8371789306402206,94,8,8,8,False,
ucf101,val,v_Shotput_g05_c03,data/UCF101_data/UCF-101/Shotput/v_Shotput_g05_c03.avi,78,8,10,1,78,True,True,0.2392890751361847,0.03504263190552592,0.003928361009457149,1.8059991518966854,130,8,8,8,False,
ucf101,val,v_Shotput_g01_c02,data/UCF101_data/UCF-101/Shotput/v_Shotput_g01_c02.avi,78,8,10,1,78,True,True,0.923251748085022,0.011151087936013937,0.003928361009457149,1.7677944567985833,101,8,8,8,False,
ucf101,val,v_Shotput_g05_c05,data/UCF101_data/UCF-101/Shotput/v_Shotput_g05_c05.avi,78,8,10,1,78,True,True,0.9068135023117065,0.03242670791223645,0.003928361009457149,1.7544779791496694,132,8,8,8,False,
ucf101,val,v_Shotput_g06_c07,data/UCF101_data/UCF-101/Shotput/v_Shotput_g06_c07.avi,78,8,10,1,92,False,True,0.7300531268119812,0.02777839917689562,0.003928361009457149,1.7191745839081705,101,8,8,8,False,
ucf101,val,v_Shotput_g04_c01,data/UCF101_data/UCF-101/Shotput/v_Shotput_g04_c01.avi,78,8,10,1,78,True,True,0.9481812715530396,0.03306755097582936,0.003928361009457149,1.689133368898183,80,8,8,8,False,
ucf101,val,v_Shotput_g03_c05,data/UCF101_data/UCF-101/Shotput/v_Shotput_g03_c05.avi,78,8,10,1,78,True,True,0.3099455237388611,0.023463572841137648,0.003928361009457149,1.6527766082435846,66,7,8,8,False,
ucf101,val,v_Shotput_g02_c07,data/UCF101_data/UCF-101/Shotput/v_Shotput_g02_c07.avi,78,8,10,1,6,False,False,0.8500504493713379,0.0366069171577692,0.003928361009457149,1.6269517038017511,88,8,8,8,False,
ucf101,val,v_Shotput_g05_c06,data/UCF101_data/UCF-101/Shotput/v_Shotput_g05_c06.avi,78,8,10,1,78,True,True,0.7586295008659363,0.012008202262222767,0.003928361009457149,1.588859574869275,125,8,8,8,False,
ucf101,val,v_Shotput_g02_c06,data/UCF101_data/UCF-101/Shotput/v_Shotput_g02_c06.avi,78,8,10,1,6,False,True,0.40200939774513245,0.024698776192963123,0.003928361009457149,1.5754535300657153,71,7,8,8,False,
ucf101,val,v_Shotput_g07_c01,data/UCF101_data/UCF-101/Shotput/v_Shotput_g07_c01.avi,78,8,10,1,78,True,True,0.8846575021743774,0.01968795107677579,0.003928361009457149,1.5484525011852384,79,8,8,8,False,
ucf101,val,v_SkateBoarding_g06_c04,data/UCF101_data/UCF-101/SkateBoarding/v_SkateBoarding_g06_c04.avi,79,8,10,1,79,True,True,0.9647006988525391,0.06541030015796423,0.003928361009457149,1.5274376273155212,150,8,8,8,False,
ucf101,val,v_SkateBoarding_g02_c06,data/UCF101_data/UCF-101/SkateBoarding/v_SkateBoarding_g02_c06.avi,79,8,10,1,79,True,True,0.9657287001609802,0.05922061624005437,0.003928361009457149,1.4602395673282444,300,8,8,8,False,
ucf101,val,v_SkateBoarding_g01_c04,data/UCF101_data/UCF-101/SkateBoarding/v_SkateBoarding_g01_c04.avi,79,8,10,1,79,True,True,0.929846465587616,0.053188325837254524,0.003928361009457149,1.3973672580905259,168,8,8,8,False,
ucf101,val,v_SkateBoarding_g03_c03,data/UCF101_data/UCF-101/SkateBoarding/v_SkateBoarding_g03_c03.avi,79,8,10,1,73,False,True,0.3132610023021698,0.03510727919638157,0.003928361009457149,1.34068535361439,126,8,8,8,False,
ucf101,val,v_SkateBoarding_g01_c01,data/UCF101_data/UCF-101/SkateBoarding/v_SkateBoarding_g01_c01.avi,79,8,10,1,79,True,True,0.6369052529335022,0.047015751246362925,0.003928361009457149,1.3025542828254402,202,8,8,8,False,
ucf101,val,v_SkateBoarding_g03_c01,data/UCF101_data/UCF-101/SkateBoarding/v_SkateBoarding_g03_c01.avi,79,8,10,1,79,True,True,0.8013460040092468,0.05206653801724315,0.003928361009457149,1.252445740159601,126,8,8,8,False,
ucf101,val,v_SkateBoarding_g02_c02,data/UCF101_data/UCF-101/SkateBoarding/v_SkateBoarding_g02_c02.avi,79,8,10,1,43,False,True,0.3783518075942993,0.04597631981596351,0.003928361009457149,1.1975974370725453,128,8,8,8,False,
ucf101,val,v_SkateBoarding_g05_c01,data/UCF101_data/UCF-101/SkateBoarding/v_SkateBoarding_g05_c01.avi,79,8,10,1,32,False,True,0.3631294369697571,0.06720390170812607,0.003928361009457149,1.1499682562425733,140,8,8,8,False,
ucf101,val,v_SkateBoarding_g04_c01,data/UCF101_data/UCF-101/SkateBoarding/v_SkateBoarding_g04_c01.avi,79,8,10,1,79,True,True,0.45385855436325073,0.05486700590699911,0.003928361009457149,1.0794963031075895,106,8,8,8,False,
ucf101,val,v_SkateBoarding_g05_c04,data/UCF101_data/UCF-101/SkateBoarding/v_SkateBoarding_g05_c04.avi,79,8,10,1,57,False,True,0.28330764174461365,0.049874247051775455,0.003928361009457149,1.0224878708831966,185,8,8,8,False,
ucf101,val,v_SkateBoarding_g03_c02,data/UCF101_data/UCF-101/SkateBoarding/v_SkateBoarding_g03_c02.avi,79,8,10,1,79,True,True,0.9131085872650146,0.08140048710629344,0.003928361009457149,0.9696623370982707,126,8,8,8,False,
ucf101,val,v_SkateBoarding_g01_c03,data/UCF101_data/UCF-101/SkateBoarding/v_SkateBoarding_g01_c03.avi,79,8,10,1,79,True,True,0.50822913646698,0.0589599059894681,0.003928361009457149,0.8847658452577889,112,8,8,8,False,
ucf101,val,v_SkateBoarding_g03_c04,data/UCF101_data/UCF-101/SkateBoarding/v_SkateBoarding_g03_c04.avi,79,8,10,1,79,True,True,0.9575878977775574,0.07163806026801467,0.003928361009457149,0.8229179279878736,128,8,8,8,False,
ucf101,val,v_SkateBoarding_g07_c03,data/UCF101_data/UCF-101/SkateBoarding/v_SkateBoarding_g07_c03.avi,79,8,10,1,79,True,True,0.7334455847740173,0.0402842010371387,0.003928361009457149,0.7488241465762258,185,8,8,8,False,
ucf101,val,v_SkateBoarding_g02_c04,data/UCF101_data/UCF-101/SkateBoarding/v_SkateBoarding_g02_c04.avi,79,8,10,1,79,True,True,0.35116827487945557,0.021093985065817833,0.003928361009457149,0.7065563052892685,77,8,8,8,False,
ucf101,val,v_SkateBoarding_g06_c02,data/UCF101_data/UCF-101/SkateBoarding/v_SkateBoarding_g06_c02.avi,79,8,10,1,79,True,True,0.949876070022583,0.0319705568253994,0.003928361009457149,0.6830113870091736,150,8,8,8,False,
ucf101,val,v_SkateBoarding_g07_c02,data/UCF101_data/UCF-101/SkateBoarding/v_SkateBoarding_g07_c02.avi,79,8,10,1,79,True,True,0.9738276600837708,0.053608514834195375,0.003928361009457149,0.6488473978824914,199,8,8,8,False,
ucf101,val,v_SkateBoarding_g02_c05,data/UCF101_data/UCF-101/SkateBoarding/v_SkateBoarding_g02_c05.avi,79,8,10,1,79,True,True,0.9082236289978027,0.042056161910295486,0.003928361009457149,0.5918134762905538,112,8,8,8,False,
ucf101,val,v_SkateBoarding_g01_c02,data/UCF101_data/UCF-101/SkateBoarding/v_SkateBoarding_g01_c02.avi,79,8,10,1,79,True,True,0.19067521393299103,0.039378355257213116,0.003928361009457149,0.5477662086486816,175,8,8,8,False,
ucf101,val,v_SkateBoarding_g02_c03,data/UCF101_data/UCF-101/SkateBoarding/v_SkateBoarding_g02_c03.avi,79,8,10,1,79,True,True,0.1600712239742279,0.02886950597167015,0.003928361009457149,0.5067472541704774,111,8,8,8,False,
ucf101,val,v_Skiing_g04_c02,data/UCF101_data/UCF-101/Skiing/v_Skiing_g04_c02.avi,80,8,10,1,87,False,True,0.8981550335884094,0.09880792116746306,0.0046678782236995175,2.449985222890973,252,8,8,8,False,
ucf101,val,v_Skiing_g04_c04,data/UCF101_data/UCF-101/Skiing/v_Skiing_g04_c04.avi,80,8,10,1,80,True,True,0.9542686939239502,0.028093686792999506,0.0046678782236995175,2.3479820950888097,200,8,8,8,False,
ucf101,val,v_Skiing_g03_c04,data/UCF101_data/UCF-101/Skiing/v_Skiing_g03_c04.avi,80,8,10,1,80,True,True,0.8797699213027954,0.05974433105438948,0.0046678782236995175,2.3176134596578777,308,8,8,8,False,
ucf101,val,v_Skiing_g07_c03,data/UCF101_data/UCF-101/Skiing/v_Skiing_g07_c03.avi,80,8,10,1,80,True,True,0.39324039220809937,0.040836308151483536,0.0046678782236995175,2.2546279239468277,103,8,8,8,False,
ucf101,val,v_Skiing_g02_c05,data/UCF101_data/UCF-101/Skiing/v_Skiing_g02_c05.avi,80,8,10,1,80,True,True,0.7871562838554382,0.030707234051078558,0.0046678782236995175,2.2116031870245934,118,8,8,8,False,
ucf101,val,v_Skiing_g01_c05,data/UCF101_data/UCF-101/Skiing/v_Skiing_g01_c05.avi,80,8,10,1,21,False,True,0.07954251021146774,0.05704075796529651,0.0046678782236995175,2.178138162009418,260,8,8,8,False,
ucf101,val,v_Skiing_g06_c04,data/UCF101_data/UCF-101/Skiing/v_Skiing_g06_c04.avi,80,8,10,1,15,False,False,0.22554221749305725,0.06209361273795366,0.0046678782236995175,2.1182886310853064,300,8,8,8,False,
ucf101,val,v_Skiing_g02_c02,data/UCF101_data/UCF-101/Skiing/v_Skiing_g02_c02.avi,80,8,10,1,80,True,True,0.9329805374145508,0.05136702582240105,0.0046678782236995175,2.053133251145482,202,8,8,8,False,
ucf101,val,v_Skiing_g03_c02,data/UCF101_data/UCF-101/Skiing/v_Skiing_g03_c02.avi,80,8,10,1,80,True,True,0.9636428952217102,0.030039666686207056,0.0046678782236995175,1.9986233953386545,110,8,8,8,False,
ucf101,val,v_Skiing_g05_c04,data/UCF101_data/UCF-101/Skiing/v_Skiing_g05_c04.avi,80,8,10,1,80,True,True,0.8826962113380432,0.060233206022530794,0.0046678782236995175,1.9665558892302215,254,8,8,8,False,
ucf101,val,v_Skiing_g04_c07,data/UCF101_data/UCF-101/Skiing/v_Skiing_g04_c07.avi,80,8,10,1,80,True,True,0.6216867566108704,0.05582287209108472,0.0046678782236995175,1.9029748439788818,279,8,8,8,False,
ucf101,val,v_Skiing_g03_c01,data/UCF101_data/UCF-101/Skiing/v_Skiing_g03_c01.avi,80,8,10,1,79,False,True,0.1503123641014099,0.049386116210371256,0.0046678782236995175,1.8440687512047589,208,8,8,8,False,
ucf101,val,v_Skiing_g06_c02,data/UCF101_data/UCF-101/Skiing/v_Skiing_g06_c02.avi,80,8,10,1,74,False,False,0.46617600321769714,0.031879238318651915,0.0046678782236995175,1.7913198745809495,300,8,8,8,False,
ucf101,val,v_Skiing_g04_c06,data/UCF101_data/UCF-101/Skiing/v_Skiing_g04_c06.avi,80,8,10,1,80,True,True,0.857671320438385,0.02477235533297062,0.0046678782236995175,1.7573188240639865,187,8,8,8,False,
ucf101,val,v_Skiing_g04_c03,data/UCF101_data/UCF-101/Skiing/v_Skiing_g04_c03.avi,80,8,10,1,80,True,True,0.9834327697753906,0.0776601079851389,0.0046678782236995175,1.7303164512850344,154,8,8,8,False,
ucf101,val,v_Skiing_g06_c06,data/UCF101_data/UCF-101/Skiing/v_Skiing_g06_c06.avi,80,8,10,1,37,False,False,0.34345558285713196,0.05092078726738691,0.0046678782236995175,1.6498363371938467,300,8,8,8,False,
ucf101,val,v_Skiing_g06_c05,data/UCF101_data/UCF-101/Skiing/v_Skiing_g06_c05.avi,80,8,10,1,37,False,True,0.2784992754459381,0.06979779899120331,0.0046678782236995175,1.5960393073037267,300,8,8,8,False,
ucf101,val,v_Skiing_g01_c04,data/UCF101_data/UCF-101/Skiing/v_Skiing_g01_c04.avi,80,8,10,1,80,True,True,0.9588887095451355,0.08470263471826911,0.0046678782236995175,1.5241301730275154,252,8,8,8,False,
ucf101,val,v_Skiing_g06_c01,data/UCF101_data/UCF-101/Skiing/v_Skiing_g06_c01.avi,80,8,10,1,80,True,True,0.1788637340068817,0.05572310835123062,0.0046678782236995175,1.437192649114877,300,8,8,8,False,
ucf101,val,v_Skiing_g02_c03,data/UCF101_data/UCF-101/Skiing/v_Skiing_g02_c03.avi,80,8,10,1,80,True,True,0.956862211227417,0.06707152118906379,0.0046678782236995175,1.3780692219734192,200,8,8,8,False,
ucf101,val,v_Skijet_g02_c03,data/UCF101_data/UCF-101/Skijet/v_Skijet_g02_c03.avi,81,8,10,1,81,True,True,0.9235398769378662,0.08119196305051446,0.0046678782236995175,1.3083625016734004,210,8,8,8,False,
ucf101,val,v_Skijet_g02_c02,data/UCF101_data/UCF-101/Skijet/v_Skijet_g02_c02.avi,81,8,10,1,81,True,True,0.9746783375740051,0.06171160098165274,0.0046678782236995175,1.2246581679210067,183,8,8,8,False,
ucf101,val,v_Skijet_g05_c04,data/UCF101_data/UCF-101/Skijet/v_Skijet_g05_c04.avi,81,8,10,1,81,True,True,0.9616800546646118,0.06475310819223523,0.0046678782236995175,1.1605370747856796,210,8,8,8,False,
ucf101,val,v_Skijet_g02_c01,data/UCF101_data/UCF-101/Skijet/v_Skijet_g02_c01.avi,81,8,10,1,81,True,True,0.9651983380317688,0.06381289288401604,0.0046678782236995175,1.0928128892555833,210,8,8,8,False,
ucf101,val,v_Skijet_g06_c01,data/UCF101_data/UCF-101/Skijet/v_Skijet_g06_c01.avi,81,8,10,1,81,True,True,0.9582088589668274,0.06952888006344438,0.0046678782236995175,1.0264055328443646,251,8,8,8,False,
ucf101,val,v_Skijet_g01_c03,data/UCF101_data/UCF-101/Skijet/v_Skijet_g01_c03.avi,81,8,10,1,81,True,True,0.92117840051651,0.05703330785036087,0.0046678782236995175,0.9538194322958589,416,8,8,8,False,
ucf101,val,v_Skijet_g07_c03,data/UCF101_data/UCF-101/Skijet/v_Skijet_g07_c03.avi,81,8,10,1,81,True,True,0.975756049156189,0.05409298511222005,0.0046678782236995175,0.8935426049865782,197,8,8,8,False,
ucf101,val,v_Skijet_g06_c04,data/UCF101_data/UCF-101/Skijet/v_Skijet_g06_c04.avi,81,8,10,1,81,True,True,0.9461507797241211,0.04167903633788228,0.0046678782236995175,0.8363397587090731,251,8,8,8,False,
ucf101,val,v_Skijet_g04_c04,data/UCF101_data/UCF-101/Skijet/v_Skijet_g04_c04.avi,81,8,10,1,81,True,True,0.8416950106620789,0.04575592698529363,0.0046678782236995175,0.7931469539180398,251,8,8,8,False,
ucf101,val,v_Skijet_g04_c03,data/UCF101_data/UCF-101/Skijet/v_Skijet_g04_c03.avi,81,8,10,1,81,True,True,0.9539911150932312,0.05745834019035101,0.0046678782236995175,0.7448150929994881,251,8,8,8,False,
ucf101,val,v_Skijet_g05_c03,data/UCF101_data/UCF-101/Skijet/v_Skijet_g05_c03.avi,81,8,10,1,81,True,True,0.9673609733581543,0.0549227031879127,0.0046678782236995175,0.6855259560979903,210,8,8,8,False,
ucf101,val,v_Skijet_g03_c03,data/UCF101_data/UCF-101/Skijet/v_Skijet_g03_c03.avi,81,8,10,1,81,True,True,0.953726053237915,0.049177049193531275,0.0046678782236995175,0.6280095307156444,316,8,8,8,False,
ucf101,val,v_Skijet_g05_c01,data/UCF101_data/UCF-101/Skijet/v_Skijet_g05_c01.avi,81,8,10,1,81,True,True,0.9755538702011108,0.05145487328991294,0.004762115160701796,2.6180711602792144,210,8,8,8,False,
ucf101,val,v_Skijet_g06_c03,data/UCF101_data/UCF-101/Skijet/v_Skijet_g06_c03.avi,81,8,10,1,81,True,True,0.9583078622817993,0.06288937712088227,0.004762115160701796,2.5633724541403353,251,8,8,8,False,
ucf101,val,v_Skijet_g02_c04,data/UCF101_data/UCF-101/Skijet/v_Skijet_g02_c04.avi,81,8,10,1,81,True,True,0.969607949256897,0.06364630302414298,0.004762115160701796,2.497551230713725,210,8,8,8,False,
ucf101,val,v_Skijet_g01_c02,data/UCF101_data/UCF-101/Skijet/v_Skijet_g01_c02.avi,81,8,10,1,81,True,True,0.9628828167915344,0.06267062993720174,0.004762115160701796,2.4311568727716804,416,8,8,8,False,
ucf101,val,v_Skijet_g04_c02,data/UCF101_data/UCF-101/Skijet/v_Skijet_g04_c02.avi,81,8,10,1,81,True,True,0.8151095509529114,0.057070454116910696,0.004762115160701796,2.364577197935432,251,8,8,8,False,
ucf101,val,v_Skijet_g03_c04,data/UCF101_data/UCF-101/Skijet/v_Skijet_g03_c04.avi,81,8,10,1,81,True,True,0.8807573914527893,0.03547212900593877,0.004762115160701796,2.304096119944006,310,8,8,8,False,
ucf101,val,v_Skijet_g07_c01,data/UCF101_data/UCF-101/Skijet/v_Skijet_g07_c01.avi,81,8,10,1,81,True,True,0.411803275346756,0.03699883772060275,0.004762115160701796,2.266380866058171,199,8,8,8,False,
ucf101,val,v_Skijet_g03_c02,data/UCF101_data/UCF-101/Skijet/v_Skijet_g03_c02.avi,81,8,10,1,81,True,True,0.9151797294616699,0.07015117583796382,0.004762115160701796,2.226040876004845,316,8,8,8,False,
ucf101,val,v_SkyDiving_g05_c02,data/UCF101_data/UCF-101/SkyDiving/v_SkyDiving_g05_c02.avi,82,8,10,1,82,True,True,0.9818707704544067,0.08377344300970435,0.004762115160701796,2.1534938169643283,170,8,8,8,False,
ucf101,val,v_SkyDiving_g01_c02,data/UCF101_data/UCF-101/SkyDiving/v_SkyDiving_g01_c02.avi,82,8,10,1,73,False,True,0.6782925724983215,0.04951578285545111,0.004762115160701796,2.0666606249287724,194,8,8,8,False,
ucf101,val,v_SkyDiving_g03_c04,data/UCF101_data/UCF-101/SkyDiving/v_SkyDiving_g03_c04.avi,82,8,10,1,40,False,True,0.16571559011936188,0.05040138214826584,0.004762115160701796,2.01434268290177,232,8,8,8,False,
ucf101,val,v_SkyDiving_g04_c04,data/UCF101_data/UCF-101/SkyDiving/v_SkyDiving_g04_c04.avi,82,8,10,1,80,False,True,0.4435703754425049,0.025429995730519295,0.004762115160701796,1.961573641281575,102,8,8,8,False,
ucf101,val,v_SkyDiving_g01_c03,data/UCF101_data/UCF-101/SkyDiving/v_SkyDiving_g01_c03.avi,82,8,10,1,82,True,True,0.9836140871047974,0.028542339336127043,0.004762115160701796,1.9343442060053349,126,8,8,8,False,
ucf101,val,v_SkyDiving_g03_c02,data/UCF101_data/UCF-101/SkyDiving/v_SkyDiving_g03_c02.avi,82,8,10,1,82,True,True,0.9710829854011536,0.05984571482986212,0.004762115160701796,1.9040851253084838,202,8,8,8,False,
ucf101,val,v_SkyDiving_g04_c02,data/UCF101_data/UCF-101/SkyDiving/v_SkyDiving_g04_c02.avi,82,8,10,1,82,True,True,0.48281604051589966,0.02830871380865574,0.004762115160701796,1.841619161888957,141,8,8,8,False,
ucf101,val,v_SkyDiving_g06_c03,data/UCF101_data/UCF-101/SkyDiving/v_SkyDiving_g06_c03.avi,82,8,10,1,82,True,True,0.9631617069244385,0.04646025784313679,0.004762115160701796,1.8103063008747995,160,8,8,8,False,
ucf101,val,v_SkyDiving_g07_c04,data/UCF101_data/UCF-101/SkyDiving/v_SkyDiving_g07_c04.avi,82,8,10,1,82,True,True,0.9621435403823853,0.04294445272535086,0.004762115160701796,1.7610188913531601,92,8,8,8,False,
ucf101,val,v_SkyDiving_g06_c01,data/UCF101_data/UCF-101/SkyDiving/v_SkyDiving_g06_c01.avi,82,8,10,1,83,False,True,0.15064191818237305,0.0398833341896534,0.004762115160701796,1.7156833200715482,84,8,8,8,False,
ucf101,val,v_SkyDiving_g07_c03,data/UCF101_data/UCF-101/SkyDiving/v_SkyDiving_g07_c03.avi,82,8,10,1,82,True,True,0.5597231388092041,0.04774867370724678,0.004762115160701796,1.6726113082841039,203,8,8,8,False,
ucf101,val,v_SkyDiving_g06_c04,data/UCF101_data/UCF-101/SkyDiving/v_SkyDiving_g06_c04.avi,82,8,10,1,82,True,True,0.9504432082176208,0.04553915932774544,0.004762115160701796,1.6220576241612434,154,8,8,8,False,
ucf101,val,v_SkyDiving_g07_c01,data/UCF101_data/UCF-101/SkyDiving/v_SkyDiving_g07_c01.avi,82,8,10,1,21,False,True,0.2878440022468567,0.05769984982907772,0.004762115160701796,1.573237787000835,167,8,8,8,False,
ucf101,val,v_SkyDiving_g07_c05,data/UCF101_data/UCF-101/SkyDiving/v_SkyDiving_g07_c05.avi,82,8,10,1,82,True,True,0.47783002257347107,0.0312593481503427,0.004762115160701796,1.5123046268709004,156,8,8,8,False,
ucf101,val,v_SkyDiving_g07_c02,data/UCF101_data/UCF-101/SkyDiving/v_SkyDiving_g07_c02.avi,82,8,10,1,82,True,True,0.5422617793083191,0.05404611025005579,0.004762115160701796,1.4789167270064354,179,8,8,8,False,
ucf101,val,v_SkyDiving_g03_c05,data/UCF101_data/UCF-101/SkyDiving/v_SkyDiving_g03_c05.avi,82,8,10,1,82,True,True,0.9664202332496643,0.05467686569318175,0.004762115160701796,1.421463571023196,247,8,8,8,False,
ucf101,val,v_SkyDiving_g02_c04,data/UCF101_data/UCF-101/SkyDiving/v_SkyDiving_g02_c04.avi,82,8,10,1,82,True,True,0.9462741613388062,0.027504184283316135,0.004762115160701796,1.3644378008320928,114,8,8,8,False,
ucf101,val,v_SkyDiving_g05_c03,data/UCF101_data/UCF-101/SkyDiving/v_SkyDiving_g05_c03.avi,82,8,10,1,82,True,True,0.9860073924064636,0.051046819891780615,0.004762115160701796,1.334315693937242,200,8,8,8,False,
ucf101,val,v_SkyDiving_g03_c01,data/UCF101_data/UCF-101/SkyDiving/v_SkyDiving_g03_c01.avi,82,8,10,1,82,True,True,0.9662641882896423,0.04618260730057955,0.004762115160701796,1.280492085032165,187,8,8,8,False,
ucf101,val,v_SkyDiving_g05_c04,data/UCF101_data/UCF-101/SkyDiving/v_SkyDiving_g05_c04.avi,82,8,10,1,82,True,True,0.982058584690094,0.10170885035768151,0.004762115160701796,1.2318335101008415,211,8,8,8,False,
ucf101,val,v_SoccerJuggling_g01_c03,data/UCF101_data/UCF-101/SoccerJuggling/v_SoccerJuggling_g01_c03.avi,83,8,10,1,83,True,True,0.8955844044685364,0.14355808310210705,0.004762115160701796,1.1275096368044615,880,8,8,8,False,
ucf101,val,v_SoccerJuggling_g06_c02,data/UCF101_data/UCF-101/SoccerJuggling/v_SoccerJuggling_g06_c02.avi,83,8,10,1,83,True,True,0.954452633857727,0.12458493234589696,0.004762115160701796,0.980103500187397,135,8,8,8,False,
ucf101,val,v_SoccerJuggling_g07_c05,data/UCF101_data/UCF-101/SoccerJuggling/v_SoccerJuggling_g07_c05.avi,83,8,10,1,83,True,True,0.9592634439468384,0.07314179698005319,0.004762115160701796,0.8528208369389176,360,8,8,8,False,
ucf101,val,v_SoccerJuggling_g03_c02,data/UCF101_data/UCF-101/SoccerJuggling/v_SoccerJuggling_g03_c02.avi,83,8,10,1,83,True,True,0.922461986541748,0.19123296393081546,0.004762115160701796,0.7763420487754047,230,8,8,8,False,
ucf101,val,v_SoccerJuggling_g04_c06,data/UCF101_data/UCF-101/SoccerJuggling/v_SoccerJuggling_g04_c06.avi,83,8,10,1,83,True,True,0.951400876045227,0.06498441938310862,0.003933261250494979,1.9793443442322314,360,8,8,8,False,
ucf101,val,v_SoccerJuggling_g06_c04,data/UCF101_data/UCF-101/SoccerJuggling/v_SoccerJuggling_g06_c04.avi,83,8,10,1,83,True,True,0.9395061731338501,0.029286715667694807,0.003933261250494979,1.9118974641896784,92,8,8,8,False,
ucf101,val,v_SoccerJuggling_g07_c01,data/UCF101_data/UCF-101/SoccerJuggling/v_SoccerJuggling_g07_c01.avi,83,8,10,1,83,True,True,0.9549815058708191,0.06173961702734232,0.003933261250494979,1.8796717231161892,301,8,8,8,False,
ucf101,val,v_SoccerJuggling_g02_c05,data/UCF101_data/UCF-101/SoccerJuggling/v_SoccerJuggling_g02_c05.avi,83,8,10,1,83,True,True,0.8666571974754333,0.05434748809784651,0.003933261250494979,1.8151403539814055,240,8,8,8,False,
ucf101,val,v_SoccerJuggling_g07_c02,data/UCF101_data/UCF-101/SoccerJuggling/v_SoccerJuggling_g07_c02.avi,83,8,10,1,83,True,True,0.9526723623275757,0.05701231164857745,0.003933261250494979,1.7581500271335244,301,8,8,8,False,
ucf101,val,v_SoccerJuggling_g01_c02,data/UCF101_data/UCF-101/SoccerJuggling/v_SoccerJuggling_g01_c02.avi,83,8,10,1,83,True,True,0.4090202748775482,0.06595729012042284,0.003933261250494979,1.698816176969558,502,8,8,8,False,
ucf101,val,v_SoccerJuggling_g03_c04,data/UCF101_data/UCF-101/SoccerJuggling/v_SoccerJuggling_g03_c04.avi,83,8,10,1,91,False,True,0.378025084733963,0.06693740095943213,0.003933261250494979,1.6306627560406923,230,8,8,8,False,
ucf101,val,v_SoccerJuggling_g01_c04,data/UCF101_data/UCF-101/SoccerJuggling/v_SoccerJuggling_g01_c04.avi,83,8,10,1,83,True,True,0.37541916966438293,0.0794765311293304,0.003933261250494979,1.5607732986100018,705,8,8,8,False,
ucf101,val,v_SoccerJuggling_g05_c05,data/UCF101_data/UCF-101/SoccerJuggling/v_SoccerJuggling_g05_c05.avi,83,8,10,1,83,True,True,0.9739128947257996,0.0507646668702364,0.003933261250494979,1.4777082740329206,240,8,8,8,False,
ucf101,val,v_SoccerJuggling_g02_c06,data/UCF101_data/UCF-101/SoccerJuggling/v_SoccerJuggling_g02_c06.avi,83,8,10,1,83,True,True,0.8812097907066345,0.07656020671129227,0.003933261250494979,1.4243454239331186,240,8,8,8,False,
ucf101,val,v_SoccerJuggling_g05_c02,data/UCF101_data/UCF-101/SoccerJuggling/v_SoccerJuggling_g05_c02.avi,83,8,10,1,83,True,True,0.9744583368301392,0.06444195797666907,0.003933261250494979,1.3448171089403331,240,8,8,8,False,
ucf101,val,v_SoccerJuggling_g07_c07,data/UCF101_data/UCF-101/SoccerJuggling/v_SoccerJuggling_g07_c07.avi,83,8,10,1,83,True,True,0.8141424059867859,0.05467179697006941,0.003933261250494979,1.2778934137895703,360,8,8,8,False,
ucf101,val,v_SoccerJuggling_g04_c02,data/UCF101_data/UCF-101/SoccerJuggling/v_SoccerJuggling_g04_c02.avi,83,8,10,1,83,True,True,0.9750573039054871,0.06413755565881729,0.003933261250494979,1.219734326004982,360,8,8,8,False,
ucf101,val,v_SoccerJuggling_g07_c03,data/UCF101_data/UCF-101/SoccerJuggling/v_SoccerJuggling_g07_c03.avi,83,8,10,1,83,True,True,0.9722350239753723,0.0602453607134521,0.003933261250494979,1.153680550865829,301,8,8,8,False,
ucf101,val,v_SoccerJuggling_g02_c01,data/UCF101_data/UCF-101/SoccerJuggling/v_SoccerJuggling_g02_c01.avi,83,8,10,1,83,True,True,0.9271723031997681,0.06484532402828336,0.003933261250494979,1.090097835753113,240,8,8,8,False,
ucf101,val,v_SoccerJuggling_g06_c03,data/UCF101_data/UCF-101/SoccerJuggling/v_SoccerJuggling_g06_c03.avi,83,8,10,1,83,True,True,0.9695580005645752,0.053127849008888006,0.003933261250494979,1.0233609089627862,229,8,8,8,False,
ucf101,val,v_SoccerPenalty_g03_c05,data/UCF101_data/UCF-101/SoccerPenalty/v_SoccerPenalty_g03_c05.avi,84,8,10,1,84,True,True,0.982930064201355,0.07160360086709261,0.003933261250494979,0.967015812639147,70,7,8,8,False,
ucf101,val,v_SoccerPenalty_g06_c01,data/UCF101_data/UCF-101/SoccerPenalty/v_SoccerPenalty_g06_c01.avi,84,8,10,1,84,True,True,0.9618374705314636,0.025909869000315666,0.003933261250494979,0.8930118009448051,101,8,8,8,False,
ucf101,val,v_SoccerPenalty_g07_c05,data/UCF101_data/UCF-101/SoccerPenalty/v_SoccerPenalty_g07_c05.avi,84,8,10,1,84,True,True,0.9748657941818237,0.022683197166770697,0.003933261250494979,0.8640691163018346,70,7,8,8,False,
ucf101,val,v_SoccerPenalty_g06_c06,data/UCF101_data/UCF-101/SoccerPenalty/v_SoccerPenalty_g06_c06.avi,84,8,10,1,84,True,True,0.9529396891593933,0.02507035108283162,0.003933261250494979,0.8399081090465188,86,8,8,8,False,
ucf101,val,v_SoccerPenalty_g07_c03,data/UCF101_data/UCF-101/SoccerPenalty/v_SoccerPenalty_g07_c03.avi,84,8,10,1,84,True,True,0.9773641228675842,0.03189206589013338,0.003933261250494979,0.8132502352818847,73,7,8,8,False,
ucf101,val,v_SoccerPenalty_g02_c05,data/UCF101_data/UCF-101/SoccerPenalty/v_SoccerPenalty_g02_c05.avi,84,8,10,1,84,True,True,0.9819319248199463,0.025158945936709642,0.003933261250494979,0.7795946458354592,100,8,8,8,False,
ucf101,val,v_SoccerPenalty_g05_c03,data/UCF101_data/UCF-101/SoccerPenalty/v_SoccerPenalty_g05_c03.avi,84,8,10,1,84,True,True,0.9094489812850952,0.024598744697868824,0.003933261250494979,0.7528868378140032,89,8,8,8,False,
ucf101,val,v_SoccerPenalty_g06_c07,data/UCF101_data/UCF-101/SoccerPenalty/v_SoccerPenalty_g06_c07.avi,84,8,10,1,84,True,True,0.948943555355072,0.021018194034695625,0.003933261250494979,0.7260556877590716,62,6,8,8,False,
ucf101,val,v_SoccerPenalty_g04_c03,data/UCF101_data/UCF-101/SoccerPenalty/v_SoccerPenalty_g04_c03.avi,84,8,10,1,84,True,True,0.9744051098823547,0.03158597880974412,0.003933261250494979,0.7019955297000706,70,7,8,8,False,
ucf101,val,v_SoccerPenalty_g05_c04,data/UCF101_data/UCF-101/SoccerPenalty/v_SoccerPenalty_g05_c04.avi,84,8,10,1,84,True,True,0.8714419007301331,0.030709263868629932,0.003933261250494979,0.6674005542881787,79,8,8,8,False,
ucf101,val,v_SoccerPenalty_g03_c03,data/UCF101_data/UCF-101/SoccerPenalty/v_SoccerPenalty_g03_c03.avi,84,8,10,1,84,True,True,0.9829092025756836,0.04592883214354515,0.003933261250494979,0.6347810649313033,138,8,8,8,False,
ucf101,val,v_SoccerPenalty_g06_c04,data/UCF101_data/UCF-101/SoccerPenalty/v_SoccerPenalty_g06_c04.avi,84,8,10,1,84,True,True,0.9432435035705566,0.0197532270103693,0.003933261250494979,0.5862864828668535,55,6,8,8,False,
ucf101,val,v_SoccerPenalty_g07_c01,data/UCF101_data/UCF-101/SoccerPenalty/v_SoccerPenalty_g07_c01.avi,84,8,10,1,84,True,True,0.9671524167060852,0.008177103940397501,0.003933261250494979,0.563545014243573,60,6,8,8,False,
ucf101,val,v_SoccerPenalty_g05_c01,data/UCF101_data/UCF-101/SoccerPenalty/v_SoccerPenalty_g05_c01.avi,84,8,10,1,84,True,True,0.8970901966094971,0.030569798778742552,0.003933261250494979,0.55427399976179,94,8,8,8,False,
ucf101,val,v_SoccerPenalty_g04_c04,data/UCF101_data/UCF-101/SoccerPenalty/v_SoccerPenalty_g04_c04.avi,84,8,10,1,84,True,True,0.9658605456352234,0.008774828165769577,0.003933261250494979,0.522161842789501,83,8,8,8,False,
ucf101,val,v_SoccerPenalty_g01_c02,data/UCF101_data/UCF-101/SoccerPenalty/v_SoccerPenalty_g01_c02.avi,84,8,10,1,84,True,True,0.9565955996513367,0.03127097012475133,0.003933261250494979,0.5118457451462746,138,8,8,8,False,
ucf101,val,v_SoccerPenalty_g04_c05,data/UCF101_data/UCF-101/SoccerPenalty/v_SoccerPenalty_g04_c05.avi,84,8,10,1,84,True,True,0.9569882750511169,0.03451196104288101,0.003637620568042621,2.227792504709214,115,8,8,8,False,
ucf101,val,v_SoccerPenalty_g06_c02,data/UCF101_data/UCF-101/SoccerPenalty/v_SoccerPenalty_g06_c02.avi,84,8,10,1,84,True,True,0.9422903656959534,0.027833308093249798,0.003637620568042621,2.191325295716524,50,5,8,8,False,
ucf101,val,v_SoccerPenalty_g07_c04,data/UCF101_data/UCF-101/SoccerPenalty/v_SoccerPenalty_g07_c04.avi,84,8,10,1,84,True,True,0.9699093103408813,0.02788172522559762,0.003637620568042621,2.1615261933766305,71,7,8,8,False,
ucf101,val,v_SoccerPenalty_g01_c03,data/UCF101_data/UCF-101/SoccerPenalty/v_SoccerPenalty_g01_c03.avi,84,8,10,1,84,True,True,0.9607205390930176,0.05671740975230932,0.003637620568042621,2.1305550117976964,148,8,8,8,False,
ucf101,val,v_StillRings_g05_c02,data/UCF101_data/UCF-101/StillRings/v_StillRings_g05_c02.avi,85,8,10,1,85,True,True,0.7128996253013611,0.10261665470898151,0.003637620568042621,2.0704364171251655,166,8,8,8,False,
ucf101,val,v_StillRings_g01_c04,data/UCF101_data/UCF-101/StillRings/v_StillRings_g01_c04.avi,85,8,10,1,85,True,True,0.8999362587928772,0.05685049621388316,0.003637620568042621,1.9651790298521519,138,8,8,8,False,
ucf101,val,v_StillRings_g04_c02,data/UCF101_data/UCF-101/StillRings/v_StillRings_g04_c02.avi,85,8,10,1,85,True,True,0.9185502529144287,0.05268474156036973,0.003637620568042621,1.9056293610483408,183,8,8,8,False,
ucf101,val,v_StillRings_g07_c04,data/UCF101_data/UCF-101/StillRings/v_StillRings_g07_c04.avi,85,8,10,1,74,False,True,0.6272614002227783,0.07802080363035202,0.003637620568042621,1.8496815217658877,216,8,8,8,False,
ucf101,val,v_StillRings_g03_c04,data/UCF101_data/UCF-101/StillRings/v_StillRings_g03_c04.avi,85,8,10,1,74,False,True,0.47865986824035645,0.030504846014082432,0.003637620568042621,1.768891850952059,123,8,8,8,False,
ucf101,val,v_StillRings_g03_c01,data/UCF101_data/UCF-101/StillRings/v_StillRings_g03_c01.avi,85,8,10,1,74,False,True,0.6167141199111938,0.031154491007328033,0.003637620568042621,1.735948204062879,116,8,8,8,False,
ucf101,val,v_StillRings_g02_c04,data/UCF101_data/UCF-101/StillRings/v_StillRings_g02_c04.avi,85,8,10,1,85,True,True,0.5710464715957642,0.05310098920017481,0.003637620568042621,1.7030664063058794,156,8,8,8,False,
ucf101,val,v_StillRings_g05_c04,data/UCF101_data/UCF-101/StillRings/v_StillRings_g05_c04.avi,85,8,10,1,85,True,True,0.9646838307380676,0.03902950929477811,0.003637620568042621,1.6468954216688871,106,8,8,8,False,
ucf101,val,v_StillRings_g07_c01,data/UCF101_data/UCF-101/StillRings/v_StillRings_g07_c01.avi,85,8,10,1,63,False,True,0.13350726664066315,0.04832889884710312,0.003637620568042621,1.6053856890648603,162,8,8,8,False,
ucf101,val,v_StillRings_g04_c04,data/UCF101_data/UCF-101/StillRings/v_StillRings_g04_c04.avi,85,8,10,1,85,True,True,0.7763237357139587,0.019994874950498343,0.003637620568042621,1.5539448051713407,77,8,8,8,False,
ucf101,val,v_StillRings_g01_c05,data/UCF101_data/UCF-101/StillRings/v_StillRings_g01_c05.avi,85,8,10,1,85,True,True,0.8064525127410889,0.056462837383151054,0.003637620568042621,1.532382293138653,236,8,8,8,False,
ucf101,val,v_StillRings_g03_c02,data/UCF101_data/UCF-101/StillRings/v_StillRings_g03_c02.avi,85,8,10,1,85,True,True,0.6901589035987854,0.03470740094780922,0.003637620568042621,1.4722086586989462,113,8,8,8,False,
ucf101,val,v_StillRings_g01_c03,data/UCF101_data/UCF-101/StillRings/v_StillRings_g01_c03.avi,85,8,10,1,85,True,True,0.7332565784454346,0.05103704193606973,0.003637620568042621,1.4352631429210305,146,8,8,8,False,
ucf101,val,v_StillRings_g04_c03,data/UCF101_data/UCF-101/StillRings/v_StillRings_g04_c03.avi,85,8,10,1,85,True,True,0.8533151745796204,0.05303939012810588,0.003637620568042621,1.3813151749782264,177,8,8,8,False,
ucf101,val,v_StillRings_g06_c01,data/UCF101_data/UCF-101/StillRings/v_StillRings_g06_c01.avi,85,8,10,1,85,True,True,0.8179309368133545,0.046548707876354456,0.003637620568042621,1.3248273152858019,155,8,8,8,False,
ucf101,val,v_StillRings_g03_c03,data/UCF101_data/UCF-101/StillRings/v_StillRings_g03_c03.avi,85,8,10,1,85,True,True,0.3296903967857361,0.023560730274766684,0.003637620568042621,1.2758432389236987,146,8,8,8,False,
ucf101,val,v_StillRings_g06_c03,data/UCF101_data/UCF-101/StillRings/v_StillRings_g06_c03.avi,85,8,10,1,36,False,True,0.2529476583003998,0.04714637901633978,0.003637620568042621,1.250578248873353,128,8,8,8,False,
ucf101,val,v_StillRings_g05_c01,data/UCF101_data/UCF-101/StillRings/v_StillRings_g05_c01.avi,85,8,10,1,85,True,True,0.8842241764068604,0.02188726607710123,0.003637620568042621,1.2005100948736072,86,8,8,8,False,
ucf101,val,v_StillRings_g04_c01,data/UCF101_data/UCF-101/StillRings/v_StillRings_g04_c01.avi,85,8,10,1,88,False,True,0.7324456572532654,0.029628022108227015,0.003637620568042621,1.1766955293715,113,8,8,8,False,
ucf101,val,v_StillRings_g03_c06,data/UCF101_data/UCF-101/StillRings/v_StillRings_g03_c06.avi,85,8,10,1,85,True,True,0.6634668111801147,0.05759381270036101,0.003637620568042621,1.1447333609685302,261,8,8,8,False,
ucf101,val,v_SumoWrestling_g06_c06,data/UCF101_data/UCF-101/SumoWrestling/v_SumoWrestling_g06_c06.avi,86,8,10,1,86,True,True,0.9818575382232666,0.0781811592169106,0.003637620568042621,1.0836323611438274,228,8,8,8,False,
ucf101,val,v_SumoWrestling_g03_c01,data/UCF101_data/UCF-101/SumoWrestling/v_SumoWrestling_g03_c01.avi,86,8,10,1,86,True,True,0.9820501804351807,0.08531700307503343,0.003637620568042621,1.0024246601387858,116,8,8,8,False,
ucf101,val,v_SumoWrestling_g02_c02,data/UCF101_data/UCF-101/SumoWrestling/v_SumoWrestling_g02_c02.avi,86,8,10,1,86,True,True,0.9868842363357544,0.024662145879119635,0.003637620568042621,0.9141005286946893,111,8,8,8,False,
ucf101,val,v_SumoWrestling_g03_c02,data/UCF101_data/UCF-101/SumoWrestling/v_SumoWrestling_g03_c02.avi,86,8,10,1,86,True,True,0.5288541913032532,0.05690851015970111,0.003637620568042621,0.88673923490569,231,8,8,8,False,
ucf101,val,v_SumoWrestling_g05_c02,data/UCF101_data/UCF-101/SumoWrestling/v_SumoWrestling_g05_c02.avi,86,8,10,1,86,True,True,0.9788538217544556,0.06651165708899498,0.003637620568042621,0.8260843520984054,289,8,8,8,False,
ucf101,val,v_SumoWrestling_g04_c01,data/UCF101_data/UCF-101/SumoWrestling/v_SumoWrestling_g04_c01.avi,86,8,10,1,86,True,True,0.7571452856063843,0.06179987080395222,0.003637620568042621,0.7562374193221331,171,8,8,8,False,
ucf101,val,v_SumoWrestling_g06_c01,data/UCF101_data/UCF-101/SumoWrestling/v_SumoWrestling_g06_c01.avi,86,8,10,1,86,True,True,0.9879337549209595,0.07877760613337159,0.003637620568042621,0.6910352320410311,241,8,8,8,False,
ucf101,val,v_SumoWrestling_g07_c07,data/UCF101_data/UCF-101/SumoWrestling/v_SumoWrestling_g07_c07.avi,86,8,10,1,86,True,True,0.9777231216430664,0.07534143095836043,0.003637620568042621,0.609263279940933,187,8,8,8,False,
ucf101,val,v_SumoWrestling_g03_c03,data/UCF101_data/UCF-101/SumoWrestling/v_SumoWrestling_g03_c03.avi,86,8,10,1,86,True,True,0.9676304459571838,0.06769043579697609,0.004818139932467602,7.458193141035736,251,8,8,8,False,
ucf101,val,v_SumoWrestling_g02_c01,data/UCF101_data/UCF-101/SumoWrestling/v_SumoWrestling_g02_c01.avi,86,8,10,1,86,True,True,0.9792795181274414,0.06984908087179065,0.004818139932467602,7.38729872694239,263,8,8,8,False,
ucf101,val,v_SumoWrestling_g06_c02,data/UCF101_data/UCF-101/SumoWrestling/v_SumoWrestling_g06_c02.avi,86,8,10,1,86,True,True,0.9786489605903625,0.052355414256453514,0.004818139932467602,7.314894679002464,150,8,8,8,False,
ucf101,val,v_SumoWrestling_g06_c03,data/UCF101_data/UCF-101/SumoWrestling/v_SumoWrestling_g06_c03.avi,86,8,10,1,86,True,True,0.9864266514778137,0.022464243229478598,0.004818139932467602,7.260101147927344,72,7,8,8,False,
ucf101,val,v_SumoWrestling_g06_c04,data/UCF101_data/UCF-101/SumoWrestling/v_SumoWrestling_g06_c04.avi,86,8,10,1,86,True,True,0.9829463958740234,0.03865322517231107,0.004818139932467602,7.234845174010843,303,8,8,8,False,
ucf101,val,v_SumoWrestling_g05_c01,data/UCF101_data/UCF-101/SumoWrestling/v_SumoWrestling_g05_c01.avi,86,8,10,1,68,False,True,0.340728223323822,0.0585132697597146,0.004818139932467602,7.193158547859639,126,8,8,8,False,
ucf101,val,v_SumoWrestling_g01_c03,data/UCF101_data/UCF-101/SumoWrestling/v_SumoWrestling_g01_c03.avi,86,8,10,1,86,True,True,0.6029213070869446,0.07652348512783647,0.004818139932467602,7.131296641658992,112,8,8,8,False,
ucf101,val,v_SumoWrestling_g04_c02,data/UCF101_data/UCF-101/SumoWrestling/v_SumoWrestling_g04_c02.avi,86,8,10,1,86,True,True,0.3525211811065674,0.060789484065026045,0.004818139932467602,7.052353244274855,255,8,8,8,False,
ucf101,val,v_SumoWrestling_g07_c01,data/UCF101_data/UCF-101/SumoWrestling/v_SumoWrestling_g07_c01.avi,86,8,10,1,86,True,True,0.9785711169242859,0.052889810875058174,0.004818139932467602,6.9892969112843275,109,8,8,8,False,
ucf101,val,v_SumoWrestling_g03_c04,data/UCF101_data/UCF-101/SumoWrestling/v_SumoWrestling_g03_c04.avi,86,8,10,1,86,True,True,0.9848930835723877,0.06397743383422494,0.004818139932467602,6.934254194609821,273,8,8,8,False,
ucf101,val,v_SumoWrestling_g01_c01,data/UCF101_data/UCF-101/SumoWrestling/v_SumoWrestling_g01_c01.avi,86,8,10,1,86,True,True,0.9647570848464966,0.0878107687458396,0.004818139932467602,6.867316699121147,241,8,8,8,False,
ucf101,val,v_SumoWrestling_g07_c05,data/UCF101_data/UCF-101/SumoWrestling/v_SumoWrestling_g07_c05.avi,86,8,10,1,86,True,True,0.9761183857917786,0.018644887022674084,0.004818139932467602,6.776554022915661,247,8,8,8,False,
ucf101,val,v_Surfing_g04_c03,data/UCF101_data/UCF-101/Surfing/v_Surfing_g04_c03.avi,87,8,10,1,87,True,True,0.988851010799408,0.2663458245806396,0.004818139932467602,6.75641251122579,144,8,8,8,False,
ucf101,val,v_Surfing_g02_c05,data/UCF101_data/UCF-101/Surfing/v_Surfing_g02_c05.avi,87,8,10,1,87,True,True,0.9871664643287659,0.13927670987322927,0.004818139932467602,6.4864669647067785,168,8,8,8,False,
ucf101,val,v_Surfing_g07_c02,data/UCF101_data/UCF-101/Surfing/v_Surfing_g07_c02.avi,87,8,10,1,87,True,True,0.7112680077552795,0.045299881137907505,0.004818139932467602,6.344199739862233,241,8,8,8,False,
ucf101,val,v_Surfing_g01_c07,data/UCF101_data/UCF-101/Surfing/v_Surfing_g01_c07.avi,87,8,10,1,87,True,True,0.9859820604324341,0.029516709968447685,0.004818139932467602,6.295683275908232,235,8,8,8,False,
ucf101,val,v_Surfing_g02_c04,data/UCF101_data/UCF-101/Surfing/v_Surfing_g02_c04.avi,87,8,10,1,87,True,True,0.9893206357955933,0.047120905946940184,0.004818139932467602,6.263669308740646,243,8,8,8,False,
ucf101,val,v_Surfing_g05_c04,data/UCF101_data/UCF-101/Surfing/v_Surfing_g05_c04.avi,87,8,10,1,87,True,True,0.989179253578186,0.2636542650870979,0.004818139932467602,6.214052130002528,241,8,8,8,False,
ucf101,val,v_Surfing_g03_c03,data/UCF101_data/UCF-101/Surfing/v_Surfing_g03_c03.avi,87,8,10,1,87,True,True,0.9816762208938599,0.029502891935408115,0.004818139932467602,5.947105273138732,125,8,8,8,False,
ucf101,val,v_Surfing_g07_c01,data/UCF101_data/UCF-101/Surfing/v_Surfing_g07_c01.avi,87,8,10,1,87,True,True,0.957624077796936,0.0519667761400342,0.004818139932467602,5.914705026894808,264,8,8,8,False,
ucf101,val,v_Surfing_g02_c01,data/UCF101_data/UCF-101/Surfing/v_Surfing_g02_c01.avi,87,8,10,1,87,True,True,0.9777811169624329,0.05291206482797861,0.004818139932467602,5.859920934773982,158,8,8,8,False,
ucf101,val,v_Surfing_g01_c05,data/UCF101_data/UCF-101/Surfing/v_Surfing_g01_c05.avi,87,8,10,1,87,True,True,0.983857274055481,0.09515585610643029,0.004818139932467602,5.803900494240224,118,8,8,8,False,
ucf101,val,v_Surfing_g05_c03,data/UCF101_data/UCF-101/Surfing/v_Surfing_g05_c03.avi,87,8,10,1,87,True,True,0.9886457920074463,0.0979829472489655,0.004818139932467602,5.706782546825707,277,8,8,8,False,
ucf101,val,v_Surfing_g01_c03,data/UCF101_data/UCF-101/Surfing/v_Surfing_g01_c03.avi,87,8,10,1,87,True,True,0.9889951944351196,0.4486043960787356,0.004818139932467602,5.605526296887547,220,8,8,8,False,
ucf101,val,v_Surfing_g02_c03,data/UCF101_data/UCF-101/Surfing/v_Surfing_g02_c03.avi,87,8,10,1,87,True,True,0.9882454872131348,1.0279256710782647,0.004818139932467602,5.154860927257687,279,8,8,8,False,
ucf101,val,v_Surfing_g01_c04,data/UCF101_data/UCF-101/Surfing/v_Surfing_g01_c04.avi,87,8,10,1,87,True,True,0.988409161567688,0.8415269525721669,0.004818139932467602,4.123525599949062,283,8,8,8,False,
ucf101,val,v_Surfing_g03_c04,data/UCF101_data/UCF-101/Surfing/v_Surfing_g03_c04.avi,87,8,10,1,87,True,True,0.9626365900039673,1.3095005066134036,0.004818139932467602,3.2787002180702984,134,8,8,8,False,
ucf101,val,v_Surfing_g04_c01,data/UCF101_data/UCF-101/Surfing/v_Surfing_g04_c01.avi,87,8,10,1,87,True,True,0.9891664385795593,0.02588036097586155,0.004818139932467602,1.9659449253231287,113,8,8,8,False,
ucf101,val,v_Surfing_g04_c02,data/UCF101_data/UCF-101/Surfing/v_Surfing_g04_c02.avi,87,8,10,1,87,True,True,0.9853113889694214,0.5236278157681227,0.004818139932467602,1.9369936590082943,176,8,8,8,False,
ucf101,val,v_Surfing_g01_c02,data/UCF101_data/UCF-101/Surfing/v_Surfing_g01_c02.avi,87,8,10,1,87,True,True,0.9746828675270081,0.05813766410574317,0.004818139932467602,1.4099339139647782,203,8,8,8,False,
ucf101,val,v_Surfing_g06_c04,data/UCF101_data/UCF-101/Surfing/v_Surfing_g06_c04.avi,87,8,10,1,87,True,True,0.9873707294464111,0.030774202197790146,0.004818139932467602,1.3491161679849029,139,8,8,8,False,
ucf101,val,v_Surfing_g01_c06,data/UCF101_data/UCF-101/Surfing/v_Surfing_g01_c06.avi,87,8,10,1,87,True,True,0.9835366606712341,0.7423692103475332,0.004818139932467602,1.315524060279131,213,8,8,8,False,
ucf101,val,v_Swing_g07_c05,data/UCF101_data/UCF-101/Swing/v_Swing_g07_c05.avi,88,8,10,1,88,True,True,0.5806618332862854,1.0430639879778028,0.0045878121454734355,3.2615024568513036,151,8,8,8,False,
ucf101,val,v_Swing_g02_c04,data/UCF101_data/UCF-101/Swing/v_Swing_g02_c04.avi,88,8,10,1,88,True,True,0.8690828680992126,0.5702706403099,0.0045878121454734355,2.216554411686957,335,8,8,8,False,
ucf101,val,v_Swing_g07_c04,data/UCF101_data/UCF-101/Swing/v_Swing_g07_c04.avi,88,8,10,1,88,True,True,0.8877818584442139,0.04373050481081009,0.0045878121454734355,1.6434460519813001,201,8,8,8,False,
ucf101,val,v_Swing_g05_c04,data/UCF101_data/UCF-101/Swing/v_Swing_g05_c04.avi,88,8,10,1,88,True,True,0.9315061569213867,0.025420812889933586,0.0045878121454734355,1.5966633278876543,109,8,8,8,False,
ucf101,val,v_Swing_g02_c05,data/UCF101_data/UCF-101/Swing/v_Swing_g02_c05.avi,88,8,10,1,88,True,True,0.4474998414516449,0.043309229891747236,0.0045878121454734355,1.569061208050698,201,8,8,8,False,
ucf101,val,v_Swing_g03_c01,data/UCF101_data/UCF-101/Swing/v_Swing_g03_c01.avi,88,8,10,1,32,False,False,0.9304434061050415,0.03879969334229827,0.0045878121454734355,1.522640401031822,145,8,8,8,False,
ucf101,val,v_Swing_g03_c02,data/UCF101_data/UCF-101/Swing/v_Swing_g03_c02.avi,88,8,10,1,32,False,True,0.6400296688079834,0.02575618214905262,0.0045878121454734355,1.4809977081604302,145,8,8,8,False,
ucf101,val,v_Swing_g07_c02,data/UCF101_data/UCF-101/Swing/v_Swing_g07_c02.avi,88,8,10,1,88,True,True,0.9719039797782898,0.048359328880906105,0.0045878121454734355,1.453157608397305,251,8,8,8,False,
ucf101,val,v_Swing_g06_c01,data/UCF101_data/UCF-101/Swing/v_Swing_g06_c01.avi,88,8,10,1,88,True,True,0.9452658891677856,0.02226916328072548,0.0045878121454734355,1.4012311901897192,126,8,8,8,False,
ucf101,val,v_Swing_g01_c03,data/UCF101_data/UCF-101/Swing/v_Swing_g01_c03.avi,88,8,10,1,97,False,True,0.567799985408783,0.06142605980858207,0.0045878121454734355,1.3769189743325114,168,8,8,8,False,
ucf101,val,v_Swing_g05_c06,data/UCF101_data/UCF-101/Swing/v_Swing_g05_c06.avi,88,8,10,1,88,True,True,0.9549321532249451,0.04972311295568943,0.0045878121454734355,1.3133622999303043,201,8,8,8,False,
ucf101,val,v_Swing_g07_c01,data/UCF101_data/UCF-101/Swing/v_Swing_g07_c01.avi,88,8,10,1,88,True,True,0.6402378678321838,0.031764857936650515,0.0045878121454734355,1.2612799368798733,126,8,8,8,False,
ucf101,val,v_Swing_g05_c01,data/UCF101_data/UCF-101/Swing/v_Swing_g05_c01.avi,88,8,10,1,88,True,True,0.9639761447906494,0.021374642848968506,0.0045878121454734355,1.2273746184073389,109,8,8,8,False,
ucf101,val,v_Swing_g05_c03,data/UCF101_data/UCF-101/Swing/v_Swing_g05_c03.avi,88,8,10,1,88,True,True,0.25758570432662964,0.04060418205335736,0.0045878121454734355,1.2042925502173603,109,8,8,8,False,
ucf101,val,v_Swing_g02_c03,data/UCF101_data/UCF-101/Swing/v_Swing_g02_c03.avi,88,8,10,1,88,True,True,0.9553911089897156,0.0628476613201201,0.0045878121454734355,1.1609001383185387,300,8,8,8,False,
ucf101,val,v_Swing_g04_c01,data/UCF101_data/UCF-101/Swing/v_Swing_g04_c01.avi,88,8,10,1,97,False,True,0.4268699884414673,0.017497983761131763,0.0045878121454734355,1.0954760047607124,126,8,8,8,False,
ucf101,val,v_Swing_g04_c06,data/UCF101_data/UCF-101/Swing/v_Swing_g04_c06.avi,88,8,10,1,88,True,True,0.8921893835067749,0.05182809801772237,0.0045878121454734355,1.076667490415275,201,8,8,8,False,
ucf101,val,v_Swing_g07_c03,data/UCF101_data/UCF-101/Swing/v_Swing_g07_c03.avi,88,8,10,1,88,True,True,0.9675577878952026,0.049979099072515965,0.0045878121454734355,1.0220142821781337,251,8,8,8,False,
ucf101,val,v_Swing_g06_c06,data/UCF101_data/UCF-101/Swing/v_Swing_g06_c06.avi,88,8,10,1,88,True,True,0.953881561756134,0.021745131816715002,0.0045878121454734355,0.9695555050857365,151,8,8,8,False,
ucf101,val,v_Swing_g06_c04,data/UCF101_data/UCF-101/Swing/v_Swing_g06_c04.avi,88,8,10,1,88,True,True,0.31663230061531067,0.029577306006103754,0.0045878121454734355,0.9459192669019103,126,8,8,8,False,
ucf101,val,v_TableTennisShot_g03_c05,data/UCF101_data/UCF-101/TableTennisShot/v_TableTennisShot_g03_c05.avi,89,8,10,1,89,True,True,0.8386216163635254,0.06932418141514063,0.0045878121454734355,0.9130599242635071,106,8,8,8,False,
ucf101,val,v_TableTennisShot_g06_c06,data/UCF101_data/UCF-101/TableTennisShot/v_TableTennisShot_g06_c06.avi,89,8,10,1,89,True,True,0.883460283279419,0.040266898926347494,0.0045878121454734355,0.8416423490270972,123,8,8,8,False,
ucf101,val,v_TableTennisShot_g04_c01,data/UCF101_data/UCF-101/TableTennisShot/v_TableTennisShot_g04_c01.avi,89,8,10,1,89,True,True,0.9699335694313049,0.036977908574044704,0.0045878121454734355,0.798650688957423,210,8,8,8,False,
ucf101,val,v_TableTennisShot_g04_c05,data/UCF101_data/UCF-101/TableTennisShot/v_TableTennisShot_g04_c05.avi,89,8,10,1,89,True,True,0.9552802443504333,0.02457696944475174,0.0045878121454734355,0.7597600878216326,104,8,8,8,False,
ucf101,val,v_TableTennisShot_g06_c02,data/UCF101_data/UCF-101/TableTennisShot/v_TableTennisShot_g06_c02.avi,89,8,10,1,89,True,True,0.9593703746795654,0.015195304993540049,0.0045878121454734355,0.7322508958168328,175,8,8,8,False,
ucf101,val,v_TableTennisShot_g03_c03,data/UCF101_data/UCF-101/TableTennisShot/v_TableTennisShot_g03_c03.avi,89,8,10,1,89,True,True,0.5138621926307678,0.02443644916638732,0.0045878121454734355,0.715423634275794,105,8,8,8,False,
ucf101,val,v_TableTennisShot_g05_c02,data/UCF101_data/UCF-101/TableTennisShot/v_TableTennisShot_g05_c02.avi,89,8,10,1,89,True,True,0.8695985078811646,0.022709847427904606,0.0045878121454734355,0.68893225165084,173,8,8,8,False,
ucf101,val,v_TableTennisShot_g05_c07,data/UCF101_data/UCF-101/TableTennisShot/v_TableTennisShot_g05_c07.avi,89,8,10,1,89,True,True,0.9812784790992737,0.019966258201748133,0.0045878121454734355,0.6644917717203498,157,8,8,8,False,
ucf101,val,v_TableTennisShot_g07_c04,data/UCF101_data/UCF-101/TableTennisShot/v_TableTennisShot_g07_c04.avi,89,8,10,1,89,True,True,0.9707648158073425,0.02252324903383851,0.0045878121454734355,0.6425631088204682,80,8,8,8,False,
ucf101,val,v_TableTennisShot_g05_c03,data/UCF101_data/UCF-101/TableTennisShot/v_TableTennisShot_g05_c03.avi,89,8,10,1,89,True,True,0.9388549327850342,0.0263719130307436,0.0045878121454734355,0.6188632627017796,221,8,8,8,False,
ucf101,val,v_TableTennisShot_g02_c04,data/UCF101_data/UCF-101/TableTennisShot/v_TableTennisShot_g02_c04.avi,89,8,10,1,89,True,True,0.9530391693115234,0.018259084783494473,0.0045878121454734355,0.5901158968918025,119,8,8,8,False,
ucf101,val,v_TableTennisShot_g06_c01,data/UCF101_data/UCF-101/TableTennisShot/v_TableTennisShot_g06_c01.avi,89,8,10,1,89,True,True,0.9752832055091858,0.03432757221162319,0.0045878121454734355,0.5686159017495811,207,8,8,8,False,
ucf101,val,v_TableTennisShot_g06_c05,data/UCF101_data/UCF-101/TableTennisShot/v_TableTennisShot_g06_c05.avi,89,8,10,1,89,True,True,0.9543478488922119,0.029167104046791792,0.003579512602300383,1.6593659659847617,170,8,8,8,False,
ucf101,val,v_TableTennisShot_g04_c02,data/UCF101_data/UCF-101/TableTennisShot/v_TableTennisShot_g04_c02.avi,89,8,10,1,89,True,True,0.974906325340271,0.026647445280104876,0.003579512602300383,1.6271537393331528,134,8,8,8,False,
ucf101,val,v_TableTennisShot_g05_c04,data/UCF101_data/UCF-101/TableTennisShot/v_TableTennisShot_g05_c04.avi,89,8,10,1,89,True,True,0.9808881878852844,0.025986652821302414,0.003579512602300383,1.5990670006722212,176,8,8,8,False,
ucf101,val,v_TableTennisShot_g03_c04,data/UCF101_data/UCF-101/TableTennisShot/v_TableTennisShot_g03_c04.avi,89,8,10,1,89,True,True,0.9700649976730347,0.03373808693140745,0.003579512602300383,1.5702430349774659,131,8,8,8,False,
ucf101,val,v_TableTennisShot_g01_c06,data/UCF101_data/UCF-101/TableTennisShot/v_TableTennisShot_g01_c06.avi,89,8,10,1,89,True,True,0.9282317161560059,0.02310637990012765,0.003579512602300383,1.534473713953048,194,8,8,8,False,
ucf101,val,v_TableTennisShot_g02_c01,data/UCF101_data/UCF-101/TableTennisShot/v_TableTennisShot_g02_c01.avi,89,8,10,1,89,True,True,0.9540098905563354,0.045130159705877304,0.003579512602300383,1.508476431015879,225,8,8,8,False,
ucf101,val,v_TableTennisShot_g07_c01,data/UCF101_data/UCF-101/TableTennisShot/v_TableTennisShot_g07_c01.avi,89,8,10,1,89,True,True,0.947226881980896,0.02378496015444398,0.003579512602300383,1.4601186658255756,75,8,8,8,False,
ucf101,val,v_TableTennisShot_g01_c05,data/UCF101_data/UCF-101/TableTennisShot/v_TableTennisShot_g01_c05.avi,89,8,10,1,89,True,True,0.9562432169914246,0.04792443988844752,0.003579512602300383,1.4335356708616018,164,8,8,8,False,
ucf101,val,v_TaiChi_g07_c04,data/UCF101_data/UCF-101/TaiChi/v_TaiChi_g07_c04.avi,90,8,10,1,90,True,True,0.8011514544487,0.07079626526683569,0.003579512602300383,1.3830407271161675,171,8,8,8,False,
ucf101,val,v_TaiChi_g03_c01,data/UCF101_data/UCF-101/TaiChi/v_TaiChi_g03_c01.avi,90,8,10,1,47,False,True,0.41887617111206055,0.049938446842134,0.003579512602300383,1.3095482238568366,180,8,8,8,False,
ucf101,val,v_TaiChi_g01_c02,data/UCF101_data/UCF-101/TaiChi/v_TaiChi_g01_c02.avi,90,8,10,1,90,True,True,0.8039261698722839,0.02062817197293043,0.003579512602300383,1.2561763073317707,168,8,8,8,False,
ucf101,val,v_TaiChi_g06_c01,data/UCF101_data/UCF-101/TaiChi/v_TaiChi_g06_c01.avi,90,8,10,1,90,True,True,0.618800699710846,0.048506522085517645,0.003579512602300383,1.2344065280631185,183,8,8,8,False,
ucf101,val,v_TaiChi_g04_c04,data/UCF101_data/UCF-101/TaiChi/v_TaiChi_g04_c04.avi,90,8,10,1,90,True,True,0.9027715921401978,0.018031483981758356,0.003579512602300383,1.1832131361588836,174,8,8,8,False,
ucf101,val,v_TaiChi_g03_c04,data/UCF101_data/UCF-101/TaiChi/v_TaiChi_g03_c04.avi,90,8,10,1,90,True,True,0.9742635488510132,0.030167014803737402,0.003579512602300383,1.1636234018951654,171,8,8,8,False,
ucf101,val,v_TaiChi_g05_c02,data/UCF101_data/UCF-101/TaiChi/v_TaiChi_g05_c02.avi,90,8,10,1,90,True,True,0.8312909603118896,0.03272372903302312,0.003579512602300383,1.1308334460482001,171,8,8,8,False,
ucf101,val,v_TaiChi_g01_c04,data/UCF101_data/UCF-101/TaiChi/v_TaiChi_g01_c04.avi,90,8,10,1,90,True,True,0.31471559405326843,0.03867346188053489,0.003579512602300383,1.0949903726577759,168,8,8,8,False,
ucf101,val,v_TaiChi_g05_c01,data/UCF101_data/UCF-101/TaiChi/v_TaiChi_g05_c01.avi,90,8,10,1,90,True,True,0.8551623225212097,0.02635409589856863,0.003579512602300383,1.0541382147930562,169,8,8,8,False,
ucf101,val,v_TaiChi_g07_c01,data/UCF101_data/UCF-101/TaiChi/v_TaiChi_g07_c01.avi,90,8,10,1,90,True,True,0.8871837258338928,0.05800422793254256,0.003579512602300383,1.0248145670630038,192,8,8,8,False,
ucf101,val,v_TaiChi_g03_c02,data/UCF101_data/UCF-101/TaiChi/v_TaiChi_g03_c02.avi,90,8,10,1,90,True,True,0.9675912857055664,0.020194056443870068,0.003579512602300383,0.9644629810936749,170,8,8,8,False,
ucf101,val,v_TaiChi_g01_c03,data/UCF101_data/UCF-101/TaiChi/v_TaiChi_g01_c03.avi,90,8,10,1,90,True,True,0.8361523151397705,0.03819801704958081,0.003579512602300383,0.9431878970935941,169,8,8,8,False,
ucf101,val,v_TaiChi_g02_c02,data/UCF101_data/UCF-101/TaiChi/v_TaiChi_g02_c02.avi,90,8,10,1,90,True,True,0.791186511516571,0.046188883017748594,0.003579512602300383,0.9017713428474963,171,8,8,8,False,
ucf101,val,v_TaiChi_g02_c01,data/UCF101_data/UCF-101/TaiChi/v_TaiChi_g02_c01.avi,90,8,10,1,90,True,True,0.306125283241272,0.02936764992773533,0.003579512602300383,0.8532120361924171,176,8,8,8,False,
ucf101,val,v_TaiChi_g02_c04,data/UCF101_data/UCF-101/TaiChi/v_TaiChi_g02_c04.avi,90,8,10,1,90,True,True,0.764884889125824,0.03391669597476721,0.003579512602300383,0.8212996344082057,171,8,8,8,False,
ucf101,val,v_TaiChi_g07_c03,data/UCF101_data/UCF-101/TaiChi/v_TaiChi_g07_c03.avi,90,8,10,1,90,True,True,0.9531319737434387,0.04767145495861769,0.003579512602300383,0.7839734209701419,171,8,8,8,False,
ucf101,val,v_TaiChi_g05_c04,data/UCF101_data/UCF-101/TaiChi/v_TaiChi_g05_c04.avi,90,8,10,1,90,True,True,0.9364299774169922,0.030537148006260395,0.003579512602300383,0.7337083658203483,169,8,8,8,False,
ucf101,val,v_TaiChi_g02_c03,data/UCF101_data/UCF-101/TaiChi/v_TaiChi_g02_c03.avi,90,8,10,1,90,True,True,0.8408259749412537,0.032085406593978405,0.003579512602300383,0.7002793289721012,176,8,8,8,False,
ucf101,val,v_TaiChi_g07_c02,data/UCF101_data/UCF-101/TaiChi/v_TaiChi_g07_c02.avi,90,8,10,1,90,True,True,0.9469489455223083,0.016629021149128675,0.003579512602300383,0.6657041967846453,177,8,8,8,False,
ucf101,val,v_TaiChi_g05_c03,data/UCF101_data/UCF-101/TaiChi/v_TaiChi_g05_c03.avi,90,8,10,1,90,True,True,0.5987216830253601,0.02964916778728366,0.003579512602300383,0.6479927618056536,170,8,8,8,False,
ucf101,val,v_TennisSwing_g05_c01,data/UCF101_data/UCF-101/TennisSwing/v_TennisSwing_g05_c01.avi,91,8,10,1,91,True,True,0.8922815322875977,0.056263219099491835,0.003579512602300383,0.6168959997594357,122,8,8,8,False,
ucf101,val,v_TennisSwing_g04_c02,data/UCF101_data/UCF-101/TennisSwing/v_TennisSwing_g04_c02.avi,91,8,10,1,91,True,True,0.9622935056686401,0.01919457595795393,0.003579512602300383,0.5578837278299034,98,8,8,8,False,
ucf101,val,v_TennisSwing_g01_c02,data/UCF101_data/UCF-101/TennisSwing/v_TennisSwing_g01_c02.avi,91,8,10,1,91,True,True,0.9750729203224182,0.04410537984222174,0.003579512602300383,0.5371020948514342,85,8,8,8,False,
ucf101,val,v_TennisSwing_g04_c06,data/UCF101_data/UCF-101/TennisSwing/v_TennisSwing_g04_c06.avi,91,8,10,1,91,True,True,0.9722877740859985,0.021782010328024626,0.003579512602300383,0.491043996065855,98,8,8,8,False,
ucf101,val,v_TennisSwing_g01_c04,data/UCF101_data/UCF-101/TennisSwing/v_TennisSwing_g01_c04.avi,91,8,10,1,91,True,True,0.9771865606307983,0.037607279140502214,0.003753779994440265,1.4942280831746757,90,8,8,8,False,
ucf101,val,v_TennisSwing_g04_c05,data/UCF101_data/UCF-101/TennisSwing/v_TennisSwing_g04_c05.avi,91,8,10,1,91,True,True,0.9671893119812012,0.027644085232168436,0.003753779994440265,1.4537068442441523,122,8,8,8,False,
ucf101,val,v_TennisSwing_g05_c05,data/UCF101_data/UCF-101/TennisSwing/v_TennisSwing_g05_c05.avi,91,8,10,1,91,True,True,0.9586848020553589,0.04915971169248223,0.003753779994440265,1.4242559089325368,154,8,8,8,False,
ucf101,val,v_TennisSwing_g04_c03,data/UCF101_data/UCF-101/TennisSwing/v_TennisSwing_g04_c03.avi,91,8,10,1,91,True,True,0.9714533090591431,0.01842139009386301,0.003753779994440265,1.3720178459770977,86,8,8,8,False,
ucf101,val,v_TennisSwing_g03_c02,data/UCF101_data/UCF-101/TennisSwing/v_TennisSwing_g03_c02.avi,91,8,10,1,91,True,True,0.9743223786354065,0.03540340857580304,0.003753779994440265,1.352345506194979,62,6,8,8,False,
ucf101,val,v_TennisSwing_g04_c04,data/UCF101_data/UCF-101/TennisSwing/v_TennisSwing_g04_c04.avi,91,8,10,1,91,True,True,0.9168312549591064,0.02308429917320609,0.003753779994440265,1.3145630890503526,97,8,8,8,False,
ucf101,val,v_TennisSwing_g01_c06,data/UCF101_data/UCF-101/TennisSwing/v_TennisSwing_g01_c06.avi,91,8,10,1,91,True,True,0.9788424372673035,0.030134389642626047,0.003753779994440265,1.2896343180909753,90,8,8,8,False,
ucf101,val,v_TennisSwing_g06_c07,data/UCF101_data/UCF-101/TennisSwing/v_TennisSwing_g06_c07.avi,91,8,10,1,91,True,True,0.9788084626197815,0.046210786793380976,0.003753779994440265,1.2571756560355425,186,8,8,8,False,
ucf101,val,v_TennisSwing_g03_c01,data/UCF101_data/UCF-101/TennisSwing/v_TennisSwing_g03_c01.avi,91,8,10,1,91,True,True,0.966627299785614,0.027554035186767578,0.003753779994440265,1.2087284186854959,80,8,8,8,False,
ucf101,val,v_TennisSwing_g07_c05,data/UCF101_data/UCF-101/TennisSwing/v_TennisSwing_g07_c05.avi,91,8,10,1,91,True,True,0.8986392021179199,0.024175383150577545,0.003753779994440265,1.1794187580235302,173,8,8,8,False,
ucf101,val,v_TennisSwing_g03_c07,data/UCF101_data/UCF-101/TennisSwing/v_TennisSwing_g03_c07.avi,91,8,10,1,91,True,True,0.9210581183433533,0.025290582329034805,0.003753779994440265,1.1529575418680906,74,7,8,8,False,
ucf101,val,v_TennisSwing_g01_c07,data/UCF101_data/UCF-101/TennisSwing/v_TennisSwing_g01_c07.avi,91,8,10,1,91,True,True,0.9686940908432007,0.027486400213092566,0.003753779994440265,1.1247226148843765,86,8,8,8,False,
ucf101,val,v_TennisSwing_g04_c01,data/UCF101_data/UCF-101/TennisSwing/v_TennisSwing_g04_c01.avi,91,8,10,1,91,True,True,0.9681052565574646,0.036992114037275314,0.003753779994440265,1.093674543313682,146,8,8,8,False,
ucf101,val,v_TennisSwing_g02_c03,data/UCF101_data/UCF-101/TennisSwing/v_TennisSwing_g02_c03.avi,91,8,10,1,91,True,True,0.7772712111473083,0.024302249774336815,0.003753779994440265,1.0534704523161054,74,7,8,8,False,
ucf101,val,v_TennisSwing_g01_c05,data/UCF101_data/UCF-101/TennisSwing/v_TennisSwing_g01_c05.avi,91,8,10,1,91,True,True,0.9682628512382507,0.017523603979498148,0.003753779994440265,1.0273756510578096,85,8,8,8,False,
ucf101,val,v_TennisSwing_g06_c01,data/UCF101_data/UCF-101/TennisSwing/v_TennisSwing_g06_c01.avi,91,8,10,1,91,True,True,0.9791064262390137,0.03984955418854952,0.003753779994440265,1.0081712137907743,139,8,8,8,False,
ucf101,val,v_ThrowDiscus_g04_c04,data/UCF101_data/UCF-101/ThrowDiscus/v_ThrowDiscus_g04_c04.avi,92,8,10,1,92,True,True,0.6444735527038574,0.07930436870083213,0.003753779994440265,0.9656779151409864,123,8,8,8,False,
ucf101,val,v_ThrowDiscus_g06_c07,data/UCF101_data/UCF-101/ThrowDiscus/v_ThrowDiscus_g06_c07.avi,92,8,10,1,51,False,True,0.46759840846061707,0.02313064318150282,0.003753779994440265,0.8836175110191107,71,7,8,8,False,
ucf101,val,v_ThrowDiscus_g02_c05,data/UCF101_data/UCF-101/ThrowDiscus/v_ThrowDiscus_g02_c05.avi,92,8,10,1,35,False,True,0.7510142922401428,0.02129488391801715,0.003753779994440265,0.8574539413675666,84,8,8,8,False,
ucf101,val,v_ThrowDiscus_g07_c06,data/UCF101_data/UCF-101/ThrowDiscus/v_ThrowDiscus_g07_c06.avi,92,8,10,1,78,False,True,0.8008484244346619,0.023026466835290194,0.003753779994440265,0.8336070529185236,105,8,8,8,False,
ucf101,val,v_ThrowDiscus_g06_c05,data/UCF101_data/UCF-101/ThrowDiscus/v_ThrowDiscus_g06_c05.avi,92,8,10,1,93,False,False,0.34839463233947754,0.03373512998223305,0.003753779994440265,0.8080557286739349,133,8,8,8,False,
ucf101,val,v_ThrowDiscus_g01_c01,data/UCF101_data/UCF-101/ThrowDiscus/v_ThrowDiscus_g01_c01.avi,92,8,10,1,92,True,True,0.6608099341392517,0.023718212731182575,0.003753779994440265,0.7717919331043959,66,7,8,8,False,
ucf101,val,v_ThrowDiscus_g02_c02,data/UCF101_data/UCF-101/ThrowDiscus/v_ThrowDiscus_g02_c02.avi,92,8,10,1,92,True,True,0.6667448282241821,0.021699639968574047,0.003753779994440265,0.7466115118004382,90,8,8,8,False,
ucf101,val,v_ThrowDiscus_g07_c02,data/UCF101_data/UCF-101/ThrowDiscus/v_ThrowDiscus_g07_c02.avi,92,8,10,1,92,True,True,0.8374365568161011,0.02629596972838044,0.003753779994440265,0.7231768239289522,105,8,8,8,False,
ucf101,val,v_ThrowDiscus_g07_c05,data/UCF101_data/UCF-101/ThrowDiscus/v_ThrowDiscus_g07_c05.avi,92,8,10,1,92,True,True,0.8072723746299744,0.03822873719036579,0.003753779994440265,0.6932306177914143,110,8,8,8,False,
ucf101,val,v_ThrowDiscus_g02_c03,data/UCF101_data/UCF-101/ThrowDiscus/v_ThrowDiscus_g02_c03.avi,92,8,10,1,92,True,True,0.7329825758934021,0.027139273937791586,0.003753779994440265,0.6518210070207715,90,8,8,8,False,
ucf101,val,v_ThrowDiscus_g06_c03,data/UCF101_data/UCF-101/ThrowDiscus/v_ThrowDiscus_g06_c03.avi,92,8,10,1,23,False,True,0.2754589021205902,0.021690509747713804,0.003753779994440265,0.6226129247806966,97,8,8,8,False,
ucf101,val,v_ThrowDiscus_g02_c01,data/UCF101_data/UCF-101/ThrowDiscus/v_ThrowDiscus_g02_c01.avi,92,8,10,1,35,False,True,0.362650066614151,0.01833168789744377,0.003753779994440265,0.5992838363163173,84,8,8,8,False,
ucf101,val,v_ThrowDiscus_g04_c03,data/UCF101_data/UCF-101/ThrowDiscus/v_ThrowDiscus_g04_c03.avi,92,8,10,1,92,True,True,0.7156057357788086,0.029240102972835302,0.003753779994440265,0.5797811960801482,121,8,8,8,False,
ucf101,val,v_ThrowDiscus_g05_c05,data/UCF101_data/UCF-101/ThrowDiscus/v_ThrowDiscus_g05_c05.avi,92,8,10,1,92,True,True,0.6168661713600159,0.022005921229720116,0.003753779994440265,0.5478228069841862,61,6,8,8,False,
ucf101,val,v_ThrowDiscus_g05_c01,data/UCF101_data/UCF-101/ThrowDiscus/v_ThrowDiscus_g05_c01.avi,92,8,10,1,92,True,True,0.8886407017707825,0.019878606777638197,0.003753779994440265,0.5237637939862907,76,8,8,8,False,
ucf101,val,v_ThrowDiscus_g04_c02,data/UCF101_data/UCF-101/ThrowDiscus/v_ThrowDiscus_g04_c02.avi,92,8,10,1,92,True,True,0.6051971316337585,0.0282080490142107,0.003753779994440265,0.5018531628884375,158,8,8,8,False,
ucf101,val,v_ThrowDiscus_g03_c03,data/UCF101_data/UCF-101/ThrowDiscus/v_ThrowDiscus_g03_c03.avi,92,8,10,1,35,False,True,0.8221350312232971,0.05386312212795019,0.0037228636647341773,1.9204400959424675,148,8,8,8,False,
ucf101,val,v_ThrowDiscus_g01_c04,data/UCF101_data/UCF-101/ThrowDiscus/v_ThrowDiscus_g01_c04.avi,92,8,10,1,92,True,True,0.5003471374511719,0.019288355018943548,0.0037228636647341773,1.8636104161851108,78,8,8,8,False,
ucf101,val,v_ThrowDiscus_g02_c06,data/UCF101_data/UCF-101/ThrowDiscus/v_ThrowDiscus_g02_c06.avi,92,8,10,1,92,True,True,0.7027915120124817,0.025708301924169064,0.0037228636647341773,1.8428533892147243,90,8,8,8,False,
ucf101,val,v_ThrowDiscus_g02_c04,data/UCF101_data/UCF-101/ThrowDiscus/v_ThrowDiscus_g02_c04.avi,92,8,10,1,92,True,True,0.7552008032798767,0.011380448006093502,0.0037228636647341773,1.8150472464039922,126,8,8,8,False,
ucf101,val,v_TrampolineJumping_g05_c01,data/UCF101_data/UCF-101/TrampolineJumping/v_TrampolineJumping_g05_c01.avi,93,8,10,1,83,False,True,0.45271486043930054,0.05044920137152076,0.0037228636647341773,1.8026117561385036,151,8,8,8,False,
ucf101,val,v_TrampolineJumping_g01_c04,data/UCF101_data/UCF-101/TrampolineJumping/v_TrampolineJumping_g01_c04.avi,93,8,10,1,93,True,True,0.9785993099212646,0.042628792114555836,0.0037228636647341773,1.7495115171186626,106,8,8,8,False,
ucf101,val,v_TrampolineJumping_g01_c02,data/UCF101_data/UCF-101/TrampolineJumping/v_TrampolineJumping_g01_c02.avi,93,8,10,1,93,True,True,0.8790410757064819,0.05686643300577998,0.0037228636647341773,1.7043096562847495,240,8,8,8,False,
ucf101,val,v_TrampolineJumping_g02_c04,data/UCF101_data/UCF-101/TrampolineJumping/v_TrampolineJumping_g02_c04.avi,93,8,10,1,93,True,True,0.9674327969551086,0.04863775195553899,0.0037228636647341773,1.6453966447152197,201,8,8,8,False,
ucf101,val,v_TrampolineJumping_g03_c04,data/UCF101_data/UCF-101/TrampolineJumping/v_TrampolineJumping_g03_c04.avi,93,8,10,1,93,True,True,0.9811270833015442,0.04561735037714243,0.0037228636647341773,1.5940625313669443,201,8,8,8,False,
ucf101,val,v_TrampolineJumping_g05_c02,data/UCF101_data/UCF-101/TrampolineJumping/v_TrampolineJumping_g05_c02.avi,93,8,10,1,93,True,True,0.12334699183702469,0.012439799029380083,0.0037228636647341773,1.5460873451083899,151,8,8,8,False,
ucf101,val,v_TrampolineJumping_g06_c03,data/UCF101_data/UCF-101/TrampolineJumping/v_TrampolineJumping_g06_c03.avi,93,8,10,1,93,True,True,0.5085451006889343,0.0785886961966753,0.0037228636647341773,1.5325767458416522,450,8,8,8,False,
ucf101,val,v_TrampolineJumping_g07_c05,data/UCF101_data/UCF-101/TrampolineJumping/v_TrampolineJumping_g07_c05.avi,93,8,10,1,93,True,True,0.9664504528045654,0.03395500034093857,0.0037228636647341773,1.452223059721291,240,8,8,8,False,
ucf101,val,v_TrampolineJumping_g04_c01,data/UCF101_data/UCF-101/TrampolineJumping/v_TrampolineJumping_g04_c01.avi,93,8,10,1,93,True,True,0.9423398971557617,0.058325628750026226,0.0037228636647341773,1.4158471482805908,250,8,8,8,False,
ucf101,val,v_TrampolineJumping_g01_c03,data/UCF101_data/UCF-101/TrampolineJumping/v_TrampolineJumping_g01_c03.avi,93,8,10,1,93,True,True,0.9801777005195618,0.029423383064568043,0.0037228636647341773,1.3553616129793227,106,8,8,8,False,
ucf101,val,v_TrampolineJumping_g07_c04,data/UCF101_data/UCF-101/TrampolineJumping/v_TrampolineJumping_g07_c04.avi,93,8,10,1,93,True,True,0.9553267955780029,0.025170187931507826,0.0037228636647341773,1.3241402977146208,201,8,8,8,False,
ucf101,val,v_TrampolineJumping_g04_c02,data/UCF101_data/UCF-101/TrampolineJumping/v_TrampolineJumping_g04_c02.avi,93,8,10,1,93,True,True,0.9411123991012573,0.07369589107111096,0.0037228636647341773,1.297482251189649,250,8,8,8,False,
ucf101,val,v_TrampolineJumping_g06_c02,data/UCF101_data/UCF-101/TrampolineJumping/v_TrampolineJumping_g06_c02.avi,93,8,10,1,88,False,True,0.514985203742981,0.05833856714889407,0.0037228636647341773,1.2222475791350007,450,8,8,8,False,
ucf101,val,v_TrampolineJumping_g04_c04,data/UCF101_data/UCF-101/TrampolineJumping/v_TrampolineJumping_g04_c04.avi,93,8,10,1,93,True,True,0.9746575951576233,0.051803410053253174,0.0037228636647341773,1.161537126172334,250,8,8,8,False,
ucf101,val,v_TrampolineJumping_g01_c01,data/UCF101_data/UCF-101/TrampolineJumping/v_TrampolineJumping_g01_c01.avi,93,8,10,1,93,True,True,0.9677112698554993,0.05062574939802289,0.0037228636647341773,1.1071195281110704,240,8,8,8,False,
ucf101,val,v_TrampolineJumping_g04_c03,data/UCF101_data/UCF-101/TrampolineJumping/v_TrampolineJumping_g04_c03.avi,93,8,10,1,93,True,True,0.9714610576629639,0.057719615288078785,0.0037228636647341773,1.053745108190924,250,8,8,8,False,
ucf101,val,v_TrampolineJumping_g07_c02,data/UCF101_data/UCF-101/TrampolineJumping/v_TrampolineJumping_g07_c02.avi,93,8,10,1,93,True,True,0.9622769355773926,0.06755514116957784,0.0037228636647341773,0.9940003319643438,401,8,8,8,False,
ucf101,val,v_TrampolineJumping_g03_c02,data/UCF101_data/UCF-101/TrampolineJumping/v_TrampolineJumping_g03_c02.avi,93,8,10,1,93,True,True,0.9320847392082214,0.027686585672199726,0.0037228636647341773,0.922727313823998,201,8,8,8,False,
ucf101,val,v_TrampolineJumping_g05_c04,data/UCF101_data/UCF-101/TrampolineJumping/v_TrampolineJumping_g05_c04.avi,93,8,10,1,79,False,True,0.21042665839195251,0.01268688589334488,0.0037228636647341773,0.8931693388149142,151,8,8,8,False,
ucf101,val,v_TrampolineJumping_g02_c01,data/UCF101_data/UCF-101/TrampolineJumping/v_TrampolineJumping_g02_c01.avi,93,8,10,1,93,True,True,0.9760686159133911,0.028226777911186218,0.0037228636647341773,0.8791424217633903,201,8,8,8,False,
ucf101,val,v_Typing_g05_c04,data/UCF101_data/UCF-101/Typing/v_Typing_g05_c04.avi,94,8,10,1,94,True,True,0.9860472679138184,0.07205289881676435,0.0037228636647341773,0.8479062248952687,250,8,8,8,False,
ucf101,val,v_Typing_g01_c01,data/UCF101_data/UCF-101/Typing/v_Typing_g01_c01.avi,94,8,10,1,94,True,True,0.974373459815979,0.050155111122876406,0.0037228636647341773,0.7730361428111792,127,8,8,8,False,
ucf101,val,v_Typing_g07_c03,data/UCF101_data/UCF-101/Typing/v_Typing_g07_c03.avi,94,8,10,1,94,True,True,0.9782320857048035,0.030243287794291973,0.0037228636647341773,0.7199141262099147,128,8,8,8,False,
ucf101,val,v_Typing_g04_c03,data/UCF101_data/UCF-101/Typing/v_Typing_g04_c03.avi,94,8,10,1,94,True,True,0.9524379968643188,0.030738613102585077,0.0037228636647341773,0.6870889267884195,150,8,8,8,False,
ucf101,val,v_Typing_g03_c03,data/UCF101_data/UCF-101/Typing/v_Typing_g03_c03.avi,94,8,10,1,94,True,True,0.9846838116645813,0.05038704164326191,0.0037228636647341773,0.653656056150794,250,8,8,8,False,
ucf101,val,v_Typing_g06_c07,data/UCF101_data/UCF-101/Typing/v_Typing_g06_c07.avi,94,8,10,1,94,True,True,0.9847788214683533,0.028180846013128757,0.0037228636647341773,0.6007944168522954,119,8,8,8,False,
ucf101,val,v_Typing_g05_c03,data/UCF101_data/UCF-101/Typing/v_Typing_g05_c03.avi,94,8,10,1,94,True,True,0.9841691255569458,0.059350188821554184,0.0037228636647341773,0.569274703040719,250,8,8,8,False,
ucf101,val,v_Typing_g02_c05,data/UCF101_data/UCF-101/Typing/v_Typing_g02_c05.avi,94,8,10,1,94,True,True,0.9858384728431702,0.03432338172569871,0.0037228636647341773,0.5071152821183205,250,8,8,8,False,
ucf101,val,v_Typing_g01_c06,data/UCF101_data/UCF-101/Typing/v_Typing_g01_c06.avi,94,8,10,1,94,True,True,0.9725674390792847,0.05047974269837141,0.0037169941642787308,1.97610975895077,144,8,8,8,False,
ucf101,val,v_Typing_g06_c04,data/UCF101_data/UCF-101/Typing/v_Typing_g06_c04.avi,94,8,10,1,94,True,True,0.9851661324501038,0.03916763933375478,0.0037169941642787308,1.9230869263410568,123,8,8,8,False,
ucf101,val,v_Typing_g04_c04,data/UCF101_data/UCF-101/Typing/v_Typing_g04_c04.avi,94,8,10,1,94,True,True,0.9630913138389587,0.06116486433893442,0.0037169941642787308,1.8814864228479564,250,8,8,8,False,
ucf101,val,v_Typing_g01_c05,data/UCF101_data/UCF-101/Typing/v_Typing_g01_c05.avi,94,8,10,1,94,True,True,0.9764142036437988,0.03002322930842638,0.0037169941642787308,1.817783665843308,124,8,8,8,False,
ucf101,val,v_Typing_g06_c01,data/UCF101_data/UCF-101/Typing/v_Typing_g06_c01.avi,94,8,10,1,94,True,True,0.9860875010490417,0.056714124977588654,0.0037169941642787308,1.7846624650992453,141,8,8,8,False,
ucf101,val,v_Typing_g03_c04,data/UCF101_data/UCF-101/Typing/v_Typing_g03_c04.avi,94,8,10,1,94,True,True,0.9847179055213928,0.022356721106916666,0.0037169941642787308,1.7251337552443147,250,8,8,8,False,
ucf101,val,v_Typing_g03_c05,data/UCF101_data/UCF-101/Typing/v_Typing_g03_c05.avi,94,8,10,1,94,True,True,0.9856066107749939,0.053449814673513174,0.0037169941642787308,1.7012294540181756,248,8,8,8,False,
ucf101,val,v_Typing_g05_c06,data/UCF101_data/UCF-101/Typing/v_Typing_g05_c06.avi,94,8,10,1,94,True,True,0.9851821064949036,0.03824073588475585,0.0037169941642787308,1.6446578968316317,250,8,8,8,False,
ucf101,val,v_Typing_g05_c02,data/UCF101_data/UCF-101/Typing/v_Typing_g05_c02.avi,94,8,10,1,94,True,True,0.9841426014900208,0.05333181004971266,0.0037169941642787308,1.603410306852311,250,8,8,8,False,
ucf101,val,v_Typing_g07_c06,data/UCF101_data/UCF-101/Typing/v_Typing_g07_c06.avi,94,8,10,1,94,True,True,0.9772394895553589,0.026926094200462103,0.0037169941642787308,1.5472963559441268,110,8,8,8,False,
ucf101,val,v_Typing_g05_c05,data/UCF101_data/UCF-101/Typing/v_Typing_g05_c05.avi,94,8,10,1,94,True,True,0.9860966801643372,0.05446740332990885,0.0037169941642787308,1.5187028557993472,250,8,8,8,False,
ucf101,val,v_Typing_g07_c05,data/UCF101_data/UCF-101/Typing/v_Typing_g07_c05.avi,94,8,10,1,94,True,True,0.9752378463745117,0.017548209987580776,0.0037169941642787308,1.4611411630176008,129,8,8,8,False,
ucf101,val,v_UnevenBars_g04_c01,data/UCF101_data/UCF-101/UnevenBars/v_UnevenBars_g04_c01.avi,95,8,10,1,95,True,True,0.672645092010498,0.09812111407518387,0.0037169941642787308,1.4417025167495012,142,8,8,8,False,
ucf101,val,v_UnevenBars_g04_c04,data/UCF101_data/UCF-101/UnevenBars/v_UnevenBars_g04_c04.avi,95,8,10,1,95,True,True,0.5956591963768005,0.048383272252976894,0.0037169941642787308,1.3405375219881535,145,8,8,8,False,
ucf101,val,v_UnevenBars_g01_c02,data/UCF101_data/UCF-101/UnevenBars/v_UnevenBars_g01_c02.avi,95,8,10,1,85,False,True,0.67689049243927,0.05147795798256993,0.0037169941642787308,1.2892865920439363,160,8,8,8,False,
ucf101,val,v_UnevenBars_g06_c01,data/UCF101_data/UCF-101/UnevenBars/v_UnevenBars_g06_c01.avi,95,8,10,1,56,False,True,0.8400881886482239,0.02457922324538231,0.0037169941642787308,1.2345983157865703,98,8,8,8,False,
ucf101,val,v_UnevenBars_g07_c04,data/UCF101_data/UCF-101/UnevenBars/v_UnevenBars_g07_c04.avi,95,8,10,1,95,True,True,0.4300369918346405,0.03232540609315038,0.0037169941642787308,1.208397694863379,123,8,8,8,False,
ucf101,val,v_UnevenBars_g03_c04,data/UCF101_data/UCF-101/UnevenBars/v_UnevenBars_g03_c04.avi,95,8,10,1,56,False,True,0.5222707390785217,0.06293187104165554,0.0037169941642787308,1.174315394833684,246,8,8,8,False,
ucf101,val,v_UnevenBars_g03_c01,data/UCF101_data/UCF-101/UnevenBars/v_UnevenBars_g03_c01.avi,95,8,10,1,74,False,True,0.2669346332550049,0.03173250099644065,0.0037169941642787308,1.1085551786236465,129,8,8,8,False,
ucf101,val,v_UnevenBars_g01_c01,data/UCF101_data/UCF-101/UnevenBars/v_UnevenBars_g01_c01.avi,95,8,10,1,95,True,True,0.8396970629692078,0.0545730940066278,0.0037169941642787308,1.0741991689428687,161,8,8,8,False,
ucf101,val,v_UnevenBars_g06_c03,data/UCF101_data/UCF-101/UnevenBars/v_UnevenBars_g06_c03.avi,95,8,10,1,56,False,True,0.7397996783256531,0.023698850069195032,0.0037169941642787308,1.0177949210628867,79,8,8,8,False,
ucf101,val,v_UnevenBars_g01_c03,data/UCF101_data/UCF-101/UnevenBars/v_UnevenBars_g01_c03.avi,95,8,10,1,95,True,True,0.8161575794219971,0.07439217902719975,0.0037169941642787308,0.9927561488002539,153,8,8,8,False,
ucf101,val,v_UnevenBars_g05_c04,data/UCF101_data/UCF-101/UnevenBars/v_UnevenBars_g05_c04.avi,95,8,10,1,67,False,True,0.34608927369117737,0.021770486142486334,0.0037169941642787308,0.9154730457812548,107,8,8,8,False,
ucf101,val,v_UnevenBars_g02_c04,data/UCF101_data/UCF-101/UnevenBars/v_UnevenBars_g02_c04.avi,95,8,10,1,95,True,True,0.939235508441925,0.04270831821486354,0.0037169941642787308,0.8919621272943914,196,8,8,8,False,
ucf101,val,v_UnevenBars_g01_c04,data/UCF101_data/UCF-101/UnevenBars/v_UnevenBars_g01_c04.avi,95,8,10,1,95,True,True,0.816023588180542,0.05312518589198589,0.0037169941642787308,0.8467442579567432,144,8,8,8,False,
ucf101,val,v_UnevenBars_g06_c04,data/UCF101_data/UCF-101/UnevenBars/v_UnevenBars_g06_c04.avi,95,8,10,1,95,True,True,0.43373364210128784,0.026856598909944296,0.0037169941642787308,0.7910498520359397,119,8,8,8,False,
ucf101,val,v_UnevenBars_g03_c02,data/UCF101_data/UCF-101/UnevenBars/v_UnevenBars_g03_c02.avi,95,8,10,1,60,False,True,0.1681699901819229,0.059154901187866926,0.0037169941642787308,0.7619680929929018,142,8,8,8,False,
ucf101,val,v_UnevenBars_g05_c02,data/UCF101_data/UCF-101/UnevenBars/v_UnevenBars_g05_c02.avi,95,8,10,1,56,False,True,0.49424099922180176,0.05061255628243089,0.0037169941642787308,0.7000417630188167,178,8,8,8,False,
ucf101,val,v_UnevenBars_g02_c02,data/UCF101_data/UCF-101/UnevenBars/v_UnevenBars_g02_c02.avi,95,8,10,1,95,True,True,0.8101621270179749,0.062461845111101866,0.0037169941642787308,0.647072359919548,194,8,8,8,False,
ucf101,val,v_UnevenBars_g05_c03,data/UCF101_data/UCF-101/UnevenBars/v_UnevenBars_g05_c03.avi,95,8,10,1,95,True,True,0.9071214199066162,0.05371932592242956,0.0037169941642787308,0.5816489695571363,166,8,8,8,False,
ucf101,val,v_UnevenBars_g07_c01,data/UCF101_data/UCF-101/UnevenBars/v_UnevenBars_g07_c01.avi,95,8,10,1,56,False,True,0.6315825581550598,0.031139496248215437,0.0037169941642787308,0.5250866813585162,150,8,8,8,False,
ucf101,val,v_UnevenBars_g04_c03,data/UCF101_data/UCF-101/UnevenBars/v_UnevenBars_g04_c03.avi,95,8,10,1,95,True,True,0.9157091975212097,0.020402835216373205,0.0037169941642787308,0.4914731699973345,120,8,8,8,False,
ucf101,val,v_VolleyballSpiking_g07_c07,data/UCF101_data/UCF-101/VolleyballSpiking/v_VolleyballSpiking_g07_c07.avi,96,8,10,1,96,True,True,0.5624353885650635,0.054980633314698935,0.004014566336991265,1.8003579606302083,79,8,8,8,False,
ucf101,val,v_VolleyballSpiking_g05_c03,data/UCF101_data/UCF-101/VolleyballSpiking/v_VolleyballSpiking_g05_c03.avi,96,8,10,1,96,True,True,0.5154722929000854,0.03127559507265687,0.004014566336991265,1.7418768457137048,59,6,8,8,False,
ucf101,val,v_VolleyballSpiking_g03_c04,data/UCF101_data/UCF-101/VolleyballSpiking/v_VolleyballSpiking_g03_c04.avi,96,8,10,1,96,True,True,0.8710502982139587,0.053336172830313444,0.004014566336991265,1.7076670727692544,95,8,8,8,False,
ucf101,val,v_VolleyballSpiking_g07_c02,data/UCF101_data/UCF-101/VolleyballSpiking/v_VolleyballSpiking_g07_c02.avi,96,8,10,1,25,False,True,0.32713082432746887,0.030341990292072296,0.004014566336991265,1.650845545809716,87,8,8,8,False,
ucf101,val,v_VolleyballSpiking_g05_c04,data/UCF101_data/UCF-101/VolleyballSpiking/v_VolleyballSpiking_g05_c04.avi,96,8,10,1,96,True,True,0.3857414424419403,0.021601407323032618,0.004014566336991265,1.6183073669672012,63,6,8,8,False,
ucf101,val,v_VolleyballSpiking_g04_c04,data/UCF101_data/UCF-101/VolleyballSpiking/v_VolleyballSpiking_g04_c04.avi,96,8,10,1,96,True,True,0.7377685904502869,0.02789725409820676,0.004014566336991265,1.5940983248874545,111,8,8,8,False,
ucf101,val,v_VolleyballSpiking_g05_c02,data/UCF101_data/UCF-101/VolleyballSpiking/v_VolleyballSpiking_g05_c02.avi,96,8,10,1,8,False,True,0.637277364730835,0.021273494232445955,0.004014566336991265,1.56280826497823,66,7,8,8,False,
ucf101,val,v_VolleyballSpiking_g02_c02,data/UCF101_data/UCF-101/VolleyballSpiking/v_VolleyballSpiking_g02_c02.avi,96,8,10,1,96,True,True,0.9781975150108337,0.028249709866940975,0.004014566336991265,1.5397230400703847,122,8,8,8,False,
ucf101,val,v_VolleyballSpiking_g06_c02,data/UCF101_data/UCF-101/VolleyballSpiking/v_VolleyballSpiking_g06_c02.avi,96,8,10,1,96,True,True,0.8932388424873352,0.027808051090687513,0.004014566336991265,1.5086866253986955,106,8,8,8,False,
ucf101,val,v_VolleyballSpiking_g02_c01,data/UCF101_data/UCF-101/VolleyballSpiking/v_VolleyballSpiking_g02_c01.avi,96,8,10,1,96,True,True,0.319503515958786,0.029093749821186066,0.004014566336991265,1.479369921144098,84,8,8,8,False,
ucf101,val,v_VolleyballSpiking_g01_c03,data/UCF101_data/UCF-101/VolleyballSpiking/v_VolleyballSpiking_g01_c03.avi,96,8,10,1,96,True,True,0.9688923358917236,0.03804796189069748,0.004014566336991265,1.4474928029812872,154,8,8,8,False,
ucf101,val,v_VolleyballSpiking_g07_c03,data/UCF101_data/UCF-101/VolleyballSpiking/v_VolleyballSpiking_g07_c03.avi,96,8,10,1,56,False,False,0.521005392074585,0.02328383270651102,0.004014566336991265,1.405978670809418,89,8,8,8,False,
ucf101,val,v_VolleyballSpiking_g04_c03,data/UCF101_data/UCF-101/VolleyballSpiking/v_VolleyballSpiking_g04_c03.avi,96,8,10,1,8,False,True,0.6238005757331848,0.025182805955410004,0.004014566336991265,1.3799687079153955,76,8,8,8,False,
ucf101,val,v_VolleyballSpiking_g01_c02,data/UCF101_data/UCF-101/VolleyballSpiking/v_VolleyballSpiking_g01_c02.avi,96,8,10,1,96,True,True,0.9679989218711853,0.027112508192658424,0.004014566336991265,1.3530505821108818,210,8,8,8,False,
ucf101,val,v_VolleyballSpiking_g03_c02,data/UCF101_data/UCF-101/VolleyballSpiking/v_VolleyballSpiking_g03_c02.avi,96,8,10,1,96,True,True,0.666179358959198,0.029034136794507504,0.004014566336991265,1.323587628081441,65,6,8,8,False,
ucf101,val,v_VolleyballSpiking_g02_c03,data/UCF101_data/UCF-101/VolleyballSpiking/v_VolleyballSpiking_g02_c03.avi,96,8,10,1,96,True,True,0.7700796127319336,0.026927168015390635,0.004014566336991265,1.2908359300345182,112,8,8,8,False,
ucf101,val,v_VolleyballSpiking_g07_c06,data/UCF101_data/UCF-101/VolleyballSpiking/v_VolleyballSpiking_g07_c06.avi,96,8,10,1,96,True,True,0.3357624411582947,0.02098579378798604,0.004014566336991265,1.2621382540091872,67,7,8,8,False,
ucf101,val,v_VolleyballSpiking_g05_c01,data/UCF101_data/UCF-101/VolleyballSpiking/v_VolleyballSpiking_g05_c01.avi,96,8,10,1,74,False,True,0.5263569951057434,0.027468606363981962,0.004014566336991265,1.2390173166058958,104,8,8,8,False,
ucf101,val,v_VolleyballSpiking_g04_c07,data/UCF101_data/UCF-101/VolleyballSpiking/v_VolleyballSpiking_g04_c07.avi,96,8,10,1,96,True,True,0.8386752009391785,0.02060593804344535,0.004014566336991265,1.2100826101377606,129,8,8,8,False,
ucf101,val,v_VolleyballSpiking_g03_c03,data/UCF101_data/UCF-101/VolleyballSpiking/v_VolleyballSpiking_g03_c03.avi,96,8,10,1,96,True,True,0.9510915279388428,0.025515219196677208,0.004014566336991265,1.1880677002482116,123,8,8,8,False,
ucf101,val,v_WalkingWithDog_g04_c05,data/UCF101_data/UCF-101/WalkingWithDog/v_WalkingWithDog_g04_c05.avi,97,8,10,1,97,True,True,0.9626016020774841,0.09919761912897229,0.004014566336991265,1.159394830930978,240,8,8,8,False,
ucf101,val,v_WalkingWithDog_g07_c03,data/UCF101_data/UCF-101/WalkingWithDog/v_WalkingWithDog_g07_c03.avi,97,8,10,1,97,True,True,0.199991375207901,0.04833981301635504,0.004014566336991265,1.0579249686561525,233,8,8,8,False,
ucf101,val,v_WalkingWithDog_g06_c01,data/UCF101_data/UCF-101/WalkingWithDog/v_WalkingWithDog_g06_c01.avi,97,8,10,1,47,False,False,0.18547551333904266,0.03189587267115712,0.004014566336991265,1.0065100607462227,153,8,8,8,False,
ucf101,val,v_WalkingWithDog_g07_c01,data/UCF101_data/UCF-101/WalkingWithDog/v_WalkingWithDog_g07_c01.avi,97,8,10,1,97,True,True,0.5622865557670593,0.0232177278958261,0.004014566336991265,0.9724647211842239,94,8,8,8,False,
ucf101,val,v_WalkingWithDog_g04_c02,data/UCF101_data/UCF-101/WalkingWithDog/v_WalkingWithDog_g04_c02.avi,97,8,10,1,97,True,True,0.711378276348114,0.0805507730692625,0.004014566336991265,0.947710060980171,240,8,8,8,False,
ucf101,val,v_WalkingWithDog_g01_c02,data/UCF101_data/UCF-101/WalkingWithDog/v_WalkingWithDog_g01_c02.avi,97,8,10,1,97,True,True,0.9766877293586731,0.057791126891970634,0.004014566336991265,0.8637732840143144,240,8,8,8,False,
ucf101,val,v_WalkingWithDog_g05_c05,data/UCF101_data/UCF-101/WalkingWithDog/v_WalkingWithDog_g05_c05.avi,97,8,10,1,97,True,True,0.9742907285690308,0.03548681875690818,0.004014566336991265,0.8022289387881756,134,8,8,8,False,
ucf101,val,v_WalkingWithDog_g05_c01,data/UCF101_data/UCF-101/WalkingWithDog/v_WalkingWithDog_g05_c01.avi,97,8,10,1,97,True,True,0.9634872078895569,0.04586015921086073,0.004014566336991265,0.7645830577239394,240,8,8,8,False,
ucf101,val,v_WalkingWithDog_g02_c03,data/UCF101_data/UCF-101/WalkingWithDog/v_WalkingWithDog_g02_c03.avi,97,8,10,1,97,True,True,0.9638838768005371,0.049627711065113544,0.004014566336991265,0.7162218568846583,240,8,8,8,False,
ucf101,val,v_WalkingWithDog_g02_c06,data/UCF101_data/UCF-101/WalkingWithDog/v_WalkingWithDog_g02_c06.avi,97,8,10,1,97,True,True,0.93320232629776,0.057371349073946476,0.004014566336991265,0.6626376835629344,240,8,8,8,False,
ucf101,val,v_WalkingWithDog_g03_c02,data/UCF101_data/UCF-101/WalkingWithDog/v_WalkingWithDog_g03_c02.avi,97,8,10,1,97,True,True,0.26416856050491333,0.0513883251696825,0.004014566336991265,0.6021557152271271,240,8,8,8,False,
ucf101,val,v_WalkingWithDog_g06_c05,data/UCF101_data/UCF-101/WalkingWithDog/v_WalkingWithDog_g06_c05.avi,97,8,10,1,97,True,True,0.9761664271354675,0.06548955291509628,0.004014566336991265,0.5472176698967814,240,8,8,8,False,
ucf101,val,v_WalkingWithDog_g07_c05,data/UCF101_data/UCF-101/WalkingWithDog/v_WalkingWithDog_g07_c05.avi,97,8,10,1,97,True,True,0.3541638255119324,0.05372333712875843,0.003902289434336126,1.6843881220556796,240,8,8,8,False,
ucf101,val,v_WalkingWithDog_g06_c04,data/UCF101_data/UCF-101/WalkingWithDog/v_WalkingWithDog_g06_c04.avi,97,8,10,1,97,True,True,0.6878549456596375,0.056574249640107155,0.003902289434336126,1.6287537682801485,240,8,8,8,False,
ucf101,val,v_WalkingWithDog_g03_c01,data/UCF101_data/UCF-101/WalkingWithDog/v_WalkingWithDog_g03_c01.avi,97,8,10,1,97,True,True,0.4157715141773224,0.06051856325939298,0.003902289434336126,1.568506215699017,240,8,8,8,False,
ucf101,val,v_WalkingWithDog_g02_c05,data/UCF101_data/UCF-101/WalkingWithDog/v_WalkingWithDog_g02_c05.avi,97,8,10,1,97,True,True,0.859916090965271,0.054175726138055325,0.003902289434336126,1.5037860362790525,240,8,8,8,False,
ucf101,val,v_WalkingWithDog_g01_c04,data/UCF101_data/UCF-101/WalkingWithDog/v_WalkingWithDog_g01_c04.avi,97,8,10,1,97,True,True,0.9811137318611145,0.06227698503062129,0.003902289434336126,1.4467312218621373,180,8,8,8,False,
ucf101,val,v_WalkingWithDog_g07_c04,data/UCF101_data/UCF-101/WalkingWithDog/v_WalkingWithDog_g07_c04.avi,97,8,10,1,97,True,True,0.9516017436981201,0.014332207385450602,0.003902289434336126,1.3817701018415391,240,8,8,8,False,
ucf101,val,v_WalkingWithDog_g03_c04,data/UCF101_data/UCF-101/WalkingWithDog/v_WalkingWithDog_g03_c04.avi,97,8,10,1,97,True,True,0.9715405106544495,0.05515734991058707,0.003902289434336126,1.3661196436733007,240,8,8,8,False,
ucf101,val,v_WalkingWithDog_g03_c03,data/UCF101_data/UCF-101/WalkingWithDog/v_WalkingWithDog_g03_c03.avi,97,8,10,1,97,True,True,0.7079508304595947,0.035946458112448454,0.003902289434336126,1.3079574839212,215,8,8,8,False,
ucf101,val,v_WallPushups_g06_c07,data/UCF101_data/UCF-101/WallPushups/v_WallPushups_g06_c07.avi,98,8,10,1,98,True,True,0.5664346218109131,0.05351046100258827,0.003902289434336126,1.2690730411559343,163,8,8,8,False,
ucf101,val,v_WallPushups_g06_c03,data/UCF101_data/UCF-101/WallPushups/v_WallPushups_g06_c03.avi,98,8,10,1,98,True,True,0.8872279524803162,0.030972217209637165,0.003902289434336126,1.213518531061709,134,8,8,8,False,
ucf101,val,v_WallPushups_g05_c05,data/UCF101_data/UCF-101/WallPushups/v_WallPushups_g05_c05.avi,98,8,10,1,99,False,True,0.3790779411792755,0.025422727689146996,0.003902289434336126,1.1795184058137238,77,8,8,8,False,
ucf101,val,v_WallPushups_g03_c04,data/UCF101_data/UCF-101/WallPushups/v_WallPushups_g03_c04.avi,98,8,10,1,98,True,True,0.5011266469955444,0.04275452205911279,0.003902289434336126,1.1511516007594764,101,8,8,8,False,
ucf101,val,v_WallPushups_g04_c03,data/UCF101_data/UCF-101/WallPushups/v_WallPushups_g04_c03.avi,98,8,10,1,36,False,True,0.22585290670394897,0.029446424916386604,0.003902289434336126,1.1064417199231684,96,8,8,8,False,
ucf101,val,v_WallPushups_g06_c01,data/UCF101_data/UCF-101/WallPushups/v_WallPushups_g06_c01.avi,98,8,10,1,36,False,True,0.4228876233100891,0.025738358963280916,0.003902289434336126,1.0742674893699586,95,8,8,8,False,
ucf101,val,v_WallPushups_g07_c02,data/UCF101_data/UCF-101/WallPushups/v_WallPushups_g07_c02.avi,98,8,10,1,98,True,True,0.7983137369155884,0.02370663918554783,0.003902289434336126,1.0464746314100921,95,8,8,8,False,
ucf101,val,v_WallPushups_g07_c03,data/UCF101_data/UCF-101/WallPushups/v_WallPushups_g07_c03.avi,98,8,10,1,98,True,True,0.7248225808143616,0.023694095201790333,0.003902289434336126,1.02042630687356,95,8,8,8,False,
ucf101,val,v_WallPushups_g06_c04,data/UCF101_data/UCF-101/WallPushups/v_WallPushups_g06_c04.avi,98,8,10,1,98,True,True,0.8497010469436646,0.02322661690413952,0.003902289434336126,0.9945693830959499,123,8,8,8,False,
ucf101,val,v_WallPushups_g04_c04,data/UCF101_data/UCF-101/WallPushups/v_WallPushups_g04_c04.avi,98,8,10,1,98,True,True,0.33737605810165405,0.030976273119449615,0.003902289434336126,0.9683296009898186,152,8,8,8,False,
ucf101,val,v_WallPushups_g03_c01,data/UCF101_data/UCF-101/WallPushups/v_WallPushups_g03_c01.avi,98,8,10,1,98,True,True,0.3695366084575653,0.029544276650995016,0.003902289434336126,0.9343168810009956,114,8,8,8,False,
ucf101,val,v_WallPushups_g01_c03,data/UCF101_data/UCF-101/WallPushups/v_WallPushups_g01_c03.avi,98,8,10,1,98,True,True,0.7979101538658142,0.030081442091614008,0.003902289434336126,0.902320418972522,150,8,8,8,False,
ucf101,val,v_WallPushups_g04_c01,data/UCF101_data/UCF-101/WallPushups/v_WallPushups_g04_c01.avi,98,8,10,1,98,True,True,0.5427491664886475,0.03722925204783678,0.003902289434336126,0.8700580159202218,101,8,8,8,False,
ucf101,val,v_WallPushups_g06_c02,data/UCF101_data/UCF-101/WallPushups/v_WallPushups_g06_c02.avi,98,8,10,1,36,False,True,0.4785770773887634,0.011592506896704435,0.003902289434336126,0.8294911300763488,101,8,8,8,False,
ucf101,val,v_WallPushups_g07_c01,data/UCF101_data/UCF-101/WallPushups/v_WallPushups_g07_c01.avi,98,8,10,1,98,True,True,0.716038167476654,0.026282766833901405,0.003902289434336126,0.814517694991082,104,8,8,8,False,
ucf101,val,v_WallPushups_g05_c03,data/UCF101_data/UCF-101/WallPushups/v_WallPushups_g05_c03.avi,98,8,10,1,99,False,True,0.839427649974823,0.0308871460147202,0.003902289434336126,0.7865247852168977,84,8,8,8,False,
ucf101,val,v_WallPushups_g02_c02,data/UCF101_data/UCF-101/WallPushups/v_WallPushups_g02_c02.avi,98,8,10,1,98,True,True,0.5190085172653198,0.0228519169613719,0.003902289434336126,0.7526758182793856,65,6,8,8,False,
ucf101,val,v_WallPushups_g05_c01,data/UCF101_data/UCF-101/WallPushups/v_WallPushups_g05_c01.avi,98,8,10,1,99,False,True,0.8534860610961914,0.031403851229697466,0.003902289434336126,0.727413731161505,89,8,8,8,False,
ucf101,val,v_WallPushups_g03_c02,data/UCF101_data/UCF-101/WallPushups/v_WallPushups_g03_c02.avi,98,8,10,1,98,True,True,0.7521182894706726,0.021666363812983036,0.003902289434336126,0.6929416377097368,117,8,8,8,False,
ucf101,val,v_WallPushups_g03_c03,data/UCF101_data/UCF-101/WallPushups/v_WallPushups_g03_c03.avi,98,8,10,1,98,True,True,0.658023476600647,0.029454107861965895,0.003902289434336126,0.6699317619204521,108,8,8,8,False,
ucf101,val,v_WritingOnBoard_g01_c07,data/UCF101_data/UCF-101/WritingOnBoard/v_WritingOnBoard_g01_c07.avi,99,8,10,1,99,True,True,0.9791014194488525,0.07858942309394479,0.003902289434336126,0.6376730580814183,100,8,8,8,False,
ucf101,val,v_WritingOnBoard_g01_c06,data/UCF101_data/UCF-101/WritingOnBoard/v_WritingOnBoard_g01_c06.avi,99,8,10,1,99,True,True,0.977302074432373,0.020871493965387344,0.003902289434336126,0.5564400190487504,71,7,8,8,False,
ucf101,val,v_WritingOnBoard_g03_c07,data/UCF101_data/UCF-101/WritingOnBoard/v_WritingOnBoard_g03_c07.avi,99,8,10,1,99,True,True,0.966036856174469,0.026433128397911787,0.003902289434336126,0.5330181121826172,94,8,8,8,False,
ucf101,val,v_WritingOnBoard_g03_c05,data/UCF101_data/UCF-101/WritingOnBoard/v_WritingOnBoard_g03_c05.avi,99,8,10,1,99,True,True,0.9706062078475952,0.026690159924328327,0.003902289434336126,0.5038377977907658,160,8,8,8,False,
ucf101,val,v_WritingOnBoard_g03_c06,data/UCF101_data/UCF-101/WritingOnBoard/v_WritingOnBoard_g03_c06.avi,99,8,10,1,99,True,True,0.9795975089073181,0.027842946350574493,0.003970944380853325,2.1426227833144367,122,8,8,8,False,
ucf101,val,v_WritingOnBoard_g05_c04,data/UCF101_data/UCF-101/WritingOnBoard/v_WritingOnBoard_g05_c04.avi,99,8,10,1,99,True,True,0.9827882647514343,0.05481609795242548,0.003970944380853325,2.1099564898759127,148,8,8,8,False,
ucf101,val,v_WritingOnBoard_g07_c01,data/UCF101_data/UCF-101/WritingOnBoard/v_WritingOnBoard_g07_c01.avi,99,8,10,1,99,True,True,0.9764230847358704,0.04694741312414408,0.003970944380853325,2.0522606601007283,111,8,8,8,False,
ucf101,val,v_WritingOnBoard_g05_c03,data/UCF101_data/UCF-101/WritingOnBoard/v_WritingOnBoard_g05_c03.avi,99,8,10,1,99,True,True,0.9754315614700317,0.02683246787637472,0.003970944380853325,2.0021064509637654,112,8,8,8,False,
ucf101,val,v_WritingOnBoard_g02_c04,data/UCF101_data/UCF-101/WritingOnBoard/v_WritingOnBoard_g02_c04.avi,99,8,10,1,99,True,True,0.9587405920028687,0.05784026673063636,0.003970944380853325,1.9725128491409123,191,8,8,8,False,
ucf101,val,v_WritingOnBoard_g07_c02,data/UCF101_data/UCF-101/WritingOnBoard/v_WritingOnBoard_g07_c02.avi,99,8,10,1,99,True,True,0.971435546875,0.0234506968408823,0.003970944380853325,1.9120363420806825,163,8,8,8,False,
ucf101,val,v_WritingOnBoard_g04_c02,data/UCF101_data/UCF-101/WritingOnBoard/v_WritingOnBoard_g04_c02.avi,99,8,10,1,99,True,True,0.9793161749839783,0.03555686492472887,0.003970944380853325,1.8848386998288333,143,8,8,8,False,
ucf101,val,v_WritingOnBoard_g06_c05,data/UCF101_data/UCF-101/WritingOnBoard/v_WritingOnBoard_g06_c05.avi,99,8,10,1,99,True,True,0.9713262915611267,0.03444194886833429,0.003970944380853325,1.8467074339278042,189,8,8,8,False,
ucf101,val,v_WritingOnBoard_g01_c03,data/UCF101_data/UCF-101/WritingOnBoard/v_WritingOnBoard_g01_c03.avi,99,8,10,1,99,True,True,0.9784975051879883,0.024251441936939955,0.003970944380853325,1.8097604499198496,61,6,8,8,False,
ucf101,val,v_WritingOnBoard_g06_c04,data/UCF101_data/UCF-101/WritingOnBoard/v_WritingOnBoard_g06_c04.avi,99,8,10,1,99,True,True,0.9686149954795837,0.032591522205621004,0.003970944380853325,1.7835201723501086,211,8,8,8,False,
ucf101,val,v_WritingOnBoard_g07_c03,data/UCF101_data/UCF-101/WritingOnBoard/v_WritingOnBoard_g07_c03.avi,99,8,10,1,99,True,True,0.9748008847236633,0.03174095181748271,0.003970944380853325,1.7475967090576887,182,8,8,8,False,
ucf101,val,v_WritingOnBoard_g02_c07,data/UCF101_data/UCF-101/WritingOnBoard/v_WritingOnBoard_g02_c07.avi,99,8,10,1,99,True,True,0.9890374541282654,0.0408791690133512,0.003970944380853325,1.7129365988075733,200,8,8,8,False,
ucf101,val,v_WritingOnBoard_g02_c02,data/UCF101_data/UCF-101/WritingOnBoard/v_WritingOnBoard_g02_c02.avi,99,8,10,1,99,True,True,0.977060854434967,0.04563172301277518,0.003970944380853325,1.6682169889099896,216,8,8,8,False,
ucf101,val,v_WritingOnBoard_g07_c05,data/UCF101_data/UCF-101/WritingOnBoard/v_WritingOnBoard_g07_c05.avi,99,8,10,1,99,True,True,0.9620673656463623,0.023779849987477064,0.003970944380853325,1.6196284308098257,150,8,8,8,False,
ucf101,val,v_WritingOnBoard_g05_c01,data/UCF101_data/UCF-101/WritingOnBoard/v_WritingOnBoard_g05_c01.avi,99,8,10,1,99,True,True,0.981762170791626,0.05923537211492658,0.003970944380853325,1.5922815399244428,180,8,8,8,False,
ucf101,val,v_WritingOnBoard_g01_c02,data/UCF101_data/UCF-101/WritingOnBoard/v_WritingOnBoard_g01_c02.avi,99,8,10,1,99,True,True,0.9838578104972839,0.029113177210092545,0.003970944380853325,1.5297347288578749,117,8,8,8,False,
ucf101,val,v_YoYo_g01_c05,data/UCF101_data/UCF-101/YoYo/v_YoYo_g01_c05.avi,100,8,10,1,100,True,True,0.7778515815734863,0.10379944136366248,0.003970944380853325,1.4973798007704318,178,8,8,8,False,
ucf101,val,v_YoYo_g05_c03,data/UCF101_data/UCF-101/YoYo/v_YoYo_g05_c03.avi,100,8,10,1,100,True,True,0.4339256286621094,0.06914376374334097,0.003970944380853325,1.3898385087959468,184,8,8,8,False,
ucf101,val,v_YoYo_g05_c01,data/UCF101_data/UCF-101/YoYo/v_YoYo_g05_c01.avi,100,8,10,1,2,False,False,0.6127801537513733,0.05528466496616602,0.003970944380853325,1.3168723569251597,192,8,8,8,False,
ucf101,val,v_YoYo_g07_c01,data/UCF101_data/UCF-101/YoYo/v_YoYo_g07_c01.avi,100,8,10,1,89,False,True,0.19061900675296783,0.05800022464245558,0.003970944380853325,1.2587720449082553,186,8,8,8,False,
ucf101,val,v_YoYo_g02_c04,data/UCF101_data/UCF-101/YoYo/v_YoYo_g02_c04.avi,100,8,10,1,45,False,True,0.18446022272109985,0.029419819358736277,0.003970944380853325,1.1978834262117743,166,8,8,8,False,
ucf101,val,v_YoYo_g06_c03,data/UCF101_data/UCF-101/YoYo/v_YoYo_g06_c03.avi,100,8,10,1,100,True,True,0.4483258128166199,0.06530536990612745,0.003970944380853325,1.1650593392550945,187,8,8,8,False,
ucf101,val,v_YoYo_g01_c01,data/UCF101_data/UCF-101/YoYo/v_YoYo_g01_c01.avi,100,8,10,1,100,True,True,0.4748165011405945,0.09511896781623363,0.003970944380853325,1.0963185410946608,187,8,8,8,False,
ucf101,val,v_YoYo_g07_c04,data/UCF101_data/UCF-101/YoYo/v_YoYo_g07_c04.avi,100,8,10,1,89,False,True,0.43604719638824463,0.0757688507437706,0.003970944380853325,0.9987484239973128,200,8,8,8,False,
ucf101,val,v_YoYo_g05_c05,data/UCF101_data/UCF-101/YoYo/v_YoYo_g05_c05.avi,100,8,10,1,2,False,True,0.27812108397483826,0.02788357762619853,0.003970944380853325,0.9189515328034759,180,8,8,8,False,
ucf101,val,v_YoYo_g04_c02,data/UCF101_data/UCF-101/YoYo/v_YoYo_g04_c02.avi,100,8,10,1,100,True,True,0.6605652570724487,0.04923561913892627,0.003970944380853325,0.887530799023807,192,8,8,8,False,
ucf101,val,v_YoYo_g04_c04,data/UCF101_data/UCF-101/YoYo/v_YoYo_g04_c04.avi,100,8,10,1,100,True,True,0.38519659638404846,0.03005404118448496,0.003970944380853325,0.8349792989902198,178,8,8,8,False,
ucf101,val,v_YoYo_g03_c03,data/UCF101_data/UCF-101/YoYo/v_YoYo_g03_c03.avi,100,8,10,1,2,False,True,0.2116432636976242,0.04812980582937598,0.003970944380853325,0.8015520898625255,199,8,8,8,False,
ucf101,val,v_YoYo_g01_c02,data/UCF101_data/UCF-101/YoYo/v_YoYo_g01_c02.avi,100,8,10,1,100,True,True,0.8359512686729431,0.08041223604232073,0.003970944380853325,0.7506646551191807,184,8,8,8,False,
ucf101,val,v_YoYo_g06_c01,data/UCF101_data/UCF-101/YoYo/v_YoYo_g06_c01.avi,100,8,10,1,69,False,False,0.3561142683029175,0.06202993728220463,0.003970944380853325,0.6674957019276917,204,8,8,8,False,
ucf101,val,v_YoYo_g01_c03,data/UCF101_data/UCF-101/YoYo/v_YoYo_g01_c03.avi,100,8,10,1,100,True,True,0.8335543870925903,0.04410114977508783,0.003970944380853325,0.6019454197958112,165,8,8,8,False,
ucf101,val,v_YoYo_g02_c01,data/UCF101_data/UCF-101/YoYo/v_YoYo_g02_c01.avi,100,8,10,1,45,False,True,0.16476240754127502,0.06299642892554402,0.003970944380853325,0.5552705288864672,188,8,8,8,False,
ucf101,val,v_YoYo_g02_c05,data/UCF101_data/UCF-101/YoYo/v_YoYo_g02_c05.avi,100,8,10,1,45,False,True,0.3718174397945404,0.029398346785455942,0.01287826569750905,0.17997801443561912,172,8,8,8,False,
ucf101,val,v_YoYo_g05_c04,data/UCF101_data/UCF-101/YoYo/v_YoYo_g05_c04.avi,100,8,10,1,2,False,True,0.4868544936180115,0.025117198936641216,0.01287826569750905,0.14807873405516148,175,8,8,8,False,
ucf101,val,v_YoYo_g03_c01,data/UCF101_data/UCF-101/YoYo/v_YoYo_g03_c01.avi,100,8,10,1,45,False,True,0.8542613387107849,0.03155275294557214,0.01287826569750905,0.12019648682326078,195,8,8,8,False,
ucf101,val,v_YoYo_g07_c02,data/UCF101_data/UCF-101/YoYo/v_YoYo_g07_c02.avi,100,8,10,1,45,False,True,0.433057963848114,0.012357382103800774,0.01287826569750905,0.08561844937503338,177,8,8,8,False,
