dataset,split,video_id,video_path,label_id,budget,coverage,stride,pred_id,correct_top1,correct_top5,confidence,decode_time_s,inference_time_s,total_time_s,source_frames,candidate_frames,processed_frames,model_input_frames,skipped,error
ucf101,val,v_ApplyEyeMakeup_g07_c04,data/UCF101_data/UCF-101/ApplyEyeMakeup/v_ApplyEyeMakeup_g07_c04.avi,0,8,75,16,0,True,True,0.9701769948005676,0.034553725738078356,0.003915830529876985,1.6179567212238908,142,7,8,8,False,
ucf101,val,v_ApplyEyeMakeup_g02_c02,data/UCF101_data/UCF-101/ApplyEyeMakeup/v_ApplyEyeMakeup_g02_c02.avi,0,8,75,16,0,True,True,0.9334703683853149,0.029990885872393847,0.003915830529876985,1.5804171389900148,146,7,8,8,False,
ucf101,val,v_ApplyEyeMakeup_g01_c02,data/UCF101_data/UCF-101/ApplyEyeMakeup/v_ApplyEyeMakeup_g01_c02.avi,0,8,75,16,1,False,True,0.6198920011520386,0.027751618064939976,0.003915830529876985,1.5470311790704727,123,6,8,8,False,
ucf101,val,v_ApplyEyeMakeup_g04_c02,data/UCF101_data/UCF-101/ApplyEyeMakeup/v_ApplyEyeMakeup_g04_c02.avi,0,8,75,16,0,True,True,0.8408453464508057,0.029797015711665154,0.003915830529876985,1.5159459300339222,132,7,8,8,False,
ucf101,val,v_ApplyEyeMakeup_g03_c06,data/UCF101_data/UCF-101/ApplyEyeMakeup/v_ApplyEyeMakeup_g03_c06.avi,0,8,75,16,1,False,True,0.7961360216140747,0.03398188389837742,0.003915830529876985,1.483211638405919,152,8,8,8,False,
ucf101,val,v_ApplyEyeMakeup_g03_c05,data/UCF101_data/UCF-101/ApplyEyeMakeup/v_ApplyEyeMakeup_g03_c05.avi,0,8,75,16,1,False,True,0.5697520971298218,0.03120372537523508,0.003915830529876985,1.4470066637732089,146,7,8,8,False,
ucf101,val,v_ApplyEyeMakeup_g02_c03,data/UCF101_data/UCF-101/ApplyEyeMakeup/v_ApplyEyeMakeup_g02_c03.avi,0,8,75,16,0,True,True,0.9806227684020996,0.04645602684468031,0.003915830529876985,1.4131916970945895,216,8,8,8,False,
ucf101,val,v_ApplyEyeMakeup_g02_c01,data/UCF101_data/UCF-101/ApplyEyeMakeup/v_ApplyEyeMakeup_g02_c01.avi,0,8,75,16,0,True,True,0.9359278678894043,0.031854532193392515,0.003915830529876985,1.3643351518549025,170,8,8,8,False,
ucf101,val,v_ApplyEyeMakeup_g06_c05,data/UCF101_data/UCF-101/ApplyEyeMakeup/v_ApplyEyeMakeup_g06_c05.avi,0,8,75,16,0,True,True,0.8985258936882019,0.058137299958616495,0.003915830529876985,1.3299947818741202,281,8,8,8,False,
ucf101,val,v_ApplyEyeMakeup_g01_c06,data/UCF101_data/UCF-101/ApplyEyeMakeup/v_ApplyEyeMakeup_g01_c06.avi,0,8,75,16,1,False,True,0.9419193863868713,0.025977698154747486,0.003915830529876985,1.2685757610015571,122,6,8,8,False,
ucf101,val,v_ApplyEyeMakeup_g05_c05,data/UCF101_data/UCF-101/ApplyEyeMakeup/v_ApplyEyeMakeup_g05_c05.avi,0,8,75,16,0,True,True,0.8844184279441833,0.043381096329540014,0.003915830529876985,1.2398317498154938,227,8,8,8,False,
ucf101,val,v_ApplyEyeMakeup_g01_c03,data/UCF101_data/UCF-101/ApplyEyeMakeup/v_ApplyEyeMakeup_g01_c03.avi,0,8,75,16,1,False,True,0.8832336664199829,0.05182034894824028,0.003915830529876985,1.1932691778056324,259,8,8,8,False,
ucf101,val,v_ApplyEyeMakeup_g07_c05,data/UCF101_data/UCF-101/ApplyEyeMakeup/v_ApplyEyeMakeup_g07_c05.avi,0,8,75,16,0,True,True,0.7734337449073792,0.021439678966999054,0.003915830529876985,1.1380698517896235,98,5,8,8,False,
ucf101,val,v_ApplyEyeMakeup_g06_c03,data/UCF101_data/UCF-101/ApplyEyeMakeup/v_ApplyEyeMakeup_g06_c03.avi,0,8,75,16,1,False,True,0.694977343082428,0.052071638870984316,0.003915830529876985,1.1136342510581017,245,8,8,8,False,
ucf101,val,v_ApplyEyeMakeup_g06_c07,data/UCF101_data/UCF-101/ApplyEyeMakeup/v_ApplyEyeMakeup_g06_c07.avi,0,8,75,16,1,False,True,0.8232372999191284,0.03324245195835829,0.003915830529876985,1.0588065427727997,167,8,8,8,False,
ucf101,val,v_ApplyEyeMakeup_g07_c06,data/UCF101_data/UCF-101/ApplyEyeMakeup/v_ApplyEyeMakeup_g07_c06.avi,0,8,75,16,0,True,True,0.9590195417404175,0.03291037119925022,0.003915830529876985,1.0219962489791214,162,8,8,8,False,
ucf101,val,v_ApplyEyeMakeup_g04_c01,data/UCF101_data/UCF-101/ApplyEyeMakeup/v_ApplyEyeMakeup_g04_c01.avi,0,8,75,16,0,True,True,0.9126766324043274,0.025922857224941254,0.003915830529876985,0.9863379481248558,126,6,8,8,False,
ucf101,val,v_ApplyEyeMakeup_g04_c04,data/UCF101_data/UCF-101/ApplyEyeMakeup/v_ApplyEyeMakeup_g04_c04.avi,0,8,75,16,0,True,True,0.7372948527336121,0.03637558501213789,0.003915830529876985,0.9575277180410922,181,8,8,8,False,
ucf101,val,v_ApplyEyeMakeup_g01_c01,data/UCF101_data/UCF-101/ApplyEyeMakeup/v_ApplyEyeMakeup_g01_c01.avi,0,8,75,16,1,False,True,0.8231869339942932,0.03360613714903593,0.003915830529876985,0.918598469812423,164,8,8,8,False,
ucf101,val,v_ApplyEyeMakeup_g07_c07,data/UCF101_data/UCF-101/ApplyEyeMakeup/v_ApplyEyeMakeup_g07_c07.avi,0,8,75,16,0,True,True,0.949234127998352,0.026760414242744446,0.003915830529876985,0.88247677590698,114,6,8,8,False,
ucf101,val,v_ApplyLipstick_g03_c04,data/UCF101_data/UCF-101/ApplyLipstick/v_ApplyLipstick_g03_c04.avi,1,8,75,16,19,False,True,0.42874807119369507,0.029254606924951077,0.003915830529876985,0.8527054479345679,142,7,8,8,False,
ucf101,val,v_ApplyLipstick_g05_c05,data/UCF101_data/UCF-101/ApplyLipstick/v_ApplyLipstick_g05_c05.avi,1,8,75,16,0,False,True,0.5994561314582825,0.033651646226644516,0.003915830529876985,0.821098760701716,156,8,8,8,False,
ucf101,val,v_ApplyLipstick_g05_c03,data/UCF101_data/UCF-101/ApplyLipstick/v_ApplyLipstick_g05_c03.avi,1,8,75,16,1,True,True,0.373022198677063,0.024235423654317856,0.003915830529876985,0.7838837797753513,113,6,8,8,False,
ucf101,val,v_ApplyLipstick_g07_c03,data/UCF101_data/UCF-101/ApplyLipstick/v_ApplyLipstick_g07_c03.avi,1,8,75,16,1,True,True,0.9209863543510437,0.04299540678039193,0.003915830529876985,0.7576262392103672,226,8,8,8,False,
ucf101,val,v_ApplyLipstick_g04_c05,data/UCF101_data/UCF-101/ApplyLipstick/v_ApplyLipstick_g04_c05.avi,1,8,75,16,1,True,True,0.8292580842971802,0.03440598305314779,0.003915830529876985,0.7122620567679405,169,8,8,8,False,
ucf101,val,v_ApplyLipstick_g04_c01,data/UCF101_data/UCF-101/ApplyLipstick/v_ApplyLipstick_g04_c01.avi,1,8,75,16,1,True,True,0.6293579936027527,0.021780503913760185,0.003915830529876985,0.6749246846884489,98,5,8,8,False,
ucf101,val,v_ApplyLipstick_g02_c03,data/UCF101_data/UCF-101/ApplyLipstick/v_ApplyLipstick_g02_c03.avi,1,8,75,16,1,True,True,0.6232419013977051,0.021328187081962824,0.003915830529876985,0.6498596677556634,98,5,8,8,False,
ucf101,val,v_ApplyLipstick_g04_c02,data/UCF101_data/UCF-101/ApplyLipstick/v_ApplyLipstick_g04_c02.avi,1,8,75,16,1,True,True,0.643726646900177,0.02915167761966586,0.003915830529876985,0.6257638456299901,144,7,8,8,False,
ucf101,val,v_ApplyLipstick_g05_c01,data/UCF101_data/UCF-101/ApplyLipstick/v_ApplyLipstick_g05_c01.avi,1,8,75,16,0,False,True,0.49812644720077515,0.035943265073001385,0.003915830529876985,0.5936689809896052,177,8,8,8,False,
ucf101,val,v_ApplyLipstick_g02_c04,data/UCF101_data/UCF-101/ApplyLipstick/v_ApplyLipstick_g02_c04.avi,1,8,75,16,1,True,True,0.6487352252006531,0.03571603633463383,0.003915830529876985,0.5555757977999747,185,8,8,8,False,
ucf101,val,v_ApplyLipstick_g01_c01,data/UCF101_data/UCF-101/ApplyLipstick/v_ApplyLipstick_g01_c01.avi,1,8,75,16,1,True,True,0.9313481450080872,0.011498757172375917,0.003915830529876985,0.5169364679604769,149,7,8,8,False,
ucf101,val,v_ApplyLipstick_g02_c01,data/UCF101_data/UCF-101/ApplyLipstick/v_ApplyLipstick_g02_c01.avi,1,8,75,16,1,True,True,0.5785422921180725,0.023656783159822226,0.003915830529876985,0.5044323829934001,127,6,8,8,False,
ucf101,val,v_ApplyLipstick_g06_c04,data/UCF101_data/UCF-101/ApplyLipstick/v_ApplyLipstick_g06_c04.avi,1,8,75,16,1,True,True,0.9498233199119568,0.09922371106222272,0.0037673945917049423,1.3741987757384777,523,8,8,8,False,
ucf101,val,v_ApplyLipstick_g03_c02,data/UCF101_data/UCF-101/ApplyLipstick/v_ApplyLipstick_g03_c02.avi,1,8,75,16,19,False,True,0.49724850058555603,0.026098466012626886,0.0037673945917049423,1.271732002031058,108,6,8,8,False,
ucf101,val,v_ApplyLipstick_g07_c01,data/UCF101_data/UCF-101/ApplyLipstick/v_ApplyLipstick_g07_c01.avi,1,8,75,16,1,True,True,0.857123076915741,0.04818334896117449,0.0037673945917049423,1.2427995558828115,270,8,8,8,False,
ucf101,val,v_ApplyLipstick_g01_c05,data/UCF101_data/UCF-101/ApplyLipstick/v_ApplyLipstick_g01_c05.avi,1,8,75,16,1,True,True,0.9442002177238464,0.03908560425043106,0.0037673945917049423,1.1921213380992413,213,8,8,8,False,
ucf101,val,v_ApplyLipstick_g02_c02,data/UCF101_data/UCF-101/ApplyLipstick/v_ApplyLipstick_g02_c02.avi,1,8,75,16,0,False,True,0.5404077172279358,0.024215601850301027,0.0037673945917049423,1.1497275098226964,118,6,8,8,False,
ucf101,val,v_ApplyLipstick_g07_c04,data/UCF101_data/UCF-101/ApplyLipstick/v_ApplyLipstick_g07_c04.avi,1,8,75,16,1,True,True,0.9300965666770935,0.031585332937538624,0.0037673945917049423,1.1221557459793985,163,8,8,8,False,
ucf101,val,v_ApplyLipstick_g07_c02,data/UCF101_data/UCF-101/ApplyLipstick/v_ApplyLipstick_g07_c02.avi,1,8,75,16,1,True,True,0.8679511547088623,0.024765559006482363,0.0037673945917049423,1.0873854630626738,125,6,8,8,False,
ucf101,val,v_ApplyLipstick_g01_c02,data/UCF101_data/UCF-101/ApplyLipstick/v_ApplyLipstick_g01_c02.avi,1,8,75,16,1,True,True,0.7468281984329224,0.031355497892946005,0.0037673945917049423,1.0600497121922672,160,8,8,8,False,
ucf101,val,v_Archery_g01_c06,data/UCF101_data/UCF-101/Archery/v_Archery_g01_c06.avi,2,8,75,16,2,True,True,0.8840786814689636,0.010761638171970844,0.0037673945917049423,1.0259670079685748,108,6,8,8,False,
ucf101,val,v_Archery_g05_c01,data/UCF101_data/UCF-101/Archery/v_Archery_g05_c01.avi,2,8,75,16,2,True,True,0.9692392945289612,0.08852162817493081,0.0037673945917049423,1.0141365178860724,455,8,8,8,False,
ucf101,val,v_Archery_g01_c07,data/UCF101_data/UCF-101/Archery/v_Archery_g01_c07.avi,2,8,75,16,2,True,True,0.7942379713058472,0.011837224941700697,0.0037673945917049423,0.9234130871482193,143,7,8,8,False,
ucf101,val,v_Archery_g04_c04,data/UCF101_data/UCF-101/Archery/v_Archery_g04_c04.avi,2,8,75,16,2,True,True,0.9041558504104614,0.010200008284300566,0.0037673945917049423,0.9105209927074611,135,7,8,8,False,
ucf101,val,v_Archery_g07_c03,data/UCF101_data/UCF-101/Archery/v_Archery_g07_c03.avi,2,8,75,16,2,True,True,0.9187806844711304,0.012494641356170177,0.0037673945917049423,0.8992403890006244,51,3,8,8,False,
ucf101,val,v_Archery_g03_c03,data/UCF101_data/UCF-101/Archery/v_Archery_g03_c03.avi,2,8,75,16,2,True,True,0.9528041481971741,0.02683063829317689,0.0037673945917049423,0.8839841592125595,125,6,8,8,False,
ucf101,val,v_Archery_g01_c03,data/UCF101_data/UCF-101/Archery/v_Archery_g01_c03.avi,2,8,75,16,2,True,True,0.8736639618873596,0.01187371788546443,0.0037673945917049423,0.8548264801502228,158,8,8,8,False,
ucf101,val,v_Archery_g06_c01,data/UCF101_data/UCF-101/Archery/v_Archery_g06_c01.avi,2,8,75,16,2,True,True,0.959679365158081,0.007560305763036013,0.0037673945917049423,0.8418216239660978,81,4,8,8,False,
ucf101,val,v_Archery_g02_c01,data/UCF101_data/UCF-101/Archery/v_Archery_g02_c01.avi,2,8,75,16,2,True,True,0.9443981647491455,0.011065198108553886,0.0037673945917049423,0.8332737567834556,158,8,8,8,False,
ucf101,val,v_Archery_g07_c05,data/UCF101_data/UCF-101/Archery/v_Archery_g07_c05.avi,2,8,75,16,2,True,True,0.9332064986228943,0.012549289967864752,0.0037673945917049423,0.8208612250164151,64,3,8,8,False,
ucf101,val,v_Archery_g06_c06,data/UCF101_data/UCF-101/Archery/v_Archery_g06_c06.avi,2,8,75,16,2,True,True,0.8963692784309387,0.011071601882576942,0.0037673945917049423,0.8051537731662393,132,7,8,8,False,
ucf101,val,v_Archery_g03_c04,data/UCF101_data/UCF-101/Archery/v_Archery_g03_c04.avi,2,8,75,16,2,True,True,0.9715182185173035,0.031677898950874805,0.0037673945917049423,0.7930817441083491,138,7,8,8,False,
ucf101,val,v_Archery_g02_c03,data/UCF101_data/UCF-101/Archery/v_Archery_g02_c03.avi,2,8,75,16,2,True,True,0.9383155703544617,0.011657731607556343,0.0037673945917049423,0.75859130686149,138,7,8,8,False,
ucf101,val,v_Archery_g05_c03,data/UCF101_data/UCF-101/Archery/v_Archery_g05_c03.avi,2,8,75,16,2,True,True,0.9732239246368408,0.08387280395254493,0.0037673945917049423,0.7458685329183936,488,8,8,8,False,
ucf101,val,v_Archery_g04_c02,data/UCF101_data/UCF-101/Archery/v_Archery_g04_c02.avi,2,8,75,16,2,True,True,0.7901443243026733,0.022322917822748423,0.0037673945917049423,0.6588632436469197,173,8,8,8,False,
ucf101,val,v_Archery_g04_c01,data/UCF101_data/UCF-101/Archery/v_Archery_g04_c01.avi,2,8,75,16,2,True,True,0.5879455804824829,0.010834760963916779,0.0037673945917049423,0.6347526712343097,165,8,8,8,False,
ucf101,val,v_Archery_g02_c05,data/UCF101_data/UCF-101/Archery/v_Archery_g02_c05.avi,2,8,75,16,2,True,True,0.9569373726844788,0.009435712825506926,0.0037673945917049423,0.6228065560571849,127,6,8,8,False,
ucf101,val,v_Archery_g03_c05,data/UCF101_data/UCF-101/Archery/v_Archery_g03_c05.avi,2,8,75,16,2,True,True,0.9503483772277832,0.02686946326866746,0.0037673945917049423,0.6124107162468135,124,6,8,8,False,
ucf101,val,v_Archery_g07_c04,data/UCF101_data/UCF-101/Archery/v_Archery_g07_c04.avi,2,8,75,16,2,True,True,0.8287952542304993,0.01444020215421915,0.0037673945917049423,0.5823754388839006,51,3,8,8,False,
ucf101,val,v_Archery_g06_c02,data/UCF101_data/UCF-101/Archery/v_Archery_g06_c02.avi,2,8,75,16,2,True,True,0.7201436758041382,0.010187410283833742,0.0037673945917049423,0.5650380230508745,116,6,8,8,False,
ucf101,val,v_BabyCrawling_g01_c03,data/UCF101_data/UCF-101/BabyCrawling/v_BabyCrawling_g01_c03.avi,3,8,75,16,3,True,True,0.9775465130805969,0.010960333980619907,0.0037673945917049423,0.5537100378423929,156,8,8,8,False,
ucf101,val,v_BabyCrawling_g04_c01,data/UCF101_data/UCF-101/BabyCrawling/v_BabyCrawling_g04_c01.avi,3,8,75,16,3,True,True,0.9841372966766357,0.024769717827439308,0.0037673945917049423,0.5418145740404725,127,6,8,8,False,
ucf101,val,v_BabyCrawling_g05_c01,data/UCF101_data/UCF-101/BabyCrawling/v_BabyCrawling_g05_c01.avi,3,8,75,16,3,True,True,0.9722644090652466,0.013390685897320509,0.0037673945917049423,0.5149066750891507,221,8,8,8,False,
ucf101,val,v_BabyCrawling_g02_c02,data/UCF101_data/UCF-101/BabyCrawling/v_BabyCrawling_g02_c02.avi,3,8,75,16,3,True,True,0.8742904663085938,0.022736232727766037,0.0037673945917049423,0.5004201880656183,112,6,8,8,False,
ucf101,val,v_BabyCrawling_g06_c05,data/UCF101_data/UCF-101/BabyCrawling/v_BabyCrawling_g06_c05.avi,3,8,75,16,3,True,True,0.9722051620483398,0.058820788748562336,0.003776344849029556,1.4375433810055256,258,8,8,8,False,
ucf101,val,v_BabyCrawling_g02_c04,data/UCF101_data/UCF-101/BabyCrawling/v_BabyCrawling_g02_c04.avi,3,8,75,16,3,True,True,0.9714512825012207,0.022762292064726353,0.003776344849029556,1.373603027779609,105,5,8,8,False,
ucf101,val,v_BabyCrawling_g07_c02,data/UCF101_data/UCF-101/BabyCrawling/v_BabyCrawling_g07_c02.avi,3,8,75,16,3,True,True,0.9738678932189941,0.027207610197365284,0.003776344849029556,1.3475845870561898,145,7,8,8,False,
ucf101,val,v_BabyCrawling_g01_c04,data/UCF101_data/UCF-101/BabyCrawling/v_BabyCrawling_g01_c04.avi,3,8,75,16,3,True,True,0.9707603454589844,0.013218998908996582,0.003776344849029556,1.318333557806909,219,8,8,8,False,
ucf101,val,v_BabyCrawling_g03_c03,data/UCF101_data/UCF-101/BabyCrawling/v_BabyCrawling_g03_c03.avi,3,8,75,16,3,True,True,0.9631596207618713,0.011952605098485947,0.003776344849029556,1.3039463837631047,198,8,8,8,False,
ucf101,val,v_BabyCrawling_g02_c05,data/UCF101_data/UCF-101/BabyCrawling/v_BabyCrawling_g02_c05.avi,3,8,75,16,71,False,True,0.4639965295791626,0.016033167950809002,0.003776344849029556,1.2909798161126673,84,4,8,8,False,
ucf101,val,v_BabyCrawling_g07_c05,data/UCF101_data/UCF-101/BabyCrawling/v_BabyCrawling_g07_c05.avi,3,8,75,16,3,True,True,0.9572473168373108,0.028521504253149033,0.003776344849029556,1.2716775736771524,141,7,8,8,False,
ucf101,val,v_BabyCrawling_g05_c03,data/UCF101_data/UCF-101/BabyCrawling/v_BabyCrawling_g05_c03.avi,3,8,75,16,3,True,True,0.9675018787384033,0.015417234040796757,0.003776344849029556,1.2406789003871381,271,8,8,8,False,
ucf101,val,v_BabyCrawling_g03_c02,data/UCF101_data/UCF-101/BabyCrawling/v_BabyCrawling_g03_c02.avi,3,8,75,16,3,True,True,0.9768552780151367,0.01149940025061369,0.003776344849029556,1.2240955266170204,181,8,8,8,False,
ucf101,val,v_BabyCrawling_g07_c03,data/UCF101_data/UCF-101/BabyCrawling/v_BabyCrawling_g07_c03.avi,3,8,75,16,3,True,True,0.9827624559402466,0.03238523378968239,0.003776344849029556,1.2116474760696292,171,8,8,8,False,
ucf101,val,v_BabyCrawling_g05_c05,data/UCF101_data/UCF-101/BabyCrawling/v_BabyCrawling_g05_c05.avi,3,8,75,16,3,True,True,0.9739857316017151,0.01133648119866848,0.003776344849029556,1.1756629371084273,159,8,8,8,False,
ucf101,val,v_BabyCrawling_g06_c01,data/UCF101_data/UCF-101/BabyCrawling/v_BabyCrawling_g06_c01.avi,3,8,75,16,3,True,True,0.8993363380432129,0.04436413571238518,0.003776344849029556,1.1630555302836,198,8,8,8,False,
ucf101,val,v_BabyCrawling_g02_c03,data/UCF101_data/UCF-101/BabyCrawling/v_BabyCrawling_g02_c03.avi,3,8,75,16,3,True,True,0.9783285856246948,0.02605131408199668,0.003776344849029556,1.1162714418023825,117,6,8,8,False,
ucf101,val,v_BabyCrawling_g06_c03,data/UCF101_data/UCF-101/BabyCrawling/v_BabyCrawling_g06_c03.avi,3,8,75,16,3,True,True,0.9675094485282898,0.04288849467411637,0.003776344849029556,1.0875753173604608,201,8,8,8,False,
ucf101,val,v_BabyCrawling_g07_c06,data/UCF101_data/UCF-101/BabyCrawling/v_BabyCrawling_g07_c06.avi,3,8,75,16,3,True,True,0.9828123450279236,0.04147395398467779,0.003776344849029556,1.042708549182862,210,8,8,8,False,
ucf101,val,v_BabyCrawling_g05_c04,data/UCF101_data/UCF-101/BabyCrawling/v_BabyCrawling_g05_c04.avi,3,8,75,16,3,True,True,0.9678269028663635,0.014019312802702188,0.003776344849029556,0.9976192289032042,230,8,8,8,False,
ucf101,val,v_BalanceBeam_g05_c02,data/UCF101_data/UCF-101/BalanceBeam/v_BalanceBeam_g05_c02.avi,4,8,75,16,4,True,True,0.944433867931366,0.026993175968527794,0.003776344849029556,0.9824529052712023,114,6,8,8,False,
ucf101,val,v_BalanceBeam_g06_c04,data/UCF101_data/UCF-101/BalanceBeam/v_BalanceBeam_g06_c04.avi,4,8,75,16,4,True,True,0.5498740673065186,0.02675267867743969,0.003776344849029556,0.9533523889258504,120,6,8,8,False,
ucf101,val,v_BalanceBeam_g02_c04,data/UCF101_data/UCF-101/BalanceBeam/v_BalanceBeam_g02_c04.avi,4,8,75,16,4,True,True,0.9114220142364502,0.03269184427335858,0.003776344849029556,0.9244784582406282,133,7,8,8,False,
ucf101,val,v_BalanceBeam_g02_c02,data/UCF101_data/UCF-101/BalanceBeam/v_BalanceBeam_g02_c02.avi,4,8,75,16,4,True,True,0.9317374229431152,0.022060330025851727,0.003776344849029556,0.8891189531423151,100,5,8,8,False,
ucf101,val,v_BalanceBeam_g04_c03,data/UCF101_data/UCF-101/BalanceBeam/v_BalanceBeam_g04_c03.avi,4,8,75,16,4,True,True,0.8661656379699707,0.03602042235434055,0.003776344849029556,0.8640789459459484,160,8,8,8,False,
ucf101,val,v_BalanceBeam_g04_c01,data/UCF101_data/UCF-101/BalanceBeam/v_BalanceBeam_g04_c01.avi,4,8,75,16,4,True,True,0.9506739377975464,0.0302840368822217,0.003776344849029556,0.8258711099624634,120,6,8,8,False,
ucf101,val,v_BalanceBeam_g03_c01,data/UCF101_data/UCF-101/BalanceBeam/v_BalanceBeam_g03_c01.avi,4,8,75,16,4,True,True,0.9364921450614929,0.0409581009298563,0.003776344849029556,0.7930350010283291,197,8,8,8,False,
ucf101,val,v_BalanceBeam_g06_c01,data/UCF101_data/UCF-101/BalanceBeam/v_BalanceBeam_g06_c01.avi,4,8,75,16,4,True,True,0.7635306119918823,0.02021985501050949,0.003776344849029556,0.7496015289798379,106,5,8,8,False,
ucf101,val,v_BalanceBeam_g06_c03,data/UCF101_data/UCF-101/BalanceBeam/v_BalanceBeam_g06_c03.avi,4,8,75,16,4,True,True,0.6562284827232361,0.02161364769563079,0.003776344849029556,0.7269851649180055,105,5,8,8,False,
ucf101,val,v_BalanceBeam_g07_c04,data/UCF101_data/UCF-101/BalanceBeam/v_BalanceBeam_g07_c04.avi,4,8,75,16,29,False,True,0.8462606072425842,0.024938850197941065,0.003776344849029556,0.7028795750811696,107,5,8,8,False,
ucf101,val,v_BalanceBeam_g07_c02,data/UCF101_data/UCF-101/BalanceBeam/v_BalanceBeam_g07_c02.avi,4,8,75,16,4,True,True,0.8333497047424316,0.025095125194638968,0.003776344849029556,0.674845171160996,110,6,8,8,False,
ucf101,val,v_BalanceBeam_g03_c03,data/UCF101_data/UCF-101/BalanceBeam/v_BalanceBeam_g03_c03.avi,4,8,75,16,4,True,True,0.858319878578186,0.023024251218885183,0.003776344849029556,0.6468586302362382,101,5,8,8,False,
ucf101,val,v_BalanceBeam_g01_c02,data/UCF101_data/UCF-101/BalanceBeam/v_BalanceBeam_g01_c02.avi,4,8,75,16,4,True,True,0.4818401634693146,0.02062414400279522,0.003776344849029556,0.6206204961054027,90,5,8,8,False,
ucf101,val,v_BalanceBeam_g07_c03,data/UCF101_data/UCF-101/BalanceBeam/v_BalanceBeam_g07_c03.avi,4,8,75,16,4,True,True,0.7974655628204346,0.04368634428828955,0.003776344849029556,0.597142658662051,202,8,8,8,False,
ucf101,val,v_BalanceBeam_g05_c03,data/UCF101_data/UCF-101/BalanceBeam/v_BalanceBeam_g05_c03.avi,4,8,75,16,4,True,True,0.934770405292511,0.029891550075262785,0.003776344849029556,0.5502858911640942,111,6,8,8,False,
ucf101,val,v_BalanceBeam_g05_c04,data/UCF101_data/UCF-101/BalanceBeam/v_BalanceBeam_g05_c04.avi,4,8,75,16,4,True,True,0.8751402497291565,0.03926427522674203,0.003776344849029556,0.5173031627200544,180,8,8,8,False,
ucf101,val,v_BalanceBeam_g02_c03,data/UCF101_data/UCF-101/BalanceBeam/v_BalanceBeam_g02_c03.avi,4,8,75,16,4,True,True,0.7154811024665833,0.023984099738299847,0.0037720102263847366,0.905950219836086,60,3,8,8,False,
ucf101,val,v_BalanceBeam_g02_c01,data/UCF101_data/UCF-101/BalanceBeam/v_BalanceBeam_g02_c01.avi,4,8,75,16,4,True,True,0.8977157473564148,0.019243524875491858,0.0037720102263847366,0.8802616549655795,82,4,8,8,False,
ucf101,val,v_BalanceBeam_g05_c01,data/UCF101_data/UCF-101/BalanceBeam/v_BalanceBeam_g05_c01.avi,4,8,75,16,4,True,True,0.9337652325630188,0.0232966560870409,0.0037720102263847366,0.8594901631586254,95,5,8,8,False,
ucf101,val,v_BalanceBeam_g01_c04,data/UCF101_data/UCF-101/BalanceBeam/v_BalanceBeam_g01_c04.avi,4,8,75,16,4,True,True,0.7542280554771423,0.02835538610816002,0.0037720102263847366,0.8337864791974425,111,6,8,8,False,
ucf101,val,v_BandMarching_g07_c01,data/UCF101_data/UCF-101/BandMarching/v_BandMarching_g07_c01.avi,5,8,75,16,5,True,True,0.975830614566803,0.02223530225455761,0.0037720102263847366,0.802894483320415,70,4,8,8,False,
ucf101,val,v_BandMarching_g03_c07,data/UCF101_data/UCF-101/BandMarching/v_BandMarching_g03_c07.avi,5,8,75,16,5,True,True,0.9703714847564697,0.01449056388810277,0.0037720102263847366,0.7781946109607816,249,8,8,8,False,
ucf101,val,v_BandMarching_g02_c07,data/UCF101_data/UCF-101/BandMarching/v_BandMarching_g02_c07.avi,5,8,75,16,5,True,True,0.9801387786865234,0.010138608980923891,0.0037720102263847366,0.762401316780597,145,7,8,8,False,
ucf101,val,v_BandMarching_g05_c07,data/UCF101_data/UCF-101/BandMarching/v_BandMarching_g05_c07.avi,5,8,75,16,5,True,True,0.979015588760376,0.006366639863699675,0.0037720102263847366,0.7511902339756489,62,3,8,8,False,
ucf101,val,v_BandMarching_g05_c01,data/UCF101_data/UCF-101/BandMarching/v_BandMarching_g05_c01.avi,5,8,75,16,5,True,True,0.9742801785469055,0.006247832905501127,0.0037720102263847366,0.7440908933058381,47,3,8,8,False,
ucf101,val,v_BandMarching_g05_c05,data/UCF101_data/UCF-101/BandMarching/v_BandMarching_g05_c05.avi,5,8,75,16,5,True,True,0.9724001288414001,0.007138845976442099,0.0037720102263847366,0.7370304130017757,65,4,8,8,False,
ucf101,val,v_BandMarching_g02_c03,data/UCF101_data/UCF-101/BandMarching/v_BandMarching_g02_c03.avi,5,8,75,16,5,True,True,0.9728705883026123,0.008651647251099348,0.0037720102263847366,0.7289254786446691,123,6,8,8,False,
ucf101,val,v_BandMarching_g03_c03,data/UCF101_data/UCF-101/BandMarching/v_BandMarching_g03_c03.avi,5,8,75,16,5,True,True,0.9735367894172668,0.014287905301898718,0.0037720102263847366,0.7193321818485856,284,8,8,8,False,
ucf101,val,v_BandMarching_g02_c02,data/UCF101_data/UCF-101/BandMarching/v_BandMarching_g02_c02.avi,5,8,75,16,5,True,True,0.9734855890274048,0.010860492009669542,0.0037720102263847366,0.7038526288233697,156,8,8,8,False,
ucf101,val,v_BandMarching_g03_c02,data/UCF101_data/UCF-101/BandMarching/v_BandMarching_g03_c02.avi,5,8,75,16,5,True,True,0.9754482507705688,0.01707519218325615,0.0037720102263847366,0.6919209351763129,335,8,8,8,False,
ucf101,val,v_BandMarching_g06_c04,data/UCF101_data/UCF-101/BandMarching/v_BandMarching_g06_c04.avi,5,8,75,16,5,True,True,0.964099645614624,0.00911865383386612,0.0037720102263847366,0.6734695108607411,118,6,8,8,False,
ucf101,val,v_BandMarching_g05_c03,data/UCF101_data/UCF-101/BandMarching/v_BandMarching_g05_c03.avi,5,8,75,16,5,True,True,0.9577979445457458,0.010412353090941906,0.0037720102263847366,0.6633531730622053,149,7,8,8,False,
ucf101,val,v_BandMarching_g05_c04,data/UCF101_data/UCF-101/BandMarching/v_BandMarching_g05_c04.avi,5,8,75,16,5,True,True,0.9665242433547974,0.0080415653064847,0.0037720102263847366,0.6518368870019913,89,5,8,8,False,
ucf101,val,v_BandMarching_g03_c05,data/UCF101_data/UCF-101/BandMarching/v_BandMarching_g03_c05.avi,5,8,75,16,5,True,True,0.9807291626930237,0.014095318969339132,0.0037720102263847366,0.642919909209013,270,8,8,8,False,
ucf101,val,v_BandMarching_g02_c06,data/UCF101_data/UCF-101/BandMarching/v_BandMarching_g02_c06.avi,5,8,75,16,5,True,True,0.9804584980010986,0.008899843320250511,0.0037720102263847366,0.6274379738606513,125,6,8,8,False,
ucf101,val,v_BandMarching_g02_c05,data/UCF101_data/UCF-101/BandMarching/v_BandMarching_g02_c05.avi,5,8,75,16,5,True,True,0.9802456498146057,0.008928289171308279,0.0037720102263847366,0.6176115460693836,123,6,8,8,False,
ucf101,val,v_BandMarching_g02_c01,data/UCF101_data/UCF-101/BandMarching/v_BandMarching_g02_c01.avi,5,8,75,16,5,True,True,0.9734855890274048,0.010753266047686338,0.0037720102263847366,0.6077455468475819,156,8,8,8,False,
ucf101,val,v_BandMarching_g01_c05,data/UCF101_data/UCF-101/BandMarching/v_BandMarching_g01_c05.avi,5,8,75,16,5,True,True,0.9599278569221497,0.01079078670591116,0.0037720102263847366,0.5959130888804793,168,8,8,8,False,
ucf101,val,v_BandMarching_g06_c01,data/UCF101_data/UCF-101/BandMarching/v_BandMarching_g06_c01.avi,5,8,75,16,5,True,True,0.9753170013427734,0.007321656681597233,0.0037720102263847366,0.5840578698553145,68,4,8,8,False,
ucf101,val,v_BandMarching_g06_c02,data/UCF101_data/UCF-101/BandMarching/v_BandMarching_g06_c02.avi,5,8,75,16,52,False,True,0.8171824216842651,0.010627537965774536,0.0037720102263847366,0.5759813599288464,152,8,8,8,False,
ucf101,val,v_BaseballPitch_g01_c06,data/UCF101_data/UCF-101/BaseballPitch/v_BaseballPitch_g01_c06.avi,6,8,75,16,2,False,False,0.18339930474758148,0.011564233805984259,0.0037720102263847366,0.5644460897892714,102,5,8,8,False,
ucf101,val,v_BaseballPitch_g01_c04,data/UCF101_data/UCF-101/BaseballPitch/v_BaseballPitch_g01_c04.avi,6,8,75,16,51,False,False,0.48632723093032837,0.010505035053938627,0.0037720102263847366,0.5521056358702481,105,5,8,8,False,
ucf101,val,v_BaseballPitch_g02_c02,data/UCF101_data/UCF-101/BaseballPitch/v_BaseballPitch_g02_c02.avi,6,8,75,16,6,True,True,0.9779694080352783,0.008786892984062433,0.0037720102263847366,0.540765515062958,72,4,8,8,False,
ucf101,val,v_BaseballPitch_g02_c04,data/UCF101_data/UCF-101/BaseballPitch/v_BaseballPitch_g02_c04.avi,6,8,75,16,6,True,True,0.9706705808639526,0.008805666118860245,0.0037720102263847366,0.531148040201515,85,4,8,8,False,
ucf101,val,v_BaseballPitch_g03_c01,data/UCF101_data/UCF-101/BaseballPitch/v_BaseballPitch_g03_c01.avi,6,8,75,16,6,True,True,0.8173261880874634,0.009993950836360455,0.0037720102263847366,0.5213829460553825,87,5,8,8,False,
ucf101,val,v_BaseballPitch_g05_c06,data/UCF101_data/UCF-101/BaseballPitch/v_BaseballPitch_g05_c06.avi,6,8,75,16,6,True,True,0.9734733700752258,0.012160811107605696,0.0037720102263847366,0.510537554975599,116,6,8,8,False,
ucf101,val,v_BaseballPitch_g01_c05,data/UCF101_data/UCF-101/BaseballPitch/v_BaseballPitch_g01_c05.avi,6,8,75,16,37,False,False,0.3552964925765991,0.010520146694034338,0.0037720102263847366,0.497433302924037,92,5,8,8,False,
ucf101,val,v_BaseballPitch_g05_c03,data/UCF101_data/UCF-101/BaseballPitch/v_BaseballPitch_g05_c03.avi,6,8,75,16,6,True,True,0.9751155376434326,0.010441310238093138,0.0037720102263847366,0.48611729498952627,91,5,8,8,False,
ucf101,val,v_BaseballPitch_g06_c07,data/UCF101_data/UCF-101/BaseballPitch/v_BaseballPitch_g06_c07.avi,6,8,75,16,6,True,True,0.9814167618751526,0.019550135359168053,0.003935760571039282,0.8659895821474493,81,4,8,8,False,
ucf101,val,v_BaseballPitch_g06_c01,data/UCF101_data/UCF-101/BaseballPitch/v_BaseballPitch_g06_c01.avi,6,8,75,16,6,True,True,0.978931725025177,0.01261588279157877,0.003935760571039282,0.8422321658581495,99,5,8,8,False,
ucf101,val,v_BaseballPitch_g03_c07,data/UCF101_data/UCF-101/BaseballPitch/v_BaseballPitch_g03_c07.avi,6,8,75,16,6,True,True,0.9802247881889343,0.010516884736716747,0.003935760571039282,0.8286631279624999,97,5,8,8,False,
ucf101,val,v_BaseballPitch_g01_c01,data/UCF101_data/UCF-101/BaseballPitch/v_BaseballPitch_g01_c01.avi,6,8,75,16,83,False,False,0.9083750247955322,0.010874968953430653,0.003935760571039282,0.8171380497515202,107,5,8,8,False,
ucf101,val,v_BaseballPitch_g04_c05,data/UCF101_data/UCF-101/BaseballPitch/v_BaseballPitch_g04_c05.avi,6,8,75,16,6,True,True,0.9747424125671387,0.012341869994997978,0.003935760571039282,0.8054369608871639,116,6,8,8,False,
ucf101,val,v_BaseballPitch_g05_c02,data/UCF101_data/UCF-101/BaseballPitch/v_BaseballPitch_g05_c02.avi,6,8,75,16,6,True,True,0.9798496961593628,0.01045332569628954,0.003935760571039282,0.7922325730323792,94,5,8,8,False,
ucf101,val,v_BaseballPitch_g07_c06,data/UCF101_data/UCF-101/BaseballPitch/v_BaseballPitch_g07_c06.avi,6,8,75,16,6,True,True,0.982539176940918,0.008817706257104874,0.003935760571039282,0.78093335730955,78,4,8,8,False,
ucf101,val,v_BaseballPitch_g06_c02,data/UCF101_data/UCF-101/BaseballPitch/v_BaseballPitch_g06_c02.avi,6,8,75,16,6,True,True,0.9803533554077148,0.010050075128674507,0.003935760571039282,0.771339257247746,87,5,8,8,False,
ucf101,val,v_BaseballPitch_g04_c01,data/UCF101_data/UCF-101/BaseballPitch/v_BaseballPitch_g04_c01.avi,6,8,75,16,6,True,True,0.9500994086265564,0.014608369674533606,0.003935760571039282,0.7604802446439862,213,8,8,8,False,
ucf101,val,v_BaseballPitch_g06_c06,data/UCF101_data/UCF-101/BaseballPitch/v_BaseballPitch_g06_c06.avi,6,8,75,16,6,True,True,0.9791833758354187,0.007350690197199583,0.003935760571039282,0.745038921944797,61,3,8,8,False,
ucf101,val,v_BaseballPitch_g02_c03,data/UCF101_data/UCF-101/BaseballPitch/v_BaseballPitch_g02_c03.avi,6,8,75,16,6,True,True,0.9775022864341736,0.008496653754264116,0.003935760571039282,0.7369686020538211,76,4,8,8,False,
ucf101,val,v_BaseballPitch_g04_c04,data/UCF101_data/UCF-101/BaseballPitch/v_BaseballPitch_g04_c04.avi,6,8,75,16,6,True,True,0.9779728651046753,0.011681277770549059,0.003935760571039282,0.7276881881989539,118,6,8,8,False,
ucf101,val,v_Basketball_g04_c03,data/UCF101_data/UCF-101/Basketball/v_Basketball_g04_c03.avi,7,8,75,16,7,True,True,0.6810373663902283,0.010544109623879194,0.003935760571039282,0.7149026328697801,106,5,8,8,False,
ucf101,val,v_Basketball_g02_c01,data/UCF101_data/UCF-101/Basketball/v_Basketball_g02_c01.avi,7,8,75,16,7,True,True,0.9736341834068298,0.007151205092668533,0.003935760571039282,0.7035216148942709,53,3,8,8,False,
ucf101,val,v_Basketball_g03_c06,data/UCF101_data/UCF-101/Basketball/v_Basketball_g03_c06.avi,7,8,75,16,7,True,True,0.9642651081085205,0.008888551034033298,0.003935760571039282,0.6956854187883437,86,4,8,8,False,
ucf101,val,v_Basketball_g06_c01,data/UCF101_data/UCF-101/Basketball/v_Basketball_g06_c01.avi,7,8,75,16,7,True,True,0.9643067121505737,0.008378113154321909,0.003935760571039282,0.6859839027747512,71,4,8,8,False,
ucf101,val,v_Basketball_g01_c06,data/UCF101_data/UCF-101/Basketball/v_Basketball_g01_c06.avi,7,8,75,16,7,True,True,0.6331571340560913,0.013273261021822691,0.003935760571039282,0.6767905228771269,148,7,8,8,False,
ucf101,val,v_Basketball_g03_c02,data/UCF101_data/UCF-101/Basketball/v_Basketball_g03_c02.avi,7,8,75,16,7,True,True,0.9757760167121887,0.01219579391181469,0.003935760571039282,0.6627231622114778,126,6,8,8,False,
ucf101,val,v_Basketball_g01_c01,data/UCF101_data/UCF-101/Basketball/v_Basketball_g01_c01.avi,7,8,75,16,7,True,True,0.6338322162628174,0.01385116996243596,0.003935760571039282,0.6496672588400543,141,7,8,8,False,
ucf101,val,v_Basketball_g05_c01,data/UCF101_data/UCF-101/Basketball/v_Basketball_g05_c01.avi,7,8,75,16,7,True,True,0.9814494252204895,0.01336238719522953,0.003935760571039282,0.6350121032446623,134,7,8,8,False,
ucf101,val,v_Basketball_g07_c01,data/UCF101_data/UCF-101/Basketball/v_Basketball_g07_c01.avi,7,8,75,16,7,True,True,0.9714545607566833,0.013155139051377773,0.003935760571039282,0.6208172622136772,142,7,8,8,False,
ucf101,val,v_Basketball_g02_c02,data/UCF101_data/UCF-101/Basketball/v_Basketball_g02_c02.avi,7,8,75,16,7,True,True,0.9734739661216736,0.0076887886971235275,0.003935760571039282,0.6066320277750492,56,3,8,8,False,
ucf101,val,v_Basketball_g03_c04,data/UCF101_data/UCF-101/Basketball/v_Basketball_g03_c04.avi,7,8,75,16,7,True,True,0.9720361828804016,0.008988221175968647,0.003935760571039282,0.5980834770016372,80,4,8,8,False,
ucf101,val,v_Basketball_g06_c04,data/UCF101_data/UCF-101/Basketball/v_Basketball_g06_c04.avi,7,8,75,16,91,False,True,0.47791004180908203,0.008669056929647923,0.003935760571039282,0.5882913232780993,77,4,8,8,False,
ucf101,val,v_Basketball_g05_c02,data/UCF101_data/UCF-101/Basketball/v_Basketball_g05_c02.avi,7,8,75,16,7,True,True,0.6289692521095276,0.012052837293595076,0.003935760571039282,0.5788311492651701,111,6,8,8,False,
ucf101,val,v_Basketball_g01_c04,data/UCF101_data/UCF-101/Basketball/v_Basketball_g01_c04.avi,7,8,75,16,7,True,True,0.7608292698860168,0.011946859769523144,0.003935760571039282,0.5658933520317078,108,6,8,8,False,
ucf101,val,v_Basketball_g04_c02,data/UCF101_data/UCF-101/Basketball/v_Basketball_g04_c02.avi,7,8,75,16,32,False,True,0.1544140875339508,0.010150592774152756,0.003935760571039282,0.5530531122349203,104,5,8,8,False,
ucf101,val,v_Basketball_g02_c03,data/UCF101_data/UCF-101/Basketball/v_Basketball_g02_c03.avi,7,8,75,16,7,True,True,0.942537784576416,0.01186716603115201,0.003935760571039282,0.5420395932160318,112,6,8,8,False,
ucf101,val,v_Basketball_g04_c04,data/UCF101_data/UCF-101/Basketball/v_Basketball_g04_c04.avi,7,8,75,16,7,True,True,0.8355224132537842,0.008752154186367989,0.003935760571039282,0.5291863358579576,72,4,8,8,False,
ucf101,val,v_Basketball_g01_c07,data/UCF101_data/UCF-101/Basketball/v_Basketball_g01_c07.avi,7,8,75,16,7,True,True,0.9634193778038025,0.010536693036556244,0.003935760571039282,0.5196198560297489,100,5,8,8,False,
ucf101,val,v_Basketball_g01_c05,data/UCF101_data/UCF-101/Basketball/v_Basketball_g01_c05.avi,7,8,75,16,7,True,True,0.7476505041122437,0.013523473870009184,0.003935760571039282,0.5083292629569769,141,7,8,8,False,
ucf101,val,v_Basketball_g02_c05,data/UCF101_data/UCF-101/Basketball/v_Basketball_g02_c05.avi,7,8,75,16,7,True,True,0.9384804964065552,0.013354517053812742,0.003935760571039282,0.4938118001446128,144,7,8,8,False,
ucf101,val,v_BasketballDunk_g02_c04,data/UCF101_data/UCF-101/BasketballDunk/v_BasketballDunk_g02_c04.avi,8,8,75,16,8,True,True,0.9445606470108032,0.0151132857427001,0.003908408965799026,0.7658846396952868,58,3,8,8,False,
ucf101,val,v_BasketballDunk_g07_c04,data/UCF101_data/UCF-101/BasketballDunk/v_BasketballDunk_g07_c04.avi,8,8,75,16,8,True,True,0.9566174149513245,0.006599366199225187,0.003908408965799026,0.7485936270095408,46,3,8,8,False,
ucf101,val,v_BasketballDunk_g07_c03,data/UCF101_data/UCF-101/BasketballDunk/v_BasketballDunk_g07_c03.avi,8,8,75,16,8,True,True,0.894405722618103,0.006469170097261667,0.003908408965799026,0.7411288348957896,53,3,8,8,False,
ucf101,val,v_BasketballDunk_g01_c01,data/UCF101_data/UCF-101/BasketballDunk/v_BasketballDunk_g01_c01.avi,8,8,75,16,8,True,True,0.9428053498268127,0.006580744870007038,0.003908408965799026,0.7337765051051974,61,3,8,8,False,
ucf101,val,v_BasketballDunk_g04_c04,data/UCF101_data/UCF-101/BasketballDunk/v_BasketballDunk_g04_c04.avi,8,8,75,16,8,True,True,0.9832198023796082,0.006111118011176586,0.003908408965799026,0.7263158177956939,48,3,8,8,False,
ucf101,val,v_BasketballDunk_g07_c01,data/UCF101_data/UCF-101/BasketballDunk/v_BasketballDunk_g07_c01.avi,8,8,75,16,8,True,True,0.9374293684959412,0.005373579915612936,0.003908408965799026,0.7195053538307548,42,2,8,8,False,
ucf101,val,v_BasketballDunk_g07_c05,data/UCF101_data/UCF-101/BasketballDunk/v_BasketballDunk_g07_c05.avi,8,8,75,16,8,True,True,0.9134393930435181,0.005220457911491394,0.003908408965799026,0.7132711298763752,37,2,8,8,False,
ucf101,val,v_BasketballDunk_g01_c04,data/UCF101_data/UCF-101/BasketballDunk/v_BasketballDunk_g01_c04.avi,8,8,75,16,8,True,True,0.9725570678710938,0.006079019047319889,0.003908408965799026,0.7070283428765833,61,3,8,8,False,
ucf101,val,v_BasketballDunk_g03_c01,data/UCF101_data/UCF-101/BasketballDunk/v_BasketballDunk_g03_c01.avi,8,8,75,16,8,True,True,0.8636516332626343,0.006708004977554083,0.003908408965799026,0.7002191892825067,58,3,8,8,False,
ucf101,val,v_BasketballDunk_g05_c06,data/UCF101_data/UCF-101/BasketballDunk/v_BasketballDunk_g05_c06.avi,8,8,75,16,8,True,True,0.98336261510849,0.006965898908674717,0.003908408965799026,0.692765518091619,84,4,8,8,False,
ucf101,val,v_BasketballDunk_g05_c05,data/UCF101_data/UCF-101/BasketballDunk/v_BasketballDunk_g05_c05.avi,8,8,75,16,8,True,True,0.9749905467033386,0.006985205225646496,0.003908408965799026,0.68502057204023,53,3,8,8,False,
ucf101,val,v_BasketballDunk_g02_c03,data/UCF101_data/UCF-101/BasketballDunk/v_BasketballDunk_g02_c03.avi,8,8,75,16,8,True,True,0.9637807607650757,0.007121852599084377,0.003908408965799026,0.6772028561681509,71,4,8,8,False,
ucf101,val,v_BasketballDunk_g02_c01,data/UCF101_data/UCF-101/BasketballDunk/v_BasketballDunk_g02_c01.avi,8,8,75,16,8,True,True,0.7965993881225586,0.006027876865118742,0.003908408965799026,0.6692506787367165,56,3,8,8,False,
ucf101,val,v_BasketballDunk_g01_c02,data/UCF101_data/UCF-101/BasketballDunk/v_BasketballDunk_g01_c02.avi,8,8,75,16,8,True,True,0.8736405968666077,0.00799515936523676,0.003908408965799026,0.6624360759742558,65,4,8,8,False,
ucf101,val,v_BasketballDunk_g05_c04,data/UCF101_data/UCF-101/BasketballDunk/v_BasketballDunk_g05_c04.avi,8,8,75,16,8,True,True,0.9814644455909729,0.0068261390551924706,0.003908408965799026,0.6535276789218187,52,3,8,8,False,
ucf101,val,v_BasketballDunk_g04_c02,data/UCF101_data/UCF-101/BasketballDunk/v_BasketballDunk_g04_c02.avi,8,8,75,16,8,True,True,0.9544976949691772,0.006238817237317562,0.003908408965799026,0.6459820778109133,55,3,8,8,False,
ucf101,val,v_BasketballDunk_g01_c03,data/UCF101_data/UCF-101/BasketballDunk/v_BasketballDunk_g01_c03.avi,8,8,75,16,8,True,True,0.90111243724823,0.008258198853582144,0.003908408965799026,0.6389313852414489,71,4,8,8,False,
ucf101,val,v_BasketballDunk_g07_c02,data/UCF101_data/UCF-101/BasketballDunk/v_BasketballDunk_g07_c02.avi,8,8,75,16,8,True,True,0.9825767874717712,0.005289047956466675,0.003908408965799026,0.629878805950284,35,2,8,8,False,
ucf101,val,v_BasketballDunk_g03_c05,data/UCF101_data/UCF-101/BasketballDunk/v_BasketballDunk_g03_c05.avi,8,8,75,16,8,True,True,0.9572589993476868,0.00694240489974618,0.003908408965799026,0.6238049077801406,71,4,8,8,False,
ucf101,val,v_BasketballDunk_g04_c03,data/UCF101_data/UCF-101/BasketballDunk/v_BasketballDunk_g04_c03.avi,8,8,75,16,8,True,True,0.9695580005645752,0.006262823008000851,0.003908408965799026,0.6160611230880022,62,3,8,8,False,
ucf101,val,v_BenchPress_g06_c01,data/UCF101_data/UCF-101/BenchPress/v_BenchPress_g06_c01.avi,9,8,75,16,9,True,True,0.9861258864402771,0.008965152315795422,0.003908408965799026,0.6090477169491351,68,4,8,8,False,
ucf101,val,v_BenchPress_g02_c03,data/UCF101_data/UCF-101/BenchPress/v_BenchPress_g02_c03.avi,9,8,75,16,9,True,True,0.9885751605033875,0.014582064002752304,0.003908408965799026,0.5990605489350855,221,8,8,8,False,
ucf101,val,v_BenchPress_g07_c06,data/UCF101_data/UCF-101/BenchPress/v_BenchPress_g07_c06.avi,9,8,75,16,9,True,True,0.987126886844635,0.010018676053732634,0.003908408965799026,0.5836909306235611,87,5,8,8,False,
ucf101,val,v_BenchPress_g07_c02,data/UCF101_data/UCF-101/BenchPress/v_BenchPress_g07_c02.avi,9,8,75,16,9,True,True,0.9877133369445801,0.008484472054988146,0.003908408965799026,0.5727984481491148,71,4,8,8,False,
ucf101,val,v_BenchPress_g05_c04,data/UCF101_data/UCF-101/BenchPress/v_BenchPress_g05_c04.avi,9,8,75,16,9,True,True,0.9878925085067749,0.01595940114930272,0.003908408965799026,0.5634953929111362,298,8,8,8,False,
ucf101,val,v_BenchPress_g06_c02,data/UCF101_data/UCF-101/BenchPress/v_BenchPress_g06_c02.avi,9,8,75,16,9,True,True,0.9862521290779114,0.008432195987552404,0.003908408965799026,0.546587809920311,66,4,8,8,False,
ucf101,val,v_BenchPress_g02_c05,data/UCF101_data/UCF-101/BenchPress/v_BenchPress_g02_c05.avi,9,8,75,16,9,True,True,0.9725516438484192,0.008351489901542664,0.003908408965799026,0.5374033469706774,73,4,8,8,False,
ucf101,val,v_BenchPress_g03_c04,data/UCF101_data/UCF-101/BenchPress/v_BenchPress_g03_c04.avi,9,8,75,16,9,True,True,0.9872077107429504,0.010136687196791172,0.003908408965799026,0.5282753081992269,105,5,8,8,False,
ucf101,val,v_BenchPress_g05_c07,data/UCF101_data/UCF-101/BenchPress/v_BenchPress_g05_c07.avi,9,8,75,16,9,True,True,0.9822309613227844,0.00727112265303731,0.003908408965799026,0.5173394847661257,64,3,8,8,False,
ucf101,val,v_BenchPress_g06_c05,data/UCF101_data/UCF-101/BenchPress/v_BenchPress_g06_c05.avi,9,8,75,16,9,True,True,0.9723809361457825,0.011960959061980247,0.003908408965799026,0.5093114278279245,128,6,8,8,False,
ucf101,val,v_BenchPress_g05_c01,data/UCF101_data/UCF-101/BenchPress/v_BenchPress_g05_c01.avi,9,8,75,16,9,True,True,0.9865154027938843,0.008977070916444063,0.003908408965799026,0.496310796122998,74,4,8,8,False,
ucf101,val,v_BenchPress_g03_c01,data/UCF101_data/UCF-101/BenchPress/v_BenchPress_g03_c01.avi,9,8,75,16,9,True,True,0.9870281219482422,0.010101089719682932,0.003908408965799026,0.4865258620120585,93,5,8,8,False,
ucf101,val,v_BenchPress_g07_c07,data/UCF101_data/UCF-101/BenchPress/v_BenchPress_g07_c07.avi,9,8,75,16,9,True,True,0.9883792400360107,0.019276540726423264,0.003517328354064375,0.9643713077530265,79,4,8,8,False,
ucf101,val,v_BenchPress_g02_c07,data/UCF101_data/UCF-101/BenchPress/v_BenchPress_g02_c07.avi,9,8,75,16,9,True,True,0.9897956252098083,0.00920432386919856,0.003517328354064375,0.9437624113634229,78,4,8,8,False,
ucf101,val,v_BenchPress_g03_c07,data/UCF101_data/UCF-101/BenchPress/v_BenchPress_g03_c07.avi,9,8,75,16,9,True,True,0.9878295660018921,0.008834286127239466,0.003517328354064375,0.9338099840097129,85,4,8,8,False,
ucf101,val,v_BenchPress_g04_c06,data/UCF101_data/UCF-101/BenchPress/v_BenchPress_g04_c06.avi,9,8,75,16,9,True,True,0.9875547289848328,0.015114359091967344,0.003517328354064375,0.9241501800715923,176,8,8,8,False,
ucf101,val,v_BenchPress_g04_c04,data/UCF101_data/UCF-101/BenchPress/v_BenchPress_g04_c04.avi,9,8,75,16,9,True,True,0.9857434630393982,0.015431331004947424,0.003517328354064375,0.9081517811864614,204,8,8,8,False,
ucf101,val,v_BenchPress_g03_c02,data/UCF101_data/UCF-101/BenchPress/v_BenchPress_g03_c02.avi,9,8,75,16,9,True,True,0.9877752065658569,0.010474411770701408,0.003517328354064375,0.8918967093341053,100,5,8,8,False,
ucf101,val,v_BenchPress_g05_c02,data/UCF101_data/UCF-101/BenchPress/v_BenchPress_g05_c02.avi,9,8,75,16,9,True,True,0.9847448468208313,0.008686354849487543,0.003517328354064375,0.8805162967182696,67,4,8,8,False,
ucf101,val,v_BenchPress_g06_c07,data/UCF101_data/UCF-101/BenchPress/v_BenchPress_g06_c07.avi,9,8,75,16,9,True,True,0.9861197471618652,0.008583443704992533,0.003517328354064375,0.8708634548820555,84,4,8,8,False,
ucf101,val,v_Biking_g06_c02,data/UCF101_data/UCF-101/Biking/v_Biking_g06_c02.avi,10,8,75,16,10,True,True,0.9849804639816284,0.014987299218773842,0.003517328354064375,0.8613685248419642,157,8,8,8,False,
ucf101,val,v_Biking_g02_c04,data/UCF101_data/UCF-101/Biking/v_Biking_g02_c04.avi,10,8,75,16,10,True,True,0.9834926128387451,0.015125175006687641,0.003517328354064375,0.8454126208089292,240,8,8,8,False,
ucf101,val,v_Biking_g04_c01,data/UCF101_data/UCF-101/Biking/v_Biking_g04_c01.avi,10,8,75,16,10,True,True,0.9809145927429199,0.015098548028618097,0.003517328354064375,0.8291458338499069,240,8,8,8,False,
ucf101,val,v_Biking_g03_c04,data/UCF101_data/UCF-101/Biking/v_Biking_g03_c04.avi,10,8,75,16,10,True,True,0.9653738141059875,0.01637285342440009,0.003517328354064375,0.8130061011761427,380,8,8,8,False,
ucf101,val,v_Biking_g02_c01,data/UCF101_data/UCF-101/Biking/v_Biking_g02_c01.avi,10,8,75,16,10,True,True,0.9811313152313232,0.01508999103680253,0.003517328354064375,0.7957580373622477,240,8,8,8,False,
ucf101,val,v_Biking_g05_c02,data/UCF101_data/UCF-101/Biking/v_Biking_g05_c02.avi,10,8,75,16,10,True,True,0.9845814108848572,0.014526066835969687,0.003517328354064375,0.7798134791664779,201,8,8,8,False,
ucf101,val,v_Biking_g01_c02,data/UCF101_data/UCF-101/Biking/v_Biking_g01_c02.avi,10,8,75,16,10,True,True,0.9731585383415222,0.014549109153449535,0.003517328354064375,0.7642282899469137,151,8,8,8,False,
ucf101,val,v_Biking_g04_c04,data/UCF101_data/UCF-101/Biking/v_Biking_g04_c04.avi,10,8,75,16,97,False,True,0.39447638392448425,0.014498428907245398,0.003517328354064375,0.7486548107117414,216,8,8,8,False,
ucf101,val,v_Biking_g04_c03,data/UCF101_data/UCF-101/Biking/v_Biking_g04_c03.avi,10,8,75,16,10,True,True,0.9817032217979431,0.01497653592377901,0.003517328354064375,0.7333207507617772,240,8,8,8,False,
ucf101,val,v_Biking_g07_c05,data/UCF101_data/UCF-101/Biking/v_Biking_g07_c05.avi,10,8,75,16,10,True,True,0.9070801138877869,0.015300641767680645,0.003517328354064375,0.717495190910995,192,8,8,8,False,
ucf101,val,v_Biking_g06_c04,data/UCF101_data/UCF-101/Biking/v_Biking_g06_c04.avi,10,8,75,16,10,True,True,0.9560897350311279,0.015780380927026272,0.003517328354064375,0.7012656880542636,235,8,8,8,False,
ucf101,val,v_Biking_g07_c06,data/UCF101_data/UCF-101/Biking/v_Biking_g07_c06.avi,10,8,75,16,10,True,True,0.9314184784889221,0.01499650813639164,0.003517328354064375,0.6845167693682015,240,8,8,8,False,
ucf101,val,v_Biking_g01_c01,data/UCF101_data/UCF-101/Biking/v_Biking_g01_c01.avi,10,8,75,16,10,True,True,0.9837019443511963,0.014997015241533518,0.003517328354064375,0.6686498988419771,151,8,8,8,False,
ucf101,val,v_Biking_g01_c03,data/UCF101_data/UCF-101/Biking/v_Biking_g01_c03.avi,10,8,75,16,10,True,True,0.9831868410110474,0.01443748315796256,0.003517328354064375,0.652415209915489,151,8,8,8,False,
ucf101,val,v_Biking_g05_c03,data/UCF101_data/UCF-101/Biking/v_Biking_g05_c03.avi,10,8,75,16,10,True,True,0.9834460616111755,0.014709826093167067,0.003517328354064375,0.6371245230548084,201,8,8,8,False,
ucf101,val,v_Biking_g05_c01,data/UCF101_data/UCF-101/Biking/v_Biking_g05_c01.avi,10,8,75,16,10,True,True,0.9652480483055115,0.0157435592263937,0.003517328354064375,0.6214249869808555,300,8,8,8,False,
ucf101,val,v_Biking_g06_c05,data/UCF101_data/UCF-101/Biking/v_Biking_g06_c05.avi,10,8,75,16,10,True,True,0.9472011923789978,0.01580577390268445,0.003517328354064375,0.6048734062351286,201,8,8,8,False,
ucf101,val,v_Biking_g05_c07,data/UCF101_data/UCF-101/Biking/v_Biking_g05_c07.avi,10,8,75,16,10,True,True,0.9796584844589233,0.015297481790184975,0.003517328354064375,0.5881596077233553,180,8,8,8,False,
ucf101,val,v_Biking_g05_c05,data/UCF101_data/UCF-101/Biking/v_Biking_g05_c05.avi,10,8,75,16,10,True,True,0.9847692251205444,0.014863942749798298,0.003517328354064375,0.5720198121853173,163,8,8,8,False,
ucf101,val,v_Biking_g07_c01,data/UCF101_data/UCF-101/Biking/v_Biking_g07_c01.avi,10,8,75,16,10,True,True,0.9842752814292908,0.01889027189463377,0.003517328354064375,0.5562946810387075,300,8,8,8,False,
ucf101,val,v_Billiards_g04_c04,data/UCF101_data/UCF-101/Billiards/v_Billiards_g04_c04.avi,11,8,75,16,11,True,True,0.989273726940155,0.01663978211581707,0.003517328354064375,0.5362518480978906,279,8,8,8,False,
ucf101,val,v_Billiards_g01_c05,data/UCF101_data/UCF-101/Billiards/v_Billiards_g01_c05.avi,11,8,75,16,11,True,True,0.987705647945404,0.017328470014035702,0.003517328354064375,0.5187669689767063,352,8,8,8,False,
ucf101,val,v_Billiards_g06_c02,data/UCF101_data/UCF-101/Billiards/v_Billiards_g06_c02.avi,11,8,75,16,11,True,True,0.9865517616271973,0.016932589933276176,0.003517328354064375,0.5005143079906702,346,8,8,8,False,
ucf101,val,v_Billiards_g03_c03,data/UCF101_data/UCF-101/Billiards/v_Billiards_g03_c03.avi,11,8,75,16,11,True,True,0.9892794489860535,0.015965572092682123,0.003517328354064375,0.48247072799131274,275,8,8,8,False,
ucf101,val,v_Billiards_g03_c05,data/UCF101_data/UCF-101/Billiards/v_Billiards_g03_c05.avi,11,8,75,16,11,True,True,0.9872921705245972,0.0354995341040194,0.00373417952505406,1.059354196768254,287,8,8,8,False,
ucf101,val,v_Billiards_g06_c01,data/UCF101_data/UCF-101/Billiards/v_Billiards_g06_c01.avi,11,8,75,16,11,True,True,0.9857099056243896,0.016444466076791286,0.00373417952505406,1.021740815602243,251,8,8,8,False,
ucf101,val,v_Billiards_g03_c01,data/UCF101_data/UCF-101/Billiards/v_Billiards_g03_c01.avi,11,8,75,16,11,True,True,0.9857182502746582,0.01571339601650834,0.00373417952505406,1.0044026742689312,213,8,8,8,False,
ucf101,val,v_Billiards_g02_c03,data/UCF101_data/UCF-101/Billiards/v_Billiards_g02_c03.avi,11,8,75,16,11,True,True,0.9485015273094177,0.016944493632763624,0.00373417952505406,0.9876490756869316,392,8,8,8,False,
ucf101,val,v_Billiards_g05_c06,data/UCF101_data/UCF-101/Billiards/v_Billiards_g05_c06.avi,11,8,75,16,11,True,True,0.9839232563972473,0.018008705228567123,0.00373417952505406,0.9698019046336412,359,8,8,8,False,
ucf101,val,v_Billiards_g02_c02,data/UCF101_data/UCF-101/Billiards/v_Billiards_g02_c02.avi,11,8,75,16,7,False,True,0.4724966287612915,0.01602655928581953,0.00373417952505406,0.9509547967463732,313,8,8,8,False,
ucf101,val,v_Billiards_g05_c01,data/UCF101_data/UCF-101/Billiards/v_Billiards_g05_c01.avi,11,8,75,16,11,True,True,0.9822587966918945,0.016369633842259645,0.00373417952505406,0.9340852191671729,365,8,8,8,False,
ucf101,val,v_Billiards_g07_c01,data/UCF101_data/UCF-101/Billiards/v_Billiards_g07_c01.avi,11,8,75,16,11,True,True,0.9880311489105225,0.016525737941265106,0.00373417952505406,0.9168504630215466,316,8,8,8,False,
ucf101,val,v_Billiards_g05_c05,data/UCF101_data/UCF-101/Billiards/v_Billiards_g05_c05.avi,11,8,75,16,11,True,True,0.9832553863525391,0.016159059945493937,0.00373417952505406,0.8992304019629955,303,8,8,8,False,
ucf101,val,v_Billiards_g06_c03,data/UCF101_data/UCF-101/Billiards/v_Billiards_g06_c03.avi,11,8,75,16,11,True,True,0.9866411089897156,0.01614638464525342,0.00373417952505406,0.8820196217857301,370,8,8,8,False,
ucf101,val,v_Billiards_g02_c01,data/UCF101_data/UCF-101/Billiards/v_Billiards_g02_c01.avi,11,8,75,16,11,True,True,0.9884942173957825,0.015988141298294067,0.00373417952505406,0.8649076949805021,336,8,8,8,False,
ucf101,val,v_Billiards_g01_c04,data/UCF101_data/UCF-101/Billiards/v_Billiards_g01_c04.avi,11,8,75,16,11,True,True,0.9750910401344299,0.01596971321851015,0.00373417952505406,0.8480411232449114,189,8,8,8,False,
ucf101,val,v_Billiards_g04_c07,data/UCF101_data/UCF-101/Billiards/v_Billiards_g04_c07.avi,11,8,75,16,11,True,True,0.9863938689231873,0.016328874975442886,0.00373417952505406,0.831240396015346,191,8,8,8,False,
ucf101,val,v_Billiards_g07_c04,data/UCF101_data/UCF-101/Billiards/v_Billiards_g07_c04.avi,11,8,75,16,11,True,True,0.9863225221633911,0.015774428378790617,0.00373417952505406,0.8141228929162025,281,8,8,8,False,
ucf101,val,v_Billiards_g05_c02,data/UCF101_data/UCF-101/Billiards/v_Billiards_g05_c02.avi,11,8,75,16,11,True,True,0.9873316884040833,0.01719251787289977,0.00373417952505406,0.7975340858101845,481,8,8,8,False,
ucf101,val,v_Billiards_g02_c06,data/UCF101_data/UCF-101/Billiards/v_Billiards_g02_c06.avi,11,8,75,16,11,True,True,0.9884942173957825,0.01619184296578169,0.00373417952505406,0.7791320509277284,336,8,8,8,False,
ucf101,val,v_BlowDryHair_g06_c04,data/UCF101_data/UCF-101/BlowDryHair/v_BlowDryHair_g06_c04.avi,12,8,75,16,12,True,True,0.5291442275047302,0.016383135691285133,0.00373417952505406,0.7619391707703471,172,8,8,8,False,
ucf101,val,v_BlowDryHair_g06_c03,data/UCF101_data/UCF-101/BlowDryHair/v_BlowDryHair_g06_c03.avi,12,8,75,16,33,False,True,0.9424652457237244,0.008184047881513834,0.00373417952505406,0.7444217880256474,97,5,8,8,False,
ucf101,val,v_BlowDryHair_g06_c06,data/UCF101_data/UCF-101/BlowDryHair/v_BlowDryHair_g06_c06.avi,12,8,75,16,33,False,True,0.4747178852558136,0.011511173099279404,0.00373417952505406,0.7353169368579984,190,8,8,8,False,
ucf101,val,v_BlowDryHair_g01_c04,data/UCF101_data/UCF-101/BlowDryHair/v_BlowDryHair_g01_c04.avi,12,8,75,16,12,True,True,0.8166959881782532,0.02966515487059951,0.00373417952505406,0.7228300096467137,143,7,8,8,False,
ucf101,val,v_BlowDryHair_g02_c03,data/UCF101_data/UCF-101/BlowDryHair/v_BlowDryHair_g02_c03.avi,12,8,75,16,12,True,True,0.5027838945388794,0.043013876769691706,0.00373417952505406,0.6901764366775751,190,8,8,8,False,
ucf101,val,v_BlowDryHair_g07_c04,data/UCF101_data/UCF-101/BlowDryHair/v_BlowDryHair_g07_c04.avi,12,8,75,16,12,True,True,0.7983112931251526,0.010371806100010872,0.00373417952505406,0.644730637781322,78,4,8,8,False,
ucf101,val,v_BlowDryHair_g06_c02,data/UCF101_data/UCF-101/BlowDryHair/v_BlowDryHair_g06_c02.avi,12,8,75,16,12,True,True,0.6132045388221741,0.012285364791750908,0.00373417952505406,0.6334989089518785,203,8,8,8,False,
ucf101,val,v_BlowDryHair_g05_c05,data/UCF101_data/UCF-101/BlowDryHair/v_BlowDryHair_g05_c05.avi,12,8,75,16,12,True,True,0.6483348608016968,0.007879795972257853,0.00373417952505406,0.6200902387499809,95,5,8,8,False,
ucf101,val,v_BlowDryHair_g03_c02,data/UCF101_data/UCF-101/BlowDryHair/v_BlowDryHair_g03_c02.avi,12,8,75,16,33,False,True,0.4347681403160095,0.013179852161556482,0.00373417952505406,0.6112597822211683,242,8,8,8,False,
ucf101,val,v_BlowDryHair_g07_c01,data/UCF101_data/UCF-101/BlowDryHair/v_BlowDryHair_g07_c01.avi,12,8,75,16,12,True,True,0.46239158511161804,0.006917206104844809,0.00373417952505406,0.5969016016460955,68,4,8,8,False,
ucf101,val,v_BlowDryHair_g07_c07,data/UCF101_data/UCF-101/BlowDryHair/v_BlowDryHair_g07_c07.avi,12,8,75,16,33,False,True,0.562216579914093,0.007142241578549147,0.00373417952505406,0.5891626393422484,85,4,8,8,False,
ucf101,val,v_BlowDryHair_g07_c02,data/UCF101_data/UCF-101/BlowDryHair/v_BlowDryHair_g07_c02.avi,12,8,75,16,33,False,True,0.5279471278190613,0.0069749001413583755,0.00373417952505406,0.5812160181812942,73,4,8,8,False,
ucf101,val,v_BlowDryHair_g02_c04,data/UCF101_data/UCF-101/BlowDryHair/v_BlowDryHair_g02_c04.avi,12,8,75,16,33,False,True,0.7667253017425537,0.04223081422969699,0.00373417952505406,0.5734685459174216,210,8,8,8,False,
ucf101,val,v_BlowDryHair_g07_c03,data/UCF101_data/UCF-101/BlowDryHair/v_BlowDryHair_g07_c03.avi,12,8,75,16,33,False,True,0.635541558265686,0.007904880214482546,0.00373417952505406,0.528733391314745,78,4,8,8,False,
ucf101,val,v_BlowDryHair_g06_c01,data/UCF101_data/UCF-101/BlowDryHair/v_BlowDryHair_g06_c01.avi,12,8,75,16,33,False,True,0.7890869975090027,0.01209607720375061,0.00373417952505406,0.5200215461663902,194,8,8,8,False,
ucf101,val,v_BlowDryHair_g04_c04,data/UCF101_data/UCF-101/BlowDryHair/v_BlowDryHair_g04_c04.avi,12,8,75,16,33,False,True,0.7635141015052795,0.0318689770065248,0.00373417952505406,0.506848223041743,171,8,8,8,False,
ucf101,val,v_BlowDryHair_g04_c01,data/UCF101_data/UCF-101/BlowDryHair/v_BlowDryHair_g04_c01.avi,12,8,75,16,33,False,True,0.6756641864776611,0.06886669900268316,0.003924824806745164,0.9331537820398808,343,8,8,8,False,
ucf101,val,v_BlowDryHair_g02_c01,data/UCF101_data/UCF-101/BlowDryHair/v_BlowDryHair_g02_c01.avi,12,8,75,16,1,False,True,0.40797439217567444,0.026362190023064613,0.003924824806745164,0.8621470681391656,128,6,8,8,False,
ucf101,val,v_BlowDryHair_g03_c05,data/UCF101_data/UCF-101/BlowDryHair/v_BlowDryHair_g03_c05.avi,12,8,75,16,12,True,True,0.4455236494541168,0.010284919291734695,0.003924824806745164,0.832595253828913,119,6,8,8,False,
ucf101,val,v_BlowDryHair_g02_c02,data/UCF101_data/UCF-101/BlowDryHair/v_BlowDryHair_g02_c02.avi,12,8,75,16,12,True,True,0.5245038270950317,0.02775222808122635,0.003924824806745164,0.820789648219943,137,7,8,8,False,
ucf101,val,v_BlowingCandles_g05_c01,data/UCF101_data/UCF-101/BlowingCandles/v_BlowingCandles_g05_c01.avi,13,8,75,16,13,True,True,0.980948805809021,0.009495657868683338,0.003924824806745164,0.7897938410751522,93,5,8,8,False,
ucf101,val,v_BlowingCandles_g07_c01,data/UCF101_data/UCF-101/BlowingCandles/v_BlowingCandles_g07_c01.avi,13,8,75,16,13,True,True,0.9803469181060791,0.0061910259537398815,0.003924824806745164,0.7794244568794966,50,3,8,8,False,
ucf101,val,v_BlowingCandles_g02_c04,data/UCF101_data/UCF-101/BlowingCandles/v_BlowingCandles_g02_c04.avi,13,8,75,16,13,True,True,0.9775186777114868,0.007839201018214226,0.003924824806745164,0.7725009405985475,76,4,8,8,False,
ucf101,val,v_BlowingCandles_g06_c06,data/UCF101_data/UCF-101/BlowingCandles/v_BlowingCandles_g06_c06.avi,13,8,75,16,13,True,True,0.9824669361114502,0.009658097755163908,0.003924824806745164,0.7639010660350323,136,7,8,8,False,
ucf101,val,v_BlowingCandles_g01_c03,data/UCF101_data/UCF-101/BlowingCandles/v_BlowingCandles_g01_c03.avi,13,8,75,16,13,True,True,0.9808481931686401,0.008692616131156683,0.003924824806745164,0.7533861119300127,125,6,8,8,False,
ucf101,val,v_BlowingCandles_g04_c03,data/UCF101_data/UCF-101/BlowingCandles/v_BlowingCandles_g04_c03.avi,13,8,75,16,13,True,True,0.980148196220398,0.006192310713231564,0.003924824806745164,0.7437128080055118,56,3,8,8,False,
ucf101,val,v_BlowingCandles_g06_c04,data/UCF101_data/UCF-101/BlowingCandles/v_BlowingCandles_g06_c04.avi,13,8,75,16,13,True,True,0.9675389528274536,0.008739062119275331,0.003924824806745164,0.7366227959282696,115,6,8,8,False,
ucf101,val,v_BlowingCandles_g07_c04,data/UCF101_data/UCF-101/BlowingCandles/v_BlowingCandles_g07_c04.avi,13,8,75,16,13,True,True,0.928862452507019,0.007047946099191904,0.003924824806745164,0.7269487283192575,75,4,8,8,False,
ucf101,val,v_BlowingCandles_g01_c04,data/UCF101_data/UCF-101/BlowingCandles/v_BlowingCandles_g01_c04.avi,13,8,75,16,13,True,True,0.9819222688674927,0.006961675826460123,0.003924824806745164,0.7188886688090861,68,4,8,8,False,
ucf101,val,v_BlowingCandles_g01_c02,data/UCF101_data/UCF-101/BlowingCandles/v_BlowingCandles_g01_c02.avi,13,8,75,16,13,True,True,0.9804195761680603,0.007085488177835941,0.003924824806745164,0.7111233780160546,75,4,8,8,False,
ucf101,val,v_BlowingCandles_g05_c04,data/UCF101_data/UCF-101/BlowingCandles/v_BlowingCandles_g05_c04.avi,13,8,75,16,13,True,True,0.9794864654541016,0.007079551927745342,0.003924824806745164,0.7032147399149835,82,4,8,8,False,
ucf101,val,v_BlowingCandles_g06_c05,data/UCF101_data/UCF-101/BlowingCandles/v_BlowingCandles_g06_c05.avi,13,8,75,16,13,True,True,0.9824735522270203,0.009783678688108921,0.003924824806745164,0.6952979532070458,150,7,8,8,False,
ucf101,val,v_BlowingCandles_g01_c01,data/UCF101_data/UCF-101/BlowingCandles/v_BlowingCandles_g01_c01.avi,13,8,75,16,13,True,True,0.9477178454399109,0.006287144031375647,0.003924824806745164,0.6844508820213377,60,3,8,8,False,
ucf101,val,v_BlowingCandles_g06_c07,data/UCF101_data/UCF-101/BlowingCandles/v_BlowingCandles_g06_c07.avi,13,8,75,16,13,True,True,0.9825300574302673,0.00965933594852686,0.003924824806745164,0.6772638829424977,134,7,8,8,False,
ucf101,val,v_BlowingCandles_g07_c02,data/UCF101_data/UCF-101/BlowingCandles/v_BlowingCandles_g07_c02.avi,13,8,75,16,13,True,True,0.9678693413734436,0.006138260941952467,0.003924824806745164,0.6667423048056662,55,3,8,8,False,
ucf101,val,v_BlowingCandles_g02_c02,data/UCF101_data/UCF-101/BlowingCandles/v_BlowingCandles_g02_c02.avi,13,8,75,16,59,False,True,0.6165505051612854,0.02461717091500759,0.003924824806745164,0.6598978498950601,115,6,8,8,False,
ucf101,val,v_BlowingCandles_g04_c02,data/UCF101_data/UCF-101/BlowingCandles/v_BlowingCandles_g04_c02.avi,13,8,75,16,13,True,True,0.9773893356323242,0.008550615981221199,0.003924824806745164,0.6323975222185254,93,5,8,8,False,
ucf101,val,v_BlowingCandles_g04_c04,data/UCF101_data/UCF-101/BlowingCandles/v_BlowingCandles_g04_c04.avi,13,8,75,16,13,True,True,0.9794822335243225,0.021624032873660326,0.003924824806745164,0.6228913669474423,101,5,8,8,False,
ucf101,val,v_BlowingCandles_g05_c02,data/UCF101_data/UCF-101/BlowingCandles/v_BlowingCandles_g05_c02.avi,13,8,75,16,13,True,True,0.9828375577926636,0.021883098874241114,0.003924824806745164,0.5983254001475871,75,4,8,8,False,
ucf101,val,v_BlowingCandles_g06_c03,data/UCF101_data/UCF-101/BlowingCandles/v_BlowingCandles_g06_c03.avi,13,8,75,16,13,True,True,0.9802725911140442,0.010786890983581543,0.003924824806745164,0.5733297490514815,150,7,8,8,False,
ucf101,val,v_BodyWeightSquats_g07_c02,data/UCF101_data/UCF-101/BodyWeightSquats/v_BodyWeightSquats_g07_c02.avi,14,8,75,16,14,True,True,0.8964794278144836,0.008189102169126272,0.003924824806745164,0.561401910148561,103,5,8,8,False,
ucf101,val,v_BodyWeightSquats_g03_c05,data/UCF101_data/UCF-101/BodyWeightSquats/v_BodyWeightSquats_g03_c05.avi,14,8,75,16,100,False,False,0.37122583389282227,0.006917899940162897,0.003924824806745164,0.5522914710454643,75,4,8,8,False,
ucf101,val,v_BodyWeightSquats_g01_c02,data/UCF101_data/UCF-101/BodyWeightSquats/v_BodyWeightSquats_g01_c02.avi,14,8,75,16,14,True,True,0.906889021396637,0.012410079129040241,0.003924824806745164,0.5445176539942622,252,8,8,8,False,
ucf101,val,v_BodyWeightSquats_g02_c02,data/UCF101_data/UCF-101/BodyWeightSquats/v_BodyWeightSquats_g02_c02.avi,14,8,75,16,51,False,True,0.522491991519928,0.0060803997330367565,0.003924824806745164,0.5310431378893554,57,3,8,8,False,
ucf101,val,v_BodyWeightSquats_g07_c03,data/UCF101_data/UCF-101/BodyWeightSquats/v_BodyWeightSquats_g07_c03.avi,14,8,75,16,14,True,True,0.710582435131073,0.00702400878071785,0.003924824806745164,0.5242164931260049,83,4,8,8,False,
ucf101,val,v_BodyWeightSquats_g01_c01,data/UCF101_data/UCF-101/BodyWeightSquats/v_BodyWeightSquats_g01_c01.avi,14,8,75,16,14,True,True,0.8265170454978943,0.013000559993088245,0.003924824806745164,0.5164280771277845,267,8,8,8,False,
ucf101,val,v_BodyWeightSquats_g06_c05,data/UCF101_data/UCF-101/BodyWeightSquats/v_BodyWeightSquats_g06_c05.avi,14,8,75,16,69,False,False,0.9313924908638,0.01075774384662509,0.003924824806745164,0.5021819355897605,177,8,8,8,False,
ucf101,val,v_BodyWeightSquats_g03_c01,data/UCF101_data/UCF-101/BodyWeightSquats/v_BodyWeightSquats_g03_c01.avi,14,8,75,16,34,False,False,0.2684566378593445,0.010113863740116358,0.003924824806745164,0.4900697027333081,132,7,8,8,False,
ucf101,val,v_BodyWeightSquats_g04_c02,data/UCF101_data/UCF-101/BodyWeightSquats/v_BodyWeightSquats_g04_c02.avi,14,8,75,16,14,True,True,0.6346287131309509,0.0171559639275074,0.003945264121284708,1.2299989857710898,59,3,8,8,False,
ucf101,val,v_BodyWeightSquats_g03_c02,data/UCF101_data/UCF-101/BodyWeightSquats/v_BodyWeightSquats_g03_c02.avi,14,8,75,16,34,False,False,0.28825801610946655,0.006778581999242306,0.003945264121284708,1.2112893271259964,52,3,8,8,False,
ucf101,val,v_BodyWeightSquats_g04_c01,data/UCF101_data/UCF-101/BodyWeightSquats/v_BodyWeightSquats_g04_c01.avi,14,8,75,16,51,False,True,0.6138726472854614,0.009537601843476295,0.003945264121284708,1.203648861963302,130,7,8,8,False,
ucf101,val,v_BodyWeightSquats_g05_c01,data/UCF101_data/UCF-101/BodyWeightSquats/v_BodyWeightSquats_g05_c01.avi,14,8,75,16,14,True,True,0.8943947553634644,0.017027711030095816,0.003945264121284708,1.19308164389804,71,4,8,8,False,
ucf101,val,v_BodyWeightSquats_g04_c03,data/UCF101_data/UCF-101/BodyWeightSquats/v_BodyWeightSquats_g04_c03.avi,14,8,75,16,14,True,True,0.606796145439148,0.008017241954803467,0.003945264121284708,1.1743180016055703,88,5,8,8,False,
ucf101,val,v_BodyWeightSquats_g02_c01,data/UCF101_data/UCF-101/BodyWeightSquats/v_BodyWeightSquats_g02_c01.avi,14,8,75,16,16,False,True,0.20027534663677216,0.0086559122428298,0.003945264121284708,1.1653568837791681,102,5,8,8,False,
ucf101,val,v_BodyWeightSquats_g02_c03,data/UCF101_data/UCF-101/BodyWeightSquats/v_BodyWeightSquats_g02_c03.avi,14,8,75,16,14,True,True,0.37673431634902954,0.00871565891429782,0.003945264121284708,1.1555602736771107,117,6,8,8,False,
ucf101,val,v_BodyWeightSquats_g04_c04,data/UCF101_data/UCF-101/BodyWeightSquats/v_BodyWeightSquats_g04_c04.avi,14,8,75,16,36,False,True,0.3243774175643921,0.0060926019214093685,0.003945264121284708,1.1458642571233213,63,3,8,8,False,
ucf101,val,v_BodyWeightSquats_g01_c04,data/UCF101_data/UCF-101/BodyWeightSquats/v_BodyWeightSquats_g01_c04.avi,14,8,75,16,14,True,True,0.8377835750579834,0.010795777663588524,0.003945264121284708,1.1389639163389802,174,8,8,8,False,
ucf101,val,v_BodyWeightSquats_g06_c04,data/UCF101_data/UCF-101/BodyWeightSquats/v_BodyWeightSquats_g06_c04.avi,14,8,75,16,14,True,True,0.803731381893158,0.007706750649958849,0.003945264121284708,1.127229976002127,95,5,8,8,False,
ucf101,val,v_BodyWeightSquats_g05_c04,data/UCF101_data/UCF-101/BodyWeightSquats/v_BodyWeightSquats_g05_c04.avi,14,8,75,16,51,False,True,0.7491698265075684,0.027012933045625687,0.003945264121284708,1.1186551810242236,260,8,8,8,False,
ucf101,val,v_BodyWeightSquats_g06_c02,data/UCF101_data/UCF-101/BodyWeightSquats/v_BodyWeightSquats_g06_c02.avi,14,8,75,16,14,True,True,0.8336353302001953,0.01126854307949543,0.003945264121284708,1.0884682349860668,122,6,8,8,False,
ucf101,val,v_Bowling_g01_c04,data/UCF101_data/UCF-101/Bowling/v_Bowling_g01_c04.avi,15,8,75,16,15,True,True,0.9920576214790344,0.0422956608235836,0.003945264121284708,1.0762187698855996,155,8,8,8,False,
ucf101,val,v_Bowling_g04_c03,data/UCF101_data/UCF-101/Bowling/v_Bowling_g04_c03.avi,15,8,75,16,15,True,True,0.9890130758285522,0.0316506689414382,0.003945264121284708,1.0299309929832816,137,7,8,8,False,
ucf101,val,v_Bowling_g07_c07,data/UCF101_data/UCF-101/Bowling/v_Bowling_g07_c07.avi,15,8,75,16,15,True,True,0.9920684099197388,0.03262201510369778,0.003945264121284708,0.9950816361233592,130,7,8,8,False,
ucf101,val,v_Bowling_g07_c05,data/UCF101_data/UCF-101/Bowling/v_Bowling_g07_c05.avi,15,8,75,16,15,True,True,0.9920538663864136,0.035025011748075485,0.003945264121284708,0.9592211339622736,141,7,8,8,False,
ucf101,val,v_Bowling_g07_c02,data/UCF101_data/UCF-101/Bowling/v_Bowling_g07_c02.avi,15,8,75,16,15,True,True,0.9921101927757263,0.02519129915162921,0.003945264121284708,0.9217782220803201,100,5,8,8,False,
ucf101,val,v_Bowling_g06_c02,data/UCF101_data/UCF-101/Bowling/v_Bowling_g06_c02.avi,15,8,75,16,15,True,True,0.9825154542922974,0.03236741106957197,0.003945264121284708,0.8942271890118718,132,7,8,8,False,
ucf101,val,v_Bowling_g06_c04,data/UCF101_data/UCF-101/Bowling/v_Bowling_g06_c04.avi,15,8,75,16,59,False,False,0.08283257484436035,0.021069345995783806,0.003945264121284708,0.8586973468773067,72,4,8,8,False,
ucf101,val,v_Bowling_g06_c05,data/UCF101_data/UCF-101/Bowling/v_Bowling_g06_c05.avi,15,8,75,16,15,True,True,0.9856018424034119,0.03246527770534158,0.003945264121284708,0.8339115642011166,130,7,8,8,False,
ucf101,val,v_Bowling_g02_c04,data/UCF101_data/UCF-101/Bowling/v_Bowling_g02_c04.avi,15,8,75,16,15,True,True,0.9892382621765137,0.009997081011533737,0.003945264121284708,0.7992752799764276,117,6,8,8,False,
ucf101,val,v_Bowling_g07_c04,data/UCF101_data/UCF-101/Bowling/v_Bowling_g07_c04.avi,15,8,75,16,15,True,True,0.9921149611473083,0.027439842000603676,0.003945264121284708,0.7882712581194937,125,6,8,8,False,
ucf101,val,v_Bowling_g07_c01,data/UCF101_data/UCF-101/Bowling/v_Bowling_g07_c01.avi,15,8,75,16,15,True,True,0.992138683795929,0.032003034837543964,0.003945264121284708,0.758045582100749,144,7,8,8,False,
ucf101,val,v_Bowling_g01_c06,data/UCF101_data/UCF-101/Bowling/v_Bowling_g01_c06.avi,15,8,75,16,15,True,True,0.9915762543678284,0.032079934142529964,0.003945264121284708,0.7237415029667318,148,7,8,8,False,
ucf101,val,v_Bowling_g05_c06,data/UCF101_data/UCF-101/Bowling/v_Bowling_g05_c06.avi,15,8,75,16,15,True,True,0.9916125535964966,0.028394015971571207,0.003945264121284708,0.6887787049636245,150,7,8,8,False,
ucf101,val,v_Bowling_g06_c03,data/UCF101_data/UCF-101/Bowling/v_Bowling_g06_c03.avi,15,8,75,16,15,True,True,0.21913360059261322,0.019545234739780426,0.003945264121284708,0.6578249428421259,70,4,8,8,False,
ucf101,val,v_Bowling_g01_c03,data/UCF101_data/UCF-101/Bowling/v_Bowling_g01_c03.avi,15,8,75,16,15,True,True,0.9915202260017395,0.03582883579656482,0.003945264121284708,0.6358126630075276,130,7,8,8,False,
ucf101,val,v_Bowling_g04_c02,data/UCF101_data/UCF-101/Bowling/v_Bowling_g04_c02.avi,15,8,75,16,15,True,True,0.9914270639419556,0.030458446126431227,0.003945264121284708,0.5976672400720417,139,7,8,8,False,
ucf101,val,v_Bowling_g05_c07,data/UCF101_data/UCF-101/Bowling/v_Bowling_g05_c07.avi,15,8,75,16,15,True,True,0.9916532635688782,0.02322196587920189,0.003945264121284708,0.5646374057978392,112,6,8,8,False,
ucf101,val,v_Bowling_g04_c04,data/UCF101_data/UCF-101/Bowling/v_Bowling_g04_c04.avi,15,8,75,16,15,True,True,0.9791891574859619,0.014636444859206676,0.003945264121284708,0.5388620439916849,50,3,8,8,False,
ucf101,val,v_Bowling_g02_c01,data/UCF101_data/UCF-101/Bowling/v_Bowling_g02_c01.avi,15,8,75,16,15,True,True,0.9898197054862976,0.007582286838442087,0.003945264121284708,0.5223137359134853,82,4,8,8,False,
ucf101,val,v_Bowling_g03_c02,data/UCF101_data/UCF-101/Bowling/v_Bowling_g03_c02.avi,15,8,75,16,15,True,True,0.9880127906799316,0.03168508084490895,0.003945264121284708,0.5138147827237844,139,7,8,8,False,
ucf101,val,v_BoxingPunchingBag_g02_c01,data/UCF101_data/UCF-101/BoxingPunchingBag/v_BoxingPunchingBag_g02_c01.avi,16,8,75,16,16,True,True,0.6217279434204102,0.027808148879557848,0.003605348654673435,1.3329632128588855,131,7,8,8,False,
ucf101,val,v_BoxingPunchingBag_g06_c02,data/UCF101_data/UCF-101/BoxingPunchingBag/v_BoxingPunchingBag_g06_c02.avi,16,8,75,16,17,False,True,0.778893768787384,0.01011813897639513,0.003605348654673435,1.3006311017088592,128,6,8,8,False,
ucf101,val,v_BoxingPunchingBag_g03_c02,data/UCF101_data/UCF-101/BoxingPunchingBag/v_BoxingPunchingBag_g03_c02.avi,16,8,75,16,16,True,True,0.5515558123588562,0.010338510386645794,0.003605348654673435,1.2893754341639578,152,8,8,8,False,
ucf101,val,v_BoxingPunchingBag_g06_c03,data/UCF101_data/UCF-101/BoxingPunchingBag/v_BoxingPunchingBag_g06_c03.avi,16,8,75,16,17,False,True,0.5159516334533691,0.009672691114246845,0.003605348654673435,1.278010779991746,131,7,8,8,False,
ucf101,val,v_BoxingPunchingBag_g06_c04,data/UCF101_data/UCF-101/BoxingPunchingBag/v_BoxingPunchingBag_g06_c04.avi,16,8,75,16,17,False,True,0.815991997718811,0.01089066592976451,0.003605348654673435,1.2673219530843198,127,6,8,8,False,
ucf101,val,v_BoxingPunchingBag_g01_c03,data/UCF101_data/UCF-101/BoxingPunchingBag/v_BoxingPunchingBag_g01_c03.avi,16,8,75,16,16,True,True,0.9633732438087463,0.0098094348795712,0.003605348654673435,1.255480539985001,148,7,8,8,False,
ucf101,val,v_BoxingPunchingBag_g06_c05,data/UCF101_data/UCF-101/BoxingPunchingBag/v_BoxingPunchingBag_g06_c05.avi,16,8,75,16,17,False,True,0.8483037948608398,0.00692710978910327,0.003605348654673435,1.244694881606847,65,4,8,8,False,
ucf101,val,v_BoxingPunchingBag_g01_c06,data/UCF101_data/UCF-101/BoxingPunchingBag/v_BoxingPunchingBag_g01_c06.avi,16,8,75,16,16,True,True,0.9573331475257874,0.010328506119549274,0.003605348654673435,1.2369030183181167,164,8,8,8,False,
ucf101,val,v_BoxingPunchingBag_g04_c06,data/UCF101_data/UCF-101/BoxingPunchingBag/v_BoxingPunchingBag_g04_c06.avi,16,8,75,16,16,True,True,0.7619284987449646,0.011652338784188032,0.003605348654673435,1.2256742608733475,205,8,8,8,False,
ucf101,val,v_BoxingPunchingBag_g07_c04,data/UCF101_data/UCF-101/BoxingPunchingBag/v_BoxingPunchingBag_g07_c04.avi,16,8,75,16,16,True,True,0.9842038750648499,0.014325753785669804,0.003605348654673435,1.2129988549277186,285,8,8,8,False,
ucf101,val,v_BoxingPunchingBag_g07_c06,data/UCF101_data/UCF-101/BoxingPunchingBag/v_BoxingPunchingBag_g07_c06.avi,16,8,75,16,16,True,True,0.9825974106788635,0.014377694111317396,0.003605348654673435,1.1975359129719436,279,8,8,8,False,
ucf101,val,v_BoxingPunchingBag_g05_c06,data/UCF101_data/UCF-101/BoxingPunchingBag/v_BoxingPunchingBag_g05_c06.avi,16,8,75,16,16,True,True,0.91312575340271,0.013590892311185598,0.003605348654673435,1.1817777762189507,246,8,8,8,False,
ucf101,val,v_BoxingPunchingBag_g03_c07,data/UCF101_data/UCF-101/BoxingPunchingBag/v_BoxingPunchingBag_g03_c07.avi,16,8,75,16,17,False,True,0.4401579797267914,0.011976146139204502,0.003605348654673435,1.1669057528488338,227,8,8,8,False,
ucf101,val,v_BoxingPunchingBag_g03_c03,data/UCF101_data/UCF-101/BoxingPunchingBag/v_BoxingPunchingBag_g03_c03.avi,16,8,75,16,17,False,True,0.4878377318382263,0.010920528322458267,0.003605348654673435,1.153806233778596,185,8,8,8,False,
ucf101,val,v_BoxingPunchingBag_g02_c07,data/UCF101_data/UCF-101/BoxingPunchingBag/v_BoxingPunchingBag_g02_c07.avi,16,8,75,16,16,True,True,0.7203214764595032,0.013855590019375086,0.003605348654673435,1.1418403396382928,285,8,8,8,False,
ucf101,val,v_BoxingPunchingBag_g07_c03,data/UCF101_data/UCF-101/BoxingPunchingBag/v_BoxingPunchingBag_g07_c03.avi,16,8,75,16,16,True,True,0.9800270199775696,0.01459591556340456,0.003605348654673435,1.126825678627938,287,8,8,8,False,
ucf101,val,v_BoxingPunchingBag_g07_c05,data/UCF101_data/UCF-101/BoxingPunchingBag/v_BoxingPunchingBag_g07_c05.avi,16,8,75,16,16,True,True,0.9813994765281677,0.015230595599859953,0.003605348654673435,1.111074567772448,311,8,8,8,False,
ucf101,val,v_BoxingPunchingBag_g06_c01,data/UCF101_data/UCF-101/BoxingPunchingBag/v_BoxingPunchingBag_g06_c01.avi,16,8,75,16,17,False,True,0.8519648909568787,0.00972736719995737,0.003605348654673435,1.0944846468046308,132,7,8,8,False,
ucf101,val,v_BoxingPunchingBag_g02_c06,data/UCF101_data/UCF-101/BoxingPunchingBag/v_BoxingPunchingBag_g02_c06.avi,16,8,75,16,16,True,True,0.9564155340194702,0.01144073298200965,0.003605348654673435,1.083868486341089,179,8,8,8,False,
ucf101,val,v_BoxingPunchingBag_g01_c05,data/UCF101_data/UCF-101/BoxingPunchingBag/v_BoxingPunchingBag_g01_c05.avi,16,8,75,16,16,True,True,0.9578667283058167,0.0106044034473598,0.003605348654673435,1.070742713753134,169,8,8,8,False,
ucf101,val,v_BoxingSpeedBag_g04_c07,data/UCF101_data/UCF-101/BoxingSpeedBag/v_BoxingSpeedBag_g04_c07.avi,17,8,75,16,17,True,True,0.8833516240119934,0.06116601312533021,0.003605348654673435,1.059167472179979,299,8,8,8,False,
ucf101,val,v_BoxingSpeedBag_g06_c05,data/UCF101_data/UCF-101/BoxingSpeedBag/v_BoxingSpeedBag_g06_c05.avi,17,8,75,16,17,True,True,0.9433692097663879,0.02812005067244172,0.003605348654673435,0.9951151330024004,125,6,8,8,False,
ucf101,val,v_BoxingSpeedBag_g05_c01,data/UCF101_data/UCF-101/BoxingSpeedBag/v_BoxingSpeedBag_g05_c01.avi,17,8,75,16,34,False,True,0.3656643331050873,0.02970215817913413,0.003605348654673435,0.9643182321451604,135,7,8,8,False,
ucf101,val,v_BoxingSpeedBag_g02_c01,data/UCF101_data/UCF-101/BoxingSpeedBag/v_BoxingSpeedBag_g02_c01.avi,17,8,75,16,17,True,True,0.9616739749908447,0.03816088289022446,0.003605348654673435,0.9319217698648572,171,8,8,8,False,
ucf101,val,v_BoxingSpeedBag_g01_c01,data/UCF101_data/UCF-101/BoxingSpeedBag/v_BoxingSpeedBag_g01_c01.avi,17,8,75,16,17,True,True,0.9403197765350342,0.03214050596579909,0.003605348654673435,0.8905780939385295,131,7,8,8,False,
ucf101,val,v_BoxingSpeedBag_g07_c06,data/UCF101_data/UCF-101/BoxingSpeedBag/v_BoxingSpeedBag_g07_c06.avi,17,8,75,16,17,True,True,0.4458896815776825,0.08756128512322903,0.003605348654673435,0.8567863702774048,437,8,8,8,False,
ucf101,val,v_BoxingSpeedBag_g07_c07,data/UCF101_data/UCF-101/BoxingSpeedBag/v_BoxingSpeedBag_g07_c07.avi,17,8,75,16,17,True,True,0.8229145407676697,0.0993947428651154,0.003605348654673435,0.7664208877831697,452,8,8,8,False,
ucf101,val,v_BoxingSpeedBag_g04_c06,data/UCF101_data/UCF-101/BoxingSpeedBag/v_BoxingSpeedBag_g04_c06.avi,17,8,75,16,17,True,True,0.8880202770233154,0.054062128998339176,0.003605348654673435,0.6644464950077236,252,8,8,8,False,
ucf101,val,v_BoxingSpeedBag_g01_c04,data/UCF101_data/UCF-101/BoxingSpeedBag/v_BoxingSpeedBag_g01_c04.avi,17,8,75,16,17,True,True,0.8836575746536255,0.01892866101115942,0.003605348654673435,0.6082719606347382,71,4,8,8,False,
ucf101,val,v_BoxingSpeedBag_g01_c03,data/UCF101_data/UCF-101/BoxingSpeedBag/v_BoxingSpeedBag_g01_c03.avi,17,8,75,16,17,True,True,0.8469007611274719,0.022801655810326338,0.003605348654673435,0.5869392747990787,99,5,8,8,False,
ucf101,val,v_BoxingSpeedBag_g04_c05,data/UCF101_data/UCF-101/BoxingSpeedBag/v_BoxingSpeedBag_g04_c05.avi,17,8,75,16,17,True,True,0.8765777349472046,0.046393978875130415,0.003605348654673435,0.5620115590281785,224,8,8,8,False,
ucf101,val,v_BoxingSpeedBag_g02_c03,data/UCF101_data/UCF-101/BoxingSpeedBag/v_BoxingSpeedBag_g02_c03.avi,17,8,75,16,17,True,True,0.4981052875518799,0.04147948883473873,0.003605348654673435,0.513629131950438,178,8,8,8,False,
ucf101,val,v_BoxingSpeedBag_g04_c04,data/UCF101_data/UCF-101/BoxingSpeedBag/v_BoxingSpeedBag_g04_c04.avi,17,8,75,16,17,True,True,0.8933371901512146,0.048537550028413534,0.003494495846098289,1.224902501795441,203,8,8,8,False,
ucf101,val,v_BoxingSpeedBag_g03_c01,data/UCF101_data/UCF-101/BoxingSpeedBag/v_BoxingSpeedBag_g03_c01.avi,17,8,75,16,17,True,True,0.9655071496963501,0.031347066164016724,0.003494495846098289,1.1736754761077464,120,6,8,8,False,
ucf101,val,v_BoxingSpeedBag_g07_c04,data/UCF101_data/UCF-101/BoxingSpeedBag/v_BoxingSpeedBag_g07_c04.avi,17,8,75,16,34,False,True,0.3367488980293274,0.09785924106836319,0.003494495846098289,1.1394754722714424,466,8,8,8,False,
ucf101,val,v_BoxingSpeedBag_g03_c04,data/UCF101_data/UCF-101/BoxingSpeedBag/v_BoxingSpeedBag_g03_c04.avi,17,8,75,16,17,True,True,0.9801403880119324,0.03863330977037549,0.003494495846098289,1.0372190806083381,147,7,8,8,False,
ucf101,val,v_BoxingSpeedBag_g06_c03,data/UCF101_data/UCF-101/BoxingSpeedBag/v_BoxingSpeedBag_g06_c03.avi,17,8,75,16,17,True,True,0.9637091159820557,0.058597967959940434,0.003494495846098289,0.9954768680036068,250,8,8,8,False,
ucf101,val,v_BoxingSpeedBag_g02_c04,data/UCF101_data/UCF-101/BoxingSpeedBag/v_BoxingSpeedBag_g02_c04.avi,17,8,75,16,38,False,True,0.3861345648765564,0.030961714684963226,0.003494495846098289,0.9339574249461293,136,7,8,8,False,
ucf101,val,v_BoxingSpeedBag_g05_c02,data/UCF101_data/UCF-101/BoxingSpeedBag/v_BoxingSpeedBag_g05_c02.avi,17,8,75,16,17,True,True,0.8830641508102417,0.034538865089416504,0.003494495846098289,0.8996770489029586,164,8,8,8,False,
ucf101,val,v_BoxingSpeedBag_g03_c02,data/UCF101_data/UCF-101/BoxingSpeedBag/v_BoxingSpeedBag_g03_c02.avi,17,8,75,16,17,True,True,0.9725542068481445,0.03804262122139335,0.003494495846098289,0.8623252171091735,138,7,8,8,False,
ucf101,val,v_BreastStroke_g02_c02,data/UCF101_data/UCF-101/BreastStroke/v_BreastStroke_g02_c02.avi,18,8,75,16,18,True,True,0.9269306063652039,0.018327252008020878,0.003494495846098289,0.8212344297207892,302,8,8,8,False,
ucf101,val,v_BreastStroke_g04_c03,data/UCF101_data/UCF-101/BreastStroke/v_BreastStroke_g04_c03.avi,18,8,75,16,18,True,True,0.7860399484634399,0.015820758882910013,0.003494495846098289,0.8005727091804147,192,8,8,8,False,
ucf101,val,v_BreastStroke_g05_c02,data/UCF101_data/UCF-101/BreastStroke/v_BreastStroke_g05_c02.avi,18,8,75,16,18,True,True,0.9630456566810608,0.014939151238650084,0.003494495846098289,0.7838515713810921,225,8,8,8,False,
ucf101,val,v_BreastStroke_g06_c03,data/UCF101_data/UCF-101/BreastStroke/v_BreastStroke_g06_c03.avi,18,8,75,16,18,True,True,0.9375950694084167,0.010461461264640093,0.003494495846098289,0.7678905008360744,100,5,8,8,False,
ucf101,val,v_BreastStroke_g03_c02,data/UCF101_data/UCF-101/BreastStroke/v_BreastStroke_g03_c02.avi,18,8,75,16,18,True,True,0.9408677220344543,0.01519362861290574,0.003494495846098289,0.7564983679912984,179,8,8,8,False,
ucf101,val,v_BreastStroke_g05_c04,data/UCF101_data/UCF-101/BreastStroke/v_BreastStroke_g05_c04.avi,18,8,75,16,18,True,True,0.8259449005126953,0.016269318759441376,0.003494495846098289,0.7404575040563941,333,8,8,8,False,
ucf101,val,v_BreastStroke_g06_c01,data/UCF101_data/UCF-101/BreastStroke/v_BreastStroke_g06_c01.avi,18,8,75,16,18,True,True,0.5994185209274292,0.011750670615583658,0.003494495846098289,0.7232720232568681,116,6,8,8,False,
ucf101,val,v_BreastStroke_g05_c01,data/UCF101_data/UCF-101/BreastStroke/v_BreastStroke_g05_c01.avi,18,8,75,16,18,True,True,0.9046043753623962,0.013386317994445562,0.003494495846098289,0.7104498483240604,150,7,8,8,False,
ucf101,val,v_BreastStroke_g01_c01,data/UCF101_data/UCF-101/BreastStroke/v_BreastStroke_g01_c01.avi,18,8,75,16,18,True,True,0.9585978388786316,0.01018813205882907,0.003494495846098289,0.6962225730530918,96,5,8,8,False,
ucf101,val,v_BreastStroke_g07_c02,data/UCF101_data/UCF-101/BreastStroke/v_BreastStroke_g07_c02.avi,18,8,75,16,18,True,True,0.8984580636024475,0.015231640078127384,0.003494495846098289,0.6851932741701603,305,8,8,8,False,
ucf101,val,v_BreastStroke_g06_c04,data/UCF101_data/UCF-101/BreastStroke/v_BreastStroke_g06_c04.avi,18,8,75,16,18,True,True,0.9179549217224121,0.011667137034237385,0.003494495846098289,0.6690465961582959,114,6,8,8,False,
ucf101,val,v_BreastStroke_g01_c04,data/UCF101_data/UCF-101/BreastStroke/v_BreastStroke_g01_c04.avi,18,8,75,16,18,True,True,0.9561842083930969,0.010093993972986937,0.003494495846098289,0.65648885210976,96,5,8,8,False,
ucf101,val,v_BreastStroke_g02_c01,data/UCF101_data/UCF-101/BreastStroke/v_BreastStroke_g02_c01.avi,18,8,75,16,18,True,True,0.9488182067871094,0.01416759192943573,0.003494495846098289,0.6455769129097462,227,8,8,8,False,
ucf101,val,v_BreastStroke_g04_c04,data/UCF101_data/UCF-101/BreastStroke/v_BreastStroke_g04_c04.avi,18,8,75,16,18,True,True,0.5558226108551025,0.014309506863355637,0.003494495846098289,0.6305966996587813,217,8,8,8,False,
ucf101,val,v_BreastStroke_g01_c02,data/UCF101_data/UCF-101/BreastStroke/v_BreastStroke_g01_c02.avi,18,8,75,16,18,True,True,0.9580254554748535,0.010225003119558096,0.003494495846098289,0.6154378587380052,96,5,8,8,False,
ucf101,val,v_BreastStroke_g04_c02,data/UCF101_data/UCF-101/BreastStroke/v_BreastStroke_g04_c02.avi,18,8,75,16,18,True,True,0.8551595211029053,0.014713224954903126,0.003494495846098289,0.6041356329806149,183,8,8,8,False,
ucf101,val,v_BreastStroke_g03_c04,data/UCF101_data/UCF-101/BreastStroke/v_BreastStroke_g03_c04.avi,18,8,75,16,18,True,True,0.514640212059021,0.015016937162727118,0.003494495846098289,0.5884676058776677,187,8,8,8,False,
ucf101,val,v_BreastStroke_g03_c01,data/UCF101_data/UCF-101/BreastStroke/v_BreastStroke_g03_c01.avi,18,8,75,16,31,False,True,0.5359403491020203,0.014959442894905806,0.003494495846098289,0.572516183834523,176,8,8,8,False,
ucf101,val,v_BreastStroke_g01_c03,data/UCF101_data/UCF-101/BreastStroke/v_BreastStroke_g01_c03.avi,18,8,75,16,18,True,True,0.9647741317749023,0.010339262895286083,0.003494495846098289,0.5566656598821282,96,5,8,8,False,
ucf101,val,v_BreastStroke_g07_c03,data/UCF101_data/UCF-101/BreastStroke/v_BreastStroke_g07_c03.avi,18,8,75,16,18,True,True,0.8989554047584534,0.01170682581141591,0.003494495846098289,0.5455508301965892,127,6,8,8,False,
ucf101,val,v_BrushingTeeth_g04_c03,data/UCF101_data/UCF-101/BrushingTeeth/v_BrushingTeeth_g04_c03.avi,19,8,75,16,77,False,True,0.9602379202842712,0.02055447082966566,0.003494495846098289,0.5329340500757098,100,5,8,8,False,
ucf101,val,v_BrushingTeeth_g03_c03,data/UCF101_data/UCF-101/BrushingTeeth/v_BrushingTeeth_g03_c03.avi,19,8,75,16,19,True,True,0.9667786955833435,0.014868171885609627,0.003494495846098289,0.5101277818903327,226,8,8,8,False,
ucf101,val,v_BrushingTeeth_g05_c02,data/UCF101_data/UCF-101/BrushingTeeth/v_BrushingTeeth_g05_c02.avi,19,8,75,16,0,False,True,0.5179606676101685,0.011492623947560787,0.003494495846098289,0.493264130782336,195,8,8,8,False,
ucf101,val,v_BrushingTeeth_g07_c05,data/UCF101_data/UCF-101/BrushingTeeth/v_BrushingTeeth_g07_c05.avi,19,8,75,16,19,True,True,0.9556612372398376,0.01337299682199955,0.003494495846098289,0.48072425508871675,249,8,8,8,False,
ucf101,val,v_BrushingTeeth_g04_c01,data/UCF101_data/UCF-101/BrushingTeeth/v_BrushingTeeth_g04_c01.avi,19,8,75,16,77,False,True,0.9164454936981201,0.040600514970719814,0.0035404600348556414,1.1489264760166407,193,8,8,8,False,
ucf101,val,v_BrushingTeeth_g07_c02,data/UCF101_data/UCF-101/BrushingTeeth/v_BrushingTeeth_g07_c02.avi,19,8,75,16,19,True,True,0.957308828830719,0.013972192071378231,0.0035404600348556414,1.1051820861175656,229,8,8,8,False,
ucf101,val,v_BrushingTeeth_g03_c05,data/UCF101_data/UCF-101/BrushingTeeth/v_BrushingTeeth_g03_c05.avi,19,8,75,16,19,True,True,0.938766598701477,0.012911390978842974,0.0035404600348556414,1.0900774030014873,231,8,8,8,False,
ucf101,val,v_BrushingTeeth_g02_c05,data/UCF101_data/UCF-101/BrushingTeeth/v_BrushingTeeth_g02_c05.avi,19,8,75,16,77,False,False,0.5559792518615723,0.09450414963066578,0.0035404600348556414,1.0760482167825103,748,8,8,8,False,
ucf101,val,v_BrushingTeeth_g06_c03,data/UCF101_data/UCF-101/BrushingTeeth/v_BrushingTeeth_g06_c03.avi,19,8,75,16,0,False,True,0.27388498187065125,0.01741058798506856,0.0035404600348556414,0.9784152628853917,309,8,8,8,False,
ucf101,val,v_BrushingTeeth_g01_c02,data/UCF101_data/UCF-101/BrushingTeeth/v_BrushingTeeth_g01_c02.avi,19,8,75,16,19,True,True,0.9156695604324341,0.008743288926780224,0.0035404600348556414,0.9598349966108799,109,6,8,8,False,
ucf101,val,v_BrushingTeeth_g01_c03,data/UCF101_data/UCF-101/BrushingTeeth/v_BrushingTeeth_g01_c03.avi,19,8,75,16,19,True,True,0.9306077361106873,0.008803036995232105,0.0035404600348556414,0.9501170818693936,122,6,8,8,False,
ucf101,val,v_BrushingTeeth_g05_c01,data/UCF101_data/UCF-101/BrushingTeeth/v_BrushingTeeth_g05_c01.avi,19,8,75,16,33,False,True,0.4176771640777588,0.01038456056267023,0.0035404600348556414,0.9403953929431736,170,8,8,8,False,
ucf101,val,v_BrushingTeeth_g07_c03,data/UCF101_data/UCF-101/BrushingTeeth/v_BrushingTeeth_g07_c03.avi,19,8,75,16,19,True,True,0.9555343389511108,0.010740016121417284,0.0035404600348556414,0.929091100115329,158,8,8,8,False,
ucf101,val,v_BrushingTeeth_g06_c04,data/UCF101_data/UCF-101/BrushingTeeth/v_BrushingTeeth_g06_c04.avi,19,8,75,16,1,False,True,0.5181881189346313,0.015515571925789118,0.0035404600348556414,0.917270087171346,337,8,8,8,False,
ucf101,val,v_BrushingTeeth_g06_c02,data/UCF101_data/UCF-101/BrushingTeeth/v_BrushingTeeth_g06_c02.avi,19,8,75,16,19,True,True,0.8502288460731506,0.013089355081319809,0.0035404600348556414,0.9004914611577988,249,8,8,8,False,
ucf101,val,v_BrushingTeeth_g01_c01,data/UCF101_data/UCF-101/BrushingTeeth/v_BrushingTeeth_g01_c01.avi,19,8,75,16,19,True,True,0.9003881216049194,0.007812457159161568,0.0035404600348556414,0.8863440807908773,103,5,8,8,False,
ucf101,val,v_BrushingTeeth_g02_c07,data/UCF101_data/UCF-101/BrushingTeeth/v_BrushingTeeth_g02_c07.avi,19,8,75,16,19,True,True,0.8262670040130615,0.03081827564164996,0.0035404600348556414,0.8774723648093641,793,8,8,8,False,
ucf101,val,v_BrushingTeeth_g02_c01,data/UCF101_data/UCF-101/BrushingTeeth/v_BrushingTeeth_g02_c01.avi,19,8,75,16,19,True,True,0.5265741348266602,0.06523866020143032,0.0035404600348556414,0.8447810518555343,716,8,8,8,False,
ucf101,val,v_BrushingTeeth_g05_c03,data/UCF101_data/UCF-101/BrushingTeeth/v_BrushingTeeth_g05_c03.avi,19,8,75,16,77,False,True,0.3471023738384247,0.01341713359579444,0.0035404600348556414,0.7774953786283731,210,8,8,8,False,
ucf101,val,v_BrushingTeeth_g02_c02,data/UCF101_data/UCF-101/BrushingTeeth/v_BrushingTeeth_g02_c02.avi,19,8,75,16,77,False,True,0.7825115919113159,0.05279426695778966,0.0035404600348556414,0.7630289690569043,732,8,8,8,False,
ucf101,val,v_CleanAndJerk_g07_c01,data/UCF101_data/UCF-101/CleanAndJerk/v_CleanAndJerk_g07_c01.avi,20,8,75,16,20,True,True,0.9792091846466064,0.015637917909771204,0.0035404600348556414,0.707788098603487,228,8,8,8,False,
ucf101,val,v_CleanAndJerk_g06_c04,data/UCF101_data/UCF-101/CleanAndJerk/v_CleanAndJerk_g06_c04.avi,20,8,75,16,20,True,True,0.9408802390098572,0.01610711170360446,0.0035404600348556414,0.691350341308862,246,8,8,8,False,
ucf101,val,v_CleanAndJerk_g04_c03,data/UCF101_data/UCF-101/CleanAndJerk/v_CleanAndJerk_g04_c03.avi,20,8,75,16,20,True,True,0.9496222734451294,0.013774372637271881,0.0035404600348556414,0.6741797090508044,146,7,8,8,False,
ucf101,val,v_CleanAndJerk_g01_c01,data/UCF101_data/UCF-101/CleanAndJerk/v_CleanAndJerk_g01_c01.avi,20,8,75,16,20,True,True,0.5628643035888672,0.010478570125997066,0.0035404600348556414,0.6596065638586879,100,5,8,8,False,
ucf101,val,v_CleanAndJerk_g01_c04,data/UCF101_data/UCF-101/CleanAndJerk/v_CleanAndJerk_g01_c04.avi,20,8,75,16,20,True,True,0.3720971643924713,0.012015155050903559,0.0035404600348556414,0.6483115088194609,119,6,8,8,False,
ucf101,val,v_CleanAndJerk_g01_c03,data/UCF101_data/UCF-101/CleanAndJerk/v_CleanAndJerk_g01_c03.avi,20,8,75,16,20,True,True,0.18287727236747742,0.012212485074996948,0.0035404600348556414,0.6352228559553623,124,6,8,8,False,
ucf101,val,v_CleanAndJerk_g05_c03,data/UCF101_data/UCF-101/CleanAndJerk/v_CleanAndJerk_g05_c03.avi,20,8,75,16,20,True,True,0.9821138978004456,0.013445272110402584,0.0035404600348556414,0.6222251569852233,146,7,8,8,False,
ucf101,val,v_CleanAndJerk_g01_c05,data/UCF101_data/UCF-101/CleanAndJerk/v_CleanAndJerk_g01_c05.avi,20,8,75,16,20,True,True,0.29420626163482666,0.012692108750343323,0.0035404600348556414,0.608007769100368,121,6,8,8,False,
ucf101,val,v_CleanAndJerk_g07_c03,data/UCF101_data/UCF-101/CleanAndJerk/v_CleanAndJerk_g07_c03.avi,20,8,75,16,20,True,True,0.977921187877655,0.01484621874988079,0.0035404600348556414,0.5943658421747386,228,8,8,8,False,
ucf101,val,v_CleanAndJerk_g01_c02,data/UCF101_data/UCF-101/CleanAndJerk/v_CleanAndJerk_g01_c02.avi,20,8,75,16,20,True,True,0.9383965134620667,0.012382175773382187,0.0035404600348556414,0.5785213271155953,113,6,8,8,False,
ucf101,val,v_CleanAndJerk_g03_c03,data/UCF101_data/UCF-101/CleanAndJerk/v_CleanAndJerk_g03_c03.avi,20,8,75,16,20,True,True,0.9806911945343018,0.015317013952881098,0.0035404600348556414,0.5649710069410503,276,8,8,8,False,
ucf101,val,v_CleanAndJerk_g04_c04,data/UCF101_data/UCF-101/CleanAndJerk/v_CleanAndJerk_g04_c04.avi,20,8,75,16,20,True,True,0.9448134899139404,0.015072489157319069,0.0035404600348556414,0.5487462249584496,152,8,8,8,False,
ucf101,val,v_CleanAndJerk_g06_c01,data/UCF101_data/UCF-101/CleanAndJerk/v_CleanAndJerk_g06_c01.avi,20,8,75,16,20,True,True,0.9760932922363281,0.015636101830750704,0.0035404600348556414,0.5328574911691248,190,8,8,8,False,
ucf101,val,v_CleanAndJerk_g06_c02,data/UCF101_data/UCF-101/CleanAndJerk/v_CleanAndJerk_g06_c02.avi,20,8,75,16,20,True,True,0.9346110224723816,0.014822979923337698,0.0035404600348556414,0.5163004910573363,194,8,8,8,False,
ucf101,val,v_CleanAndJerk_g03_c05,data/UCF101_data/UCF-101/CleanAndJerk/v_CleanAndJerk_g03_c05.avi,20,8,75,16,20,True,True,0.9776062965393066,0.015398900024592876,0.0035404600348556414,0.5006891400553286,238,8,8,8,False,
ucf101,val,v_CleanAndJerk_g04_c05,data/UCF101_data/UCF-101/CleanAndJerk/v_CleanAndJerk_g04_c05.avi,20,8,75,16,20,True,True,0.9683595299720764,0.01581153180450201,0.0035404600348556414,0.4844547468237579,237,8,8,8,False,
ucf101,val,v_CleanAndJerk_g05_c04,data/UCF101_data/UCF-101/CleanAndJerk/v_CleanAndJerk_g05_c04.avi,20,8,75,16,20,True,True,0.981860876083374,0.034456213004887104,0.0036241352499928325,0.7942128949798644,206,8,8,8,False,
ucf101,val,v_CleanAndJerk_g03_c01,data/UCF101_data/UCF-101/CleanAndJerk/v_CleanAndJerk_g03_c01.avi,20,8,75,16,20,True,True,0.9784245491027832,0.015804884023964405,0.0036241352499928325,0.7584010120481253,172,8,8,8,False,
ucf101,val,v_CleanAndJerk_g02_c01,data/UCF101_data/UCF-101/CleanAndJerk/v_CleanAndJerk_g02_c01.avi,20,8,75,16,20,True,True,0.9751969575881958,0.01035774638876319,0.0036241352499928325,0.7418007939122617,103,5,8,8,False,
ucf101,val,v_CleanAndJerk_g03_c04,data/UCF101_data/UCF-101/CleanAndJerk/v_CleanAndJerk_g03_c04.avi,20,8,75,16,20,True,True,0.9781562089920044,0.01586411288008094,0.0036241352499928325,0.7306243730708957,293,8,8,8,False,
ucf101,val,v_CliffDiving_g01_c03,data/UCF101_data/UCF-101/CliffDiving/v_CliffDiving_g01_c03.avi,21,8,75,16,21,True,True,0.9732226729393005,0.007143741939216852,0.0036241352499928325,0.7139004049822688,72,4,8,8,False,
ucf101,val,v_CliffDiving_g05_c04,data/UCF101_data/UCF-101/CliffDiving/v_CliffDiving_g05_c04.avi,21,8,75,16,73,False,True,0.24933408200740814,0.0067671663127839565,0.0036241352499928325,0.705962467007339,68,4,8,8,False,
ucf101,val,v_CliffDiving_g03_c04,data/UCF101_data/UCF-101/CliffDiving/v_CliffDiving_g03_c04.avi,21,8,75,16,21,True,True,0.39966514706611633,0.008099426049739122,0.0036241352499928325,0.6984265362843871,104,5,8,8,False,
ucf101,val,v_CliffDiving_g04_c01,data/UCF101_data/UCF-101/CliffDiving/v_CliffDiving_g04_c01.avi,21,8,75,16,41,False,True,0.3005891740322113,0.007937625981867313,0.0036241352499928325,0.6891854559071362,101,5,8,8,False,
ucf101,val,v_CliffDiving_g02_c01,data/UCF101_data/UCF-101/CliffDiving/v_CliffDiving_g02_c01.avi,21,8,75,16,37,False,True,0.5472137331962585,0.007152479607611895,0.0036241352499928325,0.6802937528118491,78,4,8,8,False,
ucf101,val,v_CliffDiving_g07_c05,data/UCF101_data/UCF-101/CliffDiving/v_CliffDiving_g07_c05.avi,21,8,75,16,21,True,True,0.9403334856033325,0.006928531918674707,0.0036241352499928325,0.6723756710998714,72,4,8,8,False,
ucf101,val,v_CliffDiving_g06_c01,data/UCF101_data/UCF-101/CliffDiving/v_CliffDiving_g06_c01.avi,21,8,75,16,72,False,True,0.3038771450519562,0.00694378511980176,0.0036241352499928325,0.6646306389011443,81,4,8,8,False,
ucf101,val,v_CliffDiving_g02_c04,data/UCF101_data/UCF-101/CliffDiving/v_CliffDiving_g02_c04.avi,21,8,75,16,37,False,True,0.5147180557250977,0.007443191949278116,0.0036241352499928325,0.6569288200698793,82,4,8,8,False,
ucf101,val,v_CliffDiving_g06_c04,data/UCF101_data/UCF-101/CliffDiving/v_CliffDiving_g06_c04.avi,21,8,75,16,21,True,True,0.9667708873748779,0.007950702216476202,0.0036241352499928325,0.6486802380532026,89,5,8,8,False,
ucf101,val,v_CliffDiving_g06_c05,data/UCF101_data/UCF-101/CliffDiving/v_CliffDiving_g06_c05.avi,21,8,75,16,88,False,True,0.18706302344799042,0.007050222251564264,0.0036241352499928325,0.6398311639204621,85,4,8,8,False,
ucf101,val,v_CliffDiving_g02_c02,data/UCF101_data/UCF-101/CliffDiving/v_CliffDiving_g02_c02.avi,21,8,75,16,21,True,True,0.9251450300216675,0.008467827923595905,0.0036241352499928325,0.6319704097695649,97,5,8,8,False,
ucf101,val,v_CliffDiving_g06_c02,data/UCF101_data/UCF-101/CliffDiving/v_CliffDiving_g06_c02.avi,21,8,75,16,21,True,True,0.9745262861251831,0.006801350973546505,0.0036241352499928325,0.6226143627427518,71,4,8,8,False,
ucf101,val,v_CliffDiving_g01_c06,data/UCF101_data/UCF-101/CliffDiving/v_CliffDiving_g01_c06.avi,21,8,75,16,21,True,True,0.6127251982688904,0.006727588828653097,0.0036241352499928325,0.6149837379343808,76,4,8,8,False,
ucf101,val,v_CliffDiving_g05_c07,data/UCF101_data/UCF-101/CliffDiving/v_CliffDiving_g05_c07.avi,21,8,75,16,21,True,True,0.9477875828742981,0.007673825137317181,0.0036241352499928325,0.6074542519636452,94,5,8,8,False,
ucf101,val,v_CliffDiving_g06_c07,data/UCF101_data/UCF-101/CliffDiving/v_CliffDiving_g06_c07.avi,21,8,75,16,21,True,True,0.9824330806732178,0.007737184874713421,0.0036241352499928325,0.5988576449453831,88,5,8,8,False,
ucf101,val,v_CliffDiving_g07_c04,data/UCF101_data/UCF-101/CliffDiving/v_CliffDiving_g07_c04.avi,21,8,75,16,21,True,True,0.9585114121437073,0.00728177884593606,0.0036241352499928325,0.5902484469115734,84,4,8,8,False,
ucf101,val,v_CliffDiving_g01_c01,data/UCF101_data/UCF-101/CliffDiving/v_CliffDiving_g01_c01.avi,21,8,75,16,21,True,True,0.9828550815582275,0.009548825211822987,0.0036241352499928325,0.5819495380856097,90,5,8,8,False,
ucf101,val,v_CliffDiving_g05_c06,data/UCF101_data/UCF-101/CliffDiving/v_CliffDiving_g05_c06.avi,21,8,75,16,21,True,True,0.955746591091156,0.007965896744281054,0.0036241352499928325,0.5713636772707105,97,5,8,8,False,
ucf101,val,v_CliffDiving_g03_c01,data/UCF101_data/UCF-101/CliffDiving/v_CliffDiving_g03_c01.avi,21,8,75,16,21,True,True,0.9590839743614197,0.007997970096766949,0.0036241352499928325,0.5624630921520293,92,5,8,8,False,
ucf101,val,v_CliffDiving_g05_c05,data/UCF101_data/UCF-101/CliffDiving/v_CliffDiving_g05_c05.avi,21,8,75,16,21,True,True,0.7703455090522766,0.006806731224060059,0.0036241352499928325,0.5535491770133376,86,4,8,8,False,
ucf101,val,v_CricketBowling_g03_c02,data/UCF101_data/UCF-101/CricketBowling/v_CricketBowling_g03_c02.avi,22,8,75,16,37,False,False,0.5019094944000244,0.008718605153262615,0.0036241352499928325,0.5459484909661114,117,6,8,8,False,
ucf101,val,v_CricketBowling_g03_c04,data/UCF101_data/UCF-101/CricketBowling/v_CricketBowling_g03_c04.avi,22,8,75,16,37,False,False,0.5113999843597412,0.007776853162795305,0.0036241352499928325,0.5362866441719234,101,5,8,8,False,
ucf101,val,v_CricketBowling_g02_c04,data/UCF101_data/UCF-101/CricketBowling/v_CricketBowling_g02_c04.avi,22,8,75,16,22,True,True,0.7220794558525085,0.010323990136384964,0.0036241352499928325,0.5276564406231046,159,8,8,8,False,
ucf101,val,v_CricketBowling_g01_c07,data/UCF101_data/UCF-101/CricketBowling/v_CricketBowling_g01_c07.avi,22,8,75,16,22,True,True,0.7810648083686829,0.008479504846036434,0.0036241352499928325,0.5164339356124401,120,6,8,8,False,
ucf101,val,v_CricketBowling_g05_c02,data/UCF101_data/UCF-101/CricketBowling/v_CricketBowling_g05_c02.avi,22,8,75,16,23,False,True,0.9480820298194885,0.008310184348374605,0.0036241352499928325,0.5070486660115421,111,6,8,8,False,
ucf101,val,v_CricketBowling_g06_c01,data/UCF101_data/UCF-101/CricketBowling/v_CricketBowling_g06_c01.avi,22,8,75,16,22,True,True,0.6783410310745239,0.01002213405445218,0.0036241352499928325,0.4979554112069309,160,8,8,8,False,
ucf101,val,v_CricketBowling_g01_c02,data/UCF101_data/UCF-101/CricketBowling/v_CricketBowling_g01_c02.avi,22,8,75,16,22,True,True,0.8729950785636902,0.0061759562231600285,0.0036241352499928325,0.48702642088755965,61,3,8,8,False,
ucf101,val,v_CricketBowling_g06_c04,data/UCF101_data/UCF-101/CricketBowling/v_CricketBowling_g06_c04.avi,22,8,75,16,22,True,True,0.6634103059768677,0.00927940383553505,0.0036241352499928325,0.4797535506077111,150,7,8,8,False,
ucf101,val,v_CricketBowling_g07_c04,data/UCF101_data/UCF-101/CricketBowling/v_CricketBowling_g07_c04.avi,22,8,75,16,23,False,True,0.9188383221626282,0.019162848126143217,0.0034545393427833915,0.7768959160894156,84,4,8,8,False,
ucf101,val,v_CricketBowling_g02_c01,data/UCF101_data/UCF-101/CricketBowling/v_CricketBowling_g02_c01.avi,22,8,75,16,22,True,True,0.7474657893180847,0.009621792938560247,0.0034545393427833915,0.7550356406718493,123,6,8,8,False,
ucf101,val,v_CricketBowling_g07_c01,data/UCF101_data/UCF-101/CricketBowling/v_CricketBowling_g07_c01.avi,22,8,75,16,22,True,True,0.6016832590103149,0.006993918213993311,0.0034545393427833915,0.7443886329419911,65,4,8,8,False,
ucf101,val,v_CricketBowling_g03_c01,data/UCF101_data/UCF-101/CricketBowling/v_CricketBowling_g03_c01.avi,22,8,75,16,37,False,False,0.39325517416000366,0.0191283137537539,0.0034545393427833915,0.7364541417919099,100,5,8,8,False,
ucf101,val,v_CricketBowling_g02_c05,data/UCF101_data/UCF-101/CricketBowling/v_CricketBowling_g02_c05.avi,22,8,75,16,22,True,True,0.8225304484367371,0.010742904152721167,0.0034545393427833915,0.7147636120207608,133,7,8,8,False,
ucf101,val,v_CricketBowling_g02_c03,data/UCF101_data/UCF-101/CricketBowling/v_CricketBowling_g02_c03.avi,22,8,75,16,22,True,True,0.64726722240448,0.008643992710858583,0.0034545393427833915,0.7027508988976479,115,6,8,8,False,
ucf101,val,v_CricketBowling_g05_c04,data/UCF101_data/UCF-101/CricketBowling/v_CricketBowling_g05_c04.avi,22,8,75,16,23,False,True,0.9210226535797119,0.007682581897825003,0.0034545393427833915,0.6931487508118153,107,5,8,8,False,
ucf101,val,v_CricketBowling_g04_c04,data/UCF101_data/UCF-101/CricketBowling/v_CricketBowling_g04_c04.avi,22,8,75,16,91,False,False,0.5265533328056335,0.007709187921136618,0.0034545393427833915,0.6845589517615736,103,5,8,8,False,
ucf101,val,v_CricketBowling_g01_c01,data/UCF101_data/UCF-101/CricketBowling/v_CricketBowling_g01_c01.avi,22,8,75,16,22,True,True,0.8945077657699585,0.006745696067810059,0.0034545393427833915,0.6757888570427895,69,4,8,8,False,
ucf101,val,v_CricketBowling_g05_c03,data/UCF101_data/UCF-101/CricketBowling/v_CricketBowling_g05_c03.avi,22,8,75,16,23,False,True,0.8928414583206177,0.007826216984540224,0.0034545393427833915,0.668114862870425,98,5,8,8,False,
ucf101,val,v_CricketBowling_g02_c06,data/UCF101_data/UCF-101/CricketBowling/v_CricketBowling_g02_c06.avi,22,8,75,16,22,True,True,0.8653181791305542,0.009375233203172684,0.0034545393427833915,0.6594438427127898,130,7,8,8,False,
ucf101,val,v_CricketBowling_g07_c02,data/UCF101_data/UCF-101/CricketBowling/v_CricketBowling_g07_c02.avi,22,8,75,16,23,False,True,0.7852140069007874,0.006898418068885803,0.0034545393427833915,0.6492561171762645,75,4,8,8,False,
ucf101,val,v_CricketShot_g03_c04,data/UCF101_data/UCF-101/CricketShot/v_CricketShot_g03_c04.avi,23,8,75,16,23,True,True,0.49430131912231445,0.007971278857439756,0.0034545393427833915,0.6415549898520112,101,5,8,8,False,
ucf101,val,v_CricketShot_g01_c05,data/UCF101_data/UCF-101/CricketShot/v_CricketShot_g01_c05.avi,23,8,75,16,22,False,True,0.7412962317466736,0.007691945414990187,0.0034545393427833915,0.6326504228636622,95,5,8,8,False,
ucf101,val,v_CricketShot_g07_c07,data/UCF101_data/UCF-101/CricketShot/v_CricketShot_g07_c07.avi,23,8,75,16,88,False,True,0.46412354707717896,0.007902220357209444,0.0034545393427833915,0.6240506200119853,102,5,8,8,False,
ucf101,val,v_CricketShot_g04_c02,data/UCF101_data/UCF-101/CricketShot/v_CricketShot_g04_c02.avi,23,8,75,16,22,False,True,0.7753734588623047,0.008660746738314629,0.0034545393427833915,0.6152319819666445,116,6,8,8,False,
ucf101,val,v_CricketShot_g06_c07,data/UCF101_data/UCF-101/CricketShot/v_CricketShot_g06_c07.avi,23,8,75,16,23,True,True,0.9206721782684326,0.007803562097251415,0.0034545393427833915,0.605712799821049,100,5,8,8,False,
ucf101,val,v_CricketShot_g05_c05,data/UCF101_data/UCF-101/CricketShot/v_CricketShot_g05_c05.avi,23,8,75,16,23,True,True,0.9606797099113464,0.006300116889178753,0.0034545393427833915,0.5970191867090762,56,3,8,8,False,
ucf101,val,v_CricketShot_g04_c05,data/UCF101_data/UCF-101/CricketShot/v_CricketShot_g04_c05.avi,23,8,75,16,23,True,True,0.49731841683387756,0.006990187335759401,0.0034545393427833915,0.5899411821737885,84,4,8,8,False,
ucf101,val,v_CricketShot_g05_c07,data/UCF101_data/UCF-101/CricketShot/v_CricketShot_g05_c07.avi,23,8,75,16,23,True,True,0.9715219140052795,0.006844949908554554,0.0034545393427833915,0.5820486480370164,66,4,8,8,False,
ucf101,val,v_CricketShot_g04_c01,data/UCF101_data/UCF-101/CricketShot/v_CricketShot_g04_c01.avi,23,8,75,16,22,False,True,0.7833500504493713,0.006848603952676058,0.0034545393427833915,0.5741983610205352,80,4,8,8,False,
ucf101,val,v_CricketShot_g01_c02,data/UCF101_data/UCF-101/CricketShot/v_CricketShot_g01_c02.avi,23,8,75,16,22,False,True,0.8191795945167542,0.007915019989013672,0.0034545393427833915,0.5665409076027572,91,5,8,8,False,
ucf101,val,v_CricketShot_g02_c01,data/UCF101_data/UCF-101/CricketShot/v_CricketShot_g02_c01.avi,23,8,75,16,23,True,True,0.975451648235321,0.007946002762764692,0.0034545393427833915,0.5577402990311384,105,5,8,8,False,
ucf101,val,v_CricketShot_g03_c03,data/UCF101_data/UCF-101/CricketShot/v_CricketShot_g03_c03.avi,23,8,75,16,23,True,True,0.877951979637146,0.008479548152536154,0.0034545393427833915,0.5487185441888869,93,5,8,8,False,
ucf101,val,v_CricketShot_g02_c05,data/UCF101_data/UCF-101/CricketShot/v_CricketShot_g02_c05.avi,23,8,75,16,23,True,True,0.9741049408912659,0.009295260068029165,0.0034545393427833915,0.5392714678309858,127,6,8,8,False,
ucf101,val,v_CricketShot_g06_c03,data/UCF101_data/UCF-101/CricketShot/v_CricketShot_g06_c03.avi,23,8,75,16,23,True,True,0.9106932878494263,0.00904586911201477,0.0034545393427833915,0.5289889327250421,118,6,8,8,False,
ucf101,val,v_CricketShot_g01_c03,data/UCF101_data/UCF-101/CricketShot/v_CricketShot_g01_c03.avi,23,8,75,16,22,False,True,0.777161180973053,0.00787827419117093,0.0034545393427833915,0.5191429601982236,95,5,8,8,False,
ucf101,val,v_CricketShot_g01_c07,data/UCF101_data/UCF-101/CricketShot/v_CricketShot_g01_c07.avi,23,8,75,16,22,False,True,0.8940255045890808,0.0070698936469852924,0.0034545393427833915,0.5103701283223927,71,4,8,8,False,
ucf101,val,v_CricketShot_g04_c07,data/UCF101_data/UCF-101/CricketShot/v_CricketShot_g04_c07.avi,23,8,75,16,22,False,True,0.9142712950706482,0.008169009815901518,0.0034545393427833915,0.5023485166020691,88,5,8,8,False,
ucf101,val,v_CricketShot_g07_c04,data/UCF101_data/UCF-101/CricketShot/v_CricketShot_g07_c04.avi,23,8,75,16,23,True,True,0.6573948860168457,0.009414785075932741,0.0034545393427833915,0.4933300008997321,118,6,8,8,False,
ucf101,val,v_CricketShot_g04_c03,data/UCF101_data/UCF-101/CricketShot/v_CricketShot_g04_c03.avi,23,8,75,16,22,False,True,0.8799434304237366,0.007850195281207561,0.0034545393427833915,0.48290185211226344,99,5,8,8,False,
ucf101,val,v_CricketShot_g07_c01,data/UCF101_data/UCF-101/CricketShot/v_CricketShot_g07_c01.avi,23,8,75,16,22,False,True,0.5320408344268799,0.008196107111871243,0.0034545393427833915,0.4739288347773254,100,5,8,8,False,
ucf101,val,v_CuttingInKitchen_g05_c03,data/UCF101_data/UCF-101/CuttingInKitchen/v_CuttingInKitchen_g05_c03.avi,24,8,75,16,24,True,True,0.9404585361480713,0.0441145277582109,0.0036230326222721487,0.9194139079190791,251,8,8,8,False,
ucf101,val,v_CuttingInKitchen_g06_c04,data/UCF101_data/UCF-101/CuttingInKitchen/v_CuttingInKitchen_g06_c04.avi,24,8,75,16,24,True,True,0.9367198348045349,0.011251082178205252,0.0036230326222721487,0.8731968561187387,168,8,8,8,False,
ucf101,val,v_CuttingInKitchen_g05_c02,data/UCF101_data/UCF-101/CuttingInKitchen/v_CuttingInKitchen_g05_c02.avi,24,8,75,16,24,True,True,0.8723247647285461,0.011944714933633804,0.0036230326222721487,0.8606743849813938,234,8,8,8,False,
ucf101,val,v_CuttingInKitchen_g04_c04,data/UCF101_data/UCF-101/CuttingInKitchen/v_CuttingInKitchen_g04_c04.avi,24,8,75,16,24,True,True,0.9718657732009888,0.011203545145690441,0.0036230326222721487,0.8476087697781622,182,8,8,8,False,
ucf101,val,v_CuttingInKitchen_g01_c04,data/UCF101_data/UCF-101/CuttingInKitchen/v_CuttingInKitchen_g01_c04.avi,24,8,75,16,24,True,True,0.9204537868499756,0.010346970055252314,0.0036230326222721487,0.8354009287431836,169,8,8,8,False,
ucf101,val,v_CuttingInKitchen_g03_c04,data/UCF101_data/UCF-101/CuttingInKitchen/v_CuttingInKitchen_g03_c04.avi,24,8,75,16,24,True,True,0.9701744914054871,0.01350034261122346,0.0036230326222721487,0.8241969407536089,260,8,8,8,False,
ucf101,val,v_CuttingInKitchen_g05_c01,data/UCF101_data/UCF-101/CuttingInKitchen/v_CuttingInKitchen_g05_c01.avi,24,8,75,16,24,True,True,0.9647587537765503,0.012408114038407803,0.0036230326222721487,0.8093412020243704,237,8,8,8,False,
ucf101,val,v_CuttingInKitchen_g02_c02,data/UCF101_data/UCF-101/CuttingInKitchen/v_CuttingInKitchen_g02_c02.avi,24,8,75,16,24,True,True,0.5494726300239563,0.007523572072386742,0.0036230326222721487,0.7958759609609842,89,5,8,8,False,
ucf101,val,v_CuttingInKitchen_g02_c04,data/UCF101_data/UCF-101/CuttingInKitchen/v_CuttingInKitchen_g02_c04.avi,24,8,75,16,24,True,True,0.5981939435005188,0.009255157317966223,0.0036230326222721487,0.7872721878811717,147,7,8,8,False,
ucf101,val,v_CuttingInKitchen_g01_c02,data/UCF101_data/UCF-101/CuttingInKitchen/v_CuttingInKitchen_g01_c02.avi,24,8,75,16,24,True,True,0.9728807806968689,0.007631094194948673,0.0036230326222721487,0.7770969020202756,105,5,8,8,False,
ucf101,val,v_CuttingInKitchen_g05_c05,data/UCF101_data/UCF-101/CuttingInKitchen/v_CuttingInKitchen_g05_c05.avi,24,8,75,16,24,True,True,0.8983680009841919,0.012333995196968317,0.0036230326222721487,0.768595342990011,238,8,8,8,False,
ucf101,val,v_CuttingInKitchen_g04_c01,data/UCF101_data/UCF-101/CuttingInKitchen/v_CuttingInKitchen_g04_c01.avi,24,8,75,16,24,True,True,0.9699511528015137,0.00819715391844511,0.0036230326222721487,0.7551422109827399,97,5,8,8,False,
ucf101,val,v_CuttingInKitchen_g01_c01,data/UCF101_data/UCF-101/CuttingInKitchen/v_CuttingInKitchen_g01_c01.avi,24,8,75,16,24,True,True,0.9007534384727478,0.014111691154539585,0.0036230326222721487,0.7461103247478604,301,8,8,8,False,
ucf101,val,v_CuttingInKitchen_g07_c01,data/UCF101_data/UCF-101/CuttingInKitchen/v_CuttingInKitchen_g07_c01.avi,24,8,75,16,24,True,True,0.9655674695968628,0.01698009902611375,0.0036230326222721487,0.7307839430868626,81,4,8,8,False,
ucf101,val,v_CuttingInKitchen_g04_c05,data/UCF101_data/UCF-101/CuttingInKitchen/v_CuttingInKitchen_g04_c05.avi,24,8,75,16,24,True,True,0.9676177501678467,0.013112674932926893,0.0036230326222721487,0.7111990698613226,208,8,8,8,False,
ucf101,val,v_CuttingInKitchen_g06_c02,data/UCF101_data/UCF-101/CuttingInKitchen/v_CuttingInKitchen_g06_c02.avi,24,8,75,16,24,True,True,0.9637795686721802,0.012762650847434998,0.0036230326222721487,0.6970068672671914,273,8,8,8,False,
ucf101,val,v_CuttingInKitchen_g03_c03,data/UCF101_data/UCF-101/CuttingInKitchen/v_CuttingInKitchen_g03_c03.avi,24,8,75,16,24,True,True,0.9460636377334595,0.013032413087785244,0.0036230326222721487,0.6829882599413395,266,8,8,8,False,
ucf101,val,v_CuttingInKitchen_g05_c04,data/UCF101_data/UCF-101/CuttingInKitchen/v_CuttingInKitchen_g05_c04.avi,24,8,75,16,24,True,True,0.9578668475151062,0.011683525051921606,0.0036230326222721487,0.6688654501922429,232,8,8,8,False,
ucf101,val,v_CuttingInKitchen_g05_c06,data/UCF101_data/UCF-101/CuttingInKitchen/v_CuttingInKitchen_g05_c06.avi,24,8,75,16,24,True,True,0.7769646644592285,0.009377177339047194,0.0036230326222721487,0.656113354023546,141,7,8,8,False,
ucf101,val,v_CuttingInKitchen_g03_c02,data/UCF101_data/UCF-101/CuttingInKitchen/v_CuttingInKitchen_g03_c02.avi,24,8,75,16,24,True,True,0.9179010987281799,0.011510476004332304,0.0036230326222721487,0.6458578747697175,201,8,8,8,False,
ucf101,val,v_Diving_g04_c01,data/UCF101_data/UCF-101/Diving/v_Diving_g04_c01.avi,25,8,75,16,25,True,True,0.9600464105606079,0.010278248228132725,0.0036230326222721487,0.633286003023386,106,5,8,8,False,
ucf101,val,v_Diving_g06_c06,data/UCF101_data/UCF-101/Diving/v_Diving_g06_c06.avi,25,8,75,16,25,True,True,0.9846172332763672,0.014247831888496876,0.0036230326222721487,0.6221720208413899,219,8,8,8,False,
ucf101,val,v_Diving_g03_c07,data/UCF101_data/UCF-101/Diving/v_Diving_g03_c07.avi,25,8,75,16,25,True,True,0.9770492911338806,0.010091458447277546,0.0036230326222721487,0.6071288948878646,103,5,8,8,False,
ucf101,val,v_Diving_g02_c01,data/UCF101_data/UCF-101/Diving/v_Diving_g02_c01.avi,25,8,75,16,25,True,True,0.9780137538909912,0.012979418970644474,0.0036230326222721487,0.5961776860058308,134,7,8,8,False,
ucf101,val,v_Diving_g03_c06,data/UCF101_data/UCF-101/Diving/v_Diving_g03_c06.avi,25,8,75,16,25,True,True,0.9812322854995728,0.01177116297185421,0.0036230326222721487,0.582232114393264,115,6,8,8,False,
ucf101,val,v_Diving_g05_c05,data/UCF101_data/UCF-101/Diving/v_Diving_g05_c05.avi,25,8,75,16,25,True,True,0.9777460098266602,0.010118743870407343,0.0036230326222721487,0.5697155222296715,101,5,8,8,False,
ucf101,val,v_Diving_g06_c07,data/UCF101_data/UCF-101/Diving/v_Diving_g06_c07.avi,25,8,75,16,25,True,True,0.9857122302055359,0.015099511947482824,0.0036230326222721487,0.5587214510887861,242,8,8,8,False,
ucf101,val,v_Diving_g04_c06,data/UCF101_data/UCF-101/Diving/v_Diving_g04_c06.avi,25,8,75,16,25,True,True,0.9847924709320068,0.01182149164378643,0.0036230326222721487,0.5428959475830197,120,6,8,8,False,
ucf101,val,v_Diving_g07_c02,data/UCF101_data/UCF-101/Diving/v_Diving_g07_c02.avi,25,8,75,16,25,True,True,0.9817179441452026,0.01464043091982603,0.0036230326222721487,0.5303289340808988,158,8,8,8,False,
ucf101,val,v_Diving_g04_c05,data/UCF101_data/UCF-101/Diving/v_Diving_g04_c05.avi,25,8,75,16,25,True,True,0.6947993040084839,0.013256167061626911,0.0036230326222721487,0.5148139488883317,150,7,8,8,False,
ucf101,val,v_Diving_g03_c05,data/UCF101_data/UCF-101/Diving/v_Diving_g03_c05.avi,25,8,75,16,25,True,True,0.9843073487281799,0.01523037301376462,0.0036230326222721487,0.5007875757291913,248,8,8,8,False,
ucf101,val,v_Diving_g02_c02,data/UCF101_data/UCF-101/Diving/v_Diving_g02_c02.avi,25,8,75,16,25,True,True,0.9838345050811768,0.014696459751576185,0.0036230326222721487,0.4845709800720215,151,8,8,8,False,
ucf101,val,v_Diving_g02_c06,data/UCF101_data/UCF-101/Diving/v_Diving_g02_c06.avi,25,8,75,16,25,True,True,0.9744442701339722,0.03539799340069294,0.003904906247043982,1.003609502222389,152,8,8,8,False,
ucf101,val,v_Diving_g06_c04,data/UCF101_data/UCF-101/Diving/v_Diving_g06_c04.avi,25,8,75,16,25,True,True,0.9846990704536438,0.01504617603495717,0.003904906247043982,0.9650555439293385,216,8,8,8,False,
ucf101,val,v_Diving_g07_c04,data/UCF101_data/UCF-101/Diving/v_Diving_g07_c04.avi,25,8,75,16,25,True,True,0.9859419465065002,0.014691451098769903,0.003904906247043982,0.9491813820786774,173,8,8,8,False,
ucf101,val,v_Diving_g07_c03,data/UCF101_data/UCF-101/Diving/v_Diving_g07_c03.avi,25,8,75,16,25,True,True,0.9824674725532532,0.014054230879992247,0.003904906247043982,0.9336560489609838,216,8,8,8,False,
ucf101,val,v_Diving_g05_c03,data/UCF101_data/UCF-101/Diving/v_Diving_g05_c03.avi,25,8,75,16,25,True,True,0.972873330116272,0.010169046930968761,0.003904906247043982,0.9187751696445048,106,5,8,8,False,
ucf101,val,v_Diving_g04_c03,data/UCF101_data/UCF-101/Diving/v_Diving_g04_c03.avi,25,8,75,16,25,True,True,0.9795640110969543,0.0130707579664886,0.003904906247043982,0.9077563541941345,146,7,8,8,False,
ucf101,val,v_Diving_g01_c06,data/UCF101_data/UCF-101/Diving/v_Diving_g01_c06.avi,25,8,75,16,25,True,True,0.987700343132019,0.015311892144382,0.003904906247043982,0.8937143450602889,255,8,8,8,False,
ucf101,val,v_Diving_g06_c05,data/UCF101_data/UCF-101/Diving/v_Diving_g06_c05.avi,25,8,75,16,25,True,True,0.9047330617904663,0.011703803669661283,0.003904906247043982,0.8775684549473226,125,6,8,8,False,
ucf101,val,v_Drumming_g06_c05,data/UCF101_data/UCF-101/Drumming/v_Drumming_g06_c05.avi,26,8,75,16,60,False,True,0.8956513404846191,0.017155430279672146,0.003904906247043982,0.8650127057917416,300,8,8,8,False,
ucf101,val,v_Drumming_g04_c01,data/UCF101_data/UCF-101/Drumming/v_Drumming_g04_c01.avi,26,8,75,16,26,True,True,0.7781869173049927,0.015481288079172373,0.003904906247043982,0.8467836789786816,300,8,8,8,False,
ucf101,val,v_Drumming_g04_c07,data/UCF101_data/UCF-101/Drumming/v_Drumming_g04_c07.avi,26,8,75,16,26,True,True,0.9579082131385803,0.015506803058087826,0.003904906247043982,0.8303567790426314,300,8,8,8,False,
ucf101,val,v_Drumming_g06_c04,data/UCF101_data/UCF-101/Drumming/v_Drumming_g06_c04.avi,26,8,75,16,60,False,True,0.8468953967094421,0.015695924870669842,0.003904906247043982,0.813822453841567,300,8,8,8,False,
ucf101,val,v_Drumming_g01_c01,data/UCF101_data/UCF-101/Drumming/v_Drumming_g01_c01.avi,26,8,75,16,26,True,True,0.9865583777427673,0.015820456203073263,0.003904906247043982,0.7972692348994315,300,8,8,8,False,
ucf101,val,v_Drumming_g07_c06,data/UCF101_data/UCF-101/Drumming/v_Drumming_g07_c06.avi,26,8,75,16,26,True,True,0.986080527305603,0.01579507114365697,0.003904906247043982,0.7802981110289693,300,8,8,8,False,
ucf101,val,v_Drumming_g03_c05,data/UCF101_data/UCF-101/Drumming/v_Drumming_g03_c05.avi,26,8,75,16,26,True,True,0.8506646156311035,0.014678971841931343,0.003904906247043982,0.763720584101975,153,8,8,8,False,
ucf101,val,v_Drumming_g02_c07,data/UCF101_data/UCF-101/Drumming/v_Drumming_g02_c07.avi,26,8,75,16,26,True,True,0.9878777265548706,0.015529957134276628,0.003904906247043982,0.7481643692590296,300,8,8,8,False,
ucf101,val,v_Drumming_g05_c02,data/UCF101_data/UCF-101/Drumming/v_Drumming_g05_c02.avi,26,8,75,16,26,True,True,0.9824582934379578,0.014921109657734632,0.003904906247043982,0.7317836512811482,177,8,8,8,False,
ucf101,val,v_Drumming_g04_c02,data/UCF101_data/UCF-101/Drumming/v_Drumming_g04_c02.avi,26,8,75,16,26,True,True,0.9801557660102844,0.016025433782488108,0.003904906247043982,0.7159867510199547,300,8,8,8,False,
ucf101,val,v_Drumming_g05_c04,data/UCF101_data/UCF-101/Drumming/v_Drumming_g05_c04.avi,26,8,75,16,26,True,True,0.983632504940033,0.014548069797456264,0.003904906247043982,0.6989135579206049,208,8,8,8,False,
ucf101,val,v_Drumming_g05_c03,data/UCF101_data/UCF-101/Drumming/v_Drumming_g05_c03.avi,26,8,75,16,26,True,True,0.9790495038032532,0.014514888636767864,0.003904906247043982,0.6835487359203398,176,8,8,8,False,
ucf101,val,v_Drumming_g06_c02,data/UCF101_data/UCF-101/Drumming/v_Drumming_g06_c02.avi,26,8,75,16,60,False,True,0.6902174949645996,0.015781830996274948,0.003904906247043982,0.6678969720378518,300,8,8,8,False,
ucf101,val,v_Drumming_g06_c06,data/UCF101_data/UCF-101/Drumming/v_Drumming_g06_c06.avi,26,8,75,16,60,False,True,0.914711594581604,0.016005427110940218,0.003904906247043982,0.6513244453817606,300,8,8,8,False,
ucf101,val,v_Drumming_g03_c03,data/UCF101_data/UCF-101/Drumming/v_Drumming_g03_c03.avi,26,8,75,16,26,True,True,0.9656959772109985,0.01165095902979374,0.003904906247043982,0.6344540789723396,111,6,8,8,False,
ucf101,val,v_Drumming_g03_c02,data/UCF101_data/UCF-101/Drumming/v_Drumming_g03_c02.avi,26,8,75,16,26,True,True,0.7189024090766907,0.014369438868016005,0.003904906247043982,0.6220943448133767,231,8,8,8,False,
ucf101,val,v_Drumming_g07_c05,data/UCF101_data/UCF-101/Drumming/v_Drumming_g07_c05.avi,26,8,75,16,26,True,True,0.9876370429992676,0.01556355506181717,0.003904906247043982,0.6069345087744296,300,8,8,8,False,
ucf101,val,v_Drumming_g06_c01,data/UCF101_data/UCF-101/Drumming/v_Drumming_g06_c01.avi,26,8,75,16,60,False,True,0.8886538743972778,0.01588028110563755,0.003904906247043982,0.590483115054667,300,8,8,8,False,
ucf101,val,v_Drumming_g04_c05,data/UCF101_data/UCF-101/Drumming/v_Drumming_g04_c05.avi,26,8,75,16,60,False,True,0.1709858477115631,0.015483936294913292,0.003904906247043982,0.5736681199632585,300,8,8,8,False,
ucf101,val,v_Drumming_g01_c06,data/UCF101_data/UCF-101/Drumming/v_Drumming_g01_c06.avi,26,8,75,16,26,True,True,0.986578106880188,0.015776447020471096,0.003904906247043982,0.5570824192836881,300,8,8,8,False,
ucf101,val,v_Fencing_g01_c06,data/UCF101_data/UCF-101/Fencing/v_Fencing_g01_c06.avi,27,8,75,16,27,True,True,0.9482761025428772,0.015003308188170195,0.003904906247043982,0.5403963141143322,174,8,8,8,False,
ucf101,val,v_Fencing_g04_c03,data/UCF101_data/UCF-101/Fencing/v_Fencing_g04_c03.avi,27,8,75,16,27,True,True,0.9441739916801453,0.015300708822906017,0.003904906247043982,0.5245387861505151,152,8,8,8,False,
ucf101,val,v_Fencing_g05_c01,data/UCF101_data/UCF-101/Fencing/v_Fencing_g05_c01.avi,27,8,75,16,27,True,True,0.9093834161758423,0.013193403836339712,0.003904906247043982,0.5083883008919656,139,7,8,8,False,
ucf101,val,v_Fencing_g01_c03,data/UCF101_data/UCF-101/Fencing/v_Fencing_g01_c03.avi,27,8,75,16,27,True,True,0.9523690938949585,0.013436123263090849,0.003904906247043982,0.4943469571880996,147,7,8,8,False,
ucf101,val,v_Fencing_g06_c01,data/UCF101_data/UCF-101/Fencing/v_Fencing_g06_c01.avi,27,8,75,16,27,True,True,0.9510361552238464,0.031230001244693995,0.003605921592679806,0.8815324297174811,142,7,8,8,False,
ucf101,val,v_Fencing_g05_c04,data/UCF101_data/UCF-101/Fencing/v_Fencing_g05_c04.avi,27,8,75,16,27,True,True,0.9432904124259949,0.013592124916613102,0.003605921592679806,0.8480298002250493,130,7,8,8,False,
ucf101,val,v_Fencing_g02_c02,data/UCF101_data/UCF-101/Fencing/v_Fencing_g02_c02.avi,27,8,75,16,27,True,True,0.8758924007415771,0.01319410977885127,0.003605921592679806,0.8336722711101174,132,7,8,8,False,
ucf101,val,v_Fencing_g07_c02,data/UCF101_data/UCF-101/Fencing/v_Fencing_g07_c02.avi,27,8,75,16,27,True,True,0.9728514552116394,0.011998516973108053,0.003605921592679806,0.8195486008189619,110,6,8,8,False,
ucf101,val,v_Fencing_g02_c04,data/UCF101_data/UCF-101/Fencing/v_Fencing_g02_c04.avi,27,8,75,16,27,True,True,0.9629163146018982,0.011863126885145903,0.003605921592679806,0.8068213518708944,119,6,8,8,False,
ucf101,val,v_Fencing_g06_c02,data/UCF101_data/UCF-101/Fencing/v_Fencing_g06_c02.avi,27,8,75,16,27,True,True,0.8706570863723755,0.015161796938627958,0.003605921592679806,0.7940296148881316,151,8,8,8,False,
ucf101,val,v_Fencing_g02_c01,data/UCF101_data/UCF-101/Fencing/v_Fencing_g02_c01.avi,27,8,75,16,27,True,True,0.9428192377090454,0.013455548789352179,0.003605921592679806,0.7778688999824226,142,7,8,8,False,
ucf101,val,v_Fencing_g01_c05,data/UCF101_data/UCF-101/Fencing/v_Fencing_g01_c05.avi,27,8,75,16,27,True,True,0.9095656871795654,0.013205667026340961,0.003605921592679806,0.7636428633704782,136,7,8,8,False,
ucf101,val,v_Fencing_g01_c01,data/UCF101_data/UCF-101/Fencing/v_Fencing_g01_c01.avi,27,8,75,16,27,True,True,0.9162008762359619,0.013215196784585714,0.003605921592679806,0.749657176900655,147,7,8,8,False,
ucf101,val,v_Fencing_g01_c02,data/UCF101_data/UCF-101/Fencing/v_Fencing_g01_c02.avi,27,8,75,16,27,True,True,0.9449219703674316,0.014796809293329716,0.003605921592679806,0.7354502826929092,161,8,8,8,False,
ucf101,val,v_Fencing_g06_c03,data/UCF101_data/UCF-101/Fencing/v_Fencing_g06_c03.avi,27,8,75,16,27,True,True,0.9639898538589478,0.01186026819050312,0.003605921592679806,0.7198441908694804,126,6,8,8,False,
ucf101,val,v_Fencing_g03_c05,data/UCF101_data/UCF-101/Fencing/v_Fencing_g03_c05.avi,27,8,75,16,27,True,True,0.7514156103134155,0.013147993013262749,0.003605921592679806,0.707264123018831,138,7,8,8,False,
ucf101,val,v_Fencing_g07_c01,data/UCF101_data/UCF-101/Fencing/v_Fencing_g07_c01.avi,27,8,75,16,27,True,True,0.9801051020622253,0.013183897826820612,0.003605921592679806,0.6933304783888161,147,7,8,8,False,
ucf101,val,v_Fencing_g03_c04,data/UCF101_data/UCF-101/Fencing/v_Fencing_g03_c04.avi,27,8,75,16,27,True,True,0.9477061629295349,0.009936373680830002,0.003605921592679806,0.6793703380972147,94,5,8,8,False,
ucf101,val,v_Fencing_g03_c03,data/UCF101_data/UCF-101/Fencing/v_Fencing_g03_c03.avi,27,8,75,16,27,True,True,0.9595176577568054,0.011569779831916094,0.003605921592679806,0.6685991301201284,111,6,8,8,False,
ucf101,val,v_Fencing_g04_c01,data/UCF101_data/UCF-101/Fencing/v_Fencing_g04_c01.avi,27,8,75,16,27,True,True,0.9346756935119629,0.015174086205661297,0.003605921592679806,0.6561058638617396,170,8,8,8,False,
ucf101,val,v_FieldHockeyPenalty_g07_c01,data/UCF101_data/UCF-101/FieldHockeyPenalty/v_FieldHockeyPenalty_g07_c01.avi,28,8,75,16,28,True,True,0.8595654964447021,0.007075539790093899,0.003605921592679806,0.6401125639677048,72,4,8,8,False,
ucf101,val,v_FieldHockeyPenalty_g03_c02,data/UCF101_data/UCF-101/FieldHockeyPenalty/v_FieldHockeyPenalty_g03_c02.avi,28,8,75,16,28,True,True,0.9535650610923767,0.006928692106157541,0.003605921592679806,0.632054029032588,82,4,8,8,False,
ucf101,val,v_FieldHockeyPenalty_g05_c03,data/UCF101_data/UCF-101/FieldHockeyPenalty/v_FieldHockeyPenalty_g05_c03.avi,28,8,75,16,28,True,True,0.9612541198730469,0.008605162613093853,0.003605921592679806,0.6243210448883474,112,6,8,8,False,
ucf101,val,v_FieldHockeyPenalty_g06_c03,data/UCF101_data/UCF-101/FieldHockeyPenalty/v_FieldHockeyPenalty_g06_c03.avi,28,8,75,16,84,False,True,0.3651808798313141,0.010465167928487062,0.003605921592679806,0.6147722979076207,170,8,8,8,False,
ucf101,val,v_FieldHockeyPenalty_g05_c04,data/UCF101_data/UCF-101/FieldHockeyPenalty/v_FieldHockeyPenalty_g05_c04.avi,28,8,75,16,28,True,True,0.9396804571151733,0.007150463294237852,0.003605921592679806,0.6033097552135587,67,4,8,8,False,
ucf101,val,v_FieldHockeyPenalty_g04_c01,data/UCF101_data/UCF-101/FieldHockeyPenalty/v_FieldHockeyPenalty_g04_c01.avi,28,8,75,16,28,True,True,0.6994633674621582,0.018555557820945978,0.003605921592679806,0.5953848017379642,66,4,8,8,False,
ucf101,val,v_FieldHockeyPenalty_g02_c05,data/UCF101_data/UCF-101/FieldHockeyPenalty/v_FieldHockeyPenalty_g02_c05.avi,28,8,75,16,84,False,True,0.29903078079223633,0.011254074051976204,0.003605921592679806,0.5756083312444389,169,8,8,8,False,
ucf101,val,v_FieldHockeyPenalty_g01_c01,data/UCF101_data/UCF-101/FieldHockeyPenalty/v_FieldHockeyPenalty_g01_c01.avi,28,8,75,16,28,True,True,0.94608473777771,0.009513129945844412,0.003605921592679806,0.5634437738917768,131,7,8,8,False,
ucf101,val,v_FieldHockeyPenalty_g02_c02,data/UCF101_data/UCF-101/FieldHockeyPenalty/v_FieldHockeyPenalty_g02_c02.avi,28,8,75,16,84,False,True,0.6611449718475342,0.009374149143695831,0.003605921592679806,0.5530032892711461,141,7,8,8,False,
ucf101,val,v_FieldHockeyPenalty_g07_c02,data/UCF101_data/UCF-101/FieldHockeyPenalty/v_FieldHockeyPenalty_g07_c02.avi,28,8,75,16,28,True,True,0.8872013092041016,0.00703600887209177,0.003605921592679806,0.5425898837856948,81,4,8,8,False,
ucf101,val,v_FieldHockeyPenalty_g03_c03,data/UCF101_data/UCF-101/FieldHockeyPenalty/v_FieldHockeyPenalty_g03_c03.avi,28,8,75,16,28,True,True,0.750690758228302,0.005049340892583132,0.003605921592679806,0.5347098712809384,34,2,8,8,False,
ucf101,val,v_FieldHockeyPenalty_g02_c03,data/UCF101_data/UCF-101/FieldHockeyPenalty/v_FieldHockeyPenalty_g02_c03.avi,28,8,75,16,84,False,True,0.27237728238105774,0.010418639052659273,0.003605921592679806,0.5286092809401453,151,8,8,8,False,
ucf101,val,v_FieldHockeyPenalty_g02_c01,data/UCF101_data/UCF-101/FieldHockeyPenalty/v_FieldHockeyPenalty_g02_c01.avi,28,8,75,16,84,False,True,0.4007546007633209,0.007467404007911682,0.003605921592679806,0.5171643584035337,105,5,8,8,False,
ucf101,val,v_FieldHockeyPenalty_g06_c07,data/UCF101_data/UCF-101/FieldHockeyPenalty/v_FieldHockeyPenalty_g06_c07.avi,28,8,75,16,28,True,True,0.6537758708000183,0.009022684302181005,0.003605921592679806,0.5088066807948053,140,7,8,8,False,
ucf101,val,v_FieldHockeyPenalty_g05_c01,data/UCF101_data/UCF-101/FieldHockeyPenalty/v_FieldHockeyPenalty_g05_c01.avi,28,8,75,16,28,True,True,0.9648606777191162,0.00756409578025341,0.003605921592679806,0.4989083642140031,100,5,8,8,False,
ucf101,val,v_FieldHockeyPenalty_g04_c02,data/UCF101_data/UCF-101/FieldHockeyPenalty/v_FieldHockeyPenalty_g04_c02.avi,28,8,75,16,28,True,True,0.3912859857082367,0.019102853257209063,0.003605921592679806,0.4905076380819082,65,4,8,8,False,
ucf101,val,v_FieldHockeyPenalty_g03_c04,data/UCF101_data/UCF-101/FieldHockeyPenalty/v_FieldHockeyPenalty_g03_c04.avi,28,8,75,16,40,False,True,0.22073790431022644,0.018300520721822977,0.003603399556595832,0.9228558768518269,70,4,8,8,False,
ucf101,val,v_FieldHockeyPenalty_g01_c02,data/UCF101_data/UCF-101/FieldHockeyPenalty/v_FieldHockeyPenalty_g01_c02.avi,28,8,75,16,28,True,True,0.7419962882995605,0.012169106863439083,0.003603399556595832,0.9016917408443987,180,8,8,8,False,
ucf101,val,v_FieldHockeyPenalty_g04_c03,data/UCF101_data/UCF-101/FieldHockeyPenalty/v_FieldHockeyPenalty_g04_c03.avi,28,8,75,16,23,False,True,0.7307637333869934,0.01949936617165804,0.003603399556595832,0.8883926537819207,82,4,8,8,False,
ucf101,val,v_FieldHockeyPenalty_g05_c07,data/UCF101_data/UCF-101/FieldHockeyPenalty/v_FieldHockeyPenalty_g05_c07.avi,28,8,75,16,28,True,True,0.972143292427063,0.008661654777824879,0.003603399556595832,0.8663949258625507,107,5,8,8,False,
ucf101,val,v_FloorGymnastics_g02_c03,data/UCF101_data/UCF-101/FloorGymnastics/v_FloorGymnastics_g02_c03.avi,29,8,75,16,29,True,True,0.9606845378875732,0.009571859147399664,0.003603399556595832,0.8566749971359968,119,6,8,8,False,
ucf101,val,v_FloorGymnastics_g07_c01,data/UCF101_data/UCF-101/FloorGymnastics/v_FloorGymnastics_g07_c01.avi,29,8,75,16,29,True,True,0.8109907507896423,0.011109852232038975,0.003603399556595832,0.846160844899714,142,7,8,8,False,
ucf101,val,v_FloorGymnastics_g02_c04,data/UCF101_data/UCF-101/FloorGymnastics/v_FloorGymnastics_g02_c04.avi,29,8,75,16,29,True,True,0.7739887237548828,0.008957183919847012,0.003603399556595832,0.8340794397518039,125,6,8,8,False,
ucf101,val,v_FloorGymnastics_g07_c06,data/UCF101_data/UCF-101/FloorGymnastics/v_FloorGymnastics_g07_c06.avi,29,8,75,16,29,True,True,0.7732370495796204,0.008795687928795815,0.003603399556595832,0.8241844708099961,113,6,8,8,False,
ucf101,val,v_FloorGymnastics_g05_c03,data/UCF101_data/UCF-101/FloorGymnastics/v_FloorGymnastics_g05_c03.avi,29,8,75,16,29,True,True,0.9740488529205322,0.010589617770165205,0.003603399556595832,0.8144324622116983,162,8,8,8,False,
ucf101,val,v_FloorGymnastics_g07_c02,data/UCF101_data/UCF-101/FloorGymnastics/v_FloorGymnastics_g07_c02.avi,29,8,75,16,29,True,True,0.8719062209129333,0.008820001035928726,0.003603399556595832,0.8029498290270567,126,6,8,8,False,
ucf101,val,v_FloorGymnastics_g06_c03,data/UCF101_data/UCF-101/FloorGymnastics/v_FloorGymnastics_g06_c03.avi,29,8,75,16,29,True,True,0.9295540452003479,0.011185412760823965,0.003603399556595832,0.7930819261819124,184,8,8,8,False,
ucf101,val,v_FloorGymnastics_g06_c07,data/UCF101_data/UCF-101/FloorGymnastics/v_FloorGymnastics_g06_c07.avi,29,8,75,16,29,True,True,0.5043030977249146,0.04449424799531698,0.003603399556595832,0.7809711541049182,196,8,8,8,False,
ucf101,val,v_FloorGymnastics_g04_c02,data/UCF101_data/UCF-101/FloorGymnastics/v_FloorGymnastics_g04_c02.avi,29,8,75,16,29,True,True,0.8575681447982788,0.008749939035624266,0.003603399556595832,0.7336637270636857,98,5,8,8,False,
ucf101,val,v_FloorGymnastics_g05_c02,data/UCF101_data/UCF-101/FloorGymnastics/v_FloorGymnastics_g05_c02.avi,29,8,75,16,29,True,True,0.969183087348938,0.011987276375293732,0.003603399556595832,0.7240171930752695,211,8,8,8,False,
ucf101,val,v_FloorGymnastics_g06_c02,data/UCF101_data/UCF-101/FloorGymnastics/v_FloorGymnastics_g06_c02.avi,29,8,75,16,29,True,True,0.9479275345802307,0.011292453855276108,0.003603399556595832,0.7110175238922238,182,8,8,8,False,
ucf101,val,v_FloorGymnastics_g04_c04,data/UCF101_data/UCF-101/FloorGymnastics/v_FloorGymnastics_g04_c04.avi,29,8,75,16,29,True,True,0.9709767699241638,0.009878462180495262,0.003603399556595832,0.6987549047917128,139,7,8,8,False,
ucf101,val,v_FloorGymnastics_g04_c01,data/UCF101_data/UCF-101/FloorGymnastics/v_FloorGymnastics_g04_c01.avi,29,8,75,16,29,True,True,0.9624258875846863,0.008165644947439432,0.003603399556595832,0.6878799786791205,95,5,8,8,False,
ucf101,val,v_FloorGymnastics_g04_c05,data/UCF101_data/UCF-101/FloorGymnastics/v_FloorGymnastics_g04_c05.avi,29,8,75,16,29,True,True,0.6142247915267944,0.010904120746999979,0.003603399556595832,0.6787850190885365,163,8,8,8,False,
ucf101,val,v_FloorGymnastics_g06_c06,data/UCF101_data/UCF-101/FloorGymnastics/v_FloorGymnastics_g06_c06.avi,29,8,75,16,4,False,True,0.3558027148246765,0.042681737802922726,0.003603399556595832,0.6668948219157755,196,8,8,8,False,
ucf101,val,v_FloorGymnastics_g02_c01,data/UCF101_data/UCF-101/FloorGymnastics/v_FloorGymnastics_g02_c01.avi,29,8,75,16,29,True,True,0.9522018432617188,0.011379873845726252,0.003603399556595832,0.6213736520148814,137,7,8,8,False,
ucf101,val,v_FloorGymnastics_g04_c03,data/UCF101_data/UCF-101/FloorGymnastics/v_FloorGymnastics_g04_c03.avi,29,8,75,16,29,True,True,0.8408504128456116,0.01405633520334959,0.003603399556595832,0.6090814443305135,271,8,8,8,False,
ucf101,val,v_FloorGymnastics_g05_c04,data/UCF101_data/UCF-101/FloorGymnastics/v_FloorGymnastics_g05_c04.avi,29,8,75,16,29,True,True,0.967500627040863,0.026727454736828804,0.003603399556595832,0.593423028010875,115,6,8,8,False,
ucf101,val,v_FloorGymnastics_g07_c05,data/UCF101_data/UCF-101/FloorGymnastics/v_FloorGymnastics_g07_c05.avi,29,8,75,16,29,True,True,0.8360304236412048,0.012279412243515253,0.003603399556595832,0.5639600991271436,174,8,8,8,False,
ucf101,val,v_FloorGymnastics_g07_c07,data/UCF101_data/UCF-101/FloorGymnastics/v_FloorGymnastics_g07_c07.avi,29,8,75,16,4,False,True,0.6530575752258301,0.009683621115982533,0.003603399556595832,0.5506935040466487,137,7,8,8,False,
ucf101,val,v_FrisbeeCatch_g04_c02,data/UCF101_data/UCF-101/FrisbeeCatch/v_FrisbeeCatch_g04_c02.avi,30,8,75,16,30,True,True,0.9806895852088928,0.0070533291436731815,0.003603399556595832,0.5399993122555315,69,4,8,8,False,
ucf101,val,v_FrisbeeCatch_g07_c03,data/UCF101_data/UCF-101/FrisbeeCatch/v_FrisbeeCatch_g07_c03.avi,30,8,75,16,30,True,True,0.9778696894645691,0.010001033078879118,0.003603399556595832,0.5321473921649158,140,7,8,8,False,
ucf101,val,v_FrisbeeCatch_g07_c01,data/UCF101_data/UCF-101/FrisbeeCatch/v_FrisbeeCatch_g07_c01.avi,30,8,75,16,30,True,True,0.9621760845184326,0.00882307207211852,0.003603399556595832,0.520861532073468,111,6,8,8,False,
ucf101,val,v_FrisbeeCatch_g03_c05,data/UCF101_data/UCF-101/FrisbeeCatch/v_FrisbeeCatch_g03_c05.avi,30,8,75,16,30,True,True,0.7575823664665222,0.006060707848519087,0.003603399556595832,0.5110843959264457,57,3,8,8,False,
ucf101,val,v_FrisbeeCatch_g07_c06,data/UCF101_data/UCF-101/FrisbeeCatch/v_FrisbeeCatch_g07_c06.avi,30,8,75,16,30,True,True,0.9558541178703308,0.008757565170526505,0.003603399556595832,0.5043045300990343,126,6,8,8,False,
ucf101,val,v_FrisbeeCatch_g06_c03,data/UCF101_data/UCF-101/FrisbeeCatch/v_FrisbeeCatch_g06_c03.avi,30,8,75,16,30,True,True,0.7751415967941284,0.006998792756348848,0.003603399556595832,0.49457051511853933,85,4,8,8,False,
ucf101,val,v_FrisbeeCatch_g01_c03,data/UCF101_data/UCF-101/FrisbeeCatch/v_FrisbeeCatch_g01_c03.avi,30,8,75,16,30,True,True,0.9656080603599548,0.007728101219981909,0.003603399556595832,0.4867745526134968,100,5,8,8,False,
ucf101,val,v_FrisbeeCatch_g05_c02,data/UCF101_data/UCF-101/FrisbeeCatch/v_FrisbeeCatch_g05_c02.avi,30,8,75,16,30,True,True,0.9365133047103882,0.00784045085310936,0.003603399556595832,0.47816843539476395,89,5,8,8,False,
ucf101,val,v_FrisbeeCatch_g02_c04,data/UCF101_data/UCF-101/FrisbeeCatch/v_FrisbeeCatch_g02_c04.avi,30,8,75,16,30,True,True,0.9742069840431213,0.02072248701006174,0.0036638997262343764,0.8453796389512718,106,5,8,8,False,
ucf101,val,v_FrisbeeCatch_g02_c02,data/UCF101_data/UCF-101/FrisbeeCatch/v_FrisbeeCatch_g02_c02.avi,30,8,75,16,30,True,True,0.9821991324424744,0.00780319981276989,0.0036638997262343764,0.8217581510543823,86,4,8,8,False,
ucf101,val,v_FrisbeeCatch_g02_c03,data/UCF101_data/UCF-101/FrisbeeCatch/v_FrisbeeCatch_g02_c03.avi,30,8,75,16,30,True,True,0.9822121262550354,0.008049342781305313,0.0036638997262343764,0.8129951013252139,99,5,8,8,False,
ucf101,val,v_FrisbeeCatch_g02_c05,data/UCF101_data/UCF-101/FrisbeeCatch/v_FrisbeeCatch_g02_c05.avi,30,8,75,16,30,True,True,0.9815861582756042,0.008020635694265366,0.0036638997262343764,0.8040474387817085,90,5,8,8,False,
ucf101,val,v_FrisbeeCatch_g05_c05,data/UCF101_data/UCF-101/FrisbeeCatch/v_FrisbeeCatch_g05_c05.avi,30,8,75,16,30,True,True,0.7549159526824951,0.00696585001423955,0.0036638997262343764,0.7951247459277511,74,4,8,8,False,
ucf101,val,v_FrisbeeCatch_g07_c02,data/UCF101_data/UCF-101/FrisbeeCatch/v_FrisbeeCatch_g07_c02.avi,30,8,75,16,30,True,True,0.9609564542770386,0.008826266042888165,0.0036638997262343764,0.7873653741553426,121,6,8,8,False,
ucf101,val,v_FrisbeeCatch_g06_c05,data/UCF101_data/UCF-101/FrisbeeCatch/v_FrisbeeCatch_g06_c05.avi,30,8,75,16,30,True,True,0.9438022971153259,0.007863524835556746,0.0036638997262343764,0.7776399562135339,90,5,8,8,False,
ucf101,val,v_FrisbeeCatch_g01_c05,data/UCF101_data/UCF-101/FrisbeeCatch/v_FrisbeeCatch_g01_c05.avi,30,8,75,16,30,True,True,0.9797663688659668,0.006951744668185711,0.0036638997262343764,0.7688967557623982,85,4,8,8,False,
ucf101,val,v_FrisbeeCatch_g05_c01,data/UCF101_data/UCF-101/FrisbeeCatch/v_FrisbeeCatch_g05_c01.avi,30,8,75,16,30,True,True,0.9379292130470276,0.006822497118264437,0.0036638997262343764,0.7610846110619605,70,4,8,8,False,
ucf101,val,v_FrisbeeCatch_g06_c02,data/UCF101_data/UCF-101/FrisbeeCatch/v_FrisbeeCatch_g06_c02.avi,30,8,75,16,30,True,True,0.9148070812225342,0.007904469966888428,0.0036638997262343764,0.7534091179259121,101,5,8,8,False,
ucf101,val,v_FrisbeeCatch_g03_c02,data/UCF101_data/UCF-101/FrisbeeCatch/v_FrisbeeCatch_g03_c02.avi,30,8,75,16,30,True,True,0.8871814012527466,0.007794894278049469,0.0036638997262343764,0.7432192219421268,99,5,8,8,False,
ucf101,val,v_FrisbeeCatch_g04_c05,data/UCF101_data/UCF-101/FrisbeeCatch/v_FrisbeeCatch_g04_c05.avi,30,8,75,16,30,True,True,0.984731912612915,0.006900034844875336,0.0036638997262343764,0.7345411637797952,83,4,8,8,False,
ucf101,val,v_FrontCrawl_g03_c06,data/UCF101_data/UCF-101/FrontCrawl/v_FrontCrawl_g03_c06.avi,31,8,75,16,31,True,True,0.925368070602417,0.012142681051045656,0.0036638997262343764,0.7267873473465443,200,8,8,8,False,
ucf101,val,v_FrontCrawl_g02_c01,data/UCF101_data/UCF-101/FrontCrawl/v_FrontCrawl_g02_c01.avi,31,8,75,16,18,False,True,0.6534935832023621,0.00792141305282712,0.0036638997262343764,0.7134121833369136,99,5,8,8,False,
ucf101,val,v_FrontCrawl_g06_c02,data/UCF101_data/UCF-101/FrontCrawl/v_FrontCrawl_g06_c02.avi,31,8,75,16,31,True,True,0.6272358894348145,0.008826122153550386,0.0036638997262343764,0.7045869720168412,108,6,8,8,False,
ucf101,val,v_FrontCrawl_g07_c05,data/UCF101_data/UCF-101/FrontCrawl/v_FrontCrawl_g07_c05.avi,31,8,75,16,31,True,True,0.6186702847480774,0.011235605925321579,0.0036638997262343764,0.6947903870604932,175,8,8,8,False,
ucf101,val,v_FrontCrawl_g05_c01,data/UCF101_data/UCF-101/FrontCrawl/v_FrontCrawl_g05_c01.avi,31,8,75,16,31,True,True,0.9390029311180115,0.008161338977515697,0.0036638997262343764,0.6823852900415659,100,5,8,8,False,
ucf101,val,v_FrontCrawl_g06_c05,data/UCF101_data/UCF-101/FrontCrawl/v_FrontCrawl_g06_c05.avi,31,8,75,16,18,False,True,0.5630576014518738,0.009702411945909262,0.0036638997262343764,0.6733490992337465,143,7,8,8,False,
ucf101,val,v_FrontCrawl_g07_c07,data/UCF101_data/UCF-101/FrontCrawl/v_FrontCrawl_g07_c07.avi,31,8,75,16,31,True,True,0.9588847756385803,0.010793085675686598,0.0036638997262343764,0.662495946045965,157,8,8,8,False,
ucf101,val,v_FrontCrawl_g01_c02,data/UCF101_data/UCF-101/FrontCrawl/v_FrontCrawl_g01_c02.avi,31,8,75,16,31,True,True,0.6715118885040283,0.009675691835582256,0.0036638997262343764,0.6506067281588912,139,7,8,8,False,
ucf101,val,v_FrontCrawl_g02_c03,data/UCF101_data/UCF-101/FrontCrawl/v_FrontCrawl_g02_c03.avi,31,8,75,16,18,False,True,0.538506031036377,0.008103241212666035,0.0036638997262343764,0.6399874212220311,92,5,8,8,False,
ucf101,val,v_FrontCrawl_g07_c04,data/UCF101_data/UCF-101/FrontCrawl/v_FrontCrawl_g07_c04.avi,31,8,75,16,31,True,True,0.9393094182014465,0.014452016912400723,0.0036638997262343764,0.631017510779202,219,8,8,8,False,
ucf101,val,v_FrontCrawl_g07_c01,data/UCF101_data/UCF-101/FrontCrawl/v_FrontCrawl_g07_c01.avi,31,8,75,16,31,True,True,0.861699640750885,0.024163737893104553,0.0036638997262343764,0.615280669182539,268,8,8,8,False,
ucf101,val,v_FrontCrawl_g03_c05,data/UCF101_data/UCF-101/FrontCrawl/v_FrontCrawl_g03_c05.avi,31,8,75,16,18,False,True,0.6852806210517883,0.012453089002519846,0.0036638997262343764,0.5882418807595968,193,8,8,8,False,
ucf101,val,v_FrontCrawl_g05_c04,data/UCF101_data/UCF-101/FrontCrawl/v_FrontCrawl_g05_c04.avi,31,8,75,16,31,True,True,0.9168581962585449,0.009802021086215973,0.0036638997262343764,0.5746648409403861,146,7,8,8,False,
ucf101,val,v_FrontCrawl_g04_c05,data/UCF101_data/UCF-101/FrontCrawl/v_FrontCrawl_g04_c05.avi,31,8,75,16,18,False,True,0.8581146001815796,0.023641045670956373,0.0036638997262343764,0.5636454368941486,392,8,8,8,False,
ucf101,val,v_FrontCrawl_g05_c02,data/UCF101_data/UCF-101/FrontCrawl/v_FrontCrawl_g05_c02.avi,31,8,75,16,31,True,True,0.9286508560180664,0.008065497037023306,0.0036638997262343764,0.5375951360911131,103,5,8,8,False,
ucf101,val,v_FrontCrawl_g01_c01,data/UCF101_data/UCF-101/FrontCrawl/v_FrontCrawl_g01_c01.avi,31,8,75,16,31,True,True,0.8899706602096558,0.009965101256966591,0.0036638997262343764,0.5286215422675014,138,7,8,8,False,
ucf101,val,v_FrontCrawl_g05_c03,data/UCF101_data/UCF-101/FrontCrawl/v_FrontCrawl_g05_c03.avi,31,8,75,16,31,True,True,0.9319905042648315,0.008286774158477783,0.0036638997262343764,0.5175794409587979,100,5,8,8,False,
ucf101,val,v_FrontCrawl_g06_c01,data/UCF101_data/UCF-101/FrontCrawl/v_FrontCrawl_g06_c01.avi,31,8,75,16,18,False,True,0.7421313524246216,0.009960631839931011,0.0036638997262343764,0.5083475043065846,150,7,8,8,False,
ucf101,val,v_FrontCrawl_g04_c02,data/UCF101_data/UCF-101/FrontCrawl/v_FrontCrawl_g04_c02.avi,31,8,75,16,18,False,True,0.6670505404472351,0.01417616382241249,0.0036638997262343764,0.4974293150007725,262,8,8,8,False,
ucf101,val,v_FrontCrawl_g07_c03,data/UCF101_data/UCF-101/FrontCrawl/v_FrontCrawl_g07_c03.avi,31,8,75,16,31,True,True,0.9690835475921631,0.01154589420184493,0.0036638997262343764,0.48183545283973217,182,8,8,8,False,
ucf101,val,v_GolfSwing_g04_c06,data/UCF101_data/UCF-101/GolfSwing/v_GolfSwing_g04_c06.avi,32,8,75,16,32,True,True,0.9888265132904053,0.03834935696795583,0.003849427666864358,0.9122056970372796,233,8,8,8,False,
ucf101,val,v_GolfSwing_g04_c03,data/UCF101_data/UCF-101/GolfSwing/v_GolfSwing_g04_c03.avi,32,8,75,16,32,True,True,0.9895539283752441,0.020513234194368124,0.003849427666864358,0.8720411090180278,171,8,8,8,False,
ucf101,val,v_GolfSwing_g05_c02,data/UCF101_data/UCF-101/GolfSwing/v_GolfSwing_g05_c02.avi,32,8,75,16,32,True,True,0.5033795833587646,0.010771134868264198,0.003849427666864358,0.8496076078154147,96,5,8,8,False,
ucf101,val,v_GolfSwing_g05_c04,data/UCF101_data/UCF-101/GolfSwing/v_GolfSwing_g05_c04.avi,32,8,75,16,32,True,True,0.8236871361732483,0.014953896403312683,0.003849427666864358,0.8379682172089815,162,8,8,8,False,
ucf101,val,v_GolfSwing_g07_c01,data/UCF101_data/UCF-101/GolfSwing/v_GolfSwing_g07_c01.avi,32,8,75,16,32,True,True,0.9485201835632324,0.015084897167980671,0.003849427666864358,0.8221655003726482,152,8,8,8,False,
ucf101,val,v_GolfSwing_g03_c05,data/UCF101_data/UCF-101/GolfSwing/v_GolfSwing_g03_c05.avi,32,8,75,16,2,False,True,0.7979196310043335,0.013522855937480927,0.003849427666864358,0.8061250513419509,146,7,8,8,False,
ucf101,val,v_GolfSwing_g06_c02,data/UCF101_data/UCF-101/GolfSwing/v_GolfSwing_g06_c02.avi,32,8,75,16,30,False,True,0.23868879675865173,0.011938287410885096,0.003849427666864358,0.7917609410360456,109,6,8,8,False,
ucf101,val,v_GolfSwing_g06_c04,data/UCF101_data/UCF-101/GolfSwing/v_GolfSwing_g06_c04.avi,32,8,75,16,32,True,True,0.9732047915458679,0.012021540198475122,0.003849427666864358,0.778735090047121,127,6,8,8,False,
ucf101,val,v_GolfSwing_g02_c03,data/UCF101_data/UCF-101/GolfSwing/v_GolfSwing_g02_c03.avi,32,8,75,16,35,False,True,0.2661014497280121,0.01011007558554411,0.003849427666864358,0.7658551810309291,92,5,8,8,False,
ucf101,val,v_GolfSwing_g03_c04,data/UCF101_data/UCF-101/GolfSwing/v_GolfSwing_g03_c04.avi,32,8,75,16,2,False,True,0.7724236845970154,0.01335174310952425,0.003849427666864358,0.7549306307919323,145,7,8,8,False,
ucf101,val,v_GolfSwing_g03_c06,data/UCF101_data/UCF-101/GolfSwing/v_GolfSwing_g03_c06.avi,32,8,75,16,32,True,True,0.8964611887931824,0.014953501056879759,0.003849427666864358,0.7407301948405802,252,8,8,8,False,
ucf101,val,v_GolfSwing_g01_c01,data/UCF101_data/UCF-101/GolfSwing/v_GolfSwing_g01_c01.avi,32,8,75,16,32,True,True,0.9837539792060852,0.015216037165373564,0.003849427666864358,0.7249698298983276,172,8,8,8,False,
ucf101,val,v_GolfSwing_g03_c03,data/UCF101_data/UCF-101/GolfSwing/v_GolfSwing_g03_c03.avi,32,8,75,16,2,False,True,0.9022757411003113,0.014946281909942627,0.003849427666864358,0.7089241477660835,180,8,8,8,False,
ucf101,val,v_GolfSwing_g03_c01,data/UCF101_data/UCF-101/GolfSwing/v_GolfSwing_g03_c01.avi,32,8,75,16,32,True,True,0.8957253694534302,0.013183895964175463,0.003849427666864358,0.6931336708366871,132,7,8,8,False,
ucf101,val,v_GolfSwing_g04_c05,data/UCF101_data/UCF-101/GolfSwing/v_GolfSwing_g04_c05.avi,32,8,75,16,32,True,True,0.9895486831665039,0.016329776030033827,0.003849427666864358,0.6789277447387576,345,8,8,8,False,
ucf101,val,v_GolfSwing_g07_c03,data/UCF101_data/UCF-101/GolfSwing/v_GolfSwing_g07_c03.avi,32,8,75,16,32,True,True,0.9860743880271912,0.011974185705184937,0.003849427666864358,0.661769479047507,127,6,8,8,False,
ucf101,val,v_GolfSwing_g07_c02,data/UCF101_data/UCF-101/GolfSwing/v_GolfSwing_g07_c02.avi,32,8,75,16,32,True,True,0.9669191837310791,0.010259049013257027,0.003849427666864358,0.6490537063218653,101,5,8,8,False,
ucf101,val,v_GolfSwing_g01_c06,data/UCF101_data/UCF-101/GolfSwing/v_GolfSwing_g01_c06.avi,32,8,75,16,32,True,True,0.9842296242713928,0.016556412912905216,0.003849427666864358,0.6379676680080593,518,8,8,8,False,
ucf101,val,v_GolfSwing_g06_c03,data/UCF101_data/UCF-101/GolfSwing/v_GolfSwing_g06_c03.avi,32,8,75,16,32,True,True,0.9836446046829224,0.010239592753350735,0.003849427666864358,0.6202424759976566,91,5,8,8,False,
ucf101,val,v_GolfSwing_g01_c05,data/UCF101_data/UCF-101/GolfSwing/v_GolfSwing_g01_c05.avi,32,8,75,16,32,True,True,0.9812782406806946,0.01786479214206338,0.003849427666864358,0.60919099021703,621,8,8,8,False,
ucf101,val,v_Haircut_g01_c02,data/UCF101_data/UCF-101/Haircut/v_Haircut_g01_c02.avi,33,8,75,16,33,True,True,0.8517377376556396,0.009002797305583954,0.003849427666864358,0.5903894710354507,123,6,8,8,False,
ucf101,val,v_Haircut_g06_c03,data/UCF101_data/UCF-101/Haircut/v_Haircut_g06_c03.avi,33,8,75,16,33,True,True,0.6906015872955322,0.009275873191654682,0.003849427666864358,0.5804948643781245,126,6,8,8,False,
ucf101,val,v_Haircut_g04_c05,data/UCF101_data/UCF-101/Haircut/v_Haircut_g04_c05.avi,33,8,75,16,33,True,True,0.6329094767570496,0.01034028735011816,0.003849427666864358,0.5701678651385009,154,8,8,8,False,
ucf101,val,v_Haircut_g07_c04,data/UCF101_data/UCF-101/Haircut/v_Haircut_g07_c04.avi,33,8,75,16,33,True,True,0.9263657927513123,0.008609112817794085,0.003849427666864358,0.5589167168363929,115,6,8,8,False,
ucf101,val,v_Haircut_g05_c03,data/UCF101_data/UCF-101/Haircut/v_Haircut_g05_c03.avi,33,8,75,16,61,False,True,0.42972519993782043,0.0077087897807359695,0.003849427666864358,0.5494144097901881,107,5,8,8,False,
ucf101,val,v_Haircut_g01_c01,data/UCF101_data/UCF-101/Haircut/v_Haircut_g01_c01.avi,33,8,75,16,33,True,True,0.8831322193145752,0.009411478880792856,0.003849427666864358,0.5408279257826507,135,7,8,8,False,
ucf101,val,v_Haircut_g01_c03,data/UCF101_data/UCF-101/Haircut/v_Haircut_g01_c03.avi,33,8,75,16,63,False,True,0.6166930794715881,0.008390252944082022,0.003849427666864358,0.5305519890971482,110,6,8,8,False,
ucf101,val,v_Haircut_g05_c02,data/UCF101_data/UCF-101/Haircut/v_Haircut_g05_c02.avi,33,8,75,16,33,True,True,0.9489590525627136,0.007875305134803057,0.003849427666864358,0.521202506031841,105,5,8,8,False,
ucf101,val,v_Haircut_g03_c06,data/UCF101_data/UCF-101/Haircut/v_Haircut_g03_c06.avi,33,8,75,16,33,True,True,0.529403567314148,0.008434995077550411,0.003849427666864358,0.5124594867229462,115,6,8,8,False,
ucf101,val,v_Haircut_g02_c01,data/UCF101_data/UCF-101/Haircut/v_Haircut_g02_c01.avi,33,8,75,16,33,True,True,0.8769211173057556,0.007814066018909216,0.003849427666864358,0.5030971779488027,89,5,8,8,False,
ucf101,val,v_Haircut_g04_c01,data/UCF101_data/UCF-101/Haircut/v_Haircut_g04_c01.avi,33,8,75,16,33,True,True,0.6398321986198425,0.009456591680645943,0.003849427666864358,0.4944227300584316,149,7,8,8,False,
ucf101,val,v_Haircut_g02_c02,data/UCF101_data/UCF-101/Haircut/v_Haircut_g02_c02.avi,33,8,75,16,59,False,False,0.6607077121734619,0.006767918821424246,0.003849427666864358,0.4841411882080138,83,4,8,8,False,
ucf101,val,v_Haircut_g07_c06,data/UCF101_data/UCF-101/Haircut/v_Haircut_g07_c06.avi,33,8,75,16,33,True,True,0.8937361240386963,0.01849277876317501,0.003698653308674693,0.9349418021738529,107,5,8,8,False,
ucf101,val,v_Haircut_g03_c01,data/UCF101_data/UCF-101/Haircut/v_Haircut_g03_c01.avi,33,8,75,16,12,False,True,0.8493089079856873,0.008761396631598473,0.003698653308674693,0.9142153509892523,101,5,8,8,False,
ucf101,val,v_Haircut_g03_c05,data/UCF101_data/UCF-101/Haircut/v_Haircut_g03_c05.avi,33,8,75,16,33,True,True,0.2372852861881256,0.008095425087958574,0.003698653308674693,0.9045846848748624,93,5,8,8,False,
ucf101,val,v_Haircut_g03_c03,data/UCF101_data/UCF-101/Haircut/v_Haircut_g03_c03.avi,33,8,75,16,33,True,True,0.245698481798172,0.007091919891536236,0.003698653308674693,0.8955803317949176,79,4,8,8,False,
ucf101,val,v_Haircut_g02_c03,data/UCF101_data/UCF-101/Haircut/v_Haircut_g02_c03.avi,33,8,75,16,38,False,True,0.3942796587944031,0.006909564603120089,0.003698653308674693,0.8877261742018163,77,4,8,8,False,
ucf101,val,v_Haircut_g05_c04,data/UCF101_data/UCF-101/Haircut/v_Haircut_g05_c04.avi,33,8,75,16,49,False,True,0.5935664176940918,0.007680790964514017,0.003698653308674693,0.880032473243773,100,5,8,8,False,
ucf101,val,v_Haircut_g07_c02,data/UCF101_data/UCF-101/Haircut/v_Haircut_g07_c02.avi,33,8,75,16,33,True,True,0.7117739915847778,0.008546551689505577,0.003698653308674693,0.8714723936282098,111,6,8,8,False,
ucf101,val,v_Haircut_g04_c02,data/UCF101_data/UCF-101/Haircut/v_Haircut_g04_c02.avi,33,8,75,16,33,True,True,0.7563617825508118,0.009632824920117855,0.003698653308674693,0.8619661340489984,145,7,8,8,False,
ucf101,val,v_Hammering_g06_c03,data/UCF101_data/UCF-101/Hammering/v_Hammering_g06_c03.avi,34,8,75,16,34,True,True,0.9746823906898499,0.022743918001651764,0.003698653308674693,0.8514035050757229,127,6,8,8,False,
ucf101,val,v_Hammering_g04_c05,data/UCF101_data/UCF-101/Hammering/v_Hammering_g04_c05.avi,34,8,75,16,38,False,True,0.34067726135253906,0.006782053969800472,0.003698653308674693,0.825854117050767,64,3,8,8,False,
ucf101,val,v_Hammering_g07_c05,data/UCF101_data/UCF-101/Hammering/v_Hammering_g07_c05.avi,34,8,75,16,34,True,True,0.9785239696502686,0.027086960151791573,0.003698653308674693,0.8182754521258175,127,6,8,8,False,
ucf101,val,v_Hammering_g06_c05,data/UCF101_data/UCF-101/Hammering/v_Hammering_g06_c05.avi,34,8,75,16,34,True,True,0.9686722755432129,0.027528895996510983,0.003698653308674693,0.7894877642393112,140,7,8,8,False,
ucf101,val,v_Hammering_g04_c01,data/UCF101_data/UCF-101/Hammering/v_Hammering_g04_c01.avi,34,8,75,16,38,False,True,0.4727959632873535,0.013889187946915627,0.003698653308674693,0.759678169619292,224,8,8,8,False,
ucf101,val,v_Hammering_g03_c01,data/UCF101_data/UCF-101/Hammering/v_Hammering_g03_c01.avi,34,8,75,16,34,True,True,0.8204637169837952,0.011346479877829552,0.003698653308674693,0.7446843381039798,193,8,8,8,False,
ucf101,val,v_Hammering_g07_c02,data/UCF101_data/UCF-101/Hammering/v_Hammering_g07_c02.avi,34,8,75,16,34,True,True,0.9789162278175354,0.013322045095264912,0.003698653308674693,0.7322918968275189,61,3,8,8,False,
ucf101,val,v_Hammering_g01_c03,data/UCF101_data/UCF-101/Hammering/v_Hammering_g01_c03.avi,34,8,75,16,19,False,True,0.8797847032546997,0.007426505908370018,0.003698653308674693,0.7172994720749557,73,4,8,8,False,
ucf101,val,v_Hammering_g04_c03,data/UCF101_data/UCF-101/Hammering/v_Hammering_g04_c03.avi,34,8,75,16,38,False,True,0.46998798847198486,0.007735536899417639,0.003698653308674693,0.7090756301768124,88,5,8,8,False,
ucf101,val,v_Hammering_g01_c01,data/UCF101_data/UCF-101/Hammering/v_Hammering_g01_c01.avi,34,8,75,16,19,False,False,0.7609515190124512,0.007767016999423504,0.003698653308674693,0.7004573042504489,98,5,8,8,False,
ucf101,val,v_Hammering_g07_c04,data/UCF101_data/UCF-101/Hammering/v_Hammering_g07_c04.avi,34,8,75,16,34,True,True,0.9769068360328674,0.02154391212388873,0.003698653308674693,0.6917565301991999,101,5,8,8,False,
ucf101,val,v_Hammering_g01_c02,data/UCF101_data/UCF-101/Hammering/v_Hammering_g01_c02.avi,34,8,75,16,19,False,True,0.8785111904144287,0.010256126057356596,0.003698653308674693,0.6684139491990209,143,7,8,8,False,
ucf101,val,v_Hammering_g03_c04,data/UCF101_data/UCF-101/Hammering/v_Hammering_g03_c04.avi,34,8,75,16,34,True,True,0.9172847867012024,0.009534501004964113,0.003698653308674693,0.6571039631962776,131,7,8,8,False,
ucf101,val,v_Hammering_g02_c04,data/UCF101_data/UCF-101/Hammering/v_Hammering_g02_c04.avi,34,8,75,16,38,False,False,0.43783342838287354,0.008661219850182533,0.003698653308674693,0.6467035082168877,111,6,8,8,False,
ucf101,val,v_Hammering_g06_c04,data/UCF101_data/UCF-101/Hammering/v_Hammering_g06_c04.avi,34,8,75,16,34,True,True,0.965993344783783,0.021461260970681906,0.003698653308674693,0.636992019135505,113,6,8,8,False,
ucf101,val,v_Hammering_g05_c04,data/UCF101_data/UCF-101/Hammering/v_Hammering_g05_c04.avi,34,8,75,16,38,False,True,0.8138505220413208,0.0077640521340072155,0.003698653308674693,0.613573782145977,74,4,8,8,False,
ucf101,val,v_Hammering_g06_c02,data/UCF101_data/UCF-101/Hammering/v_Hammering_g06_c02.avi,34,8,75,16,34,True,True,0.9730474352836609,0.02442070608958602,0.003698653308674693,0.6049688765779138,134,7,8,8,False,
ucf101,val,v_Hammering_g05_c02,data/UCF101_data/UCF-101/Hammering/v_Hammering_g05_c02.avi,34,8,75,16,34,True,True,0.6151931881904602,0.011151508893817663,0.003698653308674693,0.5787850618362427,124,6,8,8,False,
ucf101,val,v_Hammering_g01_c04,data/UCF101_data/UCF-101/Hammering/v_Hammering_g01_c04.avi,34,8,75,16,34,True,True,0.5584598183631897,0.007304653991013765,0.003698653308674693,0.5660892808809876,79,4,8,8,False,
ucf101,val,v_Hammering_g07_c01,data/UCF101_data/UCF-101/Hammering/v_Hammering_g07_c01.avi,34,8,75,16,34,True,True,0.9686946272850037,0.02768642595037818,0.003698653308674693,0.5579624758102,109,6,8,8,False,
ucf101,val,v_HammerThrow_g01_c02,data/UCF101_data/UCF-101/HammerThrow/v_HammerThrow_g01_c02.avi,35,8,75,16,78,False,True,0.7928175330162048,0.01466706907376647,0.003698653308674693,0.5272209183312953,247,8,8,8,False,
ucf101,val,v_HammerThrow_g06_c07,data/UCF101_data/UCF-101/HammerThrow/v_HammerThrow_g06_c07.avi,35,8,75,16,35,True,True,0.8677930235862732,0.011975230183452368,0.003698653308674693,0.5114106340333819,227,8,8,8,False,
ucf101,val,v_HammerThrow_g02_c04,data/UCF101_data/UCF-101/HammerThrow/v_HammerThrow_g02_c04.avi,35,8,75,16,35,True,True,0.8586352467536926,0.012525325175374746,0.003698653308674693,0.4981075176037848,223,8,8,8,False,
ucf101,val,v_HammerThrow_g03_c03,data/UCF101_data/UCF-101/HammerThrow/v_HammerThrow_g03_c03.avi,35,8,75,16,35,True,True,0.6112667322158813,0.010477642063051462,0.003698653308674693,0.48448573471978307,166,8,8,8,False,
ucf101,val,v_HammerThrow_g02_c03,data/UCF101_data/UCF-101/HammerThrow/v_HammerThrow_g02_c03.avi,35,8,75,16,35,True,True,0.9409723877906799,0.03779113199561834,0.0034580500941956416,1.1172910211607814,211,8,8,8,False,
ucf101,val,v_HammerThrow_g05_c04,data/UCF101_data/UCF-101/HammerThrow/v_HammerThrow_g05_c04.avi,35,8,75,16,35,True,True,0.8451610803604126,0.013585795182734728,0.0034580500941956416,1.0771433729678392,253,8,8,8,False,
ucf101,val,v_HammerThrow_g02_c02,data/UCF101_data/UCF-101/HammerThrow/v_HammerThrow_g02_c02.avi,35,8,75,16,35,True,True,0.7205274701118469,0.012811954133212566,0.0034580500941956416,1.0624038851819932,259,8,8,8,False,
ucf101,val,v_HammerThrow_g06_c04,data/UCF101_data/UCF-101/HammerThrow/v_HammerThrow_g06_c04.avi,35,8,75,16,35,True,True,0.9004128575325012,0.01278171269223094,0.0034580500941956416,1.0485315984115005,249,8,8,8,False,
ucf101,val,v_HammerThrow_g03_c01,data/UCF101_data/UCF-101/HammerThrow/v_HammerThrow_g03_c01.avi,35,8,75,16,35,True,True,0.6243188381195068,0.011887675151228905,0.0034580500941956416,1.0347438910976052,211,8,8,8,False,
ucf101,val,v_HammerThrow_g05_c03,data/UCF101_data/UCF-101/HammerThrow/v_HammerThrow_g05_c03.avi,35,8,75,16,35,True,True,0.7170982360839844,0.013047471176832914,0.0034580500941956416,1.0215840763412416,229,8,8,8,False,
ucf101,val,v_HammerThrow_g03_c04,data/UCF101_data/UCF-101/HammerThrow/v_HammerThrow_g03_c04.avi,35,8,75,16,92,False,True,0.5653731822967529,0.011829185765236616,0.0034580500941956416,1.007426043972373,211,8,8,8,False,
ucf101,val,v_HammerThrow_g04_c04,data/UCF101_data/UCF-101/HammerThrow/v_HammerThrow_g04_c04.avi,35,8,75,16,35,True,True,0.8214533925056458,0.007742614950984716,0.0034580500941956416,0.9945137780159712,89,5,8,8,False,
ucf101,val,v_HammerThrow_g02_c05,data/UCF101_data/UCF-101/HammerThrow/v_HammerThrow_g02_c05.avi,35,8,75,16,35,True,True,0.8921874761581421,0.01303713209927082,0.0034580500941956416,0.9860172281041741,258,8,8,8,False,
ucf101,val,v_HammerThrow_g06_c06,data/UCF101_data/UCF-101/HammerThrow/v_HammerThrow_g06_c06.avi,35,8,75,16,35,True,True,0.8997987508773804,0.009684944991022348,0.0034580500941956416,0.9717445569112897,138,7,8,8,False,
ucf101,val,v_HammerThrow_g04_c05,data/UCF101_data/UCF-101/HammerThrow/v_HammerThrow_g04_c05.avi,35,8,75,16,35,True,True,0.8990397453308105,0.008070887997746468,0.0034580500941956416,0.9611388989724219,102,5,8,8,False,
ucf101,val,v_HammerThrow_g04_c07,data/UCF101_data/UCF-101/HammerThrow/v_HammerThrow_g04_c07.avi,35,8,75,16,35,True,True,0.870333194732666,0.007585503160953522,0.0034580500941956416,0.9522262029349804,89,5,8,8,False,
ucf101,val,v_HammerThrow_g01_c06,data/UCF101_data/UCF-101/HammerThrow/v_HammerThrow_g01_c06.avi,35,8,75,16,35,True,True,0.8534430861473083,0.011525997426360846,0.0034580500941956416,0.9438891187310219,194,8,8,8,False,
ucf101,val,v_HammerThrow_g07_c03,data/UCF101_data/UCF-101/HammerThrow/v_HammerThrow_g07_c03.avi,35,8,75,16,35,True,True,0.919299304485321,0.00925701716914773,0.0034580500941956416,0.9313468909822404,139,7,8,8,False,
ucf101,val,v_HammerThrow_g01_c04,data/UCF101_data/UCF-101/HammerThrow/v_HammerThrow_g01_c04.avi,35,8,75,16,35,True,True,0.9198294281959534,0.013507955707609653,0.0034580500941956416,0.9208984975703061,240,8,8,8,False,
ucf101,val,v_HammerThrow_g03_c06,data/UCF101_data/UCF-101/HammerThrow/v_HammerThrow_g03_c06.avi,35,8,75,16,92,False,True,0.5024377703666687,0.01405223086476326,0.0034580500941956416,0.9063243120908737,253,8,8,8,False,
ucf101,val,v_HandStandPushups_g01_c01,data/UCF101_data/UCF-101/HandstandPushups/v_HandStandPushups_g01_c01.avi,36,8,75,16,36,True,True,0.9495522975921631,0.016255300026386976,0.0034580500941956416,0.8911246578209102,78,4,8,8,False,
ucf101,val,v_HandStandPushups_g03_c02,data/UCF101_data/UCF-101/HandstandPushups/v_HandStandPushups_g03_c02.avi,36,8,75,16,36,True,True,0.8945549726486206,0.023201259318739176,0.0034580500941956416,0.8717797631397843,115,6,8,8,False,
ucf101,val,v_HandStandPushups_g05_c03,data/UCF101_data/UCF-101/HandstandPushups/v_HandStandPushups_g05_c03.avi,36,8,75,16,36,True,True,0.8509043455123901,0.0160460970364511,0.0034580500941956416,0.8454820099286735,80,4,8,8,False,
ucf101,val,v_HandStandPushups_g06_c02,data/UCF101_data/UCF-101/HandstandPushups/v_HandStandPushups_g06_c02.avi,36,8,75,16,36,True,True,0.9654335975646973,0.024961053859442472,0.0034580500941956416,0.8259510020725429,125,6,8,8,False,
ucf101,val,v_HandStandPushups_g04_c01,data/UCF101_data/UCF-101/HandstandPushups/v_HandStandPushups_g04_c01.avi,36,8,75,16,36,True,True,0.413663774728775,0.0261022811755538,0.0034580500941956416,0.7979585020802915,115,6,8,8,False,
ucf101,val,v_HandStandPushups_g06_c04,data/UCF101_data/UCF-101/HandstandPushups/v_HandStandPushups_g06_c04.avi,36,8,75,16,36,True,True,0.9531177878379822,0.017251701094210148,0.0034580500941956416,0.7692111129872501,72,4,8,8,False,
ucf101,val,v_HandStandPushups_g02_c03,data/UCF101_data/UCF-101/HandstandPushups/v_HandStandPushups_g02_c03.avi,36,8,75,16,47,False,False,0.23633788526058197,0.0245004678145051,0.0034580500941956416,0.7491971850395203,105,5,8,8,False,
ucf101,val,v_HandStandPushups_g01_c03,data/UCF101_data/UCF-101/HandstandPushups/v_HandStandPushups_g01_c03.avi,36,8,75,16,36,True,True,0.9610297679901123,0.02119675325229764,0.0034580500941956416,0.7218410312198102,101,5,8,8,False,
ucf101,val,v_HandStandPushups_g07_c02,data/UCF101_data/UCF-101/HandstandPushups/v_HandStandPushups_g07_c02.avi,36,8,75,16,71,False,True,0.5116850137710571,0.02969817304983735,0.0034580500941956416,0.6987162539735436,137,7,8,8,False,
ucf101,val,v_HandStandPushups_g02_c04,data/UCF101_data/UCF-101/HandstandPushups/v_HandStandPushups_g02_c04.avi,36,8,75,16,37,False,True,0.3058609366416931,0.032202168833464384,0.0034580500941956416,0.666474986821413,132,7,8,8,False,
ucf101,val,v_HandStandPushups_g01_c04,data/UCF101_data/UCF-101/HandstandPushups/v_HandStandPushups_g01_c04.avi,36,8,75,16,36,True,True,0.9688652753829956,0.02147700311616063,0.0034580500941956416,0.6319478088989854,106,5,8,8,False,
ucf101,val,v_HandStandPushups_g07_c03,data/UCF101_data/UCF-101/HandstandPushups/v_HandStandPushups_g07_c03.avi,36,8,75,16,71,False,True,0.5296350121498108,0.03368166275322437,0.0034580500941956416,0.6088512702845037,153,8,8,8,False,
ucf101,val,v_HandStandPushups_g05_c02,data/UCF101_data/UCF-101/HandstandPushups/v_HandStandPushups_g05_c02.avi,36,8,75,16,36,True,True,0.9152969717979431,0.02361398609355092,0.0034580500941956416,0.5721239191479981,113,6,8,8,False,
ucf101,val,v_HandStandPushups_g06_c03,data/UCF101_data/UCF-101/HandstandPushups/v_HandStandPushups_g06_c03.avi,36,8,75,16,36,True,True,0.9590006470680237,0.019186774734407663,0.0034580500941956416,0.5452894889749587,90,5,8,8,False,
ucf101,val,v_HandStandPushups_g05_c01,data/UCF101_data/UCF-101/HandstandPushups/v_HandStandPushups_g05_c01.avi,36,8,75,16,36,True,True,0.8624172210693359,0.022989523131400347,0.0034580500941956416,0.524420449975878,114,6,8,8,False,
ucf101,val,v_HandStandPushups_g04_c03,data/UCF101_data/UCF-101/HandstandPushups/v_HandStandPushups_g04_c03.avi,36,8,75,16,36,True,True,0.9190573692321777,0.03250521421432495,0.0034580500941956416,0.49901277758181095,160,8,8,8,False,
ucf101,val,v_HandStandPushups_g07_c04,data/UCF101_data/UCF-101/HandstandPushups/v_HandStandPushups_g07_c04.avi,36,8,75,16,71,False,True,0.8946229219436646,0.04023705283179879,0.003988205557106994,0.9192355661652982,172,8,8,8,False,
ucf101,val,v_HandStandPushups_g02_c02,data/UCF101_data/UCF-101/HandstandPushups/v_HandStandPushups_g02_c02.avi,36,8,75,16,37,False,True,0.22367487847805023,0.015617936383932829,0.003988205557106994,0.8762817438691854,55,3,8,8,False,
ucf101,val,v_HandStandPushups_g03_c01,data/UCF101_data/UCF-101/HandstandPushups/v_HandStandPushups_g03_c01.avi,36,8,75,16,36,True,True,0.888301432132721,0.022999692242592573,0.003988205557106994,0.8585631889291108,125,6,8,8,False,
ucf101,val,v_HandStandPushups_g07_c01,data/UCF101_data/UCF-101/HandstandPushups/v_HandStandPushups_g07_c01.avi,36,8,75,16,71,False,True,0.6334128975868225,0.021917606238275766,0.003988205557106994,0.8324769418686628,92,5,8,8,False,
ucf101,val,v_HandstandWalking_g05_c07,data/UCF101_data/UCF-101/HandstandWalking/v_HandstandWalking_g05_c07.avi,37,8,75,16,8,False,True,0.2163737565279007,0.014322144910693169,0.003988205557106994,0.8074430231936276,251,8,8,8,False,
ucf101,val,v_HandstandWalking_g02_c01,data/UCF101_data/UCF-101/HandstandWalking/v_HandstandWalking_g02_c01.avi,37,8,75,16,37,True,True,0.27546051144599915,0.0075919427908957005,0.003988205557106994,0.7918915352784097,104,5,8,8,False,
ucf101,val,v_HandstandWalking_g05_c05,data/UCF101_data/UCF-101/HandstandWalking/v_HandstandWalking_g05_c05.avi,37,8,75,16,51,False,True,0.14230719208717346,0.014314713887870312,0.003988205557106994,0.7834283481352031,287,8,8,8,False,
ucf101,val,v_HandstandWalking_g01_c01,data/UCF101_data/UCF-101/HandstandWalking/v_HandstandWalking_g01_c01.avi,37,8,75,16,71,False,True,0.4675963222980499,0.0086790737695992,0.003988205557106994,0.7679735403507948,109,6,8,8,False,
ucf101,val,v_HandstandWalking_g06_c04,data/UCF101_data/UCF-101/HandstandWalking/v_HandstandWalking_g06_c04.avi,37,8,75,16,37,True,True,0.22510838508605957,0.006822059862315655,0.003988205557106994,0.7583914729766548,76,4,8,8,False,
ucf101,val,v_HandstandWalking_g04_c02,data/UCF101_data/UCF-101/HandstandWalking/v_HandstandWalking_g04_c02.avi,37,8,75,16,37,True,True,0.6907922029495239,0.008711300324648619,0.003988205557106994,0.750772365834564,120,6,8,8,False,
ucf101,val,v_HandstandWalking_g06_c03,data/UCF101_data/UCF-101/HandstandWalking/v_HandstandWalking_g06_c03.avi,37,8,75,16,37,True,True,0.604756772518158,0.006798970978707075,0.003988205557106994,0.7411108552478254,72,4,8,8,False,
ucf101,val,v_HandstandWalking_g04_c04,data/UCF101_data/UCF-101/HandstandWalking/v_HandstandWalking_g04_c04.avi,37,8,75,16,37,True,True,0.3447631299495697,0.008706755004823208,0.003988205557106994,0.7334897378459573,128,6,8,8,False,
ucf101,val,v_HandstandWalking_g01_c04,data/UCF101_data/UCF-101/HandstandWalking/v_HandstandWalking_g01_c04.avi,37,8,75,16,36,False,True,0.9711534380912781,0.009791132993996143,0.003988205557106994,0.7238042098470032,140,7,8,8,False,
ucf101,val,v_HandstandWalking_g07_c01,data/UCF101_data/UCF-101/HandstandWalking/v_HandstandWalking_g07_c01.avi,37,8,75,16,51,False,True,0.3106216788291931,0.012084200978279114,0.003988205557106994,0.7131942906416953,224,8,8,8,False,
ucf101,val,v_HandstandWalking_g03_c04,data/UCF101_data/UCF-101/HandstandWalking/v_HandstandWalking_g03_c04.avi,37,8,75,16,71,False,True,0.6241165995597839,0.009514687117189169,0.003988205557106994,0.6998297451063991,134,7,8,8,False,
ucf101,val,v_HandstandWalking_g05_c04,data/UCF101_data/UCF-101/HandstandWalking/v_HandstandWalking_g05_c04.avi,37,8,75,16,36,False,True,0.5599293112754822,0.012794115114957094,0.003988205557106994,0.6893198993057013,253,8,8,8,False,
ucf101,val,v_HandstandWalking_g04_c03,data/UCF101_data/UCF-101/HandstandWalking/v_HandstandWalking_g04_c03.avi,37,8,75,16,37,True,True,0.42047539353370667,0.008710446301847696,0.003988205557106994,0.6755248638801277,122,6,8,8,False,
ucf101,val,v_HandstandWalking_g07_c05,data/UCF101_data/UCF-101/HandstandWalking/v_HandstandWalking_g07_c05.avi,37,8,75,16,16,False,True,0.8601592183113098,0.011714549269527197,0.003988205557106994,0.665862524881959,199,8,8,8,False,
ucf101,val,v_HandstandWalking_g06_c01,data/UCF101_data/UCF-101/HandstandWalking/v_HandstandWalking_g06_c01.avi,37,8,75,16,36,False,True,0.8640435934066772,0.00673671904951334,0.003988205557106994,0.6531298221088946,67,4,8,8,False,
ucf101,val,v_HandstandWalking_g02_c02,data/UCF101_data/UCF-101/HandstandWalking/v_HandstandWalking_g02_c02.avi,37,8,75,16,36,False,True,0.6084885597229004,0.007478618994355202,0.003988205557106994,0.645633147098124,104,5,8,8,False,
ucf101,val,v_HandstandWalking_g04_c05,data/UCF101_data/UCF-101/HandstandWalking/v_HandstandWalking_g04_c05.avi,37,8,75,16,37,True,True,0.5249361395835876,0.00868431618437171,0.003988205557106994,0.6373157487250865,123,6,8,8,False,
ucf101,val,v_HandstandWalking_g03_c01,data/UCF101_data/UCF-101/HandstandWalking/v_HandstandWalking_g03_c01.avi,37,8,75,16,78,False,True,0.1303366869688034,0.007759248837828636,0.003988205557106994,0.6276517668738961,104,5,8,8,False,
ucf101,val,v_HandstandWalking_g07_c02,data/UCF101_data/UCF-101/HandstandWalking/v_HandstandWalking_g07_c02.avi,37,8,75,16,37,True,True,0.5236526131629944,0.011106379795819521,0.003988205557106994,0.6190457097254694,192,8,8,8,False,
ucf101,val,v_HandstandWalking_g02_c04,data/UCF101_data/UCF-101/HandstandWalking/v_HandstandWalking_g02_c04.avi,37,8,75,16,36,False,True,0.4879111051559448,0.008318724110722542,0.003988205557106994,0.6069391136988997,119,6,8,8,False,
ucf101,val,v_HeadMassage_g05_c05,data/UCF101_data/UCF-101/HeadMassage/v_HeadMassage_g05_c05.avi,38,8,75,16,38,True,True,0.8987541198730469,0.014081912115216255,0.003988205557106994,0.5974998120218515,270,8,8,8,False,
ucf101,val,v_HeadMassage_g07_c02,data/UCF101_data/UCF-101/HeadMassage/v_HeadMassage_g07_c02.avi,38,8,75,16,38,True,True,0.7442674040794373,0.014475448988378048,0.003988205557106994,0.582355328835547,298,8,8,8,False,
ucf101,val,v_HeadMassage_g03_c06,data/UCF101_data/UCF-101/HeadMassage/v_HeadMassage_g03_c06.avi,38,8,75,16,38,True,True,0.7271656394004822,0.02018185378983617,0.003988205557106994,0.5666499510407448,404,8,8,8,False,
ucf101,val,v_HeadMassage_g04_c02,data/UCF101_data/UCF-101/HeadMassage/v_HeadMassage_g04_c02.avi,38,8,75,16,38,True,True,0.874596357345581,0.010710982140153646,0.003988205557106994,0.5452942289412022,168,8,8,8,False,
ucf101,val,v_HeadMassage_g03_c04,data/UCF101_data/UCF-101/HeadMassage/v_HeadMassage_g03_c04.avi,38,8,75,16,38,True,True,0.9579795002937317,0.014832401648163795,0.003988205557106994,0.5336529510095716,315,8,8,8,False,
ucf101,val,v_HeadMassage_g02_c01,data/UCF101_data/UCF-101/HeadMassage/v_HeadMassage_g02_c01.avi,38,8,75,16,38,True,True,0.9499267339706421,0.012985279317945242,0.003988205557106994,0.5175630138255656,243,8,8,8,False,
ucf101,val,v_HeadMassage_g07_c03,data/UCF101_data/UCF-101/HeadMassage/v_HeadMassage_g07_c03.avi,38,8,75,16,38,True,True,0.8863353133201599,0.011443905998021364,0.003988205557106994,0.5035204063169658,178,8,8,8,False,
ucf101,val,v_HeadMassage_g05_c06,data/UCF101_data/UCF-101/HeadMassage/v_HeadMassage_g05_c06.avi,38,8,75,16,38,True,True,0.9468753337860107,0.008302885107696056,0.003988205557106994,0.4907949143089354,107,5,8,8,False,
ucf101,val,v_HeadMassage_g07_c01,data/UCF101_data/UCF-101/HeadMassage/v_HeadMassage_g07_c01.avi,38,8,75,16,38,True,True,0.38520869612693787,0.044156129006296396,0.004031025091535412,0.9334358549676836,252,8,8,8,False,
ucf101,val,v_HeadMassage_g06_c01,data/UCF101_data/UCF-101/HeadMassage/v_HeadMassage_g06_c01.avi,38,8,75,16,38,True,True,0.2936056852340698,0.013468252029269934,0.004031025091535412,0.8868795791640878,229,8,8,8,False,
ucf101,val,v_HeadMassage_g03_c07,data/UCF101_data/UCF-101/HeadMassage/v_HeadMassage_g03_c07.avi,38,8,75,16,38,True,True,0.8511093854904175,0.015669220127165318,0.004031025091535412,0.8722128961235285,337,8,8,8,False,
ucf101,val,v_HeadMassage_g04_c01,data/UCF101_data/UCF-101/HeadMassage/v_HeadMassage_g04_c01.avi,38,8,75,16,38,True,True,0.8404038548469543,0.010568201076239347,0.004031025091535412,0.855409262701869,153,8,8,8,False,
ucf101,val,v_HeadMassage_g04_c03,data/UCF101_data/UCF-101/HeadMassage/v_HeadMassage_g04_c03.avi,38,8,75,16,38,True,True,0.8866131901741028,0.011450035031884909,0.004031025091535412,0.8439483260735869,180,8,8,8,False,
ucf101,val,v_HeadMassage_g03_c01,data/UCF101_data/UCF-101/HeadMassage/v_HeadMassage_g03_c01.avi,38,8,75,16,38,True,True,0.9572203159332275,0.01638631382957101,0.004031025091535412,0.8315518288873136,320,8,8,8,False,
ucf101,val,v_HeadMassage_g02_c06,data/UCF101_data/UCF-101/HeadMassage/v_HeadMassage_g02_c06.avi,38,8,75,16,38,True,True,0.9159066677093506,0.015137822832912207,0.004031025091535412,0.8138172109611332,310,8,8,8,False,
ucf101,val,v_HeadMassage_g01_c01,data/UCF101_data/UCF-101/HeadMassage/v_HeadMassage_g01_c01.avi,38,8,75,16,38,True,True,0.4846826493740082,0.010609558317810297,0.004031025091535412,0.7973403260111809,154,8,8,8,False,
ucf101,val,v_HeadMassage_g06_c04,data/UCF101_data/UCF-101/HeadMassage/v_HeadMassage_g06_c04.avi,38,8,75,16,2,False,True,0.4367403984069824,0.011768653988838196,0.004031025091535412,0.7856659097597003,232,8,8,8,False,
ucf101,val,v_HeadMassage_g05_c04,data/UCF101_data/UCF-101/HeadMassage/v_HeadMassage_g05_c04.avi,38,8,75,16,38,True,True,0.8662646412849426,0.012868760153651237,0.004031025091535412,0.7728019841015339,243,8,8,8,False,
ucf101,val,v_HeadMassage_g06_c07,data/UCF101_data/UCF-101/HeadMassage/v_HeadMassage_g06_c07.avi,38,8,75,16,38,True,True,0.43122154474258423,0.01298519317060709,0.004031025091535412,0.7589482241310179,257,8,8,8,False,
ucf101,val,v_HeadMassage_g05_c02,data/UCF101_data/UCF-101/HeadMassage/v_HeadMassage_g05_c02.avi,38,8,75,16,38,True,True,0.966767430305481,0.012883315794169903,0.004031025091535412,0.7449058732017875,199,8,8,8,False,
ucf101,val,v_HighJump_g03_c02,data/UCF101_data/UCF-101/HighJump/v_HighJump_g03_c02.avi,39,8,75,16,44,False,True,0.5496852397918701,0.013742536772042513,0.004031025091535412,0.7310280869714916,138,7,8,8,False,
ucf101,val,v_HighJump_g05_c01,data/UCF101_data/UCF-101/HighJump/v_HighJump_g05_c01.avi,39,8,75,16,39,True,True,0.9437580108642578,0.011993467342108488,0.004031025091535412,0.7165500391274691,121,6,8,8,False,
ucf101,val,v_HighJump_g04_c01,data/UCF101_data/UCF-101/HighJump/v_HighJump_g04_c01.avi,39,8,75,16,39,True,True,0.4838956594467163,0.010266583878546953,0.004031025091535412,0.7034854120574892,96,5,8,8,False,
ucf101,val,v_HighJump_g04_c06,data/UCF101_data/UCF-101/HighJump/v_HighJump_g04_c06.avi,39,8,75,16,39,True,True,0.9587803483009338,0.013190785888582468,0.004031025091535412,0.6923928367905319,132,7,8,8,False,
ucf101,val,v_HighJump_g04_c02,data/UCF101_data/UCF-101/HighJump/v_HighJump_g04_c02.avi,39,8,75,16,39,True,True,0.8707466721534729,0.013256844133138657,0.004031025091535412,0.6784213040955365,144,7,8,8,False,
ucf101,val,v_HighJump_g07_c02,data/UCF101_data/UCF-101/HighJump/v_HighJump_g07_c02.avi,39,8,75,16,39,True,True,0.9531170129776001,0.009812963660806417,0.004031025091535412,0.664395690895617,98,5,8,8,False,
ucf101,val,v_HighJump_g07_c01,data/UCF101_data/UCF-101/HighJump/v_HighJump_g07_c01.avi,39,8,75,16,39,True,True,0.9803805947303772,0.011909459251910448,0.004031025091535412,0.6537736486643553,116,6,8,8,False,
ucf101,val,v_HighJump_g01_c01,data/UCF101_data/UCF-101/HighJump/v_HighJump_g01_c01.avi,39,8,75,16,39,True,True,0.9569137096405029,0.01477693160995841,0.004031025091535412,0.6409984631463885,155,8,8,8,False,
ucf101,val,v_HighJump_g07_c04,data/UCF101_data/UCF-101/HighJump/v_HighJump_g07_c04.avi,39,8,75,16,39,True,True,0.6562865376472473,0.010099435690790415,0.004031025091535412,0.6254332489334047,102,5,8,8,False,
ucf101,val,v_HighJump_g02_c02,data/UCF101_data/UCF-101/HighJump/v_HighJump_g02_c02.avi,39,8,75,16,39,True,True,0.895599365234375,0.01302661094814539,0.004031025091535412,0.6145086097531021,137,7,8,8,False,
ucf101,val,v_HighJump_g01_c03,data/UCF101_data/UCF-101/HighJump/v_HighJump_g01_c03.avi,39,8,75,16,39,True,True,0.4904589056968689,0.010124687105417252,0.004031025091535412,0.6005165879614651,102,5,8,8,False,
ucf101,val,v_HighJump_g02_c03,data/UCF101_data/UCF-101/HighJump/v_HighJump_g02_c03.avi,39,8,75,16,39,True,True,0.9668964743614197,0.01208346989005804,0.004031025091535412,0.5895916721783578,121,6,8,8,False,
ucf101,val,v_HighJump_g05_c02,data/UCF101_data/UCF-101/HighJump/v_HighJump_g05_c02.avi,39,8,75,16,39,True,True,0.9655920267105103,0.008743883110582829,0.004031025091535412,0.5766517701558769,71,4,8,8,False,
ucf101,val,v_HighJump_g07_c06,data/UCF101_data/UCF-101/HighJump/v_HighJump_g07_c06.avi,39,8,75,16,39,True,True,0.9437733888626099,0.008883023168891668,0.004031025091535412,0.5672145001590252,80,4,8,8,False,
ucf101,val,v_HighJump_g03_c04,data/UCF101_data/UCF-101/HighJump/v_HighJump_g03_c04.avi,39,8,75,16,39,True,True,0.503792405128479,0.015086418017745018,0.004031025091535412,0.5574951278977096,183,8,8,8,False,
ucf101,val,v_HighJump_g06_c04,data/UCF101_data/UCF-101/HighJump/v_HighJump_g06_c04.avi,39,8,75,16,44,False,True,0.579057514667511,0.010244595818221569,0.004031025091535412,0.5415669693611562,105,5,8,8,False,
ucf101,val,v_HighJump_g05_c04,data/UCF101_data/UCF-101/HighJump/v_HighJump_g05_c04.avi,39,8,75,16,39,True,True,0.9482654333114624,0.011850334703922272,0.004031025091535412,0.5305739552713931,121,6,8,8,False,
ucf101,val,v_HighJump_g07_c05,data/UCF101_data/UCF-101/HighJump/v_HighJump_g07_c05.avi,39,8,75,16,39,True,True,0.5815392136573792,0.010445578955113888,0.004031025091535412,0.5177347720600665,91,5,8,8,False,
ucf101,val,v_HighJump_g04_c04,data/UCF101_data/UCF-101/HighJump/v_HighJump_g04_c04.avi,39,8,75,16,39,True,True,0.944438099861145,0.012174380011856556,0.004031025091535412,0.5064901961013675,108,6,8,8,False,
ucf101,val,v_HighJump_g03_c03,data/UCF101_data/UCF-101/HighJump/v_HighJump_g03_c03.avi,39,8,75,16,67,False,True,0.7589566707611084,0.010940938722342253,0.004031025091535412,0.49326617224141955,92,5,8,8,False,
ucf101,val,v_HorseRace_g01_c02,data/UCF101_data/UCF-101/HorseRace/v_HorseRace_g01_c02.avi,40,8,75,16,40,True,True,0.9841188192367554,0.029440725222229958,0.0036503802402876318,0.9760610340163112,153,8,8,8,False,
ucf101,val,v_HorseRace_g02_c02,data/UCF101_data/UCF-101/HorseRace/v_HorseRace_g02_c02.avi,40,8,75,16,40,True,True,0.931632399559021,0.016594036016613245,0.0036503802402876318,0.944564076140523,300,8,8,8,False,
ucf101,val,v_HorseRace_g04_c06,data/UCF101_data/UCF-101/HorseRace/v_HorseRace_g04_c06.avi,40,8,75,16,40,True,True,0.9821264147758484,0.014746937900781631,0.0036503802402876318,0.9271362731233239,158,8,8,8,False,
ucf101,val,v_HorseRace_g04_c02,data/UCF101_data/UCF-101/HorseRace/v_HorseRace_g04_c02.avi,40,8,75,16,40,True,True,0.9539216756820679,0.014506353065371513,0.0036503802402876318,0.9114576689898968,155,8,8,8,False,
ucf101,val,v_HorseRace_g03_c05,data/UCF101_data/UCF-101/HorseRace/v_HorseRace_g03_c05.avi,40,8,75,16,40,True,True,0.9683566093444824,0.013534828089177608,0.0036503802402876318,0.8959307419136167,131,7,8,8,False,
ucf101,val,v_HorseRace_g05_c04,data/UCF101_data/UCF-101/HorseRace/v_HorseRace_g05_c04.avi,40,8,75,16,40,True,True,0.9827170372009277,0.015027229208499193,0.0036503802402876318,0.8816453469917178,214,8,8,8,False,
ucf101,val,v_HorseRace_g02_c04,data/UCF101_data/UCF-101/HorseRace/v_HorseRace_g02_c04.avi,40,8,75,16,40,True,True,0.928935706615448,0.015537540894001722,0.0036503802402876318,0.8655613176524639,341,8,8,8,False,
ucf101,val,v_HorseRace_g03_c02,data/UCF101_data/UCF-101/HorseRace/v_HorseRace_g03_c02.avi,40,8,75,16,40,True,True,0.9746941924095154,0.01554700592532754,0.0036503802402876318,0.8489425978623331,164,8,8,8,False,
ucf101,val,v_HorseRace_g05_c03,data/UCF101_data/UCF-101/HorseRace/v_HorseRace_g05_c03.avi,40,8,75,16,40,True,True,0.911271333694458,0.015123896766453981,0.0036503802402876318,0.8324997969903052,273,8,8,8,False,
ucf101,val,v_HorseRace_g07_c04,data/UCF101_data/UCF-101/HorseRace/v_HorseRace_g07_c04.avi,40,8,75,16,40,True,True,0.9344081282615662,0.015448418911546469,0.0036503802402876318,0.8165196501649916,182,8,8,8,False,
ucf101,val,v_HorseRace_g03_c04,data/UCF101_data/UCF-101/HorseRace/v_HorseRace_g03_c04.avi,40,8,75,16,40,True,True,0.9538494348526001,0.014843989163637161,0.0036503802402876318,0.8000868153758347,151,8,8,8,False,
ucf101,val,v_HorseRace_g04_c03,data/UCF101_data/UCF-101/HorseRace/v_HorseRace_g04_c03.avi,40,8,75,16,40,True,True,0.9599121809005737,0.008663562126457691,0.0036503802402876318,0.784458092879504,78,4,8,8,False,
ucf101,val,v_HorseRace_g04_c05,data/UCF101_data/UCF-101/HorseRace/v_HorseRace_g04_c05.avi,40,8,75,16,40,True,True,0.9736372232437134,0.013587830122560263,0.0036503802402876318,0.7750525530427694,138,7,8,8,False,
ucf101,val,v_HorseRace_g04_c04,data/UCF101_data/UCF-101/HorseRace/v_HorseRace_g04_c04.avi,40,8,75,16,40,True,True,0.9741920232772827,0.012932280078530312,0.0036503802402876318,0.7604717882350087,135,7,8,8,False,
ucf101,val,v_HorseRace_g06_c02,data/UCF101_data/UCF-101/HorseRace/v_HorseRace_g06_c02.avi,40,8,75,16,40,True,True,0.8347811698913574,0.014118678867816925,0.0036503802402876318,0.7467500283382833,145,7,8,8,False,
ucf101,val,v_HorseRace_g04_c01,data/UCF101_data/UCF-101/HorseRace/v_HorseRace_g04_c01.avi,40,8,75,16,40,True,True,0.9711396098136902,0.013134803157299757,0.0036503802402876318,0.7316693486645818,148,7,8,8,False,
ucf101,val,v_HorseRace_g07_c01,data/UCF101_data/UCF-101/HorseRace/v_HorseRace_g07_c01.avi,40,8,75,16,40,True,True,0.9528103470802307,0.014883722178637981,0.0036503802402876318,0.7177355783060193,169,8,8,8,False,
ucf101,val,v_HorseRace_g03_c03,data/UCF101_data/UCF-101/HorseRace/v_HorseRace_g03_c03.avi,40,8,75,16,40,True,True,0.9690222144126892,0.015083712060004473,0.0036503802402876318,0.7019623778760433,161,8,8,8,False,
ucf101,val,v_HorseRace_g05_c02,data/UCF101_data/UCF-101/HorseRace/v_HorseRace_g05_c02.avi,40,8,75,16,40,True,True,0.9769454002380371,0.01589319808408618,0.0036503802402876318,0.6860449090600014,298,8,8,8,False,
ucf101,val,v_HorseRace_g07_c03,data/UCF101_data/UCF-101/HorseRace/v_HorseRace_g07_c03.avi,40,8,75,16,40,True,True,0.9722660183906555,0.014644311740994453,0.0036503802402876318,0.6693094642832875,154,8,8,8,False,
ucf101,val,v_HorseRiding_g03_c04,data/UCF101_data/UCF-101/HorseRiding/v_HorseRiding_g03_c04.avi,41,8,75,16,41,True,True,0.9829849600791931,0.014834601897746325,0.0036503802402876318,0.6536102187819779,151,8,8,8,False,
ucf101,val,v_HorseRiding_g03_c06,data/UCF101_data/UCF-101/HorseRiding/v_HorseRiding_g03_c06.avi,41,8,75,16,41,True,True,0.9852986335754395,0.01508658193051815,0.0036503802402876318,0.6380125698633492,180,8,8,8,False,
ucf101,val,v_HorseRiding_g03_c03,data/UCF101_data/UCF-101/HorseRiding/v_HorseRiding_g03_c03.avi,41,8,75,16,41,True,True,0.985676646232605,0.01441989280283451,0.0036503802402876318,0.6220561508089304,151,8,8,8,False,
ucf101,val,v_HorseRiding_g03_c01,data/UCF101_data/UCF-101/HorseRiding/v_HorseRiding_g03_c01.avi,41,8,75,16,41,True,True,0.9857390522956848,0.014562069904059172,0.0036503802402876318,0.6067317840643227,185,8,8,8,False,
ucf101,val,v_HorseRiding_g02_c01,data/UCF101_data/UCF-101/HorseRiding/v_HorseRiding_g02_c01.avi,41,8,75,16,41,True,True,0.9873150587081909,0.014839675277471542,0.0036503802402876318,0.5913360337726772,180,8,8,8,False,
ucf101,val,v_HorseRiding_g02_c06,data/UCF101_data/UCF-101/HorseRiding/v_HorseRiding_g02_c06.avi,41,8,75,16,41,True,True,0.9863030314445496,0.014645192306488752,0.0036503802402876318,0.5755705297924578,180,8,8,8,False,
ucf101,val,v_HorseRiding_g03_c07,data/UCF101_data/UCF-101/HorseRiding/v_HorseRiding_g03_c07.avi,41,8,75,16,41,True,True,0.9840901494026184,0.014912398997694254,0.0036503802402876318,0.5600735442712903,192,8,8,8,False,
ucf101,val,v_HorseRiding_g07_c03,data/UCF101_data/UCF-101/HorseRiding/v_HorseRiding_g07_c03.avi,41,8,75,16,41,True,True,0.9863477945327759,0.014625637792050838,0.0036503802402876318,0.5441183359362185,180,8,8,8,False,
ucf101,val,v_HorseRiding_g05_c07,data/UCF101_data/UCF-101/HorseRiding/v_HorseRiding_g05_c07.avi,41,8,75,16,41,True,True,0.9703017473220825,0.014601030386984348,0.0036503802402876318,0.5285230651497841,240,8,8,8,False,
ucf101,val,v_HorseRiding_g02_c05,data/UCF101_data/UCF-101/HorseRiding/v_HorseRiding_g02_c05.avi,41,8,75,16,41,True,True,0.9867686629295349,0.014763462822884321,0.0036503802402876318,0.5130419051274657,180,8,8,8,False,
ucf101,val,v_HorseRiding_g07_c02,data/UCF101_data/UCF-101/HorseRiding/v_HorseRiding_g07_c02.avi,41,8,75,16,41,True,True,0.9850127696990967,0.014862156007438898,0.0036503802402876318,0.4975029658526182,180,8,8,8,False,
ucf101,val,v_HorseRiding_g02_c07,data/UCF101_data/UCF-101/HorseRiding/v_HorseRiding_g02_c07.avi,41,8,75,16,41,True,True,0.9793333411216736,0.011538025923073292,0.0036503802402876318,0.4818177316337824,120,6,8,8,False,
ucf101,val,v_HorseRiding_g05_c03,data/UCF101_data/UCF-101/HorseRiding/v_HorseRiding_g05_c03.avi,41,8,75,16,41,True,True,0.985444962978363,0.035333402920514345,0.0038424887898145244,0.9070833437144756,151,8,8,8,False,
ucf101,val,v_HorseRiding_g07_c07,data/UCF101_data/UCF-101/HorseRiding/v_HorseRiding_g07_c07.avi,41,8,75,16,41,True,True,0.9711043238639832,0.015552405267953873,0.0038424887898145244,0.8700667433440685,240,8,8,8,False,
ucf101,val,v_HorseRiding_g05_c06,data/UCF101_data/UCF-101/HorseRiding/v_HorseRiding_g05_c06.avi,41,8,75,16,41,True,True,0.9809074997901917,0.015201643109321594,0.0038424887898145244,0.8534850683063269,240,8,8,8,False,
ucf101,val,v_HorseRiding_g03_c05,data/UCF101_data/UCF-101/HorseRiding/v_HorseRiding_g03_c05.avi,41,8,75,16,41,True,True,0.9838650822639465,0.014618763234466314,0.0038424887898145244,0.8374801413156092,156,8,8,8,False,
ucf101,val,v_HorseRiding_g01_c07,data/UCF101_data/UCF-101/HorseRiding/v_HorseRiding_g01_c07.avi,41,8,75,16,41,True,True,0.9768176078796387,0.011557288933545351,0.0038424887898145244,0.8220419497229159,120,6,8,8,False,
ucf101,val,v_HorseRiding_g06_c04,data/UCF101_data/UCF-101/HorseRiding/v_HorseRiding_g06_c04.avi,41,8,75,16,41,True,True,0.9852060675621033,0.014447597786784172,0.0038424887898145244,0.8096057279035449,180,8,8,8,False,
ucf101,val,v_HorseRiding_g02_c03,data/UCF101_data/UCF-101/HorseRiding/v_HorseRiding_g02_c03.avi,41,8,75,16,41,True,True,0.9869716763496399,0.011537903919816017,0.0038424887898145244,0.7943514566868544,121,6,8,8,False,
ucf101,val,v_HorseRiding_g06_c07,data/UCF101_data/UCF-101/HorseRiding/v_HorseRiding_g06_c07.avi,41,8,75,16,41,True,True,0.9870598316192627,0.013837442733347416,0.0038424887898145244,0.7820141855627298,216,8,8,8,False,
ucf101,val,v_HulaHoop_g05_c03,data/UCF101_data/UCF-101/HulaHoop/v_HulaHoop_g05_c03.avi,42,8,75,16,42,True,True,0.8121606111526489,0.011577056720852852,0.0038424887898145244,0.7674235650338233,108,6,8,8,False,
ucf101,val,v_HulaHoop_g03_c01,data/UCF101_data/UCF-101/HulaHoop/v_HulaHoop_g03_c01.avi,42,8,75,16,42,True,True,0.9832997918128967,0.009856387041509151,0.0038424887898145244,0.7549960501492023,92,5,8,8,False,
ucf101,val,v_HulaHoop_g04_c04,data/UCF101_data/UCF-101/HulaHoop/v_HulaHoop_g04_c04.avi,42,8,75,16,57,False,True,0.20722924172878265,0.011812819167971611,0.0038424887898145244,0.7441483400762081,111,6,8,8,False,
ucf101,val,v_HulaHoop_g01_c01,data/UCF101_data/UCF-101/HulaHoop/v_HulaHoop_g01_c01.avi,42,8,75,16,42,True,True,0.9815095663070679,0.009982096962630749,0.0038424887898145244,0.7315261540934443,91,5,8,8,False,
ucf101,val,v_HulaHoop_g05_c02,data/UCF101_data/UCF-101/HulaHoop/v_HulaHoop_g05_c02.avi,42,8,75,16,42,True,True,0.8325358033180237,0.009735142812132835,0.0038424887898145244,0.7207122170366347,96,5,8,8,False,
ucf101,val,v_HulaHoop_g04_c02,data/UCF101_data/UCF-101/HulaHoop/v_HulaHoop_g04_c02.avi,42,8,75,16,42,True,True,0.8776591420173645,0.011825942900031805,0.0038424887898145244,0.710041536949575,112,6,8,8,False,
ucf101,val,v_HulaHoop_g01_c05,data/UCF101_data/UCF-101/HulaHoop/v_HulaHoop_g01_c05.avi,42,8,75,16,42,True,True,0.9809565544128418,0.011570134200155735,0.0038424887898145244,0.6972245569340885,121,6,8,8,False,
ucf101,val,v_HulaHoop_g02_c02,data/UCF101_data/UCF-101/HulaHoop/v_HulaHoop_g02_c02.avi,42,8,75,16,42,True,True,0.983221173286438,0.011580295860767365,0.0038424887898145244,0.6848090090788901,121,6,8,8,False,
ucf101,val,v_HulaHoop_g01_c02,data/UCF101_data/UCF-101/HulaHoop/v_HulaHoop_g01_c02.avi,42,8,75,16,42,True,True,0.9819158315658569,0.013494778890162706,0.0038424887898145244,0.6724960529245436,141,7,8,8,False,
ucf101,val,v_HulaHoop_g06_c01,data/UCF101_data/UCF-101/HulaHoop/v_HulaHoop_g06_c01.avi,42,8,75,16,100,False,False,0.1890261024236679,0.010036643128842115,0.0038424887898145244,0.6582250990904868,96,5,8,8,False,
ucf101,val,v_HulaHoop_g06_c04,data/UCF101_data/UCF-101/HulaHoop/v_HulaHoop_g06_c04.avi,42,8,75,16,42,True,True,0.3337155878543854,0.010020782705396414,0.0038424887898145244,0.6473935679532588,96,5,8,8,False,
ucf101,val,v_HulaHoop_g02_c03,data/UCF101_data/UCF-101/HulaHoop/v_HulaHoop_g02_c03.avi,42,8,75,16,42,True,True,0.9569244384765625,0.011824523098766804,0.0038424887898145244,0.6361823529005051,121,6,8,8,False,
ucf101,val,v_HulaHoop_g06_c03,data/UCF101_data/UCF-101/HulaHoop/v_HulaHoop_g06_c03.avi,42,8,75,16,42,True,True,0.3554646074771881,0.009778900071978569,0.0038424887898145244,0.6235449509695172,96,5,8,8,False,
ucf101,val,v_HulaHoop_g04_c05,data/UCF101_data/UCF-101/HulaHoop/v_HulaHoop_g04_c05.avi,42,8,75,16,86,False,True,0.33358699083328247,0.011749102268368006,0.0038424887898145244,0.6129810311831534,115,6,8,8,False,
ucf101,val,v_HulaHoop_g03_c05,data/UCF101_data/UCF-101/HulaHoop/v_HulaHoop_g03_c05.avi,42,8,75,16,88,False,True,0.39802008867263794,0.010037379339337349,0.0038424887898145244,0.6003421349450946,92,5,8,8,False,
ucf101,val,v_HulaHoop_g01_c04,data/UCF101_data/UCF-101/HulaHoop/v_HulaHoop_g01_c04.avi,42,8,75,16,42,True,True,0.9755486249923706,0.0099125811830163,0.0038424887898145244,0.5894298520870507,101,5,8,8,False,
ucf101,val,v_HulaHoop_g07_c02,data/UCF101_data/UCF-101/HulaHoop/v_HulaHoop_g07_c02.avi,42,8,75,16,42,True,True,0.9834574460983276,0.009784455876797438,0.0038424887898145244,0.5787176731973886,101,5,8,8,False,
ucf101,val,v_HulaHoop_g07_c01,data/UCF101_data/UCF-101/HulaHoop/v_HulaHoop_g07_c01.avi,42,8,75,16,42,True,True,0.9834136366844177,0.009758025873452425,0.0038424887898145244,0.5680821882560849,96,5,8,8,False,
ucf101,val,v_HulaHoop_g07_c03,data/UCF101_data/UCF-101/HulaHoop/v_HulaHoop_g07_c03.avi,42,8,75,16,42,True,True,0.9843605160713196,0.009714553132653236,0.0038424887898145244,0.5574692320078611,91,5,8,8,False,
ucf101,val,v_HulaHoop_g02_c01,data/UCF101_data/UCF-101/HulaHoop/v_HulaHoop_g02_c01.avi,42,8,75,16,42,True,True,0.9833067059516907,0.011480298824608326,0.0038424887898145244,0.5469467458315194,111,6,8,8,False,
ucf101,val,v_IceDancing_g05_c02,data/UCF101_data/UCF-101/IceDancing/v_IceDancing_g05_c02.avi,43,8,75,16,43,True,True,0.9405693411827087,0.013545634225010872,0.0038424887898145244,0.5344855058938265,248,8,8,8,False,
ucf101,val,v_IceDancing_g04_c02,data/UCF101_data/UCF-101/IceDancing/v_IceDancing_g04_c02.avi,43,8,75,16,43,True,True,0.9874504804611206,0.013241144362837076,0.0038424887898145244,0.5199208897538483,249,8,8,8,False,
ucf101,val,v_IceDancing_g02_c05,data/UCF101_data/UCF-101/IceDancing/v_IceDancing_g02_c05.avi,43,8,75,16,43,True,True,0.9438071250915527,0.013252744916826487,0.0038424887898145244,0.5053272130899131,244,8,8,8,False,
ucf101,val,v_IceDancing_g01_c04,data/UCF101_data/UCF-101/IceDancing/v_IceDancing_g01_c04.avi,43,8,75,16,43,True,True,0.9876406788825989,0.013548361137509346,0.0038424887898145244,0.4910699715837836,258,8,8,8,False,
ucf101,val,v_IceDancing_g03_c03,data/UCF101_data/UCF-101/IceDancing/v_IceDancing_g03_c03.avi,43,8,75,16,43,True,True,0.9903796911239624,0.041622405871748924,0.003595023343223147,1.028656552080065,247,8,8,8,False,
ucf101,val,v_IceDancing_g05_c04,data/UCF101_data/UCF-101/IceDancing/v_IceDancing_g05_c04.avi,43,8,75,16,43,True,True,0.9867119789123535,0.020503414794802666,0.003595023343223147,0.9830613802187145,243,8,8,8,False,
ucf101,val,v_IceDancing_g02_c01,data/UCF101_data/UCF-101/IceDancing/v_IceDancing_g02_c01.avi,43,8,75,16,43,True,True,0.9853382110595703,0.013336848001927137,0.003595023343223147,0.9598594340495765,256,8,8,8,False,
ucf101,val,v_IceDancing_g01_c05,data/UCF101_data/UCF-101/IceDancing/v_IceDancing_g01_c05.avi,43,8,75,16,43,True,True,0.991287887096405,0.013844905886799097,0.003595023343223147,0.9453376866877079,259,8,8,8,False,
ucf101,val,v_IceDancing_g04_c06,data/UCF101_data/UCF-101/IceDancing/v_IceDancing_g04_c06.avi,43,8,75,16,43,True,True,0.9475526809692383,0.014075744897127151,0.003595023343223147,0.9302341127768159,261,8,8,8,False,
ucf101,val,v_IceDancing_g05_c05,data/UCF101_data/UCF-101/IceDancing/v_IceDancing_g05_c05.avi,43,8,75,16,43,True,True,0.9869758486747742,0.012985231820493937,0.003595023343223147,0.9149379250593483,243,8,8,8,False,
ucf101,val,v_IceDancing_g06_c06,data/UCF101_data/UCF-101/IceDancing/v_IceDancing_g06_c06.avi,43,8,75,16,43,True,True,0.8639509081840515,0.0127038499340415,0.003595023343223147,0.9008035650476813,252,8,8,8,False,
ucf101,val,v_IceDancing_g07_c04,data/UCF101_data/UCF-101/IceDancing/v_IceDancing_g07_c04.avi,43,8,75,16,43,True,True,0.9885364770889282,0.012379417195916176,0.003595023343223147,0.8870739657431841,230,8,8,8,False,
ucf101,val,v_IceDancing_g02_c03,data/UCF101_data/UCF-101/IceDancing/v_IceDancing_g02_c03.avi,43,8,75,16,43,True,True,0.98546302318573,0.013641959056258202,0.003595023343223147,0.873594120144844,252,8,8,8,False,
ucf101,val,v_IceDancing_g06_c01,data/UCF101_data/UCF-101/IceDancing/v_IceDancing_g06_c01.avi,43,8,75,16,43,True,True,0.9883157014846802,0.03942468389868736,0.003595023343223147,0.8587638940662146,187,8,8,8,False,
ucf101,val,v_IceDancing_g03_c06,data/UCF101_data/UCF-101/IceDancing/v_IceDancing_g03_c06.avi,43,8,75,16,43,True,True,0.9886003136634827,0.014271351043134928,0.003595023343223147,0.8158406540751457,240,8,8,8,False,
ucf101,val,v_IceDancing_g01_c03,data/UCF101_data/UCF-101/IceDancing/v_IceDancing_g01_c03.avi,43,8,75,16,43,True,True,0.9870058298110962,0.012690821196883917,0.003595023343223147,0.7998709809035063,235,8,8,8,False,
ucf101,val,v_IceDancing_g07_c01,data/UCF101_data/UCF-101/IceDancing/v_IceDancing_g07_c01.avi,43,8,75,16,43,True,True,0.9878355860710144,0.02114925067871809,0.003595023343223147,0.7860539080575109,261,8,8,8,False,
ucf101,val,v_IceDancing_g06_c02,data/UCF101_data/UCF-101/IceDancing/v_IceDancing_g06_c02.avi,43,8,75,16,43,True,True,0.9910587668418884,0.057468346785753965,0.003595023343223147,0.7619432639330626,248,8,8,8,False,
ucf101,val,v_IceDancing_g03_c04,data/UCF101_data/UCF-101/IceDancing/v_IceDancing_g03_c04.avi,43,8,75,16,43,True,True,0.9752707481384277,0.014606453012675047,0.003595023343223147,0.7004484469071031,243,8,8,8,False,
ucf101,val,v_IceDancing_g04_c05,data/UCF101_data/UCF-101/IceDancing/v_IceDancing_g04_c05.avi,43,8,75,16,80,False,True,0.32778748869895935,0.01353673217818141,0.003595023343223147,0.6846553608775139,249,8,8,8,False,
ucf101,val,v_JavelinThrow_g04_c02,data/UCF101_data/UCF-101/JavelinThrow/v_JavelinThrow_g04_c02.avi,44,8,75,16,79,False,False,0.5464273691177368,0.01521497406065464,0.003595023343223147,0.6696578138507903,167,8,8,8,False,
ucf101,val,v_JavelinThrow_g05_c04,data/UCF101_data/UCF-101/JavelinThrow/v_JavelinThrow_g05_c04.avi,44,8,75,16,44,True,True,0.964228093624115,0.015280601102858782,0.003595023343223147,0.6536301597952843,159,8,8,8,False,
ucf101,val,v_JavelinThrow_g07_c04,data/UCF101_data/UCF-101/JavelinThrow/v_JavelinThrow_g07_c04.avi,44,8,75,16,29,False,True,0.9188178777694702,0.010414513759315014,0.003595023343223147,0.6374841430224478,90,5,8,8,False,
ucf101,val,v_JavelinThrow_g06_c04,data/UCF101_data/UCF-101/JavelinThrow/v_JavelinThrow_g06_c04.avi,44,8,75,16,44,True,True,0.9485109448432922,0.012843349948525429,0.003595023343223147,0.6262085270136595,135,7,8,8,False,
ucf101,val,v_JavelinThrow_g07_c03,data/UCF101_data/UCF-101/JavelinThrow/v_JavelinThrow_g07_c03.avi,44,8,75,16,67,False,True,0.948748767375946,0.008726703934371471,0.003595023343223147,0.6125956540927291,66,4,8,8,False,
ucf101,val,v_JavelinThrow_g02_c04,data/UCF101_data/UCF-101/JavelinThrow/v_JavelinThrow_g02_c04.avi,44,8,75,16,44,True,True,0.8680039644241333,0.013329619076102972,0.003595023343223147,0.6031138589605689,142,7,8,8,False,
ucf101,val,v_JavelinThrow_g06_c03,data/UCF101_data/UCF-101/JavelinThrow/v_JavelinThrow_g06_c03.avi,44,8,75,16,44,True,True,0.9534408450126648,0.01324530877172947,0.003595023343223147,0.5889766570180655,142,7,8,8,False,
ucf101,val,v_JavelinThrow_g05_c01,data/UCF101_data/UCF-101/JavelinThrow/v_JavelinThrow_g05_c01.avi,44,8,75,16,44,True,True,0.9043254852294922,0.008566850796341896,0.003595023343223147,0.5747801698744297,71,4,8,8,False,
ucf101,val,v_JavelinThrow_g04_c01,data/UCF101_data/UCF-101/JavelinThrow/v_JavelinThrow_g04_c01.avi,44,8,75,16,44,True,True,0.42969661951065063,0.013020655140280724,0.003595023343223147,0.5652065258473158,132,7,8,8,False,
ucf101,val,v_JavelinThrow_g04_c03,data/UCF101_data/UCF-101/JavelinThrow/v_JavelinThrow_g04_c03.avi,44,8,75,16,44,True,True,0.8720182180404663,0.011715095024555922,0.003595023343223147,0.5514279589988291,123,6,8,8,False,
ucf101,val,v_JavelinThrow_g05_c06,data/UCF101_data/UCF-101/JavelinThrow/v_JavelinThrow_g05_c06.avi,44,8,75,16,44,True,True,0.9506153464317322,0.007305526174604893,0.003595023343223147,0.5389732462354004,51,3,8,8,False,
ucf101,val,v_JavelinThrow_g03_c02,data/UCF101_data/UCF-101/JavelinThrow/v_JavelinThrow_g03_c02.avi,44,8,75,16,44,True,True,0.9629544019699097,0.01522593293339014,0.003595023343223147,0.5308665940538049,151,8,8,8,False,
ucf101,val,v_JavelinThrow_g05_c03,data/UCF101_data/UCF-101/JavelinThrow/v_JavelinThrow_g05_c03.avi,44,8,75,16,44,True,True,0.9334446787834167,0.010316424071788788,0.003595023343223147,0.5147687089629471,98,5,8,8,False,
ucf101,val,v_JavelinThrow_g07_c05,data/UCF101_data/UCF-101/JavelinThrow/v_JavelinThrow_g07_c05.avi,44,8,75,16,50,False,True,0.8421037197113037,0.008815374691039324,0.003595023343223147,0.5036455956287682,72,4,8,8,False,
ucf101,val,v_JavelinThrow_g07_c01,data/UCF101_data/UCF-101/JavelinThrow/v_JavelinThrow_g07_c01.avi,44,8,75,16,29,False,False,0.9485909342765808,0.008862013928592205,0.003595023343223147,0.4939729468896985,77,4,8,8,False,
ucf101,val,v_JavelinThrow_g01_c02,data/UCF101_data/UCF-101/JavelinThrow/v_JavelinThrow_g01_c02.avi,44,8,75,16,44,True,True,0.9423094391822815,0.013501991983503103,0.003595023343223147,0.484337346162647,144,7,8,8,False,
ucf101,val,v_JavelinThrow_g06_c02,data/UCF101_data/UCF-101/JavelinThrow/v_JavelinThrow_g06_c02.avi,44,8,75,16,44,True,True,0.941057562828064,0.038667118176817894,0.003920309551176615,0.9618109413422644,163,8,8,8,False,
ucf101,val,v_JavelinThrow_g03_c04,data/UCF101_data/UCF-101/JavelinThrow/v_JavelinThrow_g03_c04.avi,44,8,75,16,44,True,True,0.6726856231689453,0.0080536138266325,0.003920309551176615,0.9218305088579655,61,3,8,8,False,
ucf101,val,v_JavelinThrow_g04_c04,data/UCF101_data/UCF-101/JavelinThrow/v_JavelinThrow_g04_c04.avi,44,8,75,16,44,True,True,0.3668377101421356,0.012174104806035757,0.003920309551176615,0.9129043123684824,120,6,8,8,False,
ucf101,val,v_JavelinThrow_g01_c04,data/UCF101_data/UCF-101/JavelinThrow/v_JavelinThrow_g01_c04.avi,44,8,75,16,44,True,True,0.90633624792099,0.012217544950544834,0.003920309551176615,0.8998301201499999,110,6,8,8,False,
ucf101,val,v_JugglingBalls_g03_c04,data/UCF101_data/UCF-101/JugglingBalls/v_JugglingBalls_g03_c04.avi,45,8,75,16,45,True,True,0.9381183385848999,0.016840519849210978,0.003920309551176615,0.886764511000365,256,8,8,8,False,
ucf101,val,v_JugglingBalls_g03_c07,data/UCF101_data/UCF-101/JugglingBalls/v_JugglingBalls_g03_c07.avi,45,8,75,16,45,True,True,0.9452370405197144,0.015610549598932266,0.003920309551176615,0.8689217697829008,269,8,8,8,False,
ucf101,val,v_JugglingBalls_g02_c02,data/UCF101_data/UCF-101/JugglingBalls/v_JugglingBalls_g02_c02.avi,45,8,75,16,45,True,True,0.9596813321113586,0.015237998217344284,0.003920309551176615,0.8522550603374839,253,8,8,8,False,
ucf101,val,v_JugglingBalls_g03_c01,data/UCF101_data/UCF-101/JugglingBalls/v_JugglingBalls_g03_c01.avi,45,8,75,16,45,True,True,0.957869827747345,0.015712263993918896,0.003920309551176615,0.8361448361538351,263,8,8,8,False,
ucf101,val,v_JugglingBalls_g03_c06,data/UCF101_data/UCF-101/JugglingBalls/v_JugglingBalls_g03_c06.avi,45,8,75,16,45,True,True,0.9593371152877808,0.01528482185676694,0.003920309551176615,0.8195625729858875,257,8,8,8,False,
ucf101,val,v_JugglingBalls_g03_c02,data/UCF101_data/UCF-101/JugglingBalls/v_JugglingBalls_g03_c02.avi,45,8,75,16,45,True,True,0.950570821762085,0.01595070632174611,0.003920309551176615,0.8033951623365283,249,8,8,8,False,
ucf101,val,v_JugglingBalls_g02_c01,data/UCF101_data/UCF-101/JugglingBalls/v_JugglingBalls_g02_c01.avi,45,8,75,16,45,True,True,0.958209216594696,0.015345354098826647,0.003920309551176615,0.7865636358037591,247,8,8,8,False,
ucf101,val,v_JugglingBalls_g07_c04,data/UCF101_data/UCF-101/JugglingBalls/v_JugglingBalls_g07_c04.avi,45,8,75,16,55,False,True,0.4399215877056122,0.01507114339619875,0.003920309551176615,0.7703143223188818,250,8,8,8,False,
ucf101,val,v_JugglingBalls_g01_c01,data/UCF101_data/UCF-101/JugglingBalls/v_JugglingBalls_g01_c01.avi,45,8,75,16,55,False,True,0.3769439160823822,0.015205651987344027,0.003920309551176615,0.7543968437239528,257,8,8,8,False,
ucf101,val,v_JugglingBalls_g07_c07,data/UCF101_data/UCF-101/JugglingBalls/v_JugglingBalls_g07_c07.avi,45,8,75,16,55,False,True,0.5610920190811157,0.015020713675767183,0.003920309551176615,0.7380519318394363,252,8,8,8,False,
ucf101,val,v_JugglingBalls_g03_c05,data/UCF101_data/UCF-101/JugglingBalls/v_JugglingBalls_g03_c05.avi,45,8,75,16,45,True,True,0.9504448175430298,0.015700480435043573,0.003920309551176615,0.722167482599616,276,8,8,8,False,
ucf101,val,v_JugglingBalls_g05_c01,data/UCF101_data/UCF-101/JugglingBalls/v_JugglingBalls_g05_c01.avi,45,8,75,16,45,True,True,0.953925371170044,0.01554924389347434,0.003920309551176615,0.7056376729160547,243,8,8,8,False,
ucf101,val,v_JugglingBalls_g04_c03,data/UCF101_data/UCF-101/JugglingBalls/v_JugglingBalls_g04_c03.avi,45,8,75,16,45,True,True,0.7574799656867981,0.015702564269304276,0.003920309551176615,0.6891658478416502,246,8,8,8,False,
ucf101,val,v_JugglingBalls_g07_c03,data/UCF101_data/UCF-101/JugglingBalls/v_JugglingBalls_g07_c03.avi,45,8,75,16,45,True,True,0.4239847958087921,0.01518072560429573,0.003920309551176615,0.6726021841168404,246,8,8,8,False,
ucf101,val,v_JugglingBalls_g02_c06,data/UCF101_data/UCF-101/JugglingBalls/v_JugglingBalls_g02_c06.avi,45,8,75,16,45,True,True,0.961306095123291,0.015753170009702444,0.003920309551176615,0.656481355894357,253,8,8,8,False,
ucf101,val,v_JugglingBalls_g01_c02,data/UCF101_data/UCF-101/JugglingBalls/v_JugglingBalls_g01_c02.avi,45,8,75,16,45,True,True,0.6395284533500671,0.015634331852197647,0.003920309551176615,0.6397445639595389,248,8,8,8,False,
ucf101,val,v_JugglingBalls_g02_c04,data/UCF101_data/UCF-101/JugglingBalls/v_JugglingBalls_g02_c04.avi,45,8,75,16,45,True,True,0.9549734592437744,0.015048869885504246,0.003920309551176615,0.6229733950458467,247,8,8,8,False,
ucf101,val,v_JugglingBalls_g05_c04,data/UCF101_data/UCF-101/JugglingBalls/v_JugglingBalls_g05_c04.avi,45,8,75,16,45,True,True,0.9532931447029114,0.01621364802122116,0.003920309551176615,0.6070717121474445,254,8,8,8,False,
ucf101,val,v_JugglingBalls_g06_c02,data/UCF101_data/UCF-101/JugglingBalls/v_JugglingBalls_g06_c02.avi,45,8,75,16,45,True,True,0.929482638835907,0.015344108454883099,0.003920309551176615,0.5899084773845971,240,8,8,8,False,
ucf101,val,v_JugglingBalls_g06_c03,data/UCF101_data/UCF-101/JugglingBalls/v_JugglingBalls_g06_c03.avi,45,8,75,16,45,True,True,0.9385281801223755,0.014964611735194921,0.003920309551176615,0.5737061868421733,257,8,8,8,False,
ucf101,val,v_JumpingJack_g01_c05,data/UCF101_data/UCF-101/JumpingJack/v_JumpingJack_g01_c05.avi,46,8,75,16,46,True,True,0.9477602243423462,0.010433690156787634,0.003920309551176615,0.5578729407861829,89,5,8,8,False,
ucf101,val,v_JumpingJack_g03_c04,data/UCF101_data/UCF-101/JumpingJack/v_JumpingJack_g03_c04.avi,46,8,75,16,46,True,True,0.9260130524635315,0.008804926183074713,0.003920309551176615,0.5466119931079447,84,4,8,8,False,
ucf101,val,v_JumpingJack_g04_c02,data/UCF101_data/UCF-101/JumpingJack/v_JumpingJack_g04_c02.avi,46,8,75,16,51,False,False,0.7912787795066833,0.008846632204949856,0.003920309551176615,0.5369923952966928,78,4,8,8,False,
ucf101,val,v_JumpingJack_g03_c02,data/UCF101_data/UCF-101/JumpingJack/v_JumpingJack_g03_c02.avi,46,8,75,16,46,True,True,0.9471477270126343,0.01036302326247096,0.003920309551176615,0.5273302691057324,88,5,8,8,False,
ucf101,val,v_JumpingJack_g06_c03,data/UCF101_data/UCF-101/JumpingJack/v_JumpingJack_g06_c03.avi,46,8,75,16,100,False,True,0.43321946263313293,0.008915686048567295,0.003920309551176615,0.5159214627929032,79,4,8,8,False,
ucf101,val,v_JumpingJack_g02_c01,data/UCF101_data/UCF-101/JumpingJack/v_JumpingJack_g02_c01.avi,46,8,75,16,46,True,True,0.7898131012916565,0.007542026229202747,0.003920309551176615,0.5061867167241871,63,3,8,8,False,
ucf101,val,v_JumpingJack_g04_c03,data/UCF101_data/UCF-101/JumpingJack/v_JumpingJack_g04_c03.avi,46,8,75,16,51,False,False,0.6601464748382568,0.008766189217567444,0.003920309551176615,0.4977297279983759,80,4,8,8,False,
ucf101,val,v_JumpingJack_g06_c07,data/UCF101_data/UCF-101/JumpingJack/v_JumpingJack_g06_c07.avi,46,8,75,16,46,True,True,0.5769911408424377,0.008754032664000988,0.003920309551176615,0.4882081081159413,66,4,8,8,False,
ucf101,val,v_JumpingJack_g05_c02,data/UCF101_data/UCF-101/JumpingJack/v_JumpingJack_g05_c02.avi,46,8,75,16,69,False,False,0.8165110349655151,0.01941521279513836,0.0035382447531446815,0.9498016112484038,82,4,8,8,False,
ucf101,val,v_JumpingJack_g07_c05,data/UCF101_data/UCF-101/JumpingJack/v_JumpingJack_g07_c05.avi,46,8,75,16,46,True,True,0.893169641494751,0.010608648881316185,0.0035382447531446815,0.9280294091440737,88,5,8,8,False,
ucf101,val,v_JumpingJack_g02_c02,data/UCF101_data/UCF-101/JumpingJack/v_JumpingJack_g02_c02.avi,46,8,75,16,46,True,True,0.38935258984565735,0.007522208150476217,0.0035382447531446815,0.9165781661868095,63,3,8,8,False,
ucf101,val,v_JumpingJack_g07_c01,data/UCF101_data/UCF-101/JumpingJack/v_JumpingJack_g07_c01.avi,46,8,75,16,46,True,True,0.7989749908447266,0.010184908285737038,0.0035382447531446815,0.9081325009465218,88,5,8,8,False,
ucf101,val,v_JumpingJack_g01_c03,data/UCF101_data/UCF-101/JumpingJack/v_JumpingJack_g01_c03.avi,46,8,75,16,46,True,True,0.9159132838249207,0.01021281210705638,0.0035382447531446815,0.8971334644593298,92,5,8,8,False,
ucf101,val,v_JumpingJack_g01_c02,data/UCF101_data/UCF-101/JumpingJack/v_JumpingJack_g01_c02.avi,46,8,75,16,46,True,True,0.9508769512176514,0.009976699948310852,0.0035382447531446815,0.8861238746903837,91,5,8,8,False,
ucf101,val,v_JumpingJack_g01_c06,data/UCF101_data/UCF-101/JumpingJack/v_JumpingJack_g01_c06.avi,46,8,75,16,46,True,True,0.9641557335853577,0.010071550961583853,0.0035382447531446815,0.8753341138362885,88,5,8,8,False,
ucf101,val,v_JumpingJack_g02_c03,data/UCF101_data/UCF-101/JumpingJack/v_JumpingJack_g02_c03.avi,46,8,75,16,46,True,True,0.3837055563926697,0.010280305985361338,0.0035382447531446815,0.8644714131951332,101,5,8,8,False,
ucf101,val,v_JumpingJack_g05_c01,data/UCF101_data/UCF-101/JumpingJack/v_JumpingJack_g05_c01.avi,46,8,75,16,69,False,False,0.2714124023914337,0.008762951008975506,0.0035382447531446815,0.8533532307483256,81,4,8,8,False,
ucf101,val,v_JumpingJack_g04_c04,data/UCF101_data/UCF-101/JumpingJack/v_JumpingJack_g04_c04.avi,46,8,75,16,46,True,True,0.5068594217300415,0.008526176679879427,0.0035382447531446815,0.8438167106360197,85,4,8,8,False,
ucf101,val,v_JumpingJack_g05_c03,data/UCF101_data/UCF-101/JumpingJack/v_JumpingJack_g05_c03.avi,46,8,75,16,69,False,True,0.7867363095283508,0.010205782949924469,0.0035382447531446815,0.8344383286312222,100,5,8,8,False,
ucf101,val,v_JumpingJack_g07_c04,data/UCF101_data/UCF-101/JumpingJack/v_JumpingJack_g07_c04.avi,46,8,75,16,46,True,True,0.867688000202179,0.010038687847554684,0.0035382447531446815,0.8233969360589981,87,5,8,8,False,
ucf101,val,v_JumpRope_g02_c04,data/UCF101_data/UCF-101/JumpRope/v_JumpRope_g02_c04.avi,47,8,75,16,47,True,True,0.45591261982917786,0.01730941003188491,0.0035382447531446815,0.8125325189903378,500,8,8,8,False,
ucf101,val,v_JumpRope_g06_c03,data/UCF101_data/UCF-101/JumpRope/v_JumpRope_g06_c03.avi,47,8,75,16,83,False,True,0.21077442169189453,0.01692392909899354,0.0035382447531446815,0.794104294385761,355,8,8,8,False,
ucf101,val,v_JumpRope_g04_c05,data/UCF101_data/UCF-101/JumpRope/v_JumpRope_g04_c05.avi,47,8,75,16,7,False,False,0.4533400535583496,0.015943525824695826,0.0035382447531446815,0.7759414673782885,480,8,8,8,False,
ucf101,val,v_JumpRope_g05_c04,data/UCF101_data/UCF-101/JumpRope/v_JumpRope_g05_c04.avi,47,8,75,16,47,True,True,0.9142708778381348,0.01602346822619438,0.0035382447531446815,0.7590361298061907,614,8,8,8,False,
ucf101,val,v_JumpRope_g04_c03,data/UCF101_data/UCF-101/JumpRope/v_JumpRope_g04_c03.avi,47,8,75,16,89,False,True,0.609314501285553,0.015839999075978994,0.0035382447531446815,0.7421133168973029,489,8,8,8,False,
ucf101,val,v_JumpRope_g07_c01,data/UCF101_data/UCF-101/JumpRope/v_JumpRope_g07_c01.avi,47,8,75,16,47,True,True,0.8487052917480469,0.015258075203746557,0.0035382447531446815,0.7253282140009105,396,8,8,8,False,
ucf101,val,v_JumpRope_g06_c05,data/UCF101_data/UCF-101/JumpRope/v_JumpRope_g06_c05.avi,47,8,75,16,89,False,True,0.4897679388523102,0.015856055077165365,0.0035382447531446815,0.7091865492984653,366,8,8,8,False,
ucf101,val,v_JumpRope_g03_c04,data/UCF101_data/UCF-101/JumpRope/v_JumpRope_g03_c04.avi,47,8,75,16,47,True,True,0.8542817831039429,0.017379945144057274,0.0035382447531446815,0.692297653760761,316,8,8,8,False,
ucf101,val,v_JumpRope_g01_c03,data/UCF101_data/UCF-101/JumpRope/v_JumpRope_g01_c03.avi,47,8,75,16,47,True,True,0.5205745100975037,0.01639012387022376,0.0035382447531446815,0.6737419278360903,346,8,8,8,False,
ucf101,val,v_JumpRope_g07_c04,data/UCF101_data/UCF-101/JumpRope/v_JumpRope_g07_c04.avi,47,8,75,16,47,True,True,0.8345879316329956,0.01796511374413967,0.0035382447531446815,0.656334551051259,358,8,8,8,False,
ucf101,val,v_JumpRope_g01_c02,data/UCF101_data/UCF-101/JumpRope/v_JumpRope_g01_c02.avi,47,8,75,16,47,True,True,0.424530029296875,0.015070542227476835,0.0035382447531446815,0.6374930250458419,268,8,8,8,False,
ucf101,val,v_JumpRope_g03_c03,data/UCF101_data/UCF-101/JumpRope/v_JumpRope_g03_c03.avi,47,8,75,16,47,True,True,0.8570401668548584,0.015096919145435095,0.0035382447531446815,0.6215797308832407,294,8,8,8,False,
ucf101,val,v_JumpRope_g05_c02,data/UCF101_data/UCF-101/JumpRope/v_JumpRope_g05_c02.avi,47,8,75,16,47,True,True,0.9082939624786377,0.01751645328477025,0.0035382447531446815,0.6055732839740813,620,8,8,8,False,
ucf101,val,v_JumpRope_g02_c07,data/UCF101_data/UCF-101/JumpRope/v_JumpRope_g02_c07.avi,47,8,75,16,47,True,True,0.922767162322998,0.01792925503104925,0.0035382447531446815,0.586422688793391,510,8,8,8,False,
ucf101,val,v_JumpRope_g06_c02,data/UCF101_data/UCF-101/JumpRope/v_JumpRope_g06_c02.avi,47,8,75,16,89,False,True,0.4718705415725708,0.015598434954881668,0.0035382447531446815,0.5676047871820629,378,8,8,8,False,
ucf101,val,v_JumpRope_g02_c05,data/UCF101_data/UCF-101/JumpRope/v_JumpRope_g02_c05.avi,47,8,75,16,47,True,True,0.4895714521408081,0.01654901634901762,0.0035382447531446815,0.5511526591144502,501,8,8,8,False,
ucf101,val,v_JumpRope_g01_c01,data/UCF101_data/UCF-101/JumpRope/v_JumpRope_g01_c01.avi,47,8,75,16,47,True,True,0.4061667323112488,0.01446383073925972,0.0035382447531446815,0.5337591920979321,257,8,8,8,False,
ucf101,val,v_JumpRope_g07_c05,data/UCF101_data/UCF-101/JumpRope/v_JumpRope_g07_c05.avi,47,8,75,16,47,True,True,0.8586556315422058,0.017175544053316116,0.0035382447531446815,0.5185112911276519,343,8,8,8,False,
ucf101,val,v_JumpRope_g07_c06,data/UCF101_data/UCF-101/JumpRope/v_JumpRope_g07_c06.avi,47,8,75,16,47,True,True,0.8995278477668762,0.01585395773872733,0.0035382447531446815,0.5004912600852549,403,8,8,8,False,
ucf101,val,v_JumpRope_g04_c04,data/UCF101_data/UCF-101/JumpRope/v_JumpRope_g04_c04.avi,47,8,75,16,89,False,True,0.4445803165435791,0.016641212161630392,0.0035382447531446815,0.4833272327668965,546,8,8,8,False,
ucf101,val,v_Kayaking_g01_c02,data/UCF101_data/UCF-101/Kayaking/v_Kayaking_g01_c02.avi,48,8,75,16,48,True,True,0.7194864153862,0.03536826325580478,0.003649349935585633,0.9796857577748597,192,8,8,8,False,
ucf101,val,v_Kayaking_g04_c04,data/UCF101_data/UCF-101/Kayaking/v_Kayaking_g04_c04.avi,48,8,75,16,48,True,True,0.9779826402664185,0.014810914173722267,0.003649349935585633,0.9420745759271085,211,8,8,8,False,
ucf101,val,v_Kayaking_g01_c03,data/UCF101_data/UCF-101/Kayaking/v_Kayaking_g01_c03.avi,48,8,75,16,48,True,True,0.8662556409835815,0.01541987806558609,0.003649349935585633,0.9264205931685865,187,8,8,8,False,
ucf101,val,v_Kayaking_g03_c02,data/UCF101_data/UCF-101/Kayaking/v_Kayaking_g03_c02.avi,48,8,75,16,81,False,False,0.8599923849105835,0.0149152223020792,0.003649349935585633,0.9099008091725409,166,8,8,8,False,
ucf101,val,v_Kayaking_g06_c06,data/UCF101_data/UCF-101/Kayaking/v_Kayaking_g06_c06.avi,48,8,75,16,48,True,True,0.9359530210494995,0.014382393565028906,0.003649349935585633,0.8940379489213228,161,8,8,8,False,
ucf101,val,v_Kayaking_g04_c03,data/UCF101_data/UCF-101/Kayaking/v_Kayaking_g04_c03.avi,48,8,75,16,48,True,True,0.987106204032898,0.014927696902304888,0.003649349935585633,0.878548018168658,181,8,8,8,False,
ucf101,val,v_Kayaking_g04_c07,data/UCF101_data/UCF-101/Kayaking/v_Kayaking_g04_c07.avi,48,8,75,16,48,True,True,0.39901047945022583,0.015037369914352894,0.003649349935585633,0.8628004482015967,187,8,8,8,False,
ucf101,val,v_Kayaking_g04_c01,data/UCF101_data/UCF-101/Kayaking/v_Kayaking_g04_c01.avi,48,8,75,16,48,True,True,0.9775675535202026,0.01476626517251134,0.003649349935585633,0.8468268322758377,209,8,8,8,False,
ucf101,val,v_Kayaking_g02_c03,data/UCF101_data/UCF-101/Kayaking/v_Kayaking_g02_c03.avi,48,8,75,16,48,True,True,0.970397412776947,0.015011189971119165,0.003649349935585633,0.8312202510423958,181,8,8,8,False,
ucf101,val,v_Kayaking_g01_c06,data/UCF101_data/UCF-101/Kayaking/v_Kayaking_g01_c06.avi,48,8,75,16,48,True,True,0.8791773915290833,0.0147719900123775,0.003649349935585633,0.8154334337450564,198,8,8,8,False,
ucf101,val,v_Kayaking_g04_c05,data/UCF101_data/UCF-101/Kayaking/v_Kayaking_g04_c05.avi,48,8,75,16,48,True,True,0.9807031154632568,0.014990754425525665,0.003649349935585633,0.7997443019412458,191,8,8,8,False,
ucf101,val,v_Kayaking_g03_c04,data/UCF101_data/UCF-101/Kayaking/v_Kayaking_g03_c04.avi,48,8,75,16,75,False,True,0.5684969425201416,0.014907557982951403,0.003649349935585633,0.7838708246126771,187,8,8,8,False,
ucf101,val,v_Kayaking_g06_c05,data/UCF101_data/UCF-101/Kayaking/v_Kayaking_g06_c05.avi,48,8,75,16,48,True,True,0.7906469702720642,0.014787618070840836,0.003649349935585633,0.7678650477901101,156,8,8,8,False,
ucf101,val,v_Kayaking_g04_c02,data/UCF101_data/UCF-101/Kayaking/v_Kayaking_g04_c02.avi,48,8,75,16,48,True,True,0.9781850576400757,0.014982080087065697,0.003649349935585633,0.7520709959790111,237,8,8,8,False,
ucf101,val,v_Kayaking_g07_c02,data/UCF101_data/UCF-101/Kayaking/v_Kayaking_g07_c02.avi,48,8,75,16,48,True,True,0.9806006550788879,0.014122194610536098,0.003649349935585633,0.7361118658445776,166,8,8,8,False,
ucf101,val,v_Kayaking_g05_c02,data/UCF101_data/UCF-101/Kayaking/v_Kayaking_g05_c02.avi,48,8,75,16,48,True,True,0.981777548789978,0.016457702964544296,0.003649349935585633,0.7211922239512205,181,8,8,8,False,
ucf101,val,v_Kayaking_g07_c01,data/UCF101_data/UCF-101/Kayaking/v_Kayaking_g07_c01.avi,48,8,75,16,48,True,True,0.9831415414810181,0.014852592721581459,0.003649349935585633,0.7039334191940725,177,8,8,8,False,
ucf101,val,v_Kayaking_g05_c04,data/UCF101_data/UCF-101/Kayaking/v_Kayaking_g05_c04.avi,48,8,75,16,48,True,True,0.9840458631515503,0.015338788740336895,0.003649349935585633,0.6882428699173033,185,8,8,8,False,
ucf101,val,v_Kayaking_g03_c01,data/UCF101_data/UCF-101/Kayaking/v_Kayaking_g03_c01.avi,48,8,75,16,81,False,False,0.864520788192749,0.014476477168500423,0.003649349935585633,0.6720513901673257,163,8,8,8,False,
ucf101,val,v_Kayaking_g07_c03,data/UCF101_data/UCF-101/Kayaking/v_Kayaking_g07_c03.avi,48,8,75,16,48,True,True,0.9770984649658203,0.014164967928081751,0.003649349935585633,0.65656269621104,159,8,8,8,False,
ucf101,val,v_Knitting_g02_c03,data/UCF101_data/UCF-101/Knitting/v_Knitting_g02_c03.avi,49,8,75,16,49,True,True,0.9778954386711121,0.014806229621171951,0.003649349935585633,0.6415772028267384,258,8,8,8,False,
ucf101,val,v_Knitting_g03_c02,data/UCF101_data/UCF-101/Knitting/v_Knitting_g03_c02.avi,49,8,75,16,49,True,True,0.9843666553497314,0.01306837284937501,0.003649349935585633,0.6257634041830897,244,8,8,8,False,
ucf101,val,v_Knitting_g05_c02,data/UCF101_data/UCF-101/Knitting/v_Knitting_g05_c02.avi,49,8,75,16,49,True,True,0.9811011552810669,0.013351754285395145,0.003649349935585633,0.6115472293458879,265,8,8,8,False,
ucf101,val,v_Knitting_g03_c05,data/UCF101_data/UCF-101/Knitting/v_Knitting_g03_c05.avi,49,8,75,16,49,True,True,0.9812988638877869,0.011808197014033794,0.003649349935585633,0.5969187133014202,212,8,8,8,False,
ucf101,val,v_Knitting_g05_c03,data/UCF101_data/UCF-101/Knitting/v_Knitting_g05_c03.avi,49,8,75,16,49,True,True,0.9830544590950012,0.013470300007611513,0.003649349935585633,0.5840784013271332,263,8,8,8,False,
ucf101,val,v_Knitting_g04_c02,data/UCF101_data/UCF-101/Knitting/v_Knitting_g04_c02.avi,49,8,75,16,49,True,True,0.9568405747413635,0.012162721250206232,0.003649349935585633,0.5695410240441561,231,8,8,8,False,
ucf101,val,v_Knitting_g03_c01,data/UCF101_data/UCF-101/Knitting/v_Knitting_g03_c01.avi,49,8,75,16,49,True,True,0.9802246689796448,0.012056168168783188,0.003649349935585633,0.5560655919834971,216,8,8,8,False,
ucf101,val,v_Knitting_g07_c03,data/UCF101_data/UCF-101/Knitting/v_Knitting_g07_c03.avi,49,8,75,16,49,True,True,0.9815176129341125,0.015028988011181355,0.003649349935585633,0.5428890809416771,192,8,8,8,False,
ucf101,val,v_Knitting_g03_c04,data/UCF101_data/UCF-101/Knitting/v_Knitting_g03_c04.avi,49,8,75,16,49,True,True,0.981682538986206,0.012747754342854023,0.003649349935585633,0.5267000528983772,236,8,8,8,False,
ucf101,val,v_Knitting_g05_c05,data/UCF101_data/UCF-101/Knitting/v_Knitting_g05_c05.avi,49,8,75,16,49,True,True,0.9808110594749451,0.012968935072422028,0.003649349935585633,0.5129608572460711,246,8,8,8,False,
ucf101,val,v_Knitting_g04_c04,data/UCF101_data/UCF-101/Knitting/v_Knitting_g04_c04.avi,49,8,75,16,49,True,True,0.9222489595413208,0.012565295677632093,0.003649349935585633,0.49885051883757114,240,8,8,8,False,
ucf101,val,v_Knitting_g01_c02,data/UCF101_data/UCF-101/Knitting/v_Knitting_g01_c02.avi,49,8,75,16,49,True,True,0.9788737297058105,0.014014634769409895,0.003649349935585633,0.4851629170589149,240,8,8,8,False,
ucf101,val,v_Knitting_g04_c01,data/UCF101_data/UCF-101/Knitting/v_Knitting_g04_c01.avi,49,8,75,16,49,True,True,0.9265969395637512,0.04025219986215234,0.0034652902249945328,1.0140779581852257,222,8,8,8,False,
ucf101,val,v_Knitting_g01_c03,data/UCF101_data/UCF-101/Knitting/v_Knitting_g01_c03.avi,49,8,75,16,49,True,True,0.9832203388214111,0.015672252979129553,0.0034652902249945328,0.9714769781567156,275,8,8,8,False,
ucf101,val,v_Knitting_g07_c04,data/UCF101_data/UCF-101/Knitting/v_Knitting_g07_c04.avi,49,8,75,16,49,True,True,0.9822593927383423,0.01141308480873704,0.0034652902249945328,0.9546505492180586,172,8,8,8,False,
ucf101,val,v_Knitting_g02_c05,data/UCF101_data/UCF-101/Knitting/v_Knitting_g02_c05.avi,49,8,75,16,49,True,True,0.9828360676765442,0.01289961114525795,0.0034652902249945328,0.9421198652125895,240,8,8,8,False,
ucf101,val,v_Knitting_g04_c06,data/UCF101_data/UCF-101/Knitting/v_Knitting_g04_c06.avi,49,8,75,16,49,True,True,0.4109322130680084,0.012696257792413235,0.0034652902249945328,0.928079160861671,247,8,8,8,False,
ucf101,val,v_Knitting_g01_c04,data/UCF101_data/UCF-101/Knitting/v_Knitting_g01_c04.avi,49,8,75,16,49,True,True,0.9822911024093628,0.012092911172658205,0.0034652902249945328,0.9141399557702243,190,8,8,8,False,
ucf101,val,v_Knitting_g06_c01,data/UCF101_data/UCF-101/Knitting/v_Knitting_g06_c01.avi,49,8,75,16,49,True,True,0.9763367176055908,0.045862405095249414,0.0034652902249945328,0.9010462309233844,219,8,8,8,False,
ucf101,val,v_Knitting_g07_c02,data/UCF101_data/UCF-101/Knitting/v_Knitting_g07_c02.avi,49,8,75,16,49,True,True,0.9830225110054016,0.014498816803097725,0.0034652902249945328,0.8527667094022036,246,8,8,8,False,
ucf101,val,v_LongJump_g06_c03,data/UCF101_data/UCF-101/LongJump/v_LongJump_g06_c03.avi,50,8,75,16,78,False,False,0.9344379305839539,0.009799513965845108,0.0034652902249945328,0.8367259507067502,136,7,8,8,False,
ucf101,val,v_LongJump_g01_c01,data/UCF101_data/UCF-101/LongJump/v_LongJump_g01_c01.avi,50,8,75,16,50,True,True,0.9869391918182373,0.0096402233466506,0.0034652902249945328,0.8259168928489089,143,7,8,8,False,
ucf101,val,v_LongJump_g07_c01,data/UCF101_data/UCF-101/LongJump/v_LongJump_g07_c01.avi,50,8,75,16,50,True,True,0.9664135575294495,0.009948886930942535,0.0034652902249945328,0.8154293289408088,123,6,8,8,False,
ucf101,val,v_LongJump_g05_c05,data/UCF101_data/UCF-101/LongJump/v_LongJump_g05_c05.avi,50,8,75,16,57,False,True,0.20182840526103973,0.009600142948329449,0.0034652902249945328,0.804536328651011,146,7,8,8,False,
ucf101,val,v_LongJump_g05_c02,data/UCF101_data/UCF-101/LongJump/v_LongJump_g05_c02.avi,50,8,75,16,57,False,False,0.2125009149312973,0.015349843073636293,0.0034652902249945328,0.7940917131491005,92,5,8,8,False,
ucf101,val,v_LongJump_g01_c04,data/UCF101_data/UCF-101/LongJump/v_LongJump_g01_c04.avi,50,8,75,16,50,True,True,0.9883809089660645,0.009251354727894068,0.0034652902249945328,0.7768559679389,126,6,8,8,False,
ucf101,val,v_LongJump_g03_c01,data/UCF101_data/UCF-101/LongJump/v_LongJump_g03_c01.avi,50,8,75,16,78,False,True,0.7706957459449768,0.006801510229706764,0.0034652902249945328,0.766606985591352,74,4,8,8,False,
ucf101,val,v_LongJump_g04_c06,data/UCF101_data/UCF-101/LongJump/v_LongJump_g04_c06.avi,50,8,75,16,50,True,True,0.985929548740387,0.029789383988827467,0.0034652902249945328,0.758993677329272,150,7,8,8,False,
ucf101,val,v_LongJump_g04_c02,data/UCF101_data/UCF-101/LongJump/v_LongJump_g04_c02.avi,50,8,75,16,50,True,True,0.983993411064148,0.03239295305684209,0.0034652902249945328,0.726086659822613,141,7,8,8,False,
ucf101,val,v_LongJump_g04_c07,data/UCF101_data/UCF-101/LongJump/v_LongJump_g04_c07.avi,50,8,75,16,50,True,True,0.9852177500724792,0.02858719974756241,0.0034652902249945328,0.6906621819362044,118,6,8,8,False,
ucf101,val,v_LongJump_g03_c04,data/UCF101_data/UCF-101/LongJump/v_LongJump_g03_c04.avi,50,8,75,16,78,False,True,0.7638621926307678,0.008673042990267277,0.0034652902249945328,0.659463485237211,94,5,8,8,False,
ucf101,val,v_LongJump_g04_c03,data/UCF101_data/UCF-101/LongJump/v_LongJump_g04_c03.avi,50,8,75,16,50,True,True,0.9836445450782776,0.031082333996891975,0.0034652902249945328,0.64983413182199,141,7,8,8,False,
ucf101,val,v_LongJump_g03_c03,data/UCF101_data/UCF-101/LongJump/v_LongJump_g03_c03.avi,50,8,75,16,78,False,True,0.4878402352333069,0.010002863127738237,0.0034652902249945328,0.6173909739591181,108,6,8,8,False,
ucf101,val,v_LongJump_g07_c02,data/UCF101_data/UCF-101/LongJump/v_LongJump_g07_c02.avi,50,8,75,16,50,True,True,0.9822272658348083,0.010516607202589512,0.0034652902249945328,0.6060292487964034,171,8,8,8,False,
ucf101,val,v_LongJump_g01_c02,data/UCF101_data/UCF-101/LongJump/v_LongJump_g01_c02.avi,50,8,75,16,50,True,True,0.9880715608596802,0.011118113063275814,0.0034652902249945328,0.5944506619125605,178,8,8,8,False,
ucf101,val,v_LongJump_g01_c07,data/UCF101_data/UCF-101/LongJump/v_LongJump_g01_c07.avi,50,8,75,16,50,True,True,0.9858466982841492,0.008630629628896713,0.0034652902249945328,0.5821817442774773,123,6,8,8,False,
ucf101,val,v_LongJump_g02_c02,data/UCF101_data/UCF-101/LongJump/v_LongJump_g02_c02.avi,50,8,75,16,50,True,True,0.9756636619567871,0.008753464091569185,0.0034652902249945328,0.572555657941848,116,6,8,8,False,
ucf101,val,v_LongJump_g03_c06,data/UCF101_data/UCF-101/LongJump/v_LongJump_g03_c06.avi,50,8,75,16,78,False,True,0.7496044039726257,0.012229648884385824,0.0034652902249945328,0.5628701308742166,97,5,8,8,False,
ucf101,val,v_LongJump_g01_c05,data/UCF101_data/UCF-101/LongJump/v_LongJump_g01_c05.avi,50,8,75,16,50,True,True,0.9873278737068176,0.010637933854013681,0.0034652902249945328,0.5494915451854467,153,8,8,8,False,
ucf101,val,v_LongJump_g02_c03,data/UCF101_data/UCF-101/LongJump/v_LongJump_g02_c03.avi,50,8,75,16,50,True,True,0.9477618336677551,0.009551920928061008,0.0034652902249945328,0.5379587891511619,146,7,8,8,False,
ucf101,val,v_Lunges_g06_c06,data/UCF101_data/UCF-101/Lunges/v_Lunges_g06_c06.avi,51,8,75,16,36,False,False,0.42665955424308777,0.015585188288241625,0.0034652902249945328,0.5274156872183084,255,8,8,8,False,
ucf101,val,v_Lunges_g07_c02,data/UCF101_data/UCF-101/Lunges/v_Lunges_g07_c02.avi,51,8,75,16,83,False,False,0.7355419993400574,0.015501718036830425,0.0034652902249945328,0.5109415268525481,246,8,8,8,False,
ucf101,val,v_Lunges_g02_c01,data/UCF101_data/UCF-101/Lunges/v_Lunges_g02_c01.avi,51,8,75,16,51,True,True,0.87092125415802,0.014642463065683842,0.0034652902249945328,0.4945500991307199,165,8,8,8,False,
ucf101,val,v_Lunges_g01_c02,data/UCF101_data/UCF-101/Lunges/v_Lunges_g01_c02.avi,51,8,75,16,51,True,True,0.7735877633094788,0.014542547054588795,0.0034652902249945328,0.47888267412781715,235,8,8,8,False,
ucf101,val,v_Lunges_g04_c01,data/UCF101_data/UCF-101/Lunges/v_Lunges_g04_c01.avi,51,8,75,16,20,False,True,0.49323955178260803,0.034088472835719585,0.003479783408693038,0.9583450830541551,262,8,8,8,False,
ucf101,val,v_Lunges_g02_c04,data/UCF101_data/UCF-101/Lunges/v_Lunges_g02_c04.avi,51,8,75,16,51,True,True,0.9395191073417664,0.016334931831806898,0.003479783408693038,0.9218232338316739,177,8,8,8,False,
ucf101,val,v_Lunges_g02_c03,data/UCF101_data/UCF-101/Lunges/v_Lunges_g02_c03.avi,51,8,75,16,51,True,True,0.941470205783844,0.01610698364675045,0.003479783408693038,0.9044084427878261,158,8,8,8,False,
ucf101,val,v_Lunges_g04_c03,data/UCF101_data/UCF-101/Lunges/v_Lunges_g04_c03.avi,51,8,75,16,20,False,True,0.5838364958763123,0.016344387084245682,0.003479783408693038,0.8864937457256019,248,8,8,8,False,
ucf101,val,v_Lunges_g01_c01,data/UCF101_data/UCF-101/Lunges/v_Lunges_g01_c01.avi,51,8,75,16,51,True,True,0.22359389066696167,0.015917457174509764,0.003479783408693038,0.8691510260105133,262,8,8,8,False,
ucf101,val,v_Lunges_g06_c07,data/UCF101_data/UCF-101/Lunges/v_Lunges_g06_c07.avi,51,8,75,16,46,False,True,0.3175244927406311,0.01533902483060956,0.003479783408693038,0.8521757191047072,262,8,8,8,False,
ucf101,val,v_Lunges_g03_c03,data/UCF101_data/UCF-101/Lunges/v_Lunges_g03_c03.avi,51,8,75,16,51,True,True,0.9266025424003601,0.014495606999844313,0.003479783408693038,0.835949132218957,235,8,8,8,False,
ucf101,val,v_Lunges_g01_c03,data/UCF101_data/UCF-101/Lunges/v_Lunges_g01_c03.avi,51,8,75,16,51,True,True,0.874866247177124,0.014496366959065199,0.003479783408693038,0.8206869177520275,226,8,8,8,False,
ucf101,val,v_Lunges_g07_c05,data/UCF101_data/UCF-101/Lunges/v_Lunges_g07_c05.avi,51,8,75,16,83,False,False,0.5100171566009521,0.016116575803607702,0.003479783408693038,0.8054284173995256,238,8,8,8,False,
ucf101,val,v_Lunges_g01_c04,data/UCF101_data/UCF-101/Lunges/v_Lunges_g01_c04.avi,51,8,75,16,51,True,True,0.9452524781227112,0.015324204228818417,0.003479783408693038,0.7882451359182596,271,8,8,8,False,
ucf101,val,v_Lunges_g03_c04,data/UCF101_data/UCF-101/Lunges/v_Lunges_g03_c04.avi,51,8,75,16,51,True,True,0.8338558077812195,0.015463430900126696,0.003479783408693038,0.7720834738574922,252,8,8,8,False,
ucf101,val,v_Lunges_g06_c01,data/UCF101_data/UCF-101/Lunges/v_Lunges_g06_c01.avi,51,8,75,16,36,False,False,0.545973539352417,0.015609717927873135,0.003479783408693038,0.7558079529553652,255,8,8,8,False,
ucf101,val,v_Lunges_g05_c02,data/UCF101_data/UCF-101/Lunges/v_Lunges_g05_c02.avi,51,8,75,16,22,False,False,0.08944138884544373,0.015625886153429747,0.003479783408693038,0.7391630937345326,255,8,8,8,False,
ucf101,val,v_Lunges_g01_c05,data/UCF101_data/UCF-101/Lunges/v_Lunges_g01_c05.avi,51,8,75,16,51,True,True,0.9263626933097839,0.015901728998869658,0.003479783408693038,0.7226775540038943,253,8,8,8,False,
ucf101,val,v_Lunges_g07_c03,data/UCF101_data/UCF-101/Lunges/v_Lunges_g07_c03.avi,51,8,75,16,83,False,False,0.7264292240142822,0.015659224707633257,0.003479783408693038,0.7059271861799061,246,8,8,8,False,
ucf101,val,v_Lunges_g07_c01,data/UCF101_data/UCF-101/Lunges/v_Lunges_g07_c01.avi,51,8,75,16,51,True,True,0.7011805176734924,0.015251141972839832,0.003479783408693038,0.6893840357661247,249,8,8,8,False,
ucf101,val,v_MilitaryParade_g07_c06,data/UCF101_data/UCF-101/MilitaryParade/v_MilitaryParade_g07_c06.avi,52,8,75,16,52,True,True,0.9361510276794434,0.013701286166906357,0.003479783408693038,0.6732582971453667,140,7,8,8,False,
ucf101,val,v_MilitaryParade_g04_c03,data/UCF101_data/UCF-101/MilitaryParade/v_MilitaryParade_g04_c03.avi,52,8,75,16,52,True,True,0.5076971054077148,0.014723235741257668,0.003479783408693038,0.6587933679111302,151,8,8,8,False,
ucf101,val,v_MilitaryParade_g03_c03,data/UCF101_data/UCF-101/MilitaryParade/v_MilitaryParade_g03_c03.avi,52,8,75,16,52,True,True,0.2798265516757965,0.010133607313036919,0.003479783408693038,0.6432503531686962,93,5,8,8,False,
ucf101,val,v_MilitaryParade_g06_c04,data/UCF101_data/UCF-101/MilitaryParade/v_MilitaryParade_g06_c04.avi,52,8,75,16,52,True,True,0.7071920037269592,0.011948272120207548,0.003479783408693038,0.6320527740754187,124,6,8,8,False,
ucf101,val,v_MilitaryParade_g04_c01,data/UCF101_data/UCF-101/MilitaryParade/v_MilitaryParade_g04_c01.avi,52,8,75,16,52,True,True,0.9262346625328064,0.013213695026934147,0.003479783408693038,0.6193880462087691,137,7,8,8,False,
ucf101,val,v_MilitaryParade_g07_c02,data/UCF101_data/UCF-101/MilitaryParade/v_MilitaryParade_g07_c02.avi,52,8,75,16,52,True,True,0.9769108891487122,0.013430325780063868,0.003479783408693038,0.6054182169027627,144,7,8,8,False,
ucf101,val,v_MilitaryParade_g02_c01,data/UCF101_data/UCF-101/MilitaryParade/v_MilitaryParade_g02_c01.avi,52,8,75,16,52,True,True,0.5275442004203796,0.009930762927979231,0.003479783408693038,0.5912030567415059,93,5,8,8,False,
ucf101,val,v_MilitaryParade_g03_c04,data/UCF101_data/UCF-101/MilitaryParade/v_MilitaryParade_g03_c04.avi,52,8,75,16,5,False,True,0.632543683052063,0.011860133614391088,0.003479783408693038,0.580446909647435,112,6,8,8,False,
ucf101,val,v_MilitaryParade_g07_c05,data/UCF101_data/UCF-101/MilitaryParade/v_MilitaryParade_g07_c05.avi,52,8,75,16,52,True,True,0.9792575240135193,0.013357575982809067,0.003479783408693038,0.5678951223380864,148,7,8,8,False,
ucf101,val,v_MilitaryParade_g01_c05,data/UCF101_data/UCF-101/MilitaryParade/v_MilitaryParade_g01_c05.avi,52,8,75,16,5,False,True,0.9710755348205566,0.013193880207836628,0.003479783408693038,0.5537057011388242,149,7,8,8,False,
ucf101,val,v_MilitaryParade_g03_c02,data/UCF101_data/UCF-101/MilitaryParade/v_MilitaryParade_g03_c02.avi,52,8,75,16,52,True,True,0.9392790198326111,0.011763634160161018,0.003479783408693038,0.539701993111521,112,6,8,8,False,
ucf101,val,v_MilitaryParade_g01_c07,data/UCF101_data/UCF-101/MilitaryParade/v_MilitaryParade_g01_c07.avi,52,8,75,16,5,False,True,0.9513146877288818,0.01302412897348404,0.003479783408693038,0.5270235538482666,141,7,8,8,False,
ucf101,val,v_MilitaryParade_g05_c01,data/UCF101_data/UCF-101/MilitaryParade/v_MilitaryParade_g05_c01.avi,52,8,75,16,52,True,True,0.974850594997406,0.010055611841380596,0.003479783408693038,0.5131518710404634,93,5,8,8,False,
ucf101,val,v_MilitaryParade_g04_c02,data/UCF101_data/UCF-101/MilitaryParade/v_MilitaryParade_g04_c02.avi,52,8,75,16,52,True,True,0.8548956513404846,0.009868672117590904,0.003479783408693038,0.5022836411371827,89,5,8,8,False,
ucf101,val,v_MilitaryParade_g06_c01,data/UCF101_data/UCF-101/MilitaryParade/v_MilitaryParade_g06_c01.avi,52,8,75,16,5,False,True,0.8346604704856873,0.01347807701677084,0.003479783408693038,0.49158902605995536,144,7,8,8,False,
ucf101,val,v_MilitaryParade_g01_c03,data/UCF101_data/UCF-101/MilitaryParade/v_MilitaryParade_g01_c03.avi,52,8,75,16,5,False,True,0.9668282270431519,0.01171807898208499,0.003479783408693038,0.4772252547554672,121,6,8,8,False,
ucf101,val,v_MilitaryParade_g02_c02,data/UCF101_data/UCF-101/MilitaryParade/v_MilitaryParade_g02_c02.avi,52,8,75,16,5,False,True,0.9469613432884216,0.027033322025090456,0.003841269775875844,0.9095876310020685,128,6,8,8,False,
ucf101,val,v_MilitaryParade_g07_c04,data/UCF101_data/UCF-101/MilitaryParade/v_MilitaryParade_g07_c04.avi,52,8,75,16,52,True,True,0.9275534749031067,0.01588208181783557,0.003841269775875844,0.8774383259005845,156,8,8,8,False,
ucf101,val,v_MilitaryParade_g01_c06,data/UCF101_data/UCF-101/MilitaryParade/v_MilitaryParade_g01_c06.avi,52,8,75,16,5,False,True,0.9577396512031555,0.013435067608952522,0.003841269775875844,0.8604587437584996,136,7,8,8,False,
ucf101,val,v_MilitaryParade_g05_c04,data/UCF101_data/UCF-101/MilitaryParade/v_MilitaryParade_g05_c04.avi,52,8,75,16,5,False,True,0.4757908880710602,0.010394581127911806,0.003841269775875844,0.8462505750358105,105,5,8,8,False,
ucf101,val,v_Mixing_g05_c06,data/UCF101_data/UCF-101/Mixing/v_Mixing_g05_c06.avi,53,8,75,16,24,False,False,0.2297154664993286,0.01241692854091525,0.003841269775875844,0.8349924441426992,127,6,8,8,False,
ucf101,val,v_Mixing_g03_c05,data/UCF101_data/UCF-101/Mixing/v_Mixing_g03_c05.avi,53,8,75,16,53,True,True,0.9836122393608093,0.011716622859239578,0.003841269775875844,0.8217266923747957,121,6,8,8,False,
ucf101,val,v_Mixing_g01_c01,data/UCF101_data/UCF-101/Mixing/v_Mixing_g01_c01.avi,53,8,75,16,53,True,True,0.9690858721733093,0.009779518004506826,0.003841269775875844,0.8093128651380539,105,5,8,8,False,
ucf101,val,v_Mixing_g03_c06,data/UCF101_data/UCF-101/Mixing/v_Mixing_g03_c06.avi,53,8,75,16,53,True,True,0.9761461019515991,0.013856041245162487,0.003841269775875844,0.7986993282102048,133,7,8,8,False,
ucf101,val,v_Mixing_g03_c07,data/UCF101_data/UCF-101/Mixing/v_Mixing_g03_c07.avi,53,8,75,16,53,True,True,0.9764074087142944,0.015146885998547077,0.003841269775875844,0.7840173421427608,153,8,8,8,False,
ucf101,val,v_Mixing_g06_c04,data/UCF101_data/UCF-101/Mixing/v_Mixing_g06_c04.avi,53,8,75,16,53,True,True,0.8122248649597168,0.010572783648967743,0.003841269775875844,0.7680777609348297,107,5,8,8,False,
ucf101,val,v_Mixing_g06_c06,data/UCF101_data/UCF-101/Mixing/v_Mixing_g06_c06.avi,53,8,75,16,53,True,True,0.23782365024089813,0.01051755528897047,0.003841269775875844,0.7564588650129735,107,5,8,8,False,
ucf101,val,v_Mixing_g05_c05,data/UCF101_data/UCF-101/Mixing/v_Mixing_g05_c05.avi,53,8,75,16,13,False,False,0.7159313559532166,0.013216125778853893,0.003841269775875844,0.745121099986136,130,7,8,8,False,
ucf101,val,v_Mixing_g02_c03,data/UCF101_data/UCF-101/Mixing/v_Mixing_g02_c03.avi,53,8,75,16,53,True,True,0.9216461777687073,0.01504564331844449,0.003841269775875844,0.7311330460943282,165,8,8,8,False,
ucf101,val,v_Mixing_g05_c02,data/UCF101_data/UCF-101/Mixing/v_Mixing_g05_c02.avi,53,8,75,16,13,False,True,0.9657788276672363,0.01194778410717845,0.003841269775875844,0.7152299410663545,110,6,8,8,False,
ucf101,val,v_Mixing_g06_c01,data/UCF101_data/UCF-101/Mixing/v_Mixing_g06_c01.avi,53,8,75,16,53,True,True,0.8631281852722168,0.013892597053200006,0.003841269775875844,0.7023796108551323,139,7,8,8,False,
ucf101,val,v_Mixing_g05_c04,data/UCF101_data/UCF-101/Mixing/v_Mixing_g05_c04.avi,53,8,75,16,13,False,False,0.31637609004974365,0.011873918119817972,0.003841269775875844,0.6875946540385485,118,6,8,8,False,
ucf101,val,v_Mixing_g04_c03,data/UCF101_data/UCF-101/Mixing/v_Mixing_g04_c03.avi,53,8,75,16,53,True,True,0.9790859818458557,0.012134280055761337,0.003841269775875844,0.674991840030998,124,6,8,8,False,
ucf101,val,v_Mixing_g04_c02,data/UCF101_data/UCF-101/Mixing/v_Mixing_g04_c02.avi,53,8,75,16,53,True,True,0.9694618582725525,0.010391236282885075,0.003841269775875844,0.6619719839654863,104,5,8,8,False,
ucf101,val,v_Mixing_g07_c04,data/UCF101_data/UCF-101/Mixing/v_Mixing_g07_c04.avi,53,8,75,16,53,True,True,0.9223139882087708,0.013153713196516037,0.003841269775875844,0.6505144140683115,130,7,8,8,False,
ucf101,val,v_Mixing_g04_c05,data/UCF101_data/UCF-101/Mixing/v_Mixing_g04_c05.avi,53,8,75,16,53,True,True,0.9873842000961304,0.011941572185605764,0.003841269775875844,0.6366038070991635,111,6,8,8,False,
ucf101,val,v_Mixing_g05_c07,data/UCF101_data/UCF-101/Mixing/v_Mixing_g05_c07.avi,53,8,75,16,13,False,True,0.25001734495162964,0.01168826688081026,0.003841269775875844,0.6239302018657327,110,6,8,8,False,
ucf101,val,v_Mixing_g02_c06,data/UCF101_data/UCF-101/Mixing/v_Mixing_g02_c06.avi,53,8,75,16,53,True,True,0.924719512462616,0.01166023500263691,0.003841269775875844,0.6114212488755584,108,6,8,8,False,
ucf101,val,v_Mixing_g03_c02,data/UCF101_data/UCF-101/Mixing/v_Mixing_g03_c02.avi,53,8,75,16,53,True,True,0.9864930510520935,0.011827772948890924,0.003841269775875844,0.599047324154526,128,6,8,8,False,
ucf101,val,v_Mixing_g02_c04,data/UCF101_data/UCF-101/Mixing/v_Mixing_g02_c04.avi,53,8,75,16,53,True,True,0.9638139605522156,0.014606549870222807,0.003841269775875844,0.586328427772969,165,8,8,8,False,
ucf101,val,v_MoppingFloor_g03_c03,data/UCF101_data/UCF-101/MoppingFloor/v_MoppingFloor_g03_c03.avi,54,8,75,16,54,True,True,0.9220301508903503,0.009888573084026575,0.003841269775875844,0.5708706909790635,146,7,8,8,False,
ucf101,val,v_MoppingFloor_g04_c02,data/UCF101_data/UCF-101/MoppingFloor/v_MoppingFloor_g04_c02.avi,54,8,75,16,54,True,True,0.9790817499160767,0.015415858943015337,0.003841269775875844,0.5599860171787441,290,8,8,8,False,
ucf101,val,v_MoppingFloor_g05_c05,data/UCF101_data/UCF-101/MoppingFloor/v_MoppingFloor_g05_c05.avi,54,8,75,16,3,False,True,0.6611596345901489,0.011084607802331448,0.003841269775875844,0.543124760966748,183,8,8,8,False,
ucf101,val,v_MoppingFloor_g02_c04,data/UCF101_data/UCF-101/MoppingFloor/v_MoppingFloor_g02_c04.avi,54,8,75,16,54,True,True,0.9555345177650452,0.009240875020623207,0.003841269775875844,0.5310985432006419,137,7,8,8,False,
ucf101,val,v_MoppingFloor_g06_c03,data/UCF101_data/UCF-101/MoppingFloor/v_MoppingFloor_g06_c03.avi,54,8,75,16,54,True,True,0.895112156867981,0.012504360638558865,0.003841269775875844,0.5209060250781476,223,8,8,8,False,
ucf101,val,v_MoppingFloor_g07_c03,data/UCF101_data/UCF-101/MoppingFloor/v_MoppingFloor_g07_c03.avi,54,8,75,16,54,True,True,0.7115424871444702,0.008374525234103203,0.003841269775875844,0.5073000849224627,108,6,8,8,False,
ucf101,val,v_MoppingFloor_g03_c04,data/UCF101_data/UCF-101/MoppingFloor/v_MoppingFloor_g03_c04.avi,54,8,75,16,54,True,True,0.9304723143577576,0.008675757795572281,0.003841269775875844,0.49803997995331883,125,6,8,8,False,
ucf101,val,v_MoppingFloor_g01_c02,data/UCF101_data/UCF-101/MoppingFloor/v_MoppingFloor_g01_c02.avi,54,8,75,16,37,False,True,0.22488629817962646,0.010249399580061436,0.003841269775875844,0.48844852298498154,160,8,8,8,False,
ucf101,val,v_MoppingFloor_g03_c01,data/UCF101_data/UCF-101/MoppingFloor/v_MoppingFloor_g03_c01.avi,54,8,75,16,54,True,True,0.9713255167007446,0.02647793386131525,0.003830475310678594,0.9649104680866003,116,6,8,8,False,
ucf101,val,v_MoppingFloor_g05_c04,data/UCF101_data/UCF-101/MoppingFloor/v_MoppingFloor_g05_c04.avi,54,8,75,16,54,True,True,0.47506970167160034,0.015640384051948786,0.003830475310678594,0.9363622921518981,293,8,8,8,False,
ucf101,val,v_MoppingFloor_g07_c04,data/UCF101_data/UCF-101/MoppingFloor/v_MoppingFloor_g07_c04.avi,54,8,75,16,54,True,True,0.6263198256492615,0.011389210820198059,0.003830475310678594,0.9192814873531461,204,8,8,8,False,
ucf101,val,v_MoppingFloor_g05_c03,data/UCF101_data/UCF-101/MoppingFloor/v_MoppingFloor_g05_c03.avi,54,8,75,16,3,False,True,0.9064245820045471,0.016045602969825268,0.003830475310678594,0.9066337067633867,305,8,8,8,False,
ucf101,val,v_MoppingFloor_g07_c05,data/UCF101_data/UCF-101/MoppingFloor/v_MoppingFloor_g07_c05.avi,54,8,75,16,54,True,True,0.6093511581420898,0.008470376022160053,0.003830475310678594,0.8893701252527535,126,6,8,8,False,
ucf101,val,v_MoppingFloor_g05_c02,data/UCF101_data/UCF-101/MoppingFloor/v_MoppingFloor_g05_c02.avi,54,8,75,16,54,True,True,0.8150768280029297,0.015395178925246,0.003830475310678594,0.8799451338127255,290,8,8,8,False,
ucf101,val,v_MoppingFloor_g02_c01,data/UCF101_data/UCF-101/MoppingFloor/v_MoppingFloor_g02_c01.avi,54,8,75,16,34,False,True,0.1807193011045456,0.01041347999125719,0.003830475310678594,0.8634504321962595,165,8,8,8,False,
ucf101,val,v_MoppingFloor_g06_c04,data/UCF101_data/UCF-101/MoppingFloor/v_MoppingFloor_g06_c04.avi,54,8,75,16,60,False,True,0.22908949851989746,0.008672262076288462,0.003830475310678594,0.85212208237499,123,6,8,8,False,
ucf101,val,v_MoppingFloor_g06_c02,data/UCF101_data/UCF-101/MoppingFloor/v_MoppingFloor_g06_c02.avi,54,8,75,16,54,True,True,0.7463410496711731,0.01241288986057043,0.003830475310678594,0.8424974977970123,225,8,8,8,False,
ucf101,val,v_MoppingFloor_g04_c06,data/UCF101_data/UCF-101/MoppingFloor/v_MoppingFloor_g04_c06.avi,54,8,75,16,54,True,True,0.9766220450401306,0.015282276552170515,0.003830475310678594,0.8288042726926506,306,8,8,8,False,
ucf101,val,v_MoppingFloor_g06_c01,data/UCF101_data/UCF-101/MoppingFloor/v_MoppingFloor_g06_c01.avi,54,8,75,16,54,True,True,0.5583057999610901,0.007847381755709648,0.003830475310678594,0.812306921929121,100,5,8,8,False,
ucf101,val,v_MoppingFloor_g07_c01,data/UCF101_data/UCF-101/MoppingFloor/v_MoppingFloor_g07_c01.avi,54,8,75,16,54,True,True,0.49238160252571106,0.009897022973746061,0.003830475310678594,0.8035445190034807,158,8,8,8,False,
ucf101,val,v_Nunchucks_g02_c03,data/UCF101_data/UCF-101/Nunchucks/v_Nunchucks_g02_c03.avi,55,8,75,16,83,False,True,0.44537991285324097,0.015358455013483763,0.003830475310678594,0.7926722331903875,277,8,8,8,False,
ucf101,val,v_Nunchucks_g06_c02,data/UCF101_data/UCF-101/Nunchucks/v_Nunchucks_g06_c02.avi,55,8,75,16,55,True,True,0.41861945390701294,0.01424042321741581,0.003830475310678594,0.7764625567942858,220,8,8,8,False,
ucf101,val,v_Nunchucks_g07_c04,data/UCF101_data/UCF-101/Nunchucks/v_Nunchucks_g07_c04.avi,55,8,75,16,55,True,True,0.22113698720932007,0.015631680842489004,0.003830475310678594,0.7614433928392828,247,8,8,8,False,
ucf101,val,v_Nunchucks_g06_c03,data/UCF101_data/UCF-101/Nunchucks/v_Nunchucks_g06_c03.avi,55,8,75,16,55,True,True,0.3723328411579132,0.014471028931438923,0.003830475310678594,0.7449778872542083,210,8,8,8,False,
ucf101,val,v_Nunchucks_g01_c01,data/UCF101_data/UCF-101/Nunchucks/v_Nunchucks_g01_c01.avi,55,8,75,16,55,True,True,0.2925940155982971,0.01525846216827631,0.003830475310678594,0.7296267561614513,265,8,8,8,False,
ucf101,val,v_Nunchucks_g05_c01,data/UCF101_data/UCF-101/Nunchucks/v_Nunchucks_g05_c01.avi,55,8,75,16,55,True,True,0.44255611300468445,0.014204333070665598,0.003830475310678594,0.7132875020615757,226,8,8,8,False,
ucf101,val,v_Nunchucks_g02_c01,data/UCF101_data/UCF-101/Nunchucks/v_Nunchucks_g02_c01.avi,55,8,75,16,97,False,True,0.16952800750732422,0.015110818203538656,0.003830475310678594,0.6981655121780932,292,8,8,8,False,
ucf101,val,v_Nunchucks_g03_c04,data/UCF101_data/UCF-101/Nunchucks/v_Nunchucks_g03_c04.avi,55,8,75,16,83,False,True,0.34579625725746155,0.015403341967612505,0.003830475310678594,0.6821950152516365,250,8,8,8,False,
ucf101,val,v_Nunchucks_g04_c04,data/UCF101_data/UCF-101/Nunchucks/v_Nunchucks_g04_c04.avi,55,8,75,16,55,True,True,0.7175430059432983,0.01437600189819932,0.003830475310678594,0.6659696628339589,258,8,8,8,False,
ucf101,val,v_Nunchucks_g07_c03,data/UCF101_data/UCF-101/Nunchucks/v_Nunchucks_g07_c03.avi,55,8,75,16,55,True,True,0.48490554094314575,0.015163260977715254,0.003830475310678594,0.6507118251174688,151,8,8,8,False,
ucf101,val,v_Nunchucks_g01_c03,data/UCF101_data/UCF-101/Nunchucks/v_Nunchucks_g01_c03.avi,55,8,75,16,55,True,True,0.6407331228256226,0.014673090074211359,0.003830475310678594,0.634729319717735,235,8,8,8,False,
ucf101,val,v_Nunchucks_g03_c06,data/UCF101_data/UCF-101/Nunchucks/v_Nunchucks_g03_c06.avi,55,8,75,16,90,False,True,0.5687237977981567,0.015354355797171593,0.003830475310678594,0.6192453047260642,251,8,8,8,False,
ucf101,val,v_Nunchucks_g02_c05,data/UCF101_data/UCF-101/Nunchucks/v_Nunchucks_g02_c05.avi,55,8,75,16,32,False,True,0.4150475859642029,0.015646296087652445,0.003830475310678594,0.6027395352721214,292,8,8,8,False,
ucf101,val,v_Nunchucks_g03_c01,data/UCF101_data/UCF-101/Nunchucks/v_Nunchucks_g03_c01.avi,55,8,75,16,90,False,True,0.9211655855178833,0.015504920855164528,0.003830475310678594,0.586013276129961,252,8,8,8,False,
ucf101,val,v_Nunchucks_g04_c03,data/UCF101_data/UCF-101/Nunchucks/v_Nunchucks_g04_c03.avi,55,8,75,16,45,False,True,0.8330299854278564,0.014408632181584835,0.003830475310678594,0.5696886139921844,258,8,8,8,False,
ucf101,val,v_Nunchucks_g03_c03,data/UCF101_data/UCF-101/Nunchucks/v_Nunchucks_g03_c03.avi,55,8,75,16,55,True,True,0.4648091495037079,0.015556658152490854,0.003830475310678594,0.5543964067474008,251,8,8,8,False,
ucf101,val,v_Nunchucks_g05_c02,data/UCF101_data/UCF-101/Nunchucks/v_Nunchucks_g05_c02.avi,55,8,75,16,46,False,True,0.8806415796279907,0.015227700117975473,0.003830475310678594,0.538000684697181,209,8,8,8,False,
ucf101,val,v_Nunchucks_g04_c05,data/UCF101_data/UCF-101/Nunchucks/v_Nunchucks_g04_c05.avi,55,8,75,16,45,False,True,0.3907449543476105,0.014621466398239136,0.003830475310678594,0.52182571683079,268,8,8,8,False,
ucf101,val,v_Nunchucks_g05_c04,data/UCF101_data/UCF-101/Nunchucks/v_Nunchucks_g05_c04.avi,55,8,75,16,46,False,True,0.8916096091270447,0.014209582936018705,0.003830475310678594,0.5064185541123152,216,8,8,8,False,
ucf101,val,v_Nunchucks_g04_c01,data/UCF101_data/UCF-101/Nunchucks/v_Nunchucks_g04_c01.avi,55,8,75,16,55,True,True,0.3031129240989685,0.014558624010533094,0.003830475310678594,0.4912155391648412,261,8,8,8,False,
ucf101,val,v_ParallelBars_g07_c01,data/UCF101_data/UCF-101/ParallelBars/v_ParallelBars_g07_c01.avi,56,8,75,16,56,True,True,0.9543319940567017,0.02664379496127367,0.004025944086606614,0.8827224210835993,128,6,8,8,False,
ucf101,val,v_ParallelBars_g07_c04,data/UCF101_data/UCF-101/ParallelBars/v_ParallelBars_g07_c04.avi,56,8,75,16,56,True,True,0.9466762542724609,0.01240691589191556,0.004025944086606614,0.8544150814414024,196,8,8,8,False,
ucf101,val,v_ParallelBars_g01_c03,data/UCF101_data/UCF-101/ParallelBars/v_ParallelBars_g01_c03.avi,56,8,75,16,56,True,True,0.7909830808639526,0.009674964938312769,0.004025944086606614,0.8410287532024086,142,7,8,8,False,
ucf101,val,v_ParallelBars_g02_c01,data/UCF101_data/UCF-101/ParallelBars/v_ParallelBars_g02_c01.avi,56,8,75,16,95,False,True,0.4643286168575287,0.008595264051109552,0.004025944086606614,0.8303187880665064,109,6,8,8,False,
ucf101,val,v_ParallelBars_g04_c04,data/UCF101_data/UCF-101/ParallelBars/v_ParallelBars_g04_c04.avi,56,8,75,16,56,True,True,0.9524064064025879,0.010846324730664492,0.004025944086606614,0.8207895392552018,173,8,8,8,False,
ucf101,val,v_ParallelBars_g04_c07,data/UCF101_data/UCF-101/ParallelBars/v_ParallelBars_g04_c07.avi,56,8,75,16,56,True,True,0.9155941605567932,0.009305537212640047,0.004025944086606614,0.808981672860682,148,7,8,8,False,
ucf101,val,v_ParallelBars_g02_c04,data/UCF101_data/UCF-101/ParallelBars/v_ParallelBars_g02_c04.avi,56,8,75,16,4,False,True,0.6667878031730652,0.010944118723273277,0.004025944086606614,0.7984536881558597,192,8,8,8,False,
ucf101,val,v_ParallelBars_g05_c05,data/UCF101_data/UCF-101/ParallelBars/v_ParallelBars_g05_c05.avi,56,8,75,16,56,True,True,0.8360817432403564,0.008694283664226532,0.004025944086606614,0.7865419858135283,125,6,8,8,False,
ucf101,val,v_ParallelBars_g07_c05,data/UCF101_data/UCF-101/ParallelBars/v_ParallelBars_g07_c05.avi,56,8,75,16,56,True,True,0.9448625445365906,0.008448395878076553,0.004025944086606614,0.7769333496689796,108,6,8,8,False,
ucf101,val,v_ParallelBars_g04_c02,data/UCF101_data/UCF-101/ParallelBars/v_ParallelBars_g04_c02.avi,56,8,75,16,56,True,True,0.9105867147445679,0.008338237181305885,0.004025944086606614,0.7675356809049845,111,6,8,8,False,
ucf101,val,v_ParallelBars_g01_c04,data/UCF101_data/UCF-101/ParallelBars/v_ParallelBars_g01_c04.avi,56,8,75,16,56,True,True,0.7451832890510559,0.01155945099890232,0.004025944086606614,0.7582859620451927,198,8,8,8,False,
ucf101,val,v_ParallelBars_g06_c01,data/UCF101_data/UCF-101/ParallelBars/v_ParallelBars_g06_c01.avi,56,8,75,16,56,True,True,0.5727851986885071,0.010075614787638187,0.004025944086606614,0.7457151939161122,149,7,8,8,False,
ucf101,val,v_ParallelBars_g05_c02,data/UCF101_data/UCF-101/ParallelBars/v_ParallelBars_g05_c02.avi,56,8,75,16,56,True,True,0.8324009776115417,0.008464288897812366,0.004025944086606614,0.7346953130327165,116,6,8,8,False,
ucf101,val,v_ParallelBars_g05_c04,data/UCF101_data/UCF-101/ParallelBars/v_ParallelBars_g05_c04.avi,56,8,75,16,56,True,True,0.6252728700637817,0.010320135857909918,0.004025944086606614,0.7252971027046442,158,8,8,8,False,
ucf101,val,v_ParallelBars_g06_c03,data/UCF101_data/UCF-101/ParallelBars/v_ParallelBars_g06_c03.avi,56,8,75,16,56,True,True,0.9384079575538635,0.03225483000278473,0.004025944086606614,0.71410012524575,151,8,8,8,False,
ucf101,val,v_ParallelBars_g04_c03,data/UCF101_data/UCF-101/ParallelBars/v_ParallelBars_g04_c03.avi,56,8,75,16,56,True,True,0.9335847496986389,0.009986557066440582,0.004025944086606614,0.6787659591063857,148,7,8,8,False,
ucf101,val,v_ParallelBars_g02_c02,data/UCF101_data/UCF-101/ParallelBars/v_ParallelBars_g02_c02.avi,56,8,75,16,56,True,True,0.6073240637779236,0.010281298775225878,0.004025944086606614,0.6677256664261222,157,8,8,8,False,
ucf101,val,v_ParallelBars_g03_c02,data/UCF101_data/UCF-101/ParallelBars/v_ParallelBars_g03_c02.avi,56,8,75,16,95,False,True,0.7181118726730347,0.007760395295917988,0.004025944086606614,0.65653091436252,103,5,8,8,False,
ucf101,val,v_ParallelBars_g01_c01,data/UCF101_data/UCF-101/ParallelBars/v_ParallelBars_g01_c01.avi,56,8,75,16,95,False,True,0.7716318964958191,0.007706495001912117,0.004025944086606614,0.6478619240224361,107,5,8,8,False,
ucf101,val,v_ParallelBars_g01_c02,data/UCF101_data/UCF-101/ParallelBars/v_ParallelBars_g01_c02.avi,56,8,75,16,56,True,True,0.9393197298049927,0.008580339141190052,0.004025944086606614,0.6392319132573903,124,6,8,8,False,
ucf101,val,v_PizzaTossing_g05_c01,data/UCF101_data/UCF-101/PizzaTossing/v_PizzaTossing_g05_c01.avi,57,8,75,16,57,True,True,0.6238093972206116,0.011959774885326624,0.004025944086606614,0.6297227228060365,124,6,8,8,False,
ucf101,val,v_PizzaTossing_g01_c04,data/UCF101_data/UCF-101/PizzaTossing/v_PizzaTossing_g01_c04.avi,57,8,75,16,17,False,True,0.6834456324577332,0.013212495017796755,0.004025944086606614,0.6170047200284898,133,7,8,8,False,
ucf101,val,v_PizzaTossing_g03_c01,data/UCF101_data/UCF-101/PizzaTossing/v_PizzaTossing_g03_c01.avi,57,8,75,16,57,True,True,0.46259868144989014,0.009887035936117172,0.004025944086606614,0.6029777168296278,102,5,8,8,False,
ucf101,val,v_PizzaTossing_g03_c03,data/UCF101_data/UCF-101/PizzaTossing/v_PizzaTossing_g03_c03.avi,57,8,75,16,57,True,True,0.5095402002334595,0.009866300038993359,0.004025944086606614,0.5922629660926759,107,5,8,8,False,
ucf101,val,v_PizzaTossing_g07_c01,data/UCF101_data/UCF-101/PizzaTossing/v_PizzaTossing_g07_c01.avi,57,8,75,16,76,False,True,0.801604688167572,0.012616666033864021,0.004025944086606614,0.5815507262013853,112,6,8,8,False,
ucf101,val,v_PizzaTossing_g04_c01,data/UCF101_data/UCF-101/PizzaTossing/v_PizzaTossing_g04_c01.avi,57,8,75,16,57,True,True,0.6725726127624512,0.01042729988694191,0.004025944086606614,0.5676506352610886,104,5,8,8,False,
ucf101,val,v_PizzaTossing_g02_c01,data/UCF101_data/UCF-101/PizzaTossing/v_PizzaTossing_g02_c01.avi,57,8,75,16,55,False,True,0.37938910722732544,0.012028804048895836,0.004025944086606614,0.5564018068835139,118,6,8,8,False,
ucf101,val,v_PizzaTossing_g02_c04,data/UCF101_data/UCF-101/PizzaTossing/v_PizzaTossing_g02_c04.avi,57,8,75,16,69,False,False,0.26497897505760193,0.010485976003110409,0.004025944086606614,0.5434798770584166,97,5,8,8,False,
ucf101,val,v_PizzaTossing_g04_c04,data/UCF101_data/UCF-101/PizzaTossing/v_PizzaTossing_g04_c04.avi,57,8,75,16,20,False,True,0.25506365299224854,0.012287066783756018,0.004025944086606614,0.5322113488800824,120,6,8,8,False,
ucf101,val,v_PizzaTossing_g06_c04,data/UCF101_data/UCF-101/PizzaTossing/v_PizzaTossing_g06_c04.avi,57,8,75,16,57,True,True,0.5698533058166504,0.007583544123917818,0.004025944086606614,0.5190705433487892,63,3,8,8,False,
ucf101,val,v_PizzaTossing_g04_c06,data/UCF101_data/UCF-101/PizzaTossing/v_PizzaTossing_g04_c06.avi,57,8,75,16,55,False,True,0.3566032648086548,0.012100450228899717,0.004025944086606614,0.510765768121928,120,6,8,8,False,
ucf101,val,v_PizzaTossing_g05_c02,data/UCF101_data/UCF-101/PizzaTossing/v_PizzaTossing_g05_c02.avi,57,8,75,16,57,True,True,0.7487388253211975,0.015346042811870575,0.004025944086606614,0.4977639289572835,187,8,8,8,False,
ucf101,val,v_PizzaTossing_g02_c02,data/UCF101_data/UCF-101/PizzaTossing/v_PizzaTossing_g02_c02.avi,57,8,75,16,55,False,True,0.27774298191070557,0.021638150792568922,0.003566330749890767,0.9057191321626306,107,5,8,8,False,
ucf101,val,v_PizzaTossing_g07_c04,data/UCF101_data/UCF-101/PizzaTossing/v_PizzaTossing_g07_c04.avi,57,8,75,16,57,True,True,0.42062219977378845,0.01592219201847911,0.003566330749890767,0.8819231959059834,171,8,8,8,False,
ucf101,val,v_PizzaTossing_g04_c07,data/UCF101_data/UCF-101/PizzaTossing/v_PizzaTossing_g04_c07.avi,57,8,75,16,57,True,True,0.7721396088600159,0.013591940980404615,0.003566330749890767,0.8651033211499453,137,7,8,8,False,
ucf101,val,v_PizzaTossing_g01_c03,data/UCF101_data/UCF-101/PizzaTossing/v_PizzaTossing_g01_c03.avi,57,8,75,16,17,False,True,0.6834456324577332,0.01315578818321228,0.003566330749890767,0.8507297448813915,133,7,8,8,False,
ucf101,val,v_PizzaTossing_g03_c04,data/UCF101_data/UCF-101/PizzaTossing/v_PizzaTossing_g03_c04.avi,57,8,75,16,45,False,True,0.6111446619033813,0.005446447059512138,0.003566330749890767,0.8368165651336312,36,2,8,8,False,
ucf101,val,v_PizzaTossing_g06_c02,data/UCF101_data/UCF-101/PizzaTossing/v_PizzaTossing_g06_c02.avi,57,8,75,16,57,True,True,0.4690132737159729,0.010085905902087688,0.003566330749890767,0.830564265139401,98,5,8,8,False,
ucf101,val,v_PizzaTossing_g04_c03,data/UCF101_data/UCF-101/PizzaTossing/v_PizzaTossing_g04_c03.avi,57,8,75,16,55,False,True,0.6097072958946228,0.011795289348810911,0.003566330749890767,0.8196497838944197,109,6,8,8,False,
ucf101,val,v_PizzaTossing_g07_c02,data/UCF101_data/UCF-101/PizzaTossing/v_PizzaTossing_g07_c02.avi,57,8,75,16,57,True,True,0.6234933733940125,0.013588039204478264,0.003566330749890767,0.807118589989841,134,7,8,8,False,
ucf101,val,v_PlayingCello_g02_c03,data/UCF101_data/UCF-101/PlayingCello/v_PlayingCello_g02_c03.avi,58,8,75,16,66,False,True,0.6833035945892334,0.010627037845551968,0.003566330749890767,0.7924932017922401,166,8,8,8,False,
ucf101,val,v_PlayingCello_g03_c01,data/UCF101_data/UCF-101/PlayingCello/v_PlayingCello_g03_c01.avi,58,8,75,16,61,False,True,0.585308313369751,0.010587420780211687,0.003566330749890767,0.7809261516667902,171,8,8,8,False,
ucf101,val,v_PlayingCello_g05_c05,data/UCF101_data/UCF-101/PlayingCello/v_PlayingCello_g05_c05.avi,58,8,75,16,58,True,True,0.9799855947494507,0.010734636802226305,0.003566330749890767,0.7693835808895528,181,8,8,8,False,
ucf101,val,v_PlayingCello_g07_c02,data/UCF101_data/UCF-101/PlayingCello/v_PlayingCello_g07_c02.avi,58,8,75,16,58,True,True,0.9858038425445557,0.0146987559273839,0.003566330749890767,0.757691839709878,326,8,8,8,False,
ucf101,val,v_PlayingCello_g03_c03,data/UCF101_data/UCF-101/PlayingCello/v_PlayingCello_g03_c03.avi,58,8,75,16,61,False,True,0.5791483521461487,0.010091046337038279,0.003566330749890767,0.7416959647089243,159,8,8,8,False,
ucf101,val,v_PlayingCello_g07_c03,data/UCF101_data/UCF-101/PlayingCello/v_PlayingCello_g07_c03.avi,58,8,75,16,58,True,True,0.9850521087646484,0.013599139638245106,0.003566330749890767,0.7306795660406351,282,8,8,8,False,
ucf101,val,v_PlayingCello_g07_c01,data/UCF101_data/UCF-101/PlayingCello/v_PlayingCello_g07_c01.avi,58,8,75,16,58,True,True,0.9851310849189758,0.021327930968254805,0.003566330749890767,0.7159683587960899,414,8,8,8,False,
ucf101,val,v_PlayingCello_g01_c01,data/UCF101_data/UCF-101/PlayingCello/v_PlayingCello_g01_c01.avi,58,8,75,16,58,True,True,0.9753732681274414,0.01272887410596013,0.003566330749890767,0.6921721189282835,223,8,8,8,False,
ucf101,val,v_PlayingCello_g06_c07,data/UCF101_data/UCF-101/PlayingCello/v_PlayingCello_g06_c07.avi,58,8,75,16,58,True,True,0.9864134788513184,0.011879574973136187,0.003566330749890767,0.6783164739608765,214,8,8,8,False,
ucf101,val,v_PlayingCello_g04_c01,data/UCF101_data/UCF-101/PlayingCello/v_PlayingCello_g04_c01.avi,58,8,75,16,58,True,True,0.9798663258552551,0.011533459182828665,0.003566330749890767,0.6653860388323665,207,8,8,8,False,
ucf101,val,v_PlayingCello_g02_c04,data/UCF101_data/UCF-101/PlayingCello/v_PlayingCello_g02_c04.avi,58,8,75,16,66,False,True,0.7353391647338867,0.010426710825413465,0.003566330749890767,0.6528100175783038,162,8,8,8,False,
ucf101,val,v_PlayingCello_g01_c05,data/UCF101_data/UCF-101/PlayingCello/v_PlayingCello_g01_c05.avi,58,8,75,16,58,True,True,0.9776279330253601,0.01061308104544878,0.003566330749890767,0.6414301269687712,164,8,8,8,False,
ucf101,val,v_PlayingCello_g05_c04,data/UCF101_data/UCF-101/PlayingCello/v_PlayingCello_g05_c04.avi,58,8,75,16,58,True,True,0.9800005555152893,0.011120335198938847,0.003566330749890767,0.629862402100116,186,8,8,8,False,
ucf101,val,v_PlayingCello_g05_c06,data/UCF101_data/UCF-101/PlayingCello/v_PlayingCello_g05_c06.avi,58,8,75,16,58,True,True,0.9812417030334473,0.010527947917580605,0.003566330749890767,0.6177494120784104,161,8,8,8,False,
ucf101,val,v_PlayingCello_g02_c05,data/UCF101_data/UCF-101/PlayingCello/v_PlayingCello_g02_c05.avi,58,8,75,16,58,True,True,0.7100067734718323,0.012887564022094011,0.003566330749890767,0.6062938594259322,236,8,8,8,False,
ucf101,val,v_PlayingCello_g06_c03,data/UCF101_data/UCF-101/PlayingCello/v_PlayingCello_g06_c03.avi,58,8,75,16,58,True,True,0.9854201674461365,0.013391097076237202,0.003566330749890767,0.5920016369782388,284,8,8,8,False,
ucf101,val,v_PlayingCello_g07_c05,data/UCF101_data/UCF-101/PlayingCello/v_PlayingCello_g07_c05.avi,58,8,75,16,58,True,True,0.985725998878479,0.01346525177359581,0.003566330749890767,0.5774302748031914,272,8,8,8,False,
ucf101,val,v_PlayingCello_g04_c03,data/UCF101_data/UCF-101/PlayingCello/v_PlayingCello_g04_c03.avi,58,8,75,16,58,True,True,0.9802923798561096,0.0095024430193007,0.003566330749890767,0.5628496669232845,138,7,8,8,False,
ucf101,val,v_PlayingCello_g02_c07,data/UCF101_data/UCF-101/PlayingCello/v_PlayingCello_g02_c07.avi,58,8,75,16,66,False,True,0.5216810703277588,0.012360414024442434,0.003566330749890767,0.5523652648553252,228,8,8,8,False,
ucf101,val,v_PlayingCello_g04_c05,data/UCF101_data/UCF-101/PlayingCello/v_PlayingCello_g04_c05.avi,58,8,75,16,66,False,True,0.6069545745849609,0.008467663079500198,0.003566330749890767,0.5389207629486918,125,6,8,8,False,
ucf101,val,v_PlayingDaf_g04_c02,data/UCF101_data/UCF-101/PlayingDaf/v_PlayingDaf_g04_c02.avi,59,8,75,16,59,True,True,0.4419397711753845,0.016751606948673725,0.003566330749890767,0.5295333582907915,346,8,8,8,False,
ucf101,val,v_PlayingDaf_g06_c01,data/UCF101_data/UCF-101/PlayingDaf/v_PlayingDaf_g06_c01.avi,59,8,75,16,59,True,True,0.9871197938919067,0.014010868035256863,0.003566330749890767,0.5114053441211581,299,8,8,8,False,
ucf101,val,v_PlayingDaf_g04_c05,data/UCF101_data/UCF-101/PlayingDaf/v_PlayingDaf_g04_c05.avi,59,8,75,16,59,True,True,0.3187781870365143,0.014364945236593485,0.003566330749890767,0.49606537679210305,320,8,8,8,False,
ucf101,val,v_PlayingDaf_g03_c02,data/UCF101_data/UCF-101/PlayingDaf/v_PlayingDaf_g03_c02.avi,59,8,75,16,59,True,True,0.8763600587844849,0.01041042199358344,0.003566330749890767,0.4802260398864746,171,8,8,8,False,
ucf101,val,v_PlayingDaf_g05_c03,data/UCF101_data/UCF-101/PlayingDaf/v_PlayingDaf_g05_c03.avi,59,8,75,16,60,False,False,0.3652920126914978,0.06018789578229189,0.003411791127291508,1.0491980039514601,348,8,8,8,False,
ucf101,val,v_PlayingDaf_g06_c02,data/UCF101_data/UCF-101/PlayingDaf/v_PlayingDaf_g06_c02.avi,59,8,75,16,59,True,True,0.9767739772796631,0.015361001249402761,0.003411791127291508,0.986511702183634,299,8,8,8,False,
ucf101,val,v_PlayingDaf_g02_c03,data/UCF101_data/UCF-101/PlayingDaf/v_PlayingDaf_g02_c03.avi,59,8,75,16,59,True,True,0.40730270743370056,0.01511794701218605,0.003411791127291508,0.9698384352959692,324,8,8,8,False,
ucf101,val,v_PlayingDaf_g04_c01,data/UCF101_data/UCF-101/PlayingDaf/v_PlayingDaf_g04_c01.avi,59,8,75,16,59,True,True,0.9154486060142517,0.014957273844629526,0.003411791127291508,0.953406997025013,327,8,8,8,False,
ucf101,val,v_PlayingDaf_g07_c01,data/UCF101_data/UCF-101/PlayingDaf/v_PlayingDaf_g07_c01.avi,59,8,75,16,59,True,True,0.933111310005188,0.012849938124418259,0.003411791127291508,0.9371718750335276,249,8,8,8,False,
ucf101,val,v_PlayingDaf_g05_c01,data/UCF101_data/UCF-101/PlayingDaf/v_PlayingDaf_g05_c01.avi,59,8,75,16,60,False,True,0.5302225351333618,0.014231020119041204,0.003411791127291508,0.9231555890291929,301,8,8,8,False,
ucf101,val,v_PlayingDaf_g04_c04,data/UCF101_data/UCF-101/PlayingDaf/v_PlayingDaf_g04_c04.avi,59,8,75,16,54,False,True,0.2287316471338272,0.01610609795898199,0.003411791127291508,0.9069719663821161,305,8,8,8,False,
ucf101,val,v_PlayingDaf_g02_c06,data/UCF101_data/UCF-101/PlayingDaf/v_PlayingDaf_g02_c06.avi,59,8,75,16,59,True,True,0.5309772491455078,0.016738999169319868,0.003411791127291508,0.8893387159332633,363,8,8,8,False,
ucf101,val,v_PlayingDaf_g06_c03,data/UCF101_data/UCF-101/PlayingDaf/v_PlayingDaf_g06_c03.avi,59,8,75,16,59,True,True,0.9771752953529358,0.015464326832443476,0.003411791127291508,0.8712480091489851,319,8,8,8,False,
ucf101,val,v_PlayingDaf_g07_c04,data/UCF101_data/UCF-101/PlayingDaf/v_PlayingDaf_g07_c04.avi,59,8,75,16,59,True,True,0.948736310005188,0.012823200784623623,0.003411791127291508,0.8542556590400636,249,8,8,8,False,
ucf101,val,v_PlayingDaf_g01_c01,data/UCF101_data/UCF-101/PlayingDaf/v_PlayingDaf_g01_c01.avi,59,8,75,16,59,True,True,0.16070246696472168,0.008389676921069622,0.003411791127291508,0.8404030650854111,122,6,8,8,False,
ucf101,val,v_PlayingDaf_g04_c07,data/UCF101_data/UCF-101/PlayingDaf/v_PlayingDaf_g04_c07.avi,59,8,75,16,59,True,True,0.601921796798706,0.019537679851055145,0.003411791127291508,0.8310820530168712,371,8,8,8,False,
ucf101,val,v_PlayingDaf_g07_c02,data/UCF101_data/UCF-101/PlayingDaf/v_PlayingDaf_g07_c02.avi,59,8,75,16,59,True,True,0.9245178699493408,0.012285160832107067,0.003411791127291508,0.809774068184197,249,8,8,8,False,
ucf101,val,v_PlayingDaf_g02_c05,data/UCF101_data/UCF-101/PlayingDaf/v_PlayingDaf_g02_c05.avi,59,8,75,16,59,True,True,0.8605758547782898,0.015542238019406796,0.003411791127291508,0.7962059169076383,325,8,8,8,False,
ucf101,val,v_PlayingDaf_g05_c05,data/UCF101_data/UCF-101/PlayingDaf/v_PlayingDaf_g05_c05.avi,59,8,75,16,98,False,True,0.25571221113204956,0.019622906111180782,0.003411791127291508,0.7794435867108405,403,8,8,8,False,
ucf101,val,v_PlayingDaf_g06_c07,data/UCF101_data/UCF-101/PlayingDaf/v_PlayingDaf_g06_c07.avi,59,8,75,16,59,True,True,0.9787338972091675,0.012874857988208532,0.003411791127291508,0.7586997463367879,220,8,8,8,False,
ucf101,val,v_PlayingDhol_g07_c02,data/UCF101_data/UCF-101/PlayingDhol/v_PlayingDhol_g07_c02.avi,60,8,75,16,60,True,True,0.9653230309486389,0.013172816019505262,0.003411791127291508,0.7446168609894812,255,8,8,8,False,
ucf101,val,v_PlayingDhol_g07_c06,data/UCF101_data/UCF-101/PlayingDhol/v_PlayingDhol_g07_c06.avi,60,8,75,16,60,True,True,0.9615905284881592,0.012814400251954794,0.003411791127291508,0.7302554389461875,251,8,8,8,False,
ucf101,val,v_PlayingDhol_g01_c04,data/UCF101_data/UCF-101/PlayingDhol/v_PlayingDhol_g01_c04.avi,60,8,75,16,60,True,True,0.9565742611885071,0.013006018940359354,0.003411791127291508,0.7161157969385386,239,8,8,8,False,
ucf101,val,v_PlayingDhol_g06_c04,data/UCF101_data/UCF-101/PlayingDhol/v_PlayingDhol_g06_c04.avi,60,8,75,16,57,False,True,0.2529807686805725,0.018192335031926632,0.003411791127291508,0.7020402187481523,372,8,8,8,False,
ucf101,val,v_PlayingDhol_g05_c04,data/UCF101_data/UCF-101/PlayingDhol/v_PlayingDhol_g05_c04.avi,60,8,75,16,60,True,True,0.9752752780914307,0.014507270883768797,0.003411791127291508,0.6824408369138837,297,8,8,8,False,
ucf101,val,v_PlayingDhol_g03_c05,data/UCF101_data/UCF-101/PlayingDhol/v_PlayingDhol_g03_c05.avi,60,8,75,16,60,True,True,0.6884198784828186,0.02624439587816596,0.003411791127291508,0.6667505051009357,409,8,8,8,False,
ucf101,val,v_PlayingDhol_g03_c01,data/UCF101_data/UCF-101/PlayingDhol/v_PlayingDhol_g03_c01.avi,60,8,75,16,60,True,True,0.48076748847961426,0.01813471084460616,0.003411791127291508,0.6379289380274713,357,8,8,8,False,
ucf101,val,v_PlayingDhol_g07_c04,data/UCF101_data/UCF-101/PlayingDhol/v_PlayingDhol_g07_c04.avi,60,8,75,16,60,True,True,0.9622800350189209,0.013303548097610474,0.003411791127291508,0.6175288171507418,254,8,8,8,False,
ucf101,val,v_PlayingDhol_g04_c02,data/UCF101_data/UCF-101/PlayingDhol/v_PlayingDhol_g04_c02.avi,60,8,75,16,60,True,True,0.9673582911491394,0.02047144016250968,0.003411791127291508,0.6030329060740769,454,8,8,8,False,
ucf101,val,v_PlayingDhol_g07_c01,data/UCF101_data/UCF-101/PlayingDhol/v_PlayingDhol_g07_c01.avi,60,8,75,16,60,True,True,0.9717872142791748,0.013604335952550173,0.003411791127291508,0.5811612051911652,258,8,8,8,False,
ucf101,val,v_PlayingDhol_g02_c06,data/UCF101_data/UCF-101/PlayingDhol/v_PlayingDhol_g02_c06.avi,60,8,75,16,60,True,True,0.9628961682319641,0.014064769726246595,0.003411791127291508,0.566197011154145,289,8,8,8,False,
ucf101,val,v_PlayingDhol_g03_c03,data/UCF101_data/UCF-101/PlayingDhol/v_PlayingDhol_g03_c03.avi,60,8,75,16,60,True,True,0.6905500292778015,0.02264468278735876,0.003411791127291508,0.5508818118833005,407,8,8,8,False,
ucf101,val,v_PlayingDhol_g02_c02,data/UCF101_data/UCF-101/PlayingDhol/v_PlayingDhol_g02_c02.avi,60,8,75,16,60,True,True,0.9374217987060547,0.015187651850283146,0.003411791127291508,0.5254568601958454,305,8,8,8,False,
ucf101,val,v_PlayingDhol_g01_c07,data/UCF101_data/UCF-101/PlayingDhol/v_PlayingDhol_g01_c07.avi,60,8,75,16,60,True,True,0.927017867565155,0.00980054959654808,0.003411791127291508,0.5089460369199514,138,7,8,8,False,
ucf101,val,v_PlayingDhol_g01_c03,data/UCF101_data/UCF-101/PlayingDhol/v_PlayingDhol_g01_c03.avi,60,8,75,16,60,True,True,0.9568106532096863,0.014051293954253197,0.003411791127291508,0.49812701204791665,271,8,8,8,False,
ucf101,val,v_PlayingDhol_g03_c06,data/UCF101_data/UCF-101/PlayingDhol/v_PlayingDhol_g03_c06.avi,60,8,75,16,60,True,True,0.5120828747749329,0.019777649082243443,0.003411791127291508,0.4829862411133945,416,8,8,8,False,
ucf101,val,v_PlayingDhol_g05_c01,data/UCF101_data/UCF-101/PlayingDhol/v_PlayingDhol_g05_c01.avi,60,8,75,16,60,True,True,0.9780014753341675,0.051212424878031015,0.0034467832156224176,1.1076892749406397,284,8,8,8,False,
ucf101,val,v_PlayingDhol_g05_c07,data/UCF101_data/UCF-101/PlayingDhol/v_PlayingDhol_g05_c07.avi,60,8,75,16,60,True,True,0.9738113880157471,0.018246206920593977,0.0034467832156224176,1.0542523600161076,272,8,8,8,False,
ucf101,val,v_PlayingDhol_g07_c07,data/UCF101_data/UCF-101/PlayingDhol/v_PlayingDhol_g07_c07.avi,60,8,75,16,60,True,True,0.9564954042434692,0.01357803400605917,0.0034467832156224176,1.0335333282127976,270,8,8,8,False,
ucf101,val,v_PlayingDhol_g02_c05,data/UCF101_data/UCF-101/PlayingDhol/v_PlayingDhol_g02_c05.avi,60,8,75,16,60,True,True,0.9616332054138184,0.013563986867666245,0.0034467832156224176,1.0187652721069753,267,8,8,8,False,
ucf101,val,v_PlayingFlute_g07_c06,data/UCF101_data/UCF-101/PlayingFlute/v_PlayingFlute_g07_c06.avi,61,8,75,16,61,True,True,0.9719011187553406,0.0522707742638886,0.0034467832156224176,1.00409267982468,278,8,8,8,False,
ucf101,val,v_PlayingFlute_g02_c02,data/UCF101_data/UCF-101/PlayingFlute/v_PlayingFlute_g02_c02.avi,61,8,75,16,61,True,True,0.9794643521308899,0.013714964035898447,0.0034467832156224176,0.9495966578833759,246,8,8,8,False,
ucf101,val,v_PlayingFlute_g01_c06,data/UCF101_data/UCF-101/PlayingFlute/v_PlayingFlute_g01_c06.avi,61,8,75,16,61,True,True,0.9820578098297119,0.05902399215847254,0.0034467832156224176,0.9348365757614374,330,8,8,8,False,
ucf101,val,v_PlayingFlute_g03_c05,data/UCF101_data/UCF-101/PlayingFlute/v_PlayingFlute_g03_c05.avi,61,8,75,16,61,True,True,0.983044445514679,0.012872034218162298,0.0034467832156224176,0.8738295873627067,200,8,8,8,False,
ucf101,val,v_PlayingFlute_g03_c07,data/UCF101_data/UCF-101/PlayingFlute/v_PlayingFlute_g03_c07.avi,61,8,75,16,61,True,True,0.9830368161201477,0.012346358969807625,0.0034467832156224176,0.8599217892624438,230,8,8,8,False,
ucf101,val,v_PlayingFlute_g04_c06,data/UCF101_data/UCF-101/PlayingFlute/v_PlayingFlute_g04_c06.avi,61,8,75,16,61,True,True,0.9758771657943726,0.01319439010694623,0.0034467832156224176,0.8464113366790116,268,8,8,8,False,
ucf101,val,v_PlayingFlute_g02_c05,data/UCF101_data/UCF-101/PlayingFlute/v_PlayingFlute_g02_c05.avi,61,8,75,16,61,True,True,0.9747061729431152,0.012830494903028011,0.0034467832156224176,0.8321312023326755,249,8,8,8,False,
ucf101,val,v_PlayingFlute_g02_c06,data/UCF101_data/UCF-101/PlayingFlute/v_PlayingFlute_g02_c06.avi,61,8,75,16,61,True,True,0.972815215587616,0.01164730079472065,0.0034467832156224176,0.8181810951791704,206,8,8,8,False,
ucf101,val,v_PlayingFlute_g07_c07,data/UCF101_data/UCF-101/PlayingFlute/v_PlayingFlute_g07_c07.avi,61,8,75,16,61,True,True,0.9297766089439392,0.05103570315986872,0.0034467832156224176,0.8055155319161713,245,8,8,8,False,
ucf101,val,v_PlayingFlute_g05_c07,data/UCF101_data/UCF-101/PlayingFlute/v_PlayingFlute_g05_c07.avi,61,8,75,16,61,True,True,0.961636483669281,0.01046433113515377,0.0034467832156224176,0.7514975504018366,123,6,8,8,False,
ucf101,val,v_PlayingFlute_g04_c03,data/UCF101_data/UCF-101/PlayingFlute/v_PlayingFlute_g04_c03.avi,61,8,75,16,61,True,True,0.983164370059967,0.014549960847944021,0.0034467832156224176,0.7399155790917575,301,8,8,8,False,
ucf101,val,v_PlayingFlute_g05_c06,data/UCF101_data/UCF-101/PlayingFlute/v_PlayingFlute_g05_c06.avi,61,8,75,16,61,True,True,0.972606897354126,0.012799922842532396,0.0034467832156224176,0.7240423830226064,240,8,8,8,False,
ucf101,val,v_PlayingFlute_g05_c05,data/UCF101_data/UCF-101/PlayingFlute/v_PlayingFlute_g05_c05.avi,61,8,75,16,61,True,True,0.9677274227142334,0.01303904689848423,0.0034467832156224176,0.7101369281299412,236,8,8,8,False,
ucf101,val,v_PlayingFlute_g03_c04,data/UCF101_data/UCF-101/PlayingFlute/v_PlayingFlute_g03_c04.avi,61,8,75,16,61,True,True,0.9831070899963379,0.012158140074461699,0.0034467832156224176,0.6960950801149011,222,8,8,8,False,
ucf101,val,v_PlayingFlute_g02_c04,data/UCF101_data/UCF-101/PlayingFlute/v_PlayingFlute_g02_c04.avi,61,8,75,16,61,True,True,0.9593253135681152,0.011534291785210371,0.0034467832156224176,0.6828472670167685,199,8,8,8,False,
ucf101,val,v_PlayingFlute_g03_c03,data/UCF101_data/UCF-101/PlayingFlute/v_PlayingFlute_g03_c03.avi,61,8,75,16,61,True,True,0.9818991422653198,0.012777721974998713,0.0034467832156224176,0.6702460111118853,249,8,8,8,False,
ucf101,val,v_PlayingFlute_g05_c03,data/UCF101_data/UCF-101/PlayingFlute/v_PlayingFlute_g05_c03.avi,61,8,75,16,61,True,True,0.9725053906440735,0.012094074860215187,0.0034467832156224176,0.6564377290196717,223,8,8,8,False,
ucf101,val,v_PlayingFlute_g05_c04,data/UCF101_data/UCF-101/PlayingFlute/v_PlayingFlute_g05_c04.avi,61,8,75,16,61,True,True,0.9610246419906616,0.01169914286583662,0.0034467832156224176,0.6432108697481453,200,8,8,8,False,
ucf101,val,v_PlayingFlute_g04_c05,data/UCF101_data/UCF-101/PlayingFlute/v_PlayingFlute_g04_c05.avi,61,8,75,16,61,True,True,0.9469339847564697,0.01926417974755168,0.0034467832156224176,0.6303100152872503,389,8,8,8,False,
ucf101,val,v_PlayingFlute_g02_c03,data/UCF101_data/UCF-101/PlayingFlute/v_PlayingFlute_g02_c03.avi,61,8,75,16,61,True,True,0.9791077971458435,0.012941105291247368,0.0034467832156224176,0.609317319933325,245,8,8,8,False,
ucf101,val,v_PlayingGuitar_g04_c05,data/UCF101_data/UCF-101/PlayingGuitar/v_PlayingGuitar_g04_c05.avi,62,8,75,16,62,True,True,0.6426442861557007,0.016168052796274424,0.0034467832156224176,0.5953424437902868,250,8,8,8,False,
ucf101,val,v_PlayingGuitar_g02_c02,data/UCF101_data/UCF-101/PlayingGuitar/v_PlayingGuitar_g02_c02.avi,62,8,75,16,62,True,True,0.9771082401275635,0.01537197595462203,0.0034467832156224176,0.5783337540924549,250,8,8,8,False,
ucf101,val,v_PlayingGuitar_g06_c01,data/UCF101_data/UCF-101/PlayingGuitar/v_PlayingGuitar_g06_c01.avi,62,8,75,16,62,True,True,0.9852044582366943,0.015672938898205757,0.0034467832156224176,0.5620703380554914,250,8,8,8,False,
ucf101,val,v_PlayingGuitar_g01_c05,data/UCF101_data/UCF-101/PlayingGuitar/v_PlayingGuitar_g01_c05.avi,62,8,75,16,62,True,True,0.9857478737831116,0.015392009634524584,0.0034467832156224176,0.5455861799418926,238,8,8,8,False,
ucf101,val,v_PlayingGuitar_g02_c04,data/UCF101_data/UCF-101/PlayingGuitar/v_PlayingGuitar_g02_c04.avi,62,8,75,16,62,True,True,0.9800177812576294,0.014582572039216757,0.0034467832156224176,0.5290969670750201,200,8,8,8,False,
ucf101,val,v_PlayingGuitar_g03_c05,data/UCF101_data/UCF-101/PlayingGuitar/v_PlayingGuitar_g03_c05.avi,62,8,75,16,62,True,True,0.9831653833389282,0.015636037103831768,0.0034467832156224176,0.5134754129685462,250,8,8,8,False,
ucf101,val,v_PlayingGuitar_g05_c02,data/UCF101_data/UCF-101/PlayingGuitar/v_PlayingGuitar_g05_c02.avi,62,8,75,16,62,True,True,0.9781410694122314,0.015184287913143635,0.0034467832156224176,0.4968634247779846,212,8,8,8,False,
ucf101,val,v_PlayingGuitar_g06_c07,data/UCF101_data/UCF-101/PlayingGuitar/v_PlayingGuitar_g06_c07.avi,62,8,75,16,62,True,True,0.9860956072807312,0.016857504844665527,0.0034467832156224176,0.4808155866339803,250,8,8,8,False,
ucf101,val,v_PlayingGuitar_g04_c07,data/UCF101_data/UCF-101/PlayingGuitar/v_PlayingGuitar_g04_c07.avi,62,8,75,16,62,True,True,0.8590335845947266,0.03985747508704662,0.003355256689246744,1.0151334377005696,250,8,8,8,False,
ucf101,val,v_PlayingGuitar_g01_c06,data/UCF101_data/UCF-101/PlayingGuitar/v_PlayingGuitar_g01_c06.avi,62,8,75,16,62,True,True,0.9849506616592407,0.019873661920428276,0.003355256689246744,0.9729385729879141,250,8,8,8,False,
ucf101,val,v_PlayingGuitar_g07_c01,data/UCF101_data/UCF-101/PlayingGuitar/v_PlayingGuitar_g07_c01.avi,62,8,75,16,62,True,True,0.9844676852226257,0.016531470231711864,0.003355256689246744,0.9510633386671543,250,8,8,8,False,
ucf101,val,v_PlayingGuitar_g01_c01,data/UCF101_data/UCF-101/PlayingGuitar/v_PlayingGuitar_g01_c01.avi,62,8,75,16,62,True,True,0.9845473170280457,0.01585027389228344,0.003355256689246744,0.9331672070547938,250,8,8,8,False,
ucf101,val,v_PlayingGuitar_g02_c03,data/UCF101_data/UCF-101/PlayingGuitar/v_PlayingGuitar_g02_c03.avi,62,8,75,16,62,True,True,0.8893465399742126,0.016966415103524923,0.003355256689246744,0.9165176013484597,250,8,8,8,False,
ucf101,val,v_PlayingGuitar_g04_c01,data/UCF101_data/UCF-101/PlayingGuitar/v_PlayingGuitar_g04_c01.avi,62,8,75,16,62,True,True,0.8886193037033081,0.016618971712887287,0.003355256689246744,0.8987132920883596,250,8,8,8,False,
ucf101,val,v_PlayingGuitar_g01_c04,data/UCF101_data/UCF-101/PlayingGuitar/v_PlayingGuitar_g01_c04.avi,62,8,75,16,62,True,True,0.9841488003730774,0.015907747205346823,0.003355256689246744,0.8812273619696498,250,8,8,8,False,
ucf101,val,v_PlayingGuitar_g07_c02,data/UCF101_data/UCF-101/PlayingGuitar/v_PlayingGuitar_g07_c02.avi,62,8,75,16,62,True,True,0.9823585152626038,0.015557649079710245,0.003355256689246744,0.8642617389559746,250,8,8,8,False,
ucf101,val,v_PlayingGuitar_g03_c02,data/UCF101_data/UCF-101/PlayingGuitar/v_PlayingGuitar_g03_c02.avi,62,8,75,16,62,True,True,0.9838652014732361,0.015482109040021896,0.003355256689246744,0.8468697490170598,250,8,8,8,False,
ucf101,val,v_PlayingGuitar_g07_c07,data/UCF101_data/UCF-101/PlayingGuitar/v_PlayingGuitar_g07_c07.avi,62,8,75,16,62,True,True,0.9853907823562622,0.01557521941140294,0.003355256689246744,0.8305483558215201,250,8,8,8,False,
ucf101,val,v_PlayingGuitar_g06_c06,data/UCF101_data/UCF-101/PlayingGuitar/v_PlayingGuitar_g06_c06.avi,62,8,75,16,62,True,True,0.986179769039154,0.015738023910671473,0.003355256689246744,0.8140526139177382,250,8,8,8,False,
ucf101,val,v_PlayingGuitar_g06_c04,data/UCF101_data/UCF-101/PlayingGuitar/v_PlayingGuitar_g06_c04.avi,62,8,75,16,62,True,True,0.9870413541793823,0.0157711966894567,0.003355256689246744,0.7973011899739504,250,8,8,8,False,
ucf101,val,v_PlayingPiano_g03_c01,data/UCF101_data/UCF-101/PlayingPiano/v_PlayingPiano_g03_c01.avi,63,8,75,16,63,True,True,0.954703152179718,0.014707996975630522,0.003355256689246744,0.7806099820882082,228,8,8,8,False,
ucf101,val,v_PlayingPiano_g05_c03,data/UCF101_data/UCF-101/PlayingPiano/v_PlayingPiano_g05_c03.avi,63,8,75,16,63,True,True,0.9633715748786926,0.015532051213085651,0.003355256689246744,0.7650745469145477,238,8,8,8,False,
ucf101,val,v_PlayingPiano_g04_c01,data/UCF101_data/UCF-101/PlayingPiano/v_PlayingPiano_g04_c01.avi,63,8,75,16,66,False,False,0.1288214772939682,0.01642935024574399,0.003355256689246744,0.7487059310078621,212,8,8,8,False,
ucf101,val,v_PlayingPiano_g06_c01,data/UCF101_data/UCF-101/PlayingPiano/v_PlayingPiano_g06_c01.avi,63,8,75,16,63,True,True,0.9344297051429749,0.0160081060603261,0.003355256689246744,0.7312350682914257,222,8,8,8,False,
ucf101,val,v_PlayingPiano_g03_c04,data/UCF101_data/UCF-101/PlayingPiano/v_PlayingPiano_g03_c04.avi,63,8,75,16,63,True,True,0.9227213859558105,0.015597674995660782,0.003355256689246744,0.7143658860586584,248,8,8,8,False,
ucf101,val,v_PlayingPiano_g01_c04,data/UCF101_data/UCF-101/PlayingPiano/v_PlayingPiano_g01_c04.avi,63,8,75,16,63,True,True,0.9673047661781311,0.014652180951088667,0.003355256689246744,0.6978999208658934,215,8,8,8,False,
ucf101,val,v_PlayingPiano_g06_c02,data/UCF101_data/UCF-101/PlayingPiano/v_PlayingPiano_g06_c02.avi,63,8,75,16,63,True,True,0.956030011177063,0.014284030999988317,0.003355256689246744,0.6824164548888803,222,8,8,8,False,
ucf101,val,v_PlayingPiano_g02_c04,data/UCF101_data/UCF-101/PlayingPiano/v_PlayingPiano_g02_c04.avi,63,8,75,16,63,True,True,0.9394940733909607,0.014494551811367273,0.003355256689246744,0.667291346937418,210,8,8,8,False,
ucf101,val,v_PlayingPiano_g04_c04,data/UCF101_data/UCF-101/PlayingPiano/v_PlayingPiano_g04_c04.avi,63,8,75,16,63,True,True,0.4152800142765045,0.015456335619091988,0.003355256689246744,0.6519443299621344,226,8,8,8,False,
ucf101,val,v_PlayingPiano_g01_c01,data/UCF101_data/UCF-101/PlayingPiano/v_PlayingPiano_g01_c01.avi,63,8,75,16,63,True,True,0.9709330201148987,0.014776607975363731,0.003355256689246744,0.635440340731293,218,8,8,8,False,
ucf101,val,v_PlayingPiano_g05_c02,data/UCF101_data/UCF-101/PlayingPiano/v_PlayingPiano_g05_c02.avi,63,8,75,16,63,True,True,0.9306952953338623,0.013991958927363157,0.003355256689246744,0.6196305882185698,225,8,8,8,False,
ucf101,val,v_PlayingPiano_g03_c03,data/UCF101_data/UCF-101/PlayingPiano/v_PlayingPiano_g03_c03.avi,63,8,75,16,63,True,True,0.948150634765625,0.01492425799369812,0.003355256689246744,0.6048012743704021,228,8,8,8,False,
ucf101,val,v_PlayingPiano_g07_c01,data/UCF101_data/UCF-101/PlayingPiano/v_PlayingPiano_g07_c01.avi,63,8,75,16,63,True,True,0.9191581010818481,0.01550659304484725,0.003355256689246744,0.5890437751077116,212,8,8,8,False,
ucf101,val,v_PlayingPiano_g05_c01,data/UCF101_data/UCF-101/PlayingPiano/v_PlayingPiano_g05_c01.avi,63,8,75,16,63,True,True,0.9187750220298767,0.014600890222936869,0.003355256689246744,0.5726702269166708,212,8,8,8,False,
ucf101,val,v_PlayingPiano_g01_c02,data/UCF101_data/UCF-101/PlayingPiano/v_PlayingPiano_g01_c02.avi,63,8,75,16,63,True,True,0.9739927649497986,0.015042340848594904,0.003355256689246744,0.5572255351580679,221,8,8,8,False,
ucf101,val,v_PlayingPiano_g04_c03,data/UCF101_data/UCF-101/PlayingPiano/v_PlayingPiano_g04_c03.avi,63,8,75,16,63,True,True,0.7137082815170288,0.014878673013299704,0.003355256689246744,0.5413888683542609,205,8,8,8,False,
ucf101,val,v_PlayingPiano_g05_c04,data/UCF101_data/UCF-101/PlayingPiano/v_PlayingPiano_g05_c04.avi,63,8,75,16,63,True,True,0.9633550643920898,0.014754324220120907,0.003355256689246744,0.5256862132810056,238,8,8,8,False,
ucf101,val,v_PlayingPiano_g02_c01,data/UCF101_data/UCF-101/PlayingPiano/v_PlayingPiano_g02_c01.avi,63,8,75,16,63,True,True,0.6418046951293945,0.014758315868675709,0.003355256689246744,0.5099023850634694,225,8,8,8,False,
ucf101,val,v_PlayingPiano_g02_c03,data/UCF101_data/UCF-101/PlayingPiano/v_PlayingPiano_g02_c03.avi,63,8,75,16,63,True,True,0.8923625946044922,0.015948833897709846,0.003355256689246744,0.4940754007548094,217,8,8,8,False,
ucf101,val,v_PlayingPiano_g04_c02,data/UCF101_data/UCF-101/PlayingPiano/v_PlayingPiano_g04_c02.avi,63,8,75,16,74,False,True,0.14136125147342682,0.014925576746463776,0.003355256689246744,0.47693783789873123,205,8,8,8,False,
ucf101,val,v_PlayingSitar_g02_c05,data/UCF101_data/UCF-101/PlayingSitar/v_PlayingSitar_g02_c05.avi,64,8,75,16,64,True,True,0.9855090975761414,0.04603518592193723,0.0033560162410140038,1.0603660829365253,250,8,8,8,False,
ucf101,val,v_PlayingSitar_g01_c03,data/UCF101_data/UCF-101/PlayingSitar/v_PlayingSitar_g01_c03.avi,64,8,75,16,64,True,True,0.8358851075172424,0.010222500655800104,0.0033560162410140038,1.0119314482435584,129,7,8,8,False,
ucf101,val,v_PlayingSitar_g07_c06,data/UCF101_data/UCF-101/PlayingSitar/v_PlayingSitar_g07_c06.avi,64,8,75,16,64,True,True,0.9750370979309082,0.019839438144117594,0.0033560162410140038,1.0006603449583054,410,8,8,8,False,
ucf101,val,v_PlayingSitar_g04_c03,data/UCF101_data/UCF-101/PlayingSitar/v_PlayingSitar_g04_c03.avi,64,8,75,16,64,True,True,0.9752565622329712,0.022846675012260675,0.0033560162410140038,0.979324665851891,422,8,8,8,False,
ucf101,val,v_PlayingSitar_g06_c01,data/UCF101_data/UCF-101/PlayingSitar/v_PlayingSitar_g06_c01.avi,64,8,75,16,64,True,True,0.981340229511261,0.010916064027696848,0.0033560162410140038,0.9540911251679063,151,8,8,8,False,
ucf101,val,v_PlayingSitar_g02_c04,data/UCF101_data/UCF-101/PlayingSitar/v_PlayingSitar_g02_c04.avi,64,8,75,16,64,True,True,0.9843606352806091,0.014011762104928493,0.0033560162410140038,0.9422194263897836,268,8,8,8,False,
ucf101,val,v_PlayingSitar_g02_c03,data/UCF101_data/UCF-101/PlayingSitar/v_PlayingSitar_g02_c03.avi,64,8,75,16,64,True,True,0.9830319881439209,0.012622800190001726,0.0033560162410140038,0.9268141770735383,255,8,8,8,False,
ucf101,val,v_PlayingSitar_g03_c06,data/UCF101_data/UCF-101/PlayingSitar/v_PlayingSitar_g03_c06.avi,64,8,75,16,64,True,True,0.8175536394119263,0.01836591400206089,0.0033560162410140038,0.9130247887223959,426,8,8,8,False,
ucf101,val,v_PlayingSitar_g06_c04,data/UCF101_data/UCF-101/PlayingSitar/v_PlayingSitar_g06_c04.avi,64,8,75,16,64,True,True,0.9787366390228271,0.009747456293553114,0.0033560162410140038,0.8934308439493179,144,7,8,8,False,
ucf101,val,v_PlayingSitar_g07_c07,data/UCF101_data/UCF-101/PlayingSitar/v_PlayingSitar_g07_c07.avi,64,8,75,16,64,True,True,0.9777519106864929,0.013063871767371893,0.0033560162410140038,0.8827923820354044,246,8,8,8,False,
ucf101,val,v_PlayingSitar_g05_c01,data/UCF101_data/UCF-101/PlayingSitar/v_PlayingSitar_g05_c01.avi,64,8,75,16,64,True,True,0.9842169284820557,0.020358093082904816,0.0033560162410140038,0.8683495190925896,406,8,8,8,False,
ucf101,val,v_PlayingSitar_g05_c06,data/UCF101_data/UCF-101/PlayingSitar/v_PlayingSitar_g05_c06.avi,64,8,75,16,64,True,True,0.9824725389480591,0.020582878030836582,0.0033560162410140038,0.8471285686828196,434,8,8,8,False,
ucf101,val,v_PlayingSitar_g04_c07,data/UCF101_data/UCF-101/PlayingSitar/v_PlayingSitar_g04_c07.avi,64,8,75,16,64,True,True,0.985905110836029,0.019178361166268587,0.0033560162410140038,0.825113938190043,425,8,8,8,False,
ucf101,val,v_PlayingSitar_g04_c05,data/UCF101_data/UCF-101/PlayingSitar/v_PlayingSitar_g04_c05.avi,64,8,75,16,64,True,True,0.98177170753479,0.020113294012844563,0.0033560162410140038,0.8045823872089386,420,8,8,8,False,
ucf101,val,v_PlayingSitar_g07_c03,data/UCF101_data/UCF-101/PlayingSitar/v_PlayingSitar_g07_c03.avi,64,8,75,16,64,True,True,0.9753352999687195,0.017084278631955385,0.0033560162410140038,0.7822612896561623,362,8,8,8,False,
ucf101,val,v_PlayingSitar_g04_c06,data/UCF101_data/UCF-101/PlayingSitar/v_PlayingSitar_g04_c06.avi,64,8,75,16,64,True,True,0.9855035543441772,0.020581378135830164,0.0033560162410140038,0.7637530327774584,415,8,8,8,False,
ucf101,val,v_PlayingSitar_g04_c01,data/UCF101_data/UCF-101/PlayingSitar/v_PlayingSitar_g04_c01.avi,64,8,75,16,64,True,True,0.9501813650131226,0.021726716309785843,0.0033560162410140038,0.7417862140573561,434,8,8,8,False,
ucf101,val,v_PlayingSitar_g03_c04,data/UCF101_data/UCF-101/PlayingSitar/v_PlayingSitar_g03_c04.avi,64,8,75,16,64,True,True,0.837257444858551,0.01874732179567218,0.0033560162410140038,0.7181703541427851,422,8,8,8,False,
ucf101,val,v_PlayingSitar_g04_c02,data/UCF101_data/UCF-101/PlayingSitar/v_PlayingSitar_g04_c02.avi,64,8,75,16,64,True,True,0.9649477005004883,0.024600861128419638,0.0033560162410140038,0.6980858710594475,420,8,8,8,False,
ucf101,val,v_PlayingSitar_g06_c02,data/UCF101_data/UCF-101/PlayingSitar/v_PlayingSitar_g06_c02.avi,64,8,75,16,64,True,True,0.9820267558097839,0.009775908663868904,0.0033560162410140038,0.6708612381480634,150,7,8,8,False,
ucf101,val,v_PlayingTabla_g06_c01,data/UCF101_data/UCF-101/PlayingTabla/v_PlayingTabla_g06_c01.avi,65,8,75,16,65,True,True,0.896203875541687,0.01510531036183238,0.0033560162410140038,0.6600296846590936,209,8,8,8,False,
ucf101,val,v_PlayingTabla_g02_c01,data/UCF101_data/UCF-101/PlayingTabla/v_PlayingTabla_g02_c01.avi,65,8,75,16,65,True,True,0.8468776941299438,0.017590166069567204,0.0033560162410140038,0.6440744679421186,318,8,8,8,False,
ucf101,val,v_PlayingTabla_g07_c02,data/UCF101_data/UCF-101/PlayingTabla/v_PlayingTabla_g07_c02.avi,65,8,75,16,65,True,True,0.977295458316803,0.015247622970491648,0.0033560162410140038,0.6254847939126194,245,8,8,8,False,
ucf101,val,v_PlayingTabla_g04_c01,data/UCF101_data/UCF-101/PlayingTabla/v_PlayingTabla_g04_c01.avi,65,8,75,16,65,True,True,0.9503136873245239,0.015335575211793184,0.0033560162410140038,0.6093188067898154,249,8,8,8,False,
ucf101,val,v_PlayingTabla_g05_c02,data/UCF101_data/UCF-101/PlayingTabla/v_PlayingTabla_g05_c02.avi,65,8,75,16,65,True,True,0.8771035671234131,0.015539249870926142,0.0033560162410140038,0.5931129492819309,247,8,8,8,False,
ucf101,val,v_PlayingTabla_g01_c04,data/UCF101_data/UCF-101/PlayingTabla/v_PlayingTabla_g01_c04.avi,65,8,75,16,65,True,True,0.9404457807540894,0.016522481106221676,0.0033560162410140038,0.5767208929173648,255,8,8,8,False,
ucf101,val,v_PlayingTabla_g04_c03,data/UCF101_data/UCF-101/PlayingTabla/v_PlayingTabla_g04_c03.avi,65,8,75,16,65,True,True,0.9474942088127136,0.015654967166483402,0.0033560162410140038,0.559031113050878,297,8,8,8,False,
ucf101,val,v_PlayingTabla_g05_c01,data/UCF101_data/UCF-101/PlayingTabla/v_PlayingTabla_g05_c01.avi,65,8,75,16,65,True,True,0.2383618950843811,0.015306844841688871,0.0033560162410140038,0.542557509150356,270,8,8,8,False,
ucf101,val,v_PlayingTabla_g07_c01,data/UCF101_data/UCF-101/PlayingTabla/v_PlayingTabla_g07_c01.avi,65,8,75,16,65,True,True,0.977653443813324,0.01530957967042923,0.0033560162410140038,0.5264177392236888,251,8,8,8,False,
ucf101,val,v_PlayingTabla_g03_c01,data/UCF101_data/UCF-101/PlayingTabla/v_PlayingTabla_g03_c01.avi,65,8,75,16,65,True,True,0.8781958818435669,0.015607068780809641,0.0033560162410140038,0.5102044139057398,293,8,8,8,False,
ucf101,val,v_PlayingTabla_g01_c02,data/UCF101_data/UCF-101/PlayingTabla/v_PlayingTabla_g01_c02.avi,65,8,75,16,65,True,True,0.954567015171051,0.01564305415377021,0.0033560162410140038,0.493693086784333,251,8,8,8,False,
ucf101,val,v_PlayingTabla_g03_c04,data/UCF101_data/UCF-101/PlayingTabla/v_PlayingTabla_g03_c04.avi,65,8,75,16,65,True,True,0.4643738567829132,0.015031205024570227,0.0033560162410140038,0.47717515425756574,236,8,8,8,False,
ucf101,val,v_PlayingTabla_g02_c03,data/UCF101_data/UCF-101/PlayingTabla/v_PlayingTabla_g02_c03.avi,65,8,75,16,65,True,True,0.7268756628036499,0.03382467571645975,0.003602872006013058,1.0032207281328738,298,8,8,8,False,
ucf101,val,v_PlayingTabla_g04_c02,data/UCF101_data/UCF-101/PlayingTabla/v_PlayingTabla_g04_c02.avi,65,8,75,16,65,True,True,0.7725164890289307,0.016446999739855528,0.003602872006013058,0.9679030636325479,302,8,8,8,False,
ucf101,val,v_PlayingTabla_g04_c05,data/UCF101_data/UCF-101/PlayingTabla/v_PlayingTabla_g04_c05.avi,65,8,75,16,65,True,True,0.8107832074165344,0.016150410287082195,0.003602872006013058,0.950622184202075,319,8,8,8,False,
ucf101,val,v_PlayingTabla_g02_c04,data/UCF101_data/UCF-101/PlayingTabla/v_PlayingTabla_g02_c04.avi,65,8,75,16,65,True,True,0.4298315942287445,0.016456217039376497,0.003602872006013058,0.9336015270091593,313,8,8,8,False,
ucf101,val,v_PlayingTabla_g05_c04,data/UCF101_data/UCF-101/PlayingTabla/v_PlayingTabla_g05_c04.avi,65,8,75,16,65,True,True,0.5969172716140747,0.015110579319298267,0.003602872006013058,0.9161994378082454,267,8,8,8,False,
ucf101,val,v_PlayingTabla_g02_c02,data/UCF101_data/UCF-101/PlayingTabla/v_PlayingTabla_g02_c02.avi,65,8,75,16,65,True,True,0.8582422137260437,0.015426701866090298,0.003602872006013058,0.8999652382917702,290,8,8,8,False,
ucf101,val,v_PlayingTabla_g06_c04,data/UCF101_data/UCF-101/PlayingTabla/v_PlayingTabla_g06_c04.avi,65,8,75,16,65,True,True,0.9101422429084778,0.014613795559853315,0.003602872006013058,0.8836476118303835,234,8,8,8,False,
ucf101,val,v_PlayingTabla_g03_c03,data/UCF101_data/UCF-101/PlayingTabla/v_PlayingTabla_g03_c03.avi,65,8,75,16,65,True,True,0.8109716176986694,0.015357247088104486,0.003602872006013058,0.8682437757961452,255,8,8,8,False,
ucf101,val,v_PlayingViolin_g03_c04,data/UCF101_data/UCF-101/PlayingViolin/v_PlayingViolin_g03_c04.avi,66,8,75,16,66,True,True,0.9723957180976868,0.014929184224456549,0.003602872006013058,0.8520228606648743,199,8,8,8,False,
ucf101,val,v_PlayingViolin_g05_c02,data/UCF101_data/UCF-101/PlayingViolin/v_PlayingViolin_g05_c02.avi,66,8,75,16,66,True,True,0.9703823328018188,0.014697823207825422,0.003602872006013058,0.8362114699557424,176,8,8,8,False,
ucf101,val,v_PlayingViolin_g06_c01,data/UCF101_data/UCF-101/PlayingViolin/v_PlayingViolin_g06_c01.avi,66,8,75,16,66,True,True,0.8943860530853271,0.01497883116826415,0.003602872006013058,0.8206064999103546,177,8,8,8,False,
ucf101,val,v_PlayingViolin_g07_c04,data/UCF101_data/UCF-101/PlayingViolin/v_PlayingViolin_g07_c04.avi,66,8,75,16,66,True,True,0.9764337539672852,0.01478520967066288,0.003602872006013058,0.8048021737486124,173,8,8,8,False,
ucf101,val,v_PlayingViolin_g01_c02,data/UCF101_data/UCF-101/PlayingViolin/v_PlayingViolin_g01_c02.avi,66,8,75,16,66,True,True,0.9744241237640381,0.014525684993714094,0.003602872006013058,0.7889497438445687,169,8,8,8,False,
ucf101,val,v_PlayingViolin_g04_c01,data/UCF101_data/UCF-101/PlayingViolin/v_PlayingViolin_g04_c01.avi,66,8,75,16,66,True,True,0.8692228198051453,0.014960203785449266,0.003602872006013058,0.7735536731779575,176,8,8,8,False,
ucf101,val,v_PlayingViolin_g03_c01,data/UCF101_data/UCF-101/PlayingViolin/v_PlayingViolin_g03_c01.avi,66,8,75,16,66,True,True,0.9740909337997437,0.014922169037163258,0.003602872006013058,0.7577708913013339,181,8,8,8,False,
ucf101,val,v_PlayingViolin_g02_c03,data/UCF101_data/UCF-101/PlayingViolin/v_PlayingViolin_g02_c03.avi,66,8,75,16,66,True,True,0.9721189737319946,0.01619262993335724,0.003602872006013058,0.7420818610116839,509,8,8,8,False,
ucf101,val,v_PlayingViolin_g01_c04,data/UCF101_data/UCF-101/PlayingViolin/v_PlayingViolin_g01_c04.avi,66,8,75,16,66,True,True,0.8733258843421936,0.01516370614990592,0.003602872006013058,0.7250276929698884,178,8,8,8,False,
ucf101,val,v_PlayingViolin_g04_c03,data/UCF101_data/UCF-101/PlayingViolin/v_PlayingViolin_g04_c03.avi,66,8,75,16,66,True,True,0.9668996930122375,0.014783540274947882,0.003602872006013058,0.7090074298903346,169,8,8,8,False,
ucf101,val,v_PlayingViolin_g01_c03,data/UCF101_data/UCF-101/PlayingViolin/v_PlayingViolin_g01_c03.avi,66,8,75,16,66,True,True,0.7360599637031555,0.014466803055256605,0.003602872006013058,0.6934071090072393,170,8,8,8,False,
ucf101,val,v_PlayingViolin_g07_c02,data/UCF101_data/UCF-101/PlayingViolin/v_PlayingViolin_g07_c02.avi,66,8,75,16,66,True,True,0.9736648797988892,0.014660695102065802,0.003602872006013058,0.6779288197867572,174,8,8,8,False,
ucf101,val,v_PlayingViolin_g01_c01,data/UCF101_data/UCF-101/PlayingViolin/v_PlayingViolin_g01_c01.avi,66,8,75,16,66,True,True,0.9533609747886658,0.015948527958244085,0.003602872006013058,0.6624105609953403,186,8,8,8,False,
ucf101,val,v_PlayingViolin_g04_c04,data/UCF101_data/UCF-101/PlayingViolin/v_PlayingViolin_g04_c04.avi,66,8,75,16,66,True,True,0.945722222328186,0.014988535083830357,0.003602872006013058,0.645613051019609,176,8,8,8,False,
ucf101,val,v_PlayingViolin_g06_c03,data/UCF101_data/UCF-101/PlayingViolin/v_PlayingViolin_g06_c03.avi,66,8,75,16,66,True,True,0.8801580667495728,0.015064624138176441,0.003602872006013058,0.6298262421041727,177,8,8,8,False,
ucf101,val,v_PlayingViolin_g02_c02,data/UCF101_data/UCF-101/PlayingViolin/v_PlayingViolin_g02_c02.avi,66,8,75,16,66,True,True,0.9736637473106384,0.015647585038095713,0.003602872006013058,0.6139419171959162,339,8,8,8,False,
ucf101,val,v_PlayingViolin_g05_c04,data/UCF101_data/UCF-101/PlayingViolin/v_PlayingViolin_g05_c04.avi,66,8,75,16,66,True,True,0.9707033634185791,0.01615713397040963,0.003602872006013058,0.5974815669469535,184,8,8,8,False,
ucf101,val,v_PlayingViolin_g07_c03,data/UCF101_data/UCF-101/PlayingViolin/v_PlayingViolin_g07_c03.avi,66,8,75,16,66,True,True,0.9770258069038391,0.014703079592436552,0.003602872006013058,0.5803547869436443,168,8,8,8,False,
ucf101,val,v_PlayingViolin_g03_c02,data/UCF101_data/UCF-101/PlayingViolin/v_PlayingViolin_g03_c02.avi,66,8,75,16,66,True,True,0.9722715020179749,0.015002475120127201,0.003602872006013058,0.5645896722562611,181,8,8,8,False,
ucf101,val,v_PlayingViolin_g07_c01,data/UCF101_data/UCF-101/PlayingViolin/v_PlayingViolin_g07_c01.avi,66,8,75,16,66,True,True,0.974601686000824,0.014979319181293249,0.003602872006013058,0.548712941352278,178,8,8,8,False,
ucf101,val,v_PoleVault_g01_c05,data/UCF101_data/UCF-101/PoleVault/v_PoleVault_g01_c05.avi,67,8,75,16,67,True,True,0.9664347171783447,0.014414574950933456,0.003602872006013058,0.5329136438667774,195,8,8,8,False,
ucf101,val,v_PoleVault_g06_c05,data/UCF101_data/UCF-101/PoleVault/v_PoleVault_g06_c05.avi,67,8,75,16,67,True,True,0.9840145707130432,0.015839093830436468,0.003602872006013058,0.5177951441146433,260,8,8,8,False,
ucf101,val,v_PoleVault_g03_c02,data/UCF101_data/UCF-101/PoleVault/v_PoleVault_g03_c02.avi,67,8,75,16,67,True,True,0.9830011129379272,0.01600550813600421,0.003602872006013058,0.501064240001142,197,8,8,8,False,
ucf101,val,v_PoleVault_g07_c02,data/UCF101_data/UCF-101/PoleVault/v_PoleVault_g07_c02.avi,67,8,75,16,67,True,True,0.985267162322998,0.01479053869843483,0.003602872006013058,0.484202244784683,199,8,8,8,False,
ucf101,val,v_PoleVault_g03_c03,data/UCF101_data/UCF-101/PoleVault/v_PoleVault_g03_c03.avi,67,8,75,16,67,True,True,0.9702872633934021,0.03407660871744156,0.0036137544957455248,1.2270379504188895,222,8,8,8,False,
ucf101,val,v_PoleVault_g04_c03,data/UCF101_data/UCF-101/PoleVault/v_PoleVault_g04_c03.avi,67,8,75,16,67,True,True,0.9762648940086365,0.016548388171941042,0.0036137544957455248,1.190897114109248,219,8,8,8,False,
ucf101,val,v_PoleVault_g02_c05,data/UCF101_data/UCF-101/PoleVault/v_PoleVault_g02_c05.avi,67,8,75,16,67,True,True,0.9814955592155457,0.010453884024173021,0.0036137544957455248,1.1733447583392262,100,5,8,8,False,
ucf101,val,v_PoleVault_g01_c01,data/UCF101_data/UCF-101/PoleVault/v_PoleVault_g01_c01.avi,67,8,75,16,67,True,True,0.978023111820221,0.014214774128049612,0.0036137544957455248,1.1620946805924177,196,8,8,8,False,
ucf101,val,v_PoleVault_g03_c06,data/UCF101_data/UCF-101/PoleVault/v_PoleVault_g03_c06.avi,67,8,75,16,67,True,True,0.9797021746635437,0.01455622911453247,0.0036137544957455248,1.1470642420463264,227,8,8,8,False,
ucf101,val,v_PoleVault_g05_c02,data/UCF101_data/UCF-101/PoleVault/v_PoleVault_g05_c02.avi,67,8,75,16,67,True,True,0.9858188629150391,0.016292637214064598,0.0036137544957455248,1.1317059937864542,315,8,8,8,False,
ucf101,val,v_PoleVault_g07_c04,data/UCF101_data/UCF-101/PoleVault/v_PoleVault_g07_c04.avi,67,8,75,16,67,True,True,0.986620306968689,0.015244435984641314,0.0036137544957455248,1.1143672768957913,318,8,8,8,False,
ucf101,val,v_PoleVault_g05_c04,data/UCF101_data/UCF-101/PoleVault/v_PoleVault_g05_c04.avi,67,8,75,16,67,True,True,0.9790407419204712,0.015043478924781084,0.0036137544957455248,1.0982786500826478,267,8,8,8,False,
ucf101,val,v_PoleVault_g06_c01,data/UCF101_data/UCF-101/PoleVault/v_PoleVault_g06_c01.avi,67,8,75,16,67,True,True,0.9821527600288391,0.013155764900147915,0.0036137544957455248,1.0822313940152526,129,7,8,8,False,
ucf101,val,v_PoleVault_g02_c04,data/UCF101_data/UCF-101/PoleVault/v_PoleVault_g02_c04.avi,67,8,75,16,67,True,True,0.9811614751815796,0.010202133096754551,0.0036137544957455248,1.068288101349026,101,5,8,8,False,
ucf101,val,v_PoleVault_g04_c07,data/UCF101_data/UCF-101/PoleVault/v_PoleVault_g04_c07.avi,67,8,75,16,67,True,True,0.9827553629875183,0.014738605823367834,0.0036137544957455248,1.0572849931195378,203,8,8,8,False,
ucf101,val,v_PoleVault_g02_c01,data/UCF101_data/UCF-101/PoleVault/v_PoleVault_g02_c01.avi,67,8,75,16,67,True,True,0.9829173684120178,0.011743098963052034,0.0036137544957455248,1.041669791098684,118,6,8,8,False,
ucf101,val,v_PoleVault_g01_c04,data/UCF101_data/UCF-101/PoleVault/v_PoleVault_g01_c04.avi,67,8,75,16,67,True,True,0.9760677218437195,0.014278260990977287,0.0036137544957455248,1.0290074166841805,201,8,8,8,False,
ucf101,val,v_PoleVault_g06_c04,data/UCF101_data/UCF-101/PoleVault/v_PoleVault_g06_c04.avi,67,8,75,16,67,True,True,0.9855079054832458,0.015538234263658524,0.0036137544957455248,1.0135452919639647,278,8,8,8,False,
ucf101,val,v_PoleVault_g06_c02,data/UCF101_data/UCF-101/PoleVault/v_PoleVault_g06_c02.avi,67,8,75,16,67,True,True,0.985426664352417,0.014583460986614227,0.0036137544957455248,0.997142197098583,154,8,8,8,False,
ucf101,val,v_PoleVault_g05_c03,data/UCF101_data/UCF-101/PoleVault/v_PoleVault_g05_c03.avi,67,8,75,16,67,True,True,0.9874522089958191,0.014487276319414377,0.0036137544957455248,0.9816885869950056,201,8,8,8,False,
ucf101,val,v_PommelHorse_g01_c01,data/UCF101_data/UCF-101/PommelHorse/v_PommelHorse_g01_c01.avi,68,8,75,16,68,True,True,0.6325183510780334,0.016909976955503225,0.0036137544957455248,0.9663625629618764,396,8,8,8,False,
ucf101,val,v_PommelHorse_g05_c03,data/UCF101_data/UCF-101/PommelHorse/v_PommelHorse_g05_c03.avi,68,8,75,16,68,True,True,0.9754440188407898,0.05666674813255668,0.0036137544957455248,0.9481459627859294,247,8,8,8,False,
ucf101,val,v_PommelHorse_g04_c01,data/UCF101_data/UCF-101/PommelHorse/v_PommelHorse_g04_c01.avi,68,8,75,16,16,False,True,0.3632488548755646,0.017131931148469448,0.0036137544957455248,0.8884414872154593,298,8,8,8,False,
ucf101,val,v_PommelHorse_g05_c01,data/UCF101_data/UCF-101/PommelHorse/v_PommelHorse_g05_c01.avi,68,8,75,16,68,True,True,0.975279688835144,0.05284222075715661,0.0036137544957455248,0.8701691040769219,243,8,8,8,False,
ucf101,val,v_PommelHorse_g07_c07,data/UCF101_data/UCF-101/PommelHorse/v_PommelHorse_g07_c07.avi,68,8,75,16,4,False,True,0.795893669128418,0.022987678181380033,0.0036137544957455248,0.8147804532200098,632,8,8,8,False,
ucf101,val,v_PommelHorse_g01_c06,data/UCF101_data/UCF-101/PommelHorse/v_PommelHorse_g01_c06.avi,68,8,75,16,68,True,True,0.8381216526031494,0.016564590856432915,0.0036137544957455248,0.7894671391695738,308,8,8,8,False,
ucf101,val,v_PommelHorse_g02_c02,data/UCF101_data/UCF-101/PommelHorse/v_PommelHorse_g02_c02.avi,68,8,75,16,68,True,True,0.9823905229568481,0.01596279162913561,0.0036137544957455248,0.7721302141435444,312,8,8,8,False,
ucf101,val,v_PommelHorse_g01_c02,data/UCF101_data/UCF-101/PommelHorse/v_PommelHorse_g01_c02.avi,68,8,75,16,68,True,True,0.8835752606391907,0.01596621284261346,0.0036137544957455248,0.7552144299261272,401,8,8,8,False,
ucf101,val,v_PommelHorse_g01_c05,data/UCF101_data/UCF-101/PommelHorse/v_PommelHorse_g01_c05.avi,68,8,75,16,68,True,True,0.8768358826637268,0.0157058029435575,0.0036137544957455248,0.7380708777345717,305,8,8,8,False,
ucf101,val,v_PommelHorse_g05_c04,data/UCF101_data/UCF-101/PommelHorse/v_PommelHorse_g05_c04.avi,68,8,75,16,68,True,True,0.9777072668075562,0.06037634098902345,0.0036137544957455248,0.7215608502738178,294,8,8,8,False,
ucf101,val,v_PommelHorse_g03_c03,data/UCF101_data/UCF-101/PommelHorse/v_PommelHorse_g03_c03.avi,68,8,75,16,68,True,True,0.9713157415390015,0.05094656394794583,0.0036137544957455248,0.6578932451084256,251,8,8,8,False,
ucf101,val,v_PommelHorse_g04_c02,data/UCF101_data/UCF-101/PommelHorse/v_PommelHorse_g04_c02.avi,68,8,75,16,16,False,True,0.43112874031066895,0.020279542077332735,0.0036137544957455248,0.6044141878373921,298,8,8,8,False,
ucf101,val,v_PommelHorse_g01_c04,data/UCF101_data/UCF-101/PommelHorse/v_PommelHorse_g01_c04.avi,68,8,75,16,68,True,True,0.664165198802948,0.01776432478800416,0.0036137544957455248,0.58196289697662,357,8,8,8,False,
ucf101,val,v_PommelHorse_g01_c03,data/UCF101_data/UCF-101/PommelHorse/v_PommelHorse_g01_c03.avi,68,8,75,16,68,True,True,0.44516268372535706,0.01615789206698537,0.0036137544957455248,0.5631443220190704,374,8,8,8,False,
ucf101,val,v_PommelHorse_g07_c05,data/UCF101_data/UCF-101/PommelHorse/v_PommelHorse_g07_c05.avi,68,8,75,16,4,False,True,0.49515867233276367,0.01590325264260173,0.0036137544957455248,0.5459746392443776,387,8,8,8,False,
ucf101,val,v_PommelHorse_g03_c04,data/UCF101_data/UCF-101/PommelHorse/v_PommelHorse_g03_c04.avi,68,8,75,16,68,True,True,0.9712893962860107,0.05681513389572501,0.0036137544957455248,0.5292181130498648,239,8,8,8,False,
ucf101,val,v_PommelHorse_g03_c01,data/UCF101_data/UCF-101/PommelHorse/v_PommelHorse_g03_c01.avi,68,8,75,16,68,True,True,0.9766327142715454,0.05216390127316117,0.003878259187331423,0.9746992010623217,231,8,8,8,False,
ucf101,val,v_PommelHorse_g06_c02,data/UCF101_data/UCF-101/PommelHorse/v_PommelHorse_g06_c02.avi,68,8,75,16,68,True,True,0.972809910774231,0.01835171040147543,0.003878259187331423,0.920290132984519,298,8,8,8,False,
ucf101,val,v_PommelHorse_g07_c06,data/UCF101_data/UCF-101/PommelHorse/v_PommelHorse_g07_c06.avi,68,8,75,16,68,True,True,0.54630047082901,0.017289964016526937,0.003878259187331423,0.8998673744499683,670,8,8,8,False,
ucf101,val,v_PommelHorse_g04_c05,data/UCF101_data/UCF-101/PommelHorse/v_PommelHorse_g04_c05.avi,68,8,75,16,16,False,True,0.2601505517959595,0.015708804596215487,0.003878259187331423,0.8812134549953043,398,8,8,8,False,
ucf101,val,v_PullUps_g05_c01,data/UCF101_data/UCF-101/PullUps/v_PullUps_g05_c01.avi,69,8,75,16,69,True,True,0.9570274949073792,0.015617580153048038,0.003878259187331423,0.8644790495745838,174,8,8,8,False,
ucf101,val,v_PullUps_g02_c04,data/UCF101_data/UCF-101/PullUps/v_PullUps_g02_c04.avi,69,8,75,16,69,True,True,0.9310053586959839,0.01557416608557105,0.003878259187331423,0.8480581310577691,178,8,8,8,False,
ucf101,val,v_PullUps_g05_c04,data/UCF101_data/UCF-101/PullUps/v_PullUps_g05_c04.avi,69,8,75,16,74,False,True,0.6861496567726135,0.013259964995086193,0.003878259187331423,0.831556580029428,144,7,8,8,False,
ucf101,val,v_PullUps_g01_c02,data/UCF101_data/UCF-101/PullUps/v_PullUps_g01_c02.avi,69,8,75,16,74,False,False,0.28632327914237976,0.012906429823487997,0.003878259187331423,0.8175301817245781,138,7,8,8,False,
ucf101,val,v_PullUps_g06_c04,data/UCF101_data/UCF-101/PullUps/v_PullUps_g06_c04.avi,69,8,75,16,69,True,True,0.8928444981575012,0.014875315129756927,0.003878259187331423,0.8038316699676216,170,8,8,8,False,
ucf101,val,v_PullUps_g06_c02,data/UCF101_data/UCF-101/PullUps/v_PullUps_g06_c02.avi,69,8,75,16,74,False,True,0.3352751135826111,0.009962763171643019,0.003878259187331423,0.7878740839660168,87,5,8,8,False,
ucf101,val,v_PullUps_g07_c04,data/UCF101_data/UCF-101/PullUps/v_PullUps_g07_c04.avi,69,8,75,16,69,True,True,0.8186035752296448,0.009915126953274012,0.003878259187331423,0.7771030883304775,93,5,8,8,False,
ucf101,val,v_PullUps_g03_c02,data/UCF101_data/UCF-101/PullUps/v_PullUps_g03_c02.avi,69,8,75,16,69,True,True,0.9729883074760437,0.015200765803456306,0.003878259187331423,0.7663594027981162,208,8,8,8,False,
ucf101,val,v_PullUps_g04_c03,data/UCF101_data/UCF-101/PullUps/v_PullUps_g04_c03.avi,69,8,75,16,69,True,True,0.958189845085144,0.01445614080876112,0.003878259187331423,0.7503148540854454,154,8,8,8,False,
ucf101,val,v_PullUps_g01_c01,data/UCF101_data/UCF-101/PullUps/v_PullUps_g01_c01.avi,69,8,75,16,74,False,False,0.18206048011779785,0.01446952298283577,0.003878259187331423,0.7350502079352736,167,8,8,8,False,
ucf101,val,v_PullUps_g07_c01,data/UCF101_data/UCF-101/PullUps/v_PullUps_g07_c01.avi,69,8,75,16,69,True,True,0.9412530064582825,0.010009989608079195,0.003878259187331423,0.7197558670304716,98,5,8,8,False,
ucf101,val,v_PullUps_g04_c04,data/UCF101_data/UCF-101/PullUps/v_PullUps_g04_c04.avi,69,8,75,16,69,True,True,0.9643227458000183,0.01312295300886035,0.003878259187331423,0.7089363946579397,138,7,8,8,False,
ucf101,val,v_PullUps_g04_c01,data/UCF101_data/UCF-101/PullUps/v_PullUps_g04_c01.avi,69,8,75,16,69,True,True,0.9595465064048767,0.013281252235174179,0.003878259187331423,0.6948267840780318,141,7,8,8,False,
ucf101,val,v_PullUps_g02_c03,data/UCF101_data/UCF-101/PullUps/v_PullUps_g02_c03.avi,69,8,75,16,69,True,True,0.9527766704559326,0.012971002142876387,0.003878259187331423,0.6804247982800007,131,7,8,8,False,
ucf101,val,v_PullUps_g03_c03,data/UCF101_data/UCF-101/PullUps/v_PullUps_g03_c03.avi,69,8,75,16,69,True,True,0.9742164015769958,0.0148943942040205,0.003878259187331423,0.6666680569760501,203,8,8,8,False,
ucf101,val,v_PullUps_g05_c02,data/UCF101_data/UCF-101/PullUps/v_PullUps_g05_c02.avi,69,8,75,16,69,True,True,0.9743476510047913,0.011862014885991812,0.003878259187331423,0.6508858818560839,121,6,8,8,False,
ucf101,val,v_PullUps_g07_c03,data/UCF101_data/UCF-101/PullUps/v_PullUps_g07_c03.avi,69,8,75,16,69,True,True,0.9430967569351196,0.010281448252499104,0.003878259187331423,0.6381422360427678,93,5,8,8,False,
ucf101,val,v_PullUps_g03_c04,data/UCF101_data/UCF-101/PullUps/v_PullUps_g03_c04.avi,69,8,75,16,69,True,True,0.972022294998169,0.015698162838816643,0.003878259187331423,0.6268948167562485,249,8,8,8,False,
ucf101,val,v_PullUps_g06_c03,data/UCF101_data/UCF-101/PullUps/v_PullUps_g06_c03.avi,69,8,75,16,69,True,True,0.7573367953300476,0.010024019051343203,0.003878259187331423,0.6102448189631104,98,5,8,8,False,
ucf101,val,v_PullUps_g06_c01,data/UCF101_data/UCF-101/PullUps/v_PullUps_g06_c01.avi,69,8,75,16,69,True,True,0.5380508303642273,0.008521333802491426,0.003878259187331423,0.5993683072738349,84,4,8,8,False,
ucf101,val,v_Punch_g05_c03,data/UCF101_data/UCF-101/Punch/v_Punch_g05_c03.avi,70,8,75,16,70,True,True,0.9886026382446289,0.015928161796182394,0.003878259187331423,0.5900592510588467,300,8,8,8,False,
ucf101,val,v_Punch_g03_c01,data/UCF101_data/UCF-101/Punch/v_Punch_g03_c01.avi,70,8,75,16,70,True,True,0.9871007204055786,0.011575872078537941,0.003878259187331423,0.5730832740664482,108,6,8,8,False,
ucf101,val,v_Punch_g01_c05,data/UCF101_data/UCF-101/Punch/v_Punch_g01_c05.avi,70,8,75,16,70,True,True,0.9818412065505981,0.008731824345886707,0.003878259187331423,0.5607083193026483,71,4,8,8,False,
ucf101,val,v_Punch_g02_c04,data/UCF101_data/UCF-101/Punch/v_Punch_g02_c04.avi,70,8,75,16,70,True,True,0.7352695465087891,0.0072021191008389,0.003878259187331423,0.5512424539774656,55,3,8,8,False,
ucf101,val,v_Punch_g04_c05,data/UCF101_data/UCF-101/Punch/v_Punch_g04_c05.avi,70,8,75,16,70,True,True,0.9891369342803955,0.0151969357393682,0.003878259187331423,0.5433544749394059,198,8,8,8,False,
ucf101,val,v_Punch_g07_c07,data/UCF101_data/UCF-101/Punch/v_Punch_g07_c07.avi,70,8,75,16,70,True,True,0.9847079515457153,0.015233153942972422,0.003878259187331423,0.5271725477650762,300,8,8,8,False,
ucf101,val,v_Punch_g05_c07,data/UCF101_data/UCF-101/Punch/v_Punch_g05_c07.avi,70,8,75,16,70,True,True,0.9899818301200867,0.015478627756237984,0.003878259187331423,0.5110897370614111,300,8,8,8,False,
ucf101,val,v_Punch_g05_c01,data/UCF101_data/UCF-101/Punch/v_Punch_g05_c01.avi,70,8,75,16,70,True,True,0.9863699674606323,0.016003665048629045,0.003878259187331423,0.4947869381867349,300,8,8,8,False,
ucf101,val,v_Punch_g04_c02,data/UCF101_data/UCF-101/Punch/v_Punch_g04_c02.avi,70,8,75,16,70,True,True,0.9882566332817078,0.03859635395929217,0.004001957378932275,0.8988827527500689,300,8,8,8,False,
ucf101,val,v_Punch_g04_c04,data/UCF101_data/UCF-101/Punch/v_Punch_g04_c04.avi,70,8,75,16,70,True,True,0.9859045147895813,0.01842654589563608,0.004001957378932275,0.8587548369541764,300,8,8,8,False,
ucf101,val,v_Punch_g05_c02,data/UCF101_data/UCF-101/Punch/v_Punch_g05_c02.avi,70,8,75,16,70,True,True,0.988825261592865,0.015872717835009098,0.004001957378932275,0.8393735704012215,300,8,8,8,False,
ucf101,val,v_Punch_g04_c01,data/UCF101_data/UCF-101/Punch/v_Punch_g04_c01.avi,70,8,75,16,70,True,True,0.9889484643936157,0.01457295985892415,0.004001957378932275,0.8225774746388197,155,8,8,8,False,
ucf101,val,v_Punch_g01_c04,data/UCF101_data/UCF-101/Punch/v_Punch_g01_c04.avi,70,8,75,16,70,True,True,0.9791175127029419,0.010015079285949469,0.004001957378932275,0.8072128500789404,101,5,8,8,False,
ucf101,val,v_Punch_g06_c01,data/UCF101_data/UCF-101/Punch/v_Punch_g06_c01.avi,70,8,75,16,70,True,True,0.98763507604599,0.015601444989442825,0.004001957378932275,0.7961697787977755,300,8,8,8,False,
ucf101,val,v_Punch_g05_c05,data/UCF101_data/UCF-101/Punch/v_Punch_g05_c05.avi,70,8,75,16,70,True,True,0.9867792129516602,0.016235474962741137,0.004001957378932275,0.7797352559864521,300,8,8,8,False,
ucf101,val,v_Punch_g06_c02,data/UCF101_data/UCF-101/Punch/v_Punch_g06_c02.avi,70,8,75,16,70,True,True,0.9867190718650818,0.01543343672528863,0.004001957378932275,0.7626239550299942,300,8,8,8,False,
ucf101,val,v_Punch_g07_c02,data/UCF101_data/UCF-101/Punch/v_Punch_g07_c02.avi,70,8,75,16,70,True,True,0.9887529611587524,0.01558435196056962,0.004001957378932275,0.7463569063693285,292,8,8,8,False,
ucf101,val,v_Punch_g07_c01,data/UCF101_data/UCF-101/Punch/v_Punch_g07_c01.avi,70,8,75,16,70,True,True,0.9895050525665283,0.01553277438506484,0.004001957378932275,0.7298630708828568,300,8,8,8,False,
ucf101,val,v_Punch_g07_c03,data/UCF101_data/UCF-101/Punch/v_Punch_g07_c03.avi,70,8,75,16,70,True,True,0.9878303408622742,0.015495295636355877,0.004001957378932275,0.713284898083657,300,8,8,8,False,
ucf101,val,v_Punch_g02_c02,data/UCF101_data/UCF-101/Punch/v_Punch_g02_c02.avi,70,8,75,16,16,False,False,0.8628358840942383,0.011625546030700207,0.004001957378932275,0.696592700202018,110,6,8,8,False,
ucf101,val,v_PushUps_g04_c01,data/UCF101_data/UCF-101/PushUps/v_PushUps_g04_c01.avi,71,8,75,16,71,True,True,0.962919294834137,0.010337903164327145,0.004001957378932275,0.6840547313913703,91,5,8,8,False,
ucf101,val,v_PushUps_g04_c02,data/UCF101_data/UCF-101/PushUps/v_PushUps_g04_c02.avi,71,8,75,16,71,True,True,0.9396678805351257,0.010045040864497423,0.004001957378932275,0.6729080229997635,97,5,8,8,False,
ucf101,val,v_PushUps_g02_c03,data/UCF101_data/UCF-101/PushUps/v_PushUps_g02_c03.avi,71,8,75,16,71,True,True,0.9678179025650024,0.008568895049393177,0.004001957378932275,0.662105621304363,79,4,8,8,False,
ucf101,val,v_PushUps_g07_c04,data/UCF101_data/UCF-101/PushUps/v_PushUps_g07_c04.avi,71,8,75,16,71,True,True,0.9499151706695557,0.008450294379144907,0.004001957378932275,0.6527111548930407,77,4,8,8,False,
ucf101,val,v_PushUps_g03_c02,data/UCF101_data/UCF-101/PushUps/v_PushUps_g03_c02.avi,71,8,75,16,71,True,True,0.9523757100105286,0.007190768141299486,0.004001957378932275,0.6435186392627656,63,3,8,8,False,
ucf101,val,v_PushUps_g07_c03,data/UCF101_data/UCF-101/PushUps/v_PushUps_g07_c03.avi,71,8,75,16,71,True,True,0.963911235332489,0.00846176827326417,0.004001957378932275,0.635422594845295,78,4,8,8,False,
ucf101,val,v_PushUps_g03_c04,data/UCF101_data/UCF-101/PushUps/v_PushUps_g03_c04.avi,71,8,75,16,71,True,True,0.9327659010887146,0.008499826304614544,0.004001957378932275,0.6262042010203004,72,4,8,8,False,
ucf101,val,v_PushUps_g07_c01,data/UCF101_data/UCF-101/PushUps/v_PushUps_g07_c01.avi,71,8,75,16,71,True,True,0.9536013603210449,0.008407820016145706,0.004001957378932275,0.6169283650815487,74,4,8,8,False,
ucf101,val,v_PushUps_g01_c04,data/UCF101_data/UCF-101/PushUps/v_PushUps_g01_c04.avi,71,8,75,16,71,True,True,0.441942423582077,0.009985825046896935,0.004001957378932275,0.6077773901633918,104,5,8,8,False,
ucf101,val,v_PushUps_g06_c04,data/UCF101_data/UCF-101/PushUps/v_PushUps_g06_c04.avi,71,8,75,16,24,False,False,0.6659329533576965,0.008211051113903522,0.004001957378932275,0.5969602130353451,68,4,8,8,False,
ucf101,val,v_PushUps_g06_c01,data/UCF101_data/UCF-101/PushUps/v_PushUps_g06_c01.avi,71,8,75,16,38,False,False,0.1964980661869049,0.008487647864967585,0.004001957378932275,0.5880231596529484,85,4,8,8,False,
ucf101,val,v_PushUps_g05_c03,data/UCF101_data/UCF-101/PushUps/v_PushUps_g05_c03.avi,71,8,75,16,71,True,True,0.9602925777435303,0.013158476911485195,0.004001957378932275,0.5785461589694023,150,7,8,8,False,
ucf101,val,v_PushUps_g02_c04,data/UCF101_data/UCF-101/PushUps/v_PushUps_g02_c04.avi,71,8,75,16,71,True,True,0.9745079278945923,0.008704251144081354,0.004001957378932275,0.564606002997607,84,4,8,8,False,
ucf101,val,v_PushUps_g03_c03,data/UCF101_data/UCF-101/PushUps/v_PushUps_g03_c03.avi,71,8,75,16,71,True,True,0.9620516896247864,0.0073121096938848495,0.004001957378932275,0.5550921321846545,63,3,8,8,False,
ucf101,val,v_PushUps_g01_c05,data/UCF101_data/UCF-101/PushUps/v_PushUps_g01_c05.avi,71,8,75,16,71,True,True,0.9467841386795044,0.007349533028900623,0.004001957378932275,0.5469967359676957,63,3,8,8,False,
ucf101,val,v_PushUps_g05_c01,data/UCF101_data/UCF-101/PushUps/v_PushUps_g05_c01.avi,71,8,75,16,71,True,True,0.9658886790275574,0.013360186945647001,0.004001957378932275,0.5387315922416747,150,7,8,8,False,
ucf101,val,v_PushUps_g07_c02,data/UCF101_data/UCF-101/PushUps/v_PushUps_g07_c02.avi,71,8,75,16,71,True,True,0.9640254378318787,0.008788017090409994,0.004001957378932275,0.5246146912686527,77,4,8,8,False,
ucf101,val,v_PushUps_g01_c02,data/UCF101_data/UCF-101/PushUps/v_PushUps_g01_c02.avi,71,8,75,16,71,True,True,0.8853480219841003,0.007219978142529726,0.004001957378932275,0.5149895236827433,53,3,8,8,False,
ucf101,val,v_PushUps_g06_c02,data/UCF101_data/UCF-101/PushUps/v_PushUps_g06_c02.avi,71,8,75,16,34,False,False,0.20516058802604675,0.009090747218579054,0.004001957378932275,0.5070782867260277,81,4,8,8,False,
ucf101,val,v_PushUps_g04_c04,data/UCF101_data/UCF-101/PushUps/v_PushUps_g04_c04.avi,71,8,75,16,71,True,True,0.875164806842804,0.013503476977348328,0.004001957378932275,0.4972148099914193,130,7,8,8,False,
ucf101,val,v_Rafting_g01_c03,data/UCF101_data/UCF-101/Rafting/v_Rafting_g01_c03.avi,72,8,75,16,72,True,True,0.9772806763648987,0.04446851182729006,0.0035307081561768427,1.0678349900990725,248,8,8,8,False,
ucf101,val,v_Rafting_g04_c02,data/UCF101_data/UCF-101/Rafting/v_Rafting_g04_c02.avi,72,8,75,16,72,True,True,0.9864552021026611,0.015637835953384638,0.0035307081561768427,1.0206887810491025,270,8,8,8,False,
ucf101,val,v_Rafting_g01_c04,data/UCF101_data/UCF-101/Rafting/v_Rafting_g01_c04.avi,72,8,75,16,72,True,True,0.982315182685852,0.013582451734691858,0.0035307081561768427,1.0036689341068268,255,8,8,8,False,
ucf101,val,v_Rafting_g06_c04,data/UCF101_data/UCF-101/Rafting/v_Rafting_g06_c04.avi,72,8,75,16,72,True,True,0.9770490527153015,0.03369362186640501,0.0035307081561768427,0.9889038037508726,128,6,8,8,False,
ucf101,val,v_Rafting_g07_c01,data/UCF101_data/UCF-101/Rafting/v_Rafting_g07_c01.avi,72,8,75,16,72,True,True,0.97999507188797,0.014704820699989796,0.0035307081561768427,0.9524165438488126,236,8,8,8,False,
ucf101,val,v_Rafting_g03_c04,data/UCF101_data/UCF-101/Rafting/v_Rafting_g03_c04.avi,72,8,75,16,72,True,True,0.978209912776947,0.00887288898229599,0.0035307081561768427,0.9364786501973867,118,6,8,8,False,
ucf101,val,v_Rafting_g02_c01,data/UCF101_data/UCF-101/Rafting/v_Rafting_g02_c01.avi,72,8,75,16,48,False,True,0.6411019563674927,0.01298618782311678,0.0035307081561768427,0.9264649702236056,240,8,8,8,False,
ucf101,val,v_Rafting_g05_c02,data/UCF101_data/UCF-101/Rafting/v_Rafting_g05_c02.avi,72,8,75,16,72,True,True,0.9782057404518127,0.008701181970536709,0.0035307081561768427,0.9122426309622824,124,6,8,8,False,
ucf101,val,v_Rafting_g01_c02,data/UCF101_data/UCF-101/Rafting/v_Rafting_g01_c02.avi,72,8,75,16,72,True,True,0.9721704721450806,0.011898899916559458,0.0035307081561768427,0.9025551937520504,213,8,8,8,False,
ucf101,val,v_Rafting_g05_c03,data/UCF101_data/UCF-101/Rafting/v_Rafting_g05_c03.avi,72,8,75,16,72,True,True,0.9613800048828125,0.028251266106963158,0.0035307081561768427,0.8896373840980232,108,6,8,8,False,
ucf101,val,v_Rafting_g06_c01,data/UCF101_data/UCF-101/Rafting/v_Rafting_g06_c01.avi,72,8,75,16,72,True,True,0.9772889018058777,0.014664378948509693,0.0035307081561768427,0.8588315891101956,253,8,8,8,False,
ucf101,val,v_Rafting_g03_c03,data/UCF101_data/UCF-101/Rafting/v_Rafting_g03_c03.avi,72,8,75,16,72,True,True,0.9851922988891602,0.008813431952148676,0.0035307081561768427,0.8427294441498816,112,6,8,8,False,
ucf101,val,v_Rafting_g07_c02,data/UCF101_data/UCF-101/Rafting/v_Rafting_g07_c02.avi,72,8,75,16,72,True,True,0.921555757522583,0.014703937340527773,0.0035307081561768427,0.8329505012370646,245,8,8,8,False,
ucf101,val,v_Rafting_g02_c03,data/UCF101_data/UCF-101/Rafting/v_Rafting_g02_c03.avi,72,8,75,16,48,False,True,0.7973954677581787,0.012182291131466627,0.0035307081561768427,0.8164811609312892,233,8,8,8,False,
ucf101,val,v_Rafting_g02_c02,data/UCF101_data/UCF-101/Rafting/v_Rafting_g02_c02.avi,72,8,75,16,72,True,True,0.40750545263290405,0.012855478096753359,0.0035307081561768427,0.803207207005471,251,8,8,8,False,
ucf101,val,v_Rafting_g05_c01,data/UCF101_data/UCF-101/Rafting/v_Rafting_g05_c01.avi,72,8,75,16,72,True,True,0.9731099605560303,0.023102328181266785,0.0035307081561768427,0.7893129726871848,101,5,8,8,False,
ucf101,val,v_Rafting_g04_c03,data/UCF101_data/UCF-101/Rafting/v_Rafting_g04_c03.avi,72,8,75,16,72,True,True,0.97719806432724,0.03348254179582,0.0035307081561768427,0.763363687787205,144,7,8,8,False,
ucf101,val,v_Rafting_g01_c01,data/UCF101_data/UCF-101/Rafting/v_Rafting_g01_c01.avi,72,8,75,16,72,True,True,0.9834532141685486,0.013745896983891726,0.0035307081561768427,0.7270276029594243,233,8,8,8,False,
ucf101,val,v_Rafting_g06_c02,data/UCF101_data/UCF-101/Rafting/v_Rafting_g06_c02.avi,72,8,75,16,72,True,True,0.9778816103935242,0.02885004924610257,0.0035307081561768427,0.7121400069445372,105,5,8,8,False,
ucf101,val,v_Rafting_g03_c02,data/UCF101_data/UCF-101/Rafting/v_Rafting_g03_c02.avi,72,8,75,16,72,True,True,0.9488308429718018,0.009495143312960863,0.0035307081561768427,0.6797065581195056,118,6,8,8,False,
ucf101,val,v_RockClimbingIndoor_g05_c02,data/UCF101_data/UCF-101/RockClimbingIndoor/v_RockClimbingIndoor_g05_c02.avi,73,8,75,16,74,False,False,0.939543604850769,0.017341366969048977,0.0035307081561768427,0.6692591081373394,344,8,8,8,False,
ucf101,val,v_RockClimbingIndoor_g02_c02,data/UCF101_data/UCF-101/RockClimbingIndoor/v_RockClimbingIndoor_g02_c02.avi,73,8,75,16,73,True,True,0.9851123690605164,0.0162907219491899,0.0035307081561768427,0.6508970027789474,354,8,8,8,False,
ucf101,val,v_RockClimbingIndoor_g07_c03,data/UCF101_data/UCF-101/RockClimbingIndoor/v_RockClimbingIndoor_g07_c03.avi,73,8,75,16,73,True,True,0.9858255982398987,0.014052246697247028,0.0035307081561768427,0.6337671638466418,458,8,8,8,False,
ucf101,val,v_RockClimbingIndoor_g06_c06,data/UCF101_data/UCF-101/RockClimbingIndoor/v_RockClimbingIndoor_g06_c06.avi,73,8,75,16,73,True,True,0.9853493571281433,0.01738858176395297,0.0035307081561768427,0.618838650174439,502,8,8,8,False,
ucf101,val,v_RockClimbingIndoor_g03_c04,data/UCF101_data/UCF-101/RockClimbingIndoor/v_RockClimbingIndoor_g03_c04.avi,73,8,75,16,73,True,True,0.9821684956550598,0.015932380221784115,0.0035307081561768427,0.60065499227494,300,8,8,8,False,
ucf101,val,v_RockClimbingIndoor_g02_c05,data/UCF101_data/UCF-101/RockClimbingIndoor/v_RockClimbingIndoor_g02_c05.avi,73,8,75,16,73,True,True,0.9853899478912354,0.01556011801585555,0.0035307081561768427,0.5838049529120326,310,8,8,8,False,
ucf101,val,v_RockClimbingIndoor_g06_c04,data/UCF101_data/UCF-101/RockClimbingIndoor/v_RockClimbingIndoor_g06_c04.avi,73,8,75,16,73,True,True,0.984978973865509,0.015391930006444454,0.0035307081561768427,0.5671993936412036,313,8,8,8,False,
ucf101,val,v_RockClimbingIndoor_g03_c05,data/UCF101_data/UCF-101/RockClimbingIndoor/v_RockClimbingIndoor_g03_c05.avi,73,8,75,16,73,True,True,0.9850364923477173,0.015538040082901716,0.0035307081561768427,0.5510150450281799,293,8,8,8,False,
ucf101,val,v_RockClimbingIndoor_g07_c06,data/UCF101_data/UCF-101/RockClimbingIndoor/v_RockClimbingIndoor_g07_c06.avi,73,8,75,16,73,True,True,0.9857878684997559,0.016441643238067627,0.0035307081561768427,0.534701026044786,411,8,8,8,False,
ucf101,val,v_RockClimbingIndoor_g07_c07,data/UCF101_data/UCF-101/RockClimbingIndoor/v_RockClimbingIndoor_g07_c07.avi,73,8,75,16,73,True,True,0.9848509430885315,0.01587143586948514,0.0035307081561768427,0.5173526359722018,428,8,8,8,False,
ucf101,val,v_RockClimbingIndoor_g06_c01,data/UCF101_data/UCF-101/RockClimbingIndoor/v_RockClimbingIndoor_g06_c01.avi,73,8,75,16,73,True,True,0.893198549747467,0.01580959279090166,0.0035307081561768427,0.5005973181687295,312,8,8,8,False,
ucf101,val,v_RockClimbingIndoor_g04_c01,data/UCF101_data/UCF-101/RockClimbingIndoor/v_RockClimbingIndoor_g04_c01.avi,73,8,75,16,73,True,True,0.9847721457481384,0.017579026985913515,0.0035307081561768427,0.48394049471244216,844,8,8,8,False,
ucf101,val,v_RockClimbingIndoor_g03_c02,data/UCF101_data/UCF-101/RockClimbingIndoor/v_RockClimbingIndoor_g03_c02.avi,73,8,75,16,73,True,True,0.9595891237258911,0.03381360275670886,0.0036644082865677774,1.0302506820298731,298,8,8,8,False,
ucf101,val,v_RockClimbingIndoor_g01_c04,data/UCF101_data/UCF-101/RockClimbingIndoor/v_RockClimbingIndoor_g01_c04.avi,73,8,75,16,73,True,True,0.9731382131576538,0.019823936745524406,0.0036644082865677774,0.9945284831337631,544,8,8,8,False,
ucf101,val,v_RockClimbingIndoor_g05_c04,data/UCF101_data/UCF-101/RockClimbingIndoor/v_RockClimbingIndoor_g05_c04.avi,73,8,75,16,73,True,True,0.9811447262763977,0.016728709917515516,0.0036644082865677774,0.9729204489849508,382,8,8,8,False,
ucf101,val,v_RockClimbingIndoor_g02_c04,data/UCF101_data/UCF-101/RockClimbingIndoor/v_RockClimbingIndoor_g02_c04.avi,73,8,75,16,73,True,True,0.9832600951194763,0.01598233124241233,0.0036644082865677774,0.9553290801122785,290,8,8,8,False,
ucf101,val,v_RockClimbingIndoor_g04_c02,data/UCF101_data/UCF-101/RockClimbingIndoor/v_RockClimbingIndoor_g04_c02.avi,73,8,75,16,73,True,True,0.9841533303260803,0.01822480419650674,0.0036644082865677774,0.9384844447486103,814,8,8,8,False,
ucf101,val,v_RockClimbingIndoor_g02_c03,data/UCF101_data/UCF-101/RockClimbingIndoor/v_RockClimbingIndoor_g02_c03.avi,73,8,75,16,73,True,True,0.9822075963020325,0.016377496998757124,0.0036644082865677774,0.9190234220586717,300,8,8,8,False,
ucf101,val,v_RockClimbingIndoor_g07_c05,data/UCF101_data/UCF-101/RockClimbingIndoor/v_RockClimbingIndoor_g07_c05.avi,73,8,75,16,73,True,True,0.986825168132782,0.016633140854537487,0.0036644082865677774,0.9018022599630058,442,8,8,8,False,
ucf101,val,v_RockClimbingIndoor_g06_c03,data/UCF101_data/UCF-101/RockClimbingIndoor/v_RockClimbingIndoor_g06_c03.avi,73,8,75,16,73,True,True,0.9861806035041809,0.016940706875175238,0.0036644082865677774,0.8840831690467894,312,8,8,8,False,
ucf101,val,v_RopeClimbing_g01_c02,data/UCF101_data/UCF-101/RopeClimbing/v_RopeClimbing_g01_c02.avi,74,8,75,16,74,True,True,0.9493148922920227,0.015451420098543167,0.0036644082865677774,0.8660578541457653,170,8,8,8,False,
ucf101,val,v_RopeClimbing_g04_c04,data/UCF101_data/UCF-101/RopeClimbing/v_RopeClimbing_g04_c04.avi,74,8,75,16,74,True,True,0.9551078081130981,0.015047348104417324,0.0036644082865677774,0.8497784892097116,155,8,8,8,False,
ucf101,val,v_RopeClimbing_g07_c05,data/UCF101_data/UCF-101/RopeClimbing/v_RopeClimbing_g07_c05.avi,74,8,75,16,74,True,True,0.7124489545822144,0.01548418402671814,0.0036644082865677774,0.8339050780050457,195,8,8,8,False,
ucf101,val,v_RopeClimbing_g02_c02,data/UCF101_data/UCF-101/RopeClimbing/v_RopeClimbing_g02_c02.avi,74,8,75,16,74,True,True,0.9767876267433167,0.015148445032536983,0.0036644082865677774,0.8172272588126361,151,8,8,8,False,
ucf101,val,v_RopeClimbing_g02_c05,data/UCF101_data/UCF-101/RopeClimbing/v_RopeClimbing_g02_c05.avi,74,8,75,16,74,True,True,0.9727228283882141,0.015130579937249422,0.0036644082865677774,0.8009174950420856,154,8,8,8,False,
ucf101,val,v_RopeClimbing_g05_c05,data/UCF101_data/UCF-101/RopeClimbing/v_RopeClimbing_g05_c05.avi,74,8,75,16,74,True,True,0.797360897064209,0.015114265028387308,0.0036644082865677774,0.7849135119467974,175,8,8,8,False,
ucf101,val,v_RopeClimbing_g05_c07,data/UCF101_data/UCF-101/RopeClimbing/v_RopeClimbing_g05_c07.avi,74,8,75,16,74,True,True,0.7273404002189636,0.015464118216186762,0.0036644082865677774,0.7688648379407823,157,8,8,8,False,
ucf101,val,v_RopeClimbing_g02_c06,data/UCF101_data/UCF-101/RopeClimbing/v_RopeClimbing_g02_c06.avi,74,8,75,16,74,True,True,0.9754533171653748,0.015570031944662333,0.0036644082865677774,0.7523468239232898,186,8,8,8,False,
ucf101,val,v_RopeClimbing_g03_c01,data/UCF101_data/UCF-101/RopeClimbing/v_RopeClimbing_g03_c01.avi,74,8,75,16,74,True,True,0.7077240347862244,0.015479098074138165,0.0036644082865677774,0.7354601789265871,153,8,8,8,False,
ucf101,val,v_RopeClimbing_g03_c02,data/UCF101_data/UCF-101/RopeClimbing/v_RopeClimbing_g03_c02.avi,74,8,75,16,74,True,True,0.9560043215751648,0.014906496740877628,0.0036644082865677774,0.719145474024117,152,8,8,8,False,
ucf101,val,v_RopeClimbing_g01_c01,data/UCF101_data/UCF-101/RopeClimbing/v_RopeClimbing_g01_c01.avi,74,8,75,16,37,False,True,0.5617092251777649,0.014855923131108284,0.0036644082865677774,0.7030710261315107,161,8,8,8,False,
ucf101,val,v_RopeClimbing_g07_c02,data/UCF101_data/UCF-101/RopeClimbing/v_RopeClimbing_g07_c02.avi,74,8,75,16,74,True,True,0.7672853469848633,0.015018280129879713,0.0036644082865677774,0.6874277647584677,206,8,8,8,False,
ucf101,val,v_RopeClimbing_g02_c01,data/UCF101_data/UCF-101/RopeClimbing/v_RopeClimbing_g02_c01.avi,74,8,75,16,74,True,True,0.9760713577270508,0.01433466887101531,0.0036644082865677774,0.671519820112735,152,8,8,8,False,
ucf101,val,v_RopeClimbing_g05_c01,data/UCF101_data/UCF-101/RopeClimbing/v_RopeClimbing_g05_c01.avi,74,8,75,16,74,True,True,0.9611554145812988,0.01519308565184474,0.0036644082865677774,0.6561736580915749,156,8,8,8,False,
ucf101,val,v_RopeClimbing_g03_c03,data/UCF101_data/UCF-101/RopeClimbing/v_RopeClimbing_g03_c03.avi,74,8,75,16,74,True,True,0.9478033185005188,0.015042535960674286,0.0036644082865677774,0.6402164530009031,166,8,8,8,False,
ucf101,val,v_RopeClimbing_g01_c03,data/UCF101_data/UCF-101/RopeClimbing/v_RopeClimbing_g01_c03.avi,74,8,75,16,74,True,True,0.36343252658843994,0.01522741699591279,0.0036644082865677774,0.6243446869775653,159,8,8,8,False,
ucf101,val,v_RopeClimbing_g05_c04,data/UCF101_data/UCF-101/RopeClimbing/v_RopeClimbing_g05_c04.avi,74,8,75,16,74,True,True,0.7265080809593201,0.014883092138916254,0.0036644082865677774,0.6083075241185725,166,8,8,8,False,
ucf101,val,v_RopeClimbing_g05_c06,data/UCF101_data/UCF-101/RopeClimbing/v_RopeClimbing_g05_c06.avi,74,8,75,16,74,True,True,0.9450563192367554,0.015069420915096998,0.0036644082865677774,0.5923446258530021,188,8,8,8,False,
ucf101,val,v_RopeClimbing_g05_c03,data/UCF101_data/UCF-101/RopeClimbing/v_RopeClimbing_g05_c03.avi,74,8,75,16,74,True,True,0.917447030544281,0.015027436893433332,0.0036644082865677774,0.5763310049660504,166,8,8,8,False,
ucf101,val,v_RopeClimbing_g06_c03,data/UCF101_data/UCF-101/RopeClimbing/v_RopeClimbing_g06_c03.avi,74,8,75,16,74,True,True,0.9725659489631653,0.015248196199536324,0.0036644082865677774,0.5604952089488506,159,8,8,8,False,
ucf101,val,v_Rowing_g07_c03,data/UCF101_data/UCF-101/Rowing/v_Rowing_g07_c03.avi,75,8,75,16,52,False,True,0.7435533404350281,0.015889835078269243,0.0036644082865677774,0.5442675771191716,266,8,8,8,False,
ucf101,val,v_Rowing_g03_c04,data/UCF101_data/UCF-101/Rowing/v_Rowing_g03_c04.avi,75,8,75,16,75,True,True,0.9757921695709229,0.017674586735665798,0.0036644082865677774,0.5271317851729691,500,8,8,8,False,
ucf101,val,v_Rowing_g05_c02,data/UCF101_data/UCF-101/Rowing/v_Rowing_g05_c02.avi,75,8,75,16,75,True,True,0.9591327905654907,0.016140532679855824,0.0036644082865677774,0.5077041969634593,342,8,8,8,False,
ucf101,val,v_Rowing_g05_c04,data/UCF101_data/UCF-101/Rowing/v_Rowing_g05_c04.avi,75,8,75,16,75,True,True,0.8670674562454224,0.018077983055263758,0.0036644082865677774,0.4905098476447165,426,8,8,8,False,
ucf101,val,v_Rowing_g06_c03,data/UCF101_data/UCF-101/Rowing/v_Rowing_g06_c03.avi,75,8,75,16,75,True,True,0.9191029667854309,0.03645240003243089,0.003918290283763781,1.0368540813215077,307,8,8,8,False,
ucf101,val,v_Rowing_g03_c01,data/UCF101_data/UCF-101/Rowing/v_Rowing_g03_c01.avi,75,8,75,16,75,True,True,0.9774017333984375,0.01708421390503645,0.003918290283763781,0.9980083201080561,377,8,8,8,False,
ucf101,val,v_Rowing_g02_c02,data/UCF101_data/UCF-101/Rowing/v_Rowing_g02_c02.avi,75,8,75,16,75,True,True,0.9305706024169922,0.016241032630205154,0.003918290283763781,0.9799093157052994,374,8,8,8,False,
ucf101,val,v_Rowing_g03_c02,data/UCF101_data/UCF-101/Rowing/v_Rowing_g03_c02.avi,75,8,75,16,75,True,True,0.9772211313247681,0.01644312124699354,0.003918290283763781,0.962633553892374,481,8,8,8,False,
ucf101,val,v_Rowing_g02_c06,data/UCF101_data/UCF-101/Rowing/v_Rowing_g02_c06.avi,75,8,75,16,75,True,True,0.6684314012527466,0.015829692129045725,0.003918290283763781,0.9452450503595173,290,8,8,8,False,
ucf101,val,v_Rowing_g05_c01,data/UCF101_data/UCF-101/Rowing/v_Rowing_g05_c01.avi,75,8,75,16,75,True,True,0.9479882717132568,0.01604144088923931,0.003918290283763781,0.9280224167741835,326,8,8,8,False,
ucf101,val,v_Rowing_g06_c04,data/UCF101_data/UCF-101/Rowing/v_Rowing_g06_c04.avi,75,8,75,16,75,True,True,0.7724035382270813,0.016534379217773676,0.003918290283763781,0.9108204217627645,292,8,8,8,False,
ucf101,val,v_Rowing_g07_c05,data/UCF101_data/UCF-101/Rowing/v_Rowing_g07_c05.avi,75,8,75,16,75,True,True,0.6415225267410278,0.016371032688766718,0.003918290283763781,0.893306840211153,345,8,8,8,False,
ucf101,val,v_Rowing_g04_c02,data/UCF101_data/UCF-101/Rowing/v_Rowing_g04_c02.avi,75,8,75,16,75,True,True,0.900645911693573,0.0156106511130929,0.003918290283763781,0.8759309342131019,297,8,8,8,False,
ucf101,val,v_Rowing_g04_c03,data/UCF101_data/UCF-101/Rowing/v_Rowing_g04_c03.avi,75,8,75,16,75,True,True,0.5084047913551331,0.015777749940752983,0.003918290283763781,0.8594842771999538,307,8,8,8,False,
ucf101,val,v_Rowing_g01_c03,data/UCF101_data/UCF-101/Rowing/v_Rowing_g01_c03.avi,75,8,75,16,75,True,True,0.8988209962844849,0.015164687763899565,0.003918290283763781,0.8427673256956041,227,8,8,8,False,
ucf101,val,v_Rowing_g01_c02,data/UCF101_data/UCF-101/Rowing/v_Rowing_g01_c02.avi,75,8,75,16,75,True,True,0.9626853466033936,0.015543203335255384,0.003918290283763781,0.8263950678519905,301,8,8,8,False,
ucf101,val,v_Rowing_g02_c01,data/UCF101_data/UCF-101/Rowing/v_Rowing_g02_c01.avi,75,8,75,16,75,True,True,0.9709940552711487,0.017580463085323572,0.003918290283763781,0.8100136271677911,359,8,8,8,False,
ucf101,val,v_Rowing_g07_c01,data/UCF101_data/UCF-101/Rowing/v_Rowing_g07_c01.avi,75,8,75,16,75,True,True,0.8800691366195679,0.015550748910754919,0.003918290283763781,0.7912915260531008,188,8,8,8,False,
ucf101,val,v_Rowing_g04_c04,data/UCF101_data/UCF-101/Rowing/v_Rowing_g04_c04.avi,75,8,75,16,75,True,True,0.5637867450714111,0.016834852751344442,0.003918290283763781,0.7748952601104975,294,8,8,8,False,
ucf101,val,v_Rowing_g04_c05,data/UCF101_data/UCF-101/Rowing/v_Rowing_g04_c05.avi,75,8,75,16,75,True,True,0.8366774916648865,0.01636148989200592,0.003918290283763781,0.7572435620240867,300,8,8,8,False,
ucf101,val,v_SalsaSpin_g03_c04,data/UCF101_data/UCF-101/SalsaSpin/v_SalsaSpin_g03_c04.avi,76,8,75,16,76,True,True,0.9872779846191406,0.015694377943873405,0.003918290283763781,0.7400231938809156,168,8,8,8,False,
ucf101,val,v_SalsaSpin_g05_c03,data/UCF101_data/UCF-101/SalsaSpin/v_SalsaSpin_g05_c03.avi,76,8,75,16,76,True,True,0.9872934818267822,0.014888717327266932,0.003918290283763781,0.7233410980552435,200,8,8,8,False,
ucf101,val,v_SalsaSpin_g05_c02,data/UCF101_data/UCF-101/SalsaSpin/v_SalsaSpin_g05_c02.avi,76,8,75,16,76,True,True,0.9856681823730469,0.014855819754302502,0.003918290283763781,0.7076281728222966,200,8,8,8,False,
ucf101,val,v_SalsaSpin_g05_c06,data/UCF101_data/UCF-101/SalsaSpin/v_SalsaSpin_g05_c06.avi,76,8,75,16,76,True,True,0.9834818243980408,0.015157305635511875,0.003918290283763781,0.6919381669722497,200,8,8,8,False,
ucf101,val,v_SalsaSpin_g07_c02,data/UCF101_data/UCF-101/SalsaSpin/v_SalsaSpin_g07_c02.avi,76,8,75,16,76,True,True,0.9824203252792358,0.015119874849915504,0.003918290283763781,0.6759779960848391,167,8,8,8,False,
ucf101,val,v_SalsaSpin_g07_c05,data/UCF101_data/UCF-101/SalsaSpin/v_SalsaSpin_g07_c05.avi,76,8,75,16,76,True,True,0.981609046459198,0.015558857936412096,0.003918290283763781,0.6599968033842742,167,8,8,8,False,
ucf101,val,v_SalsaSpin_g05_c01,data/UCF101_data/UCF-101/SalsaSpin/v_SalsaSpin_g05_c01.avi,76,8,75,16,76,True,True,0.9852729439735413,0.01486704871058464,0.003918290283763781,0.6436294023878872,200,8,8,8,False,
ucf101,val,v_SalsaSpin_g07_c06,data/UCF101_data/UCF-101/SalsaSpin/v_SalsaSpin_g07_c06.avi,76,8,75,16,76,True,True,0.9640488028526306,0.01612619822844863,0.003918290283763781,0.6278078118339181,167,8,8,8,False,
ucf101,val,v_SalsaSpin_g02_c07,data/UCF101_data/UCF-101/SalsaSpin/v_SalsaSpin_g02_c07.avi,76,8,75,16,76,True,True,0.9722200036048889,0.015778338070958853,0.003918290283763781,0.6106835110113025,333,8,8,8,False,
ucf101,val,v_SalsaSpin_g06_c01,data/UCF101_data/UCF-101/SalsaSpin/v_SalsaSpin_g06_c01.avi,76,8,75,16,76,True,True,0.9808813333511353,0.015338931698352098,0.003918290283763781,0.5939855189062655,167,8,8,8,False,
ucf101,val,v_SalsaSpin_g02_c01,data/UCF101_data/UCF-101/SalsaSpin/v_SalsaSpin_g02_c01.avi,76,8,75,16,76,True,True,0.2745715081691742,0.015750855207443237,0.003918290283763781,0.5778008620254695,333,8,8,8,False,
ucf101,val,v_SalsaSpin_g04_c03,data/UCF101_data/UCF-101/SalsaSpin/v_SalsaSpin_g04_c03.avi,76,8,75,16,76,True,True,0.9835995435714722,0.015923090744763613,0.003918290283763781,0.5612155240960419,333,8,8,8,False,
ucf101,val,v_SalsaSpin_g06_c03,data/UCF101_data/UCF-101/SalsaSpin/v_SalsaSpin_g06_c03.avi,76,8,75,16,76,True,True,0.986845850944519,0.01498357206583023,0.003918290283763781,0.5444918819703162,167,8,8,8,False,
ucf101,val,v_SalsaSpin_g01_c04,data/UCF101_data/UCF-101/SalsaSpin/v_SalsaSpin_g01_c04.avi,76,8,75,16,76,True,True,0.9608197808265686,0.01511680195108056,0.003918290283763781,0.5286357132717967,167,8,8,8,False,
ucf101,val,v_SalsaSpin_g02_c03,data/UCF101_data/UCF-101/SalsaSpin/v_SalsaSpin_g02_c03.avi,76,8,75,16,76,True,True,0.8925166726112366,0.01582057075574994,0.003918290283763781,0.5126764238812029,333,8,8,8,False,
ucf101,val,v_SalsaSpin_g04_c02,data/UCF101_data/UCF-101/SalsaSpin/v_SalsaSpin_g04_c02.avi,76,8,75,16,76,True,True,0.800165593624115,0.016855261754244566,0.003918290283763781,0.4957202789373696,333,8,8,8,False,
ucf101,val,v_SalsaSpin_g07_c04,data/UCF101_data/UCF-101/SalsaSpin/v_SalsaSpin_g07_c04.avi,76,8,75,16,76,True,True,0.9731886982917786,0.03481409605592489,0.003936552471714094,0.9864619420841336,167,8,8,8,False,
ucf101,val,v_SalsaSpin_g03_c05,data/UCF101_data/UCF-101/SalsaSpin/v_SalsaSpin_g03_c05.avi,76,8,75,16,76,True,True,0.9787439703941345,0.015622911974787712,0.003936552471714094,0.9496523686684668,168,8,8,8,False,
ucf101,val,v_SalsaSpin_g03_c02,data/UCF101_data/UCF-101/SalsaSpin/v_SalsaSpin_g03_c02.avi,76,8,75,16,76,True,True,0.987297773361206,0.014990705996751785,0.003936552471714094,0.9329913589172065,168,8,8,8,False,
ucf101,val,v_SalsaSpin_g03_c03,data/UCF101_data/UCF-101/SalsaSpin/v_SalsaSpin_g03_c03.avi,76,8,75,16,76,True,True,0.9877002239227295,0.014632164966315031,0.003936552471714094,0.9171984079293907,168,8,8,8,False,
ucf101,val,v_ShavingBeard_g07_c07,data/UCF101_data/UCF-101/ShavingBeard/v_ShavingBeard_g07_c07.avi,77,8,75,16,38,False,True,0.7101483941078186,0.018730957061052322,0.003936552471714094,0.9017332978546619,386,8,8,8,False,
ucf101,val,v_ShavingBeard_g04_c02,data/UCF101_data/UCF-101/ShavingBeard/v_ShavingBeard_g04_c02.avi,77,8,75,16,77,True,True,0.9437724351882935,0.01083645410835743,0.003936552471714094,0.8816880290396512,178,8,8,8,False,
ucf101,val,v_ShavingBeard_g01_c03,data/UCF101_data/UCF-101/ShavingBeard/v_ShavingBeard_g01_c03.avi,77,8,75,16,77,True,True,0.9692996740341187,0.009568313602358103,0.003936552471714094,0.8698375569656491,130,7,8,8,False,
ucf101,val,v_ShavingBeard_g03_c04,data/UCF101_data/UCF-101/ShavingBeard/v_ShavingBeard_g03_c04.avi,77,8,75,16,77,True,True,0.9729380011558533,0.007817300036549568,0.003936552471714094,0.8591159251518548,106,5,8,8,False,
ucf101,val,v_ShavingBeard_g05_c04,data/UCF101_data/UCF-101/ShavingBeard/v_ShavingBeard_g05_c04.avi,77,8,75,16,77,True,True,0.9617320895195007,0.022948401980102062,0.003936552471714094,0.8503924030810595,500,8,8,8,False,
ucf101,val,v_ShavingBeard_g01_c04,data/UCF101_data/UCF-101/ShavingBeard/v_ShavingBeard_g01_c04.avi,77,8,75,16,77,True,True,0.4846576750278473,0.007683111354708672,0.003936552471714094,0.8254355010576546,91,5,8,8,False,
ucf101,val,v_ShavingBeard_g01_c01,data/UCF101_data/UCF-101/ShavingBeard/v_ShavingBeard_g01_c01.avi,77,8,75,16,77,True,True,0.8997483253479004,0.008619401138275862,0.003936552471714094,0.8168467390350997,127,6,8,8,False,
ucf101,val,v_ShavingBeard_g03_c03,data/UCF101_data/UCF-101/ShavingBeard/v_ShavingBeard_g03_c03.avi,77,8,75,16,77,True,True,0.9810437560081482,0.007919314783066511,0.003936552471714094,0.8072957396507263,105,5,8,8,False,
ucf101,val,v_ShavingBeard_g07_c06,data/UCF101_data/UCF-101/ShavingBeard/v_ShavingBeard_g07_c06.avi,77,8,75,16,33,False,True,0.26887571811676025,0.019571030978113413,0.003936552471714094,0.7983996961265802,386,8,8,8,False,
ucf101,val,v_ShavingBeard_g06_c07,data/UCF101_data/UCF-101/ShavingBeard/v_ShavingBeard_g06_c07.avi,77,8,75,16,33,False,True,0.4822421371936798,0.0128820207901299,0.003936552471714094,0.7761754277162254,251,8,8,8,False,
ucf101,val,v_ShavingBeard_g02_c05,data/UCF101_data/UCF-101/ShavingBeard/v_ShavingBeard_g02_c05.avi,77,8,75,16,77,True,True,0.9582749009132385,0.010624054819345474,0.003936552471714094,0.7622501961886883,179,8,8,8,False,
ucf101,val,v_ShavingBeard_g03_c06,data/UCF101_data/UCF-101/ShavingBeard/v_ShavingBeard_g03_c06.avi,77,8,75,16,77,True,True,0.9854376316070557,0.009278275072574615,0.003936552471714094,0.7506471336819232,149,7,8,8,False,
ucf101,val,v_ShavingBeard_g02_c06,data/UCF101_data/UCF-101/ShavingBeard/v_ShavingBeard_g02_c06.avi,77,8,75,16,77,True,True,0.8113597631454468,0.011114667169749737,0.003936552471714094,0.7402929686941206,203,8,8,8,False,
ucf101,val,v_ShavingBeard_g02_c07,data/UCF101_data/UCF-101/ShavingBeard/v_ShavingBeard_g02_c07.avi,77,8,75,16,77,True,True,0.974143385887146,0.012773204129189253,0.003936552471714094,0.7281329790130258,250,8,8,8,False,
ucf101,val,v_ShavingBeard_g07_c02,data/UCF101_data/UCF-101/ShavingBeard/v_ShavingBeard_g07_c02.avi,77,8,75,16,38,False,True,0.4915722608566284,0.011824407614767551,0.003936552471714094,0.7142346580512822,231,8,8,8,False,
ucf101,val,v_ShavingBeard_g07_c01,data/UCF101_data/UCF-101/ShavingBeard/v_ShavingBeard_g07_c01.avi,77,8,75,16,17,False,True,0.3584895730018616,0.012049523182213306,0.003936552471714094,0.7013060608878732,229,8,8,8,False,
ucf101,val,v_ShavingBeard_g03_c05,data/UCF101_data/UCF-101/ShavingBeard/v_ShavingBeard_g03_c05.avi,77,8,75,16,77,True,True,0.9684371948242188,0.010856560431420803,0.003936552471714094,0.6882464508526027,183,8,8,8,False,
ucf101,val,v_ShavingBeard_g05_c02,data/UCF101_data/UCF-101/ShavingBeard/v_ShavingBeard_g05_c02.avi,77,8,75,16,77,True,True,0.9546927213668823,0.0319367740303278,0.003936552471714094,0.6762318760156631,507,8,8,8,False,
ucf101,val,v_ShavingBeard_g06_c05,data/UCF101_data/UCF-101/ShavingBeard/v_ShavingBeard_g06_c05.avi,77,8,75,16,77,True,True,0.4538261592388153,0.016996396705508232,0.003936552471714094,0.6420909217558801,359,8,8,8,False,
ucf101,val,v_ShavingBeard_g02_c02,data/UCF101_data/UCF-101/ShavingBeard/v_ShavingBeard_g02_c02.avi,77,8,75,16,77,True,True,0.4764333665370941,0.011437340173870325,0.003936552471714094,0.6238261312246323,193,8,8,8,False,
ucf101,val,v_Shotput_g02_c02,data/UCF101_data/UCF-101/Shotput/v_Shotput_g02_c02.avi,78,8,75,16,6,False,True,0.4504151940345764,0.00798061303794384,0.003936552471714094,0.6113862311467528,90,5,8,8,False,
ucf101,val,v_Shotput_g04_c05,data/UCF101_data/UCF-101/Shotput/v_Shotput_g04_c05.avi,78,8,75,16,78,True,True,0.9665352702140808,0.007023634854704142,0.003936552471714094,0.6025107409805059,73,4,8,8,False,
ucf101,val,v_Shotput_g06_c03,data/UCF101_data/UCF-101/Shotput/v_Shotput_g06_c03.avi,78,8,75,16,92,False,True,0.6070054173469543,0.022296683862805367,0.003936552471714094,0.5946797989308834,88,5,8,8,False,
ucf101,val,v_Shotput_g03_c01,data/UCF101_data/UCF-101/Shotput/v_Shotput_g03_c01.avi,78,8,75,16,35,False,True,0.3111386001110077,0.0080071990378201,0.003936552471714094,0.5698854522779584,71,4,8,8,False,
ucf101,val,v_Shotput_g06_c01,data/UCF101_data/UCF-101/Shotput/v_Shotput_g06_c01.avi,78,8,75,16,78,True,True,0.36808931827545166,0.023006150033324957,0.003936552471714094,0.5608810638077557,101,5,8,8,False,
ucf101,val,v_Shotput_g06_c04,data/UCF101_data/UCF-101/Shotput/v_Shotput_g06_c04.avi,78,8,75,16,78,True,True,0.6045328974723816,0.02226544776931405,0.003936552471714094,0.5355747090652585,95,5,8,8,False,
ucf101,val,v_Shotput_g04_c03,data/UCF101_data/UCF-101/Shotput/v_Shotput_g04_c03.avi,78,8,75,16,78,True,True,0.970496654510498,0.007738785352557898,0.003936552471714094,0.5110687189735472,86,4,8,8,False,
ucf101,val,v_Shotput_g01_c05,data/UCF101_data/UCF-101/Shotput/v_Shotput_g01_c05.avi,78,8,75,16,78,True,True,0.9348931908607483,0.019881879910826683,0.003936552471714094,0.5025719879195094,97,5,8,8,False,
ucf101,val,v_Shotput_g05_c01,data/UCF101_data/UCF-101/Shotput/v_Shotput_g05_c01.avi,78,8,75,16,78,True,True,0.7166491746902466,0.022613967303186655,0.0038805612130090594,0.9801243841648102,67,4,8,8,False,
ucf101,val,v_Shotput_g01_c03,data/UCF101_data/UCF-101/Shotput/v_Shotput_g01_c03.avi,78,8,75,16,78,True,True,0.8295376896858215,0.022341404110193253,0.0038805612130090594,0.9546891208738089,94,5,8,8,False,
ucf101,val,v_Shotput_g05_c03,data/UCF101_data/UCF-101/Shotput/v_Shotput_g05_c03.avi,78,8,75,16,35,False,True,0.4336232841014862,0.02861539786681533,0.0038805612130090594,0.929558286909014,130,7,8,8,False,
ucf101,val,v_Shotput_g01_c02,data/UCF101_data/UCF-101/Shotput/v_Shotput_g01_c02.avi,78,8,75,16,78,True,True,0.9555484652519226,0.02136291703209281,0.0038805612130090594,0.8983947653323412,101,5,8,8,False,
ucf101,val,v_Shotput_g05_c05,data/UCF101_data/UCF-101/Shotput/v_Shotput_g05_c05.avi,78,8,75,16,78,True,True,0.9131995439529419,0.02837473200634122,0.0038805612130090594,0.874011545907706,132,7,8,8,False,
ucf101,val,v_Shotput_g06_c07,data/UCF101_data/UCF-101/Shotput/v_Shotput_g06_c07.avi,78,8,75,16,92,False,True,0.5705185532569885,0.02368151117116213,0.0038805612130090594,0.8435533163137734,101,5,8,8,False,
ucf101,val,v_Shotput_g04_c01,data/UCF101_data/UCF-101/Shotput/v_Shotput_g04_c01.avi,78,8,75,16,78,True,True,0.9556446075439453,0.007436053827404976,0.0038805612130090594,0.8169793151319027,80,4,8,8,False,
ucf101,val,v_Shotput_g03_c05,data/UCF101_data/UCF-101/Shotput/v_Shotput_g03_c05.avi,78,8,75,16,35,False,True,0.4346085786819458,0.00683998316526413,0.0038805612130090594,0.8087664991617203,66,4,8,8,False,
ucf101,val,v_Shotput_g02_c07,data/UCF101_data/UCF-101/Shotput/v_Shotput_g02_c07.avi,78,8,75,16,6,False,True,0.2017965018749237,0.007661921437829733,0.0038805612130090594,0.8011552565731108,88,5,8,8,False,
ucf101,val,v_Shotput_g05_c06,data/UCF101_data/UCF-101/Shotput/v_Shotput_g05_c06.avi,78,8,75,16,78,True,True,0.9033645391464233,0.022824022453278303,0.0038805612130090594,0.7924223877489567,125,6,8,8,False,
ucf101,val,v_Shotput_g02_c06,data/UCF101_data/UCF-101/Shotput/v_Shotput_g02_c06.avi,78,8,75,16,78,True,True,0.710267961025238,0.007988465949892998,0.0038805612130090594,0.7666819500736892,71,4,8,8,False,
ucf101,val,v_Shotput_g07_c01,data/UCF101_data/UCF-101/Shotput/v_Shotput_g07_c01.avi,78,8,75,16,78,True,True,0.8950269818305969,0.006756016984581947,0.0038805612130090594,0.7577551892027259,79,4,8,8,False,
ucf101,val,v_SkateBoarding_g06_c04,data/UCF101_data/UCF-101/SkateBoarding/v_SkateBoarding_g06_c04.avi,79,8,75,16,79,True,True,0.9652624130249023,0.013072821777313948,0.0038805612130090594,0.7501336792483926,150,7,8,8,False,
ucf101,val,v_SkateBoarding_g02_c06,data/UCF101_data/UCF-101/SkateBoarding/v_SkateBoarding_g02_c06.avi,79,8,75,16,79,True,True,0.9667314291000366,0.015160923823714256,0.0038805612130090594,0.7363066449761391,300,8,8,8,False,
ucf101,val,v_SkateBoarding_g01_c04,data/UCF101_data/UCF-101/SkateBoarding/v_SkateBoarding_g01_c04.avi,79,8,75,16,79,True,True,0.8583707809448242,0.014925891067832708,0.0038805612130090594,0.7202658872120082,168,8,8,8,False,
ucf101,val,v_SkateBoarding_g03_c03,data/UCF101_data/UCF-101/SkateBoarding/v_SkateBoarding_g03_c03.avi,79,8,75,16,79,True,True,0.9202466011047363,0.01146329240873456,0.0038805612130090594,0.7045157440006733,126,6,8,8,False,
ucf101,val,v_SkateBoarding_g01_c01,data/UCF101_data/UCF-101/SkateBoarding/v_SkateBoarding_g01_c01.avi,79,8,75,16,79,True,True,0.6751915812492371,0.014746399596333504,0.0038805612130090594,0.6921457629650831,202,8,8,8,False,
ucf101,val,v_SkateBoarding_g03_c01,data/UCF101_data/UCF-101/SkateBoarding/v_SkateBoarding_g03_c01.avi,79,8,75,16,79,True,True,0.9758467674255371,0.011755140963941813,0.0038805612130090594,0.6765529350377619,126,6,8,8,False,
ucf101,val,v_SkateBoarding_g02_c02,data/UCF101_data/UCF-101/SkateBoarding/v_SkateBoarding_g02_c02.avi,79,8,75,16,43,False,True,0.641211211681366,0.011311651207506657,0.0038805612130090594,0.6638947031460702,128,6,8,8,False,
ucf101,val,v_SkateBoarding_g05_c01,data/UCF101_data/UCF-101/SkateBoarding/v_SkateBoarding_g05_c01.avi,79,8,75,16,79,True,True,0.8326509594917297,0.01299013290554285,0.0038805612130090594,0.6518428269773722,140,7,8,8,False,
ucf101,val,v_SkateBoarding_g04_c01,data/UCF101_data/UCF-101/SkateBoarding/v_SkateBoarding_g04_c01.avi,79,8,75,16,79,True,True,0.6123372912406921,0.010232871863991022,0.0038805612130090594,0.6380211291834712,106,5,8,8,False,
ucf101,val,v_SkateBoarding_g05_c04,data/UCF101_data/UCF-101/SkateBoarding/v_SkateBoarding_g05_c04.avi,79,8,75,16,79,True,True,0.9223572611808777,0.014932658057659864,0.0038805612130090594,0.6268724501132965,185,8,8,8,False,
ucf101,val,v_SkateBoarding_g03_c02,data/UCF101_data/UCF-101/SkateBoarding/v_SkateBoarding_g03_c02.avi,79,8,75,16,79,True,True,0.9640079140663147,0.011632523033767939,0.0038805612130090594,0.6110480600036681,126,6,8,8,False,
ucf101,val,v_SkateBoarding_g01_c03,data/UCF101_data/UCF-101/SkateBoarding/v_SkateBoarding_g01_c03.avi,79,8,75,16,80,False,True,0.6245158314704895,0.011513390578329563,0.0038805612130090594,0.5986851048655808,112,6,8,8,False,
ucf101,val,v_SkateBoarding_g03_c04,data/UCF101_data/UCF-101/SkateBoarding/v_SkateBoarding_g03_c04.avi,79,8,75,16,79,True,True,0.9747090339660645,0.011482104193419218,0.0038805612130090594,0.5862597906962037,128,6,8,8,False,
ucf101,val,v_SkateBoarding_g07_c03,data/UCF101_data/UCF-101/SkateBoarding/v_SkateBoarding_g07_c03.avi,79,8,75,16,79,True,True,0.9677942395210266,0.01487057888880372,0.0038805612130090594,0.5740476697683334,185,8,8,8,False,
ucf101,val,v_SkateBoarding_g02_c04,data/UCF101_data/UCF-101/SkateBoarding/v_SkateBoarding_g02_c04.avi,79,8,75,16,79,True,True,0.9365227222442627,0.00866676215082407,0.0038805612130090594,0.5583455841988325,77,4,8,8,False,
ucf101,val,v_SkateBoarding_g06_c02,data/UCF101_data/UCF-101/SkateBoarding/v_SkateBoarding_g06_c02.avi,79,8,75,16,79,True,True,0.9730790257453918,0.013281931169331074,0.0038805612130090594,0.5488567068241537,150,7,8,8,False,
ucf101,val,v_SkateBoarding_g07_c02,data/UCF101_data/UCF-101/SkateBoarding/v_SkateBoarding_g07_c02.avi,79,8,75,16,79,True,True,0.9700689315795898,0.014598910231143236,0.0038805612130090594,0.5348029392771423,199,8,8,8,False,
ucf101,val,v_SkateBoarding_g02_c05,data/UCF101_data/UCF-101/SkateBoarding/v_SkateBoarding_g02_c05.avi,79,8,75,16,79,True,True,0.9714535474777222,0.011620684992522001,0.0038805612130090594,0.5193261569365859,112,6,8,8,False,
ucf101,val,v_SkateBoarding_g01_c02,data/UCF101_data/UCF-101/SkateBoarding/v_SkateBoarding_g01_c02.avi,79,8,75,16,79,True,True,0.7233182191848755,0.014925175812095404,0.0038805612130090594,0.5068914969451725,175,8,8,8,False,
ucf101,val,v_SkateBoarding_g02_c03,data/UCF101_data/UCF-101/SkateBoarding/v_SkateBoarding_g02_c03.avi,79,8,75,16,79,True,True,0.7897855639457703,0.011725389864295721,0.0038805612130090594,0.4912245711311698,111,6,8,8,False,
ucf101,val,v_Skiing_g04_c02,data/UCF101_data/UCF-101/Skiing/v_Skiing_g04_c02.avi,80,8,75,16,80,True,True,0.4491650462150574,0.03345347009599209,0.0038706173363607377,1.0057871998287737,252,8,8,8,False,
ucf101,val,v_Skiing_g04_c04,data/UCF101_data/UCF-101/Skiing/v_Skiing_g04_c04.avi,80,8,75,16,80,True,True,0.9718665480613708,0.01528389984741807,0.0038706173363607377,0.9700794657692313,200,8,8,8,False,
ucf101,val,v_Skiing_g03_c04,data/UCF101_data/UCF-101/Skiing/v_Skiing_g03_c04.avi,80,8,75,16,80,True,True,0.8472998142242432,0.015922918915748596,0.0038706173363607377,0.9539113850332797,308,8,8,8,False,
ucf101,val,v_Skiing_g07_c03,data/UCF101_data/UCF-101/Skiing/v_Skiing_g07_c03.avi,80,8,75,16,80,True,True,0.9401427507400513,0.010274292901158333,0.0038706173363607377,0.9370391611009836,103,5,8,8,False,
ucf101,val,v_Skiing_g02_c05,data/UCF101_data/UCF-101/Skiing/v_Skiing_g02_c05.avi,80,8,75,16,80,True,True,0.9430055618286133,0.011560108978301287,0.0038706173363607377,0.9259459250606596,118,6,8,8,False,
ucf101,val,v_Skiing_g01_c05,data/UCF101_data/UCF-101/Skiing/v_Skiing_g01_c05.avi,80,8,75,16,80,True,True,0.20817166566848755,0.014902486931532621,0.0038706173363607377,0.9135460769757628,260,8,8,8,False,
ucf101,val,v_Skiing_g06_c04,data/UCF101_data/UCF-101/Skiing/v_Skiing_g06_c04.avi,80,8,75,16,37,False,True,0.3214431405067444,0.01683401595801115,0.0038706173363607377,0.8973356899805367,300,8,8,8,False,
ucf101,val,v_Skiing_g02_c02,data/UCF101_data/UCF-101/Skiing/v_Skiing_g02_c02.avi,80,8,75,16,80,True,True,0.9197873473167419,0.014406604692339897,0.0038706173363607377,0.8787459591403604,202,8,8,8,False,
ucf101,val,v_Skiing_g03_c02,data/UCF101_data/UCF-101/Skiing/v_Skiing_g03_c02.avi,80,8,75,16,80,True,True,0.979612410068512,0.011553904972970486,0.0038706173363607377,0.8634639708325267,110,6,8,8,False,
ucf101,val,v_Skiing_g05_c04,data/UCF101_data/UCF-101/Skiing/v_Skiing_g05_c04.avi,80,8,75,16,80,True,True,0.8685987591743469,0.014637435786426067,0.0038706173363607377,0.8510677320882678,254,8,8,8,False,
ucf101,val,v_Skiing_g04_c07,data/UCF101_data/UCF-101/Skiing/v_Skiing_g04_c07.avi,80,8,75,16,80,True,True,0.971015214920044,0.017187505960464478,0.0038706173363607377,0.835611566901207,279,8,8,8,False,
ucf101,val,v_Skiing_g03_c01,data/UCF101_data/UCF-101/Skiing/v_Skiing_g03_c01.avi,80,8,75,16,80,True,True,0.9712285995483398,0.0149558219127357,0.0038706173363607377,0.8176030577160418,208,8,8,8,False,
ucf101,val,v_Skiing_g06_c02,data/UCF101_data/UCF-101/Skiing/v_Skiing_g06_c02.avi,80,8,75,16,97,False,True,0.1672566682100296,0.014923044946044683,0.0038706173363607377,0.801789506804198,300,8,8,8,False,
ucf101,val,v_Skiing_g04_c06,data/UCF101_data/UCF-101/Skiing/v_Skiing_g04_c06.avi,80,8,75,16,80,True,True,0.9839149713516235,0.015130585059523582,0.0038706173363607377,0.7858229069970548,187,8,8,8,False,
ucf101,val,v_Skiing_g04_c03,data/UCF101_data/UCF-101/Skiing/v_Skiing_g04_c03.avi,80,8,75,16,80,True,True,0.984398603439331,0.014777156990021467,0.0038706173363607377,0.7698708428069949,154,8,8,8,False,
ucf101,val,v_Skiing_g06_c06,data/UCF101_data/UCF-101/Skiing/v_Skiing_g06_c06.avi,80,8,75,16,37,False,False,0.156359001994133,0.01508535211905837,0.0038706173363607377,0.754298557061702,300,8,8,8,False,
ucf101,val,v_Skiing_g06_c05,data/UCF101_data/UCF-101/Skiing/v_Skiing_g06_c05.avi,80,8,75,16,43,False,True,0.24267247319221497,0.016063475981354713,0.0038706173363607377,0.7383647868409753,300,8,8,8,False,
ucf101,val,v_Skiing_g01_c04,data/UCF101_data/UCF-101/Skiing/v_Skiing_g01_c04.avi,80,8,75,16,80,True,True,0.9603530764579773,0.015277278609573841,0.0038706173363607377,0.7214698079042137,252,8,8,8,False,
ucf101,val,v_Skiing_g06_c01,data/UCF101_data/UCF-101/Skiing/v_Skiing_g06_c01.avi,80,8,75,16,80,True,True,0.26030927896499634,0.015131382271647453,0.0038706173363607377,0.7052982258610427,300,8,8,8,False,
ucf101,val,v_Skiing_g02_c03,data/UCF101_data/UCF-101/Skiing/v_Skiing_g02_c03.avi,80,8,75,16,80,True,True,0.9377835392951965,0.014442300889641047,0.0038706173363607377,0.6892924783751369,200,8,8,8,False,
ucf101,val,v_Skijet_g02_c03,data/UCF101_data/UCF-101/Skijet/v_Skijet_g02_c03.avi,81,8,75,16,81,True,True,0.9768622517585754,0.015156053006649017,0.0038706173363607377,0.6736994683742523,210,8,8,8,False,
ucf101,val,v_Skijet_g02_c02,data/UCF101_data/UCF-101/Skijet/v_Skijet_g02_c02.avi,81,8,75,16,81,True,True,0.9743884801864624,0.015154859982430935,0.0038706173363607377,0.6577021689154208,183,8,8,8,False,
ucf101,val,v_Skijet_g05_c04,data/UCF101_data/UCF-101/Skijet/v_Skijet_g05_c04.avi,81,8,75,16,81,True,True,0.979070782661438,0.014526732731610537,0.0038706173363607377,0.6417021881788969,210,8,8,8,False,
ucf101,val,v_Skijet_g02_c01,data/UCF101_data/UCF-101/Skijet/v_Skijet_g02_c01.avi,81,8,75,16,81,True,True,0.9752396941184998,0.015157104004174471,0.0038706173363607377,0.6263645640574396,210,8,8,8,False,
ucf101,val,v_Skijet_g06_c01,data/UCF101_data/UCF-101/Skijet/v_Skijet_g06_c01.avi,81,8,75,16,81,True,True,0.9610510468482971,0.015142306219786406,0.0038706173363607377,0.6100233127363026,251,8,8,8,False,
ucf101,val,v_Skijet_g01_c03,data/UCF101_data/UCF-101/Skijet/v_Skijet_g01_c03.avi,81,8,75,16,81,True,True,0.8667192459106445,0.018190161790698767,0.0038706173363607377,0.5940492199733853,416,8,8,8,False,
ucf101,val,v_Skijet_g07_c03,data/UCF101_data/UCF-101/Skijet/v_Skijet_g07_c03.avi,81,8,75,16,81,True,True,0.9745375514030457,0.014571812003850937,0.0038706173363607377,0.5738456142134964,197,8,8,8,False,
ucf101,val,v_Skijet_g06_c04,data/UCF101_data/UCF-101/Skijet/v_Skijet_g06_c04.avi,81,8,75,16,81,True,True,0.9576895833015442,0.014921062625944614,0.0038706173363607377,0.5584468333981931,251,8,8,8,False,
ucf101,val,v_Skijet_g04_c04,data/UCF101_data/UCF-101/Skijet/v_Skijet_g04_c04.avi,81,8,75,16,81,True,True,0.9195830821990967,0.014826787635684013,0.0038706173363607377,0.5427019982598722,251,8,8,8,False,
ucf101,val,v_Skijet_g04_c03,data/UCF101_data/UCF-101/Skijet/v_Skijet_g04_c03.avi,81,8,75,16,81,True,True,0.8594833016395569,0.015136667061597109,0.0038706173363607377,0.5269782547838986,251,8,8,8,False,
ucf101,val,v_Skijet_g05_c03,data/UCF101_data/UCF-101/Skijet/v_Skijet_g05_c03.avi,81,8,75,16,81,True,True,0.9696305990219116,0.014752574265003204,0.0038706173363607377,0.5107995769940317,210,8,8,8,False,
ucf101,val,v_Skijet_g03_c03,data/UCF101_data/UCF-101/Skijet/v_Skijet_g03_c03.avi,81,8,75,16,81,True,True,0.9482778310775757,0.016419292893260717,0.0038706173363607377,0.49519350472837687,316,8,8,8,False,
ucf101,val,v_Skijet_g05_c01,data/UCF101_data/UCF-101/Skijet/v_Skijet_g05_c01.avi,81,8,75,16,81,True,True,0.9790732860565186,0.030828251037746668,0.003984063470852561,0.9518371517769992,210,8,8,8,False,
ucf101,val,v_Skijet_g06_c03,data/UCF101_data/UCF-101/Skijet/v_Skijet_g06_c03.avi,81,8,75,16,81,True,True,0.9692773818969727,0.015246624127030373,0.003984063470852561,0.9195358441211283,251,8,8,8,False,
ucf101,val,v_Skijet_g02_c04,data/UCF101_data/UCF-101/Skijet/v_Skijet_g02_c04.avi,81,8,75,16,81,True,True,0.9781754016876221,0.015088662970811129,0.003984063470852561,0.9035016600973904,210,8,8,8,False,
ucf101,val,v_Skijet_g01_c02,data/UCF101_data/UCF-101/Skijet/v_Skijet_g01_c02.avi,81,8,75,16,81,True,True,0.9689655303955078,0.016645331867039204,0.003984063470852561,0.8873516330495477,416,8,8,8,False,
ucf101,val,v_Skijet_g04_c02,data/UCF101_data/UCF-101/Skijet/v_Skijet_g04_c02.avi,81,8,75,16,81,True,True,0.9477776885032654,0.015809694305062294,0.003984063470852561,0.8698306228034198,251,8,8,8,False,
ucf101,val,v_Skijet_g03_c04,data/UCF101_data/UCF-101/Skijet/v_Skijet_g03_c04.avi,81,8,75,16,81,True,True,0.8045254349708557,0.016409105155617,0.003984063470852561,0.8532092142850161,310,8,8,8,False,
ucf101,val,v_Skijet_g07_c01,data/UCF101_data/UCF-101/Skijet/v_Skijet_g07_c01.avi,81,8,75,16,81,True,True,0.9744890332221985,0.015051987953484058,0.003984063470852561,0.8347365171648562,199,8,8,8,False,
ucf101,val,v_Skijet_g03_c02,data/UCF101_data/UCF-101/Skijet/v_Skijet_g03_c02.avi,81,8,75,16,81,True,True,0.9720655679702759,0.015824622008949518,0.003984063470852561,0.818836672231555,316,8,8,8,False,
ucf101,val,v_SkyDiving_g05_c02,data/UCF101_data/UCF-101/SkyDiving/v_SkyDiving_g05_c02.avi,82,8,75,16,82,True,True,0.9818707704544067,0.010877280961722136,0.003984063470852561,0.8021438512951136,170,8,8,8,False,
ucf101,val,v_SkyDiving_g01_c02,data/UCF101_data/UCF-101/SkyDiving/v_SkyDiving_g01_c02.avi,82,8,75,16,82,True,True,0.9794968366622925,0.011680667754262686,0.003984063470852561,0.7901881779544055,194,8,8,8,False,
ucf101,val,v_SkyDiving_g03_c04,data/UCF101_data/UCF-101/SkyDiving/v_SkyDiving_g03_c04.avi,82,8,75,16,82,True,True,0.9694217443466187,0.012677285354584455,0.003984063470852561,0.7774778441525996,232,8,8,8,False,
ucf101,val,v_SkyDiving_g04_c04,data/UCF101_data/UCF-101/SkyDiving/v_SkyDiving_g04_c04.avi,82,8,75,16,82,True,True,0.1363915055990219,0.007601920980960131,0.003984063470852561,0.7637410652823746,102,5,8,8,False,
ucf101,val,v_SkyDiving_g01_c03,data/UCF101_data/UCF-101/SkyDiving/v_SkyDiving_g01_c03.avi,82,8,75,16,82,True,True,0.9826844334602356,0.008445555809885263,0.003984063470852561,0.7552869473583996,126,6,8,8,False,
ucf101,val,v_SkyDiving_g03_c02,data/UCF101_data/UCF-101/SkyDiving/v_SkyDiving_g03_c02.avi,82,8,75,16,82,True,True,0.9675785303115845,0.01160632073879242,0.003984063470852561,0.7458774470724165,202,8,8,8,False,
ucf101,val,v_SkyDiving_g04_c02,data/UCF101_data/UCF-101/SkyDiving/v_SkyDiving_g04_c02.avi,82,8,75,16,37,False,True,0.40625694394111633,0.00958571583032608,0.003984063470852561,0.7330369572155178,141,7,8,8,False,
ucf101,val,v_SkyDiving_g06_c03,data/UCF101_data/UCF-101/SkyDiving/v_SkyDiving_g06_c03.avi,82,8,75,16,82,True,True,0.9703902006149292,0.010300717782229185,0.003984063470852561,0.7224706951528788,160,8,8,8,False,
ucf101,val,v_SkyDiving_g07_c04,data/UCF101_data/UCF-101/SkyDiving/v_SkyDiving_g07_c04.avi,82,8,75,16,82,True,True,0.9683986306190491,0.022475693840533495,0.003984063470852561,0.711088933981955,92,5,8,8,False,
ucf101,val,v_SkyDiving_g06_c01,data/UCF101_data/UCF-101/SkyDiving/v_SkyDiving_g06_c01.avi,82,8,75,16,82,True,True,0.9705914258956909,0.016384790185838938,0.003984063470852561,0.6861332538537681,84,4,8,8,False,
ucf101,val,v_SkyDiving_g07_c03,data/UCF101_data/UCF-101/SkyDiving/v_SkyDiving_g07_c03.avi,82,8,75,16,82,True,True,0.8836145401000977,0.012783908285200596,0.003984063470852561,0.666939910966903,203,8,8,8,False,
ucf101,val,v_SkyDiving_g06_c04,data/UCF101_data/UCF-101/SkyDiving/v_SkyDiving_g06_c04.avi,82,8,75,16,82,True,True,0.945046603679657,0.010108022019267082,0.003984063470852561,0.6531296810135245,154,8,8,8,False,
ucf101,val,v_SkyDiving_g07_c01,data/UCF101_data/UCF-101/SkyDiving/v_SkyDiving_g07_c01.avi,82,8,75,16,82,True,True,0.3578374981880188,0.010340703185647726,0.003984063470852561,0.6421584850177169,167,8,8,8,False,
ucf101,val,v_SkyDiving_g07_c05,data/UCF101_data/UCF-101/SkyDiving/v_SkyDiving_g07_c05.avi,82,8,75,16,82,True,True,0.9605459570884705,0.010316744912415743,0.003984063470852561,0.6306203128769994,156,8,8,8,False,
ucf101,val,v_SkyDiving_g07_c02,data/UCF101_data/UCF-101/SkyDiving/v_SkyDiving_g07_c02.avi,82,8,75,16,82,True,True,0.9698983430862427,0.010903559159487486,0.003984063470852561,0.6192354583181441,179,8,8,8,False,
ucf101,val,v_SkyDiving_g03_c05,data/UCF101_data/UCF-101/SkyDiving/v_SkyDiving_g03_c05.avi,82,8,75,16,82,True,True,0.9700497388839722,0.012760314159095287,0.003984063470852561,0.6073956461623311,247,8,8,8,False,
ucf101,val,v_SkyDiving_g02_c04,data/UCF101_data/UCF-101/SkyDiving/v_SkyDiving_g02_c04.avi,82,8,75,16,82,True,True,0.9740179777145386,0.008129211142659187,0.003984063470852561,0.5935159111395478,114,6,8,8,False,
ucf101,val,v_SkyDiving_g05_c03,data/UCF101_data/UCF-101/SkyDiving/v_SkyDiving_g05_c03.avi,82,8,75,16,82,True,True,0.9849655628204346,0.011459020897746086,0.003984063470852561,0.5844593062065542,200,8,8,8,False,
ucf101,val,v_SkyDiving_g03_c01,data/UCF101_data/UCF-101/SkyDiving/v_SkyDiving_g03_c01.avi,82,8,75,16,82,True,True,0.972697913646698,0.01065703621134162,0.003984063470852561,0.5719607817009091,187,8,8,8,False,
ucf101,val,v_SkyDiving_g05_c04,data/UCF101_data/UCF-101/SkyDiving/v_SkyDiving_g05_c04.avi,82,8,75,16,82,True,True,0.9820014834403992,0.012244697194546461,0.003984063470852561,0.5603108392097056,211,8,8,8,False,
ucf101,val,v_SoccerJuggling_g01_c03,data/UCF101_data/UCF-101/SoccerJuggling/v_SoccerJuggling_g01_c03.avi,83,8,75,16,83,True,True,0.6513782143592834,0.018067210912704468,0.003984063470852561,0.5470530879683793,880,8,8,8,False,
ucf101,val,v_SoccerJuggling_g06_c02,data/UCF101_data/UCF-101/SoccerJuggling/v_SoccerJuggling_g06_c02.avi,83,8,75,16,83,True,True,0.96717369556427,0.013071328867226839,0.003984063470852561,0.527761263307184,135,7,8,8,False,
ucf101,val,v_SoccerJuggling_g07_c05,data/UCF101_data/UCF-101/SoccerJuggling/v_SoccerJuggling_g07_c05.avi,83,8,75,16,83,True,True,0.956135094165802,0.016060481313616037,0.003984063470852561,0.5138184055685997,360,8,8,8,False,
ucf101,val,v_SoccerJuggling_g03_c02,data/UCF101_data/UCF-101/SoccerJuggling/v_SoccerJuggling_g03_c02.avi,83,8,75,16,83,True,True,0.9364429116249084,0.014224519953131676,0.003984063470852561,0.4968231334351003,230,8,8,8,False,
ucf101,val,v_SoccerJuggling_g04_c06,data/UCF101_data/UCF-101/SoccerJuggling/v_SoccerJuggling_g04_c06.avi,83,8,75,16,83,True,True,0.9768763184547424,0.03779517998918891,0.003672137376270257,0.8950310945510864,360,8,8,8,False,
ucf101,val,v_SoccerJuggling_g06_c04,data/UCF101_data/UCF-101/SoccerJuggling/v_SoccerJuggling_g06_c04.avi,83,8,75,16,83,True,True,0.7984582781791687,0.010846788063645363,0.003672137376270257,0.8556625102646649,92,5,8,8,False,
ucf101,val,v_SoccerJuggling_g07_c01,data/UCF101_data/UCF-101/SoccerJuggling/v_SoccerJuggling_g07_c01.avi,83,8,75,16,83,True,True,0.9615514874458313,0.01642506429925561,0.003672137376270257,0.843973824288696,301,8,8,8,False,
ucf101,val,v_SoccerJuggling_g02_c05,data/UCF101_data/UCF-101/SoccerJuggling/v_SoccerJuggling_g02_c05.avi,83,8,75,16,83,True,True,0.9182721376419067,0.015434174798429012,0.003672137376270257,0.8266634368337691,240,8,8,8,False,
ucf101,val,v_SoccerJuggling_g07_c02,data/UCF101_data/UCF-101/SoccerJuggling/v_SoccerJuggling_g07_c02.avi,83,8,75,16,83,True,True,0.9787068367004395,0.015441706404089928,0.003672137376270257,0.8099426091648638,301,8,8,8,False,
ucf101,val,v_SoccerJuggling_g01_c02,data/UCF101_data/UCF-101/SoccerJuggling/v_SoccerJuggling_g01_c02.avi,83,8,75,16,83,True,True,0.7690712213516235,0.01699470728635788,0.003672137376270257,0.7936308961361647,502,8,8,8,False,
ucf101,val,v_SoccerJuggling_g03_c04,data/UCF101_data/UCF-101/SoccerJuggling/v_SoccerJuggling_g03_c04.avi,83,8,75,16,83,True,True,0.887445867061615,0.014311070088297129,0.003672137376270257,0.7753886110149324,230,8,8,8,False,
ucf101,val,v_SoccerJuggling_g01_c04,data/UCF101_data/UCF-101/SoccerJuggling/v_SoccerJuggling_g01_c04.avi,83,8,75,16,83,True,True,0.7232862114906311,0.018287002108991146,0.003672137376270257,0.760310823097825,705,8,8,8,False,
ucf101,val,v_SoccerJuggling_g05_c05,data/UCF101_data/UCF-101/SoccerJuggling/v_SoccerJuggling_g05_c05.avi,83,8,75,16,83,True,True,0.9758511781692505,0.01714246580377221,0.003672137376270257,0.7410776983015239,240,8,8,8,False,
ucf101,val,v_SoccerJuggling_g02_c06,data/UCF101_data/UCF-101/SoccerJuggling/v_SoccerJuggling_g02_c06.avi,83,8,75,16,83,True,True,0.9406822323799133,0.015571365132927895,0.003672137376270257,0.7229877361096442,240,8,8,8,False,
ucf101,val,v_SoccerJuggling_g05_c02,data/UCF101_data/UCF-101/SoccerJuggling/v_SoccerJuggling_g05_c02.avi,83,8,75,16,83,True,True,0.9754902124404907,0.01609569089487195,0.003672137376270257,0.706279844045639,240,8,8,8,False,
ucf101,val,v_SoccerJuggling_g07_c07,data/UCF101_data/UCF-101/SoccerJuggling/v_SoccerJuggling_g07_c07.avi,83,8,75,16,83,True,True,0.8819496035575867,0.01679304102435708,0.003672137376270257,0.6890682149678469,360,8,8,8,False,
ucf101,val,v_SoccerJuggling_g04_c02,data/UCF101_data/UCF-101/SoccerJuggling/v_SoccerJuggling_g04_c02.avi,83,8,75,16,83,True,True,0.9706948399543762,0.01762201264500618,0.003672137376270257,0.6713931187987328,360,8,8,8,False,
ucf101,val,v_SoccerJuggling_g07_c03,data/UCF101_data/UCF-101/SoccerJuggling/v_SoccerJuggling_g07_c03.avi,83,8,75,16,83,True,True,0.9500836730003357,0.015804691705852747,0.003672137376270257,0.6527870199643075,301,8,8,8,False,
ucf101,val,v_SoccerJuggling_g02_c01,data/UCF101_data/UCF-101/SoccerJuggling/v_SoccerJuggling_g02_c01.avi,83,8,75,16,83,True,True,0.7454339265823364,0.015225720126181841,0.003672137376270257,0.636104604229331,240,8,8,8,False,
ucf101,val,v_SoccerJuggling_g06_c03,data/UCF101_data/UCF-101/SoccerJuggling/v_SoccerJuggling_g06_c03.avi,83,8,75,16,83,True,True,0.9722309708595276,0.01479324884712696,0.003672137376270257,0.6200535739772022,229,8,8,8,False,
ucf101,val,v_SoccerPenalty_g03_c05,data/UCF101_data/UCF-101/SoccerPenalty/v_SoccerPenalty_g03_c05.avi,84,8,75,16,84,True,True,0.982529878616333,0.007435845211148262,0.003672137376270257,0.6042019440792501,70,4,8,8,False,
ucf101,val,v_SoccerPenalty_g06_c01,data/UCF101_data/UCF-101/SoccerPenalty/v_SoccerPenalty_g06_c01.avi,84,8,75,16,84,True,True,0.9503083229064941,0.00805158307775855,0.003672137376270257,0.5959687507711351,101,5,8,8,False,
ucf101,val,v_SoccerPenalty_g07_c05,data/UCF101_data/UCF-101/SoccerPenalty/v_SoccerPenalty_g07_c05.avi,84,8,75,16,84,True,True,0.9802757501602173,0.007089355029165745,0.003672137376270257,0.5870863799937069,70,4,8,8,False,
ucf101,val,v_SoccerPenalty_g06_c06,data/UCF101_data/UCF-101/SoccerPenalty/v_SoccerPenalty_g06_c06.avi,84,8,75,16,84,True,True,0.9526663422584534,0.007159428205341101,0.003672137376270257,0.5791605091653764,86,4,8,8,False,
ucf101,val,v_SoccerPenalty_g07_c03,data/UCF101_data/UCF-101/SoccerPenalty/v_SoccerPenalty_g07_c03.avi,84,8,75,16,84,True,True,0.9796249866485596,0.006982277147471905,0.003672137376270257,0.5711958664469421,73,4,8,8,False,
ucf101,val,v_SoccerPenalty_g02_c05,data/UCF101_data/UCF-101/SoccerPenalty/v_SoccerPenalty_g02_c05.avi,84,8,75,16,84,True,True,0.9827350974082947,0.007857301272451878,0.003672137376270257,0.5632674600929022,100,5,8,8,False,
ucf101,val,v_SoccerPenalty_g05_c03,data/UCF101_data/UCF-101/SoccerPenalty/v_SoccerPenalty_g05_c03.avi,84,8,75,16,84,True,True,0.877953052520752,0.007730934303253889,0.003672137376270257,0.5545201348140836,89,5,8,8,False,
ucf101,val,v_SoccerPenalty_g06_c07,data/UCF101_data/UCF-101/SoccerPenalty/v_SoccerPenalty_g06_c07.avi,84,8,75,16,84,True,True,0.9161790013313293,0.0061396448872983456,0.003672137376270257,0.5459685102105141,62,3,8,8,False,
ucf101,val,v_SoccerPenalty_g04_c03,data/UCF101_data/UCF-101/SoccerPenalty/v_SoccerPenalty_g04_c03.avi,84,8,75,16,84,True,True,0.9771381616592407,0.007116721011698246,0.003672137376270257,0.5389574780128896,70,4,8,8,False,
ucf101,val,v_SoccerPenalty_g05_c04,data/UCF101_data/UCF-101/SoccerPenalty/v_SoccerPenalty_g05_c04.avi,84,8,75,16,84,True,True,0.869813084602356,0.006862848997116089,0.003672137376270257,0.5310131758451462,79,4,8,8,False,
ucf101,val,v_SoccerPenalty_g03_c03,data/UCF101_data/UCF-101/SoccerPenalty/v_SoccerPenalty_g03_c03.avi,84,8,75,16,84,True,True,0.9825279116630554,0.009549492970108986,0.003672137376270257,0.5233623050153255,138,7,8,8,False,
ucf101,val,v_SoccerPenalty_g06_c04,data/UCF101_data/UCF-101/SoccerPenalty/v_SoccerPenalty_g06_c04.avi,84,8,75,16,84,True,True,0.9341608881950378,0.006464000325649977,0.003672137376270257,0.5128172505646944,55,3,8,8,False,
ucf101,val,v_SoccerPenalty_g07_c01,data/UCF101_data/UCF-101/SoccerPenalty/v_SoccerPenalty_g07_c01.avi,84,8,75,16,84,True,True,0.9768289923667908,0.006315990351140499,0.003672137376270257,0.505456930026412,60,3,8,8,False,
ucf101,val,v_SoccerPenalty_g05_c01,data/UCF101_data/UCF-101/SoccerPenalty/v_SoccerPenalty_g05_c01.avi,84,8,75,16,84,True,True,0.8881625533103943,0.008007858879864216,0.003672137376270257,0.4981116787530482,94,5,8,8,False,
ucf101,val,v_SoccerPenalty_g04_c04,data/UCF101_data/UCF-101/SoccerPenalty/v_SoccerPenalty_g04_c04.avi,84,8,75,16,84,True,True,0.974265456199646,0.0071550337597727776,0.003672137376270257,0.4892333340831101,83,4,8,8,False,
ucf101,val,v_SoccerPenalty_g01_c02,data/UCF101_data/UCF-101/SoccerPenalty/v_SoccerPenalty_g01_c02.avi,84,8,75,16,84,True,True,0.9587007164955139,0.010049717035144567,0.003672137376270257,0.4812931753695011,138,7,8,8,False,
ucf101,val,v_SoccerPenalty_g04_c05,data/UCF101_data/UCF-101/SoccerPenalty/v_SoccerPenalty_g04_c05.avi,84,8,75,16,84,True,True,0.9761028289794922,0.023028546944260597,0.003701316178194247,0.8483431097120047,115,6,8,8,False,
ucf101,val,v_SoccerPenalty_g06_c02,data/UCF101_data/UCF-101/SoccerPenalty/v_SoccerPenalty_g06_c02.avi,84,8,75,16,84,True,True,0.9425836205482483,0.006366834044456482,0.003701316178194247,0.8235662202350795,50,3,8,8,False,
ucf101,val,v_SoccerPenalty_g07_c04,data/UCF101_data/UCF-101/SoccerPenalty/v_SoccerPenalty_g07_c04.avi,84,8,75,16,84,True,True,0.977334201335907,0.006942929234355688,0.003701316178194247,0.8163475268520415,71,4,8,8,False,
ucf101,val,v_SoccerPenalty_g01_c03,data/UCF101_data/UCF-101/SoccerPenalty/v_SoccerPenalty_g01_c03.avi,84,8,75,16,84,True,True,0.961661159992218,0.009771538432687521,0.003701316178194247,0.8085784413851798,148,7,8,8,False,
ucf101,val,v_StillRings_g05_c02,data/UCF101_data/UCF-101/StillRings/v_StillRings_g05_c02.avi,85,8,75,16,85,True,True,0.9546176195144653,0.010793622117489576,0.003701316178194247,0.7979220296256244,166,8,8,8,False,
ucf101,val,v_StillRings_g01_c04,data/UCF101_data/UCF-101/StillRings/v_StillRings_g01_c04.avi,85,8,75,16,85,True,True,0.931181788444519,0.00935019226744771,0.003701316178194247,0.7860182859003544,138,7,8,8,False,
ucf101,val,v_StillRings_g04_c02,data/UCF101_data/UCF-101/StillRings/v_StillRings_g04_c02.avi,85,8,75,16,85,True,True,0.9088202118873596,0.010855483822524548,0.003701316178194247,0.7758440640754998,183,8,8,8,False,
ucf101,val,v_StillRings_g07_c04,data/UCF101_data/UCF-101/StillRings/v_StillRings_g07_c04.avi,85,8,75,16,85,True,True,0.49595847725868225,0.012184574268758297,0.003701316178194247,0.7639851784333587,216,8,8,8,False,
ucf101,val,v_StillRings_g03_c04,data/UCF101_data/UCF-101/StillRings/v_StillRings_g03_c04.avi,85,8,75,16,68,False,True,0.20360441505908966,0.008533088956028223,0.003701316178194247,0.7506997273303568,123,6,8,8,False,
ucf101,val,v_StillRings_g03_c01,data/UCF101_data/UCF-101/StillRings/v_StillRings_g03_c01.avi,85,8,75,16,4,False,True,0.5108535885810852,0.0086293900385499,0.003701316178194247,0.7412722101435065,116,6,8,8,False,
ucf101,val,v_StillRings_g02_c04,data/UCF101_data/UCF-101/StillRings/v_StillRings_g02_c04.avi,85,8,75,16,85,True,True,0.816189169883728,0.01067467825487256,0.003701316178194247,0.7316987607628107,156,8,8,8,False,
ucf101,val,v_StillRings_g05_c04,data/UCF101_data/UCF-101/StillRings/v_StillRings_g05_c04.avi,85,8,75,16,85,True,True,0.968165397644043,0.007970452774316072,0.003701316178194247,0.7199536012485623,106,5,8,8,False,
ucf101,val,v_StillRings_g07_c01,data/UCF101_data/UCF-101/StillRings/v_StillRings_g07_c01.avi,85,8,75,16,85,True,True,0.9179750084877014,0.010469498112797737,0.003701316178194247,0.7111274199560285,162,8,8,8,False,
ucf101,val,v_StillRings_g04_c04,data/UCF101_data/UCF-101/StillRings/v_StillRings_g04_c04.avi,85,8,75,16,85,True,True,0.6475503444671631,0.006767119746655226,0.003701316178194247,0.699601102154702,77,4,8,8,False,
ucf101,val,v_StillRings_g01_c05,data/UCF101_data/UCF-101/StillRings/v_StillRings_g01_c05.avi,85,8,75,16,85,True,True,0.9192728996276855,0.012997123878449202,0.003701316178194247,0.6920635616406798,236,8,8,8,False,
ucf101,val,v_StillRings_g03_c02,data/UCF101_data/UCF-101/StillRings/v_StillRings_g03_c02.avi,85,8,75,16,85,True,True,0.8013333678245544,0.008492061868309975,0.003701316178194247,0.6777072218246758,113,6,8,8,False,
ucf101,val,v_StillRings_g01_c03,data/UCF101_data/UCF-101/StillRings/v_StillRings_g01_c03.avi,85,8,75,16,85,True,True,0.892723798751831,0.009526429232209921,0.003701316178194247,0.6682507819496095,146,7,8,8,False,
ucf101,val,v_StillRings_g04_c03,data/UCF101_data/UCF-101/StillRings/v_StillRings_g04_c03.avi,85,8,75,16,85,True,True,0.8820990920066833,0.010758202988654375,0.003701316178194247,0.6577206780202687,177,8,8,8,False,
ucf101,val,v_StillRings_g06_c01,data/UCF101_data/UCF-101/StillRings/v_StillRings_g06_c01.avi,85,8,75,16,85,True,True,0.8528467416763306,0.01033882424235344,0.003701316178194247,0.6460151029750705,155,8,8,8,False,
ucf101,val,v_StillRings_g03_c03,data/UCF101_data/UCF-101/StillRings/v_StillRings_g03_c03.avi,85,8,75,16,85,True,True,0.4717564582824707,0.009329841937869787,0.003701316178194247,0.634808006696403,146,7,8,8,False,
ucf101,val,v_StillRings_g06_c03,data/UCF101_data/UCF-101/StillRings/v_StillRings_g06_c03.avi,85,8,75,16,85,True,True,0.7224012017250061,0.008682134095579386,0.003701316178194247,0.6243835669010878,128,6,8,8,False,
ucf101,val,v_StillRings_g05_c01,data/UCF101_data/UCF-101/StillRings/v_StillRings_g05_c01.avi,85,8,75,16,85,True,True,0.9332444667816162,0.014999276958405972,0.003701316178194247,0.6147438953630626,86,4,8,8,False,
ucf101,val,v_StillRings_g04_c01,data/UCF101_data/UCF-101/StillRings/v_StillRings_g04_c01.avi,85,8,75,16,85,True,True,0.9023793935775757,0.009218947030603886,0.003701316178194247,0.5980789912864566,113,6,8,8,False,
ucf101,val,v_StillRings_g03_c06,data/UCF101_data/UCF-101/StillRings/v_StillRings_g03_c06.avi,85,8,75,16,85,True,True,0.6345030665397644,0.013088062405586243,0.003701316178194247,0.5878988872282207,261,8,8,8,False,
ucf101,val,v_SumoWrestling_g06_c06,data/UCF101_data/UCF-101/SumoWrestling/v_SumoWrestling_g06_c06.avi,86,8,75,16,86,True,True,0.9791306853294373,0.012630444020032883,0.003701316178194247,0.5735170906409621,228,8,8,8,False,
ucf101,val,v_SumoWrestling_g03_c01,data/UCF101_data/UCF-101/SumoWrestling/v_SumoWrestling_g03_c01.avi,86,8,75,16,86,True,True,0.9799491763114929,0.008739389013499022,0.003701316178194247,0.5595603631809354,116,6,8,8,False,
ucf101,val,v_SumoWrestling_g02_c02,data/UCF101_data/UCF-101/SumoWrestling/v_SumoWrestling_g02_c02.avi,86,8,75,16,86,True,True,0.9798857569694519,0.008446565829217434,0.003701316178194247,0.5499026621691883,111,6,8,8,False,
ucf101,val,v_SumoWrestling_g03_c02,data/UCF101_data/UCF-101/SumoWrestling/v_SumoWrestling_g03_c02.avi,86,8,75,16,86,True,True,0.9300361275672913,0.012547537218779325,0.003701316178194247,0.5405405992642045,231,8,8,8,False,
ucf101,val,v_SumoWrestling_g05_c02,data/UCF101_data/UCF-101/SumoWrestling/v_SumoWrestling_g05_c02.avi,86,8,75,16,86,True,True,0.9761701822280884,0.014435699209570885,0.003701316178194247,0.5268393834121525,289,8,8,8,False,
ucf101,val,v_SumoWrestling_g04_c01,data/UCF101_data/UCF-101/SumoWrestling/v_SumoWrestling_g04_c01.avi,86,8,75,16,86,True,True,0.9649718999862671,0.010411262046545744,0.003701316178194247,0.5113050728105009,171,8,8,8,False,
ucf101,val,v_SumoWrestling_g06_c01,data/UCF101_data/UCF-101/SumoWrestling/v_SumoWrestling_g06_c01.avi,86,8,75,16,86,True,True,0.9827211499214172,0.013685970101505518,0.003701316178194247,0.4998689740896225,241,8,8,8,False,
ucf101,val,v_SumoWrestling_g07_c07,data/UCF101_data/UCF-101/SumoWrestling/v_SumoWrestling_g07_c07.avi,86,8,75,16,86,True,True,0.9779798984527588,0.011145549826323986,0.003701316178194247,0.4852982871234417,187,8,8,8,False,
ucf101,val,v_SumoWrestling_g03_c03,data/UCF101_data/UCF-101/SumoWrestling/v_SumoWrestling_g03_c03.avi,86,8,75,16,86,True,True,0.9817273616790771,0.04378223326057196,0.003717631727340631,0.9743480617180467,251,8,8,8,False,
ucf101,val,v_SumoWrestling_g02_c01,data/UCF101_data/UCF-101/SumoWrestling/v_SumoWrestling_g02_c01.avi,86,8,75,16,86,True,True,0.967836320400238,0.01538047380745411,0.003717631727340631,0.9285710039548576,263,8,8,8,False,
ucf101,val,v_SumoWrestling_g06_c02,data/UCF101_data/UCF-101/SumoWrestling/v_SumoWrestling_g06_c02.avi,86,8,75,16,86,True,True,0.97878497838974,0.00977834826335311,0.003717631727340631,0.9119716319255531,150,7,8,8,False,
ucf101,val,v_SumoWrestling_g06_c03,data/UCF101_data/UCF-101/SumoWrestling/v_SumoWrestling_g06_c03.avi,86,8,75,16,86,True,True,0.9815316200256348,0.006891028955578804,0.003717631727340631,0.90116629563272,72,4,8,8,False,
ucf101,val,v_SumoWrestling_g06_c04,data/UCF101_data/UCF-101/SumoWrestling/v_SumoWrestling_g06_c04.avi,86,8,75,16,86,True,True,0.979284405708313,0.014818394090980291,0.003717631727340631,0.8934558932669461,303,8,8,8,False,
ucf101,val,v_SumoWrestling_g05_c01,data/UCF101_data/UCF-101/SumoWrestling/v_SumoWrestling_g05_c01.avi,86,8,75,16,68,False,True,0.7059247493743896,0.008758433628827333,0.003717631727340631,0.8772151176817715,126,6,8,8,False,
ucf101,val,v_SumoWrestling_g01_c03,data/UCF101_data/UCF-101/SumoWrestling/v_SumoWrestling_g01_c03.avi,86,8,75,16,70,False,True,0.5151575803756714,0.00860639102756977,0.003717631727340631,0.8672978640533984,112,6,8,8,False,
ucf101,val,v_SumoWrestling_g04_c02,data/UCF101_data/UCF-101/SumoWrestling/v_SumoWrestling_g04_c02.avi,86,8,75,16,23,False,False,0.47036921977996826,0.012561025097966194,0.003717631727340631,0.8577958615496755,255,8,8,8,False,
ucf101,val,v_SumoWrestling_g07_c01,data/UCF101_data/UCF-101/SumoWrestling/v_SumoWrestling_g07_c01.avi,86,8,75,16,86,True,True,0.9804779887199402,0.008507259655743837,0.003717631727340631,0.8440968510694802,109,6,8,8,False,
ucf101,val,v_SumoWrestling_g03_c04,data/UCF101_data/UCF-101/SumoWrestling/v_SumoWrestling_g03_c04.avi,86,8,75,16,86,True,True,0.9690665006637573,0.01403371011838317,0.003717631727340631,0.8346807649359107,273,8,8,8,False,
ucf101,val,v_SumoWrestling_g01_c01,data/UCF101_data/UCF-101/SumoWrestling/v_SumoWrestling_g01_c01.avi,86,8,75,16,86,True,True,0.9609994888305664,0.012759256176650524,0.003717631727340631,0.8195269401185215,241,8,8,8,False,
ucf101,val,v_SumoWrestling_g07_c05,data/UCF101_data/UCF-101/SumoWrestling/v_SumoWrestling_g07_c05.avi,86,8,75,16,86,True,True,0.9796711802482605,0.012736952397972345,0.003717631727340631,0.8057373720221221,247,8,8,8,False,
ucf101,val,v_Surfing_g04_c03,data/UCF101_data/UCF-101/Surfing/v_Surfing_g04_c03.avi,87,8,75,16,87,True,True,0.9865156412124634,0.009728061966598034,0.003717631727340631,0.7918840562924743,144,7,8,8,False,
ucf101,val,v_Surfing_g02_c05,data/UCF101_data/UCF-101/Surfing/v_Surfing_g02_c05.avi,87,8,75,16,87,True,True,0.9886448383331299,0.01042247423902154,0.003717631727340631,0.7811500201933086,168,8,8,8,False,
ucf101,val,v_Surfing_g07_c02,data/UCF101_data/UCF-101/Surfing/v_Surfing_g07_c02.avi,87,8,75,16,87,True,True,0.6057140827178955,0.014065769035369158,0.003717631727340631,0.769695334136486,241,8,8,8,False,
ucf101,val,v_Surfing_g01_c07,data/UCF101_data/UCF-101/Surfing/v_Surfing_g01_c07.avi,87,8,75,16,87,True,True,0.987007200717926,0.01246260805055499,0.003717631727340631,0.7544612661004066,235,8,8,8,False,
ucf101,val,v_Surfing_g02_c04,data/UCF101_data/UCF-101/Surfing/v_Surfing_g02_c04.avi,87,8,75,16,87,True,True,0.98768150806427,0.01261598989367485,0.003717631727340631,0.7408927651122212,243,8,8,8,False,
ucf101,val,v_Surfing_g05_c04,data/UCF101_data/UCF-101/Surfing/v_Surfing_g05_c04.avi,87,8,75,16,87,True,True,0.9887730479240417,0.013819233048707247,0.003717631727340631,0.7272369549609721,241,8,8,8,False,
ucf101,val,v_Surfing_g03_c03,data/UCF101_data/UCF-101/Surfing/v_Surfing_g03_c03.avi,87,8,75,16,87,True,True,0.9889240860939026,0.026882553938776255,0.003717631727340631,0.7122422652319074,125,6,8,8,False,
ucf101,val,v_Surfing_g07_c01,data/UCF101_data/UCF-101/Surfing/v_Surfing_g07_c01.avi,87,8,75,16,87,True,True,0.9851232171058655,0.015462617855519056,0.003717631727340631,0.6830611657351255,264,8,8,8,False,
ucf101,val,v_Surfing_g02_c01,data/UCF101_data/UCF-101/Surfing/v_Surfing_g02_c01.avi,87,8,75,16,87,True,True,0.9857752323150635,0.01046841125935316,0.003717631727340631,0.6664492781274021,158,8,8,8,False,
ucf101,val,v_Surfing_g01_c05,data/UCF101_data/UCF-101/Surfing/v_Surfing_g01_c05.avi,87,8,75,16,87,True,True,0.9858630299568176,0.008582735899835825,0.003717631727340631,0.6550702978856862,118,6,8,8,False,
ucf101,val,v_Surfing_g05_c03,data/UCF101_data/UCF-101/Surfing/v_Surfing_g05_c03.avi,87,8,75,16,87,True,True,0.9881393909454346,0.013179284054785967,0.003717631727340631,0.6453634398058057,277,8,8,8,False,
ucf101,val,v_Surfing_g01_c03,data/UCF101_data/UCF-101/Surfing/v_Surfing_g01_c03.avi,87,8,75,16,87,True,True,0.9893028140068054,0.012385074980556965,0.003717631727340631,0.6311047486960888,220,8,8,8,False,
ucf101,val,v_Surfing_g02_c03,data/UCF101_data/UCF-101/Surfing/v_Surfing_g02_c03.avi,87,8,75,16,87,True,True,0.9870119690895081,0.014306914992630482,0.003717631727340631,0.6176477619446814,279,8,8,8,False,
ucf101,val,v_Surfing_g01_c04,data/UCF101_data/UCF-101/Surfing/v_Surfing_g01_c04.avi,87,8,75,16,87,True,True,0.989138662815094,0.014471916947513819,0.003717631727340631,0.6020581577904522,283,8,8,8,False,
ucf101,val,v_Surfing_g03_c04,data/UCF101_data/UCF-101/Surfing/v_Surfing_g03_c04.avi,87,8,75,16,87,True,True,0.9877915382385254,0.029411477968096733,0.003717631727340631,0.5864808089099824,134,7,8,8,False,
ucf101,val,v_Surfing_g04_c01,data/UCF101_data/UCF-101/Surfing/v_Surfing_g04_c01.avi,87,8,75,16,87,True,True,0.984365701675415,0.008940945845097303,0.003717631727340631,0.5545844887383282,113,6,8,8,False,
ucf101,val,v_Surfing_g04_c02,data/UCF101_data/UCF-101/Surfing/v_Surfing_g04_c02.avi,87,8,75,16,87,True,True,0.9885742664337158,0.010607847943902016,0.003717631727340631,0.5446779490448534,176,8,8,8,False,
ucf101,val,v_Surfing_g01_c02,data/UCF101_data/UCF-101/Surfing/v_Surfing_g01_c02.avi,87,8,75,16,87,True,True,0.9487231373786926,0.011600505094975233,0.003717631727340631,0.5329028689302504,203,8,8,8,False,
ucf101,val,v_Surfing_g06_c04,data/UCF101_data/UCF-101/Surfing/v_Surfing_g06_c04.avi,87,8,75,16,87,True,True,0.9876452088356018,0.030830831732600927,0.003717631727340631,0.5202391990460455,139,7,8,8,False,
ucf101,val,v_Surfing_g01_c06,data/UCF101_data/UCF-101/Surfing/v_Surfing_g01_c06.avi,87,8,75,16,87,True,True,0.9846705198287964,0.01272285869345069,0.003717631727340631,0.48655529879033566,213,8,8,8,False,
ucf101,val,v_Swing_g07_c05,data/UCF101_data/UCF-101/Swing/v_Swing_g07_c05.avi,88,8,75,16,88,True,True,0.9564732313156128,0.03297225385904312,0.003581176250008866,1.147834200412035,151,8,8,8,False,
ucf101,val,v_Swing_g02_c04,data/UCF101_data/UCF-101/Swing/v_Swing_g02_c04.avi,88,8,75,16,88,True,True,0.7289242744445801,0.016751429066061974,0.003581176250008866,1.1132377842441201,335,8,8,8,False,
ucf101,val,v_Swing_g07_c04,data/UCF101_data/UCF-101/Swing/v_Swing_g07_c04.avi,88,8,75,16,88,True,True,0.9268399477005005,0.014900547452270985,0.003581176250008866,1.095570825971663,201,8,8,8,False,
ucf101,val,v_Swing_g05_c04,data/UCF101_data/UCF-101/Swing/v_Swing_g05_c04.avi,88,8,75,16,88,True,True,0.9525320529937744,0.012018918059766293,0.003581176250008866,1.0798493092879653,109,6,8,8,False,
ucf101,val,v_Swing_g02_c05,data/UCF101_data/UCF-101/Swing/v_Swing_g02_c05.avi,88,8,75,16,88,True,True,0.8669257164001465,0.014859450049698353,0.003581176250008866,1.066786551848054,201,8,8,8,False,
ucf101,val,v_Swing_g03_c01,data/UCF101_data/UCF-101/Swing/v_Swing_g03_c01.avi,88,8,75,16,78,False,True,0.12226688861846924,0.013278310187160969,0.003581176250008866,1.0510186641477048,145,7,8,8,False,
ucf101,val,v_Swing_g03_c02,data/UCF101_data/UCF-101/Swing/v_Swing_g03_c02.avi,88,8,75,16,88,True,True,0.5238854885101318,0.013168617617338896,0.003581176250008866,1.0369387189857662,145,7,8,8,False,
ucf101,val,v_Swing_g07_c02,data/UCF101_data/UCF-101/Swing/v_Swing_g07_c02.avi,88,8,75,16,88,True,True,0.9744839072227478,0.015065332874655724,0.003581176250008866,1.0229807309806347,251,8,8,8,False,
ucf101,val,v_Swing_g06_c01,data/UCF101_data/UCF-101/Swing/v_Swing_g06_c01.avi,88,8,75,16,88,True,True,0.96979159116745,0.011975082103163004,0.003581176250008866,1.007088648620993,126,6,8,8,False,
ucf101,val,v_Swing_g01_c03,data/UCF101_data/UCF-101/Swing/v_Swing_g01_c03.avi,88,8,75,16,88,True,True,0.5023244023323059,0.014902915805578232,0.003581176250008866,0.994270411785692,168,8,8,8,False,
ucf101,val,v_Swing_g05_c06,data/UCF101_data/UCF-101/Swing/v_Swing_g05_c06.avi,88,8,75,16,88,True,True,0.9659775495529175,0.014548663049936295,0.003581176250008866,0.9785918113775551,201,8,8,8,False,
ucf101,val,v_Swing_g07_c01,data/UCF101_data/UCF-101/Swing/v_Swing_g07_c01.avi,88,8,75,16,88,True,True,0.9288442730903625,0.011913007125258446,0.003581176250008866,0.9630277031101286,126,6,8,8,False,
ucf101,val,v_Swing_g05_c01,data/UCF101_data/UCF-101/Swing/v_Swing_g05_c01.avi,88,8,75,16,88,True,True,0.9648562669754028,0.011663767043501139,0.003581176250008866,0.9502522866241634,109,6,8,8,False,
ucf101,val,v_Swing_g05_c03,data/UCF101_data/UCF-101/Swing/v_Swing_g05_c03.avi,88,8,75,16,88,True,True,0.864006519317627,0.011893883813172579,0.003581176250008866,0.9378699902445078,109,6,8,8,False,
ucf101,val,v_Swing_g02_c03,data/UCF101_data/UCF-101/Swing/v_Swing_g02_c03.avi,88,8,75,16,88,True,True,0.8411940336227417,0.015587582252919674,0.003581176250008866,0.925210592802614,300,8,8,8,False,
ucf101,val,v_Swing_g04_c01,data/UCF101_data/UCF-101/Swing/v_Swing_g04_c01.avi,88,8,75,16,88,True,True,0.9286493062973022,0.011932624969631433,0.003581176250008866,0.9088036720640957,126,6,8,8,False,
ucf101,val,v_Swing_g04_c06,data/UCF101_data/UCF-101/Swing/v_Swing_g04_c06.avi,88,8,75,16,88,True,True,0.9431741833686829,0.014559830073267221,0.003581176250008866,0.8961231582798064,201,8,8,8,False,
ucf101,val,v_Swing_g07_c03,data/UCF101_data/UCF-101/Swing/v_Swing_g07_c03.avi,88,8,75,16,88,True,True,0.9669709205627441,0.01518633309751749,0.003581176250008866,0.8807199699804187,251,8,8,8,False,
ucf101,val,v_Swing_g06_c06,data/UCF101_data/UCF-101/Swing/v_Swing_g06_c06.avi,88,8,75,16,88,True,True,0.9626750349998474,0.015408879145979881,0.003581176250008866,0.864695655182004,151,8,8,8,False,
ucf101,val,v_Swing_g06_c04,data/UCF101_data/UCF-101/Swing/v_Swing_g06_c04.avi,88,8,75,16,88,True,True,0.815830647945404,0.012251197826117277,0.003581176250008866,0.8481864300556481,126,6,8,8,False,
ucf101,val,v_TableTennisShot_g03_c05,data/UCF101_data/UCF-101/TableTennisShot/v_TableTennisShot_g03_c05.avi,89,8,75,16,89,True,True,0.898472011089325,0.018864157143980265,0.003581176250008866,0.8351215212605894,106,5,8,8,False,
ucf101,val,v_TableTennisShot_g06_c06,data/UCF101_data/UCF-101/TableTennisShot/v_TableTennisShot_g06_c06.avi,89,8,75,16,89,True,True,0.9614921808242798,0.024123051203787327,0.003581176250008866,0.8132364517077804,123,6,8,8,False,
ucf101,val,v_TableTennisShot_g04_c01,data/UCF101_data/UCF-101/TableTennisShot/v_TableTennisShot_g04_c01.avi,89,8,75,16,89,True,True,0.9779054522514343,0.03887594910338521,0.003581176250008866,0.7862635478377342,210,8,8,8,False,
ucf101,val,v_TableTennisShot_g04_c05,data/UCF101_data/UCF-101/TableTennisShot/v_TableTennisShot_g04_c05.avi,89,8,75,16,89,True,True,0.9525150060653687,0.021887097973376513,0.003581176250008866,0.7451360328122973,104,5,8,8,False,
ucf101,val,v_TableTennisShot_g06_c02,data/UCF101_data/UCF-101/TableTennisShot/v_TableTennisShot_g06_c02.avi,89,8,75,16,89,True,True,0.9462534785270691,0.03412817604839802,0.003581176250008866,0.71991729689762,175,8,8,8,False,
ucf101,val,v_TableTennisShot_g03_c03,data/UCF101_data/UCF-101/TableTennisShot/v_TableTennisShot_g03_c03.avi,89,8,75,16,89,True,True,0.7086711525917053,0.018807975109666586,0.003581176250008866,0.6833473877049983,105,5,8,8,False,
ucf101,val,v_TableTennisShot_g05_c02,data/UCF101_data/UCF-101/TableTennisShot/v_TableTennisShot_g05_c02.avi,89,8,75,16,89,True,True,0.8693315386772156,0.03337508114054799,0.003581176250008866,0.6623536059632897,173,8,8,8,False,
ucf101,val,v_TableTennisShot_g05_c07,data/UCF101_data/UCF-101/TableTennisShot/v_TableTennisShot_g05_c07.avi,89,8,75,16,89,True,True,0.9820204377174377,0.029143100138753653,0.003581176250008866,0.6265668137930334,157,8,8,8,False,
ucf101,val,v_TableTennisShot_g07_c04,data/UCF101_data/UCF-101/TableTennisShot/v_TableTennisShot_g07_c04.avi,89,8,75,16,89,True,True,0.9758344888687134,0.017082592006772757,0.003581176250008866,0.5953126098029315,80,4,8,8,False,
ucf101,val,v_TableTennisShot_g05_c03,data/UCF101_data/UCF-101/TableTennisShot/v_TableTennisShot_g05_c03.avi,89,8,75,16,89,True,True,0.9016556143760681,0.03972809202969074,0.003581176250008866,0.5766474422998726,221,8,8,8,False,
ucf101,val,v_TableTennisShot_g02_c04,data/UCF101_data/UCF-101/TableTennisShot/v_TableTennisShot_g02_c04.avi,89,8,75,16,89,True,True,0.9192360639572144,0.023722450714558363,0.003581176250008866,0.5351315550506115,119,6,8,8,False,
ucf101,val,v_TableTennisShot_g06_c01,data/UCF101_data/UCF-101/TableTennisShot/v_TableTennisShot_g06_c01.avi,89,8,75,16,89,True,True,0.9751493334770203,0.037510361056774855,0.003581176250008866,0.5089759761467576,207,8,8,8,False,
ucf101,val,v_TableTennisShot_g06_c05,data/UCF101_data/UCF-101/TableTennisShot/v_TableTennisShot_g06_c05.avi,89,8,75,16,89,True,True,0.966795802116394,0.03579407325014472,0.0036006661684950814,1.1133572459220886,170,8,8,8,False,
ucf101,val,v_TableTennisShot_g04_c02,data/UCF101_data/UCF-101/TableTennisShot/v_TableTennisShot_g04_c02.avi,89,8,75,16,89,True,True,0.9741300344467163,0.027116306126117706,0.0036006661684950814,1.0754421609453857,134,7,8,8,False,
ucf101,val,v_TableTennisShot_g05_c04,data/UCF101_data/UCF-101/TableTennisShot/v_TableTennisShot_g05_c04.avi,89,8,75,16,89,True,True,0.9804179668426514,0.03325762879103422,0.0036006661684950814,1.0457604909315705,176,8,8,8,False,
ucf101,val,v_TableTennisShot_g03_c04,data/UCF101_data/UCF-101/TableTennisShot/v_TableTennisShot_g03_c04.avi,89,8,75,16,89,True,True,0.8250595927238464,0.02718616370111704,0.0036006661684950814,1.010470843873918,131,7,8,8,False,
ucf101,val,v_TableTennisShot_g01_c06,data/UCF101_data/UCF-101/TableTennisShot/v_TableTennisShot_g01_c06.avi,89,8,75,16,89,True,True,0.9397832751274109,0.03993603400886059,0.0036006661684950814,0.9806018378585577,194,8,8,8,False,
ucf101,val,v_TableTennisShot_g02_c01,data/UCF101_data/UCF-101/TableTennisShot/v_TableTennisShot_g02_c01.avi,89,8,75,16,89,True,True,0.9590749740600586,0.04466119688004255,0.0036006661684950814,0.9378918847069144,225,8,8,8,False,
ucf101,val,v_TableTennisShot_g07_c01,data/UCF101_data/UCF-101/TableTennisShot/v_TableTennisShot_g07_c01.avi,89,8,75,16,89,True,True,0.972687840461731,0.018271817825734615,0.0036006661684950814,0.8906332380138338,75,4,8,8,False,
ucf101,val,v_TableTennisShot_g01_c05,data/UCF101_data/UCF-101/TableTennisShot/v_TableTennisShot_g01_c05.avi,89,8,75,16,89,True,True,0.7439339756965637,0.03338467190042138,0.0036006661684950814,0.869100249838084,164,8,8,8,False,
ucf101,val,v_TaiChi_g07_c04,data/UCF101_data/UCF-101/TaiChi/v_TaiChi_g07_c04.avi,90,8,75,16,90,True,True,0.9003713726997375,0.016296279150992632,0.0036006661684950814,0.8334618490189314,171,8,8,8,False,
ucf101,val,v_TaiChi_g03_c01,data/UCF101_data/UCF-101/TaiChi/v_TaiChi_g03_c01.avi,90,8,75,16,90,True,True,0.8764176368713379,0.01567416125908494,0.0036006661684950814,0.8162461402826011,180,8,8,8,False,
ucf101,val,v_TaiChi_g01_c02,data/UCF101_data/UCF-101/TaiChi/v_TaiChi_g01_c02.avi,90,8,75,16,90,True,True,0.8620136976242065,0.015013531781733036,0.0036006661684950814,0.7996005867607892,168,8,8,8,False,
ucf101,val,v_TaiChi_g06_c01,data/UCF101_data/UCF-101/TaiChi/v_TaiChi_g06_c01.avi,90,8,75,16,90,True,True,0.8722100853919983,0.015200940892100334,0.0036006661684950814,0.7837212099693716,183,8,8,8,False,
ucf101,val,v_TaiChi_g04_c04,data/UCF101_data/UCF-101/TaiChi/v_TaiChi_g04_c04.avi,90,8,75,16,90,True,True,0.9743397235870361,0.014711835887283087,0.0036006661684950814,0.7676628902554512,174,8,8,8,False,
ucf101,val,v_TaiChi_g03_c04,data/UCF101_data/UCF-101/TaiChi/v_TaiChi_g03_c04.avi,90,8,75,16,90,True,True,0.9719494581222534,0.014830797910690308,0.0036006661684950814,0.752111567184329,171,8,8,8,False,
ucf101,val,v_TaiChi_g05_c02,data/UCF101_data/UCF-101/TaiChi/v_TaiChi_g05_c02.avi,90,8,75,16,90,True,True,0.9165230393409729,0.01561187719926238,0.0036006661684950814,0.7364481636323035,171,8,8,8,False,
ucf101,val,v_TaiChi_g01_c04,data/UCF101_data/UCF-101/TaiChi/v_TaiChi_g01_c04.avi,90,8,75,16,90,True,True,0.7730095386505127,0.015366006176918745,0.0036006661684950814,0.7197017059661448,168,8,8,8,False,
ucf101,val,v_TaiChi_g05_c01,data/UCF101_data/UCF-101/TaiChi/v_TaiChi_g05_c01.avi,90,8,75,16,90,True,True,0.8894820213317871,0.014646091032773256,0.0036006661684950814,0.7035289350897074,169,8,8,8,False,
ucf101,val,v_TaiChi_g07_c01,data/UCF101_data/UCF-101/TaiChi/v_TaiChi_g07_c01.avi,90,8,75,16,90,True,True,0.9603881239891052,0.015573394019156694,0.0036006661684950814,0.6880677500739694,192,8,8,8,False,
ucf101,val,v_TaiChi_g03_c02,data/UCF101_data/UCF-101/TaiChi/v_TaiChi_g03_c02.avi,90,8,75,16,90,True,True,0.9730716943740845,0.015030999667942524,0.0036006661684950814,0.6716132168658078,170,8,8,8,False,
ucf101,val,v_TaiChi_g01_c03,data/UCF101_data/UCF-101/TaiChi/v_TaiChi_g01_c03.avi,90,8,75,16,90,True,True,0.8882264494895935,0.015017035882920027,0.0036006661684950814,0.6557222330011427,169,8,8,8,False,
ucf101,val,v_TaiChi_g02_c02,data/UCF101_data/UCF-101/TaiChi/v_TaiChi_g02_c02.avi,90,8,75,16,90,True,True,0.5067319273948669,0.014665248803794384,0.0036006661684950814,0.6396329277195036,171,8,8,8,False,
ucf101,val,v_TaiChi_g02_c01,data/UCF101_data/UCF-101/TaiChi/v_TaiChi_g02_c01.avi,90,8,75,16,90,True,True,0.40080416202545166,0.015174925792962313,0.0036006661684950814,0.6240946846082807,176,8,8,8,False,
ucf101,val,v_TaiChi_g02_c04,data/UCF101_data/UCF-101/TaiChi/v_TaiChi_g02_c04.avi,90,8,75,16,90,True,True,0.45061376690864563,0.014873044099658728,0.0036006661684950814,0.6079834490083158,171,8,8,8,False,
ucf101,val,v_TaiChi_g07_c03,data/UCF101_data/UCF-101/TaiChi/v_TaiChi_g07_c03.avi,90,8,75,16,90,True,True,0.9700869917869568,0.014962512999773026,0.0036006661684950814,0.5922876256518066,171,8,8,8,False,
ucf101,val,v_TaiChi_g05_c04,data/UCF101_data/UCF-101/TaiChi/v_TaiChi_g05_c04.avi,90,8,75,16,90,True,True,0.9466291069984436,0.014805881772190332,0.0036006661684950814,0.5765070472843945,169,8,8,8,False,
ucf101,val,v_TaiChi_g02_c03,data/UCF101_data/UCF-101/TaiChi/v_TaiChi_g02_c03.avi,90,8,75,16,55,False,True,0.4392563998699188,0.014756420627236366,0.0036006661684950814,0.5607722075656056,176,8,8,8,False,
ucf101,val,v_TaiChi_g07_c02,data/UCF101_data/UCF-101/TaiChi/v_TaiChi_g07_c02.avi,90,8,75,16,90,True,True,0.9707103371620178,0.015261108055710793,0.0036006661684950814,0.5451492737047374,177,8,8,8,False,
ucf101,val,v_TaiChi_g05_c03,data/UCF101_data/UCF-101/TaiChi/v_TaiChi_g05_c03.avi,90,8,75,16,90,True,True,0.739998996257782,0.014808013569563627,0.0036006661684950814,0.5289640189148486,170,8,8,8,False,
ucf101,val,v_TennisSwing_g05_c01,data/UCF101_data/UCF-101/TennisSwing/v_TennisSwing_g05_c01.avi,91,8,75,16,91,True,True,0.9484103322029114,0.012128922156989574,0.0036006661684950814,0.5133279971778393,122,6,8,8,False,
ucf101,val,v_TennisSwing_g04_c02,data/UCF101_data/UCF-101/TennisSwing/v_TennisSwing_g04_c02.avi,91,8,75,16,91,True,True,0.9753714203834534,0.010406038258224726,0.0036006661684950814,0.5001035062596202,98,5,8,8,False,
ucf101,val,v_TennisSwing_g01_c02,data/UCF101_data/UCF-101/TennisSwing/v_TennisSwing_g01_c02.avi,91,8,75,16,91,True,True,0.9694256782531738,0.008751452900469303,0.0036006661684950814,0.4888777011074126,85,4,8,8,False,
ucf101,val,v_TennisSwing_g04_c06,data/UCF101_data/UCF-101/TennisSwing/v_TennisSwing_g04_c06.avi,91,8,75,16,91,True,True,0.9710133671760559,0.010220993775874376,0.0036006661684950814,0.47939660400152206,98,5,8,8,False,
ucf101,val,v_TennisSwing_g01_c04,data/UCF101_data/UCF-101/TennisSwing/v_TennisSwing_g01_c04.avi,91,8,75,16,91,True,True,0.9700639843940735,0.02425994584336877,0.0038253816892392933,0.8603907721117139,90,5,8,8,False,
ucf101,val,v_TennisSwing_g04_c05,data/UCF101_data/UCF-101/TennisSwing/v_TennisSwing_g04_c05.avi,91,8,75,16,91,True,True,0.969436526298523,0.012616347055882215,0.0038253816892392933,0.8343571233563125,122,6,8,8,False,
ucf101,val,v_TennisSwing_g05_c05,data/UCF101_data/UCF-101/TennisSwing/v_TennisSwing_g05_c05.avi,91,8,75,16,91,True,True,0.895597517490387,0.014539186377078295,0.0038253816892392933,0.820964511949569,154,8,8,8,False,
ucf101,val,v_TennisSwing_g04_c03,data/UCF101_data/UCF-101/TennisSwing/v_TennisSwing_g04_c03.avi,91,8,75,16,91,True,True,0.9675300121307373,0.008810773957520723,0.0038253816892392933,0.8054165150970221,86,4,8,8,False,
ucf101,val,v_TennisSwing_g03_c02,data/UCF101_data/UCF-101/TennisSwing/v_TennisSwing_g03_c02.avi,91,8,75,16,91,True,True,0.9682796001434326,0.007441359106451273,0.0038253816892392933,0.795767170842737,62,3,8,8,False,
ucf101,val,v_TennisSwing_g04_c04,data/UCF101_data/UCF-101/TennisSwing/v_TennisSwing_g04_c04.avi,91,8,75,16,91,True,True,0.9672144055366516,0.010187386069446802,0.0038253816892392933,0.7874484397470951,97,5,8,8,False,
ucf101,val,v_TennisSwing_g01_c06,data/UCF101_data/UCF-101/TennisSwing/v_TennisSwing_g01_c06.avi,91,8,75,16,91,True,True,0.9817954897880554,0.010160448029637337,0.0038253816892392933,0.7764696916565299,90,5,8,8,False,
ucf101,val,v_TennisSwing_g06_c07,data/UCF101_data/UCF-101/TennisSwing/v_TennisSwing_g06_c07.avi,91,8,75,16,91,True,True,0.9819393754005432,0.015073067974299192,0.0038253816892392933,0.7654512478038669,186,8,8,8,False,
ucf101,val,v_TennisSwing_g03_c01,data/UCF101_data/UCF-101/TennisSwing/v_TennisSwing_g03_c01.avi,91,8,75,16,91,True,True,0.9565750360488892,0.008632910903543234,0.0038253816892392933,0.7494939337484539,80,4,8,8,False,
ucf101,val,v_TennisSwing_g07_c05,data/UCF101_data/UCF-101/TennisSwing/v_TennisSwing_g07_c05.avi,91,8,75,16,91,True,True,0.769934892654419,0.015311510767787695,0.0038253816892392933,0.7400490581057966,173,8,8,8,False,
ucf101,val,v_TennisSwing_g03_c07,data/UCF101_data/UCF-101/TennisSwing/v_TennisSwing_g03_c07.avi,91,8,75,16,91,True,True,0.9681710004806519,0.00859467126429081,0.0038253816892392933,0.7238223101012409,74,4,8,8,False,
ucf101,val,v_TennisSwing_g01_c07,data/UCF101_data/UCF-101/TennisSwing/v_TennisSwing_g01_c07.avi,91,8,75,16,91,True,True,0.9803566336631775,0.008709014859050512,0.0038253816892392933,0.7143778372555971,86,4,8,8,False,
ucf101,val,v_TennisSwing_g04_c01,data/UCF101_data/UCF-101/TennisSwing/v_TennisSwing_g04_c01.avi,91,8,75,16,91,True,True,0.9720949530601501,0.01334006804972887,0.0038253816892392933,0.7046711570583284,146,7,8,8,False,
ucf101,val,v_TennisSwing_g02_c03,data/UCF101_data/UCF-101/TennisSwing/v_TennisSwing_g02_c03.avi,91,8,75,16,91,True,True,0.6951452493667603,0.008525657933205366,0.0038253816892392933,0.6905467011965811,74,4,8,8,False,
ucf101,val,v_TennisSwing_g01_c05,data/UCF101_data/UCF-101/TennisSwing/v_TennisSwing_g01_c05.avi,91,8,75,16,91,True,True,0.977581799030304,0.008728108834475279,0.0038253816892392933,0.6812721001915634,85,4,8,8,False,
ucf101,val,v_TennisSwing_g06_c01,data/UCF101_data/UCF-101/TennisSwing/v_TennisSwing_g06_c01.avi,91,8,75,16,91,True,True,0.9791899919509888,0.013053329195827246,0.0038253816892392933,0.6717881420627236,139,7,8,8,False,
ucf101,val,v_ThrowDiscus_g04_c04,data/UCF101_data/UCF-101/ThrowDiscus/v_ThrowDiscus_g04_c04.avi,92,8,75,16,92,True,True,0.27755165100097656,0.012465719133615494,0.0038253816892392933,0.6579642407596111,123,6,8,8,False,
ucf101,val,v_ThrowDiscus_g06_c07,data/UCF101_data/UCF-101/ThrowDiscus/v_ThrowDiscus_g06_c07.avi,92,8,75,16,93,False,False,0.30332502722740173,0.008940924890339375,0.0038253816892392933,0.6445805756375194,71,4,8,8,False,
ucf101,val,v_ThrowDiscus_g02_c05,data/UCF101_data/UCF-101/ThrowDiscus/v_ThrowDiscus_g02_c05.avi,92,8,75,16,35,False,True,0.4981970489025116,0.008701348677277565,0.0038253816892392933,0.6348664471879601,84,4,8,8,False,
ucf101,val,v_ThrowDiscus_g07_c06,data/UCF101_data/UCF-101/ThrowDiscus/v_ThrowDiscus_g07_c06.avi,92,8,75,16,78,False,True,0.5573098063468933,0.010406832676380873,0.0038253816892392933,0.6253203530795872,105,5,8,8,False,
ucf101,val,v_ThrowDiscus_g06_c05,data/UCF101_data/UCF-101/ThrowDiscus/v_ThrowDiscus_g06_c05.avi,92,8,75,16,92,True,True,0.7687296271324158,0.013333753682672977,0.0038253816892392933,0.6140969377011061,133,7,8,8,False,
ucf101,val,v_ThrowDiscus_g01_c01,data/UCF101_data/UCF-101/ThrowDiscus/v_ThrowDiscus_g01_c01.avi,92,8,75,16,92,True,True,0.47829627990722656,0.008366432972252369,0.0038253816892392933,0.5996914221905172,66,4,8,8,False,
ucf101,val,v_ThrowDiscus_g02_c02,data/UCF101_data/UCF-101/ThrowDiscus/v_ThrowDiscus_g02_c02.avi,92,8,75,16,92,True,True,0.8014979958534241,0.010256703943014145,0.0038253816892392933,0.5905868448317051,90,5,8,8,False,
ucf101,val,v_ThrowDiscus_g07_c02,data/UCF101_data/UCF-101/ThrowDiscus/v_ThrowDiscus_g07_c02.avi,92,8,75,16,92,True,True,0.8653954863548279,0.010563662741333246,0.0038253816892392933,0.5794711881317198,105,5,8,8,False,
ucf101,val,v_ThrowDiscus_g07_c05,data/UCF101_data/UCF-101/ThrowDiscus/v_ThrowDiscus_g07_c05.avi,92,8,75,16,92,True,True,0.9017882943153381,0.012072234880179167,0.0038253816892392933,0.5681217960081995,110,6,8,8,False,
ucf101,val,v_ThrowDiscus_g02_c03,data/UCF101_data/UCF-101/ThrowDiscus/v_ThrowDiscus_g02_c03.avi,92,8,75,16,35,False,True,0.5478707551956177,0.010147229302674532,0.0038253816892392933,0.5553183942101896,90,5,8,8,False,
ucf101,val,v_ThrowDiscus_g06_c03,data/UCF101_data/UCF-101/ThrowDiscus/v_ThrowDiscus_g06_c03.avi,92,8,75,16,93,False,True,0.572077751159668,0.010073667857795954,0.0038253816892392933,0.5443364628590643,97,5,8,8,False,
ucf101,val,v_ThrowDiscus_g02_c01,data/UCF101_data/UCF-101/ThrowDiscus/v_ThrowDiscus_g02_c01.avi,92,8,75,16,92,True,True,0.8705272674560547,0.008480971679091454,0.0038253816892392933,0.5334502952173352,84,4,8,8,False,
ucf101,val,v_ThrowDiscus_g04_c03,data/UCF101_data/UCF-101/ThrowDiscus/v_ThrowDiscus_g04_c03.avi,92,8,75,16,92,True,True,0.896014928817749,0.01191615592688322,0.0038253816892392933,0.5241628740914166,121,6,8,8,False,
ucf101,val,v_ThrowDiscus_g05_c05,data/UCF101_data/UCF-101/ThrowDiscus/v_ThrowDiscus_g05_c05.avi,92,8,75,16,92,True,True,0.735091507434845,0.0072426931001245975,0.0038253816892392933,0.5114955110475421,61,3,8,8,False,
ucf101,val,v_ThrowDiscus_g05_c01,data/UCF101_data/UCF-101/ThrowDiscus/v_ThrowDiscus_g05_c01.avi,92,8,75,16,92,True,True,0.8162779808044434,0.0094045321457088,0.0038253816892392933,0.5035582198761404,76,4,8,8,False,
ucf101,val,v_ThrowDiscus_g04_c02,data/UCF101_data/UCF-101/ThrowDiscus/v_ThrowDiscus_g04_c02.avi,92,8,75,16,92,True,True,0.9042391180992126,0.016495408955961466,0.0038253816892392933,0.49310996662825346,158,8,8,8,False,
ucf101,val,v_ThrowDiscus_g03_c03,data/UCF101_data/UCF-101/ThrowDiscus/v_ThrowDiscus_g03_c03.avi,92,8,75,16,35,False,True,0.6530331373214722,0.03278680611401796,0.003670018442790024,1.0627694320864975,148,7,8,8,False,
ucf101,val,v_ThrowDiscus_g01_c04,data/UCF101_data/UCF-101/ThrowDiscus/v_ThrowDiscus_g01_c04.avi,92,8,75,16,92,True,True,0.4696412980556488,0.00940918643027544,0.003670018442790024,1.0286189019680023,78,4,8,8,False,
ucf101,val,v_ThrowDiscus_g02_c06,data/UCF101_data/UCF-101/ThrowDiscus/v_ThrowDiscus_g02_c06.avi,92,8,75,16,92,True,True,0.6508453488349915,0.010647892020642757,0.003670018442790024,1.0183095983229578,90,5,8,8,False,
ucf101,val,v_ThrowDiscus_g02_c04,data/UCF101_data/UCF-101/ThrowDiscus/v_ThrowDiscus_g02_c04.avi,92,8,75,16,92,True,True,0.8176643252372742,0.012623067945241928,0.003670018442790024,1.0067161731421947,126,6,8,8,False,
ucf101,val,v_TrampolineJumping_g05_c01,data/UCF101_data/UCF-101/TrampolineJumping/v_TrampolineJumping_g05_c01.avi,93,8,75,16,93,True,True,0.6325181722640991,0.015632464084774256,0.003670018442790024,0.9932335088960826,151,8,8,8,False,
ucf101,val,v_TrampolineJumping_g01_c04,data/UCF101_data/UCF-101/TrampolineJumping/v_TrampolineJumping_g01_c04.avi,93,8,75,16,93,True,True,0.9540867209434509,0.010598937049508095,0.003670018442790024,0.976725481916219,106,5,8,8,False,
ucf101,val,v_TrampolineJumping_g01_c02,data/UCF101_data/UCF-101/TrampolineJumping/v_TrampolineJumping_g01_c02.avi,93,8,75,16,93,True,True,0.9718172550201416,0.015745344571769238,0.003670018442790024,0.9653439042158425,240,8,8,8,False,
ucf101,val,v_TrampolineJumping_g02_c04,data/UCF101_data/UCF-101/TrampolineJumping/v_TrampolineJumping_g02_c04.avi,93,8,75,16,93,True,True,0.9707767367362976,0.0150273023173213,0.003670018442790024,0.9483678536489606,201,8,8,8,False,
ucf101,val,v_TrampolineJumping_g03_c04,data/UCF101_data/UCF-101/TrampolineJumping/v_TrampolineJumping_g03_c04.avi,93,8,75,16,93,True,True,0.9803195595741272,0.015420467127114534,0.003670018442790024,0.9323858828283846,201,8,8,8,False,
ucf101,val,v_TrampolineJumping_g05_c02,data/UCF101_data/UCF-101/TrampolineJumping/v_TrampolineJumping_g05_c02.avi,93,8,75,16,93,True,True,0.9168024659156799,0.015101154800504446,0.003670018442790024,0.9159271619282663,151,8,8,8,False,
ucf101,val,v_TrampolineJumping_g06_c03,data/UCF101_data/UCF-101/TrampolineJumping/v_TrampolineJumping_g06_c03.avi,93,8,75,16,88,False,True,0.6663818955421448,0.014500886667519808,0.003670018442790024,0.9000048530288041,450,8,8,8,False,
ucf101,val,v_TrampolineJumping_g07_c05,data/UCF101_data/UCF-101/TrampolineJumping/v_TrampolineJumping_g07_c05.avi,93,8,75,16,93,True,True,0.9685894250869751,0.015389725100249052,0.003670018442790024,0.8846196183003485,240,8,8,8,False,
ucf101,val,v_TrampolineJumping_g04_c01,data/UCF101_data/UCF-101/TrampolineJumping/v_TrampolineJumping_g04_c01.avi,93,8,75,16,93,True,True,0.9811885952949524,0.016019106842577457,0.003670018442790024,0.8682025708258152,250,8,8,8,False,
ucf101,val,v_TrampolineJumping_g01_c03,data/UCF101_data/UCF-101/TrampolineJumping/v_TrampolineJumping_g01_c03.avi,93,8,75,16,93,True,True,0.9692756533622742,0.010460712015628815,0.003670018442790024,0.85107924323529,106,5,8,8,False,
ucf101,val,v_TrampolineJumping_g07_c04,data/UCF101_data/UCF-101/TrampolineJumping/v_TrampolineJumping_g07_c04.avi,93,8,75,16,93,True,True,0.9729127287864685,0.015202139969915152,0.003670018442790024,0.8396280631422997,201,8,8,8,False,
ucf101,val,v_TrampolineJumping_g04_c02,data/UCF101_data/UCF-101/TrampolineJumping/v_TrampolineJumping_g04_c02.avi,93,8,75,16,93,True,True,0.9772480130195618,0.016090344171971083,0.003670018442790024,0.8225151756778359,250,8,8,8,False,
ucf101,val,v_TrampolineJumping_g06_c02,data/UCF101_data/UCF-101/TrampolineJumping/v_TrampolineJumping_g06_c02.avi,93,8,75,16,93,True,True,0.6746520400047302,0.015888812951743603,0.003670018442790024,0.8055627788417041,450,8,8,8,False,
ucf101,val,v_TrampolineJumping_g04_c04,data/UCF101_data/UCF-101/TrampolineJumping/v_TrampolineJumping_g04_c04.avi,93,8,75,16,93,True,True,0.9773935079574585,0.016013917978852987,0.003670018442790024,0.7879414381459355,250,8,8,8,False,
ucf101,val,v_TrampolineJumping_g01_c01,data/UCF101_data/UCF-101/TrampolineJumping/v_TrampolineJumping_g01_c01.avi,93,8,75,16,93,True,True,0.9712783694267273,0.015864182263612747,0.003670018442790024,0.7710293680429459,240,8,8,8,False,
ucf101,val,v_TrampolineJumping_g04_c03,data/UCF101_data/UCF-101/TrampolineJumping/v_TrampolineJumping_g04_c03.avi,93,8,75,16,93,True,True,0.9806181788444519,0.01646928209811449,0.003670018442790024,0.7543681561946869,250,8,8,8,False,
ucf101,val,v_TrampolineJumping_g07_c02,data/UCF101_data/UCF-101/TrampolineJumping/v_TrampolineJumping_g07_c02.avi,93,8,75,16,93,True,True,0.9714036583900452,0.01695791818201542,0.003670018442790024,0.7364162029698491,401,8,8,8,False,
ucf101,val,v_TrampolineJumping_g03_c02,data/UCF101_data/UCF-101/TrampolineJumping/v_TrampolineJumping_g03_c02.avi,93,8,75,16,93,True,True,0.961914598941803,0.0160755617544055,0.003670018442790024,0.7176047279499471,201,8,8,8,False,
ucf101,val,v_TrampolineJumping_g05_c04,data/UCF101_data/UCF-101/TrampolineJumping/v_TrampolineJumping_g05_c04.avi,93,8,75,16,93,True,True,0.6021507382392883,0.015317485202103853,0.003670018442790024,0.7006485098972917,151,8,8,8,False,
ucf101,val,v_TrampolineJumping_g02_c01,data/UCF101_data/UCF-101/TrampolineJumping/v_TrampolineJumping_g02_c01.avi,93,8,75,16,93,True,True,0.9683722853660583,0.015342197846621275,0.003670018442790024,0.6843604408204556,201,8,8,8,False,
ucf101,val,v_Typing_g05_c04,data/UCF101_data/UCF-101/Typing/v_Typing_g05_c04.avi,94,8,75,16,94,True,True,0.9851772785186768,0.013655549846589565,0.003670018442790024,0.6681191720999777,250,8,8,8,False,
ucf101,val,v_Typing_g01_c01,data/UCF101_data/UCF-101/Typing/v_Typing_g01_c01.avi,94,8,75,16,94,True,True,0.9761753678321838,0.00928936107084155,0.003670018442790024,0.6532227490097284,127,6,8,8,False,
ucf101,val,v_Typing_g07_c03,data/UCF101_data/UCF-101/Typing/v_Typing_g07_c03.avi,94,8,75,16,94,True,True,0.9725707173347473,0.009136178996413946,0.003670018442790024,0.6429842789657414,128,6,8,8,False,
ucf101,val,v_Typing_g04_c03,data/UCF101_data/UCF-101/Typing/v_Typing_g04_c03.avi,94,8,75,16,94,True,True,0.9616556763648987,0.030159876216202974,0.003670018442790024,0.632762763183564,150,7,8,8,False,
ucf101,val,v_Typing_g03_c03,data/UCF101_data/UCF-101/Typing/v_Typing_g03_c03.avi,94,8,75,16,94,True,True,0.9847698211669922,0.04904029658064246,0.003670018442790024,0.5993936490267515,250,8,8,8,False,
ucf101,val,v_Typing_g06_c07,data/UCF101_data/UCF-101/Typing/v_Typing_g06_c07.avi,94,8,75,16,94,True,True,0.9850229620933533,0.010356281884014606,0.003670018442790024,0.5474857809022069,119,6,8,8,False,
ucf101,val,v_Typing_g05_c03,data/UCF101_data/UCF-101/Typing/v_Typing_g05_c03.avi,94,8,75,16,94,True,True,0.9851281046867371,0.013234858866780996,0.003670018442790024,0.5361620201729238,250,8,8,8,False,
ucf101,val,v_Typing_g02_c05,data/UCF101_data/UCF-101/Typing/v_Typing_g02_c05.avi,94,8,75,16,94,True,True,0.9858796000480652,0.04708311427384615,0.003670018442790024,0.5216101808473468,250,8,8,8,False,
ucf101,val,v_Typing_g01_c06,data/UCF101_data/UCF-101/Typing/v_Typing_g01_c06.avi,94,8,75,16,94,True,True,0.9742661714553833,0.028809874318540096,0.003954824846005067,1.0393154979683459,144,7,8,8,False,
ucf101,val,v_Typing_g06_c04,data/UCF101_data/UCF-101/Typing/v_Typing_g06_c04.avi,94,8,75,16,94,True,True,0.9862922430038452,0.010070472955703735,0.003954824846005067,1.006875237915665,123,6,8,8,False,
ucf101,val,v_Typing_g04_c04,data/UCF101_data/UCF-101/Typing/v_Typing_g04_c04.avi,94,8,75,16,94,True,True,0.9824380278587341,0.013547521084547043,0.003954824846005067,0.9955164450220764,250,8,8,8,False,
ucf101,val,v_Typing_g01_c05,data/UCF101_data/UCF-101/Typing/v_Typing_g01_c05.avi,94,8,75,16,94,True,True,0.9764761924743652,0.009090721607208252,0.003954824846005067,0.980675264261663,124,6,8,8,False,
ucf101,val,v_Typing_g06_c01,data/UCF101_data/UCF-101/Typing/v_Typing_g06_c01.avi,94,8,75,16,94,True,True,0.9851275086402893,0.009975951164960861,0.003954824846005067,0.9705979498103261,141,7,8,8,False,
ucf101,val,v_Typing_g03_c04,data/UCF101_data/UCF-101/Typing/v_Typing_g03_c04.avi,94,8,75,16,94,True,True,0.984759509563446,0.0473255361430347,0.003954824846005067,0.9596283352002501,250,8,8,8,False,
ucf101,val,v_Typing_g03_c05,data/UCF101_data/UCF-101/Typing/v_Typing_g03_c05.avi,94,8,75,16,94,True,True,0.9856227040290833,0.047904317267239094,0.003954824846005067,0.9098323509097099,248,8,8,8,False,
ucf101,val,v_Typing_g05_c06,data/UCF101_data/UCF-101/Typing/v_Typing_g05_c06.avi,94,8,75,16,94,True,True,0.9860695600509644,0.015116686932742596,0.003954824846005067,0.8594627841375768,250,8,8,8,False,
ucf101,val,v_Typing_g05_c02,data/UCF101_data/UCF-101/Typing/v_Typing_g05_c02.avi,94,8,75,16,94,True,True,0.9852128028869629,0.01330225681886077,0.003954824846005067,0.8431569333188236,250,8,8,8,False,
ucf101,val,v_Typing_g07_c06,data/UCF101_data/UCF-101/Typing/v_Typing_g07_c06.avi,94,8,75,16,94,True,True,0.9664155840873718,0.008821809198707342,0.003954824846005067,0.8285916363820434,110,6,8,8,False,
ucf101,val,v_Typing_g05_c05,data/UCF101_data/UCF-101/Typing/v_Typing_g05_c05.avi,94,8,75,16,94,True,True,0.9852249026298523,0.026244506239891052,0.003954824846005067,0.81882916809991,250,8,8,8,False,
ucf101,val,v_Typing_g07_c05,data/UCF101_data/UCF-101/Typing/v_Typing_g07_c05.avi,94,8,75,16,94,True,True,0.9751327633857727,0.01092315698042512,0.003954824846005067,0.7895040600560606,129,7,8,8,False,
ucf101,val,v_UnevenBars_g04_c01,data/UCF101_data/UCF-101/UnevenBars/v_UnevenBars_g04_c01.avi,95,8,75,16,95,True,True,0.8311302065849304,0.03499605180695653,0.003954824846005067,0.7775839907117188,142,7,8,8,False,
ucf101,val,v_UnevenBars_g04_c04,data/UCF101_data/UCF-101/UnevenBars/v_UnevenBars_g04_c04.avi,95,8,75,16,95,True,True,0.6967207193374634,0.010780652984976768,0.003954824846005067,0.7393523352220654,145,7,8,8,False,
ucf101,val,v_UnevenBars_g01_c02,data/UCF101_data/UCF-101/UnevenBars/v_UnevenBars_g01_c02.avi,95,8,75,16,95,True,True,0.896354615688324,0.01063814340159297,0.003954824846005067,0.727490852586925,160,8,8,8,False,
ucf101,val,v_UnevenBars_g06_c01,data/UCF101_data/UCF-101/UnevenBars/v_UnevenBars_g06_c01.avi,95,8,75,16,56,False,True,0.8453412055969238,0.009353523142635822,0.003954824846005067,0.7157508148811758,98,5,8,8,False,
ucf101,val,v_UnevenBars_g07_c04,data/UCF101_data/UCF-101/UnevenBars/v_UnevenBars_g07_c04.avi,95,8,75,16,95,True,True,0.821215808391571,0.009243362117558718,0.003954824846005067,0.7053631101734936,123,6,8,8,False,
ucf101,val,v_UnevenBars_g03_c04,data/UCF101_data/UCF-101/UnevenBars/v_UnevenBars_g03_c04.avi,95,8,75,16,56,False,True,0.5387592911720276,0.01342553598806262,0.003954824846005067,0.6952159688808024,246,8,8,8,False,
ucf101,val,v_UnevenBars_g03_c01,data/UCF101_data/UCF-101/UnevenBars/v_UnevenBars_g03_c01.avi,95,8,75,16,56,False,True,0.5025268197059631,0.009612852707505226,0.003954824846005067,0.6805989160202444,129,7,8,8,False,
ucf101,val,v_UnevenBars_g01_c01,data/UCF101_data/UCF-101/UnevenBars/v_UnevenBars_g01_c01.avi,95,8,75,16,95,True,True,0.6941512227058411,0.010807403828948736,0.003954824846005067,0.669934815261513,161,8,8,8,False,
ucf101,val,v_UnevenBars_g06_c03,data/UCF101_data/UCF-101/UnevenBars/v_UnevenBars_g06_c03.avi,95,8,75,16,56,False,True,0.5802662372589111,0.007424503099173307,0.003954824846005067,0.6580631230026484,79,4,8,8,False,
ucf101,val,v_UnevenBars_g01_c03,data/UCF101_data/UCF-101/UnevenBars/v_UnevenBars_g01_c03.avi,95,8,75,16,95,True,True,0.9078019857406616,0.010842174757272005,0.003954824846005067,0.6496820100583136,153,8,8,8,False,
ucf101,val,v_UnevenBars_g05_c04,data/UCF101_data/UCF-101/UnevenBars/v_UnevenBars_g05_c04.avi,95,8,75,16,56,False,True,0.4252019226551056,0.008367020636796951,0.003954824846005067,0.6377247991040349,107,5,8,8,False,
ucf101,val,v_UnevenBars_g02_c04,data/UCF101_data/UCF-101/UnevenBars/v_UnevenBars_g02_c04.avi,95,8,75,16,95,True,True,0.9475530982017517,0.012143004685640335,0.003954824846005067,0.6284357691183686,196,8,8,8,False,
ucf101,val,v_UnevenBars_g01_c04,data/UCF101_data/UCF-101/UnevenBars/v_UnevenBars_g01_c04.avi,95,8,75,16,95,True,True,0.9170063138008118,0.01031941408291459,0.003954824846005067,0.615053553134203,144,7,8,8,False,
ucf101,val,v_UnevenBars_g06_c04,data/UCF101_data/UCF-101/UnevenBars/v_UnevenBars_g06_c04.avi,95,8,75,16,95,True,True,0.7277365326881409,0.00923048285767436,0.003954824846005067,0.6036510723643005,119,6,8,8,False,
ucf101,val,v_UnevenBars_g03_c02,data/UCF101_data/UCF-101/UnevenBars/v_UnevenBars_g03_c02.avi,95,8,75,16,60,False,True,0.27067920565605164,0.010014059953391552,0.003954824846005067,0.5934825288131833,142,7,8,8,False,
ucf101,val,v_UnevenBars_g05_c02,data/UCF101_data/UCF-101/UnevenBars/v_UnevenBars_g05_c02.avi,95,8,75,16,4,False,True,0.6032611727714539,0.011744183953851461,0.003954824846005067,0.5824651308357716,178,8,8,8,False,
ucf101,val,v_UnevenBars_g02_c02,data/UCF101_data/UCF-101/UnevenBars/v_UnevenBars_g02_c02.avi,95,8,75,16,95,True,True,0.9613087773323059,0.012172442860901356,0.003954824846005067,0.5695681781508029,194,8,8,8,False,
ucf101,val,v_UnevenBars_g05_c03,data/UCF101_data/UCF-101/UnevenBars/v_UnevenBars_g05_c03.avi,95,8,75,16,95,True,True,0.9388023018836975,0.011499971617013216,0.003954824846005067,0.5562556688673794,166,8,8,8,False,
ucf101,val,v_UnevenBars_g07_c01,data/UCF101_data/UCF-101/UnevenBars/v_UnevenBars_g07_c01.avi,95,8,75,16,95,True,True,0.435360848903656,0.029352819081395864,0.003954824846005067,0.5437693451531231,150,7,8,8,False,
ucf101,val,v_UnevenBars_g04_c03,data/UCF101_data/UCF-101/UnevenBars/v_UnevenBars_g04_c03.avi,95,8,75,16,95,True,True,0.9302666783332825,0.02709117578342557,0.003954824846005067,0.5107571990229189,120,6,8,8,False,
ucf101,val,v_VolleyballSpiking_g07_c07,data/UCF101_data/UCF-101/VolleyballSpiking/v_VolleyballSpiking_g07_c07.avi,96,8,75,16,96,True,True,0.540239155292511,0.02027955697849393,0.003456439371802844,0.9083237941376865,79,4,8,8,False,
ucf101,val,v_VolleyballSpiking_g05_c03,data/UCF101_data/UCF-101/VolleyballSpiking/v_VolleyballSpiking_g05_c03.avi,96,8,75,16,96,True,True,0.7303268909454346,0.009282160084694624,0.003456439371802844,0.8848491259850562,59,3,8,8,False,
ucf101,val,v_VolleyballSpiking_g03_c04,data/UCF101_data/UCF-101/VolleyballSpiking/v_VolleyballSpiking_g03_c04.avi,96,8,75,16,96,True,True,0.7699647545814514,0.011002620216459036,0.003456439371802844,0.8747253050096333,95,5,8,8,False,
ucf101,val,v_VolleyballSpiking_g07_c02,data/UCF101_data/UCF-101/VolleyballSpiking/v_VolleyballSpiking_g07_c02.avi,96,8,75,16,96,True,True,0.7981435060501099,0.01047844486311078,0.003456439371802844,0.862854827195406,87,5,8,8,False,
ucf101,val,v_VolleyballSpiking_g05_c04,data/UCF101_data/UCF-101/VolleyballSpiking/v_VolleyballSpiking_g05_c04.avi,96,8,75,16,96,True,True,0.9657266736030579,0.007941857911646366,0.003456439371802844,0.8514006813056767,63,3,8,8,False,
ucf101,val,v_VolleyballSpiking_g04_c04,data/UCF101_data/UCF-101/VolleyballSpiking/v_VolleyballSpiking_g04_c04.avi,96,8,75,16,96,True,True,0.7286750078201294,0.012378172017633915,0.003456439371802844,0.8425953821279109,111,6,8,8,False,
ucf101,val,v_VolleyballSpiking_g05_c02,data/UCF101_data/UCF-101/VolleyballSpiking/v_VolleyballSpiking_g05_c02.avi,96,8,75,16,8,False,True,0.5885135531425476,0.00879998505115509,0.003456439371802844,0.8290183329954743,66,4,8,8,False,
ucf101,val,v_VolleyballSpiking_g02_c02,data/UCF101_data/UCF-101/VolleyballSpiking/v_VolleyballSpiking_g02_c02.avi,96,8,75,16,96,True,True,0.9796494841575623,0.012280543800443411,0.003456439371802844,0.8194704642519355,122,6,8,8,False,
ucf101,val,v_VolleyballSpiking_g06_c02,data/UCF101_data/UCF-101/VolleyballSpiking/v_VolleyballSpiking_g06_c02.avi,96,8,75,16,96,True,True,0.9380432963371277,0.01081371819600463,0.003456439371802844,0.8062540469691157,106,5,8,8,False,
ucf101,val,v_VolleyballSpiking_g02_c01,data/UCF101_data/UCF-101/VolleyballSpiking/v_VolleyballSpiking_g02_c01.avi,96,8,75,16,96,True,True,0.9041560292243958,0.009252182208001614,0.003456439371802844,0.7946640448644757,84,4,8,8,False,
ucf101,val,v_VolleyballSpiking_g01_c03,data/UCF101_data/UCF-101/VolleyballSpiking/v_VolleyballSpiking_g01_c03.avi,96,8,75,16,96,True,True,0.972614586353302,0.01511454302817583,0.003456439371802844,0.7844779971055686,154,8,8,8,False,
ucf101,val,v_VolleyballSpiking_g07_c03,data/UCF101_data/UCF-101/VolleyballSpiking/v_VolleyballSpiking_g07_c03.avi,96,8,75,16,56,False,True,0.1614847183227539,0.01082681491971016,0.003456439371802844,0.7684577968902886,89,5,8,8,False,
ucf101,val,v_VolleyballSpiking_g04_c03,data/UCF101_data/UCF-101/VolleyballSpiking/v_VolleyballSpiking_g04_c03.avi,96,8,75,16,96,True,True,0.8109471201896667,0.009220143780112267,0.003456439371802844,0.7567736548371613,76,4,8,8,False,
ucf101,val,v_VolleyballSpiking_g01_c02,data/UCF101_data/UCF-101/VolleyballSpiking/v_VolleyballSpiking_g01_c02.avi,96,8,75,16,96,True,True,0.9722389578819275,0.01533033000305295,0.003456439371802844,0.7466865088790655,210,8,8,8,False,
ucf101,val,v_VolleyballSpiking_g03_c02,data/UCF101_data/UCF-101/VolleyballSpiking/v_VolleyballSpiking_g03_c02.avi,96,8,75,16,96,True,True,0.7603382468223572,0.009093242697417736,0.003456439371802844,0.7304462129250169,65,4,8,8,False,
ucf101,val,v_VolleyballSpiking_g02_c03,data/UCF101_data/UCF-101/VolleyballSpiking/v_VolleyballSpiking_g02_c03.avi,96,8,75,16,96,True,True,0.8597404360771179,0.012671666219830513,0.003456439371802844,0.7204321417957544,112,6,8,8,False,
ucf101,val,v_VolleyballSpiking_g07_c06,data/UCF101_data/UCF-101/VolleyballSpiking/v_VolleyballSpiking_g07_c06.avi,96,8,75,16,96,True,True,0.9641525149345398,0.009070696774870157,0.003456439371802844,0.7068474893458188,67,4,8,8,False,
ucf101,val,v_VolleyballSpiking_g05_c01,data/UCF101_data/UCF-101/VolleyballSpiking/v_VolleyballSpiking_g05_c01.avi,96,8,75,16,96,True,True,0.8887612819671631,0.010726460721343756,0.003456439371802844,0.6970095080323517,104,5,8,8,False,
ucf101,val,v_VolleyballSpiking_g04_c07,data/UCF101_data/UCF-101/VolleyballSpiking/v_VolleyballSpiking_g04_c07.avi,96,8,75,16,96,True,True,0.8755690455436707,0.014048812910914421,0.003456439371802844,0.6854351880028844,129,7,8,8,False,
ucf101,val,v_VolleyballSpiking_g03_c03,data/UCF101_data/UCF-101/VolleyballSpiking/v_VolleyballSpiking_g03_c03.avi,96,8,75,16,96,True,True,0.9514951705932617,0.012784990016371012,0.003456439371802844,0.6704313731752336,123,6,8,8,False,
ucf101,val,v_WalkingWithDog_g04_c05,data/UCF101_data/UCF-101/WalkingWithDog/v_WalkingWithDog_g04_c05.avi,97,8,75,16,97,True,True,0.9628706574440002,0.016861800104379654,0.003456439371802844,0.6566998120397329,240,8,8,8,False,
ucf101,val,v_WalkingWithDog_g07_c03,data/UCF101_data/UCF-101/WalkingWithDog/v_WalkingWithDog_g07_c03.avi,97,8,75,16,97,True,True,0.8686702847480774,0.015048844274133444,0.003456439371802844,0.6388876736164093,233,8,8,8,False,
ucf101,val,v_WalkingWithDog_g06_c01,data/UCF101_data/UCF-101/WalkingWithDog/v_WalkingWithDog_g06_c01.avi,97,8,75,16,83,False,True,0.2074527144432068,0.015008691232651472,0.003456439371802844,0.6229294850490987,153,8,8,8,False,
ucf101,val,v_WalkingWithDog_g07_c01,data/UCF101_data/UCF-101/WalkingWithDog/v_WalkingWithDog_g07_c01.avi,97,8,75,16,97,True,True,0.6027065515518188,0.010478677228093147,0.003456439371802844,0.6068664663471282,94,5,8,8,False,
ucf101,val,v_WalkingWithDog_g04_c02,data/UCF101_data/UCF-101/WalkingWithDog/v_WalkingWithDog_g04_c02.avi,97,8,75,16,97,True,True,0.9544753432273865,0.01564853498712182,0.003456439371802844,0.595463341102004,240,8,8,8,False,
ucf101,val,v_WalkingWithDog_g01_c02,data/UCF101_data/UCF-101/WalkingWithDog/v_WalkingWithDog_g01_c02.avi,97,8,75,16,97,True,True,0.972997784614563,0.01573025994002819,0.003456439371802844,0.5788826360367239,240,8,8,8,False,
ucf101,val,v_WalkingWithDog_g05_c05,data/UCF101_data/UCF-101/WalkingWithDog/v_WalkingWithDog_g05_c05.avi,97,8,75,16,97,True,True,0.9650864601135254,0.013370278757065535,0.003456439371802844,0.5622075302526355,134,7,8,8,False,
ucf101,val,v_WalkingWithDog_g05_c01,data/UCF101_data/UCF-101/WalkingWithDog/v_WalkingWithDog_g05_c01.avi,97,8,75,16,97,True,True,0.9769397974014282,0.015692667569965124,0.003456439371802844,0.5480242879129946,240,8,8,8,False,
ucf101,val,v_WalkingWithDog_g02_c03,data/UCF101_data/UCF-101/WalkingWithDog/v_WalkingWithDog_g02_c03.avi,97,8,75,16,97,True,True,0.975000262260437,0.01549309678375721,0.003456439371802844,0.5314172809012234,240,8,8,8,False,
ucf101,val,v_WalkingWithDog_g02_c06,data/UCF101_data/UCF-101/WalkingWithDog/v_WalkingWithDog_g02_c06.avi,97,8,75,16,97,True,True,0.8046552538871765,0.01591713633388281,0.003456439371802844,0.5150687592104077,240,8,8,8,False,
ucf101,val,v_WalkingWithDog_g03_c02,data/UCF101_data/UCF-101/WalkingWithDog/v_WalkingWithDog_g03_c02.avi,97,8,75,16,80,False,True,0.4679204225540161,0.01647061202675104,0.003456439371802844,0.4980206466279924,240,8,8,8,False,
ucf101,val,v_WalkingWithDog_g06_c05,data/UCF101_data/UCF-101/WalkingWithDog/v_WalkingWithDog_g06_c05.avi,97,8,75,16,97,True,True,0.9774025082588196,0.01605064794421196,0.003456439371802844,0.480682963039726,240,8,8,8,False,
ucf101,val,v_WalkingWithDog_g07_c05,data/UCF101_data/UCF-101/WalkingWithDog/v_WalkingWithDog_g07_c05.avi,97,8,75,16,97,True,True,0.9140141606330872,0.03470909409224987,0.0039363103423966095,1.1819147360511124,240,8,8,8,False,
ucf101,val,v_WalkingWithDog_g06_c04,data/UCF101_data/UCF-101/WalkingWithDog/v_WalkingWithDog_g06_c04.avi,97,8,75,16,97,True,True,0.9797936081886292,0.016167708206921816,0.0039363103423966095,1.1449802876450121,240,8,8,8,False,
ucf101,val,v_WalkingWithDog_g03_c01,data/UCF101_data/UCF-101/WalkingWithDog/v_WalkingWithDog_g03_c01.avi,97,8,75,16,97,True,True,0.7254464626312256,0.015779480803757906,0.0039363103423966095,1.1277583222836256,240,8,8,8,False,
ucf101,val,v_WalkingWithDog_g02_c05,data/UCF101_data/UCF-101/WalkingWithDog/v_WalkingWithDog_g02_c05.avi,97,8,75,16,97,True,True,0.9350903630256653,0.015535954851657152,0.0039363103423966095,1.111021880991757,240,8,8,8,False,
ucf101,val,v_WalkingWithDog_g01_c04,data/UCF101_data/UCF-101/WalkingWithDog/v_WalkingWithDog_g01_c04.avi,97,8,75,16,97,True,True,0.9634917378425598,0.01554055418819189,0.0039363103423966095,1.0946063292212784,180,8,8,8,False,
ucf101,val,v_WalkingWithDog_g07_c04,data/UCF101_data/UCF-101/WalkingWithDog/v_WalkingWithDog_g07_c04.avi,97,8,75,16,97,True,True,0.9597933292388916,0.015596367418766022,0.0039363103423966095,1.0778556647710502,240,8,8,8,False,
ucf101,val,v_WalkingWithDog_g03_c04,data/UCF101_data/UCF-101/WalkingWithDog/v_WalkingWithDog_g03_c04.avi,97,8,75,16,97,True,True,0.9762969613075256,0.01594024384394288,0.0039363103423966095,1.0614010691642761,240,8,8,8,False,
ucf101,val,v_WalkingWithDog_g03_c03,data/UCF101_data/UCF-101/WalkingWithDog/v_WalkingWithDog_g03_c03.avi,97,8,75,16,97,True,True,0.944775402545929,0.01484743831679225,0.0039363103423966095,1.04456284083426,215,8,8,8,False,
ucf101,val,v_WallPushups_g06_c07,data/UCF101_data/UCF-101/WallPushups/v_WallPushups_g06_c07.avi,98,8,75,16,14,False,True,0.5250048041343689,0.03081583697348833,0.0039363103423966095,1.0287676807492971,163,8,8,8,False,
ucf101,val,v_WallPushups_g06_c03,data/UCF101_data/UCF-101/WallPushups/v_WallPushups_g06_c03.avi,98,8,75,16,36,False,True,0.8066173791885376,0.028895418159663677,0.0039363103423966095,0.9948625690303743,134,7,8,8,False,
ucf101,val,v_WallPushups_g05_c05,data/UCF101_data/UCF-101/WallPushups/v_WallPushups_g05_c05.avi,98,8,75,16,99,False,True,0.4627159535884857,0.016967051196843386,0.0039363103423966095,0.9640771918930113,77,4,8,8,False,
ucf101,val,v_WallPushups_g03_c04,data/UCF101_data/UCF-101/WallPushups/v_WallPushups_g03_c04.avi,98,8,75,16,98,True,True,0.19341720640659332,0.020508642308413982,0.0039363103423966095,0.944114594720304,101,5,8,8,False,
ucf101,val,v_WallPushups_g04_c03,data/UCF101_data/UCF-101/WallPushups/v_WallPushups_g04_c03.avi,98,8,75,16,35,False,True,0.14158344268798828,0.021719234064221382,0.0039363103423966095,0.921758369076997,96,5,8,8,False,
ucf101,val,v_WallPushups_g06_c01,data/UCF101_data/UCF-101/WallPushups/v_WallPushups_g06_c01.avi,98,8,75,16,36,False,True,0.3053314685821533,0.021657034754753113,0.0039363103423966095,0.8975583771243691,95,5,8,8,False,
ucf101,val,v_WallPushups_g07_c02,data/UCF101_data/UCF-101/WallPushups/v_WallPushups_g07_c02.avi,98,8,75,16,98,True,True,0.7197543382644653,0.020432548131793737,0.0039363103423966095,0.872616175096482,95,5,8,8,False,
ucf101,val,v_WallPushups_g07_c03,data/UCF101_data/UCF-101/WallPushups/v_WallPushups_g07_c03.avi,98,8,75,16,98,True,True,0.6929605007171631,0.020640987902879715,0.0039363103423966095,0.8499178760685027,95,5,8,8,False,
ucf101,val,v_WallPushups_g06_c04,data/UCF101_data/UCF-101/WallPushups/v_WallPushups_g06_c04.avi,98,8,75,16,36,False,True,0.6096974611282349,0.02522469125688076,0.0039363103423966095,0.8268016562797129,123,6,8,8,False,
ucf101,val,v_WallPushups_g04_c04,data/UCF101_data/UCF-101/WallPushups/v_WallPushups_g04_c04.avi,98,8,75,16,98,True,True,0.3851631283760071,0.03313599107787013,0.0039363103423966095,0.798809643369168,152,8,8,8,False,
ucf101,val,v_WallPushups_g03_c01,data/UCF101_data/UCF-101/WallPushups/v_WallPushups_g03_c01.avi,98,8,75,16,98,True,True,0.1961553394794464,0.02368669304996729,0.0039363103423966095,0.7623925455845892,114,6,8,8,False,
ucf101,val,v_WallPushups_g01_c03,data/UCF101_data/UCF-101/WallPushups/v_WallPushups_g01_c03.avi,98,8,75,16,98,True,True,0.8790258765220642,0.028582041151821613,0.0039363103423966095,0.7359030297957361,150,7,8,8,False,
ucf101,val,v_WallPushups_g04_c01,data/UCF101_data/UCF-101/WallPushups/v_WallPushups_g04_c01.avi,98,8,75,16,98,True,True,0.6724601984024048,0.022099096328020096,0.0039363103423966095,0.7041649557650089,101,5,8,8,False,
ucf101,val,v_WallPushups_g06_c02,data/UCF101_data/UCF-101/WallPushups/v_WallPushups_g06_c02.avi,98,8,75,16,36,False,True,0.6414693593978882,0.02147471299394965,0.0039363103423966095,0.6790805966593325,101,5,8,8,False,
ucf101,val,v_WallPushups_g07_c01,data/UCF101_data/UCF-101/WallPushups/v_WallPushups_g07_c01.avi,98,8,75,16,98,True,True,0.6185827255249023,0.01984964171424508,0.0039363103423966095,0.6538974419236183,104,5,8,8,False,
ucf101,val,v_WallPushups_g05_c03,data/UCF101_data/UCF-101/WallPushups/v_WallPushups_g05_c03.avi,98,8,75,16,99,False,True,0.9173575043678284,0.015996451023966074,0.0039363103423966095,0.6321250339969993,84,4,8,8,False,
ucf101,val,v_WallPushups_g02_c02,data/UCF101_data/UCF-101/WallPushups/v_WallPushups_g02_c02.avi,98,8,75,16,98,True,True,0.6645375490188599,0.016867703292518854,0.0039363103423966095,0.6141995331272483,65,4,8,8,False,
ucf101,val,v_WallPushups_g05_c01,data/UCF101_data/UCF-101/WallPushups/v_WallPushups_g05_c01.avi,98,8,75,16,99,False,True,0.76902836561203,0.019697159994393587,0.0039363103423966095,0.5945336138829589,89,5,8,8,False,
ucf101,val,v_WallPushups_g03_c02,data/UCF101_data/UCF-101/WallPushups/v_WallPushups_g03_c02.avi,98,8,75,16,98,True,True,0.34653669595718384,0.024148472119122744,0.0039363103423966095,0.5730042587965727,117,6,8,8,False,
ucf101,val,v_WallPushups_g03_c03,data/UCF101_data/UCF-101/WallPushups/v_WallPushups_g03_c03.avi,98,8,75,16,98,True,True,0.23442956805229187,0.024026679806411266,0.0039363103423966095,0.5462340316735208,108,6,8,8,False,
ucf101,val,v_WritingOnBoard_g01_c07,data/UCF101_data/UCF-101/WritingOnBoard/v_WritingOnBoard_g01_c07.avi,99,8,75,16,99,True,True,0.9828053116798401,0.009774012956768274,0.0039363103423966095,0.5194257982075214,100,5,8,8,False,
ucf101,val,v_WritingOnBoard_g01_c06,data/UCF101_data/UCF-101/WritingOnBoard/v_WritingOnBoard_g01_c06.avi,99,8,75,16,99,True,True,0.9797489047050476,0.00741187110543251,0.0039363103423966095,0.5086159203201532,71,4,8,8,False,
ucf101,val,v_WritingOnBoard_g03_c07,data/UCF101_data/UCF-101/WritingOnBoard/v_WritingOnBoard_g03_c07.avi,99,8,75,16,99,True,True,0.9702211618423462,0.008054082281887531,0.0039363103423966095,0.5001513152383268,94,5,8,8,False,
ucf101,val,v_WritingOnBoard_g03_c05,data/UCF101_data/UCF-101/WritingOnBoard/v_WritingOnBoard_g03_c05.avi,99,8,75,16,99,True,True,0.9609609842300415,0.011057592928409576,0.0039363103423966095,0.49095961917191744,160,8,8,8,False,
ucf101,val,v_WritingOnBoard_g03_c06,data/UCF101_data/UCF-101/WritingOnBoard/v_WritingOnBoard_g03_c06.avi,99,8,75,16,99,True,True,0.9814697504043579,0.024479719810187817,0.0037812513764947653,1.0958701660856605,122,6,8,8,False,
ucf101,val,v_WritingOnBoard_g05_c04,data/UCF101_data/UCF-101/WritingOnBoard/v_WritingOnBoard_g05_c04.avi,99,8,75,16,99,True,True,0.9818779826164246,0.010945748072117567,0.0037812513764947653,1.068724398035556,148,7,8,8,False,
ucf101,val,v_WritingOnBoard_g07_c01,data/UCF101_data/UCF-101/WritingOnBoard/v_WritingOnBoard_g07_c01.avi,99,8,75,16,99,True,True,0.9777252674102783,0.023058457765728235,0.0037812513764947653,1.0566463130526245,111,6,8,8,False,
ucf101,val,v_WritingOnBoard_g05_c03,data/UCF101_data/UCF-101/WritingOnBoard/v_WritingOnBoard_g05_c03.avi,99,8,75,16,99,True,True,0.9784209132194519,0.0104775819927454,0.0037812513764947653,1.0301230479963124,112,6,8,8,False,
ucf101,val,v_WritingOnBoard_g02_c04,data/UCF101_data/UCF-101/WritingOnBoard/v_WritingOnBoard_g02_c04.avi,99,8,75,16,99,True,True,0.9861755967140198,0.0118912267498672,0.0037812513764947653,1.0184609359130263,191,8,8,8,False,
ucf101,val,v_WritingOnBoard_g07_c02,data/UCF101_data/UCF-101/WritingOnBoard/v_WritingOnBoard_g07_c02.avi,99,8,75,16,99,True,True,0.973446249961853,0.03187351115047932,0.0037812513764947653,1.0053889988921583,163,8,8,8,False,
ucf101,val,v_WritingOnBoard_g04_c02,data/UCF101_data/UCF-101/WritingOnBoard/v_WritingOnBoard_g04_c02.avi,99,8,75,16,99,True,True,0.9845020174980164,0.011511922348290682,0.0037812513764947653,0.9702788200229406,143,7,8,8,False,
ucf101,val,v_WritingOnBoard_g06_c05,data/UCF101_data/UCF-101/WritingOnBoard/v_WritingOnBoard_g06_c05.avi,99,8,75,16,99,True,True,0.9630269408226013,0.03431464917957783,0.0037812513764947653,0.9570096153765917,189,8,8,8,False,
ucf101,val,v_WritingOnBoard_g01_c03,data/UCF101_data/UCF-101/WritingOnBoard/v_WritingOnBoard_g01_c03.avi,99,8,75,16,99,True,True,0.9764804840087891,0.007556715048849583,0.0037812513764947653,0.9192109419964254,61,3,8,8,False,
ucf101,val,v_WritingOnBoard_g06_c04,data/UCF101_data/UCF-101/WritingOnBoard/v_WritingOnBoard_g06_c04.avi,99,8,75,16,99,True,True,0.9533547759056091,0.044723170809447765,0.0037812513764947653,0.9103922480717301,211,8,8,8,False,
ucf101,val,v_WritingOnBoard_g07_c03,data/UCF101_data/UCF-101/WritingOnBoard/v_WritingOnBoard_g07_c03.avi,99,8,75,16,99,True,True,0.9765719771385193,0.03712454391643405,0.0037812513764947653,0.8623430063016713,182,8,8,8,False,
ucf101,val,v_WritingOnBoard_g02_c07,data/UCF101_data/UCF-101/WritingOnBoard/v_WritingOnBoard_g02_c07.avi,99,8,75,16,99,True,True,0.9889816641807556,0.014029170852154493,0.0037812513764947653,0.8227210189215839,200,8,8,8,False,
ucf101,val,v_WritingOnBoard_g02_c02,data/UCF101_data/UCF-101/WritingOnBoard/v_WritingOnBoard_g02_c02.avi,99,8,75,16,99,True,True,0.9833534955978394,0.013113602995872498,0.0037812513764947653,0.8075683950446546,216,8,8,8,False,
ucf101,val,v_WritingOnBoard_g07_c05,data/UCF101_data/UCF-101/WritingOnBoard/v_WritingOnBoard_g07_c05.avi,99,8,75,16,99,True,True,0.9658822417259216,0.02662383671849966,0.0037812513764947653,0.7930714171379805,150,7,8,8,False,
ucf101,val,v_WritingOnBoard_g05_c01,data/UCF101_data/UCF-101/WritingOnBoard/v_WritingOnBoard_g05_c01.avi,99,8,75,16,99,True,True,0.9824942946434021,0.012009665835648775,0.0037812513764947653,0.7646883502602577,180,8,8,8,False,
ucf101,val,v_WritingOnBoard_g01_c02,data/UCF101_data/UCF-101/WritingOnBoard/v_WritingOnBoard_g01_c02.avi,99,8,75,16,99,True,True,0.9852509498596191,0.008487609680742025,0.0037812513764947653,0.7516419040039182,117,6,8,8,False,
ucf101,val,v_YoYo_g01_c05,data/UCF101_data/UCF-101/YoYo/v_YoYo_g01_c05.avi,100,8,75,16,100,True,True,0.6561374068260193,0.01562528172507882,0.0037812513764947653,0.7421086295507848,178,8,8,8,False,
ucf101,val,v_YoYo_g05_c03,data/UCF101_data/UCF-101/YoYo/v_YoYo_g05_c03.avi,100,8,75,16,2,False,True,0.515745997428894,0.015162826981395483,0.0037812513764947653,0.7255919948220253,184,8,8,8,False,
ucf101,val,v_YoYo_g05_c01,data/UCF101_data/UCF-101/YoYo/v_YoYo_g05_c01.avi,100,8,75,16,2,False,True,0.8910900950431824,0.016258344054222107,0.0037812513764947653,0.7095981338061392,192,8,8,8,False,
ucf101,val,v_YoYo_g07_c01,data/UCF101_data/UCF-101/YoYo/v_YoYo_g07_c01.avi,100,8,75,16,100,True,True,0.18007923662662506,0.01661656703799963,0.0037812513764947653,0.6922180787660182,186,8,8,8,False,
ucf101,val,v_YoYo_g02_c04,data/UCF101_data/UCF-101/YoYo/v_YoYo_g02_c04.avi,100,8,75,16,100,True,True,0.1598176211118698,0.01645318605005741,0.0037812513764947653,0.6747091850265861,166,8,8,8,False,
ucf101,val,v_YoYo_g06_c03,data/UCF101_data/UCF-101/YoYo/v_YoYo_g06_c03.avi,100,8,75,16,100,True,True,0.5442113876342773,0.0173700419254601,0.0037812513764947653,0.6573681212030351,187,8,8,8,False,
ucf101,val,v_YoYo_g01_c01,data/UCF101_data/UCF-101/YoYo/v_YoYo_g01_c01.avi,100,8,75,16,100,True,True,0.7934511303901672,0.016620717011392117,0.0037812513764947653,0.6389823160134256,187,8,8,8,False,
ucf101,val,v_YoYo_g07_c04,data/UCF101_data/UCF-101/YoYo/v_YoYo_g07_c04.avi,100,8,75,16,100,True,True,0.3955717980861664,0.015684158075600863,0.0037812513764947653,0.6214339109137654,200,8,8,8,False,
ucf101,val,v_YoYo_g05_c05,data/UCF101_data/UCF-101/YoYo/v_YoYo_g05_c05.avi,100,8,75,16,100,True,True,0.4019348621368408,0.016809585969895124,0.0037812513764947653,0.6048653651960194,180,8,8,8,False,
ucf101,val,v_YoYo_g04_c02,data/UCF101_data/UCF-101/YoYo/v_YoYo_g04_c02.avi,100,8,75,16,55,False,True,0.5298687815666199,0.016919474117457867,0.0037812513764947653,0.5868319636210799,192,8,8,8,False,
ucf101,val,v_YoYo_g04_c04,data/UCF101_data/UCF-101/YoYo/v_YoYo_g04_c04.avi,100,8,75,16,100,True,True,0.4945506751537323,0.015106601174920797,0.0037812513764947653,0.5690001207403839,178,8,8,8,False,
ucf101,val,v_YoYo_g03_c03,data/UCF101_data/UCF-101/YoYo/v_YoYo_g03_c03.avi,100,8,75,16,100,True,True,0.652359127998352,0.014702010434120893,0.0037812513764947653,0.5530857918784022,199,8,8,8,False,
ucf101,val,v_YoYo_g01_c02,data/UCF101_data/UCF-101/YoYo/v_YoYo_g01_c02.avi,100,8,75,16,100,True,True,0.8104230761528015,0.014839964918792248,0.0037812513764947653,0.5375158311799169,184,8,8,8,False,
ucf101,val,v_YoYo_g06_c01,data/UCF101_data/UCF-101/YoYo/v_YoYo_g06_c01.avi,100,8,75,16,74,False,True,0.32773593068122864,0.015131889842450619,0.0037812513764947653,0.521801901049912,204,8,8,8,False,
ucf101,val,v_YoYo_g01_c03,data/UCF101_data/UCF-101/YoYo/v_YoYo_g01_c03.avi,100,8,75,16,100,True,True,0.8107044100761414,0.01474055415019393,0.0037812513764947653,0.5057587060146034,165,8,8,8,False,
ucf101,val,v_YoYo_g02_c01,data/UCF101_data/UCF-101/YoYo/v_YoYo_g02_c01.avi,100,8,75,16,45,False,True,0.5170961022377014,0.015433349180966616,0.0037812513764947653,0.4901453098282218,188,8,8,8,False,
ucf101,val,v_YoYo_g02_c05,data/UCF101_data/UCF-101/YoYo/v_YoYo_g02_c05.avi,100,8,75,16,17,False,True,0.2505202889442444,0.03482233081012964,0.01216655527241528,0.15482965111732483,172,8,8,8,False,
ucf101,val,v_YoYo_g05_c04,data/UCF101_data/UCF-101/YoYo/v_YoYo_g05_c04.avi,100,8,75,16,57,False,True,0.18968337774276733,0.015476925764232874,0.01216655527241528,0.11820961209014058,175,8,8,8,False,
ucf101,val,v_YoYo_g03_c01,data/UCF101_data/UCF-101/YoYo/v_YoYo_g03_c01.avi,100,8,75,16,100,True,True,0.8577533960342407,0.014656661078333855,0.01216655527241528,0.10184317594394088,195,8,8,8,False,
ucf101,val,v_YoYo_g07_c02,data/UCF101_data/UCF-101/YoYo/v_YoYo_g07_c02.avi,100,8,75,16,45,False,True,0.4852398931980133,0.014844180550426245,0.01216655527241528,0.08637305395677686,177,8,8,8,False,
