resolution,top1,n,model,dataset,native_res
96,0.8372881355932204,885,videomae,hmdb51,224
112,0.8305084745762712,885,videomae,hmdb51,224
160,0.8395480225988701,885,videomae,hmdb51,224
224,0.8384180790960452,885,videomae,hmdb51,224
336,0.8406779661016949,885,videomae,hmdb51,224
