resolution,top1,n,model,dataset,native_res
96,0.3333333333333333,1020,r3d_18,epic_kitchens,112
112,0.3715686274509804,1020,r3d_18,epic_kitchens,112
160,0.26666666666666666,1020,r3d_18,epic_kitchens,112
224,0.08627450980392157,1020,r3d_18,epic_kitchens,112
336,0.030392156862745098,1020,r3d_18,epic_kitchens,112
