resolution,top1,n,model,dataset,native_res
96,0.19705882352941176,1020,r3d_18,epic_kitchens,112
112,0.23823529411764705,1020,r3d_18,epic_kitchens,112
160,0.32941176470588235,1020,r3d_18,epic_kitchens,112
224,0.37058823529411766,1020,r3d_18,epic_kitchens,112
336,0.2107843137254902,1020,r3d_18,epic_kitchens,112
