dataset,split,budget,coverage,stride,n,top1,top5,mean_confidence,mean_decode_time_s,mean_inference_time_s,mean_total_time_s,mean_processed_frames,mean_model_input_frames,mean_source_frames
hmdb51,val,32,10,2,885,0.21129943502824858,0.46779661016949153,0.15256195951905627,0.011017528974245919,0.0010285027231758009,0.24279427766302694,32.0,32.0,96.54124293785311
