dataset,split,budget,coverage,stride,n,top1,top5,mean_confidence,mean_decode_time_s,mean_inference_time_s,mean_total_time_s,mean_processed_frames,mean_model_input_frames,mean_source_frames
hmdb51,val,32,10,8,885,0.17062146892655367,0.40225988700564974,0.14895499067454687,0.009918260366371754,0.0010449719854688409,0.2248106849762627,32.0,32.0,96.54124293785311
