resolution,top1,n,model,dataset,native_res
96,0.2651413189771198,743,r3d_18,diving48,112
112,0.288021534320323,743,r3d_18,diving48,112
160,0.22072678331090176,743,r3d_18,diving48,112
224,0.1278600269179004,743,r3d_18,diving48,112
336,0.07267833109017496,743,r3d_18,diving48,112
