resolution,top1,n,model,dataset,native_res
96,0.2126514131897712,743,r3d_18,diving48,112
112,0.2570659488559892,743,r3d_18,diving48,112
160,0.3068640646029609,743,r3d_18,diving48,112
224,0.3095558546433378,743,r3d_18,diving48,112
336,0.19784656796769853,743,r3d_18,diving48,112
