dataset,split,budget,coverage,stride,n,top1,top5,mean_confidence,mean_decode_time_s,mean_inference_time_s,mean_total_time_s,mean_processed_frames,mean_model_input_frames,mean_source_frames
diving48,val,16,10,16,743,0.04172274562584118,0.17765814266487215,0.22073230204519642,0.01399369522851477,0.0011466546175301997,0.32432869463233954,16.0,16.0,111.67833109017496
