dataset,split,budget,coverage,stride,n,top1,top5,mean_confidence,mean_decode_time_s,mean_inference_time_s,mean_total_time_s,mean_processed_frames,mean_model_input_frames,mean_source_frames
diving48,val,16,10,8,743,0.04576043068640646,0.20053835800807537,0.22760146054593422,0.015153216939196391,0.0011761753226368415,0.34342630753233466,16.0,16.0,111.67833109017496
