dataset,split,budget,coverage,stride,n,top1,top5,mean_confidence,mean_decode_time_s,mean_inference_time_s,mean_total_time_s,mean_processed_frames,mean_model_input_frames,mean_source_frames
diving48,val,16,50,16,743,0.047106325706594884,0.20995962314939434,0.26211869100442164,0.02310262142942559,0.0011522330758619356,0.4749165645237726,16.0,16.0,111.67833109017496
