dataset,split,budget,coverage,stride,n,top1,top5,mean_confidence,mean_decode_time_s,mean_inference_time_s,mean_total_time_s,mean_processed_frames,mean_model_input_frames,mean_source_frames
autsl,val,16,10,8,4418,0.00520597555454957,0.025350837483023993,0.46725542359340777,0.007408224077587091,0.00042590728329368956,0.16051633350098748,16.0,16.0,59.18605703938434
