dataset,split,budget,coverage,stride,n,top1,top5,mean_confidence,mean_decode_time_s,mean_inference_time_s,mean_total_time_s,mean_processed_frames,mean_model_input_frames,mean_source_frames
autsl,val,16,10,2,4418,0.0047532820280669985,0.02806699864191942,0.4563537470586581,0.00888944497970074,0.00042457582897874714,0.18810851696864758,16.0,16.0,59.18605703938434
