dataset,split,budget,coverage,stride,n,top1,top5,mean_confidence,mean_decode_time_s,mean_inference_time_s,mean_total_time_s,mean_processed_frames,mean_model_input_frames,mean_source_frames
autsl,val,16,10,4,4418,0.004979628791308284,0.026256224535989137,0.47083743795374766,0.008227299227300843,0.00042226202117726916,0.17506500540512848,16.0,16.0,59.18605703938434
