dataset,split,budget,coverage,stride,n,top1,top5,mean_confidence,mean_decode_time_s,mean_inference_time_s,mean_total_time_s,mean_processed_frames,mean_model_input_frames,mean_source_frames
autsl,val,16,10,1,4418,0.0061113626075147125,0.031009506564056134,0.4307226960067905,0.00916201540899466,0.0004912564974074155,0.19431815131142863,16.0,16.0,59.18605703938434
