dataset,split,budget,coverage,stride,n,top1,top5,mean_confidence,mean_decode_time_s,mean_inference_time_s,mean_total_time_s,mean_processed_frames,mean_model_input_frames,mean_source_frames
autsl,val,16,10,16,4418,0.00520597555454957,0.025350837483023993,0.4675646320730785,0.007540087484585559,0.0004271040016033966,0.16347921444388758,16.0,16.0,59.18605703938434
