dataset,split,budget,coverage,stride,n,top1,top5,mean_confidence,mean_decode_time_s,mean_inference_time_s,mean_total_time_s,mean_processed_frames,mean_model_input_frames,mean_source_frames
autsl,val,16,25,8,4418,0.004300588501584427,0.033046627433227706,0.4792202528137773,0.010129492423080174,0.0004541446197539359,0.20773775262851732,16.0,16.0,59.18605703938434
