dataset,split,budget,coverage,stride,n,top1,top5,mean_confidence,mean_decode_time_s,mean_inference_time_s,mean_total_time_s,mean_processed_frames,mean_model_input_frames,mean_source_frames
autsl,val,16,25,16,4418,0.004979628791308284,0.026708918062471707,0.48379267994002445,0.008619213726261066,0.0004564989763453279,0.182199257735421,16.0,16.0,59.18605703938434
