dataset,split,budget,coverage,stride,n,top1,top5,mean_confidence,mean_decode_time_s,mean_inference_time_s,mean_total_time_s,mean_processed_frames,mean_model_input_frames,mean_source_frames
ucf101,val,32,10,1,2020,0.5306930693069307,0.7801980198019802,0.5391946136112334,0.01028800382472501,0.0030176055215363675,0.30464971840466915,32.0,32.0,181.19752475247526
