dataset,split,budget,coverage,stride,n,top1,top5,mean_confidence,mean_decode_time_s,mean_inference_time_s,mean_total_time_s,mean_processed_frames,mean_model_input_frames,mean_source_frames
ucf101,val,32,100,16,2020,0.6534653465346535,0.8618811881188119,0.617035179881213,0.03661462008667243,0.0027738099105167435,0.7338575110705062,32.0,32.0,181.19752475247526
