dataset,split,budget,coverage,stride,n,top1,top5,mean_confidence,mean_decode_time_s,mean_inference_time_s,mean_total_time_s,mean_processed_frames,mean_model_input_frames,mean_source_frames
ucf101,val,32,10,16,2020,0.3613861386138614,0.5752475247524752,0.25640685210594594,0.009216685134267415,0.0027780441296434417,0.2781960899497862,32.0,32.0,181.19752475247526
