dataset,split,budget,coverage,stride,n,top1,top5,mean_confidence,mean_decode_time_s,mean_inference_time_s,mean_total_time_s,mean_processed_frames,mean_model_input_frames,mean_source_frames
ucf101,val,32,10,8,2020,0.42227722772277226,0.647029702970297,0.3172803301779129,0.010089237774067585,0.0027844189194787183,0.2934222976981413,32.0,32.0,181.19752475247526
