dataset,split,budget,coverage,stride,n,top1,top5,mean_confidence,mean_decode_time_s,mean_inference_time_s,mean_total_time_s,mean_processed_frames,mean_model_input_frames,mean_source_frames
ucf101,val,32,100,4,2020,0.7772277227722773,0.9366336633663367,0.8679190096390056,0.047049211889118106,0.0027839806673144647,0.916789755199017,32.0,32.0,181.19752475247526
