dataset,split,budget,coverage,stride,n,top1,top5,mean_confidence,mean_decode_time_s,mean_inference_time_s,mean_total_time_s,mean_processed_frames,mean_model_input_frames,mean_source_frames
ucf101,val,32,25,2,2020,0.6455445544554456,0.8782178217821782,0.693040418543733,0.018616151337230595,0.0028115216618413014,0.44058929721693424,32.0,32.0,181.19752475247526
