dataset,split,budget,coverage,stride,n,top1,top5,mean_confidence,mean_decode_time_s,mean_inference_time_s,mean_total_time_s,mean_processed_frames,mean_model_input_frames,mean_source_frames
ucf101,val,32,25,8,2020,0.5460396039603961,0.7762376237623763,0.4517122447970185,0.015547672908471916,0.0027798781611744574,0.38651168264015257,32.0,32.0,181.19752475247526
