dataset,split,budget,coverage,stride,n,top1,top5,mean_confidence,mean_decode_time_s,mean_inference_time_s,mean_total_time_s,mean_processed_frames,mean_model_input_frames,mean_source_frames
ucf101,val,32,75,8,2020,0.7128712871287128,0.8950495049504951,0.7256399136350149,0.036047824518985604,0.0027692218309978375,0.7272295231721133,32.0,32.0,181.19752475247526
