dataset,split,budget,coverage,stride,n,top1,top5,mean_confidence,mean_decode_time_s,mean_inference_time_s,mean_total_time_s,mean_processed_frames,mean_model_input_frames,mean_source_frames
ucf101,val,32,75,16,2020,0.6103960396039604,0.8376237623762376,0.5507921440167224,0.028854731410525112,0.0027998276515909942,0.607064078333972,32.0,32.0,181.19752475247526
