dataset,split,budget,coverage,stride,n,top1,top5,mean_confidence,mean_decode_time_s,mean_inference_time_s,mean_total_time_s,mean_processed_frames,mean_model_input_frames,mean_source_frames
autsl,val,32,10,16,4418,0.0074694431869624265,0.026029877772747848,0.10376950059273277,0.016626948510844095,0.011562053568374734,0.820588202884579,32.0,32.0,59.18605703938434
