dataset,split,budget,coverage,stride,n,top1,top5,mean_confidence,mean_decode_time_s,mean_inference_time_s,mean_total_time_s,mean_processed_frames,mean_model_input_frames,mean_source_frames
autsl,val,32,25,16,4418,0.012222725215029425,0.041421457673155276,0.15172983624122027,0.017188670807616088,0.011545691807220376,0.8269769323828169,32.0,32.0,59.18605703938434
