dataset,split,budget,coverage,stride,n,top1,top5,mean_confidence,mean_decode_time_s,mean_inference_time_s,mean_total_time_s,mean_processed_frames,mean_model_input_frames,mean_source_frames
autsl,val,16,10,16,4418,0.0047532820280669985,0.02399275690357628,0.037634457935840096,0.011708250877667924,0.012555889943233051,0.839635015178049,16.0,16.0,59.18605703938434
