dataset,split,video_id,video_path,label_id,budget,coverage,stride,pred_id,correct_top1,correct_top5,confidence,decode_time_s,inference_time_s,total_time_s,source_frames,candidate_frames,processed_frames,model_input_frames,skipped,error
epic_kitchens,val,P26_107_7,data/EPIC_data/clips/P26/P26_107_7.mp4,0,8,25,2,0,True,True,0.33815857768058777,0.03297244617715478,0.0036343390092952177,1.5669818669557571,154,8,8,8,False,
epic_kitchens,val,P03_101_188,data/EPIC_data/clips/P03/P03_101_188.mp4,0,8,25,2,0,True,True,0.25197261571884155,0.10787008376792073,0.0036343390092952177,1.5302755436860025,942,8,8,8,False,
epic_kitchens,val,P04_113_291,data/EPIC_data/clips/P04/P04_113_291.mp4,0,8,25,2,1,False,True,0.19705143570899963,0.022276418283581734,0.0036343390092952177,1.4181252080015838,27,4,8,8,False,
epic_kitchens,val,P01_105_229,data/EPIC_data/clips/P01/P01_105_229.mp4,0,8,25,2,0,True,True,0.3486192226409912,0.02294850070029497,0.0036343390092952177,1.393094623927027,31,4,8,8,False,
epic_kitchens,val,P22_103_180,data/EPIC_data/clips/P22/P22_103_180.mp4,0,8,25,2,0,True,True,0.28482547402381897,0.029092455748468637,0.0036343390092952177,1.3662425759248435,64,8,8,8,False,
epic_kitchens,val,P26_108_5,data/EPIC_data/clips/P26/P26_108_5.mp4,0,8,25,2,0,True,True,0.3100283145904541,0.03142844559624791,0.0036343390092952177,1.3347650431096554,231,8,8,8,False,
epic_kitchens,val,P35_108_238,data/EPIC_data/clips/P35/P35_108_238.mp4,0,8,25,2,2,False,True,0.24898412823677063,0.030227511189877987,0.0036343390092952177,1.2996847610920668,51,7,8,8,False,
epic_kitchens,val,P03_101_33,data/EPIC_data/clips/P03/P03_101_33.mp4,0,8,25,2,0,True,True,0.2789151072502136,0.028442096896469593,0.0036343390092952177,1.2655597259290516,55,7,8,8,False,
epic_kitchens,val,P35_104_290,data/EPIC_data/clips/P35/P35_104_290.mp4,0,8,25,2,0,True,True,0.3387276828289032,0.026549559086561203,0.0036343390092952177,1.2335975328460336,51,7,8,8,False,
epic_kitchens,val,P30_111_263,data/EPIC_data/clips/P30/P30_111_263.mp4,0,8,25,2,0,True,True,0.2893928587436676,0.020608020946383476,0.0036343390092952177,1.2033099541440606,30,4,8,8,False,
epic_kitchens,val,P12_105_39,data/EPIC_data/clips/P12/P12_105_39.mp4,0,8,25,2,0,True,True,0.33063197135925293,0.030324719846248627,0.0036343390092952177,1.179206797387451,133,8,8,8,False,
epic_kitchens,val,P30_107_239,data/EPIC_data/clips/P30/P30_107_239.mp4,0,8,25,2,0,True,True,0.24492892622947693,0.028602073900401592,0.0036343390092952177,1.145154681056738,39,5,8,8,False,
epic_kitchens,val,P35_107_238,data/EPIC_data/clips/P35/P35_107_238.mp4,0,8,25,2,0,True,True,0.2834834158420563,0.03111209161579609,0.0036343390092952177,1.1131184957921505,63,8,8,8,False,
epic_kitchens,val,P27_101_37,data/EPIC_data/clips/P27/P27_101_37.mp4,0,8,25,2,1,False,True,0.30585548281669617,0.0263085151091218,0.0036343390092952177,1.0773801640607417,58,7,8,8,False,
epic_kitchens,val,P22_109_45,data/EPIC_data/clips/P22/P22_109_45.mp4,0,8,25,2,1,False,True,0.27740511298179626,0.02461791317909956,0.0036343390092952177,1.0474132569506764,45,6,8,8,False,
epic_kitchens,val,P30_113_111,data/EPIC_data/clips/P30/P30_113_111.mp4,0,8,25,2,0,True,True,0.3101142942905426,0.0246552019380033,0.0036343390092952177,1.0181570518761873,56,7,8,8,False,
epic_kitchens,val,P35_104_576,data/EPIC_data/clips/P35/P35_104_576.mp4,0,8,25,2,0,True,True,0.2336927354335785,0.026974991895258427,0.0036343390092952177,0.9897726280614734,62,8,8,8,False,
epic_kitchens,val,P37_101_328,data/EPIC_data/clips/P37/P37_101_328.mp4,0,8,25,2,1,False,True,0.17961385846138,0.02675698511302471,0.0036343390092952177,0.959495548158884,55,7,8,8,False,
epic_kitchens,val,P12_104_0,data/EPIC_data/clips/P12/P12_104_0.mp4,0,8,25,2,0,True,True,0.23837096989154816,0.029185703955590725,0.0036343390092952177,0.928718757815659,87,8,8,8,False,
epic_kitchens,val,P01_109_124,data/EPIC_data/clips/P01/P01_109_124.mp4,0,8,25,2,1,False,True,0.20564918220043182,0.020866564940661192,0.0036343390092952177,0.8962385822087526,33,4,8,8,False,
epic_kitchens,val,P03_107_18,data/EPIC_data/clips/P03/P03_107_18.mp4,1,8,25,2,0,False,True,0.2456483393907547,0.029134490061551332,0.0036343390092952177,0.8720573368482292,110,8,8,8,False,
epic_kitchens,val,P02_121_55,data/EPIC_data/clips/P02/P02_121_55.mp4,1,8,25,2,0,False,True,0.2091342657804489,0.03108570585027337,0.0036343390092952177,0.839798875618726,71,8,8,8,False,
epic_kitchens,val,P04_107_120,data/EPIC_data/clips/P04/P04_107_120.mp4,1,8,25,2,0,False,True,0.2550807297229767,0.028453607112169266,0.0036343390092952177,0.804250739980489,76,8,8,8,False,
epic_kitchens,val,P04_121_105,data/EPIC_data/clips/P04/P04_121_105.mp4,1,8,25,2,0,False,True,0.35534462332725525,0.03367002122104168,0.0036343390092952177,0.772959808818996,104,8,8,8,False,
epic_kitchens,val,P22_109_693,data/EPIC_data/clips/P22/P22_109_693.mp4,1,8,25,2,0,False,True,0.25364089012145996,0.029804626014083624,0.0036343390092952177,0.7348443469963968,109,8,8,8,False,
epic_kitchens,val,P28_104_96,data/EPIC_data/clips/P28/P28_104_96.mp4,1,8,25,2,0,False,True,0.4043618440628052,0.035287446808069944,0.0036343390092952177,0.7023988529108465,71,8,8,8,False,
epic_kitchens,val,P26_117_49,data/EPIC_data/clips/P26/P26_117_49.mp4,1,8,25,2,0,False,True,0.35046249628067017,0.025001301895827055,0.0036343390092952177,0.6631654342636466,56,7,8,8,False,
epic_kitchens,val,P25_107_493,data/EPIC_data/clips/P25/P25_107_493.mp4,1,8,25,2,0,False,True,0.4074711203575134,0.026163322385400534,0.0036343390092952177,0.6348110251128674,54,7,8,8,False,
epic_kitchens,val,P01_105_699,data/EPIC_data/clips/P01/P01_105_699.mp4,1,8,25,2,2,False,True,0.22725863754749298,0.024770600255578756,0.0036343390092952177,0.6050291848368943,30,4,8,8,False,
epic_kitchens,val,P04_119_175,data/EPIC_data/clips/P04/P04_119_175.mp4,1,8,25,2,1,True,True,0.20512451231479645,0.029662807006388903,0.0036343390092952177,0.5759212840348482,47,6,8,8,False,
epic_kitchens,val,P09_104_41,data/EPIC_data/clips/P09/P09_104_41.mp4,1,8,25,2,0,False,True,0.3791998028755188,0.035228504333645105,0.0036343390092952177,0.5431905151344836,153,8,8,8,False,
epic_kitchens,val,P03_101_15,data/EPIC_data/clips/P03/P03_101_15.mp4,1,8,25,2,0,False,True,0.2284175306558609,0.030136887915432453,0.0036343390092952177,0.505094398278743,252,8,8,8,False,
epic_kitchens,val,P35_109_281,data/EPIC_data/clips/P35/P35_109_281.mp4,1,8,25,2,0,False,True,0.16093626618385315,0.03654026798903942,0.0037414510879898444,1.6523908651433885,150,8,8,8,False,
epic_kitchens,val,P22_106_17,data/EPIC_data/clips/P22/P22_106_17.mp4,1,8,25,2,0,False,True,0.33033284544944763,0.027385022956877947,0.0037414510879898444,1.6127407760359347,70,8,8,8,False,
epic_kitchens,val,P25_107_191,data/EPIC_data/clips/P25/P25_107_191.mp4,1,8,25,2,0,False,True,0.32716497778892517,0.02873350027948618,0.0037414510879898444,1.581616627983749,93,8,8,8,False,
epic_kitchens,val,P25_106_83,data/EPIC_data/clips/P25/P25_106_83.mp4,1,8,25,2,1,True,True,0.29299280047416687,0.024788663256913424,0.0037414510879898444,1.5499054761603475,43,6,8,8,False,
epic_kitchens,val,P04_109_336,data/EPIC_data/clips/P04/P04_109_336.mp4,1,8,25,2,1,True,True,0.28725361824035645,0.0335896466858685,0.0037414510879898444,1.5225594360381365,77,8,8,8,False,
epic_kitchens,val,P22_117_314,data/EPIC_data/clips/P22/P22_117_314.mp4,1,8,25,2,0,False,True,0.31200897693634033,0.02084364090114832,0.0037414510879898444,1.4832049859687686,29,4,8,8,False,
epic_kitchens,val,P11_103_19,data/EPIC_data/clips/P11/P11_103_19.mp4,1,8,25,2,0,False,True,0.37076535820961,0.022238851059228182,0.0037414510879898444,1.4589273328892887,37,5,8,8,False,
epic_kitchens,val,P03_120_171,data/EPIC_data/clips/P03/P03_120_171.mp4,1,8,25,2,0,False,True,0.3110855221748352,0.025979270692914724,0.0037414510879898444,1.4329675273038447,54,7,8,8,False,
epic_kitchens,val,P12_101_476,data/EPIC_data/clips/P12/P12_101_476.mp4,2,8,25,2,0,False,True,0.3002725839614868,0.029451926704496145,0.0037414510879898444,1.4036451280117035,63,8,8,8,False,
epic_kitchens,val,P01_102_66,data/EPIC_data/clips/P01/P01_102_66.mp4,2,8,25,2,0,False,True,0.40595775842666626,0.05156205501407385,0.0037414510879898444,1.3710097470320761,287,8,8,8,False,
epic_kitchens,val,P03_109_221,data/EPIC_data/clips/P03/P03_109_221.mp4,2,8,25,2,0,False,True,0.2132313847541809,0.025114125106483698,0.0037414510879898444,1.3157411189749837,29,4,8,8,False,
epic_kitchens,val,P03_121_13,data/EPIC_data/clips/P03/P03_121_13.mp4,2,8,25,2,0,False,False,0.2548540532588959,0.03185113798826933,0.0037414510879898444,1.287750044837594,163,8,8,8,False,
epic_kitchens,val,P22_116_128,data/EPIC_data/clips/P22/P22_116_128.mp4,2,8,25,2,2,True,True,0.35218578577041626,0.04908197093755007,0.0037414510879898444,1.2524433629587293,364,8,8,8,False,
epic_kitchens,val,P25_107_183,data/EPIC_data/clips/P25/P25_107_183.mp4,2,8,25,2,0,False,False,0.27203911542892456,0.033730104099959135,0.0037414510879898444,1.1994701470248401,201,8,8,8,False,
epic_kitchens,val,P22_116_184,data/EPIC_data/clips/P22/P22_116_184.mp4,2,8,25,2,0,False,True,0.26573261618614197,0.02748020924627781,0.0037414510879898444,1.162427400238812,112,8,8,8,False,
epic_kitchens,val,P25_106_32,data/EPIC_data/clips/P25/P25_106_32.mp4,2,8,25,2,0,False,False,0.348657488822937,0.027589228935539722,0.0037414510879898444,1.1319437636993825,70,8,8,8,False,
epic_kitchens,val,P07_107_12,data/EPIC_data/clips/P07/P07_107_12.mp4,2,8,25,2,0,False,False,0.2226482331752777,0.03276270721107721,0.0037414510879898444,1.100265332031995,136,8,8,8,False,
epic_kitchens,val,P25_104_41,data/EPIC_data/clips/P25/P25_104_41.mp4,2,8,25,2,0,False,True,0.2263229638338089,0.030280564446002245,0.0037414510879898444,1.0639852159656584,240,8,8,8,False,
epic_kitchens,val,P01_105_682,data/EPIC_data/clips/P01/P01_105_682.mp4,2,8,25,2,2,True,True,0.3251044750213623,0.030117686837911606,0.0037414510879898444,1.0296870130114257,55,7,8,8,False,
epic_kitchens,val,P35_108_483,data/EPIC_data/clips/P35/P35_108_483.mp4,2,8,25,2,1,False,True,0.29866817593574524,0.06108870590105653,0.0037414510879898444,0.9956305827945471,472,8,8,8,False,
epic_kitchens,val,P25_106_164,data/EPIC_data/clips/P25/P25_106_164.mp4,2,8,25,2,0,False,True,0.19453641772270203,0.042421885300427675,0.0037414510879898444,0.9298220253549516,320,8,8,8,False,
epic_kitchens,val,P03_119_184,data/EPIC_data/clips/P03/P03_119_184.mp4,2,8,25,2,0,False,True,0.19063323736190796,0.024701236747205257,0.0037414510879898444,0.8842037618160248,50,6,8,8,False,
epic_kitchens,val,P01_105_440,data/EPIC_data/clips/P01/P01_105_440.mp4,2,8,25,2,0,False,True,0.241407573223114,0.04153109807521105,0.0037414510879898444,0.8560347529128194,215,8,8,8,False,
epic_kitchens,val,P27_103_649,data/EPIC_data/clips/P27/P27_103_649.mp4,2,8,25,2,0,False,True,0.22497440874576569,0.043618056923151016,0.0037414510879898444,0.8102381569333375,236,8,8,8,False,
epic_kitchens,val,P01_109_579,data/EPIC_data/clips/P01/P01_109_579.mp4,2,8,25,2,2,True,True,0.4975685179233551,0.047168290708214045,0.0037414510879898444,0.7630794551223516,213,8,8,8,False,
epic_kitchens,val,P37_101_294,data/EPIC_data/clips/P37/P37_101_294.mp4,2,8,25,2,1,False,True,0.21159374713897705,0.03610781021416187,0.0037414510879898444,0.7113874270580709,194,8,8,8,False,
epic_kitchens,val,P35_108_245,data/EPIC_data/clips/P35/P35_108_245.mp4,2,8,25,2,1,False,True,0.22779498994350433,0.043403098825365305,0.0037414510879898444,0.672729916870594,225,8,8,8,False,
epic_kitchens,val,P30_101_53,data/EPIC_data/clips/P30/P30_101_53.mp4,2,8,25,2,0,False,True,0.21493218839168549,0.02851803693920374,0.0037414510879898444,0.6260085981339216,52,7,8,8,False,
epic_kitchens,val,P28_109_13,data/EPIC_data/clips/P28/P28_109_13.mp4,3,8,25,2,0,False,True,0.2579013705253601,0.027027680072933435,0.0037414510879898444,0.5938328253105283,71,8,8,8,False,
epic_kitchens,val,P06_101_26,data/EPIC_data/clips/P06/P06_101_26.mp4,3,8,25,2,0,False,True,0.28814616799354553,0.02776633482426405,0.0037414510879898444,0.563295875210315,77,8,8,8,False,
epic_kitchens,val,P22_106_20,data/EPIC_data/clips/P22/P22_106_20.mp4,3,8,25,2,0,False,True,0.253115713596344,0.02266927296295762,0.0037414510879898444,0.5328666991554201,46,6,8,8,False,
epic_kitchens,val,P28_101_17,data/EPIC_data/clips/P28/P28_101_17.mp4,3,8,25,2,0,False,True,0.38845017552375793,0.02654381189495325,0.0037414510879898444,0.5052631120197475,65,8,8,8,False,
epic_kitchens,val,P22_111_93,data/EPIC_data/clips/P22/P22_111_93.mp4,3,8,25,2,0,False,True,0.33825111389160156,0.025198929011821747,0.003657522873254493,1.4561981079168618,44,6,8,8,False,
epic_kitchens,val,P06_113_31,data/EPIC_data/clips/P06/P06_113_31.mp4,3,8,25,2,0,False,True,0.16114957630634308,0.03211336303502321,0.003657522873254493,1.4262117901816964,52,7,8,8,False,
epic_kitchens,val,P26_104_116,data/EPIC_data/clips/P26/P26_104_116.mp4,3,8,25,2,0,False,True,0.23020844161510468,0.02290342003107071,0.003657522873254493,1.3896078481338918,51,7,8,8,False,
epic_kitchens,val,P22_117_400,data/EPIC_data/clips/P22/P22_117_400.mp4,3,8,25,2,0,False,True,0.3809243440628052,0.02827889984473586,0.003657522873254493,1.363430785946548,136,8,8,8,False,
epic_kitchens,val,P01_105_179,data/EPIC_data/clips/P01/P01_105_179.mp4,3,8,25,2,0,False,True,0.3036663234233856,0.020159007981419563,0.003657522873254493,1.3318274421617389,34,4,8,8,False,
epic_kitchens,val,P30_109_163,data/EPIC_data/clips/P30/P30_109_163.mp4,3,8,25,2,0,False,True,0.29688942432403564,0.02827576780691743,0.003657522873254493,1.3089113817550242,105,8,8,8,False,
epic_kitchens,val,P06_104_30,data/EPIC_data/clips/P06/P06_104_30.mp4,3,8,25,2,0,False,True,0.2688344419002533,0.027833499014377594,0.003657522873254493,1.2770961849018931,47,6,8,8,False,
epic_kitchens,val,P02_129_456,data/EPIC_data/clips/P02/P02_129_456.mp4,3,8,25,2,0,False,True,0.25020670890808105,0.03380814008414745,0.003657522873254493,1.247146372217685,59,8,8,8,False,
epic_kitchens,val,P30_107_110,data/EPIC_data/clips/P30/P30_107_110.mp4,3,8,25,2,0,False,False,0.23562052845954895,0.017814782913774252,0.003657522873254493,1.2103439467027783,25,3,8,8,False,
epic_kitchens,val,P11_101_17,data/EPIC_data/clips/P11/P11_101_17.mp4,3,8,25,2,0,False,True,0.24855157732963562,0.030472642742097378,0.003657522873254493,1.1906232698820531,222,8,8,8,False,
epic_kitchens,val,P02_120_27,data/EPIC_data/clips/P02/P02_120_27.mp4,3,8,25,2,1,False,True,0.28149905800819397,0.032212394289672375,0.003657522873254493,1.1562161878682673,72,8,8,8,False,
epic_kitchens,val,P22_103_12,data/EPIC_data/clips/P22/P22_103_12.mp4,3,8,25,2,0,False,True,0.21989907324314117,0.02055023703724146,0.003657522873254493,1.1198361171409488,30,4,8,8,False,
epic_kitchens,val,P02_103_18,data/EPIC_data/clips/P02/P02_103_18.mp4,3,8,25,2,0,False,False,0.19602929055690765,0.03849114524200559,0.003657522873254493,1.0958457929082215,189,8,8,8,False,
epic_kitchens,val,P35_101_51,data/EPIC_data/clips/P35/P35_101_51.mp4,3,8,25,2,0,False,True,0.18875078856945038,0.024644661229103804,0.003657522873254493,1.0543350311927497,51,7,8,8,False,
epic_kitchens,val,P04_108_80,data/EPIC_data/clips/P04/P04_108_80.mp4,3,8,25,2,1,False,True,0.2891491651535034,0.031477073673158884,0.003657522873254493,1.0264107678085566,97,8,8,8,False,
epic_kitchens,val,P04_119_138,data/EPIC_data/clips/P04/P04_119_138.mp4,3,8,25,2,1,False,True,0.2432219684123993,0.022198732011020184,0.003657522873254493,0.9919652519747615,41,5,8,8,False,
epic_kitchens,val,P22_110_20,data/EPIC_data/clips/P22/P22_110_20.mp4,4,8,25,2,0,False,False,0.28939691185951233,0.02104661101475358,0.003657522873254493,0.9672107240185142,34,4,8,8,False,
epic_kitchens,val,P30_104_71,data/EPIC_data/clips/P30/P30_104_71.mp4,4,8,25,2,0,False,True,0.35424476861953735,0.02441308880224824,0.003657522873254493,0.9428195129148662,47,6,8,8,False,
epic_kitchens,val,P04_102_29,data/EPIC_data/clips/P04/P04_102_29.mp4,4,8,25,2,0,False,True,0.2689060568809509,0.024644029792398214,0.003657522873254493,0.9153008610010147,37,5,8,8,False,
epic_kitchens,val,P01_109_208,data/EPIC_data/clips/P01/P01_109_208.mp4,4,8,25,2,0,False,True,0.22897197306156158,0.02443798817694187,0.003657522873254493,0.886918110307306,39,5,8,8,False,
epic_kitchens,val,P25_106_141,data/EPIC_data/clips/P25/P25_106_141.mp4,4,8,25,2,0,False,True,0.371476948261261,0.01909788604825735,0.003657522873254493,0.8586825616657734,30,4,8,8,False,
epic_kitchens,val,P03_119_46,data/EPIC_data/clips/P03/P03_119_46.mp4,4,8,25,2,0,False,True,0.34776753187179565,0.018624656833708286,0.003657522873254493,0.8362613040953875,27,4,8,8,False,
epic_kitchens,val,P06_101_400,data/EPIC_data/clips/P06/P06_101_400.mp4,4,8,25,2,0,False,False,0.32533615827560425,0.030275780241936445,0.003657522873254493,0.8150137080810964,163,8,8,8,False,
epic_kitchens,val,P35_104_367,data/EPIC_data/clips/P35/P35_104_367.mp4,4,8,25,2,1,False,True,0.1920970231294632,0.0313567197881639,0.003657522873254493,0.7808778891339898,206,8,8,8,False,
epic_kitchens,val,P28_104_158,data/EPIC_data/clips/P28/P28_104_158.mp4,4,8,25,2,0,False,True,0.28003552556037903,0.04175380105152726,0.003657522873254493,0.744004397187382,109,8,8,8,False,
epic_kitchens,val,P26_107_18,data/EPIC_data/clips/P26/P26_107_18.mp4,4,8,25,2,0,False,True,0.337491899728775,0.043473546858876944,0.003657522873254493,0.6985774100758135,337,8,8,8,False,
epic_kitchens,val,P30_113_42,data/EPIC_data/clips/P30/P30_113_42.mp4,4,8,25,2,0,False,True,0.37960830330848694,0.028493428137153387,0.003657522873254493,0.6516658188775182,108,8,8,8,False,
epic_kitchens,val,P09_104_57,data/EPIC_data/clips/P09/P09_104_57.mp4,4,8,25,2,0,False,True,0.20792892575263977,0.025033158715814352,0.003657522873254493,0.6195595236495137,51,7,8,8,False,
epic_kitchens,val,P02_105_27,data/EPIC_data/clips/P02/P02_105_27.mp4,4,8,25,2,0,False,True,0.34326574206352234,0.03366733621805906,0.003657522873254493,0.5909297857433558,107,8,8,8,False,
epic_kitchens,val,P02_123_205,data/EPIC_data/clips/P02/P02_123_205.mp4,4,8,25,2,1,False,True,0.26013126969337463,0.021677207201719284,0.003657522873254493,0.5540012163110077,34,4,8,8,False,
epic_kitchens,val,P02_130_183,data/EPIC_data/clips/P02/P02_130_183.mp4,4,8,25,2,0,False,True,0.32762593030929565,0.018054152838885784,0.003657522873254493,0.5273296860978007,25,3,8,8,False,
epic_kitchens,val,P27_103_205,data/EPIC_data/clips/P27/P27_103_205.mp4,4,8,25,2,0,False,False,0.1899309605360031,0.028423482086509466,0.003657522873254493,0.50584736187011,53,7,8,8,False,
epic_kitchens,val,P04_119_68,data/EPIC_data/clips/P04/P04_119_68.mp4,4,8,25,2,0,False,True,0.3147556781768799,0.03086024383082986,0.0036864208086626604,1.7074214611202478,45,6,8,8,False,
epic_kitchens,val,P04_104_273,data/EPIC_data/clips/P04/P04_104_273.mp4,4,8,25,2,1,False,True,0.252865195274353,0.039582904893904924,0.0036864208086626604,1.6718527069315314,169,8,8,8,False,
epic_kitchens,val,P02_126_59,data/EPIC_data/clips/P02/P02_126_59.mp4,4,8,25,2,0,False,True,0.31977319717407227,0.030849549919366837,0.0036864208086626604,1.6276323506608605,122,8,8,8,False,
epic_kitchens,val,P27_105_242,data/EPIC_data/clips/P27/P27_105_242.mp4,4,8,25,2,0,False,True,0.2871480882167816,0.021891735959798098,0.0036864208086626604,1.5937101771123707,41,5,8,8,False,
epic_kitchens,val,P09_104_55,data/EPIC_data/clips/P09/P09_104_55.mp4,5,8,25,2,2,False,False,0.34361323714256287,0.02640722179785371,0.0036864208086626604,1.5684567405842245,80,8,8,8,False,
epic_kitchens,val,P28_108_38,data/EPIC_data/clips/P28/P28_108_38.mp4,5,8,25,2,2,False,False,0.2471105009317398,0.06498930510133505,0.0036864208086626604,1.5393402730114758,472,8,8,8,False,
epic_kitchens,val,P02_101_58,data/EPIC_data/clips/P02/P02_101_58.mp4,5,8,25,2,0,False,False,0.2016998529434204,0.025116085074841976,0.0036864208086626604,1.4683292000554502,28,4,8,8,False,
epic_kitchens,val,P07_110_27,data/EPIC_data/clips/P07/P07_110_27.mp4,5,8,25,2,0,False,True,0.20324698090553284,0.08807974122464657,0.0036864208086626604,1.4403476337902248,624,8,8,8,False,
epic_kitchens,val,P06_101_396,data/EPIC_data/clips/P06/P06_101_396.mp4,5,8,25,2,1,False,True,0.15953122079372406,0.0353923630900681,0.0036864208086626604,1.3471103166230023,204,8,8,8,False,
epic_kitchens,val,P04_109_438,data/EPIC_data/clips/P04/P04_109_438.mp4,5,8,25,2,0,False,True,0.3354361653327942,0.03723160922527313,0.0036864208086626604,1.3084458080120385,223,8,8,8,False,
epic_kitchens,val,P28_104_170,data/EPIC_data/clips/P28/P28_104_170.mp4,5,8,25,2,0,False,False,0.25265130400657654,0.045729374047368765,0.0036864208086626604,1.2644581352360547,138,8,8,8,False,
epic_kitchens,val,P02_133_23,data/EPIC_data/clips/P02/P02_133_23.mp4,5,8,25,2,0,False,False,0.3090769946575165,0.025501980911940336,0.0036864208086626604,1.2133915987797081,56,7,8,8,False,
epic_kitchens,val,P27_104_151,data/EPIC_data/clips/P27/P27_104_151.mp4,5,8,25,2,0,False,False,0.3714962303638458,0.030317876022309065,0.0036864208086626604,1.1847900012508035,96,8,8,8,False,
epic_kitchens,val,P28_105_42,data/EPIC_data/clips/P28/P28_105_42.mp4,5,8,25,2,1,False,False,0.4249395728111267,0.10100389597937465,0.0036864208086626604,1.1516322470270097,853,8,8,8,False,
epic_kitchens,val,P06_101_254,data/EPIC_data/clips/P06/P06_101_254.mp4,5,8,25,2,0,False,False,0.27296289801597595,0.030309338122606277,0.0036864208086626604,1.0469559957273304,65,8,8,8,False,
epic_kitchens,val,P02_113_165,data/EPIC_data/clips/P02/P02_113_165.mp4,5,8,25,2,0,False,False,0.3657306134700775,0.03677889937534928,0.0036864208086626604,1.0140136233530939,174,8,8,8,False,
epic_kitchens,val,P30_111_245,data/EPIC_data/clips/P30/P30_111_245.mp4,5,8,25,2,2,False,False,0.31067630648612976,0.027529017999768257,0.0036864208086626604,0.9740571388974786,63,8,8,8,False,
epic_kitchens,val,P03_106_20,data/EPIC_data/clips/P03/P03_106_20.mp4,5,8,25,2,0,False,True,0.3104385733604431,0.018950772006064653,0.0036864208086626604,0.9433283340185881,27,4,8,8,False,
epic_kitchens,val,P30_101_74,data/EPIC_data/clips/P30/P30_101_74.mp4,5,8,25,2,0,False,True,0.37508460879325867,0.028634230140596628,0.0036864208086626604,0.9219568492844701,112,8,8,8,False,
epic_kitchens,val,P28_111_192,data/EPIC_data/clips/P28/P28_111_192.mp4,5,8,25,2,0,False,False,0.28858932852745056,0.026856345124542713,0.0036864208086626604,0.8904038299806416,41,5,8,8,False,
epic_kitchens,val,P04_113_74,data/EPIC_data/clips/P04/P04_113_74.mp4,5,8,25,2,1,False,False,0.24027831852436066,0.03386250603944063,0.0036864208086626604,0.8595552891492844,116,8,8,8,False,
epic_kitchens,val,P09_105_31,data/EPIC_data/clips/P09/P09_105_31.mp4,5,8,25,2,0,False,False,0.2308722585439682,0.02942851185798645,0.0036864208086626604,0.82087297225371,75,8,8,8,False,
epic_kitchens,val,P11_104_24,data/EPIC_data/clips/P11/P11_104_24.mp4,5,8,25,2,2,False,False,0.19619889557361603,0.035817565862089396,0.0036864208086626604,0.7885529859922826,221,8,8,8,False,
epic_kitchens,val,P04_112_236,data/EPIC_data/clips/P04/P04_112_236.mp4,5,8,25,2,0,False,False,0.3609231412410736,0.03799288906157017,0.0036864208086626604,0.749732777941972,195,8,8,8,False,
epic_kitchens,val,P11_104_131,data/EPIC_data/clips/P11/P11_104_131.mp4,6,8,25,2,0,False,True,0.20607346296310425,0.0200351569801569,0.0036864208086626604,0.7085296041332185,31,4,8,8,False,
epic_kitchens,val,P02_113_127,data/EPIC_data/clips/P02/P02_113_127.mp4,6,8,25,2,2,False,True,0.3001354932785034,0.027274496853351593,0.0036864208086626604,0.6865487569011748,58,7,8,8,False,
epic_kitchens,val,P07_113_142,data/EPIC_data/clips/P07/P07_113_142.mp4,6,8,25,2,0,False,False,0.2208949774503708,0.03228929312899709,0.0036864208086626604,0.6564959967508912,101,8,8,8,False,
epic_kitchens,val,P30_101_124,data/EPIC_data/clips/P30/P30_101_124.mp4,6,8,25,2,0,False,False,0.23847773671150208,0.02164661092683673,0.0036864208086626604,0.6199454409070313,38,5,8,8,False,
epic_kitchens,val,P02_108_315,data/EPIC_data/clips/P02/P02_108_315.mp4,6,8,25,2,0,False,True,0.180096834897995,0.027403804939240217,0.0036864208086626604,0.595274721737951,100,8,8,8,False,
epic_kitchens,val,P22_112_51,data/EPIC_data/clips/P22/P22_112_51.mp4,6,8,25,2,1,False,False,0.2208099216222763,0.026553485076874495,0.0036864208086626604,0.5640824963338673,30,4,8,8,False,
epic_kitchens,val,P35_104_2,data/EPIC_data/clips/P35/P35_104_2.mp4,6,8,25,2,0,False,False,0.340453177690506,0.028164889197796583,0.0036864208086626604,0.5356276487000287,151,8,8,8,False,
epic_kitchens,val,P22_108_1,data/EPIC_data/clips/P22/P22_108_1.mp4,6,8,25,2,0,False,False,0.26733022928237915,0.026727078948169947,0.0036864208086626604,0.5035993256606162,64,8,8,8,False,
epic_kitchens,val,P06_107_53,data/EPIC_data/clips/P06/P06_107_53.mp4,6,8,25,2,0,False,True,0.26129770278930664,0.03974516922608018,0.0037603767559630796,1.9991270247846842,114,8,8,8,False,
epic_kitchens,val,P30_107_34,data/EPIC_data/clips/P30/P30_107_34.mp4,6,8,25,2,2,False,True,0.3044091463088989,0.026519550010561943,0.0037603767559630796,1.9535017013549805,51,7,8,8,False,
epic_kitchens,val,P23_102_334,data/EPIC_data/clips/P23/P23_102_334.mp4,6,8,25,2,0,False,False,0.22595791518688202,0.0271644601598382,0.0037603767559630796,1.9226015843451023,45,6,8,8,False,
epic_kitchens,val,P02_118_245,data/EPIC_data/clips/P02/P02_118_245.mp4,6,8,25,2,1,False,False,0.23539194464683533,0.021869873628020287,0.0037603767559630796,1.8908669617958367,38,5,8,8,False,
epic_kitchens,val,P04_121_29,data/EPIC_data/clips/P04/P04_121_29.mp4,6,8,25,2,0,False,False,0.2821442782878876,0.0402023009955883,0.0037603767559630796,1.8676340761594474,228,8,8,8,False,
epic_kitchens,val,P02_118_214,data/EPIC_data/clips/P02/P02_118_214.mp4,6,8,25,2,0,False,False,0.29802677035331726,0.023765393067151308,0.0037603767559630796,1.823019411880523,47,6,8,8,False,
epic_kitchens,val,P27_103_646,data/EPIC_data/clips/P27/P27_103_646.mp4,6,8,25,2,0,False,False,0.20443759858608246,0.027307816315442324,0.0037603767559630796,1.7956505860202014,46,6,8,8,False,
epic_kitchens,val,P12_103_114,data/EPIC_data/clips/P12/P12_103_114.mp4,6,8,25,2,0,False,False,0.16983044147491455,0.026429357938468456,0.0037603767559630796,1.765340028796345,56,7,8,8,False,
epic_kitchens,val,P30_108_112,data/EPIC_data/clips/P30/P30_108_112.mp4,6,8,25,2,2,False,True,0.31018516421318054,0.021998458076268435,0.0037603767559630796,1.735482295975089,36,5,8,8,False,
epic_kitchens,val,P35_107_219,data/EPIC_data/clips/P35/P35_107_219.mp4,6,8,25,2,1,False,False,0.32458698749542236,0.03271769592538476,0.0037603767559630796,1.7093791868537664,76,8,8,8,False,
epic_kitchens,val,P22_103_376,data/EPIC_data/clips/P22/P22_103_376.mp4,6,8,25,2,0,False,True,0.25980380177497864,0.02016167901456356,0.0037603767559630796,1.673196644987911,32,4,8,8,False,
epic_kitchens,val,P30_107_59,data/EPIC_data/clips/P30/P30_107_59.mp4,6,8,25,2,0,False,False,0.2823076844215393,0.018187057226896286,0.0037603767559630796,1.6497695250436664,18,2,8,8,False,
epic_kitchens,val,P06_110_12,data/EPIC_data/clips/P06/P06_110_12.mp4,7,8,25,2,0,False,False,0.2868503928184509,0.1828249958343804,0.0037603767559630796,1.6300756107084453,1783,8,8,8,False,
epic_kitchens,val,P02_122_129,data/EPIC_data/clips/P02/P02_122_129.mp4,7,8,25,2,0,False,False,0.27295607328414917,0.07434090599417686,0.0037603767559630796,1.4397455719299614,629,8,8,8,False,
epic_kitchens,val,P04_121_7,data/EPIC_data/clips/P04/P04_121_7.mp4,7,8,25,2,0,False,False,0.18655824661254883,0.03829692676663399,0.0037603767559630796,1.3607419189065695,134,8,8,8,False,
epic_kitchens,val,P37_102_67,data/EPIC_data/clips/P37/P37_102_67.mp4,7,8,25,2,0,False,False,0.3408297002315521,0.031952539924532175,0.0037603767559630796,1.3182328292168677,102,8,8,8,False,
epic_kitchens,val,P22_104_36,data/EPIC_data/clips/P22/P22_104_36.mp4,7,8,25,2,1,False,False,0.25444337725639343,0.04186520213261247,0.0037603767559630796,1.2817339892499149,322,8,8,8,False,
epic_kitchens,val,P22_104_97,data/EPIC_data/clips/P22/P22_104_97.mp4,7,8,25,2,0,False,False,0.2358255684375763,0.03344207815825939,0.0037603767559630796,1.2371787424199283,131,8,8,8,False,
epic_kitchens,val,P30_113_118,data/EPIC_data/clips/P30/P30_113_118.mp4,7,8,25,2,0,False,False,0.33489614725112915,0.029693538323044777,0.0037603767559630796,1.1997531871311367,103,8,8,8,False,
epic_kitchens,val,P28_101_55,data/EPIC_data/clips/P28/P28_101_55.mp4,7,8,25,2,0,False,False,0.23724421858787537,0.04302371991798282,0.0037603767559630796,1.1657914980314672,217,8,8,8,False,
epic_kitchens,val,P01_105_369,data/EPIC_data/clips/P01/P01_105_369.mp4,7,8,25,2,0,False,False,0.33696210384368896,0.0297758923843503,0.0037603767559630796,1.1180862430483103,146,8,8,8,False,
epic_kitchens,val,P22_117_134,data/EPIC_data/clips/P22/P22_117_134.mp4,7,8,25,2,0,False,False,0.3793230652809143,0.040830111131072044,0.0037603767559630796,1.086056045256555,229,8,8,8,False,
epic_kitchens,val,P06_101_316,data/EPIC_data/clips/P06/P06_101_316.mp4,7,8,25,2,0,False,False,0.2548421025276184,0.07270184997469187,0.0037603767559630796,1.0417871442623436,498,8,8,8,False,
epic_kitchens,val,P30_107_346,data/EPIC_data/clips/P30/P30_107_346.mp4,7,8,25,2,1,False,True,0.20377802848815918,0.0501769776456058,0.0037603767559630796,0.9657482891343534,425,8,8,8,False,
epic_kitchens,val,P23_101_45,data/EPIC_data/clips/P23/P23_101_45.mp4,7,8,25,2,0,False,False,0.35007384419441223,0.11295088799670339,0.0037603767559630796,0.9124010079540312,1117,8,8,8,False,
epic_kitchens,val,P04_107_30,data/EPIC_data/clips/P04/P04_107_30.mp4,7,8,25,2,0,False,False,0.3054831326007843,0.025222126860171556,0.0037603767559630796,0.7938678879290819,30,4,8,8,False,
epic_kitchens,val,P07_113_63,data/EPIC_data/clips/P07/P07_113_63.mp4,7,8,25,2,1,False,True,0.19301021099090576,0.050406938418745995,0.0037603767559630796,0.7653586477972567,291,8,8,8,False,
epic_kitchens,val,P04_107_923,data/EPIC_data/clips/P04/P04_107_923.mp4,7,8,25,2,0,False,False,0.34975141286849976,0.037968370132148266,0.0037603767559630796,0.7111508268862963,132,8,8,8,False,
epic_kitchens,val,P03_120_80,data/EPIC_data/clips/P03/P03_120_80.mp4,7,8,25,2,0,False,False,0.27445054054260254,0.035688579082489014,0.0037603767559630796,0.6687366920523345,122,8,8,8,False,
epic_kitchens,val,P23_102_267,data/EPIC_data/clips/P23/P23_102_267.mp4,7,8,25,2,1,False,False,0.22265015542507172,0.0273300320841372,0.0037603767559630796,0.6275353692471981,48,6,8,8,False,
epic_kitchens,val,P28_111_176,data/EPIC_data/clips/P28/P28_111_176.mp4,7,8,25,2,0,False,False,0.3632456064224243,0.07091752765700221,0.0037603767559630796,0.5977445850148797,595,8,8,8,False,
epic_kitchens,val,P25_107_58,data/EPIC_data/clips/P25/P25_107_58.mp4,7,8,25,2,0,False,False,0.3093965947628021,0.04197019897401333,0.0037603767559630796,0.5215581920929253,297,8,8,8,False,
epic_kitchens,val,P02_105_65,data/EPIC_data/clips/P02/P02_105_65.mp4,8,8,25,2,2,False,True,0.4062729775905609,0.024362558964639902,0.0035044664109591395,1.6692698649130762,29,4,8,8,False,
epic_kitchens,val,P02_113_139,data/EPIC_data/clips/P02/P02_113_139.mp4,8,8,25,2,2,False,False,0.30122366547584534,0.027337733656167984,0.0035044664109591395,1.6411157911643386,55,7,8,8,False,
epic_kitchens,val,P01_109_886,data/EPIC_data/clips/P01/P01_109_886.mp4,8,8,25,2,0,False,False,0.28147760033607483,0.024712022859603167,0.0035044664109591395,1.608983855228871,48,6,8,8,False,
epic_kitchens,val,P02_123_320,data/EPIC_data/clips/P02/P02_123_320.mp4,8,8,25,2,2,False,True,0.3467405140399933,0.027823411859571934,0.0035044664109591395,1.5822843201458454,53,7,8,8,False,
epic_kitchens,val,P11_102_8,data/EPIC_data/clips/P11/P11_102_8.mp4,8,8,25,2,0,False,False,0.2767784297466278,0.021256154868751764,0.0035044664109591395,1.5507816788740456,33,4,8,8,False,
epic_kitchens,val,P27_103_338,data/EPIC_data/clips/P27/P27_103_338.mp4,8,8,25,2,0,False,False,0.24975675344467163,0.022490122821182013,0.0035044664109591395,1.5261282590217888,40,5,8,8,False,
epic_kitchens,val,P22_116_215,data/EPIC_data/clips/P22/P22_116_215.mp4,8,8,25,2,2,False,True,0.32574114203453064,0.022482048720121384,0.0035044664109591395,1.499813272152096,37,5,8,8,False,
epic_kitchens,val,P01_109_31,data/EPIC_data/clips/P01/P01_109_31.mp4,8,8,25,2,2,False,True,0.21071119606494904,0.021006710827350616,0.0035044664109591395,1.473936999682337,23,3,8,8,False,
epic_kitchens,val,P03_108_4,data/EPIC_data/clips/P03/P03_108_4.mp4,8,8,25,2,1,False,False,0.27051711082458496,0.024841763079166412,0.0035044664109591395,1.450332758948207,37,5,8,8,False,
epic_kitchens,val,P22_117_325,data/EPIC_data/clips/P22/P22_117_325.mp4,8,8,25,2,0,False,False,0.30251768231391907,0.015454444102942944,0.0035044664109591395,1.42158525576815,11,2,8,8,False,
epic_kitchens,val,P27_104_83,data/EPIC_data/clips/P27/P27_104_83.mp4,8,8,25,2,1,False,False,0.2169548124074936,0.025354063604027033,0.0035044664109591395,1.4042125009000301,44,6,8,8,False,
epic_kitchens,val,P22_112_140,data/EPIC_data/clips/P22/P22_112_140.mp4,8,8,25,2,0,False,False,0.3152102828025818,0.021418598014861345,0.0035044664109591395,1.376497806981206,41,5,8,8,False,
epic_kitchens,val,P22_108_49,data/EPIC_data/clips/P22/P22_108_49.mp4,8,8,25,2,0,False,False,0.23667089641094208,0.018909308593720198,0.0035044664109591395,1.3511066799983382,24,3,8,8,False,
epic_kitchens,val,P02_123_361,data/EPIC_data/clips/P02/P02_123_361.mp4,8,8,25,2,2,False,True,0.3531714379787445,0.02849970106035471,0.0035044664109591395,1.3295931690372527,71,8,8,8,False,
epic_kitchens,val,P22_111_496,data/EPIC_data/clips/P22/P22_111_496.mp4,8,8,25,2,2,False,True,0.31149446964263916,0.02102296007797122,0.0035044664109591395,1.2980603291653097,25,3,8,8,False,
epic_kitchens,val,P22_109_744,data/EPIC_data/clips/P22/P22_109_744.mp4,8,8,25,2,0,False,False,0.31009119749069214,0.018508288078010082,0.0035044664109591395,1.274002990219742,26,3,8,8,False,
epic_kitchens,val,P02_131_78,data/EPIC_data/clips/P02/P02_131_78.mp4,8,8,25,2,2,False,True,0.3447818160057068,0.02286646794527769,0.0035044664109591395,1.2528825011104345,38,5,8,8,False,
epic_kitchens,val,P30_104_61,data/EPIC_data/clips/P30/P30_104_61.mp4,8,8,25,2,2,False,True,0.3379635214805603,0.02512143924832344,0.0035044664109591395,1.225974255707115,26,3,8,8,False,
epic_kitchens,val,P02_131_164,data/EPIC_data/clips/P02/P02_131_164.mp4,8,8,25,2,2,False,True,0.3916546106338501,0.022809232585132122,0.0035044664109591395,1.1978392312303185,31,4,8,8,False,
epic_kitchens,val,P02_129_8,data/EPIC_data/clips/P02/P02_129_8.mp4,8,8,25,2,2,False,True,0.2816581428050995,0.021463562734425068,0.0035044664109591395,1.1718708300031722,36,5,8,8,False,
epic_kitchens,val,P02_121_68,data/EPIC_data/clips/P02/P02_121_68.mp4,9,8,25,2,0,False,False,0.28919240832328796,0.06818117201328278,0.0035044664109591395,1.1465497403405607,633,8,8,8,False,
epic_kitchens,val,P22_111_61,data/EPIC_data/clips/P22/P22_111_61.mp4,9,8,25,2,1,False,False,0.26050135493278503,0.05622379621490836,0.0035044664109591395,1.076334161683917,459,8,8,8,False,
epic_kitchens,val,P30_111_80,data/EPIC_data/clips/P30/P30_111_80.mp4,9,8,25,2,0,False,False,0.25828391313552856,0.027257471345365047,0.0035044664109591395,1.016518042422831,81,8,8,8,False,
epic_kitchens,val,P35_105_277,data/EPIC_data/clips/P35/P35_105_277.mp4,9,8,25,2,0,False,False,0.3269302248954773,0.04309059074148536,0.0035044664109591395,0.9862708649598062,250,8,8,8,False,
epic_kitchens,val,P04_104_196,data/EPIC_data/clips/P04/P04_104_196.mp4,9,8,25,2,0,False,False,0.16498063504695892,0.03859653742983937,0.0035044664109591395,0.9394679008983076,144,8,8,8,False,
epic_kitchens,val,P28_103_242,data/EPIC_data/clips/P28/P28_103_242.mp4,9,8,25,2,1,False,False,0.24706582725048065,0.04767072619870305,0.0035044664109591395,0.8984273290261626,239,8,8,8,False,
epic_kitchens,val,P02_118_31,data/EPIC_data/clips/P02/P02_118_31.mp4,9,8,25,2,0,False,False,0.20962800085544586,0.03377570677548647,0.0035044664109591395,0.8424438629299402,133,8,8,8,False,
epic_kitchens,val,P35_105_226,data/EPIC_data/clips/P35/P35_105_226.mp4,9,8,25,2,0,False,False,0.20597384870052338,0.1758658359758556,0.0035044664109591395,0.8045136211439967,2001,8,8,8,False,
epic_kitchens,val,P02_108_427,data/EPIC_data/clips/P02/P02_108_427.mp4,9,8,25,2,0,False,False,0.18939903378486633,0.028308094013482332,0.0035044664109591395,0.6237217932939529,89,8,8,8,False,
epic_kitchens,val,P02_130_55,data/EPIC_data/clips/P02/P02_130_55.mp4,9,8,25,2,0,False,False,0.2982174754142761,0.04683603113517165,0.0035044664109591395,0.5923333610408008,173,8,8,8,False,
epic_kitchens,val,P22_113_203,data/EPIC_data/clips/P22/P22_113_203.mp4,9,8,25,2,0,False,False,0.3585669696331024,0.035446133464574814,0.0035044664109591395,0.5419366178102791,125,8,8,8,False,
epic_kitchens,val,P22_111_363,data/EPIC_data/clips/P22/P22_111_363.mp4,9,8,25,2,2,False,False,0.27339744567871094,0.030637767165899277,0.0035044664109591395,0.504287232644856,101,8,8,8,False,
epic_kitchens,val,P04_121_541,data/EPIC_data/clips/P04/P04_121_541.mp4,9,8,25,2,0,False,False,0.3005237877368927,0.02178551396355033,0.004447601721039973,2.496294030919671,17,2,8,8,False,
epic_kitchens,val,P03_116_22,data/EPIC_data/clips/P03/P03_116_22.mp4,9,8,25,2,0,False,False,0.3451199531555176,0.03207866381853819,0.004447601721039973,2.472264342941344,165,8,8,8,False,
epic_kitchens,val,P02_108_138,data/EPIC_data/clips/P02/P02_108_138.mp4,9,8,25,2,1,False,True,0.1906793713569641,0.037627751007676125,0.004447601721039973,2.4374960870482028,196,8,8,8,False,
epic_kitchens,val,P06_106_23,data/EPIC_data/clips/P06/P06_106_23.mp4,9,8,25,2,0,False,False,0.265598863363266,0.06256960378959775,0.004447601721039973,2.3968220548704267,492,8,8,8,False,
epic_kitchens,val,P03_112_22,data/EPIC_data/clips/P03/P03_112_22.mp4,9,8,25,2,0,False,False,0.23212683200836182,0.03338863980025053,0.004447601721039973,2.3297222196124494,68,8,8,8,False,
epic_kitchens,val,P30_107_769,data/EPIC_data/clips/P30/P30_107_769.mp4,9,8,25,2,2,False,False,0.24312855303287506,0.03280967380851507,0.004447601721039973,2.2916037081740797,135,8,8,8,False,
epic_kitchens,val,P02_108_50,data/EPIC_data/clips/P02/P02_108_50.mp4,9,8,25,2,0,False,True,0.20971935987472534,0.03404606785625219,0.004447601721039973,2.2550832768902183,152,8,8,8,False,
epic_kitchens,val,P02_108_92,data/EPIC_data/clips/P02/P02_108_92.mp4,9,8,25,2,0,False,True,0.20572617650032043,0.022916235961019993,0.004447601721039973,2.21648074593395,34,4,8,8,False,
epic_kitchens,val,P23_102_570,data/EPIC_data/clips/P23/P23_102_570.mp4,10,8,25,2,0,False,False,0.2340860366821289,0.09003867395222187,0.004447601721039973,2.19054225506261,672,8,8,8,False,
epic_kitchens,val,P04_116_44,data/EPIC_data/clips/P04/P04_116_44.mp4,10,8,25,2,0,False,True,0.18836618959903717,0.03616421623155475,0.004447601721039973,2.0943189430981874,180,8,8,8,False,
epic_kitchens,val,P30_107_593,data/EPIC_data/clips/P30/P30_107_593.mp4,10,8,25,2,0,False,False,0.33679571747779846,0.05097122676670551,0.004447601721039973,2.052813570946455,445,8,8,8,False,
epic_kitchens,val,P02_120_112,data/EPIC_data/clips/P02/P02_120_112.mp4,10,8,25,2,0,False,False,0.2661760449409485,0.07713876804336905,0.004447601721039973,1.9984812340699136,608,8,8,8,False,
epic_kitchens,val,P35_105_257,data/EPIC_data/clips/P35/P35_105_257.mp4,10,8,25,2,0,False,False,0.2888975441455841,0.09361814288422465,0.004447601721039973,1.9151905747130513,977,8,8,8,False,
epic_kitchens,val,P30_111_597,data/EPIC_data/clips/P30/P30_111_597.mp4,10,8,25,2,2,False,False,0.23194552958011627,0.03336306009441614,0.004447601721039973,1.8166800253093243,209,8,8,8,False,
epic_kitchens,val,P28_108_30,data/EPIC_data/clips/P28/P28_108_30.mp4,10,8,25,2,1,False,False,0.21517738699913025,0.04407100286334753,0.004447601721039973,1.7799959969706833,277,8,8,8,False,
epic_kitchens,val,P03_121_45,data/EPIC_data/clips/P03/P03_121_45.mp4,10,8,25,2,0,False,False,0.18424811959266663,0.1160316551104188,0.004447601721039973,1.7296445243991911,1127,8,8,8,False,
epic_kitchens,val,P06_103_86,data/EPIC_data/clips/P06/P06_103_86.mp4,10,8,25,2,0,False,False,0.3568803071975708,0.06300639314576983,0.004447601721039973,1.6101313438266516,548,8,8,8,False,
epic_kitchens,val,P02_122_109,data/EPIC_data/clips/P02/P02_122_109.mp4,10,8,25,2,1,False,False,0.2600463330745697,0.07259248988702893,0.004447601721039973,1.5407170047983527,572,8,8,8,False,
epic_kitchens,val,P02_123_102,data/EPIC_data/clips/P02/P02_123_102.mp4,10,8,25,2,0,False,False,0.2630506753921509,0.058088398072868586,0.004447601721039973,1.4616001048125327,545,8,8,8,False,
epic_kitchens,val,P28_103_255,data/EPIC_data/clips/P28/P28_103_255.mp4,10,8,25,2,0,False,False,0.2673153579235077,0.049891416914761066,0.004447601721039973,1.4012684719637036,262,8,8,8,False,
epic_kitchens,val,P01_109_439,data/EPIC_data/clips/P01/P01_109_439.mp4,10,8,25,2,2,False,False,0.2816493809223175,0.1689062798395753,0.004447601721039973,1.3462052219547331,1373,8,8,8,False,
epic_kitchens,val,P04_121_64,data/EPIC_data/clips/P04/P04_121_64.mp4,10,8,25,2,0,False,False,0.2070300132036209,0.04353391099721193,0.004447601721039973,1.172693105880171,171,8,8,8,False,
epic_kitchens,val,P03_121_5,data/EPIC_data/clips/P03/P03_121_5.mp4,10,8,25,2,1,False,False,0.17832531034946442,0.09061095304787159,0.004447601721039973,1.1240008231252432,830,8,8,8,False,
epic_kitchens,val,P04_116_14,data/EPIC_data/clips/P04/P04_116_14.mp4,10,8,25,2,0,False,True,0.2175353765487671,0.02703685127198696,0.004447601721039973,1.0291386200115085,37,5,8,8,False,
epic_kitchens,val,P01_109_610,data/EPIC_data/clips/P01/P01_109_610.mp4,10,8,25,2,0,False,False,0.35130834579467773,0.16347461473196745,0.004447601721039973,0.9986424571834505,1751,8,8,8,False,
epic_kitchens,val,P30_111_175,data/EPIC_data/clips/P30/P30_111_175.mp4,10,8,25,2,0,False,False,0.25721386075019836,0.05773804569616914,0.004447601721039973,0.8305241870693862,542,8,8,8,False,
epic_kitchens,val,P04_116_20,data/EPIC_data/clips/P04/P04_116_20.mp4,10,8,25,2,0,False,False,0.1946418434381485,0.032705937046557665,0.004447601721039973,0.7706128130666912,67,8,8,8,False,
epic_kitchens,val,P02_120_29,data/EPIC_data/clips/P02/P02_120_29.mp4,10,8,25,2,1,False,False,0.20888963341712952,0.047089677304029465,0.004447601721039973,0.7331116758286953,312,8,8,8,False,
epic_kitchens,val,P02_129_91,data/EPIC_data/clips/P02/P02_129_91.mp4,11,8,25,2,1,False,False,0.2569514214992523,0.02879376197233796,0.004447601721039973,0.6816895729862154,63,8,8,8,False,
epic_kitchens,val,P27_101_78,data/EPIC_data/clips/P27/P27_101_78.mp4,11,8,25,2,0,False,True,0.2207241654396057,0.03786458307877183,0.004447601721039973,0.6500857369974256,204,8,8,8,False,
epic_kitchens,val,P35_104_777,data/EPIC_data/clips/P35/P35_104_777.mp4,11,8,25,2,0,False,False,0.15988539159297943,0.021319426130503416,0.004447601721039973,0.6083941929973662,41,5,8,8,False,
epic_kitchens,val,P03_101_47,data/EPIC_data/clips/P03/P03_101_47.mp4,11,8,25,2,2,False,False,0.15967141091823578,0.027905256021767855,0.004447601721039973,0.5838496438227594,92,8,8,8,False,
epic_kitchens,val,P04_109_275,data/EPIC_data/clips/P04/P04_109_275.mp4,11,8,25,2,1,False,False,0.19197408854961395,0.026134641841053963,0.003496128658298403,1.68361487518996,45,6,8,8,False,
epic_kitchens,val,P27_103_533,data/EPIC_data/clips/P27/P27_103_533.mp4,11,8,25,2,1,False,False,0.2496316134929657,0.03402896039187908,0.003496128658298403,1.6532539390027523,79,8,8,8,False,
epic_kitchens,val,P03_109_43,data/EPIC_data/clips/P03/P03_109_43.mp4,11,8,25,2,0,False,True,0.25394317507743835,0.03928611287847161,0.003496128658298403,1.6159970508888364,177,8,8,8,False,
epic_kitchens,val,P04_118_24,data/EPIC_data/clips/P04/P04_118_24.mp4,11,8,25,2,1,False,False,0.19233137369155884,0.029208817053586245,0.003496128658298403,1.5733205252327025,52,7,8,8,False,
epic_kitchens,val,P03_117_86,data/EPIC_data/clips/P03/P03_117_86.mp4,11,8,25,2,0,False,True,0.32122305035591125,0.03148300014436245,0.003496128658298403,1.5399855906143785,166,8,8,8,False,
epic_kitchens,val,P30_109_155,data/EPIC_data/clips/P30/P30_109_155.mp4,11,8,25,2,0,False,False,0.3065479099750519,0.023242193274199963,0.003496128658298403,1.5040028099901974,35,5,8,8,False,
epic_kitchens,val,P04_119_42,data/EPIC_data/clips/P04/P04_119_42.mp4,11,8,25,2,0,False,True,0.3871976435184479,0.02909095212817192,0.003496128658298403,1.4765614857897162,47,6,8,8,False,
epic_kitchens,val,P22_109_86,data/EPIC_data/clips/P22/P22_109_86.mp4,11,8,25,2,0,False,False,0.2957344353199005,0.03704898338764906,0.003496128658298403,1.4444408691488206,257,8,8,8,False,
epic_kitchens,val,P30_107_632,data/EPIC_data/clips/P30/P30_107_632.mp4,11,8,25,2,0,False,False,0.31811246275901794,0.02739172102883458,0.003496128658298403,1.403164649847895,46,6,8,8,False,
epic_kitchens,val,P30_107_427,data/EPIC_data/clips/P30/P30_107_427.mp4,11,8,25,2,1,False,False,0.2748871445655823,0.03924169996753335,0.003496128658298403,1.3726386870257556,187,8,8,8,False,
epic_kitchens,val,P04_121_639,data/EPIC_data/clips/P04/P04_121_639.mp4,11,8,25,2,1,False,True,0.32820072770118713,0.027061786968261003,0.003496128658298403,1.3297399817965925,42,5,8,8,False,
epic_kitchens,val,P04_107_305,data/EPIC_data/clips/P04/P04_107_305.mp4,11,8,25,2,0,False,True,0.21107596158981323,0.03514169901609421,0.003496128658298403,1.2984835430979729,63,8,8,8,False,
epic_kitchens,val,P22_109_197,data/EPIC_data/clips/P22/P22_109_197.mp4,11,8,25,2,0,False,False,0.32185226678848267,0.03358403081074357,0.003496128658298403,1.2613405650481582,126,8,8,8,False,
epic_kitchens,val,P04_107_296,data/EPIC_data/clips/P04/P04_107_296.mp4,11,8,25,2,1,False,True,0.27460765838623047,0.030286637134850025,0.003496128658298403,1.2247193846851587,72,8,8,8,False,
epic_kitchens,val,P04_104_3,data/EPIC_data/clips/P04/P04_104_3.mp4,11,8,25,2,0,False,True,0.2524780035018921,0.03204931877553463,0.003496128658298403,1.1901580425910652,61,8,8,8,False,
epic_kitchens,val,P22_109_749,data/EPIC_data/clips/P22/P22_109_749.mp4,11,8,25,2,0,False,True,0.3770587146282196,0.030440425034612417,0.003496128658298403,1.1552727920934558,38,5,8,8,False,
epic_kitchens,val,P02_104_17,data/EPIC_data/clips/P02/P02_104_17.mp4,12,8,25,2,0,False,False,0.2878509759902954,0.03366106702014804,0.003496128658298403,1.1210512868128717,163,8,8,8,False,
epic_kitchens,val,P02_122_40,data/EPIC_data/clips/P02/P02_122_40.mp4,12,8,25,2,0,False,False,0.23544040322303772,0.03869888884946704,0.003496128658298403,1.0827984362840652,242,8,8,8,False,
epic_kitchens,val,P28_101_6,data/EPIC_data/clips/P28/P28_101_6.mp4,12,8,25,2,0,False,False,0.34545063972473145,0.03152510616928339,0.003496128658298403,1.037047519814223,82,8,8,8,False,
epic_kitchens,val,P28_113_99,data/EPIC_data/clips/P28/P28_113_99.mp4,12,8,25,2,0,False,False,0.22058624029159546,0.0911398739553988,0.003496128658298403,1.0022359611466527,748,8,8,8,False,
epic_kitchens,val,P22_116_62,data/EPIC_data/clips/P22/P22_116_62.mp4,12,8,25,2,2,False,False,0.391093373298645,0.03257406735792756,0.003496128658298403,0.903909589163959,149,8,8,8,False,
epic_kitchens,val,P35_103_238,data/EPIC_data/clips/P35/P35_103_238.mp4,12,8,25,2,0,False,False,0.22179697453975677,0.04893126990646124,0.003496128658298403,0.8678458081558347,377,8,8,8,False,
epic_kitchens,val,P03_101_263,data/EPIC_data/clips/P03/P03_101_263.mp4,12,8,25,2,0,False,False,0.17239432036876678,0.029222663026303053,0.003496128658298403,0.8148537217639387,55,7,8,8,False,
epic_kitchens,val,P30_101_19,data/EPIC_data/clips/P30/P30_101_19.mp4,12,8,25,2,0,False,False,0.3622479736804962,0.028332219924777746,0.003496128658298403,0.7817860161885619,111,8,8,8,False,
epic_kitchens,val,P04_113_510,data/EPIC_data/clips/P04/P04_113_510.mp4,12,8,25,2,0,False,False,0.2334313839673996,0.027742579113692045,0.003496128658298403,0.7515877587720752,32,4,8,8,False,
epic_kitchens,val,P02_118_25,data/EPIC_data/clips/P02/P02_118_25.mp4,12,8,25,2,1,False,False,0.24522775411605835,0.036001951433718204,0.003496128658298403,0.7203313293866813,141,8,8,8,False,
epic_kitchens,val,P03_123_40,data/EPIC_data/clips/P03/P03_123_40.mp4,12,8,25,2,0,False,False,0.2865501344203949,0.02793534565716982,0.003496128658298403,0.681503897998482,86,8,8,8,False,
epic_kitchens,val,P35_108_646,data/EPIC_data/clips/P35/P35_108_646.mp4,12,8,25,2,0,False,False,0.3556199371814728,0.026434894185513258,0.003496128658298403,0.6493708938360214,60,8,8,8,False,
epic_kitchens,val,P35_105_72,data/EPIC_data/clips/P35/P35_105_72.mp4,12,8,25,2,1,False,False,0.31605786085128784,0.05350581090897322,0.003496128658298403,0.6203421908430755,289,8,8,8,False,
epic_kitchens,val,P02_116_31,data/EPIC_data/clips/P02/P02_116_31.mp4,12,8,25,2,0,False,False,0.39667490124702454,0.024125379975885153,0.003496128658298403,0.5625270567834377,45,6,8,8,False,
epic_kitchens,val,P12_101_80,data/EPIC_data/clips/P12/P12_101_80.mp4,12,8,25,2,0,False,False,0.28224700689315796,0.029449741821736097,0.003496128658298403,0.5338691002689302,91,8,8,8,False,
epic_kitchens,val,P03_101_331,data/EPIC_data/clips/P03/P03_101_331.mp4,12,8,25,2,0,False,False,0.36680033802986145,0.029218878131359816,0.003496128658298403,0.5006527146324515,135,8,8,8,False,
epic_kitchens,val,P04_107_342,data/EPIC_data/clips/P04/P04_107_342.mp4,12,8,25,2,0,False,False,0.1291036307811737,0.02785020601004362,0.0034968552499776706,1.6351195992901921,42,5,8,8,False,
epic_kitchens,val,P06_102_4,data/EPIC_data/clips/P06/P06_102_4.mp4,12,8,25,2,0,False,False,0.2564550042152405,0.027467165607959032,0.0034968552499776706,1.602044155355543,96,8,8,8,False,
epic_kitchens,val,P04_112_206,data/EPIC_data/clips/P04/P04_112_206.mp4,12,8,25,2,0,False,False,0.20784051716327667,0.02957523288205266,0.0034968552499776706,1.5724059413187206,74,8,8,8,False,
epic_kitchens,val,P02_123_145,data/EPIC_data/clips/P02/P02_123_145.mp4,12,8,25,2,1,False,False,0.22570675611495972,0.03275359980762005,0.0034968552499776706,1.5382722807116807,103,8,8,8,False,
epic_kitchens,val,P02_128_62,data/EPIC_data/clips/P02/P02_128_62.mp4,13,8,25,2,0,False,False,0.2545202672481537,0.017127792816609144,0.0034968552499776706,1.501191062387079,19,3,8,8,False,
epic_kitchens,val,P02_123_58,data/EPIC_data/clips/P02/P02_123_58.mp4,13,8,25,2,0,False,False,0.2973718047142029,0.020316598005592823,0.0034968552499776706,1.4819938810542226,22,3,8,8,False,
epic_kitchens,val,P02_109_29,data/EPIC_data/clips/P02/P02_109_29.mp4,13,8,25,2,0,False,False,0.19930636882781982,0.028452632017433643,0.0034968552499776706,1.4580918224528432,51,7,8,8,False,
epic_kitchens,val,P26_119_131,data/EPIC_data/clips/P26/P26_119_131.mp4,13,8,25,2,0,False,False,0.3443003296852112,0.02033258881419897,0.0034968552499776706,1.426464184653014,29,4,8,8,False,
epic_kitchens,val,P27_101_346,data/EPIC_data/clips/P27/P27_101_346.mp4,13,8,25,2,0,False,False,0.2313661128282547,0.022365089040249586,0.0034968552499776706,1.402583175804466,50,6,8,8,False,
epic_kitchens,val,P12_104_245,data/EPIC_data/clips/P12/P12_104_245.mp4,13,8,25,2,0,False,False,0.28315940499305725,0.020092010032385588,0.0034968552499776706,1.3763807793147862,37,5,8,8,False,
epic_kitchens,val,P02_130_304,data/EPIC_data/clips/P02/P02_130_304.mp4,13,8,25,2,0,False,False,0.20593620836734772,0.020399412140250206,0.0034968552499776706,1.353262233082205,30,4,8,8,False,
epic_kitchens,val,P37_101_190,data/EPIC_data/clips/P37/P37_101_190.mp4,13,8,25,2,0,False,True,0.17802104353904724,0.02630641870200634,0.0034968552499776706,1.3305187951773405,63,8,8,8,False,
epic_kitchens,val,P01_109_623,data/EPIC_data/clips/P01/P01_109_623.mp4,13,8,25,2,0,False,False,0.2410544753074646,0.023787028156220913,0.0034968552499776706,1.3019678588025272,21,3,8,8,False,
epic_kitchens,val,P26_103_153,data/EPIC_data/clips/P26/P26_103_153.mp4,13,8,25,2,0,False,False,0.35174229741096497,0.025681561324745417,0.0034968552499776706,1.2748863180167973,71,8,8,8,False,
epic_kitchens,val,P02_122_72,data/EPIC_data/clips/P02/P02_122_72.mp4,13,8,25,2,0,False,False,0.21864348649978638,0.02254487108439207,0.0034968552499776706,1.2458369177766144,22,3,8,8,False,
epic_kitchens,val,P22_117_64,data/EPIC_data/clips/P22/P22_117_64.mp4,13,8,25,2,1,False,False,0.24858404695987701,0.024083035066723824,0.0034968552499776706,1.2206714167259634,58,7,8,8,False,
epic_kitchens,val,P25_106_65,data/EPIC_data/clips/P25/P25_106_65.mp4,13,8,25,2,0,False,False,0.29185986518859863,0.035963415168225765,0.0034968552499776706,1.1927626389078796,121,8,8,8,False,
epic_kitchens,val,P02_105_21,data/EPIC_data/clips/P02/P02_105_21.mp4,13,8,25,2,1,False,False,0.23296698927879333,0.02718525007367134,0.0034968552499776706,1.15339932218194,79,8,8,8,False,
epic_kitchens,val,P03_112_162,data/EPIC_data/clips/P03/P03_112_162.mp4,13,8,25,2,0,False,False,0.18795928359031677,0.03174558421596885,0.0034968552499776706,1.1235640468075871,123,8,8,8,False,
epic_kitchens,val,P22_107_10,data/EPIC_data/clips/P22/P22_107_10.mp4,13,8,25,2,0,False,True,0.3480422794818878,0.021751029882580042,0.0034968552499776706,1.0881094201467931,47,6,8,8,False,
epic_kitchens,val,P26_104_161,data/EPIC_data/clips/P26/P26_104_161.mp4,13,8,25,2,0,False,False,0.34675276279449463,0.028439214918762445,0.0034968552499776706,1.063358434010297,150,8,8,8,False,
epic_kitchens,val,P25_106_262,data/EPIC_data/clips/P25/P25_106_262.mp4,13,8,25,2,1,False,False,0.2653070092201233,0.034682045225054026,0.0034968552499776706,1.031051720958203,187,8,8,8,False,
epic_kitchens,val,P02_130_90,data/EPIC_data/clips/P02/P02_130_90.mp4,13,8,25,2,1,False,False,0.2307240068912506,0.01739720208570361,0.0034968552499776706,0.9931733701378107,21,3,8,8,False,
epic_kitchens,val,P01_109_595,data/EPIC_data/clips/P01/P01_109_595.mp4,13,8,25,2,1,False,False,0.2516409754753113,0.016899164766073227,0.0034968552499776706,0.9729620427824557,15,2,8,8,False,
epic_kitchens,val,P35_107_281,data/EPIC_data/clips/P35/P35_107_281.mp4,14,8,25,2,1,False,False,0.2727207541465759,0.033746697939932346,0.0034968552499776706,0.9541478683240712,86,8,8,8,False,
epic_kitchens,val,P06_113_61,data/EPIC_data/clips/P06/P06_113_61.mp4,14,8,25,2,0,False,False,0.22150734066963196,0.033318014815449715,0.0034968552499776706,0.9163489784114063,82,8,8,8,False,
epic_kitchens,val,P35_104_97,data/EPIC_data/clips/P35/P35_104_97.mp4,14,8,25,2,1,False,False,0.38289952278137207,0.047738704830408096,0.0034968552499776706,0.8802162404172122,318,8,8,8,False,
epic_kitchens,val,P04_119_148,data/EPIC_data/clips/P04/P04_119_148.mp4,14,8,25,2,1,False,False,0.16697892546653748,0.0445263939909637,0.0034968552499776706,0.8276433711871505,353,8,8,8,False,
epic_kitchens,val,P35_107_241,data/EPIC_data/clips/P35/P35_107_241.mp4,14,8,25,2,0,False,False,0.28516560792922974,0.05580756068229675,0.0034968552499776706,0.778353177011013,346,8,8,8,False,
epic_kitchens,val,P04_119_20,data/EPIC_data/clips/P04/P04_119_20.mp4,14,8,25,2,0,False,False,0.2668006122112274,0.1738500320352614,0.0034968552499776706,0.7181824957951903,1399,8,8,8,False,
epic_kitchens,val,P27_104_53,data/EPIC_data/clips/P27/P27_104_53.mp4,14,8,25,2,2,False,False,0.24071075022220612,0.032554398756474257,0.0034968552499776706,0.5403752219863236,176,8,8,8,False,
epic_kitchens,val,P25_104_150,data/EPIC_data/clips/P25/P25_104_150.mp4,14,8,25,2,0,False,False,0.25055548548698425,0.03401684667915106,0.0034968552499776706,0.5039329282008111,176,8,8,8,False,
epic_kitchens,val,P22_106_209,data/EPIC_data/clips/P22/P22_106_209.mp4,14,8,25,2,0,False,False,0.4305175542831421,0.028325206134468317,0.0035109040909446776,1.542279657907784,66,8,8,8,False,
epic_kitchens,val,P30_108_28,data/EPIC_data/clips/P30/P30_108_28.mp4,14,8,25,2,1,False,False,0.2681513726711273,0.0446660490706563,0.0035109040909446776,1.5107266488485038,237,8,8,8,False,
epic_kitchens,val,P01_106_233,data/EPIC_data/clips/P01/P01_106_233.mp4,14,8,25,2,0,False,False,0.2807752192020416,0.038473283872008324,0.0035109040909446776,1.461888447869569,254,8,8,8,False,
epic_kitchens,val,P22_113_7,data/EPIC_data/clips/P22/P22_113_7.mp4,14,8,25,2,0,False,False,0.2388848513364792,0.023545318748801947,0.0035109040909446776,1.419634249061346,46,6,8,8,False,
epic_kitchens,val,P27_101_236,data/EPIC_data/clips/P27/P27_101_236.mp4,14,8,25,2,2,False,False,0.2047796994447708,0.036021510139107704,0.0035109040909446776,1.3921693530865014,137,8,8,8,False,
epic_kitchens,val,P01_105_387,data/EPIC_data/clips/P01/P01_105_387.mp4,14,8,25,2,0,False,False,0.3560471534729004,0.030123128090053797,0.0035109040909446776,1.352203965652734,101,8,8,8,False,
epic_kitchens,val,P03_109_291,data/EPIC_data/clips/P03/P03_109_291.mp4,14,8,25,2,0,False,False,0.16992172598838806,0.03570934385061264,0.0035109040909446776,1.3191813039593399,204,8,8,8,False,
epic_kitchens,val,P03_108_18,data/EPIC_data/clips/P03/P03_108_18.mp4,14,8,25,2,0,False,False,0.3372512459754944,0.02576792286708951,0.0035109040909446776,1.2794359540566802,63,8,8,8,False,
epic_kitchens,val,P02_113_76,data/EPIC_data/clips/P02/P02_113_76.mp4,14,8,25,2,1,False,False,0.19243451952934265,0.034147427417337894,0.0035109040909446776,1.2501637800596654,148,8,8,8,False,
epic_kitchens,val,P27_104_255,data/EPIC_data/clips/P27/P27_104_255.mp4,14,8,25,2,0,False,False,0.2871318459510803,0.034830336924642324,0.0035109040909446776,1.2107772640883923,234,8,8,8,False,
epic_kitchens,val,P25_102_127,data/EPIC_data/clips/P25/P25_102_127.mp4,14,8,25,2,0,False,False,0.2649941146373749,0.028657495975494385,0.0035109040909446776,1.1722450670786202,124,8,8,8,False,
epic_kitchens,val,P22_111_318,data/EPIC_data/clips/P22/P22_111_318.mp4,14,8,25,2,0,False,False,0.3535770773887634,0.03702730964869261,0.0035109040909446776,1.14052002876997,175,8,8,8,False,
epic_kitchens,val,P03_112_168,data/EPIC_data/clips/P03/P03_112_168.mp4,15,8,25,2,0,False,False,0.24194246530532837,0.032189846970140934,0.0035109040909446776,1.1008351501077414,77,8,8,8,False,
epic_kitchens,val,P01_109_864,data/EPIC_data/clips/P01/P01_109_864.mp4,15,8,25,2,1,False,False,0.23163290321826935,0.03464044909924269,0.0035109040909446776,1.0657645668834448,98,8,8,8,False,
epic_kitchens,val,P27_103_261,data/EPIC_data/clips/P27/P27_103_261.mp4,15,8,25,2,0,False,False,0.2958870828151703,0.0328698200173676,0.0035109040909446776,1.0282141920179129,184,8,8,8,False,
epic_kitchens,val,P03_107_86,data/EPIC_data/clips/P03/P03_107_86.mp4,15,8,25,2,2,False,False,0.23875567317008972,0.02534714061766863,0.0035109040909446776,0.9914140151813626,48,6,8,8,False,
epic_kitchens,val,P22_104_114,data/EPIC_data/clips/P22/P22_104_114.mp4,15,8,25,2,0,False,False,0.3182299733161926,0.02669020416215062,0.0035109040909446776,0.9632749161683023,51,7,8,8,False,
epic_kitchens,val,P22_109_268,data/EPIC_data/clips/P22/P22_109_268.mp4,15,8,25,2,0,False,False,0.2841814160346985,0.020305674988776445,0.0035109040909446776,0.9336273446679115,30,4,8,8,False,
epic_kitchens,val,P02_108_446,data/EPIC_data/clips/P02/P02_108_446.mp4,15,8,25,2,2,False,False,0.2740158438682556,0.022540408186614513,0.0035109040909446776,0.9095679139718413,45,6,8,8,False,
epic_kitchens,val,P22_111_176,data/EPIC_data/clips/P22/P22_111_176.mp4,15,8,25,2,0,False,False,0.2670145332813263,0.02895766356959939,0.0035109040909446776,0.8833945337682962,103,8,8,8,False,
epic_kitchens,val,P22_109_483,data/EPIC_data/clips/P22/P22_109_483.mp4,15,8,25,2,0,False,False,0.21463005244731903,0.01880910899490118,0.0035109040909446776,0.850224332883954,21,3,8,8,False,
epic_kitchens,val,P01_105_591,data/EPIC_data/clips/P01/P01_105_591.mp4,15,8,25,2,0,False,False,0.2140362560749054,0.032046045176684856,0.0035109040909446776,0.8281885627657175,108,8,8,8,False,
epic_kitchens,val,P06_104_24,data/EPIC_data/clips/P06/P06_104_24.mp4,15,8,25,2,0,False,False,0.23263874650001526,0.028304431587457657,0.0035109040909446776,0.793320114724338,64,8,8,8,False,
epic_kitchens,val,P11_109_71,data/EPIC_data/clips/P11/P11_109_71.mp4,15,8,25,2,0,False,False,0.3458332121372223,0.028031523805111647,0.0035109040909446776,0.7617828091606498,89,8,8,8,False,
epic_kitchens,val,P06_101_357,data/EPIC_data/clips/P06/P06_101_357.mp4,15,8,25,2,2,False,False,0.2784879505634308,0.030375240836292505,0.0035109040909446776,0.7293325220234692,67,8,8,8,False,
epic_kitchens,val,P22_102_21,data/EPIC_data/clips/P22/P22_102_21.mp4,15,8,25,2,2,False,False,0.31698253750801086,0.02814755868166685,0.0035109040909446776,0.6954742167145014,59,8,8,8,False,
epic_kitchens,val,P02_112_73,data/EPIC_data/clips/P02/P02_112_73.mp4,15,8,25,2,0,False,False,0.23942944407463074,0.02813438232988119,0.0035109040909446776,0.6649933340959251,98,8,8,8,False,
epic_kitchens,val,P01_109_695,data/EPIC_data/clips/P01/P01_109_695.mp4,15,8,25,2,2,False,False,0.2697884142398834,0.038738775067031384,0.0035109040909446776,0.6337888007983565,148,8,8,8,False,
epic_kitchens,val,P07_111_46,data/EPIC_data/clips/P07/P07_111_46.mp4,15,8,25,2,0,False,False,0.23113690316677094,0.028997137676924467,0.0035109040909446776,0.5908102979883552,60,8,8,8,False,
epic_kitchens,val,P06_101_206,data/EPIC_data/clips/P06/P06_101_206.mp4,15,8,25,2,0,False,False,0.17575164139270782,0.02937238197773695,0.0035109040909446776,0.5584524972364306,61,8,8,8,False,
epic_kitchens,val,P11_104_99,data/EPIC_data/clips/P11/P11_104_99.mp4,15,8,25,2,0,False,False,0.3412521183490753,0.020456808153539896,0.0035109040909446776,0.5259233028627932,27,4,8,8,False,
epic_kitchens,val,P22_103_28,data/EPIC_data/clips/P22/P22_103_28.mp4,15,8,25,2,2,False,False,0.2591223418712616,0.029976368881762028,0.0035109040909446776,0.5023563792929053,63,8,8,8,False,
epic_kitchens,val,P37_101_140,data/EPIC_data/clips/P37/P37_101_140.mp4,16,8,25,2,1,False,False,0.3101288974285126,0.03330360632389784,0.003576174916815944,1.6467249281704426,118,8,8,8,False,
epic_kitchens,val,P37_101_164,data/EPIC_data/clips/P37/P37_101_164.mp4,16,8,25,2,1,False,False,0.2159341722726822,0.021745565347373486,0.003576174916815944,1.6094500650651753,29,4,8,8,False,
epic_kitchens,val,P37_101_310,data/EPIC_data/clips/P37/P37_101_310.mp4,16,8,25,2,1,False,False,0.27515166997909546,0.03153918823227286,0.003576174916815944,1.5846115220338106,123,8,8,8,False,
epic_kitchens,val,P37_101_144,data/EPIC_data/clips/P37/P37_101_144.mp4,16,8,25,2,1,False,False,0.33395880460739136,0.030638395342975855,0.003576174916815944,1.5504571837373078,112,8,8,8,False,
epic_kitchens,val,P04_101_43,data/EPIC_data/clips/P04/P04_101_43.mp4,16,8,25,2,0,False,False,0.4228285849094391,0.03893720917403698,0.003576174916815944,1.5171580677852035,205,8,8,8,False,
epic_kitchens,val,P03_123_42,data/EPIC_data/clips/P03/P03_123_42.mp4,16,8,25,2,0,False,False,0.26476210355758667,0.044649505987763405,0.003576174916815944,1.4717435371130705,343,8,8,8,False,
epic_kitchens,val,P04_101_47,data/EPIC_data/clips/P04/P04_101_47.mp4,16,8,25,2,0,False,True,0.18480204045772552,0.03589540300890803,0.003576174916815944,1.4238982922397554,89,8,8,8,False,
epic_kitchens,val,P02_108_71,data/EPIC_data/clips/P02/P02_108_71.mp4,16,8,25,2,0,False,False,0.1929192692041397,0.0239484547637403,0.003576174916815944,1.3832516339607537,39,5,8,8,False,
epic_kitchens,val,P03_123_44,data/EPIC_data/clips/P03/P03_123_44.mp4,16,8,25,2,0,False,False,0.18661445379257202,0.04596412414684892,0.003576174916815944,1.3566011521033943,219,8,8,8,False,
epic_kitchens,val,P12_104_260,data/EPIC_data/clips/P12/P12_104_260.mp4,16,8,25,2,0,False,False,0.3326050937175751,0.028808908071368933,0.003576174916815944,1.307313545141369,59,8,8,8,False,
epic_kitchens,val,P04_121_543,data/EPIC_data/clips/P04/P04_121_543.mp4,16,8,25,2,1,False,False,0.1985081434249878,0.026231790892779827,0.003576174916815944,1.2759818220511079,25,3,8,8,False,
epic_kitchens,val,P03_113_38,data/EPIC_data/clips/P03/P03_113_38.mp4,16,8,25,2,0,False,False,0.23935137689113617,0.029675725381821394,0.003576174916815944,1.2466844604350626,123,8,8,8,False,
epic_kitchens,val,P04_117_125,data/EPIC_data/clips/P04/P04_117_125.mp4,16,8,25,2,0,False,False,0.2855059802532196,0.03538335394114256,0.003576174916815944,1.2139243730343878,89,8,8,8,False,
epic_kitchens,val,P37_102_143,data/EPIC_data/clips/P37/P37_102_143.mp4,16,8,25,2,0,False,False,0.23059168457984924,0.02828368218615651,0.003576174916815944,1.1730846101418138,66,8,8,8,False,
epic_kitchens,val,P01_106_29,data/EPIC_data/clips/P01/P01_106_29.mp4,16,8,25,2,0,False,False,0.28889960050582886,0.03168279817327857,0.003576174916815944,1.1421301430091262,106,8,8,8,False,
epic_kitchens,val,P12_101_446,data/EPIC_data/clips/P12/P12_101_446.mp4,16,8,25,2,0,False,False,0.2990589737892151,0.055518990848213434,0.003576174916815944,1.105868780054152,400,8,8,8,False,
epic_kitchens,val,P04_121_351,data/EPIC_data/clips/P04/P04_121_351.mp4,16,8,25,2,0,False,False,0.4010719060897827,0.03580433828756213,0.003576174916815944,1.046445919200778,90,8,8,8,False,
epic_kitchens,val,P37_101_162,data/EPIC_data/clips/P37/P37_101_162.mp4,16,8,25,2,1,False,False,0.27333083748817444,0.023594521917402744,0.003576174916815944,1.0055424119345844,43,6,8,8,False,
epic_kitchens,val,P04_121_345,data/EPIC_data/clips/P04/P04_121_345.mp4,16,8,25,2,0,False,False,0.3201827108860016,0.03571634227409959,0.003576174916815944,0.977976243942976,73,8,8,8,False,
epic_kitchens,val,P04_117_113,data/EPIC_data/clips/P04/P04_117_113.mp4,16,8,25,2,1,False,False,0.2449289858341217,0.028894261922687292,0.003576174916815944,0.9371468750759959,41,5,8,8,False,
epic_kitchens,val,P06_108_146,data/EPIC_data/clips/P06/P06_108_146.mp4,17,8,25,2,1,False,False,0.243934765458107,0.032816873863339424,0.003576174916815944,0.9040084751322865,97,8,8,8,False,
epic_kitchens,val,P35_103_219,data/EPIC_data/clips/P35/P35_103_219.mp4,17,8,25,2,0,False,False,0.35525423288345337,0.051681133918464184,0.003576174916815944,0.8684413530863822,439,8,8,8,False,
epic_kitchens,val,P02_111_6,data/EPIC_data/clips/P02/P02_111_6.mp4,17,8,25,2,0,False,False,0.3342115879058838,0.026920743752270937,0.003576174916815944,0.8134704059921205,38,5,8,8,False,
epic_kitchens,val,P11_102_41,data/EPIC_data/clips/P11/P11_102_41.mp4,17,8,25,2,0,False,False,0.2597074508666992,0.02264172025024891,0.003576174916815944,0.7830749992281199,47,6,8,8,False,
epic_kitchens,val,P30_107_236,data/EPIC_data/clips/P30/P30_107_236.mp4,17,8,25,2,1,False,False,0.2163800746202469,0.03205198282375932,0.003576174916815944,0.7576815537177026,151,8,8,8,False,
epic_kitchens,val,P35_103_117,data/EPIC_data/clips/P35/P35_103_117.mp4,17,8,25,2,1,False,False,0.16497772932052612,0.03195682493969798,0.003576174916815944,0.7206307938322425,119,8,8,8,False,
epic_kitchens,val,P22_111_340,data/EPIC_data/clips/P22/P22_111_340.mp4,17,8,25,2,2,False,False,0.2670742869377136,0.028299998957663774,0.003576174916815944,0.6846548458561301,87,8,8,8,False,
epic_kitchens,val,P01_104_62,data/EPIC_data/clips/P01/P01_104_62.mp4,17,8,25,2,0,False,False,0.23370514810085297,0.026882385835051537,0.003576174916815944,0.6531612677499652,39,5,8,8,False,
epic_kitchens,val,P04_113_271,data/EPIC_data/clips/P04/P04_113_271.mp4,17,8,25,2,0,False,False,0.2551082968711853,0.037795525044202805,0.003576174916815944,0.6226150868460536,155,8,8,8,False,
epic_kitchens,val,P25_107_360,data/EPIC_data/clips/P25/P25_107_360.mp4,17,8,25,2,0,False,False,0.36402076482772827,0.04415209125727415,0.003576174916815944,0.5804109373129904,202,8,8,8,False,
epic_kitchens,val,P35_105_398,data/EPIC_data/clips/P35/P35_105_398.mp4,17,8,25,2,1,False,False,0.20182810723781586,0.029946427792310715,0.003576174916815944,0.5329575487412512,93,8,8,8,False,
epic_kitchens,val,P02_129_446,data/EPIC_data/clips/P02/P02_129_446.mp4,17,8,25,2,2,False,False,0.27844130992889404,0.026397870387881994,0.003576174916815944,0.4990420578978956,53,7,8,8,False,
epic_kitchens,val,P04_104_258,data/EPIC_data/clips/P04/P04_104_258.mp4,17,8,25,2,1,False,False,0.16831697523593903,0.027217115741223097,0.0035259829164715484,1.7201518756337464,41,5,8,8,False,
epic_kitchens,val,P35_105_286,data/EPIC_data/clips/P35/P35_105_286.mp4,17,8,25,2,0,False,False,0.4052291512489319,0.05522559816017747,0.0035259829164715484,1.6870562531985343,325,8,8,8,False,
epic_kitchens,val,P22_113_223,data/EPIC_data/clips/P22/P22_113_223.mp4,17,8,25,2,0,False,False,0.26504287123680115,0.027203570120036602,0.0035259829164715484,1.6285920008085668,64,8,8,8,False,
epic_kitchens,val,P22_117_74,data/EPIC_data/clips/P22/P22_117_74.mp4,17,8,25,2,2,False,False,0.3702046573162079,0.022607914172112942,0.0035259829164715484,1.5991607592441142,41,5,8,8,False,
epic_kitchens,val,P01_105_255,data/EPIC_data/clips/P01/P01_105_255.mp4,17,8,25,2,2,False,False,0.1860017329454422,0.03064306266605854,0.0035259829164715484,1.5727976989001036,123,8,8,8,False,
epic_kitchens,val,P04_115_42,data/EPIC_data/clips/P04/P04_115_42.mp4,17,8,25,2,0,False,False,0.3608175218105316,0.07820272305980325,0.0035259829164715484,1.5388753428123891,608,8,8,8,False,
epic_kitchens,val,P02_123_199,data/EPIC_data/clips/P02/P02_123_199.mp4,17,8,25,2,0,False,False,0.26185306906700134,0.026449813973158598,0.0035259829164715484,1.452324675861746,65,8,8,8,False,
epic_kitchens,val,P35_107_64,data/EPIC_data/clips/P35/P35_107_64.mp4,17,8,25,2,0,False,False,0.1990751177072525,0.03867869498208165,0.0035259829164715484,1.422126970719546,168,8,8,8,False,
epic_kitchens,val,P22_117_354,data/EPIC_data/clips/P22/P22_117_354.mp4,18,8,25,2,2,False,False,0.3134477734565735,0.026909181848168373,0.0035259829164715484,1.3789411871694028,75,8,8,8,False,
epic_kitchens,val,P02_118_200,data/EPIC_data/clips/P02/P02_118_200.mp4,18,8,25,2,2,False,False,0.28099673986434937,0.024049730040133,0.0035259829164715484,1.3490009070374072,49,6,8,8,False,
epic_kitchens,val,P03_109_287,data/EPIC_data/clips/P03/P03_109_287.mp4,18,8,25,2,0,False,False,0.1792859584093094,0.02950950199738145,0.0035259829164715484,1.321155325975269,69,8,8,8,False,
epic_kitchens,val,P04_107_170,data/EPIC_data/clips/P04/P04_107_170.mp4,18,8,25,2,0,False,False,0.2663271129131317,0.037697740364819765,0.0035259829164715484,1.2875295160338283,161,8,8,8,False,
epic_kitchens,val,P02_108_425,data/EPIC_data/clips/P02/P02_108_425.mp4,18,8,25,2,2,False,False,0.34468039870262146,0.02620338462293148,0.0035259829164715484,1.2455666861496866,43,6,8,8,False,
epic_kitchens,val,P22_111_254,data/EPIC_data/clips/P22/P22_111_254.mp4,18,8,25,2,2,False,False,0.410622239112854,0.026663571130484343,0.0035259829164715484,1.2171747940592468,62,8,8,8,False,
epic_kitchens,val,P02_112_119,data/EPIC_data/clips/P02/P02_112_119.mp4,18,8,25,2,0,False,False,0.22707107663154602,0.04222245514392853,0.0035259829164715484,1.187531989067793,147,8,8,8,False,
epic_kitchens,val,P04_107_265,data/EPIC_data/clips/P04/P04_107_265.mp4,18,8,25,2,0,False,False,0.22280551493167877,0.03363709710538387,0.0035259829164715484,1.1401448091492057,59,8,8,8,False,
epic_kitchens,val,P03_117_59,data/EPIC_data/clips/P03/P03_117_59.mp4,18,8,25,2,0,False,False,0.24073711037635803,0.026703892275691032,0.0035259829164715484,1.1031671650707722,46,6,8,8,False,
epic_kitchens,val,P02_108_313,data/EPIC_data/clips/P02/P02_108_313.mp4,18,8,25,2,2,False,False,0.2905132472515106,0.025932870339602232,0.0035259829164715484,1.0737136513926089,49,6,8,8,False,
epic_kitchens,val,P04_107_870,data/EPIC_data/clips/P04/P04_107_870.mp4,18,8,25,2,1,False,False,0.18332147598266602,0.023683139123022556,0.0035259829164715484,1.0455132592469454,34,4,8,8,False,
epic_kitchens,val,P04_104_289,data/EPIC_data/clips/P04/P04_104_289.mp4,18,8,25,2,0,False,False,0.21113327145576477,0.024352860171347857,0.0035259829164715484,1.018616187851876,46,6,8,8,False,
epic_kitchens,val,P30_107_851,data/EPIC_data/clips/P30/P30_107_851.mp4,18,8,25,2,2,False,False,0.30960148572921753,0.02803116198629141,0.0035259829164715484,0.9911357113160193,67,8,8,8,False,
epic_kitchens,val,P04_109_421,data/EPIC_data/clips/P04/P04_109_421.mp4,18,8,25,2,1,False,False,0.2526037395000458,0.032452781684696674,0.0035259829164715484,0.9591225860640407,131,8,8,8,False,
epic_kitchens,val,P22_102_4,data/EPIC_data/clips/P22/P22_102_4.mp4,18,8,25,2,0,False,False,0.28903043270111084,0.025560432579368353,0.0035259829164715484,0.9234428741037846,57,7,8,8,False,
epic_kitchens,val,P03_119_3,data/EPIC_data/clips/P03/P03_119_3.mp4,18,8,25,2,1,False,False,0.18778255581855774,0.033243249636143446,0.0035259829164715484,0.8949882397428155,88,8,8,8,False,
epic_kitchens,val,P03_109_242,data/EPIC_data/clips/P03/P03_109_242.mp4,18,8,25,2,2,False,False,0.21609577536582947,0.042983670718967915,0.0035259829164715484,0.8581108036451042,143,8,8,8,False,
epic_kitchens,val,P30_107_676,data/EPIC_data/clips/P30/P30_107_676.mp4,18,8,25,2,0,False,False,0.23470987379550934,0.043246413115412,0.0035259829164715484,0.8100846777670085,288,8,8,8,False,
epic_kitchens,val,P03_101_9,data/EPIC_data/clips/P03/P03_101_9.mp4,18,8,25,2,0,False,False,0.1944657266139984,0.028260508086532354,0.0035259829164715484,0.7645029569976032,53,7,8,8,False,
epic_kitchens,val,P04_120_84,data/EPIC_data/clips/P04/P04_120_84.mp4,18,8,25,2,0,False,True,0.12661726772785187,0.023968636989593506,0.0035259829164715484,0.7323005148209631,31,4,8,8,False,
epic_kitchens,val,P37_101_211,data/EPIC_data/clips/P37/P37_101_211.mp4,19,8,25,2,0,False,False,0.3031885623931885,0.07866097521036863,0.0035259829164715484,0.7053643600083888,812,8,8,8,False,
epic_kitchens,val,P07_110_13,data/EPIC_data/clips/P07/P07_110_13.mp4,19,8,25,2,0,False,False,0.19838739931583405,0.03329491475597024,0.0035259829164715484,0.6224922467954457,178,8,8,8,False,
epic_kitchens,val,P37_101_196,data/EPIC_data/clips/P37/P37_101_196.mp4,19,8,25,2,0,False,False,0.2610004246234894,0.06911189621314406,0.0035259829164715484,0.58573231799528,697,8,8,8,False,
epic_kitchens,val,P37_101_230,data/EPIC_data/clips/P37/P37_101_230.mp4,19,8,25,2,1,False,False,0.23435929417610168,0.041648050770163536,0.0035259829164715484,0.5132212047465146,348,8,8,8,False,
epic_kitchens,val,P04_107_883,data/EPIC_data/clips/P04/P04_107_883.mp4,19,8,25,2,0,False,False,0.2183709591627121,0.030911747831851244,0.0036105664767092094,2.165703542996198,51,7,8,8,False,
epic_kitchens,val,P26_119_59,data/EPIC_data/clips/P26/P26_119_59.mp4,19,8,25,2,0,False,False,0.3423979878425598,0.07420115079730749,0.0036105664767092094,2.1310025467537344,868,8,8,8,False,
epic_kitchens,val,P28_113_129,data/EPIC_data/clips/P28/P28_113_129.mp4,19,8,25,2,1,False,False,0.23795466125011444,0.04633792117238045,0.0036105664767092094,2.0525339487940073,209,8,8,8,False,
epic_kitchens,val,P04_115_119,data/EPIC_data/clips/P04/P04_115_119.mp4,19,8,25,2,0,False,False,0.34260472655296326,0.0311332899145782,0.0036105664767092094,2.0034024780616164,65,8,8,8,False,
epic_kitchens,val,P01_109_103,data/EPIC_data/clips/P01/P01_109_103.mp4,19,8,25,2,1,False,False,0.32017943263053894,0.03146846825256944,0.0036105664767092094,1.9695978360250592,86,8,8,8,False,
epic_kitchens,val,P01_109_94,data/EPIC_data/clips/P01/P01_109_94.mp4,19,8,25,2,2,False,False,0.2831673324108124,0.22395081911236048,0.0036105664767092094,1.9340387717820704,2310,8,8,8,False,
epic_kitchens,val,P01_109_234,data/EPIC_data/clips/P01/P01_109_234.mp4,19,8,25,2,0,False,False,0.24778304994106293,0.05861428892239928,0.0036105664767092094,1.706491116899997,504,8,8,8,False,
epic_kitchens,val,P03_117_216,data/EPIC_data/clips/P03/P03_117_216.mp4,19,8,25,2,2,False,False,0.34393104910850525,0.03198816208168864,0.0036105664767092094,1.6443951986730099,68,8,8,8,False,
epic_kitchens,val,P06_101_44,data/EPIC_data/clips/P06/P06_101_44.mp4,19,8,25,2,0,False,False,0.22918176651000977,0.06138982716947794,0.0036105664767092094,1.6084811962209642,429,8,8,8,False,
epic_kitchens,val,P01_105_407,data/EPIC_data/clips/P01/P01_105_407.mp4,19,8,25,2,0,False,False,0.2815215587615967,0.07268841518089175,0.0036105664767092094,1.5409264396876097,707,8,8,8,False,
epic_kitchens,val,P01_105_128,data/EPIC_data/clips/P01/P01_105_128.mp4,19,8,25,2,0,False,False,0.32810598611831665,0.09207421587780118,0.0036105664767092094,1.4642140087671578,968,8,8,8,False,
epic_kitchens,val,P11_104_88,data/EPIC_data/clips/P11/P11_104_88.mp4,19,8,25,2,0,False,False,0.2590843737125397,0.04901575995609164,0.0036105664767092094,1.367648895829916,384,8,8,8,False,
epic_kitchens,val,P37_101_240,data/EPIC_data/clips/P37/P37_101_240.mp4,19,8,25,2,0,False,False,0.27735814452171326,0.05426466464996338,0.0036105664767092094,1.3154115448705852,416,8,8,8,False,
epic_kitchens,val,P04_107_755,data/EPIC_data/clips/P04/P04_107_755.mp4,19,8,25,2,1,False,False,0.15922632813453674,0.026148803997784853,0.0036105664767092094,1.2565477658063173,41,5,8,8,False,
epic_kitchens,val,P07_113_75,data/EPIC_data/clips/P07/P07_113_75.mp4,19,8,25,2,0,False,False,0.3978425860404968,0.0338928559795022,0.0036105664767092094,1.2275911238975823,144,8,8,8,False,
epic_kitchens,val,P28_103_79,data/EPIC_data/clips/P28/P28_103_79.mp4,19,8,25,2,0,False,False,0.31353530287742615,0.06426874501630664,0.0036105664767092094,1.1913766413927078,362,8,8,8,False,
epic_kitchens,val,P28_111_152,data/EPIC_data/clips/P28/P28_111_152.mp4,20,8,25,2,0,False,False,0.2811344861984253,0.024949350859969854,0.0036105664767092094,1.1207253751344979,41,5,8,8,False,
epic_kitchens,val,P30_107_5,data/EPIC_data/clips/P30/P30_107_5.mp4,20,8,25,2,0,False,False,0.32983139157295227,0.057353255804628134,0.0036105664767092094,1.0919985752552748,495,8,8,8,False,
epic_kitchens,val,P04_121_294,data/EPIC_data/clips/P04/P04_121_294.mp4,20,8,25,2,1,False,False,0.28976932168006897,0.032008975744247437,0.0036105664767092094,1.0312750698067248,61,8,8,8,False,
epic_kitchens,val,P02_108_225,data/EPIC_data/clips/P02/P02_108_225.mp4,20,8,25,2,2,False,False,0.29986611008644104,0.027429956942796707,0.0036105664767092094,0.9963352959603071,50,6,8,8,False,
epic_kitchens,val,P02_108_259,data/EPIC_data/clips/P02/P02_108_259.mp4,20,8,25,2,0,False,False,0.21389241516590118,0.028367817867547274,0.0036105664767092094,0.966891196090728,105,8,8,8,False,
epic_kitchens,val,P22_101_14,data/EPIC_data/clips/P22/P22_101_14.mp4,20,8,25,2,2,False,False,0.41216978430747986,0.028902234975248575,0.0036105664767092094,0.9344840967096388,106,8,8,8,False,
epic_kitchens,val,P02_129_378,data/EPIC_data/clips/P02/P02_129_378.mp4,20,8,25,2,2,False,False,0.31866827607154846,0.030553541146218777,0.0036105664767092094,0.9020503251813352,91,8,8,8,False,
epic_kitchens,val,P30_111_556,data/EPIC_data/clips/P30/P30_111_556.mp4,20,8,25,2,0,False,False,0.3987148106098175,0.033848959021270275,0.0036105664767092094,0.8689461103640497,171,8,8,8,False,
epic_kitchens,val,P22_103_274,data/EPIC_data/clips/P22/P22_103_274.mp4,20,8,25,2,1,False,False,0.23984460532665253,0.02021106518805027,0.0036105664767092094,0.8312423769384623,33,4,8,8,False,
epic_kitchens,val,P22_106_193,data/EPIC_data/clips/P22/P22_106_193.mp4,20,8,25,2,1,False,False,0.2955571413040161,0.031224365811794996,0.0036105664767092094,0.8088352466002107,149,8,8,8,False,
epic_kitchens,val,P04_101_63,data/EPIC_data/clips/P04/P04_101_63.mp4,20,8,25,2,1,False,False,0.15439735352993011,0.05891537293791771,0.0036105664767092094,0.7742961631156504,357,8,8,8,False,
epic_kitchens,val,P04_121_113,data/EPIC_data/clips/P04/P04_121_113.mp4,20,8,25,2,0,False,False,0.21856211125850677,0.03182152332738042,0.0036105664767092094,0.7103920141234994,53,7,8,8,False,
epic_kitchens,val,P30_107_19,data/EPIC_data/clips/P30/P30_107_19.mp4,20,8,25,2,2,False,False,0.23353645205497742,0.030386067926883698,0.0036105664767092094,0.6759632881730795,119,8,8,8,False,
epic_kitchens,val,P02_129_303,data/EPIC_data/clips/P02/P02_129_303.mp4,20,8,25,2,2,False,False,0.29291725158691406,0.06979423062875867,0.0036105664767092094,0.6417379449121654,704,8,8,8,False,
epic_kitchens,val,P22_108_39,data/EPIC_data/clips/P22/P22_108_39.mp4,20,8,25,2,0,False,False,0.3852255940437317,0.02253861166536808,0.0036105664767092094,0.5696657658554614,35,5,8,8,False,
epic_kitchens,val,P28_101_57,data/EPIC_data/clips/P28/P28_101_57.mp4,20,8,25,2,0,False,False,0.20065271854400635,0.06775659462437034,0.0036105664767092094,0.5434226510114968,453,8,8,8,False,
epic_kitchens,val,P02_118_241,data/EPIC_data/clips/P02/P02_118_241.mp4,20,8,25,2,0,False,False,0.24764825403690338,0.08492309879511595,0.003453493904089555,1.7629842809401453,721,8,8,8,False,
epic_kitchens,val,P02_108_305,data/EPIC_data/clips/P02/P02_108_305.mp4,20,8,25,2,0,False,False,0.3512745201587677,0.03091748896986246,0.003453493904089555,1.6750672399066389,123,8,8,8,False,
epic_kitchens,val,P28_102_39,data/EPIC_data/clips/P28/P28_102_39.mp4,20,8,25,2,0,False,False,0.4191773533821106,0.04216694599017501,0.003453493904089555,1.6408973289653659,181,8,8,8,False,
epic_kitchens,val,P02_131_149,data/EPIC_data/clips/P02/P02_131_149.mp4,20,8,25,2,2,False,False,0.2978127896785736,0.040459233801811934,0.003453493904089555,1.5945165189914405,327,8,8,8,False,
epic_kitchens,val,P04_110_15,data/EPIC_data/clips/P04/P04_110_15.mp4,21,8,25,2,0,False,False,0.365975558757782,0.03650445677340031,0.003453493904089555,1.5506737972609699,119,8,8,8,False,
epic_kitchens,val,P04_107_422,data/EPIC_data/clips/P04/P04_107_422.mp4,21,8,25,2,0,False,False,0.4045937955379486,0.02590867504477501,0.003453493904089555,1.5106188775971532,28,4,8,8,False,
epic_kitchens,val,P06_108_14,data/EPIC_data/clips/P06/P06_108_14.mp4,21,8,25,2,0,False,False,0.3048918843269348,0.1010862491093576,0.003453493904089555,1.4817484058439732,769,8,8,8,False,
epic_kitchens,val,P02_124_76,data/EPIC_data/clips/P02/P02_124_76.mp4,21,8,25,2,0,False,False,0.3011021018028259,0.028848762158304453,0.003453493904089555,1.3741360269486904,45,6,8,8,False,
epic_kitchens,val,P04_109_519,data/EPIC_data/clips/P04/P04_109_519.mp4,21,8,25,2,2,False,False,0.23002682626247406,0.028907906264066696,0.003453493904089555,1.3423353461548686,33,4,8,8,False,
epic_kitchens,val,P22_111_91,data/EPIC_data/clips/P22/P22_111_91.mp4,21,8,25,2,0,False,False,0.17681853473186493,0.0482559809461236,0.003453493904089555,1.3101068479008973,392,8,8,8,False,
epic_kitchens,val,P02_108_379,data/EPIC_data/clips/P02/P02_108_379.mp4,21,8,25,2,1,False,False,0.2164612114429474,0.02360657323151827,0.003453493904089555,1.2581879901699722,25,3,8,8,False,
epic_kitchens,val,P04_113_45,data/EPIC_data/clips/P04/P04_113_45.mp4,21,8,25,2,0,False,False,0.35092252492904663,0.03141027828678489,0.003453493904089555,1.2317610057070851,66,8,8,8,False,
epic_kitchens,val,P04_107_871,data/EPIC_data/clips/P04/P04_107_871.mp4,21,8,25,2,1,False,False,0.1292867511510849,0.023014219012111425,0.003453493904089555,1.1975445728749037,31,4,8,8,False,
epic_kitchens,val,P07_116_17,data/EPIC_data/clips/P07/P07_116_17.mp4,21,8,25,2,0,False,False,0.32223546504974365,0.03306951513513923,0.003453493904089555,1.171454211231321,145,8,8,8,False,
epic_kitchens,val,P04_107_453,data/EPIC_data/clips/P04/P04_107_453.mp4,21,8,25,2,1,False,False,0.17009495198726654,0.030733468011021614,0.003453493904089555,1.1356316427700222,60,8,8,8,False,
epic_kitchens,val,P04_103_29,data/EPIC_data/clips/P04/P04_103_29.mp4,21,8,25,2,1,False,False,0.2085360586643219,0.03863682597875595,0.003453493904089555,1.1021308340132236,100,8,8,8,False,
epic_kitchens,val,P04_107_709,data/EPIC_data/clips/P04/P04_107_709.mp4,21,8,25,2,0,False,True,0.3154594898223877,0.033804690930992365,0.003453493904089555,1.0592359700240195,77,8,8,8,False,
epic_kitchens,val,P04_113_192,data/EPIC_data/clips/P04/P04_113_192.mp4,21,8,25,2,0,False,False,0.26856622099876404,0.03219961281865835,0.003453493904089555,1.0226929779164493,32,4,8,8,False,
epic_kitchens,val,P01_109_657,data/EPIC_data/clips/P01/P01_109_657.mp4,21,8,25,2,0,False,False,0.3287886381149292,0.048078722320497036,0.003453493904089555,0.9875660566613078,272,8,8,8,False,
epic_kitchens,val,P07_117_9,data/EPIC_data/clips/P07/P07_117_9.mp4,21,8,25,2,0,False,False,0.3583810031414032,0.026448328979313374,0.003453493904089555,0.9343308308161795,44,6,8,8,False,
epic_kitchens,val,P04_109_521,data/EPIC_data/clips/P04/P04_109_521.mp4,21,8,25,2,2,False,False,0.25139886140823364,0.03811962902545929,0.003453493904089555,0.9044308140873909,92,8,8,8,False,
epic_kitchens,val,P04_101_31,data/EPIC_data/clips/P04/P04_101_31.mp4,21,8,25,2,1,False,False,0.2684812545776367,0.037013087421655655,0.003453493904089555,0.8635822460055351,96,8,8,8,False,
epic_kitchens,val,P04_107_839,data/EPIC_data/clips/P04/P04_107_839.mp4,21,8,25,2,1,False,False,0.21655365824699402,0.033458616118878126,0.003453493904089555,0.8237866247072816,146,8,8,8,False,
epic_kitchens,val,P02_108_378,data/EPIC_data/clips/P02/P02_108_378.mp4,21,8,25,2,0,False,False,0.1815686821937561,0.026219171937555075,0.003453493904089555,0.7883053356781602,33,4,8,8,False,
epic_kitchens,val,P04_107_487,data/EPIC_data/clips/P04/P04_107_487.mp4,22,8,25,2,1,False,False,0.24041005969047546,0.028731906786561012,0.003453493904089555,0.7592843039892614,55,7,8,8,False,
epic_kitchens,val,P01_109_769,data/EPIC_data/clips/P01/P01_109_769.mp4,22,8,25,2,0,False,False,0.27678635716438293,0.02342689409852028,0.003453493904089555,0.7262363550253212,44,6,8,8,False,
epic_kitchens,val,P04_121_624,data/EPIC_data/clips/P04/P04_121_624.mp4,22,8,25,2,1,False,True,0.22937138378620148,0.03658076608553529,0.003453493904089555,0.6997964442707598,68,8,8,8,False,
epic_kitchens,val,P01_109_772,data/EPIC_data/clips/P01/P01_109_772.mp4,22,8,25,2,0,False,False,0.19827058911323547,0.033013297244906425,0.003453493904089555,0.6592314490117133,92,8,8,8,False,
epic_kitchens,val,P25_107_293,data/EPIC_data/clips/P25/P25_107_293.mp4,22,8,25,2,0,False,False,0.2781205177307129,0.030203707050532103,0.003453493904089555,0.6227158228866756,165,8,8,8,False,
epic_kitchens,val,P04_115_26,data/EPIC_data/clips/P04/P04_115_26.mp4,22,8,25,2,0,False,False,0.39579811692237854,0.04083505878224969,0.003453493904089555,0.5887260008603334,140,8,8,8,False,
epic_kitchens,val,P04_109_435,data/EPIC_data/clips/P04/P04_109_435.mp4,22,8,25,2,1,False,False,0.21809270977973938,0.03205270925536752,0.003453493904089555,0.5451679918915033,55,7,8,8,False,
epic_kitchens,val,P04_111_29,data/EPIC_data/clips/P04/P04_111_29.mp4,22,8,25,2,0,False,False,0.23641596734523773,0.03734713327139616,0.003453493904089555,0.5090070618316531,116,8,8,8,False,
epic_kitchens,val,P04_106_56,data/EPIC_data/clips/P04/P04_106_56.mp4,22,8,25,2,0,False,False,0.2363826036453247,0.0370535240508616,0.0035358540335437283,1.8434179318137467,173,8,8,8,False,
epic_kitchens,val,P04_112_180,data/EPIC_data/clips/P04/P04_112_180.mp4,22,8,25,2,0,False,False,0.14024357497692108,0.034211867954581976,0.0035358540335437283,1.8030279902741313,96,8,8,8,False,
epic_kitchens,val,P04_107_438,data/EPIC_data/clips/P04/P04_107_438.mp4,22,8,25,2,1,False,False,0.2219991385936737,0.024351490195840597,0.0035358540335437283,1.7661801832728088,29,4,8,8,False,
epic_kitchens,val,P25_107_177,data/EPIC_data/clips/P25/P25_107_177.mp4,22,8,25,2,0,False,False,0.22823339700698853,0.06325973430648446,0.0035358540335437283,1.7389219449833035,517,8,8,8,False,
epic_kitchens,val,P25_107_69,data/EPIC_data/clips/P25/P25_107_69.mp4,22,8,25,2,0,False,False,0.22678670287132263,0.062431177124381065,0.0035358540335437283,1.6718590329401195,579,8,8,8,False,
epic_kitchens,val,P25_101_115,data/EPIC_data/clips/P25/P25_101_115.mp4,22,8,25,2,0,False,False,0.3628506660461426,0.027758609037846327,0.0035358540335437283,1.6054745148867369,62,8,8,8,False,
epic_kitchens,val,P04_109_132,data/EPIC_data/clips/P04/P04_109_132.mp4,22,8,25,2,0,False,False,0.3941452205181122,0.03038949891924858,0.0035358540335437283,1.575129612814635,56,7,8,8,False,
epic_kitchens,val,P25_101_67,data/EPIC_data/clips/P25/P25_101_67.mp4,22,8,25,2,0,False,False,0.3791877329349518,0.028980866074562073,0.0035358540335437283,1.5405916231684387,54,7,8,8,False,
epic_kitchens,val,P07_101_39,data/EPIC_data/clips/P07/P07_101_39.mp4,22,8,25,2,0,False,False,0.32028964161872864,0.030003078747540712,0.0035358540335437283,1.507943585049361,190,8,8,8,False,
epic_kitchens,val,P25_107_158,data/EPIC_data/clips/P25/P25_107_158.mp4,22,8,25,2,1,False,False,0.22573737800121307,0.03067635465413332,0.0035358540335437283,1.4756986098363996,104,8,8,8,False,
epic_kitchens,val,P25_102_61,data/EPIC_data/clips/P25/P25_102_61.mp4,22,8,25,2,0,False,False,0.36150500178337097,0.03914514137431979,0.0035358540335437283,1.4418167448602617,214,8,8,8,False,
epic_kitchens,val,P35_105_183,data/EPIC_data/clips/P35/P35_105_183.mp4,22,8,25,2,3,False,False,0.22804918885231018,0.038222651928663254,0.0035358540335437283,1.3992930720560253,256,8,8,8,False,
epic_kitchens,val,P02_104_111,data/EPIC_data/clips/P02/P02_104_111.mp4,23,8,25,2,2,False,False,0.3065060079097748,0.04378439811989665,0.0035358540335437283,1.3587010181508958,294,8,8,8,False,
epic_kitchens,val,P07_114_24,data/EPIC_data/clips/P07/P07_114_24.mp4,23,8,25,2,0,False,False,0.3320889472961426,0.02988456143066287,0.0035358540335437283,1.3101755599491298,124,8,8,8,False,
epic_kitchens,val,P02_122_77,data/EPIC_data/clips/P02/P02_122_77.mp4,23,8,25,2,1,False,False,0.17871251702308655,0.02981188613921404,0.0035358540335437283,1.2775859478861094,55,7,8,8,False,
epic_kitchens,val,P02_120_117,data/EPIC_data/clips/P02/P02_120_117.mp4,23,8,25,2,0,False,False,0.2532981038093567,0.03443502401933074,0.0035358540335437283,1.243665851186961,72,8,8,8,False,
epic_kitchens,val,P30_112_13,data/EPIC_data/clips/P30/P30_112_13.mp4,23,8,25,2,0,False,False,0.275829017162323,0.030321408063173294,0.0035358540335437283,1.2047220491804183,127,8,8,8,False,
epic_kitchens,val,P04_121_441,data/EPIC_data/clips/P04/P04_121_441.mp4,23,8,25,2,0,False,False,0.2345244437456131,0.02668547024950385,0.0035358540335437283,1.1716500981710851,47,6,8,8,False,
epic_kitchens,val,P01_109_240,data/EPIC_data/clips/P01/P01_109_240.mp4,23,8,25,2,0,False,False,0.427251398563385,0.034680308774113655,0.0035358540335437283,1.1419012458063662,79,8,8,8,False,
epic_kitchens,val,P27_103_174,data/EPIC_data/clips/P27/P27_103_174.mp4,23,8,25,2,0,False,False,0.2428743541240692,0.17303169798105955,0.0035358540335437283,1.1037966120056808,2096,8,8,8,False,
epic_kitchens,val,P27_103_213,data/EPIC_data/clips/P27/P27_103_213.mp4,23,8,25,2,0,False,False,0.2738373577594757,0.06485705496743321,0.0035358540335437283,0.9268422550521791,605,8,8,8,False,
epic_kitchens,val,P04_116_198,data/EPIC_data/clips/P04/P04_116_198.mp4,23,8,25,2,1,False,False,0.2351119965314865,0.029302924871444702,0.0035358540335437283,0.8588497093878686,42,5,8,8,False,
epic_kitchens,val,P30_112_18,data/EPIC_data/clips/P30/P30_112_18.mp4,23,8,25,2,0,False,False,0.23435358703136444,0.02811772795394063,0.0035358540335437283,0.8252969272434711,78,8,8,8,False,
epic_kitchens,val,P04_107_777,data/EPIC_data/clips/P04/P04_107_777.mp4,23,8,25,2,1,False,False,0.16155891120433807,0.028136080130934715,0.0035358540335437283,0.7940975911915302,41,5,8,8,False,
epic_kitchens,val,P02_123_273,data/EPIC_data/clips/P02/P02_123_273.mp4,23,8,25,2,2,False,False,0.355733186006546,0.028583460953086615,0.0035358540335437283,0.7623307122848928,64,8,8,8,False,
epic_kitchens,val,P27_103_318,data/EPIC_data/clips/P27/P27_103_318.mp4,23,8,25,2,0,False,False,0.17983031272888184,0.029843389056622982,0.0035358540335437283,0.730793644208461,111,8,8,8,False,
epic_kitchens,val,P04_107_324,data/EPIC_data/clips/P04/P04_107_324.mp4,23,8,25,2,1,False,False,0.13462811708450317,0.02027996815741062,0.0035358540335437283,0.698051119223237,18,2,8,8,False,
epic_kitchens,val,P02_121_31,data/EPIC_data/clips/P02/P02_121_31.mp4,23,8,25,2,0,False,False,0.2722305357456207,0.03112931502982974,0.0035358540335437283,0.6749358531087637,95,8,8,8,False,
epic_kitchens,val,P02_122_74,data/EPIC_data/clips/P02/P02_122_74.mp4,23,8,25,2,1,False,False,0.18969479203224182,0.028053442016243935,0.0035358540335437283,0.6406620349735022,47,6,8,8,False,
epic_kitchens,val,P02_114_5,data/EPIC_data/clips/P02/P02_114_5.mp4,23,8,25,2,0,False,False,0.29260313510894775,0.027152836322784424,0.0035358540335437283,0.6104343617334962,194,8,8,8,False,
epic_kitchens,val,P26_117_70,data/EPIC_data/clips/P26/P26_117_70.mp4,23,8,25,2,0,False,False,0.3213195204734802,0.06088685104623437,0.0035358540335437283,0.5808548042550683,500,8,8,8,False,
epic_kitchens,val,P11_102_33,data/EPIC_data/clips/P11/P11_102_33.mp4,23,8,25,2,0,False,False,0.29039883613586426,0.04351160395890474,0.0035358540335437283,0.5162931592203677,243,8,8,8,False,
epic_kitchens,val,P02_120_171,data/EPIC_data/clips/P02/P02_120_171.mp4,24,8,25,2,2,False,False,0.27928587794303894,0.03132484806701541,0.0034367425978416577,1.8203081348910928,90,8,8,8,False,
epic_kitchens,val,P03_117_15,data/EPIC_data/clips/P03/P03_117_15.mp4,24,8,25,2,0,False,False,0.21117262542247772,0.030211158096790314,0.0034367425978416577,1.7854246953502297,76,8,8,8,False,
epic_kitchens,val,P04_101_60,data/EPIC_data/clips/P04/P04_101_60.mp4,24,8,25,2,1,False,False,0.20439517498016357,0.02856322005391121,0.0034367425978416577,1.7522771060466766,46,6,8,8,False,
epic_kitchens,val,P02_133_26,data/EPIC_data/clips/P02/P02_133_26.mp4,24,8,25,2,0,False,False,0.26297298073768616,0.029543139040470123,0.0034367425978416577,1.7209487142972648,119,8,8,8,False,
epic_kitchens,val,P30_103_45,data/EPIC_data/clips/P30/P30_103_45.mp4,24,8,25,2,2,False,False,0.2249753475189209,0.020301350858062506,0.0034367425978416577,1.6879090988077223,42,5,8,8,False,
epic_kitchens,val,P04_107_607,data/EPIC_data/clips/P04/P04_107_607.mp4,24,8,25,2,0,False,False,0.32264894247055054,0.022404147777706385,0.0034367425978416577,1.663797138724476,31,4,8,8,False,
epic_kitchens,val,P03_101_11,data/EPIC_data/clips/P03/P03_101_11.mp4,24,8,25,2,1,False,False,0.23193755745887756,0.029948447830975056,0.0034367425978416577,1.6377786346711218,113,8,8,8,False,
epic_kitchens,val,P02_122_160,data/EPIC_data/clips/P02/P02_122_160.mp4,24,8,25,2,0,False,False,0.2689507305622101,0.029397468082606792,0.0034367425978416577,1.603706805035472,68,8,8,8,False,
epic_kitchens,val,P03_119_80,data/EPIC_data/clips/P03/P03_119_80.mp4,24,8,25,2,1,False,False,0.1876048743724823,0.02880248660221696,0.0034367425978416577,1.5698914579115808,66,8,8,8,False,
epic_kitchens,val,P02_132_87,data/EPIC_data/clips/P02/P02_132_87.mp4,24,8,25,2,2,False,False,0.34053972363471985,0.02747979573905468,0.0034367425978416577,1.5383366476744413,76,8,8,8,False,
epic_kitchens,val,P28_104_122,data/EPIC_data/clips/P28/P28_104_122.mp4,24,8,25,2,0,False,False,0.3045215606689453,0.07039582030847669,0.0034367425978416577,1.5079812868498266,403,8,8,8,False,
epic_kitchens,val,P30_109_172,data/EPIC_data/clips/P30/P30_109_172.mp4,24,8,25,2,0,False,False,0.27417755126953125,0.03195824986323714,0.0034367425978416577,1.4312378247268498,145,8,8,8,False,
epic_kitchens,val,P02_108_133,data/EPIC_data/clips/P02/P02_108_133.mp4,24,8,25,2,0,False,False,0.26399168372154236,0.028900647070258856,0.0034367425978416577,1.3964149989187717,51,7,8,8,False,
epic_kitchens,val,P03_101_26,data/EPIC_data/clips/P03/P03_101_26.mp4,24,8,25,2,0,False,False,0.3107280135154724,0.029383854009211063,0.0034367425978416577,1.3638568609021604,84,8,8,8,False,
epic_kitchens,val,P03_101_336,data/EPIC_data/clips/P03/P03_101_336.mp4,24,8,25,2,0,False,False,0.17098963260650635,0.023160745855420828,0.0034367425978416577,1.332191941794008,53,7,8,8,False,
epic_kitchens,val,P06_108_137,data/EPIC_data/clips/P06/P06_108_137.mp4,24,8,25,2,2,False,False,0.19104933738708496,0.029748282860964537,0.0034367425978416577,1.3059162180870771,36,5,8,8,False,
epic_kitchens,val,P03_101_305,data/EPIC_data/clips/P03/P03_101_305.mp4,24,8,25,2,0,False,False,0.2646102011203766,0.02622380992397666,0.0034367425978416577,1.272817918099463,85,8,8,8,False,
epic_kitchens,val,P27_103_142,data/EPIC_data/clips/P27/P27_103_142.mp4,24,8,25,2,0,False,False,0.21695876121520996,0.07263821410015225,0.0034367425978416577,1.2426162110641599,555,8,8,8,False,
epic_kitchens,val,P02_108_148,data/EPIC_data/clips/P02/P02_108_148.mp4,24,8,25,2,0,False,False,0.23252813518047333,0.03203673707321286,0.0034367425978416577,1.1642406061291695,71,8,8,8,False,
epic_kitchens,val,P02_108_141,data/EPIC_data/clips/P02/P02_108_141.mp4,24,8,25,2,0,False,False,0.1614493429660797,0.03363529499620199,0.0034367425978416577,1.1284494819119573,117,8,8,8,False,
epic_kitchens,val,P04_116_118,data/EPIC_data/clips/P04/P04_116_118.mp4,25,8,25,2,0,False,False,0.19431141018867493,0.06243878183886409,0.0034367425978416577,1.090951044112444,271,8,8,8,False,
epic_kitchens,val,P03_120_234,data/EPIC_data/clips/P03/P03_120_234.mp4,25,8,25,2,0,False,False,0.19509531557559967,0.03646025527268648,0.0034367425978416577,1.0249206190928817,144,8,8,8,False,
epic_kitchens,val,P03_113_37,data/EPIC_data/clips/P03/P03_113_37.mp4,25,8,25,2,0,False,False,0.24163541197776794,0.025734610855579376,0.0034367425978416577,0.9855296448804438,52,7,8,8,False,
epic_kitchens,val,P03_113_17,data/EPIC_data/clips/P03/P03_113_17.mp4,25,8,25,2,0,False,False,0.3031904697418213,0.0399195970967412,0.0034367425978416577,0.9558701948262751,214,8,8,8,False,
epic_kitchens,val,P04_115_57,data/EPIC_data/clips/P04/P04_115_57.mp4,25,8,25,2,0,False,False,0.22826948761940002,0.030625350307673216,0.0034367425978416577,0.9117071982473135,105,8,8,8,False,
epic_kitchens,val,P04_116_12,data/EPIC_data/clips/P04/P04_116_12.mp4,25,8,25,2,0,False,False,0.22909770905971527,0.031057402025908232,0.0034367425978416577,0.87687848508358,116,8,8,8,False,
epic_kitchens,val,P30_107_686,data/EPIC_data/clips/P30/P30_107_686.mp4,25,8,25,2,1,False,False,0.23234277963638306,0.03274266701191664,0.0034367425978416577,0.84170823963359,160,8,8,8,False,
epic_kitchens,val,P12_101_414,data/EPIC_data/clips/P12/P12_101_414.mp4,25,8,25,2,0,False,False,0.2530161142349243,0.04575051087886095,0.0034367425978416577,0.8060038653202355,236,8,8,8,False,
epic_kitchens,val,P04_120_95,data/EPIC_data/clips/P04/P04_120_95.mp4,25,8,25,2,1,False,False,0.2518342137336731,0.03403888829052448,0.0034367425978416577,0.7577131567522883,94,8,8,8,False,
epic_kitchens,val,P30_107_327,data/EPIC_data/clips/P30/P30_107_327.mp4,25,8,25,2,5,False,False,0.19990131258964539,0.029536711052060127,0.0034367425978416577,0.7206927551887929,89,8,8,8,False,
epic_kitchens,val,P04_116_49,data/EPIC_data/clips/P04/P04_116_49.mp4,25,8,25,2,0,False,False,0.1851545125246048,0.09848681231960654,0.0034367425978416577,0.6873847949318588,797,8,8,8,False,
epic_kitchens,val,P12_103_94,data/EPIC_data/clips/P12/P12_103_94.mp4,25,8,25,2,0,False,False,0.18461495637893677,0.11603983817622066,0.0034367425978416577,0.5852139038033783,1118,8,8,8,False,
epic_kitchens,val,P02_121_76,data/EPIC_data/clips/P02/P02_121_76.mp4,25,8,25,2,0,False,False,0.29531264305114746,0.056312447879463434,0.0034777735272655264,1.8298860150389373,363,8,8,8,False,
epic_kitchens,val,P03_117_159,data/EPIC_data/clips/P03/P03_117_159.mp4,25,8,25,2,1,False,False,0.21856731176376343,0.032299610786139965,0.0034777735272655264,1.769582285080105,158,8,8,8,False,
epic_kitchens,val,P30_114_9,data/EPIC_data/clips/P30/P30_114_9.mp4,25,8,25,2,0,False,False,0.31853917241096497,0.04145584022626281,0.0034777735272655264,1.7346256389282644,316,8,8,8,False,
epic_kitchens,val,P04_120_39,data/EPIC_data/clips/P04/P04_120_39.mp4,25,8,25,2,1,False,False,0.18288837373256683,0.08537154784426093,0.0034777735272655264,1.6906961500644684,794,8,8,8,False,
epic_kitchens,val,P06_101_157,data/EPIC_data/clips/P06/P06_101_157.mp4,25,8,25,2,0,False,False,0.3266412913799286,0.03472886700183153,0.0034777735272655264,1.6006898982450366,232,8,8,8,False,
epic_kitchens,val,P06_101_294,data/EPIC_data/clips/P06/P06_101_294.mp4,25,8,25,2,1,False,False,0.2364252507686615,0.02937593124806881,0.0034777735272655264,1.5623762486502528,48,6,8,8,False,
epic_kitchens,val,P02_130_245,data/EPIC_data/clips/P02/P02_130_245.mp4,25,8,25,2,1,False,False,0.26117533445358276,0.1496941028162837,0.0034777735272655264,1.5296984850428998,1433,8,8,8,False,
epic_kitchens,val,P04_116_90,data/EPIC_data/clips/P04/P04_116_90.mp4,25,8,25,2,0,False,False,0.20566396415233612,0.04463442089036107,0.0034777735272655264,1.373257148079574,208,8,8,8,False,
epic_kitchens,val,P27_105_57,data/EPIC_data/clips/P27/P27_105_57.mp4,26,8,25,2,1,False,False,0.23027533292770386,0.038925287779420614,0.0034777735272655264,1.3241867679171264,229,8,8,8,False,
epic_kitchens,val,P02_118_272,data/EPIC_data/clips/P02/P02_118_272.mp4,26,8,25,2,2,False,False,0.18379099667072296,0.027863966766744852,0.0034777735272655264,1.281538285780698,53,7,8,8,False,
epic_kitchens,val,P02_118_246,data/EPIC_data/clips/P02/P02_118_246.mp4,26,8,25,2,0,False,False,0.18618902564048767,0.02838329318910837,0.0034777735272655264,1.2501431317068636,64,8,8,8,False,
epic_kitchens,val,P12_101_160,data/EPIC_data/clips/P12/P12_101_160.mp4,26,8,25,2,2,False,False,0.2361271232366562,0.024022988975048065,0.0034777735272655264,1.2193846846930683,42,5,8,8,False,
epic_kitchens,val,P09_105_2,data/EPIC_data/clips/P09/P09_105_2.mp4,26,8,25,2,0,False,False,0.19942446053028107,0.03587826527655125,0.0034777735272655264,1.1915726070292294,191,8,8,8,False,
epic_kitchens,val,P04_118_1,data/EPIC_data/clips/P04/P04_118_1.mp4,26,8,25,2,0,False,False,0.20584803819656372,0.032672631088644266,0.0034777735272655264,1.15274255303666,137,8,8,8,False,
epic_kitchens,val,P04_113_241,data/EPIC_data/clips/P04/P04_113_241.mp4,26,8,25,2,1,False,False,0.16478365659713745,0.03544756304472685,0.0034777735272655264,1.1153468270786107,151,8,8,8,False,
epic_kitchens,val,P30_103_23,data/EPIC_data/clips/P30/P30_103_23.mp4,26,8,25,2,0,False,False,0.3127172589302063,0.026295040268450975,0.0034777735272655264,1.0759242647327483,51,7,8,8,False,
epic_kitchens,val,P30_101_272,data/EPIC_data/clips/P30/P30_101_272.mp4,26,8,25,2,2,False,False,0.36345046758651733,0.02802135329693556,0.0034777735272655264,1.0457844799384475,59,8,8,8,False,
epic_kitchens,val,P03_116_28,data/EPIC_data/clips/P03/P03_116_28.mp4,26,8,25,2,0,False,False,0.2583549916744232,0.03740403288975358,0.0034777735272655264,1.0157077489420772,241,8,8,8,False,
epic_kitchens,val,P04_119_55,data/EPIC_data/clips/P04/P04_119_55.mp4,26,8,25,2,0,False,False,0.18478229641914368,0.03128982987254858,0.0034777735272655264,0.975633671041578,103,8,8,8,False,
epic_kitchens,val,P02_105_152,data/EPIC_data/clips/P02/P02_105_152.mp4,26,8,25,2,2,False,False,0.35564637184143066,0.03106770385056734,0.0034777735272655264,0.9401463181711733,66,8,8,8,False,
epic_kitchens,val,P22_117_359,data/EPIC_data/clips/P22/P22_117_359.mp4,26,8,25,2,0,False,False,0.2696107029914856,0.027590722776949406,0.0034777735272655264,0.9060973608866334,68,8,8,8,False,
epic_kitchens,val,P30_108_3,data/EPIC_data/clips/P30/P30_108_3.mp4,26,8,25,2,2,False,False,0.34240660071372986,0.02993361698463559,0.0034777735272655264,0.874762877356261,108,8,8,8,False,
epic_kitchens,val,P02_124_57,data/EPIC_data/clips/P02/P02_124_57.mp4,26,8,25,2,2,False,False,0.1997295618057251,0.030669359024614096,0.0034777735272655264,0.8426545509137213,149,8,8,8,False,
epic_kitchens,val,P04_120_150,data/EPIC_data/clips/P04/P04_120_150.mp4,26,8,25,2,0,False,False,0.235841304063797,0.028491816017776728,0.0034777735272655264,0.8085202663205564,63,8,8,8,False,
epic_kitchens,val,P03_117_108,data/EPIC_data/clips/P03/P03_117_108.mp4,26,8,25,2,0,False,False,0.10037507116794586,0.02598041296005249,0.0034777735272655264,0.7772254971787333,44,6,8,8,False,
epic_kitchens,val,P02_118_262,data/EPIC_data/clips/P02/P02_118_262.mp4,26,8,25,2,0,False,False,0.2570470869541168,0.029171695932745934,0.0034777735272655264,0.748183234129101,58,7,8,8,False,
epic_kitchens,val,P03_113_47,data/EPIC_data/clips/P03/P03_113_47.mp4,26,8,25,2,0,False,False,0.22808195650577545,0.028872936964035034,0.0034777735272655264,0.7153881671838462,66,8,8,8,False,
epic_kitchens,val,P04_113_237,data/EPIC_data/clips/P04/P04_113_237.mp4,26,8,25,2,1,False,False,0.17235124111175537,0.03168957121670246,0.0034777735272655264,0.6834180722944438,128,8,8,8,False,
epic_kitchens,val,P27_105_67,data/EPIC_data/clips/P27/P27_105_67.mp4,27,8,25,2,0,False,False,0.27805933356285095,0.023968905210494995,0.0034777735272655264,0.6497394889593124,41,5,8,8,False,
epic_kitchens,val,P01_109_694,data/EPIC_data/clips/P01/P01_109_694.mp4,27,8,25,2,1,False,False,0.3466232419013977,0.06842553988099098,0.0034777735272655264,0.6219474971294403,625,8,8,8,False,
epic_kitchens,val,P04_107_591,data/EPIC_data/clips/P04/P04_107_591.mp4,27,8,25,2,1,False,False,0.1258608102798462,0.030795534141361713,0.0034777735272655264,0.5485211783088744,91,8,8,8,False,
epic_kitchens,val,P04_117_104,data/EPIC_data/clips/P04/P04_117_104.mp4,27,8,25,2,0,False,False,0.2794913947582245,0.04405616084113717,0.0034777735272655264,0.5147691173478961,139,8,8,8,False,
epic_kitchens,val,P30_108_145,data/EPIC_data/clips/P30/P30_108_145.mp4,27,8,25,2,2,False,False,0.3351343274116516,0.023793986067175865,0.003636050707427785,1.6753052086569369,33,4,8,8,False,
epic_kitchens,val,P02_101_65,data/EPIC_data/clips/P02/P02_101_65.mp4,27,8,25,2,0,False,False,0.21841897070407867,0.040822142735123634,0.003636050707427785,1.6475055939517915,245,8,8,8,False,
epic_kitchens,val,P04_112_189,data/EPIC_data/clips/P04/P04_112_189.mp4,27,8,25,2,0,False,False,0.4444887042045593,0.035941185895353556,0.003636050707427785,1.6019803043454885,134,8,8,8,False,
epic_kitchens,val,P02_101_79,data/EPIC_data/clips/P02/P02_101_79.mp4,27,8,25,2,0,False,False,0.2271154224872589,0.04149080626666546,0.003636050707427785,1.5613341960124671,235,8,8,8,False,
epic_kitchens,val,P04_117_100,data/EPIC_data/clips/P04/P04_117_100.mp4,27,8,25,2,1,False,False,0.2688288390636444,0.04996541002765298,0.003636050707427785,1.5161609700880945,274,8,8,8,False,
epic_kitchens,val,P02_109_144,data/EPIC_data/clips/P02/P02_109_144.mp4,27,8,25,2,1,False,False,0.2544887065887451,0.02841820288449526,0.003636050707427785,1.4628072632476687,75,8,8,8,False,
epic_kitchens,val,P30_111_341,data/EPIC_data/clips/P30/P30_111_341.mp4,27,8,25,2,2,False,False,0.27095499634742737,0.0214292467571795,0.003636050707427785,1.4317042059265077,32,4,8,8,False,
epic_kitchens,val,P02_109_140,data/EPIC_data/clips/P02/P02_109_140.mp4,27,8,25,2,0,False,False,0.265605092048645,0.0321632269769907,0.003636050707427785,1.406660282984376,95,8,8,8,False,
epic_kitchens,val,P30_113_134,data/EPIC_data/clips/P30/P30_113_134.mp4,27,8,25,2,2,False,False,0.24778278172016144,0.028072206769138575,0.003636050707427785,1.3717234092764556,144,8,8,8,False,
epic_kitchens,val,P04_110_196,data/EPIC_data/clips/P04/P04_110_196.mp4,27,8,25,2,0,False,False,0.337151437997818,0.027142901904881,0.003636050707427785,1.3410780178382993,41,5,8,8,False,
epic_kitchens,val,P04_113_283,data/EPIC_data/clips/P04/P04_113_283.mp4,27,8,25,2,0,False,False,0.2109832763671875,0.026208810042589903,0.003636050707427785,1.3092042240314186,51,7,8,8,False,
epic_kitchens,val,P04_121_171,data/EPIC_data/clips/P04/P04_121_171.mp4,27,8,25,2,0,False,False,0.17165906727313995,0.02585388906300068,0.003636050707427785,1.2789994170889258,49,6,8,8,False,
epic_kitchens,val,P04_117_141,data/EPIC_data/clips/P04/P04_117_141.mp4,27,8,25,2,0,False,False,0.21834997832775116,0.028519643004983664,0.003636050707427785,1.249598080292344,36,5,8,8,False,
epic_kitchens,val,P30_107_412,data/EPIC_data/clips/P30/P30_107_412.mp4,27,8,25,2,2,False,False,0.30658406019210815,0.029118165839463472,0.003636050707427785,1.2172710089944303,85,8,8,8,False,
epic_kitchens,val,P03_101_251,data/EPIC_data/clips/P03/P03_101_251.mp4,27,8,25,2,1,False,False,0.2734910547733307,0.029641181230545044,0.003636050707427785,1.1835048529319465,52,7,8,8,False,
epic_kitchens,val,P02_112_91,data/EPIC_data/clips/P02/P02_112_91.mp4,27,8,25,2,0,False,False,0.3195900022983551,0.030022759921848774,0.003636050707427785,1.1509531647898257,114,8,8,8,False,
epic_kitchens,val,P06_107_29,data/EPIC_data/clips/P06/P06_107_29.mp4,28,8,25,2,0,False,False,0.35212442278862,0.06409389292821288,0.003636050707427785,1.1173605490475893,325,8,8,8,False,
epic_kitchens,val,P04_107_632,data/EPIC_data/clips/P04/P04_107_632.mp4,28,8,25,2,0,False,False,0.44278883934020996,0.026214689016342163,0.003636050707427785,1.0424632327631116,29,4,8,8,False,
epic_kitchens,val,P04_121_581,data/EPIC_data/clips/P04/P04_121_581.mp4,28,8,25,2,50,False,False,0.14456050097942352,0.030227703042328358,0.003636050707427785,1.0128221879713237,49,6,8,8,False,
epic_kitchens,val,P04_107_153,data/EPIC_data/clips/P04/P04_107_153.mp4,28,8,25,2,0,False,True,0.16196171939373016,0.028514879290014505,0.003636050707427785,0.9795837630517781,49,6,8,8,False,
epic_kitchens,val,P04_121_484,data/EPIC_data/clips/P04/P04_121_484.mp4,28,8,25,2,1,False,False,0.28371942043304443,0.03869004733860493,0.003636050707427785,0.9481616369448602,126,8,8,8,False,
epic_kitchens,val,P04_121_495,data/EPIC_data/clips/P04/P04_121_495.mp4,28,8,25,2,50,False,True,0.1796928197145462,0.027376309037208557,0.003636050707427785,0.9063401911407709,29,4,8,8,False,
epic_kitchens,val,P04_121_587,data/EPIC_data/clips/P04/P04_121_587.mp4,28,8,25,2,1,False,False,0.2340320646762848,0.03698874684050679,0.003636050707427785,0.8762097307480872,79,8,8,8,False,
epic_kitchens,val,P27_103_642,data/EPIC_data/clips/P27/P27_103_642.mp4,28,8,25,2,1,False,False,0.26888546347618103,0.06031821481883526,0.003636050707427785,0.8358603538945317,427,8,8,8,False,
epic_kitchens,val,P30_103_37,data/EPIC_data/clips/P30/P30_103_37.mp4,28,8,25,2,0,False,False,0.20639178156852722,0.03374939411878586,0.003636050707427785,0.7711489261128008,157,8,8,8,False,
epic_kitchens,val,P04_110_401,data/EPIC_data/clips/P04/P04_110_401.mp4,28,8,25,2,0,False,False,0.21135348081588745,0.03284212527796626,0.003636050707427785,0.7351042842492461,70,8,8,8,False,
epic_kitchens,val,P26_124_189,data/EPIC_data/clips/P26/P26_124_189.mp4,28,8,25,2,0,False,False,0.26789966225624084,0.023069981019943953,0.003636050707427785,0.6984189418144524,44,6,8,8,False,
epic_kitchens,val,P06_113_90,data/EPIC_data/clips/P06/P06_113_90.mp4,28,8,25,2,0,False,False,0.2589309811592102,0.039075402077287436,0.003636050707427785,0.6720264791510999,187,8,8,8,False,
epic_kitchens,val,P04_107_761,data/EPIC_data/clips/P04/P04_107_761.mp4,28,8,25,2,0,False,False,0.22308464348316193,0.03280254593119025,0.003636050707427785,0.6293686833232641,108,8,8,8,False,
epic_kitchens,val,P04_110_358,data/EPIC_data/clips/P04/P04_110_358.mp4,28,8,25,2,0,False,True,0.14778253436088562,0.02956053102388978,0.003636050707427785,0.593896774109453,50,6,8,8,False,
epic_kitchens,val,P02_121_41,data/EPIC_data/clips/P02/P02_121_41.mp4,28,8,25,2,0,False,False,0.23782671988010406,0.04684489592909813,0.003636050707427785,0.5606515756808221,204,8,8,8,False,
epic_kitchens,val,P04_121_609,data/EPIC_data/clips/P04/P04_121_609.mp4,28,8,25,2,1,False,False,0.16362904012203217,0.03101574070751667,0.003636050707427785,0.507506272289902,43,6,8,8,False,
epic_kitchens,val,P30_109_143,data/EPIC_data/clips/P30/P30_109_143.mp4,28,8,25,2,0,False,False,0.3250217139720917,0.03524500224739313,0.0036245423689251766,2.01786830695346,175,8,8,8,False,
epic_kitchens,val,P04_112_162,data/EPIC_data/clips/P04/P04_112_162.mp4,28,8,25,2,50,False,True,0.1476639062166214,0.028357884846627712,0.0036245423689251766,1.9798832666128874,38,5,8,8,False,
epic_kitchens,val,P04_121_488,data/EPIC_data/clips/P04/P04_121_488.mp4,28,8,25,2,1,False,False,0.17423482239246368,0.02442122483626008,0.0036245423689251766,1.9477243684232235,25,3,8,8,False,
epic_kitchens,val,P01_104_5,data/EPIC_data/clips/P01/P01_104_5.mp4,28,8,25,2,0,False,False,0.23809665441513062,0.028292818926274776,0.0036245423689251766,1.920502736698836,66,8,8,8,False,
epic_kitchens,val,P12_104_153,data/EPIC_data/clips/P12/P12_104_153.mp4,29,8,25,2,2,False,False,0.26815080642700195,0.04762507090345025,0.0036245423689251766,1.88945792010054,302,8,8,8,False,
epic_kitchens,val,P28_112_77,data/EPIC_data/clips/P28/P28_112_77.mp4,29,8,25,2,2,False,False,0.21486417949199677,0.05508191604167223,0.0036245423689251766,1.8385992161929607,359,8,8,8,False,
epic_kitchens,val,P30_101_80,data/EPIC_data/clips/P30/P30_101_80.mp4,29,8,25,2,0,False,False,0.23708216845989227,0.03935819584876299,0.0036245423689251766,1.7795739960856736,260,8,8,8,False,
epic_kitchens,val,P30_108_75,data/EPIC_data/clips/P30/P30_108_75.mp4,29,8,25,2,2,False,False,0.3039018213748932,0.03097242908552289,0.0036245423689251766,1.7362603740766644,121,8,8,8,False,
epic_kitchens,val,P12_104_150,data/EPIC_data/clips/P12/P12_104_150.mp4,29,8,25,2,0,False,False,0.2228783220052719,0.028626583982259035,0.0036245423689251766,1.7009230088442564,72,8,8,8,False,
epic_kitchens,val,P30_101_118,data/EPIC_data/clips/P30/P30_101_118.mp4,29,8,25,2,0,False,False,0.18420833349227905,0.07528576301410794,0.0036245423689251766,1.669520280789584,643,8,8,8,False,
epic_kitchens,val,P30_108_156,data/EPIC_data/clips/P30/P30_108_156.mp4,29,8,25,2,2,False,True,0.30209898948669434,0.04383056703954935,0.0036245423689251766,1.591428988147527,258,8,8,8,False,
epic_kitchens,val,P30_108_78,data/EPIC_data/clips/P30/P30_108_78.mp4,29,8,25,2,0,False,False,0.2908170819282532,0.027153608854860067,0.0036245423689251766,1.5437062629498541,51,7,8,8,False,
epic_kitchens,val,P30_107_41,data/EPIC_data/clips/P30/P30_107_41.mp4,29,8,25,2,2,False,False,0.17218640446662903,0.01954859122633934,0.0036245423689251766,1.512940471060574,24,3,8,8,False,
epic_kitchens,val,P12_104_174,data/EPIC_data/clips/P12/P12_104_174.mp4,29,8,25,2,0,False,False,0.26061487197875977,0.03521976200863719,0.0036245423689251766,1.4912913460284472,229,8,8,8,False,
epic_kitchens,val,P30_111_326,data/EPIC_data/clips/P30/P30_111_326.mp4,29,8,25,2,0,False,False,0.2488516867160797,0.024759352207183838,0.0036245423689251766,1.4524062741547823,50,6,8,8,False,
epic_kitchens,val,P30_111_343,data/EPIC_data/clips/P30/P30_111_343.mp4,29,8,25,2,0,False,False,0.20503118634223938,0.0493507469072938,0.0036245423689251766,1.4246026636101305,374,8,8,8,False,
epic_kitchens,val,P30_108_118,data/EPIC_data/clips/P30/P30_108_118.mp4,29,8,25,2,0,False,False,0.35099270939826965,0.04038593592122197,0.0036245423689251766,1.3714746730402112,241,8,8,8,False,
epic_kitchens,val,P28_112_80,data/EPIC_data/clips/P28/P28_112_80.mp4,29,8,25,2,0,False,False,0.34383928775787354,0.08555565774440765,0.0036245423689251766,1.3276406172662973,673,8,8,8,False,
epic_kitchens,val,P04_121_246,data/EPIC_data/clips/P04/P04_121_246.mp4,29,8,25,2,0,False,False,0.29446789622306824,0.059586463030427694,0.0036245423689251766,1.2358536450192332,400,8,8,8,False,
epic_kitchens,val,P37_102_130,data/EPIC_data/clips/P37/P37_102_130.mp4,29,8,25,2,0,False,False,0.23515038192272186,0.04935493925586343,0.0036245423689251766,1.1696462440304458,334,8,8,8,False,
epic_kitchens,val,P30_113_135,data/EPIC_data/clips/P30/P30_113_135.mp4,29,8,25,2,2,False,True,0.21556054055690765,0.03315094020217657,0.0036245423689251766,1.1168313147500157,188,8,8,8,False,
epic_kitchens,val,P03_109_146,data/EPIC_data/clips/P03/P03_109_146.mp4,29,8,25,2,1,False,False,0.3288266658782959,0.04615453630685806,0.0036245423689251766,1.080447144806385,273,8,8,8,False,
epic_kitchens,val,P30_104_117,data/EPIC_data/clips/P30/P30_104_117.mp4,29,8,25,2,2,False,True,0.26703163981437683,0.04908245010301471,0.0036245423689251766,1.031887732911855,401,8,8,8,False,
epic_kitchens,val,P30_101_59,data/EPIC_data/clips/P30/P30_101_59.mp4,29,8,25,2,2,False,True,0.2908838391304016,0.02881739381700754,0.0036245423689251766,0.9805186740122736,63,8,8,8,False,
epic_kitchens,val,P06_101_226,data/EPIC_data/clips/P06/P06_101_226.mp4,30,8,25,2,1,False,False,0.24407841265201569,0.037506969179958105,0.0036245423689251766,0.9488387769088149,158,8,8,8,False,
epic_kitchens,val,P30_111_176,data/EPIC_data/clips/P30/P30_111_176.mp4,30,8,25,2,0,False,False,0.23973079025745392,0.039549189154058695,0.0036245423689251766,0.909066285006702,194,8,8,8,False,
epic_kitchens,val,P37_103_15,data/EPIC_data/clips/P37/P37_103_15.mp4,30,8,25,2,0,False,False,0.3172174096107483,0.03729428816586733,0.0036245423689251766,0.8672058410011232,152,8,8,8,False,
epic_kitchens,val,P02_122_45,data/EPIC_data/clips/P02/P02_122_45.mp4,30,8,25,2,1,False,False,0.16565173864364624,0.03334343386813998,0.0036245423689251766,0.8262532758526504,96,8,8,8,False,
epic_kitchens,val,P22_111_127,data/EPIC_data/clips/P22/P22_111_127.mp4,30,8,25,2,0,False,False,0.27165091037750244,0.03968604514375329,0.0036245423689251766,0.7907290970906615,121,8,8,8,False,
epic_kitchens,val,P37_103_46,data/EPIC_data/clips/P37/P37_103_46.mp4,30,8,25,2,0,False,False,0.24782966077327728,0.051036864053457975,0.0036245423689251766,0.7468839432112873,320,8,8,8,False,
epic_kitchens,val,P37_101_282,data/EPIC_data/clips/P37/P37_101_282.mp4,30,8,25,2,1,False,False,0.328988641500473,0.031936040148139,0.0036245423689251766,0.6913779191672802,132,8,8,8,False,
epic_kitchens,val,P30_107_648,data/EPIC_data/clips/P30/P30_107_648.mp4,30,8,25,2,0,False,False,0.26157477498054504,0.17875947384163737,0.0036245423689251766,0.6555984574370086,2083,8,8,8,False,
epic_kitchens,val,P01_109_363,data/EPIC_data/clips/P01/P01_109_363.mp4,30,8,25,2,0,False,False,0.31674185395240784,0.04297356307506561,0.003620682065957226,1.8154929177835584,230,8,8,8,False,
epic_kitchens,val,P37_103_31,data/EPIC_data/clips/P37/P37_103_31.mp4,30,8,25,2,0,False,False,0.2038283497095108,0.04188150493428111,0.003620682065957226,1.7688010637648404,252,8,8,8,False,
epic_kitchens,val,P37_103_29,data/EPIC_data/clips/P37/P37_103_29.mp4,30,8,25,2,1,False,True,0.14964596927165985,0.09129173494875431,0.003620682065957226,1.7244840147905052,897,8,8,8,False,
epic_kitchens,val,P12_101_149,data/EPIC_data/clips/P12/P12_101_149.mp4,30,8,25,2,0,False,False,0.2782510221004486,0.031476033851504326,0.003620682065957226,1.628819847945124,138,8,8,8,False,
epic_kitchens,val,P37_103_32,data/EPIC_data/clips/P37/P37_103_32.mp4,30,8,25,2,2,False,False,0.5463717579841614,0.055326635017991066,0.003620682065957226,1.5932906651869416,476,8,8,8,False,
epic_kitchens,val,P37_101_290,data/EPIC_data/clips/P37/P37_101_290.mp4,30,8,25,2,1,False,False,0.24046006798744202,0.03693460579961538,0.003620682065957226,1.5344915902242064,193,8,8,8,False,
epic_kitchens,val,P02_129_25,data/EPIC_data/clips/P02/P02_129_25.mp4,30,8,25,2,1,False,False,0.2699008285999298,0.027806265745311975,0.003620682065957226,1.493758527096361,70,8,8,8,False,
epic_kitchens,val,P22_113_88,data/EPIC_data/clips/P22/P22_113_88.mp4,30,8,25,2,0,False,False,0.35488349199295044,0.033042725175619125,0.003620682065957226,1.462267586030066,214,8,8,8,False,
epic_kitchens,val,P03_120_93,data/EPIC_data/clips/P03/P03_120_93.mp4,30,8,25,2,0,False,False,0.3504890501499176,0.05123511189594865,0.003620682065957226,1.4256897601298988,380,8,8,8,False,
epic_kitchens,val,P22_111_132,data/EPIC_data/clips/P22/P22_111_132.mp4,30,8,25,2,0,False,False,0.21295535564422607,0.030926917679607868,0.003620682065957226,1.3704940266907215,60,8,8,8,False,
epic_kitchens,val,P12_101_152,data/EPIC_data/clips/P12/P12_101_152.mp4,30,8,25,2,0,False,False,0.15806365013122559,0.06116150598973036,0.003620682065957226,1.33740718010813,459,8,8,8,False,
epic_kitchens,val,P12_101_231,data/EPIC_data/clips/P12/P12_101_231.mp4,30,8,25,2,0,False,False,0.2007414996623993,0.06318726390600204,0.003620682065957226,1.2739443317987025,539,8,8,8,False,
epic_kitchens,val,P04_101_85,data/EPIC_data/clips/P04/P04_101_85.mp4,31,8,25,2,0,False,False,0.3980983793735504,0.03867079969495535,0.003620682065957226,1.2081741779111326,160,8,8,8,False,
epic_kitchens,val,P04_110_399,data/EPIC_data/clips/P04/P04_110_399.mp4,31,8,25,2,1,False,False,0.23093827068805695,0.03162064775824547,0.003620682065957226,1.1655112230218947,80,8,8,8,False,
epic_kitchens,val,P07_117_70,data/EPIC_data/clips/P07/P07_117_70.mp4,31,8,25,2,0,False,False,0.29409441351890564,0.02455083280801773,0.003620682065957226,1.1308949780650437,55,7,8,8,False,
epic_kitchens,val,P04_107_807,data/EPIC_data/clips/P04/P04_107_807.mp4,31,8,25,2,22,False,False,0.3806811571121216,0.020843815989792347,0.003620682065957226,1.1021510921418667,16,2,8,8,False,
epic_kitchens,val,P04_117_72,data/EPIC_data/clips/P04/P04_117_72.mp4,31,8,25,2,0,False,False,0.25159958004951477,0.03697745921090245,0.003620682065957226,1.0793002839200199,83,8,8,8,False,
epic_kitchens,val,P04_113_477,data/EPIC_data/clips/P04/P04_113_477.mp4,31,8,25,2,0,False,False,0.23232196271419525,0.04917633021250367,0.003620682065957226,1.0376446791924536,225,8,8,8,False,
epic_kitchens,val,P04_109_325,data/EPIC_data/clips/P04/P04_109_325.mp4,31,8,25,2,1,False,False,0.29457634687423706,0.03243907308205962,0.003620682065957226,0.9845887492410839,59,8,8,8,False,
epic_kitchens,val,P04_107_539,data/EPIC_data/clips/P04/P04_107_539.mp4,31,8,25,2,0,False,False,0.3452165424823761,0.028837119229137897,0.003620682065957226,0.9492763169109821,36,5,8,8,False,
epic_kitchens,val,P04_113_491,data/EPIC_data/clips/P04/P04_113_491.mp4,31,8,25,2,1,False,False,0.28571057319641113,0.030249577946960926,0.003620682065957226,0.9166637798771262,156,8,8,8,False,
epic_kitchens,val,P04_102_25,data/EPIC_data/clips/P04/P04_102_25.mp4,31,8,25,2,0,False,False,0.24346508085727692,0.02124373009428382,0.003620682065957226,0.8832565299235284,33,4,8,8,False,
epic_kitchens,val,P04_102_16,data/EPIC_data/clips/P04/P04_102_16.mp4,31,8,25,2,1,False,False,0.220591738820076,0.03539135819301009,0.003620682065957226,0.8584037171676755,92,8,8,8,False,
epic_kitchens,val,P04_121_204,data/EPIC_data/clips/P04/P04_121_204.mp4,31,8,25,2,0,False,False,0.19915059208869934,0.039991667959839106,0.003620682065957226,0.8191994437947869,221,8,8,8,False,
epic_kitchens,val,P04_109_11,data/EPIC_data/clips/P04/P04_109_11.mp4,31,8,25,2,1,False,False,0.15923194587230682,0.04135981621220708,0.003620682065957226,0.7730689370073378,194,8,8,8,False,
epic_kitchens,val,P04_113_263,data/EPIC_data/clips/P04/P04_113_263.mp4,31,8,25,2,0,False,False,0.26692938804626465,0.03167242696508765,0.003620682065957226,0.7291997228749096,49,6,8,8,False,
epic_kitchens,val,P03_109_378,data/EPIC_data/clips/P03/P03_109_378.mp4,31,8,25,2,0,False,False,0.3969345986843109,0.030323131941258907,0.003620682065957226,0.6946728737093508,128,8,8,8,False,
epic_kitchens,val,P04_121_148,data/EPIC_data/clips/P04/P04_121_148.mp4,31,8,25,2,0,False,False,0.21238546073436737,0.028922404162585735,0.003620682065957226,0.6612355201505125,86,8,8,8,False,
epic_kitchens,val,P04_110_341,data/EPIC_data/clips/P04/P04_110_341.mp4,31,8,25,2,0,False,False,0.10412170737981796,0.04460983583703637,0.003620682065957226,0.6280669788829982,227,8,8,8,False,
epic_kitchens,val,P04_109_67,data/EPIC_data/clips/P04/P04_109_67.mp4,31,8,25,2,1,False,False,0.21391333639621735,0.03368271607905626,0.003620682065957226,0.5786616029217839,76,8,8,8,False,
epic_kitchens,val,P01_109_366,data/EPIC_data/clips/P01/P01_109_366.mp4,32,8,25,2,0,False,False,0.29355141520500183,0.02875492535531521,0.003620682065957226,0.5419919081032276,62,8,8,8,False,
epic_kitchens,val,P01_109_693,data/EPIC_data/clips/P01/P01_109_693.mp4,32,8,25,2,1,False,False,0.3439359664916992,0.03662245208397508,0.003620682065957226,0.5108930813148618,144,8,8,8,False,
epic_kitchens,val,P30_111_418,data/EPIC_data/clips/P30/P30_111_418.mp4,32,8,25,2,0,False,False,0.21531957387924194,0.025463534984737635,0.00397018353396561,1.630923812277615,48,6,8,8,False,
epic_kitchens,val,P04_107_847,data/EPIC_data/clips/P04/P04_107_847.mp4,32,8,25,2,0,False,False,0.2816165089607239,0.019001351203769445,0.00397018353396561,1.6018906021490693,15,2,8,8,False,
epic_kitchens,val,P02_103_12,data/EPIC_data/clips/P02/P02_103_12.mp4,32,8,25,2,0,False,False,0.5201336145401001,0.031022503972053528,0.00397018353396561,1.5802760110236704,98,8,8,8,False,
epic_kitchens,val,P01_105_479,data/EPIC_data/clips/P01/P01_105_479.mp4,32,8,25,2,0,False,False,0.35602203011512756,0.024911112152040005,0.00397018353396561,1.5467048077844083,36,5,8,8,False,
epic_kitchens,val,P03_123_4,data/EPIC_data/clips/P03/P03_123_4.mp4,32,8,25,2,2,False,False,0.1858183741569519,0.05458441702648997,0.00397018353396561,1.5175558063201606,381,8,8,8,False,
epic_kitchens,val,P01_109_380,data/EPIC_data/clips/P01/P01_109_380.mp4,32,8,25,2,0,False,False,0.2765355408191681,0.029746297281235456,0.00397018353396561,1.4600397860631347,64,8,8,8,False,
epic_kitchens,val,P03_107_47,data/EPIC_data/clips/P03/P03_107_47.mp4,32,8,25,2,0,False,False,0.2771114408969879,0.027527103200554848,0.00397018353396561,1.4277804102748632,104,8,8,8,False,
epic_kitchens,val,P30_108_168,data/EPIC_data/clips/P30/P30_108_168.mp4,32,8,25,2,0,False,False,0.39711952209472656,0.03292887518182397,0.00397018353396561,1.396998847834766,117,8,8,8,False,
epic_kitchens,val,P07_110_39,data/EPIC_data/clips/P07/P07_110_39.mp4,32,8,25,2,0,False,False,0.2292862981557846,0.038941022008657455,0.00397018353396561,1.3608046602457762,237,8,8,8,False,
epic_kitchens,val,P03_121_20,data/EPIC_data/clips/P03/P03_121_20.mp4,32,8,25,2,2,False,False,0.3404906690120697,0.03031009202823043,0.00397018353396561,1.3193377321586013,85,8,8,8,False,
epic_kitchens,val,P04_106_86,data/EPIC_data/clips/P04/P04_106_86.mp4,32,8,25,2,0,False,False,0.19507856667041779,0.03402786422520876,0.00397018353396561,1.2850673319771886,24,3,8,8,False,
epic_kitchens,val,P02_122_38,data/EPIC_data/clips/P02/P02_122_38.mp4,32,8,25,2,0,False,False,0.24310310184955597,0.028817484620958567,0.00397018353396561,1.2483619879931211,57,7,8,8,False,
epic_kitchens,val,P04_106_73,data/EPIC_data/clips/P04/P04_106_73.mp4,32,8,25,2,1,False,False,0.3088749647140503,0.027175036258995533,0.00397018353396561,1.2149322680197656,32,4,8,8,False,
epic_kitchens,val,P04_116_3,data/EPIC_data/clips/P04/P04_116_3.mp4,32,8,25,2,0,False,False,0.2494879812002182,0.03711799718439579,0.00397018353396561,1.1839974368922412,120,8,8,8,False,
epic_kitchens,val,P03_123_22,data/EPIC_data/clips/P03/P03_123_22.mp4,32,8,25,2,0,False,False,0.19644570350646973,0.03145949402824044,0.00397018353396561,1.1422650651074946,153,8,8,8,False,
epic_kitchens,val,P03_123_20,data/EPIC_data/clips/P03/P03_123_20.mp4,32,8,25,2,0,False,False,0.2926631271839142,0.020500103011727333,0.00397018353396561,1.106373740825802,34,4,8,8,False,
epic_kitchens,val,P04_119_192,data/EPIC_data/clips/P04/P04_119_192.mp4,32,8,25,2,0,False,False,0.1963508129119873,0.024101072922348976,0.00397018353396561,1.082231576088816,21,3,8,8,False,
epic_kitchens,val,P01_109_714,data/EPIC_data/clips/P01/P01_109_714.mp4,32,8,25,2,2,False,False,0.28271913528442383,0.03516158415004611,0.00397018353396561,1.0557043510489166,99,8,8,8,False,
epic_kitchens,val,P03_109_257,data/EPIC_data/clips/P03/P03_109_257.mp4,33,8,25,2,2,False,False,0.29382631182670593,0.02107797609642148,0.00397018353396561,1.016498350072652,26,3,8,8,False,
epic_kitchens,val,P04_120_357,data/EPIC_data/clips/P04/P04_120_357.mp4,33,8,25,2,0,False,False,0.30885112285614014,0.0213613691739738,0.00397018353396561,0.9921106197871268,13,2,8,8,False,
epic_kitchens,val,P04_116_53,data/EPIC_data/clips/P04/P04_116_53.mp4,33,8,25,2,0,False,False,0.199056476354599,0.03531575482338667,0.00397018353396561,0.9671393623575568,138,8,8,8,False,
epic_kitchens,val,P25_107_282,data/EPIC_data/clips/P25/P25_107_282.mp4,33,8,25,2,0,False,False,0.3701559901237488,0.035322547890245914,0.00397018353396561,0.9275690037757158,159,8,8,8,False,
epic_kitchens,val,P04_106_71,data/EPIC_data/clips/P04/P04_106_71.mp4,33,8,25,2,0,False,False,0.26868388056755066,0.03187985019758344,0.00397018353396561,0.8891242677345872,57,7,8,8,False,
epic_kitchens,val,P04_120_355,data/EPIC_data/clips/P04/P04_120_355.mp4,33,8,25,2,0,False,False,0.22411729395389557,0.049519950058311224,0.00397018353396561,0.852865541819483,290,8,8,8,False,
epic_kitchens,val,P12_103_135,data/EPIC_data/clips/P12/P12_103_135.mp4,33,8,25,2,1,False,False,0.16035868227481842,0.025594352278858423,0.00397018353396561,0.8004386429674923,38,5,8,8,False,
epic_kitchens,val,P04_116_117,data/EPIC_data/clips/P04/P04_116_117.mp4,33,8,25,2,0,False,False,0.20354679226875305,0.07756620412692428,0.00397018353396561,0.7713488629087806,635,8,8,8,False,
epic_kitchens,val,P04_110_339,data/EPIC_data/clips/P04/P04_110_339.mp4,33,8,25,2,1,False,False,0.2622629702091217,0.033333186991512775,0.00397018353396561,0.6906560668721795,122,8,8,8,False,
epic_kitchens,val,P04_116_45,data/EPIC_data/clips/P04/P04_116_45.mp4,33,8,25,2,0,False,False,0.19457031786441803,0.03486604802310467,0.00397018353396561,0.6538803866133094,130,8,8,8,False,
epic_kitchens,val,P04_113_149,data/EPIC_data/clips/P04/P04_113_149.mp4,33,8,25,2,0,False,False,0.29201826453208923,0.03156052576377988,0.00397018353396561,0.6158817620016634,115,8,8,8,False,
epic_kitchens,val,P27_103_275,data/EPIC_data/clips/P27/P27_103_275.mp4,33,8,25,2,0,False,False,0.31299784779548645,0.023880513850599527,0.00397018353396561,0.5796902580186725,45,6,8,8,False,
epic_kitchens,val,P04_116_73,data/EPIC_data/clips/P04/P04_116_73.mp4,33,8,25,2,0,False,False,0.22233493626117706,0.03076739190146327,0.00397018353396561,0.5530723370611668,108,8,8,8,False,
epic_kitchens,val,P04_107_361,data/EPIC_data/clips/P04/P04_107_361.mp4,33,8,25,2,0,False,False,0.1790888011455536,0.030911894980818033,0.00397018353396561,0.5179301886819303,69,8,8,8,False,
epic_kitchens,val,P02_135_1,data/EPIC_data/clips/P02/P02_135_1.mp4,33,8,25,2,0,False,False,0.3523198962211609,0.021805126685649157,0.003392168218852021,1.7392947669140995,20,3,8,8,False,
epic_kitchens,val,P04_121_445,data/EPIC_data/clips/P04/P04_121_445.mp4,33,8,25,2,0,False,False,0.21883654594421387,0.031341382302343845,0.003392168218852021,1.7158260713331401,59,8,8,8,False,
epic_kitchens,val,P04_113_170,data/EPIC_data/clips/P04/P04_113_170.mp4,33,8,25,2,0,False,False,0.34239551424980164,0.02868293598294258,0.003392168218852021,1.6817265921272337,56,7,8,8,False,
epic_kitchens,val,P04_107_465,data/EPIC_data/clips/P04/P04_107_465.mp4,33,8,25,2,0,False,False,0.24265223741531372,0.02416999265551567,0.003392168218852021,1.6490653809159994,24,3,8,8,False,
epic_kitchens,val,P04_116_85,data/EPIC_data/clips/P04/P04_116_85.mp4,33,8,25,2,0,False,False,0.21782031655311584,0.032442186027765274,0.003392168218852021,1.6220007720403373,77,8,8,8,False,
epic_kitchens,val,P22_111_71,data/EPIC_data/clips/P22/P22_111_71.mp4,33,8,25,2,1,False,False,0.22664283215999603,0.028934705071151257,0.003392168218852021,1.5861740037798882,76,8,8,8,False,
epic_kitchens,val,P02_120_0,data/EPIC_data/clips/P02/P02_120_0.mp4,34,8,25,2,1,False,False,0.23371678590774536,0.02999804401770234,0.003392168218852021,1.5530691449530423,58,7,8,8,False,
epic_kitchens,val,P02_111_4,data/EPIC_data/clips/P02/P02_111_4.mp4,34,8,25,2,1,False,False,0.23134282231330872,0.025321967899799347,0.003392168218852021,1.5202055238187313,59,8,8,8,False,
epic_kitchens,val,P02_104_155,data/EPIC_data/clips/P02/P02_104_155.mp4,34,8,25,2,0,False,False,0.2492813915014267,0.0421112272888422,0.003392168218852021,1.4917613477446139,207,8,8,8,False,
epic_kitchens,val,P04_117_40,data/EPIC_data/clips/P04/P04_117_40.mp4,34,8,25,2,0,False,False,0.3142458498477936,0.028715717140585184,0.003392168218852021,1.4466111483052373,46,6,8,8,False,
epic_kitchens,val,P04_116_127,data/EPIC_data/clips/P04/P04_116_127.mp4,34,8,25,2,0,False,False,0.18206027150154114,0.02701557334512472,0.003392168218852021,1.4142505801282823,58,7,8,8,False,
epic_kitchens,val,P04_117_45,data/EPIC_data/clips/P04/P04_117_45.mp4,34,8,25,2,1,False,False,0.26353785395622253,0.02551271114498377,0.003392168218852021,1.382277765776962,22,3,8,8,False,
epic_kitchens,val,P04_107_776,data/EPIC_data/clips/P04/P04_107_776.mp4,34,8,25,2,1,False,False,0.15888971090316772,0.03158209519460797,0.003392168218852021,1.353999113664031,55,7,8,8,False,
epic_kitchens,val,P04_107_677,data/EPIC_data/clips/P04/P04_107_677.mp4,34,8,25,2,1,False,False,0.27578005194664,0.020799315068870783,0.003392168218852021,1.3178712306544185,13,2,8,8,False,
epic_kitchens,val,P02_123_120,data/EPIC_data/clips/P02/P02_123_120.mp4,34,8,25,2,3,False,False,0.16543042659759521,0.14328919304534793,0.003392168218852021,1.2938672141171992,1547,8,8,8,False,
epic_kitchens,val,P04_107_919,data/EPIC_data/clips/P04/P04_107_919.mp4,34,8,25,2,0,False,False,0.284646600484848,0.03216946916654706,0.003392168218852021,1.1459115156903863,60,8,8,8,False,
epic_kitchens,val,P02_130_256,data/EPIC_data/clips/P02/P02_130_256.mp4,34,8,25,2,0,False,False,0.18583226203918457,0.050748296082019806,0.003392168218852021,1.1104413736611605,345,8,8,8,False,
epic_kitchens,val,P04_121_438,data/EPIC_data/clips/P04/P04_121_438.mp4,34,8,25,2,0,False,False,0.23082613945007324,0.044492827728390694,0.003392168218852021,1.0556012969464064,207,8,8,8,False,
epic_kitchens,val,P04_107_857,data/EPIC_data/clips/P04/P04_107_857.mp4,34,8,25,2,0,False,False,0.2789250612258911,0.020680497866123915,0.003392168218852021,1.0078278477303684,11,2,8,8,False,
epic_kitchens,val,P04_120_352,data/EPIC_data/clips/P04/P04_120_352.mp4,34,8,25,2,1,False,False,0.32357004284858704,0.030184029135853052,0.003392168218852021,0.9835943612270057,65,8,8,8,False,
epic_kitchens,val,P04_109_244,data/EPIC_data/clips/P04/P04_109_244.mp4,34,8,25,2,0,False,False,0.24456700682640076,0.03227529115974903,0.003392168218852021,0.9504687134176493,117,8,8,8,False,
epic_kitchens,val,P02_110_3,data/EPIC_data/clips/P02/P02_110_3.mp4,34,8,25,2,1,False,False,0.2576722502708435,0.027621497865766287,0.003392168218852021,0.9138509468175471,66,8,8,8,False,
epic_kitchens,val,P02_110_21,data/EPIC_data/clips/P02/P02_110_21.mp4,34,8,25,2,0,False,False,0.30052506923675537,0.02194240177050233,0.003392168218852021,0.883720058016479,32,4,8,8,False,
epic_kitchens,val,P04_101_68,data/EPIC_data/clips/P04/P04_101_68.mp4,34,8,25,2,5,False,False,0.17502164840698242,0.033064152114093304,0.003392168218852021,0.8583142189309001,41,5,8,8,False,
epic_kitchens,val,P02_123_106,data/EPIC_data/clips/P02/P02_123_106.mp4,34,8,25,2,0,False,False,0.26386570930480957,0.13181683188304305,0.003392168218852021,0.8222041800618172,1354,8,8,8,False,
epic_kitchens,val,P04_107_387,data/EPIC_data/clips/P04/P04_107_387.mp4,34,8,25,2,0,False,False,0.2193845510482788,0.029236346017569304,0.003392168218852021,0.6861867671832442,73,8,8,8,False,
epic_kitchens,val,P12_101_395,data/EPIC_data/clips/P12/P12_101_395.mp4,35,8,25,2,0,False,False,0.31533655524253845,0.034669667948037386,0.003392168218852021,0.6537495371885598,155,8,8,8,False,
epic_kitchens,val,P30_101_203,data/EPIC_data/clips/P30/P30_101_203.mp4,35,8,25,2,0,False,False,0.23384986817836761,0.02724825218319893,0.003392168218852021,0.6154616307467222,63,8,8,8,False,
epic_kitchens,val,P30_109_174,data/EPIC_data/clips/P30/P30_109_174.mp4,35,8,25,2,0,False,False,0.2981494665145874,0.02380854496732354,0.003392168218852021,0.5861114431172609,50,6,8,8,False,
epic_kitchens,val,P02_112_64,data/EPIC_data/clips/P02/P02_112_64.mp4,35,8,25,2,0,False,False,0.19055497646331787,0.034979640040546656,0.003392168218852021,0.5589697500690818,114,8,8,8,False,
epic_kitchens,val,P04_119_86,data/EPIC_data/clips/P04/P04_119_86.mp4,35,8,25,2,0,False,False,0.33042699098587036,0.025804925709962845,0.003392168218852021,0.5214673969894648,40,5,8,8,False,
epic_kitchens,val,P30_101_282,data/EPIC_data/clips/P30/P30_101_282.mp4,35,8,25,2,0,False,False,0.30376020073890686,0.023787773214280605,0.003392168218852021,0.49231045320630074,55,7,8,8,False,
epic_kitchens,val,P04_102_58,data/EPIC_data/clips/P04/P04_102_58.mp4,35,8,25,2,0,False,False,0.18762628734111786,0.03512301295995712,0.003757051905267872,1.8634473700076342,106,8,8,8,False,
epic_kitchens,val,P02_134_10,data/EPIC_data/clips/P02/P02_134_10.mp4,35,8,25,2,0,False,False,0.24860744178295135,0.021155276335775852,0.003757051905267872,1.820286686066538,31,4,8,8,False,
epic_kitchens,val,P28_104_110,data/EPIC_data/clips/P28/P28_104_110.mp4,35,8,25,2,0,False,False,0.27936655282974243,0.0306355282664299,0.003757051905267872,1.7948592100292444,53,7,8,8,False,
epic_kitchens,val,P30_101_205,data/EPIC_data/clips/P30/P30_101_205.mp4,35,8,25,2,0,False,False,0.24604915082454681,0.05203805398195982,0.003757051905267872,1.7590814679861069,566,8,8,8,False,
epic_kitchens,val,P04_117_73,data/EPIC_data/clips/P04/P04_117_73.mp4,35,8,25,2,0,False,False,0.18801072239875793,0.03604424139484763,0.003757051905267872,1.704876579809934,131,8,8,8,False,
epic_kitchens,val,P04_110_280,data/EPIC_data/clips/P04/P04_110_280.mp4,35,8,25,2,0,False,False,0.2665461301803589,0.028364882804453373,0.003757051905267872,1.6649656160734594,50,6,8,8,False,
epic_kitchens,val,P01_109_516,data/EPIC_data/clips/P01/P01_109_516.mp4,35,8,25,2,0,False,False,0.2976542115211487,0.026988527737557888,0.003757051905267872,1.633122612722218,59,8,8,8,False,
epic_kitchens,val,P30_104_137,data/EPIC_data/clips/P30/P30_104_137.mp4,35,8,25,2,0,False,False,0.24293804168701172,0.03902105800807476,0.003757051905267872,1.6036293990910053,190,8,8,8,False,
epic_kitchens,val,P12_101_383,data/EPIC_data/clips/P12/P12_101_383.mp4,35,8,25,2,0,False,False,0.3045881688594818,0.03068816987797618,0.003757051905267872,1.5617715599946678,58,7,8,8,False,
epic_kitchens,val,P12_101_413,data/EPIC_data/clips/P12/P12_101_413.mp4,35,8,25,2,0,False,False,0.33447879552841187,0.023685724940150976,0.003757051905267872,1.527730356901884,35,5,8,8,False,
epic_kitchens,val,P02_132_73,data/EPIC_data/clips/P02/P02_132_73.mp4,35,8,25,2,0,False,False,0.32803699374198914,0.042295414954423904,0.003757051905267872,1.5007427870295942,258,8,8,8,False,
epic_kitchens,val,P12_101_434,data/EPIC_data/clips/P12/P12_101_434.mp4,35,8,25,2,0,False,False,0.2143843024969101,0.03232774697244167,0.003757051905267872,1.455246739089489,82,8,8,8,False,
epic_kitchens,val,P02_133_2,data/EPIC_data/clips/P02/P02_133_2.mp4,36,8,25,2,0,False,False,0.17437365651130676,0.03941473504528403,0.003757051905267872,1.4199700062163174,197,8,8,8,False,
epic_kitchens,val,P35_104_697,data/EPIC_data/clips/P35/P35_104_697.mp4,36,8,25,2,0,False,False,0.2602599859237671,0.04957445291802287,0.003757051905267872,1.3767270669341087,375,8,8,8,False,
epic_kitchens,val,P27_105_259,data/EPIC_data/clips/P27/P27_105_259.mp4,36,8,25,2,0,False,False,0.32458755373954773,0.05184396496042609,0.003757051905267872,1.3226419468410313,178,8,8,8,False,
epic_kitchens,val,P02_118_33,data/EPIC_data/clips/P02/P02_118_33.mp4,36,8,25,2,0,False,False,0.2483435422182083,0.03850066987797618,0.003757051905267872,1.266062080860138,252,8,8,8,False,
epic_kitchens,val,P07_117_85,data/EPIC_data/clips/P07/P07_117_85.mp4,36,8,25,2,0,False,False,0.39122095704078674,0.025142543017864227,0.003757051905267872,1.2243271837942302,47,6,8,8,False,
epic_kitchens,val,P01_109_894,data/EPIC_data/clips/P01/P01_109_894.mp4,36,8,25,2,0,False,False,0.30558040738105774,0.04767574602738023,0.003757051905267872,1.1954546039924026,307,8,8,8,False,
epic_kitchens,val,P03_101_285,data/EPIC_data/clips/P03/P03_101_285.mp4,36,8,25,2,0,False,False,0.29847121238708496,0.03125159163028002,0.003757051905267872,1.1439119968563318,87,8,8,8,False,
epic_kitchens,val,P27_105_252,data/EPIC_data/clips/P27/P27_105_252.mp4,36,8,25,2,0,False,False,0.3365619480609894,0.0577475200407207,0.003757051905267872,1.10858247987926,203,8,8,8,False,
epic_kitchens,val,P02_120_187,data/EPIC_data/clips/P02/P02_120_187.mp4,36,8,25,2,0,False,False,0.24145559966564178,0.05900425696745515,0.003757051905267872,1.0437880349345505,334,8,8,8,False,
epic_kitchens,val,P06_107_40,data/EPIC_data/clips/P06/P06_107_40.mp4,36,8,25,2,0,False,False,0.3599300682544708,0.04568146774545312,0.003757051905267872,0.9772361391223967,166,8,8,8,False,
epic_kitchens,val,P02_129_107,data/EPIC_data/clips/P02/P02_129_107.mp4,36,8,25,2,0,False,False,0.22352389991283417,0.0238742521032691,0.003757051905267872,0.9266668749041855,42,5,8,8,False,
epic_kitchens,val,P03_101_283,data/EPIC_data/clips/P03/P03_101_283.mp4,36,8,25,2,0,False,False,0.28640124201774597,0.0397217096760869,0.003757051905267872,0.898993480950594,217,8,8,8,False,
epic_kitchens,val,P01_109_901,data/EPIC_data/clips/P01/P01_109_901.mp4,36,8,25,2,0,False,False,0.35597658157348633,0.05229311902076006,0.003757051905267872,0.8550011143088341,319,8,8,8,False,
epic_kitchens,val,P35_103_85,data/EPIC_data/clips/P35/P35_103_85.mp4,36,8,25,2,0,False,False,0.18074767291545868,0.0421777768060565,0.003757051905267872,0.7998436661437154,230,8,8,8,False,
epic_kitchens,val,P35_107_202,data/EPIC_data/clips/P35/P35_107_202.mp4,37,8,25,2,2,False,False,0.3586171269416809,0.03750570397824049,0.003757051905267872,0.7533544017933309,152,8,8,8,False,
epic_kitchens,val,P35_108_444,data/EPIC_data/clips/P35/P35_108_444.mp4,37,8,25,2,0,False,True,0.2407676875591278,0.034120057709515095,0.003757051905267872,0.7118261181749403,99,8,8,8,False,
epic_kitchens,val,P35_108_441,data/EPIC_data/clips/P35/P35_108_441.mp4,37,8,25,2,1,False,False,0.27169495820999146,0.030326431151479483,0.003757051905267872,0.6738277403637767,90,8,8,8,False,
epic_kitchens,val,P04_121_440,data/EPIC_data/clips/P04/P04_121_440.mp4,37,8,25,2,1,False,False,0.2277609258890152,0.04000019561499357,0.003757051905267872,0.639126380905509,200,8,8,8,False,
epic_kitchens,val,P04_121_377,data/EPIC_data/clips/P04/P04_121_377.mp4,37,8,25,2,0,False,False,0.16894008219242096,0.05997583409771323,0.003757051905267872,0.5951681658625603,470,8,8,8,False,
epic_kitchens,val,P35_107_239,data/EPIC_data/clips/P35/P35_107_239.mp4,37,8,25,2,0,False,False,0.3583986759185791,0.051207543816417456,0.003757051905267872,0.5306733758188784,294,8,8,8,False,
epic_kitchens,val,P35_104_470,data/EPIC_data/clips/P35/P35_104_470.mp4,37,8,25,2,0,False,False,0.3617202937602997,0.03236490162089467,0.0036561579327099025,1.7932378076948225,90,8,8,8,False,
epic_kitchens,val,P35_104_346,data/EPIC_data/clips/P35/P35_104_346.mp4,37,8,25,2,0,False,False,0.3972187638282776,0.03820849396288395,0.0036561579327099025,1.757828941103071,173,8,8,8,False,
epic_kitchens,val,P26_110_16,data/EPIC_data/clips/P26/P26_110_16.mp4,37,8,25,2,0,False,False,0.2861686050891876,0.028241241350769997,0.0036561579327099025,1.7144791199825704,188,8,8,8,False,
epic_kitchens,val,P35_108_301,data/EPIC_data/clips/P35/P35_108_301.mp4,37,8,25,2,0,False,True,0.3144465982913971,0.03104962408542633,0.0036561579327099025,1.6839951830916107,59,8,8,8,False,
epic_kitchens,val,P35_109_270,data/EPIC_data/clips/P35/P35_109_270.mp4,37,8,25,2,0,False,False,0.29679393768310547,0.03004457475617528,0.0036561579327099025,1.6499837441369891,74,8,8,8,False,
epic_kitchens,val,P35_109_69,data/EPIC_data/clips/P35/P35_109_69.mp4,37,8,25,2,1,False,False,0.24741433560848236,0.0534074897877872,0.0036561579327099025,1.616556246764958,337,8,8,8,False,
epic_kitchens,val,P35_108_325,data/EPIC_data/clips/P35/P35_108_325.mp4,37,8,25,2,2,False,False,0.22632041573524475,0.045034178998321295,0.0036561579327099025,1.5607311995700002,290,8,8,8,False,
epic_kitchens,val,P35_107_199,data/EPIC_data/clips/P35/P35_107_199.mp4,37,8,25,2,0,False,False,0.31156566739082336,0.03446179907768965,0.0036561579327099025,1.513293411117047,123,8,8,8,False,
epic_kitchens,val,P30_107_232,data/EPIC_data/clips/P30/P30_107_232.mp4,37,8,25,2,0,False,False,0.21122652292251587,0.0248103397898376,0.0036561579327099025,1.4769042967818677,38,5,8,8,False,
epic_kitchens,val,P35_107_209,data/EPIC_data/clips/P35/P35_107_209.mp4,37,8,25,2,2,False,False,0.26342010498046875,0.03060063300654292,0.0036561579327099025,1.4478773521259427,112,8,8,8,False,
epic_kitchens,val,P35_104_322,data/EPIC_data/clips/P35/P35_104_322.mp4,37,8,25,2,0,False,False,0.31628212332725525,0.032525514252483845,0.0036561579327099025,1.4146270044147968,143,8,8,8,False,
epic_kitchens,val,P01_105_751,data/EPIC_data/clips/P01/P01_105_751.mp4,37,8,25,2,0,False,False,0.20340780913829803,0.030787932220846415,0.0036561579327099025,1.3796377847902477,118,8,8,8,False,
epic_kitchens,val,P04_120_345,data/EPIC_data/clips/P04/P04_120_345.mp4,38,8,25,2,0,False,False,0.3833903968334198,0.03232012735679746,0.0036561579327099025,1.344687100034207,141,8,8,8,False,
epic_kitchens,val,P04_108_77,data/EPIC_data/clips/P04/P04_108_77.mp4,38,8,25,2,1,False,False,0.21222716569900513,0.033762700855731964,0.0036561579327099025,1.3096744907088578,101,8,8,8,False,
epic_kitchens,val,P04_120_72,data/EPIC_data/clips/P04/P04_120_72.mp4,38,8,25,2,0,False,False,0.2055925726890564,0.028108277823776007,0.0036561579327099025,1.273239633999765,49,6,8,8,False,
epic_kitchens,val,P04_111_34,data/EPIC_data/clips/P04/P04_111_34.mp4,38,8,25,2,0,False,False,0.31422558426856995,0.04189265379682183,0.0036561579327099025,1.2414714279584587,241,8,8,8,False,
epic_kitchens,val,P04_113_9,data/EPIC_data/clips/P04/P04_113_9.mp4,38,8,25,2,1,False,False,0.28591591119766235,0.032842467073351145,0.0036561579327099025,1.1963669252581894,151,8,8,8,False,
epic_kitchens,val,P04_106_66,data/EPIC_data/clips/P04/P04_106_66.mp4,38,8,25,2,0,False,False,0.2327394336462021,0.038161871023476124,0.0036561579327099025,1.1585535649210215,173,8,8,8,False,
epic_kitchens,val,P04_118_30,data/EPIC_data/clips/P04/P04_118_30.mp4,38,8,25,2,1,False,False,0.34631648659706116,0.08424284821376204,0.0036561579327099025,1.1180004850029945,759,8,8,8,False,
epic_kitchens,val,P04_107_925,data/EPIC_data/clips/P04/P04_107_925.mp4,38,8,25,2,0,False,False,0.2669457793235779,0.030066835694015026,0.0036561579327099025,1.0282774469815195,50,6,8,8,False,
epic_kitchens,val,P04_120_52,data/EPIC_data/clips/P04/P04_120_52.mp4,38,8,25,2,0,False,False,0.26635950803756714,0.040130920708179474,0.0036561579327099025,0.9944314593449235,190,8,8,8,False,
epic_kitchens,val,P04_118_28,data/EPIC_data/clips/P04/P04_118_28.mp4,38,8,25,2,1,False,False,0.15959949791431427,0.08941453276202083,0.0036561579327099025,0.9505961770191789,808,8,8,8,False,
epic_kitchens,val,P04_107_788,data/EPIC_data/clips/P04/P04_107_788.mp4,38,8,25,2,1,False,False,0.17822183668613434,0.030098007060587406,0.0036561579327099025,0.8572562769986689,87,8,8,8,False,
epic_kitchens,val,P04_118_49,data/EPIC_data/clips/P04/P04_118_49.mp4,38,8,25,2,0,False,False,0.24027250707149506,0.06328511191532016,0.0036561579327099025,0.823441419750452,537,8,8,8,False,
epic_kitchens,val,P04_121_253,data/EPIC_data/clips/P04/P04_121_253.mp4,38,8,25,2,1,False,False,0.20019668340682983,0.031143808737397194,0.0036561579327099025,0.753484639339149,82,8,8,8,False,
epic_kitchens,val,P04_120_225,data/EPIC_data/clips/P04/P04_120_225.mp4,38,8,25,2,0,False,False,0.32862159609794617,0.0220601218752563,0.0036561579327099025,0.7200813163071871,31,4,8,8,False,
epic_kitchens,val,P22_116_56,data/EPIC_data/clips/P22/P22_116_56.mp4,39,8,25,2,2,False,False,0.262341171503067,0.030225795228034258,0.0036561579327099025,0.6948328646831214,149,8,8,8,False,
epic_kitchens,val,P22_108_95,data/EPIC_data/clips/P22/P22_108_95.mp4,39,8,25,2,2,False,False,0.2532234787940979,0.033309574238955975,0.0036561579327099025,0.6604130868799984,128,8,8,8,False,
epic_kitchens,val,P04_107_645,data/EPIC_data/clips/P04/P04_107_645.mp4,39,8,25,2,0,False,False,0.2646676301956177,0.03364217188209295,0.0036561579327099025,0.6239728890359402,163,8,8,8,False,
epic_kitchens,val,P04_107_812,data/EPIC_data/clips/P04/P04_107_812.mp4,39,8,25,2,39,True,True,0.2456130087375641,0.02957404125481844,0.0036561579327099025,0.5862744390033185,69,8,8,8,False,
epic_kitchens,val,P35_104_715,data/EPIC_data/clips/P35/P35_104_715.mp4,39,8,25,2,0,False,False,0.36405742168426514,0.04237898159772158,0.0036561579327099025,0.5524805467575788,282,8,8,8,False,
epic_kitchens,val,P04_107_655,data/EPIC_data/clips/P04/P04_107_655.mp4,39,8,25,2,1,False,True,0.1830333024263382,0.029783959034830332,0.0036561579327099025,0.505724118091166,63,8,8,8,False,
epic_kitchens,val,P04_107_727,data/EPIC_data/clips/P04/P04_107_727.mp4,39,8,25,2,1,False,True,0.22219660878181458,0.06347781606018543,0.003782176412642002,1.7580406959168613,483,8,8,8,False,
epic_kitchens,val,P04_107_332,data/EPIC_data/clips/P04/P04_107_332.mp4,39,8,25,2,0,False,False,0.12777544558048248,0.03878697892650962,0.003782176412642002,1.6882794010452926,184,8,8,8,False,
epic_kitchens,val,P04_107_405,data/EPIC_data/clips/P04/P04_107_405.mp4,39,8,25,2,39,True,True,0.6282428503036499,0.051184616051614285,0.003782176412642002,1.6452516778372228,244,8,8,8,False,
epic_kitchens,val,P04_107_758,data/EPIC_data/clips/P04/P04_107_758.mp4,39,8,25,2,0,False,True,0.1806403398513794,0.02925196196883917,0.003782176412642002,1.58953567314893,61,8,8,8,False,
epic_kitchens,val,P04_107_816,data/EPIC_data/clips/P04/P04_107_816.mp4,39,8,25,2,1,False,False,0.1888439804315567,0.03996353503316641,0.003782176412642002,1.5577562269754708,159,8,8,8,False,
epic_kitchens,val,P22_115_234,data/EPIC_data/clips/P22/P22_115_234.mp4,39,8,25,2,0,False,False,0.26563072204589844,0.03626801585778594,0.003782176412642002,1.5147724938578904,143,8,8,8,False,
epic_kitchens,val,P22_109_187,data/EPIC_data/clips/P22/P22_109_187.mp4,39,8,25,2,0,False,False,0.2421826422214508,0.03342496510595083,0.003782176412642002,1.4760631187818944,101,8,8,8,False,
epic_kitchens,val,P04_107_697,data/EPIC_data/clips/P04/P04_107_697.mp4,39,8,25,2,1,False,True,0.16596366465091705,0.038746205158531666,0.003782176412642002,1.4386186529882252,212,8,8,8,False,
epic_kitchens,val,P04_121_401,data/EPIC_data/clips/P04/P04_121_401.mp4,39,8,25,2,0,False,False,0.28657639026641846,0.03854810679331422,0.003782176412642002,1.3955495213158429,140,8,8,8,False,
epic_kitchens,val,P06_108_105,data/EPIC_data/clips/P06/P06_108_105.mp4,39,8,25,2,0,False,False,0.2608789801597595,0.039472600910812616,0.003782176412642002,1.3542595892213285,133,8,8,8,False,
epic_kitchens,val,P04_107_491,data/EPIC_data/clips/P04/P04_107_491.mp4,39,8,25,2,39,True,True,0.2070944458246231,0.04148164298385382,0.003782176412642002,1.3104320238344371,264,8,8,8,False,
epic_kitchens,val,P04_107_649,data/EPIC_data/clips/P04/P04_107_649.mp4,39,8,25,2,0,False,False,0.2074267864227295,0.03631991986185312,0.003782176412642002,1.2643727827817202,163,8,8,8,False,
epic_kitchens,val,P04_107_270,data/EPIC_data/clips/P04/P04_107_270.mp4,39,8,25,2,0,False,False,0.15911230444908142,0.05880006216466427,0.003782176412642002,1.2242125472985208,491,8,8,8,False,
epic_kitchens,val,P04_107_846,data/EPIC_data/clips/P04/P04_107_846.mp4,39,8,25,2,0,False,True,0.26268288493156433,0.03631547000259161,0.003782176412642002,1.1611828110180795,120,8,8,8,False,
epic_kitchens,val,P04_104_41,data/EPIC_data/clips/P04/P04_104_41.mp4,40,8,25,2,1,False,False,0.22188666462898254,0.03605475090444088,0.003782176412642002,1.1211432246491313,88,8,8,8,False,
epic_kitchens,val,P04_107_394,data/EPIC_data/clips/P04/P04_107_394.mp4,40,8,25,2,1,False,False,0.29125526547431946,0.038202825002372265,0.003782176412642002,1.079831589013338,156,8,8,8,False,
epic_kitchens,val,P02_105_178,data/EPIC_data/clips/P02/P02_105_178.mp4,40,8,25,2,0,False,False,0.2448773831129074,0.04773754766210914,0.003782176412642002,1.0391460098326206,307,8,8,8,False,
epic_kitchens,val,P04_107_884,data/EPIC_data/clips/P04/P04_107_884.mp4,40,8,25,2,0,False,False,0.3451785445213318,0.03004016913473606,0.003782176412642002,0.986699481960386,86,8,8,8,False,
epic_kitchens,val,P04_107_581,data/EPIC_data/clips/P04/P04_107_581.mp4,40,8,25,2,1,False,False,0.15821850299835205,0.02564852498471737,0.003782176412642002,0.9520713128149509,40,5,8,8,False,
epic_kitchens,val,P04_113_272,data/EPIC_data/clips/P04/P04_113_272.mp4,40,8,25,2,0,False,False,0.26192399859428406,0.034131433349102736,0.003782176412642002,0.9223099378868937,54,7,8,8,False,
epic_kitchens,val,P04_119_52,data/EPIC_data/clips/P04/P04_119_52.mp4,40,8,25,2,0,False,False,0.2844427824020386,0.022200704086571932,0.003782176412642002,0.8844231702387333,29,4,8,8,False,
epic_kitchens,val,P04_107_501,data/EPIC_data/clips/P04/P04_107_501.mp4,40,8,25,2,1,False,False,0.2746470272541046,0.029389334842562675,0.003782176412642002,0.8594388701021671,46,6,8,8,False,
epic_kitchens,val,P30_107_320,data/EPIC_data/clips/P30/P30_107_320.mp4,40,8,25,2,0,False,False,0.3411874771118164,0.03792303986847401,0.003782176412642002,0.8267383337952197,238,8,8,8,False,
epic_kitchens,val,P04_107_855,data/EPIC_data/clips/P04/P04_107_855.mp4,40,8,25,2,0,False,False,0.28024524450302124,0.03110883617773652,0.003782176412642002,0.7865594839677215,44,6,8,8,False,
epic_kitchens,val,P04_109_155,data/EPIC_data/clips/P04/P04_109_155.mp4,40,8,25,2,0,False,False,0.16289450228214264,0.03466349979862571,0.003782176412642002,0.7515686606056988,122,8,8,8,False,
epic_kitchens,val,P26_116_9,data/EPIC_data/clips/P26/P26_116_9.mp4,41,8,25,2,0,False,False,0.35993778705596924,0.02909646462649107,0.003782176412642002,0.7112535522319376,131,8,8,8,False,
epic_kitchens,val,P03_109_122,data/EPIC_data/clips/P03/P03_109_122.mp4,41,8,25,2,2,False,False,0.3173344135284424,0.020374394953250885,0.003782176412642002,0.6785714658908546,28,4,8,8,False,
epic_kitchens,val,P07_115_52,data/EPIC_data/clips/P07/P07_115_52.mp4,41,8,25,2,0,False,False,0.3412589132785797,0.03837968176230788,0.003782176412642002,0.6543294726870954,156,8,8,8,False,
epic_kitchens,val,P07_113_30,data/EPIC_data/clips/P07/P07_113_30.mp4,41,8,25,2,1,False,False,0.19632503390312195,0.02821467909961939,0.003782176412642002,0.6123955938965082,79,8,8,8,False,
epic_kitchens,val,P30_111_37,data/EPIC_data/clips/P30/P30_111_37.mp4,41,8,25,2,0,False,False,0.3715369701385498,0.02782069705426693,0.003782176412642002,0.5809859028086066,44,6,8,8,False,
epic_kitchens,val,P26_112_32,data/EPIC_data/clips/P26/P26_112_32.mp4,41,8,25,2,0,False,False,0.26626887917518616,0.032943588215857744,0.003782176412642002,0.5490847700275481,180,8,8,8,False,
epic_kitchens,val,P02_129_188,data/EPIC_data/clips/P02/P02_129_188.mp4,41,8,25,2,0,False,False,0.20056955516338348,0.03075034311041236,0.003782176412642002,0.5122289061546326,73,8,8,8,False,
epic_kitchens,val,P01_109_402,data/EPIC_data/clips/P01/P01_109_402.mp4,42,8,25,2,0,False,False,0.311299592256546,0.026087584905326366,0.003881910626660101,1.6873871148563921,38,5,8,8,False,
epic_kitchens,val,P06_108_19,data/EPIC_data/clips/P06/P06_108_19.mp4,42,8,25,2,0,False,False,0.35361865162849426,0.033259362913668156,0.003881910626660101,1.6574917971156538,102,8,8,8,False,
epic_kitchens,val,P01_109_187,data/EPIC_data/clips/P01/P01_109_187.mp4,42,8,25,2,2,False,False,0.30958062410354614,0.03392854379490018,0.003881910626660101,1.6179575766436756,68,8,8,8,False,
epic_kitchens,val,P03_113_54,data/EPIC_data/clips/P03/P03_113_54.mp4,42,8,25,2,2,False,False,0.21337322890758514,0.03556732088327408,0.003881910626660101,1.5801984248682857,161,8,8,8,False,
epic_kitchens,val,P04_112_152,data/EPIC_data/clips/P04/P04_112_152.mp4,42,8,25,2,1,False,False,0.21671608090400696,0.019466033205389977,0.003881910626660101,1.5422372822649777,14,2,8,8,False,
epic_kitchens,val,P04_107_572,data/EPIC_data/clips/P04/P04_107_572.mp4,42,8,25,2,1,False,False,0.3297087252140045,0.022177333012223244,0.003881910626660101,1.5206550187431276,26,3,8,8,False,
epic_kitchens,val,P02_130_88,data/EPIC_data/clips/P02/P02_130_88.mp4,42,8,25,2,0,False,False,0.27381736040115356,0.03985772468149662,0.003881910626660101,1.4951861486770213,149,8,8,8,False,
epic_kitchens,val,P02_131_34,data/EPIC_data/clips/P02/P02_131_34.mp4,43,8,25,2,1,False,False,0.22127197682857513,0.03126047505065799,0.003881910626660101,1.450706358999014,108,8,8,8,False,
epic_kitchens,val,P04_109_341,data/EPIC_data/clips/P04/P04_109_341.mp4,43,8,25,2,1,False,False,0.33970993757247925,0.03174328291788697,0.003881910626660101,1.4164324859157205,63,8,8,8,False,
epic_kitchens,val,P04_109_342,data/EPIC_data/clips/P04/P04_109_342.mp4,43,8,25,2,1,False,False,0.21494744718074799,0.02543247863650322,0.003881910626660101,1.3816337222233415,27,4,8,8,False,
epic_kitchens,val,P25_103_34,data/EPIC_data/clips/P25/P25_103_34.mp4,43,8,25,2,0,False,False,0.34567010402679443,0.029781349934637547,0.003881910626660101,1.3530294788070023,151,8,8,8,False,
epic_kitchens,val,P04_109_377,data/EPIC_data/clips/P04/P04_109_377.mp4,43,8,25,2,0,False,False,0.26080769300460815,0.03801698097959161,0.003881910626660101,1.3196775121614337,143,8,8,8,False,
epic_kitchens,val,P04_109_349,data/EPIC_data/clips/P04/P04_109_349.mp4,43,8,25,2,1,False,False,0.1882389783859253,0.03023127792403102,0.003881910626660101,1.2776776342652738,53,7,8,8,False,
epic_kitchens,val,P37_101_329,data/EPIC_data/clips/P37/P37_101_329.mp4,43,8,25,2,0,False,False,0.27397027611732483,0.028308675158768892,0.003881910626660101,1.2434333376586437,103,8,8,8,False,
epic_kitchens,val,P25_104_47,data/EPIC_data/clips/P25/P25_104_47.mp4,43,8,25,2,0,False,False,0.24706552922725677,0.028806934133172035,0.003881910626660101,1.2111765309236944,114,8,8,8,False,
epic_kitchens,val,P25_103_92,data/EPIC_data/clips/P25/P25_103_92.mp4,43,8,25,2,0,False,False,0.38424769043922424,0.030260365922003984,0.003881910626660101,1.1789427809417248,140,8,8,8,False,
epic_kitchens,val,P04_112_246,data/EPIC_data/clips/P04/P04_112_246.mp4,43,8,25,2,0,False,False,0.22844329476356506,0.03191639808937907,0.003881910626660101,1.1451416281051934,78,8,8,8,False,
epic_kitchens,val,P04_109_382,data/EPIC_data/clips/P04/P04_109_382.mp4,43,8,25,2,2,False,False,0.17612457275390625,0.034506144002079964,0.003881910626660101,1.1105449399910867,70,8,8,8,False,
epic_kitchens,val,P25_103_71,data/EPIC_data/clips/P25/P25_103_71.mp4,43,8,25,2,0,False,False,0.3569625914096832,0.032143731601536274,0.003881910626660101,1.0721035632304847,129,8,8,8,False,
epic_kitchens,val,P01_106_164,data/EPIC_data/clips/P01/P01_106_164.mp4,44,8,25,2,0,False,False,0.2623498737812042,0.02861548075452447,0.003881910626660101,1.0370280467905104,113,8,8,8,False,
epic_kitchens,val,P22_109_510,data/EPIC_data/clips/P22/P22_109_510.mp4,44,8,25,2,0,False,False,0.2622431814670563,0.0427819169126451,0.003881910626660101,1.0054403822869062,312,8,8,8,False,
epic_kitchens,val,P22_109_287,data/EPIC_data/clips/P22/P22_109_287.mp4,44,8,25,2,1,False,False,0.17061245441436768,0.03201616695150733,0.003881910626660101,0.9600378209725022,135,8,8,8,False,
epic_kitchens,val,P22_109_326,data/EPIC_data/clips/P22/P22_109_326.mp4,44,8,25,2,0,False,False,0.27919241786003113,0.02959393709897995,0.003881910626660101,0.9245993769727647,77,8,8,8,False,
epic_kitchens,val,P11_104_76,data/EPIC_data/clips/P11/P11_104_76.mp4,44,8,25,2,0,False,False,0.2791649401187897,0.028410424944013357,0.003881910626660101,0.8924479479901493,70,8,8,8,False,
epic_kitchens,val,P22_109_289,data/EPIC_data/clips/P22/P22_109_289.mp4,44,8,25,2,0,False,False,0.2580650746822357,0.04546292684972286,0.003881910626660101,0.8606267189607024,280,8,8,8,False,
epic_kitchens,val,P22_109_327,data/EPIC_data/clips/P22/P22_109_327.mp4,44,8,25,2,0,False,False,0.32005754113197327,0.0306698651984334,0.003881910626660101,0.8111830381676555,99,8,8,8,False,
epic_kitchens,val,P22_102_24,data/EPIC_data/clips/P22/P22_102_24.mp4,44,8,25,2,1,False,False,0.21550233662128448,0.027438391000032425,0.003881910626660101,0.7757577640004456,59,8,8,8,False,
epic_kitchens,val,P04_110_151,data/EPIC_data/clips/P04/P04_110_151.mp4,45,8,25,2,0,False,False,0.2496977597475052,0.02529915515333414,0.003881910626660101,0.7445081919431686,26,3,8,8,False,
epic_kitchens,val,P30_107_856,data/EPIC_data/clips/P30/P30_107_856.mp4,45,8,25,2,0,False,False,0.2194262593984604,0.10636158380657434,0.003881910626660101,0.7160587408579886,1007,8,8,8,False,
epic_kitchens,val,P30_107_642,data/EPIC_data/clips/P30/P30_107_642.mp4,45,8,25,2,0,False,False,0.2199920415878296,0.045627161860466,0.003881910626660101,0.6055739978328347,386,8,8,8,False,
epic_kitchens,val,P30_107_822,data/EPIC_data/clips/P30/P30_107_822.mp4,45,8,25,2,0,False,False,0.2461480051279068,0.03330892603844404,0.003881910626660101,0.5579817555844784,163,8,8,8,False,
epic_kitchens,val,P30_107_691,data/EPIC_data/clips/P30/P30_107_691.mp4,45,8,25,2,0,False,False,0.3153877556324005,0.03807587828487158,0.003881910626660101,0.5208740709349513,237,8,8,8,False,
epic_kitchens,val,P02_131_14,data/EPIC_data/clips/P02/P02_131_14.mp4,46,8,25,2,0,False,False,0.21620112657546997,0.05547985015437007,0.0035155203222529963,1.850617139134556,341,8,8,8,False,
epic_kitchens,val,P09_104_79,data/EPIC_data/clips/P09/P09_104_79.mp4,46,8,25,2,0,False,False,0.21252143383026123,0.028408959042280912,0.0035155203222529963,1.789834710303694,111,8,8,8,False,
epic_kitchens,val,P09_104_49,data/EPIC_data/clips/P09/P09_104_49.mp4,46,8,25,2,0,False,False,0.246486097574234,0.025814292021095753,0.0035155203222529963,1.7585839480161667,52,7,8,8,False,
epic_kitchens,val,P02_131_27,data/EPIC_data/clips/P02/P02_131_27.mp4,47,8,25,2,1,False,False,0.32213449478149414,0.041779943741858006,0.0035155203222529963,1.729786025825888,236,8,8,8,False,
epic_kitchens,val,P04_107_139,data/EPIC_data/clips/P04/P04_107_139.mp4,47,8,25,2,1,False,False,0.268274188041687,0.04158586310222745,0.0035155203222529963,1.6843147878535092,251,8,8,8,False,
epic_kitchens,val,P04_107_229,data/EPIC_data/clips/P04/P04_107_229.mp4,47,8,25,2,1,False,False,0.2791667580604553,0.030581300146877766,0.0035155203222529963,1.6395013649016619,70,8,8,8,False,
epic_kitchens,val,P04_109_184,data/EPIC_data/clips/P04/P04_109_184.mp4,47,8,25,2,0,False,False,0.16168931126594543,0.046636695973575115,0.0035155203222529963,1.604998618364334,209,8,8,8,False,
epic_kitchens,val,P04_113_387,data/EPIC_data/clips/P04/P04_113_387.mp4,47,8,25,2,0,False,False,0.25339627265930176,0.033798699267208576,0.0035155203222529963,1.5549683230929077,145,8,8,8,False,
epic_kitchens,val,P04_107_12,data/EPIC_data/clips/P04/P04_107_12.mp4,47,8,25,2,0,False,False,0.29465538263320923,0.04445065092295408,0.0035155203222529963,1.518507641274482,225,8,8,8,False,
epic_kitchens,val,P02_131_29,data/EPIC_data/clips/P02/P02_131_29.mp4,47,8,25,2,0,False,False,0.3810345530509949,0.0463518793694675,0.0035155203222529963,1.4700185172259808,267,8,8,8,False,
epic_kitchens,val,P04_107_805,data/EPIC_data/clips/P04/P04_107_805.mp4,47,8,25,2,1,False,False,0.27005237340927124,0.032184581737965345,0.0035155203222529963,1.4200641470961273,92,8,8,8,False,
epic_kitchens,val,P04_116_29,data/EPIC_data/clips/P04/P04_116_29.mp4,48,8,25,2,0,False,False,0.28861451148986816,0.02808847790583968,0.0035155203222529963,1.3850708240643144,97,8,8,8,False,
epic_kitchens,val,P04_121_530,data/EPIC_data/clips/P04/P04_121_530.mp4,48,8,25,2,1,False,False,0.19919803738594055,0.043801105581223965,0.0035155203222529963,1.35368741909042,237,8,8,8,False,
epic_kitchens,val,P04_101_103,data/EPIC_data/clips/P04/P04_101_103.mp4,48,8,25,2,0,False,False,0.20041565597057343,0.028321854770183563,0.0035155203222529963,1.305681315716356,76,8,8,8,False,
epic_kitchens,val,P23_101_132,data/EPIC_data/clips/P23/P23_101_132.mp4,48,8,25,2,0,False,False,0.35570821166038513,0.02886466681957245,0.0035155203222529963,1.2748845652677119,131,8,8,8,False,
epic_kitchens,val,P23_101_151,data/EPIC_data/clips/P23/P23_101_151.mp4,48,8,25,2,0,False,False,0.26301637291908264,0.039031601045280695,0.0035155203222529963,1.2427960974164307,338,8,8,8,False,
epic_kitchens,val,P35_101_68,data/EPIC_data/clips/P35/P35_101_68.mp4,49,8,25,2,0,False,False,0.19035384058952332,0.032950268127024174,0.0035155203222529963,1.2009908147156239,119,8,8,8,False,
epic_kitchens,val,P04_120_9,data/EPIC_data/clips/P04/P04_120_9.mp4,49,8,25,2,0,False,False,0.26282158493995667,0.03518308186903596,0.0035155203222529963,1.1637689308263361,137,8,8,8,False,
epic_kitchens,val,P12_101_380,data/EPIC_data/clips/P12/P12_101_380.mp4,49,8,25,2,0,False,False,0.22693851590156555,0.13227165210992098,0.0035155203222529963,1.124264745041728,1165,8,8,8,False,
epic_kitchens,val,P37_101_216,data/EPIC_data/clips/P37/P37_101_216.mp4,49,8,25,2,0,False,False,0.3965202867984772,0.043099365662783384,0.0035155203222529963,0.987049818970263,337,8,8,8,False,
epic_kitchens,val,P06_101_92,data/EPIC_data/clips/P06/P06_101_92.mp4,49,8,25,2,0,False,False,0.21623361110687256,0.035594749730080366,0.0035155203222529963,0.9399606632068753,153,8,8,8,False,
epic_kitchens,val,P04_121_580,data/EPIC_data/clips/P04/P04_121_580.mp4,50,8,25,2,22,False,True,0.15718597173690796,0.03472559014335275,0.0035155203222529963,0.9006533389911056,75,8,8,8,False,
epic_kitchens,val,P04_121_598,data/EPIC_data/clips/P04/P04_121_598.mp4,50,8,25,2,0,False,False,0.257738322019577,0.03380633611232042,0.0035155203222529963,0.8631156110204756,95,8,8,8,False,
epic_kitchens,val,P04_121_600,data/EPIC_data/clips/P04/P04_121_600.mp4,50,8,25,2,0,False,False,0.22718490660190582,0.040514579974114895,0.0035155203222529963,0.8266713568009436,209,8,8,8,False,
epic_kitchens,val,P04_112_165,data/EPIC_data/clips/P04/P04_112_165.mp4,50,8,25,2,0,False,True,0.1380176693201065,0.030264439061284065,0.0035155203222529963,0.7782299728132784,58,7,8,8,False,
epic_kitchens,val,P02_113_8,data/EPIC_data/clips/P02/P02_113_8.mp4,50,8,25,2,0,False,False,0.21700818836688995,0.03702594805508852,0.0035155203222529963,0.7437691409140825,180,8,8,8,False,
epic_kitchens,val,P04_121_489,data/EPIC_data/clips/P04/P04_121_489.mp4,50,8,25,2,0,False,False,0.2530532777309418,0.035322892013937235,0.0035155203222529963,0.704466279130429,87,8,8,8,False,
epic_kitchens,val,P04_106_31,data/EPIC_data/clips/P04/P04_106_31.mp4,50,8,25,2,0,False,False,0.22644421458244324,0.030012679751962423,0.0035155203222529963,0.664715114980936,56,7,8,8,False,
epic_kitchens,val,P04_121_494,data/EPIC_data/clips/P04/P04_121_494.mp4,50,8,25,2,28,False,False,0.13425453007221222,0.03578720707446337,0.0035155203222529963,0.6307924021966755,118,8,8,8,False,
epic_kitchens,val,P03_123_78,data/EPIC_data/clips/P03/P03_123_78.mp4,50,8,25,2,0,False,False,0.37098151445388794,0.026656998321413994,0.0035155203222529963,0.590286027174443,74,8,8,8,False,
epic_kitchens,val,P04_112_157,data/EPIC_data/clips/P04/P04_112_157.mp4,50,8,25,2,0,False,False,0.2732177674770355,0.031566902063786983,0.0035155203222529963,0.5588311282917857,64,8,8,8,False,
epic_kitchens,val,P06_108_21,data/EPIC_data/clips/P06/P06_108_21.mp4,50,8,25,2,0,False,False,0.18104314804077148,0.05186075810343027,0.0035155203222529963,0.5245818621478975,236,8,8,8,False,
epic_kitchens,val,P04_110_370,data/EPIC_data/clips/P04/P04_110_370.mp4,50,8,25,2,0,False,True,0.1638907492160797,0.03209842089563608,0.0038290268857963383,2.0114736389368773,31,4,8,8,False,
epic_kitchens,val,P04_106_35,data/EPIC_data/clips/P04/P04_106_35.mp4,50,8,25,2,50,True,True,0.14840449392795563,0.032576257828623056,0.0038290268857963383,1.9748114896938205,63,8,8,8,False,
epic_kitchens,val,P04_121_602,data/EPIC_data/clips/P04/P04_121_602.mp4,50,8,25,2,1,False,False,0.2143416404724121,0.044703319668769836,0.0038290268857963383,1.9389907466247678,149,8,8,8,False,
epic_kitchens,val,P04_121_567,data/EPIC_data/clips/P04/P04_121_567.mp4,50,8,25,2,0,False,False,0.31765881180763245,0.043960303999483585,0.0038290268857963383,1.8911275630816817,182,8,8,8,False,
epic_kitchens,val,P02_112_120,data/EPIC_data/clips/P02/P02_112_120.mp4,51,8,25,2,0,False,False,0.1596272885799408,0.06672779889777303,0.0038290268857963383,1.842341170180589,518,8,8,8,False,
epic_kitchens,val,P02_112_116,data/EPIC_data/clips/P02/P02_112_116.mp4,51,8,25,2,2,False,False,0.13843560218811035,0.08900792524218559,0.0038290268857963383,1.7701351628638804,787,8,8,8,False,
epic_kitchens,val,P02_112_98,data/EPIC_data/clips/P02/P02_112_98.mp4,51,8,25,2,0,False,False,0.22845681011676788,0.07744794525206089,0.0038290268857963383,1.6730559249408543,552,8,8,8,False,
epic_kitchens,val,P02_112_208,data/EPIC_data/clips/P02/P02_112_208.mp4,51,8,25,2,1,False,False,0.19066061079502106,0.0640237731859088,0.0038290268857963383,1.58842889405787,452,8,8,8,False,
epic_kitchens,val,P01_105_268,data/EPIC_data/clips/P01/P01_105_268.mp4,52,8,25,2,0,False,False,0.30929863452911377,0.07215683395043015,0.0038290268857963383,1.5184971690177917,631,8,8,8,False,
epic_kitchens,val,P04_111_10,data/EPIC_data/clips/P04/P04_111_10.mp4,52,8,25,2,2,False,False,0.33480972051620483,0.0359752899967134,0.0038290268857963383,1.4429799518547952,95,8,8,8,False,
epic_kitchens,val,P04_109_45,data/EPIC_data/clips/P04/P04_109_45.mp4,52,8,25,2,0,False,False,0.18749213218688965,0.03138180496171117,0.0038290268857963383,1.404683595057577,90,8,8,8,False,
epic_kitchens,val,P01_109_509,data/EPIC_data/clips/P01/P01_109_509.mp4,52,8,25,2,0,False,False,0.2447616457939148,0.0731910178437829,0.0038290268857963383,1.3696584762074053,642,8,8,8,False,
epic_kitchens,val,P30_107_748,data/EPIC_data/clips/P30/P30_107_748.mp4,52,8,25,2,0,False,False,0.36454468965530396,0.022088828962296247,0.0038290268857963383,1.290714010130614,19,3,8,8,False,
epic_kitchens,val,P01_109_527,data/EPIC_data/clips/P01/P01_109_527.mp4,52,8,25,2,0,False,False,0.20470504462718964,0.07036649296060205,0.0038290268857963383,1.2665376900695264,609,8,8,8,False,
epic_kitchens,val,P04_112_83,data/EPIC_data/clips/P04/P04_112_83.mp4,52,8,25,2,0,False,False,0.3000653088092804,0.036139631643891335,0.0038290268857963383,1.1921937023289502,224,8,8,8,False,
epic_kitchens,val,P04_111_28,data/EPIC_data/clips/P04/P04_111_28.mp4,52,8,25,2,0,False,False,0.2019428312778473,0.03989361319690943,0.0038290268857963383,1.1533022969961166,220,8,8,8,False,
epic_kitchens,val,P02_115_0,data/EPIC_data/clips/P02/P02_115_0.mp4,53,8,25,2,0,False,False,0.2709920108318329,0.023953445721417665,0.0038290268857963383,1.1102075171656907,50,6,8,8,False,
epic_kitchens,val,P04_115_16,data/EPIC_data/clips/P04/P04_115_16.mp4,53,8,25,2,1,False,False,0.32839158177375793,0.043315723072737455,0.0038290268857963383,1.0817846762947738,250,8,8,8,False,
epic_kitchens,val,P02_109_158,data/EPIC_data/clips/P02/P02_109_158.mp4,53,8,25,2,0,False,False,0.1467904895544052,0.03416600497439504,0.0038290268857963383,1.0342385731637478,193,8,8,8,False,
epic_kitchens,val,P11_101_16,data/EPIC_data/clips/P11/P11_101_16.mp4,53,8,25,2,0,False,False,0.2566632628440857,0.09029192756861448,0.0038290268857963383,0.9970421409234405,1269,8,8,8,False,
epic_kitchens,val,P02_114_15,data/EPIC_data/clips/P02/P02_114_15.mp4,53,8,25,2,0,False,False,0.2445657104253769,0.03259392315521836,0.0038290268857963383,0.9039199110120535,142,8,8,8,False,
epic_kitchens,val,P04_107_46,data/EPIC_data/clips/P04/P04_107_46.mp4,54,8,25,2,1,False,False,0.2861883342266083,0.0295075629837811,0.0038290268857963383,0.8676065769977868,87,8,8,8,False,
epic_kitchens,val,P04_121_330,data/EPIC_data/clips/P04/P04_121_330.mp4,54,8,25,2,0,False,False,0.28330662846565247,0.028755707200616598,0.0038290268857963383,0.8344988017342985,55,7,8,8,False,
epic_kitchens,val,P04_107_286,data/EPIC_data/clips/P04/P04_107_286.mp4,54,8,25,2,0,False,False,0.2417677491903305,0.03177490318194032,0.0038290268857963383,0.800848328974098,80,8,8,8,False,
epic_kitchens,val,P04_112_239,data/EPIC_data/clips/P04/P04_112_239.mp4,54,8,25,2,0,False,False,0.21505002677440643,0.028263689950108528,0.0038290268857963383,0.7647605710662901,92,8,8,8,False,
epic_kitchens,val,P04_113_46,data/EPIC_data/clips/P04/P04_113_46.mp4,54,8,25,2,0,False,False,0.2305924892425537,0.029285459779202938,0.0038290268857963383,0.734215228818357,49,6,8,8,False,
epic_kitchens,val,P04_111_48,data/EPIC_data/clips/P04/P04_111_48.mp4,54,8,25,2,0,False,False,0.33060750365257263,0.024506407789885998,0.0038290268857963383,0.7017086390405893,36,5,8,8,False,
epic_kitchens,val,P04_119_212,data/EPIC_data/clips/P04/P04_119_212.mp4,54,8,25,2,0,False,False,0.17073681950569153,0.03890956472605467,0.0038290268857963383,0.6729729459621012,131,8,8,8,False,
epic_kitchens,val,P04_119_237,data/EPIC_data/clips/P04/P04_119_237.mp4,54,8,25,2,0,False,False,0.271371454000473,0.050155497156083584,0.0038290268857963383,0.6297772959806025,389,8,8,8,False,
epic_kitchens,val,P04_107_767,data/EPIC_data/clips/P04/P04_107_767.mp4,54,8,25,2,0,False,False,0.3538774847984314,0.023527099285274744,0.0038290268857963383,0.5764965070411563,32,4,8,8,False,
epic_kitchens,val,P04_107_663,data/EPIC_data/clips/P04/P04_107_663.mp4,54,8,25,2,39,False,False,0.24289168417453766,0.03771789511665702,0.0038290268857963383,0.5496481950394809,198,8,8,8,False,
epic_kitchens,val,P04_101_134,data/EPIC_data/clips/P04/P04_101_134.mp4,54,8,25,2,1,False,False,0.2689923644065857,0.026164383627474308,0.0038290268857963383,0.5083874789997935,58,7,8,8,False,
epic_kitchens,val,P26_124_48,data/EPIC_data/clips/P26/P26_124_48.mp4,55,8,25,2,0,False,False,0.22206029295921326,0.05104568973183632,0.003465986068476923,2.108493408188224,324,8,8,8,False,
epic_kitchens,val,P26_124_45,data/EPIC_data/clips/P26/P26_124_45.mp4,55,8,25,2,0,False,False,0.19690439105033875,0.030530389863997698,0.003465986068476923,2.054250023327768,185,8,8,8,False,
epic_kitchens,val,P04_121_282,data/EPIC_data/clips/P04/P04_121_282.mp4,55,8,25,2,1,False,False,0.21949982643127441,0.02822762494906783,0.003465986068476923,2.02009813208133,42,5,8,8,False,
epic_kitchens,val,P04_107_687,data/EPIC_data/clips/P04/P04_107_687.mp4,55,8,25,2,0,False,False,0.20739057660102844,0.028911492321640253,0.003465986068476923,1.988287647254765,59,8,8,8,False,
epic_kitchens,val,P06_101_25,data/EPIC_data/clips/P06/P06_101_25.mp4,55,8,25,2,0,False,False,0.34999993443489075,0.02485343674197793,0.003465986068476923,1.9566173376515508,58,7,8,8,False,
epic_kitchens,val,P04_107_205,data/EPIC_data/clips/P04/P04_107_205.mp4,55,8,25,2,0,False,False,0.37915071845054626,0.03338414570316672,0.003465986068476923,1.9295426439493895,111,8,8,8,False,
epic_kitchens,val,P04_113_298,data/EPIC_data/clips/P04/P04_113_298.mp4,55,8,25,2,1,False,False,0.18773536384105682,0.03849659999832511,0.003465986068476923,1.8934440617449582,189,8,8,8,False,
epic_kitchens,val,P26_124_23,data/EPIC_data/clips/P26/P26_124_23.mp4,55,8,25,2,1,False,False,0.18132150173187256,0.057752628810703754,0.003465986068476923,1.8525071097537875,535,8,8,8,False,
epic_kitchens,val,P04_107_448,data/EPIC_data/clips/P04/P04_107_448.mp4,55,8,25,2,0,False,False,0.3051397502422333,0.029370698612183332,0.003465986068476923,1.7908306820318103,51,7,8,8,False,
epic_kitchens,val,P26_124_65,data/EPIC_data/clips/P26/P26_124_65.mp4,55,8,25,2,0,False,False,0.2639552354812622,0.03237430192530155,0.003465986068476923,1.7574101202189922,160,8,8,8,False,
epic_kitchens,val,P30_107_223,data/EPIC_data/clips/P30/P30_107_223.mp4,55,8,25,2,0,False,False,0.23642738163471222,0.03024923289194703,0.003465986068476923,1.7225090400315821,154,8,8,8,False,
epic_kitchens,val,P04_107_241,data/EPIC_data/clips/P04/P04_107_241.mp4,55,8,25,2,0,False,False,0.19398115575313568,0.03924541361629963,0.003465986068476923,1.6885813940316439,199,8,8,8,False,
epic_kitchens,val,P02_131_163,data/EPIC_data/clips/P02/P02_131_163.mp4,56,8,25,2,2,False,False,0.3639713525772095,0.03296233341097832,0.003465986068476923,1.6450101360678673,188,8,8,8,False,
epic_kitchens,val,P02_128_57,data/EPIC_data/clips/P02/P02_128_57.mp4,56,8,25,2,0,False,False,0.2747357189655304,0.039076362270861864,0.003465986068476923,1.6088495822623372,264,8,8,8,False,
epic_kitchens,val,P01_106_97,data/EPIC_data/clips/P01/P01_106_97.mp4,56,8,25,2,0,False,False,0.1895739734172821,0.02502488810569048,0.003465986068476923,1.5648291651159525,31,4,8,8,False,
epic_kitchens,val,P30_111_605,data/EPIC_data/clips/P30/P30_111_605.mp4,57,8,25,2,0,False,False,0.2082170844078064,0.17983382660895586,0.003465986068476923,1.5369405169039965,2354,8,8,8,False,
epic_kitchens,val,P04_107_665,data/EPIC_data/clips/P04/P04_107_665.mp4,57,8,25,2,1,False,False,0.2548912465572357,0.0336158680729568,0.003465986068476923,1.3520275647751987,106,8,8,8,False,
epic_kitchens,val,P04_107_886,data/EPIC_data/clips/P04/P04_107_886.mp4,57,8,25,2,50,False,False,0.14094488322734833,0.031802006997168064,0.003465986068476923,1.3141487268730998,73,8,8,8,False,
epic_kitchens,val,P03_117_161,data/EPIC_data/clips/P03/P03_117_161.mp4,57,8,25,2,0,False,False,0.24101948738098145,0.02624621568247676,0.003465986068476923,1.2780628451146185,55,7,8,8,False,
epic_kitchens,val,P04_113_433,data/EPIC_data/clips/P04/P04_113_433.mp4,57,8,25,2,0,False,False,0.17454367876052856,0.06433490104973316,0.003465986068476923,1.2483348920941353,389,8,8,8,False,
epic_kitchens,val,P11_105_31,data/EPIC_data/clips/P11/P11_105_31.mp4,58,8,25,2,0,False,False,0.291638046503067,0.05114879598841071,0.003465986068476923,1.1793145537376404,423,8,8,8,False,
epic_kitchens,val,P04_118_38,data/EPIC_data/clips/P04/P04_118_38.mp4,59,8,25,2,0,False,False,0.39990895986557007,0.025888416916131973,0.003465986068476923,1.1238147672265768,35,5,8,8,False,
epic_kitchens,val,P03_123_15,data/EPIC_data/clips/P03/P03_123_15.mp4,59,8,25,2,0,False,False,0.17317508161067963,0.03249031584709883,0.003465986068476923,1.0939626540057361,98,8,8,8,False,
epic_kitchens,val,P12_103_119,data/EPIC_data/clips/P12/P12_103_119.mp4,59,8,25,2,0,False,False,0.20236031711101532,0.3343675793148577,0.003465986068476923,1.0590144130401313,5051,8,8,8,False,
epic_kitchens,val,P04_112_247,data/EPIC_data/clips/P04/P04_112_247.mp4,59,8,25,2,0,False,False,0.20918214321136475,0.025060126092284918,0.003465986068476923,0.7189510939642787,30,4,8,8,False,
epic_kitchens,val,P03_101_343,data/EPIC_data/clips/P03/P03_101_343.mp4,59,8,25,2,0,False,False,0.2668348550796509,0.02928251912817359,0.003465986068476923,0.6908374237827957,142,8,8,8,False,
epic_kitchens,val,P02_135_53,data/EPIC_data/clips/P02/P02_135_53.mp4,59,8,25,2,0,False,False,0.23904567956924438,0.023765668738633394,0.003465986068476923,0.6592157590202987,45,6,8,8,False,
epic_kitchens,val,P04_109_54,data/EPIC_data/clips/P04/P04_109_54.mp4,59,8,25,2,0,False,False,0.18804696202278137,0.025835097767412663,0.003465986068476923,0.6326979519799352,50,6,8,8,False,
epic_kitchens,val,P11_104_127,data/EPIC_data/clips/P11/P11_104_127.mp4,59,8,25,2,1,False,False,0.2562820017337799,0.028278076089918613,0.003465986068476923,0.6035075900144875,61,8,8,8,False,
epic_kitchens,val,P30_111_357,data/EPIC_data/clips/P30/P30_111_357.mp4,60,8,25,2,0,False,False,0.2993265390396118,0.03120963042601943,0.003465986068476923,0.5730675649829209,225,8,8,8,False,
epic_kitchens,val,P04_121_162,data/EPIC_data/clips/P04/P04_121_162.mp4,60,8,25,2,0,False,False,0.3217233717441559,0.023967552930116653,0.003465986068476923,0.5390810249373317,55,7,8,8,False,
epic_kitchens,val,P30_111_296,data/EPIC_data/clips/P30/P30_111_296.mp4,60,8,25,2,0,False,False,0.2967107594013214,0.03871847689151764,0.003465986068476923,0.5107118990272284,305,8,8,8,False,
epic_kitchens,val,P06_105_27,data/EPIC_data/clips/P06/P06_105_27.mp4,60,8,25,2,0,False,False,0.32743340730667114,0.05473610805347562,0.0035223855084041134,1.7194726848974824,382,8,8,8,False,
epic_kitchens,val,P02_123_153,data/EPIC_data/clips/P02/P02_123_153.mp4,61,8,25,2,1,False,False,0.26288047432899475,0.1761492369696498,0.0035223855084041134,1.6576215960085392,1810,8,8,8,False,
epic_kitchens,val,P02_114_9,data/EPIC_data/clips/P02/P02_114_9.mp4,61,8,25,2,0,False,False,0.3087260127067566,0.027752725407481194,0.0035223855084041134,1.4767192490398884,57,7,8,8,False,
epic_kitchens,val,P02_115_4,data/EPIC_data/clips/P02/P02_115_4.mp4,61,8,25,2,0,False,False,0.2945553958415985,0.06912727886810899,0.0035223855084041134,1.4450811869464815,539,8,8,8,False,
epic_kitchens,val,P02_122_18,data/EPIC_data/clips/P02/P02_122_18.mp4,61,8,25,2,1,False,False,0.22198708355426788,0.02818598411977291,0.0035223855084041134,1.372276980895549,106,8,8,8,False,
epic_kitchens,val,P02_123_4,data/EPIC_data/clips/P02/P02_123_4.mp4,61,8,25,2,0,False,False,0.2427901327610016,0.02926378883421421,0.0035223855084041134,1.3416874706745148,80,8,8,8,False,
epic_kitchens,val,P02_122_198,data/EPIC_data/clips/P02/P02_122_198.mp4,61,8,25,2,0,False,False,0.3552436828613281,0.044929379131644964,0.0035223855084041134,1.3097929637879133,365,8,8,8,False,
epic_kitchens,val,P04_107_744,data/EPIC_data/clips/P04/P04_107_744.mp4,61,8,25,2,0,False,False,0.27540451288223267,0.021388265769928694,0.0035223855084041134,1.2625364060513675,23,3,8,8,False,
epic_kitchens,val,P04_117_16,data/EPIC_data/clips/P04/P04_117_16.mp4,61,8,25,2,0,False,False,0.25093308091163635,0.02732539176940918,0.0035223855084041134,1.2377374921925366,36,5,8,8,False,
epic_kitchens,val,P02_114_7,data/EPIC_data/clips/P02/P02_114_7.mp4,61,8,25,2,0,False,False,0.31768330931663513,0.0325672272592783,0.0035223855084041134,1.2065587402321398,90,8,8,8,False,
epic_kitchens,val,P04_107_513,data/EPIC_data/clips/P04/P04_107_513.mp4,61,8,25,2,0,False,False,0.21920709311962128,0.042803328949958086,0.0035223855084041134,1.1700664469972253,198,8,8,8,False,
epic_kitchens,val,P03_119_47,data/EPIC_data/clips/P03/P03_119_47.mp4,62,8,25,2,0,False,False,0.24426302313804626,0.02495951158925891,0.0035223855084041134,1.1231404668651521,54,7,8,8,False,
epic_kitchens,val,P04_101_179,data/EPIC_data/clips/P04/P04_101_179.mp4,62,8,25,2,0,False,False,0.15388056635856628,0.03392879106104374,0.0035223855084041134,1.0943401120603085,100,8,8,8,False,
epic_kitchens,val,P30_108_38,data/EPIC_data/clips/P30/P30_108_38.mp4,62,8,25,2,8,False,False,0.3126751184463501,0.021631516981869936,0.0035223855084041134,1.0561942937783897,32,4,8,8,False,
epic_kitchens,val,P28_111_126,data/EPIC_data/clips/P28/P28_111_126.mp4,62,8,25,2,0,False,False,0.20742042362689972,0.03303251415491104,0.0035223855084041134,1.0323354159481823,130,8,8,8,False,
epic_kitchens,val,P30_109_79,data/EPIC_data/clips/P30/P30_109_79.mp4,62,8,25,2,2,False,False,0.2933233082294464,0.01851391512900591,0.0035223855084041134,0.9955806760117412,27,4,8,8,False,
epic_kitchens,val,P28_105_114,data/EPIC_data/clips/P28/P28_105_114.mp4,62,8,25,2,1,False,False,0.23548294603824615,0.0330252842977643,0.0035223855084041134,0.9750878280028701,95,8,8,8,False,
epic_kitchens,val,P28_111_138,data/EPIC_data/clips/P28/P28_111_138.mp4,62,8,25,2,1,False,False,0.2930510640144348,0.020217092242091894,0.0035223855084041134,0.9374051801860332,24,3,8,8,False,
epic_kitchens,val,P30_107_308,data/EPIC_data/clips/P30/P30_107_308.mp4,63,8,25,2,1,False,False,0.16524673998355865,0.02402357803657651,0.0035223855084041134,0.914769119117409,48,6,8,8,False,
epic_kitchens,val,P01_109_201,data/EPIC_data/clips/P01/P01_109_201.mp4,63,8,25,2,0,False,False,0.2933284342288971,0.02954087918624282,0.0035223855084041134,0.8880077130161226,75,8,8,8,False,
epic_kitchens,val,P30_111_409,data/EPIC_data/clips/P30/P30_111_409.mp4,63,8,25,2,0,False,False,0.33277708292007446,0.026017238851636648,0.0035223855084041134,0.8558146711438894,90,8,8,8,False,
epic_kitchens,val,P30_111_416,data/EPIC_data/clips/P30/P30_111_416.mp4,63,8,25,2,2,False,False,0.2723793387413025,0.029748752247542143,0.0035223855084041134,0.8270038263872266,103,8,8,8,False,
epic_kitchens,val,P23_101_60,data/EPIC_data/clips/P23/P23_101_60.mp4,63,8,25,2,0,False,False,0.3897222876548767,0.028110585641115904,0.0035223855084041134,0.7934406381100416,89,8,8,8,False,
epic_kitchens,val,P01_105_556,data/EPIC_data/clips/P01/P01_105_556.mp4,64,8,25,2,1,False,False,0.2110995501279831,0.029043224174529314,0.0035223855084041134,0.7618086109869182,59,8,8,8,False,
epic_kitchens,val,P02_130_195,data/EPIC_data/clips/P02/P02_130_195.mp4,64,8,25,2,0,False,False,0.26387521624565125,0.034853165969252586,0.0035223855084041134,0.7295591118745506,83,8,8,8,False,
epic_kitchens,val,P22_113_260,data/EPIC_data/clips/P22/P22_113_260.mp4,64,8,25,2,0,False,False,0.2654222548007965,0.025677654892206192,0.0035223855084041134,0.6897947220131755,57,7,8,8,False,
epic_kitchens,val,P03_118_45,data/EPIC_data/clips/P03/P03_118_45.mp4,64,8,25,2,0,False,False,0.24473245441913605,0.03163873916491866,0.0035223855084041134,0.6602165712974966,103,8,8,8,False,
epic_kitchens,val,P12_101_322,data/EPIC_data/clips/P12/P12_101_322.mp4,64,8,25,2,3,False,False,0.17919376492500305,0.028241619933396578,0.0035223855084041134,0.6244631037116051,112,8,8,8,False,
epic_kitchens,val,P11_101_13,data/EPIC_data/clips/P11/P11_101_13.mp4,64,8,25,2,0,False,False,0.1569441854953766,0.02862749807536602,0.0035223855084041134,0.5932343979366124,188,8,8,8,False,
epic_kitchens,val,P35_109_150,data/EPIC_data/clips/P35/P35_109_150.mp4,65,8,25,2,0,False,False,0.3137665092945099,0.03681712783873081,0.0035223855084041134,0.5617672679945827,281,8,8,8,False,
epic_kitchens,val,P03_123_26,data/EPIC_data/clips/P03/P03_123_26.mp4,65,8,25,2,0,False,False,0.26107844710350037,0.020513345021754503,0.0035223855084041134,0.5213579200208187,32,4,8,8,False,
epic_kitchens,val,P03_121_60,data/EPIC_data/clips/P03/P03_121_60.mp4,65,8,25,2,1,False,False,0.19057276844978333,0.024870862253010273,0.0035223855084041134,0.4978224807418883,50,6,8,8,False,
epic_kitchens,val,P02_112_128,data/EPIC_data/clips/P02/P02_112_128.mp4,66,8,25,2,0,False,False,0.21573476493358612,0.025118691846728325,0.003648648620583117,1.6076817219145596,25,3,8,8,False,
epic_kitchens,val,P30_111_548,data/EPIC_data/clips/P30/P30_111_548.mp4,66,8,25,2,2,False,False,0.24433889985084534,0.024194758851081133,0.003648648620583117,1.5800669747404754,44,6,8,8,False,
epic_kitchens,val,P30_101_208,data/EPIC_data/clips/P30/P30_101_208.mp4,66,8,25,2,0,False,False,0.24641016125679016,0.024585857056081295,0.003648648620583117,1.5528243840672076,45,6,8,8,False,
epic_kitchens,val,P30_101_219,data/EPIC_data/clips/P30/P30_101_219.mp4,66,8,25,2,0,False,False,0.24078305065631866,0.02725814701989293,0.003648648620583117,1.5249367230571806,82,8,8,8,False,
epic_kitchens,val,P30_101_195,data/EPIC_data/clips/P30/P30_101_195.mp4,66,8,25,2,0,False,False,0.27444612979888916,0.027345077134668827,0.003648648620583117,1.4952071160078049,68,8,8,8,False,
epic_kitchens,val,P04_113_393,data/EPIC_data/clips/P04/P04_113_393.mp4,66,8,25,2,1,False,False,0.1685166209936142,0.025864447932690382,0.003648648620583117,1.4650068287737668,50,6,8,8,False,
epic_kitchens,val,P30_101_202,data/EPIC_data/clips/P30/P30_101_202.mp4,66,8,25,2,0,False,False,0.2675769031047821,0.026710163801908493,0.003648648620583117,1.4332816880196333,54,7,8,8,False,
epic_kitchens,val,P04_107_821,data/EPIC_data/clips/P04/P04_107_821.mp4,66,8,25,2,0,False,False,0.18112054467201233,0.03104958077892661,0.003648648620583117,1.4032074282877147,79,8,8,8,False,
epic_kitchens,val,P04_110_70,data/EPIC_data/clips/P04/P04_110_70.mp4,66,8,25,2,2,False,False,0.31603366136550903,0.027820969931781292,0.003648648620583117,1.369315252173692,32,4,8,8,False,
epic_kitchens,val,P02_112_184,data/EPIC_data/clips/P02/P02_112_184.mp4,66,8,25,2,0,False,False,0.24310611188411713,0.024488252121955156,0.003648648620583117,1.3372254958376288,28,4,8,8,False,
epic_kitchens,val,P11_104_112,data/EPIC_data/clips/P11/P11_104_112.mp4,67,8,25,2,0,False,False,0.3534322679042816,0.06661381525918841,0.003648648620583117,1.3099882146343589,652,8,8,8,False,
epic_kitchens,val,P02_113_168,data/EPIC_data/clips/P02/P02_113_168.mp4,68,8,25,2,0,False,False,0.23271487653255463,0.029492699075490236,0.003648648620583117,1.2384633370675147,66,8,8,8,False,
epic_kitchens,val,P02_123_134,data/EPIC_data/clips/P02/P02_123_134.mp4,68,8,25,2,0,False,False,0.2162313312292099,0.031174783129245043,0.003648648620583117,1.205607662908733,99,8,8,8,False,
epic_kitchens,val,P02_115_1,data/EPIC_data/clips/P02/P02_115_1.mp4,68,8,25,2,0,False,False,0.25478339195251465,0.025105526205152273,0.003648648620583117,1.1697775493375957,49,6,8,8,False,
epic_kitchens,val,P02_122_17,data/EPIC_data/clips/P02/P02_122_17.mp4,68,8,25,2,0,False,False,0.23944008350372314,0.03145441319793463,0.003648648620583117,1.141620703972876,48,6,8,8,False,
epic_kitchens,val,P02_123_139,data/EPIC_data/clips/P02/P02_123_139.mp4,68,8,25,2,0,False,False,0.29020392894744873,0.03579961368814111,0.003648648620583117,1.1054203510284424,134,8,8,8,False,
epic_kitchens,val,P04_119_113,data/EPIC_data/clips/P04/P04_119_113.mp4,69,8,25,2,1,False,False,0.2690243721008301,0.033985805697739124,0.003648648620583117,1.066618321929127,61,8,8,8,False,
epic_kitchens,val,P04_119_105,data/EPIC_data/clips/P04/P04_119_105.mp4,69,8,25,2,0,False,False,0.2608822286128998,0.028064817190170288,0.003648648620583117,1.0297195627354085,28,4,8,8,False,
epic_kitchens,val,P03_109_27,data/EPIC_data/clips/P03/P03_109_27.mp4,70,8,25,2,0,False,False,0.21762187778949738,0.02998311910778284,0.003648648620583117,0.9983899812214077,58,7,8,8,False,
epic_kitchens,val,P30_107_603,data/EPIC_data/clips/P30/P30_107_603.mp4,71,8,25,2,0,False,False,0.3766942024230957,0.02594090113416314,0.003648648620583117,0.9643359570764005,54,7,8,8,False,
epic_kitchens,val,P30_111_222,data/EPIC_data/clips/P30/P30_111_222.mp4,71,8,25,2,0,False,False,0.3124520182609558,0.02648451365530491,0.003648648620583117,0.9350070538930595,25,3,8,8,False,
epic_kitchens,val,P30_107_830,data/EPIC_data/clips/P30/P30_107_830.mp4,71,8,25,2,0,False,False,0.2541130781173706,0.021920375060290098,0.003648648620583117,0.9057143488898873,37,5,8,8,False,
epic_kitchens,val,P04_119_162,data/EPIC_data/clips/P04/P04_119_162.mp4,73,8,25,2,0,False,False,0.22886227071285248,0.035859928000718355,0.003648648620583117,0.8799064932391047,83,8,8,8,False,
epic_kitchens,val,P04_116_76,data/EPIC_data/clips/P04/P04_116_76.mp4,73,8,25,2,0,False,False,0.1867416650056839,0.07275652699172497,0.003648648620583117,0.8394694752059877,549,8,8,8,False,
epic_kitchens,val,P27_105_107,data/EPIC_data/clips/P27/P27_105_107.mp4,73,8,25,2,0,False,False,0.37040892243385315,0.027012709993869066,0.003648648620583117,0.7615031930617988,42,5,8,8,False,
epic_kitchens,val,P27_103_317,data/EPIC_data/clips/P27/P27_103_317.mp4,73,8,25,2,0,False,False,0.33788880705833435,0.023824524134397507,0.003648648620583117,0.730404756963253,47,6,8,8,False,
epic_kitchens,val,P02_112_143,data/EPIC_data/clips/P02/P02_112_143.mp4,74,8,25,2,0,False,False,0.1747765690088272,0.04618320381268859,0.003648648620583117,0.7034624186344445,217,8,8,8,False,
epic_kitchens,val,P35_104_653,data/EPIC_data/clips/P35/P35_104_653.mp4,74,8,25,2,0,False,False,0.41627421975135803,0.02831550594419241,0.003648648620583117,0.6528266258537769,104,8,8,8,False,
epic_kitchens,val,P02_131_24,data/EPIC_data/clips/P02/P02_131_24.mp4,74,8,25,2,0,False,False,0.3228435516357422,0.048665390349924564,0.003648648620583117,0.6212599570862949,320,8,8,8,False,
epic_kitchens,val,P02_112_192,data/EPIC_data/clips/P02/P02_112_192.mp4,74,8,25,2,0,False,False,0.2566729784011841,0.041570383589714766,0.003648648620583117,0.5666131181642413,161,8,8,8,False,
epic_kitchens,val,P04_109_318,data/EPIC_data/clips/P04/P04_109_318.mp4,75,8,25,2,0,False,False,0.26863691210746765,0.023063227999955416,0.003648648620583117,0.521577472332865,32,4,8,8,False,
epic_kitchens,val,P04_106_59,data/EPIC_data/clips/P04/P04_106_59.mp4,75,8,25,2,1,False,False,0.24843892455101013,0.019012934993952513,0.003648648620583117,0.4952047849074006,33,4,8,8,False,
epic_kitchens,val,P04_109_308,data/EPIC_data/clips/P04/P04_109_308.mp4,75,8,25,2,0,False,False,0.2282053381204605,0.0338380360044539,0.0038852233472945435,1.6812298311851919,97,8,8,8,False,
epic_kitchens,val,P04_101_92,data/EPIC_data/clips/P04/P04_101_92.mp4,75,8,25,2,0,False,False,0.2348349541425705,0.030229304917156696,0.0038852233472945435,1.6433785730041564,54,7,8,8,False,
epic_kitchens,val,P27_103_544,data/EPIC_data/clips/P27/P27_103_544.mp4,76,8,25,2,0,False,False,0.2207254320383072,0.026870637200772762,0.0038852233472945435,1.608627524226904,36,5,8,8,False,
epic_kitchens,val,P26_104_169,data/EPIC_data/clips/P26/P26_104_169.mp4,76,8,25,2,0,False,False,0.3230949938297272,0.04474692791700363,0.0038852233472945435,1.5774254873394966,468,8,8,8,False,
epic_kitchens,val,P27_101_378,data/EPIC_data/clips/P27/P27_101_378.mp4,76,8,25,2,0,False,False,0.2349931001663208,0.03329959185793996,0.0038852233472945435,1.5292230122722685,94,8,8,8,False,
epic_kitchens,val,P27_101_98,data/EPIC_data/clips/P27/P27_101_98.mp4,76,8,25,2,0,False,False,0.3039376139640808,0.03600252931937575,0.0038852233472945435,1.4916636077687144,66,8,8,8,False,
epic_kitchens,val,P27_101_228,data/EPIC_data/clips/P27/P27_101_228.mp4,76,8,25,2,0,False,False,0.2272271364927292,0.027138669043779373,0.0038852233472945435,1.4525141310878098,47,6,8,8,False,
epic_kitchens,val,P06_106_45,data/EPIC_data/clips/P06/P06_106_45.mp4,77,8,25,2,1,False,False,0.2562199532985687,0.03842209419235587,0.0038852233472945435,1.4206797000952065,240,8,8,8,False,
epic_kitchens,val,P03_112_107,data/EPIC_data/clips/P03/P03_112_107.mp4,77,8,25,2,3,False,False,0.20353306829929352,0.14618994714692235,0.0038852233472945435,1.3800333570688963,1461,8,8,8,False,
epic_kitchens,val,P28_108_44,data/EPIC_data/clips/P28/P28_108_44.mp4,77,8,25,2,0,False,False,0.30695995688438416,0.06588131887838244,0.0038852233472945435,1.2292396952398121,476,8,8,8,False,
epic_kitchens,val,P04_101_217,data/EPIC_data/clips/P04/P04_101_217.mp4,78,8,25,2,0,False,False,0.22468438744544983,0.033937548752874136,0.0038852233472945435,1.1603110400028527,61,8,8,8,False,
epic_kitchens,val,P04_118_4,data/EPIC_data/clips/P04/P04_118_4.mp4,78,8,25,2,0,False,False,0.16969521343708038,0.028212616220116615,0.0038852233472945435,1.123150154016912,95,8,8,8,False,
epic_kitchens,val,P04_107_445,data/EPIC_data/clips/P04/P04_107_445.mp4,79,8,25,2,1,False,False,0.12625862658023834,0.029579174239188433,0.0038852233472945435,1.0920886220410466,45,6,8,8,False,
epic_kitchens,val,P04_121_249,data/EPIC_data/clips/P04/P04_121_249.mp4,79,8,25,2,0,False,False,0.16078825294971466,0.03599204868078232,0.0038852233472945435,1.0598691990599036,83,8,8,8,False,
epic_kitchens,val,P04_107_450,data/EPIC_data/clips/P04/P04_107_450.mp4,79,8,25,2,0,False,False,0.33580127358436584,0.03164414223283529,0.0038852233472945435,1.0195941729471087,117,8,8,8,False,
epic_kitchens,val,P04_117_70,data/EPIC_data/clips/P04/P04_117_70.mp4,79,8,25,2,0,False,False,0.23035435378551483,0.030533315148204565,0.0038852233472945435,0.9841099847108126,89,8,8,8,False,
epic_kitchens,val,P04_107_575,data/EPIC_data/clips/P04/P04_107_575.mp4,79,8,25,2,39,False,False,0.1666775792837143,0.022885174956172705,0.0038852233472945435,0.9486571690067649,28,4,8,8,False,
epic_kitchens,val,P12_104_62,data/EPIC_data/clips/P12/P12_104_62.mp4,81,8,25,2,2,False,False,0.36341744661331177,0.06893347902223468,0.0038852233472945435,0.9228477659635246,715,8,8,8,False,
epic_kitchens,val,P07_115_59,data/EPIC_data/clips/P07/P07_115_59.mp4,83,8,25,2,2,False,False,0.19102934002876282,0.03288898291066289,0.0038852233472945435,0.8512962167151272,123,8,8,8,False,
epic_kitchens,val,P22_117_218,data/EPIC_data/clips/P22/P22_117_218.mp4,84,8,25,2,0,False,False,0.3607446551322937,0.07071157777681947,0.0038852233472945435,0.8159061972983181,576,8,8,8,False,
epic_kitchens,val,P04_110_21,data/EPIC_data/clips/P04/P04_110_21.mp4,85,8,25,2,1,False,False,0.1873810589313507,0.03065336123108864,0.0038852233472945435,0.7377107599750161,77,8,8,8,False,
epic_kitchens,val,P02_129_435,data/EPIC_data/clips/P02/P02_129_435.mp4,86,8,25,2,1,False,False,0.2584977149963379,0.050547303166240454,0.0038852233472945435,0.7041039150208235,272,8,8,8,False,
epic_kitchens,val,P02_130_125,data/EPIC_data/clips/P02/P02_130_125.mp4,86,8,25,2,0,False,False,0.25952139496803284,0.033332948572933674,0.0038852233472945435,0.6499221380800009,94,8,8,8,False,
epic_kitchens,val,P04_107_314,data/EPIC_data/clips/P04/P04_107_314.mp4,87,8,25,2,0,False,False,0.3226715326309204,0.02516979305073619,0.0038852233472945435,0.6140384483151138,33,4,8,8,False,
epic_kitchens,val,P04_107_836,data/EPIC_data/clips/P04/P04_107_836.mp4,88,8,25,2,0,False,False,0.27754467725753784,0.02963183494284749,0.0038852233472945435,0.5854421146214008,68,8,8,8,False,
epic_kitchens,val,P02_108_390,data/EPIC_data/clips/P02/P02_108_390.mp4,91,8,25,2,0,False,False,0.26122042536735535,0.03815351985394955,0.0038852233472945435,0.5512682553380728,131,8,8,8,False,
epic_kitchens,val,P04_107_16,data/EPIC_data/clips/P04/P04_107_16.mp4,94,8,25,2,1,False,False,0.1655604988336563,0.039010226260870695,0.0038852233472945435,0.5093689151108265,161,8,8,8,False,
epic_kitchens,val,P03_122_10,data/EPIC_data/clips/P03/P03_122_10.mp4,95,8,25,2,1,False,False,0.21430374681949615,0.01827599899843335,0.0038852233472945435,0.467988973017782,27,4,8,8,False,
