dataset,split,budget,coverage,stride,n,top1,top5,mean_confidence,mean_decode_time_s,mean_inference_time_s,mean_total_time_s,mean_processed_frames,mean_model_input_frames,mean_source_frames
ucf101,val,32,100,8,2020,0.8252475247524752,0.9707920792079208,0.8777466497503885,0.04340185247117303,0.0049600227935341105,0.9445127897961573,32.0,32.0,181.19752475247526
