dataset,split,budget,coverage,stride,n,top1,top5,mean_confidence,mean_decode_time_s,mean_inference_time_s,mean_total_time_s,mean_processed_frames,mean_model_input_frames,mean_source_frames
ucf101,val,32,10,8,2020,0.5420792079207921,0.7935643564356436,0.7085372164937677,0.011706226690566297,0.005055665615300583,0.41900524437798664,32.0,32.0,181.19752475247526
