dataset,split,budget,coverage,stride,n,top1,top5,mean_confidence,mean_decode_time_s,mean_inference_time_s,mean_total_time_s,mean_processed_frames,mean_model_input_frames,mean_source_frames
ucf101,val,32,50,1,2020,0.8163366336633663,0.9648514851485148,0.8975609153656676,0.028772645677776435,0.0048933414859918525,0.6996996823005553,32.0,32.0,181.19752475247526
