resolution,top1,n,model,dataset,native_res
96,0.20490196078431372,1020,timesformer,epic_kitchens,224
112,0.19215686274509805,1020,timesformer,epic_kitchens,224
160,0.25588235294117645,1020,timesformer,epic_kitchens,224
224,0.31666666666666665,1020,timesformer,epic_kitchens,224
336,0.23529411764705882,1020,timesformer,epic_kitchens,224
