resolution,top1,n,model,dataset,native_res
48,0.084313725490196,1020,timesformer,epic_kitchens,224
96,0.2049019607843137,1020,timesformer,epic_kitchens,224
112,0.192156862745098,1020,timesformer,epic_kitchens,224
160,0.2558823529411764,1020,timesformer,epic_kitchens,224
224,0.3166666666666666,1020,timesformer,epic_kitchens,224
336,0.2352941176470588,1020,timesformer,epic_kitchens,224
