dataset,split,budget,coverage,stride,n,top1,top5,mean_confidence,mean_decode_time_s,mean_inference_time_s,mean_total_time_s,mean_processed_frames,mean_model_input_frames,mean_source_frames
ucf101,val,16,100,1,2020,0.9613861386138614,0.9955445544554455,0.7927779725522246,0.022628314137495685,0.030591104688851328,1.4666492638104403,16.0,16.0,181.19752475247526
