resolution,top1,n,model,dataset,native_res
96,0.9534653465346534,2020,videomae,ucf101,224
112,0.9569306930693069,2020,videomae,ucf101,224
160,0.9613861386138614,2020,videomae,ucf101,224
224,0.9643564356435643,2020,videomae,ucf101,224
336,0.9628712871287128,2020,videomae,ucf101,224
