Coverage,N,Mean,Std,Min,Max,95% CI
10%,202,0.3890992621383763,0.332037537387968,0.0,1.0,"[0.3433, 0.4349]"
25%,202,0.5955185850315857,0.2922796847165648,0.0134228187919463,1.0,"[0.5552, 0.6358]"
50%,202,0.7265678749240505,0.22085029217238886,0.1486486486486486,1.0,"[0.6961, 0.7570]"
75%,202,0.6660758030267826,0.24202554955957412,0.1006711409395973,1.0,"[0.6327, 0.6995]"
100%,202,0.7662005813979158,0.1977520615898207,0.1979166666666666,1.0,"[0.7389, 0.7935]"
