resolution,top1,n,model,dataset,native_res
48,0.1444274809160305,3275,r3d_18,ssv2,112
56,0.2018320610687023,3275,r3d_18,ssv2,112
96,0.3593893129770992,3275,r3d_18,ssv2,112
112,0.3712977099236641,3275,r3d_18,ssv2,112
160,0.3025954198473282,3275,r3d_18,ssv2,112
224,0.1719083969465648,3275,r3d_18,ssv2,112
336,0.0577099236641221,3275,r3d_18,ssv2,112
