resolution,top1,n,model,dataset,native_res
96,0.35938931297709925,3275,r3d_18,ssv2,112
112,0.3712977099236641,3275,r3d_18,ssv2,112
160,0.3025954198473282,3275,r3d_18,ssv2,112
224,0.1719083969465648,3275,r3d_18,ssv2,112
336,0.057709923664122136,3275,r3d_18,ssv2,112
