resolution,top1,n,model,dataset,native_res
56,0.2018320610687023,3275,r3d_18,ssv2,112
112,0.3712977099236641,3275,r3d_18,ssv2,112
160,0.30259541984732824,3275,r3d_18,ssv2,112
224,0.17190839694656487,3275,r3d_18,ssv2,112
