dataset,split,budget,coverage,stride,n,top1,top5,mean_confidence,mean_decode_time_s,mean_inference_time_s,mean_total_time_s,mean_processed_frames,mean_model_input_frames,mean_source_frames
autsl,val,16,10,16,4418,0.0074694431869624265,0.031462200090538704,0.29154078184802806,0.008124497097316063,0.0014751328793548271,0.23509174537522007,16.0,16.0,59.18605703938434
