dataset,split,budget,coverage,stride,n,top1,top5,mean_confidence,mean_decode_time_s,mean_inference_time_s,mean_total_time_s,mean_processed_frames,mean_model_input_frames,mean_source_frames
ucf101,val,32,10,16,2020,0.4806930693069307,0.6787128712871288,0.5253262331285099,0.011918238741991175,0.009356357903210539,0.5942950532696726,32.0,32.0,181.19752475247526
