dataset,split,budget,coverage,stride,n,top1,top5,mean_confidence,mean_decode_time_s,mean_inference_time_s,mean_total_time_s,mean_processed_frames,mean_model_input_frames,mean_source_frames
ucf101,val,32,25,16,2020,0.5900990099009901,0.7836633663366337,0.5878370989741075,0.015842510272269277,0.009339666791550705,0.6581727729557026,32.0,32.0,181.19752475247526
