resolution,top1,n,model,dataset,native_res
48,0.2142857142857142,448,r3d_18,driveact,112
96,0.6495535714285714,448,r3d_18,driveact,112
112,0.6830357142857143,448,r3d_18,driveact,112
160,0.5267857142857143,448,r3d_18,driveact,112
224,0.1897321428571428,448,r3d_18,driveact,112
336,0.0491071428571428,448,r3d_18,driveact,112
