resolution,top1,n,model,dataset,native_res
96,0.296875,448,r3d_18,driveact,112
112,0.4017857142857143,448,r3d_18,driveact,112
160,0.6584821428571429,448,r3d_18,driveact,112
224,0.734375,448,r3d_18,driveact,112
336,0.18526785714285715,448,r3d_18,driveact,112
