resolution,top1,n,model,dataset,native_res
96,0.37415881561238223,743,timesformer,diving48,224
112,0.39300134589502017,743,timesformer,diving48,224
160,0.38627187079407804,743,timesformer,diving48,224
224,0.38088829071332436,743,timesformer,diving48,224
336,0.38627187079407804,743,timesformer,diving48,224
