resolution,top1,n,model,dataset,native_res
48,0.2893674293405114,743,timesformer,diving48,224
96,0.3741588156123822,743,timesformer,diving48,224
112,0.3930013458950201,743,timesformer,diving48,224
160,0.386271870794078,743,timesformer,diving48,224
224,0.3808882907133243,743,timesformer,diving48,224
336,0.386271870794078,743,timesformer,diving48,224
