dataset,split,budget,coverage,stride,n,top1,top5,mean_confidence,mean_decode_time_s,mean_inference_time_s,mean_total_time_s,mean_processed_frames,mean_model_input_frames,mean_source_frames
hmdb51,val,16,10,16,885,0.38192090395480227,0.6259887005649718,0.44313255975727983,0.009570973577361953,0.0015134045854210854,0.2615120444298159,16.0,16.0,96.54124293785311
