resolution,top1,n,model,dataset,native_res
48,0.1281122679945676,4418,r3d_18,autsl,112
96,0.7220461747397012,4418,r3d_18,autsl,112
112,0.7498868266183794,4418,r3d_18,autsl,112
160,0.6301493888637393,4418,r3d_18,autsl,112
224,0.2786328655500226,4418,r3d_18,autsl,112
336,0.0199185151652331,4418,r3d_18,autsl,112
