resolution,top1,n,model,dataset,native_res
96,0.7220461747397012,4418,r3d_18,autsl,112
112,0.7498868266183794,4418,r3d_18,autsl,112
160,0.6301493888637393,4418,r3d_18,autsl,112
224,0.27863286555002265,4418,r3d_18,autsl,112
336,0.019918515165233137,4418,r3d_18,autsl,112
