resolution,top1,n,model,dataset,native_res
96,0.40493435943866,4418,r3d_18,autsl,112
112,0.6084200995925758,4418,r3d_18,autsl,112
160,0.8374830239927569,4418,r3d_18,autsl,112
224,0.8712086917157085,4418,r3d_18,autsl,112
336,0.7546401086464464,4418,r3d_18,autsl,112
