Coverage,N,Mean,Std,Min,Max,95% CI
10%,400,0.59721428,0.20171139676653219,0.0,0.96,"[0.5774, 0.6170]"
25%,400,0.6523670425,0.18969946381151592,0.040816,0.98,"[0.6338, 0.6710]"
50%,400,0.7534040225000002,0.17439788703698333,0.212766,1.0,"[0.7363, 0.7705]"
75%,400,0.7618903250000001,0.1757697401246246,0.183673,1.0,"[0.7447, 0.7791]"
100%,400,0.7553835750000001,0.18034188743149848,0.170213,1.0,"[0.7377, 0.7731]"
