dataset,split,budget,coverage,stride,n,top1,top5,mean_confidence,mean_decode_time_s,mean_inference_time_s,mean_total_time_s,mean_processed_frames,mean_model_input_frames,mean_source_frames
autsl,val,32,100,16,4418,0.011770031688546853,0.05907650520597556,0.48647808230614004,0.01721852811147413,0.0025993915628991773,0.4027671833580483,32.0,32.0,59.18605703938434
