resolution,top1,n,model,dataset,native_res
96,0.5914440923494794,4418,mc3_18,autsl,112
112,0.6373924852874604,4418,mc3_18,autsl,112
160,0.5273879583521955,4418,mc3_18,autsl,112
224,0.12245359891353554,4418,mc3_18,autsl,112
336,0.01244907197827071,4418,mc3_18,autsl,112
