resolution,top1,n,model,dataset,native_res
96,0.15685830692621094,4418,mc3_18,autsl,112
112,0.31303757356269807,4418,mc3_18,autsl,112
160,0.6607062019013128,4418,mc3_18,autsl,112
224,0.7512449071978271,4418,mc3_18,autsl,112
336,0.5375735626980535,4418,mc3_18,autsl,112
