resolution,top1,n,model,dataset,native_res
48,0.0649615210502489,4418,mc3_18,autsl,112
96,0.5914440923494794,4418,mc3_18,autsl,112
112,0.6373924852874604,4418,mc3_18,autsl,112
160,0.5273879583521955,4418,mc3_18,autsl,112
224,0.1224535989135355,4418,mc3_18,autsl,112
336,0.0124490719782707,4418,mc3_18,autsl,112
