video_id,label_id,source_frames,distinct_frames,model_input_frames,k,config,correct_top1,confidence,model,dataset
Lektion_3__-_Das_Haare_b_rsten_brush_hair_h_nm_np1_fr_med_2,0,370,1,32,1,k1,False,0.9822806715965271,slowfast_r50,hmdb51
April_09_brush_hair_u_nm_np1_ba_goo_0,0,409,1,32,1,k1,True,0.3208925724029541,slowfast_r50,hmdb51
Prelinger_HabitPat1954_brush_hair_u_cm_np1_le_med_10,0,276,1,32,1,k1,False,0.673636794090271,slowfast_r50,hmdb51
me_brushing_my_hair_lol_i_was_being_silly_brush_hair_u_nm_np1_ri_goo_3,0,382,1,32,1,k1,True,0.2829243838787079,slowfast_r50,hmdb51
red_head_brush_hair_u_cm_np1_le_goo_2,0,185,1,32,1,k1,False,0.22763291001319885,slowfast_r50,hmdb51
Brushing_Her_Hair__[_NEW_AUDIO_]_UPDATED!!!!_brush_hair_h_cm_np1_le_goo_3,0,105,1,32,1,k1,True,0.4266859292984009,slowfast_r50,hmdb51
brushing_raychel_s_hair_brush_hair_u_cm_np2_ri_goo_2,0,276,1,32,1,k1,False,0.6156252026557922,slowfast_r50,hmdb51
red_head_brush_hair_u_cm_np1_ba_goo_0,0,277,1,32,1,k1,True,0.2949783205986023,slowfast_r50,hmdb51
Slave_brush_my_hair_brush_hair_u_cm_np2_le_goo_2,0,348,1,32,1,k1,False,0.5419343709945679,slowfast_r50,hmdb51
Brushing_hair__the_right_way_brush_hair_u_nm_np1_fr_goo_1,0,228,1,32,1,k1,False,0.20817112922668457,slowfast_r50,hmdb51
brush_my_hair_without_wearing_the_glasses_brush_hair_u_nm_np1_fr_goo_0,0,456,1,32,1,k1,True,0.6786760091781616,slowfast_r50,hmdb51
can_somebody_just_brush_my_hair!_brush_hair_u_cm_np2_ri_med_0,0,382,1,32,1,k1,False,0.4830152094364166,slowfast_r50,hmdb51
indianrapunzels_com---silky_long_hair_brushing_brush_hair_u_cm_np2_ri_goo_1,0,307,1,32,1,k1,False,0.6163464188575745,slowfast_r50,hmdb51
Haarek_mmen_brush_hair_h_cm_np1_fr_goo_0,0,411,1,32,1,k1,False,0.930945873260498,slowfast_r50,hmdb51
brushing_jrs_hair_brush_hair_u_cm_np2_le_goo_1,0,282,1,32,1,k1,False,0.7614501714706421,slowfast_r50,hmdb51
Brushing_Her_Hair__[_NEW_AUDIO_]_UPDATED!!!!_brush_hair_h_cm_np1_le_goo_1,0,144,1,32,1,k1,False,0.8072549104690552,slowfast_r50,hmdb51
Beim_Radschlag_Hose_gerissen_(Nick)_xD_cartwheel_f_cm_np1_ri_med_0,1,80,1,32,1,k1,False,0.7546019554138184,slowfast_r50,hmdb51
Jessica_and_Gregs_Cartwheel_Competition_cartwheel_f_cm_np1_ri_med_2,1,81,1,32,1,k1,False,0.13346439599990845,slowfast_r50,hmdb51
CarTwHeeL_PerFecT_cartwheel_f_cm_np1_le_med_0,1,89,1,32,1,k1,False,0.6569135785102844,slowfast_r50,hmdb51
Gymnastics__-_Steps_to_Do_a_Cartwheel_cartwheel_f_nm_np1_le_med_0,1,112,1,32,1,k1,False,0.19508551061153412,slowfast_r50,hmdb51
Cartwheel_Contest_cartwheel_f_cm_np1_fr_med_4,1,80,1,32,1,k1,False,0.13017494976520538,slowfast_r50,hmdb51
Jennis_Bodenk_r_cartwheel_f_cm_np1_fr_med_3,1,81,1,32,1,k1,False,0.08541721105575562,slowfast_r50,hmdb51
Bodenturnen_2004_cartwheel_f_cm_np1_le_med_4,1,43,1,32,1,k1,False,0.08200323581695557,slowfast_r50,hmdb51
Zwei_hoffnungslose_Pflegef_lle_beim_Turnen(Part4)_cartwheel_f_cm_np1_ri_bad_0,1,92,1,32,1,k1,False,0.14796683192253113,slowfast_r50,hmdb51
lea_kann_radschlag_cartwheel_f_cm_np1_ri_med_0,1,91,1,32,1,k1,False,0.09098637849092484,slowfast_r50,hmdb51
Bodenturnen_cartwheel_f_cm_np1_le_med_3,1,125,1,32,1,k1,False,0.0812322348356247,slowfast_r50,hmdb51
Cartwheel_Competition_cartwheel_f_cm_np1_le_med_0,1,70,1,32,1,k1,False,0.032785505056381226,slowfast_r50,hmdb51
Monikas_Staatsexamen__Turnen_cartwheel_f_cm_np1_ri_med_4,1,81,1,32,1,k1,False,0.04894857481122017,slowfast_r50,hmdb51
Zwei_hoffnungslose_Pflegef_lle_beim_Turnen(Part2)_cartwheel_f_cm_np1_le_bad_0,1,103,1,32,1,k1,False,0.16221736371517181,slowfast_r50,hmdb51
Bayer__Meisterin_Teresa_Stadler_cartwheel_f_cm_np1_le_med_0,1,43,1,32,1,k1,False,0.046755656599998474,slowfast_r50,hmdb51
How_to_do_a_Cartwheel_cartwheel_f_nm_np1_le_med_1,1,100,1,32,1,k1,False,0.19059866666793823,slowfast_r50,hmdb51
cartwheel_challange_cartwheel_f_cm_np2_le_med_1,1,59,1,32,1,k1,False,0.21030116081237793,slowfast_r50,hmdb51
Florian_Fromlowitz_beim_Training_der_U_21_Nationalmannschaft_catch_u_cm_np1_le_med_3,2,36,1,32,1,k1,True,0.9590262174606323,slowfast_r50,hmdb51
Torwarttraining_Arminia_Bielefeld_catch_f_cm_np1_le_med_8,2,34,1,32,1,k1,True,0.9885002374649048,slowfast_r50,hmdb51
Torwarttraining_Arminia_Bielefeld_catch_f_cm_np1_le_med_6,2,37,1,32,1,k1,True,0.9654659032821655,slowfast_r50,hmdb51
Torwarttraining_Arminia_Bielefeld_catch_f_cm_np1_ba_med_0,2,37,1,32,1,k1,True,0.9863262176513672,slowfast_r50,hmdb51
Torwarttraining_2_(_sterreich)_catch_f_cm_np1_le_med_3,2,37,1,32,1,k1,True,0.9651974439620972,slowfast_r50,hmdb51
Torwarttraining_3_(_sterreich)_catch_f_nm_np1_fr_med_5,2,37,1,32,1,k1,True,0.8664631843566895,slowfast_r50,hmdb51
Goalkeeper_Training_Day_#_2_catch_f_cm_np1_ba_bad_5,2,34,1,32,1,k1,True,0.9657848477363586,slowfast_r50,hmdb51
Goalkeeper_Training_Day_#_2_catch_f_cm_np1_fr_bad_2,2,38,1,32,1,k1,True,0.8661769032478333,slowfast_r50,hmdb51
Ballfangen_catch_u_cm_np1_fr_goo_1,2,37,1,32,1,k1,False,0.138877272605896,slowfast_r50,hmdb51
Goalkeeper_Training_Day_#_7_catch_f_nm_np1_ri_bad_4,2,56,1,32,1,k1,True,0.8652796745300293,slowfast_r50,hmdb51
torwart_de_-_Torwarttraining_Werder_Bremen_catch_f_cm_np1_ba_bad_0,2,41,1,32,1,k1,True,0.9436850547790527,slowfast_r50,hmdb51
Torwarttraining_catch_u_cm_np1_ri_med_2,2,34,1,32,1,k1,False,0.06695295125246048,slowfast_r50,hmdb51
torwart_de_-_Torwarttraining_Werder_Bremen_catch_f_cm_np1_fr_bad_2,2,47,1,32,1,k1,True,0.9508881568908691,slowfast_r50,hmdb51
Torwarttraining_2_(_sterreich)_catch_f_cm_np1_le_med_5,2,41,1,32,1,k1,True,0.9333958625793457,slowfast_r50,hmdb51
Seldin_Lipovic_-_Willi_Weber__Torwarttraining__catch_f_cm_np1_ba_bad_7,2,49,1,32,1,k1,True,0.6378984451293945,slowfast_r50,hmdb51
Sweet_Candy_Bubbles_chew_h_cm_np1_fr_med_2,3,125,1,32,1,k1,False,0.20247863233089447,slowfast_r50,hmdb51
random_gum_chewing_chew_h_nm_np1_fr_med_1,3,90,1,32,1,k1,False,0.45593661069869995,slowfast_r50,hmdb51
Big_League_Chew_chew_h_nm_np1_fr_goo_1,3,159,1,32,1,k1,True,0.6896364688873291,slowfast_r50,hmdb51
chewing_bubble_gum_chew_h_cm_np1_ri_med_0,3,124,1,32,1,k1,False,0.3292422592639923,slowfast_r50,hmdb51
lol_im_so_weird___BLOWIN_BUBBLE_GUM__oops_i_burped_at_the_end_my_bad_lol_chew_h_nm_np1_fr_med_2,3,79,1,32,1,k1,False,0.38586607575416565,slowfast_r50,hmdb51
chewing_gum_1_chew_h_nm_np1_fr_goo_0,3,79,1,32,1,k1,False,0.9834376573562622,slowfast_r50,hmdb51
Loud_Chewing_chew_u_cm_np1_fr_med_1,3,78,1,32,1,k1,False,0.512824535369873,slowfast_r50,hmdb51
WeddingCrashers_chew_h_nm_np1_fr_goo_6,3,53,1,32,1,k1,False,0.35026106238365173,slowfast_r50,hmdb51
LittleChildren_chew_h_nm_np1_fr_goo_7,3,81,1,32,1,k1,False,0.5537981986999512,slowfast_r50,hmdb51
Dubble_bubble_compilation_-_all_on_8_pieces_chew_h_nm_np1_fr_med_2,3,119,1,32,1,k1,True,0.2920505702495575,slowfast_r50,hmdb51
Dubble_bubble_compilation_-_all_on_8_pieces_chew_h_nm_np1_fr_med_0,3,73,1,32,1,k1,False,0.43500348925590515,slowfast_r50,hmdb51
TheBoondockSaints_chew_u_nm_np1_fr_med_46,3,74,1,32,1,k1,False,0.3368169367313385,slowfast_r50,hmdb51
Scott_Can_t_Make_His_Bubblegum_Pop_chew_h_nm_np1_fr_med_2,3,90,1,32,1,k1,False,0.9971018433570862,slowfast_r50,hmdb51
chewing_gum_2_chew_h_cm_np1_fr_med_0,3,90,1,32,1,k1,False,0.08943837136030197,slowfast_r50,hmdb51
Bubble_blowing_3!_chew_h_nm_np1_le_bad_1,3,100,1,32,1,k1,False,0.73020339012146,slowfast_r50,hmdb51
Double_bubble_in_one_big_bubble_-D_chew_h_nm_np1_fr_goo_2,3,88,1,32,1,k1,False,0.9949207901954651,slowfast_r50,hmdb51
Boom_Snap_Clap_clap_u_nm_np1_fr_med_1,4,80,1,32,1,k1,False,0.09454949200153351,slowfast_r50,hmdb51
The_Slow_Clap_clap_u_nm_np2_fr_med_23,4,30,1,32,1,k1,False,0.7163927555084229,slowfast_r50,hmdb51
Standing_clap_f_cm_np1_fr_med_1,4,80,1,32,1,k1,False,0.18555936217308044,slowfast_r50,hmdb51
Deutscher_Klatsch_-_The_Clap_-_Lexy_clap_f_cm_np2_ba_med_2,4,41,1,32,1,k1,False,0.21419507265090942,slowfast_r50,hmdb51
Theslowclap1_clap_f_cm_np1_fr_med_0,4,72,1,32,1,k1,False,0.09204336255788803,slowfast_r50,hmdb51
slowclap_clap_u_nm_np1_fr_goo_0,4,268,1,32,1,k1,False,0.5302372574806213,slowfast_r50,hmdb51
The_Slow_Clap_clap_u_nm_np1_fr_med_1,4,80,1,32,1,k1,False,0.8270199298858643,slowfast_r50,hmdb51
The_Slow_Clap_clap_u_nm_np2_fr_med_8,4,65,1,32,1,k1,False,0.5874548554420471,slowfast_r50,hmdb51
Boom__Snap__Clap!_(Challenge)_clap_u_nm_np1_fr_med_0,4,79,1,32,1,k1,False,0.2090185582637787,slowfast_r50,hmdb51
Faith_Rewarded_clap_u_cm_np1_ri_goo_1,4,53,1,32,1,k1,False,0.9913559556007385,slowfast_r50,hmdb51
Veoh_Alpha_Dog_1_clap_u_nm_np1_fr_goo_62,4,55,1,32,1,k1,False,0.9725669622421265,slowfast_r50,hmdb51
RE-_Boom_Snap_Clap_clap_u_nm_np1_fr_med_1,4,79,1,32,1,k1,True,0.19492584466934204,slowfast_r50,hmdb51
Budam_-_Clap_Hands_clap_u_nm_np1_fr_med_0,4,78,1,32,1,k1,False,0.05207906663417816,slowfast_r50,hmdb51
_Boom_Snap_Clap__challenge_clap_u_nm_np1_fr_med_1,4,79,1,32,1,k1,False,0.6182162165641785,slowfast_r50,hmdb51
The_Slow_Clap_clap_u_nm_np1_fr_med_14,4,79,1,32,1,k1,False,0.5043479800224304,slowfast_r50,hmdb51
The_Slow_Clap_clap_u_nm_np1_fr_med_2,4,25,1,32,1,k1,False,0.78700190782547,slowfast_r50,hmdb51
Hand_Clapping_Game__Bim_Bum__clap_f_nm_np2_fr_med_2,4,79,1,32,1,k1,True,0.17573492228984833,slowfast_r50,hmdb51
#20_Rhythm_clap_u_nm_np1_le_goo_3,4,79,1,32,1,k1,False,0.28837335109710693,slowfast_r50,hmdb51
Deutscher_Klatsch_-_The_Clap_-_Lexy_clap_f_cm_np3_fr_med_9,4,78,1,32,1,k1,False,0.1842128187417984,slowfast_r50,hmdb51
Kletter-WM_2005-_Bouldern_Finale_Herren__Serik_Kazbekov_climb_f_cm_np1_ba_med_0,5,154,1,32,1,k1,True,0.5186945199966431,slowfast_r50,hmdb51
Kletter-WM_2005-_Speed_Achtelfinale_Herren_Minatchev_Hroza_climb_f_cm_np2_ba_med_0,5,79,1,32,1,k1,False,0.06167988106608391,slowfast_r50,hmdb51
Pole_climbing_World_Championships_climb_f_nm_np1_ba_med_1,5,77,1,32,1,k1,False,0.06664741784334183,slowfast_r50,hmdb51
(HQ)_Rock_Climbing_-_Free_Solo_Speed_Climb_-_Dan_Osman_climb_f_cm_np1_le_med_3,5,197,1,32,1,k1,True,0.9801952242851257,slowfast_r50,hmdb51
Jez__roof_climbing_in_Mile_End_climb_f_cm_np1_ba_med_2,5,210,1,32,1,k1,False,0.7328342795372009,slowfast_r50,hmdb51
Climbing_roof_in_TCA_climb_f_cm_np1_ba_med_1,5,232,1,32,1,k1,True,0.665032684803009,slowfast_r50,hmdb51
DM_Sportklettern_2006-_Qualifikation_-_Andreas_Bindhammer_climb_f_cm_np1_ba_med_2,5,176,1,32,1,k1,True,0.8027154207229614,slowfast_r50,hmdb51
(HQ)_Rock_Climbing_-_Free_Solo_Speed_Climb_-_Dan_Osman_climb_f_cm_np1_le_med_1,5,129,1,32,1,k1,True,0.9976866245269775,slowfast_r50,hmdb51
Julius_Haushammer___Klettern_und_Bouldern___1979_climb_f_cm_np1_ba_med_1,5,130,1,32,1,k1,True,0.8817888498306274,slowfast_r50,hmdb51
Jez__roof_climbing_in_Mile_End_climb_f_cm_np1_ba_med_0,5,131,1,32,1,k1,False,0.15203718841075897,slowfast_r50,hmdb51
Pole_climbing_World_Championships_climb_f_cm_np1_le_med_3,5,77,1,32,1,k1,True,0.06040021404623985,slowfast_r50,hmdb51
Klettern_by_Kurt_Hackner_climb_f_cm_np1_ba_med_0,5,119,1,32,1,k1,False,0.7526629567146301,slowfast_r50,hmdb51
Climbing_roof_in_TCA_climb_f_cm_np1_ba_med_2,5,628,1,32,1,k1,True,0.3786963224411011,slowfast_r50,hmdb51
Amazing_Wall_Climber_(Must_be_Seen_to_Be_Believed!)_climb_f_cm_np1_ba_bad_1,5,471,1,32,1,k1,True,0.6504473686218262,slowfast_r50,hmdb51
Mexican_Climbing_Fence_climb_f_cm_np1_ba_med_2,5,79,1,32,1,k1,False,0.2292085438966751,slowfast_r50,hmdb51
Bristol_UCR_roof_climb_climb_f_cm_np1_ba_bad_2,5,352,1,32,1,k1,True,0.9550479054450989,slowfast_r50,hmdb51
Fellowship_6_climb_stairs_f_nm_np1_ba_bad_4,6,93,1,32,1,k1,True,0.8956310749053955,slowfast_r50,hmdb51
Empire_State_Building_Run-Up_climb_stairs_f_cm_np1_ba_med_3,6,78,1,32,1,k1,True,0.9995923638343811,slowfast_r50,hmdb51
Braune_Stiefel_brown_boots_hot_high_heels_Treppen_steigen_Down-_and_upstairs_climb_stairs_l_cm_np1_ri_med_3,6,78,1,32,1,k1,False,0.09515844285488129,slowfast_r50,hmdb51
TheLastManOnearth_climb_stairs_f_nm_np1_ba_med_56,6,48,1,32,1,k1,False,0.5137936472892761,slowfast_r50,hmdb51
Micah_Lacerte_Running_Stairs___Great_cardio_for_fat_loss_climb_stairs_f_cm_np1_ba_med_4,6,79,1,32,1,k1,True,0.741979718208313,slowfast_r50,hmdb51
Jerry_Lewis_Cinderfella_dance_climb_stairs_f_nm_np1_fr_bad_1,6,80,1,32,1,k1,False,0.6933091282844543,slowfast_r50,hmdb51
treppensteigen_1_climb_stairs_f_cm_np2_fr_med_2,6,79,1,32,1,k1,False,0.11530562490224838,slowfast_r50,hmdb51
Narcotic1967256kb_climb_stairs_f_nm_np1_ba_med_0,6,81,1,32,1,k1,False,0.7616198062896729,slowfast_r50,hmdb51
Return_of_the_King_4_climb_stairs_f_cm_np1_ba_bad_6,6,103,1,32,1,k1,False,0.29616105556488037,slowfast_r50,hmdb51
Treppen_steigen_climb_stairs_f_cm_np1_le_bad_8,6,88,1,32,1,k1,False,0.19024471938610077,slowfast_r50,hmdb51
Sports_Training_-_Speed_Workouts_-_Stair_Running_climb_stairs_f_nm_np1_ba_med_2,6,77,1,32,1,k1,True,0.6066900491714478,slowfast_r50,hmdb51
Empire_State_Building_Run-Up_climb_stairs_f_cm_np1_ba_med_1,6,78,1,32,1,k1,False,0.1674245446920395,slowfast_r50,hmdb51
TheLastManOnearth_climb_stairs_f_cm_np1_ba_med_33,6,53,1,32,1,k1,False,0.34506651759147644,slowfast_r50,hmdb51
GuardiansOfO256kb_climb_stairs_f_cm_np1_ba_med_0,6,175,1,32,1,k1,False,0.12385118007659912,slowfast_r50,hmdb51
Stairway_to_fitness_climb_stairs_f_nm_np1_fr_med_0,6,79,1,32,1,k1,True,0.5883415341377258,slowfast_r50,hmdb51
Running_Up_Stairs_climb_stairs_l_nm_np1_ba_med_2,6,79,1,32,1,k1,False,0.07297039777040482,slowfast_r50,hmdb51
GoalKeeper_Training_2_dive_f_cm_np1_le_bad_12,7,63,1,32,1,k1,False,0.2824946641921997,slowfast_r50,hmdb51
Butcho_dive_f_cm_np1_fr_bad_0,7,34,1,32,1,k1,True,0.10504293441772461,slowfast_r50,hmdb51
Dive_Roll_dive_u_cm_np1_fr_bad_2,7,64,1,32,1,k1,False,0.054811667650938034,slowfast_r50,hmdb51
Matze_-_Wanne_mit_Angriff_-_Butcho_K_pfer_-_1m_dive_f_cm_np1_fr_bad_0,7,53,1,32,1,k1,True,0.21099413931369781,slowfast_r50,hmdb51
Bungee_Jumping_in_Switzerland_-_Compilation_Part_1_dive_f_cm_np1_fr_bad_1,7,61,1,32,1,k1,True,0.9060916900634766,slowfast_r50,hmdb51
Pirates_5_dive_f_cm_np1_fr_bad_6,7,64,1,32,1,k1,False,0.28201478719711304,slowfast_r50,hmdb51
bungee_jumping_compilation_dive_f_cm_np1_ri_med_1,7,78,1,32,1,k1,False,0.2525692582130432,slowfast_r50,hmdb51
Parkour_dive_u_cm_np1_fr_bad_0,7,79,1,32,1,k1,False,0.10025160014629364,slowfast_r50,hmdb51
base_jumping_compilation_3_FMJ_dive_f_cm_np1_ba_bad_3,7,43,1,32,1,k1,True,0.43637341260910034,slowfast_r50,hmdb51
Bungee_Jumping_Europabr_cke_192m_dive_f_cm_np1_ri_bad_2,7,56,1,32,1,k1,False,0.1269444078207016,slowfast_r50,hmdb51
GoalKeeper_Training_2_dive_f_cm_np1_ba_bad_2,7,79,1,32,1,k1,False,0.2817453444004059,slowfast_r50,hmdb51
Hechtsprung_1_dive_f_cm_np1_ba_bad_0,7,38,1,32,1,k1,False,0.03897520527243614,slowfast_r50,hmdb51
TheBoondockSaints_dive_f_cm_np1_ba_bad_39,7,50,1,32,1,k1,True,0.6707710027694702,slowfast_r50,hmdb51
96_Meter_Bungy-Jump__Jauntal_03_dive_f_cm_np1_ri_bad_0,7,114,1,32,1,k1,False,0.457302987575531,slowfast_r50,hmdb51
Lektion_3__-_Das_Haare_b_rsten_brush_hair_h_nm_np1_fr_med_2,0,370,2,32,2,k2,False,0.3434339463710785,slowfast_r50,hmdb51
April_09_brush_hair_u_nm_np1_ba_goo_0,0,409,2,32,2,k2,True,0.938421905040741,slowfast_r50,hmdb51
Prelinger_HabitPat1954_brush_hair_u_cm_np1_le_med_10,0,276,2,32,2,k2,False,0.808758556842804,slowfast_r50,hmdb51
me_brushing_my_hair_lol_i_was_being_silly_brush_hair_u_nm_np1_ri_goo_3,0,382,2,32,2,k2,True,0.6968298554420471,slowfast_r50,hmdb51
red_head_brush_hair_u_cm_np1_le_goo_2,0,185,2,32,2,k2,False,0.4386007487773895,slowfast_r50,hmdb51
Brushing_Her_Hair__[_NEW_AUDIO_]_UPDATED!!!!_brush_hair_h_cm_np1_le_goo_3,0,105,2,32,2,k2,True,0.8019295930862427,slowfast_r50,hmdb51
brushing_raychel_s_hair_brush_hair_u_cm_np2_ri_goo_2,0,276,2,32,2,k2,True,0.4186703562736511,slowfast_r50,hmdb51
red_head_brush_hair_u_cm_np1_ba_goo_0,0,277,2,32,2,k2,True,0.6185334324836731,slowfast_r50,hmdb51
Slave_brush_my_hair_brush_hair_u_cm_np2_le_goo_2,0,348,2,32,2,k2,False,0.36910903453826904,slowfast_r50,hmdb51
Brushing_hair__the_right_way_brush_hair_u_nm_np1_fr_goo_1,0,228,2,32,2,k2,False,0.20812025666236877,slowfast_r50,hmdb51
brush_my_hair_without_wearing_the_glasses_brush_hair_u_nm_np1_fr_goo_0,0,456,2,32,2,k2,True,0.9814727306365967,slowfast_r50,hmdb51
can_somebody_just_brush_my_hair!_brush_hair_u_cm_np2_ri_med_0,0,382,2,32,2,k2,False,0.9756331443786621,slowfast_r50,hmdb51
indianrapunzels_com---silky_long_hair_brushing_brush_hair_u_cm_np2_ri_goo_1,0,307,2,32,2,k2,False,0.42945438623428345,slowfast_r50,hmdb51
Haarek_mmen_brush_hair_h_cm_np1_fr_goo_0,0,411,2,32,2,k2,False,0.9918539524078369,slowfast_r50,hmdb51
brushing_jrs_hair_brush_hair_u_cm_np2_le_goo_1,0,282,2,32,2,k2,False,0.4062656760215759,slowfast_r50,hmdb51
Brushing_Her_Hair__[_NEW_AUDIO_]_UPDATED!!!!_brush_hair_h_cm_np1_le_goo_1,0,144,2,32,2,k2,False,0.34154802560806274,slowfast_r50,hmdb51
Beim_Radschlag_Hose_gerissen_(Nick)_xD_cartwheel_f_cm_np1_ri_med_0,1,80,2,32,2,k2,False,0.783393144607544,slowfast_r50,hmdb51
Jessica_and_Gregs_Cartwheel_Competition_cartwheel_f_cm_np1_ri_med_2,1,81,2,32,2,k2,False,0.13090433180332184,slowfast_r50,hmdb51
CarTwHeeL_PerFecT_cartwheel_f_cm_np1_le_med_0,1,89,2,32,2,k2,False,0.8211632370948792,slowfast_r50,hmdb51
Gymnastics__-_Steps_to_Do_a_Cartwheel_cartwheel_f_nm_np1_le_med_0,1,112,2,32,2,k2,False,0.24890480935573578,slowfast_r50,hmdb51
Cartwheel_Contest_cartwheel_f_cm_np1_fr_med_4,1,80,2,32,2,k2,True,0.25223490595817566,slowfast_r50,hmdb51
Jennis_Bodenk_r_cartwheel_f_cm_np1_fr_med_3,1,81,2,32,2,k2,False,0.3295261859893799,slowfast_r50,hmdb51
Bodenturnen_2004_cartwheel_f_cm_np1_le_med_4,1,43,2,32,2,k2,False,0.09497567266225815,slowfast_r50,hmdb51
Zwei_hoffnungslose_Pflegef_lle_beim_Turnen(Part4)_cartwheel_f_cm_np1_ri_bad_0,1,92,2,32,2,k2,False,0.2832144796848297,slowfast_r50,hmdb51
lea_kann_radschlag_cartwheel_f_cm_np1_ri_med_0,1,91,2,32,2,k2,False,0.2643466591835022,slowfast_r50,hmdb51
Bodenturnen_cartwheel_f_cm_np1_le_med_3,1,125,2,32,2,k2,False,0.23385383188724518,slowfast_r50,hmdb51
Cartwheel_Competition_cartwheel_f_cm_np1_le_med_0,1,70,2,32,2,k2,False,0.9711167216300964,slowfast_r50,hmdb51
Monikas_Staatsexamen__Turnen_cartwheel_f_cm_np1_ri_med_4,1,81,2,32,2,k2,False,0.09393007308244705,slowfast_r50,hmdb51
Zwei_hoffnungslose_Pflegef_lle_beim_Turnen(Part2)_cartwheel_f_cm_np1_le_bad_0,1,103,2,32,2,k2,False,0.5680619478225708,slowfast_r50,hmdb51
Bayer__Meisterin_Teresa_Stadler_cartwheel_f_cm_np1_le_med_0,1,43,2,32,2,k2,False,0.12464072555303574,slowfast_r50,hmdb51
How_to_do_a_Cartwheel_cartwheel_f_nm_np1_le_med_1,1,100,2,32,2,k2,False,0.6089697480201721,slowfast_r50,hmdb51
cartwheel_challange_cartwheel_f_cm_np2_le_med_1,1,59,2,32,2,k2,False,0.3231174945831299,slowfast_r50,hmdb51
Florian_Fromlowitz_beim_Training_der_U_21_Nationalmannschaft_catch_u_cm_np1_le_med_3,2,36,2,32,2,k2,True,0.9941678047180176,slowfast_r50,hmdb51
Torwarttraining_Arminia_Bielefeld_catch_f_cm_np1_le_med_8,2,34,2,32,2,k2,True,0.9993810653686523,slowfast_r50,hmdb51
Torwarttraining_Arminia_Bielefeld_catch_f_cm_np1_le_med_6,2,37,2,32,2,k2,True,0.9854795336723328,slowfast_r50,hmdb51
Torwarttraining_Arminia_Bielefeld_catch_f_cm_np1_ba_med_0,2,37,2,32,2,k2,True,0.9980463981628418,slowfast_r50,hmdb51
Torwarttraining_2_(_sterreich)_catch_f_cm_np1_le_med_3,2,37,2,32,2,k2,True,0.998038113117218,slowfast_r50,hmdb51
Torwarttraining_3_(_sterreich)_catch_f_nm_np1_fr_med_5,2,37,2,32,2,k2,True,0.9775440096855164,slowfast_r50,hmdb51
Goalkeeper_Training_Day_#_2_catch_f_cm_np1_ba_bad_5,2,34,2,32,2,k2,True,0.9998070597648621,slowfast_r50,hmdb51
Goalkeeper_Training_Day_#_2_catch_f_cm_np1_fr_bad_2,2,38,2,32,2,k2,True,0.964516818523407,slowfast_r50,hmdb51
Ballfangen_catch_u_cm_np1_fr_goo_1,2,37,2,32,2,k2,True,0.466901957988739,slowfast_r50,hmdb51
Goalkeeper_Training_Day_#_7_catch_f_nm_np1_ri_bad_4,2,56,2,32,2,k2,True,0.9456605911254883,slowfast_r50,hmdb51
torwart_de_-_Torwarttraining_Werder_Bremen_catch_f_cm_np1_ba_bad_0,2,41,2,32,2,k2,True,0.993545413017273,slowfast_r50,hmdb51
Torwarttraining_catch_u_cm_np1_ri_med_2,2,34,2,32,2,k2,True,0.32278963923454285,slowfast_r50,hmdb51
torwart_de_-_Torwarttraining_Werder_Bremen_catch_f_cm_np1_fr_bad_2,2,47,2,32,2,k2,True,0.9942863583564758,slowfast_r50,hmdb51
Torwarttraining_2_(_sterreich)_catch_f_cm_np1_le_med_5,2,41,2,32,2,k2,True,0.9967702627182007,slowfast_r50,hmdb51
Seldin_Lipovic_-_Willi_Weber__Torwarttraining__catch_f_cm_np1_ba_bad_7,2,49,2,32,2,k2,True,0.9466023445129395,slowfast_r50,hmdb51
Sweet_Candy_Bubbles_chew_h_cm_np1_fr_med_2,3,125,2,32,2,k2,False,0.31276652216911316,slowfast_r50,hmdb51
random_gum_chewing_chew_h_nm_np1_fr_med_1,3,90,2,32,2,k2,False,0.4207198917865753,slowfast_r50,hmdb51
Big_League_Chew_chew_h_nm_np1_fr_goo_1,3,159,2,32,2,k2,False,0.38575977087020874,slowfast_r50,hmdb51
chewing_bubble_gum_chew_h_cm_np1_ri_med_0,3,124,2,32,2,k2,False,0.30509284138679504,slowfast_r50,hmdb51
lol_im_so_weird___BLOWIN_BUBBLE_GUM__oops_i_burped_at_the_end_my_bad_lol_chew_h_nm_np1_fr_med_2,3,79,2,32,2,k2,False,0.2121027708053589,slowfast_r50,hmdb51
chewing_gum_1_chew_h_nm_np1_fr_goo_0,3,79,2,32,2,k2,False,0.9826833009719849,slowfast_r50,hmdb51
Loud_Chewing_chew_u_cm_np1_fr_med_1,3,78,2,32,2,k2,False,0.8656827807426453,slowfast_r50,hmdb51
WeddingCrashers_chew_h_nm_np1_fr_goo_6,3,53,2,32,2,k2,False,0.2873181998729706,slowfast_r50,hmdb51
LittleChildren_chew_h_nm_np1_fr_goo_7,3,81,2,32,2,k2,False,0.7600451707839966,slowfast_r50,hmdb51
Dubble_bubble_compilation_-_all_on_8_pieces_chew_h_nm_np1_fr_med_2,3,119,2,32,2,k2,True,0.6666063666343689,slowfast_r50,hmdb51
Dubble_bubble_compilation_-_all_on_8_pieces_chew_h_nm_np1_fr_med_0,3,73,2,32,2,k2,False,0.3904017508029938,slowfast_r50,hmdb51
TheBoondockSaints_chew_u_nm_np1_fr_med_46,3,74,2,32,2,k2,False,0.5674154758453369,slowfast_r50,hmdb51
Scott_Can_t_Make_His_Bubblegum_Pop_chew_h_nm_np1_fr_med_2,3,90,2,32,2,k2,False,0.9973147511482239,slowfast_r50,hmdb51
chewing_gum_2_chew_h_cm_np1_fr_med_0,3,90,2,32,2,k2,False,0.4994797110557556,slowfast_r50,hmdb51
Bubble_blowing_3!_chew_h_nm_np1_le_bad_1,3,100,2,32,2,k2,False,0.9194280505180359,slowfast_r50,hmdb51
Double_bubble_in_one_big_bubble_-D_chew_h_nm_np1_fr_goo_2,3,88,2,32,2,k2,False,0.9989282488822937,slowfast_r50,hmdb51
Boom_Snap_Clap_clap_u_nm_np1_fr_med_1,4,80,2,32,2,k2,False,0.3148418664932251,slowfast_r50,hmdb51
The_Slow_Clap_clap_u_nm_np2_fr_med_23,4,30,2,32,2,k2,False,0.7155364155769348,slowfast_r50,hmdb51
Standing_clap_f_cm_np1_fr_med_1,4,80,2,32,2,k2,False,0.32289737462997437,slowfast_r50,hmdb51
Deutscher_Klatsch_-_The_Clap_-_Lexy_clap_f_cm_np2_ba_med_2,4,41,2,32,2,k2,False,0.050461605191230774,slowfast_r50,hmdb51
Theslowclap1_clap_f_cm_np1_fr_med_0,4,72,2,32,2,k2,False,0.1347527652978897,slowfast_r50,hmdb51
slowclap_clap_u_nm_np1_fr_goo_0,4,268,2,32,2,k2,False,0.4285816550254822,slowfast_r50,hmdb51
The_Slow_Clap_clap_u_nm_np1_fr_med_1,4,80,2,32,2,k2,False,0.6460920572280884,slowfast_r50,hmdb51
The_Slow_Clap_clap_u_nm_np2_fr_med_8,4,65,2,32,2,k2,True,0.19048553705215454,slowfast_r50,hmdb51
Boom__Snap__Clap!_(Challenge)_clap_u_nm_np1_fr_med_0,4,79,2,32,2,k2,True,0.33421969413757324,slowfast_r50,hmdb51
Faith_Rewarded_clap_u_cm_np1_ri_goo_1,4,53,2,32,2,k2,False,0.9508188366889954,slowfast_r50,hmdb51
Veoh_Alpha_Dog_1_clap_u_nm_np1_fr_goo_62,4,55,2,32,2,k2,False,0.6602199673652649,slowfast_r50,hmdb51
RE-_Boom_Snap_Clap_clap_u_nm_np1_fr_med_1,4,79,2,32,2,k2,True,0.7385770678520203,slowfast_r50,hmdb51
Budam_-_Clap_Hands_clap_u_nm_np1_fr_med_0,4,78,2,32,2,k2,False,0.14774875342845917,slowfast_r50,hmdb51
_Boom_Snap_Clap__challenge_clap_u_nm_np1_fr_med_1,4,79,2,32,2,k2,False,0.7871214151382446,slowfast_r50,hmdb51
The_Slow_Clap_clap_u_nm_np1_fr_med_14,4,79,2,32,2,k2,False,0.5039428472518921,slowfast_r50,hmdb51
The_Slow_Clap_clap_u_nm_np1_fr_med_2,4,25,2,32,2,k2,False,0.4589138925075531,slowfast_r50,hmdb51
Hand_Clapping_Game__Bim_Bum__clap_f_nm_np2_fr_med_2,4,79,2,32,2,k2,False,0.15243645012378693,slowfast_r50,hmdb51
#20_Rhythm_clap_u_nm_np1_le_goo_3,4,79,2,32,2,k2,True,0.43422362208366394,slowfast_r50,hmdb51
Deutscher_Klatsch_-_The_Clap_-_Lexy_clap_f_cm_np3_fr_med_9,4,78,2,32,2,k2,True,0.3824734389781952,slowfast_r50,hmdb51
Kletter-WM_2005-_Bouldern_Finale_Herren__Serik_Kazbekov_climb_f_cm_np1_ba_med_0,5,154,2,32,2,k2,True,0.8501118421554565,slowfast_r50,hmdb51
Kletter-WM_2005-_Speed_Achtelfinale_Herren_Minatchev_Hroza_climb_f_cm_np2_ba_med_0,5,79,2,32,2,k2,False,0.2064231038093567,slowfast_r50,hmdb51
Pole_climbing_World_Championships_climb_f_nm_np1_ba_med_1,5,77,2,32,2,k2,False,0.5199996829032898,slowfast_r50,hmdb51
(HQ)_Rock_Climbing_-_Free_Solo_Speed_Climb_-_Dan_Osman_climb_f_cm_np1_le_med_3,5,197,2,32,2,k2,True,0.988906979560852,slowfast_r50,hmdb51
Jez__roof_climbing_in_Mile_End_climb_f_cm_np1_ba_med_2,5,210,2,32,2,k2,False,0.7840262651443481,slowfast_r50,hmdb51
Climbing_roof_in_TCA_climb_f_cm_np1_ba_med_1,5,232,2,32,2,k2,True,0.8962894678115845,slowfast_r50,hmdb51
DM_Sportklettern_2006-_Qualifikation_-_Andreas_Bindhammer_climb_f_cm_np1_ba_med_2,5,176,2,32,2,k2,True,0.6821745038032532,slowfast_r50,hmdb51
(HQ)_Rock_Climbing_-_Free_Solo_Speed_Climb_-_Dan_Osman_climb_f_cm_np1_le_med_1,5,129,2,32,2,k2,True,0.9991138577461243,slowfast_r50,hmdb51
Julius_Haushammer___Klettern_und_Bouldern___1979_climb_f_cm_np1_ba_med_1,5,130,2,32,2,k2,True,0.9893440008163452,slowfast_r50,hmdb51
Jez__roof_climbing_in_Mile_End_climb_f_cm_np1_ba_med_0,5,131,2,32,2,k2,True,0.19660967588424683,slowfast_r50,hmdb51
Pole_climbing_World_Championships_climb_f_cm_np1_le_med_3,5,77,2,32,2,k2,False,0.10367310047149658,slowfast_r50,hmdb51
Klettern_by_Kurt_Hackner_climb_f_cm_np1_ba_med_0,5,119,2,32,2,k2,True,0.7965468764305115,slowfast_r50,hmdb51
Climbing_roof_in_TCA_climb_f_cm_np1_ba_med_2,5,628,2,32,2,k2,True,0.752760112285614,slowfast_r50,hmdb51
Amazing_Wall_Climber_(Must_be_Seen_to_Be_Believed!)_climb_f_cm_np1_ba_bad_1,5,471,2,32,2,k2,True,0.9632312059402466,slowfast_r50,hmdb51
Mexican_Climbing_Fence_climb_f_cm_np1_ba_med_2,5,79,2,32,2,k2,False,0.2850058376789093,slowfast_r50,hmdb51
Bristol_UCR_roof_climb_climb_f_cm_np1_ba_bad_2,5,352,2,32,2,k2,True,0.992059588432312,slowfast_r50,hmdb51
Fellowship_6_climb_stairs_f_nm_np1_ba_bad_4,6,93,2,32,2,k2,True,0.9503888487815857,slowfast_r50,hmdb51
Empire_State_Building_Run-Up_climb_stairs_f_cm_np1_ba_med_3,6,78,2,32,2,k2,True,0.9926748871803284,slowfast_r50,hmdb51
Braune_Stiefel_brown_boots_hot_high_heels_Treppen_steigen_Down-_and_upstairs_climb_stairs_l_cm_np1_ri_med_3,6,78,2,32,2,k2,True,0.6998634338378906,slowfast_r50,hmdb51
TheLastManOnearth_climb_stairs_f_nm_np1_ba_med_56,6,48,2,32,2,k2,False,0.6138625144958496,slowfast_r50,hmdb51
Micah_Lacerte_Running_Stairs___Great_cardio_for_fat_loss_climb_stairs_f_cm_np1_ba_med_4,6,79,2,32,2,k2,True,0.6866099834442139,slowfast_r50,hmdb51
Jerry_Lewis_Cinderfella_dance_climb_stairs_f_nm_np1_fr_bad_1,6,80,2,32,2,k2,False,0.6246005892753601,slowfast_r50,hmdb51
treppensteigen_1_climb_stairs_f_cm_np2_fr_med_2,6,79,2,32,2,k2,False,0.17414595186710358,slowfast_r50,hmdb51
Narcotic1967256kb_climb_stairs_f_nm_np1_ba_med_0,6,81,2,32,2,k2,False,0.12437640130519867,slowfast_r50,hmdb51
Return_of_the_King_4_climb_stairs_f_cm_np1_ba_bad_6,6,103,2,32,2,k2,False,0.27639490365982056,slowfast_r50,hmdb51
Treppen_steigen_climb_stairs_f_cm_np1_le_bad_8,6,88,2,32,2,k2,False,0.19024471938610077,slowfast_r50,hmdb51
Sports_Training_-_Speed_Workouts_-_Stair_Running_climb_stairs_f_nm_np1_ba_med_2,6,77,2,32,2,k2,True,0.44611042737960815,slowfast_r50,hmdb51
Empire_State_Building_Run-Up_climb_stairs_f_cm_np1_ba_med_1,6,78,2,32,2,k2,True,0.9933846592903137,slowfast_r50,hmdb51
TheLastManOnearth_climb_stairs_f_cm_np1_ba_med_33,6,53,2,32,2,k2,False,0.5155460834503174,slowfast_r50,hmdb51
GuardiansOfO256kb_climb_stairs_f_cm_np1_ba_med_0,6,175,2,32,2,k2,False,0.4725111722946167,slowfast_r50,hmdb51
Stairway_to_fitness_climb_stairs_f_nm_np1_fr_med_0,6,79,2,32,2,k2,True,0.961824357509613,slowfast_r50,hmdb51
Running_Up_Stairs_climb_stairs_l_nm_np1_ba_med_2,6,79,2,32,2,k2,False,0.2754943072795868,slowfast_r50,hmdb51
GoalKeeper_Training_2_dive_f_cm_np1_le_bad_12,7,63,2,32,2,k2,False,0.39527222514152527,slowfast_r50,hmdb51
Butcho_dive_f_cm_np1_fr_bad_0,7,34,2,32,2,k2,True,0.3692552447319031,slowfast_r50,hmdb51
Dive_Roll_dive_u_cm_np1_fr_bad_2,7,64,2,32,2,k2,True,0.9697464108467102,slowfast_r50,hmdb51
Matze_-_Wanne_mit_Angriff_-_Butcho_K_pfer_-_1m_dive_f_cm_np1_fr_bad_0,7,53,2,32,2,k2,True,0.4033622145652771,slowfast_r50,hmdb51
Bungee_Jumping_in_Switzerland_-_Compilation_Part_1_dive_f_cm_np1_fr_bad_1,7,61,2,32,2,k2,True,0.9798765182495117,slowfast_r50,hmdb51
Pirates_5_dive_f_cm_np1_fr_bad_6,7,64,2,32,2,k2,False,0.12256244570016861,slowfast_r50,hmdb51
bungee_jumping_compilation_dive_f_cm_np1_ri_med_1,7,78,2,32,2,k2,True,0.12257041037082672,slowfast_r50,hmdb51
Parkour_dive_u_cm_np1_fr_bad_0,7,79,2,32,2,k2,False,0.09566756337881088,slowfast_r50,hmdb51
base_jumping_compilation_3_FMJ_dive_f_cm_np1_ba_bad_3,7,43,2,32,2,k2,True,0.591375470161438,slowfast_r50,hmdb51
Bungee_Jumping_Europabr_cke_192m_dive_f_cm_np1_ri_bad_2,7,56,2,32,2,k2,True,0.8391497135162354,slowfast_r50,hmdb51
GoalKeeper_Training_2_dive_f_cm_np1_ba_bad_2,7,79,2,32,2,k2,False,0.22101159393787384,slowfast_r50,hmdb51
Hechtsprung_1_dive_f_cm_np1_ba_bad_0,7,38,2,32,2,k2,True,0.17144572734832764,slowfast_r50,hmdb51
TheBoondockSaints_dive_f_cm_np1_ba_bad_39,7,50,2,32,2,k2,True,0.7186794877052307,slowfast_r50,hmdb51
96_Meter_Bungy-Jump__Jauntal_03_dive_f_cm_np1_ri_bad_0,7,114,2,32,2,k2,False,0.574687659740448,slowfast_r50,hmdb51
Lektion_3__-_Das_Haare_b_rsten_brush_hair_h_nm_np1_fr_med_2,0,370,4,32,4,k4,True,0.7036814093589783,slowfast_r50,hmdb51
April_09_brush_hair_u_nm_np1_ba_goo_0,0,409,4,32,4,k4,True,0.9595217108726501,slowfast_r50,hmdb51
Prelinger_HabitPat1954_brush_hair_u_cm_np1_le_med_10,0,276,4,32,4,k4,False,0.4828340411186218,slowfast_r50,hmdb51
me_brushing_my_hair_lol_i_was_being_silly_brush_hair_u_nm_np1_ri_goo_3,0,382,4,32,4,k4,False,0.42776820063591003,slowfast_r50,hmdb51
red_head_brush_hair_u_cm_np1_le_goo_2,0,185,4,32,4,k4,False,0.35803350806236267,slowfast_r50,hmdb51
Brushing_Her_Hair__[_NEW_AUDIO_]_UPDATED!!!!_brush_hair_h_cm_np1_le_goo_3,0,105,4,32,4,k4,True,0.7903812527656555,slowfast_r50,hmdb51
brushing_raychel_s_hair_brush_hair_u_cm_np2_ri_goo_2,0,276,4,32,4,k4,True,0.31641921401023865,slowfast_r50,hmdb51
red_head_brush_hair_u_cm_np1_ba_goo_0,0,277,4,32,4,k4,True,0.7805542349815369,slowfast_r50,hmdb51
Slave_brush_my_hair_brush_hair_u_cm_np2_le_goo_2,0,348,4,32,4,k4,False,0.4070432484149933,slowfast_r50,hmdb51
Brushing_hair__the_right_way_brush_hair_u_nm_np1_fr_goo_1,0,228,4,32,4,k4,True,0.46344414353370667,slowfast_r50,hmdb51
brush_my_hair_without_wearing_the_glasses_brush_hair_u_nm_np1_fr_goo_0,0,456,4,32,4,k4,True,0.9543094038963318,slowfast_r50,hmdb51
can_somebody_just_brush_my_hair!_brush_hair_u_cm_np2_ri_med_0,0,382,4,32,4,k4,False,0.8989716172218323,slowfast_r50,hmdb51
indianrapunzels_com---silky_long_hair_brushing_brush_hair_u_cm_np2_ri_goo_1,0,307,4,32,4,k4,False,0.19752804934978485,slowfast_r50,hmdb51
Haarek_mmen_brush_hair_h_cm_np1_fr_goo_0,0,411,4,32,4,k4,False,0.7014479637145996,slowfast_r50,hmdb51
brushing_jrs_hair_brush_hair_u_cm_np2_le_goo_1,0,282,4,32,4,k4,False,0.4246756136417389,slowfast_r50,hmdb51
Brushing_Her_Hair__[_NEW_AUDIO_]_UPDATED!!!!_brush_hair_h_cm_np1_le_goo_1,0,144,4,32,4,k4,False,0.6930661201477051,slowfast_r50,hmdb51
Beim_Radschlag_Hose_gerissen_(Nick)_xD_cartwheel_f_cm_np1_ri_med_0,1,80,4,32,4,k4,False,0.5571265816688538,slowfast_r50,hmdb51
Jessica_and_Gregs_Cartwheel_Competition_cartwheel_f_cm_np1_ri_med_2,1,81,4,32,4,k4,True,0.18182909488677979,slowfast_r50,hmdb51
CarTwHeeL_PerFecT_cartwheel_f_cm_np1_le_med_0,1,89,4,32,4,k4,False,0.8740115165710449,slowfast_r50,hmdb51
Gymnastics__-_Steps_to_Do_a_Cartwheel_cartwheel_f_nm_np1_le_med_0,1,112,4,32,4,k4,False,0.7044000625610352,slowfast_r50,hmdb51
Cartwheel_Contest_cartwheel_f_cm_np1_fr_med_4,1,80,4,32,4,k4,True,0.9188750386238098,slowfast_r50,hmdb51
Jennis_Bodenk_r_cartwheel_f_cm_np1_fr_med_3,1,81,4,32,4,k4,False,0.5401091575622559,slowfast_r50,hmdb51
Bodenturnen_2004_cartwheel_f_cm_np1_le_med_4,1,43,4,32,4,k4,False,0.15504679083824158,slowfast_r50,hmdb51
Zwei_hoffnungslose_Pflegef_lle_beim_Turnen(Part4)_cartwheel_f_cm_np1_ri_bad_0,1,92,4,32,4,k4,False,0.26647332310676575,slowfast_r50,hmdb51
lea_kann_radschlag_cartwheel_f_cm_np1_ri_med_0,1,91,4,32,4,k4,False,0.19907942414283752,slowfast_r50,hmdb51
Bodenturnen_cartwheel_f_cm_np1_le_med_3,1,125,4,32,4,k4,True,0.22339533269405365,slowfast_r50,hmdb51
Cartwheel_Competition_cartwheel_f_cm_np1_le_med_0,1,70,4,32,4,k4,False,0.836698591709137,slowfast_r50,hmdb51
Monikas_Staatsexamen__Turnen_cartwheel_f_cm_np1_ri_med_4,1,81,4,32,4,k4,False,0.2533935606479645,slowfast_r50,hmdb51
Zwei_hoffnungslose_Pflegef_lle_beim_Turnen(Part2)_cartwheel_f_cm_np1_le_bad_0,1,103,4,32,4,k4,False,0.3335569500923157,slowfast_r50,hmdb51
Bayer__Meisterin_Teresa_Stadler_cartwheel_f_cm_np1_le_med_0,1,43,4,32,4,k4,False,0.5032802224159241,slowfast_r50,hmdb51
How_to_do_a_Cartwheel_cartwheel_f_nm_np1_le_med_1,1,100,4,32,4,k4,False,0.2996681332588196,slowfast_r50,hmdb51
cartwheel_challange_cartwheel_f_cm_np2_le_med_1,1,59,4,32,4,k4,False,0.6484513878822327,slowfast_r50,hmdb51
Florian_Fromlowitz_beim_Training_der_U_21_Nationalmannschaft_catch_u_cm_np1_le_med_3,2,36,4,32,4,k4,True,0.9982701539993286,slowfast_r50,hmdb51
Torwarttraining_Arminia_Bielefeld_catch_f_cm_np1_le_med_8,2,34,4,32,4,k4,True,0.9999253749847412,slowfast_r50,hmdb51
Torwarttraining_Arminia_Bielefeld_catch_f_cm_np1_le_med_6,2,37,4,32,4,k4,True,0.9992153644561768,slowfast_r50,hmdb51
Torwarttraining_Arminia_Bielefeld_catch_f_cm_np1_ba_med_0,2,37,4,32,4,k4,True,0.9993019104003906,slowfast_r50,hmdb51
Torwarttraining_2_(_sterreich)_catch_f_cm_np1_le_med_3,2,37,4,32,4,k4,True,0.9994926452636719,slowfast_r50,hmdb51
Torwarttraining_3_(_sterreich)_catch_f_nm_np1_fr_med_5,2,37,4,32,4,k4,True,0.9925876259803772,slowfast_r50,hmdb51
Goalkeeper_Training_Day_#_2_catch_f_cm_np1_ba_bad_5,2,34,4,32,4,k4,True,0.9999847412109375,slowfast_r50,hmdb51
Goalkeeper_Training_Day_#_2_catch_f_cm_np1_fr_bad_2,2,38,4,32,4,k4,True,0.9334970712661743,slowfast_r50,hmdb51
Ballfangen_catch_u_cm_np1_fr_goo_1,2,37,4,32,4,k4,True,0.963570773601532,slowfast_r50,hmdb51
Goalkeeper_Training_Day_#_7_catch_f_nm_np1_ri_bad_4,2,56,4,32,4,k4,True,0.9712957143783569,slowfast_r50,hmdb51
torwart_de_-_Torwarttraining_Werder_Bremen_catch_f_cm_np1_ba_bad_0,2,41,4,32,4,k4,True,0.999010443687439,slowfast_r50,hmdb51
Torwarttraining_catch_u_cm_np1_ri_med_2,2,34,4,32,4,k4,True,0.8808378577232361,slowfast_r50,hmdb51
torwart_de_-_Torwarttraining_Werder_Bremen_catch_f_cm_np1_fr_bad_2,2,47,4,32,4,k4,True,0.9988191723823547,slowfast_r50,hmdb51
Torwarttraining_2_(_sterreich)_catch_f_cm_np1_le_med_5,2,41,4,32,4,k4,True,0.993811309337616,slowfast_r50,hmdb51
Seldin_Lipovic_-_Willi_Weber__Torwarttraining__catch_f_cm_np1_ba_bad_7,2,49,4,32,4,k4,True,0.9898484349250793,slowfast_r50,hmdb51
Sweet_Candy_Bubbles_chew_h_cm_np1_fr_med_2,3,125,4,32,4,k4,False,0.2629566490650177,slowfast_r50,hmdb51
random_gum_chewing_chew_h_nm_np1_fr_med_1,3,90,4,32,4,k4,False,0.36734285950660706,slowfast_r50,hmdb51
Big_League_Chew_chew_h_nm_np1_fr_goo_1,3,159,4,32,4,k4,True,0.18969954550266266,slowfast_r50,hmdb51
chewing_bubble_gum_chew_h_cm_np1_ri_med_0,3,124,4,32,4,k4,False,0.3981635272502899,slowfast_r50,hmdb51
lol_im_so_weird___BLOWIN_BUBBLE_GUM__oops_i_burped_at_the_end_my_bad_lol_chew_h_nm_np1_fr_med_2,3,79,4,32,4,k4,True,0.29996687173843384,slowfast_r50,hmdb51
chewing_gum_1_chew_h_nm_np1_fr_goo_0,3,79,4,32,4,k4,False,0.96397864818573,slowfast_r50,hmdb51
Loud_Chewing_chew_u_cm_np1_fr_med_1,3,78,4,32,4,k4,False,0.43518921732902527,slowfast_r50,hmdb51
WeddingCrashers_chew_h_nm_np1_fr_goo_6,3,53,4,32,4,k4,False,0.09514778107404709,slowfast_r50,hmdb51
LittleChildren_chew_h_nm_np1_fr_goo_7,3,81,4,32,4,k4,False,0.7215134501457214,slowfast_r50,hmdb51
Dubble_bubble_compilation_-_all_on_8_pieces_chew_h_nm_np1_fr_med_2,3,119,4,32,4,k4,True,0.7453058362007141,slowfast_r50,hmdb51
Dubble_bubble_compilation_-_all_on_8_pieces_chew_h_nm_np1_fr_med_0,3,73,4,32,4,k4,True,0.9026003479957581,slowfast_r50,hmdb51
TheBoondockSaints_chew_u_nm_np1_fr_med_46,3,74,4,32,4,k4,False,0.29178282618522644,slowfast_r50,hmdb51
Scott_Can_t_Make_His_Bubblegum_Pop_chew_h_nm_np1_fr_med_2,3,90,4,32,4,k4,False,0.9995569586753845,slowfast_r50,hmdb51
chewing_gum_2_chew_h_cm_np1_fr_med_0,3,90,4,32,4,k4,False,0.6539900898933411,slowfast_r50,hmdb51
Bubble_blowing_3!_chew_h_nm_np1_le_bad_1,3,100,4,32,4,k4,False,0.766225278377533,slowfast_r50,hmdb51
Double_bubble_in_one_big_bubble_-D_chew_h_nm_np1_fr_goo_2,3,88,4,32,4,k4,False,0.9954133629798889,slowfast_r50,hmdb51
Boom_Snap_Clap_clap_u_nm_np1_fr_med_1,4,80,4,32,4,k4,False,0.376522958278656,slowfast_r50,hmdb51
The_Slow_Clap_clap_u_nm_np2_fr_med_23,4,30,4,32,4,k4,False,0.4887688159942627,slowfast_r50,hmdb51
Standing_clap_f_cm_np1_fr_med_1,4,80,4,32,4,k4,False,0.4257248342037201,slowfast_r50,hmdb51
Deutscher_Klatsch_-_The_Clap_-_Lexy_clap_f_cm_np2_ba_med_2,4,41,4,32,4,k4,False,0.11276836693286896,slowfast_r50,hmdb51
Theslowclap1_clap_f_cm_np1_fr_med_0,4,72,4,32,4,k4,False,0.15921255946159363,slowfast_r50,hmdb51
slowclap_clap_u_nm_np1_fr_goo_0,4,268,4,32,4,k4,False,0.2243269681930542,slowfast_r50,hmdb51
The_Slow_Clap_clap_u_nm_np1_fr_med_1,4,80,4,32,4,k4,False,0.49063801765441895,slowfast_r50,hmdb51
The_Slow_Clap_clap_u_nm_np2_fr_med_8,4,65,4,32,4,k4,False,0.9867143034934998,slowfast_r50,hmdb51
Boom__Snap__Clap!_(Challenge)_clap_u_nm_np1_fr_med_0,4,79,4,32,4,k4,True,0.7474403977394104,slowfast_r50,hmdb51
Faith_Rewarded_clap_u_cm_np1_ri_goo_1,4,53,4,32,4,k4,False,0.8513907790184021,slowfast_r50,hmdb51
Veoh_Alpha_Dog_1_clap_u_nm_np1_fr_goo_62,4,55,4,32,4,k4,False,0.40615159273147583,slowfast_r50,hmdb51
RE-_Boom_Snap_Clap_clap_u_nm_np1_fr_med_1,4,79,4,32,4,k4,True,0.9717113375663757,slowfast_r50,hmdb51
Budam_-_Clap_Hands_clap_u_nm_np1_fr_med_0,4,78,4,32,4,k4,True,0.8256428241729736,slowfast_r50,hmdb51
_Boom_Snap_Clap__challenge_clap_u_nm_np1_fr_med_1,4,79,4,32,4,k4,False,0.5669324994087219,slowfast_r50,hmdb51
The_Slow_Clap_clap_u_nm_np1_fr_med_14,4,79,4,32,4,k4,True,0.33441200852394104,slowfast_r50,hmdb51
The_Slow_Clap_clap_u_nm_np1_fr_med_2,4,25,4,32,4,k4,False,0.21483755111694336,slowfast_r50,hmdb51
Hand_Clapping_Game__Bim_Bum__clap_f_nm_np2_fr_med_2,4,79,4,32,4,k4,True,0.965302050113678,slowfast_r50,hmdb51
#20_Rhythm_clap_u_nm_np1_le_goo_3,4,79,4,32,4,k4,True,0.9998841285705566,slowfast_r50,hmdb51
Deutscher_Klatsch_-_The_Clap_-_Lexy_clap_f_cm_np3_fr_med_9,4,78,4,32,4,k4,True,0.48895272612571716,slowfast_r50,hmdb51
Kletter-WM_2005-_Bouldern_Finale_Herren__Serik_Kazbekov_climb_f_cm_np1_ba_med_0,5,154,4,32,4,k4,True,0.9795457124710083,slowfast_r50,hmdb51
Kletter-WM_2005-_Speed_Achtelfinale_Herren_Minatchev_Hroza_climb_f_cm_np2_ba_med_0,5,79,4,32,4,k4,True,0.29893776774406433,slowfast_r50,hmdb51
Pole_climbing_World_Championships_climb_f_nm_np1_ba_med_1,5,77,4,32,4,k4,False,0.782470703125,slowfast_r50,hmdb51
(HQ)_Rock_Climbing_-_Free_Solo_Speed_Climb_-_Dan_Osman_climb_f_cm_np1_le_med_3,5,197,4,32,4,k4,True,0.9980693459510803,slowfast_r50,hmdb51
Jez__roof_climbing_in_Mile_End_climb_f_cm_np1_ba_med_2,5,210,4,32,4,k4,False,0.8866469860076904,slowfast_r50,hmdb51
Climbing_roof_in_TCA_climb_f_cm_np1_ba_med_1,5,232,4,32,4,k4,True,0.9720335602760315,slowfast_r50,hmdb51
DM_Sportklettern_2006-_Qualifikation_-_Andreas_Bindhammer_climb_f_cm_np1_ba_med_2,5,176,4,32,4,k4,False,0.5738846659660339,slowfast_r50,hmdb51
(HQ)_Rock_Climbing_-_Free_Solo_Speed_Climb_-_Dan_Osman_climb_f_cm_np1_le_med_1,5,129,4,32,4,k4,True,0.9987567663192749,slowfast_r50,hmdb51
Julius_Haushammer___Klettern_und_Bouldern___1979_climb_f_cm_np1_ba_med_1,5,130,4,32,4,k4,True,0.8755137324333191,slowfast_r50,hmdb51
Jez__roof_climbing_in_Mile_End_climb_f_cm_np1_ba_med_0,5,131,4,32,4,k4,True,0.21119187772274017,slowfast_r50,hmdb51
Pole_climbing_World_Championships_climb_f_cm_np1_le_med_3,5,77,4,32,4,k4,False,0.2064032107591629,slowfast_r50,hmdb51
Klettern_by_Kurt_Hackner_climb_f_cm_np1_ba_med_0,5,119,4,32,4,k4,True,0.972542405128479,slowfast_r50,hmdb51
Climbing_roof_in_TCA_climb_f_cm_np1_ba_med_2,5,628,4,32,4,k4,True,0.991817831993103,slowfast_r50,hmdb51
Amazing_Wall_Climber_(Must_be_Seen_to_Be_Believed!)_climb_f_cm_np1_ba_bad_1,5,471,4,32,4,k4,True,0.9943189024925232,slowfast_r50,hmdb51
Mexican_Climbing_Fence_climb_f_cm_np1_ba_med_2,5,79,4,32,4,k4,False,0.10199592262506485,slowfast_r50,hmdb51
Bristol_UCR_roof_climb_climb_f_cm_np1_ba_bad_2,5,352,4,32,4,k4,True,0.9965988993644714,slowfast_r50,hmdb51
Fellowship_6_climb_stairs_f_nm_np1_ba_bad_4,6,93,4,32,4,k4,True,0.9916430711746216,slowfast_r50,hmdb51
Empire_State_Building_Run-Up_climb_stairs_f_cm_np1_ba_med_3,6,78,4,32,4,k4,True,0.9992966651916504,slowfast_r50,hmdb51
Braune_Stiefel_brown_boots_hot_high_heels_Treppen_steigen_Down-_and_upstairs_climb_stairs_l_cm_np1_ri_med_3,6,78,4,32,4,k4,True,0.9153324365615845,slowfast_r50,hmdb51
TheLastManOnearth_climb_stairs_f_nm_np1_ba_med_56,6,48,4,32,4,k4,False,0.9727800488471985,slowfast_r50,hmdb51
Micah_Lacerte_Running_Stairs___Great_cardio_for_fat_loss_climb_stairs_f_cm_np1_ba_med_4,6,79,4,32,4,k4,True,0.7469747066497803,slowfast_r50,hmdb51
Jerry_Lewis_Cinderfella_dance_climb_stairs_f_nm_np1_fr_bad_1,6,80,4,32,4,k4,False,0.40047764778137207,slowfast_r50,hmdb51
treppensteigen_1_climb_stairs_f_cm_np2_fr_med_2,6,79,4,32,4,k4,False,0.16438645124435425,slowfast_r50,hmdb51
Narcotic1967256kb_climb_stairs_f_nm_np1_ba_med_0,6,81,4,32,4,k4,False,0.24044594168663025,slowfast_r50,hmdb51
Return_of_the_King_4_climb_stairs_f_cm_np1_ba_bad_6,6,103,4,32,4,k4,False,0.2719308137893677,slowfast_r50,hmdb51
Treppen_steigen_climb_stairs_f_cm_np1_le_bad_8,6,88,4,32,4,k4,False,0.23254255950450897,slowfast_r50,hmdb51
Sports_Training_-_Speed_Workouts_-_Stair_Running_climb_stairs_f_nm_np1_ba_med_2,6,77,4,32,4,k4,True,0.40017372369766235,slowfast_r50,hmdb51
Empire_State_Building_Run-Up_climb_stairs_f_cm_np1_ba_med_1,6,78,4,32,4,k4,True,0.9888553023338318,slowfast_r50,hmdb51
TheLastManOnearth_climb_stairs_f_cm_np1_ba_med_33,6,53,4,32,4,k4,False,0.7457351088523865,slowfast_r50,hmdb51
GuardiansOfO256kb_climb_stairs_f_cm_np1_ba_med_0,6,175,4,32,4,k4,False,0.49035608768463135,slowfast_r50,hmdb51
Stairway_to_fitness_climb_stairs_f_nm_np1_fr_med_0,6,79,4,32,4,k4,True,0.9967976212501526,slowfast_r50,hmdb51
Running_Up_Stairs_climb_stairs_l_nm_np1_ba_med_2,6,79,4,32,4,k4,True,0.6140753030776978,slowfast_r50,hmdb51
GoalKeeper_Training_2_dive_f_cm_np1_le_bad_12,7,63,4,32,4,k4,False,0.41231125593185425,slowfast_r50,hmdb51
Butcho_dive_f_cm_np1_fr_bad_0,7,34,4,32,4,k4,True,0.6343998908996582,slowfast_r50,hmdb51
Dive_Roll_dive_u_cm_np1_fr_bad_2,7,64,4,32,4,k4,True,0.910053551197052,slowfast_r50,hmdb51
Matze_-_Wanne_mit_Angriff_-_Butcho_K_pfer_-_1m_dive_f_cm_np1_fr_bad_0,7,53,4,32,4,k4,True,0.9342089891433716,slowfast_r50,hmdb51
Bungee_Jumping_in_Switzerland_-_Compilation_Part_1_dive_f_cm_np1_fr_bad_1,7,61,4,32,4,k4,True,0.9988182187080383,slowfast_r50,hmdb51
Pirates_5_dive_f_cm_np1_fr_bad_6,7,64,4,32,4,k4,True,0.9956645369529724,slowfast_r50,hmdb51
bungee_jumping_compilation_dive_f_cm_np1_ri_med_1,7,78,4,32,4,k4,True,0.3028032183647156,slowfast_r50,hmdb51
Parkour_dive_u_cm_np1_fr_bad_0,7,79,4,32,4,k4,False,0.15807871520519257,slowfast_r50,hmdb51
base_jumping_compilation_3_FMJ_dive_f_cm_np1_ba_bad_3,7,43,4,32,4,k4,True,0.5410815477371216,slowfast_r50,hmdb51
Bungee_Jumping_Europabr_cke_192m_dive_f_cm_np1_ri_bad_2,7,56,4,32,4,k4,True,0.9816141128540039,slowfast_r50,hmdb51
GoalKeeper_Training_2_dive_f_cm_np1_ba_bad_2,7,79,4,32,4,k4,True,0.768080472946167,slowfast_r50,hmdb51
Hechtsprung_1_dive_f_cm_np1_ba_bad_0,7,38,4,32,4,k4,True,0.5676271915435791,slowfast_r50,hmdb51
TheBoondockSaints_dive_f_cm_np1_ba_bad_39,7,50,4,32,4,k4,True,0.8864552974700928,slowfast_r50,hmdb51
96_Meter_Bungy-Jump__Jauntal_03_dive_f_cm_np1_ri_bad_0,7,114,4,32,4,k4,True,0.8954482674598694,slowfast_r50,hmdb51
Lektion_3__-_Das_Haare_b_rsten_brush_hair_h_nm_np1_fr_med_2,0,370,8,32,8,k8,False,0.9997732043266296,slowfast_r50,hmdb51
April_09_brush_hair_u_nm_np1_ba_goo_0,0,409,8,32,8,k8,False,0.27202802896499634,slowfast_r50,hmdb51
Prelinger_HabitPat1954_brush_hair_u_cm_np1_le_med_10,0,276,8,32,8,k8,False,0.49749043583869934,slowfast_r50,hmdb51
me_brushing_my_hair_lol_i_was_being_silly_brush_hair_u_nm_np1_ri_goo_3,0,382,8,32,8,k8,False,0.8968185186386108,slowfast_r50,hmdb51
red_head_brush_hair_u_cm_np1_le_goo_2,0,185,8,32,8,k8,False,0.9781090021133423,slowfast_r50,hmdb51
Brushing_Her_Hair__[_NEW_AUDIO_]_UPDATED!!!!_brush_hair_h_cm_np1_le_goo_3,0,105,8,32,8,k8,True,0.6952972412109375,slowfast_r50,hmdb51
brushing_raychel_s_hair_brush_hair_u_cm_np2_ri_goo_2,0,276,8,32,8,k8,False,0.39081260561943054,slowfast_r50,hmdb51
red_head_brush_hair_u_cm_np1_ba_goo_0,0,277,8,32,8,k8,False,0.9837580323219299,slowfast_r50,hmdb51
Slave_brush_my_hair_brush_hair_u_cm_np2_le_goo_2,0,348,8,32,8,k8,False,0.26429060101509094,slowfast_r50,hmdb51
Brushing_hair__the_right_way_brush_hair_u_nm_np1_fr_goo_1,0,228,8,32,8,k8,False,0.3469693660736084,slowfast_r50,hmdb51
brush_my_hair_without_wearing_the_glasses_brush_hair_u_nm_np1_fr_goo_0,0,456,8,32,8,k8,False,0.23437528312206268,slowfast_r50,hmdb51
can_somebody_just_brush_my_hair!_brush_hair_u_cm_np2_ri_med_0,0,382,8,32,8,k8,False,0.3562210500240326,slowfast_r50,hmdb51
indianrapunzels_com---silky_long_hair_brushing_brush_hair_u_cm_np2_ri_goo_1,0,307,8,32,8,k8,False,0.9411399364471436,slowfast_r50,hmdb51
Haarek_mmen_brush_hair_h_cm_np1_fr_goo_0,0,411,8,32,8,k8,False,0.3680533170700073,slowfast_r50,hmdb51
brushing_jrs_hair_brush_hair_u_cm_np2_le_goo_1,0,282,8,32,8,k8,False,0.23654258251190186,slowfast_r50,hmdb51
Brushing_Her_Hair__[_NEW_AUDIO_]_UPDATED!!!!_brush_hair_h_cm_np1_le_goo_1,0,144,8,32,8,k8,False,0.6576225161552429,slowfast_r50,hmdb51
Beim_Radschlag_Hose_gerissen_(Nick)_xD_cartwheel_f_cm_np1_ri_med_0,1,80,8,32,8,k8,False,0.7164364457130432,slowfast_r50,hmdb51
Jessica_and_Gregs_Cartwheel_Competition_cartwheel_f_cm_np1_ri_med_2,1,81,8,32,8,k8,True,0.550869345664978,slowfast_r50,hmdb51
CarTwHeeL_PerFecT_cartwheel_f_cm_np1_le_med_0,1,89,8,32,8,k8,False,0.8452707529067993,slowfast_r50,hmdb51
Gymnastics__-_Steps_to_Do_a_Cartwheel_cartwheel_f_nm_np1_le_med_0,1,112,8,32,8,k8,False,0.47810426354408264,slowfast_r50,hmdb51
Cartwheel_Contest_cartwheel_f_cm_np1_fr_med_4,1,80,8,32,8,k8,True,0.49733930826187134,slowfast_r50,hmdb51
Jennis_Bodenk_r_cartwheel_f_cm_np1_fr_med_3,1,81,8,32,8,k8,False,0.7996181845664978,slowfast_r50,hmdb51
Bodenturnen_2004_cartwheel_f_cm_np1_le_med_4,1,43,8,32,8,k8,False,0.9499601721763611,slowfast_r50,hmdb51
Zwei_hoffnungslose_Pflegef_lle_beim_Turnen(Part4)_cartwheel_f_cm_np1_ri_bad_0,1,92,8,32,8,k8,False,0.8379265666007996,slowfast_r50,hmdb51
lea_kann_radschlag_cartwheel_f_cm_np1_ri_med_0,1,91,8,32,8,k8,False,0.6527484655380249,slowfast_r50,hmdb51
Bodenturnen_cartwheel_f_cm_np1_le_med_3,1,125,8,32,8,k8,False,0.4020523428916931,slowfast_r50,hmdb51
Cartwheel_Competition_cartwheel_f_cm_np1_le_med_0,1,70,8,32,8,k8,False,0.9237545728683472,slowfast_r50,hmdb51
Monikas_Staatsexamen__Turnen_cartwheel_f_cm_np1_ri_med_4,1,81,8,32,8,k8,False,0.9060235023498535,slowfast_r50,hmdb51
Zwei_hoffnungslose_Pflegef_lle_beim_Turnen(Part2)_cartwheel_f_cm_np1_le_bad_0,1,103,8,32,8,k8,False,0.9587646722793579,slowfast_r50,hmdb51
Bayer__Meisterin_Teresa_Stadler_cartwheel_f_cm_np1_le_med_0,1,43,8,32,8,k8,False,0.715855598449707,slowfast_r50,hmdb51
How_to_do_a_Cartwheel_cartwheel_f_nm_np1_le_med_1,1,100,8,32,8,k8,False,0.6242564916610718,slowfast_r50,hmdb51
cartwheel_challange_cartwheel_f_cm_np2_le_med_1,1,59,8,32,8,k8,False,0.7848396301269531,slowfast_r50,hmdb51
Florian_Fromlowitz_beim_Training_der_U_21_Nationalmannschaft_catch_u_cm_np1_le_med_3,2,36,8,32,8,k8,True,0.9993908405303955,slowfast_r50,hmdb51
Torwarttraining_Arminia_Bielefeld_catch_f_cm_np1_le_med_8,2,34,8,32,8,k8,True,0.9999892711639404,slowfast_r50,hmdb51
Torwarttraining_Arminia_Bielefeld_catch_f_cm_np1_le_med_6,2,37,8,32,8,k8,True,0.9999043941497803,slowfast_r50,hmdb51
Torwarttraining_Arminia_Bielefeld_catch_f_cm_np1_ba_med_0,2,37,8,32,8,k8,True,0.9992695450782776,slowfast_r50,hmdb51
Torwarttraining_2_(_sterreich)_catch_f_cm_np1_le_med_3,2,37,8,32,8,k8,True,0.9995003938674927,slowfast_r50,hmdb51
Torwarttraining_3_(_sterreich)_catch_f_nm_np1_fr_med_5,2,37,8,32,8,k8,True,0.9975405931472778,slowfast_r50,hmdb51
Goalkeeper_Training_Day_#_2_catch_f_cm_np1_ba_bad_5,2,34,8,32,8,k8,True,0.9999995231628418,slowfast_r50,hmdb51
Goalkeeper_Training_Day_#_2_catch_f_cm_np1_fr_bad_2,2,38,8,32,8,k8,True,0.9879767298698425,slowfast_r50,hmdb51
Ballfangen_catch_u_cm_np1_fr_goo_1,2,37,8,32,8,k8,True,0.9975504279136658,slowfast_r50,hmdb51
Goalkeeper_Training_Day_#_7_catch_f_nm_np1_ri_bad_4,2,56,8,32,8,k8,True,0.9850375056266785,slowfast_r50,hmdb51
torwart_de_-_Torwarttraining_Werder_Bremen_catch_f_cm_np1_ba_bad_0,2,41,8,32,8,k8,True,0.9992483258247375,slowfast_r50,hmdb51
Torwarttraining_catch_u_cm_np1_ri_med_2,2,34,8,32,8,k8,True,0.9911914467811584,slowfast_r50,hmdb51
torwart_de_-_Torwarttraining_Werder_Bremen_catch_f_cm_np1_fr_bad_2,2,47,8,32,8,k8,True,0.9998037219047546,slowfast_r50,hmdb51
Torwarttraining_2_(_sterreich)_catch_f_cm_np1_le_med_5,2,41,8,32,8,k8,True,0.9985979199409485,slowfast_r50,hmdb51
Seldin_Lipovic_-_Willi_Weber__Torwarttraining__catch_f_cm_np1_ba_bad_7,2,49,8,32,8,k8,True,0.9945064187049866,slowfast_r50,hmdb51
Sweet_Candy_Bubbles_chew_h_cm_np1_fr_med_2,3,125,8,32,8,k8,False,0.0885717123746872,slowfast_r50,hmdb51
random_gum_chewing_chew_h_nm_np1_fr_med_1,3,90,8,32,8,k8,False,0.08724385499954224,slowfast_r50,hmdb51
Big_League_Chew_chew_h_nm_np1_fr_goo_1,3,159,8,32,8,k8,False,0.21519707143306732,slowfast_r50,hmdb51
chewing_bubble_gum_chew_h_cm_np1_ri_med_0,3,124,8,32,8,k8,False,0.23203620314598083,slowfast_r50,hmdb51
lol_im_so_weird___BLOWIN_BUBBLE_GUM__oops_i_burped_at_the_end_my_bad_lol_chew_h_nm_np1_fr_med_2,3,79,8,32,8,k8,True,0.6940019130706787,slowfast_r50,hmdb51
chewing_gum_1_chew_h_nm_np1_fr_goo_0,3,79,8,32,8,k8,True,0.9789631366729736,slowfast_r50,hmdb51
Loud_Chewing_chew_u_cm_np1_fr_med_1,3,78,8,32,8,k8,False,0.5168500542640686,slowfast_r50,hmdb51
WeddingCrashers_chew_h_nm_np1_fr_goo_6,3,53,8,32,8,k8,False,0.10423446446657181,slowfast_r50,hmdb51
LittleChildren_chew_h_nm_np1_fr_goo_7,3,81,8,32,8,k8,False,0.33110278844833374,slowfast_r50,hmdb51
Dubble_bubble_compilation_-_all_on_8_pieces_chew_h_nm_np1_fr_med_2,3,119,8,32,8,k8,True,0.7468982338905334,slowfast_r50,hmdb51
Dubble_bubble_compilation_-_all_on_8_pieces_chew_h_nm_np1_fr_med_0,3,73,8,32,8,k8,True,0.8461236953735352,slowfast_r50,hmdb51
TheBoondockSaints_chew_u_nm_np1_fr_med_46,3,74,8,32,8,k8,False,0.32870376110076904,slowfast_r50,hmdb51
Scott_Can_t_Make_His_Bubblegum_Pop_chew_h_nm_np1_fr_med_2,3,90,8,32,8,k8,False,0.9248701930046082,slowfast_r50,hmdb51
chewing_gum_2_chew_h_cm_np1_fr_med_0,3,90,8,32,8,k8,False,0.4027886986732483,slowfast_r50,hmdb51
Bubble_blowing_3!_chew_h_nm_np1_le_bad_1,3,100,8,32,8,k8,False,0.45410868525505066,slowfast_r50,hmdb51
Double_bubble_in_one_big_bubble_-D_chew_h_nm_np1_fr_goo_2,3,88,8,32,8,k8,False,0.6946421265602112,slowfast_r50,hmdb51
Boom_Snap_Clap_clap_u_nm_np1_fr_med_1,4,80,8,32,8,k8,True,0.95156329870224,slowfast_r50,hmdb51
The_Slow_Clap_clap_u_nm_np2_fr_med_23,4,30,8,32,8,k8,True,0.622334897518158,slowfast_r50,hmdb51
Standing_clap_f_cm_np1_fr_med_1,4,80,8,32,8,k8,True,0.5533888339996338,slowfast_r50,hmdb51
Deutscher_Klatsch_-_The_Clap_-_Lexy_clap_f_cm_np2_ba_med_2,4,41,8,32,8,k8,False,0.835080623626709,slowfast_r50,hmdb51
Theslowclap1_clap_f_cm_np1_fr_med_0,4,72,8,32,8,k8,False,0.4068458378314972,slowfast_r50,hmdb51
slowclap_clap_u_nm_np1_fr_goo_0,4,268,8,32,8,k8,False,0.24013417959213257,slowfast_r50,hmdb51
The_Slow_Clap_clap_u_nm_np1_fr_med_1,4,80,8,32,8,k8,False,0.4368654489517212,slowfast_r50,hmdb51
The_Slow_Clap_clap_u_nm_np2_fr_med_8,4,65,8,32,8,k8,True,0.8957963585853577,slowfast_r50,hmdb51
Boom__Snap__Clap!_(Challenge)_clap_u_nm_np1_fr_med_0,4,79,8,32,8,k8,True,0.9228735566139221,slowfast_r50,hmdb51
Faith_Rewarded_clap_u_cm_np1_ri_goo_1,4,53,8,32,8,k8,False,0.17071479558944702,slowfast_r50,hmdb51
Veoh_Alpha_Dog_1_clap_u_nm_np1_fr_goo_62,4,55,8,32,8,k8,False,0.09640802443027496,slowfast_r50,hmdb51
RE-_Boom_Snap_Clap_clap_u_nm_np1_fr_med_1,4,79,8,32,8,k8,True,0.9954656958580017,slowfast_r50,hmdb51
Budam_-_Clap_Hands_clap_u_nm_np1_fr_med_0,4,78,8,32,8,k8,True,0.9828358292579651,slowfast_r50,hmdb51
_Boom_Snap_Clap__challenge_clap_u_nm_np1_fr_med_1,4,79,8,32,8,k8,True,0.18568052351474762,slowfast_r50,hmdb51
The_Slow_Clap_clap_u_nm_np1_fr_med_14,4,79,8,32,8,k8,True,0.9101828336715698,slowfast_r50,hmdb51
The_Slow_Clap_clap_u_nm_np1_fr_med_2,4,25,8,32,8,k8,False,0.23095853626728058,slowfast_r50,hmdb51
Hand_Clapping_Game__Bim_Bum__clap_f_nm_np2_fr_med_2,4,79,8,32,8,k8,True,0.9985079169273376,slowfast_r50,hmdb51
#20_Rhythm_clap_u_nm_np1_le_goo_3,4,79,8,32,8,k8,True,0.999967098236084,slowfast_r50,hmdb51
Deutscher_Klatsch_-_The_Clap_-_Lexy_clap_f_cm_np3_fr_med_9,4,78,8,32,8,k8,True,0.34849756956100464,slowfast_r50,hmdb51
Kletter-WM_2005-_Bouldern_Finale_Herren__Serik_Kazbekov_climb_f_cm_np1_ba_med_0,5,154,8,32,8,k8,False,0.9007867574691772,slowfast_r50,hmdb51
Kletter-WM_2005-_Speed_Achtelfinale_Herren_Minatchev_Hroza_climb_f_cm_np2_ba_med_0,5,79,8,32,8,k8,False,0.4645666778087616,slowfast_r50,hmdb51
Pole_climbing_World_Championships_climb_f_nm_np1_ba_med_1,5,77,8,32,8,k8,False,0.6996414661407471,slowfast_r50,hmdb51
(HQ)_Rock_Climbing_-_Free_Solo_Speed_Climb_-_Dan_Osman_climb_f_cm_np1_le_med_3,5,197,8,32,8,k8,True,0.7302467226982117,slowfast_r50,hmdb51
Jez__roof_climbing_in_Mile_End_climb_f_cm_np1_ba_med_2,5,210,8,32,8,k8,False,0.9130883812904358,slowfast_r50,hmdb51
Climbing_roof_in_TCA_climb_f_cm_np1_ba_med_1,5,232,8,32,8,k8,True,0.882841944694519,slowfast_r50,hmdb51
DM_Sportklettern_2006-_Qualifikation_-_Andreas_Bindhammer_climb_f_cm_np1_ba_med_2,5,176,8,32,8,k8,True,0.2624504864215851,slowfast_r50,hmdb51
(HQ)_Rock_Climbing_-_Free_Solo_Speed_Climb_-_Dan_Osman_climb_f_cm_np1_le_med_1,5,129,8,32,8,k8,True,0.9358528852462769,slowfast_r50,hmdb51
Julius_Haushammer___Klettern_und_Bouldern___1979_climb_f_cm_np1_ba_med_1,5,130,8,32,8,k8,False,0.8996409177780151,slowfast_r50,hmdb51
Jez__roof_climbing_in_Mile_End_climb_f_cm_np1_ba_med_0,5,131,8,32,8,k8,False,0.5330747961997986,slowfast_r50,hmdb51
Pole_climbing_World_Championships_climb_f_cm_np1_le_med_3,5,77,8,32,8,k8,False,0.6181371808052063,slowfast_r50,hmdb51
Klettern_by_Kurt_Hackner_climb_f_cm_np1_ba_med_0,5,119,8,32,8,k8,False,0.773713231086731,slowfast_r50,hmdb51
Climbing_roof_in_TCA_climb_f_cm_np1_ba_med_2,5,628,8,32,8,k8,True,0.9573543667793274,slowfast_r50,hmdb51
Amazing_Wall_Climber_(Must_be_Seen_to_Be_Believed!)_climb_f_cm_np1_ba_bad_1,5,471,8,32,8,k8,True,0.86329585313797,slowfast_r50,hmdb51
Mexican_Climbing_Fence_climb_f_cm_np1_ba_med_2,5,79,8,32,8,k8,False,0.6455823183059692,slowfast_r50,hmdb51
Bristol_UCR_roof_climb_climb_f_cm_np1_ba_bad_2,5,352,8,32,8,k8,True,0.9551974534988403,slowfast_r50,hmdb51
Fellowship_6_climb_stairs_f_nm_np1_ba_bad_4,6,93,8,32,8,k8,True,0.968388020992279,slowfast_r50,hmdb51
Empire_State_Building_Run-Up_climb_stairs_f_cm_np1_ba_med_3,6,78,8,32,8,k8,True,0.9997535347938538,slowfast_r50,hmdb51
Braune_Stiefel_brown_boots_hot_high_heels_Treppen_steigen_Down-_and_upstairs_climb_stairs_l_cm_np1_ri_med_3,6,78,8,32,8,k8,True,0.997654139995575,slowfast_r50,hmdb51
TheLastManOnearth_climb_stairs_f_nm_np1_ba_med_56,6,48,8,32,8,k8,False,0.9339040517807007,slowfast_r50,hmdb51
Micah_Lacerte_Running_Stairs___Great_cardio_for_fat_loss_climb_stairs_f_cm_np1_ba_med_4,6,79,8,32,8,k8,True,0.5652493834495544,slowfast_r50,hmdb51
Jerry_Lewis_Cinderfella_dance_climb_stairs_f_nm_np1_fr_bad_1,6,80,8,32,8,k8,False,0.7415611147880554,slowfast_r50,hmdb51
treppensteigen_1_climb_stairs_f_cm_np2_fr_med_2,6,79,8,32,8,k8,False,0.7780268788337708,slowfast_r50,hmdb51
Narcotic1967256kb_climb_stairs_f_nm_np1_ba_med_0,6,81,8,32,8,k8,False,0.53828364610672,slowfast_r50,hmdb51
Return_of_the_King_4_climb_stairs_f_cm_np1_ba_bad_6,6,103,8,32,8,k8,False,0.26395249366760254,slowfast_r50,hmdb51
Treppen_steigen_climb_stairs_f_cm_np1_le_bad_8,6,88,8,32,8,k8,False,0.7136392593383789,slowfast_r50,hmdb51
Sports_Training_-_Speed_Workouts_-_Stair_Running_climb_stairs_f_nm_np1_ba_med_2,6,77,8,32,8,k8,False,0.8476377725601196,slowfast_r50,hmdb51
Empire_State_Building_Run-Up_climb_stairs_f_cm_np1_ba_med_1,6,78,8,32,8,k8,True,0.9948261380195618,slowfast_r50,hmdb51
TheLastManOnearth_climb_stairs_f_cm_np1_ba_med_33,6,53,8,32,8,k8,False,0.3442392647266388,slowfast_r50,hmdb51
GuardiansOfO256kb_climb_stairs_f_cm_np1_ba_med_0,6,175,8,32,8,k8,False,0.3246717154979706,slowfast_r50,hmdb51
Stairway_to_fitness_climb_stairs_f_nm_np1_fr_med_0,6,79,8,32,8,k8,False,0.7480706572532654,slowfast_r50,hmdb51
Running_Up_Stairs_climb_stairs_l_nm_np1_ba_med_2,6,79,8,32,8,k8,False,0.5708889365196228,slowfast_r50,hmdb51
GoalKeeper_Training_2_dive_f_cm_np1_le_bad_12,7,63,8,32,8,k8,False,0.6562767624855042,slowfast_r50,hmdb51
Butcho_dive_f_cm_np1_fr_bad_0,7,34,8,32,8,k8,True,0.8986737132072449,slowfast_r50,hmdb51
Dive_Roll_dive_u_cm_np1_fr_bad_2,7,64,8,32,8,k8,False,0.8681949377059937,slowfast_r50,hmdb51
Matze_-_Wanne_mit_Angriff_-_Butcho_K_pfer_-_1m_dive_f_cm_np1_fr_bad_0,7,53,8,32,8,k8,True,0.9765183329582214,slowfast_r50,hmdb51
Bungee_Jumping_in_Switzerland_-_Compilation_Part_1_dive_f_cm_np1_fr_bad_1,7,61,8,32,8,k8,True,0.9869745969772339,slowfast_r50,hmdb51
Pirates_5_dive_f_cm_np1_fr_bad_6,7,64,8,32,8,k8,True,0.9887903928756714,slowfast_r50,hmdb51
bungee_jumping_compilation_dive_f_cm_np1_ri_med_1,7,78,8,32,8,k8,True,0.9062312245368958,slowfast_r50,hmdb51
Parkour_dive_u_cm_np1_fr_bad_0,7,79,8,32,8,k8,False,0.9553155899047852,slowfast_r50,hmdb51
base_jumping_compilation_3_FMJ_dive_f_cm_np1_ba_bad_3,7,43,8,32,8,k8,False,0.5238482356071472,slowfast_r50,hmdb51
Bungee_Jumping_Europabr_cke_192m_dive_f_cm_np1_ri_bad_2,7,56,8,32,8,k8,True,0.9998425245285034,slowfast_r50,hmdb51
GoalKeeper_Training_2_dive_f_cm_np1_ba_bad_2,7,79,8,32,8,k8,True,0.39555010199546814,slowfast_r50,hmdb51
Hechtsprung_1_dive_f_cm_np1_ba_bad_0,7,38,8,32,8,k8,False,0.8136464953422546,slowfast_r50,hmdb51
TheBoondockSaints_dive_f_cm_np1_ba_bad_39,7,50,8,32,8,k8,True,0.9141939282417297,slowfast_r50,hmdb51
96_Meter_Bungy-Jump__Jauntal_03_dive_f_cm_np1_ri_bad_0,7,114,8,32,8,k8,True,0.9988190531730652,slowfast_r50,hmdb51
Lektion_3__-_Das_Haare_b_rsten_brush_hair_h_nm_np1_fr_med_2,0,370,16,32,16,k16,True,0.9205580353736877,slowfast_r50,hmdb51
April_09_brush_hair_u_nm_np1_ba_goo_0,0,409,16,32,16,k16,True,0.7496088743209839,slowfast_r50,hmdb51
Prelinger_HabitPat1954_brush_hair_u_cm_np1_le_med_10,0,276,16,32,16,k16,False,0.9397132992744446,slowfast_r50,hmdb51
me_brushing_my_hair_lol_i_was_being_silly_brush_hair_u_nm_np1_ri_goo_3,0,382,16,32,16,k16,True,0.5776749849319458,slowfast_r50,hmdb51
red_head_brush_hair_u_cm_np1_le_goo_2,0,185,16,32,16,k16,False,0.37479275465011597,slowfast_r50,hmdb51
Brushing_Her_Hair__[_NEW_AUDIO_]_UPDATED!!!!_brush_hair_h_cm_np1_le_goo_3,0,105,16,32,16,k16,True,0.9599906802177429,slowfast_r50,hmdb51
brushing_raychel_s_hair_brush_hair_u_cm_np2_ri_goo_2,0,276,16,32,16,k16,False,0.43420445919036865,slowfast_r50,hmdb51
red_head_brush_hair_u_cm_np1_ba_goo_0,0,277,16,32,16,k16,True,0.6576951146125793,slowfast_r50,hmdb51
Slave_brush_my_hair_brush_hair_u_cm_np2_le_goo_2,0,348,16,32,16,k16,False,0.7926842570304871,slowfast_r50,hmdb51
Brushing_hair__the_right_way_brush_hair_u_nm_np1_fr_goo_1,0,228,16,32,16,k16,True,0.615297794342041,slowfast_r50,hmdb51
brush_my_hair_without_wearing_the_glasses_brush_hair_u_nm_np1_fr_goo_0,0,456,16,32,16,k16,True,0.8917328119277954,slowfast_r50,hmdb51
can_somebody_just_brush_my_hair!_brush_hair_u_cm_np2_ri_med_0,0,382,16,32,16,k16,False,0.9450222253799438,slowfast_r50,hmdb51
indianrapunzels_com---silky_long_hair_brushing_brush_hair_u_cm_np2_ri_goo_1,0,307,16,32,16,k16,False,0.43420717120170593,slowfast_r50,hmdb51
Haarek_mmen_brush_hair_h_cm_np1_fr_goo_0,0,411,16,32,16,k16,False,0.36052098870277405,slowfast_r50,hmdb51
brushing_jrs_hair_brush_hair_u_cm_np2_le_goo_1,0,282,16,32,16,k16,True,0.7616786956787109,slowfast_r50,hmdb51
Brushing_Her_Hair__[_NEW_AUDIO_]_UPDATED!!!!_brush_hair_h_cm_np1_le_goo_1,0,144,16,32,16,k16,False,0.6220796704292297,slowfast_r50,hmdb51
Beim_Radschlag_Hose_gerissen_(Nick)_xD_cartwheel_f_cm_np1_ri_med_0,1,80,16,32,16,k16,False,0.40685150027275085,slowfast_r50,hmdb51
Jessica_and_Gregs_Cartwheel_Competition_cartwheel_f_cm_np1_ri_med_2,1,81,16,32,16,k16,True,0.4768403470516205,slowfast_r50,hmdb51
CarTwHeeL_PerFecT_cartwheel_f_cm_np1_le_med_0,1,89,16,32,16,k16,False,0.45642560720443726,slowfast_r50,hmdb51
Gymnastics__-_Steps_to_Do_a_Cartwheel_cartwheel_f_nm_np1_le_med_0,1,112,16,32,16,k16,True,0.6239342093467712,slowfast_r50,hmdb51
Cartwheel_Contest_cartwheel_f_cm_np1_fr_med_4,1,80,16,32,16,k16,True,0.9966433048248291,slowfast_r50,hmdb51
Jennis_Bodenk_r_cartwheel_f_cm_np1_fr_med_3,1,81,16,32,16,k16,True,0.8232923150062561,slowfast_r50,hmdb51
Bodenturnen_2004_cartwheel_f_cm_np1_le_med_4,1,43,16,32,16,k16,False,0.717308521270752,slowfast_r50,hmdb51
Zwei_hoffnungslose_Pflegef_lle_beim_Turnen(Part4)_cartwheel_f_cm_np1_ri_bad_0,1,92,16,32,16,k16,True,0.9360405206680298,slowfast_r50,hmdb51
lea_kann_radschlag_cartwheel_f_cm_np1_ri_med_0,1,91,16,32,16,k16,True,0.5008379817008972,slowfast_r50,hmdb51
Bodenturnen_cartwheel_f_cm_np1_le_med_3,1,125,16,32,16,k16,True,0.5756945610046387,slowfast_r50,hmdb51
Cartwheel_Competition_cartwheel_f_cm_np1_le_med_0,1,70,16,32,16,k16,False,0.6573451161384583,slowfast_r50,hmdb51
Monikas_Staatsexamen__Turnen_cartwheel_f_cm_np1_ri_med_4,1,81,16,32,16,k16,True,0.8665869832038879,slowfast_r50,hmdb51
Zwei_hoffnungslose_Pflegef_lle_beim_Turnen(Part2)_cartwheel_f_cm_np1_le_bad_0,1,103,16,32,16,k16,False,0.8864247798919678,slowfast_r50,hmdb51
Bayer__Meisterin_Teresa_Stadler_cartwheel_f_cm_np1_le_med_0,1,43,16,32,16,k16,True,0.9748571515083313,slowfast_r50,hmdb51
How_to_do_a_Cartwheel_cartwheel_f_nm_np1_le_med_1,1,100,16,32,16,k16,True,0.9803956151008606,slowfast_r50,hmdb51
cartwheel_challange_cartwheel_f_cm_np2_le_med_1,1,59,16,32,16,k16,False,0.7215408682823181,slowfast_r50,hmdb51
Florian_Fromlowitz_beim_Training_der_U_21_Nationalmannschaft_catch_u_cm_np1_le_med_3,2,36,16,32,16,k16,True,0.9995229244232178,slowfast_r50,hmdb51
Torwarttraining_Arminia_Bielefeld_catch_f_cm_np1_le_med_8,2,34,16,32,16,k16,True,0.9999910593032837,slowfast_r50,hmdb51
Torwarttraining_Arminia_Bielefeld_catch_f_cm_np1_le_med_6,2,37,16,32,16,k16,True,0.9998576641082764,slowfast_r50,hmdb51
Torwarttraining_Arminia_Bielefeld_catch_f_cm_np1_ba_med_0,2,37,16,32,16,k16,True,0.9982509016990662,slowfast_r50,hmdb51
Torwarttraining_2_(_sterreich)_catch_f_cm_np1_le_med_3,2,37,16,32,16,k16,True,0.9997822642326355,slowfast_r50,hmdb51
Torwarttraining_3_(_sterreich)_catch_f_nm_np1_fr_med_5,2,37,16,32,16,k16,True,0.995475709438324,slowfast_r50,hmdb51
Goalkeeper_Training_Day_#_2_catch_f_cm_np1_ba_bad_5,2,34,16,32,16,k16,True,0.9999979734420776,slowfast_r50,hmdb51
Goalkeeper_Training_Day_#_2_catch_f_cm_np1_fr_bad_2,2,38,16,32,16,k16,True,0.991523265838623,slowfast_r50,hmdb51
Ballfangen_catch_u_cm_np1_fr_goo_1,2,37,16,32,16,k16,True,0.9982126951217651,slowfast_r50,hmdb51
Goalkeeper_Training_Day_#_7_catch_f_nm_np1_ri_bad_4,2,56,16,32,16,k16,True,0.9881961941719055,slowfast_r50,hmdb51
torwart_de_-_Torwarttraining_Werder_Bremen_catch_f_cm_np1_ba_bad_0,2,41,16,32,16,k16,True,0.9993008375167847,slowfast_r50,hmdb51
Torwarttraining_catch_u_cm_np1_ri_med_2,2,34,16,32,16,k16,True,0.9934394955635071,slowfast_r50,hmdb51
torwart_de_-_Torwarttraining_Werder_Bremen_catch_f_cm_np1_fr_bad_2,2,47,16,32,16,k16,True,0.9994575381278992,slowfast_r50,hmdb51
Torwarttraining_2_(_sterreich)_catch_f_cm_np1_le_med_5,2,41,16,32,16,k16,True,0.9981237053871155,slowfast_r50,hmdb51
Seldin_Lipovic_-_Willi_Weber__Torwarttraining__catch_f_cm_np1_ba_bad_7,2,49,16,32,16,k16,True,0.9887542724609375,slowfast_r50,hmdb51
Sweet_Candy_Bubbles_chew_h_cm_np1_fr_med_2,3,125,16,32,16,k16,True,0.18156294524669647,slowfast_r50,hmdb51
random_gum_chewing_chew_h_nm_np1_fr_med_1,3,90,16,32,16,k16,True,0.9319521188735962,slowfast_r50,hmdb51
Big_League_Chew_chew_h_nm_np1_fr_goo_1,3,159,16,32,16,k16,True,0.9988646507263184,slowfast_r50,hmdb51
chewing_bubble_gum_chew_h_cm_np1_ri_med_0,3,124,16,32,16,k16,True,0.6789430975914001,slowfast_r50,hmdb51
lol_im_so_weird___BLOWIN_BUBBLE_GUM__oops_i_burped_at_the_end_my_bad_lol_chew_h_nm_np1_fr_med_2,3,79,16,32,16,k16,True,0.9940354824066162,slowfast_r50,hmdb51
chewing_gum_1_chew_h_nm_np1_fr_goo_0,3,79,16,32,16,k16,True,0.9999620914459229,slowfast_r50,hmdb51
Loud_Chewing_chew_u_cm_np1_fr_med_1,3,78,16,32,16,k16,True,0.8863328099250793,slowfast_r50,hmdb51
WeddingCrashers_chew_h_nm_np1_fr_goo_6,3,53,16,32,16,k16,False,0.1241869181394577,slowfast_r50,hmdb51
LittleChildren_chew_h_nm_np1_fr_goo_7,3,81,16,32,16,k16,False,0.36302900314331055,slowfast_r50,hmdb51
Dubble_bubble_compilation_-_all_on_8_pieces_chew_h_nm_np1_fr_med_2,3,119,16,32,16,k16,True,0.9984820485115051,slowfast_r50,hmdb51
Dubble_bubble_compilation_-_all_on_8_pieces_chew_h_nm_np1_fr_med_0,3,73,16,32,16,k16,True,0.9937642812728882,slowfast_r50,hmdb51
TheBoondockSaints_chew_u_nm_np1_fr_med_46,3,74,16,32,16,k16,False,0.847669780254364,slowfast_r50,hmdb51
Scott_Can_t_Make_His_Bubblegum_Pop_chew_h_nm_np1_fr_med_2,3,90,16,32,16,k16,True,0.9031199812889099,slowfast_r50,hmdb51
chewing_gum_2_chew_h_cm_np1_fr_med_0,3,90,16,32,16,k16,False,0.20080776512622833,slowfast_r50,hmdb51
Bubble_blowing_3!_chew_h_nm_np1_le_bad_1,3,100,16,32,16,k16,True,0.995764970779419,slowfast_r50,hmdb51
Double_bubble_in_one_big_bubble_-D_chew_h_nm_np1_fr_goo_2,3,88,16,32,16,k16,True,0.999459445476532,slowfast_r50,hmdb51
Boom_Snap_Clap_clap_u_nm_np1_fr_med_1,4,80,16,32,16,k16,True,0.9999581575393677,slowfast_r50,hmdb51
The_Slow_Clap_clap_u_nm_np2_fr_med_23,4,30,16,32,16,k16,True,0.9999935626983643,slowfast_r50,hmdb51
Standing_clap_f_cm_np1_fr_med_1,4,80,16,32,16,k16,True,0.9957011342048645,slowfast_r50,hmdb51
Deutscher_Klatsch_-_The_Clap_-_Lexy_clap_f_cm_np2_ba_med_2,4,41,16,32,16,k16,False,0.537128210067749,slowfast_r50,hmdb51
Theslowclap1_clap_f_cm_np1_fr_med_0,4,72,16,32,16,k16,True,0.9393627643585205,slowfast_r50,hmdb51
slowclap_clap_u_nm_np1_fr_goo_0,4,268,16,32,16,k16,False,0.4810994565486908,slowfast_r50,hmdb51
The_Slow_Clap_clap_u_nm_np1_fr_med_1,4,80,16,32,16,k16,True,0.999687910079956,slowfast_r50,hmdb51
The_Slow_Clap_clap_u_nm_np2_fr_med_8,4,65,16,32,16,k16,True,0.9999743700027466,slowfast_r50,hmdb51
Boom__Snap__Clap!_(Challenge)_clap_u_nm_np1_fr_med_0,4,79,16,32,16,k16,True,0.9998544454574585,slowfast_r50,hmdb51
Faith_Rewarded_clap_u_cm_np1_ri_goo_1,4,53,16,32,16,k16,False,0.8456084728240967,slowfast_r50,hmdb51
Veoh_Alpha_Dog_1_clap_u_nm_np1_fr_goo_62,4,55,16,32,16,k16,True,0.2163815200328827,slowfast_r50,hmdb51
RE-_Boom_Snap_Clap_clap_u_nm_np1_fr_med_1,4,79,16,32,16,k16,True,0.9999668598175049,slowfast_r50,hmdb51
Budam_-_Clap_Hands_clap_u_nm_np1_fr_med_0,4,78,16,32,16,k16,True,0.9999910593032837,slowfast_r50,hmdb51
_Boom_Snap_Clap__challenge_clap_u_nm_np1_fr_med_1,4,79,16,32,16,k16,True,0.8685181140899658,slowfast_r50,hmdb51
The_Slow_Clap_clap_u_nm_np1_fr_med_14,4,79,16,32,16,k16,True,0.999733030796051,slowfast_r50,hmdb51
The_Slow_Clap_clap_u_nm_np1_fr_med_2,4,25,16,32,16,k16,True,0.7078731060028076,slowfast_r50,hmdb51
Hand_Clapping_Game__Bim_Bum__clap_f_nm_np2_fr_med_2,4,79,16,32,16,k16,True,0.999974250793457,slowfast_r50,hmdb51
#20_Rhythm_clap_u_nm_np1_le_goo_3,4,79,16,32,16,k16,True,0.9999982118606567,slowfast_r50,hmdb51
Deutscher_Klatsch_-_The_Clap_-_Lexy_clap_f_cm_np3_fr_med_9,4,78,16,32,16,k16,True,0.3789292871952057,slowfast_r50,hmdb51
Kletter-WM_2005-_Bouldern_Finale_Herren__Serik_Kazbekov_climb_f_cm_np1_ba_med_0,5,154,16,32,16,k16,True,0.9377634525299072,slowfast_r50,hmdb51
Kletter-WM_2005-_Speed_Achtelfinale_Herren_Minatchev_Hroza_climb_f_cm_np2_ba_med_0,5,79,16,32,16,k16,False,0.8449798226356506,slowfast_r50,hmdb51
Pole_climbing_World_Championships_climb_f_nm_np1_ba_med_1,5,77,16,32,16,k16,False,0.7441545724868774,slowfast_r50,hmdb51
(HQ)_Rock_Climbing_-_Free_Solo_Speed_Climb_-_Dan_Osman_climb_f_cm_np1_le_med_3,5,197,16,32,16,k16,True,0.9990205764770508,slowfast_r50,hmdb51
Jez__roof_climbing_in_Mile_End_climb_f_cm_np1_ba_med_2,5,210,16,32,16,k16,False,0.5235073566436768,slowfast_r50,hmdb51
Climbing_roof_in_TCA_climb_f_cm_np1_ba_med_1,5,232,16,32,16,k16,True,0.9854779243469238,slowfast_r50,hmdb51
DM_Sportklettern_2006-_Qualifikation_-_Andreas_Bindhammer_climb_f_cm_np1_ba_med_2,5,176,16,32,16,k16,True,0.8789594769477844,slowfast_r50,hmdb51
(HQ)_Rock_Climbing_-_Free_Solo_Speed_Climb_-_Dan_Osman_climb_f_cm_np1_le_med_1,5,129,16,32,16,k16,True,0.997186005115509,slowfast_r50,hmdb51
Julius_Haushammer___Klettern_und_Bouldern___1979_climb_f_cm_np1_ba_med_1,5,130,16,32,16,k16,True,0.9985224604606628,slowfast_r50,hmdb51
Jez__roof_climbing_in_Mile_End_climb_f_cm_np1_ba_med_0,5,131,16,32,16,k16,False,0.3009219765663147,slowfast_r50,hmdb51
Pole_climbing_World_Championships_climb_f_cm_np1_le_med_3,5,77,16,32,16,k16,False,0.5505966544151306,slowfast_r50,hmdb51
Klettern_by_Kurt_Hackner_climb_f_cm_np1_ba_med_0,5,119,16,32,16,k16,True,0.9999645948410034,slowfast_r50,hmdb51
Climbing_roof_in_TCA_climb_f_cm_np1_ba_med_2,5,628,16,32,16,k16,True,0.9838501214981079,slowfast_r50,hmdb51
Amazing_Wall_Climber_(Must_be_Seen_to_Be_Believed!)_climb_f_cm_np1_ba_bad_1,5,471,16,32,16,k16,True,0.8619657754898071,slowfast_r50,hmdb51
Mexican_Climbing_Fence_climb_f_cm_np1_ba_med_2,5,79,16,32,16,k16,False,0.43526923656463623,slowfast_r50,hmdb51
Bristol_UCR_roof_climb_climb_f_cm_np1_ba_bad_2,5,352,16,32,16,k16,True,0.9789978861808777,slowfast_r50,hmdb51
Fellowship_6_climb_stairs_f_nm_np1_ba_bad_4,6,93,16,32,16,k16,True,0.9952724575996399,slowfast_r50,hmdb51
Empire_State_Building_Run-Up_climb_stairs_f_cm_np1_ba_med_3,6,78,16,32,16,k16,True,0.9999973773956299,slowfast_r50,hmdb51
Braune_Stiefel_brown_boots_hot_high_heels_Treppen_steigen_Down-_and_upstairs_climb_stairs_l_cm_np1_ri_med_3,6,78,16,32,16,k16,True,0.9999533891677856,slowfast_r50,hmdb51
TheLastManOnearth_climb_stairs_f_nm_np1_ba_med_56,6,48,16,32,16,k16,False,0.3651457726955414,slowfast_r50,hmdb51
Micah_Lacerte_Running_Stairs___Great_cardio_for_fat_loss_climb_stairs_f_cm_np1_ba_med_4,6,79,16,32,16,k16,True,0.9553613662719727,slowfast_r50,hmdb51
Jerry_Lewis_Cinderfella_dance_climb_stairs_f_nm_np1_fr_bad_1,6,80,16,32,16,k16,False,0.9422944784164429,slowfast_r50,hmdb51
treppensteigen_1_climb_stairs_f_cm_np2_fr_med_2,6,79,16,32,16,k16,True,0.4679793119430542,slowfast_r50,hmdb51
Narcotic1967256kb_climb_stairs_f_nm_np1_ba_med_0,6,81,16,32,16,k16,False,0.4744734466075897,slowfast_r50,hmdb51
Return_of_the_King_4_climb_stairs_f_cm_np1_ba_bad_6,6,103,16,32,16,k16,True,0.3738534152507782,slowfast_r50,hmdb51
Treppen_steigen_climb_stairs_f_cm_np1_le_bad_8,6,88,16,32,16,k16,True,0.9997653365135193,slowfast_r50,hmdb51
Sports_Training_-_Speed_Workouts_-_Stair_Running_climb_stairs_f_nm_np1_ba_med_2,6,77,16,32,16,k16,True,0.8603821992874146,slowfast_r50,hmdb51
Empire_State_Building_Run-Up_climb_stairs_f_cm_np1_ba_med_1,6,78,16,32,16,k16,True,0.9999198913574219,slowfast_r50,hmdb51
TheLastManOnearth_climb_stairs_f_cm_np1_ba_med_33,6,53,16,32,16,k16,False,0.7503122091293335,slowfast_r50,hmdb51
GuardiansOfO256kb_climb_stairs_f_cm_np1_ba_med_0,6,175,16,32,16,k16,True,0.34594541788101196,slowfast_r50,hmdb51
Stairway_to_fitness_climb_stairs_f_nm_np1_fr_med_0,6,79,16,32,16,k16,True,0.9999583959579468,slowfast_r50,hmdb51
Running_Up_Stairs_climb_stairs_l_nm_np1_ba_med_2,6,79,16,32,16,k16,True,0.9026598930358887,slowfast_r50,hmdb51
GoalKeeper_Training_2_dive_f_cm_np1_le_bad_12,7,63,16,32,16,k16,False,0.3406153917312622,slowfast_r50,hmdb51
Butcho_dive_f_cm_np1_fr_bad_0,7,34,16,32,16,k16,True,0.8620136976242065,slowfast_r50,hmdb51
Dive_Roll_dive_u_cm_np1_fr_bad_2,7,64,16,32,16,k16,False,0.7326591610908508,slowfast_r50,hmdb51
Matze_-_Wanne_mit_Angriff_-_Butcho_K_pfer_-_1m_dive_f_cm_np1_fr_bad_0,7,53,16,32,16,k16,True,0.9984094500541687,slowfast_r50,hmdb51
Bungee_Jumping_in_Switzerland_-_Compilation_Part_1_dive_f_cm_np1_fr_bad_1,7,61,16,32,16,k16,True,0.9959732890129089,slowfast_r50,hmdb51
Pirates_5_dive_f_cm_np1_fr_bad_6,7,64,16,32,16,k16,True,0.9994275569915771,slowfast_r50,hmdb51
bungee_jumping_compilation_dive_f_cm_np1_ri_med_1,7,78,16,32,16,k16,True,0.9737740755081177,slowfast_r50,hmdb51
Parkour_dive_u_cm_np1_fr_bad_0,7,79,16,32,16,k16,False,0.9729592800140381,slowfast_r50,hmdb51
base_jumping_compilation_3_FMJ_dive_f_cm_np1_ba_bad_3,7,43,16,32,16,k16,True,0.8028373122215271,slowfast_r50,hmdb51
Bungee_Jumping_Europabr_cke_192m_dive_f_cm_np1_ri_bad_2,7,56,16,32,16,k16,True,0.9999955892562866,slowfast_r50,hmdb51
GoalKeeper_Training_2_dive_f_cm_np1_ba_bad_2,7,79,16,32,16,k16,True,0.8927474021911621,slowfast_r50,hmdb51
Hechtsprung_1_dive_f_cm_np1_ba_bad_0,7,38,16,32,16,k16,False,0.38607412576675415,slowfast_r50,hmdb51
TheBoondockSaints_dive_f_cm_np1_ba_bad_39,7,50,16,32,16,k16,True,0.9994706511497498,slowfast_r50,hmdb51
96_Meter_Bungy-Jump__Jauntal_03_dive_f_cm_np1_ri_bad_0,7,114,16,32,16,k16,True,0.9998095631599426,slowfast_r50,hmdb51
Return_of_the_King_1_dive_f_cm_np1_fr_bad_10,7,190,1,32,1,k1,False,0.9661198258399963,slowfast_r50,hmdb51
Splashdiving_II_dive_f_cm_np1_ri_med_2,7,112,1,32,1,k1,False,0.06298285722732544,slowfast_r50,hmdb51
BungyjumpingAJHackettNewZealand_dive_f_cm_np1_fr_bad_1,7,111,1,32,1,k1,False,0.9691141247749329,slowfast_r50,hmdb51
Jeff_Bungee_Jumping_dive_f_cm_np1_fr_bad_1,7,65,1,32,1,k1,False,0.14203482866287231,slowfast_r50,hmdb51
BASE_Jumping_Compilation_-_Brilliant_dive_f_cm_np1_le_bad_1,7,45,1,32,1,k1,False,0.07515281438827515,slowfast_r50,hmdb51
Iaido_13_katas_draw_sword_f_nm_np1_fr_med_9,8,110,1,32,1,k1,False,0.5763463973999023,slowfast_r50,hmdb51
San-su_martial_arts_iaido_first_11_kata_draw_sword_f_cm_np1_le_med_7,8,131,1,32,1,k1,True,0.418533593416214,slowfast_r50,hmdb51
San-su_martial_arts_iaido_first_11_kata_draw_sword_f_cm_np1_fr_med_0,8,85,1,32,1,k1,False,0.17454193532466888,slowfast_r50,hmdb51
The_Three_Musketeers_(1993)_Final_Battle_1_3_draw_sword_u_cm_np1_fr_med_1,8,41,1,32,1,k1,False,0.0958399847149849,slowfast_r50,hmdb51
Muso_Jikiden_Eishin_ryu_iaido_draw_sword_f_cm_np1_le_med_4,8,91,1,32,1,k1,False,0.15813754498958588,slowfast_r50,hmdb51
Iaido_13_katas_draw_sword_f_nm_np1_fr_med_0,8,128,1,32,1,k1,False,0.17181089520454407,slowfast_r50,hmdb51
Nakayama_Aikido_Iaido_Part_3_draw_sword_f_cm_np1_le_med_0,8,48,1,32,1,k1,False,0.5916767120361328,slowfast_r50,hmdb51
Spirit_Of_The_Sword_Volume_1_DVD_draw_sword_f_nm_np1_fr_med_1,8,45,1,32,1,k1,False,0.09198027104139328,slowfast_r50,hmdb51
Muso_Jikiden_Eishinryu_in_Guldental_draw_sword_f_cm_np1_le_med_4,8,78,1,32,1,k1,False,0.21199928224086761,slowfast_r50,hmdb51
Iaido_video_instruction_series_Wehrhahn_Sensei_draw_sword_f_nm_np1_le_med_5,8,75,1,32,1,k1,True,0.7488510608673096,slowfast_r50,hmdb51
Takeda_Ryu_Iaido_draw_sword_f_nm_np1_fr_med_2,8,61,1,32,1,k1,False,0.19223569333553314,slowfast_r50,hmdb51
Drawing_and_Resheathing_the_Japanese_Sword_draw_sword_u_nm_np1_le_med_1,8,79,1,32,1,k1,False,0.39306047558784485,slowfast_r50,hmdb51
DBK_Custom_Swords_-__Swordless__ScabbardBelt_draw_sword_u_nm_np1_fr_med_0,8,78,1,32,1,k1,False,0.6697182655334473,slowfast_r50,hmdb51
Muso_Jikiden_Eishinryu_in_Guldental_draw_sword_f_cm_np1_le_med_3,8,89,1,32,1,k1,False,0.11361034214496613,slowfast_r50,hmdb51
Ninja_(samurai_sword)_draw_sword_u_nm_np1_fr_med_0,8,78,1,32,1,k1,True,0.45954832434654236,slowfast_r50,hmdb51
Sibu_Malaysia_Vacation_little_brother_dribbling_basketball_Sarawak_dribble_f_cm_np1_ba_bad_4,9,78,1,32,1,k1,False,0.08665814250707626,slowfast_r50,hmdb51
Basketball_Dribbling_Tips_dribble_f_cm_np1_fr_med_0,9,78,1,32,1,k1,True,0.5351600050926208,slowfast_r50,hmdb51
Basketball_Dribbling_Tips__2_dribble_f_cm_np1_fr_med_1,9,78,1,32,1,k1,True,0.9287974834442139,slowfast_r50,hmdb51
10YearOldYouthBasketballStarBaller_dribble_f_cm_np1_ba_med_5,9,110,1,32,1,k1,True,0.18848828971385956,slowfast_r50,hmdb51
Basketball_Dribbling_-_Basketball_Dribbling-_Finger_Pads_dribble_f_nm_np2_le_med_4,9,101,1,32,1,k1,False,0.2928854525089264,slowfast_r50,hmdb51
How_to_Play_Professional_Basketball_-_The_Two_Dribble_Basketball_Drill_dribble_f_cm_np1_ba_med_7,9,78,1,32,1,k1,True,0.2828178405761719,slowfast_r50,hmdb51
How_to_Improve_Your_Basketball_Skills_-_How_to_Dribble_a_Basketball_Between_the_Legs_dribble_f_cm_np1_fr_med_1,9,78,1,32,1,k1,True,0.2111036330461502,slowfast_r50,hmdb51
Basketball_Dribbling_-_Basketball_Dribbling-_Having_a_Good_Base_dribble_f_nm_np2_ri_med_5,9,79,1,32,1,k1,True,0.4723966419696808,slowfast_r50,hmdb51
Basketball_Dribbling_Drills_-_The_12_Inch_Dribble_Drill_in_Basketball_dribble_f_cm_np1_ri_med_4,9,78,1,32,1,k1,True,0.6466983556747437,slowfast_r50,hmdb51
JordanWorld_sbest6yearoldBaller_dribble_f_cm_np1_fr_med_9,9,94,1,32,1,k1,True,0.10164542496204376,slowfast_r50,hmdb51
AdamandAlvonplayingbasketball1_dribble_f_cm_np1_ri_med_2,9,112,1,32,1,k1,False,0.2047247439622879,slowfast_r50,hmdb51
10YearOldYouthBasketballStarBaller_dribble_f_cm_np1_fr_med_7,9,359,1,32,1,k1,True,0.16907446086406708,slowfast_r50,hmdb51
JordanWorld_sbest6yearoldBaller_dribble_f_cm_np1_fr_med_4,9,141,1,32,1,k1,True,0.3092330992221832,slowfast_r50,hmdb51
Basketball_Dribbling_Drills_-_The_12_Inch_Dribble_Drill_in_Basketball_dribble_f_cm_np1_fr_med_5,9,78,1,32,1,k1,False,0.2434121072292328,slowfast_r50,hmdb51
AdamandAlvonplayingbasketball1_dribble_f_cm_np1_fr_med_5,9,96,1,32,1,k1,False,0.07964829355478287,slowfast_r50,hmdb51
Basketball_Dribbling_Tips__2_dribble_f_cm_np1_le_med_5,9,78,1,32,1,k1,True,0.9035572409629822,slowfast_r50,hmdb51
PlayingBasketballGotWater_dribble_f_nm_np1_fr_med_5,9,142,1,32,1,k1,False,0.06359893083572388,slowfast_r50,hmdb51
Basketball_Dribbling_Drills_-_The_Left_dribble_f_cm_np1_fr_med_2,9,78,1,32,1,k1,True,0.33534693717956543,slowfast_r50,hmdb51
Sibu_Malaysia_Vacation_little_brother_dribbling_basketball_Sarawak_dribble_f_cm_np1_ri_med_7,9,78,1,32,1,k1,False,0.45006874203681946,slowfast_r50,hmdb51
How_to_Improve_Your_Basketball_Skills_-_How_to_Dribble_a_Basketball_Between_the_Legs_dribble_f_cm_np1_fr_med_0,9,58,1,32,1,k1,False,0.4877382516860962,slowfast_r50,hmdb51
AmericanGangster_drink_h_nm_np1_fr_goo_17,10,110,1,32,1,k1,False,0.6880427002906799,slowfast_r50,hmdb51
LONGESTYARD_drink_u_cm_np1_fr_med_20,10,77,1,32,1,k1,False,0.6231030225753784,slowfast_r50,hmdb51
KUNG_FU_HUSTLE_drink_h_cm_np1_fr_goo_5,10,81,1,32,1,k1,False,0.11031968146562576,slowfast_r50,hmdb51
OldSchool_drink_u_nm_np1_ri_goo_5,10,108,1,32,1,k1,False,0.43897661566734314,slowfast_r50,hmdb51
A_Beautiful_Mind_1_drink_u_cm_np1_fr_goo_4,10,148,1,32,1,k1,False,0.8357422351837158,slowfast_r50,hmdb51
Juno_drink_h_nm_np1_fr_goo_0,10,130,1,32,1,k1,False,0.21303971111774445,slowfast_r50,hmdb51
AmericanGangster_drink_u_cm_np1_fr_med_36,10,55,1,32,1,k1,False,0.4476949870586395,slowfast_r50,hmdb51
BLACK_HAWK_DOWN_drink_u_nm_np1_fr_goo_4,10,48,1,32,1,k1,False,0.737101674079895,slowfast_r50,hmdb51
AllThePresidentMen_drink_f_nm_np2_ri_med_2,10,143,1,32,1,k1,False,0.7954063415527344,slowfast_r50,hmdb51
Oceans11_drink_h_nm_np1_fr_goo_8,10,57,1,32,1,k1,False,0.30511850118637085,slowfast_r50,hmdb51
MeettheFockers_drink_u_nm_np1_fr_goo_6,10,53,1,32,1,k1,False,0.27501723170280457,slowfast_r50,hmdb51
Oceans13_drink_u_nm_np1_ri_goo_4,10,77,1,32,1,k1,False,0.8338758945465088,slowfast_r50,hmdb51
Return_of_the_King_13_drink_h_nm_np1_fr_goo_1,10,111,1,32,1,k1,False,0.5496070981025696,slowfast_r50,hmdb51
IamLegend_drink_h_nm_np1_fr_goo_22,10,54,1,32,1,k1,False,0.13799221813678741,slowfast_r50,hmdb51
TheRoyalTenenbaums_drink_u_nm_np1_le_goo_1,10,83,1,32,1,k1,False,0.6562951803207397,slowfast_r50,hmdb51
AllThePresidentMen_drink_f_nm_np1_ri_med_8,10,106,1,32,1,k1,False,0.8371021151542664,slowfast_r50,hmdb51
Veoh_Alpha_Dog_1_drink_u_nm_np1_fr_goo_40,10,115,1,32,1,k1,False,0.49429258704185486,slowfast_r50,hmdb51
AmericanGangster_drink_h_nm_np1_ri_med_3,10,78,1,32,1,k1,False,0.8443980813026428,slowfast_r50,hmdb51
BIG_FISH_drink_u_nm_np1_fr_goo_5,10,104,1,32,1,k1,False,0.41382384300231934,slowfast_r50,hmdb51
Two_Towers_3_drink_h_nm_np1_fr_goo_11,10,93,1,32,1,k1,False,0.3826388120651245,slowfast_r50,hmdb51
AMADEUS_eat_u_nm_np1_fr_goo_10,11,79,1,32,1,k1,False,0.5957047939300537,slowfast_r50,hmdb51
BIG_FISH_eat_h_nm_np1_ri_goo_30,11,60,1,32,1,k1,False,0.33352386951446533,slowfast_r50,hmdb51
The_Departed_-_Part_1_eat_h_nm_np1_fr_goo_5,11,78,1,32,1,k1,False,0.373555064201355,slowfast_r50,hmdb51
BIG_FISH_eat_u_nm_np1_fr_goo_19,11,78,1,32,1,k1,False,0.41369307041168213,slowfast_r50,hmdb51
KUNG_FU_HUSTLE_eat_h_cm_np1_le_goo_25,11,103,1,32,1,k1,False,0.6132851839065552,slowfast_r50,hmdb51
MeettheParents_eat_h_nm_np1_fr_goo_3,11,56,1,32,1,k1,False,0.4949781894683838,slowfast_r50,hmdb51
The_Departed_-_Part_1_eat_h_nm_np1_fr_goo_4,11,77,1,32,1,k1,False,0.5632455348968506,slowfast_r50,hmdb51
NoCountryForOldMen_eat_u_nm_np1_fr_med_2,11,79,1,32,1,k1,False,0.46785488724708557,slowfast_r50,hmdb51
RETURN_OF_THE_KING_eat_u_nm_np1_le_med_15,11,108,1,32,1,k1,False,0.9918388724327087,slowfast_r50,hmdb51
RETURN_OF_THE_KING_eat_u_nm_np1_ri_med_20,11,108,1,32,1,k1,False,0.5855194926261902,slowfast_r50,hmdb51
TheBoondockSaints_eat_h_nm_np1_fr_med_81,11,50,1,32,1,k1,False,0.35913246870040894,slowfast_r50,hmdb51
AMADEUS_eat_u_nm_np1_fr_med_5,11,79,1,32,1,k1,False,0.1940504014492035,slowfast_r50,hmdb51
CastAway1_eat_h_nm_np1_fr_goo_8,11,80,1,32,1,k1,False,0.5626764893531799,slowfast_r50,hmdb51
Pirates_3_eat_h_nm_np1_fr_goo_4,11,56,1,32,1,k1,False,0.8407639265060425,slowfast_r50,hmdb51
ChildrenOfMen_eat_u_cm_np1_fr_med_3,11,79,1,32,1,k1,False,0.8672746419906616,slowfast_r50,hmdb51
RETURN_OF_THE_KING_eat_h_nm_np1_fr_goo_18,11,54,1,32,1,k1,False,0.5051365494728088,slowfast_r50,hmdb51
Veoh_Alpha_Dog_1_fall_floor_u_cm_np1_fr_med_46,12,60,1,32,1,k1,False,0.9582160115242004,slowfast_r50,hmdb51
HP_PRISONER_OF_AZKABAN_fall_floor_u_cm_np1_fr_med_14,12,50,1,32,1,k1,False,0.8920290470123291,slowfast_r50,hmdb51
BIG_FISH_fall_floor_f_cm_np1_fr_med_24,12,72,1,32,1,k1,False,0.2263982594013214,slowfast_r50,hmdb51
American_History_X_fall_floor_f_cm_np1_ba_med_3,12,34,1,32,1,k1,False,0.7934053540229797,slowfast_r50,hmdb51
BATMAN_BEGINS_fall_floor_f_cm_np1_ba_med_3,12,49,1,32,1,k1,False,0.7092679738998413,slowfast_r50,hmdb51
SweeneyTodd_fall_floor_u_nm_np1_fr_bad_12,12,48,1,32,1,k1,False,0.10651735216379166,slowfast_r50,hmdb51
RETURN_OF_THE_KING_fall_floor_f_nm_np1_fr_med_49,12,49,1,32,1,k1,False,0.6336811184883118,slowfast_r50,hmdb51
KUNG_FU_HUSTLE_fall_floor_f_nm_np1_le_bad_0,12,49,1,32,1,k1,False,0.9942744374275208,slowfast_r50,hmdb51
BATMAN_BEGINS_fall_floor_h_cm_np1_fr_bad_2,12,74,1,32,1,k1,False,0.07479874789714813,slowfast_r50,hmdb51
BATMAN_BEGINS_fall_floor_f_cm_np1_ba_med_5,12,48,1,32,1,k1,False,0.5640347003936768,slowfast_r50,hmdb51
CasinoRoyale_fall_floor_f_cm_np1_fr_med_7,12,79,1,32,1,k1,False,0.2867516875267029,slowfast_r50,hmdb51
LONGESTYARD_fall_floor_f_cm_np1_le_med_31,12,47,1,32,1,k1,False,0.43003252148628235,slowfast_r50,hmdb51
THE_PROTECTOR_fall_floor_f_cm_np1_ba_med_85,12,49,1,32,1,k1,False,0.21288886666297913,slowfast_r50,hmdb51
TheLittleShopofHorrors_fall_floor_u_cm_np1_ri_med_10,12,54,1,32,1,k1,False,0.7942296266555786,slowfast_r50,hmdb51
BIG_FISH_fall_floor_f_nm_np1_fr_med_26,12,79,1,32,1,k1,False,0.7508760094642639,slowfast_r50,hmdb51
KUNG_FU_HUSTLE_fall_floor_f_cm_np1_ba_med_50,12,74,1,32,1,k1,False,0.8080476522445679,slowfast_r50,hmdb51
LONGESTYARD_fall_floor_h_nm_np1_fr_med_5,12,56,1,32,1,k1,False,0.09495184570550919,slowfast_r50,hmdb51
RETURN_OF_THE_KING_fall_floor_u_cm_np1_fr_med_37,12,45,1,32,1,k1,False,0.6702529191970825,slowfast_r50,hmdb51
KUNG_FU_HUSTLE_fall_floor_u_nm_np1_le_med_4,12,49,1,32,1,k1,False,0.6719119548797607,slowfast_r50,hmdb51
THE_PROTECTOR_fall_floor_f_nm_np1_fr_med_61,12,84,1,32,1,k1,False,0.3964599370956421,slowfast_r50,hmdb51
Rapier_and_Rotella_(Shield)_Second_Bout_Nick_vs__Gareth_fencing_f_cm_np2_ri_bad_0,13,41,1,32,1,k1,True,0.14139370620250702,slowfast_r50,hmdb51
Rapier_at_Clinton_2007_fencing_f_cm_np2_ri_bad_1,13,48,1,32,1,k1,False,0.8315771222114563,slowfast_r50,hmdb51
Stage_Combat_Rapier_and_Dagger_fencing_f_cm_np2_le_bad_0,13,48,1,32,1,k1,False,0.6676815152168274,slowfast_r50,hmdb51
The_Three_Musketeers_(1993)_Final_Battle_2_3_fencing_u_cm_np1_fr_bad_0,13,40,1,32,1,k1,False,0.32293713092803955,slowfast_r50,hmdb51
Redrock_Fencing_Club_Stab_N_Grab_Week_9_fencing_f_cm_np2_le_bad_0,13,50,1,32,1,k1,False,0.6584413647651672,slowfast_r50,hmdb51
Scaramouche__1952_fencing_u_cm_np2_fr_goo_1,13,146,1,32,1,k1,False,0.37722048163414,slowfast_r50,hmdb51
The_Scarlet_Pimpernel_-_duel_fencing_f_cm_np2_ba_goo_1,13,77,1,32,1,k1,False,0.7012730836868286,slowfast_r50,hmdb51
Die_Another_Day_-_Fencing_Scene_Part_1_[HD]_avi_fencing_u_cm_np2_fr_goo_3,13,90,1,32,1,k1,False,0.11994870752096176,slowfast_r50,hmdb51
Fencing_Epee_fencing_f_cm_np2_le_bad_2,13,58,1,32,1,k1,False,0.4537728726863861,slowfast_r50,hmdb51
The_Scarlet_Pimpernel_-_duel_fencing_u_cm_np2_le_bad_3,13,103,1,32,1,k1,False,0.3333359360694885,slowfast_r50,hmdb51
Redrock_Fencing_Club_Stab_N_Grab_Week_9_fencing_f_cm_np2_ri_bad_1,13,45,1,32,1,k1,True,0.8127887845039368,slowfast_r50,hmdb51
Stage_Combat_-_Sword_Fight_fencing_f_nm_np2_ba_bad_0,13,55,1,32,1,k1,True,0.7753514647483826,slowfast_r50,hmdb51
Swordplay_Alliance_Rapier_and_Dagger_fight_fencing_f_cm_np2_ri_bad_2,13,63,1,32,1,k1,True,0.6406850218772888,slowfast_r50,hmdb51
Rapier_and_Rotella_(Shield)_Second_Bout_Nick_vs__Gareth_fencing_f_cm_np2_le_bad_2,13,49,1,32,1,k1,False,0.11985958367586136,slowfast_r50,hmdb51
AHF_Rapier_fencing_f_cm_np2_le_bad_2,13,55,1,32,1,k1,False,0.301136314868927,slowfast_r50,hmdb51
Redrock_Fencing_Club_Stab_N_Grab_Week_9_fencing_f_cm_np2_le_bad_2,13,62,1,32,1,k1,True,0.5805742740631104,slowfast_r50,hmdb51
Advanced_Rapier_fencing_f_cm_np2_le_bad_0,13,58,1,32,1,k1,True,0.10841193050146103,slowfast_r50,hmdb51
JOAKIN_(air_tricks_extreme)_flic_flac_f_cm_np1_le_med_3,14,43,1,32,1,k1,False,0.042956411838531494,slowfast_r50,hmdb51
Flick-flack_van_Yanniek_flic_flac_f_cm_np1_ri_med_0,14,53,1,32,1,k1,False,0.26250651478767395,slowfast_r50,hmdb51
7_Flickflacks_flic_flac_f_cm_np1_le_med_0,14,79,1,32,1,k1,False,0.1437552571296692,slowfast_r50,hmdb51
Meto_Demo_BHS__Flick_Flack_flic_flac_f_cm_np1_le_med_7,14,79,1,32,1,k1,False,0.059004344046115875,slowfast_r50,hmdb51
Round-Off_Flick_Flack!!_flic_flac_f_cm_np1_le_med_0,14,79,1,32,1,k1,False,0.12150663137435913,slowfast_r50,hmdb51
Rush_Hour_4_Turnk_r_flic_flac_f_cm_np1_ri_med_5,14,80,1,32,1,k1,False,0.10574144124984741,slowfast_r50,hmdb51
Rush_Hour_4_Turnk_r_flic_flac_f_cm_np1_ri_med_4,14,80,1,32,1,k1,False,0.17188189923763275,slowfast_r50,hmdb51
JOAKIN_(air_tricks_extreme)_flic_flac_f_cm_np1_ri_med_7,14,78,1,32,1,k1,False,0.11981818079948425,slowfast_r50,hmdb51
Flick_Flack_Salto_flic_flac_f_cm_np1_ri_med_0,14,43,1,32,1,k1,False,0.3424285352230072,slowfast_r50,hmdb51
Turnen_Training_flick_flack_salto_gymnastics_backhandspring_backtuck_flic_flac_f_cm_np1_fr_bad_2,14,45,1,32,1,k1,False,0.10102280229330063,slowfast_r50,hmdb51
JOAKIN_(air_tricks_extreme)_flic_flac_f_cm_np1_le_med_0,14,43,1,32,1,k1,False,0.10608205944299698,slowfast_r50,hmdb51
6fach_Flick_Flack_flic_flac_f_cm_np1_le_med_2,14,79,1,32,1,k1,False,0.29689720273017883,slowfast_r50,hmdb51
Meto_Demo_BHS__Flick_Flack_flic_flac_f_cm_np1_ba_med_2,14,80,1,32,1,k1,False,0.255741685628891,slowfast_r50,hmdb51
Outdoor-Turnen_flic_flac_f_cm_np1_ri_med_2,14,60,1,32,1,k1,False,0.09557283669710159,slowfast_r50,hmdb51
Jessica_Heinz_-_Leverkusen_Cup_2006__floor_routine_flic_flac_f_cm_np1_ri_med_1,14,37,1,32,1,k1,False,0.3789712190628052,slowfast_r50,hmdb51
Return_of_the_King_1_dive_f_cm_np1_fr_bad_10,7,190,2,32,2,k2,False,0.22545503079891205,slowfast_r50,hmdb51
Splashdiving_II_dive_f_cm_np1_ri_med_2,7,112,2,32,2,k2,False,0.4154239594936371,slowfast_r50,hmdb51
BungyjumpingAJHackettNewZealand_dive_f_cm_np1_fr_bad_1,7,111,2,32,2,k2,False,0.21251529455184937,slowfast_r50,hmdb51
Jeff_Bungee_Jumping_dive_f_cm_np1_fr_bad_1,7,65,2,32,2,k2,False,0.1568049043416977,slowfast_r50,hmdb51
BASE_Jumping_Compilation_-_Brilliant_dive_f_cm_np1_le_bad_1,7,45,2,32,2,k2,True,0.9287183880805969,slowfast_r50,hmdb51
Iaido_13_katas_draw_sword_f_nm_np1_fr_med_9,8,110,2,32,2,k2,False,0.27743518352508545,slowfast_r50,hmdb51
San-su_martial_arts_iaido_first_11_kata_draw_sword_f_cm_np1_le_med_7,8,131,2,32,2,k2,False,0.4401681423187256,slowfast_r50,hmdb51
San-su_martial_arts_iaido_first_11_kata_draw_sword_f_cm_np1_fr_med_0,8,85,2,32,2,k2,False,0.22679968178272247,slowfast_r50,hmdb51
The_Three_Musketeers_(1993)_Final_Battle_1_3_draw_sword_u_cm_np1_fr_med_1,8,41,2,32,2,k2,False,0.34985047578811646,slowfast_r50,hmdb51
Muso_Jikiden_Eishin_ryu_iaido_draw_sword_f_cm_np1_le_med_4,8,91,2,32,2,k2,True,0.26088622212409973,slowfast_r50,hmdb51
Iaido_13_katas_draw_sword_f_nm_np1_fr_med_0,8,128,2,32,2,k2,False,0.25385117530822754,slowfast_r50,hmdb51
Nakayama_Aikido_Iaido_Part_3_draw_sword_f_cm_np1_le_med_0,8,48,2,32,2,k2,False,0.10565029084682465,slowfast_r50,hmdb51
Spirit_Of_The_Sword_Volume_1_DVD_draw_sword_f_nm_np1_fr_med_1,8,45,2,32,2,k2,False,0.8521484136581421,slowfast_r50,hmdb51
Muso_Jikiden_Eishinryu_in_Guldental_draw_sword_f_cm_np1_le_med_4,8,78,2,32,2,k2,False,0.47615957260131836,slowfast_r50,hmdb51
Iaido_video_instruction_series_Wehrhahn_Sensei_draw_sword_f_nm_np1_le_med_5,8,75,2,32,2,k2,False,0.8944169878959656,slowfast_r50,hmdb51
Takeda_Ryu_Iaido_draw_sword_f_nm_np1_fr_med_2,8,61,2,32,2,k2,False,0.2512665092945099,slowfast_r50,hmdb51
Drawing_and_Resheathing_the_Japanese_Sword_draw_sword_u_nm_np1_le_med_1,8,79,2,32,2,k2,False,0.3210635185241699,slowfast_r50,hmdb51
DBK_Custom_Swords_-__Swordless__ScabbardBelt_draw_sword_u_nm_np1_fr_med_0,8,78,2,32,2,k2,False,0.40831953287124634,slowfast_r50,hmdb51
Muso_Jikiden_Eishinryu_in_Guldental_draw_sword_f_cm_np1_le_med_3,8,89,2,32,2,k2,True,0.31391558051109314,slowfast_r50,hmdb51
Ninja_(samurai_sword)_draw_sword_u_nm_np1_fr_med_0,8,78,2,32,2,k2,True,0.5534586906433105,slowfast_r50,hmdb51
Sibu_Malaysia_Vacation_little_brother_dribbling_basketball_Sarawak_dribble_f_cm_np1_ba_bad_4,9,78,2,32,2,k2,False,0.4109455347061157,slowfast_r50,hmdb51
Basketball_Dribbling_Tips_dribble_f_cm_np1_fr_med_0,9,78,2,32,2,k2,True,0.8317038416862488,slowfast_r50,hmdb51
Basketball_Dribbling_Tips__2_dribble_f_cm_np1_fr_med_1,9,78,2,32,2,k2,True,0.9991650581359863,slowfast_r50,hmdb51
10YearOldYouthBasketballStarBaller_dribble_f_cm_np1_ba_med_5,9,110,2,32,2,k2,False,0.20216290652751923,slowfast_r50,hmdb51
Basketball_Dribbling_-_Basketball_Dribbling-_Finger_Pads_dribble_f_nm_np2_le_med_4,9,101,2,32,2,k2,False,0.6564371585845947,slowfast_r50,hmdb51
How_to_Play_Professional_Basketball_-_The_Two_Dribble_Basketball_Drill_dribble_f_cm_np1_ba_med_7,9,78,2,32,2,k2,True,0.8342020511627197,slowfast_r50,hmdb51
How_to_Improve_Your_Basketball_Skills_-_How_to_Dribble_a_Basketball_Between_the_Legs_dribble_f_cm_np1_fr_med_1,9,78,2,32,2,k2,False,0.47016769647598267,slowfast_r50,hmdb51
Basketball_Dribbling_-_Basketball_Dribbling-_Having_a_Good_Base_dribble_f_nm_np2_ri_med_5,9,79,2,32,2,k2,False,0.4584137201309204,slowfast_r50,hmdb51
Basketball_Dribbling_Drills_-_The_12_Inch_Dribble_Drill_in_Basketball_dribble_f_cm_np1_ri_med_4,9,78,2,32,2,k2,True,0.8907167315483093,slowfast_r50,hmdb51
JordanWorld_sbest6yearoldBaller_dribble_f_cm_np1_fr_med_9,9,94,2,32,2,k2,True,0.3096540868282318,slowfast_r50,hmdb51
AdamandAlvonplayingbasketball1_dribble_f_cm_np1_ri_med_2,9,112,2,32,2,k2,False,0.22675326466560364,slowfast_r50,hmdb51
10YearOldYouthBasketballStarBaller_dribble_f_cm_np1_fr_med_7,9,359,2,32,2,k2,True,0.8983646035194397,slowfast_r50,hmdb51
JordanWorld_sbest6yearoldBaller_dribble_f_cm_np1_fr_med_4,9,141,2,32,2,k2,True,0.3092330992221832,slowfast_r50,hmdb51
Basketball_Dribbling_Drills_-_The_12_Inch_Dribble_Drill_in_Basketball_dribble_f_cm_np1_fr_med_5,9,78,2,32,2,k2,False,0.4924302399158478,slowfast_r50,hmdb51
AdamandAlvonplayingbasketball1_dribble_f_cm_np1_fr_med_5,9,96,2,32,2,k2,False,0.20786091685295105,slowfast_r50,hmdb51
Basketball_Dribbling_Tips__2_dribble_f_cm_np1_le_med_5,9,78,2,32,2,k2,True,0.9957938194274902,slowfast_r50,hmdb51
PlayingBasketballGotWater_dribble_f_nm_np1_fr_med_5,9,142,2,32,2,k2,False,0.07973344624042511,slowfast_r50,hmdb51
Basketball_Dribbling_Drills_-_The_Left_dribble_f_cm_np1_fr_med_2,9,78,2,32,2,k2,True,0.9820058345794678,slowfast_r50,hmdb51
Sibu_Malaysia_Vacation_little_brother_dribbling_basketball_Sarawak_dribble_f_cm_np1_ri_med_7,9,78,2,32,2,k2,True,0.38477855920791626,slowfast_r50,hmdb51
How_to_Improve_Your_Basketball_Skills_-_How_to_Dribble_a_Basketball_Between_the_Legs_dribble_f_cm_np1_fr_med_0,9,58,2,32,2,k2,True,0.960972785949707,slowfast_r50,hmdb51
AmericanGangster_drink_h_nm_np1_fr_goo_17,10,110,2,32,2,k2,True,0.44948527216911316,slowfast_r50,hmdb51
LONGESTYARD_drink_u_cm_np1_fr_med_20,10,77,2,32,2,k2,False,0.582547128200531,slowfast_r50,hmdb51
KUNG_FU_HUSTLE_drink_h_cm_np1_fr_goo_5,10,81,2,32,2,k2,False,0.7835217714309692,slowfast_r50,hmdb51
OldSchool_drink_u_nm_np1_ri_goo_5,10,108,2,32,2,k2,False,0.350271999835968,slowfast_r50,hmdb51
A_Beautiful_Mind_1_drink_u_cm_np1_fr_goo_4,10,148,2,32,2,k2,False,0.35760146379470825,slowfast_r50,hmdb51
Juno_drink_h_nm_np1_fr_goo_0,10,130,2,32,2,k2,False,0.3963809311389923,slowfast_r50,hmdb51
AmericanGangster_drink_u_cm_np1_fr_med_36,10,55,2,32,2,k2,False,0.9683640003204346,slowfast_r50,hmdb51
BLACK_HAWK_DOWN_drink_u_nm_np1_fr_goo_4,10,48,2,32,2,k2,False,0.9498863816261292,slowfast_r50,hmdb51
AllThePresidentMen_drink_f_nm_np2_ri_med_2,10,143,2,32,2,k2,False,0.5053094029426575,slowfast_r50,hmdb51
Oceans11_drink_h_nm_np1_fr_goo_8,10,57,2,32,2,k2,True,0.9952248334884644,slowfast_r50,hmdb51
MeettheFockers_drink_u_nm_np1_fr_goo_6,10,53,2,32,2,k2,False,0.5473753213882446,slowfast_r50,hmdb51
Oceans13_drink_u_nm_np1_ri_goo_4,10,77,2,32,2,k2,False,0.9994930028915405,slowfast_r50,hmdb51
Return_of_the_King_13_drink_h_nm_np1_fr_goo_1,10,111,2,32,2,k2,False,0.3612605333328247,slowfast_r50,hmdb51
IamLegend_drink_h_nm_np1_fr_goo_22,10,54,2,32,2,k2,True,0.7605123519897461,slowfast_r50,hmdb51
TheRoyalTenenbaums_drink_u_nm_np1_le_goo_1,10,83,2,32,2,k2,False,0.30474287271499634,slowfast_r50,hmdb51
AllThePresidentMen_drink_f_nm_np1_ri_med_8,10,106,2,32,2,k2,False,0.9525086879730225,slowfast_r50,hmdb51
Veoh_Alpha_Dog_1_drink_u_nm_np1_fr_goo_40,10,115,2,32,2,k2,True,0.5217744708061218,slowfast_r50,hmdb51
AmericanGangster_drink_h_nm_np1_ri_med_3,10,78,2,32,2,k2,False,0.9990683197975159,slowfast_r50,hmdb51
BIG_FISH_drink_u_nm_np1_fr_goo_5,10,104,2,32,2,k2,True,0.6487784385681152,slowfast_r50,hmdb51
Two_Towers_3_drink_h_nm_np1_fr_goo_11,10,93,2,32,2,k2,True,0.4022122621536255,slowfast_r50,hmdb51
AMADEUS_eat_u_nm_np1_fr_goo_10,11,79,2,32,2,k2,False,0.23606054484844208,slowfast_r50,hmdb51
BIG_FISH_eat_h_nm_np1_ri_goo_30,11,60,2,32,2,k2,False,0.9994465708732605,slowfast_r50,hmdb51
The_Departed_-_Part_1_eat_h_nm_np1_fr_goo_5,11,78,2,32,2,k2,False,0.8582541942596436,slowfast_r50,hmdb51
BIG_FISH_eat_u_nm_np1_fr_goo_19,11,78,2,32,2,k2,False,0.41369307041168213,slowfast_r50,hmdb51
KUNG_FU_HUSTLE_eat_h_cm_np1_le_goo_25,11,103,2,32,2,k2,False,0.6132851839065552,slowfast_r50,hmdb51
MeettheParents_eat_h_nm_np1_fr_goo_3,11,56,2,32,2,k2,False,0.7492673993110657,slowfast_r50,hmdb51
The_Departed_-_Part_1_eat_h_nm_np1_fr_goo_4,11,77,2,32,2,k2,False,0.4962059557437897,slowfast_r50,hmdb51
NoCountryForOldMen_eat_u_nm_np1_fr_med_2,11,79,2,32,2,k2,False,0.49066993594169617,slowfast_r50,hmdb51
RETURN_OF_THE_KING_eat_u_nm_np1_le_med_15,11,108,2,32,2,k2,False,0.9937214851379395,slowfast_r50,hmdb51
RETURN_OF_THE_KING_eat_u_nm_np1_ri_med_20,11,108,2,32,2,k2,False,0.5855194926261902,slowfast_r50,hmdb51
TheBoondockSaints_eat_h_nm_np1_fr_med_81,11,50,2,32,2,k2,False,0.670663595199585,slowfast_r50,hmdb51
AMADEUS_eat_u_nm_np1_fr_med_5,11,79,2,32,2,k2,False,0.1940504014492035,slowfast_r50,hmdb51
CastAway1_eat_h_nm_np1_fr_goo_8,11,80,2,32,2,k2,False,0.6953452229499817,slowfast_r50,hmdb51
Pirates_3_eat_h_nm_np1_fr_goo_4,11,56,2,32,2,k2,False,0.7779405117034912,slowfast_r50,hmdb51
ChildrenOfMen_eat_u_cm_np1_fr_med_3,11,79,2,32,2,k2,False,0.9573084712028503,slowfast_r50,hmdb51
RETURN_OF_THE_KING_eat_h_nm_np1_fr_goo_18,11,54,2,32,2,k2,True,0.9585664868354797,slowfast_r50,hmdb51
Veoh_Alpha_Dog_1_fall_floor_u_cm_np1_fr_med_46,12,60,2,32,2,k2,False,0.9639337062835693,slowfast_r50,hmdb51
HP_PRISONER_OF_AZKABAN_fall_floor_u_cm_np1_fr_med_14,12,50,2,32,2,k2,False,0.5167768597602844,slowfast_r50,hmdb51
BIG_FISH_fall_floor_f_cm_np1_fr_med_24,12,72,2,32,2,k2,True,0.10021267086267471,slowfast_r50,hmdb51
American_History_X_fall_floor_f_cm_np1_ba_med_3,12,34,2,32,2,k2,False,0.1988976001739502,slowfast_r50,hmdb51
BATMAN_BEGINS_fall_floor_f_cm_np1_ba_med_3,12,49,2,32,2,k2,True,0.35078495740890503,slowfast_r50,hmdb51
SweeneyTodd_fall_floor_u_nm_np1_fr_bad_12,12,48,2,32,2,k2,True,0.9534295797348022,slowfast_r50,hmdb51
RETURN_OF_THE_KING_fall_floor_f_nm_np1_fr_med_49,12,49,2,32,2,k2,False,0.911017894744873,slowfast_r50,hmdb51
KUNG_FU_HUSTLE_fall_floor_f_nm_np1_le_bad_0,12,49,2,32,2,k2,False,0.6085684299468994,slowfast_r50,hmdb51
BATMAN_BEGINS_fall_floor_h_cm_np1_fr_bad_2,12,74,2,32,2,k2,False,0.2591962516307831,slowfast_r50,hmdb51
BATMAN_BEGINS_fall_floor_f_cm_np1_ba_med_5,12,48,2,32,2,k2,False,0.19673894345760345,slowfast_r50,hmdb51
CasinoRoyale_fall_floor_f_cm_np1_fr_med_7,12,79,2,32,2,k2,True,0.723628044128418,slowfast_r50,hmdb51
LONGESTYARD_fall_floor_f_cm_np1_le_med_31,12,47,2,32,2,k2,False,0.5492295622825623,slowfast_r50,hmdb51
THE_PROTECTOR_fall_floor_f_cm_np1_ba_med_85,12,49,2,32,2,k2,False,0.39263346791267395,slowfast_r50,hmdb51
TheLittleShopofHorrors_fall_floor_u_cm_np1_ri_med_10,12,54,2,32,2,k2,False,0.619707465171814,slowfast_r50,hmdb51
BIG_FISH_fall_floor_f_nm_np1_fr_med_26,12,79,2,32,2,k2,False,0.22100774943828583,slowfast_r50,hmdb51
KUNG_FU_HUSTLE_fall_floor_f_cm_np1_ba_med_50,12,74,2,32,2,k2,False,0.17407681047916412,slowfast_r50,hmdb51
LONGESTYARD_fall_floor_h_nm_np1_fr_med_5,12,56,2,32,2,k2,False,0.4125860035419464,slowfast_r50,hmdb51
RETURN_OF_THE_KING_fall_floor_u_cm_np1_fr_med_37,12,45,2,32,2,k2,False,0.9990432858467102,slowfast_r50,hmdb51
KUNG_FU_HUSTLE_fall_floor_u_nm_np1_le_med_4,12,49,2,32,2,k2,False,0.36120712757110596,slowfast_r50,hmdb51
THE_PROTECTOR_fall_floor_f_nm_np1_fr_med_61,12,84,2,32,2,k2,True,0.132766455411911,slowfast_r50,hmdb51
Rapier_and_Rotella_(Shield)_Second_Bout_Nick_vs__Gareth_fencing_f_cm_np2_ri_bad_0,13,41,2,32,2,k2,False,0.2725335657596588,slowfast_r50,hmdb51
Rapier_at_Clinton_2007_fencing_f_cm_np2_ri_bad_1,13,48,2,32,2,k2,False,0.8787091374397278,slowfast_r50,hmdb51
Stage_Combat_Rapier_and_Dagger_fencing_f_cm_np2_le_bad_0,13,48,2,32,2,k2,False,0.4028710722923279,slowfast_r50,hmdb51
The_Three_Musketeers_(1993)_Final_Battle_2_3_fencing_u_cm_np1_fr_bad_0,13,40,2,32,2,k2,False,0.546794056892395,slowfast_r50,hmdb51
Redrock_Fencing_Club_Stab_N_Grab_Week_9_fencing_f_cm_np2_le_bad_0,13,50,2,32,2,k2,False,0.889886736869812,slowfast_r50,hmdb51
Scaramouche__1952_fencing_u_cm_np2_fr_goo_1,13,146,2,32,2,k2,True,0.3182304799556732,slowfast_r50,hmdb51
The_Scarlet_Pimpernel_-_duel_fencing_f_cm_np2_ba_goo_1,13,77,2,32,2,k2,False,0.2340400069952011,slowfast_r50,hmdb51
Die_Another_Day_-_Fencing_Scene_Part_1_[HD]_avi_fencing_u_cm_np2_fr_goo_3,13,90,2,32,2,k2,False,0.2992638051509857,slowfast_r50,hmdb51
Fencing_Epee_fencing_f_cm_np2_le_bad_2,13,58,2,32,2,k2,False,0.5568485856056213,slowfast_r50,hmdb51
The_Scarlet_Pimpernel_-_duel_fencing_u_cm_np2_le_bad_3,13,103,2,32,2,k2,False,0.20961306989192963,slowfast_r50,hmdb51
Redrock_Fencing_Club_Stab_N_Grab_Week_9_fencing_f_cm_np2_ri_bad_1,13,45,2,32,2,k2,True,0.8862441182136536,slowfast_r50,hmdb51
Stage_Combat_-_Sword_Fight_fencing_f_nm_np2_ba_bad_0,13,55,2,32,2,k2,True,0.9419178366661072,slowfast_r50,hmdb51
Swordplay_Alliance_Rapier_and_Dagger_fight_fencing_f_cm_np2_ri_bad_2,13,63,2,32,2,k2,True,0.36674749851226807,slowfast_r50,hmdb51
Rapier_and_Rotella_(Shield)_Second_Bout_Nick_vs__Gareth_fencing_f_cm_np2_le_bad_2,13,49,2,32,2,k2,False,0.17799878120422363,slowfast_r50,hmdb51
AHF_Rapier_fencing_f_cm_np2_le_bad_2,13,55,2,32,2,k2,False,0.5982867479324341,slowfast_r50,hmdb51
Redrock_Fencing_Club_Stab_N_Grab_Week_9_fencing_f_cm_np2_le_bad_2,13,62,2,32,2,k2,True,0.9631588459014893,slowfast_r50,hmdb51
Advanced_Rapier_fencing_f_cm_np2_le_bad_0,13,58,2,32,2,k2,True,0.6362423300743103,slowfast_r50,hmdb51
JOAKIN_(air_tricks_extreme)_flic_flac_f_cm_np1_le_med_3,14,43,2,32,2,k2,False,0.9157310128211975,slowfast_r50,hmdb51
Flick-flack_van_Yanniek_flic_flac_f_cm_np1_ri_med_0,14,53,2,32,2,k2,False,0.5692974925041199,slowfast_r50,hmdb51
7_Flickflacks_flic_flac_f_cm_np1_le_med_0,14,79,2,32,2,k2,False,0.6906601786613464,slowfast_r50,hmdb51
Meto_Demo_BHS__Flick_Flack_flic_flac_f_cm_np1_le_med_7,14,79,2,32,2,k2,False,0.18084938824176788,slowfast_r50,hmdb51
Round-Off_Flick_Flack!!_flic_flac_f_cm_np1_le_med_0,14,79,2,32,2,k2,False,0.17456918954849243,slowfast_r50,hmdb51
Rush_Hour_4_Turnk_r_flic_flac_f_cm_np1_ri_med_5,14,80,2,32,2,k2,False,0.10785704106092453,slowfast_r50,hmdb51
Rush_Hour_4_Turnk_r_flic_flac_f_cm_np1_ri_med_4,14,80,2,32,2,k2,False,0.5048185586929321,slowfast_r50,hmdb51
JOAKIN_(air_tricks_extreme)_flic_flac_f_cm_np1_ri_med_7,14,78,2,32,2,k2,False,0.13094103336334229,slowfast_r50,hmdb51
Flick_Flack_Salto_flic_flac_f_cm_np1_ri_med_0,14,43,2,32,2,k2,False,0.6814501881599426,slowfast_r50,hmdb51
Turnen_Training_flick_flack_salto_gymnastics_backhandspring_backtuck_flic_flac_f_cm_np1_fr_bad_2,14,45,2,32,2,k2,False,0.12616772949695587,slowfast_r50,hmdb51
JOAKIN_(air_tricks_extreme)_flic_flac_f_cm_np1_le_med_0,14,43,2,32,2,k2,False,0.16005946695804596,slowfast_r50,hmdb51
6fach_Flick_Flack_flic_flac_f_cm_np1_le_med_2,14,79,2,32,2,k2,False,0.4726235270500183,slowfast_r50,hmdb51
Meto_Demo_BHS__Flick_Flack_flic_flac_f_cm_np1_ba_med_2,14,80,2,32,2,k2,False,0.1574162393808365,slowfast_r50,hmdb51
Outdoor-Turnen_flic_flac_f_cm_np1_ri_med_2,14,60,2,32,2,k2,False,0.18451814353466034,slowfast_r50,hmdb51
Jessica_Heinz_-_Leverkusen_Cup_2006__floor_routine_flic_flac_f_cm_np1_ri_med_1,14,37,2,32,2,k2,False,0.33536842465400696,slowfast_r50,hmdb51
Return_of_the_King_1_dive_f_cm_np1_fr_bad_10,7,190,4,32,4,k4,False,0.26258382201194763,slowfast_r50,hmdb51
Splashdiving_II_dive_f_cm_np1_ri_med_2,7,112,4,32,4,k4,False,0.11261506378650665,slowfast_r50,hmdb51
BungyjumpingAJHackettNewZealand_dive_f_cm_np1_fr_bad_1,7,111,4,32,4,k4,False,0.6176609992980957,slowfast_r50,hmdb51
Jeff_Bungee_Jumping_dive_f_cm_np1_fr_bad_1,7,65,4,32,4,k4,False,0.18629638850688934,slowfast_r50,hmdb51
BASE_Jumping_Compilation_-_Brilliant_dive_f_cm_np1_le_bad_1,7,45,4,32,4,k4,True,0.9709996581077576,slowfast_r50,hmdb51
Iaido_13_katas_draw_sword_f_nm_np1_fr_med_9,8,110,4,32,4,k4,False,0.813563346862793,slowfast_r50,hmdb51
San-su_martial_arts_iaido_first_11_kata_draw_sword_f_cm_np1_le_med_7,8,131,4,32,4,k4,False,0.518864631652832,slowfast_r50,hmdb51
San-su_martial_arts_iaido_first_11_kata_draw_sword_f_cm_np1_fr_med_0,8,85,4,32,4,k4,False,0.3523913621902466,slowfast_r50,hmdb51
The_Three_Musketeers_(1993)_Final_Battle_1_3_draw_sword_u_cm_np1_fr_med_1,8,41,4,32,4,k4,False,0.7631989121437073,slowfast_r50,hmdb51
Muso_Jikiden_Eishin_ryu_iaido_draw_sword_f_cm_np1_le_med_4,8,91,4,32,4,k4,True,0.39091312885284424,slowfast_r50,hmdb51
Iaido_13_katas_draw_sword_f_nm_np1_fr_med_0,8,128,4,32,4,k4,False,0.4554511308670044,slowfast_r50,hmdb51
Nakayama_Aikido_Iaido_Part_3_draw_sword_f_cm_np1_le_med_0,8,48,4,32,4,k4,False,0.32323652505874634,slowfast_r50,hmdb51
Spirit_Of_The_Sword_Volume_1_DVD_draw_sword_f_nm_np1_fr_med_1,8,45,4,32,4,k4,False,0.9622227549552917,slowfast_r50,hmdb51
Muso_Jikiden_Eishinryu_in_Guldental_draw_sword_f_cm_np1_le_med_4,8,78,4,32,4,k4,False,0.858230710029602,slowfast_r50,hmdb51
Iaido_video_instruction_series_Wehrhahn_Sensei_draw_sword_f_nm_np1_le_med_5,8,75,4,32,4,k4,False,0.9866636991500854,slowfast_r50,hmdb51
Takeda_Ryu_Iaido_draw_sword_f_nm_np1_fr_med_2,8,61,4,32,4,k4,False,0.30670076608657837,slowfast_r50,hmdb51
Drawing_and_Resheathing_the_Japanese_Sword_draw_sword_u_nm_np1_le_med_1,8,79,4,32,4,k4,False,0.6219397783279419,slowfast_r50,hmdb51
DBK_Custom_Swords_-__Swordless__ScabbardBelt_draw_sword_u_nm_np1_fr_med_0,8,78,4,32,4,k4,False,0.8094044923782349,slowfast_r50,hmdb51
Muso_Jikiden_Eishinryu_in_Guldental_draw_sword_f_cm_np1_le_med_3,8,89,4,32,4,k4,True,0.6676510572433472,slowfast_r50,hmdb51
Ninja_(samurai_sword)_draw_sword_u_nm_np1_fr_med_0,8,78,4,32,4,k4,False,0.5549626350402832,slowfast_r50,hmdb51
Sibu_Malaysia_Vacation_little_brother_dribbling_basketball_Sarawak_dribble_f_cm_np1_ba_bad_4,9,78,4,32,4,k4,False,0.1452503353357315,slowfast_r50,hmdb51
Basketball_Dribbling_Tips_dribble_f_cm_np1_fr_med_0,9,78,4,32,4,k4,True,0.956723153591156,slowfast_r50,hmdb51
Basketball_Dribbling_Tips__2_dribble_f_cm_np1_fr_med_1,9,78,4,32,4,k4,True,0.999786913394928,slowfast_r50,hmdb51
10YearOldYouthBasketballStarBaller_dribble_f_cm_np1_ba_med_5,9,110,4,32,4,k4,True,0.8087249398231506,slowfast_r50,hmdb51
Basketball_Dribbling_-_Basketball_Dribbling-_Finger_Pads_dribble_f_nm_np2_le_med_4,9,101,4,32,4,k4,True,0.8855102062225342,slowfast_r50,hmdb51
How_to_Play_Professional_Basketball_-_The_Two_Dribble_Basketball_Drill_dribble_f_cm_np1_ba_med_7,9,78,4,32,4,k4,True,0.9873895645141602,slowfast_r50,hmdb51
How_to_Improve_Your_Basketball_Skills_-_How_to_Dribble_a_Basketball_Between_the_Legs_dribble_f_cm_np1_fr_med_1,9,78,4,32,4,k4,False,0.4983130693435669,slowfast_r50,hmdb51
Basketball_Dribbling_-_Basketball_Dribbling-_Having_a_Good_Base_dribble_f_nm_np2_ri_med_5,9,79,4,32,4,k4,False,0.38991305232048035,slowfast_r50,hmdb51
Basketball_Dribbling_Drills_-_The_12_Inch_Dribble_Drill_in_Basketball_dribble_f_cm_np1_ri_med_4,9,78,4,32,4,k4,True,0.994931161403656,slowfast_r50,hmdb51
JordanWorld_sbest6yearoldBaller_dribble_f_cm_np1_fr_med_9,9,94,4,32,4,k4,True,0.9427998661994934,slowfast_r50,hmdb51
AdamandAlvonplayingbasketball1_dribble_f_cm_np1_ri_med_2,9,112,4,32,4,k4,True,0.740189254283905,slowfast_r50,hmdb51
10YearOldYouthBasketballStarBaller_dribble_f_cm_np1_fr_med_7,9,359,4,32,4,k4,True,0.9391623139381409,slowfast_r50,hmdb51
JordanWorld_sbest6yearoldBaller_dribble_f_cm_np1_fr_med_4,9,141,4,32,4,k4,True,0.9447429776191711,slowfast_r50,hmdb51
Basketball_Dribbling_Drills_-_The_12_Inch_Dribble_Drill_in_Basketball_dribble_f_cm_np1_fr_med_5,9,78,4,32,4,k4,False,0.18815076351165771,slowfast_r50,hmdb51
AdamandAlvonplayingbasketball1_dribble_f_cm_np1_fr_med_5,9,96,4,32,4,k4,True,0.4520091414451599,slowfast_r50,hmdb51
Basketball_Dribbling_Tips__2_dribble_f_cm_np1_le_med_5,9,78,4,32,4,k4,True,0.9842481017112732,slowfast_r50,hmdb51
PlayingBasketballGotWater_dribble_f_nm_np1_fr_med_5,9,142,4,32,4,k4,False,0.22076141834259033,slowfast_r50,hmdb51
Basketball_Dribbling_Drills_-_The_Left_dribble_f_cm_np1_fr_med_2,9,78,4,32,4,k4,True,0.9907454252243042,slowfast_r50,hmdb51
Sibu_Malaysia_Vacation_little_brother_dribbling_basketball_Sarawak_dribble_f_cm_np1_ri_med_7,9,78,4,32,4,k4,True,0.8105189204216003,slowfast_r50,hmdb51
How_to_Improve_Your_Basketball_Skills_-_How_to_Dribble_a_Basketball_Between_the_Legs_dribble_f_cm_np1_fr_med_0,9,58,4,32,4,k4,True,0.9978702068328857,slowfast_r50,hmdb51
AmericanGangster_drink_h_nm_np1_fr_goo_17,10,110,4,32,4,k4,True,0.9535099864006042,slowfast_r50,hmdb51
LONGESTYARD_drink_u_cm_np1_fr_med_20,10,77,4,32,4,k4,False,0.3052684962749481,slowfast_r50,hmdb51
KUNG_FU_HUSTLE_drink_h_cm_np1_fr_goo_5,10,81,4,32,4,k4,True,0.9039714336395264,slowfast_r50,hmdb51
OldSchool_drink_u_nm_np1_ri_goo_5,10,108,4,32,4,k4,True,0.903485894203186,slowfast_r50,hmdb51
A_Beautiful_Mind_1_drink_u_cm_np1_fr_goo_4,10,148,4,32,4,k4,True,0.9457345604896545,slowfast_r50,hmdb51
Juno_drink_h_nm_np1_fr_goo_0,10,130,4,32,4,k4,True,0.4830052852630615,slowfast_r50,hmdb51
AmericanGangster_drink_u_cm_np1_fr_med_36,10,55,4,32,4,k4,False,0.9756290912628174,slowfast_r50,hmdb51
BLACK_HAWK_DOWN_drink_u_nm_np1_fr_goo_4,10,48,4,32,4,k4,False,0.23163332045078278,slowfast_r50,hmdb51
AllThePresidentMen_drink_f_nm_np2_ri_med_2,10,143,4,32,4,k4,False,0.3898806571960449,slowfast_r50,hmdb51
Oceans11_drink_h_nm_np1_fr_goo_8,10,57,4,32,4,k4,True,0.9954719543457031,slowfast_r50,hmdb51
MeettheFockers_drink_u_nm_np1_fr_goo_6,10,53,4,32,4,k4,False,0.3561669588088989,slowfast_r50,hmdb51
Oceans13_drink_u_nm_np1_ri_goo_4,10,77,4,32,4,k4,False,0.9763147830963135,slowfast_r50,hmdb51
Return_of_the_King_13_drink_h_nm_np1_fr_goo_1,10,111,4,32,4,k4,True,0.9121690988540649,slowfast_r50,hmdb51
IamLegend_drink_h_nm_np1_fr_goo_22,10,54,4,32,4,k4,True,0.8083149194717407,slowfast_r50,hmdb51
TheRoyalTenenbaums_drink_u_nm_np1_le_goo_1,10,83,4,32,4,k4,False,0.19770602881908417,slowfast_r50,hmdb51
AllThePresidentMen_drink_f_nm_np1_ri_med_8,10,106,4,32,4,k4,False,0.7447333335876465,slowfast_r50,hmdb51
Veoh_Alpha_Dog_1_drink_u_nm_np1_fr_goo_40,10,115,4,32,4,k4,True,0.4887552559375763,slowfast_r50,hmdb51
AmericanGangster_drink_h_nm_np1_ri_med_3,10,78,4,32,4,k4,True,0.7233814597129822,slowfast_r50,hmdb51
BIG_FISH_drink_u_nm_np1_fr_goo_5,10,104,4,32,4,k4,True,0.99628746509552,slowfast_r50,hmdb51
Two_Towers_3_drink_h_nm_np1_fr_goo_11,10,93,4,32,4,k4,True,0.8458136320114136,slowfast_r50,hmdb51
AMADEUS_eat_u_nm_np1_fr_goo_10,11,79,4,32,4,k4,False,0.41687387228012085,slowfast_r50,hmdb51
BIG_FISH_eat_h_nm_np1_ri_goo_30,11,60,4,32,4,k4,False,0.9847507476806641,slowfast_r50,hmdb51
The_Departed_-_Part_1_eat_h_nm_np1_fr_goo_5,11,78,4,32,4,k4,False,0.40990325808525085,slowfast_r50,hmdb51
BIG_FISH_eat_u_nm_np1_fr_goo_19,11,78,4,32,4,k4,True,0.7059763073921204,slowfast_r50,hmdb51
KUNG_FU_HUSTLE_eat_h_cm_np1_le_goo_25,11,103,4,32,4,k4,False,0.9961032867431641,slowfast_r50,hmdb51
MeettheParents_eat_h_nm_np1_fr_goo_3,11,56,4,32,4,k4,False,0.7894513010978699,slowfast_r50,hmdb51
The_Departed_-_Part_1_eat_h_nm_np1_fr_goo_4,11,77,4,32,4,k4,True,0.5672946572303772,slowfast_r50,hmdb51
NoCountryForOldMen_eat_u_nm_np1_fr_med_2,11,79,4,32,4,k4,True,0.9077336192131042,slowfast_r50,hmdb51
RETURN_OF_THE_KING_eat_u_nm_np1_le_med_15,11,108,4,32,4,k4,False,0.5297301411628723,slowfast_r50,hmdb51
RETURN_OF_THE_KING_eat_u_nm_np1_ri_med_20,11,108,4,32,4,k4,False,0.6067623496055603,slowfast_r50,hmdb51
TheBoondockSaints_eat_h_nm_np1_fr_med_81,11,50,4,32,4,k4,False,0.9441965818405151,slowfast_r50,hmdb51
AMADEUS_eat_u_nm_np1_fr_med_5,11,79,4,32,4,k4,False,0.22908160090446472,slowfast_r50,hmdb51
CastAway1_eat_h_nm_np1_fr_goo_8,11,80,4,32,4,k4,False,0.345537006855011,slowfast_r50,hmdb51
Pirates_3_eat_h_nm_np1_fr_goo_4,11,56,4,32,4,k4,False,0.4669748842716217,slowfast_r50,hmdb51
ChildrenOfMen_eat_u_cm_np1_fr_med_3,11,79,4,32,4,k4,False,0.9268708825111389,slowfast_r50,hmdb51
RETURN_OF_THE_KING_eat_h_nm_np1_fr_goo_18,11,54,4,32,4,k4,True,0.9968729615211487,slowfast_r50,hmdb51
Veoh_Alpha_Dog_1_fall_floor_u_cm_np1_fr_med_46,12,60,4,32,4,k4,False,0.9750126600265503,slowfast_r50,hmdb51
HP_PRISONER_OF_AZKABAN_fall_floor_u_cm_np1_fr_med_14,12,50,4,32,4,k4,False,0.23801366984844208,slowfast_r50,hmdb51
BIG_FISH_fall_floor_f_cm_np1_fr_med_24,12,72,4,32,4,k4,True,0.09313245117664337,slowfast_r50,hmdb51
American_History_X_fall_floor_f_cm_np1_ba_med_3,12,34,4,32,4,k4,False,0.48346900939941406,slowfast_r50,hmdb51
BATMAN_BEGINS_fall_floor_f_cm_np1_ba_med_3,12,49,4,32,4,k4,True,0.6277978420257568,slowfast_r50,hmdb51
SweeneyTodd_fall_floor_u_nm_np1_fr_bad_12,12,48,4,32,4,k4,True,0.9030387997627258,slowfast_r50,hmdb51
RETURN_OF_THE_KING_fall_floor_f_nm_np1_fr_med_49,12,49,4,32,4,k4,False,0.22025437653064728,slowfast_r50,hmdb51
KUNG_FU_HUSTLE_fall_floor_f_nm_np1_le_bad_0,12,49,4,32,4,k4,False,0.34934547543525696,slowfast_r50,hmdb51
BATMAN_BEGINS_fall_floor_h_cm_np1_fr_bad_2,12,74,4,32,4,k4,False,0.37073206901550293,slowfast_r50,hmdb51
BATMAN_BEGINS_fall_floor_f_cm_np1_ba_med_5,12,48,4,32,4,k4,True,0.9460552930831909,slowfast_r50,hmdb51
CasinoRoyale_fall_floor_f_cm_np1_fr_med_7,12,79,4,32,4,k4,False,0.28979289531707764,slowfast_r50,hmdb51
LONGESTYARD_fall_floor_f_cm_np1_le_med_31,12,47,4,32,4,k4,False,0.3804856538772583,slowfast_r50,hmdb51
THE_PROTECTOR_fall_floor_f_cm_np1_ba_med_85,12,49,4,32,4,k4,False,0.36340799927711487,slowfast_r50,hmdb51
TheLittleShopofHorrors_fall_floor_u_cm_np1_ri_med_10,12,54,4,32,4,k4,False,0.7518161535263062,slowfast_r50,hmdb51
BIG_FISH_fall_floor_f_nm_np1_fr_med_26,12,79,4,32,4,k4,False,0.2330392599105835,slowfast_r50,hmdb51
KUNG_FU_HUSTLE_fall_floor_f_cm_np1_ba_med_50,12,74,4,32,4,k4,False,0.15319721400737762,slowfast_r50,hmdb51
LONGESTYARD_fall_floor_h_nm_np1_fr_med_5,12,56,4,32,4,k4,False,0.20971032977104187,slowfast_r50,hmdb51
RETURN_OF_THE_KING_fall_floor_u_cm_np1_fr_med_37,12,45,4,32,4,k4,False,0.8218174576759338,slowfast_r50,hmdb51
KUNG_FU_HUSTLE_fall_floor_u_nm_np1_le_med_4,12,49,4,32,4,k4,False,0.30128467082977295,slowfast_r50,hmdb51
THE_PROTECTOR_fall_floor_f_nm_np1_fr_med_61,12,84,4,32,4,k4,False,0.6736037135124207,slowfast_r50,hmdb51
Rapier_and_Rotella_(Shield)_Second_Bout_Nick_vs__Gareth_fencing_f_cm_np2_ri_bad_0,13,41,4,32,4,k4,False,0.3223792314529419,slowfast_r50,hmdb51
Rapier_at_Clinton_2007_fencing_f_cm_np2_ri_bad_1,13,48,4,32,4,k4,False,0.8694220185279846,slowfast_r50,hmdb51
Stage_Combat_Rapier_and_Dagger_fencing_f_cm_np2_le_bad_0,13,48,4,32,4,k4,False,0.6382937431335449,slowfast_r50,hmdb51
The_Three_Musketeers_(1993)_Final_Battle_2_3_fencing_u_cm_np1_fr_bad_0,13,40,4,32,4,k4,False,0.14094634354114532,slowfast_r50,hmdb51
Redrock_Fencing_Club_Stab_N_Grab_Week_9_fencing_f_cm_np2_le_bad_0,13,50,4,32,4,k4,True,0.7520113587379456,slowfast_r50,hmdb51
Scaramouche__1952_fencing_u_cm_np2_fr_goo_1,13,146,4,32,4,k4,True,0.906369149684906,slowfast_r50,hmdb51
The_Scarlet_Pimpernel_-_duel_fencing_f_cm_np2_ba_goo_1,13,77,4,32,4,k4,False,0.6302720308303833,slowfast_r50,hmdb51
Die_Another_Day_-_Fencing_Scene_Part_1_[HD]_avi_fencing_u_cm_np2_fr_goo_3,13,90,4,32,4,k4,True,0.5240784883499146,slowfast_r50,hmdb51
Fencing_Epee_fencing_f_cm_np2_le_bad_2,13,58,4,32,4,k4,False,0.41423869132995605,slowfast_r50,hmdb51
The_Scarlet_Pimpernel_-_duel_fencing_u_cm_np2_le_bad_3,13,103,4,32,4,k4,True,0.3631504476070404,slowfast_r50,hmdb51
Redrock_Fencing_Club_Stab_N_Grab_Week_9_fencing_f_cm_np2_ri_bad_1,13,45,4,32,4,k4,True,0.9993341565132141,slowfast_r50,hmdb51
Stage_Combat_-_Sword_Fight_fencing_f_nm_np2_ba_bad_0,13,55,4,32,4,k4,True,0.9504684209823608,slowfast_r50,hmdb51
Swordplay_Alliance_Rapier_and_Dagger_fight_fencing_f_cm_np2_ri_bad_2,13,63,4,32,4,k4,True,0.7161914110183716,slowfast_r50,hmdb51
Rapier_and_Rotella_(Shield)_Second_Bout_Nick_vs__Gareth_fencing_f_cm_np2_le_bad_2,13,49,4,32,4,k4,False,0.22779051959514618,slowfast_r50,hmdb51
AHF_Rapier_fencing_f_cm_np2_le_bad_2,13,55,4,32,4,k4,True,0.6639288067817688,slowfast_r50,hmdb51
Redrock_Fencing_Club_Stab_N_Grab_Week_9_fencing_f_cm_np2_le_bad_2,13,62,4,32,4,k4,True,0.988312304019928,slowfast_r50,hmdb51
Advanced_Rapier_fencing_f_cm_np2_le_bad_0,13,58,4,32,4,k4,True,0.5769652128219604,slowfast_r50,hmdb51
JOAKIN_(air_tricks_extreme)_flic_flac_f_cm_np1_le_med_3,14,43,4,32,4,k4,False,0.8948301672935486,slowfast_r50,hmdb51
Flick-flack_van_Yanniek_flic_flac_f_cm_np1_ri_med_0,14,53,4,32,4,k4,False,0.3874858021736145,slowfast_r50,hmdb51
7_Flickflacks_flic_flac_f_cm_np1_le_med_0,14,79,4,32,4,k4,False,0.8068844676017761,slowfast_r50,hmdb51
Meto_Demo_BHS__Flick_Flack_flic_flac_f_cm_np1_le_med_7,14,79,4,32,4,k4,False,0.6678038239479065,slowfast_r50,hmdb51
Round-Off_Flick_Flack!!_flic_flac_f_cm_np1_le_med_0,14,79,4,32,4,k4,False,0.5499918460845947,slowfast_r50,hmdb51
Rush_Hour_4_Turnk_r_flic_flac_f_cm_np1_ri_med_5,14,80,4,32,4,k4,False,0.22370551526546478,slowfast_r50,hmdb51
Rush_Hour_4_Turnk_r_flic_flac_f_cm_np1_ri_med_4,14,80,4,32,4,k4,False,0.706997275352478,slowfast_r50,hmdb51
JOAKIN_(air_tricks_extreme)_flic_flac_f_cm_np1_ri_med_7,14,78,4,32,4,k4,False,0.25963130593299866,slowfast_r50,hmdb51
Flick_Flack_Salto_flic_flac_f_cm_np1_ri_med_0,14,43,4,32,4,k4,False,0.8076658248901367,slowfast_r50,hmdb51
Turnen_Training_flick_flack_salto_gymnastics_backhandspring_backtuck_flic_flac_f_cm_np1_fr_bad_2,14,45,4,32,4,k4,False,0.7541570067405701,slowfast_r50,hmdb51
JOAKIN_(air_tricks_extreme)_flic_flac_f_cm_np1_le_med_0,14,43,4,32,4,k4,False,0.3825768232345581,slowfast_r50,hmdb51
6fach_Flick_Flack_flic_flac_f_cm_np1_le_med_2,14,79,4,32,4,k4,False,0.45594194531440735,slowfast_r50,hmdb51
Meto_Demo_BHS__Flick_Flack_flic_flac_f_cm_np1_ba_med_2,14,80,4,32,4,k4,False,0.3991489112377167,slowfast_r50,hmdb51
Outdoor-Turnen_flic_flac_f_cm_np1_ri_med_2,14,60,4,32,4,k4,False,0.8721929788589478,slowfast_r50,hmdb51
Jessica_Heinz_-_Leverkusen_Cup_2006__floor_routine_flic_flac_f_cm_np1_ri_med_1,14,37,4,32,4,k4,False,0.34439772367477417,slowfast_r50,hmdb51
Return_of_the_King_1_dive_f_cm_np1_fr_bad_10,7,190,8,32,8,k8,False,0.4566305875778198,slowfast_r50,hmdb51
Splashdiving_II_dive_f_cm_np1_ri_med_2,7,112,8,32,8,k8,True,0.6666072010993958,slowfast_r50,hmdb51
BungyjumpingAJHackettNewZealand_dive_f_cm_np1_fr_bad_1,7,111,8,32,8,k8,True,0.8140905499458313,slowfast_r50,hmdb51
Jeff_Bungee_Jumping_dive_f_cm_np1_fr_bad_1,7,65,8,32,8,k8,False,0.20615717768669128,slowfast_r50,hmdb51
BASE_Jumping_Compilation_-_Brilliant_dive_f_cm_np1_le_bad_1,7,45,8,32,8,k8,True,0.9915618300437927,slowfast_r50,hmdb51
Iaido_13_katas_draw_sword_f_nm_np1_fr_med_9,8,110,8,32,8,k8,False,0.3748921751976013,slowfast_r50,hmdb51
San-su_martial_arts_iaido_first_11_kata_draw_sword_f_cm_np1_le_med_7,8,131,8,32,8,k8,True,0.33094242215156555,slowfast_r50,hmdb51
San-su_martial_arts_iaido_first_11_kata_draw_sword_f_cm_np1_fr_med_0,8,85,8,32,8,k8,True,0.44041961431503296,slowfast_r50,hmdb51
The_Three_Musketeers_(1993)_Final_Battle_1_3_draw_sword_u_cm_np1_fr_med_1,8,41,8,32,8,k8,False,0.2603926360607147,slowfast_r50,hmdb51
Muso_Jikiden_Eishin_ryu_iaido_draw_sword_f_cm_np1_le_med_4,8,91,8,32,8,k8,False,0.27707648277282715,slowfast_r50,hmdb51
Iaido_13_katas_draw_sword_f_nm_np1_fr_med_0,8,128,8,32,8,k8,True,0.43196210265159607,slowfast_r50,hmdb51
Nakayama_Aikido_Iaido_Part_3_draw_sword_f_cm_np1_le_med_0,8,48,8,32,8,k8,False,0.6381369233131409,slowfast_r50,hmdb51
Spirit_Of_The_Sword_Volume_1_DVD_draw_sword_f_nm_np1_fr_med_1,8,45,8,32,8,k8,False,0.2622007727622986,slowfast_r50,hmdb51
Muso_Jikiden_Eishinryu_in_Guldental_draw_sword_f_cm_np1_le_med_4,8,78,8,32,8,k8,False,0.6789243221282959,slowfast_r50,hmdb51
Iaido_video_instruction_series_Wehrhahn_Sensei_draw_sword_f_nm_np1_le_med_5,8,75,8,32,8,k8,False,0.5558897256851196,slowfast_r50,hmdb51
Takeda_Ryu_Iaido_draw_sword_f_nm_np1_fr_med_2,8,61,8,32,8,k8,False,0.7622125744819641,slowfast_r50,hmdb51
Drawing_and_Resheathing_the_Japanese_Sword_draw_sword_u_nm_np1_le_med_1,8,79,8,32,8,k8,False,0.9870052337646484,slowfast_r50,hmdb51
DBK_Custom_Swords_-__Swordless__ScabbardBelt_draw_sword_u_nm_np1_fr_med_0,8,78,8,32,8,k8,False,0.9393985271453857,slowfast_r50,hmdb51
Muso_Jikiden_Eishinryu_in_Guldental_draw_sword_f_cm_np1_le_med_3,8,89,8,32,8,k8,True,0.8430314660072327,slowfast_r50,hmdb51
Ninja_(samurai_sword)_draw_sword_u_nm_np1_fr_med_0,8,78,8,32,8,k8,True,0.6244065761566162,slowfast_r50,hmdb51
Sibu_Malaysia_Vacation_little_brother_dribbling_basketball_Sarawak_dribble_f_cm_np1_ba_bad_4,9,78,8,32,8,k8,False,0.42863377928733826,slowfast_r50,hmdb51
Basketball_Dribbling_Tips_dribble_f_cm_np1_fr_med_0,9,78,8,32,8,k8,True,0.5245049595832825,slowfast_r50,hmdb51
Basketball_Dribbling_Tips__2_dribble_f_cm_np1_fr_med_1,9,78,8,32,8,k8,True,0.9416768550872803,slowfast_r50,hmdb51
10YearOldYouthBasketballStarBaller_dribble_f_cm_np1_ba_med_5,9,110,8,32,8,k8,True,0.9691687226295471,slowfast_r50,hmdb51
Basketball_Dribbling_-_Basketball_Dribbling-_Finger_Pads_dribble_f_nm_np2_le_med_4,9,101,8,32,8,k8,True,0.9106095433235168,slowfast_r50,hmdb51
How_to_Play_Professional_Basketball_-_The_Two_Dribble_Basketball_Drill_dribble_f_cm_np1_ba_med_7,9,78,8,32,8,k8,False,0.40134546160697937,slowfast_r50,hmdb51
How_to_Improve_Your_Basketball_Skills_-_How_to_Dribble_a_Basketball_Between_the_Legs_dribble_f_cm_np1_fr_med_1,9,78,8,32,8,k8,False,0.4427585005760193,slowfast_r50,hmdb51
Basketball_Dribbling_-_Basketball_Dribbling-_Having_a_Good_Base_dribble_f_nm_np2_ri_med_5,9,79,8,32,8,k8,False,0.37054526805877686,slowfast_r50,hmdb51
Basketball_Dribbling_Drills_-_The_12_Inch_Dribble_Drill_in_Basketball_dribble_f_cm_np1_ri_med_4,9,78,8,32,8,k8,True,0.9466727375984192,slowfast_r50,hmdb51
JordanWorld_sbest6yearoldBaller_dribble_f_cm_np1_fr_med_9,9,94,8,32,8,k8,True,0.7327427864074707,slowfast_r50,hmdb51
AdamandAlvonplayingbasketball1_dribble_f_cm_np1_ri_med_2,9,112,8,32,8,k8,True,0.3400019407272339,slowfast_r50,hmdb51
10YearOldYouthBasketballStarBaller_dribble_f_cm_np1_fr_med_7,9,359,8,32,8,k8,True,0.9952620267868042,slowfast_r50,hmdb51
JordanWorld_sbest6yearoldBaller_dribble_f_cm_np1_fr_med_4,9,141,8,32,8,k8,True,0.9951518774032593,slowfast_r50,hmdb51
Basketball_Dribbling_Drills_-_The_12_Inch_Dribble_Drill_in_Basketball_dribble_f_cm_np1_fr_med_5,9,78,8,32,8,k8,False,0.4739907681941986,slowfast_r50,hmdb51
AdamandAlvonplayingbasketball1_dribble_f_cm_np1_fr_med_5,9,96,8,32,8,k8,False,0.2776256799697876,slowfast_r50,hmdb51
Basketball_Dribbling_Tips__2_dribble_f_cm_np1_le_med_5,9,78,8,32,8,k8,True,0.9981156587600708,slowfast_r50,hmdb51
PlayingBasketballGotWater_dribble_f_nm_np1_fr_med_5,9,142,8,32,8,k8,False,0.19544053077697754,slowfast_r50,hmdb51
Basketball_Dribbling_Drills_-_The_Left_dribble_f_cm_np1_fr_med_2,9,78,8,32,8,k8,True,0.9171775579452515,slowfast_r50,hmdb51
Sibu_Malaysia_Vacation_little_brother_dribbling_basketball_Sarawak_dribble_f_cm_np1_ri_med_7,9,78,8,32,8,k8,False,0.37195608019828796,slowfast_r50,hmdb51
How_to_Improve_Your_Basketball_Skills_-_How_to_Dribble_a_Basketball_Between_the_Legs_dribble_f_cm_np1_fr_med_0,9,58,8,32,8,k8,True,0.9792200326919556,slowfast_r50,hmdb51
AmericanGangster_drink_h_nm_np1_fr_goo_17,10,110,8,32,8,k8,True,0.9912960529327393,slowfast_r50,hmdb51
LONGESTYARD_drink_u_cm_np1_fr_med_20,10,77,8,32,8,k8,False,0.3311956226825714,slowfast_r50,hmdb51
KUNG_FU_HUSTLE_drink_h_cm_np1_fr_goo_5,10,81,8,32,8,k8,False,0.5150248408317566,slowfast_r50,hmdb51
OldSchool_drink_u_nm_np1_ri_goo_5,10,108,8,32,8,k8,True,0.9899170994758606,slowfast_r50,hmdb51
A_Beautiful_Mind_1_drink_u_cm_np1_fr_goo_4,10,148,8,32,8,k8,True,0.9499883651733398,slowfast_r50,hmdb51
Juno_drink_h_nm_np1_fr_goo_0,10,130,8,32,8,k8,False,0.43784022331237793,slowfast_r50,hmdb51
AmericanGangster_drink_u_cm_np1_fr_med_36,10,55,8,32,8,k8,False,0.3782387673854828,slowfast_r50,hmdb51
BLACK_HAWK_DOWN_drink_u_nm_np1_fr_goo_4,10,48,8,32,8,k8,True,0.2065771222114563,slowfast_r50,hmdb51
AllThePresidentMen_drink_f_nm_np2_ri_med_2,10,143,8,32,8,k8,False,0.14023694396018982,slowfast_r50,hmdb51
Oceans11_drink_h_nm_np1_fr_goo_8,10,57,8,32,8,k8,True,0.9998433589935303,slowfast_r50,hmdb51
MeettheFockers_drink_u_nm_np1_fr_goo_6,10,53,8,32,8,k8,False,0.29697054624557495,slowfast_r50,hmdb51
Oceans13_drink_u_nm_np1_ri_goo_4,10,77,8,32,8,k8,False,0.5481995940208435,slowfast_r50,hmdb51
Return_of_the_King_13_drink_h_nm_np1_fr_goo_1,10,111,8,32,8,k8,True,0.9567449688911438,slowfast_r50,hmdb51
IamLegend_drink_h_nm_np1_fr_goo_22,10,54,8,32,8,k8,True,0.3573470115661621,slowfast_r50,hmdb51
TheRoyalTenenbaums_drink_u_nm_np1_le_goo_1,10,83,8,32,8,k8,True,0.229405015707016,slowfast_r50,hmdb51
AllThePresidentMen_drink_f_nm_np1_ri_med_8,10,106,8,32,8,k8,False,0.5039645433425903,slowfast_r50,hmdb51
Veoh_Alpha_Dog_1_drink_u_nm_np1_fr_goo_40,10,115,8,32,8,k8,True,0.8784422874450684,slowfast_r50,hmdb51
AmericanGangster_drink_h_nm_np1_ri_med_3,10,78,8,32,8,k8,True,0.9347752928733826,slowfast_r50,hmdb51
BIG_FISH_drink_u_nm_np1_fr_goo_5,10,104,8,32,8,k8,True,0.9984548091888428,slowfast_r50,hmdb51
Two_Towers_3_drink_h_nm_np1_fr_goo_11,10,93,8,32,8,k8,True,0.6555081605911255,slowfast_r50,hmdb51
AMADEUS_eat_u_nm_np1_fr_goo_10,11,79,8,32,8,k8,False,0.459867924451828,slowfast_r50,hmdb51
BIG_FISH_eat_h_nm_np1_ri_goo_30,11,60,8,32,8,k8,False,0.8295717239379883,slowfast_r50,hmdb51
The_Departed_-_Part_1_eat_h_nm_np1_fr_goo_5,11,78,8,32,8,k8,True,0.42376941442489624,slowfast_r50,hmdb51
BIG_FISH_eat_u_nm_np1_fr_goo_19,11,78,8,32,8,k8,False,0.5094531178474426,slowfast_r50,hmdb51
KUNG_FU_HUSTLE_eat_h_cm_np1_le_goo_25,11,103,8,32,8,k8,False,0.962986946105957,slowfast_r50,hmdb51
MeettheParents_eat_h_nm_np1_fr_goo_3,11,56,8,32,8,k8,False,0.711552619934082,slowfast_r50,hmdb51
The_Departed_-_Part_1_eat_h_nm_np1_fr_goo_4,11,77,8,32,8,k8,False,0.7816348075866699,slowfast_r50,hmdb51
NoCountryForOldMen_eat_u_nm_np1_fr_med_2,11,79,8,32,8,k8,True,0.5375315546989441,slowfast_r50,hmdb51
RETURN_OF_THE_KING_eat_u_nm_np1_le_med_15,11,108,8,32,8,k8,True,0.7869626879692078,slowfast_r50,hmdb51
RETURN_OF_THE_KING_eat_u_nm_np1_ri_med_20,11,108,8,32,8,k8,False,0.31082072854042053,slowfast_r50,hmdb51
TheBoondockSaints_eat_h_nm_np1_fr_med_81,11,50,8,32,8,k8,False,0.992866039276123,slowfast_r50,hmdb51
AMADEUS_eat_u_nm_np1_fr_med_5,11,79,8,32,8,k8,False,0.10245271027088165,slowfast_r50,hmdb51
CastAway1_eat_h_nm_np1_fr_goo_8,11,80,8,32,8,k8,False,0.23294658958911896,slowfast_r50,hmdb51
Pirates_3_eat_h_nm_np1_fr_goo_4,11,56,8,32,8,k8,True,0.9212943315505981,slowfast_r50,hmdb51
ChildrenOfMen_eat_u_cm_np1_fr_med_3,11,79,8,32,8,k8,False,0.33315128087997437,slowfast_r50,hmdb51
RETURN_OF_THE_KING_eat_h_nm_np1_fr_goo_18,11,54,8,32,8,k8,True,0.9936683773994446,slowfast_r50,hmdb51
Veoh_Alpha_Dog_1_fall_floor_u_cm_np1_fr_med_46,12,60,8,32,8,k8,False,0.9896361231803894,slowfast_r50,hmdb51
HP_PRISONER_OF_AZKABAN_fall_floor_u_cm_np1_fr_med_14,12,50,8,32,8,k8,False,0.9897496104240417,slowfast_r50,hmdb51
BIG_FISH_fall_floor_f_cm_np1_fr_med_24,12,72,8,32,8,k8,False,0.3899455964565277,slowfast_r50,hmdb51
American_History_X_fall_floor_f_cm_np1_ba_med_3,12,34,8,32,8,k8,False,0.8025258779525757,slowfast_r50,hmdb51
BATMAN_BEGINS_fall_floor_f_cm_np1_ba_med_3,12,49,8,32,8,k8,True,0.5713838934898376,slowfast_r50,hmdb51
SweeneyTodd_fall_floor_u_nm_np1_fr_bad_12,12,48,8,32,8,k8,False,0.2879294455051422,slowfast_r50,hmdb51
RETURN_OF_THE_KING_fall_floor_f_nm_np1_fr_med_49,12,49,8,32,8,k8,False,0.9156932234764099,slowfast_r50,hmdb51
KUNG_FU_HUSTLE_fall_floor_f_nm_np1_le_bad_0,12,49,8,32,8,k8,False,0.630848228931427,slowfast_r50,hmdb51
BATMAN_BEGINS_fall_floor_h_cm_np1_fr_bad_2,12,74,8,32,8,k8,False,0.33583468198776245,slowfast_r50,hmdb51
BATMAN_BEGINS_fall_floor_f_cm_np1_ba_med_5,12,48,8,32,8,k8,True,0.5635251402854919,slowfast_r50,hmdb51
CasinoRoyale_fall_floor_f_cm_np1_fr_med_7,12,79,8,32,8,k8,False,0.1944545954465866,slowfast_r50,hmdb51
LONGESTYARD_fall_floor_f_cm_np1_le_med_31,12,47,8,32,8,k8,False,0.2893356680870056,slowfast_r50,hmdb51
THE_PROTECTOR_fall_floor_f_cm_np1_ba_med_85,12,49,8,32,8,k8,False,0.34025418758392334,slowfast_r50,hmdb51
TheLittleShopofHorrors_fall_floor_u_cm_np1_ri_med_10,12,54,8,32,8,k8,False,0.6029833555221558,slowfast_r50,hmdb51
BIG_FISH_fall_floor_f_nm_np1_fr_med_26,12,79,8,32,8,k8,False,0.19295892119407654,slowfast_r50,hmdb51
KUNG_FU_HUSTLE_fall_floor_f_cm_np1_ba_med_50,12,74,8,32,8,k8,False,0.893139660358429,slowfast_r50,hmdb51
LONGESTYARD_fall_floor_h_nm_np1_fr_med_5,12,56,8,32,8,k8,False,0.6525434851646423,slowfast_r50,hmdb51
RETURN_OF_THE_KING_fall_floor_u_cm_np1_fr_med_37,12,45,8,32,8,k8,False,0.687067985534668,slowfast_r50,hmdb51
KUNG_FU_HUSTLE_fall_floor_u_nm_np1_le_med_4,12,49,8,32,8,k8,True,0.5233826041221619,slowfast_r50,hmdb51
THE_PROTECTOR_fall_floor_f_nm_np1_fr_med_61,12,84,8,32,8,k8,False,0.826328456401825,slowfast_r50,hmdb51
Rapier_and_Rotella_(Shield)_Second_Bout_Nick_vs__Gareth_fencing_f_cm_np2_ri_bad_0,13,41,8,32,8,k8,False,0.937583863735199,slowfast_r50,hmdb51
Rapier_at_Clinton_2007_fencing_f_cm_np2_ri_bad_1,13,48,8,32,8,k8,False,0.6819218397140503,slowfast_r50,hmdb51
Stage_Combat_Rapier_and_Dagger_fencing_f_cm_np2_le_bad_0,13,48,8,32,8,k8,False,0.25760310888290405,slowfast_r50,hmdb51
The_Three_Musketeers_(1993)_Final_Battle_2_3_fencing_u_cm_np1_fr_bad_0,13,40,8,32,8,k8,False,0.9983837604522705,slowfast_r50,hmdb51
Redrock_Fencing_Club_Stab_N_Grab_Week_9_fencing_f_cm_np2_le_bad_0,13,50,8,32,8,k8,True,0.9685531854629517,slowfast_r50,hmdb51
Scaramouche__1952_fencing_u_cm_np2_fr_goo_1,13,146,8,32,8,k8,True,0.6130694150924683,slowfast_r50,hmdb51
The_Scarlet_Pimpernel_-_duel_fencing_f_cm_np2_ba_goo_1,13,77,8,32,8,k8,False,0.6207001805305481,slowfast_r50,hmdb51
Die_Another_Day_-_Fencing_Scene_Part_1_[HD]_avi_fencing_u_cm_np2_fr_goo_3,13,90,8,32,8,k8,True,0.7053531408309937,slowfast_r50,hmdb51
Fencing_Epee_fencing_f_cm_np2_le_bad_2,13,58,8,32,8,k8,True,0.2604437470436096,slowfast_r50,hmdb51
The_Scarlet_Pimpernel_-_duel_fencing_u_cm_np2_le_bad_3,13,103,8,32,8,k8,False,0.1558516025543213,slowfast_r50,hmdb51
Redrock_Fencing_Club_Stab_N_Grab_Week_9_fencing_f_cm_np2_ri_bad_1,13,45,8,32,8,k8,True,0.9939707517623901,slowfast_r50,hmdb51
Stage_Combat_-_Sword_Fight_fencing_f_nm_np2_ba_bad_0,13,55,8,32,8,k8,True,0.5198081731796265,slowfast_r50,hmdb51
Swordplay_Alliance_Rapier_and_Dagger_fight_fencing_f_cm_np2_ri_bad_2,13,63,8,32,8,k8,True,0.6303068399429321,slowfast_r50,hmdb51
Rapier_and_Rotella_(Shield)_Second_Bout_Nick_vs__Gareth_fencing_f_cm_np2_le_bad_2,13,49,8,32,8,k8,False,0.6936548352241516,slowfast_r50,hmdb51
AHF_Rapier_fencing_f_cm_np2_le_bad_2,13,55,8,32,8,k8,True,0.6060791611671448,slowfast_r50,hmdb51
Redrock_Fencing_Club_Stab_N_Grab_Week_9_fencing_f_cm_np2_le_bad_2,13,62,8,32,8,k8,True,0.932602047920227,slowfast_r50,hmdb51
Advanced_Rapier_fencing_f_cm_np2_le_bad_0,13,58,8,32,8,k8,False,0.37045133113861084,slowfast_r50,hmdb51
JOAKIN_(air_tricks_extreme)_flic_flac_f_cm_np1_le_med_3,14,43,8,32,8,k8,False,0.9413083791732788,slowfast_r50,hmdb51
Flick-flack_van_Yanniek_flic_flac_f_cm_np1_ri_med_0,14,53,8,32,8,k8,False,0.9932200908660889,slowfast_r50,hmdb51
7_Flickflacks_flic_flac_f_cm_np1_le_med_0,14,79,8,32,8,k8,False,0.9986141920089722,slowfast_r50,hmdb51
Meto_Demo_BHS__Flick_Flack_flic_flac_f_cm_np1_le_med_7,14,79,8,32,8,k8,False,0.994215190410614,slowfast_r50,hmdb51
Round-Off_Flick_Flack!!_flic_flac_f_cm_np1_le_med_0,14,79,8,32,8,k8,False,0.6045201420783997,slowfast_r50,hmdb51
Rush_Hour_4_Turnk_r_flic_flac_f_cm_np1_ri_med_5,14,80,8,32,8,k8,False,0.9905684590339661,slowfast_r50,hmdb51
Rush_Hour_4_Turnk_r_flic_flac_f_cm_np1_ri_med_4,14,80,8,32,8,k8,False,0.9984000325202942,slowfast_r50,hmdb51
JOAKIN_(air_tricks_extreme)_flic_flac_f_cm_np1_ri_med_7,14,78,8,32,8,k8,False,0.6884878873825073,slowfast_r50,hmdb51
Flick_Flack_Salto_flic_flac_f_cm_np1_ri_med_0,14,43,8,32,8,k8,False,0.7048484086990356,slowfast_r50,hmdb51
Turnen_Training_flick_flack_salto_gymnastics_backhandspring_backtuck_flic_flac_f_cm_np1_fr_bad_2,14,45,8,32,8,k8,False,0.9403395056724548,slowfast_r50,hmdb51
JOAKIN_(air_tricks_extreme)_flic_flac_f_cm_np1_le_med_0,14,43,8,32,8,k8,False,0.9697694778442383,slowfast_r50,hmdb51
6fach_Flick_Flack_flic_flac_f_cm_np1_le_med_2,14,79,8,32,8,k8,False,0.9655242562294006,slowfast_r50,hmdb51
Meto_Demo_BHS__Flick_Flack_flic_flac_f_cm_np1_ba_med_2,14,80,8,32,8,k8,False,0.9329010248184204,slowfast_r50,hmdb51
Outdoor-Turnen_flic_flac_f_cm_np1_ri_med_2,14,60,8,32,8,k8,False,0.9946962594985962,slowfast_r50,hmdb51
Jessica_Heinz_-_Leverkusen_Cup_2006__floor_routine_flic_flac_f_cm_np1_ri_med_1,14,37,8,32,8,k8,False,0.8708631992340088,slowfast_r50,hmdb51
Return_of_the_King_1_dive_f_cm_np1_fr_bad_10,7,190,16,32,16,k16,False,0.2670181095600128,slowfast_r50,hmdb51
Splashdiving_II_dive_f_cm_np1_ri_med_2,7,112,16,32,16,k16,True,0.7568765878677368,slowfast_r50,hmdb51
BungyjumpingAJHackettNewZealand_dive_f_cm_np1_fr_bad_1,7,111,16,32,16,k16,True,0.8247444033622742,slowfast_r50,hmdb51
Jeff_Bungee_Jumping_dive_f_cm_np1_fr_bad_1,7,65,16,32,16,k16,True,0.41151076555252075,slowfast_r50,hmdb51
BASE_Jumping_Compilation_-_Brilliant_dive_f_cm_np1_le_bad_1,7,45,16,32,16,k16,True,0.97584468126297,slowfast_r50,hmdb51
Iaido_13_katas_draw_sword_f_nm_np1_fr_med_9,8,110,16,32,16,k16,True,0.8666105270385742,slowfast_r50,hmdb51
San-su_martial_arts_iaido_first_11_kata_draw_sword_f_cm_np1_le_med_7,8,131,16,32,16,k16,True,0.9449453949928284,slowfast_r50,hmdb51
San-su_martial_arts_iaido_first_11_kata_draw_sword_f_cm_np1_fr_med_0,8,85,16,32,16,k16,True,0.9975504279136658,slowfast_r50,hmdb51
The_Three_Musketeers_(1993)_Final_Battle_1_3_draw_sword_u_cm_np1_fr_med_1,8,41,16,32,16,k16,False,0.32211098074913025,slowfast_r50,hmdb51
Muso_Jikiden_Eishin_ryu_iaido_draw_sword_f_cm_np1_le_med_4,8,91,16,32,16,k16,True,0.2738001048564911,slowfast_r50,hmdb51
Iaido_13_katas_draw_sword_f_nm_np1_fr_med_0,8,128,16,32,16,k16,True,0.9859709143638611,slowfast_r50,hmdb51
Nakayama_Aikido_Iaido_Part_3_draw_sword_f_cm_np1_le_med_0,8,48,16,32,16,k16,True,0.18621300160884857,slowfast_r50,hmdb51
Spirit_Of_The_Sword_Volume_1_DVD_draw_sword_f_nm_np1_fr_med_1,8,45,16,32,16,k16,False,0.543205738067627,slowfast_r50,hmdb51
Muso_Jikiden_Eishinryu_in_Guldental_draw_sword_f_cm_np1_le_med_4,8,78,16,32,16,k16,True,0.37233930826187134,slowfast_r50,hmdb51
Iaido_video_instruction_series_Wehrhahn_Sensei_draw_sword_f_nm_np1_le_med_5,8,75,16,32,16,k16,True,0.9924308657646179,slowfast_r50,hmdb51
Takeda_Ryu_Iaido_draw_sword_f_nm_np1_fr_med_2,8,61,16,32,16,k16,False,0.246543288230896,slowfast_r50,hmdb51
Drawing_and_Resheathing_the_Japanese_Sword_draw_sword_u_nm_np1_le_med_1,8,79,16,32,16,k16,False,0.9252339601516724,slowfast_r50,hmdb51
DBK_Custom_Swords_-__Swordless__ScabbardBelt_draw_sword_u_nm_np1_fr_med_0,8,78,16,32,16,k16,True,0.9812412858009338,slowfast_r50,hmdb51
Muso_Jikiden_Eishinryu_in_Guldental_draw_sword_f_cm_np1_le_med_3,8,89,16,32,16,k16,True,0.9639018177986145,slowfast_r50,hmdb51
Ninja_(samurai_sword)_draw_sword_u_nm_np1_fr_med_0,8,78,16,32,16,k16,True,0.8437310457229614,slowfast_r50,hmdb51
Sibu_Malaysia_Vacation_little_brother_dribbling_basketball_Sarawak_dribble_f_cm_np1_ba_bad_4,9,78,16,32,16,k16,False,0.19974330067634583,slowfast_r50,hmdb51
Basketball_Dribbling_Tips_dribble_f_cm_np1_fr_med_0,9,78,16,32,16,k16,True,0.8634868264198303,slowfast_r50,hmdb51
Basketball_Dribbling_Tips__2_dribble_f_cm_np1_fr_med_1,9,78,16,32,16,k16,True,0.9995515942573547,slowfast_r50,hmdb51
10YearOldYouthBasketballStarBaller_dribble_f_cm_np1_ba_med_5,9,110,16,32,16,k16,True,0.9818800687789917,slowfast_r50,hmdb51
Basketball_Dribbling_-_Basketball_Dribbling-_Finger_Pads_dribble_f_nm_np2_le_med_4,9,101,16,32,16,k16,True,0.9999804496765137,slowfast_r50,hmdb51
How_to_Play_Professional_Basketball_-_The_Two_Dribble_Basketball_Drill_dribble_f_cm_np1_ba_med_7,9,78,16,32,16,k16,True,0.7187068462371826,slowfast_r50,hmdb51
How_to_Improve_Your_Basketball_Skills_-_How_to_Dribble_a_Basketball_Between_the_Legs_dribble_f_cm_np1_fr_med_1,9,78,16,32,16,k16,True,0.9716640710830688,slowfast_r50,hmdb51
Basketball_Dribbling_-_Basketball_Dribbling-_Having_a_Good_Base_dribble_f_nm_np2_ri_med_5,9,79,16,32,16,k16,True,0.8696269989013672,slowfast_r50,hmdb51
Basketball_Dribbling_Drills_-_The_12_Inch_Dribble_Drill_in_Basketball_dribble_f_cm_np1_ri_med_4,9,78,16,32,16,k16,True,0.9859668612480164,slowfast_r50,hmdb51
JordanWorld_sbest6yearoldBaller_dribble_f_cm_np1_fr_med_9,9,94,16,32,16,k16,True,0.8494237065315247,slowfast_r50,hmdb51
AdamandAlvonplayingbasketball1_dribble_f_cm_np1_ri_med_2,9,112,16,32,16,k16,True,0.7300312519073486,slowfast_r50,hmdb51
10YearOldYouthBasketballStarBaller_dribble_f_cm_np1_fr_med_7,9,359,16,32,16,k16,True,0.9949281215667725,slowfast_r50,hmdb51
JordanWorld_sbest6yearoldBaller_dribble_f_cm_np1_fr_med_4,9,141,16,32,16,k16,True,0.9839364290237427,slowfast_r50,hmdb51
Basketball_Dribbling_Drills_-_The_12_Inch_Dribble_Drill_in_Basketball_dribble_f_cm_np1_fr_med_5,9,78,16,32,16,k16,False,0.2970934808254242,slowfast_r50,hmdb51
AdamandAlvonplayingbasketball1_dribble_f_cm_np1_fr_med_5,9,96,16,32,16,k16,False,0.3090085983276367,slowfast_r50,hmdb51
Basketball_Dribbling_Tips__2_dribble_f_cm_np1_le_med_5,9,78,16,32,16,k16,True,0.9994072914123535,slowfast_r50,hmdb51
PlayingBasketballGotWater_dribble_f_nm_np1_fr_med_5,9,142,16,32,16,k16,False,0.32971152663230896,slowfast_r50,hmdb51
Basketball_Dribbling_Drills_-_The_Left_dribble_f_cm_np1_fr_med_2,9,78,16,32,16,k16,True,0.998242974281311,slowfast_r50,hmdb51
Sibu_Malaysia_Vacation_little_brother_dribbling_basketball_Sarawak_dribble_f_cm_np1_ri_med_7,9,78,16,32,16,k16,True,0.9953399896621704,slowfast_r50,hmdb51
How_to_Improve_Your_Basketball_Skills_-_How_to_Dribble_a_Basketball_Between_the_Legs_dribble_f_cm_np1_fr_med_0,9,58,16,32,16,k16,True,0.998715877532959,slowfast_r50,hmdb51
AmericanGangster_drink_h_nm_np1_fr_goo_17,10,110,16,32,16,k16,True,0.8265331983566284,slowfast_r50,hmdb51
LONGESTYARD_drink_u_cm_np1_fr_med_20,10,77,16,32,16,k16,False,0.31085073947906494,slowfast_r50,hmdb51
KUNG_FU_HUSTLE_drink_h_cm_np1_fr_goo_5,10,81,16,32,16,k16,False,0.44252049922943115,slowfast_r50,hmdb51
OldSchool_drink_u_nm_np1_ri_goo_5,10,108,16,32,16,k16,True,0.9914012551307678,slowfast_r50,hmdb51
A_Beautiful_Mind_1_drink_u_cm_np1_fr_goo_4,10,148,16,32,16,k16,True,0.8760265707969666,slowfast_r50,hmdb51
Juno_drink_h_nm_np1_fr_goo_0,10,130,16,32,16,k16,True,0.880774736404419,slowfast_r50,hmdb51
AmericanGangster_drink_u_cm_np1_fr_med_36,10,55,16,32,16,k16,True,0.9791151285171509,slowfast_r50,hmdb51
BLACK_HAWK_DOWN_drink_u_nm_np1_fr_goo_4,10,48,16,32,16,k16,True,0.3280138671398163,slowfast_r50,hmdb51
AllThePresidentMen_drink_f_nm_np2_ri_med_2,10,143,16,32,16,k16,False,0.21321547031402588,slowfast_r50,hmdb51
Oceans11_drink_h_nm_np1_fr_goo_8,10,57,16,32,16,k16,True,0.9996483325958252,slowfast_r50,hmdb51
MeettheFockers_drink_u_nm_np1_fr_goo_6,10,53,16,32,16,k16,False,0.35775166749954224,slowfast_r50,hmdb51
Oceans13_drink_u_nm_np1_ri_goo_4,10,77,16,32,16,k16,False,0.7811334133148193,slowfast_r50,hmdb51
Return_of_the_King_13_drink_h_nm_np1_fr_goo_1,10,111,16,32,16,k16,True,0.9636642932891846,slowfast_r50,hmdb51
IamLegend_drink_h_nm_np1_fr_goo_22,10,54,16,32,16,k16,True,0.7313859462738037,slowfast_r50,hmdb51
TheRoyalTenenbaums_drink_u_nm_np1_le_goo_1,10,83,16,32,16,k16,False,0.45755496621131897,slowfast_r50,hmdb51
AllThePresidentMen_drink_f_nm_np1_ri_med_8,10,106,16,32,16,k16,False,0.5410639643669128,slowfast_r50,hmdb51
Veoh_Alpha_Dog_1_drink_u_nm_np1_fr_goo_40,10,115,16,32,16,k16,True,0.7530224323272705,slowfast_r50,hmdb51
AmericanGangster_drink_h_nm_np1_ri_med_3,10,78,16,32,16,k16,True,0.9322525262832642,slowfast_r50,hmdb51
BIG_FISH_drink_u_nm_np1_fr_goo_5,10,104,16,32,16,k16,True,0.998256266117096,slowfast_r50,hmdb51
Two_Towers_3_drink_h_nm_np1_fr_goo_11,10,93,16,32,16,k16,True,0.7190675139427185,slowfast_r50,hmdb51
AMADEUS_eat_u_nm_np1_fr_goo_10,11,79,16,32,16,k16,True,0.415016233921051,slowfast_r50,hmdb51
BIG_FISH_eat_h_nm_np1_ri_goo_30,11,60,16,32,16,k16,False,0.4993375837802887,slowfast_r50,hmdb51
The_Departed_-_Part_1_eat_h_nm_np1_fr_goo_5,11,78,16,32,16,k16,True,0.6904580593109131,slowfast_r50,hmdb51
BIG_FISH_eat_u_nm_np1_fr_goo_19,11,78,16,32,16,k16,True,0.6651520133018494,slowfast_r50,hmdb51
KUNG_FU_HUSTLE_eat_h_cm_np1_le_goo_25,11,103,16,32,16,k16,False,0.8110681176185608,slowfast_r50,hmdb51
MeettheParents_eat_h_nm_np1_fr_goo_3,11,56,16,32,16,k16,True,0.9680513143539429,slowfast_r50,hmdb51
The_Departed_-_Part_1_eat_h_nm_np1_fr_goo_4,11,77,16,32,16,k16,False,0.9689253568649292,slowfast_r50,hmdb51
NoCountryForOldMen_eat_u_nm_np1_fr_med_2,11,79,16,32,16,k16,True,0.8503640294075012,slowfast_r50,hmdb51
RETURN_OF_THE_KING_eat_u_nm_np1_le_med_15,11,108,16,32,16,k16,True,0.9811297059059143,slowfast_r50,hmdb51
RETURN_OF_THE_KING_eat_u_nm_np1_ri_med_20,11,108,16,32,16,k16,True,0.9391894340515137,slowfast_r50,hmdb51
TheBoondockSaints_eat_h_nm_np1_fr_med_81,11,50,16,32,16,k16,True,0.9196237325668335,slowfast_r50,hmdb51
AMADEUS_eat_u_nm_np1_fr_med_5,11,79,16,32,16,k16,False,0.09407924115657806,slowfast_r50,hmdb51
CastAway1_eat_h_nm_np1_fr_goo_8,11,80,16,32,16,k16,True,0.5766940712928772,slowfast_r50,hmdb51
Pirates_3_eat_h_nm_np1_fr_goo_4,11,56,16,32,16,k16,True,0.9975685477256775,slowfast_r50,hmdb51
ChildrenOfMen_eat_u_cm_np1_fr_med_3,11,79,16,32,16,k16,True,0.47190380096435547,slowfast_r50,hmdb51
RETURN_OF_THE_KING_eat_h_nm_np1_fr_goo_18,11,54,16,32,16,k16,True,0.9990812540054321,slowfast_r50,hmdb51
Veoh_Alpha_Dog_1_fall_floor_u_cm_np1_fr_med_46,12,60,16,32,16,k16,False,0.9989701509475708,slowfast_r50,hmdb51
HP_PRISONER_OF_AZKABAN_fall_floor_u_cm_np1_fr_med_14,12,50,16,32,16,k16,False,0.7452526092529297,slowfast_r50,hmdb51
BIG_FISH_fall_floor_f_cm_np1_fr_med_24,12,72,16,32,16,k16,False,0.6429094076156616,slowfast_r50,hmdb51
American_History_X_fall_floor_f_cm_np1_ba_med_3,12,34,16,32,16,k16,False,0.9974039196968079,slowfast_r50,hmdb51
BATMAN_BEGINS_fall_floor_f_cm_np1_ba_med_3,12,49,16,32,16,k16,True,0.81884765625,slowfast_r50,hmdb51
SweeneyTodd_fall_floor_u_nm_np1_fr_bad_12,12,48,16,32,16,k16,True,0.9929110407829285,slowfast_r50,hmdb51
RETURN_OF_THE_KING_fall_floor_f_nm_np1_fr_med_49,12,49,16,32,16,k16,False,0.6206346154212952,slowfast_r50,hmdb51
KUNG_FU_HUSTLE_fall_floor_f_nm_np1_le_bad_0,12,49,16,32,16,k16,False,0.237823486328125,slowfast_r50,hmdb51
BATMAN_BEGINS_fall_floor_h_cm_np1_fr_bad_2,12,74,16,32,16,k16,False,0.9741290211677551,slowfast_r50,hmdb51
BATMAN_BEGINS_fall_floor_f_cm_np1_ba_med_5,12,48,16,32,16,k16,True,0.8990557193756104,slowfast_r50,hmdb51
CasinoRoyale_fall_floor_f_cm_np1_fr_med_7,12,79,16,32,16,k16,True,0.7122938632965088,slowfast_r50,hmdb51
LONGESTYARD_fall_floor_f_cm_np1_le_med_31,12,47,16,32,16,k16,False,0.7488850355148315,slowfast_r50,hmdb51
THE_PROTECTOR_fall_floor_f_cm_np1_ba_med_85,12,49,16,32,16,k16,False,0.5940849781036377,slowfast_r50,hmdb51
TheLittleShopofHorrors_fall_floor_u_cm_np1_ri_med_10,12,54,16,32,16,k16,False,0.8254066705703735,slowfast_r50,hmdb51
BIG_FISH_fall_floor_f_nm_np1_fr_med_26,12,79,16,32,16,k16,False,0.27788493037223816,slowfast_r50,hmdb51
KUNG_FU_HUSTLE_fall_floor_f_cm_np1_ba_med_50,12,74,16,32,16,k16,False,0.5944130420684814,slowfast_r50,hmdb51
LONGESTYARD_fall_floor_h_nm_np1_fr_med_5,12,56,16,32,16,k16,False,0.952528715133667,slowfast_r50,hmdb51
RETURN_OF_THE_KING_fall_floor_u_cm_np1_fr_med_37,12,45,16,32,16,k16,False,0.804796576499939,slowfast_r50,hmdb51
KUNG_FU_HUSTLE_fall_floor_u_nm_np1_le_med_4,12,49,16,32,16,k16,False,0.4855920672416687,slowfast_r50,hmdb51
THE_PROTECTOR_fall_floor_f_nm_np1_fr_med_61,12,84,16,32,16,k16,False,0.9520362019538879,slowfast_r50,hmdb51
Rapier_and_Rotella_(Shield)_Second_Bout_Nick_vs__Gareth_fencing_f_cm_np2_ri_bad_0,13,41,16,32,16,k16,True,0.6119702458381653,slowfast_r50,hmdb51
Rapier_at_Clinton_2007_fencing_f_cm_np2_ri_bad_1,13,48,16,32,16,k16,True,0.7018598318099976,slowfast_r50,hmdb51
Stage_Combat_Rapier_and_Dagger_fencing_f_cm_np2_le_bad_0,13,48,16,32,16,k16,True,0.8906534314155579,slowfast_r50,hmdb51
The_Three_Musketeers_(1993)_Final_Battle_2_3_fencing_u_cm_np1_fr_bad_0,13,40,16,32,16,k16,False,0.4241364598274231,slowfast_r50,hmdb51
Redrock_Fencing_Club_Stab_N_Grab_Week_9_fencing_f_cm_np2_le_bad_0,13,50,16,32,16,k16,True,0.9992793202400208,slowfast_r50,hmdb51
Scaramouche__1952_fencing_u_cm_np2_fr_goo_1,13,146,16,32,16,k16,True,0.9998212456703186,slowfast_r50,hmdb51
The_Scarlet_Pimpernel_-_duel_fencing_f_cm_np2_ba_goo_1,13,77,16,32,16,k16,True,0.9762464165687561,slowfast_r50,hmdb51
Die_Another_Day_-_Fencing_Scene_Part_1_[HD]_avi_fencing_u_cm_np2_fr_goo_3,13,90,16,32,16,k16,True,0.9989377856254578,slowfast_r50,hmdb51
Fencing_Epee_fencing_f_cm_np2_le_bad_2,13,58,16,32,16,k16,True,0.9950439929962158,slowfast_r50,hmdb51
The_Scarlet_Pimpernel_-_duel_fencing_u_cm_np2_le_bad_3,13,103,16,32,16,k16,True,0.9074669480323792,slowfast_r50,hmdb51
Redrock_Fencing_Club_Stab_N_Grab_Week_9_fencing_f_cm_np2_ri_bad_1,13,45,16,32,16,k16,True,0.999451220035553,slowfast_r50,hmdb51
Stage_Combat_-_Sword_Fight_fencing_f_nm_np2_ba_bad_0,13,55,16,32,16,k16,True,0.9973161816596985,slowfast_r50,hmdb51
Swordplay_Alliance_Rapier_and_Dagger_fight_fencing_f_cm_np2_ri_bad_2,13,63,16,32,16,k16,True,0.9994131326675415,slowfast_r50,hmdb51
Rapier_and_Rotella_(Shield)_Second_Bout_Nick_vs__Gareth_fencing_f_cm_np2_le_bad_2,13,49,16,32,16,k16,False,0.3244403600692749,slowfast_r50,hmdb51
AHF_Rapier_fencing_f_cm_np2_le_bad_2,13,55,16,32,16,k16,True,0.9980964064598083,slowfast_r50,hmdb51
Redrock_Fencing_Club_Stab_N_Grab_Week_9_fencing_f_cm_np2_le_bad_2,13,62,16,32,16,k16,True,0.9671069979667664,slowfast_r50,hmdb51
Advanced_Rapier_fencing_f_cm_np2_le_bad_0,13,58,16,32,16,k16,True,0.9587624669075012,slowfast_r50,hmdb51
JOAKIN_(air_tricks_extreme)_flic_flac_f_cm_np1_le_med_3,14,43,16,32,16,k16,True,0.6195001602172852,slowfast_r50,hmdb51
Flick-flack_van_Yanniek_flic_flac_f_cm_np1_ri_med_0,14,53,16,32,16,k16,False,0.694555938243866,slowfast_r50,hmdb51
7_Flickflacks_flic_flac_f_cm_np1_le_med_0,14,79,16,32,16,k16,False,0.8572935461997986,slowfast_r50,hmdb51
Meto_Demo_BHS__Flick_Flack_flic_flac_f_cm_np1_le_med_7,14,79,16,32,16,k16,False,0.5289944410324097,slowfast_r50,hmdb51
Round-Off_Flick_Flack!!_flic_flac_f_cm_np1_le_med_0,14,79,16,32,16,k16,False,0.41469326615333557,slowfast_r50,hmdb51
Rush_Hour_4_Turnk_r_flic_flac_f_cm_np1_ri_med_5,14,80,16,32,16,k16,False,0.987060546875,slowfast_r50,hmdb51
Rush_Hour_4_Turnk_r_flic_flac_f_cm_np1_ri_med_4,14,80,16,32,16,k16,False,0.9887077808380127,slowfast_r50,hmdb51
JOAKIN_(air_tricks_extreme)_flic_flac_f_cm_np1_ri_med_7,14,78,16,32,16,k16,False,0.7111316323280334,slowfast_r50,hmdb51
Flick_Flack_Salto_flic_flac_f_cm_np1_ri_med_0,14,43,16,32,16,k16,False,0.9103923439979553,slowfast_r50,hmdb51
Turnen_Training_flick_flack_salto_gymnastics_backhandspring_backtuck_flic_flac_f_cm_np1_fr_bad_2,14,45,16,32,16,k16,True,0.973594069480896,slowfast_r50,hmdb51
JOAKIN_(air_tricks_extreme)_flic_flac_f_cm_np1_le_med_0,14,43,16,32,16,k16,False,0.9413725137710571,slowfast_r50,hmdb51
6fach_Flick_Flack_flic_flac_f_cm_np1_le_med_2,14,79,16,32,16,k16,False,0.9314572215080261,slowfast_r50,hmdb51
Meto_Demo_BHS__Flick_Flack_flic_flac_f_cm_np1_ba_med_2,14,80,16,32,16,k16,False,0.506271481513977,slowfast_r50,hmdb51
Outdoor-Turnen_flic_flac_f_cm_np1_ri_med_2,14,60,16,32,16,k16,False,0.9581934213638306,slowfast_r50,hmdb51
Jessica_Heinz_-_Leverkusen_Cup_2006__floor_routine_flic_flac_f_cm_np1_ri_med_1,14,37,16,32,16,k16,False,0.9966928958892822,slowfast_r50,hmdb51
My_Gymnastics_Outside_flic_flac_f_cm_np1_le_med_0,14,42,1,32,1,k1,False,0.7103672623634338,slowfast_r50,hmdb51
Paula_Creamer_-_Sybase_Classic_2009_golf_f_cm_np1_fr_med_0,15,79,1,32,1,k1,True,0.8786438703536987,slowfast_r50,hmdb51
rory_hie_high_school__now_USC_golf_f_nm_np1_ri_goo_0,15,85,1,32,1,k1,True,0.16868703067302704,slowfast_r50,hmdb51
Probably_the_best_golf_shot_in_the_world_ever!!!_golf_f_cm_np1_ba_med_0,15,79,1,32,1,k1,False,0.11382820457220078,slowfast_r50,hmdb51
Rate_my_golf_swing__driver_and_9_iron_golf_f_cm_np1_ri_med_0,15,93,1,32,1,k1,True,0.6803517937660217,slowfast_r50,hmdb51
Jim_Furyk_Impression_golf_f_cm_np1_ri_med_0,15,78,1,32,1,k1,False,0.5557432770729065,slowfast_r50,hmdb51
Angel_Cabrera_s_Golf_Swing_golf_f_cm_np1_ri_med_0,15,79,1,32,1,k1,True,0.7388963103294373,slowfast_r50,hmdb51
Ben_Hogan_Swing_golf_f_nm_np1_ri_med_2,15,79,1,32,1,k1,True,0.7865391969680786,slowfast_r50,hmdb51
Michelle_Wie__Golf_Swing_golf_f_cm_np1_fr_med_0,15,79,1,32,1,k1,False,0.6269316077232361,slowfast_r50,hmdb51
bri_vega_golf_f_cm_np1_fr_med_0,15,78,1,32,1,k1,True,0.5302065014839172,slowfast_r50,hmdb51
Jordan_Malinoff_and__Anthony_Kim_Practice_golf_f_cm_np1_fr_med_0,15,111,1,32,1,k1,True,0.5602176189422607,slowfast_r50,hmdb51
Steve_Elkington_1995_PGA_golf_f_cm_np1_ri_med_0,15,71,1,32,1,k1,True,0.7846118807792664,slowfast_r50,hmdb51
Mike_Weir_golf_f_cm_np1_fr_med_1,15,79,1,32,1,k1,True,0.9700686931610107,slowfast_r50,hmdb51
Michael_Campbell_rub_of_the_green_golf_f_cm_np1_fr_med_0,15,79,1,32,1,k1,True,0.7223169207572937,slowfast_r50,hmdb51
Jordan_Malinoff_and__Anthony_Kim_Practice_golf_f_cm_np1_ri_med_7,15,78,1,32,1,k1,True,0.7395507097244263,slowfast_r50,hmdb51
golf_golf_f_nm_np1_ri_goo_0,15,91,1,32,1,k1,True,0.8420023322105408,slowfast_r50,hmdb51
handstands_1_handstand_f_cm_np1_le_med_3,16,80,1,32,1,k1,True,0.49418601393699646,slowfast_r50,hmdb51
handstand_tutorial___how_to_do_a_handstand_basic_breakdance_handstand_f_nm_np1_ri_med_0,16,80,1,32,1,k1,False,0.0684560164809227,slowfast_r50,hmdb51
Handstand_tutorial_3_handstand_f_nm_np1_le_med_0,16,78,1,32,1,k1,False,0.09378545731306076,slowfast_r50,hmdb51
Health_handstand_f_cm_np1_ri_med_0,16,95,1,32,1,k1,False,0.10720846801996231,slowfast_r50,hmdb51
Gymnastic_handstand_handstand_f_nm_np1_le_med_1,16,79,1,32,1,k1,False,0.09256698191165924,slowfast_r50,hmdb51
Handstand_Competition_3_handstand_f_cm_np1_fr_med_8,16,76,1,32,1,k1,False,0.05401155352592468,slowfast_r50,hmdb51
Turnk_r_handstand_f_cm_np4_ba_med_3,16,91,1,32,1,k1,False,0.15692652761936188,slowfast_r50,hmdb51
Handstand_Tutorial_2_handstand_f_nm_np1_le_med_2,16,78,1,32,1,k1,False,0.1345302164554596,slowfast_r50,hmdb51
Zwei_hoffnungslose_Pflegef_lle_beim_Turnen(Part3)_handstand_f_cm_np1_ri_bad_0,16,97,1,32,1,k1,False,0.2899448275566101,slowfast_r50,hmdb51
parada_de_mao_tai_ton_lon_dominio_do_corpo_handstand_f_cm_np1_fr_med_0,16,79,1,32,1,k1,False,0.11936457455158234,slowfast_r50,hmdb51
hand_stand_handstand_f_cm_np1_ba_med_1,16,80,1,32,1,k1,True,0.14340072870254517,slowfast_r50,hmdb51
Bodenturnen_f_r_Anf_nger_handstand_f_cm_np1_ri_med_0,16,68,1,32,1,k1,False,0.10657729208469391,slowfast_r50,hmdb51
Handstand_contest!_handstand_f_cm_np1_le_med_1,16,83,1,32,1,k1,False,0.14553047716617584,slowfast_r50,hmdb51
Outdoor-Turnen_handstand_f_cm_np1_fr_med_0,16,78,1,32,1,k1,False,0.06545466929674149,slowfast_r50,hmdb51
hand_stands_handstand_f_cm_np1_fr_med_0,16,81,1,32,1,k1,False,0.26936307549476624,slowfast_r50,hmdb51
Gymnastics_handstand_f_cm_np1_le_goo_1,16,78,1,32,1,k1,False,0.19547170400619507,slowfast_r50,hmdb51
EVOLUTION_hit_u_cm_np1_fr_bad_20,17,44,1,32,1,k1,False,0.2685212790966034,slowfast_r50,hmdb51
Wayne_Rooney_At_Home_Funny_Must_See_hit_u_nm_np1_fr_goo_0,17,196,1,32,1,k1,False,0.03266605734825134,slowfast_r50,hmdb51
Mac_Smashing_hit_f_cm_np1_ri_bad_1,17,34,1,32,1,k1,True,0.14055995643138885,slowfast_r50,hmdb51
Einde_van_Opel_Kadett_hit_u_cm_np2_fr_bad_8,17,31,1,32,1,k1,False,0.09714927524328232,slowfast_r50,hmdb51
Baseball_Bat_V_S__Computer_Monitor_hit_f_cm_np1_ri_bad_0,17,29,1,32,1,k1,True,0.10948756337165833,slowfast_r50,hmdb51
SweeneyTodd_hit_u_nm_np1_fr_bad_2,17,49,1,32,1,k1,False,0.34403494000434875,slowfast_r50,hmdb51
Einde_van_Opel_Kadett_hit_f_cm_np1_ri_bad_9,17,34,1,32,1,k1,False,0.11414815485477448,slowfast_r50,hmdb51
Einde_van_Opel_Kadett_hit_u_cm_np1_fr_bad_1,17,35,1,32,1,k1,False,0.07412739843130112,slowfast_r50,hmdb51
KUNG_FU_HUSTLE_hit_u_nm_np1_fr_bad_17,17,53,1,32,1,k1,False,0.26752087473869324,slowfast_r50,hmdb51
TrumanShow_hit_u_cm_np1_ba_bad_33,17,47,1,32,1,k1,True,0.1398499459028244,slowfast_r50,hmdb51
When_It_s_Nice_Out_hit_f_cm_np1_fr_bad_4,17,31,1,32,1,k1,True,0.7148736119270325,slowfast_r50,hmdb51
THE_PROTECTOR_hit_f_cm_np1_ba_bad_39,17,48,1,32,1,k1,False,0.2702358067035675,slowfast_r50,hmdb51
Collins_getting_hit_with_a_stick_on_the_head_hit_f_cm_np1_le_bad_4,17,44,1,32,1,k1,True,0.14176012575626373,slowfast_r50,hmdb51
HARD_FACE_SLAP_COMPILATION_-_THE_FUNNIEST_FACE_SLAPS_EVER!!_-_Old_school_Vids_hit_u_cm_np1_ba_bad_1,17,41,1,32,1,k1,False,0.2777007222175598,slowfast_r50,hmdb51
AmericanGangster_hit_h_cm_np1_ri_bad_63,17,24,1,32,1,k1,False,0.9982362985610962,slowfast_r50,hmdb51
Opel_vs_Vorschlaghammer_hit_u_cm_np1_ba_bad_4,17,34,1,32,1,k1,False,0.9760604500770569,slowfast_r50,hmdb51
Drum_Beats_-_Drum_Beats-_Slow_Blues_hit_u_cm_np1_le_bad_1,17,33,1,32,1,k1,False,0.2418283075094223,slowfast_r50,hmdb51
Einde_van_Opel_Kadett_hit_f_cm_np1_ri_bad_5,17,31,1,32,1,k1,False,0.856689989566803,slowfast_r50,hmdb51
Einde_van_Opel_Kadett_hit_f_cm_np1_le_bad_3,17,36,1,32,1,k1,True,0.3552854657173157,slowfast_r50,hmdb51
Free_Hugs_-_Gratis_umarmung_hug_u_cm_np2_le_med_10,18,70,1,32,1,k1,True,0.18663962185382843,slowfast_r50,hmdb51
Calins_gratuits_a_Paris_-_Free_Hugs_France_-_version_longue_hug_u_cm_np2_ba_med_21,18,61,1,32,1,k1,True,0.41670921444892883,slowfast_r50,hmdb51
-_FREE_HUGS_-_Abrazos_Gratis_www_abrazosgratis_org_hug_u_cm_np2_le_goo_12,18,67,1,32,1,k1,True,0.8470169901847839,slowfast_r50,hmdb51
Calins_gratuits_a_Paris_-_Free_Hugs_France_-_version_longue_hug_u_cm_np2_le_med_16,18,68,1,32,1,k1,True,0.618792712688446,slowfast_r50,hmdb51
Free_Hugs_-_Gratis_umarmung_hug_u_cm_np2_ba_med_17,18,66,1,32,1,k1,False,0.13880211114883423,slowfast_r50,hmdb51
veoh_harold_and_kumar_hug_f_cm_np2_le_med_7,18,76,1,32,1,k1,False,0.18970268964767456,slowfast_r50,hmdb51
Free_Hugs_-_Paris_www_calins-gratuits_com_hug_u_cm_np2_le_med_12,18,80,1,32,1,k1,True,0.996466875076294,slowfast_r50,hmdb51
Free_Hugs_-_Gratis_umarmung_hug_u_cm_np2_le_med_1,18,80,1,32,1,k1,True,0.9920328259468079,slowfast_r50,hmdb51
Calins_gratuits_a_Paris_-_Free_Hugs_France_-_version_longue_hug_u_cm_np2_le_med_12,18,133,1,32,1,k1,False,0.828305184841156,slowfast_r50,hmdb51
Free_Hugs_-_Gratis_umarmung_hug_u_cm_np2_le_med_8,18,38,1,32,1,k1,True,0.847440779209137,slowfast_r50,hmdb51
Free_Hugs_-_Paris_www_calins-gratuits_com_hug_u_cm_np2_le_med_3,18,80,1,32,1,k1,False,0.2883235812187195,slowfast_r50,hmdb51
Calins_gratuits_a_Paris_-_Free_Hugs_France_-_version_longue_hug_u_cm_np2_ba_med_19,18,54,1,32,1,k1,True,0.9429156184196472,slowfast_r50,hmdb51
Calins_gratuits_a_Paris_-_Free_Hugs_France_-_version_longue_hug_f_cm_np2_ba_med_2,18,67,1,32,1,k1,False,0.3119417726993561,slowfast_r50,hmdb51
American_Idol_Awards_Given_to_7_Winners_at_Walt_Disney_World_hug_u_cm_np2_ba_med_0,18,34,1,32,1,k1,False,0.9924415349960327,slowfast_r50,hmdb51
Free_Hugs_-_Medellin_hug_f_cm_np2_le_med_2,18,68,1,32,1,k1,False,0.4775170087814331,slowfast_r50,hmdb51
Free_Hugs_-_Paris_www_calins-gratuits_com_hug_u_cm_np2_le_med_7,18,81,1,32,1,k1,True,0.9505650401115417,slowfast_r50,hmdb51
Free_Hugs_-_Paris_www_calins-gratuits_com_hug_f_cm_np2_ba_med_8,18,80,1,32,1,k1,False,0.3912491202354431,slowfast_r50,hmdb51
Documentario_Le_Parkour_Londrina_jump_f_cm_np1_ba_bad_12,19,36,1,32,1,k1,False,0.10036932677030563,slowfast_r50,hmdb51
le_parkour_kl_jump_l_nm_np1_le_bad_1,19,50,1,32,1,k1,False,0.5235267281532288,slowfast_r50,hmdb51
Fellowship_7_jump_f_cm_np1_fr_bad_1,19,41,1,32,1,k1,False,0.8037326335906982,slowfast_r50,hmdb51
Goalkeeper_Felix_Schwake_jump_f_nm_np1_le_bad_7,19,61,1,32,1,k1,False,0.41213953495025635,slowfast_r50,hmdb51
NOVA_ELEGANTUNIVERSE1_jump_f_nm_np1_le_bad_4,19,74,1,32,1,k1,True,0.1594139039516449,slowfast_r50,hmdb51
St__Louis_Goalkeeping__Academy_elite_training_jump_f_nm_np1_ri_bad_14,19,52,1,32,1,k1,False,0.21662253141403198,slowfast_r50,hmdb51
IamLegend_jump_f_cm_np1_ba_bad_12,19,24,1,32,1,k1,False,0.03399498388171196,slowfast_r50,hmdb51
KUNG_FU_HUSTLE_jump_f_cm_np1_le_bad_57,19,53,1,32,1,k1,False,0.24880987405776978,slowfast_r50,hmdb51
Documentario_Le_Parkour_Londrina_jump_f_nm_np1_le_bad_8,19,44,1,32,1,k1,False,0.15288519859313965,slowfast_r50,hmdb51
Sam_Cooksey_Goalkeeper_Training_jump_f_cm_np1_le_bad_3,19,52,1,32,1,k1,False,0.20696838200092316,slowfast_r50,hmdb51
KUNG_FU_HUSTLE_jump_f_nm_np1_fr_bad_46,19,51,1,32,1,k1,False,0.30917707085609436,slowfast_r50,hmdb51
BATMAN_BEGINS_jump_f_cm_np1_ri_med_18,19,48,1,32,1,k1,False,0.30247196555137634,slowfast_r50,hmdb51
St__Louis_Goalkeeping__Academy_elite_training_jump_f_nm_np1_le_bad_15,19,42,1,32,1,k1,False,0.37662798166275024,slowfast_r50,hmdb51
Fellowship_2_jump_f_nm_np1_ri_bad_8,19,38,1,32,1,k1,False,0.1392575055360794,slowfast_r50,hmdb51
Stadium_Plyometric_Workout_jump_f_cm_np1_ba_bad_7,19,36,1,32,1,k1,True,0.0672326311469078,slowfast_r50,hmdb51
Fellowship_5_jump_f_nm_np1_ba_bad_12,19,46,1,32,1,k1,False,0.1054084450006485,slowfast_r50,hmdb51
RATRACE_jump_f_cm_np1_ba_bad_3,19,49,1,32,1,k1,False,0.061658136546611786,slowfast_r50,hmdb51
le_parkour_kl_jump_l_nm_np1_ri_bad_0,19,91,1,32,1,k1,False,0.03492866829037666,slowfast_r50,hmdb51
le_parkour_kl_jump_f_nm_np1_le_bad_3,19,68,1,32,1,k1,False,0.07612823694944382,slowfast_r50,hmdb51
St__Louis_Goalkeeping__Academy_elite_training_jump_f_nm_np1_ri_bad_0,19,60,1,32,1,k1,False,0.21672497689723969,slowfast_r50,hmdb51
THE_PROTECTOR_kick_f_cm_np1_fr_bad_53,20,23,1,32,1,k1,False,0.0949288159608841,slowfast_r50,hmdb51
THE_PROTECTOR_kick_f_cm_np1_fr_med_48,20,45,1,32,1,k1,False,0.26512882113456726,slowfast_r50,hmdb51
kick__Best_CHUCK_NORRIS_kick_to_the_nuts!_kick_f_cm_np1_fr_med_1,20,43,1,32,1,k1,False,0.5113914608955383,slowfast_r50,hmdb51
kick__Best_fight_scene_of_all_time_kick_f_cm_np1_ba_bad_11,20,38,1,32,1,k1,False,0.133431538939476,slowfast_r50,hmdb51
The_Matrix_3_kick_f_nm_np1_le_med_1,20,52,1,32,1,k1,False,0.13641487061977386,slowfast_r50,hmdb51
kick__Best_CHUCK_NORRIS_kick_to_the_nuts!_kick_f_cm_np1_ba_goo_0,20,40,1,32,1,k1,False,0.26641061902046204,slowfast_r50,hmdb51
The_Matrix_3_kick_f_cm_np1_fr_med_5,20,52,1,32,1,k1,False,0.6253983378410339,slowfast_r50,hmdb51
The_Matrix_2_kick_f_cm_np1_ri_med_5,20,61,1,32,1,k1,False,0.7494949102401733,slowfast_r50,hmdb51
kick__Best_fight_scene_of_all_time_kick_f_cm_np1_le_bad_9,20,47,1,32,1,k1,False,0.14775872230529785,slowfast_r50,hmdb51
KUNG_FU_HUSTLE_kick_f_cm_np1_fr_bad_9,20,53,1,32,1,k1,False,0.9498571157455444,slowfast_r50,hmdb51
THE_PROTECTOR_kick_f_nm_np1_ba_med_77,20,45,1,32,1,k1,False,0.20474743843078613,slowfast_r50,hmdb51
kick__Baddest_Fight_Scenes_EVER!_-_Kickboxer_-_Part_1_of_2_kick_u_cm_np1_ri_med_12,20,38,1,32,1,k1,False,0.548904299736023,slowfast_r50,hmdb51
The_Matrix_Revolutions_6_kick_f_cm_np1_ba_med_7,20,38,1,32,1,k1,False,0.764557421207428,slowfast_r50,hmdb51
RushHour2_kick_l_cm_np1_le_med_2,20,48,1,32,1,k1,False,0.6108949184417725,slowfast_r50,hmdb51
KUNG_FU_HUSTLE_kick_u_cm_np1_fr_med_11,20,47,1,32,1,k1,False,0.22640065848827362,slowfast_r50,hmdb51
The_Matrix_5_kick_f_cm_np1_le_med_13,20,46,1,32,1,k1,False,0.6782815456390381,slowfast_r50,hmdb51
kick__Baddest_Fight_Scenes_EVER!_-_Kickboxer_-_Part_1_of_2_kick_f_cm_np1_fr_med_0,20,37,1,32,1,k1,True,0.12188032269477844,slowfast_r50,hmdb51
American_History_X_kick_l_cm_np1_le_med_33,20,84,1,32,1,k1,False,0.8806855082511902,slowfast_r50,hmdb51
Pirates_6_kick_f_nm_np1_fr_bad_7,20,47,1,32,1,k1,False,0.5187773108482361,slowfast_r50,hmdb51
funny_soccer_commercial_kick_ball_f_cm_np1_fr_med_0,21,48,1,32,1,k1,False,0.10640980303287506,slowfast_r50,hmdb51
Ribery_Torwandschiessen_Sportstudio_kick_ball_l_nm_np1_ba_med_6,21,76,1,32,1,k1,False,0.9502549171447754,slowfast_r50,hmdb51
Banned_Commercials_-_Nike_-_Soccer_vs_ninjas_kick_ball_f_nm_np1_fr_goo_1,21,52,1,32,1,k1,False,0.2343328297138214,slowfast_r50,hmdb51
Dhan_Dhana_Dhan_Goal_(2007)_w__Eng_Sub_-_Watch_Online_-_4_16_kick_ball_f_cm_np1_fr_goo_3,21,79,1,32,1,k1,False,0.08786966651678085,slowfast_r50,hmdb51
Banned_Commercials_-_Nike_-_Soccer_vs_ninjas_kick_ball_f_nm_np1_fr_goo_0,21,49,1,32,1,k1,False,0.44898462295532227,slowfast_r50,hmdb51
Dhan_Dhana_Dhan_Goal_(2007)_w__Eng_Sub_-_Watch_Online_-_3_16_kick_ball_f_cm_np1_fr_med_1,21,42,1,32,1,k1,False,0.6491269469261169,slowfast_r50,hmdb51
Britney_Spears_-_Comercial_Pepsi_soccer_kick_ball_f_nm_np1_fr_med_2,21,43,1,32,1,k1,False,0.14690011739730835,slowfast_r50,hmdb51
GOAL_2_living_the_dream_movie_part_9_kick_ball_f_cm_np1_fr_med_0,21,66,1,32,1,k1,False,0.16706439852714539,slowfast_r50,hmdb51
Goal_1_&_2_kick_ball_f_cm_np1_fr_goo_2,21,40,1,32,1,k1,False,0.25682008266448975,slowfast_r50,hmdb51
Manchester_United_vs_Chelsea_Champion_League_final_2008_penalty_shootout_kick_ball_f_nm_np1_ba_bad_0,21,53,1,32,1,k1,True,0.7843203544616699,slowfast_r50,hmdb51
Eine_andere_Liga_(10_10)_kick_ball_f_cm_np1_fr_med_1,21,86,1,32,1,k1,False,0.5480455756187439,slowfast_r50,hmdb51
How_to_Shoot_Penalty_Kicks_kick_ball_f_cm_np1_ba_bad_4,21,41,1,32,1,k1,False,0.5448517203330994,slowfast_r50,hmdb51
How_to_kick_a_soccer_ball_the_right_way_kick_ball_l_nm_np1_ba_bad_0,21,60,1,32,1,k1,False,0.4078097641468048,slowfast_r50,hmdb51
DWK_1_-_Der_ganze_Film_(Part_8_9)_kick_ball_f_cm_np1_ba_goo_0,21,83,1,32,1,k1,False,0.8794410228729248,slowfast_r50,hmdb51
Dhan_Dhana_Dhan_Goal_(2007)_w__Eng_Sub_-_Watch_Online_-_4_16_kick_ball_f_cm_np1_ri_goo_0,21,94,1,32,1,k1,False,0.2561229169368744,slowfast_r50,hmdb51
How_to_Shoot_Penalty_Kicks_kick_ball_f_cm_np1_ba_bad_1,21,47,1,32,1,k1,False,0.8015698194503784,slowfast_r50,hmdb51
Banned_Commercials_-_Nike_-_Soccer_vs_ninjas_kick_ball_f_nm_np1_fr_med_8,21,49,1,32,1,k1,False,0.6288093328475952,slowfast_r50,hmdb51
Mean_Machine_2001_(Part_9)_kick_ball_f_cm_np3_ri_med_1,21,47,1,32,1,k1,True,0.2560712397098541,slowfast_r50,hmdb51
Lattenknaller_-_M_nner_wie_wir_(Teil_11)_kick_ball_f_cm_np1_fr_goo_0,21,60,1,32,1,k1,False,0.26196736097335815,slowfast_r50,hmdb51
TVs_Best_Kisses_Top_50_(30_to_21)_kiss_h_nm_np2_le_goo_4,22,152,1,32,1,k1,True,0.9999901056289673,slowfast_r50,hmdb51
Best_Kisses_in_TV_Movies_1_3_kiss_u_cm_np2_le_goo_8,22,210,1,32,1,k1,True,0.9999878406524658,slowfast_r50,hmdb51
My_Gymnastics_Outside_flic_flac_f_cm_np1_le_med_0,14,42,2,32,2,k2,False,0.2682039141654968,slowfast_r50,hmdb51
Paula_Creamer_-_Sybase_Classic_2009_golf_f_cm_np1_fr_med_0,15,79,2,32,2,k2,True,0.6467917561531067,slowfast_r50,hmdb51
rory_hie_high_school__now_USC_golf_f_nm_np1_ri_goo_0,15,85,2,32,2,k2,True,0.5729721784591675,slowfast_r50,hmdb51
Probably_the_best_golf_shot_in_the_world_ever!!!_golf_f_cm_np1_ba_med_0,15,79,2,32,2,k2,False,0.1593122035264969,slowfast_r50,hmdb51
Rate_my_golf_swing__driver_and_9_iron_golf_f_cm_np1_ri_med_0,15,93,2,32,2,k2,False,0.70736163854599,slowfast_r50,hmdb51
Jim_Furyk_Impression_golf_f_cm_np1_ri_med_0,15,78,2,32,2,k2,True,0.305240660905838,slowfast_r50,hmdb51
Angel_Cabrera_s_Golf_Swing_golf_f_cm_np1_ri_med_0,15,79,2,32,2,k2,True,0.6058491468429565,slowfast_r50,hmdb51
Ben_Hogan_Swing_golf_f_nm_np1_ri_med_2,15,79,2,32,2,k2,True,0.9138798117637634,slowfast_r50,hmdb51
Michelle_Wie__Golf_Swing_golf_f_cm_np1_fr_med_0,15,79,2,32,2,k2,False,0.7040972113609314,slowfast_r50,hmdb51
bri_vega_golf_f_cm_np1_fr_med_0,15,78,2,32,2,k2,True,0.8018476963043213,slowfast_r50,hmdb51
Jordan_Malinoff_and__Anthony_Kim_Practice_golf_f_cm_np1_fr_med_0,15,111,2,32,2,k2,False,0.6319991946220398,slowfast_r50,hmdb51
Steve_Elkington_1995_PGA_golf_f_cm_np1_ri_med_0,15,71,2,32,2,k2,True,0.8253270983695984,slowfast_r50,hmdb51
Mike_Weir_golf_f_cm_np1_fr_med_1,15,79,2,32,2,k2,True,0.9929136633872986,slowfast_r50,hmdb51
Michael_Campbell_rub_of_the_green_golf_f_cm_np1_fr_med_0,15,79,2,32,2,k2,True,0.7032331228256226,slowfast_r50,hmdb51
Jordan_Malinoff_and__Anthony_Kim_Practice_golf_f_cm_np1_ri_med_7,15,78,2,32,2,k2,True,0.7718687653541565,slowfast_r50,hmdb51
golf_golf_f_nm_np1_ri_goo_0,15,91,2,32,2,k2,True,0.9783932566642761,slowfast_r50,hmdb51
handstands_1_handstand_f_cm_np1_le_med_3,16,80,2,32,2,k2,True,0.9954718351364136,slowfast_r50,hmdb51
handstand_tutorial___how_to_do_a_handstand_basic_breakdance_handstand_f_nm_np1_ri_med_0,16,80,2,32,2,k2,True,0.4947107434272766,slowfast_r50,hmdb51
Handstand_tutorial_3_handstand_f_nm_np1_le_med_0,16,78,2,32,2,k2,True,0.34188711643218994,slowfast_r50,hmdb51
Health_handstand_f_cm_np1_ri_med_0,16,95,2,32,2,k2,False,0.12737105786800385,slowfast_r50,hmdb51
Gymnastic_handstand_handstand_f_nm_np1_le_med_1,16,79,2,32,2,k2,True,0.4255630075931549,slowfast_r50,hmdb51
Handstand_Competition_3_handstand_f_cm_np1_fr_med_8,16,76,2,32,2,k2,True,0.7668017745018005,slowfast_r50,hmdb51
Turnk_r_handstand_f_cm_np4_ba_med_3,16,91,2,32,2,k2,False,0.279735803604126,slowfast_r50,hmdb51
Handstand_Tutorial_2_handstand_f_nm_np1_le_med_2,16,78,2,32,2,k2,True,0.6651661992073059,slowfast_r50,hmdb51
Zwei_hoffnungslose_Pflegef_lle_beim_Turnen(Part3)_handstand_f_cm_np1_ri_bad_0,16,97,2,32,2,k2,False,0.650253176689148,slowfast_r50,hmdb51
parada_de_mao_tai_ton_lon_dominio_do_corpo_handstand_f_cm_np1_fr_med_0,16,79,2,32,2,k2,True,0.1800195723772049,slowfast_r50,hmdb51
hand_stand_handstand_f_cm_np1_ba_med_1,16,80,2,32,2,k2,False,0.5654122829437256,slowfast_r50,hmdb51
Bodenturnen_f_r_Anf_nger_handstand_f_cm_np1_ri_med_0,16,68,2,32,2,k2,False,0.13313111662864685,slowfast_r50,hmdb51
Handstand_contest!_handstand_f_cm_np1_le_med_1,16,83,2,32,2,k2,True,0.9896401166915894,slowfast_r50,hmdb51
Outdoor-Turnen_handstand_f_cm_np1_fr_med_0,16,78,2,32,2,k2,False,0.21833674609661102,slowfast_r50,hmdb51
hand_stands_handstand_f_cm_np1_fr_med_0,16,81,2,32,2,k2,False,0.2794552445411682,slowfast_r50,hmdb51
Gymnastics_handstand_f_cm_np1_le_goo_1,16,78,2,32,2,k2,False,0.285353422164917,slowfast_r50,hmdb51
EVOLUTION_hit_u_cm_np1_fr_bad_20,17,44,2,32,2,k2,True,0.41077786684036255,slowfast_r50,hmdb51
Wayne_Rooney_At_Home_Funny_Must_See_hit_u_nm_np1_fr_goo_0,17,196,2,32,2,k2,False,0.40990695357322693,slowfast_r50,hmdb51
Mac_Smashing_hit_f_cm_np1_ri_bad_1,17,34,2,32,2,k2,True,0.37278035283088684,slowfast_r50,hmdb51
Einde_van_Opel_Kadett_hit_u_cm_np2_fr_bad_8,17,31,2,32,2,k2,False,0.5810784101486206,slowfast_r50,hmdb51
Baseball_Bat_V_S__Computer_Monitor_hit_f_cm_np1_ri_bad_0,17,29,2,32,2,k2,False,0.25400596857070923,slowfast_r50,hmdb51
SweeneyTodd_hit_u_nm_np1_fr_bad_2,17,49,2,32,2,k2,False,0.42915570735931396,slowfast_r50,hmdb51
Einde_van_Opel_Kadett_hit_f_cm_np1_ri_bad_9,17,34,2,32,2,k2,True,0.433763325214386,slowfast_r50,hmdb51
Einde_van_Opel_Kadett_hit_u_cm_np1_fr_bad_1,17,35,2,32,2,k2,False,0.06652727723121643,slowfast_r50,hmdb51
KUNG_FU_HUSTLE_hit_u_nm_np1_fr_bad_17,17,53,2,32,2,k2,False,0.6503775715827942,slowfast_r50,hmdb51
TrumanShow_hit_u_cm_np1_ba_bad_33,17,47,2,32,2,k2,True,0.6830741763114929,slowfast_r50,hmdb51
When_It_s_Nice_Out_hit_f_cm_np1_fr_bad_4,17,31,2,32,2,k2,True,0.875929594039917,slowfast_r50,hmdb51
THE_PROTECTOR_hit_f_cm_np1_ba_bad_39,17,48,2,32,2,k2,False,0.4201290011405945,slowfast_r50,hmdb51
Collins_getting_hit_with_a_stick_on_the_head_hit_f_cm_np1_le_bad_4,17,44,2,32,2,k2,True,0.597308337688446,slowfast_r50,hmdb51
HARD_FACE_SLAP_COMPILATION_-_THE_FUNNIEST_FACE_SLAPS_EVER!!_-_Old_school_Vids_hit_u_cm_np1_ba_bad_1,17,41,2,32,2,k2,True,0.4289005994796753,slowfast_r50,hmdb51
AmericanGangster_hit_h_cm_np1_ri_bad_63,17,24,2,32,2,k2,False,0.6578406691551208,slowfast_r50,hmdb51
Opel_vs_Vorschlaghammer_hit_u_cm_np1_ba_bad_4,17,34,2,32,2,k2,False,0.9972353577613831,slowfast_r50,hmdb51
Drum_Beats_-_Drum_Beats-_Slow_Blues_hit_u_cm_np1_le_bad_1,17,33,2,32,2,k2,True,0.9233801960945129,slowfast_r50,hmdb51
Einde_van_Opel_Kadett_hit_f_cm_np1_ri_bad_5,17,31,2,32,2,k2,True,0.5813379883766174,slowfast_r50,hmdb51
Einde_van_Opel_Kadett_hit_f_cm_np1_le_bad_3,17,36,2,32,2,k2,False,0.5182381868362427,slowfast_r50,hmdb51
Free_Hugs_-_Gratis_umarmung_hug_u_cm_np2_le_med_10,18,70,2,32,2,k2,True,0.6115058064460754,slowfast_r50,hmdb51
Calins_gratuits_a_Paris_-_Free_Hugs_France_-_version_longue_hug_u_cm_np2_ba_med_21,18,61,2,32,2,k2,True,0.9886384606361389,slowfast_r50,hmdb51
-_FREE_HUGS_-_Abrazos_Gratis_www_abrazosgratis_org_hug_u_cm_np2_le_goo_12,18,67,2,32,2,k2,True,0.8411327600479126,slowfast_r50,hmdb51
Calins_gratuits_a_Paris_-_Free_Hugs_France_-_version_longue_hug_u_cm_np2_le_med_16,18,68,2,32,2,k2,True,0.8218820095062256,slowfast_r50,hmdb51
Free_Hugs_-_Gratis_umarmung_hug_u_cm_np2_ba_med_17,18,66,2,32,2,k2,False,0.14106710255146027,slowfast_r50,hmdb51
veoh_harold_and_kumar_hug_f_cm_np2_le_med_7,18,76,2,32,2,k2,False,0.9786705374717712,slowfast_r50,hmdb51
Free_Hugs_-_Paris_www_calins-gratuits_com_hug_u_cm_np2_le_med_12,18,80,2,32,2,k2,True,0.9991034865379333,slowfast_r50,hmdb51
Free_Hugs_-_Gratis_umarmung_hug_u_cm_np2_le_med_1,18,80,2,32,2,k2,True,0.9851277470588684,slowfast_r50,hmdb51
Calins_gratuits_a_Paris_-_Free_Hugs_France_-_version_longue_hug_u_cm_np2_le_med_12,18,133,2,32,2,k2,True,0.6483160853385925,slowfast_r50,hmdb51
Free_Hugs_-_Gratis_umarmung_hug_u_cm_np2_le_med_8,18,38,2,32,2,k2,True,0.9246098399162292,slowfast_r50,hmdb51
Free_Hugs_-_Paris_www_calins-gratuits_com_hug_u_cm_np2_le_med_3,18,80,2,32,2,k2,False,0.3874375820159912,slowfast_r50,hmdb51
Calins_gratuits_a_Paris_-_Free_Hugs_France_-_version_longue_hug_u_cm_np2_ba_med_19,18,54,2,32,2,k2,True,0.7724314332008362,slowfast_r50,hmdb51
Calins_gratuits_a_Paris_-_Free_Hugs_France_-_version_longue_hug_f_cm_np2_ba_med_2,18,67,2,32,2,k2,True,0.31860220432281494,slowfast_r50,hmdb51
American_Idol_Awards_Given_to_7_Winners_at_Walt_Disney_World_hug_u_cm_np2_ba_med_0,18,34,2,32,2,k2,False,0.8055695295333862,slowfast_r50,hmdb51
Free_Hugs_-_Medellin_hug_f_cm_np2_le_med_2,18,68,2,32,2,k2,True,0.9467819929122925,slowfast_r50,hmdb51
Free_Hugs_-_Paris_www_calins-gratuits_com_hug_u_cm_np2_le_med_7,18,81,2,32,2,k2,True,0.8636171817779541,slowfast_r50,hmdb51
Free_Hugs_-_Paris_www_calins-gratuits_com_hug_f_cm_np2_ba_med_8,18,80,2,32,2,k2,False,0.30586516857147217,slowfast_r50,hmdb51
Documentario_Le_Parkour_Londrina_jump_f_cm_np1_ba_bad_12,19,36,2,32,2,k2,True,0.18671853840351105,slowfast_r50,hmdb51
le_parkour_kl_jump_l_nm_np1_le_bad_1,19,50,2,32,2,k2,False,0.5235267281532288,slowfast_r50,hmdb51
Fellowship_7_jump_f_cm_np1_fr_bad_1,19,41,2,32,2,k2,False,0.23335278034210205,slowfast_r50,hmdb51
Goalkeeper_Felix_Schwake_jump_f_nm_np1_le_bad_7,19,61,2,32,2,k2,False,0.7227813005447388,slowfast_r50,hmdb51
NOVA_ELEGANTUNIVERSE1_jump_f_nm_np1_le_bad_4,19,74,2,32,2,k2,True,0.5606682300567627,slowfast_r50,hmdb51
St__Louis_Goalkeeping__Academy_elite_training_jump_f_nm_np1_ri_bad_14,19,52,2,32,2,k2,False,0.2347474992275238,slowfast_r50,hmdb51
IamLegend_jump_f_cm_np1_ba_bad_12,19,24,2,32,2,k2,False,0.20814082026481628,slowfast_r50,hmdb51
KUNG_FU_HUSTLE_jump_f_cm_np1_le_bad_57,19,53,2,32,2,k2,False,0.8211262226104736,slowfast_r50,hmdb51
Documentario_Le_Parkour_Londrina_jump_f_nm_np1_le_bad_8,19,44,2,32,2,k2,False,0.16314548254013062,slowfast_r50,hmdb51
Sam_Cooksey_Goalkeeper_Training_jump_f_cm_np1_le_bad_3,19,52,2,32,2,k2,False,0.25129514932632446,slowfast_r50,hmdb51
KUNG_FU_HUSTLE_jump_f_nm_np1_fr_bad_46,19,51,2,32,2,k2,False,0.7688859701156616,slowfast_r50,hmdb51
BATMAN_BEGINS_jump_f_cm_np1_ri_med_18,19,48,2,32,2,k2,False,0.30247196555137634,slowfast_r50,hmdb51
St__Louis_Goalkeeping__Academy_elite_training_jump_f_nm_np1_le_bad_15,19,42,2,32,2,k2,False,0.5480188131332397,slowfast_r50,hmdb51
Fellowship_2_jump_f_nm_np1_ri_bad_8,19,38,2,32,2,k2,False,0.1392575055360794,slowfast_r50,hmdb51
Stadium_Plyometric_Workout_jump_f_cm_np1_ba_bad_7,19,36,2,32,2,k2,True,0.09014679491519928,slowfast_r50,hmdb51
Fellowship_5_jump_f_nm_np1_ba_bad_12,19,46,2,32,2,k2,False,0.24475055932998657,slowfast_r50,hmdb51
RATRACE_jump_f_cm_np1_ba_bad_3,19,49,2,32,2,k2,False,0.9756297469139099,slowfast_r50,hmdb51
le_parkour_kl_jump_l_nm_np1_ri_bad_0,19,91,2,32,2,k2,False,0.0987141877412796,slowfast_r50,hmdb51
le_parkour_kl_jump_f_nm_np1_le_bad_3,19,68,2,32,2,k2,False,0.16552983224391937,slowfast_r50,hmdb51
St__Louis_Goalkeeping__Academy_elite_training_jump_f_nm_np1_ri_bad_0,19,60,2,32,2,k2,False,0.3887929618358612,slowfast_r50,hmdb51
THE_PROTECTOR_kick_f_cm_np1_fr_bad_53,20,23,2,32,2,k2,True,0.4241960346698761,slowfast_r50,hmdb51
THE_PROTECTOR_kick_f_cm_np1_fr_med_48,20,45,2,32,2,k2,True,0.9010019302368164,slowfast_r50,hmdb51
kick__Best_CHUCK_NORRIS_kick_to_the_nuts!_kick_f_cm_np1_fr_med_1,20,43,2,32,2,k2,False,0.3890469968318939,slowfast_r50,hmdb51
kick__Best_fight_scene_of_all_time_kick_f_cm_np1_ba_bad_11,20,38,2,32,2,k2,False,0.28429096937179565,slowfast_r50,hmdb51
The_Matrix_3_kick_f_nm_np1_le_med_1,20,52,2,32,2,k2,False,0.4047321081161499,slowfast_r50,hmdb51
kick__Best_CHUCK_NORRIS_kick_to_the_nuts!_kick_f_cm_np1_ba_goo_0,20,40,2,32,2,k2,False,0.4505004286766052,slowfast_r50,hmdb51
The_Matrix_3_kick_f_cm_np1_fr_med_5,20,52,2,32,2,k2,False,0.49453702569007874,slowfast_r50,hmdb51
The_Matrix_2_kick_f_cm_np1_ri_med_5,20,61,2,32,2,k2,False,0.31316789984703064,slowfast_r50,hmdb51
kick__Best_fight_scene_of_all_time_kick_f_cm_np1_le_bad_9,20,47,2,32,2,k2,False,0.9755374193191528,slowfast_r50,hmdb51
KUNG_FU_HUSTLE_kick_f_cm_np1_fr_bad_9,20,53,2,32,2,k2,False,0.4234538972377777,slowfast_r50,hmdb51
THE_PROTECTOR_kick_f_nm_np1_ba_med_77,20,45,2,32,2,k2,False,0.8196881413459778,slowfast_r50,hmdb51
kick__Baddest_Fight_Scenes_EVER!_-_Kickboxer_-_Part_1_of_2_kick_u_cm_np1_ri_med_12,20,38,2,32,2,k2,False,0.9588736295700073,slowfast_r50,hmdb51
The_Matrix_Revolutions_6_kick_f_cm_np1_ba_med_7,20,38,2,32,2,k2,False,0.304966002702713,slowfast_r50,hmdb51
RushHour2_kick_l_cm_np1_le_med_2,20,48,2,32,2,k2,False,0.9866493344306946,slowfast_r50,hmdb51
KUNG_FU_HUSTLE_kick_u_cm_np1_fr_med_11,20,47,2,32,2,k2,False,0.18847493827342987,slowfast_r50,hmdb51
The_Matrix_5_kick_f_cm_np1_le_med_13,20,46,2,32,2,k2,False,0.980170488357544,slowfast_r50,hmdb51
kick__Baddest_Fight_Scenes_EVER!_-_Kickboxer_-_Part_1_of_2_kick_f_cm_np1_fr_med_0,20,37,2,32,2,k2,True,0.3371112644672394,slowfast_r50,hmdb51
American_History_X_kick_l_cm_np1_le_med_33,20,84,2,32,2,k2,False,0.4496079981327057,slowfast_r50,hmdb51
Pirates_6_kick_f_nm_np1_fr_bad_7,20,47,2,32,2,k2,False,0.9713465571403503,slowfast_r50,hmdb51
funny_soccer_commercial_kick_ball_f_cm_np1_fr_med_0,21,48,2,32,2,k2,True,0.381353497505188,slowfast_r50,hmdb51
Ribery_Torwandschiessen_Sportstudio_kick_ball_l_nm_np1_ba_med_6,21,76,2,32,2,k2,False,0.31967684626579285,slowfast_r50,hmdb51
Banned_Commercials_-_Nike_-_Soccer_vs_ninjas_kick_ball_f_nm_np1_fr_goo_1,21,52,2,32,2,k2,True,0.9002683758735657,slowfast_r50,hmdb51
Dhan_Dhana_Dhan_Goal_(2007)_w__Eng_Sub_-_Watch_Online_-_4_16_kick_ball_f_cm_np1_fr_goo_3,21,79,2,32,2,k2,False,0.518476128578186,slowfast_r50,hmdb51
Banned_Commercials_-_Nike_-_Soccer_vs_ninjas_kick_ball_f_nm_np1_fr_goo_0,21,49,2,32,2,k2,False,0.2809901237487793,slowfast_r50,hmdb51
Dhan_Dhana_Dhan_Goal_(2007)_w__Eng_Sub_-_Watch_Online_-_3_16_kick_ball_f_cm_np1_fr_med_1,21,42,2,32,2,k2,False,0.5096325278282166,slowfast_r50,hmdb51
Britney_Spears_-_Comercial_Pepsi_soccer_kick_ball_f_nm_np1_fr_med_2,21,43,2,32,2,k2,True,0.2781233787536621,slowfast_r50,hmdb51
GOAL_2_living_the_dream_movie_part_9_kick_ball_f_cm_np1_fr_med_0,21,66,2,32,2,k2,False,0.6319635510444641,slowfast_r50,hmdb51
Goal_1_&_2_kick_ball_f_cm_np1_fr_goo_2,21,40,2,32,2,k2,False,0.4087432324886322,slowfast_r50,hmdb51
Manchester_United_vs_Chelsea_Champion_League_final_2008_penalty_shootout_kick_ball_f_nm_np1_ba_bad_0,21,53,2,32,2,k2,True,0.692785918712616,slowfast_r50,hmdb51
Eine_andere_Liga_(10_10)_kick_ball_f_cm_np1_fr_med_1,21,86,2,32,2,k2,False,0.5480455756187439,slowfast_r50,hmdb51
How_to_Shoot_Penalty_Kicks_kick_ball_f_cm_np1_ba_bad_4,21,41,2,32,2,k2,False,0.9652901887893677,slowfast_r50,hmdb51
How_to_kick_a_soccer_ball_the_right_way_kick_ball_l_nm_np1_ba_bad_0,21,60,2,32,2,k2,False,0.907245934009552,slowfast_r50,hmdb51
DWK_1_-_Der_ganze_Film_(Part_8_9)_kick_ball_f_cm_np1_ba_goo_0,21,83,2,32,2,k2,True,0.12321321666240692,slowfast_r50,hmdb51
Dhan_Dhana_Dhan_Goal_(2007)_w__Eng_Sub_-_Watch_Online_-_4_16_kick_ball_f_cm_np1_ri_goo_0,21,94,2,32,2,k2,False,0.4837705194950104,slowfast_r50,hmdb51
How_to_Shoot_Penalty_Kicks_kick_ball_f_cm_np1_ba_bad_1,21,47,2,32,2,k2,False,0.9577993750572205,slowfast_r50,hmdb51
Banned_Commercials_-_Nike_-_Soccer_vs_ninjas_kick_ball_f_nm_np1_fr_med_8,21,49,2,32,2,k2,True,0.35693538188934326,slowfast_r50,hmdb51
Mean_Machine_2001_(Part_9)_kick_ball_f_cm_np3_ri_med_1,21,47,2,32,2,k2,True,0.8933165073394775,slowfast_r50,hmdb51
Lattenknaller_-_M_nner_wie_wir_(Teil_11)_kick_ball_f_cm_np1_fr_goo_0,21,60,2,32,2,k2,False,0.6128000617027283,slowfast_r50,hmdb51
TVs_Best_Kisses_Top_50_(30_to_21)_kiss_h_nm_np2_le_goo_4,22,152,2,32,2,k2,True,0.9999861717224121,slowfast_r50,hmdb51
Best_Kisses_in_TV_Movies_1_3_kiss_u_cm_np2_le_goo_8,22,210,2,32,2,k2,True,0.999995231628418,slowfast_r50,hmdb51
My_Gymnastics_Outside_flic_flac_f_cm_np1_le_med_0,14,42,4,32,4,k4,False,0.2795790731906891,slowfast_r50,hmdb51
Paula_Creamer_-_Sybase_Classic_2009_golf_f_cm_np1_fr_med_0,15,79,4,32,4,k4,True,0.6418538093566895,slowfast_r50,hmdb51
rory_hie_high_school__now_USC_golf_f_nm_np1_ri_goo_0,15,85,4,32,4,k4,True,0.633457601070404,slowfast_r50,hmdb51
Probably_the_best_golf_shot_in_the_world_ever!!!_golf_f_cm_np1_ba_med_0,15,79,4,32,4,k4,False,0.6399205923080444,slowfast_r50,hmdb51
Rate_my_golf_swing__driver_and_9_iron_golf_f_cm_np1_ri_med_0,15,93,4,32,4,k4,False,0.8789499998092651,slowfast_r50,hmdb51
Jim_Furyk_Impression_golf_f_cm_np1_ri_med_0,15,78,4,32,4,k4,False,0.8676168322563171,slowfast_r50,hmdb51
Angel_Cabrera_s_Golf_Swing_golf_f_cm_np1_ri_med_0,15,79,4,32,4,k4,False,0.5129979252815247,slowfast_r50,hmdb51
Ben_Hogan_Swing_golf_f_nm_np1_ri_med_2,15,79,4,32,4,k4,True,0.9292347431182861,slowfast_r50,hmdb51
Michelle_Wie__Golf_Swing_golf_f_cm_np1_fr_med_0,15,79,4,32,4,k4,False,0.7229828834533691,slowfast_r50,hmdb51
bri_vega_golf_f_cm_np1_fr_med_0,15,78,4,32,4,k4,True,0.5172656178474426,slowfast_r50,hmdb51
Jordan_Malinoff_and__Anthony_Kim_Practice_golf_f_cm_np1_fr_med_0,15,111,4,32,4,k4,False,0.9640486836433411,slowfast_r50,hmdb51
Steve_Elkington_1995_PGA_golf_f_cm_np1_ri_med_0,15,71,4,32,4,k4,False,0.5762401819229126,slowfast_r50,hmdb51
Mike_Weir_golf_f_cm_np1_fr_med_1,15,79,4,32,4,k4,True,0.9841883182525635,slowfast_r50,hmdb51
Michael_Campbell_rub_of_the_green_golf_f_cm_np1_fr_med_0,15,79,4,32,4,k4,True,0.49418938159942627,slowfast_r50,hmdb51
Jordan_Malinoff_and__Anthony_Kim_Practice_golf_f_cm_np1_ri_med_7,15,78,4,32,4,k4,False,0.8366807699203491,slowfast_r50,hmdb51
golf_golf_f_nm_np1_ri_goo_0,15,91,4,32,4,k4,True,0.9688499569892883,slowfast_r50,hmdb51
handstands_1_handstand_f_cm_np1_le_med_3,16,80,4,32,4,k4,True,0.9989118576049805,slowfast_r50,hmdb51
handstand_tutorial___how_to_do_a_handstand_basic_breakdance_handstand_f_nm_np1_ri_med_0,16,80,4,32,4,k4,True,0.7256021499633789,slowfast_r50,hmdb51
Handstand_tutorial_3_handstand_f_nm_np1_le_med_0,16,78,4,32,4,k4,True,0.887549102306366,slowfast_r50,hmdb51
Health_handstand_f_cm_np1_ri_med_0,16,95,4,32,4,k4,False,0.28668123483657837,slowfast_r50,hmdb51
Gymnastic_handstand_handstand_f_nm_np1_le_med_1,16,79,4,32,4,k4,False,0.5100035667419434,slowfast_r50,hmdb51
Handstand_Competition_3_handstand_f_cm_np1_fr_med_8,16,76,4,32,4,k4,True,0.9456181526184082,slowfast_r50,hmdb51
Turnk_r_handstand_f_cm_np4_ba_med_3,16,91,4,32,4,k4,False,0.2844269573688507,slowfast_r50,hmdb51
Handstand_Tutorial_2_handstand_f_nm_np1_le_med_2,16,78,4,32,4,k4,True,0.8212946057319641,slowfast_r50,hmdb51
Zwei_hoffnungslose_Pflegef_lle_beim_Turnen(Part3)_handstand_f_cm_np1_ri_bad_0,16,97,4,32,4,k4,False,0.6815863251686096,slowfast_r50,hmdb51
parada_de_mao_tai_ton_lon_dominio_do_corpo_handstand_f_cm_np1_fr_med_0,16,79,4,32,4,k4,False,0.6032034158706665,slowfast_r50,hmdb51
hand_stand_handstand_f_cm_np1_ba_med_1,16,80,4,32,4,k4,True,0.8972910642623901,slowfast_r50,hmdb51
Bodenturnen_f_r_Anf_nger_handstand_f_cm_np1_ri_med_0,16,68,4,32,4,k4,True,0.5329915285110474,slowfast_r50,hmdb51
Handstand_contest!_handstand_f_cm_np1_le_med_1,16,83,4,32,4,k4,True,0.9931394457817078,slowfast_r50,hmdb51
Outdoor-Turnen_handstand_f_cm_np1_fr_med_0,16,78,4,32,4,k4,True,0.986072301864624,slowfast_r50,hmdb51
hand_stands_handstand_f_cm_np1_fr_med_0,16,81,4,32,4,k4,False,0.5197721123695374,slowfast_r50,hmdb51
Gymnastics_handstand_f_cm_np1_le_goo_1,16,78,4,32,4,k4,False,0.27660927176475525,slowfast_r50,hmdb51
EVOLUTION_hit_u_cm_np1_fr_bad_20,17,44,4,32,4,k4,False,0.4745490252971649,slowfast_r50,hmdb51
Wayne_Rooney_At_Home_Funny_Must_See_hit_u_nm_np1_fr_goo_0,17,196,4,32,4,k4,False,0.886951744556427,slowfast_r50,hmdb51
Mac_Smashing_hit_f_cm_np1_ri_bad_1,17,34,4,32,4,k4,True,0.5154035091400146,slowfast_r50,hmdb51
Einde_van_Opel_Kadett_hit_u_cm_np2_fr_bad_8,17,31,4,32,4,k4,False,0.5719316005706787,slowfast_r50,hmdb51
Baseball_Bat_V_S__Computer_Monitor_hit_f_cm_np1_ri_bad_0,17,29,4,32,4,k4,True,0.8443697094917297,slowfast_r50,hmdb51
SweeneyTodd_hit_u_nm_np1_fr_bad_2,17,49,4,32,4,k4,False,0.3336770236492157,slowfast_r50,hmdb51
Einde_van_Opel_Kadett_hit_f_cm_np1_ri_bad_9,17,34,4,32,4,k4,True,0.7286799550056458,slowfast_r50,hmdb51
Einde_van_Opel_Kadett_hit_u_cm_np1_fr_bad_1,17,35,4,32,4,k4,True,0.6419005393981934,slowfast_r50,hmdb51
KUNG_FU_HUSTLE_hit_u_nm_np1_fr_bad_17,17,53,4,32,4,k4,True,0.5802585482597351,slowfast_r50,hmdb51
TrumanShow_hit_u_cm_np1_ba_bad_33,17,47,4,32,4,k4,True,0.9770169854164124,slowfast_r50,hmdb51
When_It_s_Nice_Out_hit_f_cm_np1_fr_bad_4,17,31,4,32,4,k4,True,0.9054747819900513,slowfast_r50,hmdb51
THE_PROTECTOR_hit_f_cm_np1_ba_bad_39,17,48,4,32,4,k4,False,0.7360105514526367,slowfast_r50,hmdb51
Collins_getting_hit_with_a_stick_on_the_head_hit_f_cm_np1_le_bad_4,17,44,4,32,4,k4,True,0.3560788929462433,slowfast_r50,hmdb51
HARD_FACE_SLAP_COMPILATION_-_THE_FUNNIEST_FACE_SLAPS_EVER!!_-_Old_school_Vids_hit_u_cm_np1_ba_bad_1,17,41,4,32,4,k4,True,0.9904668927192688,slowfast_r50,hmdb51
AmericanGangster_hit_h_cm_np1_ri_bad_63,17,24,4,32,4,k4,False,0.5828227996826172,slowfast_r50,hmdb51
Opel_vs_Vorschlaghammer_hit_u_cm_np1_ba_bad_4,17,34,4,32,4,k4,False,0.30485352873802185,slowfast_r50,hmdb51
Drum_Beats_-_Drum_Beats-_Slow_Blues_hit_u_cm_np1_le_bad_1,17,33,4,32,4,k4,True,0.9938125610351562,slowfast_r50,hmdb51
Einde_van_Opel_Kadett_hit_f_cm_np1_ri_bad_5,17,31,4,32,4,k4,True,0.9703834652900696,slowfast_r50,hmdb51
Einde_van_Opel_Kadett_hit_f_cm_np1_le_bad_3,17,36,4,32,4,k4,True,0.9614330530166626,slowfast_r50,hmdb51
Free_Hugs_-_Gratis_umarmung_hug_u_cm_np2_le_med_10,18,70,4,32,4,k4,False,0.48641884326934814,slowfast_r50,hmdb51
Calins_gratuits_a_Paris_-_Free_Hugs_France_-_version_longue_hug_u_cm_np2_ba_med_21,18,61,4,32,4,k4,True,0.9946986436843872,slowfast_r50,hmdb51
-_FREE_HUGS_-_Abrazos_Gratis_www_abrazosgratis_org_hug_u_cm_np2_le_goo_12,18,67,4,32,4,k4,True,0.9588779807090759,slowfast_r50,hmdb51
Calins_gratuits_a_Paris_-_Free_Hugs_France_-_version_longue_hug_u_cm_np2_le_med_16,18,68,4,32,4,k4,True,0.8197061419487,slowfast_r50,hmdb51
Free_Hugs_-_Gratis_umarmung_hug_u_cm_np2_ba_med_17,18,66,4,32,4,k4,False,0.5030063986778259,slowfast_r50,hmdb51
veoh_harold_and_kumar_hug_f_cm_np2_le_med_7,18,76,4,32,4,k4,False,0.9929952025413513,slowfast_r50,hmdb51
Free_Hugs_-_Paris_www_calins-gratuits_com_hug_u_cm_np2_le_med_12,18,80,4,32,4,k4,True,0.9972570538520813,slowfast_r50,hmdb51
Free_Hugs_-_Gratis_umarmung_hug_u_cm_np2_le_med_1,18,80,4,32,4,k4,True,0.9443614482879639,slowfast_r50,hmdb51
Calins_gratuits_a_Paris_-_Free_Hugs_France_-_version_longue_hug_u_cm_np2_le_med_12,18,133,4,32,4,k4,True,0.465015709400177,slowfast_r50,hmdb51
Free_Hugs_-_Gratis_umarmung_hug_u_cm_np2_le_med_8,18,38,4,32,4,k4,True,0.9224998950958252,slowfast_r50,hmdb51
Free_Hugs_-_Paris_www_calins-gratuits_com_hug_u_cm_np2_le_med_3,18,80,4,32,4,k4,False,0.49517545104026794,slowfast_r50,hmdb51
Calins_gratuits_a_Paris_-_Free_Hugs_France_-_version_longue_hug_u_cm_np2_ba_med_19,18,54,4,32,4,k4,True,0.7006033062934875,slowfast_r50,hmdb51
Calins_gratuits_a_Paris_-_Free_Hugs_France_-_version_longue_hug_f_cm_np2_ba_med_2,18,67,4,32,4,k4,True,0.415745347738266,slowfast_r50,hmdb51
American_Idol_Awards_Given_to_7_Winners_at_Walt_Disney_World_hug_u_cm_np2_ba_med_0,18,34,4,32,4,k4,True,0.34175780415534973,slowfast_r50,hmdb51
Free_Hugs_-_Medellin_hug_f_cm_np2_le_med_2,18,68,4,32,4,k4,True,0.4268019497394562,slowfast_r50,hmdb51
Free_Hugs_-_Paris_www_calins-gratuits_com_hug_u_cm_np2_le_med_7,18,81,4,32,4,k4,True,0.8260514736175537,slowfast_r50,hmdb51
Free_Hugs_-_Paris_www_calins-gratuits_com_hug_f_cm_np2_ba_med_8,18,80,4,32,4,k4,True,0.29378777742385864,slowfast_r50,hmdb51
Documentario_Le_Parkour_Londrina_jump_f_cm_np1_ba_bad_12,19,36,4,32,4,k4,True,0.3021177351474762,slowfast_r50,hmdb51
le_parkour_kl_jump_l_nm_np1_le_bad_1,19,50,4,32,4,k4,False,0.18224665522575378,slowfast_r50,hmdb51
Fellowship_7_jump_f_cm_np1_fr_bad_1,19,41,4,32,4,k4,False,0.11694268882274628,slowfast_r50,hmdb51
Goalkeeper_Felix_Schwake_jump_f_nm_np1_le_bad_7,19,61,4,32,4,k4,True,0.5428597927093506,slowfast_r50,hmdb51
NOVA_ELEGANTUNIVERSE1_jump_f_nm_np1_le_bad_4,19,74,4,32,4,k4,True,0.7167149186134338,slowfast_r50,hmdb51
St__Louis_Goalkeeping__Academy_elite_training_jump_f_nm_np1_ri_bad_14,19,52,4,32,4,k4,False,0.42522478103637695,slowfast_r50,hmdb51
IamLegend_jump_f_cm_np1_ba_bad_12,19,24,4,32,4,k4,False,0.07403869181871414,slowfast_r50,hmdb51
KUNG_FU_HUSTLE_jump_f_cm_np1_le_bad_57,19,53,4,32,4,k4,False,0.8810543417930603,slowfast_r50,hmdb51
Documentario_Le_Parkour_Londrina_jump_f_nm_np1_le_bad_8,19,44,4,32,4,k4,True,0.3432651460170746,slowfast_r50,hmdb51
Sam_Cooksey_Goalkeeper_Training_jump_f_cm_np1_le_bad_3,19,52,4,32,4,k4,True,0.460720956325531,slowfast_r50,hmdb51
KUNG_FU_HUSTLE_jump_f_nm_np1_fr_bad_46,19,51,4,32,4,k4,False,0.9852504730224609,slowfast_r50,hmdb51
BATMAN_BEGINS_jump_f_cm_np1_ri_med_18,19,48,4,32,4,k4,False,0.2685636281967163,slowfast_r50,hmdb51
St__Louis_Goalkeeping__Academy_elite_training_jump_f_nm_np1_le_bad_15,19,42,4,32,4,k4,False,0.4674529731273651,slowfast_r50,hmdb51
Fellowship_2_jump_f_nm_np1_ri_bad_8,19,38,4,32,4,k4,False,0.39015495777130127,slowfast_r50,hmdb51
Stadium_Plyometric_Workout_jump_f_cm_np1_ba_bad_7,19,36,4,32,4,k4,True,0.6572129726409912,slowfast_r50,hmdb51
Fellowship_5_jump_f_nm_np1_ba_bad_12,19,46,4,32,4,k4,False,0.2738593518733978,slowfast_r50,hmdb51
RATRACE_jump_f_cm_np1_ba_bad_3,19,49,4,32,4,k4,False,0.48967817425727844,slowfast_r50,hmdb51
le_parkour_kl_jump_l_nm_np1_ri_bad_0,19,91,4,32,4,k4,False,0.09842398762702942,slowfast_r50,hmdb51
le_parkour_kl_jump_f_nm_np1_le_bad_3,19,68,4,32,4,k4,True,0.9074706435203552,slowfast_r50,hmdb51
St__Louis_Goalkeeping__Academy_elite_training_jump_f_nm_np1_ri_bad_0,19,60,4,32,4,k4,True,0.8994355201721191,slowfast_r50,hmdb51
THE_PROTECTOR_kick_f_cm_np1_fr_bad_53,20,23,4,32,4,k4,False,0.5669687390327454,slowfast_r50,hmdb51
THE_PROTECTOR_kick_f_cm_np1_fr_med_48,20,45,4,32,4,k4,True,0.7388261556625366,slowfast_r50,hmdb51
kick__Best_CHUCK_NORRIS_kick_to_the_nuts!_kick_f_cm_np1_fr_med_1,20,43,4,32,4,k4,False,0.6826168894767761,slowfast_r50,hmdb51
kick__Best_fight_scene_of_all_time_kick_f_cm_np1_ba_bad_11,20,38,4,32,4,k4,False,0.35292327404022217,slowfast_r50,hmdb51
The_Matrix_3_kick_f_nm_np1_le_med_1,20,52,4,32,4,k4,False,0.40329283475875854,slowfast_r50,hmdb51
kick__Best_CHUCK_NORRIS_kick_to_the_nuts!_kick_f_cm_np1_ba_goo_0,20,40,4,32,4,k4,False,0.5077569484710693,slowfast_r50,hmdb51
The_Matrix_3_kick_f_cm_np1_fr_med_5,20,52,4,32,4,k4,False,0.9891678094863892,slowfast_r50,hmdb51
The_Matrix_2_kick_f_cm_np1_ri_med_5,20,61,4,32,4,k4,False,0.42382311820983887,slowfast_r50,hmdb51
kick__Best_fight_scene_of_all_time_kick_f_cm_np1_le_bad_9,20,47,4,32,4,k4,False,0.9906315803527832,slowfast_r50,hmdb51
KUNG_FU_HUSTLE_kick_f_cm_np1_fr_bad_9,20,53,4,32,4,k4,False,0.48375368118286133,slowfast_r50,hmdb51
THE_PROTECTOR_kick_f_nm_np1_ba_med_77,20,45,4,32,4,k4,False,0.5270060300827026,slowfast_r50,hmdb51
kick__Baddest_Fight_Scenes_EVER!_-_Kickboxer_-_Part_1_of_2_kick_u_cm_np1_ri_med_12,20,38,4,32,4,k4,True,0.5525141358375549,slowfast_r50,hmdb51
The_Matrix_Revolutions_6_kick_f_cm_np1_ba_med_7,20,38,4,32,4,k4,False,0.3581406772136688,slowfast_r50,hmdb51
RushHour2_kick_l_cm_np1_le_med_2,20,48,4,32,4,k4,False,0.7039920091629028,slowfast_r50,hmdb51
KUNG_FU_HUSTLE_kick_u_cm_np1_fr_med_11,20,47,4,32,4,k4,False,0.3021162748336792,slowfast_r50,hmdb51
The_Matrix_5_kick_f_cm_np1_le_med_13,20,46,4,32,4,k4,False,0.9654269218444824,slowfast_r50,hmdb51
kick__Baddest_Fight_Scenes_EVER!_-_Kickboxer_-_Part_1_of_2_kick_f_cm_np1_fr_med_0,20,37,4,32,4,k4,True,0.7439403533935547,slowfast_r50,hmdb51
American_History_X_kick_l_cm_np1_le_med_33,20,84,4,32,4,k4,False,0.36943507194519043,slowfast_r50,hmdb51
Pirates_6_kick_f_nm_np1_fr_bad_7,20,47,4,32,4,k4,False,0.6366977691650391,slowfast_r50,hmdb51
funny_soccer_commercial_kick_ball_f_cm_np1_fr_med_0,21,48,4,32,4,k4,True,0.6133895516395569,slowfast_r50,hmdb51
Ribery_Torwandschiessen_Sportstudio_kick_ball_l_nm_np1_ba_med_6,21,76,4,32,4,k4,True,0.5840830206871033,slowfast_r50,hmdb51
Banned_Commercials_-_Nike_-_Soccer_vs_ninjas_kick_ball_f_nm_np1_fr_goo_1,21,52,4,32,4,k4,True,0.9997970461845398,slowfast_r50,hmdb51
Dhan_Dhana_Dhan_Goal_(2007)_w__Eng_Sub_-_Watch_Online_-_4_16_kick_ball_f_cm_np1_fr_goo_3,21,79,4,32,4,k4,False,0.6489339470863342,slowfast_r50,hmdb51
Banned_Commercials_-_Nike_-_Soccer_vs_ninjas_kick_ball_f_nm_np1_fr_goo_0,21,49,4,32,4,k4,True,0.400077760219574,slowfast_r50,hmdb51
Dhan_Dhana_Dhan_Goal_(2007)_w__Eng_Sub_-_Watch_Online_-_3_16_kick_ball_f_cm_np1_fr_med_1,21,42,4,32,4,k4,False,0.659639835357666,slowfast_r50,hmdb51
Britney_Spears_-_Comercial_Pepsi_soccer_kick_ball_f_nm_np1_fr_med_2,21,43,4,32,4,k4,True,0.9203281402587891,slowfast_r50,hmdb51
GOAL_2_living_the_dream_movie_part_9_kick_ball_f_cm_np1_fr_med_0,21,66,4,32,4,k4,False,0.6344314217567444,slowfast_r50,hmdb51
Goal_1_&_2_kick_ball_f_cm_np1_fr_goo_2,21,40,4,32,4,k4,False,0.6631202697753906,slowfast_r50,hmdb51
Manchester_United_vs_Chelsea_Champion_League_final_2008_penalty_shootout_kick_ball_f_nm_np1_ba_bad_0,21,53,4,32,4,k4,True,0.7101584672927856,slowfast_r50,hmdb51
Eine_andere_Liga_(10_10)_kick_ball_f_cm_np1_fr_med_1,21,86,4,32,4,k4,True,0.9683734774589539,slowfast_r50,hmdb51
How_to_Shoot_Penalty_Kicks_kick_ball_f_cm_np1_ba_bad_4,21,41,4,32,4,k4,False,0.9737052321434021,slowfast_r50,hmdb51
How_to_kick_a_soccer_ball_the_right_way_kick_ball_l_nm_np1_ba_bad_0,21,60,4,32,4,k4,False,0.91962069272995,slowfast_r50,hmdb51
DWK_1_-_Der_ganze_Film_(Part_8_9)_kick_ball_f_cm_np1_ba_goo_0,21,83,4,32,4,k4,True,0.5687001943588257,slowfast_r50,hmdb51
Dhan_Dhana_Dhan_Goal_(2007)_w__Eng_Sub_-_Watch_Online_-_4_16_kick_ball_f_cm_np1_ri_goo_0,21,94,4,32,4,k4,False,0.5528121590614319,slowfast_r50,hmdb51
How_to_Shoot_Penalty_Kicks_kick_ball_f_cm_np1_ba_bad_1,21,47,4,32,4,k4,False,0.9915323853492737,slowfast_r50,hmdb51
Banned_Commercials_-_Nike_-_Soccer_vs_ninjas_kick_ball_f_nm_np1_fr_med_8,21,49,4,32,4,k4,True,0.41926026344299316,slowfast_r50,hmdb51
Mean_Machine_2001_(Part_9)_kick_ball_f_cm_np3_ri_med_1,21,47,4,32,4,k4,True,0.9569294452667236,slowfast_r50,hmdb51
Lattenknaller_-_M_nner_wie_wir_(Teil_11)_kick_ball_f_cm_np1_fr_goo_0,21,60,4,32,4,k4,False,0.5470182299613953,slowfast_r50,hmdb51
TVs_Best_Kisses_Top_50_(30_to_21)_kiss_h_nm_np2_le_goo_4,22,152,4,32,4,k4,True,1.0,slowfast_r50,hmdb51
Best_Kisses_in_TV_Movies_1_3_kiss_u_cm_np2_le_goo_8,22,210,4,32,4,k4,True,0.9999349117279053,slowfast_r50,hmdb51
My_Gymnastics_Outside_flic_flac_f_cm_np1_le_med_0,14,42,8,32,8,k8,False,0.9909862875938416,slowfast_r50,hmdb51
Paula_Creamer_-_Sybase_Classic_2009_golf_f_cm_np1_fr_med_0,15,79,8,32,8,k8,False,0.830845296382904,slowfast_r50,hmdb51
rory_hie_high_school__now_USC_golf_f_nm_np1_ri_goo_0,15,85,8,32,8,k8,False,0.5640126466751099,slowfast_r50,hmdb51
Probably_the_best_golf_shot_in_the_world_ever!!!_golf_f_cm_np1_ba_med_0,15,79,8,32,8,k8,False,0.6880128979682922,slowfast_r50,hmdb51
Rate_my_golf_swing__driver_and_9_iron_golf_f_cm_np1_ri_med_0,15,93,8,32,8,k8,False,0.9509414434432983,slowfast_r50,hmdb51
Jim_Furyk_Impression_golf_f_cm_np1_ri_med_0,15,78,8,32,8,k8,False,0.925866425037384,slowfast_r50,hmdb51
Angel_Cabrera_s_Golf_Swing_golf_f_cm_np1_ri_med_0,15,79,8,32,8,k8,False,0.8013674020767212,slowfast_r50,hmdb51
Ben_Hogan_Swing_golf_f_nm_np1_ri_med_2,15,79,8,32,8,k8,False,0.6726685166358948,slowfast_r50,hmdb51
Michelle_Wie__Golf_Swing_golf_f_cm_np1_fr_med_0,15,79,8,32,8,k8,False,0.9806368947029114,slowfast_r50,hmdb51
bri_vega_golf_f_cm_np1_fr_med_0,15,78,8,32,8,k8,False,0.8716042041778564,slowfast_r50,hmdb51
Jordan_Malinoff_and__Anthony_Kim_Practice_golf_f_cm_np1_fr_med_0,15,111,8,32,8,k8,False,0.9967747330665588,slowfast_r50,hmdb51
Steve_Elkington_1995_PGA_golf_f_cm_np1_ri_med_0,15,71,8,32,8,k8,False,0.8143052458763123,slowfast_r50,hmdb51
Mike_Weir_golf_f_cm_np1_fr_med_1,15,79,8,32,8,k8,True,0.5153148770332336,slowfast_r50,hmdb51
Michael_Campbell_rub_of_the_green_golf_f_cm_np1_fr_med_0,15,79,8,32,8,k8,False,0.9606935381889343,slowfast_r50,hmdb51
Jordan_Malinoff_and__Anthony_Kim_Practice_golf_f_cm_np1_ri_med_7,15,78,8,32,8,k8,False,0.7694485187530518,slowfast_r50,hmdb51
golf_golf_f_nm_np1_ri_goo_0,15,91,8,32,8,k8,True,0.7477198839187622,slowfast_r50,hmdb51
handstands_1_handstand_f_cm_np1_le_med_3,16,80,8,32,8,k8,True,0.9885615706443787,slowfast_r50,hmdb51
handstand_tutorial___how_to_do_a_handstand_basic_breakdance_handstand_f_nm_np1_ri_med_0,16,80,8,32,8,k8,False,0.9884679913520813,slowfast_r50,hmdb51
Handstand_tutorial_3_handstand_f_nm_np1_le_med_0,16,78,8,32,8,k8,True,0.712813675403595,slowfast_r50,hmdb51
Health_handstand_f_cm_np1_ri_med_0,16,95,8,32,8,k8,False,0.7716423869132996,slowfast_r50,hmdb51
Gymnastic_handstand_handstand_f_nm_np1_le_med_1,16,79,8,32,8,k8,False,0.7133477330207825,slowfast_r50,hmdb51
Handstand_Competition_3_handstand_f_cm_np1_fr_med_8,16,76,8,32,8,k8,False,0.42346858978271484,slowfast_r50,hmdb51
Turnk_r_handstand_f_cm_np4_ba_med_3,16,91,8,32,8,k8,False,0.6386083960533142,slowfast_r50,hmdb51
Handstand_Tutorial_2_handstand_f_nm_np1_le_med_2,16,78,8,32,8,k8,True,0.5712032914161682,slowfast_r50,hmdb51
Zwei_hoffnungslose_Pflegef_lle_beim_Turnen(Part3)_handstand_f_cm_np1_ri_bad_0,16,97,8,32,8,k8,False,0.8969437479972839,slowfast_r50,hmdb51
parada_de_mao_tai_ton_lon_dominio_do_corpo_handstand_f_cm_np1_fr_med_0,16,79,8,32,8,k8,False,0.9659889936447144,slowfast_r50,hmdb51
hand_stand_handstand_f_cm_np1_ba_med_1,16,80,8,32,8,k8,False,0.7148196697235107,slowfast_r50,hmdb51
Bodenturnen_f_r_Anf_nger_handstand_f_cm_np1_ri_med_0,16,68,8,32,8,k8,True,0.334613561630249,slowfast_r50,hmdb51
Handstand_contest!_handstand_f_cm_np1_le_med_1,16,83,8,32,8,k8,False,0.9516581892967224,slowfast_r50,hmdb51
Outdoor-Turnen_handstand_f_cm_np1_fr_med_0,16,78,8,32,8,k8,True,0.9940775632858276,slowfast_r50,hmdb51
hand_stands_handstand_f_cm_np1_fr_med_0,16,81,8,32,8,k8,False,0.7097855806350708,slowfast_r50,hmdb51
Gymnastics_handstand_f_cm_np1_le_goo_1,16,78,8,32,8,k8,False,0.8593271374702454,slowfast_r50,hmdb51
EVOLUTION_hit_u_cm_np1_fr_bad_20,17,44,8,32,8,k8,False,0.5382455587387085,slowfast_r50,hmdb51
Wayne_Rooney_At_Home_Funny_Must_See_hit_u_nm_np1_fr_goo_0,17,196,8,32,8,k8,False,0.792378306388855,slowfast_r50,hmdb51
Mac_Smashing_hit_f_cm_np1_ri_bad_1,17,34,8,32,8,k8,True,0.9014496207237244,slowfast_r50,hmdb51
Einde_van_Opel_Kadett_hit_u_cm_np2_fr_bad_8,17,31,8,32,8,k8,True,0.9992997646331787,slowfast_r50,hmdb51
Baseball_Bat_V_S__Computer_Monitor_hit_f_cm_np1_ri_bad_0,17,29,8,32,8,k8,True,0.9995660185813904,slowfast_r50,hmdb51
SweeneyTodd_hit_u_nm_np1_fr_bad_2,17,49,8,32,8,k8,True,0.5694078207015991,slowfast_r50,hmdb51
Einde_van_Opel_Kadett_hit_f_cm_np1_ri_bad_9,17,34,8,32,8,k8,True,0.9913279414176941,slowfast_r50,hmdb51
Einde_van_Opel_Kadett_hit_u_cm_np1_fr_bad_1,17,35,8,32,8,k8,True,0.9998745918273926,slowfast_r50,hmdb51
KUNG_FU_HUSTLE_hit_u_nm_np1_fr_bad_17,17,53,8,32,8,k8,True,0.9986120462417603,slowfast_r50,hmdb51
TrumanShow_hit_u_cm_np1_ba_bad_33,17,47,8,32,8,k8,True,1.0,slowfast_r50,hmdb51
When_It_s_Nice_Out_hit_f_cm_np1_fr_bad_4,17,31,8,32,8,k8,True,0.9604224562644958,slowfast_r50,hmdb51
THE_PROTECTOR_hit_f_cm_np1_ba_bad_39,17,48,8,32,8,k8,False,0.7862293720245361,slowfast_r50,hmdb51
Collins_getting_hit_with_a_stick_on_the_head_hit_f_cm_np1_le_bad_4,17,44,8,32,8,k8,True,0.58115553855896,slowfast_r50,hmdb51
HARD_FACE_SLAP_COMPILATION_-_THE_FUNNIEST_FACE_SLAPS_EVER!!_-_Old_school_Vids_hit_u_cm_np1_ba_bad_1,17,41,8,32,8,k8,True,0.998670220375061,slowfast_r50,hmdb51
AmericanGangster_hit_h_cm_np1_ri_bad_63,17,24,8,32,8,k8,True,0.8718829154968262,slowfast_r50,hmdb51
Opel_vs_Vorschlaghammer_hit_u_cm_np1_ba_bad_4,17,34,8,32,8,k8,True,0.99533611536026,slowfast_r50,hmdb51
Drum_Beats_-_Drum_Beats-_Slow_Blues_hit_u_cm_np1_le_bad_1,17,33,8,32,8,k8,True,0.9999982118606567,slowfast_r50,hmdb51
Einde_van_Opel_Kadett_hit_f_cm_np1_ri_bad_5,17,31,8,32,8,k8,True,0.9973479509353638,slowfast_r50,hmdb51
Einde_van_Opel_Kadett_hit_f_cm_np1_le_bad_3,17,36,8,32,8,k8,True,0.9988351464271545,slowfast_r50,hmdb51
Free_Hugs_-_Gratis_umarmung_hug_u_cm_np2_le_med_10,18,70,8,32,8,k8,False,0.36458727717399597,slowfast_r50,hmdb51
Calins_gratuits_a_Paris_-_Free_Hugs_France_-_version_longue_hug_u_cm_np2_ba_med_21,18,61,8,32,8,k8,True,0.9875752329826355,slowfast_r50,hmdb51
-_FREE_HUGS_-_Abrazos_Gratis_www_abrazosgratis_org_hug_u_cm_np2_le_goo_12,18,67,8,32,8,k8,True,0.517811119556427,slowfast_r50,hmdb51
Calins_gratuits_a_Paris_-_Free_Hugs_France_-_version_longue_hug_u_cm_np2_le_med_16,18,68,8,32,8,k8,True,0.6189736127853394,slowfast_r50,hmdb51
Free_Hugs_-_Gratis_umarmung_hug_u_cm_np2_ba_med_17,18,66,8,32,8,k8,True,0.17224137485027313,slowfast_r50,hmdb51
veoh_harold_and_kumar_hug_f_cm_np2_le_med_7,18,76,8,32,8,k8,False,0.4041975736618042,slowfast_r50,hmdb51
Free_Hugs_-_Paris_www_calins-gratuits_com_hug_u_cm_np2_le_med_12,18,80,8,32,8,k8,True,0.9924949407577515,slowfast_r50,hmdb51
Free_Hugs_-_Gratis_umarmung_hug_u_cm_np2_le_med_1,18,80,8,32,8,k8,True,0.12879176437854767,slowfast_r50,hmdb51
Calins_gratuits_a_Paris_-_Free_Hugs_France_-_version_longue_hug_u_cm_np2_le_med_12,18,133,8,32,8,k8,True,0.1170903742313385,slowfast_r50,hmdb51
Free_Hugs_-_Gratis_umarmung_hug_u_cm_np2_le_med_8,18,38,8,32,8,k8,True,0.6658490300178528,slowfast_r50,hmdb51
Free_Hugs_-_Paris_www_calins-gratuits_com_hug_u_cm_np2_le_med_3,18,80,8,32,8,k8,False,0.225653275847435,slowfast_r50,hmdb51
Calins_gratuits_a_Paris_-_Free_Hugs_France_-_version_longue_hug_u_cm_np2_ba_med_19,18,54,8,32,8,k8,True,0.5979077816009521,slowfast_r50,hmdb51
Calins_gratuits_a_Paris_-_Free_Hugs_France_-_version_longue_hug_f_cm_np2_ba_med_2,18,67,8,32,8,k8,True,0.6923424005508423,slowfast_r50,hmdb51
American_Idol_Awards_Given_to_7_Winners_at_Walt_Disney_World_hug_u_cm_np2_ba_med_0,18,34,8,32,8,k8,False,0.4369390606880188,slowfast_r50,hmdb51
Free_Hugs_-_Medellin_hug_f_cm_np2_le_med_2,18,68,8,32,8,k8,False,0.7571681141853333,slowfast_r50,hmdb51
Free_Hugs_-_Paris_www_calins-gratuits_com_hug_u_cm_np2_le_med_7,18,81,8,32,8,k8,True,0.9665881991386414,slowfast_r50,hmdb51
Free_Hugs_-_Paris_www_calins-gratuits_com_hug_f_cm_np2_ba_med_8,18,80,8,32,8,k8,False,0.11015003174543381,slowfast_r50,hmdb51
Documentario_Le_Parkour_Londrina_jump_f_cm_np1_ba_bad_12,19,36,8,32,8,k8,True,0.8284766674041748,slowfast_r50,hmdb51
le_parkour_kl_jump_l_nm_np1_le_bad_1,19,50,8,32,8,k8,False,0.4873145818710327,slowfast_r50,hmdb51
Fellowship_7_jump_f_cm_np1_fr_bad_1,19,41,8,32,8,k8,True,0.24008795619010925,slowfast_r50,hmdb51
Goalkeeper_Felix_Schwake_jump_f_nm_np1_le_bad_7,19,61,8,32,8,k8,True,0.8700282573699951,slowfast_r50,hmdb51
NOVA_ELEGANTUNIVERSE1_jump_f_nm_np1_le_bad_4,19,74,8,32,8,k8,False,0.8267069458961487,slowfast_r50,hmdb51
St__Louis_Goalkeeping__Academy_elite_training_jump_f_nm_np1_ri_bad_14,19,52,8,32,8,k8,True,0.7682883143424988,slowfast_r50,hmdb51
IamLegend_jump_f_cm_np1_ba_bad_12,19,24,8,32,8,k8,False,0.17590682208538055,slowfast_r50,hmdb51
KUNG_FU_HUSTLE_jump_f_cm_np1_le_bad_57,19,53,8,32,8,k8,True,0.788368821144104,slowfast_r50,hmdb51
Documentario_Le_Parkour_Londrina_jump_f_nm_np1_le_bad_8,19,44,8,32,8,k8,True,0.9966151118278503,slowfast_r50,hmdb51
Sam_Cooksey_Goalkeeper_Training_jump_f_cm_np1_le_bad_3,19,52,8,32,8,k8,True,0.6646531820297241,slowfast_r50,hmdb51
KUNG_FU_HUSTLE_jump_f_nm_np1_fr_bad_46,19,51,8,32,8,k8,False,0.2573309540748596,slowfast_r50,hmdb51
BATMAN_BEGINS_jump_f_cm_np1_ri_med_18,19,48,8,32,8,k8,False,0.40883567929267883,slowfast_r50,hmdb51
St__Louis_Goalkeeping__Academy_elite_training_jump_f_nm_np1_le_bad_15,19,42,8,32,8,k8,True,0.6729592680931091,slowfast_r50,hmdb51
Fellowship_2_jump_f_nm_np1_ri_bad_8,19,38,8,32,8,k8,False,0.33035537600517273,slowfast_r50,hmdb51
Stadium_Plyometric_Workout_jump_f_cm_np1_ba_bad_7,19,36,8,32,8,k8,True,0.9967666864395142,slowfast_r50,hmdb51
Fellowship_5_jump_f_nm_np1_ba_bad_12,19,46,8,32,8,k8,False,0.41696277260780334,slowfast_r50,hmdb51
RATRACE_jump_f_cm_np1_ba_bad_3,19,49,8,32,8,k8,False,0.35789725184440613,slowfast_r50,hmdb51
le_parkour_kl_jump_l_nm_np1_ri_bad_0,19,91,8,32,8,k8,False,0.2946698069572449,slowfast_r50,hmdb51
le_parkour_kl_jump_f_nm_np1_le_bad_3,19,68,8,32,8,k8,True,0.7286938428878784,slowfast_r50,hmdb51
St__Louis_Goalkeeping__Academy_elite_training_jump_f_nm_np1_ri_bad_0,19,60,8,32,8,k8,True,0.9343861937522888,slowfast_r50,hmdb51
THE_PROTECTOR_kick_f_cm_np1_fr_bad_53,20,23,8,32,8,k8,False,0.2129160761833191,slowfast_r50,hmdb51
THE_PROTECTOR_kick_f_cm_np1_fr_med_48,20,45,8,32,8,k8,True,0.9678745269775391,slowfast_r50,hmdb51
kick__Best_CHUCK_NORRIS_kick_to_the_nuts!_kick_f_cm_np1_fr_med_1,20,43,8,32,8,k8,True,0.48084768652915955,slowfast_r50,hmdb51
kick__Best_fight_scene_of_all_time_kick_f_cm_np1_ba_bad_11,20,38,8,32,8,k8,False,0.7399582862854004,slowfast_r50,hmdb51
The_Matrix_3_kick_f_nm_np1_le_med_1,20,52,8,32,8,k8,False,0.1280229091644287,slowfast_r50,hmdb51
kick__Best_CHUCK_NORRIS_kick_to_the_nuts!_kick_f_cm_np1_ba_goo_0,20,40,8,32,8,k8,False,0.14677906036376953,slowfast_r50,hmdb51
The_Matrix_3_kick_f_cm_np1_fr_med_5,20,52,8,32,8,k8,False,0.9170552492141724,slowfast_r50,hmdb51
The_Matrix_2_kick_f_cm_np1_ri_med_5,20,61,8,32,8,k8,True,0.36246615648269653,slowfast_r50,hmdb51
kick__Best_fight_scene_of_all_time_kick_f_cm_np1_le_bad_9,20,47,8,32,8,k8,False,0.17993666231632233,slowfast_r50,hmdb51
KUNG_FU_HUSTLE_kick_f_cm_np1_fr_bad_9,20,53,8,32,8,k8,False,0.5289166569709778,slowfast_r50,hmdb51
THE_PROTECTOR_kick_f_nm_np1_ba_med_77,20,45,8,32,8,k8,False,0.5121075510978699,slowfast_r50,hmdb51
kick__Baddest_Fight_Scenes_EVER!_-_Kickboxer_-_Part_1_of_2_kick_u_cm_np1_ri_med_12,20,38,8,32,8,k8,False,0.28730881214141846,slowfast_r50,hmdb51
The_Matrix_Revolutions_6_kick_f_cm_np1_ba_med_7,20,38,8,32,8,k8,False,0.18484452366828918,slowfast_r50,hmdb51
RushHour2_kick_l_cm_np1_le_med_2,20,48,8,32,8,k8,False,0.9559130072593689,slowfast_r50,hmdb51
KUNG_FU_HUSTLE_kick_u_cm_np1_fr_med_11,20,47,8,32,8,k8,True,0.3736359477043152,slowfast_r50,hmdb51
The_Matrix_5_kick_f_cm_np1_le_med_13,20,46,8,32,8,k8,False,0.9642355442047119,slowfast_r50,hmdb51
kick__Baddest_Fight_Scenes_EVER!_-_Kickboxer_-_Part_1_of_2_kick_f_cm_np1_fr_med_0,20,37,8,32,8,k8,False,0.18428188562393188,slowfast_r50,hmdb51
American_History_X_kick_l_cm_np1_le_med_33,20,84,8,32,8,k8,False,0.5734681487083435,slowfast_r50,hmdb51
Pirates_6_kick_f_nm_np1_fr_bad_7,20,47,8,32,8,k8,False,0.47120609879493713,slowfast_r50,hmdb51
funny_soccer_commercial_kick_ball_f_cm_np1_fr_med_0,21,48,8,32,8,k8,False,0.787452757358551,slowfast_r50,hmdb51
Ribery_Torwandschiessen_Sportstudio_kick_ball_l_nm_np1_ba_med_6,21,76,8,32,8,k8,True,0.9279496073722839,slowfast_r50,hmdb51
Banned_Commercials_-_Nike_-_Soccer_vs_ninjas_kick_ball_f_nm_np1_fr_goo_1,21,52,8,32,8,k8,True,0.9823105335235596,slowfast_r50,hmdb51
Dhan_Dhana_Dhan_Goal_(2007)_w__Eng_Sub_-_Watch_Online_-_4_16_kick_ball_f_cm_np1_fr_goo_3,21,79,8,32,8,k8,False,0.5513246655464172,slowfast_r50,hmdb51
Banned_Commercials_-_Nike_-_Soccer_vs_ninjas_kick_ball_f_nm_np1_fr_goo_0,21,49,8,32,8,k8,True,0.6007810831069946,slowfast_r50,hmdb51
Dhan_Dhana_Dhan_Goal_(2007)_w__Eng_Sub_-_Watch_Online_-_3_16_kick_ball_f_cm_np1_fr_med_1,21,42,8,32,8,k8,False,0.9602704644203186,slowfast_r50,hmdb51
Britney_Spears_-_Comercial_Pepsi_soccer_kick_ball_f_nm_np1_fr_med_2,21,43,8,32,8,k8,True,0.8740544319152832,slowfast_r50,hmdb51
GOAL_2_living_the_dream_movie_part_9_kick_ball_f_cm_np1_fr_med_0,21,66,8,32,8,k8,False,0.9899829030036926,slowfast_r50,hmdb51
Goal_1_&_2_kick_ball_f_cm_np1_fr_goo_2,21,40,8,32,8,k8,False,0.7959005832672119,slowfast_r50,hmdb51
Manchester_United_vs_Chelsea_Champion_League_final_2008_penalty_shootout_kick_ball_f_nm_np1_ba_bad_0,21,53,8,32,8,k8,False,0.730834424495697,slowfast_r50,hmdb51
Eine_andere_Liga_(10_10)_kick_ball_f_cm_np1_fr_med_1,21,86,8,32,8,k8,True,0.5404149889945984,slowfast_r50,hmdb51
How_to_Shoot_Penalty_Kicks_kick_ball_f_cm_np1_ba_bad_4,21,41,8,32,8,k8,False,0.99770587682724,slowfast_r50,hmdb51
How_to_kick_a_soccer_ball_the_right_way_kick_ball_l_nm_np1_ba_bad_0,21,60,8,32,8,k8,False,0.9913716316223145,slowfast_r50,hmdb51
DWK_1_-_Der_ganze_Film_(Part_8_9)_kick_ball_f_cm_np1_ba_goo_0,21,83,8,32,8,k8,True,0.4555908143520355,slowfast_r50,hmdb51
Dhan_Dhana_Dhan_Goal_(2007)_w__Eng_Sub_-_Watch_Online_-_4_16_kick_ball_f_cm_np1_ri_goo_0,21,94,8,32,8,k8,False,0.4620830714702606,slowfast_r50,hmdb51
How_to_Shoot_Penalty_Kicks_kick_ball_f_cm_np1_ba_bad_1,21,47,8,32,8,k8,False,0.9974958300590515,slowfast_r50,hmdb51
Banned_Commercials_-_Nike_-_Soccer_vs_ninjas_kick_ball_f_nm_np1_fr_med_8,21,49,8,32,8,k8,True,0.7733913064002991,slowfast_r50,hmdb51
Mean_Machine_2001_(Part_9)_kick_ball_f_cm_np3_ri_med_1,21,47,8,32,8,k8,True,0.9587002396583557,slowfast_r50,hmdb51
Lattenknaller_-_M_nner_wie_wir_(Teil_11)_kick_ball_f_cm_np1_fr_goo_0,21,60,8,32,8,k8,False,0.48852089047431946,slowfast_r50,hmdb51
TVs_Best_Kisses_Top_50_(30_to_21)_kiss_h_nm_np2_le_goo_4,22,152,8,32,8,k8,True,0.9999957084655762,slowfast_r50,hmdb51
Best_Kisses_in_TV_Movies_1_3_kiss_u_cm_np2_le_goo_8,22,210,8,32,8,k8,True,0.9978577494621277,slowfast_r50,hmdb51
My_Gymnastics_Outside_flic_flac_f_cm_np1_le_med_0,14,42,16,32,16,k16,False,0.851003110408783,slowfast_r50,hmdb51
Paula_Creamer_-_Sybase_Classic_2009_golf_f_cm_np1_fr_med_0,15,79,16,32,16,k16,True,0.6520752906799316,slowfast_r50,hmdb51
rory_hie_high_school__now_USC_golf_f_nm_np1_ri_goo_0,15,85,16,32,16,k16,True,0.8588320016860962,slowfast_r50,hmdb51
Probably_the_best_golf_shot_in_the_world_ever!!!_golf_f_cm_np1_ba_med_0,15,79,16,32,16,k16,False,0.8332411646842957,slowfast_r50,hmdb51
Rate_my_golf_swing__driver_and_9_iron_golf_f_cm_np1_ri_med_0,15,93,16,32,16,k16,True,0.5821326971054077,slowfast_r50,hmdb51
Jim_Furyk_Impression_golf_f_cm_np1_ri_med_0,15,78,16,32,16,k16,True,0.8629341721534729,slowfast_r50,hmdb51
Angel_Cabrera_s_Golf_Swing_golf_f_cm_np1_ri_med_0,15,79,16,32,16,k16,True,0.6094631552696228,slowfast_r50,hmdb51
Ben_Hogan_Swing_golf_f_nm_np1_ri_med_2,15,79,16,32,16,k16,True,0.9560672044754028,slowfast_r50,hmdb51
Michelle_Wie__Golf_Swing_golf_f_cm_np1_fr_med_0,15,79,16,32,16,k16,False,0.6820365190505981,slowfast_r50,hmdb51
bri_vega_golf_f_cm_np1_fr_med_0,15,78,16,32,16,k16,True,0.7765679955482483,slowfast_r50,hmdb51
Jordan_Malinoff_and__Anthony_Kim_Practice_golf_f_cm_np1_fr_med_0,15,111,16,32,16,k16,False,0.9674679636955261,slowfast_r50,hmdb51
Steve_Elkington_1995_PGA_golf_f_cm_np1_ri_med_0,15,71,16,32,16,k16,True,0.5768617987632751,slowfast_r50,hmdb51
Mike_Weir_golf_f_cm_np1_fr_med_1,15,79,16,32,16,k16,True,0.9754329323768616,slowfast_r50,hmdb51
Michael_Campbell_rub_of_the_green_golf_f_cm_np1_fr_med_0,15,79,16,32,16,k16,False,0.9177954196929932,slowfast_r50,hmdb51
Jordan_Malinoff_and__Anthony_Kim_Practice_golf_f_cm_np1_ri_med_7,15,78,16,32,16,k16,True,0.9643408060073853,slowfast_r50,hmdb51
golf_golf_f_nm_np1_ri_goo_0,15,91,16,32,16,k16,True,0.9936723709106445,slowfast_r50,hmdb51
handstands_1_handstand_f_cm_np1_le_med_3,16,80,16,32,16,k16,True,0.9859272241592407,slowfast_r50,hmdb51
handstand_tutorial___how_to_do_a_handstand_basic_breakdance_handstand_f_nm_np1_ri_med_0,16,80,16,32,16,k16,True,0.9942589998245239,slowfast_r50,hmdb51
Handstand_tutorial_3_handstand_f_nm_np1_le_med_0,16,78,16,32,16,k16,True,0.9973102807998657,slowfast_r50,hmdb51
Health_handstand_f_cm_np1_ri_med_0,16,95,16,32,16,k16,True,0.6310691833496094,slowfast_r50,hmdb51
Gymnastic_handstand_handstand_f_nm_np1_le_med_1,16,79,16,32,16,k16,True,0.9985635876655579,slowfast_r50,hmdb51
Handstand_Competition_3_handstand_f_cm_np1_fr_med_8,16,76,16,32,16,k16,True,0.9520569443702698,slowfast_r50,hmdb51
Turnk_r_handstand_f_cm_np4_ba_med_3,16,91,16,32,16,k16,True,0.2813566029071808,slowfast_r50,hmdb51
Handstand_Tutorial_2_handstand_f_nm_np1_le_med_2,16,78,16,32,16,k16,True,0.9996408224105835,slowfast_r50,hmdb51
Zwei_hoffnungslose_Pflegef_lle_beim_Turnen(Part3)_handstand_f_cm_np1_ri_bad_0,16,97,16,32,16,k16,False,0.7206435203552246,slowfast_r50,hmdb51
parada_de_mao_tai_ton_lon_dominio_do_corpo_handstand_f_cm_np1_fr_med_0,16,79,16,32,16,k16,False,0.5780619382858276,slowfast_r50,hmdb51
hand_stand_handstand_f_cm_np1_ba_med_1,16,80,16,32,16,k16,True,0.8543490171432495,slowfast_r50,hmdb51
Bodenturnen_f_r_Anf_nger_handstand_f_cm_np1_ri_med_0,16,68,16,32,16,k16,True,0.8402929902076721,slowfast_r50,hmdb51
Handstand_contest!_handstand_f_cm_np1_le_med_1,16,83,16,32,16,k16,True,0.9984392523765564,slowfast_r50,hmdb51
Outdoor-Turnen_handstand_f_cm_np1_fr_med_0,16,78,16,32,16,k16,True,0.9959933757781982,slowfast_r50,hmdb51
hand_stands_handstand_f_cm_np1_fr_med_0,16,81,16,32,16,k16,True,0.5594549775123596,slowfast_r50,hmdb51
Gymnastics_handstand_f_cm_np1_le_goo_1,16,78,16,32,16,k16,False,0.6340604424476624,slowfast_r50,hmdb51
EVOLUTION_hit_u_cm_np1_fr_bad_20,17,44,16,32,16,k16,False,0.5642903447151184,slowfast_r50,hmdb51
Wayne_Rooney_At_Home_Funny_Must_See_hit_u_nm_np1_fr_goo_0,17,196,16,32,16,k16,False,0.3430774509906769,slowfast_r50,hmdb51
Mac_Smashing_hit_f_cm_np1_ri_bad_1,17,34,16,32,16,k16,True,0.9104909300804138,slowfast_r50,hmdb51
Einde_van_Opel_Kadett_hit_u_cm_np2_fr_bad_8,17,31,16,32,16,k16,True,0.9997442364692688,slowfast_r50,hmdb51
Baseball_Bat_V_S__Computer_Monitor_hit_f_cm_np1_ri_bad_0,17,29,16,32,16,k16,True,0.9983808994293213,slowfast_r50,hmdb51
SweeneyTodd_hit_u_nm_np1_fr_bad_2,17,49,16,32,16,k16,True,0.16293922066688538,slowfast_r50,hmdb51
Einde_van_Opel_Kadett_hit_f_cm_np1_ri_bad_9,17,34,16,32,16,k16,True,0.9956849813461304,slowfast_r50,hmdb51
Einde_van_Opel_Kadett_hit_u_cm_np1_fr_bad_1,17,35,16,32,16,k16,True,0.9999191761016846,slowfast_r50,hmdb51
KUNG_FU_HUSTLE_hit_u_nm_np1_fr_bad_17,17,53,16,32,16,k16,True,0.9986214637756348,slowfast_r50,hmdb51
TrumanShow_hit_u_cm_np1_ba_bad_33,17,47,16,32,16,k16,True,1.0,slowfast_r50,hmdb51
When_It_s_Nice_Out_hit_f_cm_np1_fr_bad_4,17,31,16,32,16,k16,True,0.9940775632858276,slowfast_r50,hmdb51
THE_PROTECTOR_hit_f_cm_np1_ba_bad_39,17,48,16,32,16,k16,False,0.9995469450950623,slowfast_r50,hmdb51
Collins_getting_hit_with_a_stick_on_the_head_hit_f_cm_np1_le_bad_4,17,44,16,32,16,k16,True,0.927481472492218,slowfast_r50,hmdb51
HARD_FACE_SLAP_COMPILATION_-_THE_FUNNIEST_FACE_SLAPS_EVER!!_-_Old_school_Vids_hit_u_cm_np1_ba_bad_1,17,41,16,32,16,k16,True,0.9997890591621399,slowfast_r50,hmdb51
AmericanGangster_hit_h_cm_np1_ri_bad_63,17,24,16,32,16,k16,False,0.4259110689163208,slowfast_r50,hmdb51
Opel_vs_Vorschlaghammer_hit_u_cm_np1_ba_bad_4,17,34,16,32,16,k16,True,0.9625174403190613,slowfast_r50,hmdb51
Drum_Beats_-_Drum_Beats-_Slow_Blues_hit_u_cm_np1_le_bad_1,17,33,16,32,16,k16,True,0.9999324083328247,slowfast_r50,hmdb51
Einde_van_Opel_Kadett_hit_f_cm_np1_ri_bad_5,17,31,16,32,16,k16,True,0.9971879124641418,slowfast_r50,hmdb51
Einde_van_Opel_Kadett_hit_f_cm_np1_le_bad_3,17,36,16,32,16,k16,True,0.9989633560180664,slowfast_r50,hmdb51
Free_Hugs_-_Gratis_umarmung_hug_u_cm_np2_le_med_10,18,70,16,32,16,k16,True,0.7823370099067688,slowfast_r50,hmdb51
Calins_gratuits_a_Paris_-_Free_Hugs_France_-_version_longue_hug_u_cm_np2_ba_med_21,18,61,16,32,16,k16,True,0.9999356269836426,slowfast_r50,hmdb51
-_FREE_HUGS_-_Abrazos_Gratis_www_abrazosgratis_org_hug_u_cm_np2_le_goo_12,18,67,16,32,16,k16,True,0.9768754243850708,slowfast_r50,hmdb51
Calins_gratuits_a_Paris_-_Free_Hugs_France_-_version_longue_hug_u_cm_np2_le_med_16,18,68,16,32,16,k16,True,0.9795495867729187,slowfast_r50,hmdb51
Free_Hugs_-_Gratis_umarmung_hug_u_cm_np2_ba_med_17,18,66,16,32,16,k16,True,0.9579475522041321,slowfast_r50,hmdb51
veoh_harold_and_kumar_hug_f_cm_np2_le_med_7,18,76,16,32,16,k16,False,0.6080816388130188,slowfast_r50,hmdb51
Free_Hugs_-_Paris_www_calins-gratuits_com_hug_u_cm_np2_le_med_12,18,80,16,32,16,k16,True,0.9999388456344604,slowfast_r50,hmdb51
Free_Hugs_-_Gratis_umarmung_hug_u_cm_np2_le_med_1,18,80,16,32,16,k16,True,0.9164925813674927,slowfast_r50,hmdb51
Calins_gratuits_a_Paris_-_Free_Hugs_France_-_version_longue_hug_u_cm_np2_le_med_12,18,133,16,32,16,k16,True,0.8948110342025757,slowfast_r50,hmdb51
Free_Hugs_-_Gratis_umarmung_hug_u_cm_np2_le_med_8,18,38,16,32,16,k16,True,0.9949808716773987,slowfast_r50,hmdb51
Free_Hugs_-_Paris_www_calins-gratuits_com_hug_u_cm_np2_le_med_3,18,80,16,32,16,k16,True,0.5785701870918274,slowfast_r50,hmdb51
Calins_gratuits_a_Paris_-_Free_Hugs_France_-_version_longue_hug_u_cm_np2_ba_med_19,18,54,16,32,16,k16,True,0.9981942772865295,slowfast_r50,hmdb51
Calins_gratuits_a_Paris_-_Free_Hugs_France_-_version_longue_hug_f_cm_np2_ba_med_2,18,67,16,32,16,k16,True,0.8629830479621887,slowfast_r50,hmdb51
American_Idol_Awards_Given_to_7_Winners_at_Walt_Disney_World_hug_u_cm_np2_ba_med_0,18,34,16,32,16,k16,True,0.9437171220779419,slowfast_r50,hmdb51
Free_Hugs_-_Medellin_hug_f_cm_np2_le_med_2,18,68,16,32,16,k16,True,0.9139766097068787,slowfast_r50,hmdb51
Free_Hugs_-_Paris_www_calins-gratuits_com_hug_u_cm_np2_le_med_7,18,81,16,32,16,k16,True,0.9999891519546509,slowfast_r50,hmdb51
Free_Hugs_-_Paris_www_calins-gratuits_com_hug_f_cm_np2_ba_med_8,18,80,16,32,16,k16,True,0.47440817952156067,slowfast_r50,hmdb51
Documentario_Le_Parkour_Londrina_jump_f_cm_np1_ba_bad_12,19,36,16,32,16,k16,True,0.956107497215271,slowfast_r50,hmdb51
le_parkour_kl_jump_l_nm_np1_le_bad_1,19,50,16,32,16,k16,True,0.8353299498558044,slowfast_r50,hmdb51
Fellowship_7_jump_f_cm_np1_fr_bad_1,19,41,16,32,16,k16,False,0.28171586990356445,slowfast_r50,hmdb51
Goalkeeper_Felix_Schwake_jump_f_nm_np1_le_bad_7,19,61,16,32,16,k16,True,0.9823289513587952,slowfast_r50,hmdb51
NOVA_ELEGANTUNIVERSE1_jump_f_nm_np1_le_bad_4,19,74,16,32,16,k16,True,0.9878118634223938,slowfast_r50,hmdb51
St__Louis_Goalkeeping__Academy_elite_training_jump_f_nm_np1_ri_bad_14,19,52,16,32,16,k16,True,0.9857426881790161,slowfast_r50,hmdb51
IamLegend_jump_f_cm_np1_ba_bad_12,19,24,16,32,16,k16,False,0.17674852907657623,slowfast_r50,hmdb51
KUNG_FU_HUSTLE_jump_f_cm_np1_le_bad_57,19,53,16,32,16,k16,True,0.9575251936912537,slowfast_r50,hmdb51
Documentario_Le_Parkour_Londrina_jump_f_nm_np1_le_bad_8,19,44,16,32,16,k16,True,0.9997864365577698,slowfast_r50,hmdb51
Sam_Cooksey_Goalkeeper_Training_jump_f_cm_np1_le_bad_3,19,52,16,32,16,k16,True,0.9538697600364685,slowfast_r50,hmdb51
KUNG_FU_HUSTLE_jump_f_nm_np1_fr_bad_46,19,51,16,32,16,k16,False,0.4979199171066284,slowfast_r50,hmdb51
BATMAN_BEGINS_jump_f_cm_np1_ri_med_18,19,48,16,32,16,k16,False,0.9369862079620361,slowfast_r50,hmdb51
St__Louis_Goalkeeping__Academy_elite_training_jump_f_nm_np1_le_bad_15,19,42,16,32,16,k16,True,0.9414771199226379,slowfast_r50,hmdb51
Fellowship_2_jump_f_nm_np1_ri_bad_8,19,38,16,32,16,k16,True,0.8993988037109375,slowfast_r50,hmdb51
Stadium_Plyometric_Workout_jump_f_cm_np1_ba_bad_7,19,36,16,32,16,k16,True,0.9999265670776367,slowfast_r50,hmdb51
Fellowship_5_jump_f_nm_np1_ba_bad_12,19,46,16,32,16,k16,True,0.8659085631370544,slowfast_r50,hmdb51
RATRACE_jump_f_cm_np1_ba_bad_3,19,49,16,32,16,k16,False,0.23464585840702057,slowfast_r50,hmdb51
le_parkour_kl_jump_l_nm_np1_ri_bad_0,19,91,16,32,16,k16,True,0.5319947004318237,slowfast_r50,hmdb51
le_parkour_kl_jump_f_nm_np1_le_bad_3,19,68,16,32,16,k16,True,0.9416736960411072,slowfast_r50,hmdb51
St__Louis_Goalkeeping__Academy_elite_training_jump_f_nm_np1_ri_bad_0,19,60,16,32,16,k16,True,0.9949743747711182,slowfast_r50,hmdb51
THE_PROTECTOR_kick_f_cm_np1_fr_bad_53,20,23,16,32,16,k16,True,0.9182807207107544,slowfast_r50,hmdb51
THE_PROTECTOR_kick_f_cm_np1_fr_med_48,20,45,16,32,16,k16,True,0.9999964237213135,slowfast_r50,hmdb51
kick__Best_CHUCK_NORRIS_kick_to_the_nuts!_kick_f_cm_np1_fr_med_1,20,43,16,32,16,k16,True,0.9999513626098633,slowfast_r50,hmdb51
kick__Best_fight_scene_of_all_time_kick_f_cm_np1_ba_bad_11,20,38,16,32,16,k16,True,0.9593834280967712,slowfast_r50,hmdb51
The_Matrix_3_kick_f_nm_np1_le_med_1,20,52,16,32,16,k16,True,0.9218566417694092,slowfast_r50,hmdb51
kick__Best_CHUCK_NORRIS_kick_to_the_nuts!_kick_f_cm_np1_ba_goo_0,20,40,16,32,16,k16,True,0.9478166103363037,slowfast_r50,hmdb51
The_Matrix_3_kick_f_cm_np1_fr_med_5,20,52,16,32,16,k16,True,0.8211528658866882,slowfast_r50,hmdb51
The_Matrix_2_kick_f_cm_np1_ri_med_5,20,61,16,32,16,k16,True,0.9711002707481384,slowfast_r50,hmdb51
kick__Best_fight_scene_of_all_time_kick_f_cm_np1_le_bad_9,20,47,16,32,16,k16,True,0.996246874332428,slowfast_r50,hmdb51
KUNG_FU_HUSTLE_kick_f_cm_np1_fr_bad_9,20,53,16,32,16,k16,True,0.32093390822410583,slowfast_r50,hmdb51
THE_PROTECTOR_kick_f_nm_np1_ba_med_77,20,45,16,32,16,k16,True,0.4799073040485382,slowfast_r50,hmdb51
kick__Baddest_Fight_Scenes_EVER!_-_Kickboxer_-_Part_1_of_2_kick_u_cm_np1_ri_med_12,20,38,16,32,16,k16,True,0.9892324209213257,slowfast_r50,hmdb51
The_Matrix_Revolutions_6_kick_f_cm_np1_ba_med_7,20,38,16,32,16,k16,True,0.8960016965866089,slowfast_r50,hmdb51
RushHour2_kick_l_cm_np1_le_med_2,20,48,16,32,16,k16,True,0.6317998766899109,slowfast_r50,hmdb51
KUNG_FU_HUSTLE_kick_u_cm_np1_fr_med_11,20,47,16,32,16,k16,True,0.9998496770858765,slowfast_r50,hmdb51
The_Matrix_5_kick_f_cm_np1_le_med_13,20,46,16,32,16,k16,True,0.8031856417655945,slowfast_r50,hmdb51
kick__Baddest_Fight_Scenes_EVER!_-_Kickboxer_-_Part_1_of_2_kick_f_cm_np1_fr_med_0,20,37,16,32,16,k16,True,0.9682403802871704,slowfast_r50,hmdb51
American_History_X_kick_l_cm_np1_le_med_33,20,84,16,32,16,k16,False,0.7054263353347778,slowfast_r50,hmdb51
Pirates_6_kick_f_nm_np1_fr_bad_7,20,47,16,32,16,k16,False,0.6476374268531799,slowfast_r50,hmdb51
funny_soccer_commercial_kick_ball_f_cm_np1_fr_med_0,21,48,16,32,16,k16,True,0.4676796495914459,slowfast_r50,hmdb51
Ribery_Torwandschiessen_Sportstudio_kick_ball_l_nm_np1_ba_med_6,21,76,16,32,16,k16,True,0.9957221746444702,slowfast_r50,hmdb51
Banned_Commercials_-_Nike_-_Soccer_vs_ninjas_kick_ball_f_nm_np1_fr_goo_1,21,52,16,32,16,k16,True,0.9967708587646484,slowfast_r50,hmdb51
Dhan_Dhana_Dhan_Goal_(2007)_w__Eng_Sub_-_Watch_Online_-_4_16_kick_ball_f_cm_np1_fr_goo_3,21,79,16,32,16,k16,False,0.8351488709449768,slowfast_r50,hmdb51
Banned_Commercials_-_Nike_-_Soccer_vs_ninjas_kick_ball_f_nm_np1_fr_goo_0,21,49,16,32,16,k16,False,0.37604475021362305,slowfast_r50,hmdb51
Dhan_Dhana_Dhan_Goal_(2007)_w__Eng_Sub_-_Watch_Online_-_3_16_kick_ball_f_cm_np1_fr_med_1,21,42,16,32,16,k16,False,0.8293591737747192,slowfast_r50,hmdb51
Britney_Spears_-_Comercial_Pepsi_soccer_kick_ball_f_nm_np1_fr_med_2,21,43,16,32,16,k16,True,0.9986987113952637,slowfast_r50,hmdb51
GOAL_2_living_the_dream_movie_part_9_kick_ball_f_cm_np1_fr_med_0,21,66,16,32,16,k16,False,0.38674286007881165,slowfast_r50,hmdb51
Goal_1_&_2_kick_ball_f_cm_np1_fr_goo_2,21,40,16,32,16,k16,True,0.5289823412895203,slowfast_r50,hmdb51
Manchester_United_vs_Chelsea_Champion_League_final_2008_penalty_shootout_kick_ball_f_nm_np1_ba_bad_0,21,53,16,32,16,k16,False,0.6603509783744812,slowfast_r50,hmdb51
Eine_andere_Liga_(10_10)_kick_ball_f_cm_np1_fr_med_1,21,86,16,32,16,k16,True,0.9262307286262512,slowfast_r50,hmdb51
How_to_Shoot_Penalty_Kicks_kick_ball_f_cm_np1_ba_bad_4,21,41,16,32,16,k16,False,0.9487076997756958,slowfast_r50,hmdb51
How_to_kick_a_soccer_ball_the_right_way_kick_ball_l_nm_np1_ba_bad_0,21,60,16,32,16,k16,True,0.6068745851516724,slowfast_r50,hmdb51
DWK_1_-_Der_ganze_Film_(Part_8_9)_kick_ball_f_cm_np1_ba_goo_0,21,83,16,32,16,k16,True,0.9059164524078369,slowfast_r50,hmdb51
Dhan_Dhana_Dhan_Goal_(2007)_w__Eng_Sub_-_Watch_Online_-_4_16_kick_ball_f_cm_np1_ri_goo_0,21,94,16,32,16,k16,False,0.5396543145179749,slowfast_r50,hmdb51
How_to_Shoot_Penalty_Kicks_kick_ball_f_cm_np1_ba_bad_1,21,47,16,32,16,k16,False,0.9897518157958984,slowfast_r50,hmdb51
Banned_Commercials_-_Nike_-_Soccer_vs_ninjas_kick_ball_f_nm_np1_fr_med_8,21,49,16,32,16,k16,False,0.8337332010269165,slowfast_r50,hmdb51
Mean_Machine_2001_(Part_9)_kick_ball_f_cm_np3_ri_med_1,21,47,16,32,16,k16,True,0.9618328809738159,slowfast_r50,hmdb51
Lattenknaller_-_M_nner_wie_wir_(Teil_11)_kick_ball_f_cm_np1_fr_goo_0,21,60,16,32,16,k16,False,0.3968706727027893,slowfast_r50,hmdb51
TVs_Best_Kisses_Top_50_(30_to_21)_kiss_h_nm_np2_le_goo_4,22,152,16,32,16,k16,True,0.9999877214431763,slowfast_r50,hmdb51
Best_Kisses_in_TV_Movies_1_3_kiss_u_cm_np2_le_goo_8,22,210,16,32,16,k16,True,0.9997188448905945,slowfast_r50,hmdb51
TVs_Best_Kisses_Top_50-_(40_to_31)_kiss_h_cm_np2_le_goo_10,22,133,1,32,1,k1,True,0.9998175501823425,slowfast_r50,hmdb51
kiss_mix_kiss_f_cm_np2_le_med_1,22,149,1,32,1,k1,True,0.9974120259284973,slowfast_r50,hmdb51
TVs_Best_Kisses_Top_50-_(40_to_31)_kiss_u_nm_np2_le_goo_7,22,68,1,32,1,k1,True,0.9862061142921448,slowfast_r50,hmdb51
Hangingbyamomentfavoritekisses_kiss_u_cm_np2_ri_med_1,22,192,1,32,1,k1,True,0.9997124075889587,slowfast_r50,hmdb51
5GreatHollywoodKisses_kiss_u_nm_np2_ri_goo_2,22,276,1,32,1,k1,True,0.9974687099456787,slowfast_r50,hmdb51
Hangingbyamomentfavoritekisses_kiss_h_cm_np2_ri_goo_9,22,185,1,32,1,k1,True,0.9999994039535522,slowfast_r50,hmdb51
BestKisses_kiss_h_cm_np2_le_goo_8,22,86,1,32,1,k1,True,0.9999951124191284,slowfast_r50,hmdb51
Best_kisses_kiss_h_cm_np2_le_goo_2,22,168,1,32,1,k1,True,0.9501051902770996,slowfast_r50,hmdb51
5GreatHollywoodKisses_kiss_h_cm_np2_ri_goo_1,22,260,1,32,1,k1,True,0.9981232285499573,slowfast_r50,hmdb51
BestKisses_kiss_h_cm_np2_ri_goo_13,22,115,1,32,1,k1,True,0.9680419564247131,slowfast_r50,hmdb51
Best_Kisses_in_TV_Movies_1_3_kiss_h_cm_np2_le_goo_4,22,142,1,32,1,k1,True,0.8006273508071899,slowfast_r50,hmdb51
Best_kisses_kiss_h_nm_np2_le_goo_5,22,197,1,32,1,k1,True,0.9999988079071045,slowfast_r50,hmdb51
BestKisses_kiss_h_cm_np2_fr_goo_7,22,96,1,32,1,k1,True,0.9999784231185913,slowfast_r50,hmdb51
Prelinger_HabitPat1954_laugh_u_nm_np2_ri_med_21,23,127,1,32,1,k1,False,0.9875754117965698,slowfast_r50,hmdb51
Skype_Laughter_by_Hungary_laugh_h_nm_np2_fr_goo_1,23,197,1,32,1,k1,False,0.999854564666748,slowfast_r50,hmdb51
Skype_Laughter_Chain_laugh_h_cm_np1_fr_goo_14,23,136,1,32,1,k1,False,0.821469247341156,slowfast_r50,hmdb51
Best_Of_Skype_Laughter_Chain_laugh_h_nm_np2_fr_med_19,23,178,1,32,1,k1,False,0.994138240814209,slowfast_r50,hmdb51
Skype_Laughter_Chain_reaction_(-_laugh_u_nm_np2_ri_med_1,23,362,1,32,1,k1,False,0.9801598787307739,slowfast_r50,hmdb51
Italian_Job_1_laugh_h_nm_np1_fr_bad_1,23,61,1,32,1,k1,False,0.5867490768432617,slowfast_r50,hmdb51
Glory_laugh_h_nm_np1_fr_bad_4,23,88,1,32,1,k1,True,0.9290419816970825,slowfast_r50,hmdb51
laughing_out_her_brains_laugh_u_cm_np1_fr_med_3,23,181,1,32,1,k1,False,0.999777615070343,slowfast_r50,hmdb51
Skype_Laughter_Chain_laugh_h_cm_np1_fr_goo_6,23,302,1,32,1,k1,False,0.978477418422699,slowfast_r50,hmdb51
Can_t_stop_laughing_laugh_u_cm_np1_fr_goo_0,23,211,1,32,1,k1,False,0.793445885181427,slowfast_r50,hmdb51
Skype_Laughter_Chain_laugh_h_cm_np1_fr_goo_12,23,80,1,32,1,k1,False,0.11808779090642929,slowfast_r50,hmdb51
Skype_Laughter_Chain_Reaction_laugh_h_cm_np1_fr_goo_0,23,225,1,32,1,k1,False,0.9915068745613098,slowfast_r50,hmdb51
Best_Of_Skype_Laughter_Chain_laugh_h_nm_np1_fr_goo_13,23,115,1,32,1,k1,False,0.17171281576156616,slowfast_r50,hmdb51
Re-_Skype_Laughter_Chain_3_laugh_h_nm_np2_fr_med_0,23,184,1,32,1,k1,False,0.9999302625656128,slowfast_r50,hmdb51
Der_Lachsack___Laughing_Bag___keep_on_smiling_;0)_laugh_h_cm_np1_fr_med_1,23,175,1,32,1,k1,False,0.9986750483512878,slowfast_r50,hmdb51
best_laugh_attack_ever!_laugh_h_nm_np1_fr_goo_1,23,160,1,32,1,k1,False,0.9976879358291626,slowfast_r50,hmdb51
Crazy_Drunk_Girl_Laugh_laugh_h_cm_np1_fr_goo_0,23,148,1,32,1,k1,False,0.998506486415863,slowfast_r50,hmdb51
Best_Of_Skype_Laughter_Chain_laugh_h_nm_np1_fr_goo_12,23,100,1,32,1,k1,False,0.3759376108646393,slowfast_r50,hmdb51
Re-_skype_laughter_chain_2_laugh_h_nm_np2_fr_goo_1,23,260,1,32,1,k1,False,0.9980660080909729,slowfast_r50,hmdb51
Search_and_Identify_Golf_Ball_-_www_mulliganplus_com_pick_f_nm_np1_le_goo_0,24,166,1,32,1,k1,False,0.33919641375541687,slowfast_r50,hmdb51
Juno_pick_u_cm_np1_le_bad_9,24,105,1,32,1,k1,False,0.34078267216682434,slowfast_r50,hmdb51
Fishing_For_People_pick_f_cm_np2_ri_med_1,24,80,1,32,1,k1,True,0.0743025615811348,slowfast_r50,hmdb51
Wallet_Trick_pick_f_cm_np4_ri_med_0,24,80,1,32,1,k1,False,0.26862862706184387,slowfast_r50,hmdb51
Dollar_Prank_at_Wally_World_pick_f_nm_np1_le_med_2,24,80,1,32,1,k1,False,0.7155250906944275,slowfast_r50,hmdb51
Dollar_Prank_at_the_Rivertown_Mall_pick_f_nm_np1_fr_med_1,24,80,1,32,1,k1,True,0.33817970752716064,slowfast_r50,hmdb51
Pick_Up_The_Phone_pick_u_nm_np1_fr_med_0,24,80,1,32,1,k1,False,0.111483134329319,slowfast_r50,hmdb51
Die_Pfandpiraten_Doku_pick_f_cm_np1_ba_med_2,24,85,1,32,1,k1,False,0.16041557490825653,slowfast_r50,hmdb51
Wallet_Trick_pick_f_cm_np2_fr_bad_1,24,82,1,32,1,k1,False,0.16857050359249115,slowfast_r50,hmdb51
Wallet_Trick_pick_f_cm_np1_fr_bad_4,24,80,1,32,1,k1,False,0.08859269320964813,slowfast_r50,hmdb51
Torwarttraining_-_Impressionen_vom_1__FFC_Frankfurt_pick_f_cm_np1_fr_goo_3,24,53,1,32,1,k1,False,0.9416449069976807,slowfast_r50,hmdb51
ThePerfectScore_pick_u_nm_np1_ba_goo_3,24,51,1,32,1,k1,False,0.07037747651338577,slowfast_r50,hmdb51
ThreeStories_pick_u_cm_np1_ri_med_3,24,53,1,32,1,k1,False,0.9956771731376648,slowfast_r50,hmdb51
M_ll_sammeln_pick_f_cm_np1_fr_bad_0,24,108,1,32,1,k1,False,0.0537380650639534,slowfast_r50,hmdb51
Portemonnaie-Trick_Openair_Lumnezia_2008_Nr__2_pick_f_cm_np2_fr_med_0,24,84,1,32,1,k1,False,0.12690840661525726,slowfast_r50,hmdb51
The_Pomegranate_Martini_pour_u_nm_np1_fr_med_0,25,113,1,32,1,k1,True,0.627743124961853,slowfast_r50,hmdb51
Bottoms_Up_-_Bartending_Lesson__Licor_43_Dreamsicle_pour_u_nm_np2_fr_goo_0,25,230,1,32,1,k1,True,0.9630557894706726,slowfast_r50,hmdb51
Bar_Basics_-_How_to_Pour_Liquor_Accurately_by_Counting_pour_u_cm_np1_fr_med_2,25,68,1,32,1,k1,True,0.9682725667953491,slowfast_r50,hmdb51
Chinese_tea_ceremony_pour_u_cm_np1_fr_goo_0,25,112,1,32,1,k1,True,0.9990474581718445,slowfast_r50,hmdb51
Robin_and_the_magical_tea_pour_pour_u_cm_np1_fr_goo_0,25,240,1,32,1,k1,True,0.9989988207817078,slowfast_r50,hmdb51
Tea_in_Wudang_pour_u_nm_np1_fr_med_2,25,104,1,32,1,k1,True,0.5971507430076599,slowfast_r50,hmdb51
Traditional_chinese_tea_ceremony_pour_u_cm_np1_fr_goo_0,25,256,1,32,1,k1,False,0.638080894947052,slowfast_r50,hmdb51
New_Orleans__best_cocktails-_Hot_Buttered_Rum_pour_u_nm_np1_fr_med_1,25,173,1,32,1,k1,True,0.8933889865875244,slowfast_r50,hmdb51
Highball_Cocktail_Drink_Recipe_pour_u_nm_np1_fr_med_0,25,153,1,32,1,k1,True,0.8548778891563416,slowfast_r50,hmdb51
Bottoms_Up_-_Bartending_Lesson__The_Margarita!_pour_u_nm_np1_fr_goo_2,25,80,1,32,1,k1,True,0.9657126665115356,slowfast_r50,hmdb51
Bartender_of_America_Bartending_School_pour_u_cm_np1_fr_med_2,25,101,1,32,1,k1,True,0.9330575466156006,slowfast_r50,hmdb51
How_to_pour_beer_pour_u_nm_np1_fr_goo_0,25,1063,1,32,1,k1,True,0.47957104444503784,slowfast_r50,hmdb51
Gaiwan_tea_ceremony_pour_u_cm_np1_fr_med_1,25,217,1,32,1,k1,True,0.9320756196975708,slowfast_r50,hmdb51
Flaming_B52_Shot_Drink_pour_u_nm_np1_fr_med_1,25,427,1,32,1,k1,True,0.9949041604995728,slowfast_r50,hmdb51
Bartender_School_Students_Practice_pour_u_cm_np1_fr_med_2,25,88,1,32,1,k1,True,0.9830268025398254,slowfast_r50,hmdb51
46_Pull_ups_pullup_f_cm_np1_fr_bad_2,26,81,1,32,1,k1,False,0.16915778815746307,slowfast_r50,hmdb51
50_pull_ups_made_in_germany_pullup_f_nm_np1_le_med_2,26,80,1,32,1,k1,False,0.1601058542728424,slowfast_r50,hmdb51
Pull_ups-_77_for_8_minutes_without_rest_pullup_u_cm_np1_fr_bad_2,26,80,1,32,1,k1,True,0.29305097460746765,slowfast_r50,hmdb51
Pull-ups_+_Push_ups-_a_time-saving_workout_pullup_u_cm_np1_ri_med_2,26,80,1,32,1,k1,False,0.22148291766643524,slowfast_r50,hmdb51
Girl_does_12_pull-ups_pullup_u_cm_np1_ba_med_0,26,84,1,32,1,k1,False,0.6104658246040344,slowfast_r50,hmdb51
Eight_wide_grip_pull-ups_pullup_u_cm_np1_ba_med_1,26,88,1,32,1,k1,False,0.9479295611381531,slowfast_r50,hmdb51
20_good_form_pullups_pullup_f_nm_np1_ri_goo_0,26,81,1,32,1,k1,True,0.17844051122665405,slowfast_r50,hmdb51
12_Pull-ups_by_female_athlete_pullup_f_cm_np1_ba_med_2,26,80,1,32,1,k1,False,0.2458658069372177,slowfast_r50,hmdb51
Metaphysics_Pull_up_specialist_pullup_u_cm_np1_ba_med_1,26,82,1,32,1,k1,False,0.2475218027830124,slowfast_r50,hmdb51
22_Pull-ups_with_Speed_and_Perfect_Form_pullup_f_cm_np1_ba_med_0,26,79,1,32,1,k1,False,0.49991893768310547,slowfast_r50,hmdb51
Girl_does_12_pull-ups_pullup_u_cm_np1_ba_med_2,26,84,1,32,1,k1,False,0.8598810434341431,slowfast_r50,hmdb51
20_Pull_ups_at_160_15_1_2_inch_biceps_(_wide_grip_)_pullup_u_cm_np1_ba_med_2,26,81,1,32,1,k1,False,0.19859518110752106,slowfast_r50,hmdb51
46_Pull_ups_pullup_f_cm_np1_fr_bad_1,26,81,1,32,1,k1,False,0.08431638032197952,slowfast_r50,hmdb51
Random_Pull_Up_Exercises_pullup_f_nm_np1_ba_med_1,26,80,1,32,1,k1,False,0.1483621448278427,slowfast_r50,hmdb51
Pull_ups-_77_for_8_minutes_without_rest_pullup_u_cm_np1_fr_bad_0,26,80,1,32,1,k1,False,0.09974419325590134,slowfast_r50,hmdb51
The_Matrix_4_punch_u_nm_np1_fr_bad_3,27,41,1,32,1,k1,False,0.1416464000940323,slowfast_r50,hmdb51
Crash_punch_h_cm_np1_ri_med_18,27,36,1,32,1,k1,False,0.10543513298034668,slowfast_r50,hmdb51
50_FIRST_DATES_punch_f_nm_np1_ri_med_16,27,47,1,32,1,k1,False,0.18627187609672546,slowfast_r50,hmdb51
PracticingBoxingonaDoubleEndBag-LeadRightwithaHook_punch_u_nm_np1_fr_med_12,27,91,1,32,1,k1,True,0.9802080988883972,slowfast_r50,hmdb51
AdvancedBoxingTechniquesandExercises_punch_u_nm_np1_ri_med_20,27,62,1,32,1,k1,False,0.04063677787780762,slowfast_r50,hmdb51
Return_of_the_King_10_punch_u_cm_np1_ba_med_0,27,45,1,32,1,k1,False,0.27203187346458435,slowfast_r50,hmdb51
PracticingBoxingonaDoubleEndBag-LeadRightwithaHook_punch_u_nm_np1_fr_med_5,27,92,1,32,1,k1,True,0.9819170832633972,slowfast_r50,hmdb51
PracticingBoxingonaDoubleEndBag-LeadRightwithaHook_punch_u_nm_np1_fr_med_9,27,90,1,32,1,k1,True,0.5647498369216919,slowfast_r50,hmdb51
BoxingTipsHowtoMakeKnucklesStronger_punch_u_nm_np1_ri_goo_0,27,62,1,32,1,k1,True,0.9235302209854126,slowfast_r50,hmdb51
TheBoondockSaints_punch_f_cm_np1_ri_bad_36,27,49,1,32,1,k1,False,0.8523295521736145,slowfast_r50,hmdb51
Return_of_the_King_10_punch_u_cm_np1_ri_med_1,27,38,1,32,1,k1,False,0.7967257499694824,slowfast_r50,hmdb51
RETURN_OF_THE_KING_punch_u_cm_np1_ri_med_34,27,45,1,32,1,k1,False,0.8737210631370544,slowfast_r50,hmdb51
BeginnerKyokushinKarateTechniques_punch_f_nm_np2_fr_med_2,27,274,1,32,1,k1,True,0.9966624975204468,slowfast_r50,hmdb51
Italian_Job_4_punch_u_cm_np1_fr_med_1,27,57,1,32,1,k1,False,0.47243043780326843,slowfast_r50,hmdb51
kick__bruce_lee_v_s_japanese_punch_u_cm_np1_ri_bad_3,27,30,1,32,1,k1,False,0.6728646159172058,slowfast_r50,hmdb51
AdvancedBoxingTechniquesandExercises_punch_u_nm_np1_ba_med_5,27,80,1,32,1,k1,True,0.7303407788276672,slowfast_r50,hmdb51
The_Departed_-_Part_1_punch_h_cm_np1_fr_bad_3,27,49,1,32,1,k1,False,0.7850890159606934,slowfast_r50,hmdb51
TheBoondockSaints_punch_u_nm_np1_le_bad_37,27,24,1,32,1,k1,False,0.9858719706535339,slowfast_r50,hmdb51
cmd_pushing_box_2_push_f_cm_np1_ba_bad_1,28,79,1,32,1,k1,True,0.38327041268348694,slowfast_r50,hmdb51
pushing_cart_push_f_cm_np1_le_bad_1,28,82,1,32,1,k1,True,0.10868639498949051,slowfast_r50,hmdb51
Big_Bebe_walking_and_pushing_her_lion_in_a_box!_push_f_cm_np1_fr_bad_5,28,80,1,32,1,k1,False,0.09351740032434464,slowfast_r50,hmdb51
Davos_-_Anschieben_von_Michis_Auto_push_f_cm_np1_ri_med_1,28,81,1,32,1,k1,False,0.7499257326126099,slowfast_r50,hmdb51
pushing_blocks_push_f_nm_np1_le_bad_1,28,80,1,32,1,k1,False,0.11625097692012787,slowfast_r50,hmdb51
pushing_blocks_push_f_nm_np1_le_bad_2,28,80,1,32,1,k1,False,0.12434085458517075,slowfast_r50,hmdb51
Box_Pull_Push_push_f_cm_np1_ba_bad_2,28,80,1,32,1,k1,True,0.8846167325973511,slowfast_r50,hmdb51
Big_Bebe_walking_and_pushing_her_lion_in_a_box!_push_f_cm_np1_ba_bad_7,28,80,1,32,1,k1,False,0.505458414554596,slowfast_r50,hmdb51
Big_Bebe_walking_and_pushing_her_lion_in_a_box!_push_f_cm_np1_le_bad_6,28,80,1,32,1,k1,True,0.19998988509178162,slowfast_r50,hmdb51
Joshua_pushing_wagon_push_f_cm_np1_le_bad_0,28,71,1,32,1,k1,True,0.2412385642528534,slowfast_r50,hmdb51
Cross_Pushing_Table_push_f_cm_np1_ba_bad_2,28,84,1,32,1,k1,True,0.9325946569442749,slowfast_r50,hmdb51
Baby_Push_Cart_push_f_cm_np1_ri_bad_0,28,80,1,32,1,k1,True,0.20192883908748627,slowfast_r50,hmdb51
micah_pushing_wagon_push_f_cm_np1_le_bad_2,28,80,1,32,1,k1,True,0.927760660648346,slowfast_r50,hmdb51
Pushing_Music_Table_push_f_cm_np1_ba_bad_6,28,99,1,32,1,k1,True,0.6108863949775696,slowfast_r50,hmdb51
Davos_-_Anschieben_von_Michis_Auto_push_f_cm_np1_fr_bad_0,28,140,1,32,1,k1,False,0.07412613928318024,slowfast_r50,hmdb51
pushing_box_around_house_push_f_cm_np1_le_bad_3,28,101,1,32,1,k1,False,0.10915228724479675,slowfast_r50,hmdb51
pushing_box_around_house_push_f_cm_np1_le_med_2,28,67,1,32,1,k1,False,0.47903433442115784,slowfast_r50,hmdb51
Pushups_Workout__Push_Up_protein__Part_One_pushup_f_cm_np1_ri_bad_1,29,81,1,32,1,k1,False,0.14327113330364227,slowfast_r50,hmdb51
Push_Up_Workout_--_Do_100_Total_Pushups_In_A_Row_pushup_f_nm_np1_le_med_2,29,81,1,32,1,k1,False,0.4334205090999603,slowfast_r50,hmdb51
38_push-ups!_Not_bad_for_a_girl_pushup_f_cm_np2_fr_med_3,29,82,1,32,1,k1,False,0.3091714382171631,slowfast_r50,hmdb51
Push_Ups_1_pushup_f_nm_np1_le_med_1,29,80,1,32,1,k1,True,0.23607537150382996,slowfast_r50,hmdb51
Push_Up_Battle_pushup_u_cm_np2_le_bad_2,29,82,1,32,1,k1,False,0.4075120687484741,slowfast_r50,hmdb51
Push_Up_fitness_training_video_pushup_f_nm_np1_le_goo_0,29,105,1,32,1,k1,False,0.10477352887392044,slowfast_r50,hmdb51
Exercise_Clip_-_Push-up_Improvement_with_SGT_Ken_pushup_f_cm_np1_fr_med_1,29,80,1,32,1,k1,False,0.47397786378860474,slowfast_r50,hmdb51
Day_19__100_Pushups_a_Day_Challenge!_(_Break_Your_Rules_)_pushup_f_nm_np1_fr_goo_0,29,80,1,32,1,k1,True,0.5733166933059692,slowfast_r50,hmdb51
Push_Ups_1_pushup_f_nm_np1_le_med_0,29,80,1,32,1,k1,True,0.36964720487594604,slowfast_r50,hmdb51
100_push_ups_pushup_f_nm_np1_ri_med_1,29,82,1,32,1,k1,False,0.3780677616596222,slowfast_r50,hmdb51
pseudo_planche_pushups_pushup_u_nm_np1_ri_bad_0,29,84,1,32,1,k1,False,0.07510630041360855,slowfast_r50,hmdb51
PUSH_UP_pushup_u_cm_np1_ba_med_4,29,80,1,32,1,k1,False,0.7193573117256165,slowfast_r50,hmdb51
Chris_Comfort_s_Push_Up_Workout_Part_I_pushup_f_nm_np1_ri_goo_2,29,166,1,32,1,k1,False,0.09478501230478287,slowfast_r50,hmdb51
DC_Personal_Trainer_-_How_To_Do_A_Push-up_The_RIGHT_Way_pushup_f_nm_np1_ri_goo_0,29,106,1,32,1,k1,False,0.1009518951177597,slowfast_r50,hmdb51
push-up_or_shut_up_(IXK)_pushup_f_cm_np1_le_med_2,29,80,1,32,1,k1,True,0.09007145464420319,slowfast_r50,hmdb51
Yorki_Kassy_beim_Fahrrad_fahren_ride_bike_f_cm_np1_le_med_0,30,107,1,32,1,k1,True,0.9520312547683716,slowfast_r50,hmdb51
TVs_Best_Kisses_Top_50-_(40_to_31)_kiss_h_cm_np2_le_goo_10,22,133,2,32,2,k2,True,0.9999921321868896,slowfast_r50,hmdb51
kiss_mix_kiss_f_cm_np2_le_med_1,22,149,2,32,2,k2,True,0.9997598528862,slowfast_r50,hmdb51
TVs_Best_Kisses_Top_50-_(40_to_31)_kiss_u_nm_np2_le_goo_7,22,68,2,32,2,k2,True,0.9091286063194275,slowfast_r50,hmdb51
Hangingbyamomentfavoritekisses_kiss_u_cm_np2_ri_med_1,22,192,2,32,2,k2,True,0.9973878264427185,slowfast_r50,hmdb51
5GreatHollywoodKisses_kiss_u_nm_np2_ri_goo_2,22,276,2,32,2,k2,True,0.9964256882667542,slowfast_r50,hmdb51
Hangingbyamomentfavoritekisses_kiss_h_cm_np2_ri_goo_9,22,185,2,32,2,k2,True,0.9999974966049194,slowfast_r50,hmdb51
BestKisses_kiss_h_cm_np2_le_goo_8,22,86,2,32,2,k2,True,0.9999716281890869,slowfast_r50,hmdb51
Best_kisses_kiss_h_cm_np2_le_goo_2,22,168,2,32,2,k2,True,0.9927124977111816,slowfast_r50,hmdb51
5GreatHollywoodKisses_kiss_h_cm_np2_ri_goo_1,22,260,2,32,2,k2,True,0.9999897480010986,slowfast_r50,hmdb51
BestKisses_kiss_h_cm_np2_ri_goo_13,22,115,2,32,2,k2,True,0.7982349991798401,slowfast_r50,hmdb51
Best_Kisses_in_TV_Movies_1_3_kiss_h_cm_np2_le_goo_4,22,142,2,32,2,k2,True,0.9998251795768738,slowfast_r50,hmdb51
Best_kisses_kiss_h_nm_np2_le_goo_5,22,197,2,32,2,k2,True,0.9999948740005493,slowfast_r50,hmdb51
BestKisses_kiss_h_cm_np2_fr_goo_7,22,96,2,32,2,k2,True,0.9919084906578064,slowfast_r50,hmdb51
Prelinger_HabitPat1954_laugh_u_nm_np2_ri_med_21,23,127,2,32,2,k2,False,0.9957951307296753,slowfast_r50,hmdb51
Skype_Laughter_by_Hungary_laugh_h_nm_np2_fr_goo_1,23,197,2,32,2,k2,False,0.9665676951408386,slowfast_r50,hmdb51
Skype_Laughter_Chain_laugh_h_cm_np1_fr_goo_14,23,136,2,32,2,k2,False,0.6934841871261597,slowfast_r50,hmdb51
Best_Of_Skype_Laughter_Chain_laugh_h_nm_np2_fr_med_19,23,178,2,32,2,k2,False,0.8924875855445862,slowfast_r50,hmdb51
Skype_Laughter_Chain_reaction_(-_laugh_u_nm_np2_ri_med_1,23,362,2,32,2,k2,False,0.9196217060089111,slowfast_r50,hmdb51
Italian_Job_1_laugh_h_nm_np1_fr_bad_1,23,61,2,32,2,k2,False,0.4204612076282501,slowfast_r50,hmdb51
Glory_laugh_h_nm_np1_fr_bad_4,23,88,2,32,2,k2,True,0.7904808521270752,slowfast_r50,hmdb51
laughing_out_her_brains_laugh_u_cm_np1_fr_med_3,23,181,2,32,2,k2,False,0.9993752837181091,slowfast_r50,hmdb51
Skype_Laughter_Chain_laugh_h_cm_np1_fr_goo_6,23,302,2,32,2,k2,False,0.978477418422699,slowfast_r50,hmdb51
Can_t_stop_laughing_laugh_u_cm_np1_fr_goo_0,23,211,2,32,2,k2,False,0.9965259432792664,slowfast_r50,hmdb51
Skype_Laughter_Chain_laugh_h_cm_np1_fr_goo_12,23,80,2,32,2,k2,False,0.17794090509414673,slowfast_r50,hmdb51
Skype_Laughter_Chain_Reaction_laugh_h_cm_np1_fr_goo_0,23,225,2,32,2,k2,False,0.9943572878837585,slowfast_r50,hmdb51
Best_Of_Skype_Laughter_Chain_laugh_h_nm_np1_fr_goo_13,23,115,2,32,2,k2,True,0.26669827103614807,slowfast_r50,hmdb51
Re-_Skype_Laughter_Chain_3_laugh_h_nm_np2_fr_med_0,23,184,2,32,2,k2,False,0.9995019435882568,slowfast_r50,hmdb51
Der_Lachsack___Laughing_Bag___keep_on_smiling_;0)_laugh_h_cm_np1_fr_med_1,23,175,2,32,2,k2,False,0.4533574879169464,slowfast_r50,hmdb51
best_laugh_attack_ever!_laugh_h_nm_np1_fr_goo_1,23,160,2,32,2,k2,False,0.9982116222381592,slowfast_r50,hmdb51
Crazy_Drunk_Girl_Laugh_laugh_h_cm_np1_fr_goo_0,23,148,2,32,2,k2,False,0.9993950128555298,slowfast_r50,hmdb51
Best_Of_Skype_Laughter_Chain_laugh_h_nm_np1_fr_goo_12,23,100,2,32,2,k2,False,0.18676656484603882,slowfast_r50,hmdb51
Re-_skype_laughter_chain_2_laugh_h_nm_np2_fr_goo_1,23,260,2,32,2,k2,False,0.9997639060020447,slowfast_r50,hmdb51
Search_and_Identify_Golf_Ball_-_www_mulliganplus_com_pick_f_nm_np1_le_goo_0,24,166,2,32,2,k2,False,0.4508834779262543,slowfast_r50,hmdb51
Juno_pick_u_cm_np1_le_bad_9,24,105,2,32,2,k2,False,0.16574285924434662,slowfast_r50,hmdb51
Fishing_For_People_pick_f_cm_np2_ri_med_1,24,80,2,32,2,k2,False,0.17052897810935974,slowfast_r50,hmdb51
Wallet_Trick_pick_f_cm_np4_ri_med_0,24,80,2,32,2,k2,False,0.17206646502017975,slowfast_r50,hmdb51
Dollar_Prank_at_Wally_World_pick_f_nm_np1_le_med_2,24,80,2,32,2,k2,True,0.5310469269752502,slowfast_r50,hmdb51
Dollar_Prank_at_the_Rivertown_Mall_pick_f_nm_np1_fr_med_1,24,80,2,32,2,k2,True,0.18433120846748352,slowfast_r50,hmdb51
Pick_Up_The_Phone_pick_u_nm_np1_fr_med_0,24,80,2,32,2,k2,False,0.24210530519485474,slowfast_r50,hmdb51
Die_Pfandpiraten_Doku_pick_f_cm_np1_ba_med_2,24,85,2,32,2,k2,False,0.16041557490825653,slowfast_r50,hmdb51
Wallet_Trick_pick_f_cm_np2_fr_bad_1,24,82,2,32,2,k2,False,0.21966537833213806,slowfast_r50,hmdb51
Wallet_Trick_pick_f_cm_np1_fr_bad_4,24,80,2,32,2,k2,True,0.09835797548294067,slowfast_r50,hmdb51
Torwarttraining_-_Impressionen_vom_1__FFC_Frankfurt_pick_f_cm_np1_fr_goo_3,24,53,2,32,2,k2,False,0.9761213064193726,slowfast_r50,hmdb51
ThePerfectScore_pick_u_nm_np1_ba_goo_3,24,51,2,32,2,k2,False,0.08057025074958801,slowfast_r50,hmdb51
ThreeStories_pick_u_cm_np1_ri_med_3,24,53,2,32,2,k2,False,0.6242656111717224,slowfast_r50,hmdb51
M_ll_sammeln_pick_f_cm_np1_fr_bad_0,24,108,2,32,2,k2,False,0.05367128923535347,slowfast_r50,hmdb51
Portemonnaie-Trick_Openair_Lumnezia_2008_Nr__2_pick_f_cm_np2_fr_med_0,24,84,2,32,2,k2,False,0.15517312288284302,slowfast_r50,hmdb51
The_Pomegranate_Martini_pour_u_nm_np1_fr_med_0,25,113,2,32,2,k2,False,0.8150720000267029,slowfast_r50,hmdb51
Bottoms_Up_-_Bartending_Lesson__Licor_43_Dreamsicle_pour_u_nm_np2_fr_goo_0,25,230,2,32,2,k2,True,0.9818426370620728,slowfast_r50,hmdb51
Bar_Basics_-_How_to_Pour_Liquor_Accurately_by_Counting_pour_u_cm_np1_fr_med_2,25,68,2,32,2,k2,True,0.9794338345527649,slowfast_r50,hmdb51
Chinese_tea_ceremony_pour_u_cm_np1_fr_goo_0,25,112,2,32,2,k2,True,0.9989492297172546,slowfast_r50,hmdb51
Robin_and_the_magical_tea_pour_pour_u_cm_np1_fr_goo_0,25,240,2,32,2,k2,True,0.9985300302505493,slowfast_r50,hmdb51
Tea_in_Wudang_pour_u_nm_np1_fr_med_2,25,104,2,32,2,k2,True,0.8829799294471741,slowfast_r50,hmdb51
Traditional_chinese_tea_ceremony_pour_u_cm_np1_fr_goo_0,25,256,2,32,2,k2,True,0.43523794412612915,slowfast_r50,hmdb51
New_Orleans__best_cocktails-_Hot_Buttered_Rum_pour_u_nm_np1_fr_med_1,25,173,2,32,2,k2,True,0.9356259703636169,slowfast_r50,hmdb51
Highball_Cocktail_Drink_Recipe_pour_u_nm_np1_fr_med_0,25,153,2,32,2,k2,True,0.9879905581474304,slowfast_r50,hmdb51
Bottoms_Up_-_Bartending_Lesson__The_Margarita!_pour_u_nm_np1_fr_goo_2,25,80,2,32,2,k2,True,0.9970033764839172,slowfast_r50,hmdb51
Bartender_of_America_Bartending_School_pour_u_cm_np1_fr_med_2,25,101,2,32,2,k2,True,0.9917689561843872,slowfast_r50,hmdb51
How_to_pour_beer_pour_u_nm_np1_fr_goo_0,25,1063,2,32,2,k2,True,0.9744464755058289,slowfast_r50,hmdb51
Gaiwan_tea_ceremony_pour_u_cm_np1_fr_med_1,25,217,2,32,2,k2,True,0.9733946323394775,slowfast_r50,hmdb51
Flaming_B52_Shot_Drink_pour_u_nm_np1_fr_med_1,25,427,2,32,2,k2,True,0.9938791990280151,slowfast_r50,hmdb51
Bartender_School_Students_Practice_pour_u_cm_np1_fr_med_2,25,88,2,32,2,k2,True,0.9875342845916748,slowfast_r50,hmdb51
46_Pull_ups_pullup_f_cm_np1_fr_bad_2,26,81,2,32,2,k2,False,0.3278336524963379,slowfast_r50,hmdb51
50_pull_ups_made_in_germany_pullup_f_nm_np1_le_med_2,26,80,2,32,2,k2,False,0.7981102466583252,slowfast_r50,hmdb51
Pull_ups-_77_for_8_minutes_without_rest_pullup_u_cm_np1_fr_bad_2,26,80,2,32,2,k2,True,0.6373651623725891,slowfast_r50,hmdb51
Pull-ups_+_Push_ups-_a_time-saving_workout_pullup_u_cm_np1_ri_med_2,26,80,2,32,2,k2,False,0.21051596105098724,slowfast_r50,hmdb51
Girl_does_12_pull-ups_pullup_u_cm_np1_ba_med_0,26,84,2,32,2,k2,False,0.827028751373291,slowfast_r50,hmdb51
Eight_wide_grip_pull-ups_pullup_u_cm_np1_ba_med_1,26,88,2,32,2,k2,False,0.9945935606956482,slowfast_r50,hmdb51
20_good_form_pullups_pullup_f_nm_np1_ri_goo_0,26,81,2,32,2,k2,False,0.1378859281539917,slowfast_r50,hmdb51
12_Pull-ups_by_female_athlete_pullup_f_cm_np1_ba_med_2,26,80,2,32,2,k2,False,0.36405274271965027,slowfast_r50,hmdb51
Metaphysics_Pull_up_specialist_pullup_u_cm_np1_ba_med_1,26,82,2,32,2,k2,False,0.6266111135482788,slowfast_r50,hmdb51
22_Pull-ups_with_Speed_and_Perfect_Form_pullup_f_cm_np1_ba_med_0,26,79,2,32,2,k2,False,0.18967583775520325,slowfast_r50,hmdb51
Girl_does_12_pull-ups_pullup_u_cm_np1_ba_med_2,26,84,2,32,2,k2,False,0.8481658697128296,slowfast_r50,hmdb51
20_Pull_ups_at_160_15_1_2_inch_biceps_(_wide_grip_)_pullup_u_cm_np1_ba_med_2,26,81,2,32,2,k2,False,0.17059950530529022,slowfast_r50,hmdb51
46_Pull_ups_pullup_f_cm_np1_fr_bad_1,26,81,2,32,2,k2,False,0.16292229294776917,slowfast_r50,hmdb51
Random_Pull_Up_Exercises_pullup_f_nm_np1_ba_med_1,26,80,2,32,2,k2,False,0.21918486058712006,slowfast_r50,hmdb51
Pull_ups-_77_for_8_minutes_without_rest_pullup_u_cm_np1_fr_bad_0,26,80,2,32,2,k2,False,0.7168149948120117,slowfast_r50,hmdb51
The_Matrix_4_punch_u_nm_np1_fr_bad_3,27,41,2,32,2,k2,True,0.3579469621181488,slowfast_r50,hmdb51
Crash_punch_h_cm_np1_ri_med_18,27,36,2,32,2,k2,True,0.1530601680278778,slowfast_r50,hmdb51
50_FIRST_DATES_punch_f_nm_np1_ri_med_16,27,47,2,32,2,k2,False,0.2844446003437042,slowfast_r50,hmdb51
PracticingBoxingonaDoubleEndBag-LeadRightwithaHook_punch_u_nm_np1_fr_med_12,27,91,2,32,2,k2,True,0.9983757734298706,slowfast_r50,hmdb51
AdvancedBoxingTechniquesandExercises_punch_u_nm_np1_ri_med_20,27,62,2,32,2,k2,True,0.9447352886199951,slowfast_r50,hmdb51
Return_of_the_King_10_punch_u_cm_np1_ba_med_0,27,45,2,32,2,k2,False,0.27203187346458435,slowfast_r50,hmdb51
PracticingBoxingonaDoubleEndBag-LeadRightwithaHook_punch_u_nm_np1_fr_med_5,27,92,2,32,2,k2,True,0.9983358979225159,slowfast_r50,hmdb51
PracticingBoxingonaDoubleEndBag-LeadRightwithaHook_punch_u_nm_np1_fr_med_9,27,90,2,32,2,k2,True,0.749739944934845,slowfast_r50,hmdb51
BoxingTipsHowtoMakeKnucklesStronger_punch_u_nm_np1_ri_goo_0,27,62,2,32,2,k2,True,0.9999992847442627,slowfast_r50,hmdb51
TheBoondockSaints_punch_f_cm_np1_ri_bad_36,27,49,2,32,2,k2,False,0.6813373565673828,slowfast_r50,hmdb51
Return_of_the_King_10_punch_u_cm_np1_ri_med_1,27,38,2,32,2,k2,False,0.7614838480949402,slowfast_r50,hmdb51
RETURN_OF_THE_KING_punch_u_cm_np1_ri_med_34,27,45,2,32,2,k2,False,0.9468541741371155,slowfast_r50,hmdb51
BeginnerKyokushinKarateTechniques_punch_f_nm_np2_fr_med_2,27,274,2,32,2,k2,True,0.999075174331665,slowfast_r50,hmdb51
Italian_Job_4_punch_u_cm_np1_fr_med_1,27,57,2,32,2,k2,False,0.8101360201835632,slowfast_r50,hmdb51
kick__bruce_lee_v_s_japanese_punch_u_cm_np1_ri_bad_3,27,30,2,32,2,k2,False,0.6728646159172058,slowfast_r50,hmdb51
AdvancedBoxingTechniquesandExercises_punch_u_nm_np1_ba_med_5,27,80,2,32,2,k2,True,0.9995618462562561,slowfast_r50,hmdb51
The_Departed_-_Part_1_punch_h_cm_np1_fr_bad_3,27,49,2,32,2,k2,True,0.9756566286087036,slowfast_r50,hmdb51
TheBoondockSaints_punch_u_nm_np1_le_bad_37,27,24,2,32,2,k2,False,0.9467796683311462,slowfast_r50,hmdb51
cmd_pushing_box_2_push_f_cm_np1_ba_bad_1,28,79,2,32,2,k2,True,0.8383349180221558,slowfast_r50,hmdb51
pushing_cart_push_f_cm_np1_le_bad_1,28,82,2,32,2,k2,False,0.4310982823371887,slowfast_r50,hmdb51
Big_Bebe_walking_and_pushing_her_lion_in_a_box!_push_f_cm_np1_fr_bad_5,28,80,2,32,2,k2,False,0.08289353549480438,slowfast_r50,hmdb51
Davos_-_Anschieben_von_Michis_Auto_push_f_cm_np1_ri_med_1,28,81,2,32,2,k2,False,0.32258298993110657,slowfast_r50,hmdb51
pushing_blocks_push_f_nm_np1_le_bad_1,28,80,2,32,2,k2,False,0.5812909007072449,slowfast_r50,hmdb51
pushing_blocks_push_f_nm_np1_le_bad_2,28,80,2,32,2,k2,False,0.5137587189674377,slowfast_r50,hmdb51
Box_Pull_Push_push_f_cm_np1_ba_bad_2,28,80,2,32,2,k2,True,0.9588672518730164,slowfast_r50,hmdb51
Big_Bebe_walking_and_pushing_her_lion_in_a_box!_push_f_cm_np1_ba_bad_7,28,80,2,32,2,k2,False,0.6274203062057495,slowfast_r50,hmdb51
Big_Bebe_walking_and_pushing_her_lion_in_a_box!_push_f_cm_np1_le_bad_6,28,80,2,32,2,k2,True,0.18848150968551636,slowfast_r50,hmdb51
Joshua_pushing_wagon_push_f_cm_np1_le_bad_0,28,71,2,32,2,k2,True,0.5890113711357117,slowfast_r50,hmdb51
Cross_Pushing_Table_push_f_cm_np1_ba_bad_2,28,84,2,32,2,k2,True,0.9903160929679871,slowfast_r50,hmdb51
Baby_Push_Cart_push_f_cm_np1_ri_bad_0,28,80,2,32,2,k2,True,0.738541841506958,slowfast_r50,hmdb51
micah_pushing_wagon_push_f_cm_np1_le_bad_2,28,80,2,32,2,k2,True,0.920109212398529,slowfast_r50,hmdb51
Pushing_Music_Table_push_f_cm_np1_ba_bad_6,28,99,2,32,2,k2,True,0.9709750413894653,slowfast_r50,hmdb51
Davos_-_Anschieben_von_Michis_Auto_push_f_cm_np1_fr_bad_0,28,140,2,32,2,k2,False,0.1019904762506485,slowfast_r50,hmdb51
pushing_box_around_house_push_f_cm_np1_le_bad_3,28,101,2,32,2,k2,False,0.3828408420085907,slowfast_r50,hmdb51
pushing_box_around_house_push_f_cm_np1_le_med_2,28,67,2,32,2,k2,False,0.08040504902601242,slowfast_r50,hmdb51
Pushups_Workout__Push_Up_protein__Part_One_pushup_f_cm_np1_ri_bad_1,29,81,2,32,2,k2,False,0.34108608961105347,slowfast_r50,hmdb51
Push_Up_Workout_--_Do_100_Total_Pushups_In_A_Row_pushup_f_nm_np1_le_med_2,29,81,2,32,2,k2,True,0.7813466787338257,slowfast_r50,hmdb51
38_push-ups!_Not_bad_for_a_girl_pushup_f_cm_np2_fr_med_3,29,82,2,32,2,k2,False,0.5113087296485901,slowfast_r50,hmdb51
Push_Ups_1_pushup_f_nm_np1_le_med_1,29,80,2,32,2,k2,True,0.2948327660560608,slowfast_r50,hmdb51
Push_Up_Battle_pushup_u_cm_np2_le_bad_2,29,82,2,32,2,k2,False,0.7035470604896545,slowfast_r50,hmdb51
Push_Up_fitness_training_video_pushup_f_nm_np1_le_goo_0,29,105,2,32,2,k2,False,0.4325525760650635,slowfast_r50,hmdb51
Exercise_Clip_-_Push-up_Improvement_with_SGT_Ken_pushup_f_cm_np1_fr_med_1,29,80,2,32,2,k2,True,0.4054476320743561,slowfast_r50,hmdb51
Day_19__100_Pushups_a_Day_Challenge!_(_Break_Your_Rules_)_pushup_f_nm_np1_fr_goo_0,29,80,2,32,2,k2,True,0.726546049118042,slowfast_r50,hmdb51
Push_Ups_1_pushup_f_nm_np1_le_med_0,29,80,2,32,2,k2,True,0.14841023087501526,slowfast_r50,hmdb51
100_push_ups_pushup_f_nm_np1_ri_med_1,29,82,2,32,2,k2,False,0.21451115608215332,slowfast_r50,hmdb51
pseudo_planche_pushups_pushup_u_nm_np1_ri_bad_0,29,84,2,32,2,k2,False,0.08176088333129883,slowfast_r50,hmdb51
PUSH_UP_pushup_u_cm_np1_ba_med_4,29,80,2,32,2,k2,False,0.8883442282676697,slowfast_r50,hmdb51
Chris_Comfort_s_Push_Up_Workout_Part_I_pushup_f_nm_np1_ri_goo_2,29,166,2,32,2,k2,False,0.30588534474372864,slowfast_r50,hmdb51
DC_Personal_Trainer_-_How_To_Do_A_Push-up_The_RIGHT_Way_pushup_f_nm_np1_ri_goo_0,29,106,2,32,2,k2,True,0.1386287361383438,slowfast_r50,hmdb51
push-up_or_shut_up_(IXK)_pushup_f_cm_np1_le_med_2,29,80,2,32,2,k2,False,0.48931020498275757,slowfast_r50,hmdb51
Yorki_Kassy_beim_Fahrrad_fahren_ride_bike_f_cm_np1_le_med_0,30,107,2,32,2,k2,True,0.9945505261421204,slowfast_r50,hmdb51
TVs_Best_Kisses_Top_50-_(40_to_31)_kiss_h_cm_np2_le_goo_10,22,133,4,32,4,k4,True,0.9999982118606567,slowfast_r50,hmdb51
kiss_mix_kiss_f_cm_np2_le_med_1,22,149,4,32,4,k4,True,0.9277380108833313,slowfast_r50,hmdb51
TVs_Best_Kisses_Top_50-_(40_to_31)_kiss_u_nm_np2_le_goo_7,22,68,4,32,4,k4,True,0.9347859025001526,slowfast_r50,hmdb51
Hangingbyamomentfavoritekisses_kiss_u_cm_np2_ri_med_1,22,192,4,32,4,k4,True,0.9997366070747375,slowfast_r50,hmdb51
5GreatHollywoodKisses_kiss_u_nm_np2_ri_goo_2,22,276,4,32,4,k4,True,0.9977318644523621,slowfast_r50,hmdb51
Hangingbyamomentfavoritekisses_kiss_h_cm_np2_ri_goo_9,22,185,4,32,4,k4,True,0.9999988079071045,slowfast_r50,hmdb51
BestKisses_kiss_h_cm_np2_le_goo_8,22,86,4,32,4,k4,True,0.9999706745147705,slowfast_r50,hmdb51
Best_kisses_kiss_h_cm_np2_le_goo_2,22,168,4,32,4,k4,True,0.9994565844535828,slowfast_r50,hmdb51
5GreatHollywoodKisses_kiss_h_cm_np2_ri_goo_1,22,260,4,32,4,k4,True,0.9999890327453613,slowfast_r50,hmdb51
BestKisses_kiss_h_cm_np2_ri_goo_13,22,115,4,32,4,k4,True,0.9999948740005493,slowfast_r50,hmdb51
Best_Kisses_in_TV_Movies_1_3_kiss_h_cm_np2_le_goo_4,22,142,4,32,4,k4,True,0.9999613761901855,slowfast_r50,hmdb51
Best_kisses_kiss_h_nm_np2_le_goo_5,22,197,4,32,4,k4,True,0.9999949932098389,slowfast_r50,hmdb51
BestKisses_kiss_h_cm_np2_fr_goo_7,22,96,4,32,4,k4,True,0.9998679161071777,slowfast_r50,hmdb51
Prelinger_HabitPat1954_laugh_u_nm_np2_ri_med_21,23,127,4,32,4,k4,False,0.9880838990211487,slowfast_r50,hmdb51
Skype_Laughter_by_Hungary_laugh_h_nm_np2_fr_goo_1,23,197,4,32,4,k4,False,0.9759783148765564,slowfast_r50,hmdb51
Skype_Laughter_Chain_laugh_h_cm_np1_fr_goo_14,23,136,4,32,4,k4,False,0.5481052398681641,slowfast_r50,hmdb51
Best_Of_Skype_Laughter_Chain_laugh_h_nm_np2_fr_med_19,23,178,4,32,4,k4,False,0.7028942704200745,slowfast_r50,hmdb51
Skype_Laughter_Chain_reaction_(-_laugh_u_nm_np2_ri_med_1,23,362,4,32,4,k4,False,0.321611613035202,slowfast_r50,hmdb51
Italian_Job_1_laugh_h_nm_np1_fr_bad_1,23,61,4,32,4,k4,False,0.9511804580688477,slowfast_r50,hmdb51
Glory_laugh_h_nm_np1_fr_bad_4,23,88,4,32,4,k4,False,0.5967321991920471,slowfast_r50,hmdb51
laughing_out_her_brains_laugh_u_cm_np1_fr_med_3,23,181,4,32,4,k4,False,0.9967610239982605,slowfast_r50,hmdb51
Skype_Laughter_Chain_laugh_h_cm_np1_fr_goo_6,23,302,4,32,4,k4,False,0.9781293869018555,slowfast_r50,hmdb51
Can_t_stop_laughing_laugh_u_cm_np1_fr_goo_0,23,211,4,32,4,k4,False,0.8348187804222107,slowfast_r50,hmdb51
Skype_Laughter_Chain_laugh_h_cm_np1_fr_goo_12,23,80,4,32,4,k4,False,0.164330393075943,slowfast_r50,hmdb51
Skype_Laughter_Chain_Reaction_laugh_h_cm_np1_fr_goo_0,23,225,4,32,4,k4,False,0.974037766456604,slowfast_r50,hmdb51
Best_Of_Skype_Laughter_Chain_laugh_h_nm_np1_fr_goo_13,23,115,4,32,4,k4,True,0.9125732779502869,slowfast_r50,hmdb51
Re-_Skype_Laughter_Chain_3_laugh_h_nm_np2_fr_med_0,23,184,4,32,4,k4,False,0.9987776875495911,slowfast_r50,hmdb51
Der_Lachsack___Laughing_Bag___keep_on_smiling_;0)_laugh_h_cm_np1_fr_med_1,23,175,4,32,4,k4,False,0.9801210165023804,slowfast_r50,hmdb51
best_laugh_attack_ever!_laugh_h_nm_np1_fr_goo_1,23,160,4,32,4,k4,False,0.9971523284912109,slowfast_r50,hmdb51
Crazy_Drunk_Girl_Laugh_laugh_h_cm_np1_fr_goo_0,23,148,4,32,4,k4,False,0.9997922778129578,slowfast_r50,hmdb51
Best_Of_Skype_Laughter_Chain_laugh_h_nm_np1_fr_goo_12,23,100,4,32,4,k4,True,0.39229944348335266,slowfast_r50,hmdb51
Re-_skype_laughter_chain_2_laugh_h_nm_np2_fr_goo_1,23,260,4,32,4,k4,False,0.9857960939407349,slowfast_r50,hmdb51
Search_and_Identify_Golf_Ball_-_www_mulliganplus_com_pick_f_nm_np1_le_goo_0,24,166,4,32,4,k4,False,0.272265762090683,slowfast_r50,hmdb51
Juno_pick_u_cm_np1_le_bad_9,24,105,4,32,4,k4,False,0.19045305252075195,slowfast_r50,hmdb51
Fishing_For_People_pick_f_cm_np2_ri_med_1,24,80,4,32,4,k4,False,0.2809503972530365,slowfast_r50,hmdb51
Wallet_Trick_pick_f_cm_np4_ri_med_0,24,80,4,32,4,k4,False,0.1476215124130249,slowfast_r50,hmdb51
Dollar_Prank_at_Wally_World_pick_f_nm_np1_le_med_2,24,80,4,32,4,k4,False,0.6111508011817932,slowfast_r50,hmdb51
Dollar_Prank_at_the_Rivertown_Mall_pick_f_nm_np1_fr_med_1,24,80,4,32,4,k4,True,0.3749065101146698,slowfast_r50,hmdb51
Pick_Up_The_Phone_pick_u_nm_np1_fr_med_0,24,80,4,32,4,k4,False,0.6576972007751465,slowfast_r50,hmdb51
Die_Pfandpiraten_Doku_pick_f_cm_np1_ba_med_2,24,85,4,32,4,k4,False,0.2071910798549652,slowfast_r50,hmdb51
Wallet_Trick_pick_f_cm_np2_fr_bad_1,24,82,4,32,4,k4,False,0.5674145221710205,slowfast_r50,hmdb51
Wallet_Trick_pick_f_cm_np1_fr_bad_4,24,80,4,32,4,k4,True,0.11431581526994705,slowfast_r50,hmdb51
Torwarttraining_-_Impressionen_vom_1__FFC_Frankfurt_pick_f_cm_np1_fr_goo_3,24,53,4,32,4,k4,False,0.9890666007995605,slowfast_r50,hmdb51
ThePerfectScore_pick_u_nm_np1_ba_goo_3,24,51,4,32,4,k4,False,0.2322998344898224,slowfast_r50,hmdb51
ThreeStories_pick_u_cm_np1_ri_med_3,24,53,4,32,4,k4,False,0.11232064664363861,slowfast_r50,hmdb51
M_ll_sammeln_pick_f_cm_np1_fr_bad_0,24,108,4,32,4,k4,False,0.35736387968063354,slowfast_r50,hmdb51
Portemonnaie-Trick_Openair_Lumnezia_2008_Nr__2_pick_f_cm_np2_fr_med_0,24,84,4,32,4,k4,False,0.418549507856369,slowfast_r50,hmdb51
The_Pomegranate_Martini_pour_u_nm_np1_fr_med_0,25,113,4,32,4,k4,True,0.5296451449394226,slowfast_r50,hmdb51
Bottoms_Up_-_Bartending_Lesson__Licor_43_Dreamsicle_pour_u_nm_np2_fr_goo_0,25,230,4,32,4,k4,True,0.9792271256446838,slowfast_r50,hmdb51
Bar_Basics_-_How_to_Pour_Liquor_Accurately_by_Counting_pour_u_cm_np1_fr_med_2,25,68,4,32,4,k4,True,0.9829993844032288,slowfast_r50,hmdb51
Chinese_tea_ceremony_pour_u_cm_np1_fr_goo_0,25,112,4,32,4,k4,True,0.9976497292518616,slowfast_r50,hmdb51
Robin_and_the_magical_tea_pour_pour_u_cm_np1_fr_goo_0,25,240,4,32,4,k4,True,0.9994750618934631,slowfast_r50,hmdb51
Tea_in_Wudang_pour_u_nm_np1_fr_med_2,25,104,4,32,4,k4,True,0.9000332951545715,slowfast_r50,hmdb51
Traditional_chinese_tea_ceremony_pour_u_cm_np1_fr_goo_0,25,256,4,32,4,k4,True,0.9151427149772644,slowfast_r50,hmdb51
New_Orleans__best_cocktails-_Hot_Buttered_Rum_pour_u_nm_np1_fr_med_1,25,173,4,32,4,k4,True,0.9758744239807129,slowfast_r50,hmdb51
Highball_Cocktail_Drink_Recipe_pour_u_nm_np1_fr_med_0,25,153,4,32,4,k4,True,0.9804004430770874,slowfast_r50,hmdb51
Bottoms_Up_-_Bartending_Lesson__The_Margarita!_pour_u_nm_np1_fr_goo_2,25,80,4,32,4,k4,True,0.9986110925674438,slowfast_r50,hmdb51
Bartender_of_America_Bartending_School_pour_u_cm_np1_fr_med_2,25,101,4,32,4,k4,True,0.9847053289413452,slowfast_r50,hmdb51
How_to_pour_beer_pour_u_nm_np1_fr_goo_0,25,1063,4,32,4,k4,True,0.9891062378883362,slowfast_r50,hmdb51
Gaiwan_tea_ceremony_pour_u_cm_np1_fr_med_1,25,217,4,32,4,k4,True,0.9379491209983826,slowfast_r50,hmdb51
Flaming_B52_Shot_Drink_pour_u_nm_np1_fr_med_1,25,427,4,32,4,k4,True,0.9932095408439636,slowfast_r50,hmdb51
Bartender_School_Students_Practice_pour_u_cm_np1_fr_med_2,25,88,4,32,4,k4,True,0.98775315284729,slowfast_r50,hmdb51
46_Pull_ups_pullup_f_cm_np1_fr_bad_2,26,81,4,32,4,k4,False,0.25550377368927,slowfast_r50,hmdb51
50_pull_ups_made_in_germany_pullup_f_nm_np1_le_med_2,26,80,4,32,4,k4,False,0.3228686451911926,slowfast_r50,hmdb51
Pull_ups-_77_for_8_minutes_without_rest_pullup_u_cm_np1_fr_bad_2,26,80,4,32,4,k4,True,0.44365644454956055,slowfast_r50,hmdb51
Pull-ups_+_Push_ups-_a_time-saving_workout_pullup_u_cm_np1_ri_med_2,26,80,4,32,4,k4,False,0.26652953028678894,slowfast_r50,hmdb51
Girl_does_12_pull-ups_pullup_u_cm_np1_ba_med_0,26,84,4,32,4,k4,False,0.8418207168579102,slowfast_r50,hmdb51
Eight_wide_grip_pull-ups_pullup_u_cm_np1_ba_med_1,26,88,4,32,4,k4,False,0.9835355281829834,slowfast_r50,hmdb51
20_good_form_pullups_pullup_f_nm_np1_ri_goo_0,26,81,4,32,4,k4,False,0.2278953641653061,slowfast_r50,hmdb51
12_Pull-ups_by_female_athlete_pullup_f_cm_np1_ba_med_2,26,80,4,32,4,k4,False,0.49134594202041626,slowfast_r50,hmdb51
Metaphysics_Pull_up_specialist_pullup_u_cm_np1_ba_med_1,26,82,4,32,4,k4,False,0.6778378486633301,slowfast_r50,hmdb51
22_Pull-ups_with_Speed_and_Perfect_Form_pullup_f_cm_np1_ba_med_0,26,79,4,32,4,k4,True,0.8512857556343079,slowfast_r50,hmdb51
Girl_does_12_pull-ups_pullup_u_cm_np1_ba_med_2,26,84,4,32,4,k4,False,0.8592911958694458,slowfast_r50,hmdb51
20_Pull_ups_at_160_15_1_2_inch_biceps_(_wide_grip_)_pullup_u_cm_np1_ba_med_2,26,81,4,32,4,k4,False,0.15018683671951294,slowfast_r50,hmdb51
46_Pull_ups_pullup_f_cm_np1_fr_bad_1,26,81,4,32,4,k4,False,0.22765350341796875,slowfast_r50,hmdb51
Random_Pull_Up_Exercises_pullup_f_nm_np1_ba_med_1,26,80,4,32,4,k4,False,0.2624247074127197,slowfast_r50,hmdb51
Pull_ups-_77_for_8_minutes_without_rest_pullup_u_cm_np1_fr_bad_0,26,80,4,32,4,k4,False,0.47889432311058044,slowfast_r50,hmdb51
The_Matrix_4_punch_u_nm_np1_fr_bad_3,27,41,4,32,4,k4,True,0.5258165597915649,slowfast_r50,hmdb51
Crash_punch_h_cm_np1_ri_med_18,27,36,4,32,4,k4,True,0.554435133934021,slowfast_r50,hmdb51
50_FIRST_DATES_punch_f_nm_np1_ri_med_16,27,47,4,32,4,k4,False,0.7993335723876953,slowfast_r50,hmdb51
PracticingBoxingonaDoubleEndBag-LeadRightwithaHook_punch_u_nm_np1_fr_med_12,27,91,4,32,4,k4,True,0.9990054965019226,slowfast_r50,hmdb51
AdvancedBoxingTechniquesandExercises_punch_u_nm_np1_ri_med_20,27,62,4,32,4,k4,True,0.99772709608078,slowfast_r50,hmdb51
Return_of_the_King_10_punch_u_cm_np1_ba_med_0,27,45,4,32,4,k4,False,0.10534387081861496,slowfast_r50,hmdb51
PracticingBoxingonaDoubleEndBag-LeadRightwithaHook_punch_u_nm_np1_fr_med_5,27,92,4,32,4,k4,True,0.9999274015426636,slowfast_r50,hmdb51
PracticingBoxingonaDoubleEndBag-LeadRightwithaHook_punch_u_nm_np1_fr_med_9,27,90,4,32,4,k4,True,0.9988656044006348,slowfast_r50,hmdb51
BoxingTipsHowtoMakeKnucklesStronger_punch_u_nm_np1_ri_goo_0,27,62,4,32,4,k4,True,0.9999991655349731,slowfast_r50,hmdb51
TheBoondockSaints_punch_f_cm_np1_ri_bad_36,27,49,4,32,4,k4,True,0.5905963778495789,slowfast_r50,hmdb51
Return_of_the_King_10_punch_u_cm_np1_ri_med_1,27,38,4,32,4,k4,True,0.3017904460430145,slowfast_r50,hmdb51
RETURN_OF_THE_KING_punch_u_cm_np1_ri_med_34,27,45,4,32,4,k4,False,0.4596816897392273,slowfast_r50,hmdb51
BeginnerKyokushinKarateTechniques_punch_f_nm_np2_fr_med_2,27,274,4,32,4,k4,True,0.9794135093688965,slowfast_r50,hmdb51
Italian_Job_4_punch_u_cm_np1_fr_med_1,27,57,4,32,4,k4,False,0.4783678650856018,slowfast_r50,hmdb51
kick__bruce_lee_v_s_japanese_punch_u_cm_np1_ri_bad_3,27,30,4,32,4,k4,True,0.45472437143325806,slowfast_r50,hmdb51
AdvancedBoxingTechniquesandExercises_punch_u_nm_np1_ba_med_5,27,80,4,32,4,k4,True,0.9994555115699768,slowfast_r50,hmdb51
The_Departed_-_Part_1_punch_h_cm_np1_fr_bad_3,27,49,4,32,4,k4,True,0.8094417452812195,slowfast_r50,hmdb51
TheBoondockSaints_punch_u_nm_np1_le_bad_37,27,24,4,32,4,k4,True,0.901287317276001,slowfast_r50,hmdb51
cmd_pushing_box_2_push_f_cm_np1_ba_bad_1,28,79,4,32,4,k4,True,0.9763637781143188,slowfast_r50,hmdb51
pushing_cart_push_f_cm_np1_le_bad_1,28,82,4,32,4,k4,False,0.3279587924480438,slowfast_r50,hmdb51
Big_Bebe_walking_and_pushing_her_lion_in_a_box!_push_f_cm_np1_fr_bad_5,28,80,4,32,4,k4,False,0.12826184928417206,slowfast_r50,hmdb51
Davos_-_Anschieben_von_Michis_Auto_push_f_cm_np1_ri_med_1,28,81,4,32,4,k4,False,0.20618954300880432,slowfast_r50,hmdb51
pushing_blocks_push_f_nm_np1_le_bad_1,28,80,4,32,4,k4,False,0.7318755388259888,slowfast_r50,hmdb51
pushing_blocks_push_f_nm_np1_le_bad_2,28,80,4,32,4,k4,False,0.9398590922355652,slowfast_r50,hmdb51
Box_Pull_Push_push_f_cm_np1_ba_bad_2,28,80,4,32,4,k4,True,0.9852081537246704,slowfast_r50,hmdb51
Big_Bebe_walking_and_pushing_her_lion_in_a_box!_push_f_cm_np1_ba_bad_7,28,80,4,32,4,k4,False,0.3272855281829834,slowfast_r50,hmdb51
Big_Bebe_walking_and_pushing_her_lion_in_a_box!_push_f_cm_np1_le_bad_6,28,80,4,32,4,k4,True,0.20126746594905853,slowfast_r50,hmdb51
Joshua_pushing_wagon_push_f_cm_np1_le_bad_0,28,71,4,32,4,k4,True,0.9440546631813049,slowfast_r50,hmdb51
Cross_Pushing_Table_push_f_cm_np1_ba_bad_2,28,84,4,32,4,k4,True,0.9972431659698486,slowfast_r50,hmdb51
Baby_Push_Cart_push_f_cm_np1_ri_bad_0,28,80,4,32,4,k4,True,0.6182883381843567,slowfast_r50,hmdb51
micah_pushing_wagon_push_f_cm_np1_le_bad_2,28,80,4,32,4,k4,True,0.8858098983764648,slowfast_r50,hmdb51
Pushing_Music_Table_push_f_cm_np1_ba_bad_6,28,99,4,32,4,k4,True,0.6698384881019592,slowfast_r50,hmdb51
Davos_-_Anschieben_von_Michis_Auto_push_f_cm_np1_fr_bad_0,28,140,4,32,4,k4,False,0.1356091946363449,slowfast_r50,hmdb51
pushing_box_around_house_push_f_cm_np1_le_bad_3,28,101,4,32,4,k4,False,0.22424152493476868,slowfast_r50,hmdb51
pushing_box_around_house_push_f_cm_np1_le_med_2,28,67,4,32,4,k4,False,0.15409959852695465,slowfast_r50,hmdb51
Pushups_Workout__Push_Up_protein__Part_One_pushup_f_cm_np1_ri_bad_1,29,81,4,32,4,k4,False,0.3252624571323395,slowfast_r50,hmdb51
Push_Up_Workout_--_Do_100_Total_Pushups_In_A_Row_pushup_f_nm_np1_le_med_2,29,81,4,32,4,k4,True,0.8720265626907349,slowfast_r50,hmdb51
38_push-ups!_Not_bad_for_a_girl_pushup_f_cm_np2_fr_med_3,29,82,4,32,4,k4,False,0.4326159656047821,slowfast_r50,hmdb51
Push_Ups_1_pushup_f_nm_np1_le_med_1,29,80,4,32,4,k4,True,0.5898779034614563,slowfast_r50,hmdb51
Push_Up_Battle_pushup_u_cm_np2_le_bad_2,29,82,4,32,4,k4,False,0.45365312695503235,slowfast_r50,hmdb51
Push_Up_fitness_training_video_pushup_f_nm_np1_le_goo_0,29,105,4,32,4,k4,False,0.5866951942443848,slowfast_r50,hmdb51
Exercise_Clip_-_Push-up_Improvement_with_SGT_Ken_pushup_f_cm_np1_fr_med_1,29,80,4,32,4,k4,False,0.38435789942741394,slowfast_r50,hmdb51
Day_19__100_Pushups_a_Day_Challenge!_(_Break_Your_Rules_)_pushup_f_nm_np1_fr_goo_0,29,80,4,32,4,k4,True,0.6386085152626038,slowfast_r50,hmdb51
Push_Ups_1_pushup_f_nm_np1_le_med_0,29,80,4,32,4,k4,True,0.3890000879764557,slowfast_r50,hmdb51
100_push_ups_pushup_f_nm_np1_ri_med_1,29,82,4,32,4,k4,False,0.17682458460330963,slowfast_r50,hmdb51
pseudo_planche_pushups_pushup_u_nm_np1_ri_bad_0,29,84,4,32,4,k4,False,0.2958293855190277,slowfast_r50,hmdb51
PUSH_UP_pushup_u_cm_np1_ba_med_4,29,80,4,32,4,k4,False,0.6517912149429321,slowfast_r50,hmdb51
Chris_Comfort_s_Push_Up_Workout_Part_I_pushup_f_nm_np1_ri_goo_2,29,166,4,32,4,k4,False,0.23794366419315338,slowfast_r50,hmdb51
DC_Personal_Trainer_-_How_To_Do_A_Push-up_The_RIGHT_Way_pushup_f_nm_np1_ri_goo_0,29,106,4,32,4,k4,False,0.28976982831954956,slowfast_r50,hmdb51
push-up_or_shut_up_(IXK)_pushup_f_cm_np1_le_med_2,29,80,4,32,4,k4,True,0.2669743597507477,slowfast_r50,hmdb51
Yorki_Kassy_beim_Fahrrad_fahren_ride_bike_f_cm_np1_le_med_0,30,107,4,32,4,k4,True,0.9828853607177734,slowfast_r50,hmdb51
TVs_Best_Kisses_Top_50-_(40_to_31)_kiss_h_cm_np2_le_goo_10,22,133,8,32,8,k8,True,0.9999865293502808,slowfast_r50,hmdb51
kiss_mix_kiss_f_cm_np2_le_med_1,22,149,8,32,8,k8,True,0.4771620035171509,slowfast_r50,hmdb51
TVs_Best_Kisses_Top_50-_(40_to_31)_kiss_u_nm_np2_le_goo_7,22,68,8,32,8,k8,True,0.8290477991104126,slowfast_r50,hmdb51
Hangingbyamomentfavoritekisses_kiss_u_cm_np2_ri_med_1,22,192,8,32,8,k8,True,0.9959860444068909,slowfast_r50,hmdb51
5GreatHollywoodKisses_kiss_u_nm_np2_ri_goo_2,22,276,8,32,8,k8,True,0.9945387244224548,slowfast_r50,hmdb51
Hangingbyamomentfavoritekisses_kiss_h_cm_np2_ri_goo_9,22,185,8,32,8,k8,True,0.9999574422836304,slowfast_r50,hmdb51
BestKisses_kiss_h_cm_np2_le_goo_8,22,86,8,32,8,k8,True,0.9996349811553955,slowfast_r50,hmdb51
Best_kisses_kiss_h_cm_np2_le_goo_2,22,168,8,32,8,k8,True,0.9570518136024475,slowfast_r50,hmdb51
5GreatHollywoodKisses_kiss_h_cm_np2_ri_goo_1,22,260,8,32,8,k8,True,0.9987263083457947,slowfast_r50,hmdb51
BestKisses_kiss_h_cm_np2_ri_goo_13,22,115,8,32,8,k8,True,0.9994148015975952,slowfast_r50,hmdb51
Best_Kisses_in_TV_Movies_1_3_kiss_h_cm_np2_le_goo_4,22,142,8,32,8,k8,True,0.9996237754821777,slowfast_r50,hmdb51
Best_kisses_kiss_h_nm_np2_le_goo_5,22,197,8,32,8,k8,True,0.9999254941940308,slowfast_r50,hmdb51
BestKisses_kiss_h_cm_np2_fr_goo_7,22,96,8,32,8,k8,True,0.9982932209968567,slowfast_r50,hmdb51
Prelinger_HabitPat1954_laugh_u_nm_np2_ri_med_21,23,127,8,32,8,k8,False,0.6651546955108643,slowfast_r50,hmdb51
Skype_Laughter_by_Hungary_laugh_h_nm_np2_fr_goo_1,23,197,8,32,8,k8,True,0.5063338279724121,slowfast_r50,hmdb51
Skype_Laughter_Chain_laugh_h_cm_np1_fr_goo_14,23,136,8,32,8,k8,False,0.2970435321331024,slowfast_r50,hmdb51
Best_Of_Skype_Laughter_Chain_laugh_h_nm_np2_fr_med_19,23,178,8,32,8,k8,True,0.4410635530948639,slowfast_r50,hmdb51
Skype_Laughter_Chain_reaction_(-_laugh_u_nm_np2_ri_med_1,23,362,8,32,8,k8,True,0.43425995111465454,slowfast_r50,hmdb51
Italian_Job_1_laugh_h_nm_np1_fr_bad_1,23,61,8,32,8,k8,False,0.6212477087974548,slowfast_r50,hmdb51
Glory_laugh_h_nm_np1_fr_bad_4,23,88,8,32,8,k8,True,0.20837397873401642,slowfast_r50,hmdb51
laughing_out_her_brains_laugh_u_cm_np1_fr_med_3,23,181,8,32,8,k8,False,0.3320826292037964,slowfast_r50,hmdb51
Skype_Laughter_Chain_laugh_h_cm_np1_fr_goo_6,23,302,8,32,8,k8,False,0.8435493111610413,slowfast_r50,hmdb51
Can_t_stop_laughing_laugh_u_cm_np1_fr_goo_0,23,211,8,32,8,k8,False,0.43853551149368286,slowfast_r50,hmdb51
Skype_Laughter_Chain_laugh_h_cm_np1_fr_goo_12,23,80,8,32,8,k8,False,0.14928267896175385,slowfast_r50,hmdb51
Skype_Laughter_Chain_Reaction_laugh_h_cm_np1_fr_goo_0,23,225,8,32,8,k8,False,0.8689749240875244,slowfast_r50,hmdb51
Best_Of_Skype_Laughter_Chain_laugh_h_nm_np1_fr_goo_13,23,115,8,32,8,k8,True,0.719963550567627,slowfast_r50,hmdb51
Re-_Skype_Laughter_Chain_3_laugh_h_nm_np2_fr_med_0,23,184,8,32,8,k8,False,0.2335847020149231,slowfast_r50,hmdb51
Der_Lachsack___Laughing_Bag___keep_on_smiling_;0)_laugh_h_cm_np1_fr_med_1,23,175,8,32,8,k8,False,0.9455368518829346,slowfast_r50,hmdb51
best_laugh_attack_ever!_laugh_h_nm_np1_fr_goo_1,23,160,8,32,8,k8,False,0.9240015149116516,slowfast_r50,hmdb51
Crazy_Drunk_Girl_Laugh_laugh_h_cm_np1_fr_goo_0,23,148,8,32,8,k8,False,0.9919766783714294,slowfast_r50,hmdb51
Best_Of_Skype_Laughter_Chain_laugh_h_nm_np1_fr_goo_12,23,100,8,32,8,k8,True,0.29054272174835205,slowfast_r50,hmdb51
Re-_skype_laughter_chain_2_laugh_h_nm_np2_fr_goo_1,23,260,8,32,8,k8,True,0.3149164915084839,slowfast_r50,hmdb51
Search_and_Identify_Golf_Ball_-_www_mulliganplus_com_pick_f_nm_np1_le_goo_0,24,166,8,32,8,k8,False,0.4340118169784546,slowfast_r50,hmdb51
Juno_pick_u_cm_np1_le_bad_9,24,105,8,32,8,k8,False,0.6976531744003296,slowfast_r50,hmdb51
Fishing_For_People_pick_f_cm_np2_ri_med_1,24,80,8,32,8,k8,False,0.4441990256309509,slowfast_r50,hmdb51
Wallet_Trick_pick_f_cm_np4_ri_med_0,24,80,8,32,8,k8,False,0.4185924232006073,slowfast_r50,hmdb51
Dollar_Prank_at_Wally_World_pick_f_nm_np1_le_med_2,24,80,8,32,8,k8,False,0.34081247448921204,slowfast_r50,hmdb51
Dollar_Prank_at_the_Rivertown_Mall_pick_f_nm_np1_fr_med_1,24,80,8,32,8,k8,False,0.1958124041557312,slowfast_r50,hmdb51
Pick_Up_The_Phone_pick_u_nm_np1_fr_med_0,24,80,8,32,8,k8,False,0.39402589201927185,slowfast_r50,hmdb51
Die_Pfandpiraten_Doku_pick_f_cm_np1_ba_med_2,24,85,8,32,8,k8,False,0.5651867389678955,slowfast_r50,hmdb51
Wallet_Trick_pick_f_cm_np2_fr_bad_1,24,82,8,32,8,k8,False,0.7869676947593689,slowfast_r50,hmdb51
Wallet_Trick_pick_f_cm_np1_fr_bad_4,24,80,8,32,8,k8,False,0.38539019227027893,slowfast_r50,hmdb51
Torwarttraining_-_Impressionen_vom_1__FFC_Frankfurt_pick_f_cm_np1_fr_goo_3,24,53,8,32,8,k8,False,0.9944825172424316,slowfast_r50,hmdb51
ThePerfectScore_pick_u_nm_np1_ba_goo_3,24,51,8,32,8,k8,False,0.395210862159729,slowfast_r50,hmdb51
ThreeStories_pick_u_cm_np1_ri_med_3,24,53,8,32,8,k8,False,0.35274145007133484,slowfast_r50,hmdb51
M_ll_sammeln_pick_f_cm_np1_fr_bad_0,24,108,8,32,8,k8,False,0.4980878233909607,slowfast_r50,hmdb51
Portemonnaie-Trick_Openair_Lumnezia_2008_Nr__2_pick_f_cm_np2_fr_med_0,24,84,8,32,8,k8,False,0.1485883742570877,slowfast_r50,hmdb51
The_Pomegranate_Martini_pour_u_nm_np1_fr_med_0,25,113,8,32,8,k8,False,0.3164108693599701,slowfast_r50,hmdb51
Bottoms_Up_-_Bartending_Lesson__Licor_43_Dreamsicle_pour_u_nm_np2_fr_goo_0,25,230,8,32,8,k8,True,0.9116342663764954,slowfast_r50,hmdb51
Bar_Basics_-_How_to_Pour_Liquor_Accurately_by_Counting_pour_u_cm_np1_fr_med_2,25,68,8,32,8,k8,True,0.6049460172653198,slowfast_r50,hmdb51
Chinese_tea_ceremony_pour_u_cm_np1_fr_goo_0,25,112,8,32,8,k8,True,0.6079176068305969,slowfast_r50,hmdb51
Robin_and_the_magical_tea_pour_pour_u_cm_np1_fr_goo_0,25,240,8,32,8,k8,True,0.956969141960144,slowfast_r50,hmdb51
Tea_in_Wudang_pour_u_nm_np1_fr_med_2,25,104,8,32,8,k8,True,0.5908477902412415,slowfast_r50,hmdb51
Traditional_chinese_tea_ceremony_pour_u_cm_np1_fr_goo_0,25,256,8,32,8,k8,True,0.44179001450538635,slowfast_r50,hmdb51
New_Orleans__best_cocktails-_Hot_Buttered_Rum_pour_u_nm_np1_fr_med_1,25,173,8,32,8,k8,True,0.8375518918037415,slowfast_r50,hmdb51
Highball_Cocktail_Drink_Recipe_pour_u_nm_np1_fr_med_0,25,153,8,32,8,k8,True,0.6847741007804871,slowfast_r50,hmdb51
Bottoms_Up_-_Bartending_Lesson__The_Margarita!_pour_u_nm_np1_fr_goo_2,25,80,8,32,8,k8,True,0.41589513421058655,slowfast_r50,hmdb51
Bartender_of_America_Bartending_School_pour_u_cm_np1_fr_med_2,25,101,8,32,8,k8,True,0.8180442452430725,slowfast_r50,hmdb51
How_to_pour_beer_pour_u_nm_np1_fr_goo_0,25,1063,8,32,8,k8,True,0.8622297048568726,slowfast_r50,hmdb51
Gaiwan_tea_ceremony_pour_u_cm_np1_fr_med_1,25,217,8,32,8,k8,True,0.5904291272163391,slowfast_r50,hmdb51
Flaming_B52_Shot_Drink_pour_u_nm_np1_fr_med_1,25,427,8,32,8,k8,True,0.9274768829345703,slowfast_r50,hmdb51
Bartender_School_Students_Practice_pour_u_cm_np1_fr_med_2,25,88,8,32,8,k8,True,0.8924641609191895,slowfast_r50,hmdb51
46_Pull_ups_pullup_f_cm_np1_fr_bad_2,26,81,8,32,8,k8,False,0.23638583719730377,slowfast_r50,hmdb51
50_pull_ups_made_in_germany_pullup_f_nm_np1_le_med_2,26,80,8,32,8,k8,False,0.6283190250396729,slowfast_r50,hmdb51
Pull_ups-_77_for_8_minutes_without_rest_pullup_u_cm_np1_fr_bad_2,26,80,8,32,8,k8,True,0.7208865880966187,slowfast_r50,hmdb51
Pull-ups_+_Push_ups-_a_time-saving_workout_pullup_u_cm_np1_ri_med_2,26,80,8,32,8,k8,False,0.5179035067558289,slowfast_r50,hmdb51
Girl_does_12_pull-ups_pullup_u_cm_np1_ba_med_0,26,84,8,32,8,k8,False,0.336916983127594,slowfast_r50,hmdb51
Eight_wide_grip_pull-ups_pullup_u_cm_np1_ba_med_1,26,88,8,32,8,k8,False,0.7244256138801575,slowfast_r50,hmdb51
20_good_form_pullups_pullup_f_nm_np1_ri_goo_0,26,81,8,32,8,k8,False,0.6453290581703186,slowfast_r50,hmdb51
12_Pull-ups_by_female_athlete_pullup_f_cm_np1_ba_med_2,26,80,8,32,8,k8,False,0.44639852643013,slowfast_r50,hmdb51
Metaphysics_Pull_up_specialist_pullup_u_cm_np1_ba_med_1,26,82,8,32,8,k8,False,0.6610404253005981,slowfast_r50,hmdb51
22_Pull-ups_with_Speed_and_Perfect_Form_pullup_f_cm_np1_ba_med_0,26,79,8,32,8,k8,False,0.8985975980758667,slowfast_r50,hmdb51
Girl_does_12_pull-ups_pullup_u_cm_np1_ba_med_2,26,84,8,32,8,k8,False,0.27728456258773804,slowfast_r50,hmdb51
20_Pull_ups_at_160_15_1_2_inch_biceps_(_wide_grip_)_pullup_u_cm_np1_ba_med_2,26,81,8,32,8,k8,False,0.26211264729499817,slowfast_r50,hmdb51
46_Pull_ups_pullup_f_cm_np1_fr_bad_1,26,81,8,32,8,k8,False,0.3926362693309784,slowfast_r50,hmdb51
Random_Pull_Up_Exercises_pullup_f_nm_np1_ba_med_1,26,80,8,32,8,k8,False,0.5823989510536194,slowfast_r50,hmdb51
Pull_ups-_77_for_8_minutes_without_rest_pullup_u_cm_np1_fr_bad_0,26,80,8,32,8,k8,False,0.22073353826999664,slowfast_r50,hmdb51
The_Matrix_4_punch_u_nm_np1_fr_bad_3,27,41,8,32,8,k8,False,0.47445255517959595,slowfast_r50,hmdb51
Crash_punch_h_cm_np1_ri_med_18,27,36,8,32,8,k8,False,0.5725248456001282,slowfast_r50,hmdb51
50_FIRST_DATES_punch_f_nm_np1_ri_med_16,27,47,8,32,8,k8,False,0.983574390411377,slowfast_r50,hmdb51
PracticingBoxingonaDoubleEndBag-LeadRightwithaHook_punch_u_nm_np1_fr_med_12,27,91,8,32,8,k8,True,0.9669451713562012,slowfast_r50,hmdb51
AdvancedBoxingTechniquesandExercises_punch_u_nm_np1_ri_med_20,27,62,8,32,8,k8,True,0.7824889421463013,slowfast_r50,hmdb51
Return_of_the_King_10_punch_u_cm_np1_ba_med_0,27,45,8,32,8,k8,False,0.4134581983089447,slowfast_r50,hmdb51
PracticingBoxingonaDoubleEndBag-LeadRightwithaHook_punch_u_nm_np1_fr_med_5,27,92,8,32,8,k8,True,0.7509468793869019,slowfast_r50,hmdb51
PracticingBoxingonaDoubleEndBag-LeadRightwithaHook_punch_u_nm_np1_fr_med_9,27,90,8,32,8,k8,True,0.2504139542579651,slowfast_r50,hmdb51
BoxingTipsHowtoMakeKnucklesStronger_punch_u_nm_np1_ri_goo_0,27,62,8,32,8,k8,True,0.999656081199646,slowfast_r50,hmdb51
TheBoondockSaints_punch_f_cm_np1_ri_bad_36,27,49,8,32,8,k8,False,0.5701873302459717,slowfast_r50,hmdb51
Return_of_the_King_10_punch_u_cm_np1_ri_med_1,27,38,8,32,8,k8,False,0.3014553487300873,slowfast_r50,hmdb51
RETURN_OF_THE_KING_punch_u_cm_np1_ri_med_34,27,45,8,32,8,k8,False,0.5601194500923157,slowfast_r50,hmdb51
BeginnerKyokushinKarateTechniques_punch_f_nm_np2_fr_med_2,27,274,8,32,8,k8,True,0.9670504927635193,slowfast_r50,hmdb51
Italian_Job_4_punch_u_cm_np1_fr_med_1,27,57,8,32,8,k8,False,0.8428474068641663,slowfast_r50,hmdb51
kick__bruce_lee_v_s_japanese_punch_u_cm_np1_ri_bad_3,27,30,8,32,8,k8,True,0.7838435173034668,slowfast_r50,hmdb51
AdvancedBoxingTechniquesandExercises_punch_u_nm_np1_ba_med_5,27,80,8,32,8,k8,True,0.9608740210533142,slowfast_r50,hmdb51
The_Departed_-_Part_1_punch_h_cm_np1_fr_bad_3,27,49,8,32,8,k8,True,0.8135759830474854,slowfast_r50,hmdb51
TheBoondockSaints_punch_u_nm_np1_le_bad_37,27,24,8,32,8,k8,True,0.5167751908302307,slowfast_r50,hmdb51
cmd_pushing_box_2_push_f_cm_np1_ba_bad_1,28,79,8,32,8,k8,True,0.8691012859344482,slowfast_r50,hmdb51
pushing_cart_push_f_cm_np1_le_bad_1,28,82,8,32,8,k8,False,0.15208671987056732,slowfast_r50,hmdb51
Big_Bebe_walking_and_pushing_her_lion_in_a_box!_push_f_cm_np1_fr_bad_5,28,80,8,32,8,k8,False,0.4665868282318115,slowfast_r50,hmdb51
Davos_-_Anschieben_von_Michis_Auto_push_f_cm_np1_ri_med_1,28,81,8,32,8,k8,False,0.7366137504577637,slowfast_r50,hmdb51
pushing_blocks_push_f_nm_np1_le_bad_1,28,80,8,32,8,k8,False,0.9904375672340393,slowfast_r50,hmdb51
pushing_blocks_push_f_nm_np1_le_bad_2,28,80,8,32,8,k8,False,0.9932706952095032,slowfast_r50,hmdb51
Box_Pull_Push_push_f_cm_np1_ba_bad_2,28,80,8,32,8,k8,True,0.9709774255752563,slowfast_r50,hmdb51
Big_Bebe_walking_and_pushing_her_lion_in_a_box!_push_f_cm_np1_ba_bad_7,28,80,8,32,8,k8,False,0.4439598023891449,slowfast_r50,hmdb51
Big_Bebe_walking_and_pushing_her_lion_in_a_box!_push_f_cm_np1_le_bad_6,28,80,8,32,8,k8,False,0.4430829584598541,slowfast_r50,hmdb51
Joshua_pushing_wagon_push_f_cm_np1_le_bad_0,28,71,8,32,8,k8,True,0.5679477453231812,slowfast_r50,hmdb51
Cross_Pushing_Table_push_f_cm_np1_ba_bad_2,28,84,8,32,8,k8,True,0.9901683330535889,slowfast_r50,hmdb51
Baby_Push_Cart_push_f_cm_np1_ri_bad_0,28,80,8,32,8,k8,True,0.33893224596977234,slowfast_r50,hmdb51
micah_pushing_wagon_push_f_cm_np1_le_bad_2,28,80,8,32,8,k8,False,0.5383756160736084,slowfast_r50,hmdb51
Pushing_Music_Table_push_f_cm_np1_ba_bad_6,28,99,8,32,8,k8,False,0.817104160785675,slowfast_r50,hmdb51
Davos_-_Anschieben_von_Michis_Auto_push_f_cm_np1_fr_bad_0,28,140,8,32,8,k8,False,0.16522347927093506,slowfast_r50,hmdb51
pushing_box_around_house_push_f_cm_np1_le_bad_3,28,101,8,32,8,k8,True,0.2023492008447647,slowfast_r50,hmdb51
pushing_box_around_house_push_f_cm_np1_le_med_2,28,67,8,32,8,k8,False,0.3230843245983124,slowfast_r50,hmdb51
Pushups_Workout__Push_Up_protein__Part_One_pushup_f_cm_np1_ri_bad_1,29,81,8,32,8,k8,False,0.7289786338806152,slowfast_r50,hmdb51
Push_Up_Workout_--_Do_100_Total_Pushups_In_A_Row_pushup_f_nm_np1_le_med_2,29,81,8,32,8,k8,True,0.47017934918403625,slowfast_r50,hmdb51
38_push-ups!_Not_bad_for_a_girl_pushup_f_cm_np2_fr_med_3,29,82,8,32,8,k8,False,0.9946662187576294,slowfast_r50,hmdb51
Push_Ups_1_pushup_f_nm_np1_le_med_1,29,80,8,32,8,k8,False,0.2571888566017151,slowfast_r50,hmdb51
Push_Up_Battle_pushup_u_cm_np2_le_bad_2,29,82,8,32,8,k8,False,0.25039562582969666,slowfast_r50,hmdb51
Push_Up_fitness_training_video_pushup_f_nm_np1_le_goo_0,29,105,8,32,8,k8,False,0.10679170489311218,slowfast_r50,hmdb51
Exercise_Clip_-_Push-up_Improvement_with_SGT_Ken_pushup_f_cm_np1_fr_med_1,29,80,8,32,8,k8,False,0.4891047477722168,slowfast_r50,hmdb51
Day_19__100_Pushups_a_Day_Challenge!_(_Break_Your_Rules_)_pushup_f_nm_np1_fr_goo_0,29,80,8,32,8,k8,False,0.1503981500864029,slowfast_r50,hmdb51
Push_Ups_1_pushup_f_nm_np1_le_med_0,29,80,8,32,8,k8,False,0.27174830436706543,slowfast_r50,hmdb51
100_push_ups_pushup_f_nm_np1_ri_med_1,29,82,8,32,8,k8,False,0.3796304166316986,slowfast_r50,hmdb51
pseudo_planche_pushups_pushup_u_nm_np1_ri_bad_0,29,84,8,32,8,k8,False,0.168338805437088,slowfast_r50,hmdb51
PUSH_UP_pushup_u_cm_np1_ba_med_4,29,80,8,32,8,k8,False,0.9242459535598755,slowfast_r50,hmdb51
Chris_Comfort_s_Push_Up_Workout_Part_I_pushup_f_nm_np1_ri_goo_2,29,166,8,32,8,k8,False,0.23075564205646515,slowfast_r50,hmdb51
DC_Personal_Trainer_-_How_To_Do_A_Push-up_The_RIGHT_Way_pushup_f_nm_np1_ri_goo_0,29,106,8,32,8,k8,False,0.34895288944244385,slowfast_r50,hmdb51
push-up_or_shut_up_(IXK)_pushup_f_cm_np1_le_med_2,29,80,8,32,8,k8,False,0.8873875737190247,slowfast_r50,hmdb51
Yorki_Kassy_beim_Fahrrad_fahren_ride_bike_f_cm_np1_le_med_0,30,107,8,32,8,k8,True,0.9954923391342163,slowfast_r50,hmdb51
TVs_Best_Kisses_Top_50-_(40_to_31)_kiss_h_cm_np2_le_goo_10,22,133,16,32,16,k16,True,0.9999957084655762,slowfast_r50,hmdb51
kiss_mix_kiss_f_cm_np2_le_med_1,22,149,16,32,16,k16,False,0.220868319272995,slowfast_r50,hmdb51
TVs_Best_Kisses_Top_50-_(40_to_31)_kiss_u_nm_np2_le_goo_7,22,68,16,32,16,k16,True,0.8233245015144348,slowfast_r50,hmdb51
Hangingbyamomentfavoritekisses_kiss_u_cm_np2_ri_med_1,22,192,16,32,16,k16,True,0.9988658428192139,slowfast_r50,hmdb51
5GreatHollywoodKisses_kiss_u_nm_np2_ri_goo_2,22,276,16,32,16,k16,True,0.991043210029602,slowfast_r50,hmdb51
Hangingbyamomentfavoritekisses_kiss_h_cm_np2_ri_goo_9,22,185,16,32,16,k16,True,0.9999872446060181,slowfast_r50,hmdb51
BestKisses_kiss_h_cm_np2_le_goo_8,22,86,16,32,16,k16,True,0.997968852519989,slowfast_r50,hmdb51
Best_kisses_kiss_h_cm_np2_le_goo_2,22,168,16,32,16,k16,True,0.9567798972129822,slowfast_r50,hmdb51
5GreatHollywoodKisses_kiss_h_cm_np2_ri_goo_1,22,260,16,32,16,k16,True,0.9989911913871765,slowfast_r50,hmdb51
BestKisses_kiss_h_cm_np2_ri_goo_13,22,115,16,32,16,k16,True,0.9986767172813416,slowfast_r50,hmdb51
Best_Kisses_in_TV_Movies_1_3_kiss_h_cm_np2_le_goo_4,22,142,16,32,16,k16,True,0.9996570348739624,slowfast_r50,hmdb51
Best_kisses_kiss_h_nm_np2_le_goo_5,22,197,16,32,16,k16,True,0.999980092048645,slowfast_r50,hmdb51
BestKisses_kiss_h_cm_np2_fr_goo_7,22,96,16,32,16,k16,True,0.9989331364631653,slowfast_r50,hmdb51
Prelinger_HabitPat1954_laugh_u_nm_np2_ri_med_21,23,127,16,32,16,k16,False,0.31906747817993164,slowfast_r50,hmdb51
Skype_Laughter_by_Hungary_laugh_h_nm_np2_fr_goo_1,23,197,16,32,16,k16,True,0.9955991506576538,slowfast_r50,hmdb51
Skype_Laughter_Chain_laugh_h_cm_np1_fr_goo_14,23,136,16,32,16,k16,True,0.9680992364883423,slowfast_r50,hmdb51
Best_Of_Skype_Laughter_Chain_laugh_h_nm_np2_fr_med_19,23,178,16,32,16,k16,True,0.9677226543426514,slowfast_r50,hmdb51
Skype_Laughter_Chain_reaction_(-_laugh_u_nm_np2_ri_med_1,23,362,16,32,16,k16,True,0.9591394662857056,slowfast_r50,hmdb51
Italian_Job_1_laugh_h_nm_np1_fr_bad_1,23,61,16,32,16,k16,False,0.7931321859359741,slowfast_r50,hmdb51
Glory_laugh_h_nm_np1_fr_bad_4,23,88,16,32,16,k16,True,0.9898048639297485,slowfast_r50,hmdb51
laughing_out_her_brains_laugh_u_cm_np1_fr_med_3,23,181,16,32,16,k16,True,0.9394336342811584,slowfast_r50,hmdb51
Skype_Laughter_Chain_laugh_h_cm_np1_fr_goo_6,23,302,16,32,16,k16,True,0.8626419305801392,slowfast_r50,hmdb51
Can_t_stop_laughing_laugh_u_cm_np1_fr_goo_0,23,211,16,32,16,k16,True,0.8825597763061523,slowfast_r50,hmdb51
Skype_Laughter_Chain_laugh_h_cm_np1_fr_goo_12,23,80,16,32,16,k16,True,0.47906455397605896,slowfast_r50,hmdb51
Skype_Laughter_Chain_Reaction_laugh_h_cm_np1_fr_goo_0,23,225,16,32,16,k16,False,0.840043306350708,slowfast_r50,hmdb51
Best_Of_Skype_Laughter_Chain_laugh_h_nm_np1_fr_goo_13,23,115,16,32,16,k16,True,0.9989983439445496,slowfast_r50,hmdb51
Re-_Skype_Laughter_Chain_3_laugh_h_nm_np2_fr_med_0,23,184,16,32,16,k16,True,0.9918463826179504,slowfast_r50,hmdb51
Der_Lachsack___Laughing_Bag___keep_on_smiling_;0)_laugh_h_cm_np1_fr_med_1,23,175,16,32,16,k16,True,0.9888910055160522,slowfast_r50,hmdb51
best_laugh_attack_ever!_laugh_h_nm_np1_fr_goo_1,23,160,16,32,16,k16,True,0.9688557386398315,slowfast_r50,hmdb51
Crazy_Drunk_Girl_Laugh_laugh_h_cm_np1_fr_goo_0,23,148,16,32,16,k16,True,0.996938943862915,slowfast_r50,hmdb51
Best_Of_Skype_Laughter_Chain_laugh_h_nm_np1_fr_goo_12,23,100,16,32,16,k16,True,0.9969366788864136,slowfast_r50,hmdb51
Re-_skype_laughter_chain_2_laugh_h_nm_np2_fr_goo_1,23,260,16,32,16,k16,True,0.9983459711074829,slowfast_r50,hmdb51
Search_and_Identify_Golf_Ball_-_www_mulliganplus_com_pick_f_nm_np1_le_goo_0,24,166,16,32,16,k16,False,0.374921053647995,slowfast_r50,hmdb51
Juno_pick_u_cm_np1_le_bad_9,24,105,16,32,16,k16,False,0.5672295689582825,slowfast_r50,hmdb51
Fishing_For_People_pick_f_cm_np2_ri_med_1,24,80,16,32,16,k16,False,0.54591965675354,slowfast_r50,hmdb51
Wallet_Trick_pick_f_cm_np4_ri_med_0,24,80,16,32,16,k16,False,0.17567573487758636,slowfast_r50,hmdb51
Dollar_Prank_at_Wally_World_pick_f_nm_np1_le_med_2,24,80,16,32,16,k16,False,0.29604196548461914,slowfast_r50,hmdb51
Dollar_Prank_at_the_Rivertown_Mall_pick_f_nm_np1_fr_med_1,24,80,16,32,16,k16,True,0.17715761065483093,slowfast_r50,hmdb51
Pick_Up_The_Phone_pick_u_nm_np1_fr_med_0,24,80,16,32,16,k16,False,0.2891328036785126,slowfast_r50,hmdb51
Die_Pfandpiraten_Doku_pick_f_cm_np1_ba_med_2,24,85,16,32,16,k16,False,0.45594799518585205,slowfast_r50,hmdb51
Wallet_Trick_pick_f_cm_np2_fr_bad_1,24,82,16,32,16,k16,False,0.9907801747322083,slowfast_r50,hmdb51
Wallet_Trick_pick_f_cm_np1_fr_bad_4,24,80,16,32,16,k16,False,0.2677687704563141,slowfast_r50,hmdb51
Torwarttraining_-_Impressionen_vom_1__FFC_Frankfurt_pick_f_cm_np1_fr_goo_3,24,53,16,32,16,k16,False,0.9897474050521851,slowfast_r50,hmdb51
ThePerfectScore_pick_u_nm_np1_ba_goo_3,24,51,16,32,16,k16,False,0.2695232629776001,slowfast_r50,hmdb51
ThreeStories_pick_u_cm_np1_ri_med_3,24,53,16,32,16,k16,False,0.43457329273223877,slowfast_r50,hmdb51
M_ll_sammeln_pick_f_cm_np1_fr_bad_0,24,108,16,32,16,k16,False,0.5877284407615662,slowfast_r50,hmdb51
Portemonnaie-Trick_Openair_Lumnezia_2008_Nr__2_pick_f_cm_np2_fr_med_0,24,84,16,32,16,k16,False,0.7419762015342712,slowfast_r50,hmdb51
The_Pomegranate_Martini_pour_u_nm_np1_fr_med_0,25,113,16,32,16,k16,False,0.8818830251693726,slowfast_r50,hmdb51
Bottoms_Up_-_Bartending_Lesson__Licor_43_Dreamsicle_pour_u_nm_np2_fr_goo_0,25,230,16,32,16,k16,True,0.932809054851532,slowfast_r50,hmdb51
Bar_Basics_-_How_to_Pour_Liquor_Accurately_by_Counting_pour_u_cm_np1_fr_med_2,25,68,16,32,16,k16,True,0.9842056035995483,slowfast_r50,hmdb51
Chinese_tea_ceremony_pour_u_cm_np1_fr_goo_0,25,112,16,32,16,k16,True,0.9827693700790405,slowfast_r50,hmdb51
Robin_and_the_magical_tea_pour_pour_u_cm_np1_fr_goo_0,25,240,16,32,16,k16,True,0.6623154282569885,slowfast_r50,hmdb51
Tea_in_Wudang_pour_u_nm_np1_fr_med_2,25,104,16,32,16,k16,True,0.964076042175293,slowfast_r50,hmdb51
Traditional_chinese_tea_ceremony_pour_u_cm_np1_fr_goo_0,25,256,16,32,16,k16,True,0.628102719783783,slowfast_r50,hmdb51
New_Orleans__best_cocktails-_Hot_Buttered_Rum_pour_u_nm_np1_fr_med_1,25,173,16,32,16,k16,True,0.9684768915176392,slowfast_r50,hmdb51
Highball_Cocktail_Drink_Recipe_pour_u_nm_np1_fr_med_0,25,153,16,32,16,k16,True,0.9822388887405396,slowfast_r50,hmdb51
Bottoms_Up_-_Bartending_Lesson__The_Margarita!_pour_u_nm_np1_fr_goo_2,25,80,16,32,16,k16,True,0.984752357006073,slowfast_r50,hmdb51
Bartender_of_America_Bartending_School_pour_u_cm_np1_fr_med_2,25,101,16,32,16,k16,True,0.9949309229850769,slowfast_r50,hmdb51
How_to_pour_beer_pour_u_nm_np1_fr_goo_0,25,1063,16,32,16,k16,True,0.9264025092124939,slowfast_r50,hmdb51
Gaiwan_tea_ceremony_pour_u_cm_np1_fr_med_1,25,217,16,32,16,k16,True,0.9539127945899963,slowfast_r50,hmdb51
Flaming_B52_Shot_Drink_pour_u_nm_np1_fr_med_1,25,427,16,32,16,k16,True,0.9895200729370117,slowfast_r50,hmdb51
Bartender_School_Students_Practice_pour_u_cm_np1_fr_med_2,25,88,16,32,16,k16,True,0.9443250894546509,slowfast_r50,hmdb51
46_Pull_ups_pullup_f_cm_np1_fr_bad_2,26,81,16,32,16,k16,False,0.1474016308784485,slowfast_r50,hmdb51
50_pull_ups_made_in_germany_pullup_f_nm_np1_le_med_2,26,80,16,32,16,k16,True,0.9399881958961487,slowfast_r50,hmdb51
Pull_ups-_77_for_8_minutes_without_rest_pullup_u_cm_np1_fr_bad_2,26,80,16,32,16,k16,True,0.9713957905769348,slowfast_r50,hmdb51
Pull-ups_+_Push_ups-_a_time-saving_workout_pullup_u_cm_np1_ri_med_2,26,80,16,32,16,k16,True,0.7768760323524475,slowfast_r50,hmdb51
Girl_does_12_pull-ups_pullup_u_cm_np1_ba_med_0,26,84,16,32,16,k16,True,0.965120792388916,slowfast_r50,hmdb51
Eight_wide_grip_pull-ups_pullup_u_cm_np1_ba_med_1,26,88,16,32,16,k16,True,0.9589924216270447,slowfast_r50,hmdb51
20_good_form_pullups_pullup_f_nm_np1_ri_goo_0,26,81,16,32,16,k16,True,0.9522905945777893,slowfast_r50,hmdb51
12_Pull-ups_by_female_athlete_pullup_f_cm_np1_ba_med_2,26,80,16,32,16,k16,False,0.5891913175582886,slowfast_r50,hmdb51
Metaphysics_Pull_up_specialist_pullup_u_cm_np1_ba_med_1,26,82,16,32,16,k16,False,0.25300705432891846,slowfast_r50,hmdb51
22_Pull-ups_with_Speed_and_Perfect_Form_pullup_f_cm_np1_ba_med_0,26,79,16,32,16,k16,True,0.9638614058494568,slowfast_r50,hmdb51
Girl_does_12_pull-ups_pullup_u_cm_np1_ba_med_2,26,84,16,32,16,k16,True,0.9343390464782715,slowfast_r50,hmdb51
20_Pull_ups_at_160_15_1_2_inch_biceps_(_wide_grip_)_pullup_u_cm_np1_ba_med_2,26,81,16,32,16,k16,True,0.9239708781242371,slowfast_r50,hmdb51
46_Pull_ups_pullup_f_cm_np1_fr_bad_1,26,81,16,32,16,k16,True,0.19012270867824554,slowfast_r50,hmdb51
Random_Pull_Up_Exercises_pullup_f_nm_np1_ba_med_1,26,80,16,32,16,k16,True,0.9719879627227783,slowfast_r50,hmdb51
Pull_ups-_77_for_8_minutes_without_rest_pullup_u_cm_np1_fr_bad_0,26,80,16,32,16,k16,True,0.9774537682533264,slowfast_r50,hmdb51
The_Matrix_4_punch_u_nm_np1_fr_bad_3,27,41,16,32,16,k16,True,0.9862859845161438,slowfast_r50,hmdb51
Crash_punch_h_cm_np1_ri_med_18,27,36,16,32,16,k16,True,0.21552665531635284,slowfast_r50,hmdb51
50_FIRST_DATES_punch_f_nm_np1_ri_med_16,27,47,16,32,16,k16,True,0.5316870808601379,slowfast_r50,hmdb51
PracticingBoxingonaDoubleEndBag-LeadRightwithaHook_punch_u_nm_np1_fr_med_12,27,91,16,32,16,k16,True,0.9999351501464844,slowfast_r50,hmdb51
AdvancedBoxingTechniquesandExercises_punch_u_nm_np1_ri_med_20,27,62,16,32,16,k16,True,0.9736440181732178,slowfast_r50,hmdb51
Return_of_the_King_10_punch_u_cm_np1_ba_med_0,27,45,16,32,16,k16,False,0.1255965232849121,slowfast_r50,hmdb51
PracticingBoxingonaDoubleEndBag-LeadRightwithaHook_punch_u_nm_np1_fr_med_5,27,92,16,32,16,k16,True,0.9997122883796692,slowfast_r50,hmdb51
PracticingBoxingonaDoubleEndBag-LeadRightwithaHook_punch_u_nm_np1_fr_med_9,27,90,16,32,16,k16,True,0.9998801946640015,slowfast_r50,hmdb51
BoxingTipsHowtoMakeKnucklesStronger_punch_u_nm_np1_ri_goo_0,27,62,16,32,16,k16,True,0.9999544620513916,slowfast_r50,hmdb51
TheBoondockSaints_punch_f_cm_np1_ri_bad_36,27,49,16,32,16,k16,True,0.6253035068511963,slowfast_r50,hmdb51
Return_of_the_King_10_punch_u_cm_np1_ri_med_1,27,38,16,32,16,k16,True,0.7896233797073364,slowfast_r50,hmdb51
RETURN_OF_THE_KING_punch_u_cm_np1_ri_med_34,27,45,16,32,16,k16,False,0.8232792615890503,slowfast_r50,hmdb51
BeginnerKyokushinKarateTechniques_punch_f_nm_np2_fr_med_2,27,274,16,32,16,k16,True,0.9994671940803528,slowfast_r50,hmdb51
Italian_Job_4_punch_u_cm_np1_fr_med_1,27,57,16,32,16,k16,True,0.6026597619056702,slowfast_r50,hmdb51
kick__bruce_lee_v_s_japanese_punch_u_cm_np1_ri_bad_3,27,30,16,32,16,k16,True,0.7939347624778748,slowfast_r50,hmdb51
AdvancedBoxingTechniquesandExercises_punch_u_nm_np1_ba_med_5,27,80,16,32,16,k16,True,0.9998844861984253,slowfast_r50,hmdb51
The_Departed_-_Part_1_punch_h_cm_np1_fr_bad_3,27,49,16,32,16,k16,True,0.9960471987724304,slowfast_r50,hmdb51
TheBoondockSaints_punch_u_nm_np1_le_bad_37,27,24,16,32,16,k16,True,0.9204506278038025,slowfast_r50,hmdb51
cmd_pushing_box_2_push_f_cm_np1_ba_bad_1,28,79,16,32,16,k16,True,0.9997097849845886,slowfast_r50,hmdb51
pushing_cart_push_f_cm_np1_le_bad_1,28,82,16,32,16,k16,True,0.9632785320281982,slowfast_r50,hmdb51
Big_Bebe_walking_and_pushing_her_lion_in_a_box!_push_f_cm_np1_fr_bad_5,28,80,16,32,16,k16,True,0.9462733268737793,slowfast_r50,hmdb51
Davos_-_Anschieben_von_Michis_Auto_push_f_cm_np1_ri_med_1,28,81,16,32,16,k16,False,0.3458355963230133,slowfast_r50,hmdb51
pushing_blocks_push_f_nm_np1_le_bad_1,28,80,16,32,16,k16,True,0.9606991410255432,slowfast_r50,hmdb51
pushing_blocks_push_f_nm_np1_le_bad_2,28,80,16,32,16,k16,True,0.802894115447998,slowfast_r50,hmdb51
Box_Pull_Push_push_f_cm_np1_ba_bad_2,28,80,16,32,16,k16,True,0.9984336495399475,slowfast_r50,hmdb51
Big_Bebe_walking_and_pushing_her_lion_in_a_box!_push_f_cm_np1_ba_bad_7,28,80,16,32,16,k16,True,0.9798617362976074,slowfast_r50,hmdb51
Big_Bebe_walking_and_pushing_her_lion_in_a_box!_push_f_cm_np1_le_bad_6,28,80,16,32,16,k16,True,0.997894823551178,slowfast_r50,hmdb51
Joshua_pushing_wagon_push_f_cm_np1_le_bad_0,28,71,16,32,16,k16,True,0.9963793158531189,slowfast_r50,hmdb51
Cross_Pushing_Table_push_f_cm_np1_ba_bad_2,28,84,16,32,16,k16,True,0.9999527931213379,slowfast_r50,hmdb51
Baby_Push_Cart_push_f_cm_np1_ri_bad_0,28,80,16,32,16,k16,True,0.9952297210693359,slowfast_r50,hmdb51
micah_pushing_wagon_push_f_cm_np1_le_bad_2,28,80,16,32,16,k16,True,0.9625226259231567,slowfast_r50,hmdb51
Pushing_Music_Table_push_f_cm_np1_ba_bad_6,28,99,16,32,16,k16,True,0.9967310428619385,slowfast_r50,hmdb51
Davos_-_Anschieben_von_Michis_Auto_push_f_cm_np1_fr_bad_0,28,140,16,32,16,k16,False,0.12796898186206818,slowfast_r50,hmdb51
pushing_box_around_house_push_f_cm_np1_le_bad_3,28,101,16,32,16,k16,True,0.5845206379890442,slowfast_r50,hmdb51
pushing_box_around_house_push_f_cm_np1_le_med_2,28,67,16,32,16,k16,False,0.2091682106256485,slowfast_r50,hmdb51
Pushups_Workout__Push_Up_protein__Part_One_pushup_f_cm_np1_ri_bad_1,29,81,16,32,16,k16,True,0.7708078622817993,slowfast_r50,hmdb51
Push_Up_Workout_--_Do_100_Total_Pushups_In_A_Row_pushup_f_nm_np1_le_med_2,29,81,16,32,16,k16,True,0.9279701709747314,slowfast_r50,hmdb51
38_push-ups!_Not_bad_for_a_girl_pushup_f_cm_np2_fr_med_3,29,82,16,32,16,k16,False,0.9994897842407227,slowfast_r50,hmdb51
Push_Ups_1_pushup_f_nm_np1_le_med_1,29,80,16,32,16,k16,True,0.9568166732788086,slowfast_r50,hmdb51
Push_Up_Battle_pushup_u_cm_np2_le_bad_2,29,82,16,32,16,k16,False,0.233025461435318,slowfast_r50,hmdb51
Push_Up_fitness_training_video_pushup_f_nm_np1_le_goo_0,29,105,16,32,16,k16,True,0.6061993837356567,slowfast_r50,hmdb51
Exercise_Clip_-_Push-up_Improvement_with_SGT_Ken_pushup_f_cm_np1_fr_med_1,29,80,16,32,16,k16,True,0.9459742307662964,slowfast_r50,hmdb51
Day_19__100_Pushups_a_Day_Challenge!_(_Break_Your_Rules_)_pushup_f_nm_np1_fr_goo_0,29,80,16,32,16,k16,True,0.9126113653182983,slowfast_r50,hmdb51
Push_Ups_1_pushup_f_nm_np1_le_med_0,29,80,16,32,16,k16,True,0.8873117566108704,slowfast_r50,hmdb51
100_push_ups_pushup_f_nm_np1_ri_med_1,29,82,16,32,16,k16,True,0.9920744895935059,slowfast_r50,hmdb51
pseudo_planche_pushups_pushup_u_nm_np1_ri_bad_0,29,84,16,32,16,k16,True,0.9003318548202515,slowfast_r50,hmdb51
PUSH_UP_pushup_u_cm_np1_ba_med_4,29,80,16,32,16,k16,False,0.17775052785873413,slowfast_r50,hmdb51
Chris_Comfort_s_Push_Up_Workout_Part_I_pushup_f_nm_np1_ri_goo_2,29,166,16,32,16,k16,True,0.48696058988571167,slowfast_r50,hmdb51
DC_Personal_Trainer_-_How_To_Do_A_Push-up_The_RIGHT_Way_pushup_f_nm_np1_ri_goo_0,29,106,16,32,16,k16,True,0.962556004524231,slowfast_r50,hmdb51
push-up_or_shut_up_(IXK)_pushup_f_cm_np1_le_med_2,29,80,16,32,16,k16,True,0.7739232778549194,slowfast_r50,hmdb51
Yorki_Kassy_beim_Fahrrad_fahren_ride_bike_f_cm_np1_le_med_0,30,107,16,32,16,k16,True,0.9974259734153748,slowfast_r50,hmdb51
Radfahren_um_die_Aggertalsperre_06_09_2009_ride_bike_f_cm_np1_ba_med_12,30,81,1,32,1,k1,False,0.05533759295940399,slowfast_r50,hmdb51
1996_Tour_de_France_-_Indurain_Cracks_ride_bike_f_cm_np1_ri_med_4,30,79,1,32,1,k1,False,0.18252351880073547,slowfast_r50,hmdb51
#437_How_To_Ride_A_Bike_ride_bike_f_cm_np1_ba_med_0,30,81,1,32,1,k1,False,0.1885063201189041,slowfast_r50,hmdb51
Finding_Forrester_5_ride_bike_f_cm_np1_fr_bad_1,30,167,1,32,1,k1,False,0.06859336793422699,slowfast_r50,hmdb51
1996_Tour_de_France_-_Indurain_Cracks_ride_bike_f_cm_np1_ba_med_1,30,124,1,32,1,k1,False,0.18235819041728973,slowfast_r50,hmdb51
1989_Tour_de_France_Final_Time_Trial_ride_bike_f_cm_np1_le_med_4,30,81,1,32,1,k1,False,0.06475798785686493,slowfast_r50,hmdb51
Fahrrad_Eigenbau_ride_bike_f_cm_np1_ri_med_0,30,140,1,32,1,k1,False,0.07634255290031433,slowfast_r50,hmdb51
Learn_How_To_Ride_A_Bike_at_Any_Age_ride_bike_f_cm_np1_le_med_5,30,80,1,32,1,k1,True,0.7754120230674744,slowfast_r50,hmdb51
David_beim_Fahrrad_fahren_X_x_ride_bike_f_cm_np1_ri_med_4,30,92,1,32,1,k1,True,0.11318622529506683,slowfast_r50,hmdb51
Fahrrad_Eigenbau_ride_bike_f_cm_np1_le_med_1,30,136,1,32,1,k1,True,0.3300797939300537,slowfast_r50,hmdb51
Tour_de_France_2009_ETAPA_16_ESPN_ESP__Kilometros_finales_ride_bike_f_cm_np1_ba_bad_2,30,55,1,32,1,k1,False,0.09477443248033524,slowfast_r50,hmdb51
Learn_How_To_Ride_A_Bike_at_Any_Age_ride_bike_f_cm_np1_ba_med_7,30,80,1,32,1,k1,True,0.7301208972930908,slowfast_r50,hmdb51
Learn_How_To_Ride_A_Bike_at_Any_Age_ride_bike_f_cm_np1_ba_med_1,30,80,1,32,1,k1,True,0.18723183870315552,slowfast_r50,hmdb51
Radfahren_um_die_Aggertalsperre_06_09_2009_ride_bike_f_cm_np2_le_med_14,30,81,1,32,1,k1,True,0.1459358185529709,slowfast_r50,hmdb51
Mylifehorseriding_ride_horse_f_cm_np1_le_med_4,31,148,1,32,1,k1,True,0.9999898672103882,slowfast_r50,hmdb51
Alifestyle_ride_horse_f_cm_np1_fr_med_4,31,291,1,32,1,k1,True,0.18796174228191376,slowfast_r50,hmdb51
CrossCountry_ride_horse_l_cm_np1_ri_med_7,31,67,1,32,1,k1,True,0.20114003121852875,slowfast_r50,hmdb51
ChelseaLately-Chelsea_ride_horse_f_cm_np1_le_med_3,31,80,1,32,1,k1,False,0.21439751982688904,slowfast_r50,hmdb51
HorseRiding_ride_horse_f_cm_np1_ba_med_5,31,95,1,32,1,k1,True,0.2997805178165436,slowfast_r50,hmdb51
BethEventingTraingGeorge_ride_horse_f_cm_np1_ri_med_4,31,98,1,32,1,k1,False,0.06327151507139206,slowfast_r50,hmdb51
Return_of_the_King_9_ride_horse_f_cm_np1_ri_med_2,31,87,1,32,1,k1,False,0.11226240545511246,slowfast_r50,hmdb51
Alifestyle_ride_horse_f_cm_np1_le_med_2,31,101,1,32,1,k1,True,0.43722859025001526,slowfast_r50,hmdb51
ChelseaLately-Chelsea_ride_horse_f_cm_np1_le_med_6,31,133,1,32,1,k1,True,0.9998970031738281,slowfast_r50,hmdb51
ALeapToFreedom_ride_horse_f_nm_np1_ba_med_1,31,111,1,32,1,k1,True,0.051727890968322754,slowfast_r50,hmdb51
Caspar_ride_horse_f_cm_np1_ri_med_1,31,161,1,32,1,k1,False,0.1482316255569458,slowfast_r50,hmdb51
Return_of_the_King_6_ride_horse_f_cm_np3_ba_med_0,31,123,1,32,1,k1,False,0.08254941552877426,slowfast_r50,hmdb51
Alifestyle_ride_horse_f_cm_np1_le_med_5,31,436,1,32,1,k1,False,0.43552470207214355,slowfast_r50,hmdb51
DressageandJumping_ride_horse_f_cm_np1_fr_med_2,31,227,1,32,1,k1,False,0.06418745219707489,slowfast_r50,hmdb51
HorseRiding_ride_horse_f_cm_np1_ri_med_1,31,114,1,32,1,k1,False,0.07068880647420883,slowfast_r50,hmdb51
Return_of_the_King_2_ride_horse_f_cm_np1_ba_bad_8,31,106,1,32,1,k1,False,0.05053728446364403,slowfast_r50,hmdb51
ChikiMovie_ride_horse_f_cm_np1_ri_med_7,31,25,1,32,1,k1,True,0.9998119473457336,slowfast_r50,hmdb51
HP_PRISONER_OF_AZKABAN_run_f_cm_np1_le_bad_35,32,55,1,32,1,k1,False,0.8420373201370239,slowfast_r50,hmdb51
likebeckam_run_f_cm_np1_ba_med_14,32,81,1,32,1,k1,False,0.06572049856185913,slowfast_r50,hmdb51
BLACK_HAWK_DOWN_run_l_nm_np1_ba_med_33,32,50,1,32,1,k1,False,0.20860649645328522,slowfast_r50,hmdb51
likebeckam_run_f_cm_np1_ri_med_1,32,22,1,32,1,k1,False,0.2030211240053177,slowfast_r50,hmdb51
KUNG_FU_HUSTLE_run_f_cm_np1_fr_med_27,32,74,1,32,1,k1,False,0.980801522731781,slowfast_r50,hmdb51
prelinger_they_grow_up_so_fast_1_run_f_cm_np1_ri_med_14,32,199,1,32,1,k1,False,0.06496915966272354,slowfast_r50,hmdb51
Man_Who_Cheated_Himself_512kb_run_f_cm_np1_fr_bad_4,32,78,1,32,1,k1,False,0.7123951315879822,slowfast_r50,hmdb51
TheLastManOnearth_run_f_nm_np1_fr_med_42,32,77,1,32,1,k1,False,0.997759222984314,slowfast_r50,hmdb51
TheLastManOnearth_run_f_nm_np1_ba_bad_40,32,107,1,32,1,k1,False,0.07105614989995956,slowfast_r50,hmdb51
20060723sfjffangelina_run_f_nm_np1_ri_med_1,32,34,1,32,1,k1,False,0.08934040367603302,slowfast_r50,hmdb51
THE_PROTECTOR_run_f_cm_np1_le_med_15,32,47,1,32,1,k1,False,0.3921155631542206,slowfast_r50,hmdb51
prelinger_LetsPlay1949_run_f_nm_np1_fr_med_16,32,96,1,32,1,k1,False,0.8105245232582092,slowfast_r50,hmdb51
Crash_run_f_cm_np1_fr_med_17,32,113,1,32,1,k1,False,0.3251926600933075,slowfast_r50,hmdb51
Fellowship_7_run_u_cm_np1_fr_med_5,32,47,1,32,1,k1,False,0.9369249939918518,slowfast_r50,hmdb51
HP_PRISONER_OF_AZKABAN_run_f_cm_np1_ba_bad_36,32,48,1,32,1,k1,False,0.37017694115638733,slowfast_r50,hmdb51
RETURN_OF_THE_KING_run_f_cm_np1_fr_med_52,32,83,1,32,1,k1,False,0.9651612043380737,slowfast_r50,hmdb51
THE_PROTECTOR_run_f_cm_np1_le_med_42,32,51,1,32,1,k1,False,0.05969594046473503,slowfast_r50,hmdb51
GOAL_2_living_the_dream_movie_part_2_run_f_cm_np4_fr_med_1,32,48,1,32,1,k1,False,0.6903695464134216,slowfast_r50,hmdb51
TheBoondockSaints_run_h_cm_np1_fr_bad_69,32,48,1,32,1,k1,False,0.09837939590215683,slowfast_r50,hmdb51
RETURN_OF_THE_KING_run_f_cm_np1_fr_med_31,32,48,1,32,1,k1,False,0.333126425743103,slowfast_r50,hmdb51
Emma_2008_Eurofinals_-_prize_giving_ceremony_Team_Pioneer_members_divx_shake_hands_u_cm_np2_le_med_0,33,79,1,32,1,k1,False,0.6114963889122009,slowfast_r50,hmdb51
Wrestling_World_Cup_2008_-_FW-_Team_-_Award_Ceremony_shake_hands_f_cm_np2_le_med_3,33,79,1,32,1,k1,False,0.10415904968976974,slowfast_r50,hmdb51
d173_graveyard_call_price_giving_ceremony_shake_hands_f_cm_np2_le_med_6,33,80,1,32,1,k1,False,0.1019180417060852,slowfast_r50,hmdb51
Hand_Shake_Guy_shake_hands_f_nm_np2_le_med_4,33,80,1,32,1,k1,False,0.9284407496452332,slowfast_r50,hmdb51
IPL_Awards_Ceremony_shake_hands_f_cm_np2_ba_med_0,33,79,1,32,1,k1,True,0.4283446669578552,slowfast_r50,hmdb51
IPL_Awards_Ceremony_shake_hands_u_cm_np2_ba_med_7,33,79,1,32,1,k1,False,0.3450702428817749,slowfast_r50,hmdb51
2009_NJEHA_Conference__Awards_Ceremony_-_Part_1_shake_hands_u_cm_np2_le_med_0,33,80,1,32,1,k1,False,0.1802210807800293,slowfast_r50,hmdb51
Meeting_with_Boyko_Borisov__Prime_Minister_of_Bulgaria_shake_hands_u_cm_np2_le_med_1,33,109,1,32,1,k1,True,0.37773633003234863,slowfast_r50,hmdb51
Wrestling_World_Cup_2008_-_FW-_Team_-_Award_Ceremony_shake_hands_f_cm_np2_le_bad_5,33,79,1,32,1,k1,False,0.05067942664027214,slowfast_r50,hmdb51
Speech_Day_2009_(Part_9)_shake_hands_f_cm_np2_le_med_4,33,80,1,32,1,k1,False,0.47355273365974426,slowfast_r50,hmdb51
IPL_Awards_Ceremony_shake_hands_u_cm_np2_ba_med_3,33,79,1,32,1,k1,False,0.2564811408519745,slowfast_r50,hmdb51
Slavi_Trifonov_-_Gaco_Bacov_11_02_08_shake_hands_u_cm_np2_le_bad_0,33,80,1,32,1,k1,False,0.11988134682178497,slowfast_r50,hmdb51
Hand_Shake_Guy_shake_hands_u_nm_np2_le_med_0,33,68,1,32,1,k1,False,0.8349276185035706,slowfast_r50,hmdb51
BSS_2008_-_Wentworth_Miller_erh_lt_gol__Otto_Shootingstar_shake_hands_u_cm_np2_le_med_2,33,81,1,32,1,k1,False,0.1448415070772171,slowfast_r50,hmdb51
Pambos_and_Maria_at_the_Slavi_s_Show_shake_hands_f_cm_np2_le_bad_1,33,80,1,32,1,k1,False,0.06773614138364792,slowfast_r50,hmdb51
Price_giving_ceremony_shake_hands_f_cm_np4_le_med_2,33,79,1,32,1,k1,True,0.2683990001678467,slowfast_r50,hmdb51
RailsConf_09-___Ruby_Heroes_Award_Ceremony__shake_hands_u_cm_np2_le_med_5,33,80,1,32,1,k1,False,0.09182564169168472,slowfast_r50,hmdb51
music_idol3_v_zalata_vliza_boiko_borisov_shake_hands_f_cm_np2_ri_bad_0,33,80,1,32,1,k1,False,0.08613310754299164,slowfast_r50,hmdb51
Speech_Day_2009_(Part_9)_shake_hands_f_cm_np2_le_med_6,33,80,1,32,1,k1,True,0.5535792708396912,slowfast_r50,hmdb51
Meeting_with_Boyko_Borisov__Prime_Minister_of_Bulgaria_shake_hands_u_cm_np2_le_med_0,33,80,1,32,1,k1,True,0.9994940757751465,slowfast_r50,hmdb51
AdamandAlvonplayingbasketball2_shoot_ball_f_cm_np1_le_med_0,34,80,1,32,1,k1,False,0.32782071828842163,slowfast_r50,hmdb51
3PointJumpShotPractice-09_21_07_shoot_ball_f_nm_np1_ri_med_4,34,92,1,32,1,k1,True,0.9661807417869568,slowfast_r50,hmdb51
ReggieMillerTakesonThreeAverageGuysinaShootout_shoot_ball_u_nm_np1_ba_med_6,34,81,1,32,1,k1,True,0.3741012215614319,slowfast_r50,hmdb51
WeTheKingsplaying_shoot_ball_u_cm_np1_ba_med_4,34,112,1,32,1,k1,True,0.07462132722139359,slowfast_r50,hmdb51
WeTheKingsplaying_shoot_ball_u_cm_np1_ba_med_6,34,82,1,32,1,k1,False,0.057483963668346405,slowfast_r50,hmdb51
Finding_Forrester_3_shoot_ball_f_nm_np2_ba_med_6,34,105,1,32,1,k1,False,0.6200441718101501,slowfast_r50,hmdb51
3PointJumpShotPractice-09_21_07_shoot_ball_f_nm_np1_ri_med_3,34,91,1,32,1,k1,True,0.9317018389701843,slowfast_r50,hmdb51
PlayingBasketballGotWater_shoot_ball_f_nm_np1_ba_med_3,34,56,1,32,1,k1,True,0.24035654962062836,slowfast_r50,hmdb51
Clay_sBasketballSkillz_shoot_ball_f_nm_np1_ba_med_4,34,68,1,32,1,k1,False,0.09787513315677643,slowfast_r50,hmdb51
AdamandAlvonplayingbasketball1_shoot_ball_f_nm_np1_ba_med_11,34,80,1,32,1,k1,False,0.07804408669471741,slowfast_r50,hmdb51
ImprovingBasketballSkills-BasketballNBA3-PointShots_shoot_ball_f_nm_np1_ri_med_0,34,84,1,32,1,k1,False,0.19617503881454468,slowfast_r50,hmdb51
KELVIN_shoot_ball_u_cm_np1_ba_med_7,34,111,1,32,1,k1,True,0.7318084239959717,slowfast_r50,hmdb51
10YearOldYouthBasketballStarBaller_shoot_ball_f_nm_np1_ba_med_13,34,81,1,32,1,k1,True,0.5559993386268616,slowfast_r50,hmdb51
KELVIN_shoot_ball_u_cm_np1_ba_med_6,34,91,1,32,1,k1,True,0.5360937118530273,slowfast_r50,hmdb51
LearnToShootFromTheMaster_shoot_ball_f_nm_np1_ba_med_4,34,82,1,32,1,k1,True,0.27314382791519165,slowfast_r50,hmdb51
10YearOldYouthBasketballStarBaller_shoot_ball_f_nm_np1_ri_med_10,34,58,1,32,1,k1,True,0.47186970710754395,slowfast_r50,hmdb51
Finding_Forrester_1_shoot_ball_f_nm_np1_le_bad_3,34,99,1,32,1,k1,True,0.057750917971134186,slowfast_r50,hmdb51
LearnToShootFromTheMaster_shoot_ball_f_cm_np1_ba_med_6,34,84,1,32,1,k1,True,0.34298697113990784,slowfast_r50,hmdb51
ReggieMillerTakesonThreeAverageGuysinaShootout_shoot_ball_u_nm_np1_ba_med_5,34,95,1,32,1,k1,True,0.8918076753616333,slowfast_r50,hmdb51
JuanReneSerranoSemifinal_shoot_bow_u_cm_np1_le_goo_5,35,314,1,32,1,k1,False,0.44575491547584534,slowfast_r50,hmdb51
ArcheryMaster_shoot_bow_u_cm_np1_ri_med_3,35,350,1,32,1,k1,True,0.16642272472381592,slowfast_r50,hmdb51
MegaPrecisionArchery_shoot_bow_u_nm_np1_fr_med_1,35,264,1,32,1,k1,False,0.284857839345932,slowfast_r50,hmdb51
P3Martin_shoot_bow_u_cm_np1_fr_goo_0,35,392,1,32,1,k1,True,0.9875547289848328,slowfast_r50,hmdb51
Hannahfront23may08_shoot_bow_u_nm_np1_fr_med_1,35,241,1,32,1,k1,True,0.9597233533859253,slowfast_r50,hmdb51
Shootingarecurve_shoot_bow_u_nm_np1_fr_med_1,35,148,1,32,1,k1,False,0.6417374014854431,slowfast_r50,hmdb51
ArcheryFastShooting_shoot_bow_u_nm_np1_fr_med_9,35,80,1,32,1,k1,True,0.7631784677505493,slowfast_r50,hmdb51
Fellowship_7_shoot_bow_h_nm_np1_fr_med_8,35,59,1,32,1,k1,False,0.35011574625968933,slowfast_r50,hmdb51
TURKISHRECURVEBOW_shoot_bow_u_cm_np1_ba_med_0,35,128,1,32,1,k1,False,0.10549966990947723,slowfast_r50,hmdb51
11408ErikaRecurvefront_shoot_bow_u_nm_np1_fr_med_1,35,264,1,32,1,k1,False,0.3304126560688019,slowfast_r50,hmdb51
Updatedvideoofmeshootingteamusaarchery_shoot_bow_u_cm_np1_ri_med_4,35,201,1,32,1,k1,False,0.08525215834379196,slowfast_r50,hmdb51
ArcheryFastShooting_shoot_bow_u_nm_np1_fr_med_10,35,80,1,32,1,k1,True,0.8089311718940735,slowfast_r50,hmdb51
ArcheryFastShooting_shoot_bow_u_nm_np1_fr_med_15,35,80,1,32,1,k1,True,0.4473899006843567,slowfast_r50,hmdb51
MegaPrecisionArchery_shoot_bow_u_nm_np1_fr_med_3,35,308,1,32,1,k1,False,0.10143803060054779,slowfast_r50,hmdb51
Meshooting3_shoot_bow_u_cm_np1_fr_med_0,35,202,1,32,1,k1,True,0.6272964477539062,slowfast_r50,hmdb51
Shootingarecurve_shoot_bow_u_cm_np1_fr_med_5,35,106,1,32,1,k1,False,0.6588866114616394,slowfast_r50,hmdb51
GLOCK17_shoot_gun_u_nm_np1_ri_med_0,36,64,1,32,1,k1,True,0.7824650406837463,slowfast_r50,hmdb51
DefensivePistolShootingTechniques_shoot_gun_f_nm_np1_fr_med_1,36,124,1,32,1,k1,True,0.07806097716093063,slowfast_r50,hmdb51
FirearmsTraining_shoot_gun_f_nm_np1_ri_med_7,36,288,1,32,1,k1,False,0.10101541876792908,slowfast_r50,hmdb51
TiffanywithSpringfieldArmoryXD9_shoot_gun_u_nm_np1_ri_med_0,36,81,1,32,1,k1,True,0.9447168111801147,slowfast_r50,hmdb51
shooting_shoot_gun_u_nm_np1_le_med_8,36,84,1,32,1,k1,True,0.4450356066226959,slowfast_r50,hmdb51
FirearmsTraining_shoot_gun_u_cm_np1_ba_med_5,36,155,1,32,1,k1,False,0.16005007922649384,slowfast_r50,hmdb51
GLOCK17_shoot_gun_u_nm_np1_fr_med_6,36,111,1,32,1,k1,True,0.7341066002845764,slowfast_r50,hmdb51
The_Matrix_4_shoot_gun_u_nm_np2_fr_goo_2,36,59,1,32,1,k1,False,0.9175467491149902,slowfast_r50,hmdb51
Glory_shoot_gun_u_nm_np2_le_med_57,36,56,1,32,1,k1,False,0.4879782795906067,slowfast_r50,hmdb51
Italian_Job_1_shoot_gun_u_nm_np1_fr_med_3,36,37,1,32,1,k1,False,0.9192724227905273,slowfast_r50,hmdb51
The_Matrix_5_shoot_gun_u_nm_np1_fr_med_9,36,49,1,32,1,k1,False,0.07422330975532532,slowfast_r50,hmdb51
Shootingattherange_shoot_gun_f_nm_np1_ri_med_0,36,72,1,32,1,k1,True,0.8502073884010315,slowfast_r50,hmdb51
shooting_shoot_gun_u_nm_np1_le_med_6,36,80,1,32,1,k1,True,0.5583074688911438,slowfast_r50,hmdb51
The_Matrix_5_shoot_gun_u_cm_np1_fr_goo_4,36,76,1,32,1,k1,False,0.09102053940296173,slowfast_r50,hmdb51
Shootingagunforthefirsttimeever_shoot_gun_u_cm_np1_ri_med_0,36,367,1,32,1,k1,True,0.41980990767478943,slowfast_r50,hmdb51
prelinger_LetsPlay1949_sit_u_cm_np1_le_med_9,37,103,1,32,1,k1,True,0.9048338532447815,slowfast_r50,hmdb51
TheRoyalTenenbaums_sit_u_nm_np1_fr_med_2,37,78,1,32,1,k1,True,0.12351220101118088,slowfast_r50,hmdb51
AmericanGangster_sit_u_cm_np1_ba_bad_16,37,111,1,32,1,k1,True,0.5355212688446045,slowfast_r50,hmdb51
Crash_sit_u_cm_np1_fr_med_19,37,79,1,32,1,k1,True,0.16962392628192902,slowfast_r50,hmdb51
BLACK_HAWK_DOWN_sit_u_cm_np1_ri_med_2,37,80,1,32,1,k1,True,0.6412777304649353,slowfast_r50,hmdb51
TrumanShow_sit_f_nm_np1_le_med_37,37,50,1,32,1,k1,True,0.2833240032196045,slowfast_r50,hmdb51
EasternPromises_sit_f_nm_np1_ri_med_4,37,82,1,32,1,k1,False,0.09736443310976028,slowfast_r50,hmdb51
Radfahren_um_die_Aggertalsperre_06_09_2009_ride_bike_f_cm_np1_ba_med_12,30,81,2,32,2,k2,False,0.161350816488266,slowfast_r50,hmdb51
1996_Tour_de_France_-_Indurain_Cracks_ride_bike_f_cm_np1_ri_med_4,30,79,2,32,2,k2,False,0.3214423358440399,slowfast_r50,hmdb51
#437_How_To_Ride_A_Bike_ride_bike_f_cm_np1_ba_med_0,30,81,2,32,2,k2,False,0.13620808720588684,slowfast_r50,hmdb51
Finding_Forrester_5_ride_bike_f_cm_np1_fr_bad_1,30,167,2,32,2,k2,False,0.054575756192207336,slowfast_r50,hmdb51
1996_Tour_de_France_-_Indurain_Cracks_ride_bike_f_cm_np1_ba_med_1,30,124,2,32,2,k2,False,0.2237316071987152,slowfast_r50,hmdb51
1989_Tour_de_France_Final_Time_Trial_ride_bike_f_cm_np1_le_med_4,30,81,2,32,2,k2,True,0.10787301510572433,slowfast_r50,hmdb51
Fahrrad_Eigenbau_ride_bike_f_cm_np1_ri_med_0,30,140,2,32,2,k2,False,0.07634255290031433,slowfast_r50,hmdb51
Learn_How_To_Ride_A_Bike_at_Any_Age_ride_bike_f_cm_np1_le_med_5,30,80,2,32,2,k2,True,0.9574121832847595,slowfast_r50,hmdb51
David_beim_Fahrrad_fahren_X_x_ride_bike_f_cm_np1_ri_med_4,30,92,2,32,2,k2,True,0.28891924023628235,slowfast_r50,hmdb51
Fahrrad_Eigenbau_ride_bike_f_cm_np1_le_med_1,30,136,2,32,2,k2,False,0.5631392598152161,slowfast_r50,hmdb51
Tour_de_France_2009_ETAPA_16_ESPN_ESP__Kilometros_finales_ride_bike_f_cm_np1_ba_bad_2,30,55,2,32,2,k2,False,0.15021824836730957,slowfast_r50,hmdb51
Learn_How_To_Ride_A_Bike_at_Any_Age_ride_bike_f_cm_np1_ba_med_7,30,80,2,32,2,k2,True,0.9928487539291382,slowfast_r50,hmdb51
Learn_How_To_Ride_A_Bike_at_Any_Age_ride_bike_f_cm_np1_ba_med_1,30,80,2,32,2,k2,True,0.8258622288703918,slowfast_r50,hmdb51
Radfahren_um_die_Aggertalsperre_06_09_2009_ride_bike_f_cm_np2_le_med_14,30,81,2,32,2,k2,True,0.9798138737678528,slowfast_r50,hmdb51
Mylifehorseriding_ride_horse_f_cm_np1_le_med_4,31,148,2,32,2,k2,True,0.9999978542327881,slowfast_r50,hmdb51
Alifestyle_ride_horse_f_cm_np1_fr_med_4,31,291,2,32,2,k2,True,0.41873493790626526,slowfast_r50,hmdb51
CrossCountry_ride_horse_l_cm_np1_ri_med_7,31,67,2,32,2,k2,True,0.2071564495563507,slowfast_r50,hmdb51
ChelseaLately-Chelsea_ride_horse_f_cm_np1_le_med_3,31,80,2,32,2,k2,True,0.18970441818237305,slowfast_r50,hmdb51
HorseRiding_ride_horse_f_cm_np1_ba_med_5,31,95,2,32,2,k2,True,0.9909074306488037,slowfast_r50,hmdb51
BethEventingTraingGeorge_ride_horse_f_cm_np1_ri_med_4,31,98,2,32,2,k2,False,0.28036728501319885,slowfast_r50,hmdb51
Return_of_the_King_9_ride_horse_f_cm_np1_ri_med_2,31,87,2,32,2,k2,False,0.636724054813385,slowfast_r50,hmdb51
Alifestyle_ride_horse_f_cm_np1_le_med_2,31,101,2,32,2,k2,True,0.9913731217384338,slowfast_r50,hmdb51
ChelseaLately-Chelsea_ride_horse_f_cm_np1_le_med_6,31,133,2,32,2,k2,True,0.9999814033508301,slowfast_r50,hmdb51
ALeapToFreedom_ride_horse_f_nm_np1_ba_med_1,31,111,2,32,2,k2,False,0.1458664834499359,slowfast_r50,hmdb51
Caspar_ride_horse_f_cm_np1_ri_med_1,31,161,2,32,2,k2,True,0.324503093957901,slowfast_r50,hmdb51
Return_of_the_King_6_ride_horse_f_cm_np3_ba_med_0,31,123,2,32,2,k2,False,0.09146188199520111,slowfast_r50,hmdb51
Alifestyle_ride_horse_f_cm_np1_le_med_5,31,436,2,32,2,k2,False,0.7141475081443787,slowfast_r50,hmdb51
DressageandJumping_ride_horse_f_cm_np1_fr_med_2,31,227,2,32,2,k2,False,0.24240849912166595,slowfast_r50,hmdb51
HorseRiding_ride_horse_f_cm_np1_ri_med_1,31,114,2,32,2,k2,True,0.9942024350166321,slowfast_r50,hmdb51
Return_of_the_King_2_ride_horse_f_cm_np1_ba_bad_8,31,106,2,32,2,k2,False,0.1601402908563614,slowfast_r50,hmdb51
ChikiMovie_ride_horse_f_cm_np1_ri_med_7,31,25,2,32,2,k2,True,0.9999632835388184,slowfast_r50,hmdb51
HP_PRISONER_OF_AZKABAN_run_f_cm_np1_le_bad_35,32,55,2,32,2,k2,False,0.9940264225006104,slowfast_r50,hmdb51
likebeckam_run_f_cm_np1_ba_med_14,32,81,2,32,2,k2,False,0.19243262708187103,slowfast_r50,hmdb51
BLACK_HAWK_DOWN_run_l_nm_np1_ba_med_33,32,50,2,32,2,k2,False,0.9447911381721497,slowfast_r50,hmdb51
likebeckam_run_f_cm_np1_ri_med_1,32,22,2,32,2,k2,False,0.15459594130516052,slowfast_r50,hmdb51
KUNG_FU_HUSTLE_run_f_cm_np1_fr_med_27,32,74,2,32,2,k2,False,0.2409837543964386,slowfast_r50,hmdb51
prelinger_they_grow_up_so_fast_1_run_f_cm_np1_ri_med_14,32,199,2,32,2,k2,False,0.306565523147583,slowfast_r50,hmdb51
Man_Who_Cheated_Himself_512kb_run_f_cm_np1_fr_bad_4,32,78,2,32,2,k2,False,0.1520165055990219,slowfast_r50,hmdb51
TheLastManOnearth_run_f_nm_np1_fr_med_42,32,77,2,32,2,k2,False,0.7572900652885437,slowfast_r50,hmdb51
TheLastManOnearth_run_f_nm_np1_ba_bad_40,32,107,2,32,2,k2,True,0.40418532490730286,slowfast_r50,hmdb51
20060723sfjffangelina_run_f_nm_np1_ri_med_1,32,34,2,32,2,k2,False,0.06528609991073608,slowfast_r50,hmdb51
THE_PROTECTOR_run_f_cm_np1_le_med_15,32,47,2,32,2,k2,False,0.1749594509601593,slowfast_r50,hmdb51
prelinger_LetsPlay1949_run_f_nm_np1_fr_med_16,32,96,2,32,2,k2,False,0.680954098701477,slowfast_r50,hmdb51
Crash_run_f_cm_np1_fr_med_17,32,113,2,32,2,k2,False,0.7994827628135681,slowfast_r50,hmdb51
Fellowship_7_run_u_cm_np1_fr_med_5,32,47,2,32,2,k2,False,0.8970617055892944,slowfast_r50,hmdb51
HP_PRISONER_OF_AZKABAN_run_f_cm_np1_ba_bad_36,32,48,2,32,2,k2,False,0.6367291808128357,slowfast_r50,hmdb51
RETURN_OF_THE_KING_run_f_cm_np1_fr_med_52,32,83,2,32,2,k2,False,0.9082372188568115,slowfast_r50,hmdb51
THE_PROTECTOR_run_f_cm_np1_le_med_42,32,51,2,32,2,k2,True,0.23163239657878876,slowfast_r50,hmdb51
GOAL_2_living_the_dream_movie_part_2_run_f_cm_np4_fr_med_1,32,48,2,32,2,k2,False,0.9933664202690125,slowfast_r50,hmdb51
TheBoondockSaints_run_h_cm_np1_fr_bad_69,32,48,2,32,2,k2,False,0.1296515166759491,slowfast_r50,hmdb51
RETURN_OF_THE_KING_run_f_cm_np1_fr_med_31,32,48,2,32,2,k2,False,0.25783535838127136,slowfast_r50,hmdb51
Emma_2008_Eurofinals_-_prize_giving_ceremony_Team_Pioneer_members_divx_shake_hands_u_cm_np2_le_med_0,33,79,2,32,2,k2,True,0.6761390566825867,slowfast_r50,hmdb51
Wrestling_World_Cup_2008_-_FW-_Team_-_Award_Ceremony_shake_hands_f_cm_np2_le_med_3,33,79,2,32,2,k2,True,0.26019954681396484,slowfast_r50,hmdb51
d173_graveyard_call_price_giving_ceremony_shake_hands_f_cm_np2_le_med_6,33,80,2,32,2,k2,False,0.2938995659351349,slowfast_r50,hmdb51
Hand_Shake_Guy_shake_hands_f_nm_np2_le_med_4,33,80,2,32,2,k2,False,0.5567771792411804,slowfast_r50,hmdb51
IPL_Awards_Ceremony_shake_hands_f_cm_np2_ba_med_0,33,79,2,32,2,k2,True,0.9437902569770813,slowfast_r50,hmdb51
IPL_Awards_Ceremony_shake_hands_u_cm_np2_ba_med_7,33,79,2,32,2,k2,False,0.2570241689682007,slowfast_r50,hmdb51
2009_NJEHA_Conference__Awards_Ceremony_-_Part_1_shake_hands_u_cm_np2_le_med_0,33,80,2,32,2,k2,False,0.4279572367668152,slowfast_r50,hmdb51
Meeting_with_Boyko_Borisov__Prime_Minister_of_Bulgaria_shake_hands_u_cm_np2_le_med_1,33,109,2,32,2,k2,True,0.7267424464225769,slowfast_r50,hmdb51
Wrestling_World_Cup_2008_-_FW-_Team_-_Award_Ceremony_shake_hands_f_cm_np2_le_bad_5,33,79,2,32,2,k2,False,0.05067942664027214,slowfast_r50,hmdb51
Speech_Day_2009_(Part_9)_shake_hands_f_cm_np2_le_med_4,33,80,2,32,2,k2,True,0.8255749344825745,slowfast_r50,hmdb51
IPL_Awards_Ceremony_shake_hands_u_cm_np2_ba_med_3,33,79,2,32,2,k2,False,0.2564811408519745,slowfast_r50,hmdb51
Slavi_Trifonov_-_Gaco_Bacov_11_02_08_shake_hands_u_cm_np2_le_bad_0,33,80,2,32,2,k2,False,0.23099569976329803,slowfast_r50,hmdb51
Hand_Shake_Guy_shake_hands_u_nm_np2_le_med_0,33,68,2,32,2,k2,False,0.4904061555862427,slowfast_r50,hmdb51
BSS_2008_-_Wentworth_Miller_erh_lt_gol__Otto_Shootingstar_shake_hands_u_cm_np2_le_med_2,33,81,2,32,2,k2,False,0.7708340287208557,slowfast_r50,hmdb51
Pambos_and_Maria_at_the_Slavi_s_Show_shake_hands_f_cm_np2_le_bad_1,33,80,2,32,2,k2,True,0.06997937709093094,slowfast_r50,hmdb51
Price_giving_ceremony_shake_hands_f_cm_np4_le_med_2,33,79,2,32,2,k2,True,0.6068906784057617,slowfast_r50,hmdb51
RailsConf_09-___Ruby_Heroes_Award_Ceremony__shake_hands_u_cm_np2_le_med_5,33,80,2,32,2,k2,True,0.3948368430137634,slowfast_r50,hmdb51
music_idol3_v_zalata_vliza_boiko_borisov_shake_hands_f_cm_np2_ri_bad_0,33,80,2,32,2,k2,False,0.14321476221084595,slowfast_r50,hmdb51
Speech_Day_2009_(Part_9)_shake_hands_f_cm_np2_le_med_6,33,80,2,32,2,k2,True,0.9742624163627625,slowfast_r50,hmdb51
Meeting_with_Boyko_Borisov__Prime_Minister_of_Bulgaria_shake_hands_u_cm_np2_le_med_0,33,80,2,32,2,k2,True,0.9998539686203003,slowfast_r50,hmdb51
AdamandAlvonplayingbasketball2_shoot_ball_f_cm_np1_le_med_0,34,80,2,32,2,k2,False,0.22631406784057617,slowfast_r50,hmdb51
3PointJumpShotPractice-09_21_07_shoot_ball_f_nm_np1_ri_med_4,34,92,2,32,2,k2,True,0.9843811988830566,slowfast_r50,hmdb51
ReggieMillerTakesonThreeAverageGuysinaShootout_shoot_ball_u_nm_np1_ba_med_6,34,81,2,32,2,k2,True,0.6669823527336121,slowfast_r50,hmdb51
WeTheKingsplaying_shoot_ball_u_cm_np1_ba_med_4,34,112,2,32,2,k2,True,0.0825791284441948,slowfast_r50,hmdb51
WeTheKingsplaying_shoot_ball_u_cm_np1_ba_med_6,34,82,2,32,2,k2,False,0.12767964601516724,slowfast_r50,hmdb51
Finding_Forrester_3_shoot_ball_f_nm_np2_ba_med_6,34,105,2,32,2,k2,False,0.7531673312187195,slowfast_r50,hmdb51
3PointJumpShotPractice-09_21_07_shoot_ball_f_nm_np1_ri_med_3,34,91,2,32,2,k2,True,0.9866384267807007,slowfast_r50,hmdb51
PlayingBasketballGotWater_shoot_ball_f_nm_np1_ba_med_3,34,56,2,32,2,k2,True,0.9620838165283203,slowfast_r50,hmdb51
Clay_sBasketballSkillz_shoot_ball_f_nm_np1_ba_med_4,34,68,2,32,2,k2,True,0.17611277103424072,slowfast_r50,hmdb51
AdamandAlvonplayingbasketball1_shoot_ball_f_nm_np1_ba_med_11,34,80,2,32,2,k2,True,0.5149765610694885,slowfast_r50,hmdb51
ImprovingBasketballSkills-BasketballNBA3-PointShots_shoot_ball_f_nm_np1_ri_med_0,34,84,2,32,2,k2,True,0.7706289291381836,slowfast_r50,hmdb51
KELVIN_shoot_ball_u_cm_np1_ba_med_7,34,111,2,32,2,k2,True,0.9476741552352905,slowfast_r50,hmdb51
10YearOldYouthBasketballStarBaller_shoot_ball_f_nm_np1_ba_med_13,34,81,2,32,2,k2,True,0.8984763026237488,slowfast_r50,hmdb51
KELVIN_shoot_ball_u_cm_np1_ba_med_6,34,91,2,32,2,k2,True,0.9861158132553101,slowfast_r50,hmdb51
LearnToShootFromTheMaster_shoot_ball_f_nm_np1_ba_med_4,34,82,2,32,2,k2,False,0.9860692024230957,slowfast_r50,hmdb51
10YearOldYouthBasketballStarBaller_shoot_ball_f_nm_np1_ri_med_10,34,58,2,32,2,k2,True,0.9794785380363464,slowfast_r50,hmdb51
Finding_Forrester_1_shoot_ball_f_nm_np1_le_bad_3,34,99,2,32,2,k2,False,0.11661636829376221,slowfast_r50,hmdb51
LearnToShootFromTheMaster_shoot_ball_f_cm_np1_ba_med_6,34,84,2,32,2,k2,True,0.6770409345626831,slowfast_r50,hmdb51
ReggieMillerTakesonThreeAverageGuysinaShootout_shoot_ball_u_nm_np1_ba_med_5,34,95,2,32,2,k2,True,0.7526057362556458,slowfast_r50,hmdb51
JuanReneSerranoSemifinal_shoot_bow_u_cm_np1_le_goo_5,35,314,2,32,2,k2,False,0.5745819211006165,slowfast_r50,hmdb51
ArcheryMaster_shoot_bow_u_cm_np1_ri_med_3,35,350,2,32,2,k2,True,0.9859726428985596,slowfast_r50,hmdb51
MegaPrecisionArchery_shoot_bow_u_nm_np1_fr_med_1,35,264,2,32,2,k2,True,0.9422157406806946,slowfast_r50,hmdb51
P3Martin_shoot_bow_u_cm_np1_fr_goo_0,35,392,2,32,2,k2,True,0.9977121353149414,slowfast_r50,hmdb51
Hannahfront23may08_shoot_bow_u_nm_np1_fr_med_1,35,241,2,32,2,k2,True,0.8778053522109985,slowfast_r50,hmdb51
Shootingarecurve_shoot_bow_u_nm_np1_fr_med_1,35,148,2,32,2,k2,False,0.27080968022346497,slowfast_r50,hmdb51
ArcheryFastShooting_shoot_bow_u_nm_np1_fr_med_9,35,80,2,32,2,k2,True,0.8553009629249573,slowfast_r50,hmdb51
Fellowship_7_shoot_bow_h_nm_np1_fr_med_8,35,59,2,32,2,k2,False,0.18071992695331573,slowfast_r50,hmdb51
TURKISHRECURVEBOW_shoot_bow_u_cm_np1_ba_med_0,35,128,2,32,2,k2,False,0.3406293988227844,slowfast_r50,hmdb51
11408ErikaRecurvefront_shoot_bow_u_nm_np1_fr_med_1,35,264,2,32,2,k2,True,0.8915758728981018,slowfast_r50,hmdb51
Updatedvideoofmeshootingteamusaarchery_shoot_bow_u_cm_np1_ri_med_4,35,201,2,32,2,k2,False,0.08525215834379196,slowfast_r50,hmdb51
ArcheryFastShooting_shoot_bow_u_nm_np1_fr_med_10,35,80,2,32,2,k2,True,0.9906656742095947,slowfast_r50,hmdb51
ArcheryFastShooting_shoot_bow_u_nm_np1_fr_med_15,35,80,2,32,2,k2,True,0.9855782389640808,slowfast_r50,hmdb51
MegaPrecisionArchery_shoot_bow_u_nm_np1_fr_med_3,35,308,2,32,2,k2,True,0.5265965461730957,slowfast_r50,hmdb51
Meshooting3_shoot_bow_u_cm_np1_fr_med_0,35,202,2,32,2,k2,True,0.8314396142959595,slowfast_r50,hmdb51
Shootingarecurve_shoot_bow_u_cm_np1_fr_med_5,35,106,2,32,2,k2,False,0.8866178393363953,slowfast_r50,hmdb51
GLOCK17_shoot_gun_u_nm_np1_ri_med_0,36,64,2,32,2,k2,True,0.9403758645057678,slowfast_r50,hmdb51
DefensivePistolShootingTechniques_shoot_gun_f_nm_np1_fr_med_1,36,124,2,32,2,k2,False,0.2503870725631714,slowfast_r50,hmdb51
FirearmsTraining_shoot_gun_f_nm_np1_ri_med_7,36,288,2,32,2,k2,False,0.8348289132118225,slowfast_r50,hmdb51
TiffanywithSpringfieldArmoryXD9_shoot_gun_u_nm_np1_ri_med_0,36,81,2,32,2,k2,True,0.9476158022880554,slowfast_r50,hmdb51
shooting_shoot_gun_u_nm_np1_le_med_8,36,84,2,32,2,k2,True,0.8584363460540771,slowfast_r50,hmdb51
FirearmsTraining_shoot_gun_u_cm_np1_ba_med_5,36,155,2,32,2,k2,False,0.35544610023498535,slowfast_r50,hmdb51
GLOCK17_shoot_gun_u_nm_np1_fr_med_6,36,111,2,32,2,k2,True,0.4744628667831421,slowfast_r50,hmdb51
The_Matrix_4_shoot_gun_u_nm_np2_fr_goo_2,36,59,2,32,2,k2,False,0.797336995601654,slowfast_r50,hmdb51
Glory_shoot_gun_u_nm_np2_le_med_57,36,56,2,32,2,k2,False,0.5370694398880005,slowfast_r50,hmdb51
Italian_Job_1_shoot_gun_u_nm_np1_fr_med_3,36,37,2,32,2,k2,False,0.4522046446800232,slowfast_r50,hmdb51
The_Matrix_5_shoot_gun_u_nm_np1_fr_med_9,36,49,2,32,2,k2,False,0.09681153297424316,slowfast_r50,hmdb51
Shootingattherange_shoot_gun_f_nm_np1_ri_med_0,36,72,2,32,2,k2,True,0.8097121119499207,slowfast_r50,hmdb51
shooting_shoot_gun_u_nm_np1_le_med_6,36,80,2,32,2,k2,True,0.7084306478500366,slowfast_r50,hmdb51
The_Matrix_5_shoot_gun_u_cm_np1_fr_goo_4,36,76,2,32,2,k2,False,0.14564158022403717,slowfast_r50,hmdb51
Shootingagunforthefirsttimeever_shoot_gun_u_cm_np1_ri_med_0,36,367,2,32,2,k2,True,0.5332335829734802,slowfast_r50,hmdb51
prelinger_LetsPlay1949_sit_u_cm_np1_le_med_9,37,103,2,32,2,k2,True,0.9987140893936157,slowfast_r50,hmdb51
TheRoyalTenenbaums_sit_u_nm_np1_fr_med_2,37,78,2,32,2,k2,True,0.6856516599655151,slowfast_r50,hmdb51
AmericanGangster_sit_u_cm_np1_ba_bad_16,37,111,2,32,2,k2,False,0.24716663360595703,slowfast_r50,hmdb51
Crash_sit_u_cm_np1_fr_med_19,37,79,2,32,2,k2,True,0.13172775506973267,slowfast_r50,hmdb51
BLACK_HAWK_DOWN_sit_u_cm_np1_ri_med_2,37,80,2,32,2,k2,True,0.8988069295883179,slowfast_r50,hmdb51
TrumanShow_sit_f_nm_np1_le_med_37,37,50,2,32,2,k2,True,0.2833240032196045,slowfast_r50,hmdb51
EasternPromises_sit_f_nm_np1_ri_med_4,37,82,2,32,2,k2,False,0.12326350063085556,slowfast_r50,hmdb51
Radfahren_um_die_Aggertalsperre_06_09_2009_ride_bike_f_cm_np1_ba_med_12,30,81,4,32,4,k4,False,0.09364905953407288,slowfast_r50,hmdb51
1996_Tour_de_France_-_Indurain_Cracks_ride_bike_f_cm_np1_ri_med_4,30,79,4,32,4,k4,False,0.4081498384475708,slowfast_r50,hmdb51
#437_How_To_Ride_A_Bike_ride_bike_f_cm_np1_ba_med_0,30,81,4,32,4,k4,False,0.19667954742908478,slowfast_r50,hmdb51
Finding_Forrester_5_ride_bike_f_cm_np1_fr_bad_1,30,167,4,32,4,k4,False,0.053471580147743225,slowfast_r50,hmdb51
1996_Tour_de_France_-_Indurain_Cracks_ride_bike_f_cm_np1_ba_med_1,30,124,4,32,4,k4,False,0.4488731026649475,slowfast_r50,hmdb51
1989_Tour_de_France_Final_Time_Trial_ride_bike_f_cm_np1_le_med_4,30,81,4,32,4,k4,True,0.24139054119586945,slowfast_r50,hmdb51
Fahrrad_Eigenbau_ride_bike_f_cm_np1_ri_med_0,30,140,4,32,4,k4,True,0.18013328313827515,slowfast_r50,hmdb51
Learn_How_To_Ride_A_Bike_at_Any_Age_ride_bike_f_cm_np1_le_med_5,30,80,4,32,4,k4,True,0.9952759742736816,slowfast_r50,hmdb51
David_beim_Fahrrad_fahren_X_x_ride_bike_f_cm_np1_ri_med_4,30,92,4,32,4,k4,False,0.1734922081232071,slowfast_r50,hmdb51
Fahrrad_Eigenbau_ride_bike_f_cm_np1_le_med_1,30,136,4,32,4,k4,True,0.34976083040237427,slowfast_r50,hmdb51
Tour_de_France_2009_ETAPA_16_ESPN_ESP__Kilometros_finales_ride_bike_f_cm_np1_ba_bad_2,30,55,4,32,4,k4,True,0.8290817141532898,slowfast_r50,hmdb51
Learn_How_To_Ride_A_Bike_at_Any_Age_ride_bike_f_cm_np1_ba_med_7,30,80,4,32,4,k4,True,0.9971151351928711,slowfast_r50,hmdb51
Learn_How_To_Ride_A_Bike_at_Any_Age_ride_bike_f_cm_np1_ba_med_1,30,80,4,32,4,k4,True,0.9895749688148499,slowfast_r50,hmdb51
Radfahren_um_die_Aggertalsperre_06_09_2009_ride_bike_f_cm_np2_le_med_14,30,81,4,32,4,k4,True,0.9658902287483215,slowfast_r50,hmdb51
Mylifehorseriding_ride_horse_f_cm_np1_le_med_4,31,148,4,32,4,k4,True,0.9999998807907104,slowfast_r50,hmdb51
Alifestyle_ride_horse_f_cm_np1_fr_med_4,31,291,4,32,4,k4,True,0.8379467129707336,slowfast_r50,hmdb51
CrossCountry_ride_horse_l_cm_np1_ri_med_7,31,67,4,32,4,k4,True,0.9987339377403259,slowfast_r50,hmdb51
ChelseaLately-Chelsea_ride_horse_f_cm_np1_le_med_3,31,80,4,32,4,k4,True,0.9998818635940552,slowfast_r50,hmdb51
HorseRiding_ride_horse_f_cm_np1_ba_med_5,31,95,4,32,4,k4,True,0.9989150762557983,slowfast_r50,hmdb51
BethEventingTraingGeorge_ride_horse_f_cm_np1_ri_med_4,31,98,4,32,4,k4,True,0.9108636379241943,slowfast_r50,hmdb51
Return_of_the_King_9_ride_horse_f_cm_np1_ri_med_2,31,87,4,32,4,k4,False,0.3118802011013031,slowfast_r50,hmdb51
Alifestyle_ride_horse_f_cm_np1_le_med_2,31,101,4,32,4,k4,True,0.9999096393585205,slowfast_r50,hmdb51
ChelseaLately-Chelsea_ride_horse_f_cm_np1_le_med_6,31,133,4,32,4,k4,True,0.9999527931213379,slowfast_r50,hmdb51
ALeapToFreedom_ride_horse_f_nm_np1_ba_med_1,31,111,4,32,4,k4,False,0.13755546510219574,slowfast_r50,hmdb51
Caspar_ride_horse_f_cm_np1_ri_med_1,31,161,4,32,4,k4,True,0.9865851402282715,slowfast_r50,hmdb51
Return_of_the_King_6_ride_horse_f_cm_np3_ba_med_0,31,123,4,32,4,k4,False,0.9196681976318359,slowfast_r50,hmdb51
Alifestyle_ride_horse_f_cm_np1_le_med_5,31,436,4,32,4,k4,False,0.8608269691467285,slowfast_r50,hmdb51
DressageandJumping_ride_horse_f_cm_np1_fr_med_2,31,227,4,32,4,k4,True,0.9249289631843567,slowfast_r50,hmdb51
HorseRiding_ride_horse_f_cm_np1_ri_med_1,31,114,4,32,4,k4,True,0.9998534917831421,slowfast_r50,hmdb51
Return_of_the_King_2_ride_horse_f_cm_np1_ba_bad_8,31,106,4,32,4,k4,False,0.34930020570755005,slowfast_r50,hmdb51
ChikiMovie_ride_horse_f_cm_np1_ri_med_7,31,25,4,32,4,k4,True,0.9999874830245972,slowfast_r50,hmdb51
HP_PRISONER_OF_AZKABAN_run_f_cm_np1_le_bad_35,32,55,4,32,4,k4,False,0.9728999733924866,slowfast_r50,hmdb51
likebeckam_run_f_cm_np1_ba_med_14,32,81,4,32,4,k4,False,0.6165577173233032,slowfast_r50,hmdb51
BLACK_HAWK_DOWN_run_l_nm_np1_ba_med_33,32,50,4,32,4,k4,False,0.3521551191806793,slowfast_r50,hmdb51
likebeckam_run_f_cm_np1_ri_med_1,32,22,4,32,4,k4,False,0.19497255980968475,slowfast_r50,hmdb51
KUNG_FU_HUSTLE_run_f_cm_np1_fr_med_27,32,74,4,32,4,k4,False,0.1927238255739212,slowfast_r50,hmdb51
prelinger_they_grow_up_so_fast_1_run_f_cm_np1_ri_med_14,32,199,4,32,4,k4,True,0.2668668329715729,slowfast_r50,hmdb51
Man_Who_Cheated_Himself_512kb_run_f_cm_np1_fr_bad_4,32,78,4,32,4,k4,False,0.24268966913223267,slowfast_r50,hmdb51
TheLastManOnearth_run_f_nm_np1_fr_med_42,32,77,4,32,4,k4,True,0.5932176113128662,slowfast_r50,hmdb51
TheLastManOnearth_run_f_nm_np1_ba_bad_40,32,107,4,32,4,k4,True,0.805837094783783,slowfast_r50,hmdb51
20060723sfjffangelina_run_f_nm_np1_ri_med_1,32,34,4,32,4,k4,False,0.2533881664276123,slowfast_r50,hmdb51
THE_PROTECTOR_run_f_cm_np1_le_med_15,32,47,4,32,4,k4,False,0.7213939428329468,slowfast_r50,hmdb51
prelinger_LetsPlay1949_run_f_nm_np1_fr_med_16,32,96,4,32,4,k4,False,0.4015766382217407,slowfast_r50,hmdb51
Crash_run_f_cm_np1_fr_med_17,32,113,4,32,4,k4,True,0.5023203492164612,slowfast_r50,hmdb51
Fellowship_7_run_u_cm_np1_fr_med_5,32,47,4,32,4,k4,False,0.32798606157302856,slowfast_r50,hmdb51
HP_PRISONER_OF_AZKABAN_run_f_cm_np1_ba_bad_36,32,48,4,32,4,k4,False,0.4724520444869995,slowfast_r50,hmdb51
RETURN_OF_THE_KING_run_f_cm_np1_fr_med_52,32,83,4,32,4,k4,False,0.19412517547607422,slowfast_r50,hmdb51
THE_PROTECTOR_run_f_cm_np1_le_med_42,32,51,4,32,4,k4,True,0.919751763343811,slowfast_r50,hmdb51
GOAL_2_living_the_dream_movie_part_2_run_f_cm_np4_fr_med_1,32,48,4,32,4,k4,False,0.9983383417129517,slowfast_r50,hmdb51
TheBoondockSaints_run_h_cm_np1_fr_bad_69,32,48,4,32,4,k4,False,0.3593044579029083,slowfast_r50,hmdb51
RETURN_OF_THE_KING_run_f_cm_np1_fr_med_31,32,48,4,32,4,k4,False,0.48601922392845154,slowfast_r50,hmdb51
Emma_2008_Eurofinals_-_prize_giving_ceremony_Team_Pioneer_members_divx_shake_hands_u_cm_np2_le_med_0,33,79,4,32,4,k4,True,0.7241358757019043,slowfast_r50,hmdb51
Wrestling_World_Cup_2008_-_FW-_Team_-_Award_Ceremony_shake_hands_f_cm_np2_le_med_3,33,79,4,32,4,k4,False,0.13530497252941132,slowfast_r50,hmdb51
d173_graveyard_call_price_giving_ceremony_shake_hands_f_cm_np2_le_med_6,33,80,4,32,4,k4,False,0.5739756226539612,slowfast_r50,hmdb51
Hand_Shake_Guy_shake_hands_f_nm_np2_le_med_4,33,80,4,32,4,k4,False,0.8120954632759094,slowfast_r50,hmdb51
IPL_Awards_Ceremony_shake_hands_f_cm_np2_ba_med_0,33,79,4,32,4,k4,True,0.9915544390678406,slowfast_r50,hmdb51
IPL_Awards_Ceremony_shake_hands_u_cm_np2_ba_med_7,33,79,4,32,4,k4,False,0.6194731593132019,slowfast_r50,hmdb51
2009_NJEHA_Conference__Awards_Ceremony_-_Part_1_shake_hands_u_cm_np2_le_med_0,33,80,4,32,4,k4,False,0.26341474056243896,slowfast_r50,hmdb51
Meeting_with_Boyko_Borisov__Prime_Minister_of_Bulgaria_shake_hands_u_cm_np2_le_med_1,33,109,4,32,4,k4,True,0.9146276116371155,slowfast_r50,hmdb51
Wrestling_World_Cup_2008_-_FW-_Team_-_Award_Ceremony_shake_hands_f_cm_np2_le_bad_5,33,79,4,32,4,k4,False,0.2708541452884674,slowfast_r50,hmdb51
Speech_Day_2009_(Part_9)_shake_hands_f_cm_np2_le_med_4,33,80,4,32,4,k4,True,0.8534178137779236,slowfast_r50,hmdb51
IPL_Awards_Ceremony_shake_hands_u_cm_np2_ba_med_3,33,79,4,32,4,k4,False,0.214448943734169,slowfast_r50,hmdb51
Slavi_Trifonov_-_Gaco_Bacov_11_02_08_shake_hands_u_cm_np2_le_bad_0,33,80,4,32,4,k4,False,0.2311195731163025,slowfast_r50,hmdb51
Hand_Shake_Guy_shake_hands_u_nm_np2_le_med_0,33,68,4,32,4,k4,False,0.8441420793533325,slowfast_r50,hmdb51
BSS_2008_-_Wentworth_Miller_erh_lt_gol__Otto_Shootingstar_shake_hands_u_cm_np2_le_med_2,33,81,4,32,4,k4,True,0.5098364353179932,slowfast_r50,hmdb51
Pambos_and_Maria_at_the_Slavi_s_Show_shake_hands_f_cm_np2_le_bad_1,33,80,4,32,4,k4,True,0.237373486161232,slowfast_r50,hmdb51
Price_giving_ceremony_shake_hands_f_cm_np4_le_med_2,33,79,4,32,4,k4,True,0.8768441081047058,slowfast_r50,hmdb51
RailsConf_09-___Ruby_Heroes_Award_Ceremony__shake_hands_u_cm_np2_le_med_5,33,80,4,32,4,k4,True,0.9488158226013184,slowfast_r50,hmdb51
music_idol3_v_zalata_vliza_boiko_borisov_shake_hands_f_cm_np2_ri_bad_0,33,80,4,32,4,k4,False,0.4748731851577759,slowfast_r50,hmdb51
Speech_Day_2009_(Part_9)_shake_hands_f_cm_np2_le_med_6,33,80,4,32,4,k4,True,0.7097806930541992,slowfast_r50,hmdb51
Meeting_with_Boyko_Borisov__Prime_Minister_of_Bulgaria_shake_hands_u_cm_np2_le_med_0,33,80,4,32,4,k4,True,0.9998441934585571,slowfast_r50,hmdb51
AdamandAlvonplayingbasketball2_shoot_ball_f_cm_np1_le_med_0,34,80,4,32,4,k4,True,0.5330725908279419,slowfast_r50,hmdb51
3PointJumpShotPractice-09_21_07_shoot_ball_f_nm_np1_ri_med_4,34,92,4,32,4,k4,True,0.9885436296463013,slowfast_r50,hmdb51
ReggieMillerTakesonThreeAverageGuysinaShootout_shoot_ball_u_nm_np1_ba_med_6,34,81,4,32,4,k4,True,0.9738965034484863,slowfast_r50,hmdb51
WeTheKingsplaying_shoot_ball_u_cm_np1_ba_med_4,34,112,4,32,4,k4,False,0.15883991122245789,slowfast_r50,hmdb51
WeTheKingsplaying_shoot_ball_u_cm_np1_ba_med_6,34,82,4,32,4,k4,False,0.305971622467041,slowfast_r50,hmdb51
Finding_Forrester_3_shoot_ball_f_nm_np2_ba_med_6,34,105,4,32,4,k4,False,0.33010050654411316,slowfast_r50,hmdb51
3PointJumpShotPractice-09_21_07_shoot_ball_f_nm_np1_ri_med_3,34,91,4,32,4,k4,True,0.9919889569282532,slowfast_r50,hmdb51
PlayingBasketballGotWater_shoot_ball_f_nm_np1_ba_med_3,34,56,4,32,4,k4,True,0.9922257661819458,slowfast_r50,hmdb51
Clay_sBasketballSkillz_shoot_ball_f_nm_np1_ba_med_4,34,68,4,32,4,k4,True,0.8466700315475464,slowfast_r50,hmdb51
AdamandAlvonplayingbasketball1_shoot_ball_f_nm_np1_ba_med_11,34,80,4,32,4,k4,True,0.6451924443244934,slowfast_r50,hmdb51
ImprovingBasketballSkills-BasketballNBA3-PointShots_shoot_ball_f_nm_np1_ri_med_0,34,84,4,32,4,k4,True,0.9980158805847168,slowfast_r50,hmdb51
KELVIN_shoot_ball_u_cm_np1_ba_med_7,34,111,4,32,4,k4,True,0.9982498288154602,slowfast_r50,hmdb51
10YearOldYouthBasketballStarBaller_shoot_ball_f_nm_np1_ba_med_13,34,81,4,32,4,k4,True,0.9014389514923096,slowfast_r50,hmdb51
KELVIN_shoot_ball_u_cm_np1_ba_med_6,34,91,4,32,4,k4,True,0.9986187219619751,slowfast_r50,hmdb51
LearnToShootFromTheMaster_shoot_ball_f_nm_np1_ba_med_4,34,82,4,32,4,k4,False,0.9052862524986267,slowfast_r50,hmdb51
10YearOldYouthBasketballStarBaller_shoot_ball_f_nm_np1_ri_med_10,34,58,4,32,4,k4,True,0.9741464853286743,slowfast_r50,hmdb51
Finding_Forrester_1_shoot_ball_f_nm_np1_le_bad_3,34,99,4,32,4,k4,True,0.08821505308151245,slowfast_r50,hmdb51
LearnToShootFromTheMaster_shoot_ball_f_cm_np1_ba_med_6,34,84,4,32,4,k4,False,0.8676838874816895,slowfast_r50,hmdb51
ReggieMillerTakesonThreeAverageGuysinaShootout_shoot_ball_u_nm_np1_ba_med_5,34,95,4,32,4,k4,True,0.9603062272071838,slowfast_r50,hmdb51
JuanReneSerranoSemifinal_shoot_bow_u_cm_np1_le_goo_5,35,314,4,32,4,k4,False,0.6387470364570618,slowfast_r50,hmdb51
ArcheryMaster_shoot_bow_u_cm_np1_ri_med_3,35,350,4,32,4,k4,True,0.993337869644165,slowfast_r50,hmdb51
MegaPrecisionArchery_shoot_bow_u_nm_np1_fr_med_1,35,264,4,32,4,k4,True,0.9990054965019226,slowfast_r50,hmdb51
P3Martin_shoot_bow_u_cm_np1_fr_goo_0,35,392,4,32,4,k4,True,0.9990923404693604,slowfast_r50,hmdb51
Hannahfront23may08_shoot_bow_u_nm_np1_fr_med_1,35,241,4,32,4,k4,True,0.9921833872795105,slowfast_r50,hmdb51
Shootingarecurve_shoot_bow_u_nm_np1_fr_med_1,35,148,4,32,4,k4,True,0.7013551592826843,slowfast_r50,hmdb51
ArcheryFastShooting_shoot_bow_u_nm_np1_fr_med_9,35,80,4,32,4,k4,True,0.9917870163917542,slowfast_r50,hmdb51
Fellowship_7_shoot_bow_h_nm_np1_fr_med_8,35,59,4,32,4,k4,False,0.7870751023292542,slowfast_r50,hmdb51
TURKISHRECURVEBOW_shoot_bow_u_cm_np1_ba_med_0,35,128,4,32,4,k4,False,0.8847042322158813,slowfast_r50,hmdb51
11408ErikaRecurvefront_shoot_bow_u_nm_np1_fr_med_1,35,264,4,32,4,k4,True,0.9994572997093201,slowfast_r50,hmdb51
Updatedvideoofmeshootingteamusaarchery_shoot_bow_u_cm_np1_ri_med_4,35,201,4,32,4,k4,False,0.6466972231864929,slowfast_r50,hmdb51
ArcheryFastShooting_shoot_bow_u_nm_np1_fr_med_10,35,80,4,32,4,k4,True,0.9993581175804138,slowfast_r50,hmdb51
ArcheryFastShooting_shoot_bow_u_nm_np1_fr_med_15,35,80,4,32,4,k4,True,0.9979118704795837,slowfast_r50,hmdb51
MegaPrecisionArchery_shoot_bow_u_nm_np1_fr_med_3,35,308,4,32,4,k4,True,0.990272581577301,slowfast_r50,hmdb51
Meshooting3_shoot_bow_u_cm_np1_fr_med_0,35,202,4,32,4,k4,True,0.9986245632171631,slowfast_r50,hmdb51
Shootingarecurve_shoot_bow_u_cm_np1_fr_med_5,35,106,4,32,4,k4,True,0.8828812837600708,slowfast_r50,hmdb51
GLOCK17_shoot_gun_u_nm_np1_ri_med_0,36,64,4,32,4,k4,True,0.9953609108924866,slowfast_r50,hmdb51
DefensivePistolShootingTechniques_shoot_gun_f_nm_np1_fr_med_1,36,124,4,32,4,k4,True,0.4212619662284851,slowfast_r50,hmdb51
FirearmsTraining_shoot_gun_f_nm_np1_ri_med_7,36,288,4,32,4,k4,False,0.8548145294189453,slowfast_r50,hmdb51
TiffanywithSpringfieldArmoryXD9_shoot_gun_u_nm_np1_ri_med_0,36,81,4,32,4,k4,True,0.9898965358734131,slowfast_r50,hmdb51
shooting_shoot_gun_u_nm_np1_le_med_8,36,84,4,32,4,k4,True,0.9494597315788269,slowfast_r50,hmdb51
FirearmsTraining_shoot_gun_u_cm_np1_ba_med_5,36,155,4,32,4,k4,False,0.5836499333381653,slowfast_r50,hmdb51
GLOCK17_shoot_gun_u_nm_np1_fr_med_6,36,111,4,32,4,k4,True,0.73111492395401,slowfast_r50,hmdb51
The_Matrix_4_shoot_gun_u_nm_np2_fr_goo_2,36,59,4,32,4,k4,False,0.9989650249481201,slowfast_r50,hmdb51
Glory_shoot_gun_u_nm_np2_le_med_57,36,56,4,32,4,k4,False,0.38571909070014954,slowfast_r50,hmdb51
Italian_Job_1_shoot_gun_u_nm_np1_fr_med_3,36,37,4,32,4,k4,False,0.6743991374969482,slowfast_r50,hmdb51
The_Matrix_5_shoot_gun_u_nm_np1_fr_med_9,36,49,4,32,4,k4,False,0.1447456181049347,slowfast_r50,hmdb51
Shootingattherange_shoot_gun_f_nm_np1_ri_med_0,36,72,4,32,4,k4,True,0.8844782114028931,slowfast_r50,hmdb51
shooting_shoot_gun_u_nm_np1_le_med_6,36,80,4,32,4,k4,True,0.8654182553291321,slowfast_r50,hmdb51
The_Matrix_5_shoot_gun_u_cm_np1_fr_goo_4,36,76,4,32,4,k4,False,0.7968080043792725,slowfast_r50,hmdb51
Shootingagunforthefirsttimeever_shoot_gun_u_cm_np1_ri_med_0,36,367,4,32,4,k4,True,0.9710899591445923,slowfast_r50,hmdb51
prelinger_LetsPlay1949_sit_u_cm_np1_le_med_9,37,103,4,32,4,k4,True,0.991959273815155,slowfast_r50,hmdb51
TheRoyalTenenbaums_sit_u_nm_np1_fr_med_2,37,78,4,32,4,k4,True,0.9363693594932556,slowfast_r50,hmdb51
AmericanGangster_sit_u_cm_np1_ba_bad_16,37,111,4,32,4,k4,False,0.31664204597473145,slowfast_r50,hmdb51
Crash_sit_u_cm_np1_fr_med_19,37,79,4,32,4,k4,False,0.08640959858894348,slowfast_r50,hmdb51
BLACK_HAWK_DOWN_sit_u_cm_np1_ri_med_2,37,80,4,32,4,k4,True,0.4072568714618683,slowfast_r50,hmdb51
TrumanShow_sit_f_nm_np1_le_med_37,37,50,4,32,4,k4,False,0.3995490074157715,slowfast_r50,hmdb51
EasternPromises_sit_f_nm_np1_ri_med_4,37,82,4,32,4,k4,False,0.5156267285346985,slowfast_r50,hmdb51
Radfahren_um_die_Aggertalsperre_06_09_2009_ride_bike_f_cm_np1_ba_med_12,30,81,8,32,8,k8,False,0.173379048705101,slowfast_r50,hmdb51
1996_Tour_de_France_-_Indurain_Cracks_ride_bike_f_cm_np1_ri_med_4,30,79,8,32,8,k8,False,0.2523882985115051,slowfast_r50,hmdb51
#437_How_To_Ride_A_Bike_ride_bike_f_cm_np1_ba_med_0,30,81,8,32,8,k8,False,0.2065965086221695,slowfast_r50,hmdb51
Finding_Forrester_5_ride_bike_f_cm_np1_fr_bad_1,30,167,8,32,8,k8,False,0.07380073517560959,slowfast_r50,hmdb51
1996_Tour_de_France_-_Indurain_Cracks_ride_bike_f_cm_np1_ba_med_1,30,124,8,32,8,k8,False,0.6328632235527039,slowfast_r50,hmdb51
1989_Tour_de_France_Final_Time_Trial_ride_bike_f_cm_np1_le_med_4,30,81,8,32,8,k8,True,0.8744666576385498,slowfast_r50,hmdb51
Fahrrad_Eigenbau_ride_bike_f_cm_np1_ri_med_0,30,140,8,32,8,k8,True,0.6123538017272949,slowfast_r50,hmdb51
Learn_How_To_Ride_A_Bike_at_Any_Age_ride_bike_f_cm_np1_le_med_5,30,80,8,32,8,k8,True,0.9953020811080933,slowfast_r50,hmdb51
David_beim_Fahrrad_fahren_X_x_ride_bike_f_cm_np1_ri_med_4,30,92,8,32,8,k8,True,0.780917227268219,slowfast_r50,hmdb51
Fahrrad_Eigenbau_ride_bike_f_cm_np1_le_med_1,30,136,8,32,8,k8,True,0.980040431022644,slowfast_r50,hmdb51
Tour_de_France_2009_ETAPA_16_ESPN_ESP__Kilometros_finales_ride_bike_f_cm_np1_ba_bad_2,30,55,8,32,8,k8,True,0.8084282279014587,slowfast_r50,hmdb51
Learn_How_To_Ride_A_Bike_at_Any_Age_ride_bike_f_cm_np1_ba_med_7,30,80,8,32,8,k8,True,0.9972637891769409,slowfast_r50,hmdb51
Learn_How_To_Ride_A_Bike_at_Any_Age_ride_bike_f_cm_np1_ba_med_1,30,80,8,32,8,k8,True,0.9959308505058289,slowfast_r50,hmdb51
Radfahren_um_die_Aggertalsperre_06_09_2009_ride_bike_f_cm_np2_le_med_14,30,81,8,32,8,k8,True,0.9862574934959412,slowfast_r50,hmdb51
Mylifehorseriding_ride_horse_f_cm_np1_le_med_4,31,148,8,32,8,k8,True,0.9999997615814209,slowfast_r50,hmdb51
Alifestyle_ride_horse_f_cm_np1_fr_med_4,31,291,8,32,8,k8,True,0.9981982111930847,slowfast_r50,hmdb51
CrossCountry_ride_horse_l_cm_np1_ri_med_7,31,67,8,32,8,k8,True,0.9999033212661743,slowfast_r50,hmdb51
ChelseaLately-Chelsea_ride_horse_f_cm_np1_le_med_3,31,80,8,32,8,k8,True,0.9999978542327881,slowfast_r50,hmdb51
HorseRiding_ride_horse_f_cm_np1_ba_med_5,31,95,8,32,8,k8,True,0.9922857284545898,slowfast_r50,hmdb51
BethEventingTraingGeorge_ride_horse_f_cm_np1_ri_med_4,31,98,8,32,8,k8,True,0.937771201133728,slowfast_r50,hmdb51
Return_of_the_King_9_ride_horse_f_cm_np1_ri_med_2,31,87,8,32,8,k8,False,0.11593646556138992,slowfast_r50,hmdb51
Alifestyle_ride_horse_f_cm_np1_le_med_2,31,101,8,32,8,k8,True,0.9999921321868896,slowfast_r50,hmdb51
ChelseaLately-Chelsea_ride_horse_f_cm_np1_le_med_6,31,133,8,32,8,k8,True,0.9999862909317017,slowfast_r50,hmdb51
ALeapToFreedom_ride_horse_f_nm_np1_ba_med_1,31,111,8,32,8,k8,False,0.47119852900505066,slowfast_r50,hmdb51
Caspar_ride_horse_f_cm_np1_ri_med_1,31,161,8,32,8,k8,True,0.9975317716598511,slowfast_r50,hmdb51
Return_of_the_King_6_ride_horse_f_cm_np3_ba_med_0,31,123,8,32,8,k8,False,0.4659302830696106,slowfast_r50,hmdb51
Alifestyle_ride_horse_f_cm_np1_le_med_5,31,436,8,32,8,k8,False,0.8213839530944824,slowfast_r50,hmdb51
DressageandJumping_ride_horse_f_cm_np1_fr_med_2,31,227,8,32,8,k8,True,0.2802497148513794,slowfast_r50,hmdb51
HorseRiding_ride_horse_f_cm_np1_ri_med_1,31,114,8,32,8,k8,True,0.9999775886535645,slowfast_r50,hmdb51
Return_of_the_King_2_ride_horse_f_cm_np1_ba_bad_8,31,106,8,32,8,k8,False,0.7219809293746948,slowfast_r50,hmdb51
ChikiMovie_ride_horse_f_cm_np1_ri_med_7,31,25,8,32,8,k8,True,0.9996836185455322,slowfast_r50,hmdb51
HP_PRISONER_OF_AZKABAN_run_f_cm_np1_le_bad_35,32,55,8,32,8,k8,False,0.5521210432052612,slowfast_r50,hmdb51
likebeckam_run_f_cm_np1_ba_med_14,32,81,8,32,8,k8,False,0.6096234917640686,slowfast_r50,hmdb51
BLACK_HAWK_DOWN_run_l_nm_np1_ba_med_33,32,50,8,32,8,k8,False,0.45219337940216064,slowfast_r50,hmdb51
likebeckam_run_f_cm_np1_ri_med_1,32,22,8,32,8,k8,False,0.5624737739562988,slowfast_r50,hmdb51
KUNG_FU_HUSTLE_run_f_cm_np1_fr_med_27,32,74,8,32,8,k8,False,0.2773567736148834,slowfast_r50,hmdb51
prelinger_they_grow_up_so_fast_1_run_f_cm_np1_ri_med_14,32,199,8,32,8,k8,True,0.19880324602127075,slowfast_r50,hmdb51
Man_Who_Cheated_Himself_512kb_run_f_cm_np1_fr_bad_4,32,78,8,32,8,k8,False,0.32940682768821716,slowfast_r50,hmdb51
TheLastManOnearth_run_f_nm_np1_fr_med_42,32,77,8,32,8,k8,True,0.958311140537262,slowfast_r50,hmdb51
TheLastManOnearth_run_f_nm_np1_ba_bad_40,32,107,8,32,8,k8,True,0.5762022137641907,slowfast_r50,hmdb51
20060723sfjffangelina_run_f_nm_np1_ri_med_1,32,34,8,32,8,k8,False,0.4830555319786072,slowfast_r50,hmdb51
THE_PROTECTOR_run_f_cm_np1_le_med_15,32,47,8,32,8,k8,False,0.8989575505256653,slowfast_r50,hmdb51
prelinger_LetsPlay1949_run_f_nm_np1_fr_med_16,32,96,8,32,8,k8,False,0.7548546195030212,slowfast_r50,hmdb51
Crash_run_f_cm_np1_fr_med_17,32,113,8,32,8,k8,True,0.9185410141944885,slowfast_r50,hmdb51
Fellowship_7_run_u_cm_np1_fr_med_5,32,47,8,32,8,k8,False,0.39031195640563965,slowfast_r50,hmdb51
HP_PRISONER_OF_AZKABAN_run_f_cm_np1_ba_bad_36,32,48,8,32,8,k8,False,0.2504091262817383,slowfast_r50,hmdb51
RETURN_OF_THE_KING_run_f_cm_np1_fr_med_52,32,83,8,32,8,k8,False,0.8351919054985046,slowfast_r50,hmdb51
THE_PROTECTOR_run_f_cm_np1_le_med_42,32,51,8,32,8,k8,True,0.6164498925209045,slowfast_r50,hmdb51
GOAL_2_living_the_dream_movie_part_2_run_f_cm_np4_fr_med_1,32,48,8,32,8,k8,False,0.9997988343238831,slowfast_r50,hmdb51
TheBoondockSaints_run_h_cm_np1_fr_bad_69,32,48,8,32,8,k8,False,0.47939494252204895,slowfast_r50,hmdb51
RETURN_OF_THE_KING_run_f_cm_np1_fr_med_31,32,48,8,32,8,k8,False,0.9873255491256714,slowfast_r50,hmdb51
Emma_2008_Eurofinals_-_prize_giving_ceremony_Team_Pioneer_members_divx_shake_hands_u_cm_np2_le_med_0,33,79,8,32,8,k8,True,0.9495405554771423,slowfast_r50,hmdb51
Wrestling_World_Cup_2008_-_FW-_Team_-_Award_Ceremony_shake_hands_f_cm_np2_le_med_3,33,79,8,32,8,k8,False,0.14734375476837158,slowfast_r50,hmdb51
d173_graveyard_call_price_giving_ceremony_shake_hands_f_cm_np2_le_med_6,33,80,8,32,8,k8,False,0.6196222901344299,slowfast_r50,hmdb51
Hand_Shake_Guy_shake_hands_f_nm_np2_le_med_4,33,80,8,32,8,k8,False,0.49031561613082886,slowfast_r50,hmdb51
IPL_Awards_Ceremony_shake_hands_f_cm_np2_ba_med_0,33,79,8,32,8,k8,True,0.9974328875541687,slowfast_r50,hmdb51
IPL_Awards_Ceremony_shake_hands_u_cm_np2_ba_med_7,33,79,8,32,8,k8,False,0.27609825134277344,slowfast_r50,hmdb51
2009_NJEHA_Conference__Awards_Ceremony_-_Part_1_shake_hands_u_cm_np2_le_med_0,33,80,8,32,8,k8,True,0.18009062111377716,slowfast_r50,hmdb51
Meeting_with_Boyko_Borisov__Prime_Minister_of_Bulgaria_shake_hands_u_cm_np2_le_med_1,33,109,8,32,8,k8,True,0.9926052093505859,slowfast_r50,hmdb51
Wrestling_World_Cup_2008_-_FW-_Team_-_Award_Ceremony_shake_hands_f_cm_np2_le_bad_5,33,79,8,32,8,k8,False,0.24280788004398346,slowfast_r50,hmdb51
Speech_Day_2009_(Part_9)_shake_hands_f_cm_np2_le_med_4,33,80,8,32,8,k8,True,0.6864747405052185,slowfast_r50,hmdb51
IPL_Awards_Ceremony_shake_hands_u_cm_np2_ba_med_3,33,79,8,32,8,k8,False,0.6332296133041382,slowfast_r50,hmdb51
Slavi_Trifonov_-_Gaco_Bacov_11_02_08_shake_hands_u_cm_np2_le_bad_0,33,80,8,32,8,k8,False,0.3174767792224884,slowfast_r50,hmdb51
Hand_Shake_Guy_shake_hands_u_nm_np2_le_med_0,33,68,8,32,8,k8,False,0.8850629329681396,slowfast_r50,hmdb51
BSS_2008_-_Wentworth_Miller_erh_lt_gol__Otto_Shootingstar_shake_hands_u_cm_np2_le_med_2,33,81,8,32,8,k8,True,0.8867258429527283,slowfast_r50,hmdb51
Pambos_and_Maria_at_the_Slavi_s_Show_shake_hands_f_cm_np2_le_bad_1,33,80,8,32,8,k8,True,0.2163521945476532,slowfast_r50,hmdb51
Price_giving_ceremony_shake_hands_f_cm_np4_le_med_2,33,79,8,32,8,k8,True,0.36216506361961365,slowfast_r50,hmdb51
RailsConf_09-___Ruby_Heroes_Award_Ceremony__shake_hands_u_cm_np2_le_med_5,33,80,8,32,8,k8,False,0.2061757743358612,slowfast_r50,hmdb51
music_idol3_v_zalata_vliza_boiko_borisov_shake_hands_f_cm_np2_ri_bad_0,33,80,8,32,8,k8,False,0.2156476378440857,slowfast_r50,hmdb51
Speech_Day_2009_(Part_9)_shake_hands_f_cm_np2_le_med_6,33,80,8,32,8,k8,False,0.21451887488365173,slowfast_r50,hmdb51
Meeting_with_Boyko_Borisov__Prime_Minister_of_Bulgaria_shake_hands_u_cm_np2_le_med_0,33,80,8,32,8,k8,True,0.9998703002929688,slowfast_r50,hmdb51
AdamandAlvonplayingbasketball2_shoot_ball_f_cm_np1_le_med_0,34,80,8,32,8,k8,True,0.3708937466144562,slowfast_r50,hmdb51
3PointJumpShotPractice-09_21_07_shoot_ball_f_nm_np1_ri_med_4,34,92,8,32,8,k8,True,0.99747234582901,slowfast_r50,hmdb51
ReggieMillerTakesonThreeAverageGuysinaShootout_shoot_ball_u_nm_np1_ba_med_6,34,81,8,32,8,k8,True,0.9850224852561951,slowfast_r50,hmdb51
WeTheKingsplaying_shoot_ball_u_cm_np1_ba_med_4,34,112,8,32,8,k8,False,0.5504201650619507,slowfast_r50,hmdb51
WeTheKingsplaying_shoot_ball_u_cm_np1_ba_med_6,34,82,8,32,8,k8,False,0.7442166805267334,slowfast_r50,hmdb51
Finding_Forrester_3_shoot_ball_f_nm_np2_ba_med_6,34,105,8,32,8,k8,False,0.9573131799697876,slowfast_r50,hmdb51
3PointJumpShotPractice-09_21_07_shoot_ball_f_nm_np1_ri_med_3,34,91,8,32,8,k8,True,0.9940880537033081,slowfast_r50,hmdb51
PlayingBasketballGotWater_shoot_ball_f_nm_np1_ba_med_3,34,56,8,32,8,k8,True,0.9942561984062195,slowfast_r50,hmdb51
Clay_sBasketballSkillz_shoot_ball_f_nm_np1_ba_med_4,34,68,8,32,8,k8,True,0.9089512228965759,slowfast_r50,hmdb51
AdamandAlvonplayingbasketball1_shoot_ball_f_nm_np1_ba_med_11,34,80,8,32,8,k8,True,0.8515039086341858,slowfast_r50,hmdb51
ImprovingBasketballSkills-BasketballNBA3-PointShots_shoot_ball_f_nm_np1_ri_med_0,34,84,8,32,8,k8,True,0.9375267624855042,slowfast_r50,hmdb51
KELVIN_shoot_ball_u_cm_np1_ba_med_7,34,111,8,32,8,k8,True,0.9797258973121643,slowfast_r50,hmdb51
10YearOldYouthBasketballStarBaller_shoot_ball_f_nm_np1_ba_med_13,34,81,8,32,8,k8,True,0.5273142457008362,slowfast_r50,hmdb51
KELVIN_shoot_ball_u_cm_np1_ba_med_6,34,91,8,32,8,k8,True,0.9669975638389587,slowfast_r50,hmdb51
LearnToShootFromTheMaster_shoot_ball_f_nm_np1_ba_med_4,34,82,8,32,8,k8,False,0.6715561747550964,slowfast_r50,hmdb51
10YearOldYouthBasketballStarBaller_shoot_ball_f_nm_np1_ri_med_10,34,58,8,32,8,k8,True,0.9681098461151123,slowfast_r50,hmdb51
Finding_Forrester_1_shoot_ball_f_nm_np1_le_bad_3,34,99,8,32,8,k8,False,0.10117030888795853,slowfast_r50,hmdb51
LearnToShootFromTheMaster_shoot_ball_f_cm_np1_ba_med_6,34,84,8,32,8,k8,True,0.7539650797843933,slowfast_r50,hmdb51
ReggieMillerTakesonThreeAverageGuysinaShootout_shoot_ball_u_nm_np1_ba_med_5,34,95,8,32,8,k8,True,0.8181692957878113,slowfast_r50,hmdb51
JuanReneSerranoSemifinal_shoot_bow_u_cm_np1_le_goo_5,35,314,8,32,8,k8,False,0.6913139224052429,slowfast_r50,hmdb51
ArcheryMaster_shoot_bow_u_cm_np1_ri_med_3,35,350,8,32,8,k8,True,0.9611483812332153,slowfast_r50,hmdb51
MegaPrecisionArchery_shoot_bow_u_nm_np1_fr_med_1,35,264,8,32,8,k8,True,0.938958466053009,slowfast_r50,hmdb51
P3Martin_shoot_bow_u_cm_np1_fr_goo_0,35,392,8,32,8,k8,True,0.9533620476722717,slowfast_r50,hmdb51
Hannahfront23may08_shoot_bow_u_nm_np1_fr_med_1,35,241,8,32,8,k8,True,0.9860244393348694,slowfast_r50,hmdb51
Shootingarecurve_shoot_bow_u_nm_np1_fr_med_1,35,148,8,32,8,k8,True,0.6261429190635681,slowfast_r50,hmdb51
ArcheryFastShooting_shoot_bow_u_nm_np1_fr_med_9,35,80,8,32,8,k8,True,0.9853061437606812,slowfast_r50,hmdb51
Fellowship_7_shoot_bow_h_nm_np1_fr_med_8,35,59,8,32,8,k8,True,0.2375285029411316,slowfast_r50,hmdb51
TURKISHRECURVEBOW_shoot_bow_u_cm_np1_ba_med_0,35,128,8,32,8,k8,False,0.3944583833217621,slowfast_r50,hmdb51
11408ErikaRecurvefront_shoot_bow_u_nm_np1_fr_med_1,35,264,8,32,8,k8,True,0.9999173879623413,slowfast_r50,hmdb51
Updatedvideoofmeshootingteamusaarchery_shoot_bow_u_cm_np1_ri_med_4,35,201,8,32,8,k8,False,0.8423609137535095,slowfast_r50,hmdb51
ArcheryFastShooting_shoot_bow_u_nm_np1_fr_med_10,35,80,8,32,8,k8,True,0.9991673231124878,slowfast_r50,hmdb51
ArcheryFastShooting_shoot_bow_u_nm_np1_fr_med_15,35,80,8,32,8,k8,True,0.9543836712837219,slowfast_r50,hmdb51
MegaPrecisionArchery_shoot_bow_u_nm_np1_fr_med_3,35,308,8,32,8,k8,True,0.9822492599487305,slowfast_r50,hmdb51
Meshooting3_shoot_bow_u_cm_np1_fr_med_0,35,202,8,32,8,k8,False,0.5983401536941528,slowfast_r50,hmdb51
Shootingarecurve_shoot_bow_u_cm_np1_fr_med_5,35,106,8,32,8,k8,True,0.3444325029850006,slowfast_r50,hmdb51
GLOCK17_shoot_gun_u_nm_np1_ri_med_0,36,64,8,32,8,k8,True,0.8787798881530762,slowfast_r50,hmdb51
DefensivePistolShootingTechniques_shoot_gun_f_nm_np1_fr_med_1,36,124,8,32,8,k8,False,0.43131306767463684,slowfast_r50,hmdb51
FirearmsTraining_shoot_gun_f_nm_np1_ri_med_7,36,288,8,32,8,k8,False,0.3849245011806488,slowfast_r50,hmdb51
TiffanywithSpringfieldArmoryXD9_shoot_gun_u_nm_np1_ri_med_0,36,81,8,32,8,k8,True,0.9655718207359314,slowfast_r50,hmdb51
shooting_shoot_gun_u_nm_np1_le_med_8,36,84,8,32,8,k8,True,0.950265645980835,slowfast_r50,hmdb51
FirearmsTraining_shoot_gun_u_cm_np1_ba_med_5,36,155,8,32,8,k8,False,0.4410681128501892,slowfast_r50,hmdb51
GLOCK17_shoot_gun_u_nm_np1_fr_med_6,36,111,8,32,8,k8,True,0.7473134994506836,slowfast_r50,hmdb51
The_Matrix_4_shoot_gun_u_nm_np2_fr_goo_2,36,59,8,32,8,k8,False,0.8084274530410767,slowfast_r50,hmdb51
Glory_shoot_gun_u_nm_np2_le_med_57,36,56,8,32,8,k8,False,0.3153160810470581,slowfast_r50,hmdb51
Italian_Job_1_shoot_gun_u_nm_np1_fr_med_3,36,37,8,32,8,k8,False,0.12803460657596588,slowfast_r50,hmdb51
The_Matrix_5_shoot_gun_u_nm_np1_fr_med_9,36,49,8,32,8,k8,False,0.28353559970855713,slowfast_r50,hmdb51
Shootingattherange_shoot_gun_f_nm_np1_ri_med_0,36,72,8,32,8,k8,True,0.8703458905220032,slowfast_r50,hmdb51
shooting_shoot_gun_u_nm_np1_le_med_6,36,80,8,32,8,k8,True,0.7092550992965698,slowfast_r50,hmdb51
The_Matrix_5_shoot_gun_u_cm_np1_fr_goo_4,36,76,8,32,8,k8,False,0.4162442088127136,slowfast_r50,hmdb51
Shootingagunforthefirsttimeever_shoot_gun_u_cm_np1_ri_med_0,36,367,8,32,8,k8,True,0.9214630722999573,slowfast_r50,hmdb51
prelinger_LetsPlay1949_sit_u_cm_np1_le_med_9,37,103,8,32,8,k8,True,0.9727626442909241,slowfast_r50,hmdb51
TheRoyalTenenbaums_sit_u_nm_np1_fr_med_2,37,78,8,32,8,k8,False,0.25730472803115845,slowfast_r50,hmdb51
AmericanGangster_sit_u_cm_np1_ba_bad_16,37,111,8,32,8,k8,False,0.2894887924194336,slowfast_r50,hmdb51
Crash_sit_u_cm_np1_fr_med_19,37,79,8,32,8,k8,False,0.32316482067108154,slowfast_r50,hmdb51
BLACK_HAWK_DOWN_sit_u_cm_np1_ri_med_2,37,80,8,32,8,k8,False,0.48517927527427673,slowfast_r50,hmdb51
TrumanShow_sit_f_nm_np1_le_med_37,37,50,8,32,8,k8,False,0.6408197283744812,slowfast_r50,hmdb51
EasternPromises_sit_f_nm_np1_ri_med_4,37,82,8,32,8,k8,False,0.9202479720115662,slowfast_r50,hmdb51
Radfahren_um_die_Aggertalsperre_06_09_2009_ride_bike_f_cm_np1_ba_med_12,30,81,16,32,16,k16,True,0.5688100457191467,slowfast_r50,hmdb51
1996_Tour_de_France_-_Indurain_Cracks_ride_bike_f_cm_np1_ri_med_4,30,79,16,32,16,k16,True,0.9941533207893372,slowfast_r50,hmdb51
#437_How_To_Ride_A_Bike_ride_bike_f_cm_np1_ba_med_0,30,81,16,32,16,k16,False,0.6823129057884216,slowfast_r50,hmdb51
Finding_Forrester_5_ride_bike_f_cm_np1_fr_bad_1,30,167,16,32,16,k16,False,0.12395159900188446,slowfast_r50,hmdb51
1996_Tour_de_France_-_Indurain_Cracks_ride_bike_f_cm_np1_ba_med_1,30,124,16,32,16,k16,True,0.7988003492355347,slowfast_r50,hmdb51
1989_Tour_de_France_Final_Time_Trial_ride_bike_f_cm_np1_le_med_4,30,81,16,32,16,k16,True,0.9985528588294983,slowfast_r50,hmdb51
Fahrrad_Eigenbau_ride_bike_f_cm_np1_ri_med_0,30,140,16,32,16,k16,True,0.9860565662384033,slowfast_r50,hmdb51
Learn_How_To_Ride_A_Bike_at_Any_Age_ride_bike_f_cm_np1_le_med_5,30,80,16,32,16,k16,True,0.9981552958488464,slowfast_r50,hmdb51
David_beim_Fahrrad_fahren_X_x_ride_bike_f_cm_np1_ri_med_4,30,92,16,32,16,k16,True,0.9827593564987183,slowfast_r50,hmdb51
Fahrrad_Eigenbau_ride_bike_f_cm_np1_le_med_1,30,136,16,32,16,k16,True,0.9792577624320984,slowfast_r50,hmdb51
Tour_de_France_2009_ETAPA_16_ESPN_ESP__Kilometros_finales_ride_bike_f_cm_np1_ba_bad_2,30,55,16,32,16,k16,True,0.9820881485939026,slowfast_r50,hmdb51
Learn_How_To_Ride_A_Bike_at_Any_Age_ride_bike_f_cm_np1_ba_med_7,30,80,16,32,16,k16,True,0.9985511898994446,slowfast_r50,hmdb51
Learn_How_To_Ride_A_Bike_at_Any_Age_ride_bike_f_cm_np1_ba_med_1,30,80,16,32,16,k16,True,0.9990052580833435,slowfast_r50,hmdb51
Radfahren_um_die_Aggertalsperre_06_09_2009_ride_bike_f_cm_np2_le_med_14,30,81,16,32,16,k16,True,0.9999606609344482,slowfast_r50,hmdb51
Mylifehorseriding_ride_horse_f_cm_np1_le_med_4,31,148,16,32,16,k16,True,0.9999949932098389,slowfast_r50,hmdb51
Alifestyle_ride_horse_f_cm_np1_fr_med_4,31,291,16,32,16,k16,True,0.9953616261482239,slowfast_r50,hmdb51
CrossCountry_ride_horse_l_cm_np1_ri_med_7,31,67,16,32,16,k16,True,0.9979856014251709,slowfast_r50,hmdb51
ChelseaLately-Chelsea_ride_horse_f_cm_np1_le_med_3,31,80,16,32,16,k16,True,0.9999890327453613,slowfast_r50,hmdb51
HorseRiding_ride_horse_f_cm_np1_ba_med_5,31,95,16,32,16,k16,True,0.9953635931015015,slowfast_r50,hmdb51
BethEventingTraingGeorge_ride_horse_f_cm_np1_ri_med_4,31,98,16,32,16,k16,False,0.5627403855323792,slowfast_r50,hmdb51
Return_of_the_King_9_ride_horse_f_cm_np1_ri_med_2,31,87,16,32,16,k16,False,0.1381019651889801,slowfast_r50,hmdb51
Alifestyle_ride_horse_f_cm_np1_le_med_2,31,101,16,32,16,k16,True,0.9999659061431885,slowfast_r50,hmdb51
ChelseaLately-Chelsea_ride_horse_f_cm_np1_le_med_6,31,133,16,32,16,k16,True,0.9999921321868896,slowfast_r50,hmdb51
ALeapToFreedom_ride_horse_f_nm_np1_ba_med_1,31,111,16,32,16,k16,False,0.34367793798446655,slowfast_r50,hmdb51
Caspar_ride_horse_f_cm_np1_ri_med_1,31,161,16,32,16,k16,True,0.9964806437492371,slowfast_r50,hmdb51
Return_of_the_King_6_ride_horse_f_cm_np3_ba_med_0,31,123,16,32,16,k16,False,0.41909268498420715,slowfast_r50,hmdb51
Alifestyle_ride_horse_f_cm_np1_le_med_5,31,436,16,32,16,k16,False,0.5217882990837097,slowfast_r50,hmdb51
DressageandJumping_ride_horse_f_cm_np1_fr_med_2,31,227,16,32,16,k16,True,0.7224167585372925,slowfast_r50,hmdb51
HorseRiding_ride_horse_f_cm_np1_ri_med_1,31,114,16,32,16,k16,True,0.9998339414596558,slowfast_r50,hmdb51
Return_of_the_King_2_ride_horse_f_cm_np1_ba_bad_8,31,106,16,32,16,k16,False,0.6099560856819153,slowfast_r50,hmdb51
ChikiMovie_ride_horse_f_cm_np1_ri_med_7,31,25,16,32,16,k16,True,0.9989960789680481,slowfast_r50,hmdb51
HP_PRISONER_OF_AZKABAN_run_f_cm_np1_le_bad_35,32,55,16,32,16,k16,False,0.7962910532951355,slowfast_r50,hmdb51
likebeckam_run_f_cm_np1_ba_med_14,32,81,16,32,16,k16,False,0.3254375457763672,slowfast_r50,hmdb51
BLACK_HAWK_DOWN_run_l_nm_np1_ba_med_33,32,50,16,32,16,k16,True,0.9747339487075806,slowfast_r50,hmdb51
likebeckam_run_f_cm_np1_ri_med_1,32,22,16,32,16,k16,True,0.638990044593811,slowfast_r50,hmdb51
KUNG_FU_HUSTLE_run_f_cm_np1_fr_med_27,32,74,16,32,16,k16,False,0.5304073691368103,slowfast_r50,hmdb51
prelinger_they_grow_up_so_fast_1_run_f_cm_np1_ri_med_14,32,199,16,32,16,k16,False,0.5263524651527405,slowfast_r50,hmdb51
Man_Who_Cheated_Himself_512kb_run_f_cm_np1_fr_bad_4,32,78,16,32,16,k16,False,0.20284894108772278,slowfast_r50,hmdb51
TheLastManOnearth_run_f_nm_np1_fr_med_42,32,77,16,32,16,k16,True,0.994864284992218,slowfast_r50,hmdb51
TheLastManOnearth_run_f_nm_np1_ba_bad_40,32,107,16,32,16,k16,True,0.9837311506271362,slowfast_r50,hmdb51
20060723sfjffangelina_run_f_nm_np1_ri_med_1,32,34,16,32,16,k16,True,0.40803518891334534,slowfast_r50,hmdb51
THE_PROTECTOR_run_f_cm_np1_le_med_15,32,47,16,32,16,k16,False,0.29852190613746643,slowfast_r50,hmdb51
prelinger_LetsPlay1949_run_f_nm_np1_fr_med_16,32,96,16,32,16,k16,True,0.9586654901504517,slowfast_r50,hmdb51
Crash_run_f_cm_np1_fr_med_17,32,113,16,32,16,k16,True,0.9628871083259583,slowfast_r50,hmdb51
Fellowship_7_run_u_cm_np1_fr_med_5,32,47,16,32,16,k16,False,0.3614179193973541,slowfast_r50,hmdb51
HP_PRISONER_OF_AZKABAN_run_f_cm_np1_ba_bad_36,32,48,16,32,16,k16,False,0.36139342188835144,slowfast_r50,hmdb51
RETURN_OF_THE_KING_run_f_cm_np1_fr_med_52,32,83,16,32,16,k16,False,0.42373594641685486,slowfast_r50,hmdb51
THE_PROTECTOR_run_f_cm_np1_le_med_42,32,51,16,32,16,k16,True,0.8952683210372925,slowfast_r50,hmdb51
GOAL_2_living_the_dream_movie_part_2_run_f_cm_np4_fr_med_1,32,48,16,32,16,k16,False,0.9884265661239624,slowfast_r50,hmdb51
TheBoondockSaints_run_h_cm_np1_fr_bad_69,32,48,16,32,16,k16,False,0.8728192448616028,slowfast_r50,hmdb51
RETURN_OF_THE_KING_run_f_cm_np1_fr_med_31,32,48,16,32,16,k16,False,0.5535464286804199,slowfast_r50,hmdb51
Emma_2008_Eurofinals_-_prize_giving_ceremony_Team_Pioneer_members_divx_shake_hands_u_cm_np2_le_med_0,33,79,16,32,16,k16,True,0.9982490539550781,slowfast_r50,hmdb51
Wrestling_World_Cup_2008_-_FW-_Team_-_Award_Ceremony_shake_hands_f_cm_np2_le_med_3,33,79,16,32,16,k16,True,0.9939370155334473,slowfast_r50,hmdb51
d173_graveyard_call_price_giving_ceremony_shake_hands_f_cm_np2_le_med_6,33,80,16,32,16,k16,False,0.5442489981651306,slowfast_r50,hmdb51
Hand_Shake_Guy_shake_hands_f_nm_np2_le_med_4,33,80,16,32,16,k16,False,0.5176253318786621,slowfast_r50,hmdb51
IPL_Awards_Ceremony_shake_hands_f_cm_np2_ba_med_0,33,79,16,32,16,k16,True,0.9988133907318115,slowfast_r50,hmdb51
IPL_Awards_Ceremony_shake_hands_u_cm_np2_ba_med_7,33,79,16,32,16,k16,True,0.9878076910972595,slowfast_r50,hmdb51
2009_NJEHA_Conference__Awards_Ceremony_-_Part_1_shake_hands_u_cm_np2_le_med_0,33,80,16,32,16,k16,True,0.755142331123352,slowfast_r50,hmdb51
Meeting_with_Boyko_Borisov__Prime_Minister_of_Bulgaria_shake_hands_u_cm_np2_le_med_1,33,109,16,32,16,k16,True,0.9837551712989807,slowfast_r50,hmdb51
Wrestling_World_Cup_2008_-_FW-_Team_-_Award_Ceremony_shake_hands_f_cm_np2_le_bad_5,33,79,16,32,16,k16,True,0.8923416137695312,slowfast_r50,hmdb51
Speech_Day_2009_(Part_9)_shake_hands_f_cm_np2_le_med_4,33,80,16,32,16,k16,True,0.9962298274040222,slowfast_r50,hmdb51
IPL_Awards_Ceremony_shake_hands_u_cm_np2_ba_med_3,33,79,16,32,16,k16,False,0.7347977161407471,slowfast_r50,hmdb51
Slavi_Trifonov_-_Gaco_Bacov_11_02_08_shake_hands_u_cm_np2_le_bad_0,33,80,16,32,16,k16,True,0.44808804988861084,slowfast_r50,hmdb51
Hand_Shake_Guy_shake_hands_u_nm_np2_le_med_0,33,68,16,32,16,k16,True,0.5472560524940491,slowfast_r50,hmdb51
BSS_2008_-_Wentworth_Miller_erh_lt_gol__Otto_Shootingstar_shake_hands_u_cm_np2_le_med_2,33,81,16,32,16,k16,True,0.9797490239143372,slowfast_r50,hmdb51
Pambos_and_Maria_at_the_Slavi_s_Show_shake_hands_f_cm_np2_le_bad_1,33,80,16,32,16,k16,True,0.5677741765975952,slowfast_r50,hmdb51
Price_giving_ceremony_shake_hands_f_cm_np4_le_med_2,33,79,16,32,16,k16,True,0.9829444289207458,slowfast_r50,hmdb51
RailsConf_09-___Ruby_Heroes_Award_Ceremony__shake_hands_u_cm_np2_le_med_5,33,80,16,32,16,k16,True,0.7301378846168518,slowfast_r50,hmdb51
music_idol3_v_zalata_vliza_boiko_borisov_shake_hands_f_cm_np2_ri_bad_0,33,80,16,32,16,k16,False,0.3703678846359253,slowfast_r50,hmdb51
Speech_Day_2009_(Part_9)_shake_hands_f_cm_np2_le_med_6,33,80,16,32,16,k16,True,0.9906518459320068,slowfast_r50,hmdb51
Meeting_with_Boyko_Borisov__Prime_Minister_of_Bulgaria_shake_hands_u_cm_np2_le_med_0,33,80,16,32,16,k16,True,0.9998063445091248,slowfast_r50,hmdb51
AdamandAlvonplayingbasketball2_shoot_ball_f_cm_np1_le_med_0,34,80,16,32,16,k16,True,0.6499289870262146,slowfast_r50,hmdb51
3PointJumpShotPractice-09_21_07_shoot_ball_f_nm_np1_ri_med_4,34,92,16,32,16,k16,True,0.9965943694114685,slowfast_r50,hmdb51
ReggieMillerTakesonThreeAverageGuysinaShootout_shoot_ball_u_nm_np1_ba_med_6,34,81,16,32,16,k16,True,0.9999103546142578,slowfast_r50,hmdb51
WeTheKingsplaying_shoot_ball_u_cm_np1_ba_med_4,34,112,16,32,16,k16,False,0.4737727642059326,slowfast_r50,hmdb51
WeTheKingsplaying_shoot_ball_u_cm_np1_ba_med_6,34,82,16,32,16,k16,False,0.30606773495674133,slowfast_r50,hmdb51
Finding_Forrester_3_shoot_ball_f_nm_np2_ba_med_6,34,105,16,32,16,k16,True,0.5389384031295776,slowfast_r50,hmdb51
3PointJumpShotPractice-09_21_07_shoot_ball_f_nm_np1_ri_med_3,34,91,16,32,16,k16,True,0.9986168146133423,slowfast_r50,hmdb51
PlayingBasketballGotWater_shoot_ball_f_nm_np1_ba_med_3,34,56,16,32,16,k16,True,0.9993746876716614,slowfast_r50,hmdb51
Clay_sBasketballSkillz_shoot_ball_f_nm_np1_ba_med_4,34,68,16,32,16,k16,True,0.9880660772323608,slowfast_r50,hmdb51
AdamandAlvonplayingbasketball1_shoot_ball_f_nm_np1_ba_med_11,34,80,16,32,16,k16,True,0.9840747117996216,slowfast_r50,hmdb51
ImprovingBasketballSkills-BasketballNBA3-PointShots_shoot_ball_f_nm_np1_ri_med_0,34,84,16,32,16,k16,True,0.9995880722999573,slowfast_r50,hmdb51
KELVIN_shoot_ball_u_cm_np1_ba_med_7,34,111,16,32,16,k16,True,0.9995388984680176,slowfast_r50,hmdb51
10YearOldYouthBasketballStarBaller_shoot_ball_f_nm_np1_ba_med_13,34,81,16,32,16,k16,True,0.9833189249038696,slowfast_r50,hmdb51
KELVIN_shoot_ball_u_cm_np1_ba_med_6,34,91,16,32,16,k16,True,0.9987336993217468,slowfast_r50,hmdb51
LearnToShootFromTheMaster_shoot_ball_f_nm_np1_ba_med_4,34,82,16,32,16,k16,True,0.7121490240097046,slowfast_r50,hmdb51
10YearOldYouthBasketballStarBaller_shoot_ball_f_nm_np1_ri_med_10,34,58,16,32,16,k16,True,0.9995619654655457,slowfast_r50,hmdb51
Finding_Forrester_1_shoot_ball_f_nm_np1_le_bad_3,34,99,16,32,16,k16,False,0.06311707198619843,slowfast_r50,hmdb51
LearnToShootFromTheMaster_shoot_ball_f_cm_np1_ba_med_6,34,84,16,32,16,k16,True,0.9696763157844543,slowfast_r50,hmdb51
ReggieMillerTakesonThreeAverageGuysinaShootout_shoot_ball_u_nm_np1_ba_med_5,34,95,16,32,16,k16,True,0.9567307829856873,slowfast_r50,hmdb51
JuanReneSerranoSemifinal_shoot_bow_u_cm_np1_le_goo_5,35,314,16,32,16,k16,True,0.6899052858352661,slowfast_r50,hmdb51
ArcheryMaster_shoot_bow_u_cm_np1_ri_med_3,35,350,16,32,16,k16,True,0.9748287200927734,slowfast_r50,hmdb51
MegaPrecisionArchery_shoot_bow_u_nm_np1_fr_med_1,35,264,16,32,16,k16,True,0.9999103546142578,slowfast_r50,hmdb51
P3Martin_shoot_bow_u_cm_np1_fr_goo_0,35,392,16,32,16,k16,True,0.9935936331748962,slowfast_r50,hmdb51
Hannahfront23may08_shoot_bow_u_nm_np1_fr_med_1,35,241,16,32,16,k16,True,0.9973963499069214,slowfast_r50,hmdb51
Shootingarecurve_shoot_bow_u_nm_np1_fr_med_1,35,148,16,32,16,k16,True,0.9182060956954956,slowfast_r50,hmdb51
ArcheryFastShooting_shoot_bow_u_nm_np1_fr_med_9,35,80,16,32,16,k16,True,0.9982511401176453,slowfast_r50,hmdb51
Fellowship_7_shoot_bow_h_nm_np1_fr_med_8,35,59,16,32,16,k16,False,0.32927918434143066,slowfast_r50,hmdb51
TURKISHRECURVEBOW_shoot_bow_u_cm_np1_ba_med_0,35,128,16,32,16,k16,True,0.9913212656974792,slowfast_r50,hmdb51
11408ErikaRecurvefront_shoot_bow_u_nm_np1_fr_med_1,35,264,16,32,16,k16,True,0.9999998807907104,slowfast_r50,hmdb51
Updatedvideoofmeshootingteamusaarchery_shoot_bow_u_cm_np1_ri_med_4,35,201,16,32,16,k16,True,0.44093549251556396,slowfast_r50,hmdb51
ArcheryFastShooting_shoot_bow_u_nm_np1_fr_med_10,35,80,16,32,16,k16,True,0.999971866607666,slowfast_r50,hmdb51
ArcheryFastShooting_shoot_bow_u_nm_np1_fr_med_15,35,80,16,32,16,k16,True,0.99950110912323,slowfast_r50,hmdb51
MegaPrecisionArchery_shoot_bow_u_nm_np1_fr_med_3,35,308,16,32,16,k16,True,0.9998202919960022,slowfast_r50,hmdb51
Meshooting3_shoot_bow_u_cm_np1_fr_med_0,35,202,16,32,16,k16,True,0.9926122426986694,slowfast_r50,hmdb51
Shootingarecurve_shoot_bow_u_cm_np1_fr_med_5,35,106,16,32,16,k16,True,0.7725349068641663,slowfast_r50,hmdb51
GLOCK17_shoot_gun_u_nm_np1_ri_med_0,36,64,16,32,16,k16,True,0.9998998641967773,slowfast_r50,hmdb51
DefensivePistolShootingTechniques_shoot_gun_f_nm_np1_fr_med_1,36,124,16,32,16,k16,True,0.9270097613334656,slowfast_r50,hmdb51
FirearmsTraining_shoot_gun_f_nm_np1_ri_med_7,36,288,16,32,16,k16,False,0.3690509498119354,slowfast_r50,hmdb51
TiffanywithSpringfieldArmoryXD9_shoot_gun_u_nm_np1_ri_med_0,36,81,16,32,16,k16,True,0.9983270764350891,slowfast_r50,hmdb51
shooting_shoot_gun_u_nm_np1_le_med_8,36,84,16,32,16,k16,True,0.9985161423683167,slowfast_r50,hmdb51
FirearmsTraining_shoot_gun_u_cm_np1_ba_med_5,36,155,16,32,16,k16,True,0.6361179351806641,slowfast_r50,hmdb51
GLOCK17_shoot_gun_u_nm_np1_fr_med_6,36,111,16,32,16,k16,True,0.9992602467536926,slowfast_r50,hmdb51
The_Matrix_4_shoot_gun_u_nm_np2_fr_goo_2,36,59,16,32,16,k16,False,0.9854984283447266,slowfast_r50,hmdb51
Glory_shoot_gun_u_nm_np2_le_med_57,36,56,16,32,16,k16,False,0.588060200214386,slowfast_r50,hmdb51
Italian_Job_1_shoot_gun_u_nm_np1_fr_med_3,36,37,16,32,16,k16,False,0.11527044326066971,slowfast_r50,hmdb51
The_Matrix_5_shoot_gun_u_nm_np1_fr_med_9,36,49,16,32,16,k16,False,0.34193354845046997,slowfast_r50,hmdb51
Shootingattherange_shoot_gun_f_nm_np1_ri_med_0,36,72,16,32,16,k16,True,0.9881473183631897,slowfast_r50,hmdb51
shooting_shoot_gun_u_nm_np1_le_med_6,36,80,16,32,16,k16,True,0.9975724816322327,slowfast_r50,hmdb51
The_Matrix_5_shoot_gun_u_cm_np1_fr_goo_4,36,76,16,32,16,k16,False,0.2772042751312256,slowfast_r50,hmdb51
Shootingagunforthefirsttimeever_shoot_gun_u_cm_np1_ri_med_0,36,367,16,32,16,k16,True,0.9960045218467712,slowfast_r50,hmdb51
prelinger_LetsPlay1949_sit_u_cm_np1_le_med_9,37,103,16,32,16,k16,True,0.7601481676101685,slowfast_r50,hmdb51
TheRoyalTenenbaums_sit_u_nm_np1_fr_med_2,37,78,16,32,16,k16,True,0.7759779095649719,slowfast_r50,hmdb51
AmericanGangster_sit_u_cm_np1_ba_bad_16,37,111,16,32,16,k16,False,0.16271157562732697,slowfast_r50,hmdb51
Crash_sit_u_cm_np1_fr_med_19,37,79,16,32,16,k16,False,0.5133938193321228,slowfast_r50,hmdb51
BLACK_HAWK_DOWN_sit_u_cm_np1_ri_med_2,37,80,16,32,16,k16,False,0.6858115792274475,slowfast_r50,hmdb51
TrumanShow_sit_f_nm_np1_le_med_37,37,50,16,32,16,k16,False,0.7119261622428894,slowfast_r50,hmdb51
EasternPromises_sit_f_nm_np1_ri_med_4,37,82,16,32,16,k16,False,0.501778244972229,slowfast_r50,hmdb51
TheBoondockSaints_sit_u_cm_np1_fr_bad_56,37,47,1,32,1,k1,False,0.9989235997200012,slowfast_r50,hmdb51
ThePerfectScore_sit_u_nm_np1_ri_med_10,37,78,1,32,1,k1,False,0.2632830739021301,slowfast_r50,hmdb51
American_History_X_sit_u_cm_np1_fr_goo_39,37,128,1,32,1,k1,False,0.34188973903656006,slowfast_r50,hmdb51
Prelinger_HabitPat1954_sit_u_cm_np1_le_med_8,37,76,1,32,1,k1,True,0.9975461363792419,slowfast_r50,hmdb51
The_Departed_-_Part_2_sit_u_nm_np1_fr_goo_1,37,54,1,32,1,k1,True,0.7727264165878296,slowfast_r50,hmdb51
Finding_Forrester_2_sit_u_cm_np1_ri_bad_3,37,127,1,32,1,k1,False,0.049554500728845596,slowfast_r50,hmdb51
NoCountryForOldMen_sit_u_nm_np1_fr_goo_1,37,80,1,32,1,k1,False,0.3540787100791931,slowfast_r50,hmdb51
AmericanGangster_sit_f_cm_np1_fr_med_70,37,80,1,32,1,k1,True,0.9919323325157166,slowfast_r50,hmdb51
Eurotrip_sit_u_nm_np1_fr_goo_3,37,169,1,32,1,k1,True,0.737917959690094,slowfast_r50,hmdb51
HP_PRISONER_OF_AZKABAN_sit_f_cm_np1_le_bad_16,37,102,1,32,1,k1,True,0.9455202221870422,slowfast_r50,hmdb51
Crash_sit_u_nm_np1_le_goo_26,37,81,1,32,1,k1,False,0.5314170718193054,slowfast_r50,hmdb51
IamLegend_sit_f_cm_np1_fr_med_21,37,133,1,32,1,k1,True,0.6558601260185242,slowfast_r50,hmdb51
SweeneyTodd_sit_u_cm_np1_fr_med_21,37,72,1,32,1,k1,True,0.9738595485687256,slowfast_r50,hmdb51
AKC_coach_Torrin_Rhodan_showing_situp_kettlebell_movements_situp_f_cm_np1_le_goo_1,38,101,1,32,1,k1,False,0.4028381109237671,slowfast_r50,hmdb51
5_Min_Tone_Abs_Workout_2__Fitness_Training_w__Tammy_situp_f_nm_np1_le_goo_1,38,102,1,32,1,k1,True,0.9977091550827026,slowfast_r50,hmdb51
AKC_coach_Torrin_Rhodan_showing_situp_kettlebell_movements_situp_f_cm_np1_le_goo_2,38,103,1,32,1,k1,False,0.1729569435119629,slowfast_r50,hmdb51
6_Minute_Abs_Routine_situp_f_nm_np1_ri_bad_0,38,80,1,32,1,k1,True,0.977948009967804,slowfast_r50,hmdb51
Incline_Dumbell_Situps_45lbs_2ndxpr_25x_situp_f_nm_np1_ri_med_0,38,130,1,32,1,k1,False,0.5124610066413879,slowfast_r50,hmdb51
Sit_ups_and_crunch_situp_f_nm_np1_le_goo_1,38,90,1,32,1,k1,True,0.9840908646583557,slowfast_r50,hmdb51
Body_Flex_-_How2_-_Sit-Up_situp_f_nm_np1_le_goo_2,38,110,1,32,1,k1,False,0.28859850764274597,slowfast_r50,hmdb51
Sit_ups_and_crunch_situp_f_nm_np1_le_goo_2,38,95,1,32,1,k1,True,0.8461931347846985,slowfast_r50,hmdb51
How_to_Train_for_Boxing_-_Sit_Up_Techniques_for_Boxing_Training_situp_f_cm_np1_le_med_1,38,79,1,32,1,k1,True,0.3775465786457062,slowfast_r50,hmdb51
Sit_ups_situp_f_nm_np1_ri_goo_0,38,80,1,32,1,k1,True,0.9832823872566223,slowfast_r50,hmdb51
Octogen_-_CrossFit_Sydney_Glute_Ham_Situps_1_situp_f_nm_np1_ri_goo_1,38,98,1,32,1,k1,False,0.05124294012784958,slowfast_r50,hmdb51
Sit_ups_situp_f_nm_np1_ri_goo_2,38,84,1,32,1,k1,True,0.994601845741272,slowfast_r50,hmdb51
crazy_105_sit-ups_situp_f_cm_np2_le_med_2,38,80,1,32,1,k1,True,0.4249691367149353,slowfast_r50,hmdb51
Sit_ups_and_crunch_situp_f_nm_np1_le_goo_0,38,95,1,32,1,k1,True,0.4562535285949707,slowfast_r50,hmdb51
Sit_Ups_for_6pack_Abs___Forgotten_Abdominal_Exercise_situp_f_nm_np1_le_med_1,38,110,1,32,1,k1,True,0.10482640564441681,slowfast_r50,hmdb51
YouTube_smiles!_smile_h_nm_np1_fr_med_15,39,49,1,32,1,k1,True,0.9994726777076721,slowfast_r50,hmdb51
YouTube_smiles!_smile_h_cm_np1_fr_bad_5,39,54,1,32,1,k1,True,0.9998972415924072,slowfast_r50,hmdb51
SMILES_FROM_OFF_THE_ROAD_3_-TRAVELS_WITH_A_HAT_smile_h_nm_np1_fr_med_5,39,83,1,32,1,k1,True,0.9853875041007996,slowfast_r50,hmdb51
Two_Towers_3_smile_h_nm_np1_fr_goo_7,39,79,1,32,1,k1,False,0.9541648626327515,slowfast_r50,hmdb51
YouTube_smiles!_smile_h_nm_np1_fr_med_20,39,35,1,32,1,k1,True,0.99843829870224,slowfast_r50,hmdb51
Re-_Show_Your_Smile_smile_h_nm_np1_fr_goo_0,39,80,1,32,1,k1,True,0.9926990866661072,slowfast_r50,hmdb51
prelinger_LetsPlay1949_smile_u_nm_np1_ri_med_21,39,91,1,32,1,k1,False,0.9986369013786316,slowfast_r50,hmdb51
YouTube_smiles!_smile_h_cm_np1_fr_med_39,39,71,1,32,1,k1,True,0.9998408555984497,slowfast_r50,hmdb51
YouTube_smiles!_smile_h_cm_np1_fr_med_2,39,59,1,32,1,k1,True,0.9996015429496765,slowfast_r50,hmdb51
SE7EN_SMILES_x3_smile_h_cm_np1_fr_goo_5,39,80,1,32,1,k1,True,0.9993583559989929,slowfast_r50,hmdb51
Smile_-]_smile_h_nm_np1_fr_goo_0,39,71,1,32,1,k1,True,0.9153996706008911,slowfast_r50,hmdb51
SMILES_FROM_OFF_THE_ROAD_2_-TREASURING_THE_GIRLCHILD_smile_h_cm_np1_fr_bad_1,39,81,1,32,1,k1,True,0.8960188031196594,slowfast_r50,hmdb51
YouTube_smiles!_smile_h_nm_np1_fr_med_12,39,54,1,32,1,k1,True,0.9999547004699707,slowfast_r50,hmdb51
YouTube_smiles!_smile_h_cm_np1_fr_goo_30,39,67,1,32,1,k1,True,0.9995799660682678,slowfast_r50,hmdb51
YouTube_smiles!_smile_h_cm_np1_fr_bad_3,39,57,1,32,1,k1,True,0.999602735042572,slowfast_r50,hmdb51
smoking_2_smoke_h_cm_np1_ba_med_5,40,81,1,32,1,k1,False,0.29307621717453003,slowfast_r50,hmdb51
Rich_smoking_experience_smoke_h_nm_np1_fr_med_1,40,227,1,32,1,k1,False,0.401583194732666,slowfast_r50,hmdb51
Raucher_Antiraucher_Werbung_smoke_u_cm_np1_fr_med_0,40,90,1,32,1,k1,False,0.20932047069072723,slowfast_r50,hmdb51
A_Beautiful_Mind_1_smoke_h_nm_np1_fr_goo_8,40,61,1,32,1,k1,False,0.5358667969703674,slowfast_r50,hmdb51
zigarette_rauchen_smoke_h_nm_np1_fr_med_1,40,182,1,32,1,k1,False,0.8657907843589783,slowfast_r50,hmdb51
zigarette_rauchen_smoke_h_nm_np1_fr_med_2,40,163,1,32,1,k1,False,0.4781407117843628,slowfast_r50,hmdb51
After_work_smoke_in_the_garage_smoke_h_nm_np1_fr_bad_0,40,84,1,32,1,k1,False,0.286044180393219,slowfast_r50,hmdb51
smoking_2_smoke_h_cm_np1_ba_goo_2,40,105,1,32,1,k1,False,0.7611367106437683,slowfast_r50,hmdb51
smoking_smoking_-_tricks!_smoke_h_nm_np1_fr_med_2,40,225,1,32,1,k1,False,0.4034222364425659,slowfast_r50,hmdb51
Glory_smoke_h_nm_np1_fr_goo_42,40,90,1,32,1,k1,False,0.3120998442173004,slowfast_r50,hmdb51
Veoh_Alpha_Dog_1_smoke_h_nm_np1_fr_med_54,40,135,1,32,1,k1,False,0.9737953543663025,slowfast_r50,hmdb51
passive_rauchen_smoke_h_cm_np1_ri_med_0,40,159,1,32,1,k1,False,0.6160251498222351,slowfast_r50,hmdb51
smoking_1_smoke_h_cm_np1_ri_med_1,40,105,1,32,1,k1,False,0.5145082473754883,slowfast_r50,hmdb51
nice_smoking_girl_smoke_h_nm_np1_le_med_2,40,248,1,32,1,k1,False,0.8675658702850342,slowfast_r50,hmdb51
more_smoking_smoke_h_cm_np1_ri_med_0,40,75,1,32,1,k1,True,0.9155941605567932,slowfast_r50,hmdb51
smoking_a_cigarette_smoke_h_nm_np1_fr_med_0,40,279,1,32,1,k1,False,0.6732630133628845,slowfast_r50,hmdb51
Projekt_SPOHO_2008_-_27_02_08_-_Training-_Bodenk_r_4_somersault_f_cm_np1_ri_med_0,41,80,1,32,1,k1,False,0.08057110011577606,slowfast_r50,hmdb51
Turn_pr_fung_glaser_schule_somersault_f_cm_np1_le_med_1,41,80,1,32,1,k1,False,0.2831496000289917,slowfast_r50,hmdb51
Handstandk_nig_somersault_f_cm_np1_ba_med_5,41,78,1,32,1,k1,False,0.06973519921302795,slowfast_r50,hmdb51
Philli_beim_Bodenturnen_somersault_f_cm_np1_ri_bad_0,41,71,1,32,1,k1,True,0.24503643810749054,slowfast_r50,hmdb51
Projekt_SPOHO_2008_-_27_02_08_-_Training-_Bodenk_r_3_somersault_f_cm_np1_le_med_0,41,88,1,32,1,k1,False,0.08301938325166702,slowfast_r50,hmdb51
Pirates_2_somersault_f_cm_np1_fr_bad_5,41,36,1,32,1,k1,False,0.41068148612976074,slowfast_r50,hmdb51
Bodenk_r_somersault_f_cm_np1_ri_med_1,41,81,1,32,1,k1,True,0.15376774966716766,slowfast_r50,hmdb51
Schwebebalken_Uni_07_08_somersault_f_cm_np1_le_med_1,41,95,1,32,1,k1,False,0.06698891520500183,slowfast_r50,hmdb51
Turnexamen_Boden_somersault_f_cm_np1_ri_med_2,41,80,1,32,1,k1,False,0.06147262826561928,slowfast_r50,hmdb51
Learn_Freerunning_and_Parkour_-_Diving_Roll_somersault_f_cm_np1_le_bad_5,41,39,1,32,1,k1,False,0.048475056886672974,slowfast_r50,hmdb51
LONGESTYARD_somersault_f_cm_np1_ba_bad_28,41,47,1,32,1,k1,False,0.41383135318756104,slowfast_r50,hmdb51
Massive_6_meter_dive_roll_somersault_f_cm_np1_le_bad_0,41,49,1,32,1,k1,True,0.11374909430742264,slowfast_r50,hmdb51
Hechtsprung_somersault_f_cm_np1_le_bad_1,41,34,1,32,1,k1,False,0.10806895792484283,slowfast_r50,hmdb51
MWG_Bodenturnen_somersault_f_cm_np2_ri_bad_0,41,87,1,32,1,k1,False,0.04669417440891266,slowfast_r50,hmdb51
Monikas_Staatsexamen__Turnen_somersault_f_cm_np1_le_med_5,41,80,1,32,1,k1,False,0.07287337630987167,slowfast_r50,hmdb51
Philli_beim_Bodenturnen_somersault_f_cm_np1_ri_bad_5,41,122,1,32,1,k1,True,0.0714225023984909,slowfast_r50,hmdb51
Bodenk_r_somersault_f_cm_np1_le_med_3,41,81,1,32,1,k1,True,0.13140146434307098,slowfast_r50,hmdb51
Bodenturnen_somersault_f_cm_np1_ri_med_1,41,78,1,32,1,k1,False,0.09525767713785172,slowfast_r50,hmdb51
Parkour_Dive_Tutorial_somersault_f_cm_np1_ba_bad_1,41,37,1,32,1,k1,False,0.0668594241142273,slowfast_r50,hmdb51
Paul_Hamm_on_Floor_Exercise_at_2008_Pacific_Rim_somersault_f_cm_np1_fr_med_0,41,82,1,32,1,k1,False,0.04655914381146431,slowfast_r50,hmdb51
StrangerThanFiction_stand_u_cm_np1_ri_med_0,42,76,1,32,1,k1,False,0.7966263890266418,slowfast_r50,hmdb51
Finding_Forrester_1_stand_u_cm_np1_le_bad_10,42,101,1,32,1,k1,False,0.22594116628170013,slowfast_r50,hmdb51
HP_PRISONER_OF_AZKABAN_stand_f_cm_np1_fr_bad_11,42,48,1,32,1,k1,False,0.6992782950401306,slowfast_r50,hmdb51
THE_PROTECTOR_stand_f_cm_np1_fr_med_23,42,53,1,32,1,k1,False,0.566942572593689,slowfast_r50,hmdb51
Oceans13_stand_u_nm_np1_fr_med_9,42,78,1,32,1,k1,False,0.4762025475502014,slowfast_r50,hmdb51
CharlieAndTheChocolateFactory_stand_f_nm_np1_fr_med_17,42,48,1,32,1,k1,False,0.9101200103759766,slowfast_r50,hmdb51
Crash_stand_u_cm_np1_le_med_8,42,83,1,32,1,k1,False,0.3488066494464874,slowfast_r50,hmdb51
SweeneyTodd_stand_f_nm_np1_fr_bad_24,42,47,1,32,1,k1,False,0.3300798237323761,slowfast_r50,hmdb51
20070723_sfjff_waitingforrescue_stand_u_cm_np1_fr_med_2,42,50,1,32,1,k1,False,0.42875900864601135,slowfast_r50,hmdb51
AllThePresidentMen_stand_u_nm_np1_le_med_1,42,79,1,32,1,k1,False,0.4019047021865845,slowfast_r50,hmdb51
BLACK_HAWK_DOWN_stand_u_cm_np1_fr_med_35,42,49,1,32,1,k1,False,0.6446871757507324,slowfast_r50,hmdb51
GoneBabyGone_stand_f_cm_np1_fr_med_0,42,66,1,32,1,k1,False,0.8634869456291199,slowfast_r50,hmdb51
20060723sfjffjewgotmail_stand_u_cm_np1_ri_med_0,42,50,1,32,1,k1,False,0.34042787551879883,slowfast_r50,hmdb51
RETURN_OF_THE_KING_stand_u_cm_np1_fr_med_12,42,55,1,32,1,k1,False,0.760557234287262,slowfast_r50,hmdb51
prelinger_ControlY1950_stand_u_cm_np1_fr_med_0,42,102,1,32,1,k1,False,0.6066493988037109,slowfast_r50,hmdb51
SweeneyTodd_stand_f_cm_np1_le_med_10,42,79,1,32,1,k1,False,0.058196619153022766,slowfast_r50,hmdb51
RATRACE_stand_f_cm_np1_ri_med_28,42,80,1,32,1,k1,False,0.2936245799064636,slowfast_r50,hmdb51
FestivalofColors_stand_f_nm_np1_fr_med_0,42,107,1,32,1,k1,False,0.18435901403427124,slowfast_r50,hmdb51
BeforeNightFalls_stand_f_nm_np1_fr_med_3,42,133,1,32,1,k1,False,0.5423584580421448,slowfast_r50,hmdb51
TheBoondockSaints_stand_u_nm_np1_le_med_102,42,49,1,32,1,k1,False,0.11615049093961716,slowfast_r50,hmdb51
practicingmybaseballswing2009_swing_baseball_f_cm_np1_fr_med_13,43,131,1,32,1,k1,True,0.995557963848114,slowfast_r50,hmdb51
hittingofftee2_swing_baseball_f_nm_np1_fr_med_11,43,119,1,32,1,k1,True,0.9574946761131287,slowfast_r50,hmdb51
hittingofftee2_swing_baseball_f_nm_np1_fr_med_3,43,123,1,32,1,k1,True,0.9544025659561157,slowfast_r50,hmdb51
Faith_Rewarded_swing_baseball_f_cm_np1_ri_bad_27,43,43,1,32,1,k1,True,0.9744039177894592,slowfast_r50,hmdb51
practicingmybaseballswing2009_swing_baseball_f_cm_np1_fr_med_2,43,114,1,32,1,k1,True,0.9883208870887756,slowfast_r50,hmdb51
Faith_Rewarded_swing_baseball_f_nm_np1_ba_bad_54,43,45,1,32,1,k1,True,0.2514726519584656,slowfast_r50,hmdb51
Faith_Rewarded_swing_baseball_f_nm_np1_le_bad_51,43,81,1,32,1,k1,False,0.07075875252485275,slowfast_r50,hmdb51
BaseballSwingAnalysis_swing_baseball_f_nm_np1_fr_med_17,43,226,1,32,1,k1,True,0.9859458804130554,slowfast_r50,hmdb51
Faith_Rewarded_swing_baseball_f_nm_np1_fr_bad_88,43,69,1,32,1,k1,True,0.9715712070465088,slowfast_r50,hmdb51
BaseballSwingAnalysis_swing_baseball_u_nm_np1_ba_med_7,43,214,1,32,1,k1,True,0.6648251414299011,slowfast_r50,hmdb51
Faith_Rewarded_swing_baseball_f_nm_np1_ba_bad_78,43,59,1,32,1,k1,False,0.13287508487701416,slowfast_r50,hmdb51
Faith_Rewarded_swing_baseball_f_nm_np1_fr_bad_70,43,60,1,32,1,k1,False,0.05556682497262955,slowfast_r50,hmdb51
Faith_Rewarded_swing_baseball_f_nm_np1_ri_bad_59,43,38,1,32,1,k1,True,0.9977313876152039,slowfast_r50,hmdb51
BaseballSwingAnalysis_swing_baseball_u_nm_np1_ba_med_0,43,158,1,32,1,k1,True,0.7604844570159912,slowfast_r50,hmdb51
Faith_Rewarded_swing_baseball_u_nm_np1_ri_bad_48,43,44,1,32,1,k1,True,0.9886526465415955,slowfast_r50,hmdb51
practicingmybaseballswing2009_swing_baseball_f_cm_np1_fr_med_6,43,141,1,32,1,k1,True,0.981855034828186,slowfast_r50,hmdb51
Faith_Rewarded_swing_baseball_f_nm_np1_ba_bad_77,43,40,1,32,1,k1,True,0.9797669649124146,slowfast_r50,hmdb51
Faith_Rewarded_swing_baseball_f_nm_np1_ri_bad_61,43,49,1,32,1,k1,True,0.7054824829101562,slowfast_r50,hmdb51
SlowmotionBretthitsasingle_swing_baseball_f_cm_np1_ba_bad_1,43,160,1,32,1,k1,True,0.9968749284744263,slowfast_r50,hmdb51
Faith_Rewarded_swing_baseball_f_cm_np1_ba_bad_11,43,75,1,32,1,k1,True,0.974102258682251,slowfast_r50,hmdb51
Gohatto_-_sword_fight_scene_sword_f_cm_np2_ba_med_3,44,80,1,32,1,k1,False,0.35070258378982544,slowfast_r50,hmdb51
Gohatto_-_sword_fight_scene_sword_f_cm_np2_fr_med_0,44,80,1,32,1,k1,False,0.20626136660575867,slowfast_r50,hmdb51
Kendo_sword_f_nm_np2_ba_bad_2,44,80,1,32,1,k1,False,0.2581802308559418,slowfast_r50,hmdb51
Kendo_sword_f_nm_np1_fr_bad_5,44,80,1,32,1,k1,False,0.21013648808002472,slowfast_r50,hmdb51
2006_Full_Contact_Medieval_Sword_Tournament_Final_sword_f_cm_np2_fr_bad_2,44,100,1,32,1,k1,True,0.19339601695537567,slowfast_r50,hmdb51
Moonfleet_1955_rapier_vs_halberd_duel__Stewart_Granger_sword_u_cm_np2_ri_bad_0,44,46,1,32,1,k1,False,0.7391050457954407,slowfast_r50,hmdb51
Star_Wars_I_Light_Sabre_Battle_Re-cut_sword_f_cm_np2_ba_med_3,44,128,1,32,1,k1,False,0.39984795451164246,slowfast_r50,hmdb51
Medieval_Times_Knights_Battle_Sword_Fight_sword_f_cm_np2_fr_med_5,44,62,1,32,1,k1,True,0.11182883381843567,slowfast_r50,hmdb51
David_Carradine_vs__Michael_Jai_White_sword_u_nm_np2_fr_med_1,44,35,1,32,1,k1,False,0.2591520845890045,slowfast_r50,hmdb51
TheBoondockSaints_sit_u_cm_np1_fr_bad_56,37,47,2,32,2,k2,False,0.9635978937149048,slowfast_r50,hmdb51
ThePerfectScore_sit_u_nm_np1_ri_med_10,37,78,2,32,2,k2,False,0.5603243112564087,slowfast_r50,hmdb51
American_History_X_sit_u_cm_np1_fr_goo_39,37,128,2,32,2,k2,True,0.832340657711029,slowfast_r50,hmdb51
Prelinger_HabitPat1954_sit_u_cm_np1_le_med_8,37,76,2,32,2,k2,True,0.9873464703559875,slowfast_r50,hmdb51
The_Departed_-_Part_2_sit_u_nm_np1_fr_goo_1,37,54,2,32,2,k2,False,0.2858797609806061,slowfast_r50,hmdb51
Finding_Forrester_2_sit_u_cm_np1_ri_bad_3,37,127,2,32,2,k2,False,0.27815335988998413,slowfast_r50,hmdb51
NoCountryForOldMen_sit_u_nm_np1_fr_goo_1,37,80,2,32,2,k2,True,0.6981719136238098,slowfast_r50,hmdb51
AmericanGangster_sit_f_cm_np1_fr_med_70,37,80,2,32,2,k2,True,0.9921722412109375,slowfast_r50,hmdb51
Eurotrip_sit_u_nm_np1_fr_goo_3,37,169,2,32,2,k2,True,0.9492848515510559,slowfast_r50,hmdb51
HP_PRISONER_OF_AZKABAN_sit_f_cm_np1_le_bad_16,37,102,2,32,2,k2,True,0.996886670589447,slowfast_r50,hmdb51
Crash_sit_u_nm_np1_le_goo_26,37,81,2,32,2,k2,False,0.47380661964416504,slowfast_r50,hmdb51
IamLegend_sit_f_cm_np1_fr_med_21,37,133,2,32,2,k2,True,0.949140727519989,slowfast_r50,hmdb51
SweeneyTodd_sit_u_cm_np1_fr_med_21,37,72,2,32,2,k2,True,0.897093653678894,slowfast_r50,hmdb51
AKC_coach_Torrin_Rhodan_showing_situp_kettlebell_movements_situp_f_cm_np1_le_goo_1,38,101,2,32,2,k2,False,0.22772926092147827,slowfast_r50,hmdb51
5_Min_Tone_Abs_Workout_2__Fitness_Training_w__Tammy_situp_f_nm_np1_le_goo_1,38,102,2,32,2,k2,True,0.9977091550827026,slowfast_r50,hmdb51
AKC_coach_Torrin_Rhodan_showing_situp_kettlebell_movements_situp_f_cm_np1_le_goo_2,38,103,2,32,2,k2,False,0.14561384916305542,slowfast_r50,hmdb51
6_Minute_Abs_Routine_situp_f_nm_np1_ri_bad_0,38,80,2,32,2,k2,True,0.9959534406661987,slowfast_r50,hmdb51
Incline_Dumbell_Situps_45lbs_2ndxpr_25x_situp_f_nm_np1_ri_med_0,38,130,2,32,2,k2,True,0.32276299595832825,slowfast_r50,hmdb51
Sit_ups_and_crunch_situp_f_nm_np1_le_goo_1,38,90,2,32,2,k2,True,0.9910095930099487,slowfast_r50,hmdb51
Body_Flex_-_How2_-_Sit-Up_situp_f_nm_np1_le_goo_2,38,110,2,32,2,k2,False,0.4075666666030884,slowfast_r50,hmdb51
Sit_ups_and_crunch_situp_f_nm_np1_le_goo_2,38,95,2,32,2,k2,True,0.9210578203201294,slowfast_r50,hmdb51
How_to_Train_for_Boxing_-_Sit_Up_Techniques_for_Boxing_Training_situp_f_cm_np1_le_med_1,38,79,2,32,2,k2,False,0.36598655581474304,slowfast_r50,hmdb51
Sit_ups_situp_f_nm_np1_ri_goo_0,38,80,2,32,2,k2,True,0.9948548078536987,slowfast_r50,hmdb51
Octogen_-_CrossFit_Sydney_Glute_Ham_Situps_1_situp_f_nm_np1_ri_goo_1,38,98,2,32,2,k2,False,0.23770853877067566,slowfast_r50,hmdb51
Sit_ups_situp_f_nm_np1_ri_goo_2,38,84,2,32,2,k2,True,0.9990109205245972,slowfast_r50,hmdb51
crazy_105_sit-ups_situp_f_cm_np2_le_med_2,38,80,2,32,2,k2,True,0.9909250736236572,slowfast_r50,hmdb51
Sit_ups_and_crunch_situp_f_nm_np1_le_goo_0,38,95,2,32,2,k2,True,0.9734237790107727,slowfast_r50,hmdb51
Sit_Ups_for_6pack_Abs___Forgotten_Abdominal_Exercise_situp_f_nm_np1_le_med_1,38,110,2,32,2,k2,True,0.26832062005996704,slowfast_r50,hmdb51
YouTube_smiles!_smile_h_nm_np1_fr_med_15,39,49,2,32,2,k2,True,0.9722775816917419,slowfast_r50,hmdb51
YouTube_smiles!_smile_h_cm_np1_fr_bad_5,39,54,2,32,2,k2,True,0.999916672706604,slowfast_r50,hmdb51
SMILES_FROM_OFF_THE_ROAD_3_-TRAVELS_WITH_A_HAT_smile_h_nm_np1_fr_med_5,39,83,2,32,2,k2,True,0.9993853569030762,slowfast_r50,hmdb51
Two_Towers_3_smile_h_nm_np1_fr_goo_7,39,79,2,32,2,k2,True,0.5236656665802002,slowfast_r50,hmdb51
YouTube_smiles!_smile_h_nm_np1_fr_med_20,39,35,2,32,2,k2,True,0.9981297850608826,slowfast_r50,hmdb51
Re-_Show_Your_Smile_smile_h_nm_np1_fr_goo_0,39,80,2,32,2,k2,True,0.9943981766700745,slowfast_r50,hmdb51
prelinger_LetsPlay1949_smile_u_nm_np1_ri_med_21,39,91,2,32,2,k2,False,0.9170085191726685,slowfast_r50,hmdb51
YouTube_smiles!_smile_h_cm_np1_fr_med_39,39,71,2,32,2,k2,True,0.999817430973053,slowfast_r50,hmdb51
YouTube_smiles!_smile_h_cm_np1_fr_med_2,39,59,2,32,2,k2,True,0.9998133778572083,slowfast_r50,hmdb51
SE7EN_SMILES_x3_smile_h_cm_np1_fr_goo_5,39,80,2,32,2,k2,True,0.9993583559989929,slowfast_r50,hmdb51
Smile_-]_smile_h_nm_np1_fr_goo_0,39,71,2,32,2,k2,True,0.9465838670730591,slowfast_r50,hmdb51
SMILES_FROM_OFF_THE_ROAD_2_-TREASURING_THE_GIRLCHILD_smile_h_cm_np1_fr_bad_1,39,81,2,32,2,k2,True,0.9880796074867249,slowfast_r50,hmdb51
YouTube_smiles!_smile_h_nm_np1_fr_med_12,39,54,2,32,2,k2,True,0.9999721050262451,slowfast_r50,hmdb51
YouTube_smiles!_smile_h_cm_np1_fr_goo_30,39,67,2,32,2,k2,True,0.9998032450675964,slowfast_r50,hmdb51
YouTube_smiles!_smile_h_cm_np1_fr_bad_3,39,57,2,32,2,k2,True,0.9996628761291504,slowfast_r50,hmdb51
smoking_2_smoke_h_cm_np1_ba_med_5,40,81,2,32,2,k2,False,0.2520451545715332,slowfast_r50,hmdb51
Rich_smoking_experience_smoke_h_nm_np1_fr_med_1,40,227,2,32,2,k2,False,0.15922623872756958,slowfast_r50,hmdb51
Raucher_Antiraucher_Werbung_smoke_u_cm_np1_fr_med_0,40,90,2,32,2,k2,False,0.9263298511505127,slowfast_r50,hmdb51
A_Beautiful_Mind_1_smoke_h_nm_np1_fr_goo_8,40,61,2,32,2,k2,False,0.5063050985336304,slowfast_r50,hmdb51
zigarette_rauchen_smoke_h_nm_np1_fr_med_1,40,182,2,32,2,k2,False,0.5181410908699036,slowfast_r50,hmdb51
zigarette_rauchen_smoke_h_nm_np1_fr_med_2,40,163,2,32,2,k2,False,0.5506907105445862,slowfast_r50,hmdb51
After_work_smoke_in_the_garage_smoke_h_nm_np1_fr_bad_0,40,84,2,32,2,k2,False,0.6437911987304688,slowfast_r50,hmdb51
smoking_2_smoke_h_cm_np1_ba_goo_2,40,105,2,32,2,k2,False,0.5539765954017639,slowfast_r50,hmdb51
smoking_smoking_-_tricks!_smoke_h_nm_np1_fr_med_2,40,225,2,32,2,k2,False,0.21501021087169647,slowfast_r50,hmdb51
Glory_smoke_h_nm_np1_fr_goo_42,40,90,2,32,2,k2,False,0.3982858657836914,slowfast_r50,hmdb51
Veoh_Alpha_Dog_1_smoke_h_nm_np1_fr_med_54,40,135,2,32,2,k2,False,0.550251841545105,slowfast_r50,hmdb51
passive_rauchen_smoke_h_cm_np1_ri_med_0,40,159,2,32,2,k2,False,0.659911572933197,slowfast_r50,hmdb51
smoking_1_smoke_h_cm_np1_ri_med_1,40,105,2,32,2,k2,True,0.410431444644928,slowfast_r50,hmdb51
nice_smoking_girl_smoke_h_nm_np1_le_med_2,40,248,2,32,2,k2,False,0.3767848014831543,slowfast_r50,hmdb51
more_smoking_smoke_h_cm_np1_ri_med_0,40,75,2,32,2,k2,False,0.6323254108428955,slowfast_r50,hmdb51
smoking_a_cigarette_smoke_h_nm_np1_fr_med_0,40,279,2,32,2,k2,False,0.8449071049690247,slowfast_r50,hmdb51
Projekt_SPOHO_2008_-_27_02_08_-_Training-_Bodenk_r_4_somersault_f_cm_np1_ri_med_0,41,80,2,32,2,k2,False,0.8067539930343628,slowfast_r50,hmdb51
Turn_pr_fung_glaser_schule_somersault_f_cm_np1_le_med_1,41,80,2,32,2,k2,True,0.96262127161026,slowfast_r50,hmdb51
Handstandk_nig_somersault_f_cm_np1_ba_med_5,41,78,2,32,2,k2,False,0.14434599876403809,slowfast_r50,hmdb51
Philli_beim_Bodenturnen_somersault_f_cm_np1_ri_bad_0,41,71,2,32,2,k2,True,0.6863904595375061,slowfast_r50,hmdb51
Projekt_SPOHO_2008_-_27_02_08_-_Training-_Bodenk_r_3_somersault_f_cm_np1_le_med_0,41,88,2,32,2,k2,True,0.4668886065483093,slowfast_r50,hmdb51
Pirates_2_somersault_f_cm_np1_fr_bad_5,41,36,2,32,2,k2,False,0.27171793580055237,slowfast_r50,hmdb51
Bodenk_r_somersault_f_cm_np1_ri_med_1,41,81,2,32,2,k2,True,0.5821780562400818,slowfast_r50,hmdb51
Schwebebalken_Uni_07_08_somersault_f_cm_np1_le_med_1,41,95,2,32,2,k2,True,0.16657467186450958,slowfast_r50,hmdb51
Turnexamen_Boden_somersault_f_cm_np1_ri_med_2,41,80,2,32,2,k2,False,0.6161758303642273,slowfast_r50,hmdb51
Learn_Freerunning_and_Parkour_-_Diving_Roll_somersault_f_cm_np1_le_bad_5,41,39,2,32,2,k2,True,0.15168455243110657,slowfast_r50,hmdb51
LONGESTYARD_somersault_f_cm_np1_ba_bad_28,41,47,2,32,2,k2,False,0.41383135318756104,slowfast_r50,hmdb51
Massive_6_meter_dive_roll_somersault_f_cm_np1_le_bad_0,41,49,2,32,2,k2,True,0.11408784240484238,slowfast_r50,hmdb51
Hechtsprung_somersault_f_cm_np1_le_bad_1,41,34,2,32,2,k2,False,0.1322394460439682,slowfast_r50,hmdb51
MWG_Bodenturnen_somersault_f_cm_np2_ri_bad_0,41,87,2,32,2,k2,True,0.38505908846855164,slowfast_r50,hmdb51
Monikas_Staatsexamen__Turnen_somersault_f_cm_np1_le_med_5,41,80,2,32,2,k2,False,0.08689311891794205,slowfast_r50,hmdb51
Philli_beim_Bodenturnen_somersault_f_cm_np1_ri_bad_5,41,122,2,32,2,k2,True,0.2946268320083618,slowfast_r50,hmdb51
Bodenk_r_somersault_f_cm_np1_le_med_3,41,81,2,32,2,k2,True,0.4513057768344879,slowfast_r50,hmdb51
Bodenturnen_somersault_f_cm_np1_ri_med_1,41,78,2,32,2,k2,True,0.11222074180841446,slowfast_r50,hmdb51
Parkour_Dive_Tutorial_somersault_f_cm_np1_ba_bad_1,41,37,2,32,2,k2,False,0.0897967666387558,slowfast_r50,hmdb51
Paul_Hamm_on_Floor_Exercise_at_2008_Pacific_Rim_somersault_f_cm_np1_fr_med_0,41,82,2,32,2,k2,False,0.17962506413459778,slowfast_r50,hmdb51
StrangerThanFiction_stand_u_cm_np1_ri_med_0,42,76,2,32,2,k2,False,0.4904535710811615,slowfast_r50,hmdb51
Finding_Forrester_1_stand_u_cm_np1_le_bad_10,42,101,2,32,2,k2,False,0.5918992161750793,slowfast_r50,hmdb51
HP_PRISONER_OF_AZKABAN_stand_f_cm_np1_fr_bad_11,42,48,2,32,2,k2,False,0.39601197838783264,slowfast_r50,hmdb51
THE_PROTECTOR_stand_f_cm_np1_fr_med_23,42,53,2,32,2,k2,True,0.37119102478027344,slowfast_r50,hmdb51
Oceans13_stand_u_nm_np1_fr_med_9,42,78,2,32,2,k2,False,0.8151736259460449,slowfast_r50,hmdb51
CharlieAndTheChocolateFactory_stand_f_nm_np1_fr_med_17,42,48,2,32,2,k2,False,0.6774778366088867,slowfast_r50,hmdb51
Crash_stand_u_cm_np1_le_med_8,42,83,2,32,2,k2,False,0.9511236548423767,slowfast_r50,hmdb51
SweeneyTodd_stand_f_nm_np1_fr_bad_24,42,47,2,32,2,k2,True,0.5249382257461548,slowfast_r50,hmdb51
20070723_sfjff_waitingforrescue_stand_u_cm_np1_fr_med_2,42,50,2,32,2,k2,False,0.5047287344932556,slowfast_r50,hmdb51
AllThePresidentMen_stand_u_nm_np1_le_med_1,42,79,2,32,2,k2,False,0.2273494452238083,slowfast_r50,hmdb51
BLACK_HAWK_DOWN_stand_u_cm_np1_fr_med_35,42,49,2,32,2,k2,False,0.5899983048439026,slowfast_r50,hmdb51
GoneBabyGone_stand_f_cm_np1_fr_med_0,42,66,2,32,2,k2,False,0.9795954823493958,slowfast_r50,hmdb51
20060723sfjffjewgotmail_stand_u_cm_np1_ri_med_0,42,50,2,32,2,k2,True,0.5861751437187195,slowfast_r50,hmdb51
RETURN_OF_THE_KING_stand_u_cm_np1_fr_med_12,42,55,2,32,2,k2,False,0.9450763463973999,slowfast_r50,hmdb51
prelinger_ControlY1950_stand_u_cm_np1_fr_med_0,42,102,2,32,2,k2,False,0.3471022844314575,slowfast_r50,hmdb51
SweeneyTodd_stand_f_cm_np1_le_med_10,42,79,2,32,2,k2,False,0.22145231068134308,slowfast_r50,hmdb51
RATRACE_stand_f_cm_np1_ri_med_28,42,80,2,32,2,k2,False,0.9470603466033936,slowfast_r50,hmdb51
FestivalofColors_stand_f_nm_np1_fr_med_0,42,107,2,32,2,k2,False,0.3037022054195404,slowfast_r50,hmdb51
BeforeNightFalls_stand_f_nm_np1_fr_med_3,42,133,2,32,2,k2,False,0.45509159564971924,slowfast_r50,hmdb51
TheBoondockSaints_stand_u_nm_np1_le_med_102,42,49,2,32,2,k2,False,0.15558254718780518,slowfast_r50,hmdb51
practicingmybaseballswing2009_swing_baseball_f_cm_np1_fr_med_13,43,131,2,32,2,k2,True,0.9982079267501831,slowfast_r50,hmdb51
hittingofftee2_swing_baseball_f_nm_np1_fr_med_11,43,119,2,32,2,k2,True,0.9581264853477478,slowfast_r50,hmdb51
hittingofftee2_swing_baseball_f_nm_np1_fr_med_3,43,123,2,32,2,k2,True,0.952090859413147,slowfast_r50,hmdb51
Faith_Rewarded_swing_baseball_f_cm_np1_ri_bad_27,43,43,2,32,2,k2,True,0.9909186363220215,slowfast_r50,hmdb51
practicingmybaseballswing2009_swing_baseball_f_cm_np1_fr_med_2,43,114,2,32,2,k2,True,0.9990729093551636,slowfast_r50,hmdb51
Faith_Rewarded_swing_baseball_f_nm_np1_ba_bad_54,43,45,2,32,2,k2,True,0.8506188988685608,slowfast_r50,hmdb51
Faith_Rewarded_swing_baseball_f_nm_np1_le_bad_51,43,81,2,32,2,k2,False,0.21164028346538544,slowfast_r50,hmdb51
BaseballSwingAnalysis_swing_baseball_f_nm_np1_fr_med_17,43,226,2,32,2,k2,True,0.9980871677398682,slowfast_r50,hmdb51
Faith_Rewarded_swing_baseball_f_nm_np1_fr_bad_88,43,69,2,32,2,k2,True,0.9412733912467957,slowfast_r50,hmdb51
BaseballSwingAnalysis_swing_baseball_u_nm_np1_ba_med_7,43,214,2,32,2,k2,True,0.9058970212936401,slowfast_r50,hmdb51
Faith_Rewarded_swing_baseball_f_nm_np1_ba_bad_78,43,59,2,32,2,k2,True,0.7655429840087891,slowfast_r50,hmdb51
Faith_Rewarded_swing_baseball_f_nm_np1_fr_bad_70,43,60,2,32,2,k2,True,0.7270207405090332,slowfast_r50,hmdb51
Faith_Rewarded_swing_baseball_f_nm_np1_ri_bad_59,43,38,2,32,2,k2,True,0.9913434982299805,slowfast_r50,hmdb51
BaseballSwingAnalysis_swing_baseball_u_nm_np1_ba_med_0,43,158,2,32,2,k2,True,0.9417181015014648,slowfast_r50,hmdb51
Faith_Rewarded_swing_baseball_u_nm_np1_ri_bad_48,43,44,2,32,2,k2,True,0.9979391694068909,slowfast_r50,hmdb51
practicingmybaseballswing2009_swing_baseball_f_cm_np1_fr_med_6,43,141,2,32,2,k2,True,0.998701810836792,slowfast_r50,hmdb51
Faith_Rewarded_swing_baseball_f_nm_np1_ba_bad_77,43,40,2,32,2,k2,True,0.9454016089439392,slowfast_r50,hmdb51
Faith_Rewarded_swing_baseball_f_nm_np1_ri_bad_61,43,49,2,32,2,k2,True,0.9907146692276001,slowfast_r50,hmdb51
SlowmotionBretthitsasingle_swing_baseball_f_cm_np1_ba_bad_1,43,160,2,32,2,k2,True,0.9992813467979431,slowfast_r50,hmdb51
Faith_Rewarded_swing_baseball_f_cm_np1_ba_bad_11,43,75,2,32,2,k2,True,0.9916641712188721,slowfast_r50,hmdb51
Gohatto_-_sword_fight_scene_sword_f_cm_np2_ba_med_3,44,80,2,32,2,k2,False,0.9827532768249512,slowfast_r50,hmdb51
Gohatto_-_sword_fight_scene_sword_f_cm_np2_fr_med_0,44,80,2,32,2,k2,False,0.36449646949768066,slowfast_r50,hmdb51
Kendo_sword_f_nm_np2_ba_bad_2,44,80,2,32,2,k2,True,0.37139666080474854,slowfast_r50,hmdb51
Kendo_sword_f_nm_np1_fr_bad_5,44,80,2,32,2,k2,True,0.26377490162849426,slowfast_r50,hmdb51
2006_Full_Contact_Medieval_Sword_Tournament_Final_sword_f_cm_np2_fr_bad_2,44,100,2,32,2,k2,True,0.30568727850914,slowfast_r50,hmdb51
Moonfleet_1955_rapier_vs_halberd_duel__Stewart_Granger_sword_u_cm_np2_ri_bad_0,44,46,2,32,2,k2,False,0.36173442006111145,slowfast_r50,hmdb51
Star_Wars_I_Light_Sabre_Battle_Re-cut_sword_f_cm_np2_ba_med_3,44,128,2,32,2,k2,False,0.39984795451164246,slowfast_r50,hmdb51
Medieval_Times_Knights_Battle_Sword_Fight_sword_f_cm_np2_fr_med_5,44,62,2,32,2,k2,True,0.7227723598480225,slowfast_r50,hmdb51
David_Carradine_vs__Michael_Jai_White_sword_u_nm_np2_fr_med_1,44,35,2,32,2,k2,False,0.38700318336486816,slowfast_r50,hmdb51
TheBoondockSaints_sit_u_cm_np1_fr_bad_56,37,47,4,32,4,k4,False,0.9310323596000671,slowfast_r50,hmdb51
ThePerfectScore_sit_u_nm_np1_ri_med_10,37,78,4,32,4,k4,False,0.2043960839509964,slowfast_r50,hmdb51
American_History_X_sit_u_cm_np1_fr_goo_39,37,128,4,32,4,k4,True,0.5351229310035706,slowfast_r50,hmdb51
Prelinger_HabitPat1954_sit_u_cm_np1_le_med_8,37,76,4,32,4,k4,True,0.9973022937774658,slowfast_r50,hmdb51
The_Departed_-_Part_2_sit_u_nm_np1_fr_goo_1,37,54,4,32,4,k4,True,0.4954544007778168,slowfast_r50,hmdb51
Finding_Forrester_2_sit_u_cm_np1_ri_bad_3,37,127,4,32,4,k4,False,0.7782125473022461,slowfast_r50,hmdb51
NoCountryForOldMen_sit_u_nm_np1_fr_goo_1,37,80,4,32,4,k4,True,0.45297226309776306,slowfast_r50,hmdb51
AmericanGangster_sit_f_cm_np1_fr_med_70,37,80,4,32,4,k4,True,0.9302326440811157,slowfast_r50,hmdb51
Eurotrip_sit_u_nm_np1_fr_goo_3,37,169,4,32,4,k4,True,0.7085736393928528,slowfast_r50,hmdb51
HP_PRISONER_OF_AZKABAN_sit_f_cm_np1_le_bad_16,37,102,4,32,4,k4,True,0.9919297695159912,slowfast_r50,hmdb51
Crash_sit_u_nm_np1_le_goo_26,37,81,4,32,4,k4,False,0.8932873606681824,slowfast_r50,hmdb51
IamLegend_sit_f_cm_np1_fr_med_21,37,133,4,32,4,k4,True,0.9121869206428528,slowfast_r50,hmdb51
SweeneyTodd_sit_u_cm_np1_fr_med_21,37,72,4,32,4,k4,False,0.9420309066772461,slowfast_r50,hmdb51
AKC_coach_Torrin_Rhodan_showing_situp_kettlebell_movements_situp_f_cm_np1_le_goo_1,38,101,4,32,4,k4,True,0.5036957263946533,slowfast_r50,hmdb51
5_Min_Tone_Abs_Workout_2__Fitness_Training_w__Tammy_situp_f_nm_np1_le_goo_1,38,102,4,32,4,k4,True,0.9992740750312805,slowfast_r50,hmdb51
AKC_coach_Torrin_Rhodan_showing_situp_kettlebell_movements_situp_f_cm_np1_le_goo_2,38,103,4,32,4,k4,False,0.23761938512325287,slowfast_r50,hmdb51
6_Minute_Abs_Routine_situp_f_nm_np1_ri_bad_0,38,80,4,32,4,k4,True,0.9992197751998901,slowfast_r50,hmdb51
Incline_Dumbell_Situps_45lbs_2ndxpr_25x_situp_f_nm_np1_ri_med_0,38,130,4,32,4,k4,True,0.7988376021385193,slowfast_r50,hmdb51
Sit_ups_and_crunch_situp_f_nm_np1_le_goo_1,38,90,4,32,4,k4,True,0.9976361989974976,slowfast_r50,hmdb51
Body_Flex_-_How2_-_Sit-Up_situp_f_nm_np1_le_goo_2,38,110,4,32,4,k4,True,0.28548648953437805,slowfast_r50,hmdb51
Sit_ups_and_crunch_situp_f_nm_np1_le_goo_2,38,95,4,32,4,k4,True,0.9992353916168213,slowfast_r50,hmdb51
How_to_Train_for_Boxing_-_Sit_Up_Techniques_for_Boxing_Training_situp_f_cm_np1_le_med_1,38,79,4,32,4,k4,True,0.4485643804073334,slowfast_r50,hmdb51
Sit_ups_situp_f_nm_np1_ri_goo_0,38,80,4,32,4,k4,True,0.9999492168426514,slowfast_r50,hmdb51
Octogen_-_CrossFit_Sydney_Glute_Ham_Situps_1_situp_f_nm_np1_ri_goo_1,38,98,4,32,4,k4,False,0.2560839056968689,slowfast_r50,hmdb51
Sit_ups_situp_f_nm_np1_ri_goo_2,38,84,4,32,4,k4,True,0.9999490976333618,slowfast_r50,hmdb51
crazy_105_sit-ups_situp_f_cm_np2_le_med_2,38,80,4,32,4,k4,True,0.9985975623130798,slowfast_r50,hmdb51
Sit_ups_and_crunch_situp_f_nm_np1_le_goo_0,38,95,4,32,4,k4,True,0.9985218644142151,slowfast_r50,hmdb51
Sit_Ups_for_6pack_Abs___Forgotten_Abdominal_Exercise_situp_f_nm_np1_le_med_1,38,110,4,32,4,k4,True,0.6383221745491028,slowfast_r50,hmdb51
YouTube_smiles!_smile_h_nm_np1_fr_med_15,39,49,4,32,4,k4,True,0.99957674741745,slowfast_r50,hmdb51
YouTube_smiles!_smile_h_cm_np1_fr_bad_5,39,54,4,32,4,k4,True,0.9999479055404663,slowfast_r50,hmdb51
SMILES_FROM_OFF_THE_ROAD_3_-TRAVELS_WITH_A_HAT_smile_h_nm_np1_fr_med_5,39,83,4,32,4,k4,True,0.9925634264945984,slowfast_r50,hmdb51
Two_Towers_3_smile_h_nm_np1_fr_goo_7,39,79,4,32,4,k4,True,0.9889302849769592,slowfast_r50,hmdb51
YouTube_smiles!_smile_h_nm_np1_fr_med_20,39,35,4,32,4,k4,True,0.9998290538787842,slowfast_r50,hmdb51
Re-_Show_Your_Smile_smile_h_nm_np1_fr_goo_0,39,80,4,32,4,k4,True,0.9968438148498535,slowfast_r50,hmdb51
prelinger_LetsPlay1949_smile_u_nm_np1_ri_med_21,39,91,4,32,4,k4,False,0.653360903263092,slowfast_r50,hmdb51
YouTube_smiles!_smile_h_cm_np1_fr_med_39,39,71,4,32,4,k4,True,0.9999263286590576,slowfast_r50,hmdb51
YouTube_smiles!_smile_h_cm_np1_fr_med_2,39,59,4,32,4,k4,True,0.9995998740196228,slowfast_r50,hmdb51
SE7EN_SMILES_x3_smile_h_cm_np1_fr_goo_5,39,80,4,32,4,k4,True,0.9995044469833374,slowfast_r50,hmdb51
Smile_-]_smile_h_nm_np1_fr_goo_0,39,71,4,32,4,k4,True,0.9623913168907166,slowfast_r50,hmdb51
SMILES_FROM_OFF_THE_ROAD_2_-TREASURING_THE_GIRLCHILD_smile_h_cm_np1_fr_bad_1,39,81,4,32,4,k4,True,0.9772021174430847,slowfast_r50,hmdb51
YouTube_smiles!_smile_h_nm_np1_fr_med_12,39,54,4,32,4,k4,True,0.9999970197677612,slowfast_r50,hmdb51
YouTube_smiles!_smile_h_cm_np1_fr_goo_30,39,67,4,32,4,k4,True,0.9999709129333496,slowfast_r50,hmdb51
YouTube_smiles!_smile_h_cm_np1_fr_bad_3,39,57,4,32,4,k4,True,0.9997509121894836,slowfast_r50,hmdb51
smoking_2_smoke_h_cm_np1_ba_med_5,40,81,4,32,4,k4,False,0.4544212520122528,slowfast_r50,hmdb51
Rich_smoking_experience_smoke_h_nm_np1_fr_med_1,40,227,4,32,4,k4,True,0.4211980402469635,slowfast_r50,hmdb51
Raucher_Antiraucher_Werbung_smoke_u_cm_np1_fr_med_0,40,90,4,32,4,k4,False,0.9122042059898376,slowfast_r50,hmdb51
A_Beautiful_Mind_1_smoke_h_nm_np1_fr_goo_8,40,61,4,32,4,k4,False,0.6686484813690186,slowfast_r50,hmdb51
zigarette_rauchen_smoke_h_nm_np1_fr_med_1,40,182,4,32,4,k4,True,0.8327242732048035,slowfast_r50,hmdb51
zigarette_rauchen_smoke_h_nm_np1_fr_med_2,40,163,4,32,4,k4,True,0.9881163835525513,slowfast_r50,hmdb51
After_work_smoke_in_the_garage_smoke_h_nm_np1_fr_bad_0,40,84,4,32,4,k4,True,0.38608190417289734,slowfast_r50,hmdb51
smoking_2_smoke_h_cm_np1_ba_goo_2,40,105,4,32,4,k4,True,0.8441786170005798,slowfast_r50,hmdb51
smoking_smoking_-_tricks!_smoke_h_nm_np1_fr_med_2,40,225,4,32,4,k4,True,0.34652647376060486,slowfast_r50,hmdb51
Glory_smoke_h_nm_np1_fr_goo_42,40,90,4,32,4,k4,False,0.6093747019767761,slowfast_r50,hmdb51
Veoh_Alpha_Dog_1_smoke_h_nm_np1_fr_med_54,40,135,4,32,4,k4,False,0.910496175289154,slowfast_r50,hmdb51
passive_rauchen_smoke_h_cm_np1_ri_med_0,40,159,4,32,4,k4,True,0.8925331234931946,slowfast_r50,hmdb51
smoking_1_smoke_h_cm_np1_ri_med_1,40,105,4,32,4,k4,True,0.7879981994628906,slowfast_r50,hmdb51
nice_smoking_girl_smoke_h_nm_np1_le_med_2,40,248,4,32,4,k4,True,0.7607463002204895,slowfast_r50,hmdb51
more_smoking_smoke_h_cm_np1_ri_med_0,40,75,4,32,4,k4,True,0.49023017287254333,slowfast_r50,hmdb51
smoking_a_cigarette_smoke_h_nm_np1_fr_med_0,40,279,4,32,4,k4,False,0.6322508454322815,slowfast_r50,hmdb51
Projekt_SPOHO_2008_-_27_02_08_-_Training-_Bodenk_r_4_somersault_f_cm_np1_ri_med_0,41,80,4,32,4,k4,True,0.501099169254303,slowfast_r50,hmdb51
Turn_pr_fung_glaser_schule_somersault_f_cm_np1_le_med_1,41,80,4,32,4,k4,True,0.9989163875579834,slowfast_r50,hmdb51
Handstandk_nig_somersault_f_cm_np1_ba_med_5,41,78,4,32,4,k4,False,0.2563212811946869,slowfast_r50,hmdb51
Philli_beim_Bodenturnen_somersault_f_cm_np1_ri_bad_0,41,71,4,32,4,k4,True,0.9226066470146179,slowfast_r50,hmdb51
Projekt_SPOHO_2008_-_27_02_08_-_Training-_Bodenk_r_3_somersault_f_cm_np1_le_med_0,41,88,4,32,4,k4,True,0.9992365837097168,slowfast_r50,hmdb51
Pirates_2_somersault_f_cm_np1_fr_bad_5,41,36,4,32,4,k4,False,0.24420975148677826,slowfast_r50,hmdb51
Bodenk_r_somersault_f_cm_np1_ri_med_1,41,81,4,32,4,k4,True,0.9271503686904907,slowfast_r50,hmdb51
Schwebebalken_Uni_07_08_somersault_f_cm_np1_le_med_1,41,95,4,32,4,k4,False,0.22328801453113556,slowfast_r50,hmdb51
Turnexamen_Boden_somersault_f_cm_np1_ri_med_2,41,80,4,32,4,k4,True,0.5332615971565247,slowfast_r50,hmdb51
Learn_Freerunning_and_Parkour_-_Diving_Roll_somersault_f_cm_np1_le_bad_5,41,39,4,32,4,k4,True,0.6492293477058411,slowfast_r50,hmdb51
LONGESTYARD_somersault_f_cm_np1_ba_bad_28,41,47,4,32,4,k4,True,0.47274458408355713,slowfast_r50,hmdb51
Massive_6_meter_dive_roll_somersault_f_cm_np1_le_bad_0,41,49,4,32,4,k4,True,0.6142026782035828,slowfast_r50,hmdb51
Hechtsprung_somersault_f_cm_np1_le_bad_1,41,34,4,32,4,k4,False,0.2317022681236267,slowfast_r50,hmdb51
MWG_Bodenturnen_somersault_f_cm_np2_ri_bad_0,41,87,4,32,4,k4,True,0.6512400507926941,slowfast_r50,hmdb51
Monikas_Staatsexamen__Turnen_somersault_f_cm_np1_le_med_5,41,80,4,32,4,k4,True,0.22601653635501862,slowfast_r50,hmdb51
Philli_beim_Bodenturnen_somersault_f_cm_np1_ri_bad_5,41,122,4,32,4,k4,True,0.8573256134986877,slowfast_r50,hmdb51
Bodenk_r_somersault_f_cm_np1_le_med_3,41,81,4,32,4,k4,True,0.7674185633659363,slowfast_r50,hmdb51
Bodenturnen_somersault_f_cm_np1_ri_med_1,41,78,4,32,4,k4,True,0.7645506262779236,slowfast_r50,hmdb51
Parkour_Dive_Tutorial_somersault_f_cm_np1_ba_bad_1,41,37,4,32,4,k4,True,0.3149128556251526,slowfast_r50,hmdb51
Paul_Hamm_on_Floor_Exercise_at_2008_Pacific_Rim_somersault_f_cm_np1_fr_med_0,41,82,4,32,4,k4,True,0.8790765404701233,slowfast_r50,hmdb51
StrangerThanFiction_stand_u_cm_np1_ri_med_0,42,76,4,32,4,k4,False,0.8600620031356812,slowfast_r50,hmdb51
Finding_Forrester_1_stand_u_cm_np1_le_bad_10,42,101,4,32,4,k4,False,0.541983425617218,slowfast_r50,hmdb51
HP_PRISONER_OF_AZKABAN_stand_f_cm_np1_fr_bad_11,42,48,4,32,4,k4,False,0.48103174567222595,slowfast_r50,hmdb51
THE_PROTECTOR_stand_f_cm_np1_fr_med_23,42,53,4,32,4,k4,False,0.18840135633945465,slowfast_r50,hmdb51
Oceans13_stand_u_nm_np1_fr_med_9,42,78,4,32,4,k4,False,0.9402072429656982,slowfast_r50,hmdb51
CharlieAndTheChocolateFactory_stand_f_nm_np1_fr_med_17,42,48,4,32,4,k4,False,0.5353207588195801,slowfast_r50,hmdb51
Crash_stand_u_cm_np1_le_med_8,42,83,4,32,4,k4,False,0.9644949436187744,slowfast_r50,hmdb51
SweeneyTodd_stand_f_nm_np1_fr_bad_24,42,47,4,32,4,k4,False,0.27289652824401855,slowfast_r50,hmdb51
20070723_sfjff_waitingforrescue_stand_u_cm_np1_fr_med_2,42,50,4,32,4,k4,False,0.6549167633056641,slowfast_r50,hmdb51
AllThePresidentMen_stand_u_nm_np1_le_med_1,42,79,4,32,4,k4,False,0.2537690997123718,slowfast_r50,hmdb51
BLACK_HAWK_DOWN_stand_u_cm_np1_fr_med_35,42,49,4,32,4,k4,False,0.8300350904464722,slowfast_r50,hmdb51
GoneBabyGone_stand_f_cm_np1_fr_med_0,42,66,4,32,4,k4,False,0.388438880443573,slowfast_r50,hmdb51
20060723sfjffjewgotmail_stand_u_cm_np1_ri_med_0,42,50,4,32,4,k4,False,0.3304371237754822,slowfast_r50,hmdb51
RETURN_OF_THE_KING_stand_u_cm_np1_fr_med_12,42,55,4,32,4,k4,False,0.7993957996368408,slowfast_r50,hmdb51
prelinger_ControlY1950_stand_u_cm_np1_fr_med_0,42,102,4,32,4,k4,False,0.4781472086906433,slowfast_r50,hmdb51
SweeneyTodd_stand_f_cm_np1_le_med_10,42,79,4,32,4,k4,True,0.19600370526313782,slowfast_r50,hmdb51
RATRACE_stand_f_cm_np1_ri_med_28,42,80,4,32,4,k4,False,0.6905714273452759,slowfast_r50,hmdb51
FestivalofColors_stand_f_nm_np1_fr_med_0,42,107,4,32,4,k4,False,0.2551816701889038,slowfast_r50,hmdb51
BeforeNightFalls_stand_f_nm_np1_fr_med_3,42,133,4,32,4,k4,False,0.7097850441932678,slowfast_r50,hmdb51
TheBoondockSaints_stand_u_nm_np1_le_med_102,42,49,4,32,4,k4,False,0.6380912661552429,slowfast_r50,hmdb51
practicingmybaseballswing2009_swing_baseball_f_cm_np1_fr_med_13,43,131,4,32,4,k4,True,0.9992557168006897,slowfast_r50,hmdb51
hittingofftee2_swing_baseball_f_nm_np1_fr_med_11,43,119,4,32,4,k4,True,0.9949526786804199,slowfast_r50,hmdb51
hittingofftee2_swing_baseball_f_nm_np1_fr_med_3,43,123,4,32,4,k4,True,0.9970874190330505,slowfast_r50,hmdb51
Faith_Rewarded_swing_baseball_f_cm_np1_ri_bad_27,43,43,4,32,4,k4,True,0.9996107220649719,slowfast_r50,hmdb51
practicingmybaseballswing2009_swing_baseball_f_cm_np1_fr_med_2,43,114,4,32,4,k4,True,0.9997149109840393,slowfast_r50,hmdb51
Faith_Rewarded_swing_baseball_f_nm_np1_ba_bad_54,43,45,4,32,4,k4,True,0.9218711256980896,slowfast_r50,hmdb51
Faith_Rewarded_swing_baseball_f_nm_np1_le_bad_51,43,81,4,32,4,k4,True,0.7804510593414307,slowfast_r50,hmdb51
BaseballSwingAnalysis_swing_baseball_f_nm_np1_fr_med_17,43,226,4,32,4,k4,True,0.9978019595146179,slowfast_r50,hmdb51
Faith_Rewarded_swing_baseball_f_nm_np1_fr_bad_88,43,69,4,32,4,k4,True,0.9955025315284729,slowfast_r50,hmdb51
BaseballSwingAnalysis_swing_baseball_u_nm_np1_ba_med_7,43,214,4,32,4,k4,True,0.9944682121276855,slowfast_r50,hmdb51
Faith_Rewarded_swing_baseball_f_nm_np1_ba_bad_78,43,59,4,32,4,k4,True,0.9321004152297974,slowfast_r50,hmdb51
Faith_Rewarded_swing_baseball_f_nm_np1_fr_bad_70,43,60,4,32,4,k4,True,0.7059665322303772,slowfast_r50,hmdb51
Faith_Rewarded_swing_baseball_f_nm_np1_ri_bad_59,43,38,4,32,4,k4,True,0.998737633228302,slowfast_r50,hmdb51
BaseballSwingAnalysis_swing_baseball_u_nm_np1_ba_med_0,43,158,4,32,4,k4,True,0.9978423118591309,slowfast_r50,hmdb51
Faith_Rewarded_swing_baseball_u_nm_np1_ri_bad_48,43,44,4,32,4,k4,True,0.9997327923774719,slowfast_r50,hmdb51
practicingmybaseballswing2009_swing_baseball_f_cm_np1_fr_med_6,43,141,4,32,4,k4,True,0.9996762275695801,slowfast_r50,hmdb51
Faith_Rewarded_swing_baseball_f_nm_np1_ba_bad_77,43,40,4,32,4,k4,True,0.9897054433822632,slowfast_r50,hmdb51
Faith_Rewarded_swing_baseball_f_nm_np1_ri_bad_61,43,49,4,32,4,k4,True,0.9986217021942139,slowfast_r50,hmdb51
SlowmotionBretthitsasingle_swing_baseball_f_cm_np1_ba_bad_1,43,160,4,32,4,k4,True,0.9997697472572327,slowfast_r50,hmdb51
Faith_Rewarded_swing_baseball_f_cm_np1_ba_bad_11,43,75,4,32,4,k4,True,0.9957210421562195,slowfast_r50,hmdb51
Gohatto_-_sword_fight_scene_sword_f_cm_np2_ba_med_3,44,80,4,32,4,k4,False,0.9336503744125366,slowfast_r50,hmdb51
Gohatto_-_sword_fight_scene_sword_f_cm_np2_fr_med_0,44,80,4,32,4,k4,False,0.9135398268699646,slowfast_r50,hmdb51
Kendo_sword_f_nm_np2_ba_bad_2,44,80,4,32,4,k4,True,0.8565441370010376,slowfast_r50,hmdb51
Kendo_sword_f_nm_np1_fr_bad_5,44,80,4,32,4,k4,True,0.6994577050209045,slowfast_r50,hmdb51
2006_Full_Contact_Medieval_Sword_Tournament_Final_sword_f_cm_np2_fr_bad_2,44,100,4,32,4,k4,True,0.7510895729064941,slowfast_r50,hmdb51
Moonfleet_1955_rapier_vs_halberd_duel__Stewart_Granger_sword_u_cm_np2_ri_bad_0,44,46,4,32,4,k4,False,0.8657627105712891,slowfast_r50,hmdb51
Star_Wars_I_Light_Sabre_Battle_Re-cut_sword_f_cm_np2_ba_med_3,44,128,4,32,4,k4,False,0.8406261205673218,slowfast_r50,hmdb51
Medieval_Times_Knights_Battle_Sword_Fight_sword_f_cm_np2_fr_med_5,44,62,4,32,4,k4,True,0.9531274437904358,slowfast_r50,hmdb51
David_Carradine_vs__Michael_Jai_White_sword_u_nm_np2_fr_med_1,44,35,4,32,4,k4,False,0.8983360528945923,slowfast_r50,hmdb51
TheBoondockSaints_sit_u_cm_np1_fr_bad_56,37,47,8,32,8,k8,False,0.4157960116863251,slowfast_r50,hmdb51
ThePerfectScore_sit_u_nm_np1_ri_med_10,37,78,8,32,8,k8,False,0.11694668233394623,slowfast_r50,hmdb51
American_History_X_sit_u_cm_np1_fr_goo_39,37,128,8,32,8,k8,True,0.5021501183509827,slowfast_r50,hmdb51
Prelinger_HabitPat1954_sit_u_cm_np1_le_med_8,37,76,8,32,8,k8,True,0.8452818393707275,slowfast_r50,hmdb51
The_Departed_-_Part_2_sit_u_nm_np1_fr_goo_1,37,54,8,32,8,k8,True,0.3491806983947754,slowfast_r50,hmdb51
Finding_Forrester_2_sit_u_cm_np1_ri_bad_3,37,127,8,32,8,k8,False,0.9658841490745544,slowfast_r50,hmdb51
NoCountryForOldMen_sit_u_nm_np1_fr_goo_1,37,80,8,32,8,k8,False,0.24278749525547028,slowfast_r50,hmdb51
AmericanGangster_sit_f_cm_np1_fr_med_70,37,80,8,32,8,k8,False,0.49818214774131775,slowfast_r50,hmdb51
Eurotrip_sit_u_nm_np1_fr_goo_3,37,169,8,32,8,k8,True,0.2925257384777069,slowfast_r50,hmdb51
HP_PRISONER_OF_AZKABAN_sit_f_cm_np1_le_bad_16,37,102,8,32,8,k8,True,0.45187267661094666,slowfast_r50,hmdb51
Crash_sit_u_nm_np1_le_goo_26,37,81,8,32,8,k8,False,0.9602882862091064,slowfast_r50,hmdb51
IamLegend_sit_f_cm_np1_fr_med_21,37,133,8,32,8,k8,False,0.31683066487312317,slowfast_r50,hmdb51
SweeneyTodd_sit_u_cm_np1_fr_med_21,37,72,8,32,8,k8,False,0.38189756870269775,slowfast_r50,hmdb51
AKC_coach_Torrin_Rhodan_showing_situp_kettlebell_movements_situp_f_cm_np1_le_goo_1,38,101,8,32,8,k8,True,0.5887854099273682,slowfast_r50,hmdb51
5_Min_Tone_Abs_Workout_2__Fitness_Training_w__Tammy_situp_f_nm_np1_le_goo_1,38,102,8,32,8,k8,True,0.9995192289352417,slowfast_r50,hmdb51
AKC_coach_Torrin_Rhodan_showing_situp_kettlebell_movements_situp_f_cm_np1_le_goo_2,38,103,8,32,8,k8,False,0.5705235004425049,slowfast_r50,hmdb51
6_Minute_Abs_Routine_situp_f_nm_np1_ri_bad_0,38,80,8,32,8,k8,True,0.9990255832672119,slowfast_r50,hmdb51
Incline_Dumbell_Situps_45lbs_2ndxpr_25x_situp_f_nm_np1_ri_med_0,38,130,8,32,8,k8,True,0.9921373724937439,slowfast_r50,hmdb51
Sit_ups_and_crunch_situp_f_nm_np1_le_goo_1,38,90,8,32,8,k8,True,0.9933297038078308,slowfast_r50,hmdb51
Body_Flex_-_How2_-_Sit-Up_situp_f_nm_np1_le_goo_2,38,110,8,32,8,k8,True,0.5475748777389526,slowfast_r50,hmdb51
Sit_ups_and_crunch_situp_f_nm_np1_le_goo_2,38,95,8,32,8,k8,True,0.9949918389320374,slowfast_r50,hmdb51
How_to_Train_for_Boxing_-_Sit_Up_Techniques_for_Boxing_Training_situp_f_cm_np1_le_med_1,38,79,8,32,8,k8,True,0.9893494844436646,slowfast_r50,hmdb51
Sit_ups_situp_f_nm_np1_ri_goo_0,38,80,8,32,8,k8,True,0.9994262456893921,slowfast_r50,hmdb51
Octogen_-_CrossFit_Sydney_Glute_Ham_Situps_1_situp_f_nm_np1_ri_goo_1,38,98,8,32,8,k8,True,0.7292699217796326,slowfast_r50,hmdb51
Sit_ups_situp_f_nm_np1_ri_goo_2,38,84,8,32,8,k8,True,0.9993504881858826,slowfast_r50,hmdb51
crazy_105_sit-ups_situp_f_cm_np2_le_med_2,38,80,8,32,8,k8,True,0.9999830722808838,slowfast_r50,hmdb51
Sit_ups_and_crunch_situp_f_nm_np1_le_goo_0,38,95,8,32,8,k8,True,0.9814578890800476,slowfast_r50,hmdb51
Sit_Ups_for_6pack_Abs___Forgotten_Abdominal_Exercise_situp_f_nm_np1_le_med_1,38,110,8,32,8,k8,True,0.8233914971351624,slowfast_r50,hmdb51
YouTube_smiles!_smile_h_nm_np1_fr_med_15,39,49,8,32,8,k8,True,0.9994202852249146,slowfast_r50,hmdb51
YouTube_smiles!_smile_h_cm_np1_fr_bad_5,39,54,8,32,8,k8,True,0.999788224697113,slowfast_r50,hmdb51
SMILES_FROM_OFF_THE_ROAD_3_-TRAVELS_WITH_A_HAT_smile_h_nm_np1_fr_med_5,39,83,8,32,8,k8,True,0.9502856135368347,slowfast_r50,hmdb51
Two_Towers_3_smile_h_nm_np1_fr_goo_7,39,79,8,32,8,k8,True,0.9787099361419678,slowfast_r50,hmdb51
YouTube_smiles!_smile_h_nm_np1_fr_med_20,39,35,8,32,8,k8,True,0.9974182844161987,slowfast_r50,hmdb51
Re-_Show_Your_Smile_smile_h_nm_np1_fr_goo_0,39,80,8,32,8,k8,True,0.9667142629623413,slowfast_r50,hmdb51
prelinger_LetsPlay1949_smile_u_nm_np1_ri_med_21,39,91,8,32,8,k8,False,0.3090876638889313,slowfast_r50,hmdb51
YouTube_smiles!_smile_h_cm_np1_fr_med_39,39,71,8,32,8,k8,True,0.9989263415336609,slowfast_r50,hmdb51
YouTube_smiles!_smile_h_cm_np1_fr_med_2,39,59,8,32,8,k8,True,0.9994122982025146,slowfast_r50,hmdb51
SE7EN_SMILES_x3_smile_h_cm_np1_fr_goo_5,39,80,8,32,8,k8,True,0.5768098831176758,slowfast_r50,hmdb51
Smile_-]_smile_h_nm_np1_fr_goo_0,39,71,8,32,8,k8,True,0.9528174996376038,slowfast_r50,hmdb51
SMILES_FROM_OFF_THE_ROAD_2_-TREASURING_THE_GIRLCHILD_smile_h_cm_np1_fr_bad_1,39,81,8,32,8,k8,True,0.49403223395347595,slowfast_r50,hmdb51
YouTube_smiles!_smile_h_nm_np1_fr_med_12,39,54,8,32,8,k8,True,0.9999943971633911,slowfast_r50,hmdb51
YouTube_smiles!_smile_h_cm_np1_fr_goo_30,39,67,8,32,8,k8,True,0.9996558427810669,slowfast_r50,hmdb51
YouTube_smiles!_smile_h_cm_np1_fr_bad_3,39,57,8,32,8,k8,True,0.999049723148346,slowfast_r50,hmdb51
smoking_2_smoke_h_cm_np1_ba_med_5,40,81,8,32,8,k8,True,0.2744235396385193,slowfast_r50,hmdb51
Rich_smoking_experience_smoke_h_nm_np1_fr_med_1,40,227,8,32,8,k8,True,0.626507043838501,slowfast_r50,hmdb51
Raucher_Antiraucher_Werbung_smoke_u_cm_np1_fr_med_0,40,90,8,32,8,k8,False,0.16502612829208374,slowfast_r50,hmdb51
A_Beautiful_Mind_1_smoke_h_nm_np1_fr_goo_8,40,61,8,32,8,k8,False,0.4300157129764557,slowfast_r50,hmdb51
zigarette_rauchen_smoke_h_nm_np1_fr_med_1,40,182,8,32,8,k8,True,0.9848148822784424,slowfast_r50,hmdb51
zigarette_rauchen_smoke_h_nm_np1_fr_med_2,40,163,8,32,8,k8,True,0.9744953513145447,slowfast_r50,hmdb51
After_work_smoke_in_the_garage_smoke_h_nm_np1_fr_bad_0,40,84,8,32,8,k8,False,0.1669589728116989,slowfast_r50,hmdb51
smoking_2_smoke_h_cm_np1_ba_goo_2,40,105,8,32,8,k8,True,0.9811206459999084,slowfast_r50,hmdb51
smoking_smoking_-_tricks!_smoke_h_nm_np1_fr_med_2,40,225,8,32,8,k8,True,0.43843382596969604,slowfast_r50,hmdb51
Glory_smoke_h_nm_np1_fr_goo_42,40,90,8,32,8,k8,False,0.9463595747947693,slowfast_r50,hmdb51
Veoh_Alpha_Dog_1_smoke_h_nm_np1_fr_med_54,40,135,8,32,8,k8,False,0.8634343147277832,slowfast_r50,hmdb51
passive_rauchen_smoke_h_cm_np1_ri_med_0,40,159,8,32,8,k8,True,0.5127056241035461,slowfast_r50,hmdb51
smoking_1_smoke_h_cm_np1_ri_med_1,40,105,8,32,8,k8,True,0.9897144436836243,slowfast_r50,hmdb51
nice_smoking_girl_smoke_h_nm_np1_le_med_2,40,248,8,32,8,k8,True,0.47811010479927063,slowfast_r50,hmdb51
more_smoking_smoke_h_cm_np1_ri_med_0,40,75,8,32,8,k8,True,0.833774209022522,slowfast_r50,hmdb51
smoking_a_cigarette_smoke_h_nm_np1_fr_med_0,40,279,8,32,8,k8,False,0.4640805125236511,slowfast_r50,hmdb51
Projekt_SPOHO_2008_-_27_02_08_-_Training-_Bodenk_r_4_somersault_f_cm_np1_ri_med_0,41,80,8,32,8,k8,True,0.9999443292617798,slowfast_r50,hmdb51
Turn_pr_fung_glaser_schule_somersault_f_cm_np1_le_med_1,41,80,8,32,8,k8,True,0.9999586343765259,slowfast_r50,hmdb51
Handstandk_nig_somersault_f_cm_np1_ba_med_5,41,78,8,32,8,k8,True,0.98973149061203,slowfast_r50,hmdb51
Philli_beim_Bodenturnen_somersault_f_cm_np1_ri_bad_0,41,71,8,32,8,k8,True,0.999622106552124,slowfast_r50,hmdb51
Projekt_SPOHO_2008_-_27_02_08_-_Training-_Bodenk_r_3_somersault_f_cm_np1_le_med_0,41,88,8,32,8,k8,True,0.9999839067459106,slowfast_r50,hmdb51
Pirates_2_somersault_f_cm_np1_fr_bad_5,41,36,8,32,8,k8,False,0.2212601602077484,slowfast_r50,hmdb51
Bodenk_r_somersault_f_cm_np1_ri_med_1,41,81,8,32,8,k8,True,0.9997758269309998,slowfast_r50,hmdb51
Schwebebalken_Uni_07_08_somersault_f_cm_np1_le_med_1,41,95,8,32,8,k8,True,0.9910352826118469,slowfast_r50,hmdb51
Turnexamen_Boden_somersault_f_cm_np1_ri_med_2,41,80,8,32,8,k8,True,0.7036507725715637,slowfast_r50,hmdb51
Learn_Freerunning_and_Parkour_-_Diving_Roll_somersault_f_cm_np1_le_bad_5,41,39,8,32,8,k8,True,0.9664822816848755,slowfast_r50,hmdb51
LONGESTYARD_somersault_f_cm_np1_ba_bad_28,41,47,8,32,8,k8,True,0.9994043111801147,slowfast_r50,hmdb51
Massive_6_meter_dive_roll_somersault_f_cm_np1_le_bad_0,41,49,8,32,8,k8,True,0.9177539348602295,slowfast_r50,hmdb51
Hechtsprung_somersault_f_cm_np1_le_bad_1,41,34,8,32,8,k8,True,0.6244217753410339,slowfast_r50,hmdb51
MWG_Bodenturnen_somersault_f_cm_np2_ri_bad_0,41,87,8,32,8,k8,True,0.9175390601158142,slowfast_r50,hmdb51
Monikas_Staatsexamen__Turnen_somersault_f_cm_np1_le_med_5,41,80,8,32,8,k8,True,0.9791926145553589,slowfast_r50,hmdb51
Philli_beim_Bodenturnen_somersault_f_cm_np1_ri_bad_5,41,122,8,32,8,k8,True,0.9998995065689087,slowfast_r50,hmdb51
Bodenk_r_somersault_f_cm_np1_le_med_3,41,81,8,32,8,k8,True,0.9957362413406372,slowfast_r50,hmdb51
Bodenturnen_somersault_f_cm_np1_ri_med_1,41,78,8,32,8,k8,True,0.9970458149909973,slowfast_r50,hmdb51
Parkour_Dive_Tutorial_somersault_f_cm_np1_ba_bad_1,41,37,8,32,8,k8,True,0.9828186631202698,slowfast_r50,hmdb51
Paul_Hamm_on_Floor_Exercise_at_2008_Pacific_Rim_somersault_f_cm_np1_fr_med_0,41,82,8,32,8,k8,True,0.9902390241622925,slowfast_r50,hmdb51
StrangerThanFiction_stand_u_cm_np1_ri_med_0,42,76,8,32,8,k8,False,0.1661592721939087,slowfast_r50,hmdb51
Finding_Forrester_1_stand_u_cm_np1_le_bad_10,42,101,8,32,8,k8,False,0.680169939994812,slowfast_r50,hmdb51
HP_PRISONER_OF_AZKABAN_stand_f_cm_np1_fr_bad_11,42,48,8,32,8,k8,True,0.27022260427474976,slowfast_r50,hmdb51
THE_PROTECTOR_stand_f_cm_np1_fr_med_23,42,53,8,32,8,k8,False,0.2960756719112396,slowfast_r50,hmdb51
Oceans13_stand_u_nm_np1_fr_med_9,42,78,8,32,8,k8,True,0.9071242809295654,slowfast_r50,hmdb51
CharlieAndTheChocolateFactory_stand_f_nm_np1_fr_med_17,42,48,8,32,8,k8,True,0.2075055092573166,slowfast_r50,hmdb51
Crash_stand_u_cm_np1_le_med_8,42,83,8,32,8,k8,False,0.39234068989753723,slowfast_r50,hmdb51
SweeneyTodd_stand_f_nm_np1_fr_bad_24,42,47,8,32,8,k8,False,0.40523579716682434,slowfast_r50,hmdb51
20070723_sfjff_waitingforrescue_stand_u_cm_np1_fr_med_2,42,50,8,32,8,k8,False,0.46045252680778503,slowfast_r50,hmdb51
AllThePresidentMen_stand_u_nm_np1_le_med_1,42,79,8,32,8,k8,False,0.681401789188385,slowfast_r50,hmdb51
BLACK_HAWK_DOWN_stand_u_cm_np1_fr_med_35,42,49,8,32,8,k8,True,0.7818669080734253,slowfast_r50,hmdb51
GoneBabyGone_stand_f_cm_np1_fr_med_0,42,66,8,32,8,k8,True,0.7189522981643677,slowfast_r50,hmdb51
20060723sfjffjewgotmail_stand_u_cm_np1_ri_med_0,42,50,8,32,8,k8,False,0.3636588156223297,slowfast_r50,hmdb51
RETURN_OF_THE_KING_stand_u_cm_np1_fr_med_12,42,55,8,32,8,k8,True,0.7429741024971008,slowfast_r50,hmdb51
prelinger_ControlY1950_stand_u_cm_np1_fr_med_0,42,102,8,32,8,k8,True,0.5827441811561584,slowfast_r50,hmdb51
SweeneyTodd_stand_f_cm_np1_le_med_10,42,79,8,32,8,k8,True,0.32024458050727844,slowfast_r50,hmdb51
RATRACE_stand_f_cm_np1_ri_med_28,42,80,8,32,8,k8,True,0.8908253312110901,slowfast_r50,hmdb51
FestivalofColors_stand_f_nm_np1_fr_med_0,42,107,8,32,8,k8,False,0.778834342956543,slowfast_r50,hmdb51
BeforeNightFalls_stand_f_nm_np1_fr_med_3,42,133,8,32,8,k8,True,0.28892871737480164,slowfast_r50,hmdb51
TheBoondockSaints_stand_u_nm_np1_le_med_102,42,49,8,32,8,k8,False,0.3504211902618408,slowfast_r50,hmdb51
practicingmybaseballswing2009_swing_baseball_f_cm_np1_fr_med_13,43,131,8,32,8,k8,True,0.9960368275642395,slowfast_r50,hmdb51
hittingofftee2_swing_baseball_f_nm_np1_fr_med_11,43,119,8,32,8,k8,True,0.9804441928863525,slowfast_r50,hmdb51
hittingofftee2_swing_baseball_f_nm_np1_fr_med_3,43,123,8,32,8,k8,True,0.9876700639724731,slowfast_r50,hmdb51
Faith_Rewarded_swing_baseball_f_cm_np1_ri_bad_27,43,43,8,32,8,k8,True,0.9976258873939514,slowfast_r50,hmdb51
practicingmybaseballswing2009_swing_baseball_f_cm_np1_fr_med_2,43,114,8,32,8,k8,True,0.9990429282188416,slowfast_r50,hmdb51
Faith_Rewarded_swing_baseball_f_nm_np1_ba_bad_54,43,45,8,32,8,k8,True,0.8804695010185242,slowfast_r50,hmdb51
Faith_Rewarded_swing_baseball_f_nm_np1_le_bad_51,43,81,8,32,8,k8,True,0.6854211688041687,slowfast_r50,hmdb51
BaseballSwingAnalysis_swing_baseball_f_nm_np1_fr_med_17,43,226,8,32,8,k8,True,0.9958232641220093,slowfast_r50,hmdb51
Faith_Rewarded_swing_baseball_f_nm_np1_fr_bad_88,43,69,8,32,8,k8,True,0.961359977722168,slowfast_r50,hmdb51
BaseballSwingAnalysis_swing_baseball_u_nm_np1_ba_med_7,43,214,8,32,8,k8,True,0.9196520447731018,slowfast_r50,hmdb51
Faith_Rewarded_swing_baseball_f_nm_np1_ba_bad_78,43,59,8,32,8,k8,True,0.8087149858474731,slowfast_r50,hmdb51
Faith_Rewarded_swing_baseball_f_nm_np1_fr_bad_70,43,60,8,32,8,k8,True,0.8084928393363953,slowfast_r50,hmdb51
Faith_Rewarded_swing_baseball_f_nm_np1_ri_bad_59,43,38,8,32,8,k8,True,0.997428834438324,slowfast_r50,hmdb51
BaseballSwingAnalysis_swing_baseball_u_nm_np1_ba_med_0,43,158,8,32,8,k8,True,0.9937217831611633,slowfast_r50,hmdb51
Faith_Rewarded_swing_baseball_u_nm_np1_ri_bad_48,43,44,8,32,8,k8,True,0.9965420365333557,slowfast_r50,hmdb51
practicingmybaseballswing2009_swing_baseball_f_cm_np1_fr_med_6,43,141,8,32,8,k8,True,0.9987456798553467,slowfast_r50,hmdb51
Faith_Rewarded_swing_baseball_f_nm_np1_ba_bad_77,43,40,8,32,8,k8,True,0.9973032474517822,slowfast_r50,hmdb51
Faith_Rewarded_swing_baseball_f_nm_np1_ri_bad_61,43,49,8,32,8,k8,True,0.9904604554176331,slowfast_r50,hmdb51
SlowmotionBretthitsasingle_swing_baseball_f_cm_np1_ba_bad_1,43,160,8,32,8,k8,True,0.9998780488967896,slowfast_r50,hmdb51
Faith_Rewarded_swing_baseball_f_cm_np1_ba_bad_11,43,75,8,32,8,k8,True,0.96221923828125,slowfast_r50,hmdb51
Gohatto_-_sword_fight_scene_sword_f_cm_np2_ba_med_3,44,80,8,32,8,k8,False,0.36059826612472534,slowfast_r50,hmdb51
Gohatto_-_sword_fight_scene_sword_f_cm_np2_fr_med_0,44,80,8,32,8,k8,False,0.31085672974586487,slowfast_r50,hmdb51
Kendo_sword_f_nm_np2_ba_bad_2,44,80,8,32,8,k8,False,0.34062644839286804,slowfast_r50,hmdb51
Kendo_sword_f_nm_np1_fr_bad_5,44,80,8,32,8,k8,False,0.8067824840545654,slowfast_r50,hmdb51
2006_Full_Contact_Medieval_Sword_Tournament_Final_sword_f_cm_np2_fr_bad_2,44,100,8,32,8,k8,False,0.21695579588413239,slowfast_r50,hmdb51
Moonfleet_1955_rapier_vs_halberd_duel__Stewart_Granger_sword_u_cm_np2_ri_bad_0,44,46,8,32,8,k8,False,0.9942235350608826,slowfast_r50,hmdb51
Star_Wars_I_Light_Sabre_Battle_Re-cut_sword_f_cm_np2_ba_med_3,44,128,8,32,8,k8,False,0.6586843132972717,slowfast_r50,hmdb51
Medieval_Times_Knights_Battle_Sword_Fight_sword_f_cm_np2_fr_med_5,44,62,8,32,8,k8,False,0.24235683679580688,slowfast_r50,hmdb51
David_Carradine_vs__Michael_Jai_White_sword_u_nm_np2_fr_med_1,44,35,8,32,8,k8,False,0.7291401624679565,slowfast_r50,hmdb51
TheBoondockSaints_sit_u_cm_np1_fr_bad_56,37,47,16,32,16,k16,False,0.4316498935222626,slowfast_r50,hmdb51
ThePerfectScore_sit_u_nm_np1_ri_med_10,37,78,16,32,16,k16,False,0.2501508295536041,slowfast_r50,hmdb51
American_History_X_sit_u_cm_np1_fr_goo_39,37,128,16,32,16,k16,False,0.3676850497722626,slowfast_r50,hmdb51
Prelinger_HabitPat1954_sit_u_cm_np1_le_med_8,37,76,16,32,16,k16,False,0.6295291185379028,slowfast_r50,hmdb51
The_Departed_-_Part_2_sit_u_nm_np1_fr_goo_1,37,54,16,32,16,k16,False,0.8028090000152588,slowfast_r50,hmdb51
Finding_Forrester_2_sit_u_cm_np1_ri_bad_3,37,127,16,32,16,k16,False,0.5611767172813416,slowfast_r50,hmdb51
NoCountryForOldMen_sit_u_nm_np1_fr_goo_1,37,80,16,32,16,k16,False,0.45772624015808105,slowfast_r50,hmdb51
AmericanGangster_sit_f_cm_np1_fr_med_70,37,80,16,32,16,k16,True,0.41774603724479675,slowfast_r50,hmdb51
Eurotrip_sit_u_nm_np1_fr_goo_3,37,169,16,32,16,k16,False,0.18034638464450836,slowfast_r50,hmdb51
HP_PRISONER_OF_AZKABAN_sit_f_cm_np1_le_bad_16,37,102,16,32,16,k16,False,0.23356209695339203,slowfast_r50,hmdb51
Crash_sit_u_nm_np1_le_goo_26,37,81,16,32,16,k16,False,0.9909588098526001,slowfast_r50,hmdb51
IamLegend_sit_f_cm_np1_fr_med_21,37,133,16,32,16,k16,False,0.5757415890693665,slowfast_r50,hmdb51
SweeneyTodd_sit_u_cm_np1_fr_med_21,37,72,16,32,16,k16,False,0.3473931849002838,slowfast_r50,hmdb51
AKC_coach_Torrin_Rhodan_showing_situp_kettlebell_movements_situp_f_cm_np1_le_goo_1,38,101,16,32,16,k16,True,0.9916031956672668,slowfast_r50,hmdb51
5_Min_Tone_Abs_Workout_2__Fitness_Training_w__Tammy_situp_f_nm_np1_le_goo_1,38,102,16,32,16,k16,True,0.9993178844451904,slowfast_r50,hmdb51
AKC_coach_Torrin_Rhodan_showing_situp_kettlebell_movements_situp_f_cm_np1_le_goo_2,38,103,16,32,16,k16,True,0.8996808528900146,slowfast_r50,hmdb51
6_Minute_Abs_Routine_situp_f_nm_np1_ri_bad_0,38,80,16,32,16,k16,True,0.9995473027229309,slowfast_r50,hmdb51
Incline_Dumbell_Situps_45lbs_2ndxpr_25x_situp_f_nm_np1_ri_med_0,38,130,16,32,16,k16,True,0.9946375489234924,slowfast_r50,hmdb51
Sit_ups_and_crunch_situp_f_nm_np1_le_goo_1,38,90,16,32,16,k16,True,0.9997861981391907,slowfast_r50,hmdb51
Body_Flex_-_How2_-_Sit-Up_situp_f_nm_np1_le_goo_2,38,110,16,32,16,k16,True,0.9496691226959229,slowfast_r50,hmdb51
Sit_ups_and_crunch_situp_f_nm_np1_le_goo_2,38,95,16,32,16,k16,True,0.99965500831604,slowfast_r50,hmdb51
How_to_Train_for_Boxing_-_Sit_Up_Techniques_for_Boxing_Training_situp_f_cm_np1_le_med_1,38,79,16,32,16,k16,True,0.9987925291061401,slowfast_r50,hmdb51
Sit_ups_situp_f_nm_np1_ri_goo_0,38,80,16,32,16,k16,True,0.9996510744094849,slowfast_r50,hmdb51
Octogen_-_CrossFit_Sydney_Glute_Ham_Situps_1_situp_f_nm_np1_ri_goo_1,38,98,16,32,16,k16,True,0.979166567325592,slowfast_r50,hmdb51
Sit_ups_situp_f_nm_np1_ri_goo_2,38,84,16,32,16,k16,True,0.9996711015701294,slowfast_r50,hmdb51
crazy_105_sit-ups_situp_f_cm_np2_le_med_2,38,80,16,32,16,k16,True,0.9999881982803345,slowfast_r50,hmdb51
Sit_ups_and_crunch_situp_f_nm_np1_le_goo_0,38,95,16,32,16,k16,True,0.9993755221366882,slowfast_r50,hmdb51
Sit_Ups_for_6pack_Abs___Forgotten_Abdominal_Exercise_situp_f_nm_np1_le_med_1,38,110,16,32,16,k16,True,0.9967032074928284,slowfast_r50,hmdb51
YouTube_smiles!_smile_h_nm_np1_fr_med_15,39,49,16,32,16,k16,True,0.9998365640640259,slowfast_r50,hmdb51
YouTube_smiles!_smile_h_cm_np1_fr_bad_5,39,54,16,32,16,k16,True,0.9999208450317383,slowfast_r50,hmdb51
SMILES_FROM_OFF_THE_ROAD_3_-TRAVELS_WITH_A_HAT_smile_h_nm_np1_fr_med_5,39,83,16,32,16,k16,True,0.9933182001113892,slowfast_r50,hmdb51
Two_Towers_3_smile_h_nm_np1_fr_goo_7,39,79,16,32,16,k16,True,0.9950962662696838,slowfast_r50,hmdb51
YouTube_smiles!_smile_h_nm_np1_fr_med_20,39,35,16,32,16,k16,True,0.9989230036735535,slowfast_r50,hmdb51
Re-_Show_Your_Smile_smile_h_nm_np1_fr_goo_0,39,80,16,32,16,k16,True,0.9972952008247375,slowfast_r50,hmdb51
prelinger_LetsPlay1949_smile_u_nm_np1_ri_med_21,39,91,16,32,16,k16,False,0.445369154214859,slowfast_r50,hmdb51
YouTube_smiles!_smile_h_cm_np1_fr_med_39,39,71,16,32,16,k16,True,0.9994105100631714,slowfast_r50,hmdb51
YouTube_smiles!_smile_h_cm_np1_fr_med_2,39,59,16,32,16,k16,True,0.9996684789657593,slowfast_r50,hmdb51
SE7EN_SMILES_x3_smile_h_cm_np1_fr_goo_5,39,80,16,32,16,k16,False,0.4935401380062103,slowfast_r50,hmdb51
Smile_-]_smile_h_nm_np1_fr_goo_0,39,71,16,32,16,k16,True,0.9821048378944397,slowfast_r50,hmdb51
SMILES_FROM_OFF_THE_ROAD_2_-TREASURING_THE_GIRLCHILD_smile_h_cm_np1_fr_bad_1,39,81,16,32,16,k16,False,0.2720626890659332,slowfast_r50,hmdb51
YouTube_smiles!_smile_h_nm_np1_fr_med_12,39,54,16,32,16,k16,True,0.9999973773956299,slowfast_r50,hmdb51
YouTube_smiles!_smile_h_cm_np1_fr_goo_30,39,67,16,32,16,k16,True,0.9994757771492004,slowfast_r50,hmdb51
YouTube_smiles!_smile_h_cm_np1_fr_bad_3,39,57,16,32,16,k16,True,0.9997735619544983,slowfast_r50,hmdb51
smoking_2_smoke_h_cm_np1_ba_med_5,40,81,16,32,16,k16,True,0.8935130834579468,slowfast_r50,hmdb51
Rich_smoking_experience_smoke_h_nm_np1_fr_med_1,40,227,16,32,16,k16,True,0.9906575679779053,slowfast_r50,hmdb51
Raucher_Antiraucher_Werbung_smoke_u_cm_np1_fr_med_0,40,90,16,32,16,k16,True,0.6971409916877747,slowfast_r50,hmdb51
A_Beautiful_Mind_1_smoke_h_nm_np1_fr_goo_8,40,61,16,32,16,k16,False,0.16567112505435944,slowfast_r50,hmdb51
zigarette_rauchen_smoke_h_nm_np1_fr_med_1,40,182,16,32,16,k16,True,0.9994896650314331,slowfast_r50,hmdb51
zigarette_rauchen_smoke_h_nm_np1_fr_med_2,40,163,16,32,16,k16,True,0.9963856935501099,slowfast_r50,hmdb51
After_work_smoke_in_the_garage_smoke_h_nm_np1_fr_bad_0,40,84,16,32,16,k16,True,0.9311906695365906,slowfast_r50,hmdb51
smoking_2_smoke_h_cm_np1_ba_goo_2,40,105,16,32,16,k16,True,0.9991239905357361,slowfast_r50,hmdb51
smoking_smoking_-_tricks!_smoke_h_nm_np1_fr_med_2,40,225,16,32,16,k16,True,0.9989529848098755,slowfast_r50,hmdb51
Glory_smoke_h_nm_np1_fr_goo_42,40,90,16,32,16,k16,False,0.8812650442123413,slowfast_r50,hmdb51
Veoh_Alpha_Dog_1_smoke_h_nm_np1_fr_med_54,40,135,16,32,16,k16,True,0.9466058611869812,slowfast_r50,hmdb51
passive_rauchen_smoke_h_cm_np1_ri_med_0,40,159,16,32,16,k16,True,0.9968994855880737,slowfast_r50,hmdb51
smoking_1_smoke_h_cm_np1_ri_med_1,40,105,16,32,16,k16,True,0.9992676377296448,slowfast_r50,hmdb51
nice_smoking_girl_smoke_h_nm_np1_le_med_2,40,248,16,32,16,k16,True,0.9998961687088013,slowfast_r50,hmdb51
more_smoking_smoke_h_cm_np1_ri_med_0,40,75,16,32,16,k16,True,0.9874802231788635,slowfast_r50,hmdb51
smoking_a_cigarette_smoke_h_nm_np1_fr_med_0,40,279,16,32,16,k16,False,0.30079588294029236,slowfast_r50,hmdb51
Projekt_SPOHO_2008_-_27_02_08_-_Training-_Bodenk_r_4_somersault_f_cm_np1_ri_med_0,41,80,16,32,16,k16,True,0.9995750784873962,slowfast_r50,hmdb51
Turn_pr_fung_glaser_schule_somersault_f_cm_np1_le_med_1,41,80,16,32,16,k16,True,0.9999768733978271,slowfast_r50,hmdb51
Handstandk_nig_somersault_f_cm_np1_ba_med_5,41,78,16,32,16,k16,True,0.9910332560539246,slowfast_r50,hmdb51
Philli_beim_Bodenturnen_somersault_f_cm_np1_ri_bad_0,41,71,16,32,16,k16,True,0.9991208910942078,slowfast_r50,hmdb51
Projekt_SPOHO_2008_-_27_02_08_-_Training-_Bodenk_r_3_somersault_f_cm_np1_le_med_0,41,88,16,32,16,k16,True,0.9999898672103882,slowfast_r50,hmdb51
Pirates_2_somersault_f_cm_np1_fr_bad_5,41,36,16,32,16,k16,False,0.6814853549003601,slowfast_r50,hmdb51
Bodenk_r_somersault_f_cm_np1_ri_med_1,41,81,16,32,16,k16,True,0.9997805953025818,slowfast_r50,hmdb51
Schwebebalken_Uni_07_08_somersault_f_cm_np1_le_med_1,41,95,16,32,16,k16,True,0.9834384322166443,slowfast_r50,hmdb51
Turnexamen_Boden_somersault_f_cm_np1_ri_med_2,41,80,16,32,16,k16,True,0.9464980959892273,slowfast_r50,hmdb51
Learn_Freerunning_and_Parkour_-_Diving_Roll_somersault_f_cm_np1_le_bad_5,41,39,16,32,16,k16,True,0.8982934355735779,slowfast_r50,hmdb51
LONGESTYARD_somersault_f_cm_np1_ba_bad_28,41,47,16,32,16,k16,True,0.9993956089019775,slowfast_r50,hmdb51
Massive_6_meter_dive_roll_somersault_f_cm_np1_le_bad_0,41,49,16,32,16,k16,True,0.784134566783905,slowfast_r50,hmdb51
Hechtsprung_somersault_f_cm_np1_le_bad_1,41,34,16,32,16,k16,True,0.45333951711654663,slowfast_r50,hmdb51
MWG_Bodenturnen_somersault_f_cm_np2_ri_bad_0,41,87,16,32,16,k16,True,0.9768043160438538,slowfast_r50,hmdb51
Monikas_Staatsexamen__Turnen_somersault_f_cm_np1_le_med_5,41,80,16,32,16,k16,True,0.9945774078369141,slowfast_r50,hmdb51
Philli_beim_Bodenturnen_somersault_f_cm_np1_ri_bad_5,41,122,16,32,16,k16,True,0.9997401833534241,slowfast_r50,hmdb51
Bodenk_r_somersault_f_cm_np1_le_med_3,41,81,16,32,16,k16,True,0.999930739402771,slowfast_r50,hmdb51
Bodenturnen_somersault_f_cm_np1_ri_med_1,41,78,16,32,16,k16,True,0.9990220069885254,slowfast_r50,hmdb51
Parkour_Dive_Tutorial_somersault_f_cm_np1_ba_bad_1,41,37,16,32,16,k16,True,0.8330972790718079,slowfast_r50,hmdb51
Paul_Hamm_on_Floor_Exercise_at_2008_Pacific_Rim_somersault_f_cm_np1_fr_med_0,41,82,16,32,16,k16,True,0.994422972202301,slowfast_r50,hmdb51
StrangerThanFiction_stand_u_cm_np1_ri_med_0,42,76,16,32,16,k16,False,0.3101743757724762,slowfast_r50,hmdb51
Finding_Forrester_1_stand_u_cm_np1_le_bad_10,42,101,16,32,16,k16,False,0.39642077684402466,slowfast_r50,hmdb51
HP_PRISONER_OF_AZKABAN_stand_f_cm_np1_fr_bad_11,42,48,16,32,16,k16,True,0.5473178625106812,slowfast_r50,hmdb51
THE_PROTECTOR_stand_f_cm_np1_fr_med_23,42,53,16,32,16,k16,False,0.267728716135025,slowfast_r50,hmdb51
Oceans13_stand_u_nm_np1_fr_med_9,42,78,16,32,16,k16,True,0.5236304998397827,slowfast_r50,hmdb51
CharlieAndTheChocolateFactory_stand_f_nm_np1_fr_med_17,42,48,16,32,16,k16,False,0.4874177575111389,slowfast_r50,hmdb51
Crash_stand_u_cm_np1_le_med_8,42,83,16,32,16,k16,False,0.9099141955375671,slowfast_r50,hmdb51
SweeneyTodd_stand_f_nm_np1_fr_bad_24,42,47,16,32,16,k16,False,0.6348890066146851,slowfast_r50,hmdb51
20070723_sfjff_waitingforrescue_stand_u_cm_np1_fr_med_2,42,50,16,32,16,k16,False,0.2884005606174469,slowfast_r50,hmdb51
AllThePresidentMen_stand_u_nm_np1_le_med_1,42,79,16,32,16,k16,True,0.3049592077732086,slowfast_r50,hmdb51
BLACK_HAWK_DOWN_stand_u_cm_np1_fr_med_35,42,49,16,32,16,k16,True,0.9666592478752136,slowfast_r50,hmdb51
GoneBabyGone_stand_f_cm_np1_fr_med_0,42,66,16,32,16,k16,True,0.9920002222061157,slowfast_r50,hmdb51
20060723sfjffjewgotmail_stand_u_cm_np1_ri_med_0,42,50,16,32,16,k16,False,0.1632160097360611,slowfast_r50,hmdb51
RETURN_OF_THE_KING_stand_u_cm_np1_fr_med_12,42,55,16,32,16,k16,True,0.9904528856277466,slowfast_r50,hmdb51
prelinger_ControlY1950_stand_u_cm_np1_fr_med_0,42,102,16,32,16,k16,True,0.8480756282806396,slowfast_r50,hmdb51
SweeneyTodd_stand_f_cm_np1_le_med_10,42,79,16,32,16,k16,False,0.4996897578239441,slowfast_r50,hmdb51
RATRACE_stand_f_cm_np1_ri_med_28,42,80,16,32,16,k16,True,0.8114418387413025,slowfast_r50,hmdb51
FestivalofColors_stand_f_nm_np1_fr_med_0,42,107,16,32,16,k16,False,0.6008132696151733,slowfast_r50,hmdb51
BeforeNightFalls_stand_f_nm_np1_fr_med_3,42,133,16,32,16,k16,True,0.6359896659851074,slowfast_r50,hmdb51
TheBoondockSaints_stand_u_nm_np1_le_med_102,42,49,16,32,16,k16,False,0.5402203798294067,slowfast_r50,hmdb51
practicingmybaseballswing2009_swing_baseball_f_cm_np1_fr_med_13,43,131,16,32,16,k16,True,0.9992778897285461,slowfast_r50,hmdb51
hittingofftee2_swing_baseball_f_nm_np1_fr_med_11,43,119,16,32,16,k16,True,0.9931694269180298,slowfast_r50,hmdb51
hittingofftee2_swing_baseball_f_nm_np1_fr_med_3,43,123,16,32,16,k16,True,0.998778760433197,slowfast_r50,hmdb51
Faith_Rewarded_swing_baseball_f_cm_np1_ri_bad_27,43,43,16,32,16,k16,True,0.9984853863716125,slowfast_r50,hmdb51
practicingmybaseballswing2009_swing_baseball_f_cm_np1_fr_med_2,43,114,16,32,16,k16,True,0.9991379976272583,slowfast_r50,hmdb51
Faith_Rewarded_swing_baseball_f_nm_np1_ba_bad_54,43,45,16,32,16,k16,True,0.9526784420013428,slowfast_r50,hmdb51
Faith_Rewarded_swing_baseball_f_nm_np1_le_bad_51,43,81,16,32,16,k16,True,0.640302300453186,slowfast_r50,hmdb51
BaseballSwingAnalysis_swing_baseball_f_nm_np1_fr_med_17,43,226,16,32,16,k16,True,0.9990905523300171,slowfast_r50,hmdb51
Faith_Rewarded_swing_baseball_f_nm_np1_fr_bad_88,43,69,16,32,16,k16,True,0.994158148765564,slowfast_r50,hmdb51
BaseballSwingAnalysis_swing_baseball_u_nm_np1_ba_med_7,43,214,16,32,16,k16,True,0.9911695718765259,slowfast_r50,hmdb51
Faith_Rewarded_swing_baseball_f_nm_np1_ba_bad_78,43,59,16,32,16,k16,True,0.851219654083252,slowfast_r50,hmdb51
Faith_Rewarded_swing_baseball_f_nm_np1_fr_bad_70,43,60,16,32,16,k16,True,0.6710139513015747,slowfast_r50,hmdb51
Faith_Rewarded_swing_baseball_f_nm_np1_ri_bad_59,43,38,16,32,16,k16,True,0.9990158081054688,slowfast_r50,hmdb51
BaseballSwingAnalysis_swing_baseball_u_nm_np1_ba_med_0,43,158,16,32,16,k16,True,0.9975046515464783,slowfast_r50,hmdb51
Faith_Rewarded_swing_baseball_u_nm_np1_ri_bad_48,43,44,16,32,16,k16,True,0.9905239939689636,slowfast_r50,hmdb51
practicingmybaseballswing2009_swing_baseball_f_cm_np1_fr_med_6,43,141,16,32,16,k16,True,0.9998966455459595,slowfast_r50,hmdb51
Faith_Rewarded_swing_baseball_f_nm_np1_ba_bad_77,43,40,16,32,16,k16,True,0.9951040744781494,slowfast_r50,hmdb51
Faith_Rewarded_swing_baseball_f_nm_np1_ri_bad_61,43,49,16,32,16,k16,True,0.9873186945915222,slowfast_r50,hmdb51
SlowmotionBretthitsasingle_swing_baseball_f_cm_np1_ba_bad_1,43,160,16,32,16,k16,True,0.9998140931129456,slowfast_r50,hmdb51
Faith_Rewarded_swing_baseball_f_cm_np1_ba_bad_11,43,75,16,32,16,k16,True,0.9108337759971619,slowfast_r50,hmdb51
Gohatto_-_sword_fight_scene_sword_f_cm_np2_ba_med_3,44,80,16,32,16,k16,False,0.6667805910110474,slowfast_r50,hmdb51
Gohatto_-_sword_fight_scene_sword_f_cm_np2_fr_med_0,44,80,16,32,16,k16,False,0.7196852564811707,slowfast_r50,hmdb51
Kendo_sword_f_nm_np2_ba_bad_2,44,80,16,32,16,k16,True,0.9863995313644409,slowfast_r50,hmdb51
Kendo_sword_f_nm_np1_fr_bad_5,44,80,16,32,16,k16,True,0.8538321256637573,slowfast_r50,hmdb51
2006_Full_Contact_Medieval_Sword_Tournament_Final_sword_f_cm_np2_fr_bad_2,44,100,16,32,16,k16,False,0.39209628105163574,slowfast_r50,hmdb51
Moonfleet_1955_rapier_vs_halberd_duel__Stewart_Granger_sword_u_cm_np2_ri_bad_0,44,46,16,32,16,k16,False,0.8872150182723999,slowfast_r50,hmdb51
Star_Wars_I_Light_Sabre_Battle_Re-cut_sword_f_cm_np2_ba_med_3,44,128,16,32,16,k16,False,0.38627421855926514,slowfast_r50,hmdb51
Medieval_Times_Knights_Battle_Sword_Fight_sword_f_cm_np2_fr_med_5,44,62,16,32,16,k16,True,0.948444664478302,slowfast_r50,hmdb51
David_Carradine_vs__Michael_Jai_White_sword_u_nm_np2_fr_med_1,44,35,16,32,16,k16,False,0.6815301179885864,slowfast_r50,hmdb51
Fechten_mit_dem_langen_Schwert_sword_f_cm_np2_le_med_2,44,66,1,32,1,k1,True,0.7336274981498718,slowfast_r50,hmdb51
The_Last_Samurai_-_In_Your_Honor_sword_f_nm_np2_le_bad_1,44,106,1,32,1,k1,False,0.33934563398361206,slowfast_r50,hmdb51
Medieval_Times_Knights_Battle_Sword_Fight_sword_f_cm_np2_ri_med_2,44,41,1,32,1,k1,True,0.5974597334861755,slowfast_r50,hmdb51
Stage_Combat_5_-_Sword_Fight_-_East_15_sword_f_cm_np2_le_bad_1,44,80,1,32,1,k1,True,0.3905634582042694,slowfast_r50,hmdb51
Duncan_Macleod_&_Amanda_Soulmates_Part_2_sword_u_cm_np2_fr_med_0,44,272,1,32,1,k1,False,0.1195584312081337,slowfast_r50,hmdb51
Medieval_Times_Knights_Battle_Sword_Fight_sword_f_cm_np2_le_med_3,44,50,1,32,1,k1,True,0.431632936000824,slowfast_r50,hmdb51
Pirates_2_sword_f_cm_np2_le_med_4,44,91,1,32,1,k1,False,0.6840246319770813,slowfast_r50,hmdb51
Blade_Vs_Deacon_Frost_Sword_Fight_Scene_sword_f_cm_np2_fr_med_0,44,83,1,32,1,k1,False,0.8512322902679443,slowfast_r50,hmdb51
Black_Knight_sword_u_cm_np2_ba_goo_0,44,79,1,32,1,k1,False,0.9438768029212952,slowfast_r50,hmdb51
Medieval_Times_Knights_Battle_Sword_Fight_sword_f_cm_np2_le_bad_0,44,42,1,32,1,k1,True,0.6603630781173706,slowfast_r50,hmdb51
Nakayama_Aikido_Iaido_Part_3_sword_exercise_f_cm_np1_le_bad_1,45,40,1,32,1,k1,False,0.35141411423683167,slowfast_r50,hmdb51
Eishin-Ryu_Iaido_sword_exercise_f_cm_np1_le_bad_5,45,43,1,32,1,k1,True,0.7834545969963074,slowfast_r50,hmdb51
samurai_training_sword_exercise_f_cm_np1_fr_med_0,45,75,1,32,1,k1,False,0.1911809742450714,slowfast_r50,hmdb51
Highlander_Sword_School_wmv_sword_exercise_f_cm_np1_ba_bad_7,45,206,1,32,1,k1,True,0.09224283695220947,slowfast_r50,hmdb51
samurai_training_sword_exercise_f_cm_np1_fr_med_4,45,107,1,32,1,k1,False,0.04812118411064148,slowfast_r50,hmdb51
Highlander_Sword_School_wmv_sword_exercise_f_cm_np2_le_med_4,45,328,1,32,1,k1,False,0.9950489401817322,slowfast_r50,hmdb51
Iaido_13_katas_sword_exercise_f_nm_np1_fr_bad_8,45,84,1,32,1,k1,False,0.061630040407180786,slowfast_r50,hmdb51
samurai_training_sword_exercise_f_cm_np1_fr_med_10,45,178,1,32,1,k1,True,0.11186812818050385,slowfast_r50,hmdb51
Samurai_Sword_Techniques_-_Samurai_Sword_Slashes_sword_exercise_f_nm_np2_fr_med_3,45,68,1,32,1,k1,True,0.7736814618110657,slowfast_r50,hmdb51
samurai_training_sword_exercise_f_cm_np1_fr_med_1,45,92,1,32,1,k1,True,0.20381727814674377,slowfast_r50,hmdb51
Eishin-Ryu_Iaido_sword_exercise_f_cm_np1_fr_bad_11,45,59,1,32,1,k1,True,0.9864746928215027,slowfast_r50,hmdb51
samurai_training_sword_exercise_f_cm_np1_fr_med_2,45,199,1,32,1,k1,True,0.13061144948005676,slowfast_r50,hmdb51
Sword_and_Targe_Solo_Exercises_sword_exercise_f_cm_np1_le_med_0,45,112,1,32,1,k1,True,0.15704788267612457,slowfast_r50,hmdb51
VERGIL_(DEVIL_MAY_CRY)_swinging_his_sword_sword_exercise_f_cm_np1_fr_med_2,45,85,1,32,1,k1,True,0.071621835231781,slowfast_r50,hmdb51
Kuroda_Sensei_Iai_do_sword_exercise_f_cm_np1_le_bad_3,45,46,1,32,1,k1,False,0.07859215885400772,slowfast_r50,hmdb51
Blade_Of_Fury_-_Scene_1_sword_exercise_f_cm_np1_fr_med_4,45,115,1,32,1,k1,True,0.3723568320274353,slowfast_r50,hmdb51
Eishin-Ryu_Iaido_sword_exercise_f_cm_np1_ri_bad_6,45,58,1,32,1,k1,True,0.7456236481666565,slowfast_r50,hmdb51
Ghost_Dog_Sword_Swinging_Scene_sword_exercise_u_cm_np1_le_med_1,45,87,1,32,1,k1,False,0.4797830283641815,slowfast_r50,hmdb51
samurai_training_sword_exercise_f_cm_np1_fr_med_12,45,146,1,32,1,k1,True,0.11851388216018677,slowfast_r50,hmdb51
prelinger_LetsPlay1949_talk_u_nm_np1_ri_med_2,46,133,1,32,1,k1,False,0.501457154750824,slowfast_r50,hmdb51
The_Matrix_Revolutions_5_talk_h_nm_np1_fr_goo_2,46,106,1,32,1,k1,False,0.7860506176948547,slowfast_r50,hmdb51
jonhs_netfreemovies_holygrail_talk_h_cm_np1_ri_med_14,46,187,1,32,1,k1,False,0.5905144214630127,slowfast_r50,hmdb51
Pirates_1_talk_h_nm_np1_fr_goo_2,46,119,1,32,1,k1,False,0.9962395429611206,slowfast_r50,hmdb51
American_History_X_talk_u_nm_np1_fr_goo_21,46,117,1,32,1,k1,False,0.13562504947185516,slowfast_r50,hmdb51
The_Fugitive_5_talk_h_nm_np1_fr_goo_10,46,67,1,32,1,k1,False,0.9617193937301636,slowfast_r50,hmdb51
Prelinger_FamilyLi1949_talk_h_nm_np1_fr_goo_12,46,211,1,32,1,k1,False,0.7411608695983887,slowfast_r50,hmdb51
prelinger_LetsPlay1949_talk_h_nm_np1_fr_goo_18,46,160,1,32,1,k1,True,0.534936249256134,slowfast_r50,hmdb51
Pirates_7_talk_u_nm_np1_fr_med_5,46,102,1,32,1,k1,True,0.5882921814918518,slowfast_r50,hmdb51
Prelinger_FamilyLi1949_talk_h_nm_np1_fr_goo_11,46,262,1,32,1,k1,True,0.7599717974662781,slowfast_r50,hmdb51
Return_of_the_King_3_talk_h_nm_np1_fr_goo_2,46,125,1,32,1,k1,False,0.40947356820106506,slowfast_r50,hmdb51
The_Fugitive_3_talk_u_nm_np1_fr_med_5,46,215,1,32,1,k1,False,0.2361590713262558,slowfast_r50,hmdb51
Prelinger_FamilyLi1949_talk_h_nm_np1_fr_goo_19,46,109,1,32,1,k1,True,0.9355024099349976,slowfast_r50,hmdb51
Prelinger_FamilyLi1949_talk_h_nm_np1_fr_goo_2,46,94,1,32,1,k1,True,0.9502135515213013,slowfast_r50,hmdb51
Return_of_the_King_2_talk_h_cm_np1_fr_goo_6,46,162,1,32,1,k1,True,0.787952184677124,slowfast_r50,hmdb51
Fellowship_2_talk_h_nm_np1_fr_bad_6,46,168,1,32,1,k1,False,0.9750595688819885,slowfast_r50,hmdb51
prelinger_LetsPlay1949_talk_h_nm_np1_fr_goo_26,46,187,1,32,1,k1,False,0.9942465424537659,slowfast_r50,hmdb51
veoh_harold_and_kumar_talk_u_cm_np1_fr_goo_16,46,121,1,32,1,k1,False,0.301247239112854,slowfast_r50,hmdb51
KnifeThrowingJackDaggerDemoReel_throw_u_cm_np1_ba_med_6,47,49,1,32,1,k1,False,0.06478653848171234,slowfast_r50,hmdb51
Knifethrowing1_throw_u_cm_np1_le_med_0,47,37,1,32,1,k1,False,0.33071184158325195,slowfast_r50,hmdb51
Compilationknifethrowing_throw_u_nm_np1_ba_med_19,47,111,1,32,1,k1,False,0.35251808166503906,slowfast_r50,hmdb51
Webbpitching0045-8-08_throw_f_cm_np1_ba_med_2,47,189,1,32,1,k1,True,0.7095024585723877,slowfast_r50,hmdb51
KnifeThrowing_throw_f_nm_np1_le_med_3,47,80,1,32,1,k1,True,0.152671679854393,slowfast_r50,hmdb51
amazingballthrowingtricks_throw_f_cm_np1_ri_med_1,47,81,1,32,1,k1,False,0.07663943618535995,slowfast_r50,hmdb51
Compilationknifethrowing_throw_u_nm_np1_ba_med_12,47,81,1,32,1,k1,True,0.4303664565086365,slowfast_r50,hmdb51
APOCALYPTO_throw_f_nm_np1_fr_med_1,47,55,1,32,1,k1,False,0.9573744535446167,slowfast_r50,hmdb51
AboutABoy_throw_f_nm_np1_ba_med_2,47,80,1,32,1,k1,False,0.06818120926618576,slowfast_r50,hmdb51
Knifethrowing4knivestogethernospin_throw_f_nm_np1_ri_med_1,47,81,1,32,1,k1,False,0.2555727958679199,slowfast_r50,hmdb51
KUNG_FU_HUSTLE_throw_u_cm_np1_fr_med_1,47,48,1,32,1,k1,False,0.5290006399154663,slowfast_r50,hmdb51
Compilationknifethrowing_throw_u_nm_np1_ba_med_6,47,96,1,32,1,k1,False,0.6376388072967529,slowfast_r50,hmdb51
amazingballthrowingtricks_throw_u_cm_np1_fr_med_3,47,80,1,32,1,k1,True,0.06406375020742416,slowfast_r50,hmdb51
Webbpitching0045-8-08_throw_f_cm_np1_ba_med_7,47,132,1,32,1,k1,True,0.780897855758667,slowfast_r50,hmdb51
LittleChildren_throw_u_nm_np1_fr_med_8,47,79,1,32,1,k1,False,0.5304446816444397,slowfast_r50,hmdb51
AgentCodyBanks_turn_h_nm_np1_le_med_3,48,64,1,32,1,k1,False,0.4102746546268463,slowfast_r50,hmdb51
Veoh_Alpha_Dog_1_turn_u_nm_np1_le_med_19,48,55,1,32,1,k1,False,0.4202977120876312,slowfast_r50,hmdb51
LONGESTYARD_turn_u_cm_np1_ba_med_0,48,50,1,32,1,k1,True,0.49020835757255554,slowfast_r50,hmdb51
happy_go_lovely_turn_u_nm_np1_fr_med_12,48,52,1,32,1,k1,False,0.6110196709632874,slowfast_r50,hmdb51
Veoh_Alpha_Dog_2_turn_h_nm_np1_ba_med_7,48,49,1,32,1,k1,False,0.12404748797416687,slowfast_r50,hmdb51
The_Fugitive_6_turn_u_cm_np1_le_goo_8,48,92,1,32,1,k1,True,0.5947318077087402,slowfast_r50,hmdb51
Pirates_2_turn_h_cm_np1_fr_goo_2,48,36,1,32,1,k1,False,0.9728973507881165,slowfast_r50,hmdb51
The_Fugitive_2_turn_h_nm_np1_le_goo_3,48,55,1,32,1,k1,False,0.8256892561912537,slowfast_r50,hmdb51
A_Beautiful_Mind_1_turn_u_cm_np1_ri_goo_9,48,80,1,32,1,k1,False,0.14709903299808502,slowfast_r50,hmdb51
The_Fugitive_2_turn_u_cm_np1_fr_med_10,48,54,1,32,1,k1,False,0.0974988117814064,slowfast_r50,hmdb51
Sixthsense_turn_f_nm_np1_ba_med_6,48,103,1,32,1,k1,False,0.6252869367599487,slowfast_r50,hmdb51
Oceans12_turn_u_nm_np1_fr_med_14,48,76,1,32,1,k1,True,0.13837112486362457,slowfast_r50,hmdb51
AgentCodyBanks_turn_u_nm_np1_ba_med_1,48,48,1,32,1,k1,True,0.5493507385253906,slowfast_r50,hmdb51
OldSchool_turn_f_cm_np1_ba_med_16,48,48,1,32,1,k1,True,0.3171467185020447,slowfast_r50,hmdb51
The_Fugitive_4_turn_u_cm_np1_fr_med_3,48,41,1,32,1,k1,True,0.48430532217025757,slowfast_r50,hmdb51
Man_Who_Cheated_Himself_512kb_turn_u_nm_np1_fr_med_9,48,76,1,32,1,k1,False,0.9999244213104248,slowfast_r50,hmdb51
SweeneyTodd_turn_h_cm_np1_fr_goo_36,48,48,1,32,1,k1,False,0.3787103295326233,slowfast_r50,hmdb51
Man_Who_Cheated_Himself_512kb_turn_u_nm_np1_fr_med_10,48,79,1,32,1,k1,True,0.8182185888290405,slowfast_r50,hmdb51
Oceans13_turn_h_cm_np1_fr_goo_10,48,78,1,32,1,k1,True,0.6758996248245239,slowfast_r50,hmdb51
The_Fugitive_2_turn_u_nm_np1_ba_goo_18,48,55,1,32,1,k1,True,0.2796463072299957,slowfast_r50,hmdb51
NOVA_ELEGANTUNIVERSE1_walk_f_nm_np1_le_med_3,49,109,1,32,1,k1,False,0.04871372506022453,slowfast_r50,hmdb51
TheLittleShopofHorrors_walk_u_cm_np1_ri_med_1,49,53,1,32,1,k1,False,0.1808459460735321,slowfast_r50,hmdb51
Return_of_the_King_5_walk_f_nm_np1_ba_med_1,49,134,1,32,1,k1,False,0.7337195873260498,slowfast_r50,hmdb51
TheBoondockSaints_walk_u_cm_np1_ri_med_50,49,132,1,32,1,k1,False,0.3229062557220459,slowfast_r50,hmdb51
TheLittleShopofHorrors_walk_f_nm_np1_ri_med_5,49,76,1,32,1,k1,False,0.5184026956558228,slowfast_r50,hmdb51
AgentCodyBanks_walk_f_nm_np1_fr_med_17,49,69,1,32,1,k1,True,0.24914783239364624,slowfast_r50,hmdb51
The_House_on_Haunted_Hill_walk_f_cm_np1_fr_med_18,49,80,1,32,1,k1,False,0.907625138759613,slowfast_r50,hmdb51
The_Departed_-_Part_2_walk_u_cm_np1_fr_bad_5,49,107,1,32,1,k1,False,0.27593934535980225,slowfast_r50,hmdb51
TheBoondockSaints_walk_u_cm_np1_le_med_25,49,49,1,32,1,k1,False,0.770905077457428,slowfast_r50,hmdb51
AmericanGangster_walk_f_nm_np1_ba_med_30,49,79,1,32,1,k1,False,0.8412466645240784,slowfast_r50,hmdb51
CastAway1_walk_f_nm_np1_fr_med_12,49,134,1,32,1,k1,True,0.16987237334251404,slowfast_r50,hmdb51
CharlieAndTheChocolateFactory_walk_f_cm_np1_fr_med_14,49,83,1,32,1,k1,True,0.30307722091674805,slowfast_r50,hmdb51
Oceans12_walk_u_cm_np1_fr_med_5,49,53,1,32,1,k1,False,0.8312119245529175,slowfast_r50,hmdb51
Narcotic19672256kb_walk_f_cm_np1_ri_med_1,49,135,1,32,1,k1,False,0.7511186599731445,slowfast_r50,hmdb51
IamLegend_walk_l_nm_np1_ba_med_5,49,135,1,32,1,k1,False,0.08141664415597916,slowfast_r50,hmdb51
EverythingisIlluminated_walk_f_nm_np1_le_med_0,49,103,1,32,1,k1,False,0.4799988567829132,slowfast_r50,hmdb51
NOVA_ELEGANTUNIVERSE1_walk_u_nm_np1_fr_bad_1,49,105,1,32,1,k1,False,0.179655984044075,slowfast_r50,hmdb51
Hitch_Part_2_walk_h_cm_np1_fr_med_3,49,77,1,32,1,k1,False,0.10163342207670212,slowfast_r50,hmdb51
Prelinger_LetYours1940_walk_u_cm_np2_ba_med_3,49,103,1,32,1,k1,False,0.7617852091789246,slowfast_r50,hmdb51
HP_PRISONER_OF_AZKABAN_walk_f_cm_np1_ri_med_2,49,49,1,32,1,k1,False,0.5980756878852844,slowfast_r50,hmdb51
50_FIRST_DATES_wave_u_cm_np1_fr_goo_30,50,54,1,32,1,k1,False,0.9073666930198669,slowfast_r50,hmdb51
TrumanShow_wave_u_nm_np1_fr_med_0,50,73,1,32,1,k1,False,0.08560405671596527,slowfast_r50,hmdb51
Song_I_Can_Wave_My_Hands_-_Cullen_s_Abc_s_wave_u_cm_np1_fr_med_1,50,80,1,32,1,k1,False,0.42240259051322937,slowfast_r50,hmdb51
Bubble_Gum_Club_2_wave_h_nm_np2_fr_med_0,50,79,1,32,1,k1,False,0.6065306067466736,slowfast_r50,hmdb51
Abschieds-winken_!!!!!!_Gruss_Guido_wave_u_cm_np1_fr_bad_1,50,111,1,32,1,k1,False,0.7779289484024048,slowfast_r50,hmdb51
L_cheln_Und_Winken_wave_h_cm_np1_fr_med_1,50,51,1,32,1,k1,False,0.8674138188362122,slowfast_r50,hmdb51
RATRACE_wave_f_nm_np1_fr_goo_37,50,73,1,32,1,k1,False,0.6311315298080444,slowfast_r50,hmdb51
RATRACE_wave_u_cm_np1_fr_med_6,50,50,1,32,1,k1,False,0.626606285572052,slowfast_r50,hmdb51
prelinger_LetsBeGo1953_wave_u_cm_np10_ba_med_2,50,106,1,32,1,k1,False,0.9813231229782104,slowfast_r50,hmdb51
OldSchool_wave_f_cm_np1_fr_med_13,50,49,1,32,1,k1,False,0.05438435822725296,slowfast_r50,hmdb51
Bush_Wave_vs__Obama_Wave_and_Which_Commander-in-chief_Salutes_the_Best__You_Decide_wave_u_cm_np1_fr_med_2,50,99,1,32,1,k1,False,0.2533307373523712,slowfast_r50,hmdb51
BIG_FISH_wave_u_nm_np1_fr_goo_9,50,57,1,32,1,k1,False,0.2615281045436859,slowfast_r50,hmdb51
EVOLUTION_wave_u_cm_np1_fr_med_4,50,83,1,32,1,k1,False,0.09452642500400543,slowfast_r50,hmdb51
Poldi_beim_Spiel_Deutschland_Schweden_16_8_wave_u_cm_np1_ri_med_0,50,80,1,32,1,k1,False,0.129863902926445,slowfast_r50,hmdb51
Bush_Wave_vs__Obama_Wave_and_Which_Commander-in-chief_Salutes_the_Best__You_Decide_wave_u_cm_np1_fr_med_0,50,206,1,32,1,k1,False,0.08415021747350693,slowfast_r50,hmdb51
Fechten_mit_dem_langen_Schwert_sword_f_cm_np2_le_med_2,44,66,2,32,2,k2,True,0.9590603113174438,slowfast_r50,hmdb51
The_Last_Samurai_-_In_Your_Honor_sword_f_nm_np2_le_bad_1,44,106,2,32,2,k2,False,0.18493381142616272,slowfast_r50,hmdb51
Medieval_Times_Knights_Battle_Sword_Fight_sword_f_cm_np2_ri_med_2,44,41,2,32,2,k2,True,0.8548738956451416,slowfast_r50,hmdb51
Stage_Combat_5_-_Sword_Fight_-_East_15_sword_f_cm_np2_le_bad_1,44,80,2,32,2,k2,True,0.7132202982902527,slowfast_r50,hmdb51
Duncan_Macleod_&_Amanda_Soulmates_Part_2_sword_u_cm_np2_fr_med_0,44,272,2,32,2,k2,False,0.3006438910961151,slowfast_r50,hmdb51
Medieval_Times_Knights_Battle_Sword_Fight_sword_f_cm_np2_le_med_3,44,50,2,32,2,k2,True,0.9350899457931519,slowfast_r50,hmdb51
Pirates_2_sword_f_cm_np2_le_med_4,44,91,2,32,2,k2,False,0.8909796476364136,slowfast_r50,hmdb51
Blade_Vs_Deacon_Frost_Sword_Fight_Scene_sword_f_cm_np2_fr_med_0,44,83,2,32,2,k2,False,0.7920672297477722,slowfast_r50,hmdb51
Black_Knight_sword_u_cm_np2_ba_goo_0,44,79,2,32,2,k2,False,0.6631304621696472,slowfast_r50,hmdb51
Medieval_Times_Knights_Battle_Sword_Fight_sword_f_cm_np2_le_bad_0,44,42,2,32,2,k2,True,0.954732358455658,slowfast_r50,hmdb51
Nakayama_Aikido_Iaido_Part_3_sword_exercise_f_cm_np1_le_bad_1,45,40,2,32,2,k2,False,0.42619335651397705,slowfast_r50,hmdb51
Eishin-Ryu_Iaido_sword_exercise_f_cm_np1_le_bad_5,45,43,2,32,2,k2,True,0.9610673189163208,slowfast_r50,hmdb51
samurai_training_sword_exercise_f_cm_np1_fr_med_0,45,75,2,32,2,k2,False,0.34459730982780457,slowfast_r50,hmdb51
Highlander_Sword_School_wmv_sword_exercise_f_cm_np1_ba_bad_7,45,206,2,32,2,k2,True,0.8010494112968445,slowfast_r50,hmdb51
samurai_training_sword_exercise_f_cm_np1_fr_med_4,45,107,2,32,2,k2,True,0.13259641826152802,slowfast_r50,hmdb51
Highlander_Sword_School_wmv_sword_exercise_f_cm_np2_le_med_4,45,328,2,32,2,k2,False,0.22779709100723267,slowfast_r50,hmdb51
Iaido_13_katas_sword_exercise_f_nm_np1_fr_bad_8,45,84,2,32,2,k2,True,0.2735833525657654,slowfast_r50,hmdb51
samurai_training_sword_exercise_f_cm_np1_fr_med_10,45,178,2,32,2,k2,True,0.7169633507728577,slowfast_r50,hmdb51
Samurai_Sword_Techniques_-_Samurai_Sword_Slashes_sword_exercise_f_nm_np2_fr_med_3,45,68,2,32,2,k2,True,0.8746315836906433,slowfast_r50,hmdb51
samurai_training_sword_exercise_f_cm_np1_fr_med_1,45,92,2,32,2,k2,True,0.5387815833091736,slowfast_r50,hmdb51
Eishin-Ryu_Iaido_sword_exercise_f_cm_np1_fr_bad_11,45,59,2,32,2,k2,True,0.9891196489334106,slowfast_r50,hmdb51
samurai_training_sword_exercise_f_cm_np1_fr_med_2,45,199,2,32,2,k2,True,0.1729024052619934,slowfast_r50,hmdb51
Sword_and_Targe_Solo_Exercises_sword_exercise_f_cm_np1_le_med_0,45,112,2,32,2,k2,True,0.6600672602653503,slowfast_r50,hmdb51
VERGIL_(DEVIL_MAY_CRY)_swinging_his_sword_sword_exercise_f_cm_np1_fr_med_2,45,85,2,32,2,k2,True,0.2671487033367157,slowfast_r50,hmdb51
Kuroda_Sensei_Iai_do_sword_exercise_f_cm_np1_le_bad_3,45,46,2,32,2,k2,False,0.11752798408269882,slowfast_r50,hmdb51
Blade_Of_Fury_-_Scene_1_sword_exercise_f_cm_np1_fr_med_4,45,115,2,32,2,k2,True,0.5702933669090271,slowfast_r50,hmdb51
Eishin-Ryu_Iaido_sword_exercise_f_cm_np1_ri_bad_6,45,58,2,32,2,k2,True,0.9978220462799072,slowfast_r50,hmdb51
Ghost_Dog_Sword_Swinging_Scene_sword_exercise_u_cm_np1_le_med_1,45,87,2,32,2,k2,False,0.6542852520942688,slowfast_r50,hmdb51
samurai_training_sword_exercise_f_cm_np1_fr_med_12,45,146,2,32,2,k2,True,0.1832234263420105,slowfast_r50,hmdb51
prelinger_LetsPlay1949_talk_u_nm_np1_ri_med_2,46,133,2,32,2,k2,False,0.501457154750824,slowfast_r50,hmdb51
The_Matrix_Revolutions_5_talk_h_nm_np1_fr_goo_2,46,106,2,32,2,k2,False,0.7860506176948547,slowfast_r50,hmdb51
jonhs_netfreemovies_holygrail_talk_h_cm_np1_ri_med_14,46,187,2,32,2,k2,True,0.29334044456481934,slowfast_r50,hmdb51
Pirates_1_talk_h_nm_np1_fr_goo_2,46,119,2,32,2,k2,False,0.9966141581535339,slowfast_r50,hmdb51
American_History_X_talk_u_nm_np1_fr_goo_21,46,117,2,32,2,k2,False,0.12945185601711273,slowfast_r50,hmdb51
The_Fugitive_5_talk_h_nm_np1_fr_goo_10,46,67,2,32,2,k2,False,0.9955443739891052,slowfast_r50,hmdb51
Prelinger_FamilyLi1949_talk_h_nm_np1_fr_goo_12,46,211,2,32,2,k2,True,0.9231782555580139,slowfast_r50,hmdb51
prelinger_LetsPlay1949_talk_h_nm_np1_fr_goo_18,46,160,2,32,2,k2,False,0.8405604958534241,slowfast_r50,hmdb51
Pirates_7_talk_u_nm_np1_fr_med_5,46,102,2,32,2,k2,True,0.7056329846382141,slowfast_r50,hmdb51
Prelinger_FamilyLi1949_talk_h_nm_np1_fr_goo_11,46,262,2,32,2,k2,True,0.7599717974662781,slowfast_r50,hmdb51
Return_of_the_King_3_talk_h_nm_np1_fr_goo_2,46,125,2,32,2,k2,False,0.44304102659225464,slowfast_r50,hmdb51
The_Fugitive_3_talk_u_nm_np1_fr_med_5,46,215,2,32,2,k2,False,0.2548738420009613,slowfast_r50,hmdb51
Prelinger_FamilyLi1949_talk_h_nm_np1_fr_goo_19,46,109,2,32,2,k2,True,0.9355024099349976,slowfast_r50,hmdb51
Prelinger_FamilyLi1949_talk_h_nm_np1_fr_goo_2,46,94,2,32,2,k2,True,0.9879927635192871,slowfast_r50,hmdb51
Return_of_the_King_2_talk_h_cm_np1_fr_goo_6,46,162,2,32,2,k2,True,0.8260430097579956,slowfast_r50,hmdb51
Fellowship_2_talk_h_nm_np1_fr_bad_6,46,168,2,32,2,k2,False,0.9343374967575073,slowfast_r50,hmdb51
prelinger_LetsPlay1949_talk_h_nm_np1_fr_goo_26,46,187,2,32,2,k2,False,0.4790189266204834,slowfast_r50,hmdb51
veoh_harold_and_kumar_talk_u_cm_np1_fr_goo_16,46,121,2,32,2,k2,False,0.4943782389163971,slowfast_r50,hmdb51
KnifeThrowingJackDaggerDemoReel_throw_u_cm_np1_ba_med_6,47,49,2,32,2,k2,True,0.1129406988620758,slowfast_r50,hmdb51
Knifethrowing1_throw_u_cm_np1_le_med_0,47,37,2,32,2,k2,False,0.3504537343978882,slowfast_r50,hmdb51
Compilationknifethrowing_throw_u_nm_np1_ba_med_19,47,111,2,32,2,k2,True,0.937821626663208,slowfast_r50,hmdb51
Webbpitching0045-8-08_throw_f_cm_np1_ba_med_2,47,189,2,32,2,k2,True,0.9818990230560303,slowfast_r50,hmdb51
KnifeThrowing_throw_f_nm_np1_le_med_3,47,80,2,32,2,k2,True,0.6863672733306885,slowfast_r50,hmdb51
amazingballthrowingtricks_throw_f_cm_np1_ri_med_1,47,81,2,32,2,k2,False,0.07425106316804886,slowfast_r50,hmdb51
Compilationknifethrowing_throw_u_nm_np1_ba_med_12,47,81,2,32,2,k2,True,0.9871286153793335,slowfast_r50,hmdb51
APOCALYPTO_throw_f_nm_np1_fr_med_1,47,55,2,32,2,k2,False,0.9818062782287598,slowfast_r50,hmdb51
AboutABoy_throw_f_nm_np1_ba_med_2,47,80,2,32,2,k2,False,0.3638804852962494,slowfast_r50,hmdb51
Knifethrowing4knivestogethernospin_throw_f_nm_np1_ri_med_1,47,81,2,32,2,k2,True,0.5035129189491272,slowfast_r50,hmdb51
KUNG_FU_HUSTLE_throw_u_cm_np1_fr_med_1,47,48,2,32,2,k2,False,0.903972864151001,slowfast_r50,hmdb51
Compilationknifethrowing_throw_u_nm_np1_ba_med_6,47,96,2,32,2,k2,True,0.8995506167411804,slowfast_r50,hmdb51
amazingballthrowingtricks_throw_u_cm_np1_fr_med_3,47,80,2,32,2,k2,True,0.12027039378881454,slowfast_r50,hmdb51
Webbpitching0045-8-08_throw_f_cm_np1_ba_med_7,47,132,2,32,2,k2,True,0.9785771369934082,slowfast_r50,hmdb51
LittleChildren_throw_u_nm_np1_fr_med_8,47,79,2,32,2,k2,False,0.9912051558494568,slowfast_r50,hmdb51
AgentCodyBanks_turn_h_nm_np1_le_med_3,48,64,2,32,2,k2,False,0.6018162965774536,slowfast_r50,hmdb51
Veoh_Alpha_Dog_1_turn_u_nm_np1_le_med_19,48,55,2,32,2,k2,False,0.2608965337276459,slowfast_r50,hmdb51
LONGESTYARD_turn_u_cm_np1_ba_med_0,48,50,2,32,2,k2,True,0.3442858159542084,slowfast_r50,hmdb51
happy_go_lovely_turn_u_nm_np1_fr_med_12,48,52,2,32,2,k2,False,0.9840736389160156,slowfast_r50,hmdb51
Veoh_Alpha_Dog_2_turn_h_nm_np1_ba_med_7,48,49,2,32,2,k2,False,0.3558162450790405,slowfast_r50,hmdb51
The_Fugitive_6_turn_u_cm_np1_le_goo_8,48,92,2,32,2,k2,True,0.47630801796913147,slowfast_r50,hmdb51
Pirates_2_turn_h_cm_np1_fr_goo_2,48,36,2,32,2,k2,False,0.6695932149887085,slowfast_r50,hmdb51
The_Fugitive_2_turn_h_nm_np1_le_goo_3,48,55,2,32,2,k2,False,0.8553638458251953,slowfast_r50,hmdb51
A_Beautiful_Mind_1_turn_u_cm_np1_ri_goo_9,48,80,2,32,2,k2,False,0.37285149097442627,slowfast_r50,hmdb51
The_Fugitive_2_turn_u_cm_np1_fr_med_10,48,54,2,32,2,k2,False,0.09081584960222244,slowfast_r50,hmdb51
Sixthsense_turn_f_nm_np1_ba_med_6,48,103,2,32,2,k2,False,0.2855463922023773,slowfast_r50,hmdb51
Oceans12_turn_u_nm_np1_fr_med_14,48,76,2,32,2,k2,True,0.257577121257782,slowfast_r50,hmdb51
AgentCodyBanks_turn_u_nm_np1_ba_med_1,48,48,2,32,2,k2,True,0.7212525606155396,slowfast_r50,hmdb51
OldSchool_turn_f_cm_np1_ba_med_16,48,48,2,32,2,k2,False,0.2055038958787918,slowfast_r50,hmdb51
The_Fugitive_4_turn_u_cm_np1_fr_med_3,48,41,2,32,2,k2,False,0.6929454207420349,slowfast_r50,hmdb51
Man_Who_Cheated_Himself_512kb_turn_u_nm_np1_fr_med_9,48,76,2,32,2,k2,False,0.9982461929321289,slowfast_r50,hmdb51
SweeneyTodd_turn_h_cm_np1_fr_goo_36,48,48,2,32,2,k2,False,0.3772481083869934,slowfast_r50,hmdb51
Man_Who_Cheated_Himself_512kb_turn_u_nm_np1_fr_med_10,48,79,2,32,2,k2,True,0.498475044965744,slowfast_r50,hmdb51
Oceans13_turn_h_cm_np1_fr_goo_10,48,78,2,32,2,k2,True,0.8536959290504456,slowfast_r50,hmdb51
The_Fugitive_2_turn_u_nm_np1_ba_goo_18,48,55,2,32,2,k2,False,0.989672064781189,slowfast_r50,hmdb51
NOVA_ELEGANTUNIVERSE1_walk_f_nm_np1_le_med_3,49,109,2,32,2,k2,True,0.4801649749279022,slowfast_r50,hmdb51
TheLittleShopofHorrors_walk_u_cm_np1_ri_med_1,49,53,2,32,2,k2,False,0.8601385354995728,slowfast_r50,hmdb51
Return_of_the_King_5_walk_f_nm_np1_ba_med_1,49,134,2,32,2,k2,False,0.39773234724998474,slowfast_r50,hmdb51
TheBoondockSaints_walk_u_cm_np1_ri_med_50,49,132,2,32,2,k2,False,0.46928781270980835,slowfast_r50,hmdb51
TheLittleShopofHorrors_walk_f_nm_np1_ri_med_5,49,76,2,32,2,k2,False,0.502306342124939,slowfast_r50,hmdb51
AgentCodyBanks_walk_f_nm_np1_fr_med_17,49,69,2,32,2,k2,True,0.7948130369186401,slowfast_r50,hmdb51
The_House_on_Haunted_Hill_walk_f_cm_np1_fr_med_18,49,80,2,32,2,k2,False,0.9954254031181335,slowfast_r50,hmdb51
The_Departed_-_Part_2_walk_u_cm_np1_fr_bad_5,49,107,2,32,2,k2,False,0.6073843240737915,slowfast_r50,hmdb51
TheBoondockSaints_walk_u_cm_np1_le_med_25,49,49,2,32,2,k2,False,0.4182751178741455,slowfast_r50,hmdb51
AmericanGangster_walk_f_nm_np1_ba_med_30,49,79,2,32,2,k2,False,0.9925097227096558,slowfast_r50,hmdb51
CastAway1_walk_f_nm_np1_fr_med_12,49,134,2,32,2,k2,True,0.8069084882736206,slowfast_r50,hmdb51
CharlieAndTheChocolateFactory_walk_f_cm_np1_fr_med_14,49,83,2,32,2,k2,True,0.3632904887199402,slowfast_r50,hmdb51
Oceans12_walk_u_cm_np1_fr_med_5,49,53,2,32,2,k2,False,0.4036286175251007,slowfast_r50,hmdb51
Narcotic19672256kb_walk_f_cm_np1_ri_med_1,49,135,2,32,2,k2,False,0.48674455285072327,slowfast_r50,hmdb51
IamLegend_walk_l_nm_np1_ba_med_5,49,135,2,32,2,k2,False,0.28494006395339966,slowfast_r50,hmdb51
EverythingisIlluminated_walk_f_nm_np1_le_med_0,49,103,2,32,2,k2,False,0.14311811327934265,slowfast_r50,hmdb51
NOVA_ELEGANTUNIVERSE1_walk_u_nm_np1_fr_bad_1,49,105,2,32,2,k2,True,0.09318970888853073,slowfast_r50,hmdb51
Hitch_Part_2_walk_h_cm_np1_fr_med_3,49,77,2,32,2,k2,False,0.4710593521595001,slowfast_r50,hmdb51
Prelinger_LetYours1940_walk_u_cm_np2_ba_med_3,49,103,2,32,2,k2,False,0.6847798824310303,slowfast_r50,hmdb51
HP_PRISONER_OF_AZKABAN_walk_f_cm_np1_ri_med_2,49,49,2,32,2,k2,False,0.603058934211731,slowfast_r50,hmdb51
50_FIRST_DATES_wave_u_cm_np1_fr_goo_30,50,54,2,32,2,k2,False,0.46759694814682007,slowfast_r50,hmdb51
TrumanShow_wave_u_nm_np1_fr_med_0,50,73,2,32,2,k2,False,0.9768303632736206,slowfast_r50,hmdb51
Song_I_Can_Wave_My_Hands_-_Cullen_s_Abc_s_wave_u_cm_np1_fr_med_1,50,80,2,32,2,k2,False,0.3585743308067322,slowfast_r50,hmdb51
Bubble_Gum_Club_2_wave_h_nm_np2_fr_med_0,50,79,2,32,2,k2,False,0.8369516134262085,slowfast_r50,hmdb51
Abschieds-winken_!!!!!!_Gruss_Guido_wave_u_cm_np1_fr_bad_1,50,111,2,32,2,k2,False,0.27895575761795044,slowfast_r50,hmdb51
L_cheln_Und_Winken_wave_h_cm_np1_fr_med_1,50,51,2,32,2,k2,False,0.9519344568252563,slowfast_r50,hmdb51
RATRACE_wave_f_nm_np1_fr_goo_37,50,73,2,32,2,k2,False,0.3829661011695862,slowfast_r50,hmdb51
RATRACE_wave_u_cm_np1_fr_med_6,50,50,2,32,2,k2,False,0.8896878957748413,slowfast_r50,hmdb51
prelinger_LetsBeGo1953_wave_u_cm_np10_ba_med_2,50,106,2,32,2,k2,False,0.9840944409370422,slowfast_r50,hmdb51
OldSchool_wave_f_cm_np1_fr_med_13,50,49,2,32,2,k2,False,0.05438435822725296,slowfast_r50,hmdb51
Bush_Wave_vs__Obama_Wave_and_Which_Commander-in-chief_Salutes_the_Best__You_Decide_wave_u_cm_np1_fr_med_2,50,99,2,32,2,k2,True,0.20905421674251556,slowfast_r50,hmdb51
BIG_FISH_wave_u_nm_np1_fr_goo_9,50,57,2,32,2,k2,False,0.1836487203836441,slowfast_r50,hmdb51
EVOLUTION_wave_u_cm_np1_fr_med_4,50,83,2,32,2,k2,False,0.13594414293766022,slowfast_r50,hmdb51
Poldi_beim_Spiel_Deutschland_Schweden_16_8_wave_u_cm_np1_ri_med_0,50,80,2,32,2,k2,False,0.19240601360797882,slowfast_r50,hmdb51
Bush_Wave_vs__Obama_Wave_and_Which_Commander-in-chief_Salutes_the_Best__You_Decide_wave_u_cm_np1_fr_med_0,50,206,2,32,2,k2,False,0.441610187292099,slowfast_r50,hmdb51
Fechten_mit_dem_langen_Schwert_sword_f_cm_np2_le_med_2,44,66,4,32,4,k4,True,0.9876174330711365,slowfast_r50,hmdb51
The_Last_Samurai_-_In_Your_Honor_sword_f_nm_np2_le_bad_1,44,106,4,32,4,k4,True,0.3514423370361328,slowfast_r50,hmdb51
Medieval_Times_Knights_Battle_Sword_Fight_sword_f_cm_np2_ri_med_2,44,41,4,32,4,k4,True,0.9223290085792542,slowfast_r50,hmdb51
Stage_Combat_5_-_Sword_Fight_-_East_15_sword_f_cm_np2_le_bad_1,44,80,4,32,4,k4,True,0.3792325258255005,slowfast_r50,hmdb51
Duncan_Macleod_&_Amanda_Soulmates_Part_2_sword_u_cm_np2_fr_med_0,44,272,4,32,4,k4,False,0.7129781246185303,slowfast_r50,hmdb51
Medieval_Times_Knights_Battle_Sword_Fight_sword_f_cm_np2_le_med_3,44,50,4,32,4,k4,True,0.9743301868438721,slowfast_r50,hmdb51
Pirates_2_sword_f_cm_np2_le_med_4,44,91,4,32,4,k4,False,0.8232847452163696,slowfast_r50,hmdb51
Blade_Vs_Deacon_Frost_Sword_Fight_Scene_sword_f_cm_np2_fr_med_0,44,83,4,32,4,k4,False,0.8396711945533752,slowfast_r50,hmdb51
Black_Knight_sword_u_cm_np2_ba_goo_0,44,79,4,32,4,k4,True,0.7244219779968262,slowfast_r50,hmdb51
Medieval_Times_Knights_Battle_Sword_Fight_sword_f_cm_np2_le_bad_0,44,42,4,32,4,k4,True,0.9907508492469788,slowfast_r50,hmdb51
Nakayama_Aikido_Iaido_Part_3_sword_exercise_f_cm_np1_le_bad_1,45,40,4,32,4,k4,True,0.49632787704467773,slowfast_r50,hmdb51
Eishin-Ryu_Iaido_sword_exercise_f_cm_np1_le_bad_5,45,43,4,32,4,k4,True,0.9984591007232666,slowfast_r50,hmdb51
samurai_training_sword_exercise_f_cm_np1_fr_med_0,45,75,4,32,4,k4,True,0.952511191368103,slowfast_r50,hmdb51
Highlander_Sword_School_wmv_sword_exercise_f_cm_np1_ba_bad_7,45,206,4,32,4,k4,True,0.8850528597831726,slowfast_r50,hmdb51
samurai_training_sword_exercise_f_cm_np1_fr_med_4,45,107,4,32,4,k4,True,0.5090711712837219,slowfast_r50,hmdb51
Highlander_Sword_School_wmv_sword_exercise_f_cm_np2_le_med_4,45,328,4,32,4,k4,True,0.6796211004257202,slowfast_r50,hmdb51
Iaido_13_katas_sword_exercise_f_nm_np1_fr_bad_8,45,84,4,32,4,k4,True,0.3820095956325531,slowfast_r50,hmdb51
samurai_training_sword_exercise_f_cm_np1_fr_med_10,45,178,4,32,4,k4,True,0.9680611491203308,slowfast_r50,hmdb51
Samurai_Sword_Techniques_-_Samurai_Sword_Slashes_sword_exercise_f_nm_np2_fr_med_3,45,68,4,32,4,k4,True,0.9330319166183472,slowfast_r50,hmdb51
samurai_training_sword_exercise_f_cm_np1_fr_med_1,45,92,4,32,4,k4,True,0.9779328107833862,slowfast_r50,hmdb51
Eishin-Ryu_Iaido_sword_exercise_f_cm_np1_fr_bad_11,45,59,4,32,4,k4,True,0.9941178560256958,slowfast_r50,hmdb51
samurai_training_sword_exercise_f_cm_np1_fr_med_2,45,199,4,32,4,k4,True,0.7352774143218994,slowfast_r50,hmdb51
Sword_and_Targe_Solo_Exercises_sword_exercise_f_cm_np1_le_med_0,45,112,4,32,4,k4,True,0.577970027923584,slowfast_r50,hmdb51
VERGIL_(DEVIL_MAY_CRY)_swinging_his_sword_sword_exercise_f_cm_np1_fr_med_2,45,85,4,32,4,k4,True,0.8761631846427917,slowfast_r50,hmdb51
Kuroda_Sensei_Iai_do_sword_exercise_f_cm_np1_le_bad_3,45,46,4,32,4,k4,True,0.4666977822780609,slowfast_r50,hmdb51
Blade_Of_Fury_-_Scene_1_sword_exercise_f_cm_np1_fr_med_4,45,115,4,32,4,k4,False,0.44405460357666016,slowfast_r50,hmdb51
Eishin-Ryu_Iaido_sword_exercise_f_cm_np1_ri_bad_6,45,58,4,32,4,k4,True,0.9994471669197083,slowfast_r50,hmdb51
Ghost_Dog_Sword_Swinging_Scene_sword_exercise_u_cm_np1_le_med_1,45,87,4,32,4,k4,True,0.4230189621448517,slowfast_r50,hmdb51
samurai_training_sword_exercise_f_cm_np1_fr_med_12,45,146,4,32,4,k4,False,0.4366346001625061,slowfast_r50,hmdb51
prelinger_LetsPlay1949_talk_u_nm_np1_ri_med_2,46,133,4,32,4,k4,False,0.6790599822998047,slowfast_r50,hmdb51
The_Matrix_Revolutions_5_talk_h_nm_np1_fr_goo_2,46,106,4,32,4,k4,False,0.9048945903778076,slowfast_r50,hmdb51
jonhs_netfreemovies_holygrail_talk_h_cm_np1_ri_med_14,46,187,4,32,4,k4,False,0.5941385626792908,slowfast_r50,hmdb51
Pirates_1_talk_h_nm_np1_fr_goo_2,46,119,4,32,4,k4,False,0.9654690027236938,slowfast_r50,hmdb51
American_History_X_talk_u_nm_np1_fr_goo_21,46,117,4,32,4,k4,False,0.14318864047527313,slowfast_r50,hmdb51
The_Fugitive_5_talk_h_nm_np1_fr_goo_10,46,67,4,32,4,k4,False,0.49689722061157227,slowfast_r50,hmdb51
Prelinger_FamilyLi1949_talk_h_nm_np1_fr_goo_12,46,211,4,32,4,k4,True,0.8744624257087708,slowfast_r50,hmdb51
prelinger_LetsPlay1949_talk_h_nm_np1_fr_goo_18,46,160,4,32,4,k4,False,0.9127187132835388,slowfast_r50,hmdb51
Pirates_7_talk_u_nm_np1_fr_med_5,46,102,4,32,4,k4,True,0.6918325424194336,slowfast_r50,hmdb51
Prelinger_FamilyLi1949_talk_h_nm_np1_fr_goo_11,46,262,4,32,4,k4,True,0.9927896857261658,slowfast_r50,hmdb51
Return_of_the_King_3_talk_h_nm_np1_fr_goo_2,46,125,4,32,4,k4,False,0.9168668389320374,slowfast_r50,hmdb51
The_Fugitive_3_talk_u_nm_np1_fr_med_5,46,215,4,32,4,k4,False,0.5238577723503113,slowfast_r50,hmdb51
Prelinger_FamilyLi1949_talk_h_nm_np1_fr_goo_19,46,109,4,32,4,k4,True,0.9900504350662231,slowfast_r50,hmdb51
Prelinger_FamilyLi1949_talk_h_nm_np1_fr_goo_2,46,94,4,32,4,k4,True,0.9982510209083557,slowfast_r50,hmdb51
Return_of_the_King_2_talk_h_cm_np1_fr_goo_6,46,162,4,32,4,k4,True,0.7236511707305908,slowfast_r50,hmdb51
Fellowship_2_talk_h_nm_np1_fr_bad_6,46,168,4,32,4,k4,False,0.8030396103858948,slowfast_r50,hmdb51
prelinger_LetsPlay1949_talk_h_nm_np1_fr_goo_26,46,187,4,32,4,k4,False,0.615659236907959,slowfast_r50,hmdb51
veoh_harold_and_kumar_talk_u_cm_np1_fr_goo_16,46,121,4,32,4,k4,False,0.4478086531162262,slowfast_r50,hmdb51
KnifeThrowingJackDaggerDemoReel_throw_u_cm_np1_ba_med_6,47,49,4,32,4,k4,True,0.5389313697814941,slowfast_r50,hmdb51
Knifethrowing1_throw_u_cm_np1_le_med_0,47,37,4,32,4,k4,False,0.7751471996307373,slowfast_r50,hmdb51
Compilationknifethrowing_throw_u_nm_np1_ba_med_19,47,111,4,32,4,k4,True,0.9707472920417786,slowfast_r50,hmdb51
Webbpitching0045-8-08_throw_f_cm_np1_ba_med_2,47,189,4,32,4,k4,True,0.9921637773513794,slowfast_r50,hmdb51
KnifeThrowing_throw_f_nm_np1_le_med_3,47,80,4,32,4,k4,True,0.6770572066307068,slowfast_r50,hmdb51
amazingballthrowingtricks_throw_f_cm_np1_ri_med_1,47,81,4,32,4,k4,True,0.18196435272693634,slowfast_r50,hmdb51
Compilationknifethrowing_throw_u_nm_np1_ba_med_12,47,81,4,32,4,k4,True,0.9999587535858154,slowfast_r50,hmdb51
APOCALYPTO_throw_f_nm_np1_fr_med_1,47,55,4,32,4,k4,False,0.9997782111167908,slowfast_r50,hmdb51
AboutABoy_throw_f_nm_np1_ba_med_2,47,80,4,32,4,k4,True,0.2347324937582016,slowfast_r50,hmdb51
Knifethrowing4knivestogethernospin_throw_f_nm_np1_ri_med_1,47,81,4,32,4,k4,True,0.5466599464416504,slowfast_r50,hmdb51
KUNG_FU_HUSTLE_throw_u_cm_np1_fr_med_1,47,48,4,32,4,k4,False,0.7365102171897888,slowfast_r50,hmdb51
Compilationknifethrowing_throw_u_nm_np1_ba_med_6,47,96,4,32,4,k4,True,0.9966328740119934,slowfast_r50,hmdb51
amazingballthrowingtricks_throw_u_cm_np1_fr_med_3,47,80,4,32,4,k4,True,0.3888152837753296,slowfast_r50,hmdb51
Webbpitching0045-8-08_throw_f_cm_np1_ba_med_7,47,132,4,32,4,k4,True,0.9971352815628052,slowfast_r50,hmdb51
LittleChildren_throw_u_nm_np1_fr_med_8,47,79,4,32,4,k4,False,0.8096014857292175,slowfast_r50,hmdb51
AgentCodyBanks_turn_h_nm_np1_le_med_3,48,64,4,32,4,k4,True,0.45803356170654297,slowfast_r50,hmdb51
Veoh_Alpha_Dog_1_turn_u_nm_np1_le_med_19,48,55,4,32,4,k4,False,0.3004190921783447,slowfast_r50,hmdb51
LONGESTYARD_turn_u_cm_np1_ba_med_0,48,50,4,32,4,k4,True,0.9376546144485474,slowfast_r50,hmdb51
happy_go_lovely_turn_u_nm_np1_fr_med_12,48,52,4,32,4,k4,False,0.5163971185684204,slowfast_r50,hmdb51
Veoh_Alpha_Dog_2_turn_h_nm_np1_ba_med_7,48,49,4,32,4,k4,True,0.7027515172958374,slowfast_r50,hmdb51
The_Fugitive_6_turn_u_cm_np1_le_goo_8,48,92,4,32,4,k4,True,0.8612797260284424,slowfast_r50,hmdb51
Pirates_2_turn_h_cm_np1_fr_goo_2,48,36,4,32,4,k4,False,0.7261117696762085,slowfast_r50,hmdb51
The_Fugitive_2_turn_h_nm_np1_le_goo_3,48,55,4,32,4,k4,True,0.8305204510688782,slowfast_r50,hmdb51
A_Beautiful_Mind_1_turn_u_cm_np1_ri_goo_9,48,80,4,32,4,k4,True,0.5448058843612671,slowfast_r50,hmdb51
The_Fugitive_2_turn_u_cm_np1_fr_med_10,48,54,4,32,4,k4,False,0.3118078410625458,slowfast_r50,hmdb51
Sixthsense_turn_f_nm_np1_ba_med_6,48,103,4,32,4,k4,False,0.23761160671710968,slowfast_r50,hmdb51
Oceans12_turn_u_nm_np1_fr_med_14,48,76,4,32,4,k4,True,0.535947322845459,slowfast_r50,hmdb51
AgentCodyBanks_turn_u_nm_np1_ba_med_1,48,48,4,32,4,k4,True,0.5752151608467102,slowfast_r50,hmdb51
OldSchool_turn_f_cm_np1_ba_med_16,48,48,4,32,4,k4,False,0.16710440814495087,slowfast_r50,hmdb51
The_Fugitive_4_turn_u_cm_np1_fr_med_3,48,41,4,32,4,k4,False,0.7540114521980286,slowfast_r50,hmdb51
Man_Who_Cheated_Himself_512kb_turn_u_nm_np1_fr_med_9,48,76,4,32,4,k4,False,0.9853057265281677,slowfast_r50,hmdb51
SweeneyTodd_turn_h_cm_np1_fr_goo_36,48,48,4,32,4,k4,False,0.27137765288352966,slowfast_r50,hmdb51
Man_Who_Cheated_Himself_512kb_turn_u_nm_np1_fr_med_10,48,79,4,32,4,k4,True,0.9059620499610901,slowfast_r50,hmdb51
Oceans13_turn_h_cm_np1_fr_goo_10,48,78,4,32,4,k4,True,0.9979409575462341,slowfast_r50,hmdb51
The_Fugitive_2_turn_u_nm_np1_ba_goo_18,48,55,4,32,4,k4,False,0.5726994276046753,slowfast_r50,hmdb51
NOVA_ELEGANTUNIVERSE1_walk_f_nm_np1_le_med_3,49,109,4,32,4,k4,True,0.36559927463531494,slowfast_r50,hmdb51
TheLittleShopofHorrors_walk_u_cm_np1_ri_med_1,49,53,4,32,4,k4,False,0.9199306964874268,slowfast_r50,hmdb51
Return_of_the_King_5_walk_f_nm_np1_ba_med_1,49,134,4,32,4,k4,False,0.9240317940711975,slowfast_r50,hmdb51
TheBoondockSaints_walk_u_cm_np1_ri_med_50,49,132,4,32,4,k4,False,0.4226924777030945,slowfast_r50,hmdb51
TheLittleShopofHorrors_walk_f_nm_np1_ri_med_5,49,76,4,32,4,k4,False,0.27476581931114197,slowfast_r50,hmdb51
AgentCodyBanks_walk_f_nm_np1_fr_med_17,49,69,4,32,4,k4,True,0.45985305309295654,slowfast_r50,hmdb51
The_House_on_Haunted_Hill_walk_f_cm_np1_fr_med_18,49,80,4,32,4,k4,False,0.9595946073532104,slowfast_r50,hmdb51
The_Departed_-_Part_2_walk_u_cm_np1_fr_bad_5,49,107,4,32,4,k4,False,0.8106140494346619,slowfast_r50,hmdb51
TheBoondockSaints_walk_u_cm_np1_le_med_25,49,49,4,32,4,k4,False,0.743514358997345,slowfast_r50,hmdb51
AmericanGangster_walk_f_nm_np1_ba_med_30,49,79,4,32,4,k4,False,0.9242153167724609,slowfast_r50,hmdb51
CastAway1_walk_f_nm_np1_fr_med_12,49,134,4,32,4,k4,True,0.9273634552955627,slowfast_r50,hmdb51
CharlieAndTheChocolateFactory_walk_f_cm_np1_fr_med_14,49,83,4,32,4,k4,False,0.44993433356285095,slowfast_r50,hmdb51
Oceans12_walk_u_cm_np1_fr_med_5,49,53,4,32,4,k4,False,0.5568592548370361,slowfast_r50,hmdb51
Narcotic19672256kb_walk_f_cm_np1_ri_med_1,49,135,4,32,4,k4,False,0.41047143936157227,slowfast_r50,hmdb51
IamLegend_walk_l_nm_np1_ba_med_5,49,135,4,32,4,k4,False,0.40107572078704834,slowfast_r50,hmdb51
EverythingisIlluminated_walk_f_nm_np1_le_med_0,49,103,4,32,4,k4,False,0.34355834126472473,slowfast_r50,hmdb51
NOVA_ELEGANTUNIVERSE1_walk_u_nm_np1_fr_bad_1,49,105,4,32,4,k4,False,0.2941826581954956,slowfast_r50,hmdb51
Hitch_Part_2_walk_h_cm_np1_fr_med_3,49,77,4,32,4,k4,False,0.6175302267074585,slowfast_r50,hmdb51
Prelinger_LetYours1940_walk_u_cm_np2_ba_med_3,49,103,4,32,4,k4,False,0.46822589635849,slowfast_r50,hmdb51
HP_PRISONER_OF_AZKABAN_walk_f_cm_np1_ri_med_2,49,49,4,32,4,k4,False,0.4701904058456421,slowfast_r50,hmdb51
50_FIRST_DATES_wave_u_cm_np1_fr_goo_30,50,54,4,32,4,k4,False,0.3583848178386688,slowfast_r50,hmdb51
TrumanShow_wave_u_nm_np1_fr_med_0,50,73,4,32,4,k4,False,0.19084109365940094,slowfast_r50,hmdb51
Song_I_Can_Wave_My_Hands_-_Cullen_s_Abc_s_wave_u_cm_np1_fr_med_1,50,80,4,32,4,k4,False,0.19236227869987488,slowfast_r50,hmdb51
Bubble_Gum_Club_2_wave_h_nm_np2_fr_med_0,50,79,4,32,4,k4,False,0.3951367139816284,slowfast_r50,hmdb51
Abschieds-winken_!!!!!!_Gruss_Guido_wave_u_cm_np1_fr_bad_1,50,111,4,32,4,k4,True,0.2632741332054138,slowfast_r50,hmdb51
L_cheln_Und_Winken_wave_h_cm_np1_fr_med_1,50,51,4,32,4,k4,False,0.9965445399284363,slowfast_r50,hmdb51
RATRACE_wave_f_nm_np1_fr_goo_37,50,73,4,32,4,k4,False,0.9934032559394836,slowfast_r50,hmdb51
RATRACE_wave_u_cm_np1_fr_med_6,50,50,4,32,4,k4,False,0.3560432493686676,slowfast_r50,hmdb51
prelinger_LetsBeGo1953_wave_u_cm_np10_ba_med_2,50,106,4,32,4,k4,False,0.8525285124778748,slowfast_r50,hmdb51
OldSchool_wave_f_cm_np1_fr_med_13,50,49,4,32,4,k4,False,0.24890969693660736,slowfast_r50,hmdb51
Bush_Wave_vs__Obama_Wave_and_Which_Commander-in-chief_Salutes_the_Best__You_Decide_wave_u_cm_np1_fr_med_2,50,99,4,32,4,k4,False,0.38472291827201843,slowfast_r50,hmdb51
BIG_FISH_wave_u_nm_np1_fr_goo_9,50,57,4,32,4,k4,False,0.36742961406707764,slowfast_r50,hmdb51
EVOLUTION_wave_u_cm_np1_fr_med_4,50,83,4,32,4,k4,False,0.2816733419895172,slowfast_r50,hmdb51
Poldi_beim_Spiel_Deutschland_Schweden_16_8_wave_u_cm_np1_ri_med_0,50,80,4,32,4,k4,False,0.699587345123291,slowfast_r50,hmdb51
Bush_Wave_vs__Obama_Wave_and_Which_Commander-in-chief_Salutes_the_Best__You_Decide_wave_u_cm_np1_fr_med_0,50,206,4,32,4,k4,False,0.5683183073997498,slowfast_r50,hmdb51
Fechten_mit_dem_langen_Schwert_sword_f_cm_np2_le_med_2,44,66,8,32,8,k8,True,0.6099935173988342,slowfast_r50,hmdb51
The_Last_Samurai_-_In_Your_Honor_sword_f_nm_np2_le_bad_1,44,106,8,32,8,k8,False,0.3239533603191376,slowfast_r50,hmdb51
Medieval_Times_Knights_Battle_Sword_Fight_sword_f_cm_np2_ri_med_2,44,41,8,32,8,k8,True,0.604315996170044,slowfast_r50,hmdb51
Stage_Combat_5_-_Sword_Fight_-_East_15_sword_f_cm_np2_le_bad_1,44,80,8,32,8,k8,False,0.18621984124183655,slowfast_r50,hmdb51
Duncan_Macleod_&_Amanda_Soulmates_Part_2_sword_u_cm_np2_fr_med_0,44,272,8,32,8,k8,False,0.37173783779144287,slowfast_r50,hmdb51
Medieval_Times_Knights_Battle_Sword_Fight_sword_f_cm_np2_le_med_3,44,50,8,32,8,k8,True,0.7358665466308594,slowfast_r50,hmdb51
Pirates_2_sword_f_cm_np2_le_med_4,44,91,8,32,8,k8,False,0.5751672387123108,slowfast_r50,hmdb51
Blade_Vs_Deacon_Frost_Sword_Fight_Scene_sword_f_cm_np2_fr_med_0,44,83,8,32,8,k8,True,0.8802351355552673,slowfast_r50,hmdb51
Black_Knight_sword_u_cm_np2_ba_goo_0,44,79,8,32,8,k8,False,0.4913502037525177,slowfast_r50,hmdb51
Medieval_Times_Knights_Battle_Sword_Fight_sword_f_cm_np2_le_bad_0,44,42,8,32,8,k8,True,0.9342725276947021,slowfast_r50,hmdb51
Nakayama_Aikido_Iaido_Part_3_sword_exercise_f_cm_np1_le_bad_1,45,40,8,32,8,k8,False,0.3401983976364136,slowfast_r50,hmdb51
Eishin-Ryu_Iaido_sword_exercise_f_cm_np1_le_bad_5,45,43,8,32,8,k8,True,0.9537285566329956,slowfast_r50,hmdb51
samurai_training_sword_exercise_f_cm_np1_fr_med_0,45,75,8,32,8,k8,True,0.5142455101013184,slowfast_r50,hmdb51
Highlander_Sword_School_wmv_sword_exercise_f_cm_np1_ba_bad_7,45,206,8,32,8,k8,False,0.40138623118400574,slowfast_r50,hmdb51
samurai_training_sword_exercise_f_cm_np1_fr_med_4,45,107,8,32,8,k8,False,0.6508053541183472,slowfast_r50,hmdb51
Highlander_Sword_School_wmv_sword_exercise_f_cm_np2_le_med_4,45,328,8,32,8,k8,False,0.8871477842330933,slowfast_r50,hmdb51
Iaido_13_katas_sword_exercise_f_nm_np1_fr_bad_8,45,84,8,32,8,k8,False,0.6148093342781067,slowfast_r50,hmdb51
samurai_training_sword_exercise_f_cm_np1_fr_med_10,45,178,8,32,8,k8,False,0.6949858665466309,slowfast_r50,hmdb51
Samurai_Sword_Techniques_-_Samurai_Sword_Slashes_sword_exercise_f_nm_np2_fr_med_3,45,68,8,32,8,k8,True,0.8323215842247009,slowfast_r50,hmdb51
samurai_training_sword_exercise_f_cm_np1_fr_med_1,45,92,8,32,8,k8,True,0.604426920413971,slowfast_r50,hmdb51
Eishin-Ryu_Iaido_sword_exercise_f_cm_np1_fr_bad_11,45,59,8,32,8,k8,True,0.7811270952224731,slowfast_r50,hmdb51
samurai_training_sword_exercise_f_cm_np1_fr_med_2,45,199,8,32,8,k8,False,0.6551691889762878,slowfast_r50,hmdb51
Sword_and_Targe_Solo_Exercises_sword_exercise_f_cm_np1_le_med_0,45,112,8,32,8,k8,False,0.804631769657135,slowfast_r50,hmdb51
VERGIL_(DEVIL_MAY_CRY)_swinging_his_sword_sword_exercise_f_cm_np1_fr_med_2,45,85,8,32,8,k8,False,0.401370108127594,slowfast_r50,hmdb51
Kuroda_Sensei_Iai_do_sword_exercise_f_cm_np1_le_bad_3,45,46,8,32,8,k8,False,0.5818909406661987,slowfast_r50,hmdb51
Blade_Of_Fury_-_Scene_1_sword_exercise_f_cm_np1_fr_med_4,45,115,8,32,8,k8,False,0.5058184266090393,slowfast_r50,hmdb51
Eishin-Ryu_Iaido_sword_exercise_f_cm_np1_ri_bad_6,45,58,8,32,8,k8,True,0.9270150065422058,slowfast_r50,hmdb51
Ghost_Dog_Sword_Swinging_Scene_sword_exercise_u_cm_np1_le_med_1,45,87,8,32,8,k8,False,0.9948930740356445,slowfast_r50,hmdb51
samurai_training_sword_exercise_f_cm_np1_fr_med_12,45,146,8,32,8,k8,False,0.9880214929580688,slowfast_r50,hmdb51
prelinger_LetsPlay1949_talk_u_nm_np1_ri_med_2,46,133,8,32,8,k8,False,0.6776836514472961,slowfast_r50,hmdb51
The_Matrix_Revolutions_5_talk_h_nm_np1_fr_goo_2,46,106,8,32,8,k8,False,0.1973486691713333,slowfast_r50,hmdb51
jonhs_netfreemovies_holygrail_talk_h_cm_np1_ri_med_14,46,187,8,32,8,k8,False,0.261500746011734,slowfast_r50,hmdb51
Pirates_1_talk_h_nm_np1_fr_goo_2,46,119,8,32,8,k8,False,0.7441403269767761,slowfast_r50,hmdb51
American_History_X_talk_u_nm_np1_fr_goo_21,46,117,8,32,8,k8,False,0.3723061978816986,slowfast_r50,hmdb51
The_Fugitive_5_talk_h_nm_np1_fr_goo_10,46,67,8,32,8,k8,False,0.5406354069709778,slowfast_r50,hmdb51
Prelinger_FamilyLi1949_talk_h_nm_np1_fr_goo_12,46,211,8,32,8,k8,False,0.18113891780376434,slowfast_r50,hmdb51
prelinger_LetsPlay1949_talk_h_nm_np1_fr_goo_18,46,160,8,32,8,k8,False,0.8762250542640686,slowfast_r50,hmdb51
Pirates_7_talk_u_nm_np1_fr_med_5,46,102,8,32,8,k8,False,0.31581178307533264,slowfast_r50,hmdb51
Prelinger_FamilyLi1949_talk_h_nm_np1_fr_goo_11,46,262,8,32,8,k8,True,0.8410434722900391,slowfast_r50,hmdb51
Return_of_the_King_3_talk_h_nm_np1_fr_goo_2,46,125,8,32,8,k8,False,0.8413920402526855,slowfast_r50,hmdb51
The_Fugitive_3_talk_u_nm_np1_fr_med_5,46,215,8,32,8,k8,False,0.14184187352657318,slowfast_r50,hmdb51
Prelinger_FamilyLi1949_talk_h_nm_np1_fr_goo_19,46,109,8,32,8,k8,True,0.527495801448822,slowfast_r50,hmdb51
Prelinger_FamilyLi1949_talk_h_nm_np1_fr_goo_2,46,94,8,32,8,k8,True,0.9297678470611572,slowfast_r50,hmdb51
Return_of_the_King_2_talk_h_cm_np1_fr_goo_6,46,162,8,32,8,k8,True,0.551118016242981,slowfast_r50,hmdb51
Fellowship_2_talk_h_nm_np1_fr_bad_6,46,168,8,32,8,k8,False,0.5910699367523193,slowfast_r50,hmdb51
prelinger_LetsPlay1949_talk_h_nm_np1_fr_goo_26,46,187,8,32,8,k8,False,0.8217898607254028,slowfast_r50,hmdb51
veoh_harold_and_kumar_talk_u_cm_np1_fr_goo_16,46,121,8,32,8,k8,False,0.26483163237571716,slowfast_r50,hmdb51
KnifeThrowingJackDaggerDemoReel_throw_u_cm_np1_ba_med_6,47,49,8,32,8,k8,True,0.7018737196922302,slowfast_r50,hmdb51
Knifethrowing1_throw_u_cm_np1_le_med_0,47,37,8,32,8,k8,False,0.4473456144332886,slowfast_r50,hmdb51
Compilationknifethrowing_throw_u_nm_np1_ba_med_19,47,111,8,32,8,k8,True,0.9801406264305115,slowfast_r50,hmdb51
Webbpitching0045-8-08_throw_f_cm_np1_ba_med_2,47,189,8,32,8,k8,True,0.9631913900375366,slowfast_r50,hmdb51
KnifeThrowing_throw_f_nm_np1_le_med_3,47,80,8,32,8,k8,True,0.8096317052841187,slowfast_r50,hmdb51
amazingballthrowingtricks_throw_f_cm_np1_ri_med_1,47,81,8,32,8,k8,False,0.36241158843040466,slowfast_r50,hmdb51
Compilationknifethrowing_throw_u_nm_np1_ba_med_12,47,81,8,32,8,k8,True,0.9939908385276794,slowfast_r50,hmdb51
APOCALYPTO_throw_f_nm_np1_fr_med_1,47,55,8,32,8,k8,False,0.38578590750694275,slowfast_r50,hmdb51
AboutABoy_throw_f_nm_np1_ba_med_2,47,80,8,32,8,k8,False,0.6180155873298645,slowfast_r50,hmdb51
Knifethrowing4knivestogethernospin_throw_f_nm_np1_ri_med_1,47,81,8,32,8,k8,True,0.544536292552948,slowfast_r50,hmdb51
KUNG_FU_HUSTLE_throw_u_cm_np1_fr_med_1,47,48,8,32,8,k8,False,0.6695233583450317,slowfast_r50,hmdb51
Compilationknifethrowing_throw_u_nm_np1_ba_med_6,47,96,8,32,8,k8,True,0.9970748424530029,slowfast_r50,hmdb51
amazingballthrowingtricks_throw_u_cm_np1_fr_med_3,47,80,8,32,8,k8,False,0.31230950355529785,slowfast_r50,hmdb51
Webbpitching0045-8-08_throw_f_cm_np1_ba_med_7,47,132,8,32,8,k8,True,0.9944380521774292,slowfast_r50,hmdb51
LittleChildren_throw_u_nm_np1_fr_med_8,47,79,8,32,8,k8,False,0.3228316307067871,slowfast_r50,hmdb51
AgentCodyBanks_turn_h_nm_np1_le_med_3,48,64,8,32,8,k8,True,0.9816157221794128,slowfast_r50,hmdb51
Veoh_Alpha_Dog_1_turn_u_nm_np1_le_med_19,48,55,8,32,8,k8,False,0.23223060369491577,slowfast_r50,hmdb51
LONGESTYARD_turn_u_cm_np1_ba_med_0,48,50,8,32,8,k8,True,0.6292746663093567,slowfast_r50,hmdb51
happy_go_lovely_turn_u_nm_np1_fr_med_12,48,52,8,32,8,k8,False,0.8570315837860107,slowfast_r50,hmdb51
Veoh_Alpha_Dog_2_turn_h_nm_np1_ba_med_7,48,49,8,32,8,k8,True,0.6139019727706909,slowfast_r50,hmdb51
The_Fugitive_6_turn_u_cm_np1_le_goo_8,48,92,8,32,8,k8,True,0.8052302598953247,slowfast_r50,hmdb51
Pirates_2_turn_h_cm_np1_fr_goo_2,48,36,8,32,8,k8,False,0.1343669444322586,slowfast_r50,hmdb51
The_Fugitive_2_turn_h_nm_np1_le_goo_3,48,55,8,32,8,k8,True,0.7387070655822754,slowfast_r50,hmdb51
A_Beautiful_Mind_1_turn_u_cm_np1_ri_goo_9,48,80,8,32,8,k8,True,0.37859848141670227,slowfast_r50,hmdb51
The_Fugitive_2_turn_u_cm_np1_fr_med_10,48,54,8,32,8,k8,False,0.44787901639938354,slowfast_r50,hmdb51
Sixthsense_turn_f_nm_np1_ba_med_6,48,103,8,32,8,k8,False,0.8832520842552185,slowfast_r50,hmdb51
Oceans12_turn_u_nm_np1_fr_med_14,48,76,8,32,8,k8,True,0.22803185880184174,slowfast_r50,hmdb51
AgentCodyBanks_turn_u_nm_np1_ba_med_1,48,48,8,32,8,k8,False,0.6719706058502197,slowfast_r50,hmdb51
OldSchool_turn_f_cm_np1_ba_med_16,48,48,8,32,8,k8,False,0.508158266544342,slowfast_r50,hmdb51
The_Fugitive_4_turn_u_cm_np1_fr_med_3,48,41,8,32,8,k8,True,0.7517064213752747,slowfast_r50,hmdb51
Man_Who_Cheated_Himself_512kb_turn_u_nm_np1_fr_med_9,48,76,8,32,8,k8,False,0.33873939514160156,slowfast_r50,hmdb51
SweeneyTodd_turn_h_cm_np1_fr_goo_36,48,48,8,32,8,k8,False,0.3384924530982971,slowfast_r50,hmdb51
Man_Who_Cheated_Himself_512kb_turn_u_nm_np1_fr_med_10,48,79,8,32,8,k8,True,0.5500960350036621,slowfast_r50,hmdb51
Oceans13_turn_h_cm_np1_fr_goo_10,48,78,8,32,8,k8,True,0.35825034976005554,slowfast_r50,hmdb51
The_Fugitive_2_turn_u_nm_np1_ba_goo_18,48,55,8,32,8,k8,False,0.8402057886123657,slowfast_r50,hmdb51
NOVA_ELEGANTUNIVERSE1_walk_f_nm_np1_le_med_3,49,109,8,32,8,k8,False,0.24076449871063232,slowfast_r50,hmdb51
TheLittleShopofHorrors_walk_u_cm_np1_ri_med_1,49,53,8,32,8,k8,False,0.5439029335975647,slowfast_r50,hmdb51
Return_of_the_King_5_walk_f_nm_np1_ba_med_1,49,134,8,32,8,k8,False,0.8192740678787231,slowfast_r50,hmdb51
TheBoondockSaints_walk_u_cm_np1_ri_med_50,49,132,8,32,8,k8,False,0.2881881296634674,slowfast_r50,hmdb51
TheLittleShopofHorrors_walk_f_nm_np1_ri_med_5,49,76,8,32,8,k8,False,0.2445410192012787,slowfast_r50,hmdb51
AgentCodyBanks_walk_f_nm_np1_fr_med_17,49,69,8,32,8,k8,False,0.2771877646446228,slowfast_r50,hmdb51
The_House_on_Haunted_Hill_walk_f_cm_np1_fr_med_18,49,80,8,32,8,k8,True,0.21303881704807281,slowfast_r50,hmdb51
The_Departed_-_Part_2_walk_u_cm_np1_fr_bad_5,49,107,8,32,8,k8,False,0.8878648281097412,slowfast_r50,hmdb51
TheBoondockSaints_walk_u_cm_np1_le_med_25,49,49,8,32,8,k8,False,0.1959642469882965,slowfast_r50,hmdb51
AmericanGangster_walk_f_nm_np1_ba_med_30,49,79,8,32,8,k8,False,0.6980195641517639,slowfast_r50,hmdb51
CastAway1_walk_f_nm_np1_fr_med_12,49,134,8,32,8,k8,True,0.5586715340614319,slowfast_r50,hmdb51
CharlieAndTheChocolateFactory_walk_f_cm_np1_fr_med_14,49,83,8,32,8,k8,False,0.244450181722641,slowfast_r50,hmdb51
Oceans12_walk_u_cm_np1_fr_med_5,49,53,8,32,8,k8,False,0.38722318410873413,slowfast_r50,hmdb51
Narcotic19672256kb_walk_f_cm_np1_ri_med_1,49,135,8,32,8,k8,False,0.5002251863479614,slowfast_r50,hmdb51
IamLegend_walk_l_nm_np1_ba_med_5,49,135,8,32,8,k8,False,0.5730241537094116,slowfast_r50,hmdb51
EverythingisIlluminated_walk_f_nm_np1_le_med_0,49,103,8,32,8,k8,False,0.4983793795108795,slowfast_r50,hmdb51
NOVA_ELEGANTUNIVERSE1_walk_u_nm_np1_fr_bad_1,49,105,8,32,8,k8,False,0.19521312415599823,slowfast_r50,hmdb51
Hitch_Part_2_walk_h_cm_np1_fr_med_3,49,77,8,32,8,k8,False,0.22631868720054626,slowfast_r50,hmdb51
Prelinger_LetYours1940_walk_u_cm_np2_ba_med_3,49,103,8,32,8,k8,False,0.36516594886779785,slowfast_r50,hmdb51
HP_PRISONER_OF_AZKABAN_walk_f_cm_np1_ri_med_2,49,49,8,32,8,k8,False,0.2867760956287384,slowfast_r50,hmdb51
50_FIRST_DATES_wave_u_cm_np1_fr_goo_30,50,54,8,32,8,k8,True,0.1588962823152542,slowfast_r50,hmdb51
TrumanShow_wave_u_nm_np1_fr_med_0,50,73,8,32,8,k8,False,0.5413205027580261,slowfast_r50,hmdb51
Song_I_Can_Wave_My_Hands_-_Cullen_s_Abc_s_wave_u_cm_np1_fr_med_1,50,80,8,32,8,k8,False,0.20329692959785461,slowfast_r50,hmdb51
Bubble_Gum_Club_2_wave_h_nm_np2_fr_med_0,50,79,8,32,8,k8,True,0.3833591341972351,slowfast_r50,hmdb51
Abschieds-winken_!!!!!!_Gruss_Guido_wave_u_cm_np1_fr_bad_1,50,111,8,32,8,k8,True,0.47776535153388977,slowfast_r50,hmdb51
L_cheln_Und_Winken_wave_h_cm_np1_fr_med_1,50,51,8,32,8,k8,False,0.9042994379997253,slowfast_r50,hmdb51
RATRACE_wave_f_nm_np1_fr_goo_37,50,73,8,32,8,k8,False,0.9226043820381165,slowfast_r50,hmdb51
RATRACE_wave_u_cm_np1_fr_med_6,50,50,8,32,8,k8,False,0.5074853301048279,slowfast_r50,hmdb51
prelinger_LetsBeGo1953_wave_u_cm_np10_ba_med_2,50,106,8,32,8,k8,False,0.46591776609420776,slowfast_r50,hmdb51
OldSchool_wave_f_cm_np1_fr_med_13,50,49,8,32,8,k8,False,0.26311007142066956,slowfast_r50,hmdb51
Bush_Wave_vs__Obama_Wave_and_Which_Commander-in-chief_Salutes_the_Best__You_Decide_wave_u_cm_np1_fr_med_2,50,99,8,32,8,k8,False,0.5101317763328552,slowfast_r50,hmdb51
BIG_FISH_wave_u_nm_np1_fr_goo_9,50,57,8,32,8,k8,False,0.9609039425849915,slowfast_r50,hmdb51
EVOLUTION_wave_u_cm_np1_fr_med_4,50,83,8,32,8,k8,False,0.1870821863412857,slowfast_r50,hmdb51
Poldi_beim_Spiel_Deutschland_Schweden_16_8_wave_u_cm_np1_ri_med_0,50,80,8,32,8,k8,False,0.34555870294570923,slowfast_r50,hmdb51
Bush_Wave_vs__Obama_Wave_and_Which_Commander-in-chief_Salutes_the_Best__You_Decide_wave_u_cm_np1_fr_med_0,50,206,8,32,8,k8,False,0.429480642080307,slowfast_r50,hmdb51
Fechten_mit_dem_langen_Schwert_sword_f_cm_np2_le_med_2,44,66,16,32,16,k16,True,0.9950911998748779,slowfast_r50,hmdb51
The_Last_Samurai_-_In_Your_Honor_sword_f_nm_np2_le_bad_1,44,106,16,32,16,k16,False,0.8218279480934143,slowfast_r50,hmdb51
Medieval_Times_Knights_Battle_Sword_Fight_sword_f_cm_np2_ri_med_2,44,41,16,32,16,k16,True,0.9814809560775757,slowfast_r50,hmdb51
Stage_Combat_5_-_Sword_Fight_-_East_15_sword_f_cm_np2_le_bad_1,44,80,16,32,16,k16,True,0.15590010583400726,slowfast_r50,hmdb51
Duncan_Macleod_&_Amanda_Soulmates_Part_2_sword_u_cm_np2_fr_med_0,44,272,16,32,16,k16,False,0.2671221196651459,slowfast_r50,hmdb51
Medieval_Times_Knights_Battle_Sword_Fight_sword_f_cm_np2_le_med_3,44,50,16,32,16,k16,True,0.9338616132736206,slowfast_r50,hmdb51
Pirates_2_sword_f_cm_np2_le_med_4,44,91,16,32,16,k16,False,0.2863321900367737,slowfast_r50,hmdb51
Blade_Vs_Deacon_Frost_Sword_Fight_Scene_sword_f_cm_np2_fr_med_0,44,83,16,32,16,k16,True,0.5504706501960754,slowfast_r50,hmdb51
Black_Knight_sword_u_cm_np2_ba_goo_0,44,79,16,32,16,k16,True,0.9918538331985474,slowfast_r50,hmdb51
Medieval_Times_Knights_Battle_Sword_Fight_sword_f_cm_np2_le_bad_0,44,42,16,32,16,k16,True,0.9898648858070374,slowfast_r50,hmdb51
Nakayama_Aikido_Iaido_Part_3_sword_exercise_f_cm_np1_le_bad_1,45,40,16,32,16,k16,False,0.2543170750141144,slowfast_r50,hmdb51
Eishin-Ryu_Iaido_sword_exercise_f_cm_np1_le_bad_5,45,43,16,32,16,k16,True,0.9863417744636536,slowfast_r50,hmdb51
samurai_training_sword_exercise_f_cm_np1_fr_med_0,45,75,16,32,16,k16,False,0.6567612886428833,slowfast_r50,hmdb51
Highlander_Sword_School_wmv_sword_exercise_f_cm_np1_ba_bad_7,45,206,16,32,16,k16,False,0.4869728088378906,slowfast_r50,hmdb51
samurai_training_sword_exercise_f_cm_np1_fr_med_4,45,107,16,32,16,k16,True,0.23238299787044525,slowfast_r50,hmdb51
Highlander_Sword_School_wmv_sword_exercise_f_cm_np2_le_med_4,45,328,16,32,16,k16,False,0.7499434351921082,slowfast_r50,hmdb51
Iaido_13_katas_sword_exercise_f_nm_np1_fr_bad_8,45,84,16,32,16,k16,False,0.5824892520904541,slowfast_r50,hmdb51
samurai_training_sword_exercise_f_cm_np1_fr_med_10,45,178,16,32,16,k16,True,0.9716454744338989,slowfast_r50,hmdb51
Samurai_Sword_Techniques_-_Samurai_Sword_Slashes_sword_exercise_f_nm_np2_fr_med_3,45,68,16,32,16,k16,True,0.7549487948417664,slowfast_r50,hmdb51
samurai_training_sword_exercise_f_cm_np1_fr_med_1,45,92,16,32,16,k16,False,0.622633695602417,slowfast_r50,hmdb51
Eishin-Ryu_Iaido_sword_exercise_f_cm_np1_fr_bad_11,45,59,16,32,16,k16,True,0.6007292866706848,slowfast_r50,hmdb51
samurai_training_sword_exercise_f_cm_np1_fr_med_2,45,199,16,32,16,k16,True,0.8965249061584473,slowfast_r50,hmdb51
Sword_and_Targe_Solo_Exercises_sword_exercise_f_cm_np1_le_med_0,45,112,16,32,16,k16,False,0.9332156181335449,slowfast_r50,hmdb51
VERGIL_(DEVIL_MAY_CRY)_swinging_his_sword_sword_exercise_f_cm_np1_fr_med_2,45,85,16,32,16,k16,False,0.7808010578155518,slowfast_r50,hmdb51
Kuroda_Sensei_Iai_do_sword_exercise_f_cm_np1_le_bad_3,45,46,16,32,16,k16,False,0.9296454191207886,slowfast_r50,hmdb51
Blade_Of_Fury_-_Scene_1_sword_exercise_f_cm_np1_fr_med_4,45,115,16,32,16,k16,False,0.3894745707511902,slowfast_r50,hmdb51
Eishin-Ryu_Iaido_sword_exercise_f_cm_np1_ri_bad_6,45,58,16,32,16,k16,True,0.8370406627655029,slowfast_r50,hmdb51
Ghost_Dog_Sword_Swinging_Scene_sword_exercise_u_cm_np1_le_med_1,45,87,16,32,16,k16,False,0.9880847334861755,slowfast_r50,hmdb51
samurai_training_sword_exercise_f_cm_np1_fr_med_12,45,146,16,32,16,k16,False,0.8246368765830994,slowfast_r50,hmdb51
prelinger_LetsPlay1949_talk_u_nm_np1_ri_med_2,46,133,16,32,16,k16,False,0.7113047242164612,slowfast_r50,hmdb51
The_Matrix_Revolutions_5_talk_h_nm_np1_fr_goo_2,46,106,16,32,16,k16,True,0.6107056140899658,slowfast_r50,hmdb51
jonhs_netfreemovies_holygrail_talk_h_cm_np1_ri_med_14,46,187,16,32,16,k16,False,0.8084170818328857,slowfast_r50,hmdb51
Pirates_1_talk_h_nm_np1_fr_goo_2,46,119,16,32,16,k16,True,0.981143593788147,slowfast_r50,hmdb51
American_History_X_talk_u_nm_np1_fr_goo_21,46,117,16,32,16,k16,False,0.3974592387676239,slowfast_r50,hmdb51
The_Fugitive_5_talk_h_nm_np1_fr_goo_10,46,67,16,32,16,k16,True,0.8920983076095581,slowfast_r50,hmdb51
Prelinger_FamilyLi1949_talk_h_nm_np1_fr_goo_12,46,211,16,32,16,k16,True,0.9960748553276062,slowfast_r50,hmdb51
prelinger_LetsPlay1949_talk_h_nm_np1_fr_goo_18,46,160,16,32,16,k16,True,0.899676501750946,slowfast_r50,hmdb51
Pirates_7_talk_u_nm_np1_fr_med_5,46,102,16,32,16,k16,False,0.37771493196487427,slowfast_r50,hmdb51
Prelinger_FamilyLi1949_talk_h_nm_np1_fr_goo_11,46,262,16,32,16,k16,True,0.9999973773956299,slowfast_r50,hmdb51
Return_of_the_King_3_talk_h_nm_np1_fr_goo_2,46,125,16,32,16,k16,True,0.9996662139892578,slowfast_r50,hmdb51
The_Fugitive_3_talk_u_nm_np1_fr_med_5,46,215,16,32,16,k16,True,0.926501452922821,slowfast_r50,hmdb51
Prelinger_FamilyLi1949_talk_h_nm_np1_fr_goo_19,46,109,16,32,16,k16,True,0.9998216032981873,slowfast_r50,hmdb51
Prelinger_FamilyLi1949_talk_h_nm_np1_fr_goo_2,46,94,16,32,16,k16,True,0.9996302127838135,slowfast_r50,hmdb51
Return_of_the_King_2_talk_h_cm_np1_fr_goo_6,46,162,16,32,16,k16,True,0.5185487270355225,slowfast_r50,hmdb51
Fellowship_2_talk_h_nm_np1_fr_bad_6,46,168,16,32,16,k16,True,0.8930584788322449,slowfast_r50,hmdb51
prelinger_LetsPlay1949_talk_h_nm_np1_fr_goo_26,46,187,16,32,16,k16,True,0.9166468977928162,slowfast_r50,hmdb51
veoh_harold_and_kumar_talk_u_cm_np1_fr_goo_16,46,121,16,32,16,k16,False,0.5654536485671997,slowfast_r50,hmdb51
KnifeThrowingJackDaggerDemoReel_throw_u_cm_np1_ba_med_6,47,49,16,32,16,k16,True,0.972539484500885,slowfast_r50,hmdb51
Knifethrowing1_throw_u_cm_np1_le_med_0,47,37,16,32,16,k16,False,0.43637511134147644,slowfast_r50,hmdb51
Compilationknifethrowing_throw_u_nm_np1_ba_med_19,47,111,16,32,16,k16,True,0.9973620772361755,slowfast_r50,hmdb51
Webbpitching0045-8-08_throw_f_cm_np1_ba_med_2,47,189,16,32,16,k16,True,0.9863779544830322,slowfast_r50,hmdb51
KnifeThrowing_throw_f_nm_np1_le_med_3,47,80,16,32,16,k16,True,0.9124484658241272,slowfast_r50,hmdb51
amazingballthrowingtricks_throw_f_cm_np1_ri_med_1,47,81,16,32,16,k16,False,0.8680708408355713,slowfast_r50,hmdb51
Compilationknifethrowing_throw_u_nm_np1_ba_med_12,47,81,16,32,16,k16,True,0.9996929168701172,slowfast_r50,hmdb51
APOCALYPTO_throw_f_nm_np1_fr_med_1,47,55,16,32,16,k16,False,0.1790948510169983,slowfast_r50,hmdb51
AboutABoy_throw_f_nm_np1_ba_med_2,47,80,16,32,16,k16,False,0.29345110058784485,slowfast_r50,hmdb51
Knifethrowing4knivestogethernospin_throw_f_nm_np1_ri_med_1,47,81,16,32,16,k16,True,0.6325686573982239,slowfast_r50,hmdb51
KUNG_FU_HUSTLE_throw_u_cm_np1_fr_med_1,47,48,16,32,16,k16,False,0.592832088470459,slowfast_r50,hmdb51
Compilationknifethrowing_throw_u_nm_np1_ba_med_6,47,96,16,32,16,k16,True,0.99993896484375,slowfast_r50,hmdb51
amazingballthrowingtricks_throw_u_cm_np1_fr_med_3,47,80,16,32,16,k16,False,0.32661595940589905,slowfast_r50,hmdb51
Webbpitching0045-8-08_throw_f_cm_np1_ba_med_7,47,132,16,32,16,k16,True,0.9955494403839111,slowfast_r50,hmdb51
LittleChildren_throw_u_nm_np1_fr_med_8,47,79,16,32,16,k16,True,0.5801757574081421,slowfast_r50,hmdb51
AgentCodyBanks_turn_h_nm_np1_le_med_3,48,64,16,32,16,k16,True,0.9982670545578003,slowfast_r50,hmdb51
Veoh_Alpha_Dog_1_turn_u_nm_np1_le_med_19,48,55,16,32,16,k16,True,0.15472353994846344,slowfast_r50,hmdb51
LONGESTYARD_turn_u_cm_np1_ba_med_0,48,50,16,32,16,k16,True,0.7051189541816711,slowfast_r50,hmdb51
happy_go_lovely_turn_u_nm_np1_fr_med_12,48,52,16,32,16,k16,False,0.9923760294914246,slowfast_r50,hmdb51
Veoh_Alpha_Dog_2_turn_h_nm_np1_ba_med_7,48,49,16,32,16,k16,True,0.9749740958213806,slowfast_r50,hmdb51
The_Fugitive_6_turn_u_cm_np1_le_goo_8,48,92,16,32,16,k16,True,0.9710860252380371,slowfast_r50,hmdb51
Pirates_2_turn_h_cm_np1_fr_goo_2,48,36,16,32,16,k16,True,0.47227856516838074,slowfast_r50,hmdb51
The_Fugitive_2_turn_h_nm_np1_le_goo_3,48,55,16,32,16,k16,True,0.9971646666526794,slowfast_r50,hmdb51
A_Beautiful_Mind_1_turn_u_cm_np1_ri_goo_9,48,80,16,32,16,k16,True,0.8099413514137268,slowfast_r50,hmdb51
The_Fugitive_2_turn_u_cm_np1_fr_med_10,48,54,16,32,16,k16,True,0.9680739641189575,slowfast_r50,hmdb51
Sixthsense_turn_f_nm_np1_ba_med_6,48,103,16,32,16,k16,False,0.8675703406333923,slowfast_r50,hmdb51
Oceans12_turn_u_nm_np1_fr_med_14,48,76,16,32,16,k16,True,0.9601137638092041,slowfast_r50,hmdb51
AgentCodyBanks_turn_u_nm_np1_ba_med_1,48,48,16,32,16,k16,True,0.9982775449752808,slowfast_r50,hmdb51
OldSchool_turn_f_cm_np1_ba_med_16,48,48,16,32,16,k16,True,0.4415966868400574,slowfast_r50,hmdb51
The_Fugitive_4_turn_u_cm_np1_fr_med_3,48,41,16,32,16,k16,True,0.9513382911682129,slowfast_r50,hmdb51
Man_Who_Cheated_Himself_512kb_turn_u_nm_np1_fr_med_9,48,76,16,32,16,k16,False,0.3772975206375122,slowfast_r50,hmdb51
SweeneyTodd_turn_h_cm_np1_fr_goo_36,48,48,16,32,16,k16,True,0.900323748588562,slowfast_r50,hmdb51
Man_Who_Cheated_Himself_512kb_turn_u_nm_np1_fr_med_10,48,79,16,32,16,k16,True,0.9900394082069397,slowfast_r50,hmdb51
Oceans13_turn_h_cm_np1_fr_goo_10,48,78,16,32,16,k16,True,0.9502791166305542,slowfast_r50,hmdb51
The_Fugitive_2_turn_u_nm_np1_ba_goo_18,48,55,16,32,16,k16,False,0.9056728482246399,slowfast_r50,hmdb51
NOVA_ELEGANTUNIVERSE1_walk_f_nm_np1_le_med_3,49,109,16,32,16,k16,True,0.867207944393158,slowfast_r50,hmdb51
TheLittleShopofHorrors_walk_u_cm_np1_ri_med_1,49,53,16,32,16,k16,True,0.44653451442718506,slowfast_r50,hmdb51
Return_of_the_King_5_walk_f_nm_np1_ba_med_1,49,134,16,32,16,k16,True,0.9949913620948792,slowfast_r50,hmdb51
TheBoondockSaints_walk_u_cm_np1_ri_med_50,49,132,16,32,16,k16,False,0.3042326867580414,slowfast_r50,hmdb51
TheLittleShopofHorrors_walk_f_nm_np1_ri_med_5,49,76,16,32,16,k16,False,0.7912421822547913,slowfast_r50,hmdb51
AgentCodyBanks_walk_f_nm_np1_fr_med_17,49,69,16,32,16,k16,True,0.9052258133888245,slowfast_r50,hmdb51
The_House_on_Haunted_Hill_walk_f_cm_np1_fr_med_18,49,80,16,32,16,k16,True,0.9840146899223328,slowfast_r50,hmdb51
The_Departed_-_Part_2_walk_u_cm_np1_fr_bad_5,49,107,16,32,16,k16,True,0.5717973709106445,slowfast_r50,hmdb51
TheBoondockSaints_walk_u_cm_np1_le_med_25,49,49,16,32,16,k16,False,0.18780355155467987,slowfast_r50,hmdb51
AmericanGangster_walk_f_nm_np1_ba_med_30,49,79,16,32,16,k16,False,0.13396528363227844,slowfast_r50,hmdb51
CastAway1_walk_f_nm_np1_fr_med_12,49,134,16,32,16,k16,True,0.9974923133850098,slowfast_r50,hmdb51
CharlieAndTheChocolateFactory_walk_f_cm_np1_fr_med_14,49,83,16,32,16,k16,False,0.32065248489379883,slowfast_r50,hmdb51
Oceans12_walk_u_cm_np1_fr_med_5,49,53,16,32,16,k16,False,0.32699236273765564,slowfast_r50,hmdb51
Narcotic19672256kb_walk_f_cm_np1_ri_med_1,49,135,16,32,16,k16,False,0.662511944770813,slowfast_r50,hmdb51
IamLegend_walk_l_nm_np1_ba_med_5,49,135,16,32,16,k16,True,0.3712478280067444,slowfast_r50,hmdb51
EverythingisIlluminated_walk_f_nm_np1_le_med_0,49,103,16,32,16,k16,False,0.7305240035057068,slowfast_r50,hmdb51
NOVA_ELEGANTUNIVERSE1_walk_u_nm_np1_fr_bad_1,49,105,16,32,16,k16,True,0.67735755443573,slowfast_r50,hmdb51
Hitch_Part_2_walk_h_cm_np1_fr_med_3,49,77,16,32,16,k16,False,0.6212262511253357,slowfast_r50,hmdb51
Prelinger_LetYours1940_walk_u_cm_np2_ba_med_3,49,103,16,32,16,k16,False,0.5694872140884399,slowfast_r50,hmdb51
HP_PRISONER_OF_AZKABAN_walk_f_cm_np1_ri_med_2,49,49,16,32,16,k16,False,0.907820463180542,slowfast_r50,hmdb51
50_FIRST_DATES_wave_u_cm_np1_fr_goo_30,50,54,16,32,16,k16,True,0.37358155846595764,slowfast_r50,hmdb51
TrumanShow_wave_u_nm_np1_fr_med_0,50,73,16,32,16,k16,True,0.33653828501701355,slowfast_r50,hmdb51
Song_I_Can_Wave_My_Hands_-_Cullen_s_Abc_s_wave_u_cm_np1_fr_med_1,50,80,16,32,16,k16,True,0.42694324254989624,slowfast_r50,hmdb51
Bubble_Gum_Club_2_wave_h_nm_np2_fr_med_0,50,79,16,32,16,k16,False,0.4169917404651642,slowfast_r50,hmdb51
Abschieds-winken_!!!!!!_Gruss_Guido_wave_u_cm_np1_fr_bad_1,50,111,16,32,16,k16,True,0.9189793467521667,slowfast_r50,hmdb51
L_cheln_Und_Winken_wave_h_cm_np1_fr_med_1,50,51,16,32,16,k16,False,0.8469471335411072,slowfast_r50,hmdb51
RATRACE_wave_f_nm_np1_fr_goo_37,50,73,16,32,16,k16,False,0.4129900634288788,slowfast_r50,hmdb51
RATRACE_wave_u_cm_np1_fr_med_6,50,50,16,32,16,k16,True,0.6998755931854248,slowfast_r50,hmdb51
prelinger_LetsBeGo1953_wave_u_cm_np10_ba_med_2,50,106,16,32,16,k16,False,0.634992778301239,slowfast_r50,hmdb51
OldSchool_wave_f_cm_np1_fr_med_13,50,49,16,32,16,k16,False,0.37158456444740295,slowfast_r50,hmdb51
Bush_Wave_vs__Obama_Wave_and_Which_Commander-in-chief_Salutes_the_Best__You_Decide_wave_u_cm_np1_fr_med_2,50,99,16,32,16,k16,True,0.7478028535842896,slowfast_r50,hmdb51
BIG_FISH_wave_u_nm_np1_fr_goo_9,50,57,16,32,16,k16,False,0.9998574256896973,slowfast_r50,hmdb51
EVOLUTION_wave_u_cm_np1_fr_med_4,50,83,16,32,16,k16,False,0.46841615438461304,slowfast_r50,hmdb51
Poldi_beim_Spiel_Deutschland_Schweden_16_8_wave_u_cm_np1_ri_med_0,50,80,16,32,16,k16,False,0.09717866033315659,slowfast_r50,hmdb51
Bush_Wave_vs__Obama_Wave_and_Which_Commander-in-chief_Salutes_the_Best__You_Decide_wave_u_cm_np1_fr_med_0,50,206,16,32,16,k16,True,0.716931164264679,slowfast_r50,hmdb51
