dataset,split,budget,coverage,stride,n,top1,top5,mean_confidence,mean_decode_time_s,mean_inference_time_s,mean_total_time_s,mean_processed_frames,mean_model_input_frames,mean_source_frames
ucf101,val,16,100,1,2020,0.8658415841584158,0.9707920792079208,0.801228336803615,0.019025095810711448,0.0011661623786422563,0.40848684256330436,16.0,16.0,181.19752475247526
