dataset,split,budget,coverage,stride,n,top1,top5,mean_confidence,mean_decode_time_s,mean_inference_time_s,mean_total_time_s,mean_processed_frames,mean_model_input_frames,mean_source_frames
ucf101,val,16,10,8,2020,0.6678217821782179,0.8881188118811881,0.6126301587218105,0.005845715823101507,0.0011910076587377946,0.18409791090470937,16.0,16.0,181.19752475247526
