dataset,split,budget,coverage,stride,n,top1,top5,mean_confidence,mean_decode_time_s,mean_inference_time_s,mean_total_time_s,mean_processed_frames,mean_model_input_frames,mean_source_frames
ucf101,val,16,100,16,2020,0.8326732673267326,0.9613861386138614,0.7428973221118645,0.017060301563181536,0.0011818862346687936,0.36944698827262823,16.0,16.0,181.19752475247526
