dataset,split,budget,coverage,stride,n,top1,top5,mean_confidence,mean_decode_time_s,mean_inference_time_s,mean_total_time_s,mean_processed_frames,mean_model_input_frames,mean_source_frames
ucf101,val,16,100,4,2020,0.8663366336633663,0.9712871287128713,0.8013801143126618,0.019029644842053266,0.001191426597628973,0.4065494964756233,16.0,16.0,181.19752475247526
