dataset,split,budget,coverage,stride,n,top1,top5,mean_confidence,mean_decode_time_s,mean_inference_time_s,mean_total_time_s,mean_processed_frames,mean_model_input_frames,mean_source_frames
ucf101,val,16,10,16,2020,0.6346534653465347,0.8698019801980198,0.5890904542169358,0.005214769510514251,0.0011913436168740218,0.17355538214347094,16.0,16.0,181.19752475247526
