dataset,split,budget,coverage,stride,n,top1,top5,mean_confidence,mean_decode_time_s,mean_inference_time_s,mean_total_time_s,mean_processed_frames,mean_model_input_frames,mean_source_frames
ucf101,val,16,100,8,2020,0.8594059405940594,0.9693069306930693,0.7904113038802648,0.01844015631442636,0.0011746025307675695,0.3938316189021213,16.0,16.0,181.19752475247526
