dataset,split,budget,coverage,stride,n,top1,top5,mean_confidence,mean_decode_time_s,mean_inference_time_s,mean_total_time_s,mean_processed_frames,mean_model_input_frames,mean_source_frames
ucf101,val,16,10,2,2020,0.7346534653465346,0.9188118811881189,0.6689065505040459,0.006808630116474077,0.001202902774756433,0.20052542935893755,16.0,16.0,181.19752475247526
