dataset,split,budget,coverage,stride,n,top1,top5,mean_confidence,mean_decode_time_s,mean_inference_time_s,mean_total_time_s,mean_processed_frames,mean_model_input_frames,mean_source_frames
ucf101,val,16,25,4,2020,0.7925742574257426,0.9445544554455445,0.7205925913103441,0.009465643499187184,0.0011834328806564895,0.24378588168321658,16.0,16.0,181.19752475247526
