dataset,split,budget,coverage,stride,n,top1,top5,mean_confidence,mean_decode_time_s,mean_inference_time_s,mean_total_time_s,mean_processed_frames,mean_model_input_frames,mean_source_frames
ucf101,val,16,25,1,2020,0.8024752475247525,0.9539603960396039,0.7563794154987329,0.009483441562935858,0.0011751759622423532,0.2443083742889057,16.0,16.0,181.19752475247526
