dataset,split,budget,coverage,stride,n,top1,top5,mean_confidence,mean_decode_time_s,mean_inference_time_s,mean_total_time_s,mean_processed_frames,mean_model_input_frames,mean_source_frames
ucf101,val,16,50,4,2020,0.8391089108910891,0.9643564356435643,0.7788383099794536,0.013639401289545654,0.001192075018263837,0.31317599224489145,16.0,16.0,181.19752475247526
