dataset,split,budget,coverage,stride,n,top1,top5,mean_confidence,mean_decode_time_s,mean_inference_time_s,mean_total_time_s,mean_processed_frames,mean_model_input_frames,mean_source_frames
ucf101,val,16,75,2,2020,0.8613861386138614,0.9693069306930693,0.7982796418600449,0.01720621448421118,0.0012001484871662156,0.37341139881132807,16.0,16.0,181.19752475247526
