dataset,split,budget,coverage,stride,n,top1,top5,mean_confidence,mean_decode_time_s,mean_inference_time_s,mean_total_time_s,mean_processed_frames,mean_model_input_frames,mean_source_frames
ucf101,val,16,75,4,2020,0.8603960396039604,0.9707920792079208,0.7969538353365099,0.016920425914865367,0.0011775763052985957,0.3673911738477412,16.0,16.0,181.19752475247526
