dataset,split,budget,coverage,stride,n,top1,top5,mean_confidence,mean_decode_time_s,mean_inference_time_s,mean_total_time_s,mean_processed_frames,mean_model_input_frames,mean_source_frames
ucf101,val,16,75,16,2020,0.8118811881188119,0.9559405940594059,0.7109884006404641,0.014239223018469575,0.0011867925283236263,0.3227385670844855,16.0,16.0,181.19752475247526
