dataset,split,budget,coverage,stride,n,top1,top5,mean_confidence,mean_decode_time_s,mean_inference_time_s,mean_total_time_s,mean_processed_frames,mean_model_input_frames,mean_source_frames
ucf101,val,16,75,1,2020,0.8613861386138614,0.9698019801980198,0.7988038019415471,0.016808712265816157,0.0011768666676955648,0.3660199368329624,16.0,16.0,181.19752475247526
