resolution,top1,n,model,dataset,native_res
48,0.2574045801526717,3275,vivit,ssv2,224
96,0.3639694656488549,3275,vivit,ssv2,224
112,0.3709923664122137,3275,vivit,ssv2,224
160,0.3807633587786259,3275,vivit,ssv2,224
224,0.383206106870229,3275,vivit,ssv2,224
336,0.3804580152671756,3275,vivit,ssv2,224
