resolution,top1,n,model,dataset,native_res
96,0.36396946564885496,3275,vivit,ssv2,224
112,0.3709923664122137,3275,vivit,ssv2,224
160,0.38076335877862594,3275,vivit,ssv2,224
224,0.383206106870229,3275,vivit,ssv2,224
336,0.3804580152671756,3275,vivit,ssv2,224
