resolution,top1,n,model,dataset,native_res
48,0.4463276836158192,885,mc3_18,hmdb51,112
96,0.7672316384180791,885,mc3_18,hmdb51,112
112,0.7864406779661017,885,mc3_18,hmdb51,112
160,0.7423728813559322,885,mc3_18,hmdb51,112
224,0.5096045197740113,885,mc3_18,hmdb51,112
336,0.1446327683615819,885,mc3_18,hmdb51,112
