resolution,top1,n,model,dataset,native_res
96,0.5717514124293785,885,mc3_18,hmdb51,112
112,0.6406779661016949,885,mc3_18,hmdb51,112
160,0.7502824858757062,885,mc3_18,hmdb51,112
224,0.7627118644067796,885,mc3_18,hmdb51,112
336,0.5898305084745763,885,mc3_18,hmdb51,112
