resolution,top1,n,model,dataset,native_res
96,0.7672316384180791,885,mc3_18,hmdb51,112
112,0.7864406779661017,885,mc3_18,hmdb51,112
160,0.7423728813559322,885,mc3_18,hmdb51,112
224,0.5096045197740113,885,mc3_18,hmdb51,112
336,0.14463276836158193,885,mc3_18,hmdb51,112
