dataset,split,budget,coverage,stride,n,top1,top5,mean_confidence,mean_decode_time_s,mean_inference_time_s,mean_total_time_s,mean_processed_frames,mean_model_input_frames,mean_source_frames
hmdb51,val,32,25,4,885,0.47909604519774013,0.7570621468926554,0.44518658332316213,0.015960467447616204,0.0032683319095153846,0.43612155004938546,32.0,32.0,96.54124293785311
