dataset,split,budget,coverage,stride,n,top1,top5,mean_confidence,mean_decode_time_s,mean_inference_time_s,mean_total_time_s,mean_processed_frames,mean_model_input_frames,mean_source_frames
autsl,val,16,10,8,4418,0.007243096423721141,0.028519692168401993,0.1804518781993631,0.008397778850398711,0.0014445588908391389,0.22728560589570737,16.0,16.0,59.18605703938434
