dataset,split,budget,coverage,stride,n,top1,top5,mean_confidence,mean_decode_time_s,mean_inference_time_s,mean_total_time_s,mean_processed_frames,mean_model_input_frames,mean_source_frames
autsl,val,16,10,16,4418,0.007243096423721141,0.028519692168401993,0.18046042416539868,0.008783774999138549,0.0014668046892061999,0.23802468063603435,16.0,16.0,59.18605703938434
