dataset,split,budget,coverage,stride,n,top1,top5,mean_confidence,mean_decode_time_s,mean_inference_time_s,mean_total_time_s,mean_processed_frames,mean_model_input_frames,mean_source_frames
autsl,val,16,25,16,4418,0.009053870529651425,0.03712086917157085,0.20290160493022139,0.009419385213251008,0.0014509306249835673,0.24509931372025592,16.0,16.0,59.18605703938434
