dataset,split,budget,coverage,stride,n,top1,top5,mean_confidence,mean_decode_time_s,mean_inference_time_s,mean_total_time_s,mean_processed_frames,mean_model_input_frames,mean_source_frames
hmdb51,val,32,10,1,885,0.20451977401129945,0.4440677966101695,0.16433361343155473,0.012582482340992929,0.0035530072884202677,0.38612772645665555,32.0,32.0,96.54124293785311
