dataset,split,budget,coverage,stride,n,top1,top5,mean_confidence,mean_decode_time_s,mean_inference_time_s,mean_total_time_s,mean_processed_frames,mean_model_input_frames,mean_source_frames
hmdb51,val,32,75,16,885,0.22372881355932203,0.49491525423728816,0.20508525218330534,0.029200857105312374,0.002741610165948501,0.6457535048723115,32.0,32.0,96.54124293785311
