dataset,split,budget,coverage,stride,n,top1,top5,mean_confidence,mean_decode_time_s,mean_inference_time_s,mean_total_time_s,mean_processed_frames,mean_model_input_frames,mean_source_frames
hmdb51,val,16,25,16,885,0.49491525423728816,0.7299435028248588,0.4283704771076219,0.009665142987607478,0.00024767576132790517,0.1888831617097544,16.0,16.0,96.54124293785311
