dataset,split,budget,coverage,stride,n,top1,top5,mean_confidence,mean_decode_time_s,mean_inference_time_s,mean_total_time_s,mean_processed_frames,mean_model_input_frames,mean_source_frames
hmdb51,val,16,50,8,885,0.5785310734463277,0.8067796610169492,0.47400331917287264,0.015906810927820408,0.00025604706399647866,0.29733653371616947,16.0,16.0,96.54124293785311
