dataset,split,budget,coverage,stride,n,top1,top5,mean_confidence,mean_decode_time_s,mean_inference_time_s,mean_total_time_s,mean_processed_frames,mean_model_input_frames,mean_source_frames
ucf101,val,16,10,2,2020,0.5148514851485149,0.7673267326732673,0.41150650929770255,0.006365023263024701,0.009727491405884744,0.43044077703766154,16.0,16.0,181.19752475247526
