dataset,split,budget,coverage,stride,n,top1,top5,mean_confidence,mean_decode_time_s,mean_inference_time_s,mean_total_time_s,mean_processed_frames,mean_model_input_frames,mean_source_frames
ucf101,val,16,10,4,2020,0.4638613861386139,0.7257425742574257,0.3716259018278284,0.0058816262470134115,0.009727519677633807,0.4225051240044609,16.0,16.0,181.19752475247526
