dataset,split,budget,coverage,stride,n,top1,top5,mean_confidence,mean_decode_time_s,mean_inference_time_s,mean_total_time_s,mean_processed_frames,mean_model_input_frames,mean_source_frames
ucf101,val,16,10,16,2020,0.38366336633663367,0.6163366336633663,0.3158786272832958,0.004806958462485103,0.009786214183850011,0.40651177451277315,16.0,16.0,181.19752475247526
