dataset,split,budget,coverage,stride,n,top1,top5,mean_confidence,mean_decode_time_s,mean_inference_time_s,mean_total_time_s,mean_processed_frames,mean_model_input_frames,mean_source_frames
ucf101,val,16,25,16,2020,0.44801980198019803,0.7029702970297029,0.35189302625724733,0.00694255266294787,0.009760066452505307,0.4412732375107964,16.0,16.0,181.19752475247526
