dataset,split,budget,coverage,stride,n,top1,top5,mean_confidence,mean_decode_time_s,mean_inference_time_s,mean_total_time_s,mean_processed_frames,mean_model_input_frames,mean_source_frames
ucf101,val,16,25,1,2020,0.6410891089108911,0.8574257425742574,0.5161139953641756,0.009143583355978648,0.009716658507897933,0.47677784657721306,16.0,16.0,181.19752475247526
