dataset,split,budget,coverage,stride,n,top1,top5,mean_confidence,mean_decode_time_s,mean_inference_time_s,mean_total_time_s,mean_processed_frames,mean_model_input_frames,mean_source_frames
ucf101,val,16,25,4,2020,0.5975247524752475,0.8356435643564356,0.47258874086644687,0.009090944100517116,0.009704170759887167,0.4750184077615066,16.0,16.0,181.19752475247526
