dataset,split,budget,coverage,stride,n,top1,top5,mean_confidence,mean_decode_time_s,mean_inference_time_s,mean_total_time_s,mean_processed_frames,mean_model_input_frames,mean_source_frames
ucf101,val,16,100,16,2020,0.8396039603960396,0.9559405940594059,0.7555820616423199,0.020583257053997182,0.005801644367119758,0.7733428692917736,16.0,16.0,181.19752475247526
