dataset,split,budget,coverage,stride,n,top1,top5,mean_confidence,mean_decode_time_s,mean_inference_time_s,mean_total_time_s,mean_processed_frames,mean_model_input_frames,mean_source_frames
ucf101,val,16,100,8,2020,0.8940594059405941,0.9762376237623762,0.8349088528940436,0.022203543040979802,0.005900164245683147,0.8051706300611552,16.0,16.0,181.19752475247526
