dataset,split,budget,coverage,stride,n,top1,top5,mean_confidence,mean_decode_time_s,mean_inference_time_s,mean_total_time_s,mean_processed_frames,mean_model_input_frames,mean_source_frames
ucf101,val,16,50,16,2020,0.7138613861386138,0.9054455445544555,0.5947606041013161,0.013758222065695404,0.005735049655287536,0.6594988817068987,16.0,16.0,181.19752475247526
