dataset,split,budget,coverage,stride,n,top1,top5,mean_confidence,mean_decode_time_s,mean_inference_time_s,mean_total_time_s,mean_processed_frames,mean_model_input_frames,mean_source_frames
ucf101,val,16,75,16,2020,0.7925742574257426,0.9356435643564357,0.6892648586782046,0.017450951775282362,0.005869988715137807,0.7240952227784477,16.0,16.0,181.19752475247526
