resolution,top1,n,model,dataset,native_res
96,0.40091603053435115,3275,r2plus1d_18,ssv2,112
112,0.4256488549618321,3275,r2plus1d_18,ssv2,112
160,0.3618320610687023,3275,r2plus1d_18,ssv2,112
224,0.2082442748091603,3275,r2plus1d_18,ssv2,112
336,0.059236641221374044,3275,r2plus1d_18,ssv2,112
