dataset,split,budget,coverage,stride,n,top1,top5,mean_confidence,mean_decode_time_s,mean_inference_time_s,mean_total_time_s,mean_processed_frames,mean_model_input_frames,mean_source_frames
ucf101,val,16,10,2,2020,0.3915841584158416,0.6683168316831684,0.46059639509398453,0.009404724395354417,0.0013666810316845112,0.24051330322549577,16.0,16.0,181.19752475247526
