dataset,split,budget,coverage,stride,n,top1,top5,mean_confidence,mean_decode_time_s,mean_inference_time_s,mean_total_time_s,mean_processed_frames,mean_model_input_frames,mean_source_frames
ucf101,val,16,10,4,2020,0.31683168316831684,0.6004950495049505,0.4128665110068672,0.007961191687188895,0.0012109977289997411,0.20990993441485956,16.0,16.0,181.19752475247526
