dataset,split,budget,coverage,stride,n,top1,top5,mean_confidence,mean_decode_time_s,mean_inference_time_s,mean_total_time_s,mean_processed_frames,mean_model_input_frames,mean_source_frames
ucf101,val,16,100,16,2020,0.5618811881188119,0.8222772277227722,0.5753454508296777,0.01915417068642518,0.0011833437150205938,0.39204292241299504,16.0,16.0,181.19752475247526
