dataset,split,budget,coverage,stride,n,top1,top5,mean_confidence,mean_decode_time_s,mean_inference_time_s,mean_total_time_s,mean_processed_frames,mean_model_input_frames,mean_source_frames
ucf101,val,16,10,8,2020,0.24603960396039604,0.5054455445544555,0.3911818039216249,0.007096838370071595,0.001199405542966716,0.1943520827271911,16.0,16.0,181.19752475247526
