dataset,split,budget,coverage,stride,n,top1,top5,mean_confidence,mean_decode_time_s,mean_inference_time_s,mean_total_time_s,mean_processed_frames,mean_model_input_frames,mean_source_frames
ucf101,val,16,25,16,2020,0.27722772277227725,0.5386138613861386,0.39655503436627954,0.00887968857071851,0.0011924837154594463,0.22342239040201345,16.0,16.0,181.19752475247526
