dataset,split,budget,coverage,stride,n,top1,top5,mean_confidence,mean_decode_time_s,mean_inference_time_s,mean_total_time_s,mean_processed_frames,mean_model_input_frames,mean_source_frames
ucf101,val,16,25,8,2020,0.38712871287128714,0.6603960396039604,0.44591167914303076,0.010583467552055706,0.0012385156606139597,0.2536931597213906,16.0,16.0,181.19752475247526
