dataset,split,budget,coverage,stride,n,top1,top5,mean_confidence,mean_decode_time_s,mean_inference_time_s,mean_total_time_s,mean_processed_frames,mean_model_input_frames,mean_source_frames
ucf101,val,16,50,8,2020,0.5351485148514852,0.799009900990099,0.5528611865955045,0.014711921447357808,0.0012274158476519924,0.31986552661718193,16.0,16.0,181.19752475247526
