dataset,split,budget,coverage,stride,n,top1,top5,mean_confidence,mean_decode_time_s,mean_inference_time_s,mean_total_time_s,mean_processed_frames,mean_model_input_frames,mean_source_frames
ucf101,val,16,50,16,2020,0.41138613861386136,0.6806930693069307,0.4444696742460353,0.012333661167868552,0.0012079202081307326,0.280036278252287,16.0,16.0,181.19752475247526
