dataset,split,budget,coverage,stride,n,top1,top5,mean_confidence,mean_decode_time_s,mean_inference_time_s,mean_total_time_s,mean_processed_frames,mean_model_input_frames,mean_source_frames
ucf101,val,16,75,16,2020,0.49405940594059405,0.7683168316831683,0.5185537145869566,0.016062481975468744,0.0012240054228776457,0.342203277446408,16.0,16.0,181.19752475247526
