dataset,split,budget,coverage,stride,n,top1,top5,mean_confidence,mean_decode_time_s,mean_inference_time_s,mean_total_time_s,mean_processed_frames,mean_model_input_frames,mean_source_frames
diving48,val,16,10,16,743,0.05383580080753701,0.21534320323014805,0.33911319942405377,0.012561229685594704,0.00043628540035452526,0.26039078105228525,16.0,16.0,111.67833109017496
