dataset,split,budget,coverage,stride,n,top1,top5,mean_confidence,mean_decode_time_s,mean_inference_time_s,mean_total_time_s,mean_processed_frames,mean_model_input_frames,mean_source_frames
diving48,val,16,25,1,743,0.059219380888290714,0.2597577388963661,0.34388988273541665,0.020793122454693048,0.00045117795433533226,0.4021124660531322,16.0,16.0,111.67833109017496
