dataset,split,budget,coverage,stride,n,top1,top5,mean_confidence,mean_decode_time_s,mean_inference_time_s,mean_total_time_s,mean_processed_frames,mean_model_input_frames,mean_source_frames
diving48,val,16,50,2,743,0.09959623149394348,0.32705248990578734,0.36286002876861256,0.025765502298925158,0.00043497902365002784,0.48460506801750425,16.0,16.0,111.67833109017496
