dataset,split,budget,coverage,stride,n,top1,top5,mean_confidence,mean_decode_time_s,mean_inference_time_s,mean_total_time_s,mean_processed_frames,mean_model_input_frames,mean_source_frames
diving48,val,16,10,16,743,0.052489905787348586,0.21399730820995963,0.30297203115306665,0.015373404925277966,0.0026692750260188755,0.4203567159400368,16.0,16.0,111.67833109017496
