dataset,split,budget,coverage,stride,n,top1,top5,mean_confidence,mean_decode_time_s,mean_inference_time_s,mean_total_time_s,mean_processed_frames,mean_model_input_frames,mean_source_frames
diving48,val,16,25,16,743,0.05787348586810229,0.22611036339165544,0.30541658110685976,0.018921920198641345,0.002680297308911044,0.48014650951906745,16.0,16.0,111.67833109017496
