resolution,top1,n,model,dataset,native_res
96,0.773426889995473,4418,videomae,autsl,224
112,0.7820280669986419,4418,videomae,autsl,224
160,0.7947034857401539,4418,videomae,autsl,224
224,0.7958352195563604,4418,videomae,autsl,224
336,0.7928927116342236,4418,videomae,autsl,224
