dataset,split,budget,coverage,stride,n,top1,top5,mean_confidence,mean_decode_time_s,mean_inference_time_s,mean_total_time_s,mean_processed_frames,mean_model_input_frames,mean_source_frames
ucf101,val,8,10,16,2020,0.30544554455445544,0.5787128712871287,0.4052305533799647,0.005594990414332156,0.0015155937988311052,0.15462007557530658,8.0,8.0,181.19752475247526
