resolution,top1,n,model,dataset,native_res
48,0.052824427480916,3275,slowfast_r50,ssv2,224
96,0.2769465648854962,3275,slowfast_r50,ssv2,224
112,0.3242748091603053,3275,slowfast_r50,ssv2,224
160,0.4570992366412214,3275,slowfast_r50,ssv2,224
224,0.4949618320610687,3275,slowfast_r50,ssv2,224
336,0.3596946564885496,3275,slowfast_r50,ssv2,224
