resolution,top1,n,model,dataset,native_res
48,0.8163366336633663,2020,timesformer,ucf101,224
96,0.8905940594059406,2020,timesformer,ucf101,224
112,0.8965346534653466,2020,timesformer,ucf101,224
160,0.9074257425742576,2020,timesformer,ucf101,224
224,0.9148514851485148,2020,timesformer,ucf101,224
336,0.9094059405940594,2020,timesformer,ucf101,224
