resolution,top1,n,model,dataset,native_res
96,0.8905940594059406,2020,timesformer,ucf101,224
112,0.8965346534653466,2020,timesformer,ucf101,224
160,0.9074257425742575,2020,timesformer,ucf101,224
224,0.9148514851485149,2020,timesformer,ucf101,224
336,0.9094059405940594,2020,timesformer,ucf101,224
