dataset,split,budget,coverage,stride,n,top1,top5,mean_confidence,mean_decode_time_s,mean_inference_time_s,mean_total_time_s,mean_processed_frames,mean_model_input_frames,mean_source_frames
autsl,val,16,10,8,4418,0.004074241738343142,0.028293345405160705,0.09056555576818111,0.010275633125357252,0.004681361546529555,0.41472619269411054,16.0,16.0,59.18605703938434
