resolution,top1,n,model,dataset,native_res
96,0.0043005885015844,4418,videomamba,autsl,224
112,0.004300588501584427,4418,videomamba,autsl,224
160,0.004300588501584427,4418,videomamba,autsl,224
224,0.004300588501584427,4418,videomamba,autsl,224
336,0.004300588501584427,4418,videomamba,autsl,224
