resolution,top1,n,model,dataset,native_res
48,0.0038478949751018,4418,videomamba,autsl,224
96,0.0043005885015844,4418,videomamba,autsl,224
112,0.0043005885015844,4418,videomamba,autsl,224
160,0.0043005885015844,4418,videomamba,autsl,224
224,0.0043005885015844,4418,videomamba,autsl,224
336,0.0043005885015844,4418,videomamba,autsl,224
