dataset,split,budget,coverage,stride,n,top1,top5,mean_confidence,mean_decode_time_s,mean_inference_time_s,mean_total_time_s,mean_processed_frames,mean_model_input_frames,mean_source_frames
autsl,val,16,10,16,4418,0.0074694431869624265,0.03078315980081485,0.043924210249075744,0.007000610574958917,0.004520211592776176,0.43424398451374235,16.0,16.0,59.18605703938434
