dataset,split,budget,coverage,stride,n,top1,top5,mean_confidence,mean_decode_time_s,mean_inference_time_s,mean_total_time_s,mean_processed_frames,mean_model_input_frames,mean_source_frames
ucf101,val,16,100,1,2020,0.8123762376237624,0.9584158415841584,0.8068391994600839,0.023632952235731305,0.001686176045631787,0.4924025156610129,16.0,16.0,181.19752475247526
