dataset,split,budget,coverage,stride,n,top1,top5,mean_confidence,mean_decode_time_s,mean_inference_time_s,mean_total_time_s,mean_processed_frames,mean_model_input_frames,mean_source_frames
ucf101,val,16,100,1,2020,0.7212871287128713,0.9207920792079208,0.7238730422663733,0.02415172093695417,0.0015662922865093344,0.4962909491131045,16.0,16.0,181.19752475247526
