dataset,split,budget,coverage,stride,n,top1,top5,mean_confidence,mean_decode_time_s,mean_inference_time_s,mean_total_time_s,mean_processed_frames,mean_model_input_frames,mean_source_frames
ucf101,val,16,100,1,2020,0.20742574257425742,0.4603960396039604,0.29981216538033567,0.026126544942645966,0.013426965515309077,1.1024828695145776,16.0,16.0,181.19752475247526
