dataset,split,budget,coverage,stride,n,top1,top5,mean_confidence,mean_decode_time_s,mean_inference_time_s,mean_total_time_s,mean_processed_frames,mean_model_input_frames,mean_source_frames
ucf101,val,16,100,1,2020,0.48118811881188117,0.7584158415841584,0.5953383803293847,0.02200516611614292,0.0005221885665882342,0.3998168590654951,16.0,16.0,181.19752475247526
