dataset,split,budget,coverage,stride,n,top1,top5,mean_confidence,mean_decode_time_s,mean_inference_time_s,mean_total_time_s,mean_processed_frames,mean_model_input_frames,mean_source_frames
ucf101,val,16,100,1,2020,0.7985148514851486,0.9574257425742574,0.8292052496925439,0.02383974875348832,0.0013752864289908937,0.4800755014983098,16.0,16.0,181.19752475247526
