dataset,split,budget,coverage,stride,n,top1,top5,mean_confidence,mean_decode_time_s,mean_inference_time_s,mean_total_time_s,mean_processed_frames,mean_model_input_frames,mean_source_frames
ucf101,val,16,100,1,2020,0.6594059405940594,0.8955445544554456,0.693652993213791,0.024290124651178312,0.0013793053646055558,0.48592361128810646,16.0,16.0,181.19752475247526
