resolution,top1,n,model,dataset,native_res
96,0.7985148514851486,2020,r3d_18,ucf101,112
112,0.8123762376237624,2020,r3d_18,ucf101,112
160,0.752970297029703,2020,r3d_18,ucf101,112
224,0.550990099009901,2020,r3d_18,ucf101,112
336,0.20742574257425742,2020,r3d_18,ucf101,112
