resolution,top1,n,model,dataset,native_res
96,0.6594059405940594,2020,r3d_18,ucf101,112
112,0.7212871287128713,2020,r3d_18,ucf101,112
160,0.8148514851485148,2020,r3d_18,ucf101,112
224,0.8475247524752475,2020,r3d_18,ucf101,112
336,0.7282178217821782,2020,r3d_18,ucf101,112
