dataset,split,budget,coverage,stride,n,top1,top5,mean_confidence,mean_decode_time_s,mean_inference_time_s,mean_total_time_s,mean_processed_frames,mean_model_input_frames,mean_source_frames
ucf101,val,16,100,4,2020,0.8534653465346534,0.9643564356435643,0.8219155441711444,0.023211202445142617,0.0015382939220595145,0.4853236256631801,16.0,16.0,181.19752475247526
