dataset,split,budget,coverage,stride,n,top1,top5,mean_confidence,mean_decode_time_s,mean_inference_time_s,mean_total_time_s,mean_processed_frames,mean_model_input_frames,mean_source_frames
ucf101,val,16,10,4,2020,0.7128712871287128,0.8975247524752475,0.6713193602675553,0.008546003705181071,0.0015638522048236451,0.23710508589491036,16.0,16.0,181.19752475247526
