dataset,split,budget,coverage,stride,n,top1,top5,mean_confidence,mean_decode_time_s,mean_inference_time_s,mean_total_time_s,mean_processed_frames,mean_model_input_frames,mean_source_frames
ucf101,val,16,10,16,2020,0.6504950495049505,0.8574257425742574,0.6323327274273823,0.006955037276216755,0.0015342566418682806,0.20925882254654568,16.0,16.0,181.19752475247526
