dataset,split,budget,coverage,stride,n,top1,top5,mean_confidence,mean_decode_time_s,mean_inference_time_s,mean_total_time_s,mean_processed_frames,mean_model_input_frames,mean_source_frames
ucf101,val,16,100,2,2020,0.852970297029703,0.9633663366336633,0.8222934733449232,0.023747137150701855,0.0015452812565260078,0.4983016273447677,16.0,16.0,181.19752475247526
