dataset,split,budget,coverage,stride,n,top1,top5,mean_confidence,mean_decode_time_s,mean_inference_time_s,mean_total_time_s,mean_processed_frames,mean_model_input_frames,mean_source_frames
ucf101,val,16,10,2,2020,0.7346534653465346,0.9133663366336634,0.7013482485667314,0.009631397338102267,0.0015479298832360654,0.25829876254878636,16.0,16.0,181.19752475247526
