dataset,split,budget,coverage,stride,n,top1,top5,mean_confidence,mean_decode_time_s,mean_inference_time_s,mean_total_time_s,mean_processed_frames,mean_model_input_frames,mean_source_frames
ucf101,val,16,25,1,2020,0.8044554455445545,0.949009900990099,0.7837621661788313,0.013164554904837457,0.0015294797278221437,0.31705071884795266,16.0,16.0,181.19752475247526
