dataset,split,budget,coverage,stride,n,top1,top5,mean_confidence,mean_decode_time_s,mean_inference_time_s,mean_total_time_s,mean_processed_frames,mean_model_input_frames,mean_source_frames
ucf101,val,16,50,16,2020,0.7727722772277228,0.9301980198019802,0.7073217753671331,0.013618149876128883,0.0015261792519595473,0.3203064773994784,16.0,16.0,181.19752475247526
