dataset,split,budget,coverage,stride,n,top1,top5,mean_confidence,mean_decode_time_s,mean_inference_time_s,mean_total_time_s,mean_processed_frames,mean_model_input_frames,mean_source_frames
ucf101,val,16,75,8,2020,0.8391089108910891,0.9589108910891089,0.7994832868438841,0.019757596268964065,0.001545789405717376,0.42258708486102964,16.0,16.0,181.19752475247526
