dataset,split,budget,coverage,stride,n,top1,top5,mean_confidence,mean_decode_time_s,mean_inference_time_s,mean_total_time_s,mean_processed_frames,mean_model_input_frames,mean_source_frames
ucf101,val,16,75,16,2020,0.806930693069307,0.948019801980198,0.7462231214167458,0.017513448638106135,0.0015476518428750741,0.38584760247722805,16.0,16.0,181.19752475247526
