dataset,split,budget,coverage,stride,n,top1,top5,mean_confidence,mean_decode_time_s,mean_inference_time_s,mean_total_time_s,mean_processed_frames,mean_model_input_frames,mean_source_frames
ucf101,val,16,75,1,2020,0.851980198019802,0.9618811881188118,0.8206802804170563,0.020998444618475116,0.0015410390513658635,0.44528514512227896,16.0,16.0,181.19752475247526
