dataset,split,budget,coverage,stride,n,top1,top5,mean_confidence,mean_decode_time_s,mean_inference_time_s,mean_total_time_s,mean_processed_frames,mean_model_input_frames,mean_source_frames
ucf101,val,16,75,2,2020,0.8534653465346534,0.9633663366336633,0.8196562113185035,0.021341474720629597,0.0015406166252306672,0.45004542846870055,16.0,16.0,181.19752475247526
