dataset,split,budget,coverage,stride,n,top1,top5,mean_confidence,mean_decode_time_s,mean_inference_time_s,mean_total_time_s,mean_processed_frames,mean_model_input_frames,mean_source_frames
ucf101,val,16,75,4,2020,0.8524752475247525,0.9638613861386138,0.8193021842564392,0.020829810637123147,0.0015606004729783992,0.4419034743418751,16.0,16.0,181.19752475247526
