Coverage,N,Mean,Std,Min,Max,95% CI
10%,400,0.541827245,0.20393315855368932,0.040816,0.96,"[0.5218, 0.5618]"
25%,400,0.6393829624999999,0.19034638342177787,0.061224,1.0,"[0.6207, 0.6580]"
50%,400,0.70510128,0.18173990940680745,0.061224,1.0,"[0.6873, 0.7229]"
75%,400,0.732773255,0.18113678648230963,0.061224,1.0,"[0.7150, 0.7505]"
100%,400,0.7413282749999999,0.177655340695498,0.081633,1.0,"[0.7239, 0.7587]"
