avg_budget_target,knapsack_accuracy,knapsack_avg_frames,fixed_baseline_accuracy,fixed_budget,delta_accuracy,budget_dist
avg_8f,0.2500763358778626,8.0,0.2533478735005452,8,-0.0032715376226826187,"{'4': 822, '8': 2042, '16': 411, '32': 0}"
avg_10f,0.2888985823336968,9.9993893129771,0.2533478735005452,8,0.03555070883315159,"{'4': 495, '8': 1718, '16': 1060, '32': 2}"
avg_12f,0.3232715376226826,12.0,0.2533478735005452,8,0.06992366412213741,"{'4': 307, '8': 1183, '16': 1782, '32': 3}"
avg_14f,0.35533260632497277,13.9993893129771,0.38682660850599776,16,-0.031494002181024994,"{'4': 172, '8': 599, '16': 2485, '32': 19}"
avg_16f,0.376793893129771,16.0,0.38682660850599776,16,-0.010032715376226742,"{'4': 98, '8': 231, '16': 2757, '32': 189}"
