avg_budget_target,oracle_accuracy,oracle_avg_frames,fixed_baseline_accuracy,fixed_budget,delta_accuracy,budget_dist
avg_8f,0.3465648854961832,8.0,0.2533478735005452,8,0.09321701199563798,"{'4': 1700, '8': 801, '16': 736, '32': 38}"
avg_10f,0.3708615049073064,9.9993893129771,0.2533478735005452,8,0.11751363140676119,"{'4': 1699, '8': 610, '16': 615, '32': 351}"
avg_12f,0.38106870229007633,12.0,0.2533478735005452,8,0.12772082878953112,"{'4': 1523, '8': 563, '16': 584, '32': 605}"
avg_14f,0.3917557251908397,13.9993893129771,0.38682660850599776,16,0.0049291166848419166,"{'4': 1350, '8': 524, '16': 536, '32': 865}"
avg_16f,0.4024863685932387,16.0,0.38682660850599776,16,0.01565976008724096,"{'4': 1164, '8': 476, '16': 524, '32': 1111}"
