method,accuracy,avg_frames
fixed_4f,0.14058887677208284,4.0
fixed_8f,0.2533478735005452,8.0
fixed_16f,0.38682660850599776,16.0
fixed_32f,0.4213740458015267,32.0
spectral_router,0.2862813522355507,10.021374045801526
