dataset,split,budget,coverage,stride,n,top1,top5,mean_confidence,mean_decode_time_s,mean_inference_time_s,mean_total_time_s,mean_processed_frames,mean_model_input_frames,mean_source_frames
ucf101,val,16,100,16,2020,0.8539603960396039,0.9698019801980198,0.7711953475868495,0.03388672509371294,0.0027060533666264006,0.7063442134264958,16.0,16.0,181.19752475247526
