dataset,split,budget,coverage,stride,n,top1,top5,mean_confidence,mean_decode_time_s,mean_inference_time_s,mean_total_time_s,mean_processed_frames,mean_model_input_frames,mean_source_frames
ucf101,val,16,10,16,2020,0.46831683168316834,0.7282178217821782,0.37452166903266076,0.00854773119813532,0.0027579268461351493,0.2892026800542406,16.0,16.0,181.19752475247526
