dataset,split,budget,coverage,stride,n,top1,top5,mean_confidence,mean_decode_time_s,mean_inference_time_s,mean_total_time_s,mean_processed_frames,mean_model_input_frames,mean_source_frames
ucf101,val,16,25,16,2020,0.5985148514851485,0.8405940594059406,0.46354980656121036,0.012559548671136029,0.002684375698825732,0.3542974013059474,16.0,16.0,181.19752475247526
