dataset,split,budget,coverage,stride,n,top1,top5,mean_confidence,mean_decode_time_s,mean_inference_time_s,mean_total_time_s,mean_processed_frames,mean_model_input_frames,mean_source_frames
ucf101,val,16,10,4,2020,0.5301980198019802,0.7876237623762377,0.48711516996937815,0.006687182213968164,0.0024350030907881585,0.28084396388102784,16.0,16.0,181.19752475247526
