dataset,split,budget,coverage,stride,n,top1,top5,mean_confidence,mean_decode_time_s,mean_inference_time_s,mean_total_time_s,mean_processed_frames,mean_model_input_frames,mean_source_frames
ucf101,val,16,100,8,2020,0.7707920792079208,0.9306930693069307,0.6869910377160747,0.01897355518880125,0.0021869049300347445,0.47680264919821064,16.0,16.0,181.19752475247526
