dataset,split,budget,coverage,stride,n,top1,top5,mean_confidence,mean_decode_time_s,mean_inference_time_s,mean_total_time_s,mean_processed_frames,mean_model_input_frames,mean_source_frames
ucf101,val,16,10,2,2020,0.5811881188118811,0.8311881188118811,0.5280339808452248,0.007245994378388444,0.0023606386880556324,0.2879867273744767,16.0,16.0,181.19752475247526
