dataset,split,budget,coverage,stride,n,top1,top5,mean_confidence,mean_decode_time_s,mean_inference_time_s,mean_total_time_s,mean_processed_frames,mean_model_input_frames,mean_source_frames
ucf101,val,16,10,1,2020,0.6079207920792079,0.847029702970297,0.5585211789493661,0.0071884522661751155,0.002582951641231222,0.29215783074816304,16.0,16.0,181.19752475247526
