dataset,split,budget,coverage,stride,n,top1,top5,mean_confidence,mean_decode_time_s,mean_inference_time_s,mean_total_time_s,mean_processed_frames,mean_model_input_frames,mean_source_frames
ucf101,val,16,25,16,2020,0.4881188118811881,0.7707920792079208,0.46847557064588413,0.0077696690550258405,0.0021720323214851466,0.2900102736838715,16.0,16.0,181.19752475247526
