dataset,split,budget,coverage,stride,n,top1,top5,mean_confidence,mean_decode_time_s,mean_inference_time_s,mean_total_time_s,mean_processed_frames,mean_model_input_frames,mean_source_frames
ucf101,val,16,50,4,2020,0.7435643564356436,0.9198019801980198,0.6658082658867582,0.014153431083126418,0.002216232711988695,0.39717309740521844,16.0,16.0,181.19752475247526
