dataset,split,budget,coverage,stride,n,top1,top5,mean_confidence,mean_decode_time_s,mean_inference_time_s,mean_total_time_s,mean_processed_frames,mean_model_input_frames,mean_source_frames
ucf101,val,16,50,2,2020,0.749009900990099,0.9212871287128713,0.6763963933370196,0.014528701213156196,0.0021948333792757278,0.40320700862166003,16.0,16.0,181.19752475247526
