dataset,split,budget,coverage,stride,n,top1,top5,mean_confidence,mean_decode_time_s,mean_inference_time_s,mean_total_time_s,mean_processed_frames,mean_model_input_frames,mean_source_frames
ucf101,val,16,75,8,2020,0.7534653465346535,0.9198019801980198,0.6624322464283887,0.016537414528982768,0.0021937618663737386,0.4359547939580303,16.0,16.0,181.19752475247526
