dataset,split,budget,coverage,stride,n,top1,top5,mean_confidence,mean_decode_time_s,mean_inference_time_s,mean_total_time_s,mean_processed_frames,mean_model_input_frames,mean_source_frames
ucf101,val,16,75,16,2020,0.691089108910891,0.8955445544554456,0.5720789271508261,0.014734837109808543,0.0022073115098824965,0.4060078504218692,16.0,16.0,181.19752475247526
