resolution,top1,n,model,dataset,native_res
96,0.12941176470588237,1020,mc3_18,epic_kitchens,112
112,0.17352941176470588,1020,mc3_18,epic_kitchens,112
160,0.3088235294117647,1020,mc3_18,epic_kitchens,112
224,0.34901960784313724,1020,mc3_18,epic_kitchens,112
336,0.14411764705882352,1020,mc3_18,epic_kitchens,112
