resolution,top1,n,model,dataset,native_res
48,0.0666666666666666,1020,mc3_18,epic_kitchens,112
96,0.3607843137254902,1020,mc3_18,epic_kitchens,112
112,0.3617647058823529,1020,mc3_18,epic_kitchens,112
160,0.2715686274509803,1020,mc3_18,epic_kitchens,112
224,0.0941176470588235,1020,mc3_18,epic_kitchens,112
336,0.0254901960784313,1020,mc3_18,epic_kitchens,112
