resolution,top1,n,model,dataset,native_res
96,0.3607843137254902,1020,mc3_18,epic_kitchens,112
112,0.36176470588235293,1020,mc3_18,epic_kitchens,112
160,0.27156862745098037,1020,mc3_18,epic_kitchens,112
224,0.09411764705882353,1020,mc3_18,epic_kitchens,112
336,0.025490196078431372,1020,mc3_18,epic_kitchens,112
