dataset,split,budget,coverage,stride,n,top1,top5,mean_confidence,mean_decode_time_s,mean_inference_time_s,mean_total_time_s,mean_processed_frames,mean_model_input_frames,mean_source_frames
diving48,val,32,100,16,743,0.07671601615074024,0.29071332436069985,0.3064628359767662,0.047055685915420156,0.0056300174344950235,1.0539359646518107,32.0,32.0,111.67833109017496
