dataset,split,budget,coverage,stride,n,top1,top5,mean_confidence,mean_decode_time_s,mean_inference_time_s,mean_total_time_s,mean_processed_frames,mean_model_input_frames,mean_source_frames
diving48,val,32,10,16,743,0.034993270524899055,0.15208613728129206,0.18279728288405034,0.020435009845331923,0.005583361157374068,0.6229720629965084,32.0,32.0,111.67833109017496
