dataset,split,budget,coverage,stride,n,top1,top5,mean_confidence,mean_decode_time_s,mean_inference_time_s,mean_total_time_s,mean_processed_frames,mean_model_input_frames,mean_source_frames
ucf101,val,16,100,2,2020,0.8128712871287128,0.9584158415841584,0.8070408459420841,0.023633003070268152,0.0015249401422005404,0.49032218025646884,16.0,16.0,181.19752475247526
