dataset,split,budget,coverage,stride,n,top1,top5,mean_confidence,mean_decode_time_s,mean_inference_time_s,mean_total_time_s,mean_processed_frames,mean_model_input_frames,mean_source_frames
ucf101,val,16,10,1,2020,0.6584158415841584,0.8608910891089109,0.6544201245033505,0.009463352155537428,0.0017770034726132815,0.2604801711384299,16.0,16.0,181.19752475247526
