dataset,split,budget,coverage,stride,n,top1,top5,mean_confidence,mean_decode_time_s,mean_inference_time_s,mean_total_time_s,mean_processed_frames,mean_model_input_frames,mean_source_frames
ucf101,val,16,10,16,2020,0.44603960396039605,0.692079207920792,0.4952570068843589,0.006924283344386201,0.0015577779135938807,0.20637942618761895,16.0,16.0,181.19752475247526
