dataset,split,budget,coverage,stride,n,top1,top5,mean_confidence,mean_decode_time_s,mean_inference_time_s,mean_total_time_s,mean_processed_frames,mean_model_input_frames,mean_source_frames
ucf101,val,16,10,4,2020,0.5856435643564356,0.8064356435643565,0.5864863568621844,0.008568785682096985,0.0015103971350495472,0.23273807127480534,16.0,16.0,181.19752475247526
