dataset,split,budget,coverage,stride,n,top1,top5,mean_confidence,mean_decode_time_s,mean_inference_time_s,mean_total_time_s,mean_processed_frames,mean_model_input_frames,mean_source_frames
ucf101,val,16,100,8,2020,0.806930693069307,0.9589108910891089,0.7916523047566119,0.022502175225394473,0.0015337958570574364,0.4653810105601782,16.0,16.0,181.19752475247526
