dataset,split,budget,coverage,stride,n,top1,top5,mean_confidence,mean_decode_time_s,mean_inference_time_s,mean_total_time_s,mean_processed_frames,mean_model_input_frames,mean_source_frames
ucf101,val,16,100,4,2020,0.8163366336633663,0.9589108910891089,0.8055901190468876,0.023215016503103706,0.0015072395173846606,0.47930578490255843,16.0,16.0,181.19752475247526
