dataset,split,budget,coverage,stride,n,top1,top5,mean_confidence,mean_decode_time_s,mean_inference_time_s,mean_total_time_s,mean_processed_frames,mean_model_input_frames,mean_source_frames
ucf101,val,16,100,16,2020,0.7524752475247525,0.9227722772277228,0.7285357667243865,0.020751923551704587,0.00152895812776244,0.4340202229967143,16.0,16.0,181.19752475247526
