dataset,split,budget,coverage,stride,n,top1,top5,mean_confidence,mean_decode_time_s,mean_inference_time_s,mean_total_time_s,mean_processed_frames,mean_model_input_frames,mean_source_frames
ucf101,val,16,10,2,2020,0.6381188118811881,0.843069306930693,0.6318681491704861,0.009606281478283005,0.0015218662662837322,0.25316855093714374,16.0,16.0,181.19752475247526
