dataset,split,budget,coverage,stride,n,top1,top5,mean_confidence,mean_decode_time_s,mean_inference_time_s,mean_total_time_s,mean_processed_frames,mean_model_input_frames,mean_source_frames
ucf101,val,16,25,16,2020,0.550990099009901,0.7757425742574258,0.5506917528162646,0.009478005381775928,0.0015410852102714931,0.24655014531240835,16.0,16.0,181.19752475247526
