dataset,split,budget,coverage,stride,n,top1,top5,mean_confidence,mean_decode_time_s,mean_inference_time_s,mean_total_time_s,mean_processed_frames,mean_model_input_frames,mean_source_frames
ucf101,val,16,25,4,2020,0.7183168316831683,0.8985148514851485,0.6986473098637002,0.012700424290845391,0.0015508329266991172,0.30350565554753944,16.0,16.0,181.19752475247526
