dataset,split,budget,coverage,stride,n,top1,top5,mean_confidence,mean_decode_time_s,mean_inference_time_s,mean_total_time_s,mean_processed_frames,mean_model_input_frames,mean_source_frames
ucf101,val,16,50,8,2020,0.745049504950495,0.9074257425742575,0.7231706300270881,0.016054987782349643,0.0015050417203041218,0.35545791165855956,16.0,16.0,181.19752475247526
