dataset,split,budget,coverage,stride,n,top1,top5,mean_confidence,mean_decode_time_s,mean_inference_time_s,mean_total_time_s,mean_processed_frames,mean_model_input_frames,mean_source_frames
ucf101,val,16,75,4,2020,0.8084158415841585,0.9608910891089109,0.8002927810894234,0.02094860984690229,0.0015522584310469984,0.43909612855560487,16.0,16.0,181.19752475247526
