dataset,split,budget,coverage,stride,n,top1,top5,mean_confidence,mean_decode_time_s,mean_inference_time_s,mean_total_time_s,mean_processed_frames,mean_model_input_frames,mean_source_frames
ucf101,val,16,75,1,2020,0.8084158415841585,0.9599009900990099,0.8024969210442487,0.020903045519619332,0.0015216495161691661,0.4378770414855686,16.0,16.0,181.19752475247526
