dataset,split,budget,coverage,stride,n,top1,top5,mean_confidence,mean_decode_time_s,mean_inference_time_s,mean_total_time_s,mean_processed_frames,mean_model_input_frames,mean_source_frames
autsl,val,16,10,8,4418,0.007016749660479855,0.034404708012675415,0.06752303486939515,0.006366883782204452,0.0021453988790531477,0.2643536901045186,16.0,16.0,59.18605703938434
