dataset,split,budget,coverage,stride,n,top1,top5,mean_confidence,mean_decode_time_s,mean_inference_time_s,mean_total_time_s,mean_processed_frames,mean_model_input_frames,mean_source_frames
autsl,val,16,10,16,4418,0.007016749660479855,0.034404708012675415,0.06756589027191649,0.006309746210454913,0.002151074762086794,0.2636145458488412,16.0,16.0,59.18605703938434
