dataset,split,budget,coverage,stride,n,top1,top5,mean_confidence,mean_decode_time_s,mean_inference_time_s,mean_total_time_s,mean_processed_frames,mean_model_input_frames,mean_source_frames
autsl,val,16,100,16,4418,0.2492077863286555,0.49796287913082843,0.12648109413283734,0.013599885187051505,0.0020957327040562455,0.38198068690110604,16.0,16.0,59.18605703938434
