dataset,split,budget,coverage,stride,n,top1,top5,mean_confidence,mean_decode_time_s,mean_inference_time_s,mean_total_time_s,mean_processed_frames,mean_model_input_frames,mean_source_frames
autsl,val,16,25,8,4418,0.027840651878678135,0.08782254413761884,0.09721760252986446,0.007846144627423045,0.0021478458776822986,0.28871773030556613,16.0,16.0,59.18605703938434
