dataset,split,budget,coverage,stride,n,top1,top5,mean_confidence,mean_decode_time_s,mean_inference_time_s,mean_total_time_s,mean_processed_frames,mean_model_input_frames,mean_source_frames
autsl,val,16,25,16,4418,0.0074694431869624265,0.03508374830239928,0.5649885697380524,0.009469397829929551,0.0017689795093270965,0.28926249734950293,16.0,16.0,59.18605703938434
