dataset,split,budget,coverage,stride,n,top1,top5,mean_confidence,mean_decode_time_s,mean_inference_time_s,mean_total_time_s,mean_processed_frames,mean_model_input_frames,mean_source_frames
autsl,val,32,10,8,4418,0.004526935264825713,0.022861023087369852,0.8242045396078005,0.010269861692643226,0.0009777384587015912,0.23299535659451506,32.0,32.0,59.18605703938434
