dataset,split,budget,coverage,stride,n,top1,top5,mean_confidence,mean_decode_time_s,mean_inference_time_s,mean_total_time_s,mean_processed_frames,mean_model_input_frames,mean_source_frames
autsl,val,32,10,16,4418,0.004526935264825713,0.022861023087369852,0.8242802723277581,0.010206963126560283,0.0009681254446876668,0.23155238102056339,32.0,32.0,59.18605703938434
