dataset,split,budget,coverage,stride,n,top1,top5,mean_confidence,mean_decode_time_s,mean_inference_time_s,mean_total_time_s,mean_processed_frames,mean_model_input_frames,mean_source_frames
autsl,val,16,10,16,4418,0.007016749660479855,0.028746038931643278,0.10530063231261055,0.008431067265382128,0.0011403963889719242,0.21600266552387726,16.0,16.0,59.18605703938434
