dataset,split,budget,coverage,stride,n,top1,top5,mean_confidence,mean_decode_time_s,mean_inference_time_s,mean_total_time_s,mean_processed_frames,mean_model_input_frames,mean_source_frames
autsl,val,16,10,2,4418,0.008374830239927569,0.032593933906745136,0.11772086446528901,0.009973688990859195,0.0011223283920550088,0.24051721762037753,16.0,16.0,59.18605703938434
