dataset,split,budget,coverage,stride,n,top1,top5,mean_confidence,mean_decode_time_s,mean_inference_time_s,mean_total_time_s,mean_processed_frames,mean_model_input_frames,mean_source_frames
autsl,val,16,25,16,4418,0.007016749660479855,0.03666817564508828,0.13608941242297806,0.009221920663005626,0.001120160286118318,0.22770946973010614,16.0,16.0,59.18605703938434
