dataset,split,budget,coverage,stride,n,top1,top5,mean_confidence,mean_decode_time_s,mean_inference_time_s,mean_total_time_s,mean_processed_frames,mean_model_input_frames,mean_source_frames
autsl,val,16,10,8,4418,0.005885015844273427,0.020371208691715707,0.03668151216306578,0.008492199937988372,0.0011329795584363392,0.2303578144086621,16.0,16.0,59.18605703938434
