dataset,split,budget,coverage,stride,n,top1,top5,mean_confidence,mean_decode_time_s,mean_inference_time_s,mean_total_time_s,mean_processed_frames,mean_model_input_frames,mean_source_frames
autsl,val,16,10,16,4418,0.005885015844273427,0.020597555454956996,0.03666311297704828,0.008470952954360834,0.0011265673243553256,0.22955147518653882,16.0,16.0,59.18605703938434
