dataset,split,budget,coverage,stride,n,top1,top5,mean_confidence,mean_decode_time_s,mean_inference_time_s,mean_total_time_s,mean_processed_frames,mean_model_input_frames,mean_source_frames
autsl,val,16,10,2,4418,0.005658669081032141,0.023540063377093707,0.037813970677562196,0.010770790981461458,0.0011367481793713326,0.2751334589288809,16.0,16.0,59.18605703938434
