dataset,split,budget,coverage,stride,n,top1,top5,mean_confidence,mean_decode_time_s,mean_inference_time_s,mean_total_time_s,mean_processed_frames,mean_model_input_frames,mean_source_frames
autsl,val,16,100,16,4418,0.03915799004074242,0.12698053417836125,0.05569137111091173,0.017926462138151338,0.0011247409224736172,0.3840163824440542,16.0,16.0,59.18605703938434
