dataset,split,budget,coverage,stride,n,top1,top5,mean_confidence,mean_decode_time_s,mean_inference_time_s,mean_total_time_s,mean_processed_frames,mean_model_input_frames,mean_source_frames
autsl,val,16,10,1,4418,0.0074694431869624265,0.02693526482571299,0.039984847714718906,0.02503519349321706,0.0012107160373056715,0.5174216231309727,16.0,16.0,59.18605703938434
