dataset,split,budget,coverage,stride,n,top1,top5,mean_confidence,mean_decode_time_s,mean_inference_time_s,mean_total_time_s,mean_processed_frames,mean_model_input_frames,mean_source_frames
autsl,val,16,25,16,4418,0.009053870529651425,0.028519692168401993,0.039187399030592665,0.009150187155489433,0.00112852646858377,0.24044043459221653,16.0,16.0,59.18605703938434
