dataset,split,budget,coverage,stride,n,top1,top5,mean_confidence,mean_decode_time_s,mean_inference_time_s,mean_total_time_s,mean_processed_frames,mean_model_input_frames,mean_source_frames
autsl,val,16,50,16,4418,0.031914893617021274,0.08895427795382527,0.058066973483570226,0.012340302411095825,0.0011341692379668639,0.2911852631444827,16.0,16.0,59.18605703938434
