dataset,split,budget,coverage,stride,n,top1,top5,mean_confidence,mean_decode_time_s,mean_inference_time_s,mean_total_time_s,mean_processed_frames,mean_model_input_frames,mean_source_frames
diving48,val,32,10,2,743,0.039030955585464336,0.16823687752355315,0.15101635752905104,0.023469257415717273,0.0010177937403953012,0.46366171235711257,32.0,32.0,111.67833109017496
