dataset,split,budget,coverage,stride,n,top1,top5,mean_confidence,mean_decode_time_s,mean_inference_time_s,mean_total_time_s,mean_processed_frames,mean_model_input_frames,mean_source_frames
diving48,val,32,10,4,743,0.040376850605652756,0.16689098250336473,0.15125774681407703,0.024134650947569967,0.0010866294875064135,0.47800359624647315,32.0,32.0,111.67833109017496
