dataset,split,budget,coverage,stride,n,top1,top5,mean_confidence,mean_decode_time_s,mean_inference_time_s,mean_total_time_s,mean_processed_frames,mean_model_input_frames,mean_source_frames
diving48,val,32,25,16,743,0.04576043068640646,0.16823687752355315,0.15281288819149397,0.022832477411529748,0.0010363219527109034,0.44926275167185536,32.0,32.0,111.67833109017496
