dataset,split,video_id,video_path,label_id,budget,coverage,stride,pred_id,correct_top1,correct_top5,confidence,decode_time_s,inference_time_s,total_time_s,source_frames,candidate_frames,processed_frames,model_input_frames,skipped,error
driveact,val,vp15_run1_2018-05-30-13-05-35_10394_10415,data/DriveAct_data/clips/closing_bottle/vp15_run1_2018-05-30-13-05-35_10394_10415.mp4,0,8,100,1,0,True,True,0.35381731390953064,0.010051961056888103,0.0038449585699709132,0.7159108300693333,21,8,8,8,False,
driveact,val,vp14_run1_2018-05-30-10-11-09_6012_6033,data/DriveAct_data/clips/closing_bottle/vp14_run1_2018-05-30-10-11-09_6012_6033.mp4,0,8,100,1,10,False,False,0.3983291983604431,0.009320565965026617,0.0038449585699709132,0.7042184388265014,21,8,8,8,False,
driveact,val,vp14_run1_2018-05-30-10-11-09_5966_6012,data/DriveAct_data/clips/closing_bottle/vp14_run1_2018-05-30-10-11-09_5966_6012.mp4,0,8,100,1,5,False,False,0.6058294773101807,0.006606690119951963,0.0038449585699709132,0.6941252956166863,47,8,8,8,False,
driveact,val,vp14_run2_2018-05-30-10-42-33_3887_3915,data/DriveAct_data/clips/closing_bottle/vp14_run2_2018-05-30-10-42-33_3887_3915.mp4,0,8,100,1,17,False,False,0.7410961389541626,0.006321863736957312,0.0038449585699709132,0.6866475511342287,29,8,8,8,False,
driveact,val,vp14_run2_2018-05-30-10-42-33_3842_3887,data/DriveAct_data/clips/closing_bottle/vp14_run2_2018-05-30-10-42-33_3842_3887.mp4,0,8,100,1,5,False,True,0.7330198287963867,0.006543429102748632,0.0038449585699709132,0.6795871430076659,45,8,8,8,False,
driveact,val,vp15_run1_2018-05-30-13-05-35_10300_10347,data/DriveAct_data/clips/closing_bottle/vp15_run1_2018-05-30-13-05-35_10300_10347.mp4,0,8,100,1,0,True,True,0.3109956383705139,0.006606773007661104,0.0038449585699709132,0.6722009209915996,46,8,8,8,False,
driveact,val,vp15_run2_2018-05-30-13-34-33_5786_5802,data/DriveAct_data/clips/closing_bottle/vp15_run2_2018-05-30-13-34-33_5786_5802.mp4,0,8,100,1,5,False,True,0.5224048495292664,0.005586700979620218,0.0038449585699709132,0.6648155441507697,17,8,8,8,False,
driveact,val,vp14_run2_2018-05-30-10-42-33_16271_16309,data/DriveAct_data/clips/closing_bottle/vp14_run2_2018-05-30-10-42-33_16271_16309.mp4,0,8,100,1,4,False,True,0.3116302490234375,0.006564631126821041,0.0038449585699709132,0.6585089261643589,38,8,8,8,False,
driveact,val,vp15_run2_2018-05-30-13-34-33_6488_6516,data/DriveAct_data/clips/closing_bottle/vp15_run2_2018-05-30-13-34-33_6488_6516.mp4,0,8,100,1,0,True,True,0.21487367153167725,0.0060583301819860935,0.0038449585699709132,0.6511870319955051,29,8,8,8,False,
driveact,val,vp15_run1_2018-05-30-13-05-35_10347_10394,data/DriveAct_data/clips/closing_bottle/vp15_run1_2018-05-30-13-05-35_10347_10394.mp4,0,8,100,1,0,True,True,0.3586486577987671,0.006802140269428492,0.0038449585699709132,0.6443470939993858,47,8,8,8,False,
driveact,val,vp14_run1_2018-05-30-10-11-09_12052_12093,data/DriveAct_data/clips/closing_bottle/vp14_run1_2018-05-30-10-11-09_12052_12093.mp4,0,8,100,1,17,False,False,0.903536856174469,0.00663328031077981,0.0038449585699709132,0.6367746279574931,40,8,8,8,False,
driveact,val,vp14_run2_2018-05-30-10-42-33_20272_20317,data/DriveAct_data/clips/closing_bottle/vp14_run2_2018-05-30-10-42-33_20272_20317.mp4,0,8,100,1,25,False,False,0.5428893566131592,0.006609270814806223,0.0038449585699709132,0.6293032327666879,44,8,8,8,False,
driveact,val,vp15_run1_2018-05-30-13-05-35_5045_5090,data/DriveAct_data/clips/closing_bottle/vp15_run1_2018-05-30-13-05-35_5045_5090.mp4,0,8,100,1,5,False,False,0.49296361207962036,0.006751632317900658,0.0038449585699709132,0.6218577208928764,45,8,8,8,False,
driveact,val,vp14_run1_2018-05-30-10-11-09_104_124,data/DriveAct_data/clips/closing_door_inside/vp14_run1_2018-05-30-10-11-09_104_124.mp4,1,8,100,1,31,False,True,0.19973155856132507,0.00559624470770359,0.0038449585699709132,0.6141690332442522,20,8,8,8,False,
driveact,val,vp15_run2_2018-05-30-13-34-33_169_183,data/DriveAct_data/clips/closing_door_inside/vp15_run2_2018-05-30-13-34-33_169_183.mp4,1,8,100,1,8,False,True,0.690876305103302,0.004759461153298616,0.0038449585699709132,0.6078406972810626,13,8,8,8,False,
driveact,val,vp15_run1_2018-05-30-13-05-35_144_160,data/DriveAct_data/clips/closing_door_inside/vp15_run1_2018-05-30-13-05-35_144_160.mp4,1,8,100,1,1,True,True,0.4269271492958069,0.005343539174646139,0.0038449585699709132,0.602397636976093,17,8,8,8,False,
driveact,val,vp14_run2_2018-05-30-10-42-33_114_128,data/DriveAct_data/clips/closing_door_inside/vp14_run2_2018-05-30-10-42-33_114_128.mp4,1,8,100,1,1,True,True,0.3996381461620331,0.0050742062740027905,0.0038449585699709132,0.5962907574139535,14,8,8,8,False,
driveact,val,vp14_run1_2018-05-30-10-11-09_24557_24581,data/DriveAct_data/clips/closing_door_outside/vp14_run1_2018-05-30-10-11-09_24557_24581.mp4,2,8,100,1,7,False,True,0.38083577156066895,0.006090112030506134,0.0038449585699709132,0.5905295740813017,24,8,8,8,False,
driveact,val,vp15_run1_2018-05-30-13-05-35_18818_18841,data/DriveAct_data/clips/closing_door_outside/vp15_run1_2018-05-30-13-05-35_18818_18841.mp4,2,8,100,1,7,False,True,0.4641168713569641,0.005687172990292311,0.0038449585699709132,0.5837174467742443,23,8,8,8,False,
driveact,val,vp15_run2_2018-05-30-13-34-33_19707_19726,data/DriveAct_data/clips/closing_door_outside/vp15_run2_2018-05-30-13-34-33_19707_19726.mp4,2,8,100,1,2,True,True,0.37489771842956543,0.005662166979163885,0.0038449585699709132,0.5772675117477775,20,8,8,8,False,
driveact,val,vp14_run2_2018-05-30-10-42-33_22339_22349,data/DriveAct_data/clips/closing_door_outside/vp14_run2_2018-05-30-10-42-33_22339_22349.mp4,2,8,100,1,7,False,True,0.3598015606403351,0.004572800826281309,0.0038449585699709132,0.5709037100896239,10,8,8,8,False,
driveact,val,vp14_run1_2018-05-30-10-11-09_23166_23211,data/DriveAct_data/clips/closing_laptop/vp14_run1_2018-05-30-10-11-09_23166_23211.mp4,3,8,100,1,32,False,False,0.6268882155418396,0.006835118867456913,0.0038449585699709132,0.5656790030188859,45,8,8,8,False,
driveact,val,vp14_run2_2018-05-30-10-42-33_13691_13733,data/DriveAct_data/clips/closing_laptop/vp14_run2_2018-05-30-10-42-33_13691_13733.mp4,3,8,100,1,10,False,False,0.5236042141914368,0.006615255028009415,0.0038449585699709132,0.5580576322972775,42,8,8,8,False,
driveact,val,vp15_run1_2018-05-30-13-05-35_6441_6476,data/DriveAct_data/clips/closing_laptop/vp15_run1_2018-05-30-13-05-35_6441_6476.mp4,3,8,100,1,32,False,True,0.8068329095840454,0.0063041639514267445,0.0038449585699709132,0.5506980763748288,35,8,8,8,False,
driveact,val,vp14_run1_2018-05-30-10-11-09_23211_23244,data/DriveAct_data/clips/closing_laptop/vp14_run1_2018-05-30-10-11-09_23211_23244.mp4,3,8,100,1,17,False,True,0.45688626170158386,0.006291047669947147,0.0038449585699709132,0.5436152117326856,33,8,8,8,False,
driveact,val,vp14_run1_2018-05-30-10-11-09_23119_23166,data/DriveAct_data/clips/closing_laptop/vp14_run1_2018-05-30-10-11-09_23119_23166.mp4,3,8,100,1,10,False,False,0.41171038150787354,0.006658405996859074,0.0038449585699709132,0.5365545568056405,46,8,8,8,False,
driveact,val,vp15_run1_2018-05-30-13-05-35_6768_6800,data/DriveAct_data/clips/closing_laptop/vp15_run1_2018-05-30-13-05-35_6768_6800.mp4,3,8,100,1,33,False,False,0.5498520731925964,0.00611646194010973,0.0038449585699709132,0.5291513167321682,32,8,8,8,False,
driveact,val,vp15_run2_2018-05-30-13-34-33_7678_7702,data/DriveAct_data/clips/closing_laptop/vp15_run2_2018-05-30-13-34-33_7678_7702.mp4,3,8,100,1,17,False,True,0.3289933204650879,0.006345798261463642,0.0038449585699709132,0.5222496399655938,23,8,8,8,False,
driveact,val,vp14_run2_2018-05-30-10-42-33_20205_20251,data/DriveAct_data/clips/drinking/vp14_run2_2018-05-30-10-42-33_20205_20251.mp4,4,8,100,1,5,False,True,0.9761415123939514,0.006495413836091757,0.0038449585699709132,0.5151789779774845,47,8,8,8,False,
driveact,val,vp14_run2_2018-05-30-10-42-33_20115_20160,data/DriveAct_data/clips/drinking/vp14_run2_2018-05-30-10-42-33_20115_20160.mp4,4,8,100,1,5,False,True,0.9347099661827087,0.006568757817149162,0.0038449585699709132,0.50767303397879,45,8,8,8,False,
driveact,val,vp14_run2_2018-05-30-10-42-33_3770_3816,data/DriveAct_data/clips/drinking/vp14_run2_2018-05-30-10-42-33_3770_3816.mp4,4,8,100,1,5,False,True,0.9373533129692078,0.0065601300448179245,0.0038449585699709132,0.5002943938598037,47,8,8,8,False,
driveact,val,vp14_run2_2018-05-30-10-42-33_16194_16240,data/DriveAct_data/clips/drinking/vp14_run2_2018-05-30-10-42-33_16194_16240.mp4,4,8,100,1,5,False,True,0.9650842547416687,0.006582789123058319,0.0038449585699709132,0.49286174215376377,47,8,8,8,False,
driveact,val,vp15_run2_2018-05-30-13-34-33_6443_6488,data/DriveAct_data/clips/drinking/vp15_run2_2018-05-30-13-34-33_6443_6488.mp4,4,8,100,1,0,False,True,0.30450239777565,0.018830114044249058,0.003979283093940467,0.7538016489706933,45,8,8,8,False,
driveact,val,vp14_run1_2018-05-30-10-11-09_5918_5963,data/DriveAct_data/clips/drinking/vp14_run1_2018-05-30-10-11-09_5918_5963.mp4,4,8,100,1,5,False,True,0.5513473749160767,0.007171227131038904,0.003979283093940467,0.7312504341825843,45,8,8,8,False,
driveact,val,vp15_run1_2018-05-30-13-05-35_4994_5040,data/DriveAct_data/clips/drinking/vp15_run1_2018-05-30-13-05-35_4994_5040.mp4,4,8,100,1,5,False,False,0.4340481758117676,0.006791845895349979,0.003979283093940467,0.7232657228596509,47,8,8,8,False,
driveact,val,vp15_run1_2018-05-30-13-05-35_10269_10300,data/DriveAct_data/clips/drinking/vp15_run1_2018-05-30-13-05-35_10269_10300.mp4,4,8,100,1,5,False,True,0.30475950241088867,0.006375359836965799,0.003979283093940467,0.7156086559407413,32,8,8,8,False,
driveact,val,vp15_run1_2018-05-30-13-05-35_4554_4563,data/DriveAct_data/clips/drinking/vp15_run1_2018-05-30-13-05-35_4554_4563.mp4,4,8,100,1,5,False,False,0.499044269323349,0.004679504316300154,0.003979283093940467,0.7084952099248767,9,8,8,8,False,
driveact,val,vp14_run2_2018-05-30-10-42-33_3816_3842,data/DriveAct_data/clips/drinking/vp14_run2_2018-05-30-10-42-33_3816_3842.mp4,4,8,100,1,5,False,True,0.9657217860221863,0.006324844900518656,0.003979283093940467,0.7031883830204606,26,8,8,8,False,
driveact,val,vp15_run1_2018-05-30-13-05-35_10223_10269,data/DriveAct_data/clips/drinking/vp15_run1_2018-05-30-13-05-35_10223_10269.mp4,4,8,100,1,4,True,True,0.37707358598709106,0.01032010791823268,0.003979283093940467,0.696115710772574,47,8,8,8,False,
driveact,val,vp15_run2_2018-05-30-13-34-33_5728_5773,data/DriveAct_data/clips/drinking/vp15_run2_2018-05-30-13-34-33_5728_5773.mp4,4,8,100,1,5,False,False,0.6873865127563477,0.007304256781935692,0.003979283093940467,0.6850406220182776,44,8,8,8,False,
driveact,val,vp14_run1_2018-05-30-10-11-09_5873_5918,data/DriveAct_data/clips/drinking/vp14_run1_2018-05-30-10-11-09_5873_5918.mp4,4,8,100,1,5,False,False,0.942116916179657,0.007077312096953392,0.003979283093940467,0.6769085247069597,45,8,8,8,False,
driveact,val,vp14_run2_2018-05-30-10-42-33_20160_20205,data/DriveAct_data/clips/drinking/vp14_run2_2018-05-30-10-42-33_20160_20205.mp4,4,8,100,1,5,False,True,0.9337305426597595,0.009351328015327454,0.003979283093940467,0.669031229801476,45,8,8,8,False,
driveact,val,vp14_run1_2018-05-30-10-11-09_12044_12052,data/DriveAct_data/clips/drinking/vp14_run1_2018-05-30-10-11-09_12044_12052.mp4,4,8,100,1,5,False,True,0.6048794388771057,0.005159089807420969,0.003979283093940467,0.6589042842388153,8,8,8,8,False,
driveact,val,vp15_run2_2018-05-30-13-34-33_5773_5786,data/DriveAct_data/clips/drinking/vp15_run2_2018-05-30-13-34-33_5773_5786.mp4,4,8,100,1,5,False,False,0.8658883571624756,0.005385298747569323,0.003979283093940467,0.6526519227772951,13,8,8,8,False,
driveact,val,vp14_run2_2018-05-30-10-42-33_16240_16271,data/DriveAct_data/clips/drinking/vp14_run2_2018-05-30-10-42-33_16240_16271.mp4,4,8,100,1,5,False,True,0.9710012674331665,0.007893223315477371,0.003979283093940467,0.6464003077708185,31,8,8,8,False,
driveact,val,vp14_run2_2018-05-30-10-42-33_20251_20272,data/DriveAct_data/clips/drinking/vp14_run2_2018-05-30-10-42-33_20251_20272.mp4,4,8,100,1,5,False,True,0.9573869109153748,0.005962606985121965,0.003979283093940467,0.6377289723604918,20,8,8,8,False,
driveact,val,vp15_run1_2018-05-30-13-05-35_4508_4554,data/DriveAct_data/clips/drinking/vp15_run1_2018-05-30-13-05-35_4508_4554.mp4,4,8,100,1,5,False,False,0.7037078142166138,0.0068354071117937565,0.003979283093940467,0.6310097561217844,47,8,8,8,False,
driveact,val,vp14_run1_2018-05-30-10-11-09_11998_12044,data/DriveAct_data/clips/drinking/vp14_run1_2018-05-30-10-11-09_11998_12044.mp4,4,8,100,1,5,False,True,0.7017171382904053,0.00682150898501277,0.003979283093940467,0.6233719238080084,46,8,8,8,False,
driveact,val,vp14_run2_2018-05-30-10-42-33_17604_17649,data/DriveAct_data/clips/eating/vp14_run2_2018-05-30-10-42-33_17604_17649.mp4,5,8,100,1,5,True,True,0.9724624752998352,0.006750456057488918,0.003979283093940467,0.6156588275916874,45,8,8,8,False,
driveact,val,vp15_run2_2018-05-30-13-34-33_5597_5627,data/DriveAct_data/clips/eating/vp15_run2_2018-05-30-13-34-33_5597_5627.mp4,5,8,100,1,23,False,True,0.2963469624519348,0.006346121896058321,0.003979283093940467,0.6081114457920194,30,8,8,8,False,
driveact,val,vp14_run1_2018-05-30-10-11-09_20057_20102,data/DriveAct_data/clips/eating/vp14_run1_2018-05-30-10-11-09_20057_20102.mp4,5,8,100,1,5,True,True,0.9194482564926147,0.006844688672572374,0.003979283093940467,0.6009693667292595,45,8,8,8,False,
driveact,val,vp14_run1_2018-05-30-10-11-09_17724_17771,data/DriveAct_data/clips/eating/vp14_run1_2018-05-30-10-11-09_17724_17771.mp4,5,8,100,1,25,False,True,0.8905734419822693,0.007049392908811569,0.003979283093940467,0.5932923234067857,47,8,8,8,False,
driveact,val,vp14_run1_2018-05-30-10-11-09_17453_17498,data/DriveAct_data/clips/eating/vp14_run1_2018-05-30-10-11-09_17453_17498.mp4,5,8,100,1,5,True,True,0.9720744490623474,0.00941421464085579,0.003979283093940467,0.5854176813736558,45,8,8,8,False,
driveact,val,vp14_run1_2018-05-30-10-11-09_20467_20513,data/DriveAct_data/clips/eating/vp14_run1_2018-05-30-10-11-09_20467_20513.mp4,5,8,100,1,5,True,True,0.803675651550293,0.0067277271300554276,0.003979283093940467,0.5752249122597277,46,8,8,8,False,
driveact,val,vp14_run2_2018-05-30-10-42-33_15688_15699,data/DriveAct_data/clips/eating/vp14_run2_2018-05-30-10-42-33_15688_15699.mp4,5,8,100,1,5,True,True,0.9669861793518066,0.004758305847644806,0.003979283093940467,0.5676377769559622,10,8,8,8,False,
driveact,val,vp14_run1_2018-05-30-10-11-09_17863_17908,data/DriveAct_data/clips/eating/vp14_run1_2018-05-30-10-11-09_17863_17908.mp4,5,8,100,1,5,True,True,0.9661892652511597,0.006873760838061571,0.003979283093940467,0.5622350969351828,44,8,8,8,False,
driveact,val,vp14_run1_2018-05-30-10-11-09_20513_20558,data/DriveAct_data/clips/eating/vp14_run1_2018-05-30-10-11-09_20513_20558.mp4,5,8,100,1,25,False,True,0.8392842411994934,0.0065301088616251945,0.003979283093940467,0.5546108209528029,45,8,8,8,False,
driveact,val,vp14_run1_2018-05-30-10-11-09_18091_18136,data/DriveAct_data/clips/eating/vp14_run1_2018-05-30-10-11-09_18091_18136.mp4,5,8,100,1,25,False,True,0.5250332355499268,0.010708407033234835,0.003979283093940467,0.547230598051101,44,8,8,8,False,
driveact,val,vp14_run2_2018-05-30-10-42-33_17831_17876,data/DriveAct_data/clips/eating/vp14_run2_2018-05-30-10-42-33_17831_17876.mp4,5,8,100,1,5,True,True,0.9403808116912842,0.007159233093261719,0.003979283093940467,0.5354235582053661,45,8,8,8,False,
driveact,val,vp14_run2_2018-05-30-10-42-33_15551_15597,data/DriveAct_data/clips/eating/vp14_run2_2018-05-30-10-42-33_15551_15597.mp4,5,8,100,1,5,True,True,0.9485887885093689,0.006848820950835943,0.003979283093940467,0.5273768212646246,47,8,8,8,False,
driveact,val,vp14_run2_2018-05-30-10-42-33_18689_18734,data/DriveAct_data/clips/eating/vp14_run2_2018-05-30-10-42-33_18689_18734.mp4,5,8,100,1,25,False,True,0.9016604423522949,0.006529075093567371,0.003979283093940467,0.5197262419387698,45,8,8,8,False,
driveact,val,vp14_run2_2018-05-30-10-42-33_17649_17694,data/DriveAct_data/clips/eating/vp14_run2_2018-05-30-10-42-33_17649_17694.mp4,5,8,100,1,5,True,True,0.9807549715042114,0.0068230708129704,0.003979283093940467,0.5123103149235249,45,8,8,8,False,
driveact,val,vp14_run1_2018-05-30-10-11-09_19691_19738,data/DriveAct_data/clips/eating/vp14_run1_2018-05-30-10-11-09_19691_19738.mp4,5,8,100,1,5,True,True,0.9537689685821533,0.007037956267595291,0.003979283093940467,0.5046623260714114,47,8,8,8,False,
driveact,val,vp14_run2_2018-05-30-10-42-33_17694_17739,data/DriveAct_data/clips/eating/vp14_run2_2018-05-30-10-42-33_17694_17739.mp4,5,8,100,1,5,True,True,0.9840434193611145,0.006930189672857523,0.003979283093940467,0.4968692660331726,45,8,8,8,False,
driveact,val,vp14_run2_2018-05-30-10-42-33_17512_17558,data/DriveAct_data/clips/eating/vp14_run2_2018-05-30-10-42-33_17512_17558.mp4,5,8,100,1,5,True,True,0.9721507430076599,0.020727604161947966,0.004027350252727047,0.7529549207538366,46,8,8,8,False,
driveact,val,vp14_run1_2018-05-30-10-11-09_20240_20285,data/DriveAct_data/clips/eating/vp14_run1_2018-05-30-10-11-09_20240_20285.mp4,5,8,100,1,5,True,True,0.7185914516448975,0.0077455732971429825,0.004027350252727047,0.7247734093107283,45,8,8,8,False,
driveact,val,vp14_run2_2018-05-30-10-42-33_15415_15461,data/DriveAct_data/clips/eating/vp14_run2_2018-05-30-10-42-33_15415_15461.mp4,5,8,100,1,5,True,True,0.6635320782661438,0.007021037396043539,0.004027350252727047,0.7161559811793268,46,8,8,8,False,
driveact,val,vp14_run1_2018-05-30-10-11-09_17771_17817,data/DriveAct_data/clips/eating/vp14_run1_2018-05-30-10-11-09_17771_17817.mp4,5,8,100,1,5,True,True,0.7746971249580383,0.007368560880422592,0.004027350252727047,0.7082843999378383,47,8,8,8,False,
driveact,val,vp15_run2_2018-05-30-13-34-33_120_166,data/DriveAct_data/clips/entering_car/vp15_run2_2018-05-30-13-34-33_120_166.mp4,6,8,100,1,6,True,True,0.4956029951572418,0.006539489608258009,0.004027350252727047,0.7001127419061959,47,8,8,8,False,
driveact,val,vp14_run2_2018-05-30-10-42-33_74_114,data/DriveAct_data/clips/entering_car/vp14_run2_2018-05-30-10-42-33_74_114.mp4,6,8,100,1,6,True,True,0.4532068073749542,0.006434252951294184,0.004027350252727047,0.6925529600121081,41,8,8,8,False,
driveact,val,vp15_run1_2018-05-30-13-05-35_87_132,data/DriveAct_data/clips/entering_car/vp15_run1_2018-05-30-13-05-35_87_132.mp4,6,8,100,1,6,True,True,0.39405277371406555,0.006503523327410221,0.004027350252727047,0.6852816520258784,45,8,8,8,False,
driveact,val,vp14_run1_2018-05-30-10-11-09_82_104,data/DriveAct_data/clips/entering_car/vp14_run1_2018-05-30-10-11-09_82_104.mp4,6,8,100,1,6,True,True,0.5911443829536438,0.005516842007637024,0.004027350252727047,0.6779902800917625,22,8,8,8,False,
driveact,val,vp15_run1_2018-05-30-13-05-35_132_144,data/DriveAct_data/clips/entering_car/vp15_run1_2018-05-30-13-05-35_132_144.mp4,6,8,100,1,21,False,False,0.1759987324476242,0.004685682710260153,0.004027350252727047,0.671723211184144,12,8,8,8,False,
driveact,val,vp15_run1_2018-05-30-13-05-35_18755_18801,data/DriveAct_data/clips/exiting_car/vp15_run1_2018-05-30-13-05-35_18755_18801.mp4,7,8,100,1,7,True,True,0.5540223717689514,0.0067206379026174545,0.004027350252727047,0.6663684989325702,47,8,8,8,False,
driveact,val,vp15_run2_2018-05-30-13-34-33_19680_19702,data/DriveAct_data/clips/exiting_car/vp15_run2_2018-05-30-13-34-33_19680_19702.mp4,7,8,100,1,7,True,True,0.48390069603919983,0.005920533090829849,0.004027350252727047,0.6588100418448448,23,8,8,8,False,
driveact,val,vp14_run2_2018-05-30-10-42-33_22295_22339,data/DriveAct_data/clips/exiting_car/vp14_run2_2018-05-30-10-42-33_22295_22339.mp4,7,8,100,1,7,True,True,0.5638666749000549,0.0069552818313241005,0.004027350252727047,0.6521469098515809,44,8,8,8,False,
driveact,val,vp14_run1_2018-05-30-10-11-09_24520_24557,data/DriveAct_data/clips/exiting_car/vp14_run1_2018-05-30-10-11-09_24520_24557.mp4,7,8,100,1,7,True,True,0.6198253035545349,0.006246463395655155,0.004027350252727047,0.6443873918615282,37,8,8,8,False,
driveact,val,vp15_run1_2018-05-30-13-05-35_18801_18818,data/DriveAct_data/clips/exiting_car/vp15_run1_2018-05-30-13-05-35_18801_18818.mp4,7,8,100,1,7,True,True,0.49361419677734375,0.0059027280658483505,0.004027350252727047,0.6373081211932003,17,8,8,8,False,
driveact,val,vp15_run2_2018-05-30-13-34-33_19635_19680,data/DriveAct_data/clips/exiting_car/vp15_run2_2018-05-30-13-34-33_19635_19680.mp4,7,8,100,1,7,True,True,0.4278455972671509,0.0068759312853217125,0.004027350252727047,0.6307061952538788,45,8,8,8,False,
driveact,val,vp14_run1_2018-05-30-10-11-09_24474_24520,data/DriveAct_data/clips/exiting_car/vp14_run1_2018-05-30-10-11-09_24474_24520.mp4,7,8,100,1,7,True,True,0.35742634534835815,0.007869831752032042,0.004027350252727047,0.6229949169792235,47,8,8,8,False,
driveact,val,vp14_run1_2018-05-30-10-11-09_12362_12407,data/DriveAct_data/clips/fastening_seat_belt/vp14_run1_2018-05-30-10-11-09_12362_12407.mp4,8,8,100,1,9,False,False,0.5586299300193787,0.006891303695738316,0.004027350252727047,0.6143052889965475,45,8,8,8,False,
driveact,val,vp14_run1_2018-05-30-10-11-09_124_170,data/DriveAct_data/clips/fastening_seat_belt/vp14_run1_2018-05-30-10-11-09_124_170.mp4,8,8,100,1,8,True,True,0.9059403538703918,0.00677283713594079,0.004027350252727047,0.6066129547543824,46,8,8,8,False,
driveact,val,vp14_run1_2018-05-30-10-11-09_13161_13207,data/DriveAct_data/clips/fastening_seat_belt/vp14_run1_2018-05-30-10-11-09_13161_13207.mp4,8,8,100,1,17,False,True,0.5469719767570496,0.006906872149556875,0.004027350252727047,0.5989976660348475,47,8,8,8,False,
driveact,val,vp14_run2_2018-05-30-10-42-33_142_188,data/DriveAct_data/clips/fastening_seat_belt/vp14_run2_2018-05-30-10-42-33_142_188.mp4,8,8,100,1,8,True,True,0.6282774806022644,0.006836685352027416,0.004027350252727047,0.5910519869066775,46,8,8,8,False,
driveact,val,vp14_run1_2018-05-30-10-11-09_12407_12452,data/DriveAct_data/clips/fastening_seat_belt/vp14_run1_2018-05-30-10-11-09_12407_12452.mp4,8,8,100,1,9,False,False,0.43002310395240784,0.0071789841167628765,0.004027350252727047,0.5834568152204156,45,8,8,8,False,
driveact,val,vp14_run1_2018-05-30-10-11-09_170_215,data/DriveAct_data/clips/fastening_seat_belt/vp14_run1_2018-05-30-10-11-09_170_215.mp4,8,8,100,1,8,True,True,0.7212152481079102,0.006509196013212204,0.004027350252727047,0.5755129265598953,45,8,8,8,False,
driveact,val,vp14_run2_2018-05-30-10-42-33_188_234,data/DriveAct_data/clips/fastening_seat_belt/vp14_run2_2018-05-30-10-42-33_188_234.mp4,8,8,100,1,8,True,True,0.6692004203796387,0.007038496900349855,0.004027350252727047,0.5681628221645951,47,8,8,8,False,
driveact,val,vp15_run1_2018-05-30-13-05-35_256_301,data/DriveAct_data/clips/fastening_seat_belt/vp15_run1_2018-05-30-13-05-35_256_301.mp4,8,8,100,1,8,True,True,0.8352614641189575,0.00680406391620636,0.004027350252727047,0.5602772850543261,44,8,8,8,False,
driveact,val,vp14_run1_2018-05-30-10-11-09_215_248,data/DriveAct_data/clips/fastening_seat_belt/vp14_run1_2018-05-30-10-11-09_215_248.mp4,8,8,100,1,8,True,True,0.6932162642478943,0.006243955343961716,0.004027350252727047,0.5527168298140168,33,8,8,8,False,
driveact,val,vp15_run1_2018-05-30-13-05-35_301_346,data/DriveAct_data/clips/fastening_seat_belt/vp15_run1_2018-05-30-13-05-35_301_346.mp4,8,8,100,1,8,True,True,0.9012525081634521,0.006795302964746952,0.004027350252727047,0.5456719808280468,44,8,8,8,False,
driveact,val,vp15_run1_2018-05-30-13-05-35_346_354,data/DriveAct_data/clips/fastening_seat_belt/vp15_run1_2018-05-30-13-05-35_346_354.mp4,8,8,100,1,8,True,True,0.5981297492980957,0.004480521660298109,0.004027350252727047,0.5381206288002431,7,7,8,8,False,
driveact,val,vp15_run2_2018-05-30-13-34-33_242_288,data/DriveAct_data/clips/fastening_seat_belt/vp15_run2_2018-05-30-13-34-33_242_288.mp4,8,8,100,1,8,True,True,0.9516369104385376,0.009387929923832417,0.004027350252727047,0.5330548170022666,47,8,8,8,False,
driveact,val,vp15_run2_2018-05-30-13-34-33_197_242,data/DriveAct_data/clips/fastening_seat_belt/vp15_run2_2018-05-30-13-34-33_197_242.mp4,8,8,100,1,8,True,True,0.9044146537780762,0.006955605931580067,0.004027350252727047,0.5228409231640399,45,8,8,8,False,
driveact,val,vp15_run1_2018-05-30-13-05-35_15668_15713,data/DriveAct_data/clips/fetching_an_object/vp15_run1_2018-05-30-13-05-35_15668_15713.mp4,9,8,100,1,27,False,False,0.3493857681751251,0.006626431830227375,0.004027350252727047,0.5150803197175264,45,8,8,8,False,
driveact,val,vp14_run2_2018-05-30-10-42-33_15699_15745,data/DriveAct_data/clips/fetching_an_object/vp14_run2_2018-05-30-10-42-33_15699_15745.mp4,9,8,100,1,5,False,True,0.8961181640625,0.006773213855922222,0.004027350252727047,0.5075648101046681,47,8,8,8,False,
driveact,val,vp14_run1_2018-05-30-10-11-09_11904_11942,data/DriveAct_data/clips/fetching_an_object/vp14_run1_2018-05-30-10-11-09_11904_11942.mp4,9,8,100,1,9,True,True,0.9157782196998596,0.006924653425812721,0.004027350252727047,0.49993402790278196,38,8,8,8,False,
driveact,val,vp14_run1_2018-05-30-10-11-09_22306_22351,data/DriveAct_data/clips/fetching_an_object/vp14_run1_2018-05-30-10-11-09_22306_22351.mp4,9,8,100,1,32,False,True,0.2731541693210602,0.023872797843068838,0.003803835905273445,0.7395800710655749,44,8,8,8,False,
driveact,val,vp14_run1_2018-05-30-10-11-09_10272_10292,data/DriveAct_data/clips/fetching_an_object/vp14_run1_2018-05-30-10-11-09_10272_10292.mp4,9,8,100,1,31,False,True,0.30838578939437866,0.00630302494391799,0.003803835905273445,0.7139227259904146,20,8,8,8,False,
driveact,val,vp14_run1_2018-05-30-10-11-09_21666_21711,data/DriveAct_data/clips/fetching_an_object/vp14_run1_2018-05-30-10-11-09_21666_21711.mp4,9,8,100,1,17,False,True,0.8303324580192566,0.006955643184483051,0.003803835905273445,0.7068729372695088,45,8,8,8,False,
driveact,val,vp15_run2_2018-05-30-13-34-33_6781_6800,data/DriveAct_data/clips/fetching_an_object/vp15_run2_2018-05-30-13-34-33_6781_6800.mp4,9,8,100,1,9,True,True,0.7940500974655151,0.00585936987772584,0.003803835905273445,0.6991299912333488,19,8,8,8,False,
driveact,val,vp15_run1_2018-05-30-13-05-35_6374_6385,data/DriveAct_data/clips/fetching_an_object/vp15_run1_2018-05-30-13-05-35_6374_6385.mp4,9,8,100,1,8,False,False,0.42015424370765686,0.004885933827608824,0.003803835905273445,0.6925437701866031,11,8,8,8,False,
driveact,val,vp15_run1_2018-05-30-13-05-35_4575_4609,data/DriveAct_data/clips/fetching_an_object/vp15_run1_2018-05-30-13-05-35_4575_4609.mp4,9,8,100,1,13,False,False,0.29256343841552734,0.006864720955491066,0.003803835905273445,0.6870103050023317,35,8,8,8,False,
driveact,val,vp15_run1_2018-05-30-13-05-35_7194_7239,data/DriveAct_data/clips/fetching_an_object/vp15_run1_2018-05-30-13-05-35_7194_7239.mp4,9,8,100,1,9,True,True,0.9075602889060974,0.00688720028847456,0.003803835905273445,0.6793589009903371,45,8,8,8,False,
driveact,val,vp14_run2_2018-05-30-10-42-33_12363_12379,data/DriveAct_data/clips/fetching_an_object/vp14_run2_2018-05-30-10-42-33_12363_12379.mp4,9,8,100,1,17,False,False,0.18772371113300323,0.005795720033347607,0.003803835905273445,0.6716090310364962,17,8,8,8,False,
driveact,val,vp14_run2_2018-05-30-10-42-33_12226_12270,data/DriveAct_data/clips/fetching_an_object/vp14_run2_2018-05-30-10-42-33_12226_12270.mp4,9,8,100,1,9,True,True,0.5794938206672668,0.006859560031443834,0.003803835905273445,0.665115037932992,43,8,8,8,False,
driveact,val,vp14_run2_2018-05-30-10-42-33_8133_8178,data/DriveAct_data/clips/fetching_an_object/vp14_run2_2018-05-30-10-42-33_8133_8178.mp4,9,8,100,1,17,False,True,0.39810943603515625,0.006853988394141197,0.003803835905273445,0.6574117471463978,45,8,8,8,False,
driveact,val,vp14_run1_2018-05-30-10-11-09_21527_21573,data/DriveAct_data/clips/fetching_an_object/vp14_run1_2018-05-30-10-11-09_21527_21573.mp4,9,8,100,1,19,False,True,0.2698380947113037,0.007072465028613806,0.003803835905273445,0.6497401311062276,47,8,8,8,False,
driveact,val,vp14_run2_2018-05-30-10-42-33_21057_21103,data/DriveAct_data/clips/fetching_an_object/vp14_run2_2018-05-30-10-42-33_21057_21103.mp4,9,8,100,1,9,True,True,0.7999534010887146,0.006732756271958351,0.003803835905273445,0.6418063617311418,47,8,8,8,False,
driveact,val,vp14_run2_2018-05-30-10-42-33_20000_20030,data/DriveAct_data/clips/fetching_an_object/vp14_run2_2018-05-30-10-42-33_20000_20030.mp4,9,8,100,1,9,True,True,0.9313946962356567,0.00618290901184082,0.003803835905273445,0.6340021411888301,30,8,8,8,False,
driveact,val,vp14_run1_2018-05-30-10-11-09_6973_7018,data/DriveAct_data/clips/fetching_an_object/vp14_run1_2018-05-30-10-11-09_6973_7018.mp4,9,8,100,1,9,True,True,0.5395702719688416,0.006687020882964134,0.003803835905273445,0.6270235450938344,44,8,8,8,False,
driveact,val,vp15_run2_2018-05-30-13-34-33_7002_7047,data/DriveAct_data/clips/fetching_an_object/vp15_run2_2018-05-30-13-34-33_7002_7047.mp4,9,8,100,1,17,False,True,0.4959019422531128,0.006740389857441187,0.003803835905273445,0.6194822932593524,45,8,8,8,False,
driveact,val,vp14_run1_2018-05-30-10-11-09_5633_5678,data/DriveAct_data/clips/fetching_an_object/vp14_run1_2018-05-30-10-11-09_5633_5678.mp4,9,8,100,1,9,True,True,0.182502880692482,0.007112022023648024,0.003803835905273445,0.6118822242133319,45,8,8,8,False,
driveact,val,vp14_run1_2018-05-30-10-11-09_7107_7131,data/DriveAct_data/clips/fetching_an_object/vp14_run1_2018-05-30-10-11-09_7107_7131.mp4,9,8,100,1,24,False,True,0.7958829402923584,0.00582476519048214,0.003803835905273445,0.6039422531612217,24,8,8,8,False,
driveact,val,vp14_run1_2018-05-30-10-11-09_22953_23000,data/DriveAct_data/clips/interacting_with_phone/vp14_run1_2018-05-30-10-11-09_22953_23000.mp4,10,8,100,1,10,True,True,0.9721781015396118,0.00678537180647254,0.003803835905273445,0.5973628270439804,47,8,8,8,False,
driveact,val,vp14_run2_2018-05-30-10-42-33_21239_21283,data/DriveAct_data/clips/interacting_with_phone/vp14_run2_2018-05-30-10-42-33_21239_21283.mp4,10,8,100,1,10,True,True,0.9017717242240906,0.006690560840070248,0.003803835905273445,0.5897316806949675,44,8,8,8,False,
driveact,val,vp14_run1_2018-05-30-10-11-09_22545_22590,data/DriveAct_data/clips/interacting_with_phone/vp14_run1_2018-05-30-10-11-09_22545_22590.mp4,10,8,100,1,10,True,True,0.9855352640151978,0.006707220803946257,0.003803835905273445,0.5821832069195807,45,8,8,8,False,
driveact,val,vp15_run1_2018-05-30-13-05-35_6752_6768,data/DriveAct_data/clips/interacting_with_phone/vp15_run1_2018-05-30-13-05-35_6752_6768.mp4,10,8,100,1,33,False,True,0.45458248257637024,0.005707442294806242,0.003803835905273445,0.5746460556983948,17,8,8,8,False,
driveact,val,vp14_run2_2018-05-30-10-42-33_21374_21420,data/DriveAct_data/clips/interacting_with_phone/vp14_run2_2018-05-30-10-42-33_21374_21420.mp4,10,8,100,1,10,True,True,0.9419875144958496,0.006734523922204971,0.003803835905273445,0.5682033421471715,47,8,8,8,False,
driveact,val,vp14_run2_2018-05-30-10-42-33_13102_13147,data/DriveAct_data/clips/interacting_with_phone/vp14_run2_2018-05-30-10-42-33_13102_13147.mp4,10,8,100,1,10,True,True,0.9543185234069824,0.006621197331696749,0.003803835905273445,0.5606265179812908,44,8,8,8,False,
driveact,val,vp14_run2_2018-05-30-10-42-33_21148_21193,data/DriveAct_data/clips/interacting_with_phone/vp14_run2_2018-05-30-10-42-33_21148_21193.mp4,10,8,100,1,10,True,True,0.8658071160316467,0.006827636156231165,0.003803835905273445,0.5531682707369328,44,8,8,8,False,
driveact,val,vp14_run1_2018-05-30-10-11-09_12714_12743,data/DriveAct_data/clips/interacting_with_phone/vp14_run1_2018-05-30-10-11-09_12714_12743.mp4,10,8,100,1,17,False,False,0.8254220485687256,0.0065339538268744946,0.003803835905273445,0.5456001129932702,29,8,8,8,False,
driveact,val,vp14_run2_2018-05-30-10-42-33_8273_8318,data/DriveAct_data/clips/interacting_with_phone/vp14_run2_2018-05-30-10-42-33_8273_8318.mp4,10,8,100,1,10,True,True,0.9824636578559875,0.006825696211308241,0.003803835905273445,0.5382902687415481,45,8,8,8,False,
driveact,val,vp15_run2_2018-05-30-13-34-33_7067_7112,data/DriveAct_data/clips/interacting_with_phone/vp15_run2_2018-05-30-13-34-33_7067_7112.mp4,10,8,100,1,10,True,True,0.9064190983772278,0.006785641890019178,0.003803835905273445,0.5304880780167878,45,8,8,8,False,
driveact,val,vp15_run2_2018-05-30-13-34-33_7350_7395,data/DriveAct_data/clips/interacting_with_phone/vp15_run2_2018-05-30-13-34-33_7350_7395.mp4,10,8,100,1,10,True,True,0.8402347564697266,0.006647210102528334,0.003803835905273445,0.5228035766631365,45,8,8,8,False,
driveact,val,vp14_run2_2018-05-30-10-42-33_13193_13238,data/DriveAct_data/clips/interacting_with_phone/vp14_run2_2018-05-30-10-42-33_13193_13238.mp4,10,8,100,1,10,True,True,0.9844827055931091,0.006673176772892475,0.003803835905273445,0.5152818490751088,45,8,8,8,False,
driveact,val,vp14_run2_2018-05-30-10-42-33_13374_13420,data/DriveAct_data/clips/interacting_with_phone/vp14_run2_2018-05-30-10-42-33_13374_13420.mp4,10,8,100,1,10,True,True,0.9707837104797363,0.006907586008310318,0.003803835905273445,0.50772740598768,47,8,8,8,False,
driveact,val,vp14_run1_2018-05-30-10-11-09_22818_22862,data/DriveAct_data/clips/interacting_with_phone/vp14_run1_2018-05-30-10-11-09_22818_22862.mp4,10,8,100,1,10,True,True,0.9279595017433167,0.006606210023164749,0.003803835905273445,0.49993244372308254,44,8,8,8,False,
driveact,val,vp14_run2_2018-05-30-10-42-33_13465_13510,data/DriveAct_data/clips/interacting_with_phone/vp14_run2_2018-05-30-10-42-33_13465_13510.mp4,10,8,100,1,10,True,True,0.9793709516525269,0.006620622705668211,0.003803835905273445,0.49247569078579545,44,8,8,8,False,
driveact,val,vp14_run1_2018-05-30-10-11-09_3681_3727,data/DriveAct_data/clips/interacting_with_phone/vp14_run1_2018-05-30-10-11-09_3681_3727.mp4,10,8,100,1,25,False,False,0.9798426032066345,0.01403150288388133,0.0038843152433400974,0.7393130678683519,47,8,8,8,False,
driveact,val,vp15_run2_2018-05-30-13-34-33_7442_7487,data/DriveAct_data/clips/interacting_with_phone/vp15_run2_2018-05-30-13-34-33_7442_7487.mp4,10,8,100,1,10,True,True,0.497891366481781,0.007007354870438576,0.0038843152433400974,0.7200796222314239,45,8,8,8,False,
driveact,val,vp15_run1_2018-05-30-13-05-35_6549_6595,data/DriveAct_data/clips/interacting_with_phone/vp15_run1_2018-05-30-13-05-35_6549_6595.mp4,10,8,100,1,5,False,False,0.8777943253517151,0.006587055046111345,0.0038843152433400974,0.7122299200855196,47,8,8,8,False,
driveact,val,vp14_run1_2018-05-30-10-11-09_13394_13432,data/DriveAct_data/clips/interacting_with_phone/vp14_run1_2018-05-30-10-11-09_13394_13432.mp4,10,8,100,1,17,False,True,0.38833242654800415,0.009552206844091415,0.0038843152433400974,0.704789490904659,38,8,8,8,False,
driveact,val,vp15_run1_2018-05-30-13-05-35_6615_6662,data/DriveAct_data/clips/interacting_with_phone/vp15_run1_2018-05-30-13-05-35_6615_6662.mp4,10,8,100,1,32,False,True,0.26374927163124084,0.006763618905097246,0.0038843152433400974,0.6942179528996348,47,8,8,8,False,
driveact,val,vp15_run2_2018-05-30-13-34-33_7945_7958,data/DriveAct_data/clips/looking_or_moving_around (e.g. searching)/vp15_run2_2018-05-30-13-34-33_7945_7958.mp4,11,8,100,1,25,False,False,0.985209047794342,0.0050733089447021484,0.0038843152433400974,0.6866347738541663,13,8,8,8,False,
driveact,val,vp15_run1_2018-05-30-13-05-35_6175_6220,data/DriveAct_data/clips/looking_or_moving_around (e.g. searching)/vp15_run1_2018-05-30-13-05-35_6175_6220.mp4,11,8,100,1,32,False,False,0.63189697265625,0.006736612878739834,0.0038843152433400974,0.6808883394114673,44,8,8,8,False,
driveact,val,vp15_run1_2018-05-30-13-05-35_6220_6262,data/DriveAct_data/clips/looking_or_moving_around (e.g. searching)/vp15_run1_2018-05-30-13-05-35_6220_6262.mp4,11,8,100,1,32,False,False,0.9331952929496765,0.006554831750690937,0.0038843152433400974,0.6733718579635024,41,8,8,8,False,
driveact,val,vp14_run2_2018-05-30-10-42-33_8491_8533,data/DriveAct_data/clips/looking_or_moving_around (e.g. searching)/vp14_run2_2018-05-30-10-42-33_8491_8533.mp4,11,8,100,1,9,False,False,0.6707976460456848,0.006759732961654663,0.0038843152433400974,0.6660461877472699,41,8,8,8,False,
driveact,val,vp14_run2_2018-05-30-10-42-33_12164_12210,data/DriveAct_data/clips/looking_or_moving_around (e.g. searching)/vp14_run2_2018-05-30-10-42-33_12164_12210.mp4,11,8,100,1,9,False,False,0.2362814098596573,0.006636772770434618,0.0038843152433400974,0.6584916259162128,47,8,8,8,False,
driveact,val,vp14_run2_2018-05-30-10-42-33_12210_12226,data/DriveAct_data/clips/looking_or_moving_around (e.g. searching)/vp14_run2_2018-05-30-10-42-33_12210_12226.mp4,11,8,100,1,25,False,False,0.9950107336044312,0.006233731750398874,0.0038843152433400974,0.6509906020946801,17,8,8,8,False,
driveact,val,vp15_run2_2018-05-30-13-34-33_7900_7945,data/DriveAct_data/clips/looking_or_moving_around (e.g. searching)/vp15_run2_2018-05-30-13-34-33_7900_7945.mp4,11,8,100,1,25,False,True,0.8321338891983032,0.006418227683752775,0.0038843152433400974,0.64406758826226,44,8,8,8,False,
driveact,val,vp15_run2_2018-05-30-13-34-33_13529_13546,data/DriveAct_data/clips/looking_or_moving_around (e.g. searching)/vp15_run2_2018-05-30-13-34-33_13529_13546.mp4,11,8,100,1,22,False,True,0.3099488914012909,0.005502054002135992,0.0038843152433400974,0.6368100880645216,17,8,8,8,False,
driveact,val,vp14_run2_2018-05-30-10-42-33_8445_8491,data/DriveAct_data/clips/looking_or_moving_around (e.g. searching)/vp14_run2_2018-05-30-10-42-33_8445_8491.mp4,11,8,100,1,17,False,False,0.5042499303817749,0.0073254709132015705,0.0038843152433400974,0.630578625947237,47,8,8,8,False,
driveact,val,vp15_run2_2018-05-30-13-34-33_10121_10158,data/DriveAct_data/clips/looking_or_moving_around (e.g. searching)/vp15_run2_2018-05-30-13-34-33_10121_10158.mp4,11,8,100,1,25,False,False,0.8194150924682617,0.006333302240818739,0.0038843152433400974,0.6224322197958827,38,8,8,8,False,
driveact,val,vp15_run2_2018-05-30-13-34-33_6702_6735,data/DriveAct_data/clips/looking_or_moving_around (e.g. searching)/vp15_run2_2018-05-30-13-34-33_6702_6735.mp4,11,8,100,1,25,False,False,0.25949403643608093,0.006182124838232994,0.0038843152433400974,0.615323384758085,33,8,8,8,False,
driveact,val,vp15_run2_2018-05-30-13-34-33_5715_5728,data/DriveAct_data/clips/opening_bottle/vp15_run2_2018-05-30-13-34-33_5715_5728.mp4,13,8,100,1,5,False,True,0.685954213142395,0.005294033791869879,0.0038843152433400974,0.6083297659642994,14,8,8,8,False,
driveact,val,vp14_run1_2018-05-30-10-11-09_11942_11987,data/DriveAct_data/clips/opening_bottle/vp14_run1_2018-05-30-10-11-09_11942_11987.mp4,13,8,100,1,13,True,True,0.45083051919937134,0.00649635773152113,0.0038843152433400974,0.6023468100465834,45,8,8,8,False,
driveact,val,vp14_run2_2018-05-30-10-42-33_20055_20100,data/DriveAct_data/clips/opening_bottle/vp14_run2_2018-05-30-10-42-33_20055_20100.mp4,13,8,100,1,5,False,True,0.9699300527572632,0.009734476916491985,0.0038843152433400974,0.5950160357169807,45,8,8,8,False,
driveact,val,vp15_run1_2018-05-30-13-05-35_10155_10200,data/DriveAct_data/clips/opening_bottle/vp15_run1_2018-05-30-13-05-35_10155_10200.mp4,13,8,100,1,0,False,True,0.4304520785808563,0.006805403158068657,0.0038843152433400974,0.5840672859922051,45,8,8,8,False,
driveact,val,vp14_run2_2018-05-30-10-42-33_20100_20115,data/DriveAct_data/clips/opening_bottle/vp14_run2_2018-05-30-10-42-33_20100_20115.mp4,13,8,100,1,5,False,True,0.3781653046607971,0.005582038778811693,0.0038843152433400974,0.5764105292037129,15,8,8,8,False,
driveact,val,vp14_run2_2018-05-30-10-42-33_16169_16194,data/DriveAct_data/clips/opening_bottle/vp14_run2_2018-05-30-10-42-33_16169_16194.mp4,13,8,100,1,13,True,True,0.36216625571250916,0.006002349313348532,0.0038843152433400974,0.5701256366446614,26,8,8,8,False,
driveact,val,vp15_run2_2018-05-30-13-34-33_5669_5715,data/DriveAct_data/clips/opening_bottle/vp15_run2_2018-05-30-13-34-33_5669_5715.mp4,13,8,100,1,5,False,False,0.4747883379459381,0.006609173957258463,0.0038843152433400974,0.5633164057508111,47,8,8,8,False,
driveact,val,vp15_run2_2018-05-30-13-34-33_6415_6443,data/DriveAct_data/clips/opening_bottle/vp15_run2_2018-05-30-13-34-33_6415_6443.mp4,13,8,100,1,0,False,True,0.2166031301021576,0.005924263969063759,0.0038843152433400974,0.5558628141880035,28,8,8,8,False,
driveact,val,vp14_run1_2018-05-30-10-11-09_5855_5873,data/DriveAct_data/clips/opening_bottle/vp14_run1_2018-05-30-10-11-09_5855_5873.mp4,13,8,100,1,5,False,True,0.7884159684181213,0.00559344794601202,0.0038843152433400974,0.5491685946471989,18,8,8,8,False,
driveact,val,vp14_run2_2018-05-30-10-42-33_3685_3731,data/DriveAct_data/clips/opening_bottle/vp14_run2_2018-05-30-10-42-33_3685_3731.mp4,13,8,100,1,5,False,True,0.9445593357086182,0.006694247014820576,0.0038843152433400974,0.5428582243621349,46,8,8,8,False,
driveact,val,vp15_run1_2018-05-30-13-05-35_4451_4497,data/DriveAct_data/clips/opening_bottle/vp15_run1_2018-05-30-13-05-35_4451_4497.mp4,13,8,100,1,5,False,True,0.6703789234161377,0.006758282892405987,0.0038843152433400974,0.5353270675987005,47,8,8,8,False,
driveact,val,vp14_run1_2018-05-30-10-11-09_11987_11998,data/DriveAct_data/clips/opening_bottle/vp14_run1_2018-05-30-10-11-09_11987_11998.mp4,13,8,100,1,5,False,True,0.6346172094345093,0.004967765882611275,0.0038843152433400974,0.5277228057384491,11,8,8,8,False,
driveact,val,vp14_run2_2018-05-30-10-42-33_3731_3770,data/DriveAct_data/clips/opening_bottle/vp14_run2_2018-05-30-10-42-33_3731_3770.mp4,13,8,100,1,5,False,True,0.9366767406463623,0.006590545643121004,0.0038843152433400974,0.5221110661514103,39,8,8,8,False,
driveact,val,vp14_run1_2018-05-30-10-11-09_5763_5809,data/DriveAct_data/clips/opening_bottle/vp14_run1_2018-05-30-10-11-09_5763_5809.mp4,13,8,100,1,5,False,True,0.5354833006858826,0.010409092996269464,0.0038843152433400974,0.5147599088959396,47,8,8,8,False,
driveact,val,vp14_run2_2018-05-30-10-42-33_16124_16169,data/DriveAct_data/clips/opening_bottle/vp14_run2_2018-05-30-10-42-33_16124_16169.mp4,13,8,100,1,13,True,True,0.3996947109699249,0.006516807246953249,0.0038843152433400974,0.5034943972714245,45,8,8,8,False,
driveact,val,vp14_run1_2018-05-30-10-11-09_5809_5855,data/DriveAct_data/clips/opening_bottle/vp14_run1_2018-05-30-10-11-09_5809_5855.mp4,13,8,100,1,5,False,True,0.8376660943031311,0.007895511109381914,0.0038843152433400974,0.4961765198968351,46,8,8,8,False,
driveact,val,vp15_run1_2018-05-30-13-05-35_4497_4508,data/DriveAct_data/clips/opening_bottle/vp15_run1_2018-05-30-13-05-35_4497_4508.mp4,13,8,100,1,5,False,True,0.3878847360610962,0.00927308201789856,0.0038096840580692515,0.7264345567673445,11,8,8,8,False,
driveact,val,vp15_run1_2018-05-30-13-05-35_10200_10223,data/DriveAct_data/clips/opening_bottle/vp15_run1_2018-05-30-13-05-35_10200_10223.mp4,13,8,100,1,13,True,True,0.22113478183746338,0.00652129715308547,0.0038096840580692515,0.7154958578757942,23,8,8,8,False,
driveact,val,vp14_run2_2018-05-30-10-42-33_22235_22280,data/DriveAct_data/clips/opening_door_inside/vp14_run2_2018-05-30-10-42-33_22235_22280.mp4,14,8,100,1,7,False,True,0.18022826313972473,0.00704227713868022,0.0038096840580692515,0.7082136911340058,45,8,8,8,False,
driveact,val,vp15_run2_2018-05-30-13-34-33_19604_19635,data/DriveAct_data/clips/opening_door_inside/vp15_run2_2018-05-30-13-34-33_19604_19635.mp4,14,8,100,1,14,True,True,0.33438703417778015,0.006501165218651295,0.0038096840580692515,0.7002931740134954,32,8,8,8,False,
driveact,val,vp14_run1_2018-05-30-10-11-09_24456_24474,data/DriveAct_data/clips/opening_door_inside/vp14_run1_2018-05-30-10-11-09_24456_24474.mp4,14,8,100,1,25,False,False,0.2945052981376648,0.0060022431425750256,0.0038096840580692515,0.692963429260999,18,8,8,8,False,
driveact,val,vp14_run1_2018-05-30-10-11-09_24410_24456,data/DriveAct_data/clips/opening_door_inside/vp14_run1_2018-05-30-10-11-09_24410_24456.mp4,14,8,100,1,25,False,True,0.17447789013385773,0.006878821179270744,0.0038096840580692515,0.6862090178765357,47,8,8,8,False,
driveact,val,vp15_run1_2018-05-30-13-05-35_18724_18755,data/DriveAct_data/clips/opening_door_inside/vp15_run1_2018-05-30-13-05-35_18724_18755.mp4,14,8,100,1,14,True,True,0.3531319797039032,0.006090766284614801,0.0038096840580692515,0.6784456232562661,31,8,8,8,False,
driveact,val,vp14_run2_2018-05-30-10-42-33_22280_22295,data/DriveAct_data/clips/opening_door_inside/vp14_run2_2018-05-30-10-42-33_22280_22295.mp4,14,8,100,1,19,False,True,0.18544214963912964,0.005581059958785772,0.0038096840580692515,0.6715266373939812,15,8,8,8,False,
driveact,val,vp14_run1_2018-05-30-10-11-09_61_82,data/DriveAct_data/clips/opening_door_outside/vp14_run1_2018-05-30-10-11-09_61_82.mp4,15,8,100,1,15,True,True,0.3943263292312622,0.005487116985023022,0.0038096840580692515,0.6652319398708642,20,8,8,8,False,
driveact,val,vp15_run1_2018-05-30-13-05-35_61_87,data/DriveAct_data/clips/opening_door_outside/vp15_run1_2018-05-30-13-05-35_61_87.mp4,15,8,100,1,15,True,True,0.5675777196884155,0.005879784002900124,0.0038096840580692515,0.6589892632327974,25,8,8,8,False,
driveact,val,vp14_run2_2018-05-30-10-42-33_44_74,data/DriveAct_data/clips/opening_door_outside/vp14_run2_2018-05-30-10-42-33_44_74.mp4,15,8,100,1,15,True,True,0.6688409447669983,0.0060362787917256355,0.0038096840580692515,0.6523515251465142,30,8,8,8,False,
driveact,val,vp15_run2_2018-05-30-13-34-33_99_120,data/DriveAct_data/clips/opening_door_outside/vp15_run2_2018-05-30-13-34-33_99_120.mp4,15,8,100,1,15,True,True,0.5519202351570129,0.005688068922609091,0.0038096840580692515,0.645521491765976,21,8,8,8,False,
driveact,val,vp15_run1_2018-05-30-13-05-35_6599_6615,data/DriveAct_data/clips/opening_laptop/vp15_run1_2018-05-30-13-05-35_6599_6615.mp4,16,8,100,1,32,False,True,0.551500141620636,0.0057272519916296005,0.0038096840580692515,0.6390633480623364,17,8,8,8,False,
driveact,val,vp14_run1_2018-05-30-10-11-09_21830_21875,data/DriveAct_data/clips/opening_laptop/vp14_run1_2018-05-30-10-11-09_21830_21875.mp4,16,8,100,1,25,False,True,0.6994527578353882,0.00688537210226059,0.0038096840580692515,0.6326300771906972,45,8,8,8,False,
driveact,val,vp15_run2_2018-05-30-13-34-33_6800_6847,data/DriveAct_data/clips/opening_laptop/vp15_run2_2018-05-30-13-34-33_6800_6847.mp4,16,8,100,1,4,False,False,0.17787154018878937,0.006865423638373613,0.0038096840580692515,0.6246814480982721,47,8,8,8,False,
driveact,val,vp15_run1_2018-05-30-13-05-35_5948_5960,data/DriveAct_data/clips/opening_laptop/vp15_run1_2018-05-30-13-05-35_5948_5960.mp4,16,8,100,1,32,False,True,0.8409865498542786,0.005293664988130331,0.0038096840580692515,0.6169177852571011,12,8,8,8,False,
driveact,val,vp14_run2_2018-05-30-10-42-33_12428_12468,data/DriveAct_data/clips/opening_laptop/vp14_run2_2018-05-30-10-42-33_12428_12468.mp4,16,8,100,1,16,True,True,0.2562122344970703,0.006698723882436752,0.0038096840580692515,0.6109424442984164,41,8,8,8,False,
driveact,val,vp14_run1_2018-05-30-10-11-09_21784_21830,data/DriveAct_data/clips/opening_laptop/vp14_run1_2018-05-30-10-11-09_21784_21830.mp4,16,8,100,1,25,False,True,0.423735648393631,0.0067922999151051044,0.0038096840580692515,0.6034676576964557,46,8,8,8,False,
driveact,val,vp15_run2_2018-05-30-13-34-33_6847_6885,data/DriveAct_data/clips/opening_laptop/vp15_run2_2018-05-30-13-34-33_6847_6885.mp4,16,8,100,1,17,False,True,0.6555476188659668,0.006355423014611006,0.0038096840580692515,0.5958378510549664,37,8,8,8,False,
driveact,val,vp14_run1_2018-05-30-10-11-09_21875_21919,data/DriveAct_data/clips/opening_laptop/vp14_run1_2018-05-30-10-11-09_21875_21919.mp4,16,8,100,1,10,False,True,0.26608628034591675,0.006660486105829477,0.0038096840580692515,0.5886619398370385,44,8,8,8,False,
driveact,val,vp14_run1_2018-05-30-10-11-09_21740_21784,data/DriveAct_data/clips/opening_laptop/vp14_run1_2018-05-30-10-11-09_21740_21784.mp4,16,8,100,1,9,False,False,0.45263662934303284,0.009578429162502289,0.0038096840580692515,0.5811588577926159,44,8,8,8,False,
driveact,val,vp15_run1_2018-05-30-13-05-35_5874_5909,data/DriveAct_data/clips/opening_laptop/vp15_run1_2018-05-30-13-05-35_5874_5909.mp4,16,8,100,1,16,True,True,0.3182973265647888,0.006661415100097656,0.0038096840580692515,0.5708146085962653,35,8,8,8,False,
driveact,val,vp15_run1_2018-05-30-13-05-35_5828_5874,data/DriveAct_data/clips/opening_laptop/vp15_run1_2018-05-30-13-05-35_5828_5874.mp4,16,8,100,1,16,True,True,0.24214810132980347,0.011050780769437551,0.0038096840580692515,0.5633351313881576,47,8,8,8,False,
driveact,val,vp14_run2_2018-05-30-10-42-33_13778_13820,data/DriveAct_data/clips/placing_an_object/vp14_run2_2018-05-30-10-42-33_13778_13820.mp4,17,8,100,1,9,False,True,0.5333133339881897,0.007124006282538176,0.0038096840580692515,0.5515271448530257,42,8,8,8,False,
driveact,val,vp15_run2_2018-05-30-13-34-33_9246_9292,data/DriveAct_data/clips/placing_an_object/vp15_run2_2018-05-30-13-34-33_9246_9292.mp4,17,8,100,1,17,True,True,0.8658135533332825,0.006751754321157932,0.0038096840580692515,0.5435372716747224,47,8,8,8,False,
driveact,val,vp15_run2_2018-05-30-13-34-33_7747_7769,data/DriveAct_data/clips/placing_an_object/vp15_run2_2018-05-30-13-34-33_7747_7769.mp4,17,8,100,1,17,True,True,0.6555389165878296,0.005991845391690731,0.0038096840580692515,0.5358894481323659,22,8,8,8,False,
driveact,val,vp14_run2_2018-05-30-10-42-33_11982_12001,data/DriveAct_data/clips/placing_an_object/vp14_run2_2018-05-30-10-42-33_11982_12001.mp4,17,8,100,1,17,True,True,0.7063519954681396,0.005960213020443916,0.0038096840580692515,0.5291114910505712,20,8,8,8,False,
driveact,val,vp14_run2_2018-05-30-10-42-33_19252_19297,data/DriveAct_data/clips/placing_an_object/vp14_run2_2018-05-30-10-42-33_19252_19297.mp4,17,8,100,1,5,False,True,0.8029424548149109,0.006597275845706463,0.0038096840580692515,0.5222080647945404,44,8,8,8,False,
driveact,val,vp15_run1_2018-05-30-13-05-35_6385_6421,data/DriveAct_data/clips/placing_an_object/vp15_run1_2018-05-30-13-05-35_6385_6421.mp4,17,8,100,1,17,True,True,0.3768373727798462,0.006529123988002539,0.0038096840580692515,0.5147550571709871,35,8,8,8,False,
driveact,val,vp14_run2_2018-05-30-10-42-33_20324_20345,data/DriveAct_data/clips/placing_an_object/vp14_run2_2018-05-30-10-42-33_20324_20345.mp4,17,8,100,1,17,True,True,0.798561155796051,0.005921532399952412,0.0038096840580692515,0.5073826699517667,21,8,8,8,False,
driveact,val,vp14_run1_2018-05-30-10-11-09_10035_10080,data/DriveAct_data/clips/placing_an_object/vp14_run1_2018-05-30-10-11-09_10035_10080.mp4,17,8,100,1,17,True,True,0.46603772044181824,0.006956052966415882,0.0038096840580692515,0.5007138070650399,45,8,8,8,False,
driveact,val,vp14_run1_2018-05-30-10-11-09_23244_23290,data/DriveAct_data/clips/placing_an_object/vp14_run1_2018-05-30-10-11-09_23244_23290.mp4,17,8,100,1,9,False,True,0.2514175474643707,0.006898730993270874,0.0038096840580692515,0.49289789982140064,47,8,8,8,False,
driveact,val,vp14_run1_2018-05-30-10-11-09_20839_20884,data/DriveAct_data/clips/placing_an_object/vp14_run1_2018-05-30-10-11-09_20839_20884.mp4,17,8,100,1,17,True,True,0.89603191614151,0.01877254294231534,0.0038926783454371616,0.7282327627763152,44,8,8,8,False,
driveact,val,vp14_run1_2018-05-30-10-11-09_6033_6078,data/DriveAct_data/clips/placing_an_object/vp14_run1_2018-05-30-10-11-09_6033_6078.mp4,17,8,100,1,17,True,True,0.6718049645423889,0.007432025391608477,0.0038926783454371616,0.70259721390903,45,8,8,8,False,
driveact,val,vp14_run2_2018-05-30-10-42-33_10144_10189,data/DriveAct_data/clips/placing_an_object/vp14_run2_2018-05-30-10-42-33_10144_10189.mp4,17,8,100,1,17,True,True,0.3786050081253052,0.007130295969545841,0.0038926783454371616,0.6943439859896898,44,8,8,8,False,
driveact,val,vp14_run1_2018-05-30-10-11-09_3899_3918,data/DriveAct_data/clips/placing_an_object/vp14_run1_2018-05-30-10-11-09_3899_3918.mp4,17,8,100,1,8,False,True,0.2949489951133728,0.005844858009368181,0.0038926783454371616,0.6863084798678756,20,8,8,8,False,
driveact,val,vp15_run1_2018-05-30-13-05-35_17835_17878,data/DriveAct_data/clips/placing_an_object/vp15_run1_2018-05-30-13-05-35_17835_17878.mp4,17,8,100,1,17,True,True,0.9663505554199219,0.007368680089712143,0.0038926783454371616,0.67969856178388,44,8,8,8,False,
driveact,val,vp15_run1_2018-05-30-13-05-35_15124_15161,data/DriveAct_data/clips/placing_an_object/vp15_run1_2018-05-30-13-05-35_15124_15161.mp4,17,8,100,1,17,True,True,0.9117154479026794,0.007652600295841694,0.0038926783454371616,0.6715052099898458,37,8,8,8,False,
driveact,val,vp14_run1_2018-05-30-10-11-09_23063_23108,data/DriveAct_data/clips/placing_an_object/vp14_run1_2018-05-30-10-11-09_23063_23108.mp4,17,8,100,1,17,True,True,0.8649680614471436,0.006865430157631636,0.0038926783454371616,0.6628424781374633,45,8,8,8,False,
driveact,val,vp14_run1_2018-05-30-10-11-09_3808_3854,data/DriveAct_data/clips/placing_an_object/vp14_run1_2018-05-30-10-11-09_3808_3854.mp4,17,8,100,1,17,True,True,0.48240864276885986,0.007051710970699787,0.0038926783454371616,0.6550985341891646,46,8,8,8,False,
driveact,val,vp14_run1_2018-05-30-10-11-09_6921_6966,data/DriveAct_data/clips/placing_an_object/vp14_run1_2018-05-30-10-11-09_6921_6966.mp4,17,8,100,1,5,False,True,0.6662554740905762,0.006863676942884922,0.0038926783454371616,0.6472894353792071,45,8,8,8,False,
driveact,val,vp15_run2_2018-05-30-13-34-33_12431_12451,data/DriveAct_data/clips/placing_an_object/vp15_run2_2018-05-30-13-34-33_12431_12451.mp4,17,8,100,1,28,False,False,0.2602327764034271,0.005809199996292591,0.0038926783454371616,0.6395607911981642,20,8,8,8,False,
driveact,val,vp15_run2_2018-05-30-13-34-33_6516_6526,data/DriveAct_data/clips/placing_an_object/vp15_run2_2018-05-30-13-34-33_6516_6526.mp4,17,8,100,1,17,True,True,0.9140675067901611,0.004778554663062096,0.0038926783454371616,0.6329989838413894,11,8,8,8,False,
driveact,val,vp15_run1_2018-05-30-13-05-35_4173_4218,data/DriveAct_data/clips/preparing_food/vp15_run1_2018-05-30-13-05-35_4173_4218.mp4,18,8,100,1,5,False,True,0.9402154684066772,0.010300036985427141,0.0038926783454371616,0.6275729378685355,45,8,8,8,False,
driveact,val,vp15_run1_2018-05-30-13-05-35_4218_4263,data/DriveAct_data/clips/preparing_food/vp15_run1_2018-05-30-13-05-35_4218_4263.mp4,18,8,100,1,5,False,True,0.978949785232544,0.007217352744191885,0.0038926783454371616,0.6161832986399531,45,8,8,8,False,
driveact,val,vp15_run2_2018-05-30-13-34-33_5458_5503,data/DriveAct_data/clips/preparing_food/vp15_run2_2018-05-30-13-34-33_5458_5503.mp4,18,8,100,1,5,False,True,0.6451998949050903,0.00684934901073575,0.0038926783454371616,0.6080980850383639,44,8,8,8,False,
driveact,val,vp15_run1_2018-05-30-13-05-35_4263_4274,data/DriveAct_data/clips/preparing_food/vp15_run1_2018-05-30-13-05-35_4263_4274.mp4,18,8,100,1,5,False,True,0.9084311127662659,0.005034585017710924,0.0038926783454371616,0.6003939108923078,11,8,8,8,False,
driveact,val,vp15_run2_2018-05-30-13-34-33_5412_5458,data/DriveAct_data/clips/preparing_food/vp15_run2_2018-05-30-13-34-33_5412_5458.mp4,18,8,100,1,5,False,True,0.5142096281051636,0.007018350996077061,0.0038926783454371616,0.5946913450025022,47,8,8,8,False,
driveact,val,vp14_run1_2018-05-30-10-11-09_6100_6135,data/DriveAct_data/clips/pressing_automation_button/vp14_run1_2018-05-30-10-11-09_6100_6135.mp4,19,8,100,1,19,True,True,0.7457894086837769,0.0064457133412361145,0.0038926783454371616,0.5868166922591627,34,8,8,8,False,
driveact,val,vp15_run1_2018-05-30-13-05-35_5603_5614,data/DriveAct_data/clips/pressing_automation_button/vp15_run1_2018-05-30-13-05-35_5603_5614.mp4,19,8,100,1,19,True,True,0.942415177822113,0.0048973760567605495,0.0038926783454371616,0.5796077772974968,11,8,8,8,False,
driveact,val,vp14_run1_2018-05-30-10-11-09_19092_19109,data/DriveAct_data/clips/pressing_automation_button/vp14_run1_2018-05-30-10-11-09_19092_19109.mp4,19,8,100,1,19,True,True,0.9172239899635315,0.005901122931391001,0.0038926783454371616,0.5740517829544842,17,8,8,8,False,
driveact,val,vp14_run1_2018-05-30-10-11-09_23828_23868,data/DriveAct_data/clips/pressing_automation_button/vp14_run1_2018-05-30-10-11-09_23828_23868.mp4,19,8,100,1,19,True,True,0.8123143911361694,0.006880960892885923,0.0038926783454371616,0.5674430020153522,41,8,8,8,False,
driveact,val,vp14_run2_2018-05-30-10-42-33_21617_21626,data/DriveAct_data/clips/pressing_automation_button/vp14_run2_2018-05-30-10-42-33_21617_21626.mp4,19,8,100,1,19,True,True,0.5131694674491882,0.004727265331894159,0.0038926783454371616,0.5595863698981702,9,8,8,8,False,
driveact,val,vp14_run1_2018-05-30-10-11-09_6532_6545,data/DriveAct_data/clips/pressing_automation_button/vp14_run1_2018-05-30-10-11-09_6532_6545.mp4,19,8,100,1,19,True,True,0.5871370434761047,0.005468072835355997,0.0038926783454371616,0.55423699086532,13,8,8,8,False,
driveact,val,vp15_run2_2018-05-30-13-34-33_3486_3530,data/DriveAct_data/clips/pressing_automation_button/vp15_run2_2018-05-30-13-34-33_3486_3530.mp4,19,8,100,1,19,True,True,0.928561806678772,0.007079294882714748,0.0038926783454371616,0.5481056291610003,44,8,8,8,False,
driveact,val,vp15_run2_2018-05-30-13-34-33_3530_3551,data/DriveAct_data/clips/pressing_automation_button/vp15_run2_2018-05-30-13-34-33_3530_3551.mp4,19,8,100,1,19,True,True,0.8406997323036194,0.0061433580704033375,0.0038926783454371616,0.5402376102283597,21,8,8,8,False,
driveact,val,vp14_run2_2018-05-30-10-42-33_14307_14319,data/DriveAct_data/clips/pressing_automation_button/vp14_run2_2018-05-30-10-42-33_14307_14319.mp4,19,8,100,1,19,True,True,0.9056995511054993,0.005178283900022507,0.0038926783454371616,0.5333596081472933,12,8,8,8,False,
driveact,val,vp14_run2_2018-05-30-10-42-33_9619_9627,data/DriveAct_data/clips/pressing_automation_button/vp14_run2_2018-05-30-10-42-33_9619_9627.mp4,19,8,100,1,19,True,True,0.8557021021842957,0.00439094565808773,0.0038926783454371616,0.5275153019465506,7,7,8,8,False,
driveact,val,vp14_run2_2018-05-30-10-42-33_13931_13976,data/DriveAct_data/clips/pressing_automation_button/vp14_run2_2018-05-30-10-42-33_13931_13976.mp4,19,8,100,1,19,True,True,0.5256405472755432,0.006952357012778521,0.0038926783454371616,0.5225416519679129,45,8,8,8,False,
driveact,val,vp15_run1_2018-05-30-13-05-35_9434_9445,data/DriveAct_data/clips/pressing_automation_button/vp15_run1_2018-05-30-13-05-35_9434_9445.mp4,19,8,100,1,19,True,True,0.9500123262405396,0.005051713902503252,0.0038926783454371616,0.5147699401713908,11,8,8,8,False,
driveact,val,vp14_run2_2018-05-30-10-42-33_21572_21617,data/DriveAct_data/clips/pressing_automation_button/vp14_run2_2018-05-30-10-42-33_21572_21617.mp4,19,8,100,1,19,True,True,0.21292050182819366,0.007068664766848087,0.0038926783454371616,0.509058493655175,45,8,8,8,False,
driveact,val,vp14_run1_2018-05-30-10-11-09_11725_11733,data/DriveAct_data/clips/pressing_automation_button/vp14_run1_2018-05-30-10-11-09_11725_11733.mp4,19,8,100,1,19,True,True,0.8967936038970947,0.004640243947505951,0.0038926783454371616,0.501203540712595,7,7,8,8,False,
driveact,val,vp14_run2_2018-05-30-10-42-33_19945_19955,data/DriveAct_data/clips/pressing_automation_button/vp14_run2_2018-05-30-10-42-33_19945_19955.mp4,19,8,100,1,19,True,True,0.9319301247596741,0.00476624583825469,0.0038926783454371616,0.4958501663058996,10,8,8,8,False,
driveact,val,vp14_run1_2018-05-30-10-11-09_11236_11262,data/DriveAct_data/clips/pressing_automation_button/vp14_run1_2018-05-30-10-11-09_11236_11262.mp4,19,8,100,1,19,True,True,0.8234835863113403,0.005971295293420553,0.0038926783454371616,0.4904432212933898,25,8,8,8,False,
driveact,val,vp14_run1_2018-05-30-10-11-09_5067_5077,data/DriveAct_data/clips/pressing_automation_button/vp14_run1_2018-05-30-10-11-09_5067_5077.mp4,19,8,100,1,19,True,True,0.9306060671806335,0.009167280048131943,0.0038868576230015606,0.7459279773756862,11,8,8,8,False,
driveact,val,vp14_run1_2018-05-30-10-11-09_3350_3362,data/DriveAct_data/clips/pressing_automation_button/vp14_run1_2018-05-30-10-11-09_3350_3362.mp4,19,8,100,1,19,True,True,0.9428844451904297,0.005999102722853422,0.0038868576230015606,0.7318971040658653,12,8,8,8,False,
driveact,val,vp14_run2_2018-05-30-10-42-33_15003_15038,data/DriveAct_data/clips/pressing_automation_button/vp14_run2_2018-05-30-10-42-33_15003_15038.mp4,19,8,100,1,19,True,True,0.6450918316841125,0.007984509225934744,0.0038868576230015606,0.7243959018960595,35,8,8,8,False,
driveact,val,vp14_run1_2018-05-30-10-11-09_11041_11086,data/DriveAct_data/clips/pressing_automation_button/vp14_run1_2018-05-30-10-11-09_11041_11086.mp4,19,8,100,1,19,True,True,0.9476016163825989,0.0075885518454015255,0.0038868576230015606,0.7149824886582792,44,8,8,8,False,
driveact,val,vp15_run1_2018-05-30-13-05-35_6828_6873,data/DriveAct_data/clips/putting_laptop_into_backpack/vp15_run1_2018-05-30-13-05-35_6828_6873.mp4,20,8,100,1,17,False,True,0.9531345963478088,0.007250055205076933,0.0038868576230015606,0.7065591937862337,45,8,8,8,False,
driveact,val,vp15_run1_2018-05-30-13-05-35_14404_14450,data/DriveAct_data/clips/putting_on_jacket/vp15_run1_2018-05-30-13-05-35_14404_14450.mp4,21,8,100,1,17,False,True,0.5498118996620178,0.008218591567128897,0.0038868576230015606,0.6985044293105602,46,8,8,8,False,
driveact,val,vp15_run1_2018-05-30-13-05-35_14360_14404,data/DriveAct_data/clips/putting_on_jacket/vp15_run1_2018-05-30-13-05-35_14360_14404.mp4,21,8,100,1,27,False,True,0.33429569005966187,0.00696194265037775,0.0038868576230015606,0.6895088064484298,44,8,8,8,False,
driveact,val,vp15_run1_2018-05-30-13-05-35_14495_14540,data/DriveAct_data/clips/putting_on_jacket/vp15_run1_2018-05-30-13-05-35_14495_14540.mp4,21,8,100,1,8,False,False,0.6632398366928101,0.006711119785904884,0.0038868576230015606,0.6817470132373273,45,8,8,8,False,
driveact,val,vp14_run2_2018-05-30-10-42-33_6651_6696,data/DriveAct_data/clips/putting_on_jacket/vp14_run2_2018-05-30-10-42-33_6651_6696.mp4,21,8,100,1,16,False,False,0.3074621558189392,0.006683553569018841,0.0038868576230015606,0.674183277413249,45,8,8,8,False,
driveact,val,vp14_run2_2018-05-30-10-42-33_6787_6832,data/DriveAct_data/clips/putting_on_jacket/vp14_run2_2018-05-30-10-42-33_6787_6832.mp4,21,8,100,1,21,True,True,0.5417497158050537,0.0073787253350019455,0.0038868576230015606,0.6666395189240575,44,8,8,8,False,
driveact,val,vp15_run2_2018-05-30-13-34-33_13832_13877,data/DriveAct_data/clips/putting_on_jacket/vp15_run2_2018-05-30-13-34-33_13832_13877.mp4,21,8,100,1,27,False,True,0.6163104176521301,0.006920859683305025,0.0038868576230015606,0.6584674050100148,45,8,8,8,False,
driveact,val,vp15_run1_2018-05-30-13-05-35_14314_14360,data/DriveAct_data/clips/putting_on_jacket/vp15_run1_2018-05-30-13-05-35_14314_14360.mp4,21,8,100,1,9,False,True,0.4051710069179535,0.0071429600939154625,0.0038868576230015606,0.6506776181049645,46,8,8,8,False,
driveact,val,vp15_run1_2018-05-30-13-05-35_14131_14177,data/DriveAct_data/clips/putting_on_jacket/vp15_run1_2018-05-30-13-05-35_14131_14177.mp4,21,8,100,1,21,True,True,0.7171797156333923,0.006971558090299368,0.0038868576230015606,0.6424516797997057,46,8,8,8,False,
driveact,val,vp15_run2_2018-05-30-13-34-33_13785_13832,data/DriveAct_data/clips/putting_on_jacket/vp15_run2_2018-05-30-13-34-33_13785_13832.mp4,21,8,100,1,27,False,True,0.553947389125824,0.008624184876680374,0.0038868576230015606,0.6346211219206452,47,8,8,8,False,
driveact,val,vp14_run2_2018-05-30-10-42-33_7195_7243,data/DriveAct_data/clips/putting_on_jacket/vp14_run2_2018-05-30-10-42-33_7195_7243.mp4,21,8,100,1,21,True,True,0.3845680058002472,0.0070371078327298164,0.0038868576230015606,0.6251870561391115,47,8,8,8,False,
driveact,val,vp15_run2_2018-05-30-13-34-33_13603_13648,data/DriveAct_data/clips/putting_on_jacket/vp15_run2_2018-05-30-13-34-33_13603_13648.mp4,21,8,100,1,17,False,True,0.493106871843338,0.006806458346545696,0.0038868576230015606,0.6172792459838092,44,8,8,8,False,
driveact,val,vp15_run1_2018-05-30-13-05-35_14540_14585,data/DriveAct_data/clips/putting_on_jacket/vp15_run1_2018-05-30-13-05-35_14540_14585.mp4,21,8,100,1,17,False,True,0.5033897161483765,0.00822062324732542,0.0038868576230015606,0.6096186232753098,45,8,8,8,False,
driveact,val,vp14_run2_2018-05-30-10-42-33_7288_7333,data/DriveAct_data/clips/putting_on_jacket/vp14_run2_2018-05-30-10-42-33_7288_7333.mp4,21,8,100,1,21,True,True,0.26894664764404297,0.006750607863068581,0.0038868576230015606,0.6006148820742965,44,8,8,8,False,
driveact,val,vp14_run2_2018-05-30-10-42-33_7150_7195,data/DriveAct_data/clips/putting_on_jacket/vp14_run2_2018-05-30-10-42-33_7150_7195.mp4,21,8,100,1,9,False,False,0.13893689215183258,0.006890319753438234,0.0038868576230015606,0.5930070439353585,44,8,8,8,False,
driveact,val,vp14_run2_2018-05-30-10-42-33_6696_6742,data/DriveAct_data/clips/putting_on_jacket/vp14_run2_2018-05-30-10-42-33_6696_6742.mp4,21,8,100,1,9,False,False,0.4075600504875183,0.006645970046520233,0.0038868576230015606,0.585306468885392,47,8,8,8,False,
driveact,val,vp14_run2_2018-05-30-10-42-33_7105_7150,data/DriveAct_data/clips/putting_on_jacket/vp14_run2_2018-05-30-10-42-33_7105_7150.mp4,21,8,100,1,29,False,False,0.5183731317520142,0.007251644041389227,0.0038868576230015606,0.5778091750107706,44,8,8,8,False,
driveact,val,vp14_run2_2018-05-30-10-42-33_6742_6787,data/DriveAct_data/clips/putting_on_jacket/vp14_run2_2018-05-30-10-42-33_6742_6787.mp4,21,8,100,1,8,False,False,0.1682387888431549,0.0065794517286121845,0.0038868576230015606,0.5697384928353131,44,8,8,8,False,
driveact,val,vp14_run2_2018-05-30-10-42-33_6878_6924,data/DriveAct_data/clips/putting_on_jacket/vp14_run2_2018-05-30-10-42-33_6878_6924.mp4,21,8,100,1,21,True,True,0.6022047996520996,0.006687566172331572,0.0038868576230015606,0.5623101489618421,47,8,8,8,False,
driveact,val,vp15_run2_2018-05-30-13-34-33_13968_14013,data/DriveAct_data/clips/putting_on_jacket/vp15_run2_2018-05-30-13-34-33_13968_14013.mp4,21,8,100,1,27,False,True,0.3201923370361328,0.006839083973318338,0.0038868576230015606,0.5547626269981265,45,8,8,8,False,
driveact,val,vp14_run2_2018-05-30-10-42-33_6832_6878,data/DriveAct_data/clips/putting_on_jacket/vp14_run2_2018-05-30-10-42-33_6832_6878.mp4,21,8,100,1,21,True,True,0.29833561182022095,0.007298117037862539,0.0038868576230015606,0.5470617162063718,46,8,8,8,False,
driveact,val,vp15_run2_2018-05-30-13-34-33_12749_12795,data/DriveAct_data/clips/putting_on_sunglasses/vp15_run2_2018-05-30-13-34-33_12749_12795.mp4,22,8,100,1,22,True,True,0.4117724895477295,0.006920480635017157,0.0038868576230015606,0.5387344462797046,47,8,8,8,False,
driveact,val,vp14_run1_2018-05-30-10-11-09_10292_10334,data/DriveAct_data/clips/putting_on_sunglasses/vp14_run1_2018-05-30-10-11-09_10292_10334.mp4,22,8,100,1,25,False,True,0.20661865174770355,0.0075540076941251755,0.0038868576230015606,0.5309331929311156,42,8,8,8,False,
driveact,val,vp15_run1_2018-05-30-13-05-35_8577_8623,data/DriveAct_data/clips/putting_on_sunglasses/vp15_run1_2018-05-30-13-05-35_8577_8623.mp4,22,8,100,1,22,True,True,0.4172612130641937,0.007306048646569252,0.0038868576230015606,0.5225543971173465,47,8,8,8,False,
driveact,val,vp15_run1_2018-05-30-13-05-35_8623_8664,data/DriveAct_data/clips/putting_on_sunglasses/vp15_run1_2018-05-30-13-05-35_8623_8664.mp4,22,8,100,1,25,False,True,0.31316980719566345,0.006471734028309584,0.0038868576230015606,0.5144061739556491,40,8,8,8,False,
driveact,val,vp15_run2_2018-05-30-13-34-33_12795_12805,data/DriveAct_data/clips/putting_on_sunglasses/vp15_run2_2018-05-30-13-34-33_12795_12805.mp4,22,8,100,1,8,False,True,0.2848513126373291,0.004786791745573282,0.0038868576230015606,0.5070845652371645,11,8,8,8,False,
driveact,val,vp14_run1_2018-05-30-10-11-09_10107_10133,data/DriveAct_data/clips/putting_on_sunglasses/vp14_run1_2018-05-30-10-11-09_10107_10133.mp4,22,8,100,1,22,True,True,0.45163077116012573,0.0061533451080322266,0.0038868576230015606,0.5016545481048524,26,8,8,8,False,
driveact,val,vp15_run2_2018-05-30-13-34-33_12366_12398,data/DriveAct_data/clips/putting_on_sunglasses/vp15_run2_2018-05-30-13-34-33_12366_12398.mp4,22,8,100,1,17,False,False,0.4536174535751343,0.006131218280643225,0.0038868576230015606,0.49473997112363577,32,8,8,8,False,
driveact,val,vp15_run1_2018-05-30-13-05-35_8808_8831,data/DriveAct_data/clips/putting_on_sunglasses/vp15_run1_2018-05-30-13-05-35_8808_8831.mp4,22,8,100,1,22,True,True,0.5529298186302185,0.016431597992777824,0.004014002843177877,0.7419173647649586,23,8,8,8,False,
driveact,val,vp15_run2_2018-05-30-13-34-33_12451_12495,data/DriveAct_data/clips/putting_on_sunglasses/vp15_run2_2018-05-30-13-34-33_12451_12495.mp4,22,8,100,1,22,True,True,0.6098766922950745,0.007499135099351406,0.004014002843177877,0.7240715241059661,43,8,8,8,False,
driveact,val,vp15_run1_2018-05-30-13-05-35_9084_9108,data/DriveAct_data/clips/putting_on_sunglasses/vp15_run1_2018-05-30-13-05-35_9084_9108.mp4,22,8,100,1,22,True,True,0.39438408613204956,0.006063377019017935,0.004014002843177877,0.715754154138267,24,8,8,8,False,
driveact,val,vp14_run2_2018-05-30-10-42-33_10444_10476,data/DriveAct_data/clips/putting_on_sunglasses/vp14_run2_2018-05-30-10-42-33_10444_10476.mp4,22,8,100,1,5,False,True,0.8161143660545349,0.006269802339375019,0.004014002843177877,0.7087273113429546,31,8,8,8,False,
driveact,val,vp14_run2_2018-05-30-10-42-33_7944_7989,data/DriveAct_data/clips/putting_on_sunglasses/vp14_run2_2018-05-30-10-42-33_7944_7989.mp4,22,8,100,1,22,True,True,0.3770507872104645,0.006719666998833418,0.004014002843177877,0.7016789298504591,45,8,8,8,False,
driveact,val,vp14_run2_2018-05-30-10-42-33_8556_8573,data/DriveAct_data/clips/putting_on_sunglasses/vp14_run2_2018-05-30-10-42-33_8556_8573.mp4,22,8,100,1,17,False,False,0.4460780918598175,0.005999659188091755,0.004014002843177877,0.6942081842571497,17,8,8,8,False,
driveact,val,vp14_run1_2018-05-30-10-11-09_13628_13659,data/DriveAct_data/clips/putting_on_sunglasses/vp14_run1_2018-05-30-10-11-09_13628_13659.mp4,22,8,100,1,17,False,True,0.884435772895813,0.006778066977858543,0.004014002843177877,0.6874864092096686,32,8,8,8,False,
driveact,val,vp14_run2_2018-05-30-10-42-33_14897_14938,data/DriveAct_data/clips/putting_on_sunglasses/vp14_run2_2018-05-30-10-42-33_14897_14938.mp4,22,8,100,1,22,True,True,0.7002111077308655,0.00661331694573164,0.004014002843177877,0.6799330711364746,41,8,8,8,False,
driveact,val,vp15_run2_2018-05-30-13-34-33_11074_11119,data/DriveAct_data/clips/reading_magazine/vp15_run2_2018-05-30-13-34-33_11074_11119.mp4,23,8,100,1,23,True,True,0.9897155165672302,0.006671841721981764,0.004014002843177877,0.6725721443071961,44,8,8,8,False,
driveact,val,vp14_run2_2018-05-30-10-42-33_10388_10407,data/DriveAct_data/clips/reading_magazine/vp14_run2_2018-05-30-10-42-33_10388_10407.mp4,23,8,100,1,23,True,True,0.9868467450141907,0.005856781266629696,0.004014002843177877,0.6651343619450927,20,8,8,8,False,
driveact,val,vp15_run2_2018-05-30-13-34-33_11304_11349,data/DriveAct_data/clips/reading_magazine/vp15_run2_2018-05-30-13-34-33_11304_11349.mp4,23,8,100,1,24,False,True,0.857937216758728,0.006415652111172676,0.004014002843177877,0.6585354479029775,45,8,8,8,False,
driveact,val,vp14_run1_2018-05-30-10-11-09_14027_14072,data/DriveAct_data/clips/reading_magazine/vp14_run1_2018-05-30-10-11-09_14027_14072.mp4,23,8,100,1,23,True,True,0.9856132864952087,0.006684947293251753,0.004014002843177877,0.6513707689009607,45,8,8,8,False,
driveact,val,vp14_run1_2018-05-30-10-11-09_14662_14707,data/DriveAct_data/clips/reading_magazine/vp14_run1_2018-05-30-10-11-09_14662_14707.mp4,23,8,100,1,23,True,True,0.43025773763656616,0.006662765052169561,0.004014002843177877,0.6438874090090394,44,8,8,8,False,
driveact,val,vp14_run1_2018-05-30-10-11-09_15888_15933,data/DriveAct_data/clips/reading_magazine/vp14_run1_2018-05-30-10-11-09_15888_15933.mp4,23,8,100,1,23,True,True,0.9905063509941101,0.006628932897001505,0.004014002843177877,0.6364639168605208,45,8,8,8,False,
driveact,val,vp14_run1_2018-05-30-10-11-09_13706_13753,data/DriveAct_data/clips/reading_magazine/vp14_run1_2018-05-30-10-11-09_13706_13753.mp4,23,8,100,1,23,True,True,0.9026426076889038,0.006783200893551111,0.004014002843177877,0.6289804358966649,47,8,8,8,False,
driveact,val,vp14_run1_2018-05-30-10-11-09_15933_15961,data/DriveAct_data/clips/reading_magazine/vp14_run1_2018-05-30-10-11-09_15933_15961.mp4,23,8,100,1,23,True,True,0.8461970686912537,0.006226660683751106,0.004014002843177877,0.6213277219794691,29,8,8,8,False,
driveact,val,vp14_run1_2018-05-30-10-11-09_15208_15253,data/DriveAct_data/clips/reading_magazine/vp14_run1_2018-05-30-10-11-09_15208_15253.mp4,23,8,100,1,23,True,True,0.9824901223182678,0.006468873005360365,0.004014002843177877,0.6143143270164728,44,8,8,8,False,
driveact,val,vp15_run2_2018-05-30-13-34-33_11439_11485,data/DriveAct_data/clips/reading_magazine/vp15_run2_2018-05-30-13-34-33_11439_11485.mp4,23,8,100,1,23,True,True,0.9732046723365784,0.0070369429886341095,0.004014002843177877,0.6068379022181034,47,8,8,8,False,
driveact,val,vp15_run2_2018-05-30-13-34-33_10619_10665,data/DriveAct_data/clips/reading_magazine/vp15_run2_2018-05-30-13-34-33_10619_10665.mp4,23,8,100,1,23,True,True,0.9808361530303955,0.0068361409939825535,0.004014002843177877,0.5990371140651405,47,8,8,8,False,
driveact,val,vp14_run2_2018-05-30-10-42-33_10761_10808,data/DriveAct_data/clips/reading_magazine/vp14_run2_2018-05-30-10-42-33_10761_10808.mp4,23,8,100,1,23,True,True,0.980120837688446,0.006895067170262337,0.004014002843177877,0.5914542246609926,47,8,8,8,False,
driveact,val,vp14_run1_2018-05-30-10-11-09_15342_15387,data/DriveAct_data/clips/reading_magazine/vp14_run1_2018-05-30-10-11-09_15342_15387.mp4,23,8,100,1,23,True,True,0.9883379340171814,0.006787472870200872,0.004014002843177877,0.58372120000422,45,8,8,8,False,
driveact,val,vp14_run2_2018-05-30-10-42-33_10579_10624,data/DriveAct_data/clips/reading_magazine/vp14_run2_2018-05-30-10-42-33_10579_10624.mp4,23,8,100,1,23,True,True,0.9855449795722961,0.006646353285759687,0.004014002843177877,0.5760950748808682,44,8,8,8,False,
driveact,val,vp15_run1_2018-05-30-13-05-35_17520_17566,data/DriveAct_data/clips/reading_magazine/vp15_run1_2018-05-30-13-05-35_17520_17566.mp4,23,8,100,1,23,True,True,0.9344708323478699,0.00667910510674119,0.004014002843177877,0.5685887509025633,47,8,8,8,False,
driveact,val,vp15_run2_2018-05-30-13-34-33_10300_10346,data/DriveAct_data/clips/reading_magazine/vp15_run2_2018-05-30-13-34-33_10300_10346.mp4,23,8,100,1,23,True,True,0.9913013577461243,0.006603083107620478,0.004014002843177877,0.561168669257313,46,8,8,8,False,
driveact,val,vp14_run2_2018-05-30-10-42-33_11353_11399,data/DriveAct_data/clips/reading_magazine/vp14_run2_2018-05-30-10-42-33_11353_11399.mp4,23,8,100,1,23,True,True,0.9933168888092041,0.006476202048361301,0.004014002843177877,0.5537907551042736,46,8,8,8,False,
driveact,val,vp15_run1_2018-05-30-13-05-35_17214_17260,data/DriveAct_data/clips/reading_magazine/vp15_run1_2018-05-30-13-05-35_17214_17260.mp4,23,8,100,1,23,True,True,0.9932600855827332,0.006577232852578163,0.004014002843177877,0.5464577344246209,47,8,8,8,False,
driveact,val,vp15_run2_2018-05-30-13-34-33_10208_10254,data/DriveAct_data/clips/reading_magazine/vp15_run2_2018-05-30-13-34-33_10208_10254.mp4,23,8,100,1,23,True,True,0.8446131348609924,0.006651946343481541,0.004014002843177877,0.5391276036389172,47,8,8,8,False,
driveact,val,vp14_run2_2018-05-30-10-42-33_10945_10990,data/DriveAct_data/clips/reading_magazine/vp14_run2_2018-05-30-10-42-33_10945_10990.mp4,23,8,100,1,23,True,True,0.9801980257034302,0.006621654611080885,0.004014002843177877,0.5316126220859587,44,8,8,8,False,
driveact,val,vp14_run1_2018-05-30-10-11-09_7990_8035,data/DriveAct_data/clips/reading_newspaper/vp14_run1_2018-05-30-10-11-09_7990_8035.mp4,24,8,100,1,24,True,True,0.9773263335227966,0.007178406231105328,0.004014002843177877,0.5242297565564513,44,8,8,8,False,
driveact,val,vp14_run1_2018-05-30-10-11-09_8221_8266,data/DriveAct_data/clips/reading_newspaper/vp14_run1_2018-05-30-10-11-09_8221_8266.mp4,24,8,100,1,24,True,True,0.9816303849220276,0.006927448324859142,0.004014002843177877,0.5162115250714123,44,8,8,8,False,
driveact,val,vp14_run1_2018-05-30-10-11-09_8811_8857,data/DriveAct_data/clips/reading_newspaper/vp14_run1_2018-05-30-10-11-09_8811_8857.mp4,24,8,100,1,24,True,True,0.9802974462509155,0.007279223296791315,0.004014002843177877,0.5084374858997762,47,8,8,8,False,
driveact,val,vp14_run1_2018-05-30-10-11-09_8357_8402,data/DriveAct_data/clips/reading_newspaper/vp14_run1_2018-05-30-10-11-09_8357_8402.mp4,24,8,100,1,24,True,True,0.9643670916557312,0.006999428849667311,0.004014002843177877,0.5001912680454552,45,8,8,8,False,
driveact,val,vp14_run1_2018-05-30-10-11-09_7447_7491,data/DriveAct_data/clips/reading_newspaper/vp14_run1_2018-05-30-10-11-09_7447_7491.mp4,24,8,100,1,24,True,True,0.9797666072845459,0.019535408355295658,0.004000188753707334,0.7607658258639276,43,8,8,8,False,
driveact,val,vp14_run2_2018-05-30-10-42-33_5079_5125,data/DriveAct_data/clips/reading_newspaper/vp14_run2_2018-05-30-10-42-33_5079_5125.mp4,24,8,100,1,24,True,True,0.9859455227851868,0.008366008289158344,0.004000188753707334,0.7340390626341105,47,8,8,8,False,
driveact,val,vp15_run2_2018-05-30-13-34-33_8001_8047,data/DriveAct_data/clips/reading_newspaper/vp15_run2_2018-05-30-13-34-33_8001_8047.mp4,24,8,100,1,24,True,True,0.9442052245140076,0.007670579012483358,0.004000188753707334,0.7248661685734987,47,8,8,8,False,
driveact,val,vp14_run2_2018-05-30-10-42-33_4851_4897,data/DriveAct_data/clips/reading_newspaper/vp14_run2_2018-05-30-10-42-33_4851_4897.mp4,24,8,100,1,24,True,True,0.9854727387428284,0.006944694090634584,0.004000188753707334,0.716336612123996,47,8,8,8,False,
driveact,val,vp15_run2_2018-05-30-13-34-33_8047_8092,data/DriveAct_data/clips/reading_newspaper/vp15_run2_2018-05-30-13-34-33_8047_8092.mp4,24,8,100,1,24,True,True,0.9559080004692078,0.00700804591178894,0.004000188753707334,0.7085417858324945,44,8,8,8,False,
driveact,val,vp14_run1_2018-05-30-10-11-09_8947_8992,data/DriveAct_data/clips/reading_newspaper/vp14_run1_2018-05-30-10-11-09_8947_8992.mp4,24,8,100,1,24,True,True,0.9764093160629272,0.00691299419850111,0.004000188753707334,0.7006594878621399,44,8,8,8,False,
driveact,val,vp14_run1_2018-05-30-10-11-09_7401_7447,data/DriveAct_data/clips/reading_newspaper/vp14_run1_2018-05-30-10-11-09_7401_7447.mp4,24,8,100,1,24,True,True,0.9767909049987793,0.007159797009080648,0.004000188753707334,0.6928732213564217,47,8,8,8,False,
driveact,val,vp14_run2_2018-05-30-10-42-33_4484_4530,data/DriveAct_data/clips/reading_newspaper/vp14_run2_2018-05-30-10-42-33_4484_4530.mp4,24,8,100,1,24,True,True,0.9881197214126587,0.007279831916093826,0.004000188753707334,0.6849520378746092,47,8,8,8,False,
driveact,val,vp14_run2_2018-05-30-10-42-33_4621_4667,data/DriveAct_data/clips/reading_newspaper/vp14_run2_2018-05-30-10-42-33_4621_4667.mp4,24,8,100,1,24,True,True,0.969260573387146,0.006833921652287245,0.004000188753707334,0.6768968389369547,46,8,8,8,False,
driveact,val,vp15_run2_2018-05-30-13-34-33_8686_8731,data/DriveAct_data/clips/reading_newspaper/vp15_run2_2018-05-30-13-34-33_8686_8731.mp4,24,8,100,1,24,True,True,0.5391063690185547,0.007124735042452812,0.004000188753707334,0.6692073051817715,44,8,8,8,False,
driveact,val,vp14_run2_2018-05-30-10-42-33_4760_4806,data/DriveAct_data/clips/reading_newspaper/vp14_run2_2018-05-30-10-42-33_4760_4806.mp4,24,8,100,1,24,True,True,0.9818938970565796,0.007295970804989338,0.004000188753707334,0.6610234780237079,47,8,8,8,False,
driveact,val,vp14_run1_2018-05-30-10-11-09_8035_8082,data/DriveAct_data/clips/reading_newspaper/vp14_run1_2018-05-30-10-11-09_8035_8082.mp4,24,8,100,1,24,True,True,0.9832483530044556,0.007328526116907597,0.004000188753707334,0.6528790360316634,46,8,8,8,False,
driveact,val,vp14_run2_2018-05-30-10-42-33_4667_4713,data/DriveAct_data/clips/reading_newspaper/vp14_run2_2018-05-30-10-42-33_4667_4713.mp4,24,8,100,1,24,True,True,0.982995331287384,0.007086462806910276,0.004000188753707334,0.64469054620713,47,8,8,8,False,
driveact,val,vp14_run1_2018-05-30-10-11-09_7583_7628,data/DriveAct_data/clips/reading_newspaper/vp14_run1_2018-05-30-10-11-09_7583_7628.mp4,24,8,100,1,24,True,True,0.9841904044151306,0.006790074985474348,0.004000188753707334,0.6368677499704063,45,8,8,8,False,
driveact,val,vp15_run2_2018-05-30-13-34-33_8640_8686,data/DriveAct_data/clips/reading_newspaper/vp15_run2_2018-05-30-13-34-33_8640_8686.mp4,24,8,100,1,24,True,True,0.4690077006816864,0.007093482650816441,0.004000188753707334,0.6292158630676568,47,8,8,8,False,
driveact,val,vp14_run1_2018-05-30-10-11-09_8175_8221,data/DriveAct_data/clips/reading_newspaper/vp14_run1_2018-05-30-10-11-09_8175_8221.mp4,24,8,100,1,24,True,True,0.9795867800712585,0.006941814906895161,0.004000188753707334,0.6212504329159856,47,8,8,8,False,
driveact,val,vp14_run2_2018-05-30-10-42-33_7688_7734,data/DriveAct_data/clips/sitting_still/vp14_run2_2018-05-30-10-42-33_7688_7734.mp4,25,8,100,1,25,True,True,0.9909287095069885,0.006898412946611643,0.004000188753707334,0.6134682530537248,47,8,8,8,False,
driveact,val,vp14_run2_2018-05-30-10-42-33_7643_7688,data/DriveAct_data/clips/sitting_still/vp14_run2_2018-05-30-10-42-33_7643_7688.mp4,25,8,100,1,25,True,True,0.9964269995689392,0.0067877997644245625,0.004000188753707334,0.6058258120901883,45,8,8,8,False,
driveact,val,vp15_run1_2018-05-30-13-05-35_12174_12219,data/DriveAct_data/clips/sitting_still/vp15_run1_2018-05-30-13-05-35_12174_12219.mp4,25,8,100,1,5,False,True,0.7681658864021301,0.006865778937935829,0.004000188753707334,0.5981731140054762,45,8,8,8,False,
driveact,val,vp15_run2_2018-05-30-13-34-33_15454_15499,data/DriveAct_data/clips/sitting_still/vp15_run2_2018-05-30-13-34-33_15454_15499.mp4,25,8,100,1,33,False,True,0.3736174404621124,0.0065172710455954075,0.004000188753707334,0.5904750707559288,44,8,8,8,False,
driveact,val,vp15_run1_2018-05-30-13-05-35_4069_4114,data/DriveAct_data/clips/sitting_still/vp15_run1_2018-05-30-13-05-35_4069_4114.mp4,25,8,100,1,5,False,True,0.36003777384757996,0.006930958013981581,0.004000188753707334,0.5831402647309005,44,8,8,8,False,
driveact,val,vp15_run1_2018-05-30-13-05-35_12465_12511,data/DriveAct_data/clips/sitting_still/vp15_run1_2018-05-30-13-05-35_12465_12511.mp4,25,8,100,1,5,False,True,0.36541271209716797,0.006943854968994856,0.004000188753707334,0.5753812971524894,47,8,8,8,False,
driveact,val,vp14_run2_2018-05-30-10-42-33_6133_6179,data/DriveAct_data/clips/sitting_still/vp14_run2_2018-05-30-10-42-33_6133_6179.mp4,25,8,100,1,25,True,True,0.8061943054199219,0.006634829565882683,0.004000188753707334,0.5675888881087303,46,8,8,8,False,
driveact,val,vp14_run2_2018-05-30-10-42-33_14371_14416,data/DriveAct_data/clips/sitting_still/vp14_run2_2018-05-30-10-42-33_14371_14416.mp4,25,8,100,1,25,True,True,0.9966649413108826,0.006977102253586054,0.004000188753707334,0.559779538307339,44,8,8,8,False,
driveact,val,vp15_run2_2018-05-30-13-34-33_15819_15850,data/DriveAct_data/clips/sitting_still/vp15_run2_2018-05-30-13-34-33_15819_15850.mp4,25,8,100,1,24,False,True,0.23469561338424683,0.006464454345405102,0.004000188753707334,0.5519739147275686,32,8,8,8,False,
driveact,val,vp15_run2_2018-05-30-13-34-33_19077_19122,data/DriveAct_data/clips/sitting_still/vp15_run2_2018-05-30-13-34-33_19077_19122.mp4,25,8,100,1,5,False,True,0.2293480783700943,0.006666476838290691,0.004000188753707334,0.5446983808651567,45,8,8,8,False,
driveact,val,vp15_run2_2018-05-30-13-34-33_6689_6702,data/DriveAct_data/clips/sitting_still/vp15_run2_2018-05-30-13-34-33_6689_6702.mp4,25,8,100,1,25,True,True,0.8090977072715759,0.005822491832077503,0.004000188753707334,0.5371936238370836,14,8,8,8,False,
driveact,val,vp15_run1_2018-05-30-13-05-35_13051_13096,data/DriveAct_data/clips/sitting_still/vp15_run1_2018-05-30-13-05-35_13051_13096.mp4,25,8,100,1,25,True,True,0.9737286567687988,0.006714868824928999,0.004000188753707334,0.5306488638743758,44,8,8,8,False,
driveact,val,vp15_run1_2018-05-30-13-05-35_11381_11426,data/DriveAct_data/clips/sitting_still/vp15_run1_2018-05-30-13-05-35_11381_11426.mp4,25,8,100,1,25,True,True,0.9902554154396057,0.007022721227258444,0.004000188753707334,0.5230699931271374,45,8,8,8,False,
driveact,val,vp15_run2_2018-05-30-13-34-33_6643_6689,data/DriveAct_data/clips/sitting_still/vp15_run2_2018-05-30-13-34-33_6643_6689.mp4,25,8,100,1,25,True,True,0.4681001901626587,0.006840093061327934,0.004000188753707334,0.5151657909154892,46,8,8,8,False,
driveact,val,vp15_run1_2018-05-30-13-05-35_12264_12310,data/DriveAct_data/clips/sitting_still/vp15_run1_2018-05-30-13-05-35_12264_12310.mp4,25,8,100,1,5,False,True,0.4576705992221832,0.006902911234647036,0.004000188753707334,0.5074516260065138,47,8,8,8,False,
driveact,val,vp15_run1_2018-05-30-13-05-35_13142_13187,data/DriveAct_data/clips/sitting_still/vp15_run1_2018-05-30-13-05-35_13142_13187.mp4,25,8,100,1,25,True,True,0.8280460238456726,0.006879986263811588,0.004000188753707334,0.4996843868866563,45,8,8,8,False,
driveact,val,vp15_run2_2018-05-30-13-34-33_15272_15317,data/DriveAct_data/clips/sitting_still/vp15_run2_2018-05-30-13-34-33_15272_15317.mp4,25,8,100,1,33,False,True,0.3387686610221863,0.023561742156744003,0.003825498846708797,0.7481003482826054,45,8,8,8,False,
driveact,val,vp15_run1_2018-05-30-13-05-35_6945_6990,data/DriveAct_data/clips/sitting_still/vp15_run1_2018-05-30-13-05-35_6945_6990.mp4,25,8,100,1,29,False,True,0.5641680359840393,0.0072346339002251625,0.003825498846708797,0.722646270878613,45,8,8,8,False,
driveact,val,vp15_run1_2018-05-30-13-05-35_18189_18199,data/DriveAct_data/clips/sitting_still/vp15_run1_2018-05-30-13-05-35_18189_18199.mp4,25,8,100,1,25,True,True,0.9939824938774109,0.005350339226424694,0.003825498846708797,0.7145394389517605,11,8,8,8,False,
driveact,val,vp15_run2_2018-05-30-13-34-33_16840_16885,data/DriveAct_data/clips/sitting_still/vp15_run2_2018-05-30-13-34-33_16840_16885.mp4,25,8,100,1,9,False,False,0.23391786217689514,0.007128291297703981,0.003825498846708797,0.708529775030911,44,8,8,8,False,
driveact,val,vp15_run1_2018-05-30-13-05-35_5777_5811,data/DriveAct_data/clips/taking_laptop_from_backpack/vp15_run1_2018-05-30-13-05-35_5777_5811.mp4,26,8,100,1,9,False,True,0.74940425157547,0.006829685997217894,0.003825498846708797,0.7006312347948551,35,8,8,8,False,
driveact,val,vp15_run2_2018-05-30-13-34-33_14570_14605,data/DriveAct_data/clips/taking_off_jacket/vp15_run2_2018-05-30-13-34-33_14570_14605.mp4,27,8,100,1,21,False,True,0.5507100820541382,0.006703488063067198,0.003825498846708797,0.6929929358884692,35,8,8,8,False,
driveact,val,vp15_run2_2018-05-30-13-34-33_14342_14388,data/DriveAct_data/clips/taking_off_jacket/vp15_run2_2018-05-30-13-34-33_14342_14388.mp4,27,8,100,1,21,False,True,0.23798149824142456,0.0070618391036987305,0.003825498846708797,0.6854930613189936,47,8,8,8,False,
driveact,val,vp14_run1_2018-05-30-10-11-09_12915_12960,data/DriveAct_data/clips/taking_off_jacket/vp14_run1_2018-05-30-10-11-09_12915_12960.mp4,27,8,100,1,17,False,True,0.24077270925045013,0.008950476069003344,0.003825498846708797,0.677531813737005,45,8,8,8,False,
driveact,val,vp14_run1_2018-05-30-10-11-09_12825_12871,data/DriveAct_data/clips/taking_off_jacket/vp14_run1_2018-05-30-10-11-09_12825_12871.mp4,27,8,100,1,25,False,False,0.27509844303131104,0.006679750978946686,0.003825498846708797,0.6677440758794546,47,8,8,8,False,
driveact,val,vp14_run2_2018-05-30-10-42-33_10048_10093,data/DriveAct_data/clips/taking_off_jacket/vp14_run2_2018-05-30-10-42-33_10048_10093.mp4,27,8,100,1,27,True,True,0.2424771636724472,0.006725281942635775,0.003825498846708797,0.6601849971339107,44,8,8,8,False,
driveact,val,vp15_run1_2018-05-30-13-05-35_14951_14996,data/DriveAct_data/clips/taking_off_jacket/vp15_run1_2018-05-30-13-05-35_14951_14996.mp4,27,8,100,1,14,False,False,0.1569465547800064,0.008892414160072803,0.003825498846708797,0.65259477077052,45,8,8,8,False,
driveact,val,vp15_run1_2018-05-30-13-05-35_14907_14951,data/DriveAct_data/clips/taking_off_jacket/vp15_run1_2018-05-30-13-05-35_14907_14951.mp4,27,8,100,1,21,False,True,0.3606727123260498,0.00699278898537159,0.003825498846708797,0.6429386017844081,44,8,8,8,False,
driveact,val,vp14_run1_2018-05-30-10-11-09_12960_13005,data/DriveAct_data/clips/taking_off_jacket/vp14_run1_2018-05-30-10-11-09_12960_13005.mp4,27,8,100,1,27,True,True,0.4318675398826599,0.007075633853673935,0.003825498846708797,0.635160522069782,45,8,8,8,False,
driveact,val,vp15_run2_2018-05-30-13-34-33_14480_14525,data/DriveAct_data/clips/taking_off_jacket/vp15_run2_2018-05-30-13-34-33_14480_14525.mp4,27,8,100,1,21,False,True,0.6771507263183594,0.006992748007178307,0.003825498846708797,0.627236139960587,45,8,8,8,False,
driveact,val,vp15_run1_2018-05-30-13-05-35_14861_14907,data/DriveAct_data/clips/taking_off_jacket/vp15_run1_2018-05-30-13-05-35_14861_14907.mp4,27,8,100,1,8,False,True,0.4855814576148987,0.009641093201935291,0.003825498846708797,0.6192449913360178,47,8,8,8,False,
driveact,val,vp14_run1_2018-05-30-10-11-09_13095_13121,data/DriveAct_data/clips/taking_off_jacket/vp14_run1_2018-05-30-10-11-09_13095_13121.mp4,27,8,100,1,17,False,True,0.5489908456802368,0.0059532239101827145,0.003825498846708797,0.6088341497816145,26,8,8,8,False,
driveact,val,vp15_run1_2018-05-30-13-05-35_14816_14861,data/DriveAct_data/clips/taking_off_jacket/vp15_run1_2018-05-30-13-05-35_14816_14861.mp4,27,8,100,1,9,False,True,0.23728539049625397,0.008514939807355404,0.003825498846708797,0.6020666765980422,45,8,8,8,False,
driveact,val,vp14_run2_2018-05-30-10-42-33_9773_9819,data/DriveAct_data/clips/taking_off_jacket/vp14_run2_2018-05-30-10-42-33_9773_9819.mp4,27,8,100,1,8,False,True,0.3798525035381317,0.007167251780629158,0.003825498846708797,0.5927510997280478,47,8,8,8,False,
driveact,val,vp14_run1_2018-05-30-10-11-09_13005_13050,data/DriveAct_data/clips/taking_off_jacket/vp14_run1_2018-05-30-10-11-09_13005_13050.mp4,27,8,100,1,17,False,True,0.2879096567630768,0.006736830808222294,0.003825498846708797,0.5847913958132267,45,8,8,8,False,
driveact,val,vp14_run2_2018-05-30-10-42-33_9911_9957,data/DriveAct_data/clips/taking_off_jacket/vp14_run2_2018-05-30-10-42-33_9911_9957.mp4,27,8,100,1,9,False,True,0.2605149745941162,0.006737722083926201,0.003825498846708797,0.5771773657761514,47,8,8,8,False,
driveact,val,vp15_run2_2018-05-30-13-34-33_14388_14435,data/DriveAct_data/clips/taking_off_jacket/vp15_run2_2018-05-30-13-34-33_14388_14435.mp4,27,8,100,1,27,True,True,0.3827303349971771,0.006790101993829012,0.003825498846708797,0.5695835389196873,47,8,8,8,False,
driveact,val,vp14_run1_2018-05-30-10-11-09_12871_12915,data/DriveAct_data/clips/taking_off_jacket/vp14_run1_2018-05-30-10-11-09_12871_12915.mp4,27,8,100,1,17,False,False,0.5433884263038635,0.006862045731395483,0.003825498846708797,0.5619196561165154,43,8,8,8,False,
driveact,val,vp15_run1_2018-05-30-13-05-35_15088_15124,data/DriveAct_data/clips/taking_off_jacket/vp15_run1_2018-05-30-13-05-35_15088_15124.mp4,27,8,100,1,17,False,True,0.8004932999610901,0.006425988860428333,0.003825498846708797,0.5541955111548305,35,8,8,8,False,
driveact,val,vp14_run1_2018-05-30-10-11-09_13050_13095,data/DriveAct_data/clips/taking_off_jacket/vp14_run1_2018-05-30-10-11-09_13050_13095.mp4,27,8,100,1,17,False,False,0.4549424946308136,0.007532048039138317,0.003825498846708797,0.546940010972321,45,8,8,8,False,
driveact,val,vp15_run2_2018-05-30-13-34-33_14297_14342,data/DriveAct_data/clips/taking_off_jacket/vp15_run2_2018-05-30-13-34-33_14297_14342.mp4,27,8,100,1,9,False,True,0.6227254271507263,0.00736763933673501,0.003825498846708797,0.5385523089207709,45,8,8,8,False,
driveact,val,vp14_run1_2018-05-30-10-11-09_13541_13565,data/DriveAct_data/clips/taking_off_sunglasses/vp14_run1_2018-05-30-10-11-09_13541_13565.mp4,28,8,100,1,9,False,True,0.8931792974472046,0.0063722459599375725,0.003825498846708797,0.5303092231042683,24,8,8,8,False,
driveact,val,vp14_run2_2018-05-30-10-42-33_14879_14897,data/DriveAct_data/clips/taking_off_sunglasses/vp14_run2_2018-05-30-10-42-33_14879_14897.mp4,28,8,100,1,28,True,True,0.3711632192134857,0.005885024089366198,0.003825498846708797,0.5231219562701881,18,8,8,8,False,
driveact,val,vp15_run1_2018-05-30-13-05-35_8745_8776,data/DriveAct_data/clips/taking_off_sunglasses/vp15_run1_2018-05-30-13-05-35_8745_8776.mp4,28,8,100,1,25,False,True,0.4317760765552521,0.006502941250801086,0.003825498846708797,0.5162994237616658,32,8,8,8,False,
driveact,val,vp14_run2_2018-05-30-10-42-33_8419_8445,data/DriveAct_data/clips/taking_off_sunglasses/vp14_run2_2018-05-30-10-42-33_8419_8445.mp4,28,8,100,1,9,False,False,0.3751479983329773,0.005970893893390894,0.003825498846708797,0.508974848780781,25,8,8,8,False,
driveact,val,vp15_run1_2018-05-30-13-05-35_8776_8808,data/DriveAct_data/clips/taking_off_sunglasses/vp15_run1_2018-05-30-13-05-35_8776_8808.mp4,28,8,100,1,22,False,True,0.4512915015220642,0.005938219837844372,0.003825498846708797,0.5022208630107343,31,8,8,8,False,
driveact,val,vp15_run2_2018-05-30-13-34-33_12292_12320,data/DriveAct_data/clips/taking_off_sunglasses/vp15_run2_2018-05-30-13-34-33_12292_12320.mp4,28,8,100,1,28,True,True,0.37515029311180115,0.006034656893461943,0.003825498846708797,0.4955014232546091,28,8,8,8,False,
driveact,val,vp14_run1_2018-05-30-10-11-09_10080_10107,data/DriveAct_data/clips/taking_off_sunglasses/vp14_run1_2018-05-30-10-11-09_10080_10107.mp4,28,8,100,1,9,False,True,0.2567432224750519,0.005905705038458109,0.003825498846708797,0.48866967484354973,27,8,8,8,False,
driveact,val,vp14_run2_2018-05-30-10-42-33_9666_9696,data/DriveAct_data/clips/taking_off_sunglasses/vp14_run2_2018-05-30-10-42-33_9666_9696.mp4,28,8,100,1,8,False,True,0.2534329891204834,0.01576255541294813,0.003907671052729711,0.7476412090472877,30,8,8,8,False,
driveact,val,vp15_run1_2018-05-30-13-05-35_9044_9084,data/DriveAct_data/clips/taking_off_sunglasses/vp15_run1_2018-05-30-13-05-35_9044_9084.mp4,28,8,100,1,8,False,False,0.3610386848449707,0.00807453878223896,0.003907671052729711,0.7273044381290674,41,8,8,8,False,
driveact,val,vp15_run2_2018-05-30-13-34-33_12664_12693,data/DriveAct_data/clips/taking_off_sunglasses/vp15_run2_2018-05-30-13-34-33_12664_12693.mp4,28,8,100,1,22,False,True,0.42946121096611023,0.006183092948049307,0.003907671052729711,0.7184202522039413,28,8,8,8,False,
driveact,val,vp15_run2_2018-05-30-13-34-33_12408_12431,data/DriveAct_data/clips/taking_off_sunglasses/vp15_run2_2018-05-30-13-34-33_12408_12431.mp4,28,8,100,1,9,False,True,0.7442754507064819,0.006104916799813509,0.003907671052729711,0.7114509590901434,23,8,8,8,False,
driveact,val,vp14_run2_2018-05-30-10-42-33_7828_7873,data/DriveAct_data/clips/taking_off_sunglasses/vp14_run2_2018-05-30-10-42-33_7828_7873.mp4,28,8,100,1,28,True,True,0.3290930986404419,0.0066636791452765465,0.003907671052729711,0.7045486490242183,44,8,8,8,False,
driveact,val,vp14_run1_2018-05-30-10-11-09_10182_10207,data/DriveAct_data/clips/taking_off_sunglasses/vp14_run1_2018-05-30-10-11-09_10182_10207.mp4,28,8,100,1,17,False,True,0.608808696269989,0.006164927035570145,0.003907671052729711,0.6967763239517808,26,8,8,8,False,
driveact,val,vp14_run2_2018-05-30-10-42-33_14833_14879,data/DriveAct_data/clips/taking_off_sunglasses/vp14_run2_2018-05-30-10-42-33_14833_14879.mp4,28,8,100,1,14,False,True,0.1326872706413269,0.00688601192086935,0.003907671052729711,0.6898384960368276,46,8,8,8,False,
driveact,val,vp15_run2_2018-05-30-13-34-33_4699_4745,data/DriveAct_data/clips/talking_on_phone/vp15_run2_2018-05-30-13-34-33_4699_4745.mp4,29,8,100,1,25,False,True,0.9445049166679382,0.006927053909748793,0.003907671052729711,0.6820969441905618,46,8,8,8,False,
driveact,val,vp14_run1_2018-05-30-10-11-09_4247_4292,data/DriveAct_data/clips/talking_on_phone/vp14_run1_2018-05-30-10-11-09_4247_4292.mp4,29,8,100,1,25,False,True,0.9854859113693237,0.00862113619223237,0.003907671052729711,0.6743153287097812,45,8,8,8,False,
driveact,val,vp15_run2_2018-05-30-13-34-33_4290_4334,data/DriveAct_data/clips/talking_on_phone/vp15_run2_2018-05-30-13-34-33_4290_4334.mp4,29,8,100,1,25,False,True,0.9974321722984314,0.006802557036280632,0.003907671052729711,0.6648957501165569,44,8,8,8,False,
driveact,val,vp15_run1_2018-05-30-13-05-35_16166_16212,data/DriveAct_data/clips/talking_on_phone/vp15_run1_2018-05-30-13-05-35_16166_16212.mp4,29,8,100,1,25,False,True,0.9901126623153687,0.006799666676670313,0.003907671052729711,0.6572512332350016,47,8,8,8,False,
driveact,val,vp14_run1_2018-05-30-10-11-09_4382_4428,data/DriveAct_data/clips/talking_on_phone/vp14_run1_2018-05-30-10-11-09_4382_4428.mp4,29,8,100,1,25,False,True,0.6829546093940735,0.006877287290990353,0.003907671052729711,0.6495973933488131,47,8,8,8,False,
driveact,val,vp14_run2_2018-05-30-10-42-33_8754_8800,data/DriveAct_data/clips/talking_on_phone/vp14_run2_2018-05-30-10-42-33_8754_8800.mp4,29,8,100,1,25,False,True,0.9970603585243225,0.006717360112816095,0.003907671052729711,0.6418487150222063,47,8,8,8,False,
driveact,val,vp14_run2_2018-05-30-10-42-33_8800_8845,data/DriveAct_data/clips/talking_on_phone/vp14_run2_2018-05-30-10-42-33_8800_8845.mp4,29,8,100,1,25,False,True,0.997249186038971,0.007000552956014872,0.003907671052729711,0.6342835049144924,44,8,8,8,False,
driveact,val,vp15_run1_2018-05-30-13-05-35_16302_16349,data/DriveAct_data/clips/talking_on_phone/vp15_run1_2018-05-30-13-05-35_16302_16349.mp4,29,8,100,1,25,False,True,0.4529051184654236,0.006772544234991074,0.003907671052729711,0.6264479584060609,47,8,8,8,False,
driveact,val,vp14_run2_2018-05-30-10-42-33_8573_8618,data/DriveAct_data/clips/talking_on_phone/vp14_run2_2018-05-30-10-42-33_8573_8618.mp4,29,8,100,1,17,False,False,0.3827711045742035,0.006713518872857094,0.003907671052729711,0.6188255297020078,45,8,8,8,False,
driveact,val,vp15_run2_2018-05-30-13-34-33_4198_4243,data/DriveAct_data/clips/talking_on_phone/vp15_run2_2018-05-30-13-34-33_4198_4243.mp4,29,8,100,1,25,False,True,0.9973424077033997,0.0067200493067502975,0.003907671052729711,0.611238154117018,44,8,8,8,False,
driveact,val,vp14_run2_2018-05-30-10-42-33_8936_8981,data/DriveAct_data/clips/talking_on_phone/vp14_run2_2018-05-30-10-42-33_8936_8981.mp4,29,8,100,1,25,False,True,0.9968692660331726,0.008036458864808083,0.003907671052729711,0.6036371220834553,45,8,8,8,False,
driveact,val,vp15_run2_2018-05-30-13-34-33_4562_4608,data/DriveAct_data/clips/talking_on_phone/vp15_run2_2018-05-30-13-34-33_4562_4608.mp4,29,8,100,1,25,False,True,0.9966136813163757,0.006901924032717943,0.003907671052729711,0.5945384041406214,47,8,8,8,False,
driveact,val,vp15_run2_2018-05-30-13-34-33_4106_4152,data/DriveAct_data/clips/talking_on_phone/vp15_run2_2018-05-30-13-34-33_4106_4152.mp4,29,8,100,1,25,False,True,0.9971117973327637,0.006941348314285278,0.003907671052729711,0.5867767059244215,47,8,8,8,False,
driveact,val,vp15_run2_2018-05-30-13-34-33_3968_4014,data/DriveAct_data/clips/talking_on_phone/vp15_run2_2018-05-30-13-34-33_3968_4014.mp4,29,8,100,1,29,True,True,0.2826102674007416,0.0067181335762143135,0.003907671052729711,0.5789985880255699,47,8,8,8,False,
driveact,val,vp14_run2_2018-05-30-10-42-33_8709_8754,data/DriveAct_data/clips/talking_on_phone/vp14_run2_2018-05-30-10-42-33_8709_8754.mp4,29,8,100,1,25,False,True,0.9965670108795166,0.007219303864985704,0.003907671052729711,0.5714288870804012,45,8,8,8,False,
driveact,val,vp15_run1_2018-05-30-13-05-35_16030_16075,data/DriveAct_data/clips/talking_on_phone/vp15_run1_2018-05-30-13-05-35_16030_16075.mp4,29,8,100,1,25,False,True,0.9942319989204407,0.006651097908616066,0.003907671052729711,0.5634501972235739,44,8,8,8,False,
driveact,val,vp15_run1_2018-05-30-13-05-35_15985_16030,data/DriveAct_data/clips/talking_on_phone/vp15_run1_2018-05-30-13-05-35_15985_16030.mp4,29,8,100,1,25,False,True,0.9910793900489807,0.007014092989265919,0.003907671052729711,0.5559264970943332,44,8,8,8,False,
driveact,val,vp15_run2_2018-05-30-13-34-33_4836_4881,data/DriveAct_data/clips/talking_on_phone/vp15_run2_2018-05-30-13-34-33_4836_4881.mp4,29,8,100,1,25,False,True,0.98796147108078,0.006833188701421022,0.003907671052729711,0.548176693264395,45,8,8,8,False,
driveact,val,vp14_run1_2018-05-30-10-11-09_4110_4156,data/DriveAct_data/clips/talking_on_phone/vp14_run1_2018-05-30-10-11-09_4110_4156.mp4,29,8,100,1,29,True,True,0.1728941947221756,0.007055441848933697,0.003907671052729711,0.5404727249406278,47,8,8,8,False,
driveact,val,vp14_run1_2018-05-30-10-11-09_4201_4247,data/DriveAct_data/clips/talking_on_phone/vp14_run1_2018-05-30-10-11-09_4201_4247.mp4,29,8,100,1,25,False,True,0.9594897627830505,0.007092171814292669,0.003907671052729711,0.5326214609667659,46,8,8,8,False,
driveact,val,vp15_run1_2018-05-30-13-05-35_18649_18695,data/DriveAct_data/clips/unfastening_seat_belt/vp15_run1_2018-05-30-13-05-35_18649_18695.mp4,30,8,100,1,30,True,True,0.5110921263694763,0.00747839966788888,0.003907671052729711,0.5246456409804523,46,8,8,8,False,
driveact,val,vp14_run2_2018-05-30-10-42-33_22124_22169,data/DriveAct_data/clips/unfastening_seat_belt/vp14_run2_2018-05-30-10-42-33_22124_22169.mp4,30,8,100,1,25,False,True,0.25780749320983887,0.0068521322682499886,0.003907671052729711,0.516379514709115,45,8,8,8,False,
driveact,val,vp14_run1_2018-05-30-10-11-09_12137_12174,data/DriveAct_data/clips/unfastening_seat_belt/vp14_run1_2018-05-30-10-11-09_12137_12174.mp4,30,8,100,1,9,False,True,0.32062405347824097,0.006660970393568277,0.003907671052729711,0.5086743710562587,38,8,8,8,False,
driveact,val,vp15_run2_2018-05-30-13-34-33_19595_19604,data/DriveAct_data/clips/unfastening_seat_belt/vp15_run2_2018-05-30-13-34-33_19595_19604.mp4,30,8,100,1,14,False,True,0.1984204202890396,0.004587406758219004,0.003907671052729711,0.5011737807653844,9,8,8,8,False,
driveact,val,vp14_run1_2018-05-30-10-11-09_24267_24314,data/DriveAct_data/clips/unfastening_seat_belt/vp14_run1_2018-05-30-10-11-09_24267_24314.mp4,30,8,100,1,30,True,True,0.38414403796195984,0.00688024191185832,0.003907671052729711,0.4959613108076155,47,8,8,8,False,
driveact,val,vp14_run1_2018-05-30-10-11-09_12779_12825,data/DriveAct_data/clips/unfastening_seat_belt/vp14_run1_2018-05-30-10-11-09_12779_12825.mp4,30,8,100,1,9,False,True,0.3187958002090454,0.015186225064098835,0.0038101229001767933,0.7104696081951261,47,8,8,8,False,
driveact,val,vp15_run2_2018-05-30-13-34-33_19550_19595,data/DriveAct_data/clips/unfastening_seat_belt/vp15_run2_2018-05-30-13-34-33_19550_19595.mp4,30,8,100,1,8,False,True,0.40859854221343994,0.00739703793078661,0.0038101229001767933,0.6932781343348324,45,8,8,8,False,
driveact,val,vp14_run1_2018-05-30-10-11-09_24314_24327,data/DriveAct_data/clips/unfastening_seat_belt/vp14_run1_2018-05-30-10-11-09_24314_24327.mp4,30,8,100,1,4,False,False,0.22878757119178772,0.005511919967830181,0.0038101229001767933,0.6850458914414048,14,8,8,8,False,
driveact,val,vp14_run2_2018-05-30-10-42-33_22169_22185,data/DriveAct_data/clips/unfastening_seat_belt/vp14_run2_2018-05-30-10-42-33_22169_22185.mp4,30,8,100,1,22,False,False,0.29413583874702454,0.005691084079444408,0.0038101229001767933,0.6788301300257444,17,8,8,8,False,
driveact,val,vp15_run2_2018-05-30-13-34-33_11778_11786,data/DriveAct_data/clips/using_multimedia_display/vp15_run2_2018-05-30-13-34-33_11778_11786.mp4,31,8,100,1,31,True,True,0.9874733686447144,0.004822988063097,0.0038101229001767933,0.6724132262170315,8,8,8,8,False,
driveact,val,vp15_run1_2018-05-30-13-05-35_3818_3831,data/DriveAct_data/clips/using_multimedia_display/vp15_run1_2018-05-30-13-05-35_3818_3831.mp4,31,8,100,1,31,True,True,0.9844785928726196,0.005267700180411339,0.0038101229001767933,0.6670055091381073,14,8,8,8,False,
driveact,val,vp15_run1_2018-05-30-13-05-35_8238_8248,data/DriveAct_data/clips/using_multimedia_display/vp15_run1_2018-05-30-13-05-35_8238_8248.mp4,31,8,100,1,31,True,True,0.9855350255966187,0.004911903291940689,0.0038101229001767933,0.6610438260249794,11,8,8,8,False,
driveact,val,vp15_run2_2018-05-30-13-34-33_6537_6549,data/DriveAct_data/clips/using_multimedia_display/vp15_run2_2018-05-30-13-34-33_6537_6549.mp4,31,8,100,1,31,True,True,0.9735124707221985,0.005085944198071957,0.0038101229001767933,0.6555009428411722,12,8,8,8,False,
driveact,val,vp15_run1_2018-05-30-13-05-35_974_983,data/DriveAct_data/clips/using_multimedia_display/vp15_run1_2018-05-30-13-05-35_974_983.mp4,31,8,100,1,31,True,True,0.9378514885902405,0.0042786430567502975,0.0038101229001767933,0.64976073987782,9,8,8,8,False,
driveact,val,vp15_run2_2018-05-30-13-34-33_13111_13126,data/DriveAct_data/clips/using_multimedia_display/vp15_run2_2018-05-30-13-34-33_13111_13126.mp4,31,8,100,1,31,True,True,0.9554747939109802,0.0054901354014873505,0.0038101229001767933,0.6448493059724569,14,8,8,8,False,
driveact,val,vp14_run1_2018-05-30-10-11-09_481_527,data/DriveAct_data/clips/using_multimedia_display/vp14_run1_2018-05-30-10-11-09_481_527.mp4,31,8,100,1,31,True,True,0.9709935188293457,0.006572171114385128,0.0038101229001767933,0.6386864040978253,46,8,8,8,False,
driveact,val,vp14_run1_2018-05-30-10-11-09_6188_6200,data/DriveAct_data/clips/using_multimedia_display/vp14_run1_2018-05-30-10-11-09_6188_6200.mp4,31,8,100,1,31,True,True,0.9336162209510803,0.005197530146688223,0.0038101229001767933,0.6313314330764115,12,8,8,8,False,
driveact,val,vp14_run1_2018-05-30-10-11-09_3432_3477,data/DriveAct_data/clips/using_multimedia_display/vp14_run1_2018-05-30-10-11-09_3432_3477.mp4,31,8,100,1,31,True,True,0.9655192494392395,0.0066000609658658504,0.0038101229001767933,0.6254852279089391,45,8,8,8,False,
driveact,val,vp14_run1_2018-05-30-10-11-09_17309_17338,data/DriveAct_data/clips/using_multimedia_display/vp14_run1_2018-05-30-10-11-09_17309_17338.mp4,31,8,100,1,31,True,True,0.8504752516746521,0.00617303978651762,0.0038101229001767933,0.6180409290827811,29,8,8,8,False,
driveact,val,vp15_run2_2018-05-30-13-34-33_12574_12588,data/DriveAct_data/clips/using_multimedia_display/vp15_run2_2018-05-30-13-34-33_12574_12588.mp4,31,8,100,1,31,True,True,0.9812667369842529,0.005256837699562311,0.0038101229001767933,0.6107772910036147,13,8,8,8,False,
driveact,val,vp14_run1_2018-05-30-10-11-09_527_565,data/DriveAct_data/clips/using_multimedia_display/vp14_run1_2018-05-30-10-11-09_527_565.mp4,31,8,100,1,31,True,True,0.9309800863265991,0.006344041787087917,0.0038101229001767933,0.6048427857458591,38,8,8,8,False,
driveact,val,vp14_run2_2018-05-30-10-42-33_17113_17158,data/DriveAct_data/clips/using_multimedia_display/vp14_run2_2018-05-30-10-42-33_17113_17158.mp4,31,8,100,1,31,True,True,0.9439126253128052,0.006719665136188269,0.0038101229001767933,0.597709524910897,44,8,8,8,False,
driveact,val,vp14_run2_2018-05-30-10-42-33_14337_14354,data/DriveAct_data/clips/using_multimedia_display/vp14_run2_2018-05-30-10-42-33_14337_14354.mp4,31,8,100,1,31,True,True,0.9885518550872803,0.005662036128342152,0.0038101229001767933,0.5901950621046126,17,8,8,8,False,
driveact,val,vp14_run2_2018-05-30-10-42-33_13900_13910,data/DriveAct_data/clips/using_multimedia_display/vp14_run2_2018-05-30-10-42-33_13900_13910.mp4,31,8,100,1,31,True,True,0.9648216366767883,0.004825504031032324,0.0038101229001767933,0.5838416940532625,10,8,8,8,False,
driveact,val,vp15_run1_2018-05-30-13-05-35_10086_10100,data/DriveAct_data/clips/using_multimedia_display/vp15_run1_2018-05-30-13-05-35_10086_10100.mp4,31,8,100,1,31,True,True,0.535498857498169,0.005522750783711672,0.0038101229001767933,0.5783828203566372,14,8,8,8,False,
driveact,val,vp14_run2_2018-05-30-10-42-33_495_508,data/DriveAct_data/clips/using_multimedia_display/vp14_run2_2018-05-30-10-42-33_495_508.mp4,31,8,100,1,31,True,True,0.9327620267868042,0.005260895937681198,0.0038101229001767933,0.5721853598952293,14,8,8,8,False,
driveact,val,vp15_run1_2018-05-30-13-05-35_372_391,data/DriveAct_data/clips/using_multimedia_display/vp15_run1_2018-05-30-13-05-35_372_391.mp4,31,8,100,1,31,True,True,0.9586289525032043,0.005711063276976347,0.0038101229001767933,0.5662410319782794,20,8,8,8,False,
driveact,val,vp15_run1_2018-05-30-13-05-35_17889_17898,data/DriveAct_data/clips/using_multimedia_display/vp15_run1_2018-05-30-13-05-35_17889_17898.mp4,31,8,100,1,31,True,True,0.9755190014839172,0.004459124989807606,0.0038101229001767933,0.5597805520519614,9,8,8,8,False,
driveact,val,vp15_run1_2018-05-30-13-05-35_9464_9472,data/DriveAct_data/clips/using_multimedia_display/vp15_run1_2018-05-30-13-05-35_9464_9472.mp4,31,8,100,1,31,True,True,0.976284921169281,0.004424505401402712,0.0038101229001767933,0.5547010921873152,8,8,8,8,False,
driveact,val,vp15_run1_2018-05-30-13-05-35_5909_5948,data/DriveAct_data/clips/working_on_laptop/vp15_run1_2018-05-30-13-05-35_5909_5948.mp4,32,8,100,1,32,True,True,0.5845171809196472,0.006655637640506029,0.0038101229001767933,0.5496795810759068,39,8,8,8,False,
driveact,val,vp14_run1_2018-05-30-10-11-09_22009_22055,data/DriveAct_data/clips/working_on_laptop/vp14_run1_2018-05-30-10-11-09_22009_22055.mp4,32,8,100,1,32,True,True,0.8966929316520691,0.00683483574539423,0.0038101229001767933,0.5422262172214687,46,8,8,8,False,
driveact,val,vp14_run2_2018-05-30-10-42-33_13656_13691,data/DriveAct_data/clips/working_on_laptop/vp14_run2_2018-05-30-10-42-33_13656_13691.mp4,32,8,100,1,32,True,True,0.6129487156867981,0.00642413878813386,0.0038101229001767933,0.5346014969982207,35,8,8,8,False,
driveact,val,vp14_run2_2018-05-30-10-42-33_12649_12694,data/DriveAct_data/clips/working_on_laptop/vp14_run2_2018-05-30-10-42-33_12649_12694.mp4,32,8,100,1,32,True,True,0.7418797612190247,0.009584592189639807,0.0038101229001767933,0.5273857708089054,44,8,8,8,False,
driveact,val,vp14_run2_2018-05-30-10-42-33_12739_12784,data/DriveAct_data/clips/working_on_laptop/vp14_run2_2018-05-30-10-42-33_12739_12784.mp4,32,8,100,1,29,False,False,0.19463977217674255,0.00685123959556222,0.0038101229001767933,0.517014347948134,44,8,8,8,False,
driveact,val,vp14_run1_2018-05-30-10-11-09_22191_22237,data/DriveAct_data/clips/working_on_laptop/vp14_run1_2018-05-30-10-11-09_22191_22237.mp4,32,8,100,1,32,True,True,0.8703291416168213,0.007213333155959845,0.0038101229001767933,0.5091617400757968,47,8,8,8,False,
driveact,val,vp14_run2_2018-05-30-10-42-33_12559_12604,data/DriveAct_data/clips/working_on_laptop/vp14_run2_2018-05-30-10-42-33_12559_12604.mp4,32,8,100,1,25,False,True,0.7513713240623474,0.006999253761023283,0.0038101229001767933,0.5010920688509941,44,8,8,8,False,
driveact,val,vp15_run1_2018-05-30-13-05-35_5960_6004,data/DriveAct_data/clips/working_on_laptop/vp15_run1_2018-05-30-13-05-35_5960_6004.mp4,32,8,100,1,32,True,True,0.929585337638855,0.007007544860243797,0.0038101229001767933,0.49328315583989024,44,8,8,8,False,
driveact,val,vp14_run2_2018-05-30-10-42-33_12829_12875,data/DriveAct_data/clips/working_on_laptop/vp14_run2_2018-05-30-10-42-33_12829_12875.mp4,32,8,100,1,32,True,True,0.8944352865219116,0.0208178348839283,0.003535836876835674,0.7389584020711482,46,8,8,8,False,
driveact,val,vp15_run1_2018-05-30-13-05-35_6095_6142,data/DriveAct_data/clips/working_on_laptop/vp15_run1_2018-05-30-13-05-35_6095_6142.mp4,32,8,100,1,32,True,True,0.9303155541419983,0.007737335283309221,0.003535836876835674,0.7149992901831865,47,8,8,8,False,
driveact,val,vp15_run2_2018-05-30-13-34-33_7203_7249,data/DriveAct_data/clips/working_on_laptop/vp15_run2_2018-05-30-13-34-33_7203_7249.mp4,32,8,100,1,10,False,False,0.8830313682556152,0.006982996128499508,0.003535836876835674,0.7062660800293088,47,8,8,8,False,
driveact,val,vp14_run2_2018-05-30-10-42-33_12920_12966,data/DriveAct_data/clips/working_on_laptop/vp14_run2_2018-05-30-10-42-33_12920_12966.mp4,32,8,100,1,32,True,True,0.9490209817886353,0.007091900799423456,0.003535836876835674,0.6984234941191971,47,8,8,8,False,
driveact,val,vp15_run2_2018-05-30-13-34-33_7339_7350,data/DriveAct_data/clips/working_on_laptop/vp15_run2_2018-05-30-13-34-33_7339_7350.mp4,32,8,100,1,10,False,False,0.4880768358707428,0.004920054227113724,0.003535836876835674,0.6905355732887983,10,8,8,8,False,
driveact,val,vp14_run1_2018-05-30-10-11-09_22100_22145,data/DriveAct_data/clips/working_on_laptop/vp14_run1_2018-05-30-10-11-09_22100_22145.mp4,32,8,100,1,32,True,True,0.8817210793495178,0.007168292999267578,0.003535836876835674,0.6849809028208256,45,8,8,8,False,
driveact,val,vp14_run1_2018-05-30-10-11-09_22237_22283,data/DriveAct_data/clips/working_on_laptop/vp14_run1_2018-05-30-10-11-09_22237_22283.mp4,32,8,100,1,32,True,True,0.730961263179779,0.006890844088047743,0.003535836876835674,0.6769906580448151,46,8,8,8,False,
driveact,val,vp14_run1_2018-05-30-10-11-09_22145_22191,data/DriveAct_data/clips/working_on_laptop/vp14_run1_2018-05-30-10-11-09_22145_22191.mp4,32,8,100,1,32,True,True,0.8493075966835022,0.007269008085131645,0.003535836876835674,0.6692898320034146,47,8,8,8,False,
driveact,val,vp14_run2_2018-05-30-10-42-33_13610_13656,data/DriveAct_data/clips/working_on_laptop/vp14_run2_2018-05-30-10-42-33_13610_13656.mp4,32,8,100,1,32,True,True,0.5793806314468384,0.006979791913181543,0.003535836876835674,0.6610234659165144,47,8,8,8,False,
driveact,val,vp15_run1_2018-05-30-13-05-35_6050_6095,data/DriveAct_data/clips/working_on_laptop/vp15_run1_2018-05-30-13-05-35_6050_6095.mp4,32,8,100,1,32,True,True,0.8719518780708313,0.006890615914016962,0.003535836876835674,0.6531991120427847,45,8,8,8,False,
driveact,val,vp14_run1_2018-05-30-10-11-09_21919_21964,data/DriveAct_data/clips/working_on_laptop/vp14_run1_2018-05-30-10-11-09_21919_21964.mp4,32,8,100,1,32,True,True,0.4886871874332428,0.010430156253278255,0.003535836876835674,0.6455128770321608,44,8,8,8,False,
driveact,val,vp14_run2_2018-05-30-10-42-33_12966_12997,data/DriveAct_data/clips/working_on_laptop/vp14_run2_2018-05-30-10-42-33_12966_12997.mp4,32,8,100,1,32,True,True,0.9377022981643677,0.006498889997601509,0.003535836876835674,0.6341822007670999,32,8,8,8,False,
driveact,val,vp14_run2_2018-05-30-10-42-33_5529_5574,data/DriveAct_data/clips/writing/vp14_run2_2018-05-30-10-42-33_5529_5574.mp4,33,8,100,1,33,True,True,0.9276372790336609,0.007190074771642685,0.003535836876835674,0.6268501691520214,45,8,8,8,False,
driveact,val,vp14_run2_2018-05-30-10-42-33_5755_5801,data/DriveAct_data/clips/writing/vp14_run2_2018-05-30-10-42-33_5755_5801.mp4,33,8,100,1,33,True,True,0.9429805874824524,0.007055161986500025,0.003535836876835674,0.6187813500873744,46,8,8,8,False,
driveact,val,vp15_run1_2018-05-30-13-05-35_17809_17835,data/DriveAct_data/clips/writing/vp15_run1_2018-05-30-13-05-35_17809_17835.mp4,33,8,100,1,13,False,False,0.556771457195282,0.006069836672395468,0.003535836876835674,0.6109443171881139,25,8,8,8,False,
driveact,val,vp14_run1_2018-05-30-10-11-09_16457_16502,data/DriveAct_data/clips/writing/vp14_run1_2018-05-30-10-11-09_16457_16502.mp4,33,8,100,1,33,True,True,0.3655076026916504,0.006650097202509642,0.003535836876835674,0.6040998031385243,45,8,8,8,False,
driveact,val,vp14_run2_2018-05-30-10-42-33_5346_5392,data/DriveAct_data/clips/writing/vp14_run2_2018-05-30-10-42-33_5346_5392.mp4,33,8,100,1,33,True,True,0.9397736191749573,0.006773353088647127,0.003535836876835674,0.5965961539186537,47,8,8,8,False,
driveact,val,vp14_run1_2018-05-30-10-11-09_16230_16276,data/DriveAct_data/clips/writing/vp14_run1_2018-05-30-10-11-09_16230_16276.mp4,33,8,100,1,33,True,True,0.9041782021522522,0.008217294234782457,0.003535836876835674,0.5889786113984883,47,8,8,8,False,
driveact,val,vp14_run1_2018-05-30-10-11-09_16049_16095,data/DriveAct_data/clips/writing/vp14_run1_2018-05-30-10-11-09_16049_16095.mp4,33,8,100,1,33,True,True,0.7763792276382446,0.007049324922263622,0.003535836876835674,0.5799115588888526,47,8,8,8,False,
driveact,val,vp14_run2_2018-05-30-10-42-33_5664_5709,data/DriveAct_data/clips/writing/vp14_run2_2018-05-30-10-42-33_5664_5709.mp4,33,8,100,1,33,True,True,0.7836408615112305,0.006878300569951534,0.003535836876835674,0.5720807700417936,45,8,8,8,False,
driveact,val,vp14_run1_2018-05-30-10-11-09_9675_9720,data/DriveAct_data/clips/writing/vp14_run1_2018-05-30-10-11-09_9675_9720.mp4,33,8,100,1,28,False,True,0.20681825280189514,0.006661437917500734,0.003535836876835674,0.564325382001698,45,8,8,8,False,
driveact,val,vp14_run2_2018-05-30-10-42-33_11712_11757,data/DriveAct_data/clips/writing/vp14_run2_2018-05-30-10-42-33_11712_11757.mp4,33,8,100,1,33,True,True,0.9232504367828369,0.0067037129774689674,0.003535836876835674,0.5566139221191406,45,8,8,8,False,
driveact,val,vp14_run1_2018-05-30-10-11-09_16411_16457,data/DriveAct_data/clips/writing/vp14_run1_2018-05-30-10-11-09_16411_16457.mp4,33,8,100,1,33,True,True,0.43732988834381104,0.0068633598275482655,0.003535836876835674,0.5490550980903208,46,8,8,8,False,
driveact,val,vp14_run1_2018-05-30-10-11-09_16321_16366,data/DriveAct_data/clips/writing/vp14_run1_2018-05-30-10-11-09_16321_16366.mp4,33,8,100,1,33,True,True,0.8432715535163879,0.006855406798422337,0.003535836876835674,0.5413467199541628,44,8,8,8,False,
driveact,val,vp14_run2_2018-05-30-10-42-33_5892_5925,data/DriveAct_data/clips/writing/vp14_run2_2018-05-30-10-42-33_5892_5925.mp4,33,8,100,1,24,False,False,0.847858726978302,0.0063898139633238316,0.003535836876835674,0.5336423320695758,33,8,8,8,False,
driveact,val,vp14_run2_2018-05-30-10-42-33_5574_5619,data/DriveAct_data/clips/writing/vp14_run2_2018-05-30-10-42-33_5574_5619.mp4,33,8,100,1,33,True,True,0.9462802410125732,0.006829872261732817,0.003535836876835674,0.5264487150125206,45,8,8,8,False,
driveact,val,vp14_run2_2018-05-30-10-42-33_5437_5482,data/DriveAct_data/clips/writing/vp14_run2_2018-05-30-10-42-33_5437_5482.mp4,33,8,100,1,33,True,True,0.48826929926872253,0.007007303182035685,0.003535836876835674,0.5187847367487848,44,8,8,8,False,
driveact,val,vp15_run2_2018-05-30-13-34-33_9130_9173,data/DriveAct_data/clips/writing/vp15_run2_2018-05-30-13-34-33_9130_9173.mp4,33,8,100,1,33,True,True,0.8905149698257446,0.006638543214648962,0.003535836876835674,0.5109301069751382,43,8,8,8,False,
driveact,val,vp14_run2_2018-05-30-10-42-33_5709_5755,data/DriveAct_data/clips/writing/vp14_run2_2018-05-30-10-42-33_5709_5755.mp4,33,8,100,1,33,True,True,0.9040765166282654,0.006852862890809774,0.003535836876835674,0.5034479456953704,47,8,8,8,False,
driveact,val,vp14_run2_2018-05-30-10-42-33_5801_5847,data/DriveAct_data/clips/writing/vp14_run2_2018-05-30-10-42-33_5801_5847.mp4,33,8,100,1,33,True,True,0.9406992197036743,0.006965620908886194,0.003535836876835674,0.49570965487509966,47,8,8,8,False,
driveact,val,vp14_run1_2018-05-30-10-11-09_16095_16140,data/DriveAct_data/clips/writing/vp14_run1_2018-05-30-10-11-09_16095_16140.mp4,33,8,100,1,33,True,True,0.5505678653717041,0.0069792200811207294,0.003535836876835674,0.4878820269368589,45,8,8,8,False,
driveact,val,vp14_run2_2018-05-30-10-42-33_5847_5892,data/DriveAct_data/clips/writing/vp14_run2_2018-05-30-10-42-33_5847_5892.mp4,33,8,100,1,33,True,True,0.7841092944145203,0.006687619723379612,0.003535836876835674,0.4800391821190715,45,8,8,8,False,
