dataset,split,video_id,video_path,label_id,budget,coverage,stride,pred_id,correct_top1,correct_top5,confidence,decode_time_s,inference_time_s,total_time_s,source_frames,candidate_frames,processed_frames,model_input_frames,skipped,error
driveact,val,vp15_run1_2018-05-30-13-05-35_10394_10415,data/DriveAct_data/clips/closing_bottle/vp15_run1_2018-05-30-13-05-35_10394_10415.mp4,0,8,25,2,0,True,True,0.3960004150867462,0.010840916074812412,0.003937511719414033,0.688889057841152,21,3,8,8,False,
driveact,val,vp14_run1_2018-05-30-10-11-09_6012_6033,data/DriveAct_data/clips/closing_bottle/vp14_run1_2018-05-30-10-11-09_6012_6033.mp4,0,8,25,2,10,False,False,0.701422393321991,0.007506757974624634,0.003937511719414033,0.6748761450871825,21,3,8,8,False,
driveact,val,vp14_run1_2018-05-30-10-11-09_5966_6012,data/DriveAct_data/clips/closing_bottle/vp14_run1_2018-05-30-10-11-09_5966_6012.mp4,0,8,25,2,5,False,False,0.6132870316505432,0.005619761999696493,0.003937511719414033,0.6665643830783665,47,6,8,8,False,
driveact,val,vp14_run2_2018-05-30-10-42-33_3887_3915,data/DriveAct_data/clips/closing_bottle/vp14_run2_2018-05-30-10-42-33_3887_3915.mp4,0,8,25,2,5,False,True,0.21174344420433044,0.0051421308889985085,0.003937511719414033,0.6600341270677745,29,4,8,8,False,
driveact,val,vp14_run2_2018-05-30-10-42-33_3842_3887,data/DriveAct_data/clips/closing_bottle/vp14_run2_2018-05-30-10-42-33_3842_3887.mp4,0,8,25,2,13,False,True,0.42807477712631226,0.00567795941606164,0.003937511719414033,0.6540019558742642,45,6,8,8,False,
driveact,val,vp15_run1_2018-05-30-13-05-35_10300_10347,data/DriveAct_data/clips/closing_bottle/vp15_run1_2018-05-30-13-05-35_10300_10347.mp4,0,8,25,2,5,False,False,0.7787364721298218,0.005628462880849838,0.003937511719414033,0.6474385396577418,46,6,8,8,False,
driveact,val,vp15_run2_2018-05-30-13-34-33_5786_5802,data/DriveAct_data/clips/closing_bottle/vp15_run2_2018-05-30-13-34-33_5786_5802.mp4,0,8,25,2,5,False,True,0.6484537720680237,0.004475250840187073,0.003937511719414033,0.6409588479436934,17,2,8,8,False,
driveact,val,vp14_run2_2018-05-30-10-42-33_16271_16309,data/DriveAct_data/clips/closing_bottle/vp14_run2_2018-05-30-10-42-33_16271_16309.mp4,0,8,25,2,5,False,False,0.7904183268547058,0.005355294793844223,0.003937511719414033,0.6356385219842196,38,5,8,8,False,
driveact,val,vp15_run2_2018-05-30-13-34-33_6488_6516,data/DriveAct_data/clips/closing_bottle/vp15_run2_2018-05-30-13-34-33_6488_6516.mp4,0,8,25,2,0,True,True,0.40392008423805237,0.0047452207654714584,0.003937511719414033,0.629383775871247,29,4,8,8,False,
driveact,val,vp15_run1_2018-05-30-13-05-35_10347_10394,data/DriveAct_data/clips/closing_bottle/vp15_run1_2018-05-30-13-05-35_10347_10394.mp4,0,8,25,2,13,False,True,0.38817307353019714,0.005591391120105982,0.003937511719414033,0.6237709559500217,47,6,8,8,False,
driveact,val,vp14_run1_2018-05-30-10-11-09_12052_12093,data/DriveAct_data/clips/closing_bottle/vp14_run1_2018-05-30-10-11-09_12052_12093.mp4,0,8,25,2,5,False,False,0.7996696829795837,0.005249661859124899,0.003937511719414033,0.6173654459416866,40,5,8,8,False,
driveact,val,vp14_run2_2018-05-30-10-42-33_20272_20317,data/DriveAct_data/clips/closing_bottle/vp14_run2_2018-05-30-10-42-33_20272_20317.mp4,0,8,25,2,25,False,False,0.38402512669563293,0.005487984977662563,0.003937511719414033,0.6111180330626667,44,6,8,8,False,
driveact,val,vp15_run1_2018-05-30-13-05-35_5045_5090,data/DriveAct_data/clips/closing_bottle/vp15_run1_2018-05-30-13-05-35_5045_5090.mp4,0,8,25,2,5,False,False,0.8154327869415283,0.006108058616518974,0.003937511719414033,0.6048457119613886,45,6,8,8,False,
driveact,val,vp14_run1_2018-05-30-10-11-09_104_124,data/DriveAct_data/clips/closing_door_inside/vp14_run1_2018-05-30-10-11-09_104_124.mp4,1,8,25,2,1,True,True,0.2340642511844635,0.00434887083247304,0.003937511719414033,0.5979734556749463,20,3,8,8,False,
driveact,val,vp15_run2_2018-05-30-13-34-33_169_183,data/DriveAct_data/clips/closing_door_inside/vp15_run2_2018-05-30-13-34-33_169_183.mp4,1,8,25,2,8,False,True,0.4243665337562561,0.0037338770925998688,0.003937511719414033,0.592873162124306,13,2,8,8,False,
driveact,val,vp15_run1_2018-05-30-13-05-35_144_160,data/DriveAct_data/clips/closing_door_inside/vp15_run1_2018-05-30-13-05-35_144_160.mp4,1,8,25,2,1,True,True,0.23801885545253754,0.004103140905499458,0.003937511719414033,0.588183119893074,17,2,8,8,False,
driveact,val,vp14_run2_2018-05-30-10-42-33_114_128,data/DriveAct_data/clips/closing_door_inside/vp14_run2_2018-05-30-10-42-33_114_128.mp4,1,8,25,2,1,True,True,0.2709791362285614,0.003960000816732645,0.003937511719414033,0.5833406201563776,14,2,8,8,False,
driveact,val,vp14_run1_2018-05-30-10-11-09_24557_24581,data/DriveAct_data/clips/closing_door_outside/vp14_run1_2018-05-30-10-11-09_24557_24581.mp4,2,8,25,2,7,False,True,0.3079545795917511,0.0046932389959692955,0.003937511719414033,0.5785834388807416,24,3,8,8,False,
driveact,val,vp15_run1_2018-05-30-13-05-35_18818_18841,data/DriveAct_data/clips/closing_door_outside/vp15_run1_2018-05-30-13-05-35_18818_18841.mp4,2,8,25,2,7,False,True,0.34401869773864746,0.0046265400014817715,0.003937511719414033,0.5731008546426892,23,3,8,8,False,
driveact,val,vp15_run2_2018-05-30-13-34-33_19707_19726,data/DriveAct_data/clips/closing_door_outside/vp15_run2_2018-05-30-13-34-33_19707_19726.mp4,2,8,25,2,2,True,True,0.2551755905151367,0.0045516612008214,0.003937511719414033,0.5676387790590525,20,3,8,8,False,
driveact,val,vp14_run2_2018-05-30-10-42-33_22339_22349,data/DriveAct_data/clips/closing_door_outside/vp14_run2_2018-05-30-10-42-33_22339_22349.mp4,2,8,25,2,7,False,True,0.35690760612487793,0.0037580272182822227,0.003937511719414033,0.5622382792644203,10,1,8,8,False,
driveact,val,vp14_run1_2018-05-30-10-11-09_23166_23211,data/DriveAct_data/clips/closing_laptop/vp14_run1_2018-05-30-10-11-09_23166_23211.mp4,3,8,25,2,32,False,False,0.6148045063018799,0.005729911383241415,0.003937511719414033,0.5577723230235279,45,6,8,8,False,
driveact,val,vp14_run2_2018-05-30-10-42-33_13691_13733,data/DriveAct_data/clips/closing_laptop/vp14_run2_2018-05-30-10-42-33_13691_13733.mp4,3,8,25,2,17,False,False,0.40627244114875793,0.0050941347144544125,0.003937511719414033,0.5511921141296625,42,5,8,8,False,
driveact,val,vp15_run1_2018-05-30-13-05-35_6441_6476,data/DriveAct_data/clips/closing_laptop/vp15_run1_2018-05-30-13-05-35_6441_6476.mp4,3,8,25,2,32,False,True,0.8217847943305969,0.0051710219122469425,0.003937511719414033,0.5453237909823656,35,5,8,8,False,
driveact,val,vp14_run1_2018-05-30-10-11-09_23211_23244,data/DriveAct_data/clips/closing_laptop/vp14_run1_2018-05-30-10-11-09_23211_23244.mp4,3,8,25,2,32,False,True,0.3606134355068207,0.004701065830886364,0.003937511719414033,0.539166018832475,33,4,8,8,False,
driveact,val,vp14_run1_2018-05-30-10-11-09_23119_23166,data/DriveAct_data/clips/closing_laptop/vp14_run1_2018-05-30-10-11-09_23119_23166.mp4,3,8,25,2,32,False,False,0.4442911446094513,0.005505783017724752,0.003937511719414033,0.5336601356975734,46,6,8,8,False,
driveact,val,vp15_run1_2018-05-30-13-05-35_6768_6800,data/DriveAct_data/clips/closing_laptop/vp15_run1_2018-05-30-13-05-35_6768_6800.mp4,3,8,25,2,10,False,False,0.21575957536697388,0.004918268416076899,0.003937511719414033,0.5273898970335722,32,4,8,8,False,
driveact,val,vp15_run2_2018-05-30-13-34-33_7678_7702,data/DriveAct_data/clips/closing_laptop/vp15_run2_2018-05-30-13-34-33_7678_7702.mp4,3,8,25,2,10,False,True,0.35549673438072205,0.004491087049245834,0.003937511719414033,0.52170788962394,23,3,8,8,False,
driveact,val,vp14_run2_2018-05-30-10-42-33_20205_20251,data/DriveAct_data/clips/drinking/vp14_run2_2018-05-30-10-42-33_20205_20251.mp4,4,8,25,2,5,False,True,0.9762614965438843,0.005398792680352926,0.003937511719414033,0.515986829996109,47,6,8,8,False,
driveact,val,vp14_run2_2018-05-30-10-42-33_20115_20160,data/DriveAct_data/clips/drinking/vp14_run2_2018-05-30-10-42-33_20115_20160.mp4,4,8,25,2,5,False,True,0.8535819053649902,0.008521215058863163,0.003937511719414033,0.5097823180258274,45,6,8,8,False,
driveact,val,vp14_run2_2018-05-30-10-42-33_3770_3816,data/DriveAct_data/clips/drinking/vp14_run2_2018-05-30-10-42-33_3770_3816.mp4,4,8,25,2,5,False,True,0.565451443195343,0.005355249624699354,0.003937511719414033,0.5004832129925489,47,6,8,8,False,
driveact,val,vp14_run2_2018-05-30-10-42-33_16194_16240,data/DriveAct_data/clips/drinking/vp14_run2_2018-05-30-10-42-33_16194_16240.mp4,4,8,25,2,5,False,True,0.4436643123626709,0.005240737926214933,0.003937511719414033,0.4942404171451926,47,6,8,8,False,
driveact,val,vp15_run2_2018-05-30-13-34-33_6443_6488,data/DriveAct_data/clips/drinking/vp15_run2_2018-05-30-13-34-33_6443_6488.mp4,4,8,25,2,13,False,True,0.3833335041999817,0.011780191212892532,0.003726331065990962,0.687472668942064,45,6,8,8,False,
driveact,val,vp14_run1_2018-05-30-10-11-09_5918_5963,data/DriveAct_data/clips/drinking/vp14_run1_2018-05-30-10-11-09_5918_5963.mp4,4,8,25,2,5,False,False,0.3869500756263733,0.0068067521788179874,0.003726331065990962,0.6711182189173996,45,6,8,8,False,
driveact,val,vp15_run1_2018-05-30-13-05-35_4994_5040,data/DriveAct_data/clips/drinking/vp15_run1_2018-05-30-13-05-35_4994_5040.mp4,4,8,25,2,5,False,False,0.4865802228450775,0.0056159766390919685,0.003726331065990962,0.6634770999662578,47,6,8,8,False,
driveact,val,vp15_run1_2018-05-30-13-05-35_10269_10300,data/DriveAct_data/clips/drinking/vp15_run1_2018-05-30-13-05-35_10269_10300.mp4,4,8,25,2,25,False,True,0.9848536252975464,0.00520562008023262,0.003726331065990962,0.6569879660382867,32,4,8,8,False,
driveact,val,vp15_run1_2018-05-30-13-05-35_4554_4563,data/DriveAct_data/clips/drinking/vp15_run1_2018-05-30-13-05-35_4554_4563.mp4,4,8,25,2,5,False,False,0.7783594727516174,0.0038627972826361656,0.003726331065990962,0.6508633461780846,9,1,8,8,False,
driveact,val,vp14_run2_2018-05-30-10-42-33_3816_3842,data/DriveAct_data/clips/drinking/vp14_run2_2018-05-30-10-42-33_3816_3842.mp4,4,8,25,2,5,False,False,0.9610078930854797,0.004791351035237312,0.003726331065990962,0.6463743513450027,26,3,8,8,False,
driveact,val,vp15_run1_2018-05-30-13-05-35_10223_10269,data/DriveAct_data/clips/drinking/vp15_run1_2018-05-30-13-05-35_10223_10269.mp4,4,8,25,2,0,False,True,0.2496277242898941,0.005512875970453024,0.003726331065990962,0.6408252771943808,47,6,8,8,False,
driveact,val,vp15_run2_2018-05-30-13-34-33_5728_5773,data/DriveAct_data/clips/drinking/vp15_run2_2018-05-30-13-34-33_5728_5773.mp4,4,8,25,2,5,False,False,0.9299706816673279,0.00523255905136466,0.003726331065990962,0.634471373166889,44,6,8,8,False,
driveact,val,vp14_run1_2018-05-30-10-11-09_5873_5918,data/DriveAct_data/clips/drinking/vp14_run1_2018-05-30-10-11-09_5873_5918.mp4,4,8,25,2,5,False,True,0.9521303176879883,0.005384968593716621,0.003726331065990962,0.6284535531885922,45,6,8,8,False,
driveact,val,vp14_run2_2018-05-30-10-42-33_20160_20205,data/DriveAct_data/clips/drinking/vp14_run2_2018-05-30-10-42-33_20160_20205.mp4,4,8,25,2,5,False,True,0.9080412983894348,0.005504797212779522,0.003726331065990962,0.6219845567829907,45,6,8,8,False,
driveact,val,vp14_run1_2018-05-30-10-11-09_12044_12052,data/DriveAct_data/clips/drinking/vp14_run1_2018-05-30-10-11-09_12044_12052.mp4,4,8,25,2,5,False,True,0.4827377498149872,0.003814482130110264,0.003726331065990962,0.6156253232620656,8,1,8,8,False,
driveact,val,vp15_run2_2018-05-30-13-34-33_5773_5786,data/DriveAct_data/clips/drinking/vp15_run2_2018-05-30-13-34-33_5773_5786.mp4,4,8,25,2,24,False,False,0.4221634566783905,0.0042974441312253475,0.003726331065990962,0.6111058187671006,13,2,8,8,False,
driveact,val,vp14_run2_2018-05-30-10-42-33_16240_16271,data/DriveAct_data/clips/drinking/vp14_run2_2018-05-30-10-42-33_16240_16271.mp4,4,8,25,2,5,False,True,0.9791135191917419,0.005190135911107063,0.003726331065990962,0.6060851183719933,31,4,8,8,False,
driveact,val,vp14_run2_2018-05-30-10-42-33_20251_20272,data/DriveAct_data/clips/drinking/vp14_run2_2018-05-30-10-42-33_20251_20272.mp4,4,8,25,2,5,False,True,0.8154090046882629,0.004521660972386599,0.003726331065990962,0.5999748557806015,20,3,8,8,False,
driveact,val,vp15_run1_2018-05-30-13-05-35_4508_4554,data/DriveAct_data/clips/drinking/vp15_run1_2018-05-30-13-05-35_4508_4554.mp4,4,8,25,2,5,False,False,0.6884892582893372,0.005753844045102596,0.003726331065990962,0.5946950959041715,47,6,8,8,False,
driveact,val,vp14_run1_2018-05-30-10-11-09_11998_12044,data/DriveAct_data/clips/drinking/vp14_run1_2018-05-30-10-11-09_11998_12044.mp4,4,8,25,2,5,False,True,0.7601298689842224,0.005450400989502668,0.003726331065990962,0.5879730451852083,46,6,8,8,False,
driveact,val,vp14_run2_2018-05-30-10-42-33_17604_17649,data/DriveAct_data/clips/eating/vp14_run2_2018-05-30-10-42-33_17604_17649.mp4,5,8,25,2,5,True,True,0.959909975528717,0.005485657136887312,0.003726331065990962,0.581438013818115,45,6,8,8,False,
driveact,val,vp15_run2_2018-05-30-13-34-33_5597_5627,data/DriveAct_data/clips/eating/vp15_run2_2018-05-30-13-34-33_5597_5627.mp4,5,8,25,2,23,False,True,0.7758201956748962,0.005005854181945324,0.003726331065990962,0.5750816990621388,30,4,8,8,False,
driveact,val,vp14_run1_2018-05-30-10-11-09_20057_20102,data/DriveAct_data/clips/eating/vp14_run1_2018-05-30-10-11-09_20057_20102.mp4,5,8,25,2,5,True,True,0.6882677674293518,0.00559381814673543,0.003726331065990962,0.5691928598098457,45,6,8,8,False,
driveact,val,vp14_run1_2018-05-30-10-11-09_17724_17771,data/DriveAct_data/clips/eating/vp14_run1_2018-05-30-10-11-09_17724_17771.mp4,5,8,25,2,25,False,True,0.9870753884315491,0.005812261253595352,0.003726331065990962,0.5625969208776951,47,6,8,8,False,
driveact,val,vp14_run1_2018-05-30-10-11-09_17453_17498,data/DriveAct_data/clips/eating/vp14_run1_2018-05-30-10-11-09_17453_17498.mp4,5,8,25,2,5,True,True,0.7175753116607666,0.005695195868611336,0.003726331065990962,0.5560082397423685,45,6,8,8,False,
driveact,val,vp14_run1_2018-05-30-10-11-09_20467_20513,data/DriveAct_data/clips/eating/vp14_run1_2018-05-30-10-11-09_20467_20513.mp4,5,8,25,2,25,False,True,0.8066479563713074,0.005488595925271511,0.003726331065990962,0.5495313918218017,46,6,8,8,False,
driveact,val,vp14_run2_2018-05-30-10-42-33_15688_15699,data/DriveAct_data/clips/eating/vp14_run2_2018-05-30-10-42-33_15688_15699.mp4,5,8,25,2,5,True,True,0.9717209935188293,0.0036598630249500275,0.003726331065990962,0.5432449956424534,10,1,8,8,False,
driveact,val,vp14_run1_2018-05-30-10-11-09_17863_17908,data/DriveAct_data/clips/eating/vp14_run1_2018-05-30-10-11-09_17863_17908.mp4,5,8,25,2,25,False,True,0.8589096665382385,0.0056427959352731705,0.003726331065990962,0.5389594431035221,44,6,8,8,False,
driveact,val,vp14_run1_2018-05-30-10-11-09_20513_20558,data/DriveAct_data/clips/eating/vp14_run1_2018-05-30-10-11-09_20513_20558.mp4,5,8,25,2,25,False,True,0.9619057774543762,0.006310155149549246,0.003726331065990962,0.5325284278951585,45,6,8,8,False,
driveact,val,vp14_run1_2018-05-30-10-11-09_18091_18136,data/DriveAct_data/clips/eating/vp14_run1_2018-05-30-10-11-09_18091_18136.mp4,5,8,25,2,25,False,True,0.5399419069290161,0.005762351676821709,0.003726331065990962,0.525411712937057,44,6,8,8,False,
driveact,val,vp14_run2_2018-05-30-10-42-33_17831_17876,data/DriveAct_data/clips/eating/vp14_run2_2018-05-30-10-42-33_17831_17876.mp4,5,8,25,2,5,True,True,0.9752622246742249,0.0055813561193645,0.003726331065990962,0.5187963908538222,45,6,8,8,False,
driveact,val,vp14_run2_2018-05-30-10-42-33_15551_15597,data/DriveAct_data/clips/eating/vp14_run2_2018-05-30-10-42-33_15551_15597.mp4,5,8,25,2,5,True,True,0.9661178588867188,0.005355045665055513,0.003726331065990962,0.5123902820050716,47,6,8,8,False,
driveact,val,vp14_run2_2018-05-30-10-42-33_18689_18734,data/DriveAct_data/clips/eating/vp14_run2_2018-05-30-10-42-33_18689_18734.mp4,5,8,25,2,5,True,True,0.5395551323890686,0.005348721984773874,0.003726331065990962,0.5060286140069366,45,6,8,8,False,
driveact,val,vp14_run2_2018-05-30-10-42-33_17649_17694,data/DriveAct_data/clips/eating/vp14_run2_2018-05-30-10-42-33_17649_17694.mp4,5,8,25,2,5,True,True,0.9765549302101135,0.005629959981888533,0.003726331065990962,0.4998246608301997,45,6,8,8,False,
driveact,val,vp14_run1_2018-05-30-10-11-09_19691_19738,data/DriveAct_data/clips/eating/vp14_run1_2018-05-30-10-11-09_19691_19738.mp4,5,8,25,2,5,True,True,0.9417793154716492,0.005574324168264866,0.003726331065990962,0.49342656088992953,47,6,8,8,False,
driveact,val,vp14_run2_2018-05-30-10-42-33_17694_17739,data/DriveAct_data/clips/eating/vp14_run2_2018-05-30-10-42-33_17694_17739.mp4,5,8,25,2,5,True,True,0.9835683703422546,0.005909893196076155,0.003726331065990962,0.48673055367544293,45,6,8,8,False,
driveact,val,vp14_run2_2018-05-30-10-42-33_17512_17558,data/DriveAct_data/clips/eating/vp14_run2_2018-05-30-10-42-33_17512_17558.mp4,5,8,25,2,5,True,True,0.9585447907447815,0.012162651866674423,0.0034356991527602077,0.67826370568946,46,6,8,8,False,
driveact,val,vp14_run1_2018-05-30-10-11-09_20240_20285,data/DriveAct_data/clips/eating/vp14_run1_2018-05-30-10-11-09_20240_20285.mp4,5,8,25,2,5,True,True,0.5970286726951599,0.0057291267439723015,0.0034356991527602077,0.6635180949233472,45,6,8,8,False,
driveact,val,vp14_run2_2018-05-30-10-42-33_15415_15461,data/DriveAct_data/clips/eating/vp14_run2_2018-05-30-10-42-33_15415_15461.mp4,5,8,25,2,5,True,True,0.9435781836509705,0.0054675377905368805,0.0034356991527602077,0.6569537119939923,46,6,8,8,False,
driveact,val,vp14_run1_2018-05-30-10-11-09_17771_17817,data/DriveAct_data/clips/eating/vp14_run1_2018-05-30-10-11-09_17771_17817.mp4,5,8,25,2,5,True,True,0.6987972855567932,0.005617272108793259,0.0034356991527602077,0.6506453086622059,47,6,8,8,False,
driveact,val,vp15_run2_2018-05-30-13-34-33_120_166,data/DriveAct_data/clips/entering_car/vp15_run2_2018-05-30-13-34-33_120_166.mp4,6,8,25,2,6,True,True,0.27780747413635254,0.005238745827227831,0.0034356991527602077,0.6442080759443343,47,6,8,8,False,
driveact,val,vp14_run2_2018-05-30-10-42-33_74_114,data/DriveAct_data/clips/entering_car/vp14_run2_2018-05-30-10-42-33_74_114.mp4,6,8,25,2,6,True,True,0.30299118161201477,0.005575763992965221,0.0034356991527602077,0.6380876870825887,41,5,8,8,False,
driveact,val,vp15_run1_2018-05-30-13-05-35_87_132,data/DriveAct_data/clips/entering_car/vp15_run1_2018-05-30-13-05-35_87_132.mp4,6,8,25,2,6,True,True,0.2304152399301529,0.005392911843955517,0.0034356991527602077,0.6317081423476338,45,6,8,8,False,
driveact,val,vp14_run1_2018-05-30-10-11-09_82_104,data/DriveAct_data/clips/entering_car/vp14_run1_2018-05-30-10-11-09_82_104.mp4,6,8,25,2,6,True,True,0.4011657238006592,0.004683692008256912,0.0034356991527602077,0.625232070684433,22,3,8,8,False,
driveact,val,vp15_run1_2018-05-30-13-05-35_132_144,data/DriveAct_data/clips/entering_car/vp15_run1_2018-05-30-13-05-35_132_144.mp4,6,8,25,2,1,False,True,0.19324910640716553,0.0039764149114489555,0.0034356991527602077,0.619747769087553,12,2,8,8,False,
driveact,val,vp15_run1_2018-05-30-13-05-35_18755_18801,data/DriveAct_data/clips/exiting_car/vp15_run1_2018-05-30-13-05-35_18755_18801.mp4,7,8,25,2,7,True,True,0.2585473656654358,0.005718653090298176,0.0034356991527602077,0.6149591761641204,47,6,8,8,False,
driveact,val,vp15_run2_2018-05-30-13-34-33_19680_19702,data/DriveAct_data/clips/exiting_car/vp15_run2_2018-05-30-13-34-33_19680_19702.mp4,7,8,25,2,7,True,True,0.38836967945098877,0.0049938056617975235,0.0034356991527602077,0.6083471952006221,23,3,8,8,False,
driveact,val,vp14_run2_2018-05-30-10-42-33_22295_22339,data/DriveAct_data/clips/exiting_car/vp14_run2_2018-05-30-10-42-33_22295_22339.mp4,7,8,25,2,25,False,True,0.2357860654592514,0.005629403050988913,0.0034356991527602077,0.6024748333729804,44,6,8,8,False,
driveact,val,vp14_run1_2018-05-30-10-11-09_24520_24557,data/DriveAct_data/clips/exiting_car/vp14_run1_2018-05-30-10-11-09_24520_24557.mp4,7,8,25,2,7,True,True,0.5553394556045532,0.0056034959852695465,0.0034356991527602077,0.5956022040918469,37,5,8,8,False,
driveact,val,vp15_run1_2018-05-30-13-05-35_18801_18818,data/DriveAct_data/clips/exiting_car/vp15_run1_2018-05-30-13-05-35_18801_18818.mp4,7,8,25,2,7,True,True,0.35583168268203735,0.0054296040907502174,0.0034356991527602077,0.5891409330070019,17,2,8,8,False,
driveact,val,vp15_run2_2018-05-30-13-34-33_19635_19680,data/DriveAct_data/clips/exiting_car/vp15_run2_2018-05-30-13-34-33_19635_19680.mp4,7,8,25,2,7,True,True,0.25737515091896057,0.007254661060869694,0.0034356991527602077,0.5826991703361273,45,6,8,8,False,
driveact,val,vp14_run1_2018-05-30-10-11-09_24474_24520,data/DriveAct_data/clips/exiting_car/vp14_run1_2018-05-30-10-11-09_24474_24520.mp4,7,8,25,2,25,False,True,0.8518590331077576,0.0069209979847073555,0.0034356991527602077,0.574138144031167,47,6,8,8,False,
driveact,val,vp14_run1_2018-05-30-10-11-09_12362_12407,data/DriveAct_data/clips/fastening_seat_belt/vp14_run1_2018-05-30-10-11-09_12362_12407.mp4,8,8,25,2,9,False,True,0.34896984696388245,0.005982586182653904,0.0034356991527602077,0.5662063830532134,45,6,8,8,False,
driveact,val,vp14_run1_2018-05-30-10-11-09_124_170,data/DriveAct_data/clips/fastening_seat_belt/vp14_run1_2018-05-30-10-11-09_124_170.mp4,8,8,25,2,8,True,True,0.6352364420890808,0.005877308081835508,0.0034356991527602077,0.5593500919640064,46,6,8,8,False,
driveact,val,vp14_run1_2018-05-30-10-11-09_13161_13207,data/DriveAct_data/clips/fastening_seat_belt/vp14_run1_2018-05-30-10-11-09_13161_13207.mp4,8,8,25,2,17,False,False,0.6657270193099976,0.005568241700530052,0.0034356991527602077,0.5526278861798346,47,6,8,8,False,
driveact,val,vp14_run2_2018-05-30-10-42-33_142_188,data/DriveAct_data/clips/fastening_seat_belt/vp14_run2_2018-05-30-10-42-33_142_188.mp4,8,8,25,2,25,False,True,0.9768373966217041,0.005332689266651869,0.0034356991527602077,0.5462666470557451,46,6,8,8,False,
driveact,val,vp14_run1_2018-05-30-10-11-09_12407_12452,data/DriveAct_data/clips/fastening_seat_belt/vp14_run1_2018-05-30-10-11-09_12407_12452.mp4,8,8,25,2,9,False,False,0.3179798126220703,0.0053244829177856445,0.0034356991527602077,0.540031704120338,45,6,8,8,False,
driveact,val,vp14_run1_2018-05-30-10-11-09_170_215,data/DriveAct_data/clips/fastening_seat_belt/vp14_run1_2018-05-30-10-11-09_170_215.mp4,8,8,25,2,8,True,True,0.6410092115402222,0.005341041833162308,0.0034356991527602077,0.5339098833501339,45,6,8,8,False,
driveact,val,vp14_run2_2018-05-30-10-42-33_188_234,data/DriveAct_data/clips/fastening_seat_belt/vp14_run2_2018-05-30-10-42-33_188_234.mp4,8,8,25,2,8,True,True,0.786471962928772,0.005141336936503649,0.0034356991527602077,0.5277928998693824,47,6,8,8,False,
driveact,val,vp15_run1_2018-05-30-13-05-35_256_301,data/DriveAct_data/clips/fastening_seat_belt/vp15_run1_2018-05-30-13-05-35_256_301.mp4,8,8,25,2,5,False,True,0.35599470138549805,0.00517868809401989,0.0034356991527602077,0.5218876069411635,44,6,8,8,False,
driveact,val,vp14_run1_2018-05-30-10-11-09_215_248,data/DriveAct_data/clips/fastening_seat_belt/vp14_run1_2018-05-30-10-11-09_215_248.mp4,8,8,25,2,5,False,True,0.700234591960907,0.0046313609927892685,0.0034356991527602077,0.5159230078570545,33,4,8,8,False,
driveact,val,vp15_run1_2018-05-30-13-05-35_301_346,data/DriveAct_data/clips/fastening_seat_belt/vp15_run1_2018-05-30-13-05-35_301_346.mp4,8,8,25,2,8,True,True,0.9314954876899719,0.00507539976388216,0.0034356991527602077,0.5104492637328804,44,6,8,8,False,
driveact,val,vp15_run1_2018-05-30-13-05-35_346_354,data/DriveAct_data/clips/fastening_seat_belt/vp15_run1_2018-05-30-13-05-35_346_354.mp4,8,8,25,2,25,False,True,0.3996756970882416,0.0035533560439944267,0.0034356991527602077,0.5044846599921584,7,1,8,8,False,
driveact,val,vp15_run2_2018-05-30-13-34-33_242_288,data/DriveAct_data/clips/fastening_seat_belt/vp15_run2_2018-05-30-13-34-33_242_288.mp4,8,8,25,2,8,True,True,0.9479492902755737,0.004990228917449713,0.0034356991527602077,0.5003232141025364,47,6,8,8,False,
driveact,val,vp15_run2_2018-05-30-13-34-33_197_242,data/DriveAct_data/clips/fastening_seat_belt/vp15_run2_2018-05-30-13-34-33_197_242.mp4,8,8,25,2,8,True,True,0.9425226449966431,0.005064269062131643,0.0034356991527602077,0.49431257601827383,45,6,8,8,False,
driveact,val,vp15_run1_2018-05-30-13-05-35_15668_15713,data/DriveAct_data/clips/fetching_an_object/vp15_run1_2018-05-30-13-05-35_15668_15713.mp4,9,8,25,2,31,False,False,0.447948694229126,0.0052122389897704124,0.0034356991527602077,0.4884715126827359,45,6,8,8,False,
driveact,val,vp14_run2_2018-05-30-10-42-33_15699_15745,data/DriveAct_data/clips/fetching_an_object/vp14_run2_2018-05-30-10-42-33_15699_15745.mp4,9,8,25,2,17,False,True,0.6801308989524841,0.005111040081828833,0.0034356991527602077,0.4823227170854807,47,6,8,8,False,
driveact,val,vp14_run1_2018-05-30-10-11-09_11904_11942,data/DriveAct_data/clips/fetching_an_object/vp14_run1_2018-05-30-10-11-09_11904_11942.mp4,9,8,25,2,9,True,True,0.5981694459915161,0.005146922077983618,0.0034356991527602077,0.4764257031492889,38,5,8,8,False,
driveact,val,vp14_run1_2018-05-30-10-11-09_22306_22351,data/DriveAct_data/clips/fetching_an_object/vp14_run1_2018-05-30-10-11-09_22306_22351.mp4,9,8,25,2,32,False,True,0.46393102407455444,0.011366322170943022,0.003548637600033544,0.6965697789564729,44,6,8,8,False,
driveact,val,vp14_run1_2018-05-30-10-11-09_10272_10292,data/DriveAct_data/clips/fetching_an_object/vp14_run1_2018-05-30-10-11-09_10272_10292.mp4,9,8,25,2,25,False,True,0.5518176555633545,0.005377326160669327,0.003548637600033544,0.6821239208802581,20,3,8,8,False,
driveact,val,vp14_run1_2018-05-30-10-11-09_21666_21711,data/DriveAct_data/clips/fetching_an_object/vp14_run1_2018-05-30-10-11-09_21666_21711.mp4,9,8,25,2,17,False,True,0.5851691961288452,0.005799726117402315,0.003548637600033544,0.6760079702362418,45,6,8,8,False,
driveact,val,vp15_run2_2018-05-30-13-34-33_6781_6800,data/DriveAct_data/clips/fetching_an_object/vp15_run2_2018-05-30-13-34-33_6781_6800.mp4,9,8,25,2,9,True,True,0.393650621175766,0.00470714969560504,0.003548637600033544,0.6693159197457135,19,3,8,8,False,
driveact,val,vp15_run1_2018-05-30-13-05-35_6374_6385,data/DriveAct_data/clips/fetching_an_object/vp15_run1_2018-05-30-13-05-35_6374_6385.mp4,9,8,25,2,17,False,True,0.44256672263145447,0.0043684919364750385,0.003548637600033544,0.6638236590661108,11,2,8,8,False,
driveact,val,vp15_run1_2018-05-30-13-05-35_4575_4609,data/DriveAct_data/clips/fetching_an_object/vp15_run1_2018-05-30-13-05-35_4575_4609.mp4,9,8,25,2,13,False,False,0.2398144006729126,0.005224649794399738,0.003548637600033544,0.6586863151751459,35,5,8,8,False,
driveact,val,vp15_run1_2018-05-30-13-05-35_7194_7239,data/DriveAct_data/clips/fetching_an_object/vp15_run1_2018-05-30-13-05-35_7194_7239.mp4,9,8,25,2,25,False,True,0.9203419089317322,0.005585134029388428,0.003548637600033544,0.6526541062630713,45,6,8,8,False,
driveact,val,vp14_run2_2018-05-30-10-42-33_12363_12379,data/DriveAct_data/clips/fetching_an_object/vp14_run2_2018-05-30-10-42-33_12363_12379.mp4,9,8,25,2,32,False,False,0.6958606839179993,0.004539658781141043,0.003548637600033544,0.6461725058034062,17,2,8,8,False,
driveact,val,vp14_run2_2018-05-30-10-42-33_12226_12270,data/DriveAct_data/clips/fetching_an_object/vp14_run2_2018-05-30-10-42-33_12226_12270.mp4,9,8,25,2,17,False,True,0.44005075097084045,0.005783040076494217,0.003548637600033544,0.640601203776896,43,6,8,8,False,
driveact,val,vp14_run2_2018-05-30-10-42-33_8133_8178,data/DriveAct_data/clips/fetching_an_object/vp14_run2_2018-05-30-10-42-33_8133_8178.mp4,9,8,25,2,25,False,True,0.2831536829471588,0.005564249120652676,0.003548637600033544,0.6339171407744288,45,6,8,8,False,
driveact,val,vp14_run1_2018-05-30-10-11-09_21527_21573,data/DriveAct_data/clips/fetching_an_object/vp14_run1_2018-05-30-10-11-09_21527_21573.mp4,9,8,25,2,19,False,True,0.20690855383872986,0.010499956086277962,0.003548637600033544,0.6275127888657153,47,6,8,8,False,
driveact,val,vp14_run2_2018-05-30-10-42-33_21057_21103,data/DriveAct_data/clips/fetching_an_object/vp14_run2_2018-05-30-10-42-33_21057_21103.mp4,9,8,25,2,25,False,True,0.36656710505485535,0.006308367010205984,0.003548637600033544,0.6158968610689044,47,6,8,8,False,
driveact,val,vp14_run2_2018-05-30-10-42-33_20000_20030,data/DriveAct_data/clips/fetching_an_object/vp14_run2_2018-05-30-10-42-33_20000_20030.mp4,9,8,25,2,17,False,True,0.3554897606372833,0.00499301590025425,0.003548637600033544,0.6088149789720774,30,4,8,8,False,
driveact,val,vp14_run1_2018-05-30-10-11-09_6973_7018,data/DriveAct_data/clips/fetching_an_object/vp14_run1_2018-05-30-10-11-09_6973_7018.mp4,9,8,25,2,9,True,True,0.3683207929134369,0.00543395197018981,0.003548637600033544,0.6029856367968023,44,6,8,8,False,
driveact,val,vp15_run2_2018-05-30-13-34-33_7002_7047,data/DriveAct_data/clips/fetching_an_object/vp15_run2_2018-05-30-13-34-33_7002_7047.mp4,9,8,25,2,17,False,True,0.8105536103248596,0.005358856171369553,0.003548637600033544,0.5967724649235606,45,6,8,8,False,
driveact,val,vp14_run1_2018-05-30-10-11-09_5633_5678,data/DriveAct_data/clips/fetching_an_object/vp14_run1_2018-05-30-10-11-09_5633_5678.mp4,9,8,25,2,9,True,True,0.42111101746559143,0.005552095826715231,0.003548637600033544,0.5906399157829583,45,6,8,8,False,
driveact,val,vp14_run1_2018-05-30-10-11-09_7107_7131,data/DriveAct_data/clips/fetching_an_object/vp14_run1_2018-05-30-10-11-09_7107_7131.mp4,9,8,25,2,24,False,True,0.8245985507965088,0.004736348986625671,0.003548637600033544,0.5841768747195601,24,3,8,8,False,
driveact,val,vp14_run1_2018-05-30-10-11-09_22953_23000,data/DriveAct_data/clips/interacting_with_phone/vp14_run1_2018-05-30-10-11-09_22953_23000.mp4,10,8,25,2,10,True,True,0.9649892449378967,0.005528183188289404,0.003548637600033544,0.57868572184816,47,6,8,8,False,
driveact,val,vp14_run2_2018-05-30-10-42-33_21239_21283,data/DriveAct_data/clips/interacting_with_phone/vp14_run2_2018-05-30-10-42-33_21239_21283.mp4,10,8,25,2,10,True,True,0.9362744688987732,0.005600580945611,0.003548637600033544,0.5723042860627174,44,6,8,8,False,
driveact,val,vp14_run1_2018-05-30-10-11-09_22545_22590,data/DriveAct_data/clips/interacting_with_phone/vp14_run1_2018-05-30-10-11-09_22545_22590.mp4,10,8,25,2,10,True,True,0.978245735168457,0.005401743110269308,0.003548637600033544,0.5659376927651465,45,6,8,8,False,
driveact,val,vp15_run1_2018-05-30-13-05-35_6752_6768,data/DriveAct_data/clips/interacting_with_phone/vp15_run1_2018-05-30-13-05-35_6752_6768.mp4,10,8,25,2,32,False,True,0.773722767829895,0.004357087891548872,0.003548637600033544,0.5597045230679214,17,2,8,8,False,
driveact,val,vp14_run2_2018-05-30-10-42-33_21374_21420,data/DriveAct_data/clips/interacting_with_phone/vp14_run2_2018-05-30-10-42-33_21374_21420.mp4,10,8,25,2,10,True,True,0.9680176973342896,0.005512539763003588,0.003548637600033544,0.5546125951223075,47,6,8,8,False,
driveact,val,vp14_run2_2018-05-30-10-42-33_13102_13147,data/DriveAct_data/clips/interacting_with_phone/vp14_run2_2018-05-30-10-42-33_13102_13147.mp4,10,8,25,2,10,True,True,0.9473409056663513,0.005489299073815346,0.003548637600033544,0.5482699638232589,44,6,8,8,False,
driveact,val,vp14_run2_2018-05-30-10-42-33_21148_21193,data/DriveAct_data/clips/interacting_with_phone/vp14_run2_2018-05-30-10-42-33_21148_21193.mp4,10,8,25,2,10,True,True,0.9046805500984192,0.005604765843600035,0.003548637600033544,0.5419103116728365,44,6,8,8,False,
driveact,val,vp14_run1_2018-05-30-10-11-09_12714_12743,data/DriveAct_data/clips/interacting_with_phone/vp14_run1_2018-05-30-10-11-09_12714_12743.mp4,10,8,25,2,17,False,False,0.5830598473548889,0.005032608285546303,0.003548637600033544,0.5353099117055535,29,4,8,8,False,
driveact,val,vp14_run2_2018-05-30-10-42-33_8273_8318,data/DriveAct_data/clips/interacting_with_phone/vp14_run2_2018-05-30-10-42-33_8273_8318.mp4,10,8,25,2,10,True,True,0.9773656129837036,0.0060921949334442616,0.003548637600033544,0.5294497953727841,45,6,8,8,False,
driveact,val,vp15_run2_2018-05-30-13-34-33_7067_7112,data/DriveAct_data/clips/interacting_with_phone/vp15_run2_2018-05-30-13-34-33_7067_7112.mp4,10,8,25,2,10,True,True,0.6396239399909973,0.010212237946689129,0.003548637600033544,0.5226017790846527,45,6,8,8,False,
driveact,val,vp15_run2_2018-05-30-13-34-33_7350_7395,data/DriveAct_data/clips/interacting_with_phone/vp15_run2_2018-05-30-13-34-33_7350_7395.mp4,10,8,25,2,10,True,True,0.7264376282691956,0.005445295944809914,0.003548637600033544,0.5109180510044098,45,6,8,8,False,
driveact,val,vp14_run2_2018-05-30-10-42-33_13193_13238,data/DriveAct_data/clips/interacting_with_phone/vp14_run2_2018-05-30-10-42-33_13193_13238.mp4,10,8,25,2,10,True,True,0.9825170636177063,0.005982414819300175,0.003548637600033544,0.504651356022805,45,6,8,8,False,
driveact,val,vp14_run2_2018-05-30-10-42-33_13374_13420,data/DriveAct_data/clips/interacting_with_phone/vp14_run2_2018-05-30-10-42-33_13374_13420.mp4,10,8,25,2,10,True,True,0.9677426218986511,0.010412796400487423,0.003548637600033544,0.4978642030619085,47,6,8,8,False,
driveact,val,vp14_run1_2018-05-30-10-11-09_22818_22862,data/DriveAct_data/clips/interacting_with_phone/vp14_run1_2018-05-30-10-11-09_22818_22862.mp4,10,8,25,2,10,True,True,0.9586432576179504,0.006040224805474281,0.003548637600033544,0.4863992100581527,44,6,8,8,False,
driveact,val,vp14_run2_2018-05-30-10-42-33_13465_13510,data/DriveAct_data/clips/interacting_with_phone/vp14_run2_2018-05-30-10-42-33_13465_13510.mp4,10,8,25,2,10,True,True,0.9811235070228577,0.005789679009467363,0.003548637600033544,0.47949989000335336,44,6,8,8,False,
driveact,val,vp14_run1_2018-05-30-10-11-09_3681_3727,data/DriveAct_data/clips/interacting_with_phone/vp14_run1_2018-05-30-10-11-09_3681_3727.mp4,10,8,25,2,25,False,False,0.8018156290054321,0.01229157904163003,0.004062277381308377,0.7039419561624527,47,6,8,8,False,
driveact,val,vp15_run2_2018-05-30-13-34-33_7442_7487,data/DriveAct_data/clips/interacting_with_phone/vp15_run2_2018-05-30-13-34-33_7442_7487.mp4,10,8,25,2,10,True,True,0.48853054642677307,0.006405194755643606,0.004062277381308377,0.6871951059438288,45,6,8,8,False,
driveact,val,vp15_run1_2018-05-30-13-05-35_6549_6595,data/DriveAct_data/clips/interacting_with_phone/vp15_run1_2018-05-30-13-05-35_6549_6595.mp4,10,8,25,2,5,False,True,0.4369567334651947,0.005881572142243385,0.004062277381308377,0.6799141196534038,47,6,8,8,False,
driveact,val,vp14_run1_2018-05-30-10-11-09_13394_13432,data/DriveAct_data/clips/interacting_with_phone/vp14_run1_2018-05-30-10-11-09_13394_13432.mp4,10,8,25,2,17,False,True,0.4322565197944641,0.00678337411954999,0.004062277381308377,0.6729081659577787,38,5,8,8,False,
driveact,val,vp15_run1_2018-05-30-13-05-35_6615_6662,data/DriveAct_data/clips/interacting_with_phone/vp15_run1_2018-05-30-13-05-35_6615_6662.mp4,10,8,25,2,32,False,True,0.5065724849700928,0.005612106062471867,0.004062277381308377,0.6653117300011218,47,6,8,8,False,
driveact,val,vp15_run2_2018-05-30-13-34-33_7945_7958,data/DriveAct_data/clips/looking_or_moving_around (e.g. searching)/vp15_run2_2018-05-30-13-34-33_7945_7958.mp4,11,8,25,2,25,False,False,0.9951379895210266,0.0045856451615691185,0.004062277381308377,0.65884979814291,13,2,8,8,False,
driveact,val,vp15_run1_2018-05-30-13-05-35_6175_6220,data/DriveAct_data/clips/looking_or_moving_around (e.g. searching)/vp15_run1_2018-05-30-13-05-35_6175_6220.mp4,11,8,25,2,32,False,False,0.4330827295780182,0.008310335222631693,0.004062277381308377,0.653481693007052,44,6,8,8,False,
driveact,val,vp15_run1_2018-05-30-13-05-35_6220_6262,data/DriveAct_data/clips/looking_or_moving_around (e.g. searching)/vp15_run1_2018-05-30-13-05-35_6220_6262.mp4,11,8,25,2,32,False,False,0.9086889028549194,0.0052261571399867535,0.004062277381308377,0.6443225219845772,41,5,8,8,False,
driveact,val,vp14_run2_2018-05-30-10-42-33_8491_8533,data/DriveAct_data/clips/looking_or_moving_around (e.g. searching)/vp14_run2_2018-05-30-10-42-33_8491_8533.mp4,11,8,25,2,17,False,False,0.2525101900100708,0.005294187925755978,0.004062277381308377,0.6382825910113752,41,5,8,8,False,
driveact,val,vp14_run2_2018-05-30-10-42-33_12164_12210,data/DriveAct_data/clips/looking_or_moving_around (e.g. searching)/vp14_run2_2018-05-30-10-42-33_12164_12210.mp4,11,8,25,2,25,False,False,0.9832872152328491,0.005498246289789677,0.004062277381308377,0.6320745600387454,47,6,8,8,False,
driveact,val,vp14_run2_2018-05-30-10-42-33_12210_12226,data/DriveAct_data/clips/looking_or_moving_around (e.g. searching)/vp14_run2_2018-05-30-10-42-33_12210_12226.mp4,11,8,25,2,25,False,False,0.9936637878417969,0.004507238045334816,0.004062277381308377,0.6256041349843144,17,2,8,8,False,
driveact,val,vp15_run2_2018-05-30-13-34-33_7900_7945,data/DriveAct_data/clips/looking_or_moving_around (e.g. searching)/vp15_run2_2018-05-30-13-34-33_7900_7945.mp4,11,8,25,2,25,False,False,0.9972840547561646,0.005343014840036631,0.004062277381308377,0.6203565481118858,44,6,8,8,False,
driveact,val,vp15_run2_2018-05-30-13-34-33_13529_13546,data/DriveAct_data/clips/looking_or_moving_around (e.g. searching)/vp15_run2_2018-05-30-13-34-33_13529_13546.mp4,11,8,25,2,29,False,False,0.947377622127533,0.006236740853637457,0.004062277381308377,0.6141932141035795,17,2,8,8,False,
driveact,val,vp14_run2_2018-05-30-10-42-33_8445_8491,data/DriveAct_data/clips/looking_or_moving_around (e.g. searching)/vp14_run2_2018-05-30-10-42-33_8445_8491.mp4,11,8,25,2,16,False,False,0.254768043756485,0.005549211986362934,0.004062277381308377,0.6072391914203763,47,6,8,8,False,
driveact,val,vp15_run2_2018-05-30-13-34-33_10121_10158,data/DriveAct_data/clips/looking_or_moving_around (e.g. searching)/vp15_run2_2018-05-30-13-34-33_10121_10158.mp4,11,8,25,2,25,False,False,0.8219082951545715,0.005091425962746143,0.004062277381308377,0.6009256178513169,38,5,8,8,False,
driveact,val,vp15_run2_2018-05-30-13-34-33_6702_6735,data/DriveAct_data/clips/looking_or_moving_around (e.g. searching)/vp15_run2_2018-05-30-13-34-33_6702_6735.mp4,11,8,25,2,25,False,False,0.9276511073112488,0.0053503261879086494,0.004062277381308377,0.5949844690039754,33,4,8,8,False,
driveact,val,vp15_run2_2018-05-30-13-34-33_5715_5728,data/DriveAct_data/clips/opening_bottle/vp15_run2_2018-05-30-13-34-33_5715_5728.mp4,13,8,25,2,5,False,True,0.45732787251472473,0.004473582841455936,0.004062277381308377,0.5888626957312226,14,2,8,8,False,
driveact,val,vp14_run1_2018-05-30-10-11-09_11942_11987,data/DriveAct_data/clips/opening_bottle/vp14_run1_2018-05-30-10-11-09_11942_11987.mp4,13,8,25,2,4,False,True,0.40162235498428345,0.005476752761751413,0.004062277381308377,0.5836535692214966,45,6,8,8,False,
driveact,val,vp14_run2_2018-05-30-10-42-33_20055_20100,data/DriveAct_data/clips/opening_bottle/vp14_run2_2018-05-30-10-42-33_20055_20100.mp4,13,8,25,2,5,False,True,0.9323928356170654,0.005633144173771143,0.004062277381308377,0.5773667427711189,45,6,8,8,False,
driveact,val,vp15_run1_2018-05-30-13-05-35_10155_10200,data/DriveAct_data/clips/opening_bottle/vp15_run1_2018-05-30-13-05-35_10155_10200.mp4,13,8,25,2,0,False,True,0.46143409609794617,0.0057187797501683235,0.004062277381308377,0.5706887417472899,45,6,8,8,False,
driveact,val,vp14_run2_2018-05-30-10-42-33_20100_20115,data/DriveAct_data/clips/opening_bottle/vp14_run2_2018-05-30-10-42-33_20100_20115.mp4,13,8,25,2,5,False,True,0.41746410727500916,0.0044428459368646145,0.004062277381308377,0.5641396883875132,15,2,8,8,False,
driveact,val,vp14_run2_2018-05-30-10-42-33_16169_16194,data/DriveAct_data/clips/opening_bottle/vp14_run2_2018-05-30-10-42-33_16169_16194.mp4,13,8,25,2,5,False,True,0.455532044172287,0.007118965964764357,0.004062277381308377,0.5589443291537464,26,3,8,8,False,
driveact,val,vp15_run2_2018-05-30-13-34-33_5669_5715,data/DriveAct_data/clips/opening_bottle/vp15_run2_2018-05-30-13-34-33_5669_5715.mp4,13,8,25,2,5,False,False,0.42289939522743225,0.00536377215757966,0.004062277381308377,0.5510543240234256,47,6,8,8,False,
driveact,val,vp15_run2_2018-05-30-13-34-33_6415_6443,data/DriveAct_data/clips/opening_bottle/vp15_run2_2018-05-30-13-34-33_6415_6443.mp4,13,8,25,2,13,True,True,0.5857697129249573,0.005060228984802961,0.004062277381308377,0.5448593683540821,28,4,8,8,False,
driveact,val,vp14_run1_2018-05-30-10-11-09_5855_5873,data/DriveAct_data/clips/opening_bottle/vp14_run1_2018-05-30-10-11-09_5855_5873.mp4,13,8,25,2,5,False,True,0.7495185136795044,0.004448656924068928,0.004062277381308377,0.5390067840926349,18,2,8,8,False,
driveact,val,vp14_run2_2018-05-30-10-42-33_3685_3731,data/DriveAct_data/clips/opening_bottle/vp14_run2_2018-05-30-10-42-33_3685_3731.mp4,13,8,25,2,5,False,True,0.8626616597175598,0.0056914170272648335,0.004062277381308377,0.5337386326864362,46,6,8,8,False,
driveact,val,vp15_run1_2018-05-30-13-05-35_4451_4497,data/DriveAct_data/clips/opening_bottle/vp15_run1_2018-05-30-13-05-35_4451_4497.mp4,13,8,25,2,5,False,True,0.7866156697273254,0.005426737014204264,0.004062277381308377,0.5270686368457973,47,6,8,8,False,
driveact,val,vp14_run1_2018-05-30-10-11-09_11987_11998,data/DriveAct_data/clips/opening_bottle/vp14_run1_2018-05-30-10-11-09_11987_11998.mp4,13,8,25,2,5,False,True,0.7116172313690186,0.004252145066857338,0.004062277381308377,0.5207738294266164,11,2,8,8,False,
driveact,val,vp14_run2_2018-05-30-10-42-33_3731_3770,data/DriveAct_data/clips/opening_bottle/vp14_run2_2018-05-30-10-42-33_3731_3770.mp4,13,8,25,2,5,False,True,0.9545071721076965,0.005283312872052193,0.004062277381308377,0.5157887917011976,39,5,8,8,False,
driveact,val,vp14_run1_2018-05-30-10-11-09_5763_5809,data/DriveAct_data/clips/opening_bottle/vp14_run1_2018-05-30-10-11-09_5763_5809.mp4,13,8,25,2,5,False,True,0.8454073667526245,0.005518273916095495,0.004062277381308377,0.5096516641788185,47,6,8,8,False,
driveact,val,vp14_run2_2018-05-30-10-42-33_16124_16169,data/DriveAct_data/clips/opening_bottle/vp14_run2_2018-05-30-10-42-33_16124_16169.mp4,13,8,25,2,5,False,True,0.5916528701782227,0.005212841089814901,0.004062277381308377,0.5032884706743062,45,6,8,8,False,
driveact,val,vp14_run1_2018-05-30-10-11-09_5809_5855,data/DriveAct_data/clips/opening_bottle/vp14_run1_2018-05-30-10-11-09_5809_5855.mp4,13,8,25,2,5,False,True,0.844767153263092,0.00541546568274498,0.004062277381308377,0.4972254107706249,46,6,8,8,False,
driveact,val,vp15_run1_2018-05-30-13-05-35_4497_4508,data/DriveAct_data/clips/opening_bottle/vp15_run1_2018-05-30-13-05-35_4497_4508.mp4,13,8,25,2,5,False,True,0.28158754110336304,0.0075926026329398155,0.0034853757824748755,0.6701578730717301,11,2,8,8,False,
driveact,val,vp15_run1_2018-05-30-13-05-35_10200_10223,data/DriveAct_data/clips/opening_bottle/vp15_run1_2018-05-30-13-05-35_10200_10223.mp4,13,8,25,2,13,True,True,0.25821685791015625,0.0048969099298119545,0.0034853757824748755,0.659922081977129,23,3,8,8,False,
driveact,val,vp14_run2_2018-05-30-10-42-33_22235_22280,data/DriveAct_data/clips/opening_door_inside/vp14_run2_2018-05-30-10-42-33_22235_22280.mp4,14,8,25,2,17,False,True,0.3492090106010437,0.00568968104198575,0.0034853757824748755,0.6542188199236989,45,6,8,8,False,
driveact,val,vp15_run2_2018-05-30-13-34-33_19604_19635,data/DriveAct_data/clips/opening_door_inside/vp15_run2_2018-05-30-13-34-33_19604_19635.mp4,14,8,25,2,14,True,True,0.3747788071632385,0.004768605809658766,0.0034853757824748755,0.6476075761020184,32,4,8,8,False,
driveact,val,vp14_run1_2018-05-30-10-11-09_24456_24474,data/DriveAct_data/clips/opening_door_inside/vp14_run1_2018-05-30-10-11-09_24456_24474.mp4,14,8,25,2,25,False,False,0.3664736747741699,0.004308270290493965,0.0034853757824748755,0.6419331086799502,18,2,8,8,False,
driveact,val,vp14_run1_2018-05-30-10-11-09_24410_24456,data/DriveAct_data/clips/opening_door_inside/vp14_run1_2018-05-30-10-11-09_24410_24456.mp4,14,8,25,2,25,False,True,0.7886403203010559,0.0056488970294594765,0.0034853757824748755,0.6368127223104239,47,6,8,8,False,
driveact,val,vp15_run1_2018-05-30-13-05-35_18724_18755,data/DriveAct_data/clips/opening_door_inside/vp15_run1_2018-05-30-13-05-35_18724_18755.mp4,14,8,25,2,19,False,True,0.2359163761138916,0.005027940031141043,0.0034853757824748755,0.6302009159699082,31,4,8,8,False,
driveact,val,vp14_run2_2018-05-30-10-42-33_22280_22295,data/DriveAct_data/clips/opening_door_inside/vp14_run2_2018-05-30-10-42-33_22280_22295.mp4,14,8,25,2,7,False,True,0.15415365993976593,0.004069748800247908,0.0034853757824748755,0.6243216246366501,15,2,8,8,False,
driveact,val,vp14_run1_2018-05-30-10-11-09_61_82,data/DriveAct_data/clips/opening_door_outside/vp14_run1_2018-05-30-10-11-09_61_82.mp4,15,8,25,2,15,True,True,0.69827800989151,0.0045728497207164764,0.0034853757824748755,0.6195175522007048,20,3,8,8,False,
driveact,val,vp15_run1_2018-05-30-13-05-35_61_87,data/DriveAct_data/clips/opening_door_outside/vp15_run1_2018-05-30-13-05-35_61_87.mp4,15,8,25,2,15,True,True,0.616552472114563,0.004446645267307758,0.0034853757824748755,0.6142247607931495,25,3,8,8,False,
driveact,val,vp14_run2_2018-05-30-10-42-33_44_74,data/DriveAct_data/clips/opening_door_outside/vp14_run2_2018-05-30-10-42-33_44_74.mp4,15,8,25,2,15,True,True,0.6121011972427368,0.004868876654654741,0.0034853757824748755,0.6089458288624883,30,4,8,8,False,
driveact,val,vp15_run2_2018-05-30-13-34-33_99_120,data/DriveAct_data/clips/opening_door_outside/vp15_run2_2018-05-30-13-34-33_99_120.mp4,15,8,25,2,15,True,True,0.7274633049964905,0.004372862167656422,0.0034853757824748755,0.6032284670509398,21,3,8,8,False,
driveact,val,vp15_run1_2018-05-30-13-05-35_6599_6615,data/DriveAct_data/clips/opening_laptop/vp15_run1_2018-05-30-13-05-35_6599_6615.mp4,16,8,25,2,33,False,False,0.670566737651825,0.0044645750895142555,0.0034853757824748755,0.5980645609088242,17,2,8,8,False,
driveact,val,vp14_run1_2018-05-30-10-11-09_21830_21875,data/DriveAct_data/clips/opening_laptop/vp14_run1_2018-05-30-10-11-09_21830_21875.mp4,16,8,25,2,19,False,True,0.2826123535633087,0.005264469888061285,0.0034853757824748755,0.5927827060222626,45,6,8,8,False,
driveact,val,vp15_run2_2018-05-30-13-34-33_6800_6847,data/DriveAct_data/clips/opening_laptop/vp15_run2_2018-05-30-13-34-33_6800_6847.mp4,16,8,25,2,17,False,False,0.2328774482011795,0.005433447193354368,0.0034853757824748755,0.5866503398865461,47,6,8,8,False,
driveact,val,vp15_run1_2018-05-30-13-05-35_5948_5960,data/DriveAct_data/clips/opening_laptop/vp15_run1_2018-05-30-13-05-35_5948_5960.mp4,16,8,25,2,32,False,True,0.7626206874847412,0.004103146027773619,0.0034853757824748755,0.5803881851024926,12,2,8,8,False,
driveact,val,vp14_run2_2018-05-30-10-42-33_12428_12468,data/DriveAct_data/clips/opening_laptop/vp14_run2_2018-05-30-10-42-33_12428_12468.mp4,16,8,25,2,32,False,True,0.37845274806022644,0.005113975610584021,0.0034853757824748755,0.5755412383005023,41,5,8,8,False,
driveact,val,vp14_run1_2018-05-30-10-11-09_21784_21830,data/DriveAct_data/clips/opening_laptop/vp14_run1_2018-05-30-10-11-09_21784_21830.mp4,16,8,25,2,11,False,False,0.21625719964504242,0.005252561066299677,0.0034853757824748755,0.5693513699807227,46,6,8,8,False,
driveact,val,vp15_run2_2018-05-30-13-34-33_6847_6885,data/DriveAct_data/clips/opening_laptop/vp15_run2_2018-05-30-13-34-33_6847_6885.mp4,16,8,25,2,4,False,False,0.3272537291049957,0.005272489041090012,0.0034853757824748755,0.5633206409402192,37,5,8,8,False,
driveact,val,vp14_run1_2018-05-30-10-11-09_21875_21919,data/DriveAct_data/clips/opening_laptop/vp14_run1_2018-05-30-10-11-09_21875_21919.mp4,16,8,25,2,25,False,False,0.9891313314437866,0.0054848091676831245,0.0034853757824748755,0.5572069510817528,44,6,8,8,False,
driveact,val,vp14_run1_2018-05-30-10-11-09_21740_21784,data/DriveAct_data/clips/opening_laptop/vp14_run1_2018-05-30-10-11-09_21740_21784.mp4,16,8,25,2,25,False,False,0.9754074215888977,0.005330944899469614,0.0034853757824748755,0.550838871859014,44,6,8,8,False,
driveact,val,vp15_run1_2018-05-30-13-05-35_5874_5909,data/DriveAct_data/clips/opening_laptop/vp15_run1_2018-05-30-13-05-35_5874_5909.mp4,16,8,25,2,16,True,True,0.3458002209663391,0.0051606870256364346,0.0034853757824748755,0.5447042440064251,35,5,8,8,False,
driveact,val,vp15_run1_2018-05-30-13-05-35_5828_5874,data/DriveAct_data/clips/opening_laptop/vp15_run1_2018-05-30-13-05-35_5828_5874.mp4,16,8,25,2,25,False,False,0.9454826712608337,0.005288287997245789,0.0034853757824748755,0.538550453260541,47,6,8,8,False,
driveact,val,vp14_run2_2018-05-30-10-42-33_13778_13820,data/DriveAct_data/clips/placing_an_object/vp14_run2_2018-05-30-10-42-33_13778_13820.mp4,17,8,25,2,9,False,True,0.8198707699775696,0.005317736882716417,0.0034853757824748755,0.5324827688746154,42,5,8,8,False,
driveact,val,vp15_run2_2018-05-30-13-34-33_9246_9292,data/DriveAct_data/clips/placing_an_object/vp15_run2_2018-05-30-13-34-33_9246_9292.mp4,17,8,25,2,24,False,True,0.6515929102897644,0.010499677155166864,0.0034853757824748755,0.5261913761496544,47,6,8,8,False,
driveact,val,vp15_run2_2018-05-30-13-34-33_7747_7769,data/DriveAct_data/clips/placing_an_object/vp15_run2_2018-05-30-13-34-33_7747_7769.mp4,17,8,25,2,9,False,True,0.5254582166671753,0.00504135200753808,0.0034853757824748755,0.514288832899183,22,3,8,8,False,
driveact,val,vp14_run2_2018-05-30-10-42-33_11982_12001,data/DriveAct_data/clips/placing_an_object/vp14_run2_2018-05-30-10-42-33_11982_12001.mp4,17,8,25,2,25,False,False,0.8548271059989929,0.004688190296292305,0.0034853757824748755,0.5083923619240522,20,3,8,8,False,
driveact,val,vp14_run2_2018-05-30-10-42-33_19252_19297,data/DriveAct_data/clips/placing_an_object/vp14_run2_2018-05-30-10-42-33_19252_19297.mp4,17,8,25,2,5,False,True,0.5422695279121399,0.005240107886493206,0.0034853757824748755,0.5029522809199989,44,6,8,8,False,
driveact,val,vp15_run1_2018-05-30-13-05-35_6385_6421,data/DriveAct_data/clips/placing_an_object/vp15_run1_2018-05-30-13-05-35_6385_6421.mp4,17,8,25,2,17,True,True,0.7834069728851318,0.005208464805036783,0.0034853757824748755,0.49690658785402775,35,5,8,8,False,
driveact,val,vp14_run2_2018-05-30-10-42-33_20324_20345,data/DriveAct_data/clips/placing_an_object/vp14_run2_2018-05-30-10-42-33_20324_20345.mp4,17,8,25,2,17,True,True,0.47053971886634827,0.004451099317520857,0.0034853757824748755,0.4908557031303644,21,3,8,8,False,
driveact,val,vp14_run1_2018-05-30-10-11-09_10035_10080,data/DriveAct_data/clips/placing_an_object/vp14_run1_2018-05-30-10-11-09_10035_10080.mp4,17,8,25,2,9,False,True,0.7052682042121887,0.005314756650477648,0.0034853757824748755,0.485603635199368,45,6,8,8,False,
driveact,val,vp14_run1_2018-05-30-10-11-09_23244_23290,data/DriveAct_data/clips/placing_an_object/vp14_run1_2018-05-30-10-11-09_23244_23290.mp4,17,8,25,2,25,False,False,0.32098931074142456,0.005272763315588236,0.0034853757824748755,0.4788069799542427,47,6,8,8,False,
driveact,val,vp14_run1_2018-05-30-10-11-09_20839_20884,data/DriveAct_data/clips/placing_an_object/vp14_run1_2018-05-30-10-11-09_20839_20884.mp4,17,8,25,2,10,False,True,0.3368828594684601,0.010471319314092398,0.003452857505180873,0.6621592799201608,44,6,8,8,False,
driveact,val,vp14_run1_2018-05-30-10-11-09_6033_6078,data/DriveAct_data/clips/placing_an_object/vp14_run1_2018-05-30-10-11-09_6033_6078.mp4,17,8,25,2,17,True,True,0.6490995287895203,0.005433704238384962,0.003452857505180873,0.6496343947947025,45,6,8,8,False,
driveact,val,vp14_run2_2018-05-30-10-42-33_10144_10189,data/DriveAct_data/clips/placing_an_object/vp14_run2_2018-05-30-10-42-33_10144_10189.mp4,17,8,25,2,17,True,True,0.6608977317810059,0.005230206064879894,0.003452857505180873,0.6431661979295313,44,6,8,8,False,
driveact,val,vp14_run1_2018-05-30-10-11-09_3899_3918,data/DriveAct_data/clips/placing_an_object/vp14_run1_2018-05-30-10-11-09_3899_3918.mp4,17,8,25,2,8,False,True,0.2174711972475052,0.004325320944190025,0.003452857505180873,0.6370617169886827,20,3,8,8,False,
driveact,val,vp15_run1_2018-05-30-13-05-35_17835_17878,data/DriveAct_data/clips/placing_an_object/vp15_run1_2018-05-30-13-05-35_17835_17878.mp4,17,8,25,2,17,True,True,0.9866207838058472,0.005211260169744492,0.003452857505180873,0.6319535300135612,44,6,8,8,False,
driveact,val,vp15_run1_2018-05-30-13-05-35_15124_15161,data/DriveAct_data/clips/placing_an_object/vp15_run1_2018-05-30-13-05-35_15124_15161.mp4,17,8,25,2,17,True,True,0.7970994710922241,0.009219962172210217,0.003452857505180873,0.6256940350867808,37,5,8,8,False,
driveact,val,vp14_run1_2018-05-30-10-11-09_23063_23108,data/DriveAct_data/clips/placing_an_object/vp14_run1_2018-05-30-10-11-09_23063_23108.mp4,17,8,25,2,17,True,True,0.8662401437759399,0.005447321571409702,0.003452857505180873,0.615685841999948,45,6,8,8,False,
driveact,val,vp14_run1_2018-05-30-10-11-09_3808_3854,data/DriveAct_data/clips/placing_an_object/vp14_run1_2018-05-30-10-11-09_3808_3854.mp4,17,8,25,2,25,False,True,0.40871626138687134,0.005217106081545353,0.003452857505180873,0.609304117038846,46,6,8,8,False,
driveact,val,vp14_run1_2018-05-30-10-11-09_6921_6966,data/DriveAct_data/clips/placing_an_object/vp14_run1_2018-05-30-10-11-09_6921_6966.mp4,17,8,25,2,5,False,True,0.9611384868621826,0.005398509092628956,0.003452857505180873,0.6032356810756028,45,6,8,8,False,
driveact,val,vp15_run2_2018-05-30-13-34-33_12431_12451,data/DriveAct_data/clips/placing_an_object/vp15_run2_2018-05-30-13-34-33_12431_12451.mp4,17,8,25,2,22,False,False,0.22738422453403473,0.0064818463288247585,0.003452857505180873,0.5970769473351538,20,3,8,8,False,
driveact,val,vp15_run2_2018-05-30-13-34-33_6516_6526,data/DriveAct_data/clips/placing_an_object/vp15_run2_2018-05-30-13-34-33_6516_6526.mp4,17,8,25,2,8,False,True,0.5181456208229065,0.003976780921220779,0.003452857505180873,0.5898790480569005,11,2,8,8,False,
driveact,val,vp15_run1_2018-05-30-13-05-35_4173_4218,data/DriveAct_data/clips/preparing_food/vp15_run1_2018-05-30-13-05-35_4173_4218.mp4,18,8,25,2,5,False,True,0.7718379497528076,0.005734970793128014,0.003452857505180873,0.5852244920097291,45,6,8,8,False,
driveact,val,vp15_run1_2018-05-30-13-05-35_4218_4263,data/DriveAct_data/clips/preparing_food/vp15_run1_2018-05-30-13-05-35_4218_4263.mp4,18,8,25,2,5,False,True,0.9743955135345459,0.005490841343998909,0.003452857505180873,0.5787114230915904,45,6,8,8,False,
driveact,val,vp15_run2_2018-05-30-13-34-33_5458_5503,data/DriveAct_data/clips/preparing_food/vp15_run2_2018-05-30-13-34-33_5458_5503.mp4,18,8,25,2,5,False,True,0.7721426486968994,0.005294316913932562,0.003452857505180873,0.5723746377043426,44,6,8,8,False,
driveact,val,vp15_run1_2018-05-30-13-05-35_4263_4274,data/DriveAct_data/clips/preparing_food/vp15_run1_2018-05-30-13-05-35_4263_4274.mp4,18,8,25,2,5,False,True,0.8611136078834534,0.0040275477804243565,0.003452857505180873,0.566306596621871,11,2,8,8,False,
driveact,val,vp15_run2_2018-05-30-13-34-33_5412_5458,data/DriveAct_data/clips/preparing_food/vp15_run2_2018-05-30-13-34-33_5412_5458.mp4,18,8,25,2,5,False,True,0.7603606581687927,0.005150103010237217,0.003452857505180873,0.5614090850576758,47,6,8,8,False,
driveact,val,vp14_run1_2018-05-30-10-11-09_6100_6135,data/DriveAct_data/clips/pressing_automation_button/vp14_run1_2018-05-30-10-11-09_6100_6135.mp4,19,8,25,2,19,True,True,0.7238274216651917,0.005156632978469133,0.003452857505180873,0.5554695399478078,34,4,8,8,False,
driveact,val,vp15_run1_2018-05-30-13-05-35_5603_5614,data/DriveAct_data/clips/pressing_automation_button/vp15_run1_2018-05-30-13-05-35_5603_5614.mp4,19,8,25,2,19,True,True,0.9359606504440308,0.004003617912530899,0.003452857505180873,0.5494963228702545,11,2,8,8,False,
driveact,val,vp14_run1_2018-05-30-10-11-09_19092_19109,data/DriveAct_data/clips/pressing_automation_button/vp14_run1_2018-05-30-10-11-09_19092_19109.mp4,19,8,25,2,19,True,True,0.926985502243042,0.004243900999426842,0.003452857505180873,0.5448006708174944,17,2,8,8,False,
driveact,val,vp14_run1_2018-05-30-10-11-09_23828_23868,data/DriveAct_data/clips/pressing_automation_button/vp14_run1_2018-05-30-10-11-09_23828_23868.mp4,19,8,25,2,19,True,True,0.5974652171134949,0.005312507040798664,0.003452857505180873,0.5398710677400231,41,5,8,8,False,
driveact,val,vp14_run2_2018-05-30-10-42-33_21617_21626,data/DriveAct_data/clips/pressing_automation_button/vp14_run2_2018-05-30-10-42-33_21617_21626.mp4,19,8,25,2,16,False,True,0.24618427455425262,0.003745822701603174,0.003452857505180873,0.5337068759836257,9,1,8,8,False,
driveact,val,vp14_run1_2018-05-30-10-11-09_6532_6545,data/DriveAct_data/clips/pressing_automation_button/vp14_run1_2018-05-30-10-11-09_6532_6545.mp4,19,8,25,2,19,True,True,0.5356582403182983,0.003978712018579245,0.003452857505180873,0.5292881159111857,13,2,8,8,False,
driveact,val,vp15_run2_2018-05-30-13-34-33_3486_3530,data/DriveAct_data/clips/pressing_automation_button/vp15_run2_2018-05-30-13-34-33_3486_3530.mp4,19,8,25,2,19,True,True,0.9210606813430786,0.005661304108798504,0.003452857505180873,0.5245341849513352,44,6,8,8,False,
driveact,val,vp15_run2_2018-05-30-13-34-33_3530_3551,data/DriveAct_data/clips/pressing_automation_button/vp15_run2_2018-05-30-13-34-33_3530_3551.mp4,19,8,25,2,19,True,True,0.8062172532081604,0.0051897140219807625,0.003452857505180873,0.5180935710668564,21,3,8,8,False,
driveact,val,vp14_run2_2018-05-30-10-42-33_14307_14319,data/DriveAct_data/clips/pressing_automation_button/vp14_run2_2018-05-30-10-42-33_14307_14319.mp4,19,8,25,2,19,True,True,0.9041037559509277,0.004063204396516085,0.003452857505180873,0.5121050369925797,12,2,8,8,False,
driveact,val,vp14_run2_2018-05-30-10-42-33_9619_9627,data/DriveAct_data/clips/pressing_automation_button/vp14_run2_2018-05-30-10-42-33_9619_9627.mp4,19,8,25,2,19,True,True,0.5691012144088745,0.0036885798908770084,0.003452857505180873,0.5072932713665068,7,1,8,8,False,
driveact,val,vp14_run2_2018-05-30-10-42-33_13931_13976,data/DriveAct_data/clips/pressing_automation_button/vp14_run2_2018-05-30-10-42-33_13931_13976.mp4,19,8,25,2,19,True,True,0.4751650094985962,0.0060143726877868176,0.003452857505180873,0.5029605799354613,45,6,8,8,False,
driveact,val,vp15_run1_2018-05-30-13-05-35_9434_9445,data/DriveAct_data/clips/pressing_automation_button/vp15_run1_2018-05-30-13-05-35_9434_9445.mp4,19,8,25,2,19,True,True,0.9530743956565857,0.004069319926202297,0.003452857505180873,0.49619565019384027,11,2,8,8,False,
driveact,val,vp14_run2_2018-05-30-10-42-33_21572_21617,data/DriveAct_data/clips/pressing_automation_button/vp14_run2_2018-05-30-10-42-33_21572_21617.mp4,19,8,25,2,19,True,True,0.3926650583744049,0.0051852320320904255,0.003452857505180873,0.491437466815114,45,6,8,8,False,
driveact,val,vp14_run1_2018-05-30-10-11-09_11725_11733,data/DriveAct_data/clips/pressing_automation_button/vp14_run1_2018-05-30-10-11-09_11725_11733.mp4,19,8,25,2,19,True,True,0.8902760148048401,0.003640356007963419,0.003452857505180873,0.4854118889197707,7,1,8,8,False,
driveact,val,vp14_run2_2018-05-30-10-42-33_19945_19955,data/DriveAct_data/clips/pressing_automation_button/vp14_run2_2018-05-30-10-42-33_19945_19955.mp4,19,8,25,2,19,True,True,0.9481843709945679,0.0037447339855134487,0.003452857505180873,0.481144763994962,10,1,8,8,False,
driveact,val,vp14_run1_2018-05-30-10-11-09_11236_11262,data/DriveAct_data/clips/pressing_automation_button/vp14_run1_2018-05-30-10-11-09_11236_11262.mp4,19,8,25,2,19,True,True,0.4384016692638397,0.004564161878079176,0.003452857505180873,0.4767377655953169,25,3,8,8,False,
driveact,val,vp14_run1_2018-05-30-10-11-09_5067_5077,data/DriveAct_data/clips/pressing_automation_button/vp14_run1_2018-05-30-10-11-09_5067_5077.mp4,19,8,25,2,19,True,True,0.9082801938056946,0.008641978725790977,0.0035961500834673643,0.6892193639650941,11,2,8,8,False,
driveact,val,vp14_run1_2018-05-30-10-11-09_3350_3362,data/DriveAct_data/clips/pressing_automation_button/vp14_run1_2018-05-30-10-11-09_3350_3362.mp4,19,8,25,2,19,True,True,0.9274591207504272,0.004501865245401859,0.0035961500834673643,0.6787615702487528,12,2,8,8,False,
driveact,val,vp14_run2_2018-05-30-10-42-33_15003_15038,data/DriveAct_data/clips/pressing_automation_button/vp14_run2_2018-05-30-10-42-33_15003_15038.mp4,19,8,25,2,19,True,True,0.4352930784225464,0.006404852028936148,0.0035961500834673643,0.6735796625725925,35,5,8,8,False,
driveact,val,vp14_run1_2018-05-30-10-11-09_11041_11086,data/DriveAct_data/clips/pressing_automation_button/vp14_run1_2018-05-30-10-11-09_11041_11086.mp4,19,8,25,2,19,True,True,0.9442166090011597,0.005798737984150648,0.0035961500834673643,0.6663663750514388,44,6,8,8,False,
driveact,val,vp15_run1_2018-05-30-13-05-35_6828_6873,data/DriveAct_data/clips/putting_laptop_into_backpack/vp15_run1_2018-05-30-13-05-35_6828_6873.mp4,20,8,25,2,17,False,False,0.8221418857574463,0.005983702838420868,0.0035961500834673643,0.6597272269427776,45,6,8,8,False,
driveact,val,vp15_run1_2018-05-30-13-05-35_14404_14450,data/DriveAct_data/clips/putting_on_jacket/vp15_run1_2018-05-30-13-05-35_14404_14450.mp4,21,8,25,2,17,False,True,0.47457367181777954,0.006051497999578714,0.0035961500834673643,0.6528165224008262,46,6,8,8,False,
driveact,val,vp15_run1_2018-05-30-13-05-35_14360_14404,data/DriveAct_data/clips/putting_on_jacket/vp15_run1_2018-05-30-13-05-35_14360_14404.mp4,21,8,25,2,27,False,True,0.20841340720653534,0.005268251057714224,0.0035961500834673643,0.6457860427908599,44,6,8,8,False,
driveact,val,vp15_run1_2018-05-30-13-05-35_14495_14540,data/DriveAct_data/clips/putting_on_jacket/vp15_run1_2018-05-30-13-05-35_14495_14540.mp4,21,8,25,2,8,False,False,0.4527440369129181,0.005563248880207539,0.0035961500834673643,0.6394095323048532,45,6,8,8,False,
driveact,val,vp14_run2_2018-05-30-10-42-33_6651_6696,data/DriveAct_data/clips/putting_on_jacket/vp14_run2_2018-05-30-10-42-33_6651_6696.mp4,21,8,25,2,16,False,False,0.22623008489608765,0.005426841322332621,0.0035961500834673643,0.6329882116988301,45,6,8,8,False,
driveact,val,vp14_run2_2018-05-30-10-42-33_6787_6832,data/DriveAct_data/clips/putting_on_jacket/vp14_run2_2018-05-30-10-42-33_6787_6832.mp4,21,8,25,2,21,True,True,0.4416944086551666,0.005256389267742634,0.0035961500834673643,0.6267317607998848,44,6,8,8,False,
driveact,val,vp15_run2_2018-05-30-13-34-33_13832_13877,data/DriveAct_data/clips/putting_on_jacket/vp15_run2_2018-05-30-13-34-33_13832_13877.mp4,21,8,25,2,27,False,True,0.6616342067718506,0.005283977370709181,0.0035961500834673643,0.6204552813433111,45,6,8,8,False,
driveact,val,vp15_run1_2018-05-30-13-05-35_14314_14360,data/DriveAct_data/clips/putting_on_jacket/vp15_run1_2018-05-30-13-05-35_14314_14360.mp4,21,8,25,2,17,False,False,0.5573226809501648,0.010419620666652918,0.0035961500834673643,0.6143440059386194,46,6,8,8,False,
driveact,val,vp15_run1_2018-05-30-13-05-35_14131_14177,data/DriveAct_data/clips/putting_on_jacket/vp15_run1_2018-05-30-13-05-35_14131_14177.mp4,21,8,25,2,21,True,True,0.5956016182899475,0.0057800328359007835,0.0035961500834673643,0.6030792626552284,46,6,8,8,False,
driveact,val,vp15_run2_2018-05-30-13-34-33_13785_13832,data/DriveAct_data/clips/putting_on_jacket/vp15_run2_2018-05-30-13-34-33_13785_13832.mp4,21,8,25,2,25,False,False,0.9330841898918152,0.005269213113933802,0.0035961500834673643,0.5963767510838807,47,6,8,8,False,
driveact,val,vp14_run2_2018-05-30-10-42-33_7195_7243,data/DriveAct_data/clips/putting_on_jacket/vp14_run2_2018-05-30-10-42-33_7195_7243.mp4,21,8,25,2,29,False,True,0.3344024419784546,0.005433595273643732,0.0035961500834673643,0.5901938457973301,47,6,8,8,False,
driveact,val,vp15_run2_2018-05-30-13-34-33_13603_13648,data/DriveAct_data/clips/putting_on_jacket/vp15_run2_2018-05-30-13-34-33_13603_13648.mp4,21,8,25,2,21,True,True,0.3763028085231781,0.0052998787723481655,0.0035961500834673643,0.5836664079688489,44,6,8,8,False,
driveact,val,vp15_run1_2018-05-30-13-05-35_14540_14585,data/DriveAct_data/clips/putting_on_jacket/vp15_run1_2018-05-30-13-05-35_14540_14585.mp4,21,8,25,2,17,False,True,0.24686139822006226,0.005488018970936537,0.0035961500834673643,0.5774849862791598,45,6,8,8,False,
driveact,val,vp14_run2_2018-05-30-10-42-33_7288_7333,data/DriveAct_data/clips/putting_on_jacket/vp14_run2_2018-05-30-10-42-33_7288_7333.mp4,21,8,25,2,21,True,True,0.43994757533073425,0.00640864809975028,0.0035961500834673643,0.5711205638945103,44,6,8,8,False,
driveact,val,vp14_run2_2018-05-30-10-42-33_7150_7195,data/DriveAct_data/clips/putting_on_jacket/vp14_run2_2018-05-30-10-42-33_7150_7195.mp4,21,8,25,2,21,True,True,0.3274330496788025,0.005318653769791126,0.0035961500834673643,0.5638403482735157,44,6,8,8,False,
driveact,val,vp14_run2_2018-05-30-10-42-33_6696_6742,data/DriveAct_data/clips/putting_on_jacket/vp14_run2_2018-05-30-10-42-33_6696_6742.mp4,21,8,25,2,25,False,False,0.3615597188472748,0.005662368144840002,0.0035961500834673643,0.5576770692132413,47,6,8,8,False,
driveact,val,vp14_run2_2018-05-30-10-42-33_7105_7150,data/DriveAct_data/clips/putting_on_jacket/vp14_run2_2018-05-30-10-42-33_7105_7150.mp4,21,8,25,2,25,False,False,0.8532392382621765,0.005439015105366707,0.0035961500834673643,0.5510716335847974,44,6,8,8,False,
driveact,val,vp14_run2_2018-05-30-10-42-33_6742_6787,data/DriveAct_data/clips/putting_on_jacket/vp14_run2_2018-05-30-10-42-33_6742_6787.mp4,21,8,25,2,32,False,False,0.7124024033546448,0.005548324901610613,0.0035961500834673643,0.5447541228495538,44,6,8,8,False,
driveact,val,vp14_run2_2018-05-30-10-42-33_6878_6924,data/DriveAct_data/clips/putting_on_jacket/vp14_run2_2018-05-30-10-42-33_6878_6924.mp4,21,8,25,2,8,False,True,0.27606862783432007,0.005232056602835655,0.0035961500834673643,0.5383282541297376,47,6,8,8,False,
driveact,val,vp15_run2_2018-05-30-13-34-33_13968_14013,data/DriveAct_data/clips/putting_on_jacket/vp15_run2_2018-05-30-13-34-33_13968_14013.mp4,21,8,25,2,9,False,True,0.3074057102203369,0.005349726881831884,0.0035961500834673643,0.5322949266992509,45,6,8,8,False,
driveact,val,vp14_run2_2018-05-30-10-42-33_6832_6878,data/DriveAct_data/clips/putting_on_jacket/vp14_run2_2018-05-30-10-42-33_6832_6878.mp4,21,8,25,2,11,False,True,0.20735983550548553,0.005630373023450375,0.0035961500834673643,0.5261101489886642,46,6,8,8,False,
driveact,val,vp15_run2_2018-05-30-13-34-33_12749_12795,data/DriveAct_data/clips/putting_on_sunglasses/vp15_run2_2018-05-30-13-34-33_12749_12795.mp4,22,8,25,2,9,False,False,0.43713492155075073,0.006050161086022854,0.0035961500834673643,0.5196778713725507,47,6,8,8,False,
driveact,val,vp14_run1_2018-05-30-10-11-09_10292_10334,data/DriveAct_data/clips/putting_on_sunglasses/vp14_run1_2018-05-30-10-11-09_10292_10334.mp4,22,8,25,2,25,False,False,0.4030226171016693,0.005033888854086399,0.0035961500834673643,0.5127816540189087,42,5,8,8,False,
driveact,val,vp15_run1_2018-05-30-13-05-35_8577_8623,data/DriveAct_data/clips/putting_on_sunglasses/vp15_run1_2018-05-30-13-05-35_8577_8623.mp4,22,8,25,2,10,False,True,0.925530731678009,0.0052323550917208195,0.0035961500834673643,0.5069257360883057,47,6,8,8,False,
driveact,val,vp15_run1_2018-05-30-13-05-35_8623_8664,data/DriveAct_data/clips/putting_on_sunglasses/vp15_run1_2018-05-30-13-05-35_8623_8664.mp4,22,8,25,2,25,False,True,0.7867940664291382,0.004957617726176977,0.0035961500834673643,0.5008679456077516,40,5,8,8,False,
driveact,val,vp15_run2_2018-05-30-13-34-33_12795_12805,data/DriveAct_data/clips/putting_on_sunglasses/vp15_run2_2018-05-30-13-34-33_12795_12805.mp4,22,8,25,2,22,True,True,0.2696447968482971,0.003936000168323517,0.0035961500834673643,0.4950682008638978,11,2,8,8,False,
driveact,val,vp14_run1_2018-05-30-10-11-09_10107_10133,data/DriveAct_data/clips/putting_on_sunglasses/vp14_run1_2018-05-30-10-11-09_10107_10133.mp4,22,8,25,2,10,False,False,0.2578144967556,0.006085054948925972,0.0035961500834673643,0.49035763507708907,26,3,8,8,False,
driveact,val,vp15_run2_2018-05-30-13-34-33_12366_12398,data/DriveAct_data/clips/putting_on_sunglasses/vp15_run2_2018-05-30-13-34-33_12366_12398.mp4,22,8,25,2,9,False,False,0.4372602105140686,0.00470433896407485,0.0035961500834673643,0.4833353962749243,32,4,8,8,False,
driveact,val,vp15_run1_2018-05-30-13-05-35_8808_8831,data/DriveAct_data/clips/putting_on_sunglasses/vp15_run1_2018-05-30-13-05-35_8808_8831.mp4,22,8,25,2,25,False,True,0.4865237772464752,0.00992056867107749,0.003667360157123767,0.6941878548823297,23,3,8,8,False,
driveact,val,vp15_run2_2018-05-30-13-34-33_12451_12495,data/DriveAct_data/clips/putting_on_sunglasses/vp15_run2_2018-05-30-13-34-33_12451_12495.mp4,22,8,25,2,0,False,True,0.212354838848114,0.006124119274318218,0.003667360157123767,0.680889287032187,43,6,8,8,False,
driveact,val,vp15_run1_2018-05-30-13-05-35_9084_9108,data/DriveAct_data/clips/putting_on_sunglasses/vp15_run1_2018-05-30-13-05-35_9084_9108.mp4,22,8,25,2,8,False,False,0.31420379877090454,0.005027581937611103,0.003667360157123767,0.6738865729421377,24,3,8,8,False,
driveact,val,vp14_run2_2018-05-30-10-42-33_10444_10476,data/DriveAct_data/clips/putting_on_sunglasses/vp14_run2_2018-05-30-10-42-33_10444_10476.mp4,22,8,25,2,10,False,False,0.30155038833618164,0.006015805993229151,0.003667360157123767,0.6680317418649793,31,4,8,8,False,
driveact,val,vp14_run2_2018-05-30-10-42-33_7944_7989,data/DriveAct_data/clips/putting_on_sunglasses/vp14_run2_2018-05-30-10-42-33_7944_7989.mp4,22,8,25,2,32,False,False,0.5105609893798828,0.005589124280959368,0.003667360157123767,0.6612311811186373,45,6,8,8,False,
driveact,val,vp14_run2_2018-05-30-10-42-33_8556_8573,data/DriveAct_data/clips/putting_on_sunglasses/vp14_run2_2018-05-30-10-42-33_8556_8573.mp4,22,8,25,2,17,False,False,0.48053795099258423,0.004272211343050003,0.003667360157123767,0.654683600179851,17,2,8,8,False,
driveact,val,vp14_run1_2018-05-30-10-11-09_13628_13659,data/DriveAct_data/clips/putting_on_sunglasses/vp14_run1_2018-05-30-10-11-09_13628_13659.mp4,22,8,25,2,17,False,False,0.8071718215942383,0.005114438943564892,0.003667360157123767,0.6496142032556236,32,4,8,8,False,
driveact,val,vp14_run2_2018-05-30-10-42-33_14897_14938,data/DriveAct_data/clips/putting_on_sunglasses/vp14_run2_2018-05-30-10-42-33_14897_14938.mp4,22,8,25,2,10,False,True,0.8028226494789124,0.0052324882708489895,0.003667360157123767,0.6436333619058132,41,5,8,8,False,
driveact,val,vp15_run2_2018-05-30-13-34-33_11074_11119,data/DriveAct_data/clips/reading_magazine/vp15_run2_2018-05-30-13-34-33_11074_11119.mp4,23,8,25,2,23,True,True,0.9910184144973755,0.005941621959209442,0.003667360157123767,0.6375781907700002,44,6,8,8,False,
driveact,val,vp14_run2_2018-05-30-10-42-33_10388_10407,data/DriveAct_data/clips/reading_magazine/vp14_run2_2018-05-30-10-42-33_10388_10407.mp4,23,8,25,2,23,True,True,0.9726570844650269,0.004769359715282917,0.003667360157123767,0.6307891923934221,20,3,8,8,False,
driveact,val,vp15_run2_2018-05-30-13-34-33_11304_11349,data/DriveAct_data/clips/reading_magazine/vp15_run2_2018-05-30-13-34-33_11304_11349.mp4,23,8,25,2,24,False,True,0.8309717178344727,0.005363065749406815,0.003667360157123767,0.6252355612814426,45,6,8,8,False,
driveact,val,vp14_run1_2018-05-30-10-11-09_14027_14072,data/DriveAct_data/clips/reading_magazine/vp14_run1_2018-05-30-10-11-09_14027_14072.mp4,23,8,25,2,23,True,True,0.9774291515350342,0.005771048367023468,0.003667360157123767,0.6188722499646246,45,6,8,8,False,
driveact,val,vp14_run1_2018-05-30-10-11-09_14662_14707,data/DriveAct_data/clips/reading_magazine/vp14_run1_2018-05-30-10-11-09_14662_14707.mp4,23,8,25,2,23,True,True,0.4832468032836914,0.005747910123318434,0.003667360157123767,0.6122220978140831,44,6,8,8,False,
driveact,val,vp14_run1_2018-05-30-10-11-09_15888_15933,data/DriveAct_data/clips/reading_magazine/vp14_run1_2018-05-30-10-11-09_15888_15933.mp4,23,8,25,2,23,True,True,0.9795888066291809,0.005732720717787743,0.003667360157123767,0.6056362730450928,45,6,8,8,False,
driveact,val,vp14_run1_2018-05-30-10-11-09_13706_13753,data/DriveAct_data/clips/reading_magazine/vp14_run1_2018-05-30-10-11-09_13706_13753.mp4,23,8,25,2,23,True,True,0.9260956048965454,0.005695788189768791,0.003667360157123767,0.5990548930130899,47,6,8,8,False,
driveact,val,vp14_run1_2018-05-30-10-11-09_15933_15961,data/DriveAct_data/clips/reading_magazine/vp14_run1_2018-05-30-10-11-09_15933_15961.mp4,23,8,25,2,23,True,True,0.9864825010299683,0.005181857384741306,0.003667360157123767,0.5925533333793283,29,4,8,8,False,
driveact,val,vp14_run1_2018-05-30-10-11-09_15208_15253,data/DriveAct_data/clips/reading_magazine/vp14_run1_2018-05-30-10-11-09_15208_15253.mp4,23,8,25,2,23,True,True,0.9788550734519958,0.0057687838561832905,0.003667360157123767,0.5865336409769952,44,6,8,8,False,
driveact,val,vp15_run2_2018-05-30-13-34-33_11439_11485,data/DriveAct_data/clips/reading_magazine/vp15_run2_2018-05-30-13-34-33_11439_11485.mp4,23,8,25,2,23,True,True,0.8724719882011414,0.005789829883724451,0.003667360157123767,0.579950419254601,47,6,8,8,False,
driveact,val,vp15_run2_2018-05-30-13-34-33_10619_10665,data/DriveAct_data/clips/reading_magazine/vp15_run2_2018-05-30-13-34-33_10619_10665.mp4,23,8,25,2,23,True,True,0.8837305307388306,0.0056679160334169865,0.003667360157123767,0.5733404299244285,47,6,8,8,False,
driveact,val,vp14_run2_2018-05-30-10-42-33_10761_10808,data/DriveAct_data/clips/reading_magazine/vp14_run2_2018-05-30-10-42-33_10761_10808.mp4,23,8,25,2,23,True,True,0.9862576127052307,0.0057114530354738235,0.003667360157123767,0.566830825060606,47,6,8,8,False,
driveact,val,vp14_run1_2018-05-30-10-11-09_15342_15387,data/DriveAct_data/clips/reading_magazine/vp14_run1_2018-05-30-10-11-09_15342_15387.mp4,23,8,25,2,23,True,True,0.987036406993866,0.005993745289742947,0.003667360157123767,0.5603086212649941,45,6,8,8,False,
driveact,val,vp14_run2_2018-05-30-10-42-33_10579_10624,data/DriveAct_data/clips/reading_magazine/vp14_run2_2018-05-30-10-42-33_10579_10624.mp4,23,8,25,2,23,True,True,0.9875978827476501,0.005583392921835184,0.003667360157123767,0.5534923477098346,44,6,8,8,False,
driveact,val,vp15_run1_2018-05-30-13-05-35_17520_17566,data/DriveAct_data/clips/reading_magazine/vp15_run1_2018-05-30-13-05-35_17520_17566.mp4,23,8,25,2,23,True,True,0.9606369137763977,0.005808037240058184,0.003667360157123767,0.5469833887182176,47,6,8,8,False,
driveact,val,vp15_run2_2018-05-30-13-34-33_10300_10346,data/DriveAct_data/clips/reading_magazine/vp15_run2_2018-05-30-13-34-33_10300_10346.mp4,23,8,25,2,23,True,True,0.9892892837524414,0.005666164215654135,0.003667360157123767,0.5403678198345006,46,6,8,8,False,
driveact,val,vp14_run2_2018-05-30-10-42-33_11353_11399,data/DriveAct_data/clips/reading_magazine/vp14_run2_2018-05-30-10-42-33_11353_11399.mp4,23,8,25,2,23,True,True,0.9883361458778381,0.00559773575514555,0.003667360157123767,0.5338765848428011,46,6,8,8,False,
driveact,val,vp15_run1_2018-05-30-13-05-35_17214_17260,data/DriveAct_data/clips/reading_magazine/vp15_run1_2018-05-30-13-05-35_17214_17260.mp4,23,8,25,2,23,True,True,0.9929759502410889,0.00572589598596096,0.003667360157123767,0.5274040861986578,47,6,8,8,False,
driveact,val,vp15_run2_2018-05-30-13-34-33_10208_10254,data/DriveAct_data/clips/reading_magazine/vp15_run2_2018-05-30-13-34-33_10208_10254.mp4,23,8,25,2,23,True,True,0.9624060392379761,0.005894458387047052,0.003667360157123767,0.5208816137164831,47,6,8,8,False,
driveact,val,vp14_run2_2018-05-30-10-42-33_10945_10990,data/DriveAct_data/clips/reading_magazine/vp14_run2_2018-05-30-10-42-33_10945_10990.mp4,23,8,25,2,23,True,True,0.9780592918395996,0.005736116319894791,0.003667360157123767,0.5139695098623633,44,6,8,8,False,
driveact,val,vp14_run1_2018-05-30-10-11-09_7990_8035,data/DriveAct_data/clips/reading_newspaper/vp14_run1_2018-05-30-10-11-09_7990_8035.mp4,24,8,25,2,24,True,True,0.9707715511322021,0.0062591820023953915,0.003667360157123767,0.5073488452471793,44,6,8,8,False,
driveact,val,vp14_run1_2018-05-30-10-11-09_8221_8266,data/DriveAct_data/clips/reading_newspaper/vp14_run1_2018-05-30-10-11-09_8221_8266.mp4,24,8,25,2,24,True,True,0.9761586785316467,0.0061520482413470745,0.003667360157123767,0.500312453135848,44,6,8,8,False,
driveact,val,vp14_run1_2018-05-30-10-11-09_8811_8857,data/DriveAct_data/clips/reading_newspaper/vp14_run1_2018-05-30-10-11-09_8811_8857.mp4,24,8,25,2,24,True,True,0.9804261922836304,0.005447499919682741,0.003667360157123767,0.4932462996803224,47,6,8,8,False,
driveact,val,vp14_run1_2018-05-30-10-11-09_8357_8402,data/DriveAct_data/clips/reading_newspaper/vp14_run1_2018-05-30-10-11-09_8357_8402.mp4,24,8,25,2,24,True,True,0.9638110995292664,0.0061022997833788395,0.003667360157123767,0.48696075892075896,45,6,8,8,False,
driveact,val,vp14_run1_2018-05-30-10-11-09_7447_7491,data/DriveAct_data/clips/reading_newspaper/vp14_run1_2018-05-30-10-11-09_7447_7491.mp4,24,8,25,2,24,True,True,0.9735023975372314,0.012059868779033422,0.003554779410478659,0.7013129023835063,43,6,8,8,False,
driveact,val,vp14_run2_2018-05-30-10-42-33_5079_5125,data/DriveAct_data/clips/reading_newspaper/vp14_run2_2018-05-30-10-42-33_5079_5125.mp4,24,8,25,2,24,True,True,0.9789143800735474,0.0065789190120995045,0.003554779410478659,0.6859548659995198,47,6,8,8,False,
driveact,val,vp15_run2_2018-05-30-13-34-33_8001_8047,data/DriveAct_data/clips/reading_newspaper/vp15_run2_2018-05-30-13-34-33_8001_8047.mp4,24,8,25,2,4,False,True,0.4008767008781433,0.005710833240300417,0.003554779410478659,0.6784715438261628,47,6,8,8,False,
driveact,val,vp14_run2_2018-05-30-10-42-33_4851_4897,data/DriveAct_data/clips/reading_newspaper/vp14_run2_2018-05-30-10-42-33_4851_4897.mp4,24,8,25,2,24,True,True,0.9842937588691711,0.005817299243062735,0.003554779410478659,0.6718321829102933,47,6,8,8,False,
driveact,val,vp15_run2_2018-05-30-13-34-33_8047_8092,data/DriveAct_data/clips/reading_newspaper/vp15_run2_2018-05-30-13-34-33_8047_8092.mp4,24,8,25,2,24,True,True,0.6736969351768494,0.0053787389770150185,0.003554779410478659,0.665200830437243,44,6,8,8,False,
driveact,val,vp14_run1_2018-05-30-10-11-09_8947_8992,data/DriveAct_data/clips/reading_newspaper/vp14_run1_2018-05-30-10-11-09_8947_8992.mp4,24,8,25,2,24,True,True,0.9687870740890503,0.005684572737663984,0.003554779410478659,0.6589957289397717,44,6,8,8,False,
driveact,val,vp14_run1_2018-05-30-10-11-09_7401_7447,data/DriveAct_data/clips/reading_newspaper/vp14_run1_2018-05-30-10-11-09_7401_7447.mp4,24,8,25,2,24,True,True,0.977103590965271,0.005733966827392578,0.003554779410478659,0.652273194398731,47,6,8,8,False,
driveact,val,vp14_run2_2018-05-30-10-42-33_4484_4530,data/DriveAct_data/clips/reading_newspaper/vp14_run2_2018-05-30-10-42-33_4484_4530.mp4,24,8,25,2,24,True,True,0.9878544211387634,0.005740419961512089,0.003554779410478659,0.6457631611265242,47,6,8,8,False,
driveact,val,vp14_run2_2018-05-30-10-42-33_4621_4667,data/DriveAct_data/clips/reading_newspaper/vp14_run2_2018-05-30-10-42-33_4621_4667.mp4,24,8,25,2,24,True,True,0.8667618632316589,0.005813866853713989,0.003554779410478659,0.6392235308885574,46,6,8,8,False,
driveact,val,vp15_run2_2018-05-30-13-34-33_8686_8731,data/DriveAct_data/clips/reading_newspaper/vp15_run2_2018-05-30-13-34-33_8686_8731.mp4,24,8,25,2,24,True,True,0.6046251654624939,0.005770061165094376,0.003554779410478659,0.6325772870332003,44,6,8,8,False,
driveact,val,vp14_run2_2018-05-30-10-42-33_4760_4806,data/DriveAct_data/clips/reading_newspaper/vp14_run2_2018-05-30-10-42-33_4760_4806.mp4,24,8,25,2,24,True,True,0.9761882424354553,0.005877515766769648,0.003554779410478659,0.6260041948407888,47,6,8,8,False,
driveact,val,vp14_run1_2018-05-30-10-11-09_8035_8082,data/DriveAct_data/clips/reading_newspaper/vp14_run1_2018-05-30-10-11-09_8035_8082.mp4,24,8,25,2,24,True,True,0.9814518094062805,0.005747340153902769,0.003554779410478659,0.6193200349807739,46,6,8,8,False,
driveact,val,vp14_run2_2018-05-30-10-42-33_4667_4713,data/DriveAct_data/clips/reading_newspaper/vp14_run2_2018-05-30-10-42-33_4667_4713.mp4,24,8,25,2,24,True,True,0.9807580709457397,0.005853475071489811,0.003554779410478659,0.6127750417217612,47,6,8,8,False,
driveact,val,vp14_run1_2018-05-30-10-11-09_7583_7628,data/DriveAct_data/clips/reading_newspaper/vp14_run1_2018-05-30-10-11-09_7583_7628.mp4,24,8,25,2,24,True,True,0.976796567440033,0.005628087092190981,0.003554779410478659,0.606108601205051,45,6,8,8,False,
driveact,val,vp15_run2_2018-05-30-13-34-33_8640_8686,data/DriveAct_data/clips/reading_newspaper/vp15_run2_2018-05-30-13-34-33_8640_8686.mp4,24,8,25,2,24,True,True,0.5138232707977295,0.005824727937579155,0.003554779410478659,0.5996399931609631,47,6,8,8,False,
driveact,val,vp14_run1_2018-05-30-10-11-09_8175_8221,data/DriveAct_data/clips/reading_newspaper/vp14_run1_2018-05-30-10-11-09_8175_8221.mp4,24,8,25,2,24,True,True,0.9732421636581421,0.005743291229009628,0.003554779410478659,0.5929449805989861,47,6,8,8,False,
driveact,val,vp14_run2_2018-05-30-10-42-33_7688_7734,data/DriveAct_data/clips/sitting_still/vp14_run2_2018-05-30-10-42-33_7688_7734.mp4,25,8,25,2,25,True,True,0.9941365718841553,0.0056519052013754845,0.003554779410478659,0.5864310911856592,47,6,8,8,False,
driveact,val,vp14_run2_2018-05-30-10-42-33_7643_7688,data/DriveAct_data/clips/sitting_still/vp14_run2_2018-05-30-10-42-33_7643_7688.mp4,25,8,25,2,25,True,True,0.9958677291870117,0.005594039335846901,0.003554779410478659,0.5799341420643032,45,6,8,8,False,
driveact,val,vp15_run1_2018-05-30-13-05-35_12174_12219,data/DriveAct_data/clips/sitting_still/vp15_run1_2018-05-30-13-05-35_12174_12219.mp4,25,8,25,2,5,False,True,0.8310181498527527,0.011281314305961132,0.003554779410478659,0.5735205463133752,45,6,8,8,False,
driveact,val,vp15_run2_2018-05-30-13-34-33_15454_15499,data/DriveAct_data/clips/sitting_still/vp15_run2_2018-05-30-13-34-33_15454_15499.mp4,25,8,25,2,33,False,True,0.28770148754119873,0.005773024167865515,0.003554779410478659,0.5612368546426296,44,6,8,8,False,
driveact,val,vp15_run1_2018-05-30-13-05-35_4069_4114,data/DriveAct_data/clips/sitting_still/vp15_run1_2018-05-30-13-05-35_4069_4114.mp4,25,8,25,2,25,True,True,0.62812340259552,0.005717020947486162,0.003554779410478659,0.5546391508542001,44,6,8,8,False,
driveact,val,vp15_run1_2018-05-30-13-05-35_12465_12511,data/DriveAct_data/clips/sitting_still/vp15_run1_2018-05-30-13-05-35_12465_12511.mp4,25,8,25,2,5,False,True,0.42008358240127563,0.0056314957328140736,0.003554779410478659,0.5478804497979581,47,6,8,8,False,
driveact,val,vp14_run2_2018-05-30-10-42-33_6133_6179,data/DriveAct_data/clips/sitting_still/vp14_run2_2018-05-30-10-42-33_6133_6179.mp4,25,8,25,2,29,False,True,0.6263650059700012,0.0052979509346187115,0.003554779410478659,0.5414322461001575,46,6,8,8,False,
driveact,val,vp14_run2_2018-05-30-10-42-33_14371_14416,data/DriveAct_data/clips/sitting_still/vp14_run2_2018-05-30-10-42-33_14371_14416.mp4,25,8,25,2,25,True,True,0.9966908693313599,0.005551046226173639,0.003554779410478659,0.5352446916513145,44,6,8,8,False,
driveact,val,vp15_run2_2018-05-30-13-34-33_15819_15850,data/DriveAct_data/clips/sitting_still/vp15_run2_2018-05-30-13-34-33_15819_15850.mp4,25,8,25,2,24,False,True,0.3796815276145935,0.005061368923634291,0.003554779410478659,0.5288921613246202,32,4,8,8,False,
driveact,val,vp15_run2_2018-05-30-13-34-33_19077_19122,data/DriveAct_data/clips/sitting_still/vp15_run2_2018-05-30-13-34-33_19077_19122.mp4,25,8,25,2,5,False,True,0.2231455296278,0.009444326627999544,0.003554779410478659,0.5229902160353959,45,6,8,8,False,
driveact,val,vp15_run2_2018-05-30-13-34-33_6689_6702,data/DriveAct_data/clips/sitting_still/vp15_run2_2018-05-30-13-34-33_6689_6702.mp4,25,8,25,2,25,True,True,0.9005053639411926,0.004667268134653568,0.003554779410478659,0.5125720570795238,14,2,8,8,False,
driveact,val,vp15_run1_2018-05-30-13-05-35_13051_13096,data/DriveAct_data/clips/sitting_still/vp15_run1_2018-05-30-13-05-35_13051_13096.mp4,25,8,25,2,25,True,True,0.973259687423706,0.005498136393725872,0.003554779410478659,0.5071863019838929,44,6,8,8,False,
driveact,val,vp15_run1_2018-05-30-13-05-35_11381_11426,data/DriveAct_data/clips/sitting_still/vp15_run1_2018-05-30-13-05-35_11381_11426.mp4,25,8,25,2,25,True,True,0.9926396608352661,0.00578897912055254,0.003554779410478659,0.500900634098798,45,6,8,8,False,
driveact,val,vp15_run2_2018-05-30-13-34-33_6643_6689,data/DriveAct_data/clips/sitting_still/vp15_run2_2018-05-30-13-34-33_6643_6689.mp4,25,8,25,2,25,True,True,0.780219554901123,0.005873591173440218,0.003554779410478659,0.4943323018960655,46,6,8,8,False,
driveact,val,vp15_run1_2018-05-30-13-05-35_12264_12310,data/DriveAct_data/clips/sitting_still/vp15_run1_2018-05-30-13-05-35_12264_12310.mp4,25,8,25,2,5,False,True,0.4888158440589905,0.00554982665926218,0.003554779410478659,0.48754645697772503,47,6,8,8,False,
driveact,val,vp15_run1_2018-05-30-13-05-35_13142_13187,data/DriveAct_data/clips/sitting_still/vp15_run1_2018-05-30-13-05-35_13142_13187.mp4,25,8,25,2,25,True,True,0.9392794370651245,0.005877966992557049,0.003554779410478659,0.48109332704916596,45,6,8,8,False,
driveact,val,vp15_run2_2018-05-30-13-34-33_15272_15317,data/DriveAct_data/clips/sitting_still/vp15_run2_2018-05-30-13-34-33_15272_15317.mp4,25,8,25,2,33,False,True,0.352426141500473,0.009891683235764503,0.0040156442555598915,0.6967264036647975,45,6,8,8,False,
driveact,val,vp15_run1_2018-05-30-13-05-35_6945_6990,data/DriveAct_data/clips/sitting_still/vp15_run1_2018-05-30-13-05-35_6945_6990.mp4,25,8,25,2,25,True,True,0.5375010371208191,0.005666588898748159,0.0040156442555598915,0.6848209355957806,45,6,8,8,False,
driveact,val,vp15_run1_2018-05-30-13-05-35_18189_18199,data/DriveAct_data/clips/sitting_still/vp15_run1_2018-05-30-13-05-35_18189_18199.mp4,25,8,25,2,25,True,True,0.9933559894561768,0.004302811808884144,0.0040156442555598915,0.6783728990703821,11,2,8,8,False,
driveact,val,vp15_run2_2018-05-30-13-34-33_16840_16885,data/DriveAct_data/clips/sitting_still/vp15_run2_2018-05-30-13-34-33_16840_16885.mp4,25,8,25,2,10,False,False,0.25861361622810364,0.005599814001470804,0.0040156442555598915,0.6733808540739119,44,6,8,8,False,
driveact,val,vp15_run1_2018-05-30-13-05-35_5777_5811,data/DriveAct_data/clips/taking_laptop_from_backpack/vp15_run1_2018-05-30-13-05-35_5777_5811.mp4,26,8,25,2,9,False,False,0.44181764125823975,0.004939110949635506,0.0040156442555598915,0.6670231441967189,35,5,8,8,False,
driveact,val,vp15_run2_2018-05-30-13-34-33_14570_14605,data/DriveAct_data/clips/taking_off_jacket/vp15_run2_2018-05-30-13-34-33_14570_14605.mp4,27,8,25,2,17,False,True,0.2964881956577301,0.005092295352369547,0.0040156442555598915,0.661184832919389,35,5,8,8,False,
driveact,val,vp15_run2_2018-05-30-13-34-33_14342_14388,data/DriveAct_data/clips/taking_off_jacket/vp15_run2_2018-05-30-13-34-33_14342_14388.mp4,27,8,25,2,27,True,True,0.4450589418411255,0.005840686149895191,0.0040156442555598915,0.6551116378977895,47,6,8,8,False,
driveact,val,vp14_run1_2018-05-30-10-11-09_12915_12960,data/DriveAct_data/clips/taking_off_jacket/vp14_run1_2018-05-30-10-11-09_12915_12960.mp4,27,8,25,2,21,False,True,0.24325402081012726,0.005332499276846647,0.0040156442555598915,0.6483964030630887,45,6,8,8,False,
driveact,val,vp14_run1_2018-05-30-10-11-09_12825_12871,data/DriveAct_data/clips/taking_off_jacket/vp14_run1_2018-05-30-10-11-09_12825_12871.mp4,27,8,25,2,25,False,False,0.5864697098731995,0.005086079239845276,0.0040156442555598915,0.6422666567377746,47,6,8,8,False,
driveact,val,vp14_run2_2018-05-30-10-42-33_10048_10093,data/DriveAct_data/clips/taking_off_jacket/vp14_run2_2018-05-30-10-42-33_10048_10093.mp4,27,8,25,2,9,False,True,0.34693625569343567,0.005530074238777161,0.0040156442555598915,0.6363626830279827,44,6,8,8,False,
driveact,val,vp15_run1_2018-05-30-13-05-35_14951_14996,data/DriveAct_data/clips/taking_off_jacket/vp15_run1_2018-05-30-13-05-35_14951_14996.mp4,27,8,25,2,14,False,False,0.18573682010173798,0.005283197853714228,0.0040156442555598915,0.6299978434108198,45,6,8,8,False,
driveact,val,vp15_run1_2018-05-30-13-05-35_14907_14951,data/DriveAct_data/clips/taking_off_jacket/vp15_run1_2018-05-30-13-05-35_14907_14951.mp4,27,8,25,2,21,False,True,0.3014146089553833,0.005070934072136879,0.0040156442555598915,0.6239435947500169,44,6,8,8,False,
driveact,val,vp14_run1_2018-05-30-10-11-09_12960_13005,data/DriveAct_data/clips/taking_off_jacket/vp14_run1_2018-05-30-10-11-09_12960_13005.mp4,27,8,25,2,27,True,True,0.28319963812828064,0.0052922251634299755,0.0040156442555598915,0.6179937841370702,45,6,8,8,False,
driveact,val,vp15_run2_2018-05-30-13-34-33_14480_14525,data/DriveAct_data/clips/taking_off_jacket/vp15_run2_2018-05-30-13-34-33_14480_14525.mp4,27,8,25,2,27,True,True,0.48037439584732056,0.008382415864616632,0.0040156442555598915,0.6118017351254821,45,6,8,8,False,
driveact,val,vp15_run1_2018-05-30-13-05-35_14861_14907,data/DriveAct_data/clips/taking_off_jacket/vp15_run1_2018-05-30-13-05-35_14861_14907.mp4,27,8,25,2,8,False,True,0.6647385358810425,0.005345648154616356,0.0040156442555598915,0.602616076823324,47,6,8,8,False,
driveact,val,vp14_run1_2018-05-30-10-11-09_13095_13121,data/DriveAct_data/clips/taking_off_jacket/vp14_run1_2018-05-30-10-11-09_13095_13121.mp4,27,8,25,2,9,False,True,0.45454367995262146,0.0045740338973701,0.0040156442555598915,0.5961240138858557,26,3,8,8,False,
driveact,val,vp15_run1_2018-05-30-13-05-35_14816_14861,data/DriveAct_data/clips/taking_off_jacket/vp15_run1_2018-05-30-13-05-35_14816_14861.mp4,27,8,25,2,8,False,False,0.6829819083213806,0.006097692064940929,0.0040156442555598915,0.5907450313679874,45,6,8,8,False,
driveact,val,vp14_run2_2018-05-30-10-42-33_9773_9819,data/DriveAct_data/clips/taking_off_jacket/vp14_run2_2018-05-30-10-42-33_9773_9819.mp4,27,8,25,2,27,True,True,0.33671990036964417,0.007125232834368944,0.0040156442555598915,0.5837169429287314,47,6,8,8,False,
driveact,val,vp14_run1_2018-05-30-10-11-09_13005_13050,data/DriveAct_data/clips/taking_off_jacket/vp14_run1_2018-05-30-10-11-09_13005_13050.mp4,27,8,25,2,21,False,True,0.2591097354888916,0.005365561693906784,0.0040156442555598915,0.5757898399606347,45,6,8,8,False,
driveact,val,vp14_run2_2018-05-30-10-42-33_9911_9957,data/DriveAct_data/clips/taking_off_jacket/vp14_run2_2018-05-30-10-42-33_9911_9957.mp4,27,8,25,2,27,True,True,0.23488545417785645,0.005435621365904808,0.0040156442555598915,0.5695249661803246,47,6,8,8,False,
driveact,val,vp15_run2_2018-05-30-13-34-33_14388_14435,data/DriveAct_data/clips/taking_off_jacket/vp15_run2_2018-05-30-13-34-33_14388_14435.mp4,27,8,25,2,11,False,True,0.37034228444099426,0.0054006073623895645,0.0040156442555598915,0.5632664798758924,47,6,8,8,False,
driveact,val,vp14_run1_2018-05-30-10-11-09_12871_12915,data/DriveAct_data/clips/taking_off_jacket/vp14_run1_2018-05-30-10-11-09_12871_12915.mp4,27,8,25,2,9,False,True,0.2371237725019455,0.005320503376424313,0.0040156442555598915,0.5568843767978251,43,6,8,8,False,
driveact,val,vp15_run1_2018-05-30-13-05-35_15088_15124,data/DriveAct_data/clips/taking_off_jacket/vp15_run1_2018-05-30-13-05-35_15088_15124.mp4,27,8,25,2,21,False,False,0.43266671895980835,0.005274696741253138,0.0040156442555598915,0.5506229386664927,35,5,8,8,False,
driveact,val,vp14_run1_2018-05-30-10-11-09_13050_13095,data/DriveAct_data/clips/taking_off_jacket/vp14_run1_2018-05-30-10-11-09_13050_13095.mp4,27,8,25,2,17,False,False,0.5800377726554871,0.005396433174610138,0.0040156442555598915,0.5443820962682366,45,6,8,8,False,
driveact,val,vp15_run2_2018-05-30-13-34-33_14297_14342,data/DriveAct_data/clips/taking_off_jacket/vp15_run2_2018-05-30-13-34-33_14297_14342.mp4,27,8,25,2,17,False,False,0.30218741297721863,0.0051387459971010685,0.0040156442555598915,0.538165062200278,45,6,8,8,False,
driveact,val,vp14_run1_2018-05-30-10-11-09_13541_13565,data/DriveAct_data/clips/taking_off_sunglasses/vp14_run1_2018-05-30-10-11-09_13541_13565.mp4,28,8,25,2,9,False,False,0.5648588538169861,0.004784002900123596,0.0040156442555598915,0.5321378749795258,24,3,8,8,False,
driveact,val,vp14_run2_2018-05-30-10-42-33_14879_14897,data/DriveAct_data/clips/taking_off_sunglasses/vp14_run2_2018-05-30-10-42-33_14879_14897.mp4,28,8,25,2,22,False,True,0.4645727574825287,0.004830483812838793,0.0040156442555598915,0.5265267617069185,18,2,8,8,False,
driveact,val,vp15_run1_2018-05-30-13-05-35_8745_8776,data/DriveAct_data/clips/taking_off_sunglasses/vp15_run1_2018-05-30-13-05-35_8745_8776.mp4,28,8,25,2,25,False,False,0.9380810856819153,0.005011423025280237,0.0040156442555598915,0.5209103180095553,32,4,8,8,False,
driveact,val,vp14_run2_2018-05-30-10-42-33_8419_8445,data/DriveAct_data/clips/taking_off_sunglasses/vp14_run2_2018-05-30-10-42-33_8419_8445.mp4,28,8,25,2,25,False,False,0.7796682119369507,0.005955335684120655,0.0040156442555598915,0.5150239188224077,25,3,8,8,False,
driveact,val,vp15_run1_2018-05-30-13-05-35_8776_8808,data/DriveAct_data/clips/taking_off_sunglasses/vp15_run1_2018-05-30-13-05-35_8776_8808.mp4,28,8,25,2,22,False,True,0.3347660005092621,0.0053459289483726025,0.0040156442555598915,0.508300248067826,31,4,8,8,False,
driveact,val,vp15_run2_2018-05-30-13-34-33_12292_12320,data/DriveAct_data/clips/taking_off_sunglasses/vp15_run2_2018-05-30-13-34-33_12292_12320.mp4,28,8,25,2,25,False,True,0.897149384021759,0.005025319289416075,0.0040156442555598915,0.5020418362691998,28,4,8,8,False,
driveact,val,vp14_run1_2018-05-30-10-11-09_10080_10107,data/DriveAct_data/clips/taking_off_sunglasses/vp14_run1_2018-05-30-10-11-09_10080_10107.mp4,28,8,25,2,9,False,False,0.40825408697128296,0.005166811868548393,0.0040156442555598915,0.4959393348544836,27,4,8,8,False,
driveact,val,vp14_run2_2018-05-30-10-42-33_9666_9696,data/DriveAct_data/clips/taking_off_sunglasses/vp14_run2_2018-05-30-10-42-33_9666_9696.mp4,28,8,25,2,25,False,False,0.9647921323776245,0.010437517892569304,0.003932247491320595,0.7091169799678028,30,4,8,8,False,
driveact,val,vp15_run1_2018-05-30-13-05-35_9044_9084,data/DriveAct_data/clips/taking_off_sunglasses/vp15_run1_2018-05-30-13-05-35_9044_9084.mp4,28,8,25,2,22,False,False,0.1740635633468628,0.00596206309273839,0.003932247491320595,0.6921678152866662,41,5,8,8,False,
driveact,val,vp15_run2_2018-05-30-13-34-33_12664_12693,data/DriveAct_data/clips/taking_off_sunglasses/vp15_run2_2018-05-30-13-34-33_12664_12693.mp4,28,8,25,2,9,False,True,0.19064906239509583,0.005324535071849823,0.003932247491320595,0.6852955729700625,28,4,8,8,False,
driveact,val,vp15_run2_2018-05-30-13-34-33_12408_12431,data/DriveAct_data/clips/taking_off_sunglasses/vp15_run2_2018-05-30-13-34-33_12408_12431.mp4,28,8,25,2,9,False,False,0.5174522995948792,0.004592275712639093,0.003932247491320595,0.6792026967741549,23,3,8,8,False,
driveact,val,vp14_run2_2018-05-30-10-42-33_7828_7873,data/DriveAct_data/clips/taking_off_sunglasses/vp14_run2_2018-05-30-10-42-33_7828_7873.mp4,28,8,25,2,9,False,True,0.30706602334976196,0.0056085651740431786,0.003932247491320595,0.6737937359139323,44,6,8,8,False,
driveact,val,vp14_run1_2018-05-30-10-11-09_10182_10207,data/DriveAct_data/clips/taking_off_sunglasses/vp14_run1_2018-05-30-10-11-09_10182_10207.mp4,28,8,25,2,32,False,False,0.4208105802536011,0.00483879167586565,0.003932247491320595,0.6673842114396393,26,3,8,8,False,
driveact,val,vp14_run2_2018-05-30-10-42-33_14833_14879,data/DriveAct_data/clips/taking_off_sunglasses/vp14_run2_2018-05-30-10-42-33_14833_14879.mp4,28,8,25,2,19,False,False,0.7179362177848816,0.005531711038202047,0.003932247491320595,0.6617228919640183,46,6,8,8,False,
driveact,val,vp15_run2_2018-05-30-13-34-33_4699_4745,data/DriveAct_data/clips/talking_on_phone/vp15_run2_2018-05-30-13-34-33_4699_4745.mp4,29,8,25,2,25,False,True,0.9793126583099365,0.005768702365458012,0.003932247491320595,0.6553093437105417,46,6,8,8,False,
driveact,val,vp14_run1_2018-05-30-10-11-09_4247_4292,data/DriveAct_data/clips/talking_on_phone/vp14_run1_2018-05-30-10-11-09_4247_4292.mp4,29,8,25,2,25,False,True,0.9967357516288757,0.005454786121845245,0.003932247491320595,0.6486725183203816,45,6,8,8,False,
driveact,val,vp15_run2_2018-05-30-13-34-33_4290_4334,data/DriveAct_data/clips/talking_on_phone/vp15_run2_2018-05-30-13-34-33_4290_4334.mp4,29,8,25,2,25,False,True,0.9974417686462402,0.0056588128209114075,0.003932247491320595,0.6423952388577163,44,6,8,8,False,
driveact,val,vp15_run1_2018-05-30-13-05-35_16166_16212,data/DriveAct_data/clips/talking_on_phone/vp15_run1_2018-05-30-13-05-35_16166_16212.mp4,29,8,25,2,25,False,True,0.9942641854286194,0.0056168558076024055,0.003932247491320595,0.6359740630723536,47,6,8,8,False,
driveact,val,vp14_run1_2018-05-30-10-11-09_4382_4428,data/DriveAct_data/clips/talking_on_phone/vp14_run1_2018-05-30-10-11-09_4382_4428.mp4,29,8,25,2,25,False,True,0.9833749532699585,0.0055401511490345,0.003932247491320595,0.6293768333271146,47,6,8,8,False,
driveact,val,vp14_run2_2018-05-30-10-42-33_8754_8800,data/DriveAct_data/clips/talking_on_phone/vp14_run2_2018-05-30-10-42-33_8754_8800.mp4,29,8,25,2,25,False,True,0.9970898032188416,0.009875786025077105,0.003932247491320595,0.623026002664119,47,6,8,8,False,
driveact,val,vp14_run2_2018-05-30-10-42-33_8800_8845,data/DriveAct_data/clips/talking_on_phone/vp14_run2_2018-05-30-10-42-33_8800_8845.mp4,29,8,25,2,25,False,True,0.9970470070838928,0.0059496560133993626,0.003932247491320595,0.612254599109292,44,6,8,8,False,
driveact,val,vp15_run1_2018-05-30-13-05-35_16302_16349,data/DriveAct_data/clips/talking_on_phone/vp15_run1_2018-05-30-13-05-35_16302_16349.mp4,29,8,25,2,25,False,True,0.9948828220367432,0.005455241072922945,0.003932247491320595,0.6055256798863411,47,6,8,8,False,
driveact,val,vp14_run2_2018-05-30-10-42-33_8573_8618,data/DriveAct_data/clips/talking_on_phone/vp14_run2_2018-05-30-10-42-33_8573_8618.mp4,29,8,25,2,13,False,False,0.27902644872665405,0.005352865904569626,0.003932247491320595,0.5992016321979463,45,6,8,8,False,
driveact,val,vp15_run2_2018-05-30-13-34-33_4198_4243,data/DriveAct_data/clips/talking_on_phone/vp15_run2_2018-05-30-13-34-33_4198_4243.mp4,29,8,25,2,25,False,True,0.997161865234375,0.005789651069790125,0.003932247491320595,0.5930444598197937,44,6,8,8,False,
driveact,val,vp14_run2_2018-05-30-10-42-33_8936_8981,data/DriveAct_data/clips/talking_on_phone/vp14_run2_2018-05-30-10-42-33_8936_8981.mp4,29,8,25,2,25,False,True,0.9966716766357422,0.01018392201513052,0.003932247491320595,0.5864254720509052,45,6,8,8,False,
driveact,val,vp15_run2_2018-05-30-13-34-33_4562_4608,data/DriveAct_data/clips/talking_on_phone/vp15_run2_2018-05-30-13-34-33_4562_4608.mp4,29,8,25,2,25,False,True,0.99712735414505,0.005958426743745804,0.003932247491320595,0.5751177188940346,47,6,8,8,False,
driveact,val,vp15_run2_2018-05-30-13-34-33_4106_4152,data/DriveAct_data/clips/talking_on_phone/vp15_run2_2018-05-30-13-34-33_4106_4152.mp4,29,8,25,2,25,False,True,0.9970718622207642,0.005671763326972723,0.003932247491320595,0.5683866161853075,47,6,8,8,False,
driveact,val,vp15_run2_2018-05-30-13-34-33_3968_4014,data/DriveAct_data/clips/talking_on_phone/vp15_run2_2018-05-30-13-34-33_3968_4014.mp4,29,8,25,2,29,True,True,0.2530868351459503,0.005295023322105408,0.003932247491320595,0.5618872917257249,47,6,8,8,False,
driveact,val,vp14_run2_2018-05-30-10-42-33_8709_8754,data/DriveAct_data/clips/talking_on_phone/vp14_run2_2018-05-30-10-42-33_8709_8754.mp4,29,8,25,2,25,False,True,0.9961695075035095,0.005929170176386833,0.003932247491320595,0.5557816219516098,45,6,8,8,False,
driveact,val,vp15_run1_2018-05-30-13-05-35_16030_16075,data/DriveAct_data/clips/talking_on_phone/vp15_run1_2018-05-30-13-05-35_16030_16075.mp4,29,8,25,2,25,False,True,0.973504900932312,0.005235909018665552,0.003932247491320595,0.5489985719323158,44,6,8,8,False,
driveact,val,vp15_run1_2018-05-30-13-05-35_15985_16030,data/DriveAct_data/clips/talking_on_phone/vp15_run1_2018-05-30-13-05-35_15985_16030.mp4,29,8,25,2,25,False,True,0.9707923531532288,0.005661976058036089,0.003932247491320595,0.5429440159350634,44,6,8,8,False,
driveact,val,vp15_run2_2018-05-30-13-34-33_4836_4881,data/DriveAct_data/clips/talking_on_phone/vp15_run2_2018-05-30-13-34-33_4836_4881.mp4,29,8,25,2,25,False,True,0.9944818019866943,0.005260305013507605,0.003932247491320595,0.5364498659037054,45,6,8,8,False,
driveact,val,vp14_run1_2018-05-30-10-11-09_4110_4156,data/DriveAct_data/clips/talking_on_phone/vp14_run1_2018-05-30-10-11-09_4110_4156.mp4,29,8,25,2,29,True,True,0.88265460729599,0.0054306150414049625,0.003932247491320595,0.5303821093402803,47,6,8,8,False,
driveact,val,vp14_run1_2018-05-30-10-11-09_4201_4247,data/DriveAct_data/clips/talking_on_phone/vp14_run1_2018-05-30-10-11-09_4201_4247.mp4,29,8,25,2,25,False,True,0.9622916579246521,0.005664956755936146,0.003932247491320595,0.5239685797132552,46,6,8,8,False,
driveact,val,vp15_run1_2018-05-30-13-05-35_18649_18695,data/DriveAct_data/clips/unfastening_seat_belt/vp15_run1_2018-05-30-13-05-35_18649_18695.mp4,30,8,25,2,25,False,True,0.7469265460968018,0.005566016770899296,0.003932247491320595,0.5174739500507712,46,6,8,8,False,
driveact,val,vp14_run2_2018-05-30-10-42-33_22124_22169,data/DriveAct_data/clips/unfastening_seat_belt/vp14_run2_2018-05-30-10-42-33_22124_22169.mp4,30,8,25,2,25,False,False,0.9662847518920898,0.005598499905318022,0.003932247491320595,0.5109773939475417,45,6,8,8,False,
driveact,val,vp14_run1_2018-05-30-10-11-09_12137_12174,data/DriveAct_data/clips/unfastening_seat_belt/vp14_run1_2018-05-30-10-11-09_12137_12174.mp4,30,8,25,2,8,False,True,0.5215492248535156,0.005336171947419643,0.003932247491320595,0.5045194639824331,38,5,8,8,False,
driveact,val,vp15_run2_2018-05-30-13-34-33_19595_19604,data/DriveAct_data/clips/unfastening_seat_belt/vp15_run2_2018-05-30-13-34-33_19595_19604.mp4,30,8,25,2,8,False,True,0.3017544448375702,0.0037911757826805115,0.003932247491320595,0.4982957262545824,9,1,8,8,False,
driveact,val,vp14_run1_2018-05-30-10-11-09_24267_24314,data/DriveAct_data/clips/unfastening_seat_belt/vp14_run1_2018-05-30-10-11-09_24267_24314.mp4,30,8,25,2,25,False,False,0.7975214123725891,0.0055115921422839165,0.003932247491320595,0.49376429012045264,47,6,8,8,False,
driveact,val,vp14_run1_2018-05-30-10-11-09_12779_12825,data/DriveAct_data/clips/unfastening_seat_belt/vp14_run1_2018-05-30-10-11-09_12779_12825.mp4,30,8,25,2,9,False,False,0.2770165801048279,0.013967194594442844,0.003598994968342595,0.6664791190996766,47,6,8,8,False,
driveact,val,vp15_run2_2018-05-30-13-34-33_19550_19595,data/DriveAct_data/clips/unfastening_seat_belt/vp15_run2_2018-05-30-13-34-33_19550_19595.mp4,30,8,25,2,25,False,True,0.4802296459674835,0.00598480086773634,0.003598994968342595,0.650749180931598,45,6,8,8,False,
driveact,val,vp14_run1_2018-05-30-10-11-09_24314_24327,data/DriveAct_data/clips/unfastening_seat_belt/vp14_run1_2018-05-30-10-11-09_24314_24327.mp4,30,8,25,2,29,False,False,0.5092408061027527,0.004284979309886694,0.003598994968342595,0.643857198767364,14,2,8,8,False,
driveact,val,vp14_run2_2018-05-30-10-42-33_22169_22185,data/DriveAct_data/clips/unfastening_seat_belt/vp14_run2_2018-05-30-10-42-33_22169_22185.mp4,30,8,25,2,25,False,False,0.9936969876289368,0.004497053101658821,0.003598994968342595,0.6386843677610159,17,2,8,8,False,
driveact,val,vp15_run2_2018-05-30-13-34-33_11778_11786,data/DriveAct_data/clips/using_multimedia_display/vp15_run2_2018-05-30-13-34-33_11778_11786.mp4,31,8,25,2,31,True,True,0.9690257906913757,0.003906353376805782,0.003598994968342595,0.6334314048290253,8,1,8,8,False,
driveact,val,vp15_run1_2018-05-30-13-05-35_3818_3831,data/DriveAct_data/clips/using_multimedia_display/vp15_run1_2018-05-30-13-05-35_3818_3831.mp4,31,8,25,2,31,True,True,0.9814945459365845,0.004202299751341343,0.003598994968342595,0.6286636781878769,14,2,8,8,False,
driveact,val,vp15_run1_2018-05-30-13-05-35_8238_8248,data/DriveAct_data/clips/using_multimedia_display/vp15_run1_2018-05-30-13-05-35_8238_8248.mp4,31,8,25,2,31,True,True,0.9412169456481934,0.004179439973086119,0.003598994968342595,0.6236989088356495,11,2,8,8,False,
driveact,val,vp15_run2_2018-05-30-13-34-33_6537_6549,data/DriveAct_data/clips/using_multimedia_display/vp15_run2_2018-05-30-13-34-33_6537_6549.mp4,31,8,25,2,31,True,True,0.975284218788147,0.004201516043394804,0.003598994968342595,0.6187983048148453,12,2,8,8,False,
driveact,val,vp15_run1_2018-05-30-13-05-35_974_983,data/DriveAct_data/clips/using_multimedia_display/vp15_run1_2018-05-30-13-05-35_974_983.mp4,31,8,25,2,31,True,True,0.8113490343093872,0.0035785241052508354,0.003598994968342595,0.613858550786972,9,1,8,8,False,
driveact,val,vp15_run2_2018-05-30-13-34-33_13111_13126,data/DriveAct_data/clips/using_multimedia_display/vp15_run2_2018-05-30-13-34-33_13111_13126.mp4,31,8,25,2,25,False,True,0.8348373174667358,0.004688394721597433,0.003598994968342595,0.6095136348158121,14,2,8,8,False,
driveact,val,vp14_run1_2018-05-30-10-11-09_481_527,data/DriveAct_data/clips/using_multimedia_display/vp14_run1_2018-05-30-10-11-09_481_527.mp4,31,8,25,2,31,True,True,0.9691832661628723,0.005431594792753458,0.003598994968342595,0.6040799389593303,46,6,8,8,False,
driveact,val,vp14_run1_2018-05-30-10-11-09_6188_6200,data/DriveAct_data/clips/using_multimedia_display/vp14_run1_2018-05-30-10-11-09_6188_6200.mp4,31,8,25,2,31,True,True,0.9311322569847107,0.004339170642197132,0.003598994968342595,0.597872004378587,12,2,8,8,False,
driveact,val,vp14_run1_2018-05-30-10-11-09_3432_3477,data/DriveAct_data/clips/using_multimedia_display/vp14_run1_2018-05-30-10-11-09_3432_3477.mp4,31,8,25,2,31,True,True,0.48566338419914246,0.005802749656140804,0.003598994968342595,0.5928573990240693,45,6,8,8,False,
driveact,val,vp14_run1_2018-05-30-10-11-09_17309_17338,data/DriveAct_data/clips/using_multimedia_display/vp14_run1_2018-05-30-10-11-09_17309_17338.mp4,31,8,25,2,31,True,True,0.8787010908126831,0.004963429179042578,0.003598994968342595,0.5861950959078968,29,4,8,8,False,
driveact,val,vp15_run2_2018-05-30-13-34-33_12574_12588,data/DriveAct_data/clips/using_multimedia_display/vp15_run2_2018-05-30-13-34-33_12574_12588.mp4,31,8,25,2,31,True,True,0.9620673656463623,0.004203527234494686,0.003598994968342595,0.5803973423317075,13,2,8,8,False,
driveact,val,vp14_run1_2018-05-30-10-11-09_527_565,data/DriveAct_data/clips/using_multimedia_display/vp14_run1_2018-05-30-10-11-09_527_565.mp4,31,8,25,2,31,True,True,0.7102172374725342,0.005163030698895454,0.003598994968342595,0.5754644451662898,38,5,8,8,False,
driveact,val,vp14_run2_2018-05-30-10-42-33_17113_17158,data/DriveAct_data/clips/using_multimedia_display/vp14_run2_2018-05-30-10-42-33_17113_17158.mp4,31,8,25,2,31,True,True,0.9007884860038757,0.005368484184145927,0.003598994968342595,0.5695016249082983,44,6,8,8,False,
driveact,val,vp14_run2_2018-05-30-10-42-33_14337_14354,data/DriveAct_data/clips/using_multimedia_display/vp14_run2_2018-05-30-10-42-33_14337_14354.mp4,31,8,25,2,31,True,True,0.9783531427383423,0.004812336061149836,0.003598994968342595,0.5632403749041259,17,2,8,8,False,
driveact,val,vp14_run2_2018-05-30-10-42-33_13900_13910,data/DriveAct_data/clips/using_multimedia_display/vp14_run2_2018-05-30-10-42-33_13900_13910.mp4,31,8,25,2,31,True,True,0.8280425071716309,0.003907519858330488,0.003598994968342595,0.5576688330620527,10,1,8,8,False,
driveact,val,vp15_run1_2018-05-30-13-05-35_10086_10100,data/DriveAct_data/clips/using_multimedia_display/vp15_run1_2018-05-30-13-05-35_10086_10100.mp4,31,8,25,2,31,True,True,0.6532732248306274,0.00418440904468298,0.003598994968342595,0.5531144798733294,14,2,8,8,False,
driveact,val,vp14_run2_2018-05-30-10-42-33_495_508,data/DriveAct_data/clips/using_multimedia_display/vp14_run2_2018-05-30-10-42-33_495_508.mp4,31,8,25,2,25,False,True,0.6266206502914429,0.004063081927597523,0.003598994968342595,0.5481420722790062,14,2,8,8,False,
driveact,val,vp15_run1_2018-05-30-13-05-35_372_391,data/DriveAct_data/clips/using_multimedia_display/vp15_run1_2018-05-30-13-05-35_372_391.mp4,31,8,25,2,31,True,True,0.9567621350288391,0.0057715061120688915,0.003598994968342595,0.543334795627743,20,3,8,8,False,
driveact,val,vp15_run1_2018-05-30-13-05-35_17889_17898,data/DriveAct_data/clips/using_multimedia_display/vp15_run1_2018-05-30-13-05-35_17889_17898.mp4,31,8,25,2,31,True,True,0.9310765862464905,0.0035826750099658966,0.003598994968342595,0.5366869261488318,9,1,8,8,False,
driveact,val,vp15_run1_2018-05-30-13-05-35_9464_9472,data/DriveAct_data/clips/using_multimedia_display/vp15_run1_2018-05-30-13-05-35_9464_9472.mp4,31,8,25,2,31,True,True,0.9278833270072937,0.004099732264876366,0.003598994968342595,0.5324945067986846,8,1,8,8,False,
driveact,val,vp15_run1_2018-05-30-13-05-35_5909_5948,data/DriveAct_data/clips/working_on_laptop/vp15_run1_2018-05-30-13-05-35_5909_5948.mp4,32,8,25,2,32,True,True,0.33792078495025635,0.0056196460500359535,0.003598994968342595,0.5274679781869054,39,5,8,8,False,
driveact,val,vp14_run1_2018-05-30-10-11-09_22009_22055,data/DriveAct_data/clips/working_on_laptop/vp14_run1_2018-05-30-10-11-09_22009_22055.mp4,32,8,25,2,32,True,True,0.8945693969726562,0.005468626972287893,0.003598994968342595,0.5211018561385572,46,6,8,8,False,
driveact,val,vp14_run2_2018-05-30-10-42-33_13656_13691,data/DriveAct_data/clips/working_on_laptop/vp14_run2_2018-05-30-10-42-33_13656_13691.mp4,32,8,25,2,33,False,True,0.28782564401626587,0.005306509789079428,0.003598994968342595,0.5148363937623799,35,5,8,8,False,
driveact,val,vp14_run2_2018-05-30-10-42-33_12649_12694,data/DriveAct_data/clips/working_on_laptop/vp14_run2_2018-05-30-10-42-33_12649_12694.mp4,32,8,25,2,32,True,True,0.7402104139328003,0.005590908229351044,0.003598994968342595,0.5086575299501419,44,6,8,8,False,
driveact,val,vp14_run2_2018-05-30-10-42-33_12739_12784,data/DriveAct_data/clips/working_on_laptop/vp14_run2_2018-05-30-10-42-33_12739_12784.mp4,32,8,25,2,10,False,True,0.732901930809021,0.005225783679634333,0.003598994968342595,0.502247572876513,44,6,8,8,False,
driveact,val,vp14_run1_2018-05-30-10-11-09_22191_22237,data/DriveAct_data/clips/working_on_laptop/vp14_run1_2018-05-30-10-11-09_22191_22237.mp4,32,8,25,2,32,True,True,0.7237216830253601,0.0054320963099598885,0.003598994968342595,0.49622142035514116,47,6,8,8,False,
driveact,val,vp14_run2_2018-05-30-10-42-33_12559_12604,data/DriveAct_data/clips/working_on_laptop/vp14_run2_2018-05-30-10-42-33_12559_12604.mp4,32,8,25,2,25,False,True,0.4851513206958771,0.005544822197407484,0.003598994968342595,0.4899800652638078,44,6,8,8,False,
driveact,val,vp15_run1_2018-05-30-13-05-35_5960_6004,data/DriveAct_data/clips/working_on_laptop/vp15_run1_2018-05-30-13-05-35_5960_6004.mp4,32,8,25,2,32,True,True,0.9302908778190613,0.005447139032185078,0.003598994968342595,0.48360638599842787,44,6,8,8,False,
driveact,val,vp14_run2_2018-05-30-10-42-33_12829_12875,data/DriveAct_data/clips/working_on_laptop/vp14_run2_2018-05-30-10-42-33_12829_12875.mp4,32,8,25,2,32,True,True,0.596600353717804,0.012999690603464842,0.00432626943802461,0.7226700549945235,46,6,8,8,False,
driveact,val,vp15_run1_2018-05-30-13-05-35_6095_6142,data/DriveAct_data/clips/working_on_laptop/vp15_run1_2018-05-30-13-05-35_6095_6142.mp4,32,8,25,2,32,True,True,0.9354212284088135,0.006546220742166042,0.00432626943802461,0.7025539497844875,47,6,8,8,False,
driveact,val,vp15_run2_2018-05-30-13-34-33_7203_7249,data/DriveAct_data/clips/working_on_laptop/vp15_run2_2018-05-30-13-34-33_7203_7249.mp4,32,8,25,2,10,False,False,0.6247038245201111,0.005414467770606279,0.00432626943802461,0.6951061529107392,47,6,8,8,False,
driveact,val,vp14_run2_2018-05-30-10-42-33_12920_12966,data/DriveAct_data/clips/working_on_laptop/vp14_run2_2018-05-30-10-42-33_12920_12966.mp4,32,8,25,2,32,True,True,0.9556521773338318,0.005625611636787653,0.00432626943802461,0.6889138501137495,47,6,8,8,False,
driveact,val,vp15_run2_2018-05-30-13-34-33_7339_7350,data/DriveAct_data/clips/working_on_laptop/vp15_run2_2018-05-30-13-34-33_7339_7350.mp4,32,8,25,2,10,False,False,0.5471364855766296,0.003875839989632368,0.00432626943802461,0.6823054649867117,10,1,8,8,False,
driveact,val,vp14_run1_2018-05-30-10-11-09_22100_22145,data/DriveAct_data/clips/working_on_laptop/vp14_run1_2018-05-30-10-11-09_22100_22145.mp4,32,8,25,2,29,False,True,0.6940979957580566,0.005617904011160135,0.00432626943802461,0.6777565288357437,45,6,8,8,False,
driveact,val,vp14_run1_2018-05-30-10-11-09_22237_22283,data/DriveAct_data/clips/working_on_laptop/vp14_run1_2018-05-30-10-11-09_22237_22283.mp4,32,8,25,2,32,True,True,0.6497707366943359,0.00559536088258028,0.00432626943802461,0.67136150598526,46,6,8,8,False,
driveact,val,vp14_run1_2018-05-30-10-11-09_22145_22191,data/DriveAct_data/clips/working_on_laptop/vp14_run1_2018-05-30-10-11-09_22145_22191.mp4,32,8,25,2,32,True,True,0.7346845269203186,0.005450121127068996,0.00432626943802461,0.6649767677299678,47,6,8,8,False,
driveact,val,vp14_run2_2018-05-30-10-42-33_13610_13656,data/DriveAct_data/clips/working_on_laptop/vp14_run2_2018-05-30-10-42-33_13610_13656.mp4,32,8,25,2,32,True,True,0.6875084042549133,0.006377833895385265,0.00432626943802461,0.6587098469026387,47,6,8,8,False,
driveact,val,vp15_run1_2018-05-30-13-05-35_6050_6095,data/DriveAct_data/clips/working_on_laptop/vp15_run1_2018-05-30-13-05-35_6050_6095.mp4,32,8,25,2,32,True,True,0.9239197969436646,0.005581412930041552,0.00432626943802461,0.6514650420285761,45,6,8,8,False,
driveact,val,vp14_run1_2018-05-30-10-11-09_21919_21964,data/DriveAct_data/clips/working_on_laptop/vp14_run1_2018-05-30-10-11-09_21919_21964.mp4,32,8,25,2,32,True,True,0.45977073907852173,0.005306147038936615,0.00432626943802461,0.6450206208974123,44,6,8,8,False,
driveact,val,vp14_run2_2018-05-30-10-42-33_12966_12997,data/DriveAct_data/clips/working_on_laptop/vp14_run2_2018-05-30-10-42-33_12966_12997.mp4,32,8,25,2,32,True,True,0.9571742415428162,0.005083539988845587,0.00432626943802461,0.6388551532290876,32,4,8,8,False,
driveact,val,vp14_run2_2018-05-30-10-42-33_5529_5574,data/DriveAct_data/clips/writing/vp14_run2_2018-05-30-10-42-33_5529_5574.mp4,33,8,25,2,33,True,True,0.8335488438606262,0.005496724043041468,0.00432626943802461,0.632827615365386,45,6,8,8,False,
driveact,val,vp14_run2_2018-05-30-10-42-33_5755_5801,data/DriveAct_data/clips/writing/vp14_run2_2018-05-30-10-42-33_5755_5801.mp4,33,8,25,2,33,True,True,0.8332096934318542,0.0055765919387340546,0.00432626943802461,0.6264726012013853,46,6,8,8,False,
driveact,val,vp15_run1_2018-05-30-13-05-35_17809_17835,data/DriveAct_data/clips/writing/vp15_run1_2018-05-30-13-05-35_17809_17835.mp4,33,8,25,2,13,False,True,0.5334312319755554,0.0045501431450247765,0.00432626943802461,0.6200721599161625,25,3,8,8,False,
driveact,val,vp14_run1_2018-05-30-10-11-09_16457_16502,data/DriveAct_data/clips/writing/vp14_run1_2018-05-30-10-11-09_16457_16502.mp4,33,8,25,2,33,True,True,0.47373348474502563,0.005612491630017757,0.00432626943802461,0.6147843552753329,45,6,8,8,False,
driveact,val,vp14_run2_2018-05-30-10-42-33_5346_5392,data/DriveAct_data/clips/writing/vp14_run2_2018-05-30-10-42-33_5346_5392.mp4,33,8,25,2,33,True,True,0.9062232971191406,0.005453647114336491,0.00432626943802461,0.6083532143384218,47,6,8,8,False,
driveact,val,vp14_run1_2018-05-30-10-11-09_16230_16276,data/DriveAct_data/clips/writing/vp14_run1_2018-05-30-10-11-09_16230_16276.mp4,33,8,25,2,33,True,True,0.8009265661239624,0.005655596032738686,0.00432626943802461,0.6020522112958133,47,6,8,8,False,
driveact,val,vp14_run1_2018-05-30-10-11-09_16049_16095,data/DriveAct_data/clips/writing/vp14_run1_2018-05-30-10-11-09_16049_16095.mp4,33,8,25,2,33,True,True,0.5930147767066956,0.005671582650393248,0.00432626943802461,0.5956173948943615,47,6,8,8,False,
driveact,val,vp14_run2_2018-05-30-10-42-33_5664_5709,data/DriveAct_data/clips/writing/vp14_run2_2018-05-30-10-42-33_5664_5709.mp4,33,8,25,2,33,True,True,0.7468326091766357,0.006420356221497059,0.00432626943802461,0.5890989108011127,45,6,8,8,False,
driveact,val,vp14_run1_2018-05-30-10-11-09_9675_9720,data/DriveAct_data/clips/writing/vp14_run1_2018-05-30-10-11-09_9675_9720.mp4,33,8,25,2,32,False,True,0.33692434430122375,0.005754323210567236,0.00432626943802461,0.5816181949339807,45,6,8,8,False,
driveact,val,vp14_run2_2018-05-30-10-42-33_11712_11757,data/DriveAct_data/clips/writing/vp14_run2_2018-05-30-10-42-33_11712_11757.mp4,33,8,25,2,33,True,True,0.8343678712844849,0.009961222298443317,0.00432626943802461,0.5750885009765625,45,6,8,8,False,
driveact,val,vp14_run1_2018-05-30-10-11-09_16411_16457,data/DriveAct_data/clips/writing/vp14_run1_2018-05-30-10-11-09_16411_16457.mp4,33,8,25,2,33,True,True,0.577326774597168,0.005893989931792021,0.00432626943802461,0.5643020770512521,46,6,8,8,False,
driveact,val,vp14_run1_2018-05-30-10-11-09_16321_16366,data/DriveAct_data/clips/writing/vp14_run1_2018-05-30-10-11-09_16321_16366.mp4,33,8,25,2,33,True,True,0.5277883410453796,0.005884156096726656,0.00432626943802461,0.5575816240161657,44,6,8,8,False,
driveact,val,vp14_run2_2018-05-30-10-42-33_5892_5925,data/DriveAct_data/clips/writing/vp14_run2_2018-05-30-10-42-33_5892_5925.mp4,33,8,25,2,17,False,False,0.9335140585899353,0.005316859111189842,0.00432626943802461,0.5508801368996501,33,4,8,8,False,
driveact,val,vp14_run2_2018-05-30-10-42-33_5574_5619,data/DriveAct_data/clips/writing/vp14_run2_2018-05-30-10-42-33_5574_5619.mp4,33,8,25,2,33,True,True,0.9633836150169373,0.005728900898247957,0.00432626943802461,0.5445727203041315,45,6,8,8,False,
driveact,val,vp14_run2_2018-05-30-10-42-33_5437_5482,data/DriveAct_data/clips/writing/vp14_run2_2018-05-30-10-42-33_5437_5482.mp4,33,8,25,2,10,False,True,0.8735026717185974,0.0054222410544753075,0.00432626943802461,0.5380709189921618,44,6,8,8,False,
driveact,val,vp15_run2_2018-05-30-13-34-33_9130_9173,data/DriveAct_data/clips/writing/vp15_run2_2018-05-30-13-34-33_9130_9173.mp4,33,8,25,2,33,True,True,0.8999807238578796,0.0058728959411382675,0.00432626943802461,0.5317905968986452,43,6,8,8,False,
driveact,val,vp14_run2_2018-05-30-10-42-33_5709_5755,data/DriveAct_data/clips/writing/vp14_run2_2018-05-30-10-42-33_5709_5755.mp4,33,8,25,2,33,True,True,0.8194284439086914,0.0054825469851493835,0.00432626943802461,0.5250883055850863,47,6,8,8,False,
driveact,val,vp14_run2_2018-05-30-10-42-33_5801_5847,data/DriveAct_data/clips/writing/vp14_run2_2018-05-30-10-42-33_5801_5847.mp4,33,8,25,2,33,True,True,0.9490996599197388,0.0056706080213189125,0.00432626943802461,0.5188158866949379,47,6,8,8,False,
driveact,val,vp14_run1_2018-05-30-10-11-09_16095_16140,data/DriveAct_data/clips/writing/vp14_run1_2018-05-30-10-11-09_16095_16140.mp4,33,8,25,2,24,False,True,0.6282647252082825,0.005766605958342552,0.00432626943802461,0.5123171829618514,45,6,8,8,False,
driveact,val,vp14_run2_2018-05-30-10-42-33_5847_5892,data/DriveAct_data/clips/writing/vp14_run2_2018-05-30-10-42-33_5847_5892.mp4,33,8,25,2,33,True,True,0.67240309715271,0.0066031781025230885,0.00432626943802461,0.5057338178157806,45,6,8,8,False,
