dataset,split,budget,coverage,stride,n,top1,top5,mean_confidence,mean_decode_time_s,mean_inference_time_s,mean_total_time_s,mean_processed_frames,mean_model_input_frames,mean_source_frames
autsl,val,16,10,8,4418,0.009053870529651425,0.030330466274332276,0.13986300353564562,0.008736028279282824,0.0013040395817943272,0.22851045664466055,16.0,16.0,59.18605703938434
