dataset,split,budget,coverage,stride,n,top1,top5,mean_confidence,mean_decode_time_s,mean_inference_time_s,mean_total_time_s,mean_processed_frames,mean_model_input_frames,mean_source_frames
autsl,val,16,10,4,4418,0.008601177003168854,0.033952014486192846,0.14388905138438404,0.010002120570578997,0.0014192708316307571,0.2498425067887372,16.0,16.0,59.18605703938434
