dataset,split,budget,coverage,stride,n,top1,top5,mean_confidence,mean_decode_time_s,mean_inference_time_s,mean_total_time_s,mean_processed_frames,mean_model_input_frames,mean_source_frames
autsl,val,16,10,16,4418,0.009053870529651425,0.030330466274332276,0.13948081119467481,0.00870504941643313,0.0012956123567519785,0.22767081137603437,16.0,16.0,59.18605703938434
