resolution,top1,n,model,dataset,native_res
96,0.6497175141242938,885,r3d_18,hmdb51,112
112,0.7062146892655368,885,r3d_18,hmdb51,112
160,0.7570621468926554,885,r3d_18,hmdb51,112
224,0.7548022598870057,885,r3d_18,hmdb51,112
336,0.6305084745762712,885,r3d_18,hmdb51,112
