resolution,top1,n,model,dataset,native_res
48,0.5480225988700564,885,r3d_18,hmdb51,112
96,0.7875706214689265,885,r3d_18,hmdb51,112
112,0.8033898305084746,885,r3d_18,hmdb51,112
160,0.7593220338983051,885,r3d_18,hmdb51,112
224,0.5977401129943503,885,r3d_18,hmdb51,112
336,0.247457627118644,885,r3d_18,hmdb51,112
