dataset,split,budget,coverage,stride,n,top1,top5,mean_confidence,mean_decode_time_s,mean_inference_time_s,mean_total_time_s,mean_processed_frames,mean_model_input_frames,mean_source_frames
autsl,val,16,10,16,4418,0.004074241738343142,0.02489814395654142,0.3489480778918972,0.005745854400459428,0.0011335054983941635,0.16974101385287235,16.0,16.0,59.18605703938434
