dataset,split,budget,coverage,stride,n,top1,top5,mean_confidence,mean_decode_time_s,mean_inference_time_s,mean_total_time_s,mean_processed_frames,mean_model_input_frames,mean_source_frames
autsl,val,16,100,16,4418,0.07831598008148484,0.21819827976459938,0.36416140251998286,0.012801948596206175,0.001136618829550999,0.28589746619525924,16.0,16.0,59.18605703938434
