dataset,split,budget,coverage,stride,n,top1,top5,mean_confidence,mean_decode_time_s,mean_inference_time_s,mean_total_time_s,mean_processed_frames,mean_model_input_frames,mean_source_frames
autsl,val,16,25,16,4418,0.008374830239927569,0.0362154821186057,0.36420347772862455,0.006227357607303126,0.0011328073950632378,0.17791231071173633,16.0,16.0,59.18605703938434
