dataset,split,budget,coverage,stride,n,top1,top5,mean_confidence,mean_decode_time_s,mean_inference_time_s,mean_total_time_s,mean_processed_frames,mean_model_input_frames,mean_source_frames
autsl,val,16,25,8,4418,0.015391579900407425,0.05160706201901313,0.39722604454642996,0.007214791350117887,0.0011339326237725501,0.19378507731244654,16.0,16.0,59.18605703938434
