Coverage,N,Mean,Std,Min,Max,95% CI
10%,400,0.611919185,0.2007610661809482,0.040816,0.98,"[0.5922, 0.6316]"
25%,400,0.6672570300000001,0.1915927742852399,0.061224,1.0,"[0.6485, 0.6860]"
50%,400,0.7212141599999999,0.1797604217327977,0.102041,1.0,"[0.7036, 0.7388]"
75%,400,0.723238105,0.1796888257090315,0.081633,1.0,"[0.7056, 0.7408]"
100%,400,0.7611266425000001,0.18004992285878194,0.040816,1.0,"[0.7435, 0.7788]"
