dataset,split,budget,coverage,stride,n,top1,top5,mean_confidence,mean_decode_time_s,mean_inference_time_s,mean_total_time_s,mean_processed_frames,mean_model_input_frames,mean_source_frames
ucf101,val,32,10,8,2020,0.45445544554455447,0.7133663366336633,0.5771608700846681,0.011276441294409445,0.011843322869736037,0.7274696421378412,32.0,32.0,181.19752475247526
