dataset,split,budget,coverage,stride,n,top1,top5,mean_confidence,mean_decode_time_s,mean_inference_time_s,mean_total_time_s,mean_processed_frames,mean_model_input_frames,mean_source_frames
ucf101,val,32,10,16,2020,0.4024752475247525,0.6504950495049505,0.5488791604074511,0.010483172475037598,0.011793394193357539,0.7128583321464248,32.0,32.0,181.19752475247526
