dataset,split,budget,coverage,stride,n,top1,top5,mean_confidence,mean_decode_time_s,mean_inference_time_s,mean_total_time_s,mean_processed_frames,mean_model_input_frames,mean_source_frames
ucf101,val,32,100,8,2020,0.8391089108910891,0.9653465346534653,0.8718584968422604,0.029274425862327053,0.011828567090647129,1.0282772670422755,32.0,32.0,181.19752475247526
