dataset,split,budget,coverage,stride,n,top1,top5,mean_confidence,mean_decode_time_s,mean_inference_time_s,mean_total_time_s,mean_processed_frames,mean_model_input_frames,mean_source_frames
autsl,val,16,10,16,4418,0.005658669081032141,0.024671797193300135,0.07722263972938141,0.010471989836544009,0.023098016493948915,1.0253589579559594,16.0,16.0,59.18605703938434
