dataset,split,budget,coverage,stride,n,top1,top5,mean_confidence,mean_decode_time_s,mean_inference_time_s,mean_total_time_s,mean_processed_frames,mean_model_input_frames,mean_source_frames
diving48,val,16,75,16,743,0.13324360699865412,0.42934051144010765,0.5565306645583658,0.021563013889817434,0.0009515954697116693,0.45845088267585365,16.0,16.0,111.67833109017496
