dataset,split,budget,coverage,stride,n,top1,top5,mean_confidence,mean_decode_time_s,mean_inference_time_s,mean_total_time_s,mean_processed_frames,mean_model_input_frames,mean_source_frames
ucf101,val,16,100,16,2020,0.596039603960396,0.852970297029703,0.36227274111905455,0.021128336810114987,0.012106557467394499,1.0145447084727457,16.0,16.0,181.19752475247526
