dataset,split,budget,coverage,stride,n,top1,top5,mean_confidence,mean_decode_time_s,mean_inference_time_s,mean_total_time_s,mean_processed_frames,mean_model_input_frames,mean_source_frames
ucf101,val,16,10,4,2020,0.3297029702970297,0.5945544554455445,0.25711647119041126,0.009379577544854382,0.012225973808165123,0.8233735020188292,16.0,16.0,181.19752475247526
