dataset,split,budget,coverage,stride,n,top1,top5,mean_confidence,mean_decode_time_s,mean_inference_time_s,mean_total_time_s,mean_processed_frames,mean_model_input_frames,mean_source_frames
ucf101,val,16,25,8,2020,0.41039603960396037,0.6905940594059405,0.27683541246201143,0.01180322952095954,0.012156012447177442,0.8613006797878505,16.0,16.0,181.19752475247526
