dataset,split,budget,coverage,stride,n,top1,top5,mean_confidence,mean_decode_time_s,mean_inference_time_s,mean_total_time_s,mean_processed_frames,mean_model_input_frames,mean_source_frames
ucf101,val,16,25,1,2020,0.5792079207920792,0.8425742574257425,0.38953906281085887,0.013715154866314503,0.012110930317690099,0.8937920833090643,16.0,16.0,181.19752475247526
