dataset,split,budget,coverage,stride,n,top1,top5,mean_confidence,mean_decode_time_s,mean_inference_time_s,mean_total_time_s,mean_processed_frames,mean_model_input_frames,mean_source_frames
ucf101,val,16,50,16,2020,0.4272277227722772,0.7024752475247524,0.2815377516487595,0.014317907318518968,0.012127280230334232,0.9028734052398169,16.0,16.0,181.19752475247526
