dataset,split,budget,coverage,stride,n,top1,top5,mean_confidence,mean_decode_time_s,mean_inference_time_s,mean_total_time_s,mean_processed_frames,mean_model_input_frames,mean_source_frames
ucf101,val,16,50,4,2020,0.6316831683168317,0.8762376237623762,0.41646969941361706,0.017951710676050534,0.012118996297687035,0.9629730657846114,16.0,16.0,181.19752475247526
