dataset,split,video_id,video_path,label_id,budget,coverage,stride,pred_id,correct_top1,correct_top5,confidence,decode_time_s,inference_time_s,total_time_s,source_frames,candidate_frames,processed_frames,model_input_frames,skipped,error
somethingv2,validation,169724,data/Something_data/videos_full/169724.webm,0,8,25,8,127,False,False,0.44975826144218445,0.11315596802160144,0.004644736152840778,3.139549180865288,46,2,8,8,False,
somethingv2,validation,108286,data/Something_data/videos_full/108286.webm,0,8,25,8,125,False,False,0.42215779423713684,0.12192308995872736,0.004644736152840778,3.0247240578755736,54,2,8,8,False,
somethingv2,validation,147281,data/Something_data/videos_full/147281.webm,0,8,25,8,128,False,False,0.9835800528526306,0.08338087238371372,0.004644736152840778,2.9014374930411577,62,2,8,8,False,
somethingv2,validation,6216,data/Something_data/videos_full/6216.webm,0,8,25,8,127,False,False,0.8606124520301819,0.06440286943688989,0.004644736152840778,2.8170415959320962,41,2,8,8,False,
somethingv2,validation,174027,data/Something_data/videos_full/174027.webm,0,8,25,8,127,False,False,0.36996498703956604,0.14847391098737717,0.004644736152840778,2.75138734979555,46,2,8,8,False,
somethingv2,validation,144827,data/Something_data/videos_full/144827.webm,0,8,25,8,129,False,False,0.9633558392524719,0.08668959373608232,0.004644736152840778,2.6007289327681065,42,2,8,8,False,
somethingv2,validation,53775,data/Something_data/videos_full/53775.webm,0,8,25,8,128,False,False,0.6804823279380798,0.12757264077663422,0.004644736152840778,2.511281117796898,42,2,8,8,False,
somethingv2,validation,51951,data/Something_data/videos_full/51951.webm,0,8,25,8,128,False,False,0.8553496599197388,0.012329606804996729,0.004644736152840778,2.3813490457832813,33,1,8,8,False,
somethingv2,validation,10430,data/Something_data/videos_full/10430.webm,0,8,25,8,127,False,False,0.35266685485839844,0.06516817677766085,0.004644736152840778,2.3573539508506656,52,2,8,8,False,
somethingv2,validation,148979,data/Something_data/videos_full/148979.webm,0,8,25,8,69,False,False,0.4570249021053314,0.07430175691843033,0.004644736152840778,2.2908820412121713,63,2,8,8,False,
somethingv2,validation,99688,data/Something_data/videos_full/99688.webm,0,8,25,8,151,False,False,0.4351966977119446,0.1359328180551529,0.004644736152840778,2.21534251794219,48,2,8,8,False,
somethingv2,validation,112846,data/Something_data/videos_full/112846.webm,0,8,25,8,128,False,False,0.39098766446113586,0.07585332309827209,0.004644736152840778,2.078275444917381,42,2,8,8,False,
somethingv2,validation,198092,data/Something_data/videos_full/198092.webm,0,8,25,8,128,False,False,0.9720438122749329,0.06761748436838388,0.004644736152840778,2.001184305176139,57,2,8,8,False,
somethingv2,validation,88925,data/Something_data/videos_full/88925.webm,0,8,25,8,127,False,False,0.7412692904472351,0.0856337770819664,0.004644736152840778,1.932782637886703,44,2,8,8,False,
somethingv2,validation,173157,data/Something_data/videos_full/173157.webm,0,8,25,8,126,False,False,0.9898054599761963,0.06540240719914436,0.004644736152840778,1.8451322987675667,65,2,8,8,False,
somethingv2,validation,108136,data/Something_data/videos_full/108136.webm,0,8,25,8,127,False,False,0.5727476477622986,0.05054580233991146,0.004644736152840778,1.778613151051104,54,2,8,8,False,
somethingv2,validation,81300,data/Something_data/videos_full/81300.webm,0,8,25,8,127,False,False,0.8492818474769592,0.1391791682690382,0.004644736152840778,1.725780641194433,44,2,8,8,False,
somethingv2,validation,121078,data/Something_data/videos_full/121078.webm,0,8,25,8,130,False,False,0.9369194507598877,0.10444198222830892,0.004644736152840778,1.584131401963532,41,2,8,8,False,
somethingv2,validation,24255,data/Something_data/videos_full/24255.webm,0,8,25,8,125,False,False,0.7652676701545715,0.008519579190760851,0.004644736152840778,1.4775463626720011,32,1,8,8,False,
somethingv2,validation,210300,data/Something_data/videos_full/210300.webm,0,8,25,8,125,False,False,0.448276162147522,0.011574144940823317,0.004644736152840778,1.462598545011133,52,2,8,8,False,
somethingv2,validation,52371,data/Something_data/videos_full/52371.webm,1,8,25,8,142,False,False,0.19642962515354156,0.09478737181052566,0.004644736152840778,1.4448711941950023,68,3,8,8,False,
somethingv2,validation,18320,data/Something_data/videos_full/18320.webm,1,8,25,8,126,False,False,0.48132526874542236,0.005147229880094528,0.004644736152840778,1.348815708886832,33,1,8,8,False,
somethingv2,validation,182144,data/Something_data/videos_full/182144.webm,1,8,25,8,16,False,False,0.874783456325531,0.10512741794809699,0.004644736152840778,1.341932776849717,43,2,8,8,False,
somethingv2,validation,47739,data/Something_data/videos_full/47739.webm,1,8,25,8,67,False,False,0.38666537404060364,0.06808477733284235,0.004644736152840778,1.2354886182583869,44,2,8,8,False,
somethingv2,validation,48198,data/Something_data/videos_full/48198.webm,1,8,25,8,16,False,False,0.647133469581604,0.043549132999032736,0.004644736152840778,1.1662800097838044,35,2,8,8,False,
somethingv2,validation,113630,data/Something_data/videos_full/113630.webm,1,8,25,8,33,False,False,0.17523379623889923,0.09930332191288471,0.004644736152840778,1.1216963999904692,42,2,8,8,False,
somethingv2,validation,126896,data/Something_data/videos_full/126896.webm,1,8,25,8,18,False,False,0.49683040380477905,0.11589300399646163,0.004644736152840778,1.0199457840062678,68,3,8,8,False,
somethingv2,validation,17233,data/Something_data/videos_full/17233.webm,1,8,25,8,16,False,False,0.4558035135269165,0.09604355320334435,0.004644736152840778,0.9015927826985717,50,2,8,8,False,
somethingv2,validation,211670,data/Something_data/videos_full/211670.webm,1,8,25,8,160,False,False,0.3806817829608917,0.0845228717662394,0.004644736152840778,0.8032204173505306,58,2,8,8,False,
somethingv2,validation,214846,data/Something_data/videos_full/214846.webm,1,8,25,8,151,False,False,0.365317702293396,0.0329452627338469,0.004644736152840778,0.7166481548920274,66,2,8,8,False,
somethingv2,validation,149011,data/Something_data/videos_full/149011.webm,1,8,25,8,16,False,False,0.20176997780799866,0.07584064593538642,0.004644736152840778,0.6826865868642926,64,2,8,8,False,
somethingv2,validation,211312,data/Something_data/videos_full/211312.webm,1,8,25,8,16,False,False,0.17906375229358673,0.06065003992989659,0.004644736152840778,0.6058619860559702,38,2,8,8,False,
somethingv2,validation,72089,data/Something_data/videos_full/72089.webm,1,8,25,8,19,False,False,0.9385163187980652,0.06419497402384877,0.004793373751454055,2.804457481019199,42,2,8,8,False,
somethingv2,validation,48640,data/Something_data/videos_full/48640.webm,1,8,25,8,134,False,False,0.5414981245994568,0.027352793142199516,0.004793373751454055,2.73630788968876,51,2,8,8,False,
somethingv2,validation,130457,data/Something_data/videos_full/130457.webm,1,8,25,8,18,False,False,0.3769664168357849,0.05352683458477259,0.004793373751454055,2.7082052789628506,57,2,8,8,False,
somethingv2,validation,21847,data/Something_data/videos_full/21847.webm,1,8,25,8,125,False,False,0.3972768783569336,0.04680707026273012,0.004793373751454055,2.6538124596700072,52,2,8,8,False,
somethingv2,validation,213934,data/Something_data/videos_full/213934.webm,1,8,25,8,16,False,False,0.7289140224456787,0.06862653978168964,0.004793373751454055,2.605994033627212,69,3,8,8,False,
somethingv2,validation,148261,data/Something_data/videos_full/148261.webm,1,8,25,8,19,False,False,0.8065462708473206,0.12437867000699043,0.004793373751454055,2.5365421576425433,70,3,8,8,False,
somethingv2,validation,149753,data/Something_data/videos_full/149753.webm,1,8,25,8,125,False,False,0.3686008155345917,0.051401065196841955,0.004793373751454055,2.4109894977882504,57,2,8,8,False,
somethingv2,validation,129999,data/Something_data/videos_full/129999.webm,1,8,25,8,49,False,True,0.4176363945007324,0.06446279212832451,0.004793373751454055,2.358546731993556,42,2,8,8,False,
somethingv2,validation,35716,data/Something_data/videos_full/35716.webm,2,8,25,8,150,False,False,0.6286713480949402,0.09713880391791463,0.004793373751454055,2.291678871959448,67,3,8,8,False,
somethingv2,validation,174755,data/Something_data/videos_full/174755.webm,2,8,25,8,20,False,False,0.6091434955596924,0.04771591071039438,0.004793373751454055,2.1928093689493835,60,2,8,8,False,
somethingv2,validation,212394,data/Something_data/videos_full/212394.webm,2,8,25,8,150,False,True,0.45530566573143005,0.09791354835033417,0.004793373751454055,2.1426130020990968,49,2,8,8,False,
somethingv2,validation,35569,data/Something_data/videos_full/35569.webm,2,8,25,8,162,False,True,0.5062515139579773,0.08935657795518637,0.004793373751454055,2.0432820320129395,54,2,8,8,False,
somethingv2,validation,83918,data/Something_data/videos_full/83918.webm,2,8,25,8,67,False,False,0.32504722476005554,0.07158252969384193,0.004793373751454055,1.9522094600833952,66,2,8,8,False,
somethingv2,validation,127592,data/Something_data/videos_full/127592.webm,2,8,25,8,127,False,False,0.41863512992858887,0.04222356574609876,0.004793373751454055,1.8795404098927975,53,2,8,8,False,
somethingv2,validation,171983,data/Something_data/videos_full/171983.webm,2,8,25,8,16,False,False,0.5513246059417725,0.08896443014964461,0.004793373751454055,1.836200107820332,68,3,8,8,False,
somethingv2,validation,87512,data/Something_data/videos_full/87512.webm,2,8,25,8,16,False,False,0.666477382183075,0.05866633262485266,0.004793373751454055,1.746445917058736,37,2,8,8,False,
somethingv2,validation,33272,data/Something_data/videos_full/33272.webm,2,8,25,8,162,False,True,0.9023256301879883,0.09702844126150012,0.004793373751454055,1.6865727743133903,61,2,8,8,False,
somethingv2,validation,98869,data/Something_data/videos_full/98869.webm,2,8,25,8,90,False,True,0.9051517844200134,0.08183097001165152,0.004793373751454055,1.5883449004031718,48,2,8,8,False,
somethingv2,validation,143280,data/Something_data/videos_full/143280.webm,2,8,25,8,16,False,False,0.5837252736091614,0.08167451713234186,0.004793373751454055,1.5044177160598338,40,2,8,8,False,
somethingv2,validation,21174,data/Something_data/videos_full/21174.webm,2,8,25,8,67,False,False,0.48721054196357727,0.08293299609795213,0.004793373751454055,1.4207946229726076,54,2,8,8,False,
somethingv2,validation,148402,data/Something_data/videos_full/148402.webm,2,8,25,8,16,False,False,0.9828386902809143,0.006134588271379471,0.004793373751454055,1.3357966979965568,34,1,8,8,False,
somethingv2,validation,4283,data/Something_data/videos_full/4283.webm,2,8,25,8,162,False,False,0.6898940801620483,0.09475690498948097,0.004793373751454055,1.3223900338634849,36,2,8,8,False,
somethingv2,validation,34165,data/Something_data/videos_full/34165.webm,2,8,25,8,90,False,True,0.7106189131736755,0.07556572323665023,0.004793373751454055,1.2249673567712307,51,2,8,8,False,
somethingv2,validation,197315,data/Something_data/videos_full/197315.webm,2,8,25,8,162,False,False,0.756422221660614,0.010986980982124805,0.004793373751454055,1.146974207367748,49,2,8,8,False,
somethingv2,validation,130777,data/Something_data/videos_full/130777.webm,2,8,25,8,16,False,False,0.8512652516365051,0.006369877606630325,0.004793373751454055,1.1312319291755557,34,1,8,8,False,
somethingv2,validation,189302,data/Something_data/videos_full/189302.webm,2,8,25,8,7,False,False,0.2306816279888153,0.10722133377566934,0.004793373751454055,1.119907604996115,51,2,8,8,False,
somethingv2,validation,121323,data/Something_data/videos_full/121323.webm,2,8,25,8,80,False,False,0.14313124120235443,0.0895538660697639,0.004793373751454055,1.0111383101902902,55,2,8,8,False,
somethingv2,validation,16284,data/Something_data/videos_full/16284.webm,2,8,25,8,18,False,False,0.42773789167404175,0.006653612945228815,0.004793373751454055,0.919811979867518,30,1,8,8,False,
somethingv2,validation,218883,data/Something_data/videos_full/218883.webm,3,8,25,8,16,False,False,0.31699231266975403,0.009586137719452381,0.004793373751454055,0.9072430590167642,44,2,8,8,False,
somethingv2,validation,125356,data/Something_data/videos_full/125356.webm,3,8,25,8,3,True,True,0.41835713386535645,0.13693794002756476,0.004793373751454055,0.8935272898525,37,2,8,8,False,
somethingv2,validation,36641,data/Something_data/videos_full/36641.webm,3,8,25,8,160,False,False,0.16640307009220123,0.1267664940096438,0.004793373751454055,0.7550620869733393,73,3,8,8,False,
somethingv2,validation,10996,data/Something_data/videos_full/10996.webm,3,8,25,8,90,False,False,0.27087172865867615,0.06864964589476585,0.004793373751454055,0.6261319410987198,54,2,8,8,False,
somethingv2,validation,204754,data/Something_data/videos_full/204754.webm,3,8,25,8,170,False,True,0.30578187108039856,0.1618777341209352,0.00472541234921664,3.663072856143117,46,2,8,8,False,
somethingv2,validation,86069,data/Something_data/videos_full/86069.webm,3,8,25,8,3,True,True,0.8251938819885254,0.07874535117298365,0.00472541234921664,3.495728493668139,47,2,8,8,False,
somethingv2,validation,145382,data/Something_data/videos_full/145382.webm,3,8,25,8,162,False,False,0.6416900753974915,0.06245012395083904,0.00472541234921664,3.4143891581334174,70,3,8,8,False,
somethingv2,validation,67146,data/Something_data/videos_full/67146.webm,3,8,25,8,162,False,False,0.5836744904518127,0.1109350398182869,0.00472541234921664,3.3508709939196706,36,2,8,8,False,
somethingv2,validation,218282,data/Something_data/videos_full/218282.webm,3,8,25,8,162,False,False,0.9806657433509827,0.08199069509282708,0.00472541234921664,3.237806210760027,72,3,8,8,False,
somethingv2,validation,217495,data/Something_data/videos_full/217495.webm,3,8,25,8,16,False,False,0.9618433117866516,0.03696224698796868,0.00472541234921664,3.1542427903041244,45,2,8,8,False,
somethingv2,validation,59109,data/Something_data/videos_full/59109.webm,3,8,25,8,16,False,False,0.36167195439338684,0.005653442349284887,0.00472541234921664,3.1164382020942867,29,1,8,8,False,
somethingv2,validation,119450,data/Something_data/videos_full/119450.webm,3,8,25,8,3,True,True,0.7640982270240784,0.0706284767948091,0.00472541234921664,3.1052438309416175,50,2,8,8,False,
somethingv2,validation,137269,data/Something_data/videos_full/137269.webm,3,8,25,8,80,False,False,0.3775762915611267,0.11075196601450443,0.00472541234921664,3.0333640947937965,40,2,8,8,False,
somethingv2,validation,146415,data/Something_data/videos_full/146415.webm,3,8,25,8,64,False,False,0.22390428185462952,0.12290971400216222,0.00472541234921664,2.921214598696679,59,2,8,8,False,
somethingv2,validation,149534,data/Something_data/videos_full/149534.webm,3,8,25,8,162,False,True,0.5629442930221558,0.00957635510712862,0.00472541234921664,2.7967875441536307,29,1,8,8,False,
somethingv2,validation,55274,data/Something_data/videos_full/55274.webm,3,8,25,8,16,False,False,0.3264107406139374,0.06755771627649665,0.00472541234921664,2.7757337377406657,61,2,8,8,False,
somethingv2,validation,175746,data/Something_data/videos_full/175746.webm,3,8,25,8,15,False,False,0.12635935842990875,0.0633780611678958,0.00472541234921664,2.7059357073158026,49,2,8,8,False,
somethingv2,validation,198240,data/Something_data/videos_full/198240.webm,3,8,25,8,16,False,False,0.9207563996315002,0.09264794923365116,0.00472541234921664,2.640016702003777,43,2,8,8,False,
somethingv2,validation,10535,data/Something_data/videos_full/10535.webm,3,8,25,8,162,False,False,0.7797463536262512,0.0822205557487905,0.00472541234921664,2.5453296140767634,56,2,8,8,False,
somethingv2,validation,129496,data/Something_data/videos_full/129496.webm,3,8,25,8,16,False,False,0.9144738912582397,0.11132758483290672,0.00472541234921664,2.4606670257635415,53,2,8,8,False,
somethingv2,validation,98828,data/Something_data/videos_full/98828.webm,4,8,25,8,133,False,False,0.5402470827102661,0.14869246818125248,0.00472541234921664,2.3473749780096114,54,2,8,8,False,
somethingv2,validation,138291,data/Something_data/videos_full/138291.webm,4,8,25,8,128,False,False,0.5199134349822998,0.16030078008770943,0.00472541234921664,2.19692785711959,60,2,8,8,False,
somethingv2,validation,158627,data/Something_data/videos_full/158627.webm,4,8,25,8,125,False,False,0.8429311513900757,0.08305449690669775,0.00472541234921664,2.0354503043927252,61,2,8,8,False,
somethingv2,validation,178993,data/Something_data/videos_full/178993.webm,4,8,25,8,126,False,False,0.2712816894054413,0.20188396610319614,0.00472541234921664,1.950973213184625,61,2,8,8,False,
somethingv2,validation,38014,data/Something_data/videos_full/38014.webm,4,8,25,8,68,False,False,0.15435665845870972,0.09274528501555324,0.00472541234921664,1.746389598120004,65,2,8,8,False,
somethingv2,validation,6426,data/Something_data/videos_full/6426.webm,4,8,25,8,130,False,False,0.2706437110900879,0.10282728634774685,0.00472541234921664,1.6508821654133499,61,2,8,8,False,
somethingv2,validation,143809,data/Something_data/videos_full/143809.webm,4,8,25,8,128,False,False,0.5097402930259705,0.1821625861339271,0.00472541234921664,1.5460749850608408,62,2,8,8,False,
somethingv2,validation,30133,data/Something_data/videos_full/30133.webm,4,8,25,8,130,False,False,0.3368810713291168,0.010797807015478611,0.00472541234921664,1.362472624052316,61,2,8,8,False,
somethingv2,validation,46447,data/Something_data/videos_full/46447.webm,4,8,25,8,106,False,False,0.24575935304164886,0.0894549828954041,0.00472541234921664,1.348062845878303,79,3,8,8,False,
somethingv2,validation,133673,data/Something_data/videos_full/133673.webm,4,8,25,8,142,False,False,0.5580515265464783,0.08150208229199052,0.00472541234921664,1.2574663972482085,42,2,8,8,False,
somethingv2,validation,184798,data/Something_data/videos_full/184798.webm,4,8,25,8,130,False,False,0.9605624079704285,0.0575372539460659,0.00472541234921664,1.174728382844478,55,2,8,8,False,
somethingv2,validation,119253,data/Something_data/videos_full/119253.webm,4,8,25,8,125,False,False,0.7189647555351257,0.005694719962775707,0.00472541234921664,1.11561447288841,32,1,8,8,False,
somethingv2,validation,79760,data/Something_data/videos_full/79760.webm,4,8,25,8,52,False,False,0.18140006065368652,0.11012078216299415,0.00472541234921664,1.1081776046194136,63,2,8,8,False,
somethingv2,validation,38232,data/Something_data/videos_full/38232.webm,4,8,25,8,19,False,False,0.900761604309082,0.1670572659932077,0.00472541234921664,0.995342783164233,57,2,8,8,False,
somethingv2,validation,68815,data/Something_data/videos_full/68815.webm,4,8,25,8,142,False,False,0.16102953255176544,0.18021788774058223,0.00472541234921664,0.8258151216432452,54,2,8,8,False,
somethingv2,validation,219838,data/Something_data/videos_full/219838.webm,4,8,25,8,130,False,False,0.682317852973938,0.10954269487410784,0.00472541234921664,0.6436467180028558,51,2,8,8,False,
somethingv2,validation,40842,data/Something_data/videos_full/40842.webm,4,8,25,8,130,False,False,0.6157819628715515,0.09273463021963835,0.00484939715533983,2.816258867736906,62,2,8,8,False,
somethingv2,validation,171745,data/Something_data/videos_full/171745.webm,4,8,25,8,130,False,False,0.4640483260154724,0.10169189423322678,0.00484939715533983,2.7195951365865767,70,3,8,8,False,
somethingv2,validation,144888,data/Something_data/videos_full/144888.webm,4,8,25,8,155,False,False,0.5505127310752869,0.09188528824597597,0.00484939715533983,2.6161883119493723,36,2,8,8,False,
somethingv2,validation,79050,data/Something_data/videos_full/79050.webm,4,8,25,8,143,False,False,0.41511136293411255,0.11945766117423773,0.00484939715533983,2.5231483289971948,73,3,8,8,False,
somethingv2,validation,13099,data/Something_data/videos_full/13099.webm,5,8,25,8,16,False,False,0.7117332816123962,0.08173899818211794,0.00484939715533983,2.4021569546312094,45,2,8,8,False,
somethingv2,validation,199250,data/Something_data/videos_full/199250.webm,5,8,25,8,127,False,False,0.4538138806819916,0.06631210492923856,0.00484939715533983,2.3187953452579677,56,2,8,8,False,
somethingv2,validation,150767,data/Something_data/videos_full/150767.webm,5,8,25,8,16,False,False,0.3501192629337311,0.07332280138507485,0.00484939715533983,2.250896982382983,41,2,8,8,False,
somethingv2,validation,180461,data/Something_data/videos_full/180461.webm,5,8,25,8,125,False,False,0.7686159014701843,0.08207264915108681,0.00484939715533983,2.1754696336574852,55,2,8,8,False,
somethingv2,validation,163710,data/Something_data/videos_full/163710.webm,5,8,25,8,1,False,False,0.2099059820175171,0.09074053401127458,0.00484939715533983,2.0913075460121036,47,2,8,8,False,
somethingv2,validation,68326,data/Something_data/videos_full/68326.webm,5,8,25,8,125,False,False,0.910065233707428,0.10125832911580801,0.00484939715533983,1.998402333818376,43,2,8,8,False,
somethingv2,validation,83372,data/Something_data/videos_full/83372.webm,5,8,25,8,16,False,False,0.9219863414764404,0.009406052064150572,0.00484939715533983,1.8952749380841851,34,1,8,8,False,
somethingv2,validation,197582,data/Something_data/videos_full/197582.webm,5,8,25,8,125,False,False,0.44227519631385803,0.09024674911051989,0.00484939715533983,1.8792887213639915,58,2,8,8,False,
somethingv2,validation,162669,data/Something_data/videos_full/162669.webm,5,8,25,8,56,False,False,0.3851858377456665,0.051526378840208054,0.00484939715533983,1.7877225591801107,46,2,8,8,False,
somethingv2,validation,91096,data/Something_data/videos_full/91096.webm,5,8,25,8,130,False,False,0.6808498501777649,0.06521337945014238,0.00484939715533983,1.735371763817966,38,2,8,8,False,
somethingv2,validation,151541,data/Something_data/videos_full/151541.webm,5,8,25,8,125,False,False,0.37687548995018005,0.007110157981514931,0.00484939715533983,1.669146732892841,28,1,8,8,False,
somethingv2,validation,163470,data/Something_data/videos_full/163470.webm,5,8,25,8,129,False,False,0.8197046518325806,0.06791345914825797,0.00484939715533983,1.6565840290859342,63,2,8,8,False,
somethingv2,validation,44374,data/Something_data/videos_full/44374.webm,5,8,25,8,16,False,False,0.7900060415267944,0.006039632949978113,0.00484939715533983,1.5876393681392074,33,1,8,8,False,
somethingv2,validation,138772,data/Something_data/videos_full/138772.webm,5,8,25,8,124,False,False,0.877586841583252,0.0508407698944211,0.00484939715533983,1.575709454715252,55,2,8,8,False,
somethingv2,validation,55421,data/Something_data/videos_full/55421.webm,5,8,25,8,5,True,True,0.5825501680374146,0.0743946130387485,0.00484939715533983,1.523686178959906,70,3,8,8,False,
somethingv2,validation,124242,data/Something_data/videos_full/124242.webm,5,8,25,8,67,False,False,0.8453125357627869,0.053490011021494865,0.00484939715533983,1.447117562405765,52,2,8,8,False,
somethingv2,validation,196092,data/Something_data/videos_full/196092.webm,5,8,25,8,91,False,False,0.7408090829849243,0.10364243015646935,0.00484939715533983,1.392281339969486,44,2,8,8,False,
somethingv2,validation,82636,data/Something_data/videos_full/82636.webm,5,8,25,8,160,False,False,0.9968273043632507,0.008203329052776098,0.00484939715533983,1.2867572950199246,31,1,8,8,False,
somethingv2,validation,82479,data/Something_data/videos_full/82479.webm,5,8,25,8,100,False,False,0.5596230626106262,0.09807697497308254,0.00484939715533983,1.268755725119263,64,2,8,8,False,
somethingv2,validation,36639,data/Something_data/videos_full/36639.webm,5,8,25,8,1,False,False,0.3991159200668335,0.0811517620459199,0.00484939715533983,1.168467572890222,51,2,8,8,False,
somethingv2,validation,51932,data/Something_data/videos_full/51932.webm,6,8,25,8,129,False,False,0.6361891031265259,0.11751666804775596,0.00484939715533983,1.0850679208524525,61,2,8,8,False,
somethingv2,validation,162318,data/Something_data/videos_full/162318.webm,6,8,25,8,6,True,True,0.289357453584671,0.06679424876347184,0.00484939715533983,0.9664874798618257,40,2,8,8,False,
somethingv2,validation,196675,data/Something_data/videos_full/196675.webm,6,8,25,8,128,False,False,0.7813970446586609,0.07761589996516705,0.00484939715533983,0.8987390059046447,56,2,8,8,False,
somethingv2,validation,219646,data/Something_data/videos_full/219646.webm,6,8,25,8,126,False,False,0.7015818357467651,0.08748962683603168,0.00484939715533983,0.8201867076568305,50,2,8,8,False,
somethingv2,validation,190668,data/Something_data/videos_full/190668.webm,6,8,25,8,125,False,False,0.6901647448539734,0.005502493120729923,0.00484939715533983,0.7315853550098836,26,1,8,8,False,
somethingv2,validation,161643,data/Something_data/videos_full/161643.webm,6,8,25,8,127,False,False,0.5504015684127808,0.07627943996340036,0.00484939715533983,0.7220030180178583,45,2,8,8,False,
somethingv2,validation,182381,data/Something_data/videos_full/182381.webm,6,8,25,8,127,False,False,0.8357898592948914,0.08346484508365393,0.00484939715533983,0.6437822859734297,43,2,8,8,False,
somethingv2,validation,186406,data/Something_data/videos_full/186406.webm,6,8,25,8,127,False,False,0.8819141983985901,0.010887742042541504,0.00484939715533983,0.5581807694397867,66,2,8,8,False,
somethingv2,validation,87900,data/Something_data/videos_full/87900.webm,6,8,25,8,125,False,False,0.557982325553894,0.08376165712252259,0.004518067056778818,3.4014720963314176,47,2,8,8,False,
somethingv2,validation,130007,data/Something_data/videos_full/130007.webm,6,8,25,8,128,False,False,0.8851449489593506,0.0062517039477825165,0.004518067056778818,3.313849196769297,30,1,8,8,False,
somethingv2,validation,2819,data/Something_data/videos_full/2819.webm,6,8,25,8,125,False,False,0.9150144457817078,0.10563164623454213,0.004518067056778818,3.306697551161051,43,2,8,8,False,
somethingv2,validation,18814,data/Something_data/videos_full/18814.webm,6,8,25,8,127,False,False,0.721052348613739,0.0402525938116014,0.004518067056778818,3.198820120189339,52,2,8,8,False,
somethingv2,validation,55368,data/Something_data/videos_full/55368.webm,6,8,25,8,128,False,False,0.6675996780395508,0.05765542993322015,0.004518067056778818,3.156718896701932,68,3,8,8,False,
somethingv2,validation,148029,data/Something_data/videos_full/148029.webm,6,8,25,8,130,False,False,0.8448015451431274,0.09401779994368553,0.004518067056778818,3.0979574332013726,59,2,8,8,False,
somethingv2,validation,11508,data/Something_data/videos_full/11508.webm,6,8,25,8,127,False,False,0.7566766142845154,0.09453649306669831,0.004518067056778818,3.002026047091931,35,2,8,8,False,
somethingv2,validation,219046,data/Something_data/videos_full/219046.webm,6,8,25,8,127,False,False,0.8883982300758362,0.06553211621940136,0.004518067056778818,2.9059007060714066,43,2,8,8,False,
somethingv2,validation,5143,data/Something_data/videos_full/5143.webm,6,8,25,8,125,False,False,0.9484230279922485,0.006064208690077066,0.004518067056778818,2.8395924139767885,26,1,8,8,False,
somethingv2,validation,89190,data/Something_data/videos_full/89190.webm,6,8,25,8,125,False,False,0.9426776170730591,0.07590211275964975,0.004518067056778818,2.829448026139289,54,2,8,8,False,
somethingv2,validation,130688,data/Something_data/videos_full/130688.webm,6,8,25,8,18,False,False,0.23353086411952972,0.07479086890816689,0.004518067056778818,2.7523732990957797,57,2,8,8,False,
somethingv2,validation,100253,data/Something_data/videos_full/100253.webm,6,8,25,8,29,False,True,0.47439536452293396,0.04382713930681348,0.004518067056778818,2.6766429068520665,38,2,8,8,False,
somethingv2,validation,86299,data/Something_data/videos_full/86299.webm,7,8,25,8,141,False,False,0.729406476020813,0.18675869517028332,0.004518067056778818,2.631923939101398,35,2,8,8,False,
somethingv2,validation,85017,data/Something_data/videos_full/85017.webm,7,8,25,8,125,False,False,0.8991177082061768,0.012080604676157236,0.004518067056778818,2.4432184202596545,31,1,8,8,False,
somethingv2,validation,134434,data/Something_data/videos_full/134434.webm,7,8,25,8,140,False,False,0.32396557927131653,0.09305839380249381,0.004518067056778818,2.417371384333819,45,2,8,8,False,
somethingv2,validation,23147,data/Something_data/videos_full/23147.webm,7,8,25,8,127,False,False,0.3247864842414856,0.08264828100800514,0.004518067056778818,2.3223518170416355,61,2,8,8,False,
somethingv2,validation,117045,data/Something_data/videos_full/117045.webm,7,8,25,8,124,False,False,0.9727398753166199,0.09736749297007918,0.004518067056778818,2.237906637135893,47,2,8,8,False,
somethingv2,validation,180692,data/Something_data/videos_full/180692.webm,7,8,25,8,128,False,False,0.19295786321163177,0.14288952806964517,0.004518067056778818,2.1385397082194686,39,2,8,8,False,
somethingv2,validation,37062,data/Something_data/videos_full/37062.webm,7,8,25,8,56,False,False,0.6885978579521179,0.06444214889779687,0.004518067056778818,1.9939483683556318,53,2,8,8,False,
somethingv2,validation,146072,data/Something_data/videos_full/146072.webm,7,8,25,8,128,False,False,0.8065668940544128,0.15165873803198338,0.004518067056778818,1.928047593217343,53,2,8,8,False,
somethingv2,validation,124090,data/Something_data/videos_full/124090.webm,7,8,25,8,130,False,False,0.38171201944351196,0.08987111272290349,0.004518067056778818,1.7747016539797187,46,2,8,8,False,
somethingv2,validation,23019,data/Something_data/videos_full/23019.webm,7,8,25,8,125,False,False,0.17732243239879608,0.20952728670090437,0.004518067056778818,1.6827489202842116,57,2,8,8,False,
somethingv2,validation,172000,data/Something_data/videos_full/172000.webm,7,8,25,8,129,False,False,0.5891639590263367,0.010573665145784616,0.004518067056778818,1.470494314096868,58,2,8,8,False,
somethingv2,validation,214017,data/Something_data/videos_full/214017.webm,7,8,25,8,18,False,False,0.2433529496192932,0.08494510129094124,0.004518067056778818,1.4532855981960893,48,2,8,8,False,
somethingv2,validation,81747,data/Something_data/videos_full/81747.webm,7,8,25,8,143,False,False,0.33119845390319824,0.09509293688461185,0.004518067056778818,1.3665835442952812,67,3,8,8,False,
somethingv2,validation,204475,data/Something_data/videos_full/204475.webm,7,8,25,8,128,False,False,0.20547856390476227,0.07246861793100834,0.004518067056778818,1.2698035947978497,44,2,8,8,False,
somethingv2,validation,150484,data/Something_data/videos_full/150484.webm,7,8,25,8,56,False,False,0.4349513649940491,0.09771646000444889,0.004518067056778818,1.1960454271174967,65,2,8,8,False,
somethingv2,validation,27116,data/Something_data/videos_full/27116.webm,7,8,25,8,139,False,False,0.13773441314697266,0.08679054817184806,0.004518067056778818,1.0966938640922308,63,2,8,8,False,
somethingv2,validation,46410,data/Something_data/videos_full/46410.webm,7,8,25,8,123,False,False,0.43042686581611633,0.18142153369262815,0.004518067056778818,1.008405240252614,55,2,8,8,False,
somethingv2,validation,124831,data/Something_data/videos_full/124831.webm,7,8,25,8,160,False,False,0.5181732177734375,0.13379862206056714,0.004518067056778818,0.8243063171394169,70,3,8,8,False,
somethingv2,validation,207818,data/Something_data/videos_full/207818.webm,7,8,25,8,130,False,False,0.6660476326942444,0.07972307316958904,0.004518067056778818,0.687808055896312,65,2,8,8,False,
somethingv2,validation,159703,data/Something_data/videos_full/159703.webm,7,8,25,8,139,False,False,0.1484806090593338,0.08116933098062873,0.004518067056778818,0.6060903086327016,50,2,8,8,False,
somethingv2,validation,146988,data/Something_data/videos_full/146988.webm,8,8,25,8,125,False,False,0.5489228367805481,0.1497552366927266,0.004678803903516382,2.7227040473371744,42,2,8,8,False,
somethingv2,validation,150963,data/Something_data/videos_full/150963.webm,8,8,25,8,10,False,True,0.7781491875648499,0.09363081399351358,0.004678803903516382,2.571083027869463,67,3,8,8,False,
somethingv2,validation,70659,data/Something_data/videos_full/70659.webm,8,8,25,8,126,False,False,0.38830050826072693,0.006359476130455732,0.004678803903516382,2.475813294760883,18,1,8,8,False,
somethingv2,validation,219477,data/Something_data/videos_full/219477.webm,8,8,25,8,129,False,False,0.2854141891002655,0.06909789238125086,0.004678803903516382,2.4667839049361646,55,2,8,8,False,
somethingv2,validation,172077,data/Something_data/videos_full/172077.webm,8,8,25,8,168,False,False,0.9017153978347778,0.052031802013516426,0.004678803903516382,2.3962972569279373,43,2,8,8,False,
somethingv2,validation,204602,data/Something_data/videos_full/204602.webm,8,8,25,8,20,False,True,0.34171733260154724,0.06267042178660631,0.004678803903516382,2.34322892408818,53,2,8,8,False,
somethingv2,validation,183125,data/Something_data/videos_full/183125.webm,8,8,25,8,20,False,False,0.6068069934844971,0.10585347469896078,0.004678803903516382,2.279445698019117,56,2,8,8,False,
somethingv2,validation,188907,data/Something_data/videos_full/188907.webm,8,8,25,8,125,False,True,0.9502566456794739,0.005515620112419128,0.004678803903516382,2.1721268808469176,31,1,8,8,False,
somethingv2,validation,64499,data/Something_data/videos_full/64499.webm,8,8,25,8,20,False,False,0.7858722805976868,0.08101404085755348,0.004678803903516382,2.161562923807651,55,2,8,8,False,
somethingv2,validation,127576,data/Something_data/videos_full/127576.webm,8,8,25,8,16,False,False,0.26584744453430176,0.005047854967415333,0.004678803903516382,2.0794225516729057,25,1,8,8,False,
somethingv2,validation,200654,data/Something_data/videos_full/200654.webm,8,8,25,8,125,False,True,0.7023707628250122,0.06463847029954195,0.004678803903516382,2.0726893302053213,45,2,8,8,False,
somethingv2,validation,190241,data/Something_data/videos_full/190241.webm,8,8,25,8,20,False,True,0.5089161992073059,0.10008327569812536,0.004678803903516382,2.0056423349305987,61,2,8,8,False,
somethingv2,validation,11086,data/Something_data/videos_full/11086.webm,8,8,25,8,20,False,True,0.9734748601913452,0.007442876696586609,0.004678803903516382,1.9028722629882395,18,1,8,8,False,
somethingv2,validation,190494,data/Something_data/videos_full/190494.webm,8,8,25,8,125,False,False,0.8478965163230896,0.10251756059005857,0.004678803903516382,1.8884239797480404,60,2,8,8,False,
somethingv2,validation,18962,data/Something_data/videos_full/18962.webm,8,8,25,8,124,False,False,0.9169631600379944,0.007387817837297916,0.004678803903516382,1.7831910331733525,26,1,8,8,False,
somethingv2,validation,191949,data/Something_data/videos_full/191949.webm,8,8,25,8,8,True,True,0.7393642067909241,0.006710593122988939,0.004678803903516382,1.7733328258618712,21,1,8,8,False,
somethingv2,validation,17836,data/Something_data/videos_full/17836.webm,8,8,25,8,133,False,False,0.6465005278587341,0.06032540975138545,0.004678803903516382,1.7626322698779404,48,2,8,8,False,
somethingv2,validation,124829,data/Something_data/videos_full/124829.webm,8,8,25,8,20,False,True,0.8075208067893982,0.07654659496620297,0.004678803903516382,1.6998943979851902,53,2,8,8,False,
somethingv2,validation,162571,data/Something_data/videos_full/162571.webm,8,8,25,8,17,False,True,0.3962033689022064,0.10548315616324544,0.004678803903516382,1.6206707754172385,66,2,8,8,False,
somethingv2,validation,26104,data/Something_data/videos_full/26104.webm,8,8,25,8,128,False,False,0.8983048796653748,0.09247423615306616,0.004678803903516382,1.5138036468997598,55,2,8,8,False,
somethingv2,validation,129298,data/Something_data/videos_full/129298.webm,9,8,25,8,125,False,True,0.6710801124572754,0.06588880904018879,0.004678803903516382,1.4197413283400238,50,2,8,8,False,
somethingv2,validation,73765,data/Something_data/videos_full/73765.webm,9,8,25,8,125,False,False,0.7189133763313293,0.07000450696796179,0.004678803903516382,1.352877567987889,37,2,8,8,False,
somethingv2,validation,9094,data/Something_data/videos_full/9094.webm,9,8,25,8,125,False,False,0.5569419860839844,0.08168313698843122,0.004678803903516382,1.281701906118542,45,2,8,8,False,
somethingv2,validation,160038,data/Something_data/videos_full/160038.webm,9,8,25,8,20,False,False,0.9065801501274109,0.10867293877527118,0.004678803903516382,1.1989530846476555,59,2,8,8,False,
somethingv2,validation,22635,data/Something_data/videos_full/22635.webm,9,8,25,8,129,False,False,0.9193933010101318,0.05849068891257048,0.004678803903516382,1.0875574531964958,57,2,8,8,False,
somethingv2,validation,63915,data/Something_data/videos_full/63915.webm,9,8,25,8,127,False,False,0.9181929230690002,0.07223908603191376,0.004678803903516382,1.028064594604075,59,2,8,8,False,
somethingv2,validation,567,data/Something_data/videos_full/567.webm,9,8,25,8,128,False,False,0.42778438329696655,0.06709478283300996,0.004678803903516382,0.9530346910469234,36,2,8,8,False,
somethingv2,validation,146657,data/Something_data/videos_full/146657.webm,9,8,25,8,16,False,False,0.3816661238670349,0.09796758787706494,0.004678803903516382,0.8842255491763353,41,2,8,8,False,
somethingv2,validation,177104,data/Something_data/videos_full/177104.webm,9,8,25,8,20,False,False,0.7953819632530212,0.06551156612113118,0.004678803903516382,0.7846908057108521,48,2,8,8,False,
somethingv2,validation,3793,data/Something_data/videos_full/3793.webm,9,8,25,8,127,False,False,0.7762599587440491,0.005938007961958647,0.004678803903516382,0.7181619610637426,38,2,8,8,False,
somethingv2,validation,67477,data/Something_data/videos_full/67477.webm,9,8,25,8,16,False,False,0.4324581027030945,0.12421142589300871,0.004678803903516382,0.7104567638598382,57,2,8,8,False,
somethingv2,validation,49806,data/Something_data/videos_full/49806.webm,9,8,25,8,125,False,False,0.4944009780883789,0.005627924110740423,0.004678803903516382,0.5844579478725791,19,1,8,8,False,
somethingv2,validation,108440,data/Something_data/videos_full/108440.webm,9,8,25,8,8,False,True,0.39565595984458923,0.08555073896422982,0.004226655932143331,2.4333904851228,37,2,8,8,False,
somethingv2,validation,12300,data/Something_data/videos_full/12300.webm,9,8,25,8,127,False,False,0.6610548496246338,0.005831798072904348,0.004226655932143331,2.3459237259812653,31,1,8,8,False,
somethingv2,validation,164127,data/Something_data/videos_full/164127.webm,9,8,25,8,127,False,False,0.8463233113288879,0.029689871706068516,0.004226655932143331,2.337127571925521,57,2,8,8,False,
somethingv2,validation,91295,data/Something_data/videos_full/91295.webm,9,8,25,8,16,False,False,0.8341595530509949,0.004658002872020006,0.004226655932143331,2.3068221462890506,20,1,8,8,False,
somethingv2,validation,159168,data/Something_data/videos_full/159168.webm,9,8,25,8,127,False,False,0.44383811950683594,0.07109007285907865,0.004226655932143331,2.3000634028576314,56,2,8,8,False,
somethingv2,validation,19580,data/Something_data/videos_full/19580.webm,9,8,25,8,127,False,False,0.9375430345535278,0.06266963575035334,0.004226655932143331,2.2273129830136895,50,2,8,8,False,
somethingv2,validation,119565,data/Something_data/videos_full/119565.webm,9,8,25,8,160,False,False,0.257287859916687,0.005551428999751806,0.004226655932143331,2.163654243107885,19,1,8,8,False,
somethingv2,validation,77785,data/Something_data/videos_full/77785.webm,9,8,25,8,127,False,False,0.7383004426956177,0.006645774003118277,0.004226655932143331,2.1553658600896597,26,1,8,8,False,
somethingv2,validation,200178,data/Something_data/videos_full/200178.webm,10,8,25,8,16,False,False,0.33169621229171753,0.05768294120207429,0.004226655932143331,2.1444321270100772,40,2,8,8,False,
somethingv2,validation,184324,data/Something_data/videos_full/184324.webm,10,8,25,8,19,False,False,0.36377185583114624,0.005007667001336813,0.004226655932143331,2.0855104117654264,20,1,8,8,False,
somethingv2,validation,134893,data/Something_data/videos_full/134893.webm,10,8,25,8,20,False,True,0.8007970452308655,0.0861275726929307,0.004226655932143331,2.077009762171656,38,2,8,8,False,
somethingv2,validation,7505,data/Something_data/videos_full/7505.webm,10,8,25,8,129,False,False,0.3349314332008362,0.07363142166286707,0.004226655932143331,1.9884973648004234,53,2,8,8,False,
somethingv2,validation,166527,data/Something_data/videos_full/166527.webm,10,8,25,8,129,False,False,0.988399863243103,0.0614513442851603,0.004226655932143331,1.9128580470569432,59,2,8,8,False,
somethingv2,validation,74663,data/Something_data/videos_full/74663.webm,10,8,25,8,130,False,False,0.4025946259498596,0.08437577914446592,0.004226655932143331,1.8499346119351685,56,2,8,8,False,
somethingv2,validation,91634,data/Something_data/videos_full/91634.webm,10,8,25,8,130,False,False,0.45302829146385193,0.08289155596867204,0.004226655932143331,1.7632759287953377,57,2,8,8,False,
somethingv2,validation,100480,data/Something_data/videos_full/100480.webm,10,8,25,8,129,False,False,0.9967177510261536,0.0667731617577374,0.004226655932143331,1.6787288850173354,59,2,8,8,False,
somethingv2,validation,36255,data/Something_data/videos_full/36255.webm,10,8,25,8,20,False,True,0.8073663115501404,0.05868180515244603,0.004226655932143331,1.6105562970042229,51,2,8,8,False,
somethingv2,validation,39791,data/Something_data/videos_full/39791.webm,10,8,25,8,66,False,False,0.8954806923866272,0.005891944747418165,0.004226655932143331,1.5504723712801933,17,1,8,8,False,
somethingv2,validation,7627,data/Something_data/videos_full/7627.webm,10,8,25,8,18,False,False,0.30930736660957336,0.007628365885466337,0.004226655932143331,1.5416122619062662,32,1,8,8,False,
somethingv2,validation,22852,data/Something_data/videos_full/22852.webm,10,8,25,8,129,False,False,0.9198794364929199,0.07995205000042915,0.004226655932143331,1.5278595350682735,58,2,8,8,False,
somethingv2,validation,66399,data/Something_data/videos_full/66399.webm,10,8,25,8,20,False,False,0.8955453038215637,0.1214210782200098,0.004226655932143331,1.4468742120079696,38,2,8,8,False,
somethingv2,validation,18001,data/Something_data/videos_full/18001.webm,10,8,25,8,125,False,False,0.8940252065658569,0.0461882408708334,0.004226655932143331,1.323874735739082,39,2,8,8,False,
somethingv2,validation,108836,data/Something_data/videos_full/108836.webm,10,8,25,8,125,False,False,0.8790574669837952,0.07613138388842344,0.004226655932143331,1.2767807473428547,51,2,8,8,False,
somethingv2,validation,29127,data/Something_data/videos_full/29127.webm,10,8,25,8,126,False,False,0.3591121435165405,0.009886632207781076,0.004226655932143331,1.1983610410243273,30,1,8,8,False,
somethingv2,validation,207940,data/Something_data/videos_full/207940.webm,10,8,25,8,20,False,False,0.27583155035972595,0.08018204430118203,0.004226655932143331,1.180074823088944,51,2,8,8,False,
somethingv2,validation,7902,data/Something_data/videos_full/7902.webm,10,8,25,8,129,False,False,0.7554264664649963,0.11846896214410663,0.004226655932143331,1.096790349110961,38,2,8,8,False,
somethingv2,validation,87380,data/Something_data/videos_full/87380.webm,10,8,25,8,16,False,False,0.9481257796287537,0.08183462591841817,0.004226655932143331,0.9768816600553691,49,2,8,8,False,
somethingv2,validation,21553,data/Something_data/videos_full/21553.webm,10,8,25,8,125,False,False,0.6173163652420044,0.13426783308386803,0.004226655932143331,0.8925371961668134,53,2,8,8,False,
somethingv2,validation,115764,data/Something_data/videos_full/115764.webm,11,8,25,8,127,False,False,0.8752793073654175,0.043212614953517914,0.004226655932143331,0.7568059852346778,62,2,8,8,False,
somethingv2,validation,78129,data/Something_data/videos_full/78129.webm,11,8,25,8,19,False,False,0.9976198077201843,0.07724269712343812,0.004226655932143331,0.712343926075846,36,2,8,8,False,
somethingv2,validation,134580,data/Something_data/videos_full/134580.webm,11,8,25,8,125,False,False,0.5240246057510376,0.006470629014074802,0.004226655932143331,0.6339801969006658,29,1,8,8,False,
somethingv2,validation,74575,data/Something_data/videos_full/74575.webm,11,8,25,8,126,False,False,0.5683736801147461,0.07482572505250573,0.004226655932143331,0.622321889270097,57,2,8,8,False,
somethingv2,validation,201576,data/Something_data/videos_full/201576.webm,11,8,25,8,127,False,False,0.45855891704559326,0.07447770703583956,0.004754793655592948,2.501956063788384,57,2,8,8,False,
somethingv2,validation,74448,data/Something_data/videos_full/74448.webm,11,8,25,8,127,False,False,0.9273516535758972,0.005440501030534506,0.004754793655592948,2.426030029077083,28,1,8,8,False,
somethingv2,validation,90847,data/Something_data/videos_full/90847.webm,11,8,25,8,19,False,True,0.7856605648994446,0.062028191052377224,0.004754793655592948,2.417359092272818,63,2,8,8,False,
somethingv2,validation,165080,data/Something_data/videos_full/165080.webm,11,8,25,8,128,False,False,0.3515074849128723,0.005261684767901897,0.004754793655592948,2.353715694975108,21,1,8,8,False,
somethingv2,validation,21147,data/Something_data/videos_full/21147.webm,11,8,25,8,16,False,False,0.9604762196540833,0.004691518843173981,0.004754793655592948,2.3468693578615785,18,1,8,8,False,
somethingv2,validation,35493,data/Something_data/videos_full/35493.webm,11,8,25,8,127,False,False,0.9465202689170837,0.07166390120983124,0.004754793655592948,2.3400901979766786,59,2,8,8,False,
somethingv2,validation,106813,data/Something_data/videos_full/106813.webm,11,8,25,8,125,False,False,0.7535580992698669,0.07698731496930122,0.004754793655592948,2.267064371611923,50,2,8,8,False,
somethingv2,validation,97159,data/Something_data/videos_full/97159.webm,11,8,25,8,20,False,True,0.4506131112575531,0.05671659717336297,0.004754793655592948,2.1889472249895334,56,2,8,8,False,
somethingv2,validation,213462,data/Something_data/videos_full/213462.webm,11,8,25,8,125,False,False,0.7489844560623169,0.08831818588078022,0.004754793655592948,2.1302267629653215,46,2,8,8,False,
somethingv2,validation,86174,data/Something_data/videos_full/86174.webm,11,8,25,8,126,False,False,0.5979987382888794,0.08409549994394183,0.004754793655592948,2.039526685141027,57,2,8,8,False,
somethingv2,validation,147834,data/Something_data/videos_full/147834.webm,11,8,25,8,19,False,True,0.998610258102417,0.006826202850788832,0.004754793655592948,1.9532826049253345,29,1,8,8,False,
somethingv2,validation,122866,data/Something_data/videos_full/122866.webm,11,8,25,8,127,False,False,0.8986976146697998,0.05821758508682251,0.004754793655592948,1.939996327739209,57,2,8,8,False,
somethingv2,validation,210051,data/Something_data/videos_full/210051.webm,11,8,25,8,15,False,False,0.5268271565437317,0.10355193493887782,0.004754793655592948,1.8799319728277624,68,3,8,8,False,
somethingv2,validation,220130,data/Something_data/videos_full/220130.webm,11,8,25,8,19,False,False,0.5720809698104858,0.008713406976312399,0.004754793655592948,1.7743321107700467,23,1,8,8,False,
somethingv2,validation,39000,data/Something_data/videos_full/39000.webm,11,8,25,8,129,False,False,0.7530714273452759,0.07144051929935813,0.004754793655592948,1.758607316762209,53,2,8,8,False,
somethingv2,validation,203782,data/Something_data/videos_full/203782.webm,11,8,25,8,18,False,False,0.39705517888069153,0.006220537703484297,0.004754793655592948,1.6853597378358245,18,1,8,8,False,
somethingv2,validation,140727,data/Something_data/videos_full/140727.webm,12,8,25,8,127,False,False,0.9405125379562378,0.09273157687857747,0.004754793655592948,1.6762540102936327,55,2,8,8,False,
somethingv2,validation,28864,data/Something_data/videos_full/28864.webm,12,8,25,8,17,False,False,0.3451090157032013,0.1247823410667479,0.004754793655592948,1.582283812109381,66,2,8,8,False,
somethingv2,validation,12383,data/Something_data/videos_full/12383.webm,12,8,25,8,20,False,False,0.6297987699508667,0.006780045572668314,0.004754793655592948,1.4564025839790702,20,1,8,8,False,
somethingv2,validation,142168,data/Something_data/videos_full/142168.webm,12,8,25,8,17,False,True,0.5240785479545593,0.08271324262022972,0.004754793655592948,1.4451485481113195,49,2,8,8,False,
somethingv2,validation,161099,data/Something_data/videos_full/161099.webm,12,8,25,8,16,False,False,0.8679051399230957,0.09753578016534448,0.004754793655592948,1.3613411160185933,50,2,8,8,False,
somethingv2,validation,153343,data/Something_data/videos_full/153343.webm,12,8,25,8,16,False,False,0.9470847249031067,0.06085048196837306,0.004754793655592948,1.2621318502351642,36,2,8,8,False,
somethingv2,validation,118373,data/Something_data/videos_full/118373.webm,12,8,25,8,18,False,False,0.9418619871139526,0.010098217986524105,0.004754793655592948,1.1998648419976234,29,1,8,8,False,
somethingv2,validation,100503,data/Something_data/videos_full/100503.webm,12,8,25,8,127,False,False,0.5761200189590454,0.07205373188480735,0.004754793655592948,1.1805720869451761,40,2,8,8,False,
somethingv2,validation,173008,data/Something_data/videos_full/173008.webm,12,8,25,8,128,False,False,0.7192618250846863,0.11114125605672598,0.004754793655592948,1.1055052187293768,58,2,8,8,False,
somethingv2,validation,74478,data/Something_data/videos_full/74478.webm,12,8,25,8,142,False,True,0.7263525724411011,0.009221453219652176,0.004754793655592948,0.9920390760526061,33,1,8,8,False,
somethingv2,validation,34837,data/Something_data/videos_full/34837.webm,12,8,25,8,16,False,False,0.7869687676429749,0.061767582315951586,0.004754793655592948,0.9763586837798357,37,2,8,8,False,
somethingv2,validation,108982,data/Something_data/videos_full/108982.webm,12,8,25,8,20,False,False,0.8183533549308777,0.008586667943745852,0.004754793655592948,0.9128200081177056,33,1,8,8,False,
somethingv2,validation,163592,data/Something_data/videos_full/163592.webm,12,8,25,8,127,False,False,0.8455542922019958,0.09431057190522552,0.004754793655592948,0.8976103160530329,62,2,8,8,False,
somethingv2,validation,177123,data/Something_data/videos_full/177123.webm,12,8,25,8,127,False,False,0.9455671906471252,0.11368654295802116,0.004754793655592948,0.8012470649555326,56,2,8,8,False,
somethingv2,validation,21923,data/Something_data/videos_full/21923.webm,12,8,25,8,16,False,False,0.5480242371559143,0.09738942887634039,0.004754793655592948,0.6860988670960069,54,2,8,8,False,
somethingv2,validation,2329,data/Something_data/videos_full/2329.webm,12,8,25,8,128,False,False,0.680464506149292,0.037570074666291475,0.004754793655592948,0.5873839617706835,45,2,8,8,False,
somethingv2,validation,162416,data/Something_data/videos_full/162416.webm,12,8,25,8,134,False,True,0.8760796189308167,0.008814746048301458,0.004780644623679109,2.9156445432454348,25,1,8,8,False,
somethingv2,validation,127511,data/Something_data/videos_full/127511.webm,12,8,25,8,17,False,False,0.17985044419765472,0.060715921223163605,0.004780644623679109,2.9024634300731122,49,2,8,8,False,
somethingv2,validation,78012,data/Something_data/videos_full/78012.webm,12,8,25,8,18,False,False,0.46615326404571533,0.0643232548609376,0.004780644623679109,2.840321560855955,53,2,8,8,False,
somethingv2,validation,41732,data/Something_data/videos_full/41732.webm,12,8,25,8,16,False,False,0.30695709586143494,0.006849025841802359,0.004780644623679109,2.7748495140112936,30,1,8,8,False,
somethingv2,validation,113242,data/Something_data/videos_full/113242.webm,13,8,25,8,11,False,False,0.49911975860595703,0.056979890912771225,0.004780644623679109,2.762414820957929,62,2,8,8,False,
somethingv2,validation,26536,data/Something_data/videos_full/26536.webm,13,8,25,8,125,False,False,0.4977390468120575,0.13964428612962365,0.004780644623679109,2.7034252798184752,62,2,8,8,False,
somethingv2,validation,39513,data/Something_data/videos_full/39513.webm,13,8,25,8,19,False,False,0.20827673375606537,0.08466631965711713,0.004780644623679109,2.561436883173883,66,2,8,8,False,
somethingv2,validation,199466,data/Something_data/videos_full/199466.webm,13,8,25,8,19,False,False,0.9927056431770325,0.08082475000992417,0.004780644623679109,2.4744349429383874,62,2,8,8,False,
somethingv2,validation,63706,data/Something_data/videos_full/63706.webm,13,8,25,8,127,False,False,0.6004845499992371,0.08684792928397655,0.004780644623679109,2.391247928608209,68,3,8,8,False,
somethingv2,validation,116117,data/Something_data/videos_full/116117.webm,13,8,25,8,127,False,False,0.7258917689323425,0.06369153084233403,0.004780644623679109,2.3016711878590286,44,2,8,8,False,
somethingv2,validation,89630,data/Something_data/videos_full/89630.webm,13,8,25,8,17,False,False,0.6128652691841125,0.009424309246242046,0.004780644623679109,2.2357329432852566,32,1,8,8,False,
somethingv2,validation,5219,data/Something_data/videos_full/5219.webm,13,8,25,8,70,False,False,0.413456529378891,0.09552856208756566,0.004780644623679109,2.218783065211028,35,2,8,8,False,
somethingv2,validation,92571,data/Something_data/videos_full/92571.webm,13,8,25,8,126,False,False,0.9863726496696472,0.004375274758785963,0.004780644623679109,2.12152378866449,30,1,8,8,False,
somethingv2,validation,116658,data/Something_data/videos_full/116658.webm,13,8,25,8,20,False,True,0.8925449848175049,0.07614955911412835,0.004780644623679109,2.116199384909123,58,2,8,8,False,
somethingv2,validation,110897,data/Something_data/videos_full/110897.webm,13,8,25,8,129,False,False,0.6670674681663513,0.04852208402007818,0.004780644623679109,2.0388313313014805,64,2,8,8,False,
somethingv2,validation,120655,data/Something_data/videos_full/120655.webm,13,8,25,8,101,False,False,0.09722794592380524,0.09189428482204676,0.004780644623679109,1.9893279890529811,64,2,8,8,False,
somethingv2,validation,107705,data/Something_data/videos_full/107705.webm,13,8,25,8,19,False,False,0.9972042441368103,0.12424405897036195,0.004780644623679109,1.8962455531582236,53,2,8,8,False,
somethingv2,validation,214827,data/Something_data/videos_full/214827.webm,13,8,25,8,17,False,True,0.358847975730896,0.13542039087042212,0.004780644623679109,1.7691588248126209,64,2,8,8,False,
somethingv2,validation,188310,data/Something_data/videos_full/188310.webm,13,8,25,8,144,False,False,0.48798519372940063,0.007115909829735756,0.004780644623679109,1.6308362139388919,27,1,8,8,False,
somethingv2,validation,39292,data/Something_data/videos_full/39292.webm,13,8,25,8,19,False,False,0.9990012049674988,0.07065725512802601,0.004780644623679109,1.6170951747335494,65,2,8,8,False,
somethingv2,validation,42805,data/Something_data/videos_full/42805.webm,13,8,25,8,125,False,False,0.5857890248298645,0.09192241681739688,0.004780644623679109,1.5441820747219026,61,2,8,8,False,
somethingv2,validation,38109,data/Something_data/videos_full/38109.webm,13,8,25,8,128,False,False,0.4292929470539093,0.05923803709447384,0.004780644623679109,1.4504169039428234,42,2,8,8,False,
somethingv2,validation,134009,data/Something_data/videos_full/134009.webm,13,8,25,8,20,False,False,0.9503391981124878,0.01164856692776084,0.004780644623679109,1.3898400571197271,59,2,8,8,False,
somethingv2,validation,36377,data/Something_data/videos_full/36377.webm,13,8,25,8,125,False,False,0.9319427013397217,0.0909481942653656,0.004780644623679109,1.3727630889043212,41,2,8,8,False,
somethingv2,validation,100961,data/Something_data/videos_full/100961.webm,14,8,25,8,65,False,False,0.4747225046157837,0.06096051074564457,0.004780644623679109,1.2806270569562912,45,2,8,8,False,
somethingv2,validation,217607,data/Something_data/videos_full/217607.webm,14,8,25,8,125,False,False,0.35445737838745117,0.09621445927768946,0.004780644623679109,1.2186030009761453,57,2,8,8,False,
somethingv2,validation,115429,data/Something_data/videos_full/115429.webm,14,8,25,8,173,False,True,0.22189421951770782,0.08913575997576118,0.004780644623679109,1.120683731045574,73,3,8,8,False,
somethingv2,validation,71544,data/Something_data/videos_full/71544.webm,14,8,25,8,16,False,True,0.1631944626569748,0.07331913616508245,0.004780644623679109,1.03024529106915,39,2,8,8,False,
somethingv2,validation,25820,data/Something_data/videos_full/25820.webm,14,8,25,8,160,False,False,0.6552368998527527,0.13665398210287094,0.004780644623679109,0.9548849631100893,72,3,8,8,False,
somethingv2,validation,57406,data/Something_data/videos_full/57406.webm,14,8,25,8,65,False,False,0.3849225640296936,0.09584612073376775,0.004780644623679109,0.8153171776793897,54,2,8,8,False,
somethingv2,validation,121561,data/Something_data/videos_full/121561.webm,14,8,25,8,143,False,False,0.10762084275484085,0.08047424023970962,0.004780644623679109,0.7172088208608329,60,2,8,8,False,
somethingv2,validation,184866,data/Something_data/videos_full/184866.webm,14,8,25,8,128,False,False,0.3792639970779419,0.07113715773448348,0.004780644623679109,0.6353307939134538,62,2,8,8,False,
somethingv2,validation,134372,data/Something_data/videos_full/134372.webm,14,8,25,8,56,False,False,0.41418442130088806,0.09559147339314222,0.0044415843731258065,2.7653190959244967,63,2,8,8,False,
somethingv2,validation,70598,data/Something_data/videos_full/70598.webm,14,8,25,8,18,False,False,0.20637717843055725,0.011558715254068375,0.0044415843731258065,2.668191287200898,67,3,8,8,False,
somethingv2,validation,82744,data/Something_data/videos_full/82744.webm,14,8,25,8,14,True,True,0.9981220364570618,0.0797978900372982,0.0044415843731258065,2.6523987823165953,39,2,8,8,False,
somethingv2,validation,56775,data/Something_data/videos_full/56775.webm,14,8,25,8,80,False,False,0.26917022466659546,0.10296314908191562,0.0044415843731258065,2.571374104823917,61,2,8,8,False,
somethingv2,validation,135245,data/Something_data/videos_full/135245.webm,14,8,25,8,128,False,False,0.8495896458625793,0.05461083212867379,0.0044415843731258065,2.467048651073128,53,2,8,8,False,
somethingv2,validation,178202,data/Something_data/videos_full/178202.webm,14,8,25,8,162,False,False,0.16837801039218903,0.11404971033334732,0.0044415843731258065,2.411650628782809,41,2,8,8,False,
somethingv2,validation,36620,data/Something_data/videos_full/36620.webm,14,8,25,8,151,False,False,0.2961086928844452,0.06886408105492592,0.0044415843731258065,2.2948971982114017,41,2,8,8,False,
somethingv2,validation,213148,data/Something_data/videos_full/213148.webm,14,8,25,8,16,False,False,0.9504364132881165,0.0064817387610673904,0.0044415843731258065,2.2239011470228434,33,1,8,8,False,
somethingv2,validation,79626,data/Something_data/videos_full/79626.webm,14,8,25,8,14,True,True,0.5429266691207886,0.06944268802180886,0.0044415843731258065,2.214483418967575,71,3,8,8,False,
somethingv2,validation,178579,data/Something_data/videos_full/178579.webm,14,8,25,8,129,False,False,0.24186843633651733,0.12174742203205824,0.0044415843731258065,2.142909063026309,55,2,8,8,False,
somethingv2,validation,47038,data/Something_data/videos_full/47038.webm,14,8,25,8,67,False,False,0.5604223012924194,0.10301449289545417,0.0044415843731258065,2.018704507034272,60,2,8,8,False,
somethingv2,validation,140239,data/Something_data/videos_full/140239.webm,14,8,25,8,127,False,False,0.3703896701335907,0.08567892108112574,0.0044415843731258065,1.9139042487367988,56,2,8,8,False,
somethingv2,validation,142505,data/Something_data/videos_full/142505.webm,15,8,25,8,143,False,False,0.3702084422111511,0.11312791984528303,0.0044415843731258065,1.8266025907360017,41,2,8,8,False,
somethingv2,validation,196688,data/Something_data/videos_full/196688.webm,15,8,25,8,127,False,False,0.5407715439796448,0.004888314288109541,0.0044415843731258065,1.71205810084939,22,1,8,8,False,
somethingv2,validation,54925,data/Something_data/videos_full/54925.webm,15,8,25,8,15,True,True,0.4483141601085663,0.12108404189348221,0.0044415843731258065,1.7056891871616244,50,2,8,8,False,
somethingv2,validation,201302,data/Something_data/videos_full/201302.webm,15,8,25,8,125,False,False,0.5934036374092102,0.08461082680150867,0.0044415843731258065,1.582077600993216,63,2,8,8,False,
somethingv2,validation,62126,data/Something_data/videos_full/62126.webm,15,8,25,8,128,False,False,0.6462497115135193,0.09956619003787637,0.0044415843731258065,1.495219053234905,64,2,8,8,False,
somethingv2,validation,135609,data/Something_data/videos_full/135609.webm,15,8,25,8,19,False,True,0.7859535217285156,0.09378815209493041,0.0044415843731258065,1.3926266971975565,42,2,8,8,False,
somethingv2,validation,42454,data/Something_data/videos_full/42454.webm,15,8,25,8,16,False,False,0.5700365900993347,0.05655406415462494,0.0044415843731258065,1.2965761222876608,51,2,8,8,False,
somethingv2,validation,4736,data/Something_data/videos_full/4736.webm,15,8,25,8,125,False,True,0.244264617562294,0.06390873901546001,0.0044415843731258065,1.2383381077088416,38,2,8,8,False,
somethingv2,validation,124462,data/Something_data/videos_full/124462.webm,15,8,25,8,16,False,False,0.8772681355476379,0.03644988872110844,0.0044415843731258065,1.1733227670192719,41,2,8,8,False,
somethingv2,validation,97607,data/Something_data/videos_full/97607.webm,15,8,25,8,128,False,False,0.6711750626564026,0.004929778166115284,0.0044415843731258065,1.1360003207810223,27,1,8,8,False,
somethingv2,validation,162291,data/Something_data/videos_full/162291.webm,15,8,25,8,16,False,False,0.8900264501571655,0.07780015328899026,0.0044415843731258065,1.1278463653288782,37,2,8,8,False,
somethingv2,validation,205255,data/Something_data/videos_full/205255.webm,15,8,25,8,125,False,False,0.7017316222190857,0.05984808690845966,0.0044415843731258065,1.049038196913898,56,2,8,8,False,
somethingv2,validation,76262,data/Something_data/videos_full/76262.webm,15,8,25,8,128,False,False,0.6249197721481323,0.04207215365022421,0.0044415843731258065,0.9878615438938141,54,2,8,8,False,
somethingv2,validation,76552,data/Something_data/videos_full/76552.webm,15,8,25,8,80,False,False,0.37559211254119873,0.08438175497576594,0.0044415843731258065,0.9450247599743307,54,2,8,8,False,
somethingv2,validation,2693,data/Something_data/videos_full/2693.webm,15,8,25,8,18,False,False,0.2523723840713501,0.0770626817829907,0.0044415843731258065,0.8594976430758834,42,2,8,8,False,
somethingv2,validation,184037,data/Something_data/videos_full/184037.webm,15,8,25,8,127,False,False,0.26066285371780396,0.006039564032107592,0.0044415843731258065,0.780642727855593,21,1,8,8,False,
somethingv2,validation,112330,data/Something_data/videos_full/112330.webm,15,8,25,8,130,False,False,0.3115575313568115,0.09757364168763161,0.0044415843731258065,0.7722249319776893,36,2,8,8,False,
somethingv2,validation,178987,data/Something_data/videos_full/178987.webm,15,8,25,8,127,False,False,0.8135644793510437,0.03879992384463549,0.0044415843731258065,0.6717047770507634,54,2,8,8,False,
somethingv2,validation,48412,data/Something_data/videos_full/48412.webm,15,8,25,8,125,False,False,0.8275254964828491,0.042569708079099655,0.0044415843731258065,0.6318586878478527,45,2,8,8,False,
somethingv2,validation,83012,data/Something_data/videos_full/83012.webm,15,8,25,8,18,False,False,0.5478217601776123,0.006831272039562464,0.0044415843731258065,0.5879546431824565,25,1,8,8,False,
somethingv2,validation,220118,data/Something_data/videos_full/220118.webm,16,8,25,8,16,True,True,0.9475595355033875,0.08774469420313835,0.0049459813453722745,2.9065794912166893,47,2,8,8,False,
somethingv2,validation,125909,data/Something_data/videos_full/125909.webm,16,8,25,8,18,False,True,0.5851550698280334,0.12439573602750897,0.0049459813453722745,2.8162536867894232,46,2,8,8,False,
somethingv2,validation,73515,data/Something_data/videos_full/73515.webm,16,8,25,8,16,True,True,0.8484077453613281,0.006245659664273262,0.0049459813453722745,2.689657357055694,50,2,8,8,False,
somethingv2,validation,145103,data/Something_data/videos_full/145103.webm,16,8,25,8,128,False,False,0.60422682762146,0.05346925090998411,0.0049459813453722745,2.6810523909516633,53,2,8,8,False,
somethingv2,validation,94267,data/Something_data/videos_full/94267.webm,16,8,25,8,16,True,True,0.5409549474716187,0.12761765625327826,0.0049459813453722745,2.6261662980541587,52,2,8,8,False,
somethingv2,validation,198912,data/Something_data/videos_full/198912.webm,16,8,25,8,162,False,True,0.934603750705719,0.0599439162760973,0.0049459813453722745,2.4962609009817243,46,2,8,8,False,
somethingv2,validation,68263,data/Something_data/videos_full/68263.webm,16,8,25,8,18,False,True,0.9380137324333191,0.005455425940454006,0.0049459813453722745,2.435327517800033,30,1,8,8,False,
somethingv2,validation,97789,data/Something_data/videos_full/97789.webm,16,8,25,8,16,True,True,0.8181893825531006,0.06674151215702295,0.0049459813453722745,2.4273694488219917,47,2,8,8,False,
somethingv2,validation,214340,data/Something_data/videos_full/214340.webm,16,8,25,8,16,True,True,0.9203953146934509,0.054276696871966124,0.0049459813453722745,2.3595996722579002,62,2,8,8,False,
somethingv2,validation,143268,data/Something_data/videos_full/143268.webm,16,8,25,8,127,False,False,0.5965696573257446,0.04355650395154953,0.0049459813453722745,2.304363702889532,54,2,8,8,False,
somethingv2,validation,17924,data/Something_data/videos_full/17924.webm,16,8,25,8,139,False,False,0.19077378511428833,0.06545957084745169,0.0049459813453722745,2.259978081099689,48,2,8,8,False,
somethingv2,validation,109678,data/Something_data/videos_full/109678.webm,16,8,25,8,128,False,False,0.8549351096153259,0.06586859794333577,0.0049459813453722745,2.1920778499916196,48,2,8,8,False,
somethingv2,validation,176489,data/Something_data/videos_full/176489.webm,16,8,25,8,20,False,True,0.7748805284500122,0.006927338894456625,0.0049459813453722745,2.12437123991549,16,1,8,8,False,
somethingv2,validation,95377,data/Something_data/videos_full/95377.webm,16,8,25,8,16,True,True,0.7887150645256042,0.0748333390802145,0.0049459813453722745,2.115905495826155,41,2,8,8,False,
somethingv2,validation,48955,data/Something_data/videos_full/48955.webm,16,8,25,8,16,True,True,0.8553236126899719,0.13106162194162607,0.0049459813453722745,2.0392134999856353,36,2,8,8,False,
somethingv2,validation,118909,data/Something_data/videos_full/118909.webm,16,8,25,8,128,False,False,0.46613964438438416,0.10297539597377181,0.0049459813453722745,1.9065281488001347,45,2,8,8,False,
somethingv2,validation,111807,data/Something_data/videos_full/111807.webm,16,8,25,8,128,False,False,0.750145435333252,0.125909554772079,0.0049459813453722745,1.802005312871188,49,2,8,8,False,
somethingv2,validation,44659,data/Something_data/videos_full/44659.webm,16,8,25,8,143,False,True,0.6534650325775146,0.07113319169729948,0.0049459813453722745,1.6746163829229772,45,2,8,8,False,
somethingv2,validation,42590,data/Something_data/videos_full/42590.webm,16,8,25,8,16,True,True,0.9679762721061707,0.039080978371202946,0.0049459813453722745,1.6020924192853272,45,2,8,8,False,
somethingv2,validation,178690,data/Something_data/videos_full/178690.webm,16,8,25,8,18,False,True,0.7901449799537659,0.026431801728904247,0.0049459813453722745,1.5622213180176914,49,2,8,8,False,
somethingv2,validation,96568,data/Something_data/videos_full/96568.webm,17,8,25,8,130,False,False,0.4939466416835785,0.09828733699396253,0.0049459813453722745,1.535178201738745,59,2,8,8,False,
somethingv2,validation,32166,data/Something_data/videos_full/32166.webm,17,8,25,8,18,False,True,0.8177005052566528,0.06307598575949669,0.0049459813453722745,1.4349625608883798,62,2,8,8,False,
somethingv2,validation,203306,data/Something_data/videos_full/203306.webm,17,8,25,8,18,False,True,0.43082255125045776,0.10275010205805302,0.0049459813453722745,1.369626821950078,36,2,8,8,False,
somethingv2,validation,148565,data/Something_data/videos_full/148565.webm,17,8,25,8,19,False,True,0.9981260895729065,0.07603351958096027,0.0049459813453722745,1.2647155509330332,40,2,8,8,False,
somethingv2,validation,129803,data/Something_data/videos_full/129803.webm,17,8,25,8,16,False,True,0.7601755857467651,0.058944102842360735,0.0049459813453722745,1.1862196791917086,54,2,8,8,False,
somethingv2,validation,194996,data/Something_data/videos_full/194996.webm,17,8,25,8,127,False,False,0.564906656742096,0.08374953828752041,0.0049459813453722745,1.1252427040599287,48,2,8,8,False,
somethingv2,validation,183226,data/Something_data/videos_full/183226.webm,17,8,25,8,16,False,True,0.8233938217163086,0.09374941186979413,0.0049459813453722745,1.03980205161497,65,2,8,8,False,
somethingv2,validation,49876,data/Something_data/videos_full/49876.webm,17,8,25,8,125,False,False,0.9609823226928711,0.09638302074745297,0.0049459813453722745,0.944689083378762,46,2,8,8,False,
somethingv2,validation,177798,data/Something_data/videos_full/177798.webm,17,8,25,8,17,True,True,0.8047510981559753,0.05082335229963064,0.0049459813453722745,0.8471727804280818,63,2,8,8,False,
somethingv2,validation,85178,data/Something_data/videos_full/85178.webm,17,8,25,8,128,False,False,0.7386817932128906,0.10508216172456741,0.0049459813453722745,0.7951640696264803,43,2,8,8,False,
somethingv2,validation,212021,data/Something_data/videos_full/212021.webm,17,8,25,8,130,False,True,0.4166516661643982,0.08431536611169577,0.0049459813453722745,0.6884584077633917,55,2,8,8,False,
somethingv2,validation,109127,data/Something_data/videos_full/109127.webm,17,8,25,8,129,False,False,0.9035603404045105,0.0635315808467567,0.0049459813453722745,0.6024588728323579,55,2,8,8,False,
somethingv2,validation,31109,data/Something_data/videos_full/31109.webm,17,8,25,8,17,True,True,0.9952347874641418,0.07867947686463594,0.004739210722618736,2.368701222818345,58,2,8,8,False,
somethingv2,validation,36222,data/Something_data/videos_full/36222.webm,17,8,25,8,16,False,True,0.5860542058944702,0.005905314814299345,0.004739210722618736,2.2856825590133667,30,1,8,8,False,
somethingv2,validation,30284,data/Something_data/videos_full/30284.webm,17,8,25,8,127,False,False,0.3840616047382355,0.10974983079358935,0.004739210722618736,2.275942713022232,52,2,8,8,False,
somethingv2,validation,133328,data/Something_data/videos_full/133328.webm,17,8,25,8,5,False,False,0.19987937808036804,0.09146759612485766,0.004739210722618736,2.1638461258262396,45,2,8,8,False,
somethingv2,validation,181146,data/Something_data/videos_full/181146.webm,17,8,25,8,17,True,True,0.9713059663772583,0.10678273485973477,0.004739210722618736,2.0698011443018913,35,2,8,8,False,
somethingv2,validation,219473,data/Something_data/videos_full/219473.webm,17,8,25,8,19,False,True,0.4593629539012909,0.07422531908378005,0.004739210722618736,1.9606546889990568,49,2,8,8,False,
somethingv2,validation,166437,data/Something_data/videos_full/166437.webm,17,8,25,8,18,False,True,0.46068987250328064,0.0067060948349535465,0.004739210722618736,1.8845843761228025,12,1,8,8,False,
somethingv2,validation,182569,data/Something_data/videos_full/182569.webm,17,8,25,8,16,False,True,0.5432136058807373,0.00571276992559433,0.004739210722618736,1.8758082021959126,31,1,8,8,False,
somethingv2,validation,104083,data/Something_data/videos_full/104083.webm,18,8,25,8,16,False,True,0.34796983003616333,0.004653995856642723,0.004739210722618736,1.8676503603346646,28,1,8,8,False,
somethingv2,validation,166183,data/Something_data/videos_full/166183.webm,18,8,25,8,16,False,True,0.7460198402404785,0.06290732976049185,0.004739210722618736,1.8605946190655231,58,2,8,8,False,
somethingv2,validation,205544,data/Something_data/videos_full/205544.webm,18,8,25,8,16,False,True,0.3463374078273773,0.0046538179740309715,0.004739210722618736,1.796904155984521,16,1,8,8,False,
somethingv2,validation,169000,data/Something_data/videos_full/169000.webm,18,8,25,8,127,False,False,0.7343197464942932,0.005207930691540241,0.004739210722618736,1.790499604307115,21,1,8,8,False,
somethingv2,validation,201200,data/Something_data/videos_full/201200.webm,18,8,25,8,18,True,True,0.829146683216095,0.005589038133621216,0.004739210722618736,1.7801315407268703,29,1,8,8,False,
somethingv2,validation,191022,data/Something_data/videos_full/191022.webm,18,8,25,8,18,True,True,0.4936365485191345,0.039016752038151026,0.004739210722618736,1.7709291628561914,48,2,8,8,False,
somethingv2,validation,99620,data/Something_data/videos_full/99620.webm,18,8,25,8,16,False,True,0.6498484015464783,0.08421607688069344,0.004739210722618736,1.7308704312890768,35,2,8,8,False,
somethingv2,validation,200190,data/Something_data/videos_full/200190.webm,18,8,25,8,18,True,True,0.5121492147445679,0.08879521396011114,0.004739210722618736,1.64549829531461,37,2,8,8,False,
somethingv2,validation,196998,data/Something_data/videos_full/196998.webm,18,8,25,8,16,False,True,0.8542658686637878,0.07970750099048018,0.004739210722618736,1.5552751100622118,49,2,8,8,False,
somethingv2,validation,164718,data/Something_data/videos_full/164718.webm,18,8,25,8,18,True,True,0.9824915528297424,0.07988937711343169,0.004739210722618736,1.4735848940908909,58,2,8,8,False,
somethingv2,validation,212966,data/Something_data/videos_full/212966.webm,18,8,25,8,19,False,True,0.733686089515686,0.045136573258787394,0.004739210722618736,1.3914933511987329,44,2,8,8,False,
somethingv2,validation,199853,data/Something_data/videos_full/199853.webm,18,8,25,8,1,False,False,0.30887356400489807,0.06050805188715458,0.004739210722618736,1.3448431380093098,52,2,8,8,False,
somethingv2,validation,207079,data/Something_data/videos_full/207079.webm,18,8,25,8,20,False,True,0.5966035723686218,0.06645272998139262,0.004739210722618736,1.282088011968881,59,2,8,8,False,
somethingv2,validation,104478,data/Something_data/videos_full/104478.webm,18,8,25,8,17,False,True,0.9917773008346558,0.11369136301800609,0.004739210722618736,1.2134616221301258,47,2,8,8,False,
somethingv2,validation,80952,data/Something_data/videos_full/80952.webm,18,8,25,8,15,False,True,0.9485470056533813,0.08041307888925076,0.004739210722618736,1.097772615030408,66,2,8,8,False,
somethingv2,validation,116776,data/Something_data/videos_full/116776.webm,18,8,25,8,18,True,True,0.37002643942832947,0.006545452866703272,0.004739210722618736,1.016307051293552,16,1,8,8,False,
somethingv2,validation,138176,data/Something_data/videos_full/138176.webm,18,8,25,8,16,False,True,0.49768486618995667,0.08293449319899082,0.004739210722618736,1.0072492556646466,44,2,8,8,False,
somethingv2,validation,19792,data/Something_data/videos_full/19792.webm,18,8,25,8,126,False,False,0.45358115434646606,0.006261971779167652,0.004739210722618736,0.9231161600910127,32,1,8,8,False,
somethingv2,validation,84780,data/Something_data/videos_full/84780.webm,18,8,25,8,19,False,True,0.9506492614746094,0.08469382906332612,0.004739210722618736,0.9103297549299896,52,2,8,8,False,
somethingv2,validation,220045,data/Something_data/videos_full/220045.webm,18,8,25,8,128,False,False,0.5427396297454834,0.08694173069670796,0.004739210722618736,0.8243402731604874,62,2,8,8,False,
somethingv2,validation,49262,data/Something_data/videos_full/49262.webm,19,8,25,8,16,False,True,0.8217390179634094,0.005994635634124279,0.004739210722618736,0.7359751290641725,24,1,8,8,False,
somethingv2,validation,30027,data/Something_data/videos_full/30027.webm,19,8,25,8,19,True,True,0.9791730642318726,0.050919448025524616,0.004739210722618736,0.7262491639703512,39,2,8,8,False,
somethingv2,validation,1491,data/Something_data/videos_full/1491.webm,19,8,25,8,16,False,True,0.38833457231521606,0.10218374989926815,0.004739210722618736,0.6738090878352523,61,2,8,8,False,
somethingv2,validation,126414,data/Something_data/videos_full/126414.webm,19,8,25,8,125,False,False,0.4107293486595154,0.011435713153332472,0.004739210722618736,0.569386153947562,47,2,8,8,False,
somethingv2,validation,69505,data/Something_data/videos_full/69505.webm,19,8,25,8,1,False,False,0.6368314623832703,0.09738463396206498,0.004878309788182378,2.8245945759117603,72,3,8,8,False,
somethingv2,validation,89429,data/Something_data/videos_full/89429.webm,19,8,25,8,19,True,True,0.9704667925834656,0.07746523199602962,0.004878309788182378,2.7222817623987794,52,2,8,8,False,
somethingv2,validation,425,data/Something_data/videos_full/425.webm,19,8,25,8,16,False,True,0.6457803845405579,0.007804590743035078,0.004878309788182378,2.643466779962182,27,1,8,8,False,
somethingv2,validation,142135,data/Something_data/videos_full/142135.webm,19,8,25,8,19,True,True,0.9978083968162537,0.07247828505933285,0.004878309788182378,2.628229822963476,68,3,8,8,False,
somethingv2,validation,9409,data/Something_data/videos_full/9409.webm,19,8,25,8,125,False,False,0.509393572807312,0.14343475922942162,0.004878309788182378,2.5539606818929315,49,2,8,8,False,
somethingv2,validation,30173,data/Something_data/videos_full/30173.webm,19,8,25,8,125,False,True,0.46514061093330383,0.07614118792116642,0.004878309788182378,2.408692377153784,48,2,8,8,False,
somethingv2,validation,191457,data/Something_data/videos_full/191457.webm,19,8,25,8,127,False,False,0.437758207321167,0.1085979868657887,0.004878309788182378,2.3310720291920006,55,2,8,8,False,
somethingv2,validation,178335,data/Something_data/videos_full/178335.webm,19,8,25,8,126,False,True,0.9948877692222595,0.0765529740601778,0.004878309788182378,2.220991789828986,37,2,8,8,False,
somethingv2,validation,7167,data/Something_data/videos_full/7167.webm,19,8,25,8,125,False,True,0.505910336971283,0.005906946957111359,0.004878309788182378,2.1430963478051126,32,1,8,8,False,
somethingv2,validation,63398,data/Something_data/videos_full/63398.webm,19,8,25,8,160,False,False,0.44453394412994385,0.005986617878079414,0.004878309788182378,2.1329507888294756,20,1,8,8,False,
somethingv2,validation,114485,data/Something_data/videos_full/114485.webm,19,8,25,8,19,True,True,0.9988211989402771,0.06133235525339842,0.004878309788182378,2.12295061070472,41,2,8,8,False,
somethingv2,validation,47435,data/Something_data/videos_full/47435.webm,19,8,25,8,19,True,True,0.9979189038276672,0.11450251890346408,0.004878309788182378,2.0606111623346806,40,2,8,8,False,
somethingv2,validation,153217,data/Something_data/videos_full/153217.webm,19,8,25,8,19,True,True,0.9992117881774902,0.09541818220168352,0.004878309788182378,1.9432026599533856,40,2,8,8,False,
somethingv2,validation,212636,data/Something_data/videos_full/212636.webm,19,8,25,8,19,True,True,0.9104244112968445,0.07867404911667109,0.004878309788182378,1.8456790852360427,57,2,8,8,False,
somethingv2,validation,41608,data/Something_data/videos_full/41608.webm,19,8,25,8,125,False,True,0.26791831851005554,0.08751789992675185,0.004878309788182378,1.7644086689688265,45,2,8,8,False,
somethingv2,validation,19018,data/Something_data/videos_full/19018.webm,19,8,25,8,125,False,True,0.7290779948234558,0.061318356078118086,0.004878309788182378,1.6750147049315274,37,2,8,8,False,
somethingv2,validation,207869,data/Something_data/videos_full/207869.webm,20,8,25,8,15,False,False,0.3852289319038391,0.07198119396343827,0.004878309788182378,1.612331913318485,42,2,8,8,False,
somethingv2,validation,205658,data/Something_data/videos_full/205658.webm,20,8,25,8,18,False,True,0.7322957515716553,0.06030560890212655,0.004878309788182378,1.5392381730489433,54,2,8,8,False,
somethingv2,validation,155172,data/Something_data/videos_full/155172.webm,20,8,25,8,18,False,True,0.44523847103118896,0.10242005670443177,0.004878309788182378,1.4777597249485552,37,2,8,8,False,
somethingv2,validation,118286,data/Something_data/videos_full/118286.webm,20,8,25,8,20,True,True,0.9983057975769043,0.05766190215945244,0.004878309788182378,1.373981785029173,60,2,8,8,False,
somethingv2,validation,105094,data/Something_data/videos_full/105094.webm,20,8,25,8,18,False,True,0.7688884139060974,0.05497372895479202,0.004878309788182378,1.3152983929030597,44,2,8,8,False,
somethingv2,validation,127658,data/Something_data/videos_full/127658.webm,20,8,25,8,133,False,True,0.15371745824813843,0.16388136008754373,0.004878309788182378,1.2585396077483892,69,3,8,8,False,
somethingv2,validation,220592,data/Something_data/videos_full/220592.webm,20,8,25,8,125,False,True,0.593422532081604,0.10097299981862307,0.004878309788182378,1.0922697628848255,47,2,8,8,False,
somethingv2,validation,117177,data/Something_data/videos_full/117177.webm,20,8,25,8,127,False,False,0.8737689852714539,0.07835377799347043,0.004878309788182378,0.9889007909223437,55,2,8,8,False,
somethingv2,validation,71089,data/Something_data/videos_full/71089.webm,20,8,25,8,20,True,True,0.792855978012085,0.0063524250872433186,0.004878309788182378,0.908682051114738,34,1,8,8,False,
somethingv2,validation,195066,data/Something_data/videos_full/195066.webm,20,8,25,8,18,False,True,0.4730067849159241,0.07972191506996751,0.004878309788182378,0.8992417771369219,47,2,8,8,False,
somethingv2,validation,216777,data/Something_data/videos_full/216777.webm,20,8,25,8,16,False,True,0.8453056812286377,0.005393799394369125,0.004878309788182378,0.8183936388231814,27,1,8,8,False,
somethingv2,validation,40431,data/Something_data/videos_full/40431.webm,20,8,25,8,127,False,False,0.40889883041381836,0.041365052573382854,0.004878309788182378,0.8100835508666933,41,2,8,8,False,
somethingv2,validation,195209,data/Something_data/videos_full/195209.webm,20,8,25,8,17,False,True,0.42318758368492126,0.10412133717909455,0.004878309788182378,0.7676202477887273,52,2,8,8,False,
somethingv2,validation,97449,data/Something_data/videos_full/97449.webm,20,8,25,8,16,False,True,0.7447924017906189,0.006594157312065363,0.004878309788182378,0.6623251270502806,32,1,8,8,False,
somethingv2,validation,66194,data/Something_data/videos_full/66194.webm,20,8,25,8,18,False,True,0.9580506086349487,0.008394983131438494,0.004878309788182378,0.651558309327811,33,1,8,8,False,
somethingv2,validation,29928,data/Something_data/videos_full/29928.webm,20,8,25,8,20,True,True,0.9209538698196411,0.08304179972037673,0.004878309788182378,0.6357950121164322,47,2,8,8,False,
somethingv2,validation,148335,data/Something_data/videos_full/148335.webm,20,8,25,8,20,True,True,0.9107804894447327,0.08445571502670646,0.004510044600465335,3.0760258762165904,47,2,8,8,False,
somethingv2,validation,218726,data/Something_data/videos_full/218726.webm,20,8,25,8,20,True,True,0.363593727350235,0.006954581011086702,0.004510044600465335,2.989778536837548,34,1,8,8,False,
somethingv2,validation,117036,data/Something_data/videos_full/117036.webm,20,8,25,8,20,True,True,0.6633164286613464,0.07784073706716299,0.004510044600465335,2.9786179861985147,52,2,8,8,False,
somethingv2,validation,22336,data/Something_data/videos_full/22336.webm,20,8,25,8,16,False,True,0.6460667848587036,0.12597276410087943,0.004510044600465335,2.8995094811543822,62,2,8,8,False,
somethingv2,validation,159442,data/Something_data/videos_full/159442.webm,21,8,25,8,134,False,False,0.2274397909641266,0.098291230853647,0.004510044600465335,2.7718110010027885,38,2,8,8,False,
somethingv2,validation,156996,data/Something_data/videos_full/156996.webm,21,8,25,8,16,False,False,0.21126583218574524,0.06733540305867791,0.004510044600465335,2.6710091060958803,49,2,8,8,False,
somethingv2,validation,133612,data/Something_data/videos_full/133612.webm,21,8,25,8,152,False,False,0.3193545639514923,0.13375069806352258,0.004510044600465335,2.602319121360779,43,2,8,8,False,
somethingv2,validation,22865,data/Something_data/videos_full/22865.webm,21,8,25,8,160,False,False,0.266908198595047,0.08565123286098242,0.004510044600465335,2.466432153247297,50,2,8,8,False,
somethingv2,validation,14343,data/Something_data/videos_full/14343.webm,21,8,25,8,16,False,False,0.7946484088897705,0.06690551294013858,0.004510044600465335,2.379846469964832,47,2,8,8,False,
somethingv2,validation,71829,data/Something_data/videos_full/71829.webm,21,8,25,8,126,False,False,0.22333742678165436,0.04230529675260186,0.004510044600465335,2.311734584160149,44,2,8,8,False,
somethingv2,validation,120443,data/Something_data/videos_full/120443.webm,21,8,25,8,130,False,False,0.34170156717300415,0.11174597917124629,0.004510044600465335,2.268294184934348,55,2,8,8,False,
somethingv2,validation,89840,data/Something_data/videos_full/89840.webm,21,8,25,8,151,False,False,0.5720207095146179,0.1621322468854487,0.004510044600465335,2.1548918182961643,68,3,8,8,False,
somethingv2,validation,215085,data/Something_data/videos_full/215085.webm,21,8,25,8,18,False,False,0.45269668102264404,0.10547289298847318,0.004510044600465335,1.9903736151754856,63,2,8,8,False,
somethingv2,validation,37074,data/Something_data/videos_full/37074.webm,21,8,25,8,160,False,False,0.2380211502313614,0.10868173884227872,0.004510044600465335,1.881862518377602,45,2,8,8,False,
somethingv2,validation,127456,data/Something_data/videos_full/127456.webm,21,8,25,8,21,True,True,0.16482718288898468,0.10308027220889926,0.004510044600465335,1.771734254900366,58,2,8,8,False,
somethingv2,validation,178486,data/Something_data/videos_full/178486.webm,21,8,25,8,129,False,False,0.3022063970565796,0.0609514070674777,0.004510044600465335,1.6665292335674167,40,2,8,8,False,
somethingv2,validation,32417,data/Something_data/videos_full/32417.webm,21,8,25,8,134,False,False,0.4993191063404083,0.07838712725788355,0.004510044600465335,1.6045726891607046,46,2,8,8,False,
somethingv2,validation,5585,data/Something_data/videos_full/5585.webm,21,8,25,8,80,False,False,0.27171090245246887,0.06782444100826979,0.004510044600465335,1.5249627130106091,50,2,8,8,False,
somethingv2,validation,169102,data/Something_data/videos_full/169102.webm,21,8,25,8,134,False,False,0.2601287364959717,0.0685716881416738,0.004510044600465335,1.4563383730128407,37,2,8,8,False,
somethingv2,validation,46161,data/Something_data/videos_full/46161.webm,21,8,25,8,16,False,False,0.1616644412279129,0.07443469110876322,0.004510044600465335,1.3868777407333255,70,3,8,8,False,
somethingv2,validation,146601,data/Something_data/videos_full/146601.webm,21,8,25,8,114,False,False,0.23203280568122864,0.13203110918402672,0.004510044600465335,1.3105542128905654,57,2,8,8,False,
somethingv2,validation,111069,data/Something_data/videos_full/111069.webm,21,8,25,8,135,False,False,0.28293976187705994,0.05353355314582586,0.004510044600465335,1.1759259277023375,71,3,8,8,False,
somethingv2,validation,90617,data/Something_data/videos_full/90617.webm,21,8,25,8,16,False,False,0.546504557132721,0.07007110584527254,0.004510044600465335,1.1209074989892542,46,2,8,8,False,
somethingv2,validation,51198,data/Something_data/videos_full/51198.webm,21,8,25,8,151,False,False,0.3515467941761017,0.13111336901783943,0.004510044600465335,1.0487333037890494,44,2,8,8,False,
somethingv2,validation,63693,data/Something_data/videos_full/63693.webm,22,8,25,8,22,True,True,0.5600205063819885,0.044823406264185905,0.004510044600465335,0.9159078816883266,43,2,8,8,False,
somethingv2,validation,58619,data/Something_data/videos_full/58619.webm,22,8,25,8,18,False,False,0.5952619910240173,0.07132869493216276,0.004510044600465335,0.8701130258850753,41,2,8,8,False,
somethingv2,validation,168320,data/Something_data/videos_full/168320.webm,22,8,25,8,125,False,False,0.5146619081497192,0.004618947394192219,0.004510044600465335,0.7976146670989692,28,1,8,8,False,
somethingv2,validation,31003,data/Something_data/videos_full/31003.webm,22,8,25,8,139,False,True,0.903687059879303,0.05635456833988428,0.004510044600465335,0.7914270227774978,59,2,8,8,False,
somethingv2,validation,102969,data/Something_data/videos_full/102969.webm,22,8,25,8,160,False,False,0.3775373101234436,0.041988058015704155,0.004510044600465335,0.7336824480444193,45,2,8,8,False,
somethingv2,validation,90769,data/Something_data/videos_full/90769.webm,22,8,25,8,18,False,False,0.3683008849620819,0.08284394396468997,0.004510044600465335,0.6908240639604628,57,2,8,8,False,
somethingv2,validation,79560,data/Something_data/videos_full/79560.webm,22,8,25,8,125,False,False,0.40160560607910156,0.005678867921233177,0.004510044600465335,0.6068863430991769,30,1,8,8,False,
somethingv2,validation,167251,data/Something_data/videos_full/167251.webm,22,8,25,8,134,False,False,0.20722796022891998,0.056382711976766586,0.004510044600465335,0.5980602521449327,38,2,8,8,False,
somethingv2,validation,26698,data/Something_data/videos_full/26698.webm,22,8,25,8,16,False,False,0.3827947974205017,0.05804232880473137,0.003914379223715514,1.9000696940347552,59,2,8,8,False,
somethingv2,validation,210525,data/Something_data/videos_full/210525.webm,22,8,25,8,134,False,False,0.6500573754310608,0.023502068128436804,0.003914379223715514,1.8407764951698482,50,2,8,8,False,
somethingv2,validation,32294,data/Something_data/videos_full/32294.webm,22,8,25,8,18,False,False,0.641007661819458,0.07504551997408271,0.003914379223715514,1.816655236762017,47,2,8,8,False,
somethingv2,validation,51528,data/Something_data/videos_full/51528.webm,22,8,25,8,128,False,True,0.7026704549789429,0.0740107037127018,0.003914379223715514,1.7404422238469124,69,3,8,8,False,
somethingv2,validation,116433,data/Something_data/videos_full/116433.webm,22,8,25,8,129,False,False,0.44525137543678284,0.07022355496883392,0.003914379223715514,1.6653782417997718,52,2,8,8,False,
somethingv2,validation,45674,data/Something_data/videos_full/45674.webm,22,8,25,8,22,True,True,0.6995026469230652,0.08210022421553731,0.003914379223715514,1.592804647050798,65,2,8,8,False,
somethingv2,validation,53666,data/Something_data/videos_full/53666.webm,22,8,25,8,160,False,False,0.2174360454082489,0.09539749100804329,0.003914379223715514,1.5085924752056599,45,2,8,8,False,
somethingv2,validation,9555,data/Something_data/videos_full/9555.webm,22,8,25,8,19,False,False,0.5851800441741943,0.06754207890480757,0.003914379223715514,1.4115419234149158,54,2,8,8,False,
somethingv2,validation,32616,data/Something_data/videos_full/32616.webm,22,8,25,8,19,False,False,0.08230815082788467,0.006142260041087866,0.003914379223715514,1.3426474216394126,32,1,8,8,False,
somethingv2,validation,127006,data/Something_data/videos_full/127006.webm,22,8,25,8,166,False,True,0.3922829329967499,0.008045230992138386,0.003914379223715514,1.3324018958956003,31,1,8,8,False,
somethingv2,validation,35971,data/Something_data/videos_full/35971.webm,22,8,25,8,19,False,False,0.4820619225502014,0.1298128147609532,0.003914379223715514,1.3192156432196498,57,2,8,8,False,
somethingv2,validation,210474,data/Something_data/videos_full/210474.webm,22,8,25,8,16,False,False,0.6152968406677246,0.006644410081207752,0.003914379223715514,1.1877572843804955,25,1,8,8,False,
somethingv2,validation,205018,data/Something_data/videos_full/205018.webm,23,8,25,8,16,False,False,0.817240297794342,0.007135511841624975,0.003914379223715514,1.1752563719637692,31,1,8,8,False,
somethingv2,validation,20255,data/Something_data/videos_full/20255.webm,23,8,25,8,124,False,False,0.6062406897544861,0.006472424138337374,0.003914379223715514,1.1624687421135604,34,1,8,8,False,
somethingv2,validation,193202,data/Something_data/videos_full/193202.webm,23,8,25,8,19,False,False,0.21004065871238708,0.006256233900785446,0.003914379223715514,1.1512840958312154,57,2,8,8,False,
somethingv2,validation,137095,data/Something_data/videos_full/137095.webm,23,8,25,8,79,False,False,0.5810214281082153,0.06240130076184869,0.003914379223715514,1.1431082990020514,49,2,8,8,False,
somethingv2,validation,97908,data/Something_data/videos_full/97908.webm,23,8,25,8,127,False,False,0.6453208923339844,0.0072992099449038506,0.003914379223715514,1.0793253951705992,27,1,8,8,False,
somethingv2,validation,124722,data/Something_data/videos_full/124722.webm,23,8,25,8,127,False,False,0.7058583498001099,0.006051548756659031,0.003914379223715514,1.0676374868489802,14,1,8,8,False,
somethingv2,validation,67902,data/Something_data/videos_full/67902.webm,23,8,25,8,128,False,False,0.4926937520503998,0.07362183276563883,0.003914379223715514,1.059852859005332,51,2,8,8,False,
somethingv2,validation,116061,data/Something_data/videos_full/116061.webm,23,8,25,8,16,False,False,0.6795558929443359,0.09917130973190069,0.003914379223715514,0.9848634591326118,47,2,8,8,False,
somethingv2,validation,204388,data/Something_data/videos_full/204388.webm,23,8,25,8,125,False,False,0.3414677679538727,0.06783580873161554,0.003914379223715514,0.882736090105027,60,2,8,8,False,
somethingv2,validation,176851,data/Something_data/videos_full/176851.webm,23,8,25,8,16,False,False,0.6393025517463684,0.006226006895303726,0.003914379223715514,0.8129379618912935,25,1,8,8,False,
somethingv2,validation,33457,data/Something_data/videos_full/33457.webm,23,8,25,8,16,False,False,0.834091305732727,0.07220235094428062,0.003914379223715514,0.8036918011493981,40,2,8,8,False,
somethingv2,validation,184267,data/Something_data/videos_full/184267.webm,23,8,25,8,126,False,False,0.8032656908035278,0.006635304074734449,0.003914379223715514,0.72936837002635,28,1,8,8,False,
somethingv2,validation,152971,data/Something_data/videos_full/152971.webm,23,8,25,8,128,False,False,0.635716438293457,0.01416451670229435,0.003914379223715514,0.7217043982818723,69,3,8,8,False,
somethingv2,validation,37911,data/Something_data/videos_full/37911.webm,23,8,25,8,16,False,False,0.30108410120010376,0.00776065606623888,0.003914379223715514,0.7017719969153404,24,1,8,8,False,
somethingv2,validation,34188,data/Something_data/videos_full/34188.webm,23,8,25,8,30,False,False,0.8769795894622803,0.006676678080111742,0.003914379223715514,0.6870928420685232,19,1,8,8,False,
somethingv2,validation,49185,data/Something_data/videos_full/49185.webm,23,8,25,8,128,False,False,0.9305906295776367,0.004951510112732649,0.003914379223715514,0.6763203139416873,23,1,8,8,False,
somethingv2,validation,60261,data/Something_data/videos_full/60261.webm,23,8,25,8,128,False,False,0.8698446750640869,0.006133127957582474,0.003914379223715514,0.6707873661071062,18,1,8,8,False,
somethingv2,validation,109913,data/Something_data/videos_full/109913.webm,23,8,25,8,25,False,False,0.7017819881439209,0.07243247516453266,0.003914379223715514,0.661079659126699,43,2,8,8,False,
somethingv2,validation,194691,data/Something_data/videos_full/194691.webm,23,8,25,8,17,False,False,0.5221005082130432,0.044321742840111256,0.003914379223715514,0.5871129729785025,50,2,8,8,False,
somethingv2,validation,217931,data/Something_data/videos_full/217931.webm,23,8,25,8,20,False,False,0.6910040974617004,0.05731002986431122,0.003914379223715514,0.5418462581001222,49,2,8,8,False,
somethingv2,validation,112844,data/Something_data/videos_full/112844.webm,24,8,25,8,20,False,False,0.1557384431362152,0.01065234700217843,0.0034118789044441655,2.2591995396651328,16,1,8,8,False,
somethingv2,validation,125237,data/Something_data/videos_full/125237.webm,24,8,25,8,16,False,False,0.3767305612564087,0.006266403943300247,0.0034118789044441655,2.2452002856880426,31,1,8,8,False,
somethingv2,validation,156353,data/Something_data/videos_full/156353.webm,24,8,25,8,67,False,False,0.4020768702030182,0.11021372396498919,0.0034118789044441655,2.2358078099787235,69,3,8,8,False,
somethingv2,validation,216261,data/Something_data/videos_full/216261.webm,24,8,25,8,129,False,False,0.17016048729419708,0.007437331601977348,0.0034118789044441655,2.12339099124074,30,1,8,8,False,
somethingv2,validation,44059,data/Something_data/videos_full/44059.webm,24,8,25,8,16,False,False,0.4962303936481476,0.07681145099923015,0.0034118789044441655,2.1145339091308415,58,2,8,8,False,
somethingv2,validation,151940,data/Something_data/videos_full/151940.webm,24,8,25,8,124,False,False,0.802879273891449,0.0069997855462133884,0.0034118789044441655,2.036126535385847,64,2,8,8,False,
somethingv2,validation,93367,data/Something_data/videos_full/93367.webm,24,8,25,8,15,False,False,0.515711784362793,0.00576430419459939,0.0034118789044441655,2.0259140762500465,22,1,8,8,False,
somethingv2,validation,130569,data/Something_data/videos_full/130569.webm,24,8,25,8,20,False,False,0.160572350025177,0.10219962103292346,0.0034118789044441655,2.015223904978484,43,2,8,8,False,
somethingv2,validation,2076,data/Something_data/videos_full/2076.webm,24,8,25,8,127,False,False,0.2907460927963257,0.04539936874061823,0.0034118789044441655,1.9117799568921328,35,2,8,8,False,
somethingv2,validation,123327,data/Something_data/videos_full/123327.webm,24,8,25,8,16,False,False,0.3913235068321228,0.07610599836334586,0.0034118789044441655,1.865442079026252,45,2,8,8,False,
somethingv2,validation,188211,data/Something_data/videos_full/188211.webm,24,8,25,8,128,False,False,0.7702772617340088,0.0044453879818320274,0.0034118789044441655,1.7881587827578187,20,1,8,8,False,
somethingv2,validation,157213,data/Something_data/videos_full/157213.webm,24,8,25,8,17,False,False,0.2244572788476944,0.005969896912574768,0.0034118789044441655,1.7823648401536047,23,1,8,8,False,
somethingv2,validation,163933,data/Something_data/videos_full/163933.webm,24,8,25,8,19,False,False,0.378942608833313,0.006793589796870947,0.0034118789044441655,1.7716079312376678,37,2,8,8,False,
somethingv2,validation,147245,data/Something_data/videos_full/147245.webm,24,8,25,8,116,False,False,0.23518525063991547,0.005846939980983734,0.0034118789044441655,1.7624391680583358,26,1,8,8,False,
somethingv2,validation,134509,data/Something_data/videos_full/134509.webm,24,8,25,8,160,False,False,0.5551197528839111,0.004980466328561306,0.0034118789044441655,1.7522938633337617,21,1,8,8,False,
somethingv2,validation,91079,data/Something_data/videos_full/91079.webm,24,8,25,8,66,False,False,0.47694429755210876,0.06591798178851604,0.0034118789044441655,1.7435525297187269,36,2,8,8,False,
somethingv2,validation,209741,data/Something_data/videos_full/209741.webm,24,8,25,8,129,False,False,0.5910716652870178,0.06033521797508001,0.0034118789044441655,1.6757423742674291,38,2,8,8,False,
somethingv2,validation,33128,data/Something_data/videos_full/33128.webm,24,8,25,8,100,False,False,0.7782076597213745,0.16498452983796597,0.0034118789044441655,1.6136620859615505,46,2,8,8,False,
somethingv2,validation,59287,data/Something_data/videos_full/59287.webm,24,8,25,8,153,False,False,0.15737755596637726,0.054993287194520235,0.0034118789044441655,1.4461926990188658,41,2,8,8,False,
somethingv2,validation,142547,data/Something_data/videos_full/142547.webm,24,8,25,8,139,False,False,0.411838173866272,0.06712847808375955,0.0034118789044441655,1.3895335840061307,47,2,8,8,False,
somethingv2,validation,119693,data/Something_data/videos_full/119693.webm,25,8,25,8,18,False,False,0.3026674687862396,0.005103408358991146,0.0034118789044441655,1.3209112943150103,33,1,8,8,False,
somethingv2,validation,51076,data/Something_data/videos_full/51076.webm,25,8,25,8,25,True,True,0.214044988155365,0.09535740874707699,0.0034118789044441655,1.3152190577238798,60,2,8,8,False,
somethingv2,validation,33375,data/Something_data/videos_full/33375.webm,25,8,25,8,127,False,True,0.935651421546936,0.07369545986875892,0.0034118789044441655,1.21819784399122,59,2,8,8,False,
somethingv2,validation,197287,data/Something_data/videos_full/197287.webm,25,8,25,8,160,False,False,0.5769532918930054,0.07755072927102447,0.0034118789044441655,1.1435227440670133,65,2,8,8,False,
somethingv2,validation,96476,data/Something_data/videos_full/96476.webm,25,8,25,8,127,False,False,0.33233538269996643,0.04324779286980629,0.0034118789044441655,1.0647941511124372,64,2,8,8,False,
somethingv2,validation,206019,data/Something_data/videos_full/206019.webm,25,8,25,8,156,False,True,0.7564473748207092,0.09482947504147887,0.0034118789044441655,1.0204306882806122,45,2,8,8,False,
somethingv2,validation,46863,data/Something_data/videos_full/46863.webm,25,8,25,8,156,False,True,0.5719812512397766,0.058485029730945826,0.0034118789044441655,0.9245212152600288,48,2,8,8,False,
somethingv2,validation,175473,data/Something_data/videos_full/175473.webm,25,8,25,8,25,True,True,0.530917763710022,0.0775236920453608,0.0034118789044441655,0.8635297059081495,51,2,8,8,False,
somethingv2,validation,67171,data/Something_data/videos_full/67171.webm,25,8,25,8,100,False,True,0.8501794338226318,0.07334778597578406,0.0034118789044441655,0.7838487150147557,47,2,8,8,False,
somethingv2,validation,39317,data/Something_data/videos_full/39317.webm,25,8,25,8,17,False,False,0.41341572999954224,0.08322000876069069,0.0034118789044441655,0.7079773023724556,39,2,8,8,False,
somethingv2,validation,212697,data/Something_data/videos_full/212697.webm,25,8,25,8,19,False,False,0.9872177243232727,0.08193259406834841,0.0034118789044441655,0.622747756075114,43,2,8,8,False,
somethingv2,validation,149009,data/Something_data/videos_full/149009.webm,25,8,25,8,25,True,True,0.28751087188720703,0.07117671240121126,0.0034118789044441655,0.53921187389642,44,2,8,8,False,
somethingv2,validation,165539,data/Something_data/videos_full/165539.webm,25,8,25,8,16,False,False,0.2162017673254013,0.09576868917793036,0.0046483231271849945,3.089095224160701,68,3,8,8,False,
somethingv2,validation,92832,data/Something_data/videos_full/92832.webm,25,8,25,8,127,False,False,0.3969291150569916,0.009695555083453655,0.0046483231271849945,2.9910840610973537,34,1,8,8,False,
somethingv2,validation,105544,data/Something_data/videos_full/105544.webm,25,8,25,8,25,True,True,0.9089482426643372,0.11587989190593362,0.0046483231271849945,2.9719730927608907,72,3,8,8,False,
somethingv2,validation,159885,data/Something_data/videos_full/159885.webm,25,8,25,8,128,False,False,0.6532604694366455,0.09114835737273097,0.0046483231271849945,2.854319653008133,36,2,8,8,False,
somethingv2,validation,38907,data/Something_data/videos_full/38907.webm,25,8,25,8,17,False,False,0.4562279284000397,0.06448519881814718,0.0046483231271849945,2.7619507149793208,55,2,8,8,False,
somethingv2,validation,117370,data/Something_data/videos_full/117370.webm,25,8,25,8,127,False,False,0.8505801558494568,0.10369019070640206,0.0046483231271849945,2.6963902171701193,69,3,8,8,False,
somethingv2,validation,58250,data/Something_data/videos_full/58250.webm,25,8,25,8,17,False,False,0.9907537698745728,0.0661046551540494,0.0046483231271849945,2.591672594193369,56,2,8,8,False,
somethingv2,validation,109474,data/Something_data/videos_full/109474.webm,26,8,25,8,125,False,False,0.8572745323181152,0.005701365880668163,0.0046483231271849945,2.524277098942548,27,1,8,8,False,
somethingv2,validation,157165,data/Something_data/videos_full/157165.webm,26,8,25,8,20,False,False,0.6566205024719238,0.11328977812081575,0.0046483231271849945,2.5134675540030003,68,3,8,8,False,
somethingv2,validation,184964,data/Something_data/videos_full/184964.webm,26,8,25,8,16,False,False,0.6580811738967896,0.06320964498445392,0.0046483231271849945,2.397277601994574,47,2,8,8,False,
somethingv2,validation,143113,data/Something_data/videos_full/143113.webm,26,8,25,8,156,False,False,0.4873509407043457,0.010286337230354548,0.0046483231271849945,2.3319977978244424,28,1,8,8,False,
somethingv2,validation,47879,data/Something_data/videos_full/47879.webm,26,8,25,8,56,False,False,0.467835009098053,0.07878817990422249,0.0046483231271849945,2.311273416969925,48,2,8,8,False,
somethingv2,validation,137455,data/Something_data/videos_full/137455.webm,26,8,25,8,126,False,False,0.22741976380348206,0.1237837509252131,0.0046483231271849945,2.230704094748944,43,2,8,8,False,
somethingv2,validation,118950,data/Something_data/videos_full/118950.webm,26,8,25,8,45,False,False,0.3952532410621643,0.053270649164915085,0.0046483231271849945,2.1048554820008576,61,2,8,8,False,
somethingv2,validation,82117,data/Something_data/videos_full/82117.webm,26,8,25,8,19,False,False,0.9655792713165283,0.08146611088886857,0.0046483231271849945,2.049938944168389,54,2,8,8,False,
somethingv2,validation,70324,data/Something_data/videos_full/70324.webm,26,8,25,8,25,False,False,0.7678026556968689,0.0818065800704062,0.0046483231271849945,1.9672397430986166,66,2,8,8,False,
somethingv2,validation,150400,data/Something_data/videos_full/150400.webm,26,8,25,8,127,False,False,0.805604875087738,0.012225110083818436,0.0046483231271849945,1.88390422007069,45,2,8,8,False,
somethingv2,validation,137436,data/Something_data/videos_full/137436.webm,26,8,25,8,25,False,True,0.9440252184867859,0.13168880715966225,0.0046483231271849945,1.8616052139550447,67,3,8,8,False,
somethingv2,validation,11588,data/Something_data/videos_full/11588.webm,26,8,25,8,16,False,False,0.8023975491523743,0.12344895722344518,0.0046483231271849945,1.7272922480478883,59,2,8,8,False,
somethingv2,validation,204280,data/Something_data/videos_full/204280.webm,26,8,25,8,56,False,False,0.7736485600471497,0.06400773208588362,0.0046483231271849945,1.6016626581549644,65,2,8,8,False,
somethingv2,validation,117056,data/Something_data/videos_full/117056.webm,26,8,25,8,25,False,False,0.7326112389564514,0.06509433221071959,0.0046483231271849945,1.5354164387099445,49,2,8,8,False,
somethingv2,validation,70385,data/Something_data/videos_full/70385.webm,26,8,25,8,16,False,False,0.802486777305603,0.10873072175309062,0.0046483231271849945,1.4685954470187426,52,2,8,8,False,
somethingv2,validation,184051,data/Something_data/videos_full/184051.webm,26,8,25,8,126,False,False,0.9770652055740356,0.07773712603375316,0.0046483231271849945,1.3584085986949503,56,2,8,8,False,
somethingv2,validation,36388,data/Something_data/videos_full/36388.webm,26,8,25,8,17,False,False,0.5550577640533447,0.11014722799882293,0.0046483231271849945,1.2796228169463575,68,3,8,8,False,
somethingv2,validation,203725,data/Something_data/videos_full/203725.webm,26,8,25,8,125,False,False,0.37027835845947266,0.0770334261469543,0.0046483231271849945,1.1679906058125198,54,2,8,8,False,
somethingv2,validation,101379,data/Something_data/videos_full/101379.webm,26,8,25,8,125,False,False,0.5273750424385071,0.06107420101761818,0.0046483231271849945,1.090000657364726,47,2,8,8,False,
somethingv2,validation,126058,data/Something_data/videos_full/126058.webm,26,8,25,8,160,False,False,0.2875264286994934,0.06304189516231418,0.0046483231271849945,1.0278287599794567,46,2,8,8,False,
somethingv2,validation,208126,data/Something_data/videos_full/208126.webm,27,8,25,8,16,False,False,0.8234895467758179,0.07745371712371707,0.0046483231271849945,0.9632859551347792,39,2,8,8,False,
somethingv2,validation,5950,data/Something_data/videos_full/5950.webm,27,8,25,8,160,False,False,0.5433555841445923,0.06969725620001554,0.0046483231271849945,0.8829147978685796,48,2,8,8,False,
somethingv2,validation,17545,data/Something_data/videos_full/17545.webm,27,8,25,8,100,False,False,0.5137450098991394,0.07829150930047035,0.0046483231271849945,0.8105309214442968,40,2,8,8,False,
somethingv2,validation,191701,data/Something_data/videos_full/191701.webm,27,8,25,8,125,False,False,0.4338241517543793,0.11742322612553835,0.0046483231271849945,0.7298264596611261,52,2,8,8,False,
somethingv2,validation,26992,data/Something_data/videos_full/26992.webm,27,8,25,8,127,False,False,0.5377317667007446,0.0538552301004529,0.0046483231271849945,0.6104327896609902,50,2,8,8,False,
somethingv2,validation,110234,data/Something_data/videos_full/110234.webm,27,8,25,8,129,False,False,0.4865596890449524,0.1346314512193203,0.004670516544138081,3.1063772668130696,48,2,8,8,False,
somethingv2,validation,41755,data/Something_data/videos_full/41755.webm,27,8,25,8,16,False,False,0.9479511380195618,0.04790001688525081,0.004670516544138081,2.969962937757373,36,2,8,8,False,
somethingv2,validation,93939,data/Something_data/videos_full/93939.webm,27,8,25,8,101,False,False,0.30061811208724976,0.08672336488962173,0.004670516544138081,2.921103802975267,36,2,8,8,False,
somethingv2,validation,53388,data/Something_data/videos_full/53388.webm,27,8,25,8,129,False,False,0.5097816586494446,0.12818327359855175,0.004670516544138081,2.8329517929814756,68,3,8,8,False,
somethingv2,validation,144105,data/Something_data/videos_full/144105.webm,27,8,25,8,16,False,False,0.6804195046424866,0.05406003072857857,0.004670516544138081,2.7034196127206087,44,2,8,8,False,
somethingv2,validation,46057,data/Something_data/videos_full/46057.webm,27,8,25,8,81,False,False,0.3753516674041748,0.050905109383165836,0.004670516544138081,2.6482136608101428,47,2,8,8,False,
somethingv2,validation,15705,data/Something_data/videos_full/15705.webm,27,8,25,8,165,False,False,0.8918036818504333,0.005767032038420439,0.004670516544138081,2.595828843768686,26,1,8,8,False,
somethingv2,validation,120800,data/Something_data/videos_full/120800.webm,27,8,25,8,16,False,False,0.3731555640697479,0.007773147895932198,0.004670516544138081,2.5887777749449015,33,1,8,8,False,
somethingv2,validation,93247,data/Something_data/videos_full/93247.webm,27,8,25,8,19,False,False,0.7398166656494141,0.08553744107484818,0.004670516544138081,2.572121691890061,40,2,8,8,False,
somethingv2,validation,93652,data/Something_data/videos_full/93652.webm,27,8,25,8,16,False,False,0.9107039570808411,0.05646202387288213,0.004670516544138081,2.484617779031396,44,2,8,8,False,
somethingv2,validation,162440,data/Something_data/videos_full/162440.webm,27,8,25,8,18,False,False,0.636522114276886,0.007772859651595354,0.004670516544138081,2.426403781864792,20,1,8,8,False,
somethingv2,validation,172947,data/Something_data/videos_full/172947.webm,27,8,25,8,126,False,False,0.4257441759109497,0.011248775757849216,0.004670516544138081,2.4103959989733994,34,1,8,8,False,
somethingv2,validation,11248,data/Something_data/videos_full/11248.webm,27,8,25,8,129,False,False,0.5118793249130249,0.06525634182617068,0.004670516544138081,2.386722416151315,42,2,8,8,False,
somethingv2,validation,217782,data/Something_data/videos_full/217782.webm,27,8,25,8,56,False,False,0.8032770156860352,0.1004934306256473,0.004670516544138081,2.319534028880298,47,2,8,8,False,
somethingv2,validation,49839,data/Something_data/videos_full/49839.webm,27,8,25,8,66,False,False,0.22489020228385925,0.1553526958450675,0.004670516544138081,2.217211208306253,41,2,8,8,False,
somethingv2,validation,205120,data/Something_data/videos_full/205120.webm,28,8,25,8,125,False,False,0.8236038088798523,0.13457857491448522,0.004670516544138081,2.060374927241355,67,3,8,8,False,
somethingv2,validation,62788,data/Something_data/videos_full/62788.webm,28,8,25,8,127,False,False,0.42513105273246765,0.07737909629940987,0.004670516544138081,1.9246320398524404,58,2,8,8,False,
somethingv2,validation,31921,data/Something_data/videos_full/31921.webm,28,8,25,8,16,False,False,0.609421968460083,0.09319778718054295,0.004670516544138081,1.8454131120815873,36,2,8,8,False,
somethingv2,validation,154488,data/Something_data/videos_full/154488.webm,28,8,25,8,160,False,False,0.7500788569450378,0.0658872788771987,0.004670516544138081,1.7505285828374326,48,2,8,8,False,
somethingv2,validation,202442,data/Something_data/videos_full/202442.webm,28,8,25,8,20,False,False,0.3878759443759918,0.08791333809494972,0.004670516544138081,1.6827906500548124,53,2,8,8,False,
somethingv2,validation,220385,data/Something_data/videos_full/220385.webm,28,8,25,8,67,False,False,0.8726567625999451,0.0831801570020616,0.004670516544138081,1.5931178047321737,71,3,8,8,False,
somethingv2,validation,110044,data/Something_data/videos_full/110044.webm,28,8,25,8,20,False,False,0.5793826580047607,0.11216778587549925,0.004670516544138081,1.5083148516714573,54,2,8,8,False,
somethingv2,validation,31359,data/Something_data/videos_full/31359.webm,28,8,25,8,30,False,False,0.1939868927001953,0.11918051494285464,0.004670516544138081,1.3949886918999255,35,2,8,8,False,
somethingv2,validation,188499,data/Something_data/videos_full/188499.webm,28,8,25,8,15,False,False,0.4186403751373291,0.09256684081628919,0.004670516544138081,1.27423942880705,49,2,8,8,False,
somethingv2,validation,63166,data/Something_data/videos_full/63166.webm,28,8,25,8,68,False,False,0.3458455204963684,0.10624846816062927,0.004670516544138081,1.180590519681573,70,3,8,8,False,
somethingv2,validation,96964,data/Something_data/videos_full/96964.webm,28,8,25,8,16,False,False,0.9485395550727844,0.05992893222719431,0.004670516544138081,1.0719944569282234,60,2,8,8,False,
somethingv2,validation,48460,data/Something_data/videos_full/48460.webm,28,8,25,8,16,False,False,0.9893175959587097,0.008019628003239632,0.004670516544138081,1.0102885738015175,24,1,8,8,False,
somethingv2,validation,106056,data/Something_data/videos_full/106056.webm,28,8,25,8,56,False,False,0.14979632198810577,0.0741341020911932,0.004670516544138081,0.9963066359050572,49,2,8,8,False,
somethingv2,validation,205724,data/Something_data/videos_full/205724.webm,28,8,25,8,128,False,False,0.5983608961105347,0.04875846300274134,0.004670516544138081,0.919739339966327,56,2,8,8,False,
somethingv2,validation,96842,data/Something_data/videos_full/96842.webm,28,8,25,8,68,False,False,0.5005658268928528,0.042326102033257484,0.004670516544138081,0.8693930190056562,60,2,8,8,False,
somethingv2,validation,123900,data/Something_data/videos_full/123900.webm,28,8,25,8,16,False,False,0.22882616519927979,0.11012857127934694,0.004670516544138081,0.8260032162070274,54,2,8,8,False,
somethingv2,validation,16667,data/Something_data/videos_full/16667.webm,28,8,25,8,125,False,False,0.6390109062194824,0.1579913990572095,0.004670516544138081,0.7135011311620474,47,2,8,8,False,
somethingv2,validation,30095,data/Something_data/videos_full/30095.webm,28,8,25,8,16,False,False,0.5381870269775391,0.07749761594459414,0.004607033624779433,2.799964207690209,72,3,8,8,False,
somethingv2,validation,62317,data/Something_data/videos_full/62317.webm,28,8,25,8,30,False,False,0.6812784671783447,0.06907966174185276,0.004607033624779433,2.7191510908305645,55,2,8,8,False,
somethingv2,validation,2173,data/Something_data/videos_full/2173.webm,28,8,25,8,23,False,False,0.19401101768016815,0.08048792509362102,0.004607033624779433,2.6487237587571144,46,2,8,8,False,
somethingv2,validation,164766,data/Something_data/videos_full/164766.webm,29,8,25,8,16,False,False,0.7197584509849548,0.004462020937353373,0.004607033624779433,2.566851813811809,26,1,8,8,False,
somethingv2,validation,43192,data/Something_data/videos_full/43192.webm,29,8,25,8,12,False,False,0.1838487982749939,0.009642651304602623,0.004607033624779433,2.5612538820132613,53,2,8,8,False,
somethingv2,validation,108670,data/Something_data/videos_full/108670.webm,29,8,25,8,19,False,False,0.5913057923316956,0.07779114600270987,0.004607033624779433,2.5458075352944434,54,2,8,8,False,
somethingv2,validation,94214,data/Something_data/videos_full/94214.webm,29,8,25,8,19,False,False,0.7459699511528015,0.006427715066820383,0.004607033624779433,2.466596231330186,33,1,8,8,False,
somethingv2,validation,50882,data/Something_data/videos_full/50882.webm,29,8,25,8,23,False,False,0.4128711521625519,0.07381509616971016,0.004607033624779433,2.4541580216027796,72,3,8,8,False,
somethingv2,validation,186837,data/Something_data/videos_full/186837.webm,29,8,25,8,18,False,False,0.736194908618927,0.11055369954556227,0.004607033624779433,2.378730798140168,72,3,8,8,False,
somethingv2,validation,37956,data/Something_data/videos_full/37956.webm,29,8,25,8,160,False,False,0.43298816680908203,0.07710519898682833,0.004607033624779433,2.2653442029841244,62,2,8,8,False,
somethingv2,validation,189832,data/Something_data/videos_full/189832.webm,29,8,25,8,27,False,True,0.8905816674232483,0.09338515996932983,0.004607033624779433,2.1864144266583025,45,2,8,8,False,
somethingv2,validation,76369,data/Something_data/videos_full/76369.webm,29,8,25,8,156,False,True,0.838070809841156,0.09468052396550775,0.004607033624779433,2.090375193860382,67,3,8,8,False,
somethingv2,validation,167028,data/Something_data/videos_full/167028.webm,29,8,25,8,127,False,False,0.5944011211395264,0.006351126823574305,0.004607033624779433,1.9941851976327598,23,1,8,8,False,
somethingv2,validation,45301,data/Something_data/videos_full/45301.webm,29,8,25,8,17,False,False,0.5004835724830627,0.09661647817119956,0.004607033624779433,1.9815031033940613,47,2,8,8,False,
somethingv2,validation,16561,data/Something_data/videos_full/16561.webm,29,8,25,8,130,False,False,0.5727821588516235,0.09052672982215881,0.004607033624779433,1.8836778379045427,49,2,8,8,False,
somethingv2,validation,118320,data/Something_data/videos_full/118320.webm,29,8,25,8,20,False,False,0.45580777525901794,0.007541656959801912,0.004607033624779433,1.7917608967982233,32,1,8,8,False,
somethingv2,validation,218205,data/Something_data/videos_full/218205.webm,29,8,25,8,127,False,False,0.9691976308822632,0.006040518172085285,0.004607033624779433,1.7768308245576918,31,1,8,8,False,
somethingv2,validation,118752,data/Something_data/videos_full/118752.webm,29,8,25,8,20,False,False,0.504795491695404,0.008329438976943493,0.004607033624779433,1.7676385431550443,29,1,8,8,False,
somethingv2,validation,129725,data/Something_data/videos_full/129725.webm,29,8,25,8,17,False,False,0.974785566329956,0.006648013833910227,0.004607033624779433,1.7500527487136424,32,1,8,8,False,
somethingv2,validation,25819,data/Something_data/videos_full/25819.webm,29,8,25,8,19,False,False,0.7904038429260254,0.10306643508374691,0.004607033624779433,1.7376786558888853,52,2,8,8,False,
somethingv2,validation,214021,data/Something_data/videos_full/214021.webm,29,8,25,8,125,False,False,0.6205853819847107,0.13241753773763776,0.004607033624779433,1.632578399963677,52,2,8,8,False,
somethingv2,validation,21376,data/Something_data/videos_full/21376.webm,29,8,25,8,18,False,False,0.6117506623268127,0.08157152077183127,0.004607033624779433,1.496985946316272,57,2,8,8,False,
somethingv2,validation,84373,data/Something_data/videos_full/84373.webm,29,8,25,8,67,False,False,0.33848971128463745,0.0971845518797636,0.004607033624779433,1.4124114830046892,70,3,8,8,False,
somethingv2,validation,80575,data/Something_data/videos_full/80575.webm,30,8,25,8,100,False,False,0.7433176636695862,0.09102421905845404,0.004607033624779433,1.3126663169823587,48,2,8,8,False,
somethingv2,validation,131354,data/Something_data/videos_full/131354.webm,30,8,25,8,125,False,False,0.7431466579437256,0.0625614132732153,0.004607033624779433,1.2199087888002396,56,2,8,8,False,
somethingv2,validation,91836,data/Something_data/videos_full/91836.webm,30,8,25,8,16,False,False,0.46025240421295166,0.0951651269569993,0.004607033624779433,1.1563767110928893,45,2,8,8,False,
somethingv2,validation,80109,data/Something_data/videos_full/80109.webm,30,8,25,8,122,False,False,0.9549226760864258,0.09571552881971002,0.004607033624779433,1.059643724001944,45,2,8,8,False,
somethingv2,validation,108135,data/Something_data/videos_full/108135.webm,30,8,25,8,30,True,True,0.8267816305160522,0.12963545694947243,0.004607033624779433,0.9625459839589894,37,2,8,8,False,
somethingv2,validation,85414,data/Something_data/videos_full/85414.webm,30,8,25,8,127,False,False,0.45111966133117676,0.06472670007497072,0.004607033624779433,0.8301944290287793,55,2,8,8,False,
somethingv2,validation,31892,data/Something_data/videos_full/31892.webm,30,8,25,8,18,False,False,0.3258035182952881,0.11094453372061253,0.004607033624779433,0.7629478559829295,45,2,8,8,False,
somethingv2,validation,182000,data/Something_data/videos_full/182000.webm,30,8,25,8,27,False,True,0.7859737873077393,0.07820619968697429,0.004607033624779433,0.6487969351001084,45,2,8,8,False,
somethingv2,validation,59721,data/Something_data/videos_full/59721.webm,30,8,25,8,122,False,False,0.5109845995903015,0.00745363486930728,0.004607033624779433,0.5689668422564864,32,1,8,8,False,
somethingv2,validation,43950,data/Something_data/videos_full/43950.webm,30,8,25,8,30,True,True,0.7372927665710449,0.09991483436897397,0.0047411656123586,2.8876281059347093,39,2,8,8,False,
somethingv2,validation,12061,data/Something_data/videos_full/12061.webm,30,8,25,8,16,False,False,0.9083279967308044,0.13200967712327838,0.0047411656123586,2.782328245230019,49,2,8,8,False,
somethingv2,validation,37174,data/Something_data/videos_full/37174.webm,30,8,25,8,20,False,False,0.2561868727207184,0.008330122102051973,0.0047411656123586,2.6483049136586487,25,1,8,8,False,
somethingv2,validation,151527,data/Something_data/videos_full/151527.webm,30,8,25,8,160,False,False,0.7788455486297607,0.0768396770581603,0.0047411656123586,2.631448230240494,47,2,8,8,False,
somethingv2,validation,119930,data/Something_data/videos_full/119930.webm,30,8,25,8,16,False,False,0.5201952457427979,0.006489122286438942,0.0047411656123586,2.553763487841934,29,1,8,8,False,
somethingv2,validation,42457,data/Something_data/videos_full/42457.webm,30,8,25,8,128,False,False,0.49672627449035645,0.06606170907616615,0.0047411656123586,2.542104327119887,61,2,8,8,False,
somethingv2,validation,187372,data/Something_data/videos_full/187372.webm,30,8,25,8,160,False,False,0.6067416667938232,0.042388737201690674,0.0047411656123586,2.4749870859086514,61,2,8,8,False,
somethingv2,validation,140002,data/Something_data/videos_full/140002.webm,30,8,25,8,126,False,False,0.39944925904273987,0.11946891201660037,0.0047411656123586,2.4316706811077893,56,2,8,8,False,
somethingv2,validation,167391,data/Something_data/videos_full/167391.webm,30,8,25,8,17,False,False,0.5103272199630737,0.08711868105456233,0.0047411656123586,2.310929263010621,65,2,8,8,False,
somethingv2,validation,21755,data/Something_data/videos_full/21755.webm,30,8,25,8,16,False,False,0.539726734161377,0.08728453190997243,0.0047411656123586,2.2212060848250985,42,2,8,8,False,
somethingv2,validation,10201,data/Something_data/videos_full/10201.webm,30,8,25,8,156,False,True,0.41308334469795227,0.09797928109765053,0.0047411656123586,2.1312285931780934,64,2,8,8,False,
somethingv2,validation,110948,data/Something_data/videos_full/110948.webm,31,8,25,8,160,False,False,0.37999624013900757,0.07008870458230376,0.0047411656123586,2.0309116397984326,48,2,8,8,False,
somethingv2,validation,186354,data/Something_data/videos_full/186354.webm,31,8,25,8,15,False,False,0.8404720425605774,0.09035334456712008,0.0047411656123586,1.9589138613082469,37,2,8,8,False,
somethingv2,validation,171164,data/Something_data/videos_full/171164.webm,31,8,25,8,16,False,False,0.7306464910507202,0.11153772892430425,0.0047411656123586,1.866675014141947,51,2,8,8,False,
somethingv2,validation,88569,data/Something_data/videos_full/88569.webm,31,8,25,8,30,False,False,0.43839043378829956,0.07444713870063424,0.0047411656123586,1.7537064519710839,56,2,8,8,False,
somethingv2,validation,62770,data/Something_data/videos_full/62770.webm,31,8,25,8,125,False,False,0.8054373860359192,0.1490787724032998,0.0047411656123586,1.6780953640118241,43,2,8,8,False,
somethingv2,validation,49256,data/Something_data/videos_full/49256.webm,31,8,25,8,16,False,False,0.2576696276664734,0.05647953925654292,0.0047411656123586,1.5279999990016222,35,2,8,8,False,
somethingv2,validation,163636,data/Something_data/videos_full/163636.webm,31,8,25,8,16,False,False,0.3809393644332886,0.006630523130297661,0.0047411656123586,1.4691614820621908,27,1,8,8,False,
somethingv2,validation,109499,data/Something_data/videos_full/109499.webm,31,8,25,8,127,False,False,0.6467070579528809,0.05176756903529167,0.0047411656123586,1.4593404959887266,58,2,8,8,False,
somethingv2,validation,101927,data/Something_data/videos_full/101927.webm,31,8,25,8,20,False,False,0.46791887283325195,0.006549527868628502,0.0047411656123586,1.4057303960435092,26,1,8,8,False,
somethingv2,validation,117724,data/Something_data/videos_full/117724.webm,31,8,25,8,160,False,False,0.825196385383606,0.06626799190416932,0.0047411656123586,1.3930595070123672,48,2,8,8,False,
somethingv2,validation,2346,data/Something_data/videos_full/2346.webm,31,8,25,8,127,False,False,0.7400854825973511,0.07187428371980786,0.0047411656123586,1.32437862502411,52,2,8,8,False,
somethingv2,validation,108070,data/Something_data/videos_full/108070.webm,31,8,25,8,100,False,False,0.2877165675163269,0.009734862949699163,0.0047411656123586,1.2507938109338284,26,1,8,8,False,
somethingv2,validation,188509,data/Something_data/videos_full/188509.webm,31,8,25,8,129,False,False,0.6733809113502502,0.12632001284509897,0.0047411656123586,1.2323653572238982,52,2,8,8,False,
somethingv2,validation,191438,data/Something_data/videos_full/191438.webm,31,8,25,8,125,False,False,0.3154076933860779,0.008192340843379498,0.0047411656123586,1.1037737848237157,30,1,8,8,False,
somethingv2,validation,111545,data/Something_data/videos_full/111545.webm,31,8,25,8,135,False,False,0.1848122477531433,0.07614137278869748,0.0047411656123586,1.0901954611763358,48,2,8,8,False,
somethingv2,validation,30791,data/Something_data/videos_full/30791.webm,31,8,25,8,16,False,False,0.6238416433334351,0.07947918307036161,0.0047411656123586,1.0127931088209152,63,2,8,8,False,
somethingv2,validation,179641,data/Something_data/videos_full/179641.webm,31,8,25,8,100,False,False,0.27030259370803833,0.06911928625777364,0.0047411656123586,0.9322020187973976,47,2,8,8,False,
somethingv2,validation,194162,data/Something_data/videos_full/194162.webm,31,8,25,8,160,False,False,0.47496339678764343,0.0575020550750196,0.0047411656123586,0.861886503174901,49,2,8,8,False,
somethingv2,validation,28911,data/Something_data/videos_full/28911.webm,31,8,25,8,160,False,False,0.5742427110671997,0.06340375915169716,0.0047411656123586,0.8032925217412412,56,2,8,8,False,
somethingv2,validation,145710,data/Something_data/videos_full/145710.webm,31,8,25,8,127,False,False,0.9232543706893921,0.07324618101119995,0.0047411656123586,0.7385546159930527,56,2,8,8,False,
somethingv2,validation,147707,data/Something_data/videos_full/147707.webm,32,8,25,8,128,False,False,0.5273823738098145,0.12208836479112506,0.0047411656123586,0.6634574108757079,50,2,8,8,False,
somethingv2,validation,175014,data/Something_data/videos_full/175014.webm,32,8,25,8,128,False,False,0.3862890899181366,0.10714102303609252,0.004826296106330119,3.1772668450139463,53,2,8,8,False,
somethingv2,validation,97822,data/Something_data/videos_full/97822.webm,32,8,25,8,124,False,False,0.9976229071617126,0.0953507237136364,0.004826296106330119,3.065128665883094,61,2,8,8,False,
somethingv2,validation,205113,data/Something_data/videos_full/205113.webm,32,8,25,8,130,False,False,0.763877809047699,0.06812540208920836,0.004826296106330119,2.9674964607693255,41,2,8,8,False,
somethingv2,validation,167318,data/Something_data/videos_full/167318.webm,32,8,25,8,128,False,False,0.5695814490318298,0.12930520111694932,0.004826296106330119,2.8972840178757906,57,2,8,8,False,
somethingv2,validation,204619,data/Something_data/videos_full/204619.webm,32,8,25,8,127,False,False,0.40317532420158386,0.08406312204897404,0.004826296106330119,2.7664625579491258,43,2,8,8,False,
somethingv2,validation,48022,data/Something_data/videos_full/48022.webm,32,8,25,8,163,False,False,0.26975199580192566,0.14140313072130084,0.004826296106330119,2.6809442937374115,50,2,8,8,False,
somethingv2,validation,71173,data/Something_data/videos_full/71173.webm,32,8,25,8,128,False,False,0.8631503582000732,0.12937566498294473,0.004826296106330119,2.538438639137894,35,2,8,8,False,
somethingv2,validation,100064,data/Something_data/videos_full/100064.webm,32,8,25,8,124,False,False,0.9984556436538696,0.079578195232898,0.004826296106330119,2.407466560602188,39,2,8,8,False,
somethingv2,validation,5186,data/Something_data/videos_full/5186.webm,32,8,25,8,127,False,True,0.8220653533935547,0.06634117569774389,0.004826296106330119,2.325958368834108,55,2,8,8,False,
somethingv2,validation,83878,data/Something_data/videos_full/83878.webm,32,8,25,8,125,False,False,0.9767138957977295,0.09036702616140246,0.004826296106330119,2.256920568179339,63,2,8,8,False,
somethingv2,validation,124217,data/Something_data/videos_full/124217.webm,32,8,25,8,128,False,False,0.22379222512245178,0.05766035430133343,0.004826296106330119,2.1645225770771503,56,2,8,8,False,
somethingv2,validation,72951,data/Something_data/videos_full/72951.webm,32,8,25,8,128,False,False,0.7612727880477905,0.13689004397019744,0.004826296106330119,2.105105583090335,38,2,8,8,False,
somethingv2,validation,120687,data/Something_data/videos_full/120687.webm,32,8,25,8,127,False,False,0.43800294399261475,0.08151362417265773,0.004826296106330119,1.9664824288338423,40,2,8,8,False,
somethingv2,validation,163872,data/Something_data/videos_full/163872.webm,32,8,25,8,127,False,False,0.27063092589378357,0.11208024015650153,0.004826296106330119,1.8836864288896322,58,2,8,8,False,
somethingv2,validation,44821,data/Something_data/videos_full/44821.webm,32,8,25,8,125,False,False,0.432983934879303,0.08026561560109258,0.004826296106330119,1.7702471250668168,54,2,8,8,False,
somethingv2,validation,44683,data/Something_data/videos_full/44683.webm,32,8,25,8,125,False,False,0.8035507798194885,0.008169688750058413,0.004826296106330119,1.6888177320361137,59,2,8,8,False,
somethingv2,validation,164331,data/Something_data/videos_full/164331.webm,32,8,25,8,128,False,True,0.6385067105293274,0.0846554390154779,0.004826296106330119,1.6757374368607998,43,2,8,8,False,
somethingv2,validation,100990,data/Something_data/videos_full/100990.webm,32,8,25,8,139,False,False,0.7279510498046875,0.08422932773828506,0.004826296106330119,1.5886510950513184,41,2,8,8,False,
somethingv2,validation,144552,data/Something_data/videos_full/144552.webm,32,8,25,8,134,False,False,0.7076538801193237,0.1864506732672453,0.004826296106330119,1.5016196370124817,35,2,8,8,False,
somethingv2,validation,37133,data/Something_data/videos_full/37133.webm,33,8,25,8,125,False,False,0.7187860608100891,0.05761418957263231,0.004826296106330119,1.3128245887346566,62,2,8,8,False,
somethingv2,validation,10335,data/Something_data/videos_full/10335.webm,33,8,25,8,16,False,False,0.7164842486381531,0.006269889418035746,0.004826296106330119,1.2538972147740424,32,1,8,8,False,
somethingv2,validation,101676,data/Something_data/videos_full/101676.webm,33,8,25,8,125,False,False,0.6200041174888611,0.06383565627038479,0.004826296106330119,1.2438422068953514,66,2,8,8,False,
somethingv2,validation,94264,data/Something_data/videos_full/94264.webm,33,8,25,8,19,False,False,0.9199196100234985,0.07644643681123853,0.004826296106330119,1.1786034293472767,64,2,8,8,False,
somethingv2,validation,186011,data/Something_data/videos_full/186011.webm,33,8,25,8,160,False,False,0.3929717242717743,0.07656196085736156,0.004826296106330119,1.1012037368491292,46,2,8,8,False,
somethingv2,validation,115164,data/Something_data/videos_full/115164.webm,33,8,25,8,128,False,False,0.7410518527030945,0.0741810342296958,0.004826296106330119,1.0235999352298677,60,2,8,8,False,
somethingv2,validation,77562,data/Something_data/videos_full/77562.webm,33,8,25,8,67,False,False,0.2284838706254959,0.06232947530224919,0.004826296106330119,0.9483951502479613,63,2,8,8,False,
somethingv2,validation,155594,data/Something_data/videos_full/155594.webm,33,8,25,8,20,False,False,0.5044743418693542,0.005323209799826145,0.004826296106330119,0.8845062367618084,28,1,8,8,False,
somethingv2,validation,54351,data/Something_data/videos_full/54351.webm,33,8,25,8,18,False,False,0.9513112902641296,0.06916501093655825,0.004826296106330119,0.8737771860323846,57,2,8,8,False,
somethingv2,validation,9781,data/Something_data/videos_full/9781.webm,33,8,25,8,16,False,False,0.808610737323761,0.07440547132864594,0.004826296106330119,0.8030338012613356,49,2,8,8,False,
somethingv2,validation,82424,data/Something_data/videos_full/82424.webm,33,8,25,8,128,False,False,0.48648005723953247,0.07449376583099365,0.004826296106330119,0.7257343712262809,46,2,8,8,False,
somethingv2,validation,164129,data/Something_data/videos_full/164129.webm,33,8,25,8,18,False,False,0.5335983633995056,0.02410474419593811,0.004826296106330119,0.6490235896781087,71,3,8,8,False,
somethingv2,validation,144645,data/Something_data/videos_full/144645.webm,33,8,25,8,160,False,False,0.6392809152603149,0.06978947296738625,0.004826296106330119,0.6118741412647069,59,2,8,8,False,
somethingv2,validation,175251,data/Something_data/videos_full/175251.webm,33,8,25,8,160,False,False,0.6600462794303894,0.11128337727859616,0.0044866456591989845,3.187312902882695,73,3,8,8,False,
somethingv2,validation,90324,data/Something_data/videos_full/90324.webm,33,8,25,8,18,False,False,0.34934157133102417,0.07946516294032335,0.0044866456591989845,3.073782079387456,46,2,8,8,False,
somethingv2,validation,92611,data/Something_data/videos_full/92611.webm,33,8,25,8,16,False,False,0.3312516212463379,0.08814141806215048,0.0044866456591989845,2.992696792818606,66,2,8,8,False,
somethingv2,validation,58717,data/Something_data/videos_full/58717.webm,33,8,25,8,67,False,True,0.7830432653427124,0.09392067603766918,0.0044866456591989845,2.902290586847812,53,2,8,8,False,
somethingv2,validation,44725,data/Something_data/videos_full/44725.webm,33,8,25,8,54,False,False,0.16911348700523376,0.11259927088394761,0.0044866456591989845,2.8074176469817758,40,2,8,8,False,
somethingv2,validation,162187,data/Something_data/videos_full/162187.webm,33,8,25,8,18,False,False,0.5643723011016846,0.0715496321208775,0.0044866456591989845,2.6935648769140244,59,2,8,8,False,
somethingv2,validation,144568,data/Something_data/videos_full/144568.webm,33,8,25,8,56,False,False,0.6159001588821411,0.09016344184055924,0.0044866456591989845,2.6209076871164143,61,2,8,8,False,
somethingv2,validation,186727,data/Something_data/videos_full/186727.webm,34,8,25,8,100,False,False,0.5962603092193604,0.08743717288598418,0.0044866456591989845,2.5294666490517557,43,2,8,8,False,
somethingv2,validation,53780,data/Something_data/videos_full/53780.webm,34,8,25,8,125,False,False,0.5417693257331848,0.06927698524668813,0.0044866456591989845,2.439719159156084,47,2,8,8,False,
somethingv2,validation,75335,data/Something_data/videos_full/75335.webm,34,8,25,8,98,False,False,0.44768786430358887,0.07190312398597598,0.0044866456591989845,2.368387449067086,36,2,8,8,False,
somethingv2,validation,57326,data/Something_data/videos_full/57326.webm,34,8,25,8,127,False,False,0.643440306186676,0.09513120958581567,0.0044866456591989845,2.2942599300295115,37,2,8,8,False,
somethingv2,validation,208530,data/Something_data/videos_full/208530.webm,34,8,25,8,156,False,False,0.3632429540157318,0.05514112999662757,0.0044866456591989845,2.1970166279934347,60,2,8,8,False,
somethingv2,validation,41567,data/Something_data/videos_full/41567.webm,34,8,25,8,125,False,False,0.46348339319229126,0.059547632932662964,0.0044866456591989845,2.1406533350236714,35,2,8,8,False,
somethingv2,validation,138577,data/Something_data/videos_full/138577.webm,34,8,25,8,56,False,False,0.6965238451957703,0.07594174798578024,0.0044866456591989845,2.0799922021105886,46,2,8,8,False,
somethingv2,validation,43612,data/Something_data/videos_full/43612.webm,34,8,25,8,125,False,False,0.45556795597076416,0.004342862870544195,0.0044866456591989845,2.003058146685362,23,1,8,8,False,
somethingv2,validation,188146,data/Something_data/videos_full/188146.webm,34,8,25,8,25,False,False,0.6628393530845642,0.06516225868836045,0.0044866456591989845,1.9966386533342302,56,2,8,8,False,
somethingv2,validation,21590,data/Something_data/videos_full/21590.webm,34,8,25,8,125,False,False,0.3197475075721741,0.09311127476394176,0.0044866456591989845,1.9300827430561185,60,2,8,8,False,
somethingv2,validation,185741,data/Something_data/videos_full/185741.webm,34,8,25,8,17,False,False,0.5468593239784241,0.014130371622741222,0.0044866456591989845,1.8356674588285387,36,2,8,8,False,
somethingv2,validation,56951,data/Something_data/videos_full/56951.webm,34,8,25,8,16,False,False,0.41675594449043274,0.07141489675268531,0.0044866456591989845,1.8127395971678197,67,3,8,8,False,
somethingv2,validation,31265,data/Something_data/videos_full/31265.webm,34,8,25,8,98,False,False,0.33120763301849365,0.07009030506014824,0.0044866456591989845,1.7400058708153665,38,2,8,8,False,
somethingv2,validation,158544,data/Something_data/videos_full/158544.webm,34,8,25,8,160,False,False,0.570059061050415,0.06702372897416353,0.0044866456591989845,1.6679740427061915,61,2,8,8,False,
somethingv2,validation,45068,data/Something_data/videos_full/45068.webm,34,8,25,8,19,False,False,0.46739378571510315,0.07095978315919638,0.0044866456591989845,1.5994400000199676,62,2,8,8,False,
somethingv2,validation,60991,data/Something_data/videos_full/60991.webm,34,8,25,8,126,False,False,0.49660524725914,0.06796491192653775,0.0044866456591989845,1.5266200508922338,52,2,8,8,False,
somethingv2,validation,67943,data/Something_data/videos_full/67943.webm,34,8,25,8,125,False,False,0.829463005065918,0.10792496707290411,0.0044866456591989845,1.4563819272443652,51,2,8,8,False,
somethingv2,validation,121622,data/Something_data/videos_full/121622.webm,34,8,25,8,16,False,False,0.27361205220222473,0.10220832889899611,0.0044866456591989845,1.346544689964503,39,2,8,8,False,
somethingv2,validation,76833,data/Something_data/videos_full/76833.webm,34,8,25,8,129,False,False,0.9706135392189026,0.10121225891634822,0.0044866456591989845,1.2429136172868311,68,3,8,8,False,
somethingv2,validation,13842,data/Something_data/videos_full/13842.webm,34,8,25,8,16,False,False,0.8277074694633484,0.0050765881314873695,0.0044866456591989845,1.1402887320145965,32,1,8,8,False,
somethingv2,validation,51984,data/Something_data/videos_full/51984.webm,35,8,25,8,16,False,False,0.3799668848514557,0.09574067918583751,0.0044866456591989845,1.1338099129498005,49,2,8,8,False,
somethingv2,validation,74493,data/Something_data/videos_full/74493.webm,35,8,25,8,126,False,False,0.9088169932365417,0.09511028416454792,0.0044866456591989845,1.0366967739537358,51,2,8,8,False,
somethingv2,validation,106207,data/Something_data/videos_full/106207.webm,35,8,25,8,56,False,False,0.6842782497406006,0.06388957099989057,0.0044866456591989845,0.9394233301281929,41,2,8,8,False,
somethingv2,validation,46571,data/Something_data/videos_full/46571.webm,35,8,25,8,128,False,False,0.3095264136791229,0.17784767178818583,0.0044866456591989845,0.8734399429522455,43,2,8,8,False,
somethingv2,validation,107016,data/Something_data/videos_full/107016.webm,35,8,25,8,160,False,False,0.5178852677345276,0.1475007119588554,0.0044866456591989845,0.6939424257725477,71,3,8,8,False,
somethingv2,validation,32654,data/Something_data/videos_full/32654.webm,35,8,25,8,18,False,False,0.31752610206604004,0.010898117907345295,0.0046331625344464555,2.7174792662262917,25,1,8,8,False,
somethingv2,validation,11606,data/Something_data/videos_full/11606.webm,35,8,25,8,126,False,False,0.6562727689743042,0.0061784908175468445,0.0046331625344464555,2.7039214810356498,32,1,8,8,False,
somethingv2,validation,118117,data/Something_data/videos_full/118117.webm,35,8,25,8,98,False,False,0.1872146725654602,0.06051913509145379,0.0046331625344464555,2.6942567732185125,53,2,8,8,False,
somethingv2,validation,568,data/Something_data/videos_full/568.webm,35,8,25,8,56,False,False,0.46638309955596924,0.046560076996684074,0.0046331625344464555,2.631943403277546,44,2,8,8,False,
somethingv2,validation,93493,data/Something_data/videos_full/93493.webm,35,8,25,8,18,False,False,0.9685414433479309,0.05282505601644516,0.0046331625344464555,2.583827862981707,35,2,8,8,False,
somethingv2,validation,57635,data/Something_data/videos_full/57635.webm,35,8,25,8,127,False,False,0.881938099861145,0.07714576786383986,0.0046331625344464555,2.530164574738592,60,2,8,8,False,
somethingv2,validation,94423,data/Something_data/videos_full/94423.webm,35,8,25,8,19,False,False,0.5546233057975769,0.06540714297443628,0.0046331625344464555,2.451987188309431,57,2,8,8,False,
somethingv2,validation,174956,data/Something_data/videos_full/174956.webm,35,8,25,8,160,False,False,0.3250591456890106,0.06349164014682174,0.0046331625344464555,2.3854622109793127,57,2,8,8,False,
somethingv2,validation,83163,data/Something_data/videos_full/83163.webm,35,8,25,8,100,False,False,0.1987362504005432,0.07921024598181248,0.0046331625344464555,2.320648461114615,51,2,8,8,False,
somethingv2,validation,20708,data/Something_data/videos_full/20708.webm,35,8,25,8,160,False,False,0.47649040818214417,0.06555957719683647,0.0046331625344464555,2.2403510990552604,54,2,8,8,False,
somethingv2,validation,81376,data/Something_data/videos_full/81376.webm,35,8,25,8,18,False,False,0.9332600831985474,0.09031105227768421,0.0046331625344464555,2.1720821987837553,63,2,8,8,False,
somethingv2,validation,148441,data/Something_data/videos_full/148441.webm,35,8,25,8,20,False,False,0.5241475701332092,0.07752945786342025,0.0046331625344464555,2.079225627705455,43,2,8,8,False,
somethingv2,validation,143109,data/Something_data/videos_full/143109.webm,35,8,25,8,19,False,False,0.201095312833786,0.009761391207575798,0.0046331625344464555,2.000014482997358,62,2,8,8,False,
somethingv2,validation,77125,data/Something_data/videos_full/77125.webm,35,8,25,8,56,False,False,0.8887531161308289,0.055884458124637604,0.0046331625344464555,1.9844593782909214,62,2,8,8,False,
somethingv2,validation,175560,data/Something_data/videos_full/175560.webm,35,8,25,8,129,False,False,0.7840537428855896,0.06607303209602833,0.0046331625344464555,1.9260078202933073,66,2,8,8,False,
somethingv2,validation,112335,data/Something_data/videos_full/112335.webm,36,8,25,8,19,False,False,0.4322076737880707,0.10791508294641972,0.0046331625344464555,1.8577647903002799,46,2,8,8,False,
somethingv2,validation,181432,data/Something_data/videos_full/181432.webm,36,8,25,8,133,False,False,0.16876475512981415,0.07523003593087196,0.0046331625344464555,1.7488078330643475,59,2,8,8,False,
somethingv2,validation,83541,data/Something_data/videos_full/83541.webm,36,8,25,8,37,False,True,0.6201444864273071,0.06910398229956627,0.0046331625344464555,1.6723782438784838,54,2,8,8,False,
somethingv2,validation,87459,data/Something_data/videos_full/87459.webm,36,8,25,8,49,False,False,0.22491124272346497,0.07925227796658874,0.0046331625344464555,1.602055910974741,35,2,8,8,False,
somethingv2,validation,36177,data/Something_data/videos_full/36177.webm,36,8,25,8,6,False,False,0.15975332260131836,0.058154169004410505,0.0046331625344464555,1.5216253520920873,53,2,8,8,False,
somethingv2,validation,180805,data/Something_data/videos_full/180805.webm,36,8,25,8,126,False,False,0.9917628765106201,0.130926048848778,0.0046331625344464555,1.4626397397369146,64,2,8,8,False,
somethingv2,validation,195516,data/Something_data/videos_full/195516.webm,36,8,25,8,133,False,False,0.30882886052131653,0.09720580512657762,0.0046331625344464555,1.3289916468784213,64,2,8,8,False,
somethingv2,validation,152638,data/Something_data/videos_full/152638.webm,36,8,25,8,128,False,False,0.8023422956466675,0.10374848498031497,0.0046331625344464555,1.2299394309520721,44,2,8,8,False,
somethingv2,validation,42077,data/Something_data/videos_full/42077.webm,36,8,25,8,100,False,False,0.5000400543212891,0.11898615723475814,0.0046331625344464555,1.1234854380600154,36,2,8,8,False,
somethingv2,validation,20396,data/Something_data/videos_full/20396.webm,36,8,25,8,19,False,False,0.36938077211380005,0.08499319385737181,0.0046331625344464555,1.0026876390911639,47,2,8,8,False,
somethingv2,validation,79991,data/Something_data/videos_full/79991.webm,36,8,25,8,128,False,False,0.34610384702682495,0.055402507074177265,0.0046331625344464555,0.9160922109149396,61,2,8,8,False,
somethingv2,validation,168634,data/Something_data/videos_full/168634.webm,36,8,25,8,160,False,False,0.39553290605545044,0.0767593551427126,0.0046331625344464555,0.859947619959712,51,2,8,8,False,
somethingv2,validation,146477,data/Something_data/videos_full/146477.webm,36,8,25,8,5,False,False,0.37410783767700195,0.007405838929116726,0.0046331625344464555,0.7817179318517447,60,2,8,8,False,
somethingv2,validation,178404,data/Something_data/videos_full/178404.webm,36,8,25,8,127,False,False,0.4913775622844696,0.004846327938139439,0.0046331625344464555,0.7691158908419311,34,1,8,8,False,
somethingv2,validation,165840,data/Something_data/videos_full/165840.webm,36,8,25,8,19,False,False,0.32114627957344055,0.011202804278582335,0.0046331625344464555,0.7607104820199311,52,2,8,8,False,
somethingv2,validation,214331,data/Something_data/videos_full/214331.webm,36,8,25,8,37,False,False,0.46066978573799133,0.09195204311981797,0.0046331625344464555,0.7441086061298847,67,3,8,8,False,
somethingv2,validation,90011,data/Something_data/videos_full/90011.webm,36,8,25,8,160,False,False,0.11390127241611481,0.09083478106185794,0.0046331625344464555,0.6501176012679935,37,2,8,8,False,
somethingv2,validation,29146,data/Something_data/videos_full/29146.webm,36,8,25,8,126,False,False,0.7686104774475098,0.0802043629810214,0.004706604304374196,2.822123846039176,45,2,8,8,False,
somethingv2,validation,113120,data/Something_data/videos_full/113120.webm,36,8,25,8,19,False,False,0.9310458898544312,0.1093330211006105,0.004706604304374196,2.7382939527742565,40,2,8,8,False,
somethingv2,validation,191571,data/Something_data/videos_full/191571.webm,36,8,25,8,18,False,False,0.1872912347316742,0.08288822090253234,0.004706604304374196,2.626733764074743,59,2,8,8,False,
somethingv2,validation,172124,data/Something_data/videos_full/172124.webm,37,8,25,8,133,False,False,0.3595419228076935,0.10098132211714983,0.004706604304374196,2.541708374861628,51,2,8,8,False,
somethingv2,validation,200694,data/Something_data/videos_full/200694.webm,37,8,25,8,19,False,False,0.6764605045318604,0.008675649296492338,0.004706604304374196,2.4388043340295553,31,1,8,8,False,
somethingv2,validation,102853,data/Something_data/videos_full/102853.webm,37,8,25,8,126,False,False,0.4153900742530823,0.08001516200602055,0.004706604304374196,2.422563310712576,43,2,8,8,False,
somethingv2,validation,150504,data/Something_data/videos_full/150504.webm,37,8,25,8,19,False,False,0.4265284240245819,0.06870714901015162,0.004706604304374196,2.3409253950230777,62,2,8,8,False,
somethingv2,validation,105846,data/Something_data/videos_full/105846.webm,37,8,25,8,126,False,False,0.3962804973125458,0.07871950091794133,0.004706604304374196,2.2706928560510278,70,3,8,8,False,
somethingv2,validation,53813,data/Something_data/videos_full/53813.webm,37,8,25,8,44,False,False,0.2169499397277832,0.11740563111379743,0.004706604304374196,2.1907903966493905,68,3,8,8,False,
somethingv2,validation,186952,data/Something_data/videos_full/186952.webm,37,8,25,8,126,False,False,0.5652203559875488,0.0872165528126061,0.004706604304374196,2.0722002019174397,60,2,8,8,False,
somethingv2,validation,11531,data/Something_data/videos_full/11531.webm,37,8,25,8,37,True,True,0.8158193826675415,0.05117751331999898,0.004706604304374196,1.983152850996703,54,2,8,8,False,
somethingv2,validation,157922,data/Something_data/videos_full/157922.webm,37,8,25,8,125,False,False,0.5348044037818909,0.12830403773114085,0.004706604304374196,1.9290341059677303,61,2,8,8,False,
somethingv2,validation,177788,data/Something_data/videos_full/177788.webm,37,8,25,8,19,False,True,0.9597915410995483,0.08638224704191089,0.004706604304374196,1.7982669118791819,60,2,8,8,False,
somethingv2,validation,97632,data/Something_data/videos_full/97632.webm,37,8,25,8,19,False,True,0.534338653087616,0.11000336008146405,0.004706604304374196,1.7100105951540172,44,2,8,8,False,
somethingv2,validation,208346,data/Something_data/videos_full/208346.webm,37,8,25,8,133,False,True,0.2638675570487976,0.05601134290918708,0.004706604304374196,1.5981603460386395,58,2,8,8,False,
somethingv2,validation,141684,data/Something_data/videos_full/141684.webm,37,8,25,8,132,False,False,0.5352094769477844,0.03448658110573888,0.004706604304374196,1.54104762384668,49,2,8,8,False,
somethingv2,validation,121481,data/Something_data/videos_full/121481.webm,37,8,25,8,36,False,False,0.563960075378418,0.05899738008156419,0.004706604304374196,1.5056187533773482,59,2,8,8,False,
somethingv2,validation,21639,data/Something_data/videos_full/21639.webm,37,8,25,8,19,False,False,0.9089992642402649,0.007083603646606207,0.004706604304374196,1.4457612237893045,34,1,8,8,False,
somethingv2,validation,214697,data/Something_data/videos_full/214697.webm,37,8,25,8,19,False,False,0.23824530839920044,0.07222046423703432,0.004706604304374196,1.4334342810325325,60,2,8,8,False,
somethingv2,validation,120977,data/Something_data/videos_full/120977.webm,37,8,25,8,125,False,False,0.8561659455299377,0.06477448204532266,0.004706604304374196,1.3604036788456142,64,2,8,8,False,
somethingv2,validation,140573,data/Something_data/videos_full/140573.webm,37,8,25,8,19,False,True,0.9224292039871216,0.0076323323883116245,0.004706604304374196,1.2944127502851188,57,2,8,8,False,
somethingv2,validation,15968,data/Something_data/videos_full/15968.webm,37,8,25,8,126,False,False,0.9052467942237854,0.10737210093066096,0.004706604304374196,1.2807581052184105,57,2,8,8,False,
somethingv2,validation,26118,data/Something_data/videos_full/26118.webm,37,8,25,8,129,False,False,0.08828241378068924,0.0068625397980213165,0.004706604304374196,1.170693465974182,23,1,8,8,False,
somethingv2,validation,189265,data/Something_data/videos_full/189265.webm,38,8,25,8,133,False,False,0.12899178266525269,0.01061796210706234,0.004706604304374196,1.1598047851584852,22,1,8,8,False,
somethingv2,validation,34417,data/Something_data/videos_full/34417.webm,38,8,25,8,19,False,False,0.3144761919975281,0.008715078700333834,0.004706604304374196,1.1388399908319116,63,2,8,8,False,
somethingv2,validation,178224,data/Something_data/videos_full/178224.webm,38,8,25,8,19,False,True,0.7352249026298523,0.07916424004361033,0.004706604304374196,1.1229572021402419,55,2,8,8,False,
somethingv2,validation,198750,data/Something_data/videos_full/198750.webm,38,8,25,8,19,False,False,0.99850994348526,0.07611255068331957,0.004706604304374196,1.0414268728345633,48,2,8,8,False,
somethingv2,validation,121046,data/Something_data/videos_full/121046.webm,38,8,25,8,100,False,False,0.5403082966804504,0.07393547333776951,0.004706604304374196,0.9627839522436261,71,3,8,8,False,
somethingv2,validation,23898,data/Something_data/videos_full/23898.webm,38,8,25,8,19,False,True,0.9686744213104248,0.08823355473577976,0.004706604304374196,0.8874220331199467,52,2,8,8,False,
somethingv2,validation,160596,data/Something_data/videos_full/160596.webm,38,8,25,8,19,False,False,0.8846738338470459,0.06442935671657324,0.004706604304374196,0.7977625341154635,37,2,8,8,False,
somethingv2,validation,11477,data/Something_data/videos_full/11477.webm,38,8,25,8,16,False,False,0.4673004150390625,0.0775443110615015,0.004706604304374196,0.7325450694188476,56,2,8,8,False,
somethingv2,validation,184258,data/Something_data/videos_full/184258.webm,38,8,25,8,37,False,True,0.8487282991409302,0.08880478516221046,0.004706604304374196,0.654063852969557,73,3,8,8,False,
somethingv2,validation,24034,data/Something_data/videos_full/24034.webm,38,8,25,8,42,False,False,0.5663160085678101,0.008618613239377737,0.0037381422152975574,2.127104860264808,27,1,8,8,False,
somethingv2,validation,109945,data/Something_data/videos_full/109945.webm,38,8,25,8,126,False,False,0.871733546257019,0.004749438259750605,0.0037381422152975574,2.1162728499621153,30,1,8,8,False,
somethingv2,validation,54513,data/Something_data/videos_full/54513.webm,38,8,25,8,133,False,True,0.7497459650039673,0.08064215583726764,0.0037381422152975574,2.1109915669076145,35,2,8,8,False,
somethingv2,validation,209558,data/Something_data/videos_full/209558.webm,38,8,25,8,134,False,False,0.643317699432373,0.019404010847210884,0.0037381422152975574,2.0291655040346086,59,2,8,8,False,
somethingv2,validation,142928,data/Something_data/videos_full/142928.webm,38,8,25,8,19,False,False,0.723927915096283,0.088505654130131,0.0037381422152975574,2.0089601539075375,55,2,8,8,False,
somethingv2,validation,29279,data/Something_data/videos_full/29279.webm,38,8,25,8,126,False,False,0.8219847083091736,0.005400015041232109,0.0037381422152975574,1.9193748580291867,20,1,8,8,False,
somethingv2,validation,166191,data/Something_data/videos_full/166191.webm,38,8,25,8,19,False,False,0.14426904916763306,0.014345173258334398,0.0037381422152975574,1.9101340183988214,68,3,8,8,False,
somethingv2,validation,128572,data/Something_data/videos_full/128572.webm,38,8,25,8,37,False,False,0.6143530607223511,0.004583572968840599,0.0037381422152975574,1.8906991607509553,34,1,8,8,False,
somethingv2,validation,114961,data/Something_data/videos_full/114961.webm,38,8,25,8,19,False,False,0.71658855676651,0.012053575832396746,0.0037381422152975574,1.8854092205874622,38,2,8,8,False,
somethingv2,validation,5279,data/Something_data/videos_full/5279.webm,38,8,25,8,127,False,False,0.345538467168808,0.005419289693236351,0.0037381422152975574,1.8675246331840754,33,1,8,8,False,
somethingv2,validation,16016,data/Something_data/videos_full/16016.webm,38,8,25,8,133,False,False,0.8860654830932617,0.08885888289660215,0.0037381422152975574,1.8587984559126198,40,2,8,8,False,
somethingv2,validation,208139,data/Something_data/videos_full/208139.webm,39,8,25,8,160,False,False,0.8481984734535217,0.052654136903584,0.0037381422152975574,1.7678246041759849,41,2,8,8,False,
somethingv2,validation,72101,data/Something_data/videos_full/72101.webm,39,8,25,8,126,False,False,0.9152215719223022,0.07364297285676003,0.0037381422152975574,1.7134106731973588,58,2,8,8,False,
somethingv2,validation,113944,data/Something_data/videos_full/113944.webm,39,8,25,8,19,False,False,0.9960404634475708,0.012260944116860628,0.0037381422152975574,1.6370541723445058,58,2,8,8,False,
somethingv2,validation,4689,data/Something_data/videos_full/4689.webm,39,8,25,8,135,False,False,0.7069184184074402,0.06604201532900333,0.0037381422152975574,1.616323048248887,50,2,8,8,False,
somethingv2,validation,5693,data/Something_data/videos_full/5693.webm,39,8,25,8,37,False,False,0.9659824371337891,0.07497457507997751,0.0037381422152975574,1.5486442600376904,55,2,8,8,False,
somethingv2,validation,106390,data/Something_data/videos_full/106390.webm,39,8,25,8,19,False,False,0.837418258190155,0.06791199371218681,0.0037381422152975574,1.4724279190413654,66,2,8,8,False,
somethingv2,validation,217921,data/Something_data/videos_full/217921.webm,39,8,25,8,128,False,False,0.24933218955993652,0.09942142479121685,0.0037381422152975574,1.4034132957458496,68,3,8,8,False,
somethingv2,validation,164457,data/Something_data/videos_full/164457.webm,39,8,25,8,19,False,False,0.9525843262672424,0.08639195002615452,0.0037381422152975574,1.3023147592321038,61,2,8,8,False,
somethingv2,validation,41436,data/Something_data/videos_full/41436.webm,39,8,25,8,19,False,False,0.9340426325798035,0.089078473392874,0.0037381422152975574,1.2145486110821366,45,2,8,8,False,
somethingv2,validation,28170,data/Something_data/videos_full/28170.webm,39,8,25,8,19,False,False,0.940510094165802,0.009088958147913218,0.0037381422152975574,1.1231425860896707,34,1,8,8,False,
somethingv2,validation,49872,data/Something_data/videos_full/49872.webm,39,8,25,8,133,False,False,0.34530481696128845,0.015495209954679012,0.0037381422152975574,1.1032131453976035,71,3,8,8,False,
somethingv2,validation,199886,data/Something_data/videos_full/199886.webm,39,8,25,8,37,False,False,0.37869298458099365,0.11166653269901872,0.0037381422152975574,1.0818029409274459,56,2,8,8,False,
somethingv2,validation,166902,data/Something_data/videos_full/166902.webm,39,8,25,8,151,False,False,0.25269615650177,0.06552669778466225,0.0037381422152975574,0.9673289321362972,35,2,8,8,False,
somethingv2,validation,89232,data/Something_data/videos_full/89232.webm,39,8,25,8,133,False,False,0.4143694043159485,0.0050445059314370155,0.0037381422152975574,0.8993841661140323,17,1,8,8,False,
somethingv2,validation,537,data/Something_data/videos_full/537.webm,39,8,25,8,132,False,False,0.6588222980499268,0.07725845323875546,0.0037381422152975574,0.8934377389959991,41,2,8,8,False,
somethingv2,validation,152767,data/Something_data/videos_full/152767.webm,39,8,25,8,16,False,False,0.48256346583366394,0.09216697001829743,0.0037381422152975574,0.8137021828442812,46,2,8,8,False,
somethingv2,validation,102812,data/Something_data/videos_full/102812.webm,39,8,25,8,128,False,False,0.2613709270954132,0.0053879739716649055,0.0037381422152975574,0.7198895807377994,24,1,8,8,False,
somethingv2,validation,80513,data/Something_data/videos_full/80513.webm,39,8,25,8,30,False,False,0.4880368113517761,0.009060455951839685,0.0037381422152975574,0.7113843164406717,35,2,8,8,False,
somethingv2,validation,131849,data/Something_data/videos_full/131849.webm,39,8,25,8,22,False,False,0.5748943090438843,0.06326574366539717,0.0037381422152975574,0.698366813827306,39,2,8,8,False,
somethingv2,validation,1858,data/Something_data/videos_full/1858.webm,39,8,25,8,38,False,True,0.39769604802131653,0.0891781016252935,0.0037381422152975574,0.6341131869703531,64,2,8,8,False,
somethingv2,validation,20123,data/Something_data/videos_full/20123.webm,40,8,25,8,17,False,False,0.4736271798610687,0.06607237365096807,0.0037381422152975574,0.5433540288358927,38,2,8,8,False,
somethingv2,validation,126450,data/Something_data/videos_full/126450.webm,40,8,25,8,42,False,False,0.4954821467399597,0.09498219005763531,0.00380193286400754,2.222759440075606,43,2,8,8,False,
somethingv2,validation,39685,data/Something_data/videos_full/39685.webm,40,8,25,8,160,False,False,0.7148351073265076,0.035087869968265295,0.00380193286400754,2.1268132738769054,52,2,8,8,False,
somethingv2,validation,63365,data/Something_data/videos_full/63365.webm,40,8,25,8,125,False,False,0.2158145010471344,0.006038708612322807,0.00380193286400754,2.0910510160028934,30,1,8,8,False,
somethingv2,validation,110316,data/Something_data/videos_full/110316.webm,40,8,25,8,126,False,False,0.9663448929786682,0.005684897769242525,0.00380193286400754,2.0809991732239723,30,1,8,8,False,
somethingv2,validation,153663,data/Something_data/videos_full/153663.webm,40,8,25,8,126,False,False,0.9813965559005737,0.09090933110564947,0.00380193286400754,2.07188949175179,55,2,8,8,False,
somethingv2,validation,87587,data/Something_data/videos_full/87587.webm,40,8,25,8,126,False,False,0.9983832836151123,0.07461470877751708,0.00380193286400754,1.9798026671633124,49,2,8,8,False,
somethingv2,validation,114663,data/Something_data/videos_full/114663.webm,40,8,25,8,126,False,False,0.9968206882476807,0.0867059389129281,0.00380193286400754,1.9037742810323834,59,2,8,8,False,
somethingv2,validation,212818,data/Something_data/videos_full/212818.webm,40,8,25,8,56,False,False,0.7596440315246582,0.13463336182758212,0.00380193286400754,1.8147184806875885,37,2,8,8,False,
somethingv2,validation,5804,data/Something_data/videos_full/5804.webm,40,8,25,8,160,False,False,0.9872046709060669,0.10604453412815928,0.00380193286400754,1.677798134740442,68,3,8,8,False,
somethingv2,validation,83295,data/Something_data/videos_full/83295.webm,40,8,25,8,20,False,False,0.19475817680358887,0.07428745413199067,0.00380193286400754,1.5692302640527487,37,2,8,8,False,
somethingv2,validation,187845,data/Something_data/videos_full/187845.webm,40,8,25,8,128,False,False,0.82980877161026,0.010860030073672533,0.00380193286400754,1.4935319698415697,34,1,8,8,False,
somethingv2,validation,58934,data/Something_data/videos_full/58934.webm,40,8,25,8,19,False,False,0.9492012858390808,0.1330760419368744,0.00380193286400754,1.474199027288705,48,2,8,8,False,
somethingv2,validation,84984,data/Something_data/videos_full/84984.webm,40,8,25,8,15,False,False,0.08970093727111816,0.0651510190218687,0.00380193286400754,1.3392559052444994,38,2,8,8,False,
somethingv2,validation,193607,data/Something_data/videos_full/193607.webm,40,8,25,8,126,False,False,0.9965457320213318,0.06095964973792434,0.00380193286400754,1.2730192518793046,61,2,8,8,False,
somethingv2,validation,31220,data/Something_data/videos_full/31220.webm,40,8,25,8,100,False,False,0.2764022946357727,0.06775847310200334,0.00380193286400754,1.2109445156529546,59,2,8,8,False,
somethingv2,validation,93301,data/Something_data/videos_full/93301.webm,40,8,25,8,54,False,False,0.6054495573043823,0.004587165080010891,0.00380193286400754,1.142236180137843,33,1,8,8,False,
somethingv2,validation,17547,data/Something_data/videos_full/17547.webm,40,8,25,8,19,False,False,0.7359703183174133,0.09471463598310947,0.00380193286400754,1.135884536895901,68,3,8,8,False,
somethingv2,validation,110345,data/Something_data/videos_full/110345.webm,40,8,25,8,142,False,False,0.21793802082538605,0.07899737171828747,0.00380193286400754,1.039085186086595,47,2,8,8,False,
somethingv2,validation,171245,data/Something_data/videos_full/171245.webm,40,8,25,8,100,False,False,0.6118264198303223,0.005646129138767719,0.00380193286400754,0.9582906677387655,33,1,8,8,False,
somethingv2,validation,136478,data/Something_data/videos_full/136478.webm,41,8,25,8,128,False,False,0.6674035787582397,0.050117895007133484,0.00380193286400754,0.9504144471138716,46,2,8,8,False,
somethingv2,validation,108506,data/Something_data/videos_full/108506.webm,41,8,25,8,16,False,False,0.9483557939529419,0.00624905526638031,0.00380193286400754,0.8983712051995099,34,1,8,8,False,
somethingv2,validation,65026,data/Something_data/videos_full/65026.webm,41,8,25,8,18,False,False,0.8305050134658813,0.0068891518749296665,0.00380193286400754,0.8872731830924749,27,1,8,8,False,
somethingv2,validation,153856,data/Something_data/videos_full/153856.webm,41,8,25,8,16,False,False,0.8028842210769653,0.00990711897611618,0.00380193286400754,0.8719395981170237,31,1,8,8,False,
somethingv2,validation,131321,data/Something_data/videos_full/131321.webm,41,8,25,8,16,False,False,0.934732973575592,0.008598451968282461,0.00380193286400754,0.8540225843898952,26,1,8,8,False,
somethingv2,validation,94139,data/Something_data/videos_full/94139.webm,41,8,25,8,128,False,False,0.9186347723007202,0.0067191338166594505,0.00380193286400754,0.8374761189334095,28,1,8,8,False,
somethingv2,validation,220337,data/Something_data/videos_full/220337.webm,41,8,25,8,16,False,False,0.7305709719657898,0.08290127525106072,0.00380193286400754,0.8185787918046117,40,2,8,8,False,
somethingv2,validation,168837,data/Something_data/videos_full/168837.webm,41,8,25,8,128,False,True,0.4195430874824524,0.05131779285147786,0.00380193286400754,0.7342501780949533,43,2,8,8,False,
somethingv2,validation,219708,data/Something_data/videos_full/219708.webm,41,8,25,8,160,False,False,0.8080085515975952,0.06974138412624598,0.00380193286400754,0.681916147004813,48,2,8,8,False,
somethingv2,validation,201362,data/Something_data/videos_full/201362.webm,41,8,25,8,160,False,False,0.581235945224762,0.004776890855282545,0.00380193286400754,0.6107133221812546,29,1,8,8,False,
somethingv2,validation,83151,data/Something_data/videos_full/83151.webm,41,8,25,8,128,False,False,0.5466061234474182,0.009128451813012362,0.00380193286400754,0.6004674611613154,27,1,8,8,False,
somethingv2,validation,207150,data/Something_data/videos_full/207150.webm,41,8,25,8,128,False,False,0.6582606434822083,0.08522953977808356,0.00380193286400754,0.5812520901672542,46,2,8,8,False,
somethingv2,validation,21538,data/Something_data/videos_full/21538.webm,41,8,25,8,18,False,False,0.5071051716804504,0.007922532968223095,0.00380193286400754,0.4949284219183028,33,1,8,8,False,
somethingv2,validation,66982,data/Something_data/videos_full/66982.webm,41,8,25,8,16,False,False,0.6161370277404785,0.06073229480534792,0.004647787107387558,2.580125452950597,41,2,8,8,False,
somethingv2,validation,44794,data/Something_data/videos_full/44794.webm,41,8,25,8,16,False,False,0.430871844291687,0.010561868082731962,0.004647787107387558,2.5179533353075385,29,1,8,8,False,
somethingv2,validation,165397,data/Something_data/videos_full/165397.webm,41,8,25,8,125,False,False,0.9123815298080444,0.06537325819954276,0.004647787107387558,2.4972432726062834,60,2,8,8,False,
somethingv2,validation,142181,data/Something_data/videos_full/142181.webm,41,8,25,8,16,False,False,0.9658050537109375,0.04327153321355581,0.004647787107387558,2.430598651058972,70,3,8,8,False,
somethingv2,validation,205156,data/Something_data/videos_full/205156.webm,41,8,25,8,18,False,False,0.9775716662406921,0.06571258511394262,0.004647787107387558,2.3867267053574324,43,2,8,8,False,
somethingv2,validation,45522,data/Something_data/videos_full/45522.webm,41,8,25,8,125,False,False,0.9446004033088684,0.11779346596449614,0.004647787107387558,2.319816717877984,59,2,8,8,False,
somethingv2,validation,35775,data/Something_data/videos_full/35775.webm,41,8,25,8,16,False,False,0.7872918248176575,0.010880557354539633,0.004647787107387558,2.2007202049717307,29,1,8,8,False,
somethingv2,validation,160555,data/Something_data/videos_full/160555.webm,42,8,25,8,126,False,True,0.7961084842681885,0.1069574891589582,0.004647787107387558,2.1810749848373234,52,2,8,8,False,
somethingv2,validation,12718,data/Something_data/videos_full/12718.webm,42,8,25,8,126,False,True,0.9989150762557983,0.08089097775518894,0.004647787107387558,2.0720432880334556,52,2,8,8,False,
somethingv2,validation,81053,data/Something_data/videos_full/81053.webm,42,8,25,8,126,False,False,0.6405782699584961,0.07534532621502876,0.004647787107387558,1.9888774207793176,61,2,8,8,False,
somethingv2,validation,82223,data/Something_data/videos_full/82223.webm,42,8,25,8,19,False,True,0.37390023469924927,0.1429176228120923,0.004647787107387558,1.9107517087832093,40,2,8,8,False,
somethingv2,validation,172718,data/Something_data/videos_full/172718.webm,42,8,25,8,128,False,False,0.9799312353134155,0.10998790105804801,0.004647787107387558,1.7657408500090241,53,2,8,8,False,
somethingv2,validation,30520,data/Something_data/videos_full/30520.webm,42,8,25,8,126,False,False,0.9936009049415588,0.07861856883391738,0.004647787107387558,1.654483246151358,65,2,8,8,False,
somethingv2,validation,206534,data/Something_data/videos_full/206534.webm,42,8,25,8,160,False,False,0.920103132724762,0.06049162894487381,0.004647787107387558,1.5747368801385164,40,2,8,8,False,
somethingv2,validation,16323,data/Something_data/videos_full/16323.webm,42,8,25,8,19,False,False,0.8934805393218994,0.005215056240558624,0.004647787107387558,1.513126390054822,31,1,8,8,False,
somethingv2,validation,52036,data/Something_data/videos_full/52036.webm,42,8,25,8,132,False,False,0.28846344351768494,0.06928961863741279,0.004647787107387558,1.5050438148900867,59,2,8,8,False,
somethingv2,validation,163893,data/Something_data/videos_full/163893.webm,42,8,25,8,19,False,True,0.9930295348167419,0.0050294711254537106,0.004647787107387558,1.4346949299797416,27,1,8,8,False,
somethingv2,validation,159172,data/Something_data/videos_full/159172.webm,42,8,25,8,19,False,True,0.9555230140686035,0.0855569583363831,0.004647787107387558,1.4283901620656252,38,2,8,8,False,
somethingv2,validation,134311,data/Something_data/videos_full/134311.webm,42,8,25,8,19,False,True,0.9826237559318542,0.0694832312874496,0.004647787107387558,1.3408334599807858,66,2,8,8,False,
somethingv2,validation,24305,data/Something_data/videos_full/24305.webm,42,8,25,8,19,False,False,0.8487692475318909,0.09199143294245005,0.004647787107387558,1.2689166362397373,43,2,8,8,False,
somethingv2,validation,47281,data/Something_data/videos_full/47281.webm,42,8,25,8,124,False,False,0.32929155230522156,0.08474208321422338,0.004647787107387558,1.1747047659009695,60,2,8,8,False,
somethingv2,validation,176052,data/Something_data/videos_full/176052.webm,42,8,25,8,42,True,True,0.30556321144104004,0.017111341934651136,0.004647787107387558,1.0876426356844604,35,2,8,8,False,
somethingv2,validation,149000,data/Something_data/videos_full/149000.webm,42,8,25,8,98,False,True,0.5399162173271179,0.09102028794586658,0.004647787107387558,1.0628078659065068,67,3,8,8,False,
somethingv2,validation,114944,data/Something_data/videos_full/114944.webm,42,8,25,8,126,False,False,0.4613075852394104,0.05175989121198654,0.004647787107387558,0.9705963688902557,44,2,8,8,False,
somethingv2,validation,216106,data/Something_data/videos_full/216106.webm,42,8,25,8,126,False,False,0.48589766025543213,0.004709314089268446,0.004647787107387558,0.9182413769885898,25,1,8,8,False,
somethingv2,validation,176176,data/Something_data/videos_full/176176.webm,42,8,25,8,126,False,False,0.9839022755622864,0.052899647038429976,0.004647787107387558,0.9110076539218426,60,2,8,8,False,
somethingv2,validation,97295,data/Something_data/videos_full/97295.webm,42,8,25,8,56,False,False,0.19127489626407623,0.1092621199786663,0.004647787107387558,0.8571624928154051,38,2,8,8,False,
somethingv2,validation,135321,data/Something_data/videos_full/135321.webm,43,8,25,8,18,False,False,0.6509888172149658,0.08802733104676008,0.004647787107387558,0.7464612550102174,61,2,8,8,False,
somethingv2,validation,114789,data/Something_data/videos_full/114789.webm,43,8,25,8,16,False,False,0.8642995357513428,0.005749512929469347,0.004647787107387558,0.6564915296621621,24,1,8,8,False,
somethingv2,validation,198782,data/Something_data/videos_full/198782.webm,43,8,25,8,125,False,False,0.6938657164573669,0.07543730596080422,0.004647787107387558,0.6471225069835782,65,2,8,8,False,
somethingv2,validation,131135,data/Something_data/videos_full/131135.webm,43,8,25,8,18,False,False,0.45385345816612244,0.007965374272316694,0.004647787107387558,0.5688736867159605,31,1,8,8,False,
somethingv2,validation,46605,data/Something_data/videos_full/46605.webm,43,8,25,8,20,False,False,0.7051788568496704,0.006849187891930342,0.004647787107387558,0.55632881866768,19,1,8,8,False,
somethingv2,validation,138894,data/Something_data/videos_full/138894.webm,43,8,25,8,20,False,False,0.8884657025337219,0.009261415805667639,0.0047434941661776975,2.4327313266694546,26,1,8,8,False,
somethingv2,validation,171359,data/Something_data/videos_full/171359.webm,43,8,25,8,16,False,False,0.9768308401107788,0.0059164841659367085,0.0047434941661776975,2.4154123309999704,20,1,8,8,False,
somethingv2,validation,87616,data/Something_data/videos_full/87616.webm,43,8,25,8,41,False,False,0.383379191160202,0.03655374934896827,0.0047434941661776975,2.4053579210303724,69,3,8,8,False,
somethingv2,validation,6565,data/Something_data/videos_full/6565.webm,43,8,25,8,20,False,False,0.556866466999054,0.10395296663045883,0.0047434941661776975,2.3681830749846995,46,2,8,8,False,
somethingv2,validation,188511,data/Something_data/videos_full/188511.webm,43,8,25,8,20,False,False,0.8348402976989746,0.010982485953718424,0.0047434941661776975,2.261220004875213,39,2,8,8,False,
somethingv2,validation,95047,data/Something_data/videos_full/95047.webm,43,8,25,8,22,False,False,0.3082287907600403,0.12168397521600127,0.0047434941661776975,2.2444898281246424,54,2,8,8,False,
somethingv2,validation,192296,data/Something_data/videos_full/192296.webm,43,8,25,8,20,False,False,0.8600488901138306,0.00735411187633872,0.0047434941661776975,2.120783358812332,24,1,8,8,False,
somethingv2,validation,175755,data/Something_data/videos_full/175755.webm,43,8,25,8,16,False,False,0.7580137848854065,0.09031170606613159,0.0047434941661776975,2.108146012760699,42,2,8,8,False,
somethingv2,validation,6949,data/Something_data/videos_full/6949.webm,43,8,25,8,125,False,False,0.5093371272087097,0.10903172893449664,0.0047434941661776975,2.0150931030511856,57,2,8,8,False,
somethingv2,validation,16055,data/Something_data/videos_full/16055.webm,43,8,25,8,16,False,False,0.9267511963844299,0.006409216672182083,0.0047434941661776975,1.904161661863327,27,1,8,8,False,
somethingv2,validation,12891,data/Something_data/videos_full/12891.webm,43,8,25,8,127,False,False,0.9071993827819824,0.03994046896696091,0.0047434941661776975,1.8932638531550765,62,2,8,8,False,
somethingv2,validation,25961,data/Something_data/videos_full/25961.webm,43,8,25,8,165,False,False,0.5991189479827881,0.03973938710987568,0.0047434941661776975,1.8525029108859599,49,2,8,8,False,
somethingv2,validation,154539,data/Something_data/videos_full/154539.webm,43,8,25,8,20,False,False,0.9729695916175842,0.005909916944801807,0.0047434941661776975,1.811702182982117,21,1,8,8,False,
somethingv2,validation,26984,data/Something_data/videos_full/26984.webm,43,8,25,8,16,False,False,0.989230215549469,0.0056151291355490685,0.0047434941661776975,1.800124233122915,24,1,8,8,False,
somethingv2,validation,21181,data/Something_data/videos_full/21181.webm,43,8,25,8,17,False,False,0.2503306567668915,0.10403884295374155,0.0047434941661776975,1.7908987808041275,67,3,8,8,False,
somethingv2,validation,118270,data/Something_data/videos_full/118270.webm,44,8,25,8,18,False,False,0.45362505316734314,0.0793347260914743,0.0047434941661776975,1.6858282256871462,41,2,8,8,False,
somethingv2,validation,80758,data/Something_data/videos_full/80758.webm,44,8,25,8,16,False,False,0.8777455687522888,0.13059865729883313,0.0047434941661776975,1.6051765941083431,37,2,8,8,False,
somethingv2,validation,62001,data/Something_data/videos_full/62001.webm,44,8,25,8,19,False,False,0.5851127505302429,0.11626461707055569,0.0047434941661776975,1.4724639658816159,42,2,8,8,False,
somethingv2,validation,160529,data/Something_data/videos_full/160529.webm,44,8,25,8,16,False,False,0.327161580324173,0.009167904034256935,0.0047434941661776975,1.3537265923805535,32,1,8,8,False,
somethingv2,validation,62951,data/Something_data/videos_full/62951.webm,44,8,25,8,16,False,False,0.9496793746948242,0.0076168910600245,0.0047434941661776975,1.338008923921734,20,1,8,8,False,
somethingv2,validation,151948,data/Something_data/videos_full/151948.webm,44,8,25,8,139,False,False,0.11651455610990524,0.09200188191607594,0.0047434941661776975,1.328186138998717,38,2,8,8,False,
somethingv2,validation,154312,data/Something_data/videos_full/154312.webm,44,8,25,8,68,False,False,0.3860909044742584,0.12248741975054145,0.0047434941661776975,1.234166129026562,47,2,8,8,False,
somethingv2,validation,86130,data/Something_data/videos_full/86130.webm,44,8,25,8,80,False,False,0.35640618205070496,0.012030037119984627,0.0047434941661776975,1.110289677977562,31,1,8,8,False,
somethingv2,validation,106357,data/Something_data/videos_full/106357.webm,44,8,25,8,18,False,False,0.22925983369350433,0.09933805698528886,0.0047434941661776975,1.0877178367227316,36,2,8,8,False,
somethingv2,validation,122816,data/Something_data/videos_full/122816.webm,44,8,25,8,16,False,False,0.9576687812805176,0.005901706870645285,0.0047434941661776975,0.9869002918712795,22,1,8,8,False,
somethingv2,validation,111230,data/Something_data/videos_full/111230.webm,44,8,25,8,41,False,False,0.4210447371006012,0.11961881071329117,0.0047434941661776975,0.9766262806952,61,2,8,8,False,
somethingv2,validation,27545,data/Something_data/videos_full/27545.webm,44,8,25,8,20,False,False,0.17313353717327118,0.005903782323002815,0.0047434941661776975,0.8555479128845036,30,1,8,8,False,
somethingv2,validation,220035,data/Something_data/videos_full/220035.webm,44,8,25,8,128,False,False,0.9362490773200989,0.09600947191938758,0.0047434941661776975,0.8450872278772295,49,2,8,8,False,
somethingv2,validation,132397,data/Something_data/videos_full/132397.webm,44,8,25,8,16,False,False,0.4451722502708435,0.00798998586833477,0.0047434941661776975,0.7461266340687871,28,1,8,8,False,
somethingv2,validation,86983,data/Something_data/videos_full/86983.webm,44,8,25,8,16,False,False,0.322452187538147,0.0908111147582531,0.0047434941661776975,0.730784515850246,71,3,8,8,False,
somethingv2,validation,29152,data/Something_data/videos_full/29152.webm,44,8,25,8,16,False,False,0.9792823195457458,0.08109441213309765,0.0047434941661776975,0.6377637716941535,51,2,8,8,False,
somethingv2,validation,209947,data/Something_data/videos_full/209947.webm,44,8,25,8,19,False,False,0.7701208591461182,0.009200941305607557,0.0047434941661776975,0.5541553441435099,28,1,8,8,False,
somethingv2,validation,156369,data/Something_data/videos_full/156369.webm,44,8,25,8,20,False,False,0.8037687540054321,0.10890709515661001,0.004491808416787535,2.468654796015471,57,2,8,8,False,
somethingv2,validation,125532,data/Something_data/videos_full/125532.webm,44,8,25,8,18,False,False,0.4279066324234009,0.01161213032901287,0.004491808416787535,2.357758309226483,28,1,8,8,False,
somethingv2,validation,29538,data/Something_data/videos_full/29538.webm,44,8,25,8,18,False,False,0.6438437104225159,0.08521584374830127,0.004491808416787535,2.332725638989359,43,2,8,8,False,
somethingv2,validation,190956,data/Something_data/videos_full/190956.webm,45,8,25,8,16,False,False,0.9054887294769287,0.005452742800116539,0.004491808416787535,2.245888658799231,22,1,8,8,False,
somethingv2,validation,43077,data/Something_data/videos_full/43077.webm,45,8,25,8,129,False,False,0.6227726936340332,0.11974142910912633,0.004491808416787535,2.2398253809660673,68,3,8,8,False,
somethingv2,validation,71517,data/Something_data/videos_full/71517.webm,45,8,25,8,125,False,False,0.7322961688041687,0.00808497704565525,0.004491808416787535,2.118310326244682,28,1,8,8,False,
somethingv2,validation,220026,data/Something_data/videos_full/220026.webm,45,8,25,8,124,False,False,0.6097731590270996,0.00546417897567153,0.004491808416787535,2.1017433367669582,30,1,8,8,False,
somethingv2,validation,36379,data/Something_data/videos_full/36379.webm,45,8,25,8,127,False,False,0.6390969157218933,0.0786560270935297,0.004491808416787535,2.0900505650788546,41,2,8,8,False,
somethingv2,validation,168282,data/Something_data/videos_full/168282.webm,45,8,25,8,18,False,False,0.2662193179130554,0.06410019798204303,0.004491808416787535,2.009960599243641,45,2,8,8,False,
somethingv2,validation,181856,data/Something_data/videos_full/181856.webm,45,8,25,8,56,False,False,0.36563074588775635,0.08664900483563542,0.004491808416787535,1.9448916213586926,51,2,8,8,False,
somethingv2,validation,8842,data/Something_data/videos_full/8842.webm,45,8,25,8,127,False,False,0.6523234248161316,0.005266547203063965,0.004491808416787535,1.8567965449765325,23,1,8,8,False,
somethingv2,validation,176249,data/Something_data/videos_full/176249.webm,45,8,25,8,56,False,False,0.2933846116065979,0.0488620288670063,0.004491808416787535,1.8459286098368466,49,2,8,8,False,
somethingv2,validation,10368,data/Something_data/videos_full/10368.webm,45,8,25,8,10,False,False,0.7612097859382629,0.0871369051747024,0.004491808416787535,1.7960075759328902,55,2,8,8,False,
somethingv2,validation,25092,data/Something_data/videos_full/25092.webm,45,8,25,8,45,True,True,0.3683118224143982,0.006803498137742281,0.004491808416787535,1.7074714568443596,36,2,8,8,False,
somethingv2,validation,89783,data/Something_data/videos_full/89783.webm,45,8,25,8,16,False,True,0.2509757876396179,0.06893955916166306,0.004491808416787535,1.6996999462135136,45,2,8,8,False,
somethingv2,validation,46296,data/Something_data/videos_full/46296.webm,45,8,25,8,125,False,False,0.7027453780174255,0.008154486306011677,0.004491808416787535,1.6282918411307037,33,1,8,8,False,
somethingv2,validation,219134,data/Something_data/videos_full/219134.webm,45,8,25,8,18,False,False,0.7796287536621094,0.007333987858146429,0.004491808416787535,1.6119603039696813,34,1,8,8,False,
somethingv2,validation,1073,data/Something_data/videos_full/1073.webm,45,8,25,8,18,False,True,0.6871955394744873,0.06695055402815342,0.004491808416787535,1.5998966149054468,53,2,8,8,False,
somethingv2,validation,123285,data/Something_data/videos_full/123285.webm,45,8,25,8,127,False,False,0.5047098398208618,0.006599893793463707,0.004491808416787535,1.531185109168291,25,1,8,8,False,
somethingv2,validation,86313,data/Something_data/videos_full/86313.webm,45,8,25,8,18,False,False,0.9456204175949097,0.07895198278129101,0.004491808416787535,1.519384162966162,44,2,8,8,False,
somethingv2,validation,109272,data/Something_data/videos_full/109272.webm,45,8,25,8,16,False,False,0.6426489353179932,0.008168351370841265,0.004491808416787535,1.4382442627102137,28,1,8,8,False,
somethingv2,validation,66776,data/Something_data/videos_full/66776.webm,45,8,25,8,16,False,False,0.41974666714668274,0.059941702987998724,0.004491808416787535,1.4237620527856052,59,2,8,8,False,
somethingv2,validation,116582,data/Something_data/videos_full/116582.webm,45,8,25,8,16,False,False,0.45664820075035095,0.011089296080172062,0.004491808416787535,1.3623261330649257,35,2,8,8,False,
somethingv2,validation,170330,data/Something_data/videos_full/170330.webm,46,8,25,8,128,False,False,0.8649806380271912,0.06772888917475939,0.004491808416787535,1.346996041946113,50,2,8,8,False,
somethingv2,validation,138149,data/Something_data/videos_full/138149.webm,46,8,25,8,18,False,False,0.8306516408920288,0.1060264022089541,0.004491808416787535,1.2776233651675284,42,2,8,8,False,
somethingv2,validation,3115,data/Something_data/videos_full/3115.webm,46,8,25,8,162,False,True,0.5149469971656799,0.15392700675874949,0.004491808416787535,1.1704014809802175,71,3,8,8,False,
somethingv2,validation,33170,data/Something_data/videos_full/33170.webm,46,8,25,8,156,False,False,0.3722500801086426,0.013911970891058445,0.004491808416787535,1.0154165462590754,63,2,8,8,False,
somethingv2,validation,203047,data/Something_data/videos_full/203047.webm,46,8,25,8,16,False,False,0.8338421583175659,0.13902325695380569,0.004491808416787535,0.9914693832397461,41,2,8,8,False,
somethingv2,validation,82772,data/Something_data/videos_full/82772.webm,46,8,25,8,67,False,True,0.9400429725646973,0.1238132300786674,0.004491808416787535,0.8505226480774581,72,3,8,8,False,
somethingv2,validation,213305,data/Something_data/videos_full/213305.webm,46,8,25,8,16,False,False,0.955935001373291,0.09539675991982222,0.004491808416787535,0.7246903670020401,65,2,8,8,False,
somethingv2,validation,78438,data/Something_data/videos_full/78438.webm,46,8,25,8,18,False,False,0.3931245505809784,0.06751812575384974,0.004491808416787535,0.62715233117342,38,2,8,8,False,
somethingv2,validation,81817,data/Something_data/videos_full/81817.webm,46,8,25,8,67,False,False,0.6070954203605652,0.007553352974355221,0.004491808416787535,0.5580123718827963,55,2,8,8,False,
somethingv2,validation,202680,data/Something_data/videos_full/202680.webm,46,8,25,8,162,False,False,0.7259702086448669,0.11915636388584971,0.0045273595314938575,2.9823701148852706,39,2,8,8,False,
somethingv2,validation,71752,data/Something_data/videos_full/71752.webm,46,8,25,8,126,False,False,0.93015456199646,0.0677507147192955,0.0045273595314938575,2.8616760610602796,38,2,8,8,False,
somethingv2,validation,67287,data/Something_data/videos_full/67287.webm,46,8,25,8,160,False,False,0.46806302666664124,0.01006354670971632,0.0045273595314938575,2.793057912029326,57,2,8,8,False,
somethingv2,validation,177502,data/Something_data/videos_full/177502.webm,46,8,25,8,18,False,False,0.16644395887851715,0.07708032801747322,0.0045273595314938575,2.7771373917348683,42,2,8,8,False,
somethingv2,validation,37069,data/Something_data/videos_full/37069.webm,46,8,25,8,160,False,False,0.924488365650177,0.08952251123264432,0.0045273595314938575,2.6987175797112286,55,2,8,8,False,
somethingv2,validation,4367,data/Something_data/videos_full/4367.webm,46,8,25,8,131,False,False,0.725459098815918,0.05580461723729968,0.0045273595314938575,2.6079253987409174,64,2,8,8,False,
somethingv2,validation,100279,data/Something_data/videos_full/100279.webm,46,8,25,8,126,False,False,0.24228160083293915,0.005861805286258459,0.0045273595314938575,2.551072404719889,30,1,8,8,False,
somethingv2,validation,21630,data/Something_data/videos_full/21630.webm,46,8,25,8,125,False,False,0.5552919507026672,0.1384904682636261,0.0045273595314938575,2.541877759154886,39,2,8,8,False,
somethingv2,validation,26534,data/Something_data/videos_full/26534.webm,46,8,25,8,16,False,False,0.6334208846092224,0.009971845895051956,0.0045273595314938575,2.4009299147874117,32,1,8,8,False,
somethingv2,validation,72327,data/Something_data/videos_full/72327.webm,46,8,25,8,19,False,False,0.2856602966785431,0.09079023962840438,0.0045273595314938575,2.382848136126995,60,2,8,8,False,
somethingv2,validation,65220,data/Something_data/videos_full/65220.webm,46,8,25,8,67,False,False,0.3918032944202423,0.07626386312767863,0.0045273595314938575,2.2892163349315524,36,2,8,8,False,
somethingv2,validation,64574,data/Something_data/videos_full/64574.webm,47,8,25,8,127,False,False,0.7721384167671204,0.07623403100296855,0.0045273595314938575,2.2107444652356207,44,2,8,8,False,
somethingv2,validation,145974,data/Something_data/videos_full/145974.webm,47,8,25,8,17,False,False,0.38482168316841125,0.010309172794222832,0.0045273595314938575,2.132740621920675,32,1,8,8,False,
somethingv2,validation,115030,data/Something_data/videos_full/115030.webm,47,8,25,8,129,False,False,0.836992621421814,0.08890911471098661,0.0045273595314938575,2.113764762878418,68,3,8,8,False,
somethingv2,validation,53324,data/Something_data/videos_full/53324.webm,47,8,25,8,133,False,False,0.20982122421264648,0.08302793325856328,0.0045273595314938575,2.023344196844846,69,3,8,8,False,
somethingv2,validation,126083,data/Something_data/videos_full/126083.webm,47,8,25,8,126,False,False,0.7848796844482422,0.10812520002946258,0.0045273595314938575,1.9390870770439506,54,2,8,8,False,
somethingv2,validation,149075,data/Something_data/videos_full/149075.webm,47,8,25,8,20,False,False,0.6392554044723511,0.15343463700264692,0.0045273595314938575,1.829168695025146,43,2,8,8,False,
somethingv2,validation,173554,data/Something_data/videos_full/173554.webm,47,8,25,8,98,False,False,0.3607674539089203,0.06780447391793132,0.0045273595314938575,1.6735720629803836,48,2,8,8,False,
somethingv2,validation,189830,data/Something_data/videos_full/189830.webm,47,8,25,8,30,False,False,0.3060624599456787,0.11469475226476789,0.0045273595314938575,1.604241899214685,35,2,8,8,False,
somethingv2,validation,156153,data/Something_data/videos_full/156153.webm,47,8,25,8,128,False,False,0.3141341805458069,0.07650264212861657,0.0045273595314938575,1.486844949889928,59,2,8,8,False,
somethingv2,validation,4473,data/Something_data/videos_full/4473.webm,47,8,25,8,160,False,False,0.18386712670326233,0.08197922306135297,0.0045273595314938575,1.4079743372276425,51,2,8,8,False,
somethingv2,validation,167661,data/Something_data/videos_full/167661.webm,47,8,25,8,160,False,False,0.7773638367652893,0.10167489293962717,0.0045273595314938575,1.3242620448581874,67,3,8,8,False,
somethingv2,validation,211095,data/Something_data/videos_full/211095.webm,47,8,25,8,125,False,False,0.9905892610549927,0.0591374128125608,0.0045273595314938575,1.221164284273982,53,2,8,8,False,
somethingv2,validation,81368,data/Something_data/videos_full/81368.webm,47,8,25,8,19,False,False,0.37604472041130066,0.11107873730361462,0.0045273595314938575,1.1608960307203233,38,2,8,8,False,
somethingv2,validation,83150,data/Something_data/videos_full/83150.webm,47,8,25,8,127,False,False,0.9775745272636414,0.05711413640528917,0.0045273595314938575,1.048587494995445,50,2,8,8,False,
somethingv2,validation,59578,data/Something_data/videos_full/59578.webm,47,8,25,8,16,False,False,0.3428361415863037,0.04988185176625848,0.0045273595314938575,0.9899857239797711,55,2,8,8,False,
somethingv2,validation,50992,data/Something_data/videos_full/50992.webm,47,8,25,8,127,False,False,0.7509837746620178,0.0686148339882493,0.0045273595314938575,0.9390861210413277,51,2,8,8,False,
somethingv2,validation,71858,data/Something_data/videos_full/71858.webm,47,8,25,8,16,False,False,0.9314425587654114,0.008286950644105673,0.0045273595314938575,0.8688384648412466,27,1,8,8,False,
somethingv2,validation,214556,data/Something_data/videos_full/214556.webm,47,8,25,8,16,False,False,0.801530122756958,0.12113258382305503,0.0045273595314938575,0.8471409780904651,62,2,8,8,False,
somethingv2,validation,171980,data/Something_data/videos_full/171980.webm,47,8,25,8,18,False,False,0.3321562111377716,0.008767746854573488,0.0045273595314938575,0.7237954093143344,31,1,8,8,False,
somethingv2,validation,159005,data/Something_data/videos_full/159005.webm,47,8,25,8,143,False,False,0.4770582318305969,0.07096077920868993,0.0045273595314938575,0.7101371372118592,56,2,8,8,False,
somethingv2,validation,112521,data/Something_data/videos_full/112521.webm,48,8,25,8,16,False,False,0.4571915864944458,0.10161770274862647,0.0045273595314938575,0.6373346908949316,62,2,8,8,False,
somethingv2,validation,101117,data/Something_data/videos_full/101117.webm,48,8,25,8,127,False,False,0.5995497703552246,0.10577084356918931,0.004673466915846802,2.7577494122087955,44,2,8,8,False,
somethingv2,validation,108988,data/Something_data/videos_full/108988.webm,48,8,25,8,126,False,False,0.9820078015327454,0.08152300119400024,0.004673466915846802,2.649913027882576,62,2,8,8,False,
somethingv2,validation,14736,data/Something_data/videos_full/14736.webm,48,8,25,8,142,False,False,0.23789314925670624,0.07968094386160374,0.004673466915846802,2.5668312697671354,47,2,8,8,False,
somethingv2,validation,166583,data/Something_data/videos_full/166583.webm,48,8,25,8,125,False,False,0.5274255871772766,0.0635970076546073,0.004673466915846802,2.485848714131862,62,2,8,8,False,
somethingv2,validation,151351,data/Something_data/videos_full/151351.webm,48,8,25,8,56,False,False,0.5726175308227539,0.07397091435268521,0.004673466915846802,2.421175119932741,55,2,8,8,False,
somethingv2,validation,1886,data/Something_data/videos_full/1886.webm,48,8,25,8,18,False,False,0.48267892003059387,0.06282935384660959,0.004673466915846802,2.3461204287596047,59,2,8,8,False,
somethingv2,validation,133032,data/Something_data/videos_full/133032.webm,48,8,25,8,112,False,True,0.7790853977203369,0.1540268948301673,0.004673466915846802,2.282205458264798,70,3,8,8,False,
somethingv2,validation,99597,data/Something_data/videos_full/99597.webm,48,8,25,8,16,False,False,0.27183717489242554,0.11416201293468475,0.004673466915846802,2.126394678838551,57,2,8,8,False,
somethingv2,validation,194953,data/Something_data/videos_full/194953.webm,48,8,25,8,16,False,False,0.6684525609016418,0.059357190039008856,0.004673466915846802,2.0095768137834966,66,2,8,8,False,
somethingv2,validation,18785,data/Something_data/videos_full/18785.webm,48,8,25,8,127,False,False,0.6198943853378296,0.005836762022227049,0.004673466915846802,1.948589218314737,22,1,8,8,False,
somethingv2,validation,39894,data/Something_data/videos_full/39894.webm,48,8,25,8,6,False,True,0.3614424765110016,0.04725037142634392,0.004673466915846802,1.9394928561523557,40,2,8,8,False,
somethingv2,validation,74314,data/Something_data/videos_full/74314.webm,48,8,25,8,56,False,False,0.5115471482276917,0.10411452315747738,0.004673466915846802,1.890190820209682,72,3,8,8,False,
somethingv2,validation,41043,data/Something_data/videos_full/41043.webm,48,8,25,8,44,False,False,0.1194298192858696,0.043642690405249596,0.004673466915846802,1.7844462688080966,68,3,8,8,False,
somethingv2,validation,184786,data/Something_data/videos_full/184786.webm,48,8,25,8,20,False,False,0.3061625063419342,0.09088050108402967,0.004673466915846802,1.7399431788362563,52,2,8,8,False,
somethingv2,validation,16722,data/Something_data/videos_full/16722.webm,48,8,25,8,48,True,True,0.6427006125450134,0.10037931334227324,0.004673466915846802,1.6475272201932967,58,2,8,8,False,
somethingv2,validation,143303,data/Something_data/videos_full/143303.webm,48,8,25,8,20,False,True,0.17668727040290833,0.11852292995899916,0.004673466915846802,1.5453250808641315,71,3,8,8,False,
somethingv2,validation,107646,data/Something_data/videos_full/107646.webm,48,8,25,8,17,False,False,0.2610695958137512,0.007436550222337246,0.004673466915846802,1.424403715878725,65,2,8,8,False,
somethingv2,validation,81367,data/Something_data/videos_full/81367.webm,48,8,25,8,107,False,False,0.5118133425712585,0.14251768728718162,0.004673466915846802,1.4131072517484426,69,3,8,8,False,
somethingv2,validation,216839,data/Something_data/videos_full/216839.webm,48,8,25,8,16,False,False,0.915231466293335,0.0628967909142375,0.004673466915846802,1.2678427146747708,64,2,8,8,False,
somethingv2,validation,63526,data/Something_data/videos_full/63526.webm,49,8,25,8,30,False,False,0.8430787324905396,0.055409473832696676,0.004673466915846802,1.203027670737356,57,2,8,8,False,
somethingv2,validation,187029,data/Something_data/videos_full/187029.webm,49,8,25,8,19,False,False,0.7031106352806091,0.07495492929592729,0.004673466915846802,1.1455262918025255,49,2,8,8,False,
somethingv2,validation,210751,data/Something_data/videos_full/210751.webm,49,8,25,8,19,False,True,0.7326182126998901,0.06308908713981509,0.004673466915846802,1.0691405087709427,59,2,8,8,False,
somethingv2,validation,56562,data/Something_data/videos_full/56562.webm,49,8,25,8,18,False,False,0.5266962051391602,0.06632863124832511,0.004673466915846802,1.0045792269520462,65,2,8,8,False,
somethingv2,validation,152533,data/Something_data/videos_full/152533.webm,49,8,25,8,49,True,True,0.2830336093902588,0.05313526792451739,0.004673466915846802,0.9370304611511528,62,2,8,8,False,
somethingv2,validation,9675,data/Something_data/videos_full/9675.webm,49,8,25,8,125,False,False,0.24274902045726776,0.00657154293730855,0.004673466915846802,0.8827962931245565,64,2,8,8,False,
somethingv2,validation,74604,data/Something_data/videos_full/74604.webm,49,8,25,8,18,False,True,0.7616299986839294,0.05892563704401255,0.004673466915846802,0.8720613489858806,46,2,8,8,False,
somethingv2,validation,142775,data/Something_data/videos_full/142775.webm,49,8,25,8,16,False,False,0.7774948477745056,0.0641482318751514,0.004673466915846802,0.8119190302677453,63,2,8,8,False,
somethingv2,validation,5398,data/Something_data/videos_full/5398.webm,49,8,25,8,128,False,False,0.5971342921257019,0.008550766855478287,0.004673466915846802,0.7466895231045783,47,2,8,8,False,
somethingv2,validation,89502,data/Something_data/videos_full/89502.webm,49,8,25,8,49,True,True,0.7819492220878601,0.045937322080135345,0.004673466915846802,0.732031109277159,47,2,8,8,False,
somethingv2,validation,192169,data/Something_data/videos_full/192169.webm,49,8,25,8,125,False,False,0.3066380023956299,0.07562200911343098,0.004673466915846802,0.6850309548899531,43,2,8,8,False,
somethingv2,validation,118341,data/Something_data/videos_full/118341.webm,49,8,25,8,49,True,True,0.6786434650421143,0.05403722496703267,0.004673466915846802,0.6074256151914597,57,2,8,8,False,
somethingv2,validation,111723,data/Something_data/videos_full/111723.webm,49,8,25,8,18,False,False,0.14854207634925842,0.005022414028644562,0.004673466915846802,0.5517351981252432,32,1,8,8,False,
somethingv2,validation,191662,data/Something_data/videos_full/191662.webm,49,8,25,8,16,False,False,0.3702455163002014,0.10293044988065958,0.004575294777168892,2.754334290046245,60,2,8,8,False,
somethingv2,validation,52267,data/Something_data/videos_full/52267.webm,49,8,25,8,18,False,True,0.4266374707221985,0.06593187432736158,0.004575294777168892,2.6497132843360305,54,2,8,8,False,
somethingv2,validation,31859,data/Something_data/videos_full/31859.webm,49,8,25,8,20,False,False,0.8745937347412109,0.08358514914289117,0.004575294777168892,2.581987641286105,66,2,8,8,False,
somethingv2,validation,96872,data/Something_data/videos_full/96872.webm,49,8,25,8,18,False,True,0.5642009973526001,0.053186716977506876,0.004575294777168892,2.496337423566729,51,2,8,8,False,
somethingv2,validation,2699,data/Something_data/videos_full/2699.webm,49,8,25,8,17,False,False,0.7389605045318604,0.11385228764265776,0.004575294777168892,2.4407741627655923,49,2,8,8,False,
somethingv2,validation,68038,data/Something_data/videos_full/68038.webm,49,8,25,8,49,True,True,0.7996432781219482,0.054082960821688175,0.004575294777168892,2.3240101053379476,42,2,8,8,False,
somethingv2,validation,38384,data/Something_data/videos_full/38384.webm,49,8,25,8,160,False,False,0.9468016028404236,0.0791025492362678,0.004575294777168892,2.26883132988587,55,2,8,8,False,
somethingv2,validation,76344,data/Something_data/videos_full/76344.webm,50,8,25,8,19,False,True,0.4369216859340668,0.09466039016842842,0.004575294777168892,2.1881976923905313,40,2,8,8,False,
somethingv2,validation,182914,data/Something_data/videos_full/182914.webm,50,8,25,8,18,False,False,0.5057686567306519,0.03674939414486289,0.004575294777168892,2.0926155764609575,44,2,8,8,False,
somethingv2,validation,142943,data/Something_data/videos_full/142943.webm,50,8,25,8,19,False,False,0.6419699192047119,0.07848538924008608,0.004575294777168892,2.0550631610676646,42,2,8,8,False,
somethingv2,validation,90490,data/Something_data/videos_full/90490.webm,50,8,25,8,128,False,False,0.9141440391540527,0.08231937885284424,0.004575294777168892,1.9756394303403795,60,2,8,8,False,
somethingv2,validation,127573,data/Something_data/videos_full/127573.webm,50,8,25,8,19,False,False,0.7533973455429077,0.09578159498050809,0.004575294777168892,1.8919474808499217,63,2,8,8,False,
somethingv2,validation,100240,data/Something_data/videos_full/100240.webm,50,8,25,8,160,False,False,0.7349838614463806,0.011780381202697754,0.004575294777168892,1.7938278401270509,47,2,8,8,False,
somethingv2,validation,146813,data/Something_data/videos_full/146813.webm,50,8,25,8,128,False,False,0.5017428398132324,0.006494620814919472,0.004575294777168892,1.7754511660896242,28,1,8,8,False,
somethingv2,validation,154829,data/Something_data/videos_full/154829.webm,50,8,25,8,134,False,False,0.20300467312335968,0.00648456672206521,0.004575294777168892,1.7625475469976664,26,1,8,8,False,
somethingv2,validation,193177,data/Something_data/videos_full/193177.webm,50,8,25,8,16,False,False,0.4483717083930969,0.006737028248608112,0.004575294777168892,1.7549074129201472,33,1,8,8,False,
somethingv2,validation,32510,data/Something_data/videos_full/32510.webm,50,8,25,8,18,False,False,0.8731222152709961,0.05567824421450496,0.004575294777168892,1.743376940023154,54,2,8,8,False,
somethingv2,validation,137966,data/Something_data/videos_full/137966.webm,50,8,25,8,1,False,False,0.3222433626651764,0.10252791317179799,0.004575294777168892,1.6860771658830345,35,2,8,8,False,
somethingv2,validation,152269,data/Something_data/videos_full/152269.webm,50,8,25,8,49,False,True,0.5089530944824219,0.05856371903792024,0.004575294777168892,1.5811945060268044,50,2,8,8,False,
somethingv2,validation,32372,data/Something_data/videos_full/32372.webm,50,8,25,8,69,False,False,0.3700184226036072,0.07815302396193147,0.004575294777168892,1.5211253417655826,60,2,8,8,False,
somethingv2,validation,169808,data/Something_data/videos_full/169808.webm,50,8,25,8,124,False,False,0.2052069455385208,0.09281095676124096,0.004575294777168892,1.4415661077946424,55,2,8,8,False,
somethingv2,validation,86780,data/Something_data/videos_full/86780.webm,50,8,25,8,128,False,False,0.1315784454345703,0.04506037989631295,0.004575294777168892,1.347617529798299,61,2,8,8,False,
somethingv2,validation,77290,data/Something_data/videos_full/77290.webm,50,8,25,8,16,False,True,0.29774972796440125,0.0571843720972538,0.004575294777168892,1.3012038450688124,39,2,8,8,False,
somethingv2,validation,131816,data/Something_data/videos_full/131816.webm,50,8,25,8,10,False,False,0.24041758477687836,0.0861520180478692,0.004575294777168892,1.2432834403589368,51,2,8,8,False,
somethingv2,validation,140125,data/Something_data/videos_full/140125.webm,50,8,25,8,18,False,False,0.6926762461662292,0.004646406974643469,0.004575294777168892,1.156047493685037,30,1,8,8,False,
somethingv2,validation,26526,data/Something_data/videos_full/26526.webm,50,8,25,8,67,False,False,0.3660399615764618,0.07708251103758812,0.004575294777168892,1.1491176909767091,39,2,8,8,False,
somethingv2,validation,146846,data/Something_data/videos_full/146846.webm,50,8,25,8,127,False,False,0.7832757234573364,0.13076639315113425,0.004575294777168892,1.0699924402870238,70,3,8,8,False,
somethingv2,validation,214306,data/Something_data/videos_full/214306.webm,51,8,25,8,68,False,False,0.1392875760793686,0.06853773584589362,0.004575294777168892,0.9369682450778782,36,2,8,8,False,
somethingv2,validation,115479,data/Something_data/videos_full/115479.webm,51,8,25,8,160,False,False,0.3460979759693146,0.10285136196762323,0.004575294777168892,0.865563680883497,35,2,8,8,False,
somethingv2,validation,55643,data/Something_data/videos_full/55643.webm,51,8,25,8,142,False,True,0.5264615416526794,0.09815396089106798,0.004575294777168892,0.7603451893664896,50,2,8,8,False,
somethingv2,validation,20539,data/Something_data/videos_full/20539.webm,51,8,25,8,160,False,False,0.18888519704341888,0.07845391798764467,0.004575294777168892,0.6605795631185174,59,2,8,8,False,
somethingv2,validation,164596,data/Something_data/videos_full/164596.webm,51,8,25,8,130,False,False,0.7086010575294495,0.007660356815904379,0.004575294777168892,0.5809606709517539,58,2,8,8,False,
somethingv2,validation,36254,data/Something_data/videos_full/36254.webm,51,8,25,8,66,False,False,0.1763879954814911,0.08583599282428622,0.004858675500145182,2.77188322506845,64,2,8,8,False,
somethingv2,validation,155968,data/Something_data/videos_full/155968.webm,51,8,25,8,18,False,False,0.2502194941043854,0.06625817203894258,0.004858675500145182,2.6850830209441483,50,2,8,8,False,
somethingv2,validation,125947,data/Something_data/videos_full/125947.webm,51,8,25,8,2,False,False,0.19655169546604156,0.0905449939891696,0.004858675500145182,2.617765170056373,72,3,8,8,False,
somethingv2,validation,26381,data/Something_data/videos_full/26381.webm,51,8,25,8,16,False,False,0.7408682703971863,0.05841540498659015,0.004858675500145182,2.5256025940179825,55,2,8,8,False,
somethingv2,validation,95719,data/Something_data/videos_full/95719.webm,51,8,25,8,16,False,False,0.8759511113166809,0.07752034300938249,0.004858675500145182,2.466177219990641,38,2,8,8,False,
somethingv2,validation,132146,data/Something_data/videos_full/132146.webm,51,8,25,8,128,False,False,0.39315491914749146,0.1443221946246922,0.004858675500145182,2.3865689733065665,42,2,8,8,False,
somethingv2,validation,41013,data/Something_data/videos_full/41013.webm,51,8,25,8,20,False,False,0.468693345785141,0.13531135907396674,0.004858675500145182,2.2393976990133524,67,3,8,8,False,
somethingv2,validation,209302,data/Something_data/videos_full/209302.webm,51,8,25,8,128,False,False,0.5010566711425781,0.00665060942992568,0.004858675500145182,2.1016823831014335,28,1,8,8,False,
somethingv2,validation,167385,data/Something_data/videos_full/167385.webm,51,8,25,8,128,False,False,0.3284567594528198,0.061434000730514526,0.004858675500145182,2.0928543731570244,36,2,8,8,False,
somethingv2,validation,95695,data/Something_data/videos_full/95695.webm,51,8,25,8,130,False,True,0.8808585405349731,0.06530349189415574,0.004858675500145182,2.0294426917098463,53,2,8,8,False,
somethingv2,validation,24959,data/Something_data/videos_full/24959.webm,52,8,25,8,16,False,False,0.35801732540130615,0.007325123064219952,0.004858675500145182,1.962960814125836,14,1,8,8,False,
somethingv2,validation,58270,data/Something_data/videos_full/58270.webm,52,8,25,8,127,False,False,0.3883971571922302,0.006621347274631262,0.004858675500145182,1.952757413033396,32,1,8,8,False,
somethingv2,validation,170438,data/Something_data/videos_full/170438.webm,52,8,25,8,143,False,False,0.3380352854728699,0.07992790080606937,0.004858675500145182,1.9411089569330215,51,2,8,8,False,
somethingv2,validation,157400,data/Something_data/videos_full/157400.webm,52,8,25,8,56,False,False,0.48130467534065247,0.07301491685211658,0.004858675500145182,1.8596083270385861,44,2,8,8,False,
somethingv2,validation,80147,data/Something_data/videos_full/80147.webm,52,8,25,8,17,False,False,0.6516845226287842,0.059429640881717205,0.004858675500145182,1.7857128279283643,40,2,8,8,False,
somethingv2,validation,145003,data/Something_data/videos_full/145003.webm,52,8,25,8,142,False,False,0.31529173254966736,0.08187197241932154,0.004858675500145182,1.7247644788585603,44,2,8,8,False,
somethingv2,validation,83521,data/Something_data/videos_full/83521.webm,52,8,25,8,20,False,False,0.5136482119560242,0.10602791188284755,0.004858675500145182,1.6419153749011457,62,2,8,8,False,
somethingv2,validation,125449,data/Something_data/videos_full/125449.webm,52,8,25,8,2,False,True,0.20284892618656158,0.0602338882163167,0.004858675500145182,1.5338522270321846,51,2,8,8,False,
somethingv2,validation,11178,data/Something_data/videos_full/11178.webm,52,8,25,8,124,False,False,0.5489534139633179,0.04676253721117973,0.004858675500145182,1.4710347601212561,52,2,8,8,False,
somethingv2,validation,90446,data/Something_data/videos_full/90446.webm,52,8,25,8,16,False,False,0.9311456084251404,0.08605549205094576,0.004858675500145182,1.4225746900774539,53,2,8,8,False,
somethingv2,validation,169688,data/Something_data/videos_full/169688.webm,52,8,25,8,124,False,False,0.7627715468406677,0.007607465144246817,0.004858675500145182,1.3343787812627852,43,2,8,8,False,
somethingv2,validation,180227,data/Something_data/videos_full/180227.webm,52,8,25,8,16,False,False,0.27496206760406494,0.056762461084872484,0.004858675500145182,1.323992045596242,46,2,8,8,False,
somethingv2,validation,112667,data/Something_data/videos_full/112667.webm,52,8,25,8,16,False,False,0.680051863193512,0.005842595361173153,0.004858675500145182,1.2657601027749479,31,1,8,8,False,
somethingv2,validation,12017,data/Something_data/videos_full/12017.webm,52,8,25,8,56,False,True,0.6380518674850464,0.08719418477267027,0.004858675500145182,1.2553940848447382,56,2,8,8,False,
somethingv2,validation,20245,data/Something_data/videos_full/20245.webm,52,8,25,8,20,False,False,0.6887833476066589,0.005775764584541321,0.004858675500145182,1.1670114970766008,34,1,8,8,False,
somethingv2,validation,40673,data/Something_data/videos_full/40673.webm,52,8,25,8,56,False,True,0.6016597747802734,0.0583908362314105,0.004858675500145182,1.1570606362074614,44,2,8,8,False,
somethingv2,validation,97799,data/Something_data/videos_full/97799.webm,52,8,25,8,124,False,False,0.918214738368988,0.0750777437351644,0.004858675500145182,1.0974162626080215,58,2,8,8,False,
somethingv2,validation,203717,data/Something_data/videos_full/203717.webm,52,8,25,8,127,False,False,0.4150679409503937,0.09573702793568373,0.004858675500145182,1.0212384751066566,65,2,8,8,False,
somethingv2,validation,155147,data/Something_data/videos_full/155147.webm,52,8,25,8,56,False,False,0.9267308115959167,0.12739630695432425,0.004858675500145182,0.9239785247482359,51,2,8,8,False,
somethingv2,validation,188413,data/Something_data/videos_full/188413.webm,52,8,25,8,56,False,False,0.40377864241600037,0.13111297925934196,0.004858675500145182,0.7941680639050901,47,2,8,8,False,
somethingv2,validation,167525,data/Something_data/videos_full/167525.webm,53,8,25,8,127,False,False,0.5610404014587402,0.007293255999684334,0.004858675500145182,0.6600686521269381,22,1,8,8,False,
somethingv2,validation,9789,data/Something_data/videos_full/9789.webm,53,8,25,8,15,False,False,0.15933863818645477,0.0714157191105187,0.004858675500145182,0.647457545157522,48,2,8,8,False,
somethingv2,validation,56444,data/Something_data/videos_full/56444.webm,53,8,25,8,127,False,False,0.6383234262466431,0.12458654027432203,0.004706496212747879,2.594071135856211,69,3,8,8,False,
somethingv2,validation,54990,data/Something_data/videos_full/54990.webm,53,8,25,8,126,False,False,0.3976271450519562,0.0062731849029660225,0.004706496212747879,2.4673947216942906,18,1,8,8,False,
somethingv2,validation,111604,data/Something_data/videos_full/111604.webm,53,8,25,8,126,False,False,0.5296927094459534,0.006505114026367664,0.004706496212747879,2.4578516860492527,29,1,8,8,False,
somethingv2,validation,48378,data/Something_data/videos_full/48378.webm,53,8,25,8,54,False,False,0.5052134990692139,0.07539161900058389,0.004706496212747879,2.444226851221174,62,2,8,8,False,
somethingv2,validation,179656,data/Something_data/videos_full/179656.webm,53,8,25,8,126,False,False,0.803210973739624,0.005964219104498625,0.004706496212747879,2.367427406832576,32,1,8,8,False,
somethingv2,validation,217791,data/Something_data/videos_full/217791.webm,53,8,25,8,69,False,False,0.872527003288269,0.07301242696121335,0.004706496212747879,2.355973817873746,49,2,8,8,False,
somethingv2,validation,32356,data/Something_data/videos_full/32356.webm,53,8,25,8,68,False,False,0.1986655592918396,0.006159025244414806,0.004706496212747879,2.2819212740287185,33,1,8,8,False,
somethingv2,validation,48034,data/Something_data/videos_full/48034.webm,53,8,25,8,18,False,False,0.6933369636535645,0.006221323274075985,0.004706496212747879,2.271460570860654,31,1,8,8,False,
somethingv2,validation,212599,data/Something_data/videos_full/212599.webm,53,8,25,8,20,False,False,0.6157202124595642,0.06747847516089678,0.004706496212747879,2.26214537024498,48,2,8,8,False,
somethingv2,validation,23572,data/Something_data/videos_full/23572.webm,53,8,25,8,69,False,False,0.49333250522613525,0.06200631940737367,0.004706496212747879,2.1934016779996455,38,2,8,8,False,
somethingv2,validation,68077,data/Something_data/videos_full/68077.webm,53,8,25,8,56,False,False,0.8281353116035461,0.07498765410855412,0.004706496212747879,2.130228620953858,48,2,8,8,False,
somethingv2,validation,40960,data/Something_data/videos_full/40960.webm,53,8,25,8,19,False,False,0.7825829386711121,0.005515169817954302,0.004706496212747879,2.054020155221224,30,1,8,8,False,
somethingv2,validation,211903,data/Something_data/videos_full/211903.webm,53,8,25,8,56,False,False,0.46949753165245056,0.006745708175003529,0.004706496212747879,2.0435566869564354,26,1,8,8,False,
somethingv2,validation,197985,data/Something_data/videos_full/197985.webm,53,8,25,8,54,False,False,0.340006947517395,0.1018054592423141,0.004706496212747879,2.0314508858136833,40,2,8,8,False,
somethingv2,validation,39036,data/Something_data/videos_full/39036.webm,53,8,25,8,56,False,False,0.7172864675521851,0.06620116485282779,0.004706496212747879,1.927252050023526,49,2,8,8,False,
somethingv2,validation,92206,data/Something_data/videos_full/92206.webm,53,8,25,8,56,False,False,0.5886446833610535,0.09605432208627462,0.004706496212747879,1.859203590080142,50,2,8,8,False,
somethingv2,validation,13569,data/Something_data/videos_full/13569.webm,53,8,25,8,69,False,False,0.7042591571807861,0.15549674397334456,0.004706496212747879,1.7602765359915793,47,2,8,8,False,
somethingv2,validation,8249,data/Something_data/videos_full/8249.webm,53,8,25,8,56,False,False,0.3708581030368805,0.007362197153270245,0.004706496212747879,1.6030271421186626,31,1,8,8,False,
somethingv2,validation,69213,data/Something_data/videos_full/69213.webm,54,8,25,8,56,False,True,0.8185909986495972,0.0076703219674527645,0.004706496212747879,1.587826079223305,26,1,8,8,False,
somethingv2,validation,117126,data/Something_data/videos_full/117126.webm,54,8,25,8,56,False,True,0.6141083240509033,0.07315132487565279,0.004706496212747879,1.5733178979717195,42,2,8,8,False,
somethingv2,validation,50228,data/Something_data/videos_full/50228.webm,54,8,25,8,144,False,False,0.25413358211517334,0.08543809968978167,0.004706496212747879,1.4985078629106283,62,2,8,8,False,
somethingv2,validation,6948,data/Something_data/videos_full/6948.webm,54,8,25,8,56,False,False,0.6846428513526917,0.07540317205712199,0.004706496212747879,1.4115515807643533,45,2,8,8,False,
somethingv2,validation,169931,data/Something_data/videos_full/169931.webm,54,8,25,8,56,False,True,0.8699656128883362,0.006943315267562866,0.004706496212747879,1.3348061731085181,32,1,8,8,False,
somethingv2,validation,75340,data/Something_data/videos_full/75340.webm,54,8,25,8,54,True,True,0.7293346524238586,0.09694780223071575,0.004706496212747879,1.3227432006970048,55,2,8,8,False,
somethingv2,validation,197146,data/Something_data/videos_full/197146.webm,54,8,25,8,130,False,True,0.38994428515434265,0.007486581336706877,0.004706496212747879,1.2246786747127771,28,1,8,8,False,
somethingv2,validation,112551,data/Something_data/videos_full/112551.webm,54,8,25,8,160,False,False,0.7878111600875854,0.10502859391272068,0.004706496212747879,1.2122068158350885,65,2,8,8,False,
somethingv2,validation,196426,data/Something_data/videos_full/196426.webm,54,8,25,8,69,False,True,0.6844846606254578,0.15263435989618301,0.004706496212747879,1.1044668280519545,45,2,8,8,False,
somethingv2,validation,139346,data/Something_data/videos_full/139346.webm,54,8,25,8,69,False,True,0.7024528980255127,0.06463404092937708,0.004706496212747879,0.9492029291577637,59,2,8,8,False,
somethingv2,validation,3846,data/Something_data/videos_full/3846.webm,54,8,25,8,124,False,False,0.7375598549842834,0.0807981756515801,0.004706496212747879,0.8825540249235928,41,2,8,8,False,
somethingv2,validation,213919,data/Something_data/videos_full/213919.webm,54,8,25,8,56,False,False,0.7892653942108154,0.07373465364798903,0.004706496212747879,0.8001634641550481,43,2,8,8,False,
somethingv2,validation,146642,data/Something_data/videos_full/146642.webm,54,8,25,8,56,False,True,0.3721015453338623,0.06477006478235126,0.004706496212747879,0.7248293119482696,42,2,8,8,False,
somethingv2,validation,106497,data/Something_data/videos_full/106497.webm,54,8,25,8,56,False,False,0.3531439006328583,0.09718565875664353,0.004706496212747879,0.6591490642167628,36,2,8,8,False,
somethingv2,validation,65409,data/Something_data/videos_full/65409.webm,54,8,25,8,127,False,False,0.30236807465553284,0.11553088901564479,0.003822072278126143,2.226897247135639,53,2,8,8,False,
somethingv2,validation,19292,data/Something_data/videos_full/19292.webm,54,8,25,8,56,False,True,0.8407235741615295,0.09820895362645388,0.003822072278126143,2.107817392796278,39,2,8,8,False,
somethingv2,validation,204894,data/Something_data/videos_full/204894.webm,54,8,25,8,160,False,False,0.4181937277317047,0.007147813215851784,0.003822072278126143,2.0083920690231025,30,1,8,8,False,
somethingv2,validation,59029,data/Something_data/videos_full/59029.webm,54,8,25,8,144,False,False,0.5676058530807495,0.00555143877863884,0.003822072278126143,1.996984695084393,24,1,8,8,False,
somethingv2,validation,57628,data/Something_data/videos_full/57628.webm,54,8,25,8,56,False,True,0.7807745933532715,0.08762802928686142,0.003822072278126143,1.987476167269051,36,2,8,8,False,
somethingv2,validation,185860,data/Something_data/videos_full/185860.webm,54,8,25,8,56,False,False,0.7740306854248047,0.06043576169759035,0.003822072278126143,1.8980306372977793,36,2,8,8,False,
somethingv2,validation,131147,data/Something_data/videos_full/131147.webm,55,8,25,8,56,False,True,0.3442307114601135,0.07426011236384511,0.003822072278126143,1.8358211941085756,48,2,8,8,False,
somethingv2,validation,119723,data/Something_data/videos_full/119723.webm,55,8,25,8,130,False,False,0.39981570839881897,0.11331467796117067,0.003822072278126143,1.7594694448634982,56,2,8,8,False,
somethingv2,validation,163064,data/Something_data/videos_full/163064.webm,55,8,25,8,126,False,False,0.7441769242286682,0.05134199233725667,0.003822072278126143,1.6436850759200752,65,2,8,8,False,
somethingv2,validation,120822,data/Something_data/videos_full/120822.webm,55,8,25,8,127,False,False,0.7651410698890686,0.007814325857907534,0.003822072278126143,1.5907232342287898,14,1,8,8,False,
somethingv2,validation,2199,data/Something_data/videos_full/2199.webm,55,8,25,8,129,False,False,0.9484471082687378,0.04896389227360487,0.003822072278126143,1.5780944619327784,58,2,8,8,False,
somethingv2,validation,154845,data/Something_data/videos_full/154845.webm,55,8,25,8,125,False,False,0.8953384160995483,0.006517695263028145,0.003822072278126143,1.5281971800141037,21,1,8,8,False,
somethingv2,validation,153717,data/Something_data/videos_full/153717.webm,55,8,25,8,125,False,False,0.4230023920536041,0.0058917938731610775,0.003822072278126143,1.5150452717207372,34,1,8,8,False,
somethingv2,validation,187046,data/Something_data/videos_full/187046.webm,55,8,25,8,128,False,False,0.48162493109703064,0.007984280120581388,0.003822072278126143,1.5037239301018417,16,1,8,8,False,
somethingv2,validation,89559,data/Something_data/videos_full/89559.webm,55,8,25,8,56,False,True,0.8265593647956848,0.05173936113715172,0.003822072278126143,1.4890254181809723,37,2,8,8,False,
somethingv2,validation,124401,data/Something_data/videos_full/124401.webm,55,8,25,8,18,False,False,0.4035678803920746,0.08640656806528568,0.003822072278126143,1.4364309492520988,40,2,8,8,False,
somethingv2,validation,30925,data/Something_data/videos_full/30925.webm,55,8,25,8,56,False,True,0.31469669938087463,0.07775242906063795,0.003822072278126143,1.3488581250421703,44,2,8,8,False,
somethingv2,validation,62706,data/Something_data/videos_full/62706.webm,55,8,25,8,18,False,False,0.5611401796340942,0.007582490798085928,0.003822072278126143,1.2699594758450985,21,1,8,8,False,
somethingv2,validation,47006,data/Something_data/videos_full/47006.webm,55,8,25,8,126,False,False,0.9148500561714172,0.053136870730668306,0.003822072278126143,1.2554625957272947,43,2,8,8,False,
somethingv2,validation,150776,data/Something_data/videos_full/150776.webm,55,8,25,8,16,False,False,0.2493436336517334,0.06660494301468134,0.003822072278126143,1.2011633897200227,47,2,8,8,False,
somethingv2,validation,211927,data/Something_data/videos_full/211927.webm,55,8,25,8,56,False,True,0.28304141759872437,0.054299917072057724,0.003822072278126143,1.132350361905992,49,2,8,8,False,
somethingv2,validation,51217,data/Something_data/videos_full/51217.webm,55,8,25,8,56,False,True,0.7784345149993896,0.08281654911115766,0.003822072278126143,1.0757745220325887,72,3,8,8,False,
somethingv2,validation,116608,data/Something_data/videos_full/116608.webm,55,8,25,8,69,False,True,0.4803353250026703,0.070027656853199,0.003822072278126143,0.9913703361526132,38,2,8,8,False,
somethingv2,validation,43354,data/Something_data/videos_full/43354.webm,55,8,25,8,69,False,True,0.6876040101051331,0.007325862068682909,0.003822072278126143,0.9185461211018264,34,1,8,8,False,
somethingv2,validation,53135,data/Something_data/videos_full/53135.webm,55,8,25,8,69,False,True,0.6021459102630615,0.0076481350697577,0.003822072278126143,0.9063660581596196,40,2,8,8,False,
somethingv2,validation,6154,data/Something_data/videos_full/6154.webm,55,8,25,8,56,False,True,0.6536410450935364,0.1131118331104517,0.003822072278126143,0.8954766332171857,59,2,8,8,False,
somethingv2,validation,108250,data/Something_data/videos_full/108250.webm,56,8,25,8,56,True,True,0.9451723694801331,0.007077853195369244,0.003822072278126143,0.7803500229492784,29,1,8,8,False,
somethingv2,validation,183763,data/Something_data/videos_full/183763.webm,56,8,25,8,126,False,False,0.7936834096908569,0.007200927007943392,0.003822072278126143,0.7666822127066553,60,2,8,8,False,
somethingv2,validation,176035,data/Something_data/videos_full/176035.webm,56,8,25,8,160,False,True,0.8097885251045227,0.07004384603351355,0.003822072278126143,0.7545739160850644,59,2,8,8,False,
somethingv2,validation,16191,data/Something_data/videos_full/16191.webm,56,8,25,8,128,False,False,0.46498528122901917,0.07354664988815784,0.003822072278126143,0.683580543845892,55,2,8,8,False,
somethingv2,validation,19350,data/Something_data/videos_full/19350.webm,56,8,25,8,69,False,True,0.47423821687698364,0.06974022323265672,0.003822072278126143,0.6087917597033083,65,2,8,8,False,
somethingv2,validation,138276,data/Something_data/videos_full/138276.webm,56,8,25,8,100,False,True,0.9792577624320984,0.005138459149748087,0.003822072278126143,0.5379955708049238,20,1,8,8,False,
somethingv2,validation,9011,data/Something_data/videos_full/9011.webm,56,8,25,8,125,False,False,0.2172575145959854,0.09229148598387837,0.00469401253212709,2.882675293367356,73,3,8,8,False,
somethingv2,validation,161868,data/Something_data/videos_full/161868.webm,56,8,25,8,56,True,True,0.7536119222640991,0.07473844988271594,0.00469401253212709,2.7887373389676213,54,2,8,8,False,
somethingv2,validation,64604,data/Something_data/videos_full/64604.webm,56,8,25,8,18,False,True,0.7913720011711121,0.09813895402476192,0.00469401253212709,2.712452558334917,40,2,8,8,False,
somethingv2,validation,28866,data/Something_data/videos_full/28866.webm,56,8,25,8,133,False,False,0.25788596272468567,0.043458499014377594,0.00469401253212709,2.612891561817378,66,2,8,8,False,
somethingv2,validation,212729,data/Something_data/videos_full/212729.webm,56,8,25,8,56,True,True,0.8387838006019592,0.07148198690265417,0.00469401253212709,2.5685069826431572,43,2,8,8,False,
somethingv2,validation,29792,data/Something_data/videos_full/29792.webm,56,8,25,8,127,False,False,0.8216001391410828,0.081369967199862,0.00469401253212709,2.4951644530519843,49,2,8,8,False,
somethingv2,validation,175393,data/Something_data/videos_full/175393.webm,56,8,25,8,18,False,False,0.3030684292316437,0.10144957108423114,0.00469401253212709,2.4118320480920374,49,2,8,8,False,
somethingv2,validation,71008,data/Something_data/videos_full/71008.webm,56,8,25,8,127,False,True,0.9153254628181458,0.12395927589386702,0.00469401253212709,2.3083387408405542,67,3,8,8,False,
somethingv2,validation,119552,data/Something_data/videos_full/119552.webm,56,8,25,8,69,False,True,0.5844014883041382,0.04829850606620312,0.00469401253212709,2.1829401082359254,35,2,8,8,False,
somethingv2,validation,108285,data/Something_data/videos_full/108285.webm,56,8,25,8,69,False,True,0.63276207447052,0.007690088823437691,0.00469401253212709,2.133614785037935,42,2,8,8,False,
somethingv2,validation,209071,data/Something_data/videos_full/209071.webm,56,8,25,8,160,False,True,0.5409571528434753,0.07039051689207554,0.00469401253212709,2.1224039429798722,61,2,8,8,False,
somethingv2,validation,138084,data/Something_data/videos_full/138084.webm,56,8,25,8,19,False,False,0.9672030210494995,0.006794823333621025,0.00469401253212709,2.05091386474669,34,1,8,8,False,
somethingv2,validation,23275,data/Something_data/videos_full/23275.webm,56,8,25,8,56,True,True,0.8583435416221619,0.07804787904024124,0.00469401253212709,2.0392980580218136,53,2,8,8,False,
somethingv2,validation,92927,data/Something_data/videos_full/92927.webm,56,8,25,8,69,False,True,0.7664461731910706,0.011275001335889101,0.00469401253212709,1.9600222981534898,51,2,8,8,False,
somethingv2,validation,168896,data/Something_data/videos_full/168896.webm,57,8,25,8,126,False,False,0.8151422739028931,0.1095661697909236,0.00469401253212709,1.9426790550351143,43,2,8,8,False,
somethingv2,validation,218431,data/Something_data/videos_full/218431.webm,57,8,25,8,130,False,False,0.3383755683898926,0.07299086498096585,0.00469401253212709,1.8316849898546934,56,2,8,8,False,
somethingv2,validation,7189,data/Something_data/videos_full/7189.webm,57,8,25,8,56,False,False,0.5335857272148132,0.06823131395503879,0.00469401253212709,1.756871403194964,53,2,8,8,False,
somethingv2,validation,183181,data/Something_data/videos_full/183181.webm,57,8,25,8,128,False,False,0.94912189245224,0.06364216608926654,0.00469401253212709,1.6866619680076838,42,2,8,8,False,
somethingv2,validation,123936,data/Something_data/videos_full/123936.webm,57,8,25,8,18,False,False,0.6523836255073547,0.06825535604730248,0.00469401253212709,1.620841396972537,38,2,8,8,False,
somethingv2,validation,153348,data/Something_data/videos_full/153348.webm,57,8,25,8,128,False,False,0.7752633094787598,0.006294718012213707,0.00469401253212709,1.550773176830262,24,1,8,8,False,
somethingv2,validation,99929,data/Something_data/videos_full/99929.webm,57,8,25,8,57,True,True,0.5802123546600342,0.09476326312869787,0.00469401253212709,1.541683551389724,50,2,8,8,False,
somethingv2,validation,200105,data/Something_data/videos_full/200105.webm,57,8,25,8,125,False,False,0.8945161700248718,0.08752892585471272,0.00469401253212709,1.4448270457796752,45,2,8,8,False,
somethingv2,validation,40414,data/Something_data/videos_full/40414.webm,57,8,25,8,69,False,False,0.8003092408180237,0.07558105327188969,0.00469401253212709,1.3560218387283385,47,2,8,8,False,
somethingv2,validation,55585,data/Something_data/videos_full/55585.webm,57,8,25,8,125,False,False,0.5457303524017334,0.08041974902153015,0.00469401253212709,1.2790571940131485,46,2,8,8,False,
somethingv2,validation,132470,data/Something_data/videos_full/132470.webm,57,8,25,8,56,False,False,0.7836456894874573,0.08561626961454749,0.00469401253212709,1.1972469529137015,44,2,8,8,False,
somethingv2,validation,50441,data/Something_data/videos_full/50441.webm,57,8,25,8,19,False,False,0.6577999591827393,0.046526785008609295,0.00469401253212709,1.1101412568241358,60,2,8,8,False,
somethingv2,validation,139114,data/Something_data/videos_full/139114.webm,57,8,25,8,56,False,False,0.7864453196525574,0.07765098987147212,0.00469401253212709,1.062470312230289,40,2,8,8,False,
somethingv2,validation,29625,data/Something_data/videos_full/29625.webm,57,8,25,8,69,False,False,0.7106581330299377,0.06475805398076773,0.00469401253212709,0.9816468488425016,42,2,8,8,False,
somethingv2,validation,95962,data/Something_data/videos_full/95962.webm,57,8,25,8,56,False,False,0.6655513644218445,0.06826128531247377,0.00469401253212709,0.9143336447887123,55,2,8,8,False,
somethingv2,validation,205149,data/Something_data/videos_full/205149.webm,57,8,25,8,15,False,False,0.5496264696121216,0.07416233932599425,0.00469401253212709,0.8431514501571655,39,2,8,8,False,
somethingv2,validation,156230,data/Something_data/videos_full/156230.webm,57,8,25,8,130,False,False,0.5837514400482178,0.1538338609971106,0.00469401253212709,0.7668698877096176,37,2,8,8,False,
somethingv2,validation,127270,data/Something_data/videos_full/127270.webm,57,8,25,8,56,False,False,0.6671607494354248,0.05613600881770253,0.00469401253212709,0.6111462847329676,44,2,8,8,False,
somethingv2,validation,84335,data/Something_data/videos_full/84335.webm,57,8,25,8,56,False,False,0.611783504486084,0.010638386942446232,0.004817157634533942,2.5790075161494315,30,1,8,8,False,
somethingv2,validation,6342,data/Something_data/videos_full/6342.webm,57,8,25,8,56,False,False,0.4515613317489624,0.09633318986743689,0.004817157634533942,2.563263508025557,51,2,8,8,False,
somethingv2,validation,44945,data/Something_data/videos_full/44945.webm,58,8,25,8,100,False,False,0.5379060506820679,0.0722779780626297,0.004817157634533942,2.4656475256197155,68,3,8,8,False,
somethingv2,validation,63663,data/Something_data/videos_full/63663.webm,58,8,25,8,19,False,False,0.8238900303840637,0.07083440711721778,0.004817157634533942,2.3924027332104743,56,2,8,8,False,
somethingv2,validation,39217,data/Something_data/videos_full/39217.webm,58,8,25,8,126,False,False,0.3631319999694824,0.10007547866553068,0.004817157634533942,2.3206779593601823,50,2,8,8,False,
somethingv2,validation,57967,data/Something_data/videos_full/57967.webm,58,8,25,8,5,False,False,0.16202284395694733,0.06169285485520959,0.004817157634533942,2.2191623081453145,39,2,8,8,False,
somethingv2,validation,25632,data/Something_data/videos_full/25632.webm,58,8,25,8,16,False,False,0.5523313283920288,0.010047651827335358,0.004817157634533942,2.1567361718043685,44,2,8,8,False,
somethingv2,validation,102544,data/Something_data/videos_full/102544.webm,58,8,25,8,56,False,False,0.43951305747032166,0.09282926423475146,0.004817157634533942,2.140741986222565,61,2,8,8,False,
somethingv2,validation,139288,data/Something_data/videos_full/139288.webm,58,8,25,8,124,False,False,0.19139297306537628,0.006403462029993534,0.004817157634533942,2.045493556186557,33,1,8,8,False,
somethingv2,validation,54367,data/Something_data/videos_full/54367.webm,58,8,25,8,129,False,False,0.6794798970222473,0.00513218529522419,0.004817157634533942,2.0372563493438065,33,1,8,8,False,
somethingv2,validation,71477,data/Something_data/videos_full/71477.webm,58,8,25,8,124,False,False,0.9935321807861328,0.005567678716033697,0.004817157634533942,2.0297807580791414,32,1,8,8,False,
somethingv2,validation,140122,data/Something_data/videos_full/140122.webm,58,8,25,8,15,False,False,0.35460370779037476,0.10409099888056517,0.004817157634533942,2.0211054258979857,56,2,8,8,False,
somethingv2,validation,216979,data/Something_data/videos_full/216979.webm,58,8,25,8,56,False,False,0.27995115518569946,0.00783011969178915,0.004817157634533942,1.914029655046761,25,1,8,8,False,
somethingv2,validation,89708,data/Something_data/videos_full/89708.webm,58,8,25,8,100,False,False,0.6258543729782104,0.006332785356789827,0.004817157634533942,1.8983341958373785,29,1,8,8,False,
somethingv2,validation,187529,data/Something_data/videos_full/187529.webm,58,8,25,8,16,False,False,0.8702138066291809,0.008435419294983149,0.004817157634533942,1.888467539101839,26,1,8,8,False,
somethingv2,validation,41925,data/Something_data/videos_full/41925.webm,58,8,25,8,56,False,False,0.4985813796520233,0.06676715891808271,0.004817157634533942,1.8743916959501803,54,2,8,8,False,
somethingv2,validation,171099,data/Something_data/videos_full/171099.webm,58,8,25,8,160,False,False,0.7628619074821472,0.058209183160215616,0.004817157634533942,1.8054598378948867,52,2,8,8,False,
somethingv2,validation,15602,data/Something_data/videos_full/15602.webm,58,8,25,8,130,False,False,0.3730490505695343,0.06040861504152417,0.004817157634533942,1.7460309728048742,50,2,8,8,False,
somethingv2,validation,131352,data/Something_data/videos_full/131352.webm,58,8,25,8,56,False,False,0.8326053619384766,0.08402614388614893,0.004817157634533942,1.6845344402827322,56,2,8,8,False,
somethingv2,validation,212550,data/Something_data/videos_full/212550.webm,59,8,25,8,59,True,True,0.6308268904685974,0.09834807692095637,0.004817157634533942,1.5990866241045296,64,2,8,8,False,
somethingv2,validation,170835,data/Something_data/videos_full/170835.webm,59,8,25,8,19,False,False,0.9403943419456482,0.08871716586872935,0.004817157634533942,1.4995309789665043,63,2,8,8,False,
somethingv2,validation,102916,data/Something_data/videos_full/102916.webm,59,8,25,8,129,False,False,0.5649427771568298,0.01055887807160616,0.004817157634533942,1.4093188089318573,63,2,8,8,False,
somethingv2,validation,121954,data/Something_data/videos_full/121954.webm,59,8,25,8,125,False,False,0.4344123601913452,0.0875063887797296,0.004817157634533942,1.3900305149145424,58,2,8,8,False,
somethingv2,validation,57803,data/Something_data/videos_full/57803.webm,59,8,25,8,61,False,True,0.273019015789032,0.05034396192058921,0.004817157634533942,1.3003107313998044,36,2,8,8,False,
somethingv2,validation,62463,data/Something_data/videos_full/62463.webm,59,8,25,8,19,False,False,0.5386754870414734,0.08144603483378887,0.004817157634533942,1.247727352194488,52,2,8,8,False,
somethingv2,validation,173361,data/Something_data/videos_full/173361.webm,59,8,25,8,17,False,False,0.7666271924972534,0.006381016690284014,0.004817157634533942,1.164222399238497,34,1,8,8,False,
somethingv2,validation,98438,data/Something_data/videos_full/98438.webm,59,8,25,8,106,False,True,0.13224318623542786,0.0971578061580658,0.004817157634533942,1.1527323760092258,67,3,8,8,False,
somethingv2,validation,145719,data/Something_data/videos_full/145719.webm,59,8,25,8,16,False,False,0.5531947016716003,0.10664136940613389,0.004817157634533942,1.053547983057797,41,2,8,8,False,
somethingv2,validation,17315,data/Something_data/videos_full/17315.webm,59,8,25,8,129,False,False,0.6717140078544617,0.11662537325173616,0.004817157634533942,0.9453579527325928,39,2,8,8,False,
somethingv2,validation,42534,data/Something_data/videos_full/42534.webm,59,8,25,8,59,True,True,0.8600577116012573,0.08657630393281579,0.004817157634533942,0.8273069178685546,51,2,8,8,False,
somethingv2,validation,218064,data/Something_data/videos_full/218064.webm,59,8,25,8,129,False,True,0.5877246260643005,0.07827350869774818,0.004817157634533942,0.7397170998156071,66,2,8,8,False,
somethingv2,validation,1694,data/Something_data/videos_full/1694.webm,59,8,25,8,129,False,False,0.9706665277481079,0.08274813694879413,0.004817157634533942,0.659877804107964,37,2,8,8,False,
somethingv2,validation,74298,data/Something_data/videos_full/74298.webm,59,8,25,8,129,False,True,0.9822351932525635,0.09191123908385634,0.004597330160322599,2.7967735272832215,66,2,8,8,False,
somethingv2,validation,188983,data/Something_data/videos_full/188983.webm,59,8,25,8,19,False,False,0.9565427303314209,0.08183306874707341,0.004597330160322599,2.703137231990695,70,3,8,8,False,
somethingv2,validation,216202,data/Something_data/videos_full/216202.webm,59,8,25,8,19,False,False,0.9383971691131592,0.06823637010529637,0.004597330160322599,2.620332660153508,65,2,8,8,False,
somethingv2,validation,204701,data/Something_data/videos_full/204701.webm,59,8,25,8,59,True,True,0.8195129036903381,0.07113964715972543,0.004597330160322599,2.549619285389781,63,2,8,8,False,
somethingv2,validation,182252,data/Something_data/videos_full/182252.webm,59,8,25,8,129,False,True,0.7177159786224365,0.06128227012231946,0.004597330160322599,2.4758041598834097,50,2,8,8,False,
somethingv2,validation,88126,data/Something_data/videos_full/88126.webm,59,8,25,8,59,True,True,0.3704090714454651,0.07413469115272164,0.004597330160322599,2.4124519992619753,56,2,8,8,False,
somethingv2,validation,7870,data/Something_data/videos_full/7870.webm,59,8,25,8,18,False,False,0.7908540368080139,0.007934339344501495,0.004597330160322599,2.336409677285701,33,1,8,8,False,
somethingv2,validation,49463,data/Something_data/videos_full/49463.webm,60,8,25,8,60,True,True,0.5581297278404236,0.07471076073125005,0.004597330160322599,2.322297069709748,63,2,8,8,False,
somethingv2,validation,151509,data/Something_data/videos_full/151509.webm,60,8,25,8,59,False,False,0.25662946701049805,0.07049034489318728,0.004597330160322599,2.2460678019560874,59,2,8,8,False,
somethingv2,validation,112997,data/Something_data/videos_full/112997.webm,60,8,25,8,61,False,False,0.28131580352783203,0.043032617308199406,0.004597330160322599,2.174669514875859,47,2,8,8,False,
somethingv2,validation,159318,data/Something_data/videos_full/159318.webm,60,8,25,8,130,False,True,0.22065231204032898,0.05208068806678057,0.004597330160322599,2.1304599130526185,54,2,8,8,False,
somethingv2,validation,57662,data/Something_data/videos_full/57662.webm,60,8,25,8,59,False,False,0.6329281330108643,0.05912823090329766,0.004597330160322599,2.0774030606262386,56,2,8,8,False,
somethingv2,validation,174612,data/Something_data/videos_full/174612.webm,60,8,25,8,129,False,False,0.7440481781959534,0.07414267677813768,0.004597330160322599,2.0170925930142403,62,2,8,8,False,
somethingv2,validation,192407,data/Something_data/videos_full/192407.webm,60,8,25,8,19,False,False,0.5285744071006775,0.05053916573524475,0.004597330160322599,1.9418129799887538,57,2,8,8,False,
somethingv2,validation,67859,data/Something_data/videos_full/67859.webm,60,8,25,8,19,False,False,0.6607411503791809,0.011121861636638641,0.004597330160322599,1.8903635363094509,55,2,8,8,False,
somethingv2,validation,97391,data/Something_data/videos_full/97391.webm,60,8,25,8,129,False,False,0.26837798953056335,0.06563695706427097,0.004597330160322599,1.8744856067933142,61,2,8,8,False,
somethingv2,validation,38120,data/Something_data/videos_full/38120.webm,60,8,25,8,62,False,True,0.32536932826042175,0.08670406695455313,0.004597330160322599,1.8068726123310626,42,2,8,8,False,
somethingv2,validation,208446,data/Something_data/videos_full/208446.webm,60,8,25,8,19,False,False,0.9663981199264526,0.11637143511325121,0.004597330160322599,1.717293320223689,61,2,8,8,False,
somethingv2,validation,170235,data/Something_data/videos_full/170235.webm,60,8,25,8,133,False,False,0.2983325123786926,0.09612647397443652,0.004597330160322599,1.5988804223015904,35,2,8,8,False,
somethingv2,validation,91176,data/Something_data/videos_full/91176.webm,60,8,25,8,17,False,False,0.1968705803155899,0.009263262152671814,0.004597330160322599,1.5000218651257455,49,2,8,8,False,
somethingv2,validation,42151,data/Something_data/videos_full/42151.webm,60,8,25,8,129,False,False,0.557619571685791,0.07395216822624207,0.004597330160322599,1.487576921004802,67,3,8,8,False,
somethingv2,validation,45771,data/Something_data/videos_full/45771.webm,60,8,25,8,20,False,True,0.39725983142852783,0.07988159917294979,0.004597330160322599,1.4125119838863611,65,2,8,8,False,
somethingv2,validation,37680,data/Something_data/videos_full/37680.webm,60,8,25,8,56,False,False,0.24363337457180023,0.1404689159244299,0.004597330160322599,1.3314780970104039,56,2,8,8,False,
somethingv2,validation,188038,data/Something_data/videos_full/188038.webm,60,8,25,8,59,False,True,0.4193611145019531,0.007140483241528273,0.004597330160322599,1.189379588700831,28,1,8,8,False,
somethingv2,validation,57299,data/Something_data/videos_full/57299.webm,60,8,25,8,129,False,False,0.35959744453430176,0.06405103113502264,0.004597330160322599,1.1762815760448575,56,2,8,8,False,
somethingv2,validation,55788,data/Something_data/videos_full/55788.webm,60,8,25,8,162,False,False,0.2268642783164978,0.07373354723677039,0.004597330160322599,1.1110747228376567,42,2,8,8,False,
somethingv2,validation,37067,data/Something_data/videos_full/37067.webm,60,8,25,8,59,False,True,0.7041288018226624,0.06448445795103908,0.004597330160322599,1.0353114502504468,58,2,8,8,False,
somethingv2,validation,81605,data/Something_data/videos_full/81605.webm,61,8,25,8,59,False,False,0.2185974270105362,0.10945394821465015,0.004597330160322599,0.9685900881886482,62,2,8,8,False,
somethingv2,validation,163217,data/Something_data/videos_full/163217.webm,61,8,25,8,15,False,True,0.608536422252655,0.11046444624662399,0.004597330160322599,0.8563166446983814,57,2,8,8,False,
somethingv2,validation,473,data/Something_data/videos_full/473.webm,61,8,25,8,128,False,False,0.6340993642807007,0.08218154730275273,0.004597330160322599,0.7432164489291608,47,2,8,8,False,
somethingv2,validation,175660,data/Something_data/videos_full/175660.webm,61,8,25,8,125,False,False,0.4015597105026245,0.007045332808047533,0.004597330160322599,0.6595924170687795,34,1,8,8,False,
somethingv2,validation,98552,data/Something_data/videos_full/98552.webm,61,8,25,8,16,False,False,0.24882620573043823,0.07416229974478483,0.004597330160322599,0.6480867709033191,50,2,8,8,False,
somethingv2,validation,95803,data/Something_data/videos_full/95803.webm,61,8,25,8,125,False,False,0.6078692078590393,0.19065841799601912,0.004796742592588998,3.2438271483406425,59,2,8,8,False,
somethingv2,validation,173897,data/Something_data/videos_full/173897.webm,61,8,25,8,61,True,True,0.37516748905181885,0.0516690812073648,0.004796742592588998,3.0514865959994495,55,2,8,8,False,
somethingv2,validation,132652,data/Something_data/videos_full/132652.webm,61,8,25,8,59,False,True,0.30945441126823425,0.09201194532215595,0.004796742592588998,2.9988014833070338,36,2,8,8,False,
somethingv2,validation,52799,data/Something_data/videos_full/52799.webm,61,8,25,8,128,False,True,0.4864892363548279,0.14589104801416397,0.004796742592588998,2.905585688073188,45,2,8,8,False,
somethingv2,validation,82861,data/Something_data/videos_full/82861.webm,61,8,25,8,129,False,False,0.5777944922447205,0.0066614579409360886,0.004796742592588998,2.7567058759741485,25,1,8,8,False,
somethingv2,validation,207707,data/Something_data/videos_full/207707.webm,61,8,25,8,61,True,True,0.41936665773391724,0.1207260056398809,0.004796742592588998,2.7462378153577447,72,3,8,8,False,
somethingv2,validation,84672,data/Something_data/videos_full/84672.webm,61,8,25,8,19,False,False,0.7732282280921936,0.11140573909506202,0.004796742592588998,2.6227384861558676,57,2,8,8,False,
somethingv2,validation,11200,data/Something_data/videos_full/11200.webm,61,8,25,8,62,False,True,0.44565069675445557,0.07190149603411555,0.004796742592588998,2.5090360189788043,69,3,8,8,False,
somethingv2,validation,88527,data/Something_data/videos_full/88527.webm,61,8,25,8,128,False,False,0.38471269607543945,0.06514128996059299,0.004796742592588998,2.435847773216665,53,2,8,8,False,
somethingv2,validation,179471,data/Something_data/videos_full/179471.webm,61,8,25,8,20,False,False,0.4368751645088196,0.07286408822983503,0.004796742592588998,2.369554593693465,53,2,8,8,False,
somethingv2,validation,66301,data/Something_data/videos_full/66301.webm,61,8,25,8,127,False,False,0.9351997375488281,0.06419264525175095,0.004796742592588998,2.2957130479626358,43,2,8,8,False,
somethingv2,validation,49346,data/Something_data/videos_full/49346.webm,61,8,25,8,129,False,False,0.587054431438446,0.10293989162892103,0.004796742592588998,2.2305841129273176,57,2,8,8,False,
somethingv2,validation,27476,data/Something_data/videos_full/27476.webm,61,8,25,8,61,True,True,0.2315356284379959,0.011795234866440296,0.004796742592588998,2.1260589831508696,52,2,8,8,False,
somethingv2,validation,100157,data/Something_data/videos_full/100157.webm,61,8,25,8,19,False,True,0.6414905786514282,0.07641493994742632,0.004796742592588998,2.108562618959695,37,2,8,8,False,
somethingv2,validation,139432,data/Something_data/videos_full/139432.webm,61,8,25,8,67,False,False,0.2863923907279968,0.049468723591417074,0.004796742592588998,2.0294385771267116,59,2,8,8,False,
somethingv2,validation,153645,data/Something_data/videos_full/153645.webm,62,8,25,8,16,False,True,0.48372215032577515,0.10174288880079985,0.004796742592588998,1.9780561560764909,79,3,8,8,False,
somethingv2,validation,131231,data/Something_data/videos_full/131231.webm,62,8,25,8,134,False,False,0.5794167518615723,0.14812757587060332,0.004796742592588998,1.874513073824346,47,2,8,8,False,
somethingv2,validation,24505,data/Something_data/videos_full/24505.webm,62,8,25,8,62,True,True,0.46748077869415283,0.10608259309083223,0.004796742592588998,1.7244344870559871,67,3,8,8,False,
somethingv2,validation,113585,data/Something_data/videos_full/113585.webm,62,8,25,8,59,False,True,0.4049696922302246,0.09055298706516623,0.004796742592588998,1.6173875131644309,75,3,8,8,False,
somethingv2,validation,132531,data/Something_data/videos_full/132531.webm,62,8,25,8,62,True,True,0.30567851662635803,0.12051233323290944,0.004796742592588998,1.5259625208564103,51,2,8,8,False,
somethingv2,validation,18477,data/Something_data/videos_full/18477.webm,62,8,25,8,130,False,True,0.8521407246589661,0.03755220724269748,0.004796742592588998,1.4042858900502324,41,2,8,8,False,
somethingv2,validation,127158,data/Something_data/videos_full/127158.webm,62,8,25,8,17,False,True,0.5432546734809875,0.07250352436676621,0.004796742592588998,1.3657242069020867,58,2,8,8,False,
somethingv2,validation,110884,data/Something_data/videos_full/110884.webm,62,8,25,8,67,False,False,0.3697715699672699,0.08578604180365801,0.004796742592588998,1.2912643640302122,58,2,8,8,False,
somethingv2,validation,7694,data/Something_data/videos_full/7694.webm,62,8,25,8,19,False,False,0.5373802185058594,0.09957609279081225,0.004796742592588998,1.2030714419670403,52,2,8,8,False,
somethingv2,validation,125623,data/Something_data/videos_full/125623.webm,62,8,25,8,19,False,True,0.8246012926101685,0.08210187312215567,0.004796742592588998,1.1013219198212028,36,2,8,8,False,
somethingv2,validation,15266,data/Something_data/videos_full/15266.webm,62,8,25,8,16,False,False,0.9212124943733215,0.05252265930175781,0.004796742592588998,1.0175294252112508,62,2,8,8,False,
somethingv2,validation,29049,data/Something_data/videos_full/29049.webm,62,8,25,8,19,False,False,0.34264200925827026,0.08687480865046382,0.004796742592588998,0.9636746710166335,60,2,8,8,False,
somethingv2,validation,136523,data/Something_data/videos_full/136523.webm,62,8,25,8,70,False,True,0.20917953550815582,0.05556498887017369,0.004796742592588998,0.8752872878685594,49,2,8,8,False,
somethingv2,validation,137883,data/Something_data/videos_full/137883.webm,62,8,25,8,70,False,True,0.2963167726993561,0.0786081338301301,0.004796742592588998,0.8186031812801957,48,2,8,8,False,
somethingv2,validation,92635,data/Something_data/videos_full/92635.webm,62,8,25,8,124,False,False,0.9829171299934387,0.052058159839361906,0.004796742592588998,0.7385319513268769,40,2,8,8,False,
somethingv2,validation,151614,data/Something_data/videos_full/151614.webm,62,8,25,8,15,False,False,0.32863274216651917,0.05296187708154321,0.004796742592588998,0.6852434989996254,63,2,8,8,False,
somethingv2,validation,74512,data/Something_data/videos_full/74512.webm,62,8,25,8,16,False,False,0.5000603795051575,0.06840883800759912,0.004796742592588998,0.6306997160427272,35,2,8,8,False,
somethingv2,validation,58339,data/Something_data/videos_full/58339.webm,62,8,25,8,62,True,True,0.8571035861968994,0.07775761093944311,0.004519311027252115,2.5368890911340714,52,2,8,8,False,
somethingv2,validation,29133,data/Something_data/videos_full/29133.webm,62,8,25,8,129,False,True,0.4724404513835907,0.005707649979740381,0.004519311027252115,2.457964727189392,30,1,8,8,False,
somethingv2,validation,171602,data/Something_data/videos_full/171602.webm,62,8,25,8,16,False,False,0.2139173299074173,0.07350399903953075,0.004519311027252115,2.447419818956405,62,2,8,8,False,
somethingv2,validation,113012,data/Something_data/videos_full/113012.webm,63,8,25,8,160,False,False,0.8040050864219666,0.05655134795233607,0.004519311027252115,2.3728823591955006,41,2,8,8,False,
somethingv2,validation,145252,data/Something_data/videos_full/145252.webm,63,8,25,8,142,False,False,0.7103817462921143,0.08305396977812052,0.004519311027252115,2.3142164847813547,56,2,8,8,False,
somethingv2,validation,115171,data/Something_data/videos_full/115171.webm,63,8,25,8,18,False,False,0.6398114562034607,0.006922597996890545,0.004519311027252115,2.2282444699667394,30,1,8,8,False,
somethingv2,validation,32433,data/Something_data/videos_full/32433.webm,63,8,25,8,160,False,False,0.45151689648628235,0.05597936222329736,0.004519311027252115,2.2180545437149704,49,2,8,8,False,
somethingv2,validation,1451,data/Something_data/videos_full/1451.webm,63,8,25,8,56,False,False,0.460055410861969,0.05770879704505205,0.004519311027252115,2.16039653820917,59,2,8,8,False,
somethingv2,validation,97173,data/Something_data/videos_full/97173.webm,63,8,25,8,128,False,False,0.4966513514518738,0.057691052090376616,0.004519311027252115,2.101108751259744,56,2,8,8,False,
somethingv2,validation,111999,data/Something_data/videos_full/111999.webm,63,8,25,8,128,False,False,0.562542200088501,0.05051364889368415,0.004519311027252115,2.0411201710812747,65,2,8,8,False,
somethingv2,validation,173494,data/Something_data/videos_full/173494.webm,63,8,25,8,124,False,False,0.6237576007843018,0.09137488482519984,0.004519311027252115,1.9895216529257596,57,2,8,8,False,
somethingv2,validation,204775,data/Something_data/videos_full/204775.webm,63,8,25,8,173,False,True,0.4458058774471283,0.0845180549658835,0.004519311027252115,1.8965773358941078,63,2,8,8,False,
somethingv2,validation,197939,data/Something_data/videos_full/197939.webm,63,8,25,8,56,False,False,0.6106928586959839,0.05838118586689234,0.004519311027252115,1.8111438727937639,50,2,8,8,False,
somethingv2,validation,34155,data/Something_data/videos_full/34155.webm,63,8,25,8,160,False,False,0.8330724239349365,0.05517293605953455,0.004519311027252115,1.7516903192736208,63,2,8,8,False,
somethingv2,validation,35850,data/Something_data/videos_full/35850.webm,63,8,25,8,18,False,False,0.23379115760326385,0.0842089131474495,0.004519311027252115,1.6957391290925443,70,3,8,8,False,
somethingv2,validation,212494,data/Something_data/videos_full/212494.webm,63,8,25,8,125,False,False,0.30428916215896606,0.08936409186571836,0.004519311027252115,1.6101142689585686,54,2,8,8,False,
somethingv2,validation,218922,data/Something_data/videos_full/218922.webm,63,8,25,8,160,False,False,0.2395203411579132,0.047097439877688885,0.004519311027252115,1.5188189689069986,47,2,8,8,False,
somethingv2,validation,40398,data/Something_data/videos_full/40398.webm,63,8,25,8,170,False,False,0.17014826834201813,0.07099827937781811,0.004519311027252115,1.4703571149148047,61,2,8,8,False,
somethingv2,validation,156459,data/Something_data/videos_full/156459.webm,63,8,25,8,67,False,False,0.519053041934967,0.05146076204255223,0.004519311027252115,1.3970865909941494,42,2,8,8,False,
somethingv2,validation,219102,data/Something_data/videos_full/219102.webm,63,8,25,8,133,False,False,0.32921531796455383,0.05963414395228028,0.004519311027252115,1.3437936389818788,60,2,8,8,False,
somethingv2,validation,199243,data/Something_data/videos_full/199243.webm,63,8,25,8,56,False,False,0.5691818594932556,0.07517090113833547,0.004519311027252115,1.2823407491669059,51,2,8,8,False,
somethingv2,validation,5633,data/Something_data/videos_full/5633.webm,63,8,25,8,19,False,False,0.9847150444984436,0.005872360896319151,0.004519311027252115,1.2054070979356766,33,1,8,8,False,
somethingv2,validation,140877,data/Something_data/videos_full/140877.webm,63,8,25,8,160,False,False,0.376993864774704,0.06909063924103975,0.004519311027252115,1.1964233359321952,42,2,8,8,False,
somethingv2,validation,94881,data/Something_data/videos_full/94881.webm,64,8,25,8,67,False,True,0.8096270561218262,0.07965435227379203,0.004519311027252115,1.1263533220626414,63,2,8,8,False,
somethingv2,validation,131775,data/Something_data/videos_full/131775.webm,64,8,25,8,16,False,False,0.5843757390975952,0.06688137631863356,0.004519311027252115,1.0457624029368162,72,3,8,8,False,
somethingv2,validation,12839,data/Something_data/videos_full/12839.webm,64,8,25,8,16,False,False,0.9910936951637268,0.004630486946552992,0.004519311027252115,0.9781892048195004,27,1,8,8,False,
somethingv2,validation,38609,data/Something_data/videos_full/38609.webm,64,8,25,8,16,False,False,0.9202917814254761,0.004752281587570906,0.004519311027252115,0.971278796903789,31,1,8,8,False,
somethingv2,validation,207737,data/Something_data/videos_full/207737.webm,64,8,25,8,125,False,False,0.34455111622810364,0.004471555817872286,0.004519311027252115,0.963830519001931,32,1,8,8,False,
somethingv2,validation,144502,data/Something_data/videos_full/144502.webm,64,8,25,8,67,False,True,0.4260561764240265,0.09651554701849818,0.004519311027252115,0.9568342948332429,56,2,8,8,False,
somethingv2,validation,180111,data/Something_data/videos_full/180111.webm,64,8,25,8,162,False,True,0.7246083617210388,0.0951576791703701,0.004519311027252115,0.859008370898664,55,2,8,8,False,
somethingv2,validation,191325,data/Something_data/videos_full/191325.webm,64,8,25,8,67,False,False,0.5506306290626526,0.11207797285169363,0.004519311027252115,0.761579052079469,57,2,8,8,False,
somethingv2,validation,202310,data/Something_data/videos_full/202310.webm,64,8,25,8,67,False,True,0.37613072991371155,0.08336495980620384,0.004519311027252115,0.6468810187652707,60,2,8,8,False,
somethingv2,validation,220794,data/Something_data/videos_full/220794.webm,64,8,25,8,162,False,True,0.49100619554519653,0.1115460591390729,0.004318978011724539,3.099623357411474,72,3,8,8,False,
somethingv2,validation,214953,data/Something_data/videos_full/214953.webm,64,8,25,8,162,False,True,0.9348331093788147,0.10192216094583273,0.004318978011724539,2.985346283763647,43,2,8,8,False,
somethingv2,validation,220062,data/Something_data/videos_full/220062.webm,64,8,25,8,16,False,False,0.9320021271705627,0.007421302143484354,0.004318978011724539,2.8814857159741223,28,1,8,8,False,
somethingv2,validation,3525,data/Something_data/videos_full/3525.webm,64,8,25,8,16,False,False,0.3960236608982086,0.11355961626395583,0.004318978011724539,2.8677050033584237,63,2,8,8,False,
somethingv2,validation,135318,data/Something_data/videos_full/135318.webm,64,8,25,8,143,False,False,0.29401761293411255,0.09398006089031696,0.004318978011724539,2.752047813963145,70,3,8,8,False,
somethingv2,validation,40237,data/Something_data/videos_full/40237.webm,64,8,25,8,18,False,False,0.41424691677093506,0.09774394519627094,0.004318978011724539,2.65662569925189,42,2,8,8,False,
somethingv2,validation,74077,data/Something_data/videos_full/74077.webm,64,8,25,8,67,False,False,0.15060172975063324,0.06954442895948887,0.004318978011724539,2.557795086875558,45,2,8,8,False,
somethingv2,validation,159983,data/Something_data/videos_full/159983.webm,64,8,25,8,127,False,False,0.31524941325187683,0.046413726173341274,0.004318978011724539,2.487120687030256,62,2,8,8,False,
somethingv2,validation,185966,data/Something_data/videos_full/185966.webm,64,8,25,8,67,False,False,0.5353960394859314,0.07348811998963356,0.004318978011724539,2.4399045198224485,47,2,8,8,False,
somethingv2,validation,92117,data/Something_data/videos_full/92117.webm,64,8,25,8,16,False,True,0.8226092457771301,0.0929737538099289,0.004318978011724539,2.3637698348611593,66,2,8,8,False,
somethingv2,validation,107295,data/Something_data/videos_full/107295.webm,64,8,25,8,16,False,False,0.6102933287620544,0.10469569684937596,0.004318978011724539,2.26861787494272,42,2,8,8,False,
somethingv2,validation,160256,data/Something_data/videos_full/160256.webm,65,8,25,8,16,False,False,0.24544893205165863,0.09043962974101305,0.004318978011724539,2.161313844844699,62,2,8,8,False,
somethingv2,validation,174356,data/Something_data/videos_full/174356.webm,65,8,25,8,65,True,True,0.679919421672821,0.04887230694293976,0.004318978011724539,2.068931926973164,46,2,8,8,False,
somethingv2,validation,63593,data/Something_data/videos_full/63593.webm,65,8,25,8,162,False,False,0.49487701058387756,0.09455408528447151,0.004318978011724539,2.0189689761027694,69,3,8,8,False,
somethingv2,validation,72791,data/Something_data/videos_full/72791.webm,65,8,25,8,16,False,False,0.6741544008255005,0.006400793790817261,0.004318978011724539,1.9236853811889887,30,1,8,8,False,
somethingv2,validation,72492,data/Something_data/videos_full/72492.webm,65,8,25,8,16,False,False,0.3726300001144409,0.006039818283170462,0.004318978011724539,1.9113991488702595,28,1,8,8,False,
somethingv2,validation,122398,data/Something_data/videos_full/122398.webm,65,8,25,8,160,False,False,0.3955574631690979,0.06115004699677229,0.004318978011724539,1.8991126320324838,61,2,8,8,False,
somethingv2,validation,33513,data/Something_data/videos_full/33513.webm,65,8,25,8,65,True,True,0.867491602897644,0.10074575804173946,0.004318978011724539,1.8369660712778568,68,3,8,8,False,
somethingv2,validation,192537,data/Something_data/videos_full/192537.webm,65,8,25,8,16,False,False,0.9401590824127197,0.03204526798799634,0.004318978011724539,1.7352005168795586,55,2,8,8,False,
somethingv2,validation,76550,data/Something_data/videos_full/76550.webm,65,8,25,8,65,True,True,0.8459751009941101,0.11116327391937375,0.004318978011724539,1.7022930011153221,56,2,8,8,False,
somethingv2,validation,9221,data/Something_data/videos_full/9221.webm,65,8,25,8,65,True,True,0.7849996089935303,0.00753741292282939,0.004318978011724539,1.5882509318180382,33,1,8,8,False,
somethingv2,validation,203847,data/Something_data/videos_full/203847.webm,65,8,25,8,162,False,True,0.6538476347923279,0.09635012689977884,0.004318978011724539,1.5723812482319772,51,2,8,8,False,
somethingv2,validation,102935,data/Something_data/videos_full/102935.webm,65,8,25,8,64,False,True,0.4606441259384155,0.07254562899470329,0.004318978011724539,1.4731225743889809,40,2,8,8,False,
somethingv2,validation,42173,data/Something_data/videos_full/42173.webm,65,8,25,8,125,False,False,0.49551066756248474,0.13665757793933153,0.004318978011724539,1.3978897179476917,51,2,8,8,False,
somethingv2,validation,38851,data/Something_data/videos_full/38851.webm,65,8,25,8,65,True,True,0.9190183877944946,0.09811741905286908,0.004318978011724539,1.2592667029239237,40,2,8,8,False,
somethingv2,validation,204936,data/Something_data/videos_full/204936.webm,65,8,25,8,16,False,False,0.43345367908477783,0.06978129781782627,0.004318978011724539,1.159905751235783,40,2,8,8,False,
somethingv2,validation,168137,data/Something_data/videos_full/168137.webm,65,8,25,8,1,False,True,0.13804584741592407,0.038868075236678123,0.004318978011724539,1.0888707591220737,64,2,8,8,False,
somethingv2,validation,26918,data/Something_data/videos_full/26918.webm,65,8,25,8,162,False,True,0.672640860080719,0.07061665365472436,0.004318978011724539,1.049338140990585,63,2,8,8,False,
somethingv2,validation,174385,data/Something_data/videos_full/174385.webm,65,8,25,8,16,False,False,0.8220004439353943,0.07912426814436913,0.004318978011724539,0.9774408182129264,61,2,8,8,False,
somethingv2,validation,129397,data/Something_data/videos_full/129397.webm,65,8,25,8,65,True,True,0.885110080242157,0.13683416927233338,0.004318978011724539,0.8965010559186339,67,3,8,8,False,
somethingv2,validation,59074,data/Something_data/videos_full/59074.webm,65,8,25,8,64,False,False,0.25351351499557495,0.10119357379153371,0.004318978011724539,0.7568713412620127,40,2,8,8,False,
somethingv2,validation,168008,data/Something_data/videos_full/168008.webm,66,8,25,8,20,False,True,0.708703339099884,0.115800806786865,0.004318978011724539,0.6531011541374028,42,2,8,8,False,
somethingv2,validation,83790,data/Something_data/videos_full/83790.webm,66,8,25,8,160,False,False,0.23890309035778046,0.08304743422195315,0.004845966905122623,2.8736129850149155,49,2,8,8,False,
somethingv2,validation,206312,data/Something_data/videos_full/206312.webm,66,8,25,8,16,False,False,0.3340821862220764,0.08430609805509448,0.004845966905122623,2.787584913894534,62,2,8,8,False,
somethingv2,validation,194353,data/Something_data/videos_full/194353.webm,66,8,25,8,16,False,False,0.5472069382667542,0.06459936406463385,0.004845966905122623,2.701254367828369,39,2,8,8,False,
somethingv2,validation,197070,data/Something_data/videos_full/197070.webm,66,8,25,8,16,False,False,0.5933429002761841,0.009553121868520975,0.004845966905122623,2.635561655741185,67,3,8,8,False,
somethingv2,validation,86616,data/Something_data/videos_full/86616.webm,66,8,25,8,66,True,True,0.4484674036502838,0.0928197642788291,0.004845966905122623,2.6224123458378017,68,3,8,8,False,
somethingv2,validation,18052,data/Something_data/videos_full/18052.webm,66,8,25,8,130,False,False,0.320769339799881,0.07957579381763935,0.004845966905122623,2.528465743176639,49,2,8,8,False,
somethingv2,validation,207974,data/Something_data/videos_full/207974.webm,66,8,25,8,127,False,False,0.9212693572044373,0.05545843578875065,0.004845966905122623,2.4476727722212672,62,2,8,8,False,
somethingv2,validation,180236,data/Something_data/videos_full/180236.webm,66,8,25,8,19,False,False,0.8356891870498657,0.07083672471344471,0.004845966905122623,2.390799304936081,66,2,8,8,False,
somethingv2,validation,37841,data/Something_data/videos_full/37841.webm,66,8,25,8,126,False,False,0.5172949433326721,0.052801711950451136,0.004845966905122623,2.318991558160633,59,2,8,8,False,
somethingv2,validation,10191,data/Something_data/videos_full/10191.webm,66,8,25,8,67,False,True,0.4972437918186188,0.09972859220579267,0.004845966905122623,2.2645533438771963,49,2,8,8,False,
somethingv2,validation,217890,data/Something_data/videos_full/217890.webm,66,8,25,8,160,False,False,0.41785505414009094,0.07106483774259686,0.004845966905122623,2.1632242519408464,48,2,8,8,False,
somethingv2,validation,20890,data/Something_data/videos_full/20890.webm,66,8,25,8,125,False,False,0.48840978741645813,0.07701174402609468,0.004845966905122623,2.0901644309051335,50,2,8,8,False,
somethingv2,validation,186864,data/Something_data/videos_full/186864.webm,66,8,25,8,160,False,True,0.5043395161628723,0.08354153903201222,0.004845966905122623,2.010790439788252,49,2,8,8,False,
somethingv2,validation,77710,data/Something_data/videos_full/77710.webm,66,8,25,8,66,True,True,0.32655423879623413,0.006407273001968861,0.004845966905122623,1.9255961100570858,29,1,8,8,False,
somethingv2,validation,122104,data/Something_data/videos_full/122104.webm,66,8,25,8,160,False,True,0.8330842852592468,0.10017211409285665,0.004845966905122623,1.9153295676223934,51,2,8,8,False,
somethingv2,validation,63237,data/Something_data/videos_full/63237.webm,66,8,25,8,127,False,False,0.8921268582344055,0.034082042053341866,0.004845966905122623,1.8138281730934978,57,2,8,8,False,
somethingv2,validation,89375,data/Something_data/videos_full/89375.webm,66,8,25,8,145,False,False,0.660729706287384,0.07338855508714914,0.004845966905122623,1.7791326539590955,43,2,8,8,False,
somethingv2,validation,84721,data/Something_data/videos_full/84721.webm,66,8,25,8,20,False,False,0.2702436149120331,0.08911925135180354,0.004845966905122623,1.7045941459946334,44,2,8,8,False,
somethingv2,validation,215984,data/Something_data/videos_full/215984.webm,66,8,25,8,18,False,False,0.665226936340332,0.006290048360824585,0.004845966905122623,1.614203630015254,27,1,8,8,False,
somethingv2,validation,40731,data/Something_data/videos_full/40731.webm,67,8,25,8,16,False,True,0.5491929650306702,0.06660061376169324,0.004845966905122623,1.6020471411757171,58,2,8,8,False,
somethingv2,validation,68045,data/Something_data/videos_full/68045.webm,67,8,25,8,16,False,False,0.579285740852356,0.006405476946383715,0.004845966905122623,1.5346179050393403,28,1,8,8,False,
somethingv2,validation,149516,data/Something_data/videos_full/149516.webm,67,8,25,8,16,False,False,0.5757027864456177,0.12978104874491692,0.004845966905122623,1.518018736038357,45,2,8,8,False,
somethingv2,validation,211690,data/Something_data/videos_full/211690.webm,67,8,25,8,66,False,True,0.42685189843177795,0.08387870900332928,0.004845966905122623,1.3859439669176936,53,2,8,8,False,
somethingv2,validation,63160,data/Something_data/videos_full/63160.webm,67,8,25,8,67,True,True,0.3904310464859009,0.05980919674038887,0.004845966905122623,1.300242803990841,42,2,8,8,False,
somethingv2,validation,80172,data/Something_data/videos_full/80172.webm,67,8,25,8,100,False,False,0.8932214379310608,0.07832515286281705,0.004845966905122623,1.2385560530237854,49,2,8,8,False,
somethingv2,validation,108501,data/Something_data/videos_full/108501.webm,67,8,25,8,18,False,False,0.2470589280128479,0.12621233891695738,0.004845966905122623,1.1585440230555832,68,3,8,8,False,
somethingv2,validation,41078,data/Something_data/videos_full/41078.webm,67,8,25,8,129,False,True,0.1878514289855957,0.062165959272533655,0.004845966905122623,1.0307921678759158,50,2,8,8,False,
somethingv2,validation,42124,data/Something_data/videos_full/42124.webm,67,8,25,8,16,False,False,0.964501142501831,0.0801430488936603,0.004845966905122623,0.967692983802408,41,2,8,8,False,
somethingv2,validation,149051,data/Something_data/videos_full/149051.webm,67,8,25,8,56,False,False,0.7892127633094788,0.09293503826484084,0.004845966905122623,0.8862938513047993,47,2,8,8,False,
somethingv2,validation,102783,data/Something_data/videos_full/102783.webm,67,8,25,8,127,False,False,0.64342200756073,0.06347480788826942,0.004845966905122623,0.7918097041547298,46,2,8,8,False,
somethingv2,validation,116480,data/Something_data/videos_full/116480.webm,67,8,25,8,20,False,False,0.2729664444923401,0.07741056801751256,0.004845966905122623,0.7266290010884404,66,2,8,8,False,
somethingv2,validation,25420,data/Something_data/videos_full/25420.webm,67,8,25,8,67,True,True,0.43655213713645935,0.09601450525224209,0.004845966905122623,0.6474561020731926,61,2,8,8,False,
somethingv2,validation,215687,data/Something_data/videos_full/215687.webm,67,8,25,8,66,False,True,0.5354884266853333,0.0889175389893353,0.005017146177124232,2.3733458048664033,48,2,8,8,False,
somethingv2,validation,166007,data/Something_data/videos_full/166007.webm,67,8,25,8,16,False,False,0.398142546415329,0.13217046996578574,0.005017146177124232,2.2826462662778795,49,2,8,8,False,
somethingv2,validation,169547,data/Something_data/videos_full/169547.webm,67,8,25,8,67,True,True,0.6727299094200134,0.006615865975618362,0.005017146177124232,2.1480692513287067,34,1,8,8,False,
somethingv2,validation,167940,data/Something_data/videos_full/167940.webm,67,8,25,8,16,False,False,0.5371370315551758,0.009328972082585096,0.005017146177124232,2.1379944710060954,25,1,8,8,False,
somethingv2,validation,107850,data/Something_data/videos_full/107850.webm,67,8,25,8,67,True,True,0.8079291582107544,0.08770947204902768,0.005017146177124232,2.1225390937179327,37,2,8,8,False,
somethingv2,validation,12817,data/Something_data/videos_full/12817.webm,67,8,25,8,125,False,False,0.2968743145465851,0.07500047516077757,0.005017146177124232,2.0324007142335176,50,2,8,8,False,
somethingv2,validation,10193,data/Something_data/videos_full/10193.webm,67,8,25,8,16,False,False,0.9179586172103882,0.006843718234449625,0.005017146177124232,1.9560201428830624,32,1,8,8,False,
somethingv2,validation,187851,data/Something_data/videos_full/187851.webm,68,8,25,8,127,False,False,0.8106998205184937,0.061360898427665234,0.005017146177124232,1.9447120791301131,66,2,8,8,False,
somethingv2,validation,163577,data/Something_data/videos_full/163577.webm,68,8,25,8,160,False,False,0.6055616140365601,0.06164960376918316,0.005017146177124232,1.8821143116801977,56,2,8,8,False,
somethingv2,validation,136097,data/Something_data/videos_full/136097.webm,68,8,25,8,56,False,False,0.9302425384521484,0.005116228014230728,0.005017146177124232,1.8189128288067877,31,1,8,8,False,
somethingv2,validation,181467,data/Something_data/videos_full/181467.webm,68,8,25,8,160,False,False,0.8520851731300354,0.04736849665641785,0.005017146177124232,1.8109351438470185,47,2,8,8,False,
somethingv2,validation,100406,data/Something_data/videos_full/100406.webm,68,8,25,8,125,False,False,0.32244226336479187,0.07063169218599796,0.005017146177124232,1.7620137981139123,60,2,8,8,False,
somethingv2,validation,6074,data/Something_data/videos_full/6074.webm,68,8,25,8,126,False,False,0.9579331278800964,0.05355871608480811,0.005017146177124232,1.69039576780051,63,2,8,8,False,
somethingv2,validation,184918,data/Something_data/videos_full/184918.webm,68,8,25,8,56,False,False,0.4840381145477295,0.06455016741529107,0.005017146177124232,1.6355566550046206,49,2,8,8,False,
somethingv2,validation,22510,data/Something_data/videos_full/22510.webm,68,8,25,8,127,False,False,0.4394877851009369,0.1002859678119421,0.005017146177124232,1.569018941372633,66,2,8,8,False,
somethingv2,validation,62850,data/Something_data/videos_full/62850.webm,68,8,25,8,127,False,False,0.5473687648773193,0.05964989308267832,0.005017146177124232,1.4661087938584387,59,2,8,8,False,
somethingv2,validation,5630,data/Something_data/videos_full/5630.webm,68,8,25,8,160,False,False,0.7769837379455566,0.07338126515969634,0.005017146177124232,1.4043813301250339,60,2,8,8,False,
somethingv2,validation,182404,data/Something_data/videos_full/182404.webm,68,8,25,8,16,False,False,0.7214900851249695,0.006990110967308283,0.005017146177124232,1.3288450301624835,18,1,8,8,False,
somethingv2,validation,20388,data/Something_data/videos_full/20388.webm,68,8,25,8,56,False,False,0.788641095161438,0.0563847329467535,0.005017146177124232,1.3181227031163871,40,2,8,8,False,
somethingv2,validation,86065,data/Something_data/videos_full/86065.webm,68,8,25,8,49,False,False,0.611377477645874,0.113910221029073,0.005017146177124232,1.2600747589021921,71,3,8,8,False,
somethingv2,validation,5722,data/Something_data/videos_full/5722.webm,68,8,25,8,129,False,False,0.5078652501106262,0.009073655121028423,0.005017146177124232,1.1444602841511369,27,1,8,8,False,
somethingv2,validation,132118,data/Something_data/videos_full/132118.webm,68,8,25,8,125,False,False,0.7217875719070435,0.05364928487688303,0.005017146177124232,1.1272841482423246,59,2,8,8,False,
somethingv2,validation,24958,data/Something_data/videos_full/24958.webm,68,8,25,8,127,False,False,0.8968672156333923,0.005759898107498884,0.005017146177124232,1.0727311708033085,25,1,8,8,False,
somethingv2,validation,161343,data/Something_data/videos_full/161343.webm,68,8,25,8,127,False,False,0.24955810606479645,0.007529462222009897,0.005017146177124232,1.0629599140956998,50,2,8,8,False,
somethingv2,validation,12959,data/Something_data/videos_full/12959.webm,68,8,25,8,128,False,False,0.9309788346290588,0.004351344890892506,0.005017146177124232,1.05077383806929,28,1,8,8,False,
somethingv2,validation,62962,data/Something_data/videos_full/62962.webm,68,8,25,8,67,False,True,0.6413285136222839,0.07132819527760148,0.005017146177124232,1.0452686888165772,60,2,8,8,False,
somethingv2,validation,52737,data/Something_data/videos_full/52737.webm,68,8,25,8,126,False,False,0.18351909518241882,0.011248474009335041,0.005017146177124232,0.9729970297776163,34,1,8,8,False,
somethingv2,validation,214845,data/Something_data/videos_full/214845.webm,69,8,25,8,42,False,False,0.7538307905197144,0.0872728549875319,0.005017146177124232,0.9522930239327252,67,3,8,8,False,
somethingv2,validation,26650,data/Something_data/videos_full/26650.webm,69,8,25,8,100,False,False,0.8587290644645691,0.0801398130133748,0.005017146177124232,0.8641680558212101,46,2,8,8,False,
somethingv2,validation,127490,data/Something_data/videos_full/127490.webm,69,8,25,8,127,False,False,0.8669180870056152,0.06713549187406898,0.005017146177124232,0.7809369270689785,59,2,8,8,False,
somethingv2,validation,101096,data/Something_data/videos_full/101096.webm,69,8,25,8,129,False,False,0.7369608283042908,0.0753931263461709,0.005017146177124232,0.7112905704416335,41,2,8,8,False,
somethingv2,validation,43181,data/Something_data/videos_full/43181.webm,69,8,25,8,128,False,False,0.9555349349975586,0.09123657085001469,0.005017146177124232,0.6334776901639998,36,2,8,8,False,
somethingv2,validation,207778,data/Something_data/videos_full/207778.webm,69,8,25,8,160,False,True,0.38732919096946716,0.08889585826545954,0.004438343370566145,2.831902104895562,58,2,8,8,False,
somethingv2,validation,73539,data/Something_data/videos_full/73539.webm,69,8,25,8,69,True,True,0.8458296060562134,0.09758062893524766,0.004438343370566145,2.7403724920004606,70,3,8,8,False,
somethingv2,validation,76548,data/Something_data/videos_full/76548.webm,69,8,25,8,10,False,False,0.24337153136730194,0.117841771338135,0.004438343370566145,2.6409216010943055,54,2,8,8,False,
somethingv2,validation,31712,data/Something_data/videos_full/31712.webm,69,8,25,8,56,False,True,0.7024735808372498,0.005731831770390272,0.004438343370566145,2.5210484620183706,33,1,8,8,False,
somethingv2,validation,189328,data/Something_data/videos_full/189328.webm,69,8,25,8,56,False,True,0.5859332084655762,0.0070236241444945335,0.004438343370566145,2.5140329021960497,32,1,8,8,False,
somethingv2,validation,191640,data/Something_data/videos_full/191640.webm,69,8,25,8,128,False,False,0.6376745104789734,0.08632470900192857,0.004438343370566145,2.5012247283011675,62,2,8,8,False,
somethingv2,validation,35545,data/Something_data/videos_full/35545.webm,69,8,25,8,125,False,False,0.40964481234550476,0.07363191619515419,0.004438343370566145,2.413673661649227,56,2,8,8,False,
somethingv2,validation,122001,data/Something_data/videos_full/122001.webm,69,8,25,8,129,False,False,0.5759290456771851,0.12047817837446928,0.004438343370566145,2.3392269648611546,49,2,8,8,False,
somethingv2,validation,125131,data/Something_data/videos_full/125131.webm,69,8,25,8,69,True,True,0.636199951171875,0.07018727529793978,0.004438343370566145,2.2173920893110335,44,2,8,8,False,
somethingv2,validation,167531,data/Something_data/videos_full/167531.webm,69,8,25,8,69,True,True,0.3856317102909088,0.08001808682456613,0.004438343370566145,2.1460470352321863,48,2,8,8,False,
somethingv2,validation,80,data/Something_data/videos_full/80.webm,69,8,25,8,18,False,False,0.6917149424552917,0.051741542760282755,0.004438343370566145,2.0631615798920393,61,2,8,8,False,
somethingv2,validation,133555,data/Something_data/videos_full/133555.webm,69,8,25,8,127,False,False,0.7399396300315857,0.11029479280114174,0.004438343370566145,2.0097432443872094,61,2,8,8,False,
somethingv2,validation,160816,data/Something_data/videos_full/160816.webm,69,8,25,8,56,False,True,0.5959042310714722,0.11126280901953578,0.004438343370566145,1.8975398899056017,43,2,8,8,False,
somethingv2,validation,29186,data/Something_data/videos_full/29186.webm,69,8,25,8,129,False,False,0.9169540405273438,0.07543400628492236,0.004438343370566145,1.7838903851807117,59,2,8,8,False,
somethingv2,validation,122339,data/Something_data/videos_full/122339.webm,69,8,25,8,160,False,True,0.2673678994178772,0.11652201972901821,0.004438343370566145,1.7072442257776856,59,2,8,8,False,
somethingv2,validation,193283,data/Something_data/videos_full/193283.webm,70,8,25,8,59,False,False,0.6294679641723633,0.07790508586913347,0.004438343370566145,1.5894233621656895,56,2,8,8,False,
somethingv2,validation,9806,data/Something_data/videos_full/9806.webm,70,8,25,8,16,False,False,0.27649104595184326,0.0621356931515038,0.004438343370566145,1.5102303558960557,49,2,8,8,False,
somethingv2,validation,162390,data/Something_data/videos_full/162390.webm,70,8,25,8,41,False,False,0.46994975209236145,0.07459952030330896,0.004438343370566145,1.4468355407007039,67,3,8,8,False,
somethingv2,validation,161017,data/Something_data/videos_full/161017.webm,70,8,25,8,143,False,False,0.7626282572746277,0.08031645277515054,0.004438343370566145,1.3696623500436544,59,2,8,8,False,
somethingv2,validation,20656,data/Something_data/videos_full/20656.webm,70,8,25,8,129,False,True,0.9205347895622253,0.0761402822099626,0.004438343370566145,1.2864203378558159,61,2,8,8,False,
somethingv2,validation,216846,data/Something_data/videos_full/216846.webm,70,8,25,8,61,False,False,0.35898154973983765,0.055399957578629255,0.004438343370566145,1.207758093252778,48,2,8,8,False,
somethingv2,validation,137384,data/Something_data/videos_full/137384.webm,70,8,25,8,129,False,True,0.9235346913337708,0.05616242112591863,0.004438343370566145,1.1502320328727365,62,2,8,8,False,
somethingv2,validation,212458,data/Something_data/videos_full/212458.webm,70,8,25,8,62,False,False,0.1479986011981964,0.006907651200890541,0.004438343370566145,1.0917688230983913,14,1,8,8,False,
somethingv2,validation,167506,data/Something_data/videos_full/167506.webm,70,8,25,8,125,False,False,0.987381100654602,0.04648582590743899,0.004438343370566145,1.0823176577687263,58,2,8,8,False,
somethingv2,validation,176042,data/Something_data/videos_full/176042.webm,70,8,25,8,18,False,False,0.5000165104866028,0.009194050915539265,0.004438343370566145,1.034718971233815,26,1,8,8,False,
somethingv2,validation,172589,data/Something_data/videos_full/172589.webm,70,8,25,8,143,False,True,0.356732577085495,0.06398917408660054,0.004438343370566145,1.0171840419061482,52,2,8,8,False,
somethingv2,validation,30050,data/Something_data/videos_full/30050.webm,70,8,25,8,18,False,False,0.2439144402742386,0.0797679228708148,0.004438343370566145,0.9518656558357179,48,2,8,8,False,
somethingv2,validation,88324,data/Something_data/videos_full/88324.webm,70,8,25,8,45,False,False,0.6311140060424805,0.07886762311682105,0.004438343370566145,0.8709151451475918,65,2,8,8,False,
somethingv2,validation,21156,data/Something_data/videos_full/21156.webm,70,8,25,8,19,False,False,0.6706616282463074,0.0688174800015986,0.004438343370566145,0.7906251801177859,57,2,8,8,False,
somethingv2,validation,64291,data/Something_data/videos_full/64291.webm,70,8,25,8,19,False,False,0.6328656673431396,0.007193949073553085,0.004438343370566145,0.720643661916256,29,1,8,8,False,
somethingv2,validation,43733,data/Something_data/videos_full/43733.webm,70,8,25,8,16,False,True,0.5346468091011047,0.08100246405228972,0.004438343370566145,0.7088455553166568,57,2,8,8,False,
somethingv2,validation,50150,data/Something_data/videos_full/50150.webm,70,8,25,8,41,False,False,0.9697585105895996,0.0915561718866229,0.004438343370566145,0.6250819792039692,50,2,8,8,False,
somethingv2,validation,2100,data/Something_data/videos_full/2100.webm,70,8,25,8,16,False,False,0.6852300763130188,0.09351020166650414,0.0047410150727955624,2.7784399897791445,69,3,8,8,False,
somethingv2,validation,127879,data/Something_data/videos_full/127879.webm,70,8,25,8,139,False,False,0.17900659143924713,0.07218606118112803,0.0047410150727955624,2.6834109951741993,35,2,8,8,False,
somethingv2,validation,116292,data/Something_data/videos_full/116292.webm,70,8,25,8,19,False,False,0.9864501357078552,0.08694516168907285,0.0047410150727955624,2.6093481280840933,50,2,8,8,False,
somethingv2,validation,162371,data/Something_data/videos_full/162371.webm,71,8,25,8,129,False,False,0.688952624797821,0.0859294580295682,0.0047410150727955624,2.5201893309131265,55,2,8,8,False,
somethingv2,validation,91923,data/Something_data/videos_full/91923.webm,71,8,25,8,56,False,False,0.1582704335451126,0.006918363273143768,0.0047410150727955624,2.4324522116221488,18,1,8,8,False,
somethingv2,validation,84631,data/Something_data/videos_full/84631.webm,71,8,25,8,128,False,False,0.9111344218254089,0.06876398529857397,0.0047410150727955624,2.421943779103458,60,2,8,8,False,
somethingv2,validation,84910,data/Something_data/videos_full/84910.webm,71,8,25,8,17,False,True,0.9769110083580017,0.11675157025456429,0.0047410150727955624,2.3514284598641098,62,2,8,8,False,
somethingv2,validation,38815,data/Something_data/videos_full/38815.webm,71,8,25,8,19,False,False,0.8442824482917786,0.06723399506881833,0.0047410150727955624,2.233191746287048,56,2,8,8,False,
somethingv2,validation,206752,data/Something_data/videos_full/206752.webm,71,8,25,8,56,False,False,0.2490766942501068,0.0987779051065445,0.0047410150727955624,2.164565049111843,47,2,8,8,False,
somethingv2,validation,211053,data/Something_data/videos_full/211053.webm,71,8,25,8,126,False,False,0.9810349345207214,0.11091266991570592,0.0047410150727955624,2.064682446885854,62,2,8,8,False,
somethingv2,validation,197889,data/Something_data/videos_full/197889.webm,71,8,25,8,15,False,False,0.5039516091346741,0.09379071928560734,0.0047410150727955624,1.9522967389784753,64,2,8,8,False,
somethingv2,validation,175235,data/Something_data/videos_full/175235.webm,71,8,25,8,160,False,False,0.3863529562950134,0.01136418292298913,0.0047410150727955624,1.855678186751902,71,3,8,8,False,
somethingv2,validation,40202,data/Something_data/videos_full/40202.webm,71,8,25,8,18,False,False,0.9813465476036072,0.09105629799887538,0.0047410150727955624,1.8397185481153429,45,2,8,8,False,
somethingv2,validation,23643,data/Something_data/videos_full/23643.webm,71,8,25,8,19,False,False,0.995425283908844,0.009010238107293844,0.0047410150727955624,1.7466813698410988,37,2,8,8,False,
somethingv2,validation,201999,data/Something_data/videos_full/201999.webm,71,8,25,8,128,False,False,0.9621295928955078,0.11924952734261751,0.0047410150727955624,1.7339427140541375,51,2,8,8,False,
somethingv2,validation,84989,data/Something_data/videos_full/84989.webm,71,8,25,8,134,False,False,0.6461406350135803,0.07969558797776699,0.0047410150727955624,1.6123714507557452,63,2,8,8,False,
somethingv2,validation,104588,data/Something_data/videos_full/104588.webm,71,8,25,8,160,False,False,0.8960978984832764,0.07375234877690673,0.0047410150727955624,1.5310044381767511,45,2,8,8,False,
somethingv2,validation,27166,data/Something_data/videos_full/27166.webm,71,8,25,8,125,False,False,0.8328677415847778,0.00656748516485095,0.0047410150727955624,1.4562685838900506,29,1,8,8,False,
somethingv2,validation,99099,data/Something_data/videos_full/99099.webm,71,8,25,8,19,False,False,0.9970044493675232,0.006526924669742584,0.0047410150727955624,1.44545067101717,31,1,8,8,False,
somethingv2,validation,171038,data/Something_data/videos_full/171038.webm,71,8,25,8,160,False,False,0.47872552275657654,0.10087889526039362,0.0047410150727955624,1.4343966501764953,63,2,8,8,False,
somethingv2,validation,125293,data/Something_data/videos_full/125293.webm,71,8,25,8,125,False,False,0.6183199286460876,0.06760526029393077,0.0047410150727955624,1.3319925209507346,50,2,8,8,False,
somethingv2,validation,213912,data/Something_data/videos_full/213912.webm,71,8,25,8,160,False,False,0.883913516998291,0.12597778486087918,0.0047410150727955624,1.2634683777578175,45,2,8,8,False,
somethingv2,validation,183663,data/Something_data/videos_full/183663.webm,71,8,25,8,126,False,False,0.5954189896583557,0.046722739934921265,0.0047410150727955624,1.1359284478239715,58,2,8,8,False,
somethingv2,validation,65018,data/Something_data/videos_full/65018.webm,72,8,25,8,19,False,False,0.5759207606315613,0.008865138981491327,0.0047410150727955624,1.0876164487563074,27,1,8,8,False,
somethingv2,validation,103485,data/Something_data/videos_full/103485.webm,72,8,25,8,23,False,False,0.25138601660728455,0.08486791281029582,0.0047410150727955624,1.0711019420996308,68,3,8,8,False,
somethingv2,validation,60251,data/Something_data/videos_full/60251.webm,72,8,25,8,130,False,False,0.467677503824234,0.007762029301375151,0.0047410150727955624,0.9834595574066043,28,1,8,8,False,
somethingv2,validation,122952,data/Something_data/videos_full/122952.webm,72,8,25,8,146,False,False,0.6840534210205078,0.07881370978429914,0.0047410150727955624,0.969746895134449,62,2,8,8,False,
somethingv2,validation,164849,data/Something_data/videos_full/164849.webm,72,8,25,8,125,False,False,0.392311692237854,0.12675415305420756,0.0047410150727955624,0.8883923492394388,40,2,8,8,False,
somethingv2,validation,47359,data/Something_data/videos_full/47359.webm,72,8,25,8,19,False,False,0.9986550807952881,0.04132434818893671,0.0047410150727955624,0.7593223568983376,59,2,8,8,False,
somethingv2,validation,136681,data/Something_data/videos_full/136681.webm,72,8,25,8,16,False,False,0.5905990600585938,0.07586482912302017,0.0047410150727955624,0.7169557111337781,63,2,8,8,False,
somethingv2,validation,136059,data/Something_data/videos_full/136059.webm,72,8,25,8,19,False,False,0.9392554759979248,0.040920030791312456,0.0047410150727955624,0.6396222007460892,61,2,8,8,False,
somethingv2,validation,166406,data/Something_data/videos_full/166406.webm,72,8,25,8,125,False,False,0.4232243001461029,0.05830761091783643,0.0047410150727955624,0.5977540318854153,64,2,8,8,False,
somethingv2,validation,178709,data/Something_data/videos_full/178709.webm,72,8,25,8,125,False,False,0.6622893214225769,0.0530329248867929,0.004408523062011227,3.071093204896897,60,2,8,8,False,
somethingv2,validation,69744,data/Something_data/videos_full/69744.webm,72,8,25,8,129,False,False,0.630098283290863,0.0650975457392633,0.004408523062011227,3.016514074988663,53,2,8,8,False,
somethingv2,validation,148133,data/Something_data/videos_full/148133.webm,72,8,25,8,19,False,False,0.509501039981842,0.059138908982276917,0.004408523062011227,2.950468190945685,72,3,8,8,False,
somethingv2,validation,187409,data/Something_data/videos_full/187409.webm,72,8,25,8,160,False,False,0.3364505469799042,0.10966758336871862,0.004408523062011227,2.890464996919036,41,2,8,8,False,
somethingv2,validation,219701,data/Something_data/videos_full/219701.webm,72,8,25,8,10,False,False,0.6967118978500366,0.04332815809175372,0.004408523062011227,2.7793457712978125,52,2,8,8,False,
somethingv2,validation,62078,data/Something_data/videos_full/62078.webm,72,8,25,8,131,False,False,0.27892395853996277,0.08752095373347402,0.004408523062011227,2.7350145149976015,56,2,8,8,False,
somethingv2,validation,53296,data/Something_data/videos_full/53296.webm,72,8,25,8,128,False,False,0.39911526441574097,0.13720016181468964,0.004408523062011227,2.644683579914272,57,2,8,8,False,
somethingv2,validation,61667,data/Something_data/videos_full/61667.webm,72,8,25,8,19,False,False,0.997397780418396,0.048612948041409254,0.004408523062011227,2.5053810090757906,57,2,8,8,False,
somethingv2,validation,111289,data/Something_data/videos_full/111289.webm,72,8,25,8,10,False,False,0.9244831800460815,0.05772993713617325,0.004408523062011227,2.454594978597015,64,2,8,8,False,
somethingv2,validation,31940,data/Something_data/videos_full/31940.webm,72,8,25,8,20,False,False,0.44402626156806946,0.08490797784179449,0.004408523062011227,2.394020757637918,54,2,8,8,False,
somethingv2,validation,108536,data/Something_data/videos_full/108536.webm,72,8,25,8,17,False,False,0.5139219760894775,0.048104922752827406,0.004408523062011227,2.307205350138247,64,2,8,8,False,
somethingv2,validation,92843,data/Something_data/videos_full/92843.webm,73,8,25,8,128,False,False,0.9898208379745483,0.06828083889558911,0.004408523062011227,2.2580744670704007,65,2,8,8,False,
somethingv2,validation,141735,data/Something_data/videos_full/141735.webm,73,8,25,8,126,False,False,0.604992687702179,0.09325466444715858,0.004408523062011227,2.1882765819318593,57,2,8,8,False,
somethingv2,validation,89540,data/Something_data/videos_full/89540.webm,73,8,25,8,56,False,False,0.6454706788063049,0.010032705962657928,0.004408523062011227,2.093844232149422,47,2,8,8,False,
somethingv2,validation,14280,data/Something_data/videos_full/14280.webm,73,8,25,8,127,False,False,0.6485809683799744,0.07300958503037691,0.004408523062011227,2.078789311926812,60,2,8,8,False,
somethingv2,validation,171926,data/Something_data/videos_full/171926.webm,73,8,25,8,67,False,False,0.6663416028022766,0.10204286128282547,0.004408523062011227,2.004652835894376,43,2,8,8,False,
somethingv2,validation,185519,data/Something_data/videos_full/185519.webm,73,8,25,8,19,False,False,0.9915863275527954,0.0999484402127564,0.004408523062011227,1.900464131962508,42,2,8,8,False,
somethingv2,validation,100358,data/Something_data/videos_full/100358.webm,73,8,25,8,18,False,False,0.9857564568519592,0.08906102692708373,0.004408523062011227,1.7982120988890529,51,2,8,8,False,
somethingv2,validation,113586,data/Something_data/videos_full/113586.webm,73,8,25,8,124,False,False,0.6058428287506104,0.07329984195530415,0.004408523062011227,1.7067197072319686,35,2,8,8,False,
somethingv2,validation,197466,data/Something_data/videos_full/197466.webm,73,8,25,8,129,False,False,0.9977506995201111,0.0958012412302196,0.004408523062011227,1.6319300159811974,54,2,8,8,False,
somethingv2,validation,117338,data/Something_data/videos_full/117338.webm,73,8,25,8,125,False,False,0.172475665807724,0.06349674519151449,0.004408523062011227,1.5341632030904293,36,2,8,8,False,
somethingv2,validation,154335,data/Something_data/videos_full/154335.webm,73,8,25,8,126,False,False,0.6342652440071106,0.005783224944025278,0.004408523062011227,1.4697421360760927,34,1,8,8,False,
somethingv2,validation,138625,data/Something_data/videos_full/138625.webm,73,8,25,8,19,False,True,0.6669203639030457,0.09346411004662514,0.004408523062011227,1.4573977869004011,67,3,8,8,False,
somethingv2,validation,25249,data/Something_data/videos_full/25249.webm,73,8,25,8,18,False,False,0.9510536789894104,0.08317563915625215,0.004408523062011227,1.3628462310880423,58,2,8,8,False,
somethingv2,validation,48878,data/Something_data/videos_full/48878.webm,73,8,25,8,127,False,False,0.6340258717536926,0.05537440720945597,0.004408523062011227,1.2784132082015276,56,2,8,8,False,
somethingv2,validation,67624,data/Something_data/videos_full/67624.webm,73,8,25,8,128,False,False,0.9410756230354309,0.11519085709005594,0.004408523062011227,1.2220937847159803,49,2,8,8,False,
somethingv2,validation,15776,data/Something_data/videos_full/15776.webm,73,8,25,8,126,False,False,0.4306181073188782,0.12483621714636683,0.004408523062011227,1.1046320647001266,47,2,8,8,False,
somethingv2,validation,124579,data/Something_data/videos_full/124579.webm,73,8,25,8,19,False,True,0.960622251033783,0.08135529095306993,0.004408523062011227,0.9769295826554298,57,2,8,8,False,
somethingv2,validation,29556,data/Something_data/videos_full/29556.webm,73,8,25,8,19,False,False,0.9514983296394348,0.10267133405432105,0.004408523062011227,0.8928831908851862,45,2,8,8,False,
somethingv2,validation,53234,data/Something_data/videos_full/53234.webm,73,8,25,8,59,False,False,0.21626020967960358,0.08192525105550885,0.004408523062011227,0.7882787487469614,69,3,8,8,False,
somethingv2,validation,62688,data/Something_data/videos_full/62688.webm,73,8,25,8,19,False,True,0.9475611448287964,0.09312582202255726,0.004408523062011227,0.7051539989188313,42,2,8,8,False,
somethingv2,validation,85142,data/Something_data/videos_full/85142.webm,74,8,25,8,16,False,True,0.9839347004890442,0.0649544526822865,0.004408523062011227,0.6102095413953066,52,2,8,8,False,
somethingv2,validation,81888,data/Something_data/videos_full/81888.webm,74,8,25,8,125,False,False,0.25474438071250916,0.10665479535236955,0.0048803619283717126,2.7407091450877488,52,2,8,8,False,
somethingv2,validation,130106,data/Something_data/videos_full/130106.webm,74,8,25,8,16,False,False,0.5858592391014099,0.15991169027984142,0.0048803619283717126,2.6322793648578227,60,2,8,8,False,
somethingv2,validation,186056,data/Something_data/videos_full/186056.webm,74,8,25,8,20,False,False,0.8890922665596008,0.07571383100003004,0.0048803619283717126,2.4710351661778986,46,2,8,8,False,
somethingv2,validation,107145,data/Something_data/videos_full/107145.webm,74,8,25,8,124,False,False,0.16951538622379303,0.07271454902365804,0.0048803619283717126,2.394500134047121,60,2,8,8,False,
somethingv2,validation,104708,data/Something_data/videos_full/104708.webm,74,8,25,8,16,False,False,0.9692174196243286,0.08099893387407064,0.0048803619283717126,2.3206161689013243,57,2,8,8,False,
somethingv2,validation,178462,data/Something_data/videos_full/178462.webm,74,8,25,8,16,False,False,0.45525339245796204,0.06646593008190393,0.0048803619283717126,2.238044762983918,55,2,8,8,False,
somethingv2,validation,182330,data/Something_data/videos_full/182330.webm,74,8,25,8,16,False,False,0.4450410008430481,0.07032306073233485,0.0048803619283717126,2.1696869819425046,41,2,8,8,False,
somethingv2,validation,132454,data/Something_data/videos_full/132454.webm,74,8,25,8,128,False,False,0.19548344612121582,0.04936511488631368,0.0048803619283717126,2.0973597997799516,59,2,8,8,False,
somethingv2,validation,90142,data/Something_data/videos_full/90142.webm,74,8,25,8,128,False,False,0.2812443673610687,0.0565440789796412,0.0048803619283717126,2.0456458320841193,60,2,8,8,False,
somethingv2,validation,133986,data/Something_data/videos_full/133986.webm,74,8,25,8,134,False,False,0.22435539960861206,0.005490090232342482,0.0048803619283717126,1.9868658208288252,32,1,8,8,False,
somethingv2,validation,197013,data/Something_data/videos_full/197013.webm,74,8,25,8,128,False,False,0.430312842130661,0.04282413702458143,0.0048803619283717126,1.9794607027433813,57,2,8,8,False,
somethingv2,validation,35628,data/Something_data/videos_full/35628.webm,74,8,25,8,18,False,True,0.5550972819328308,0.08732403395697474,0.0048803619283717126,1.9350206069648266,38,2,8,8,False,
somethingv2,validation,133085,data/Something_data/videos_full/133085.webm,74,8,25,8,125,False,False,0.3382677435874939,0.043204796966165304,0.0048803619283717126,1.8459922028705478,57,2,8,8,False,
somethingv2,validation,63904,data/Something_data/videos_full/63904.webm,74,8,25,8,134,False,False,0.1949702799320221,0.0772651550360024,0.0048803619283717126,1.8016419867053628,49,2,8,8,False,
somethingv2,validation,171224,data/Something_data/videos_full/171224.webm,74,8,25,8,20,False,True,0.43508458137512207,0.06979516986757517,0.0048803619283717126,1.723130608908832,52,2,8,8,False,
somethingv2,validation,16776,data/Something_data/videos_full/16776.webm,74,8,25,8,128,False,False,0.368340402841568,0.04633631510660052,0.0048803619283717126,1.651933799032122,55,2,8,8,False,
somethingv2,validation,33241,data/Something_data/videos_full/33241.webm,74,8,25,8,23,False,False,0.27020522952079773,0.05531539395451546,0.0048803619283717126,1.6044810716994107,50,2,8,8,False,
somethingv2,validation,1042,data/Something_data/videos_full/1042.webm,74,8,25,8,128,False,False,0.7836767435073853,0.05674614803865552,0.0048803619283717126,1.5480701550841331,61,2,8,8,False,
somethingv2,validation,135547,data/Something_data/videos_full/135547.webm,74,8,25,8,125,False,False,0.32003921270370483,0.05659322999417782,0.0048803619283717126,1.4903617911040783,58,2,8,8,False,
somethingv2,validation,175216,data/Something_data/videos_full/175216.webm,75,8,25,8,145,False,False,0.9225870370864868,0.10367455100640655,0.0048803619283717126,1.4315633527003229,51,2,8,8,False,
somethingv2,validation,17119,data/Something_data/videos_full/17119.webm,75,8,25,8,15,False,False,0.780823290348053,0.0843322379514575,0.0048803619283717126,1.326131435111165,57,2,8,8,False,
somethingv2,validation,186875,data/Something_data/videos_full/186875.webm,75,8,25,8,20,False,False,0.28742584586143494,0.07769621908664703,0.0048803619283717126,1.2394377700984478,58,2,8,8,False,
somethingv2,validation,159995,data/Something_data/videos_full/159995.webm,75,8,25,8,127,False,False,0.7829980850219727,0.02308197831735015,0.0048803619283717126,1.1596017493866384,53,2,8,8,False,
somethingv2,validation,28832,data/Something_data/videos_full/28832.webm,75,8,25,8,19,False,False,0.9043194055557251,0.05681328382343054,0.0048803619283717126,1.1351472651585937,49,2,8,8,False,
somethingv2,validation,208953,data/Something_data/videos_full/208953.webm,75,8,25,8,129,False,False,0.9986559152603149,0.08272557007148862,0.0048803619283717126,1.0772970160469413,56,2,8,8,False,
somethingv2,validation,174210,data/Something_data/videos_full/174210.webm,75,8,25,8,125,False,False,0.630702793598175,0.08439918980002403,0.0048803619283717126,0.9931391761638224,56,2,8,8,False,
somethingv2,validation,159929,data/Something_data/videos_full/159929.webm,75,8,25,8,19,False,False,0.446067214012146,0.04097660072147846,0.0048803619283717126,0.9076831508427858,53,2,8,8,False,
somethingv2,validation,179655,data/Something_data/videos_full/179655.webm,75,8,25,8,20,False,False,0.9824522733688354,0.08020028192549944,0.0048803619283717126,0.8655455866828561,57,2,8,8,False,
somethingv2,validation,81191,data/Something_data/videos_full/81191.webm,75,8,25,8,129,False,False,0.9984960556030273,0.08938678400591016,0.0048803619283717126,0.7843692470341921,57,2,8,8,False,
somethingv2,validation,83655,data/Something_data/videos_full/83655.webm,75,8,25,8,135,False,False,0.20335383713245392,0.00932337623089552,0.0048803619283717126,0.6925705741159618,33,1,8,8,False,
somethingv2,validation,204196,data/Something_data/videos_full/204196.webm,75,8,25,8,127,False,False,0.6908672451972961,0.06868683965876698,0.0048803619283717126,0.6769104963168502,59,2,8,8,False,
somethingv2,validation,17115,data/Something_data/videos_full/17115.webm,75,8,25,8,16,False,False,0.5031728744506836,0.059563595335930586,0.0048803619283717126,0.6060341880656779,52,2,8,8,False,
somethingv2,validation,218172,data/Something_data/videos_full/218172.webm,75,8,25,8,128,False,False,0.9893280863761902,0.06030209781602025,0.004702899343101308,2.4904334121383727,51,2,8,8,False,
somethingv2,validation,183304,data/Something_data/videos_full/183304.webm,75,8,25,8,20,False,False,0.66045743227005,0.07999781100079417,0.004702899343101308,2.42914567515254,55,2,8,8,False,
somethingv2,validation,54561,data/Something_data/videos_full/54561.webm,75,8,25,8,16,False,False,0.3077271282672882,0.007763647940009832,0.004702899343101308,2.346505220979452,28,1,8,8,False,
somethingv2,validation,188748,data/Something_data/videos_full/188748.webm,75,8,25,8,160,False,False,0.2861066460609436,0.010056229308247566,0.004702899343101308,2.3319850931875408,69,3,8,8,False,
somethingv2,validation,7675,data/Something_data/videos_full/7675.webm,75,8,25,8,67,False,False,0.8476158976554871,0.06766191078349948,0.004702899343101308,2.3171456740237772,59,2,8,8,False,
somethingv2,validation,8356,data/Something_data/videos_full/8356.webm,75,8,25,8,125,False,False,0.5737277865409851,0.06793575501069427,0.004702899343101308,2.247166657820344,57,2,8,8,False,
somethingv2,validation,107984,data/Something_data/videos_full/107984.webm,75,8,25,8,16,False,False,0.41441842913627625,0.006678407080471516,0.004702899343101308,2.177218795288354,34,1,8,8,False,
somethingv2,validation,195189,data/Something_data/videos_full/195189.webm,76,8,25,8,130,False,False,0.253927081823349,0.008096994366496801,0.004702899343101308,2.1633912469260395,30,1,8,8,False,
somethingv2,validation,44698,data/Something_data/videos_full/44698.webm,76,8,25,8,18,False,False,0.9871736764907837,0.0678718090057373,0.004702899343101308,2.147553934250027,52,2,8,8,False,
somethingv2,validation,117935,data/Something_data/videos_full/117935.webm,76,8,25,8,127,False,False,0.7901855111122131,0.053468127734959126,0.004702899343101308,2.0783500936813653,59,2,8,8,False,
somethingv2,validation,177468,data/Something_data/videos_full/177468.webm,76,8,25,8,127,False,False,0.917708694934845,0.05499248905107379,0.004702899343101308,2.0236980952322483,59,2,8,8,False,
somethingv2,validation,33885,data/Something_data/videos_full/33885.webm,76,8,25,8,128,False,False,0.7689616680145264,0.05942373117431998,0.004702899343101308,1.967767777852714,48,2,8,8,False,
somethingv2,validation,149570,data/Something_data/videos_full/149570.webm,76,8,25,8,30,False,False,0.48941388726234436,0.07242630515247583,0.004702899343101308,1.9073191690258682,49,2,8,8,False,
somethingv2,validation,216157,data/Something_data/videos_full/216157.webm,76,8,25,8,127,False,False,0.8024514317512512,0.06694896100088954,0.004702899343101308,1.8337849820964038,59,2,8,8,False,
somethingv2,validation,128360,data/Something_data/videos_full/128360.webm,76,8,25,8,19,False,False,0.5967928767204285,0.011409258004277945,0.004702899343101308,1.7656102878972888,50,2,8,8,False,
somethingv2,validation,220495,data/Something_data/videos_full/220495.webm,76,8,25,8,19,False,False,0.6006584167480469,0.06526631815358996,0.004702899343101308,1.7472371221520007,65,2,8,8,False,
somethingv2,validation,49307,data/Something_data/videos_full/49307.webm,76,8,25,8,18,False,False,0.5421304106712341,0.07981859426945448,0.004702899343101308,1.680927915032953,39,2,8,8,False,
somethingv2,validation,180629,data/Something_data/videos_full/180629.webm,76,8,25,8,125,False,False,0.9963326454162598,0.06237145373597741,0.004702899343101308,1.5986951431259513,56,2,8,8,False,
somethingv2,validation,60039,data/Something_data/videos_full/60039.webm,76,8,25,8,100,False,False,0.7539525628089905,0.049925995990633965,0.004702899343101308,1.5336209619417787,38,2,8,8,False,
somethingv2,validation,83530,data/Something_data/videos_full/83530.webm,76,8,25,8,125,False,False,0.4869721233844757,0.0762070999480784,0.004702899343101308,1.4823036212474108,64,2,8,8,False,
somethingv2,validation,139696,data/Something_data/videos_full/139696.webm,76,8,25,8,19,False,False,0.7285704016685486,0.09406186966225505,0.004702899343101308,1.404155442956835,58,2,8,8,False,
somethingv2,validation,207083,data/Something_data/videos_full/207083.webm,76,8,25,8,18,False,False,0.25810831785202026,0.07286054221913218,0.004702899343101308,1.3080810443498194,65,2,8,8,False,
somethingv2,validation,142911,data/Something_data/videos_full/142911.webm,76,8,25,8,118,False,True,0.37450310587882996,0.04930388601496816,0.004702899343101308,1.2338229049928486,46,2,8,8,False,
somethingv2,validation,165923,data/Something_data/videos_full/165923.webm,76,8,25,8,154,False,False,0.47438907623291016,0.07041898742318153,0.004702899343101308,1.1836028890684247,59,2,8,8,False,
somethingv2,validation,76926,data/Something_data/videos_full/76926.webm,76,8,25,8,133,False,False,0.3451779782772064,0.09895569924265146,0.004702899343101308,1.112168492283672,47,2,8,8,False,
somethingv2,validation,129948,data/Something_data/videos_full/129948.webm,77,8,25,8,145,False,False,0.5983392596244812,0.10893345018848777,0.004702899343101308,1.0117505379021168,38,2,8,8,False,
somethingv2,validation,152741,data/Something_data/videos_full/152741.webm,77,8,25,8,129,False,False,0.8858664035797119,0.08895036671310663,0.004702899343101308,0.9014038611203432,59,2,8,8,False,
somethingv2,validation,156507,data/Something_data/videos_full/156507.webm,77,8,25,8,127,False,False,0.8803608417510986,0.052972173783928156,0.004702899343101308,0.8103205859661102,50,2,8,8,False,
somethingv2,validation,185396,data/Something_data/videos_full/185396.webm,77,8,25,8,19,False,False,0.10485472530126572,0.06577493157237768,0.004702899343101308,0.7552710869349539,48,2,8,8,False,
somethingv2,validation,33562,data/Something_data/videos_full/33562.webm,77,8,25,8,11,False,False,0.49772876501083374,0.04647675761952996,0.004702899343101308,0.6873019831255078,46,2,8,8,False,
somethingv2,validation,49431,data/Something_data/videos_full/49431.webm,77,8,25,8,51,False,True,0.4497298300266266,0.06364977266639471,0.004702899343101308,0.6390266888774931,54,2,8,8,False,
somethingv2,validation,199978,data/Something_data/videos_full/199978.webm,77,8,25,8,126,False,False,0.6845384240150452,0.0088441027328372,0.004702899343101308,0.5730950850993395,26,1,8,8,False,
somethingv2,validation,98600,data/Something_data/videos_full/98600.webm,77,8,25,8,130,False,False,0.8055355548858643,0.07684169337153435,0.004710054025053978,2.497109957970679,52,2,8,8,False,
somethingv2,validation,149425,data/Something_data/videos_full/149425.webm,77,8,25,8,16,False,False,0.5113126039505005,0.08820598991587758,0.004710054025053978,2.4180395980365574,60,2,8,8,False,
somethingv2,validation,205025,data/Something_data/videos_full/205025.webm,77,8,25,8,130,False,False,0.4598250091075897,0.09870489221066236,0.004710054025053978,2.327683567069471,50,2,8,8,False,
somethingv2,validation,76914,data/Something_data/videos_full/76914.webm,77,8,25,8,129,False,False,0.48119819164276123,0.08135909400880337,0.004710054025053978,2.2270005266182125,60,2,8,8,False,
somethingv2,validation,16913,data/Something_data/videos_full/16913.webm,77,8,25,8,123,False,True,0.3213758170604706,0.059269352350384,0.004710054025053978,2.144600862171501,41,2,8,8,False,
somethingv2,validation,83617,data/Something_data/videos_full/83617.webm,77,8,25,8,16,False,False,0.5060514807701111,0.07389433169737458,0.004710054025053978,2.0842150482349098,36,2,8,8,False,
somethingv2,validation,186712,data/Something_data/videos_full/186712.webm,77,8,25,8,59,False,False,0.1980287730693817,0.08079247223213315,0.004710054025053978,2.009512512013316,41,2,8,8,False,
somethingv2,validation,183894,data/Something_data/videos_full/183894.webm,77,8,25,8,130,False,False,0.7128807306289673,0.08892440097406507,0.004710054025053978,1.9274593577720225,67,3,8,8,False,
somethingv2,validation,120796,data/Something_data/videos_full/120796.webm,77,8,25,8,16,False,False,0.9496649503707886,0.005615777336061001,0.004710054025053978,1.8370698327198625,31,1,8,8,False,
somethingv2,validation,61986,data/Something_data/videos_full/61986.webm,77,8,25,8,127,False,False,0.5405607223510742,0.06821656180545688,0.004710054025053978,1.8265420133247972,58,2,8,8,False,
somethingv2,validation,172112,data/Something_data/videos_full/172112.webm,77,8,25,8,135,False,False,0.06545248627662659,0.007767723873257637,0.004710054025053978,1.7559844362549484,27,1,8,8,False,
somethingv2,validation,119449,data/Something_data/videos_full/119449.webm,77,8,25,8,20,False,False,0.3015514314174652,0.05472784722223878,0.004710054025053978,1.7372418479062617,62,2,8,8,False,
somethingv2,validation,74812,data/Something_data/videos_full/74812.webm,77,8,25,8,128,False,False,0.41167154908180237,0.06546025164425373,0.004710054025053978,1.679581772070378,59,2,8,8,False,
somethingv2,validation,81176,data/Something_data/videos_full/81176.webm,78,8,25,8,125,False,False,0.5956894755363464,0.0059853531420230865,0.004710054025053978,1.6123028481379151,20,1,8,8,False,
somethingv2,validation,32384,data/Something_data/videos_full/32384.webm,78,8,25,8,101,False,False,0.6156103014945984,0.14059906732290983,0.004710054025053978,1.6032512970268726,53,2,8,8,False,
somethingv2,validation,158352,data/Something_data/videos_full/158352.webm,78,8,25,8,78,True,True,0.42471006512641907,0.11083210818469524,0.004710054025053978,1.460905130021274,52,2,8,8,False,
somethingv2,validation,142675,data/Something_data/videos_full/142675.webm,78,8,25,8,160,False,False,0.384931355714798,0.005798658821731806,0.004710054025053978,1.3488265369087458,33,1,8,8,False,
somethingv2,validation,98582,data/Something_data/videos_full/98582.webm,78,8,25,8,160,False,False,0.3997381925582886,0.07764939172193408,0.004710054025053978,1.338003998156637,64,2,8,8,False,
somethingv2,validation,44929,data/Something_data/videos_full/44929.webm,78,8,25,8,56,False,False,0.5986375212669373,0.03417568281292915,0.004710054025053978,1.2585338242352009,51,2,8,8,False,
somethingv2,validation,168243,data/Something_data/videos_full/168243.webm,78,8,25,8,49,False,False,0.7451155185699463,0.0051245312206447124,0.004710054025053978,1.2233495600521564,27,1,8,8,False,
somethingv2,validation,19383,data/Something_data/videos_full/19383.webm,78,8,25,8,160,False,False,0.35418668389320374,0.04749813908711076,0.004710054025053978,1.2146615628153086,36,2,8,8,False,
somethingv2,validation,162991,data/Something_data/videos_full/162991.webm,78,8,25,8,20,False,False,0.5061644911766052,0.00631310511380434,0.004710054025053978,1.1662036059424281,28,1,8,8,False,
somethingv2,validation,191146,data/Something_data/videos_full/191146.webm,78,8,25,8,20,False,False,0.6465957164764404,0.009431440383195877,0.004710054025053978,1.1539672948420048,32,1,8,8,False,
somethingv2,validation,160059,data/Something_data/videos_full/160059.webm,78,8,25,8,59,False,False,0.20028145611286163,0.0472485302016139,0.004710054025053978,1.1373752178624272,48,2,8,8,False,
somethingv2,validation,194936,data/Something_data/videos_full/194936.webm,78,8,25,8,56,False,False,0.8783315420150757,0.07699595205485821,0.004710054025053978,1.0879152682609856,57,2,8,8,False,
somethingv2,validation,34615,data/Something_data/videos_full/34615.webm,78,8,25,8,63,False,True,0.1425469070672989,0.12478338880464435,0.004710054025053978,1.0082448329776525,68,3,8,8,False,
somethingv2,validation,59065,data/Something_data/videos_full/59065.webm,78,8,25,8,18,False,False,0.11822080612182617,0.007924589794129133,0.004710054025053978,0.8822142891585827,49,2,8,8,False,
somethingv2,validation,76039,data/Something_data/videos_full/76039.webm,78,8,25,8,18,False,False,0.7018849849700928,0.06218943698331714,0.004710054025053978,0.8703205692581832,62,2,8,8,False,
somethingv2,validation,132975,data/Something_data/videos_full/132975.webm,78,8,25,8,130,False,False,0.7803000807762146,0.08104687696322799,0.004710054025053978,0.806547150015831,57,2,8,8,False,
somethingv2,validation,122313,data/Something_data/videos_full/122313.webm,78,8,25,8,100,False,False,0.3381275236606598,0.059988758992403746,0.004710054025053978,0.7239821213297546,54,2,8,8,False,
somethingv2,validation,195248,data/Something_data/videos_full/195248.webm,78,8,25,8,16,False,False,0.5720847845077515,0.09575746394693851,0.004710054025053978,0.6627089660614729,64,2,8,8,False,
somethingv2,validation,122706,data/Something_data/videos_full/122706.webm,78,8,25,8,56,False,False,0.29077184200286865,0.005462299101054668,0.004710054025053978,0.5655959099531174,32,1,8,8,False,
somethingv2,validation,506,data/Something_data/videos_full/506.webm,78,8,25,8,15,False,False,0.8631889224052429,0.0786268301308155,0.004744279096485116,2.838489205110818,56,2,8,8,False,
somethingv2,validation,132025,data/Something_data/videos_full/132025.webm,79,8,25,8,127,False,False,0.4832196533679962,0.07866578130051494,0.004744279096485116,2.758628170005977,58,2,8,8,False,
somethingv2,validation,166346,data/Something_data/videos_full/166346.webm,79,8,25,8,20,False,False,0.9341903328895569,0.07667851401492953,0.004744279096485116,2.6786309629678726,59,2,8,8,False,
somethingv2,validation,168327,data/Something_data/videos_full/168327.webm,79,8,25,8,129,False,False,0.8644199967384338,0.06128285685554147,0.004744279096485116,2.6003829641267657,64,2,8,8,False,
somethingv2,validation,202743,data/Something_data/videos_full/202743.webm,79,8,25,8,79,True,True,0.6857828497886658,0.05072525795549154,0.004744279096485116,2.537957831751555,58,2,8,8,False,
somethingv2,validation,78430,data/Something_data/videos_full/78430.webm,79,8,25,8,16,False,False,0.7941586375236511,0.034564936067909,0.004744279096485116,2.486000054050237,42,2,8,8,False,
somethingv2,validation,41671,data/Something_data/videos_full/41671.webm,79,8,25,8,129,False,False,0.4473830759525299,0.08505798829719424,0.004744279096485116,2.45018815388903,64,2,8,8,False,
somethingv2,validation,157784,data/Something_data/videos_full/157784.webm,79,8,25,8,160,False,False,0.6000773906707764,0.07152695627883077,0.004744279096485116,2.3620792319998145,45,2,8,8,False,
somethingv2,validation,26580,data/Something_data/videos_full/26580.webm,79,8,25,8,19,False,False,0.8723572492599487,0.0064112101681530476,0.004744279096485116,2.2891197856515646,29,1,8,8,False,
somethingv2,validation,202832,data/Something_data/videos_full/202832.webm,79,8,25,8,79,True,True,0.9641969799995422,0.04733846615999937,0.004744279096485116,2.280660919845104,50,2,8,8,False,
somethingv2,validation,49215,data/Something_data/videos_full/49215.webm,79,8,25,8,8,False,True,0.8001886606216431,0.10647573880851269,0.004744279096485116,2.230893087107688,68,3,8,8,False,
somethingv2,validation,220027,data/Something_data/videos_full/220027.webm,79,8,25,8,130,False,False,0.23758749663829803,0.09330385597422719,0.004744279096485116,2.122467078268528,69,3,8,8,False,
somethingv2,validation,114878,data/Something_data/videos_full/114878.webm,79,8,25,8,15,False,False,0.6602063179016113,0.07925151800736785,0.004744279096485116,2.0270359171554446,48,2,8,8,False,
somethingv2,validation,50639,data/Something_data/videos_full/50639.webm,79,8,25,8,56,False,False,0.8019516468048096,0.06362859113141894,0.004744279096485116,1.9464393840171397,60,2,8,8,False,
somethingv2,validation,137576,data/Something_data/videos_full/137576.webm,79,8,25,8,125,False,False,0.3224053382873535,0.08265120396390557,0.004744279096485116,1.8818051642738283,55,2,8,8,False,
somethingv2,validation,137679,data/Something_data/videos_full/137679.webm,79,8,25,8,130,False,False,0.8103832602500916,0.08429702231660485,0.004744279096485116,1.7979288278147578,47,2,8,8,False,
somethingv2,validation,206974,data/Something_data/videos_full/206974.webm,79,8,25,8,142,False,False,0.27284443378448486,0.06474608276039362,0.004744279096485116,1.7121137101203203,49,2,8,8,False,
somethingv2,validation,144685,data/Something_data/videos_full/144685.webm,79,8,25,8,30,False,False,0.5433580279350281,0.07919460395351052,0.004744279096485116,1.6453241650015116,39,2,8,8,False,
somethingv2,validation,39471,data/Something_data/videos_full/39471.webm,79,8,25,8,160,False,False,0.94233238697052,0.15772663988173008,0.004744279096485116,1.5637544682249427,55,2,8,8,False,
somethingv2,validation,31366,data/Something_data/videos_full/31366.webm,79,8,25,8,20,False,True,0.4525255262851715,0.05487227812409401,0.004744279096485116,1.4038387993350625,64,2,8,8,False,
somethingv2,validation,130623,data/Something_data/videos_full/130623.webm,79,8,25,8,67,False,False,0.3249598443508148,0.11444878624752164,0.004744279096485116,1.3471751557663083,68,3,8,8,False,
somethingv2,validation,171583,data/Something_data/videos_full/171583.webm,80,8,25,8,80,True,True,0.5022404789924622,0.07396361231803894,0.004744279096485116,1.2316654226742685,50,2,8,8,False,
somethingv2,validation,157303,data/Something_data/videos_full/157303.webm,80,8,25,8,16,False,True,0.4754467308521271,0.12097628321498632,0.004744279096485116,1.1563519537448883,40,2,8,8,False,
somethingv2,validation,161872,data/Something_data/videos_full/161872.webm,80,8,25,8,18,False,True,0.7890897393226624,0.06197001738473773,0.004744279096485116,1.033762221224606,40,2,8,8,False,
somethingv2,validation,112465,data/Something_data/videos_full/112465.webm,80,8,25,8,16,False,True,0.41770637035369873,0.05932988366112113,0.004744279096485116,0.9704888639971614,53,2,8,8,False,
somethingv2,validation,67844,data/Something_data/videos_full/67844.webm,80,8,25,8,16,False,False,0.48057249188423157,0.09186886716634035,0.004744279096485116,0.9096876149997115,36,2,8,8,False,
somethingv2,validation,220782,data/Something_data/videos_full/220782.webm,80,8,25,8,16,False,True,0.7764666676521301,0.07719998015090823,0.004744279096485116,0.81598164094612,51,2,8,8,False,
somethingv2,validation,198300,data/Something_data/videos_full/198300.webm,80,8,25,8,16,False,False,0.738763153553009,0.011985883582383394,0.004744279096485116,0.7367013907060027,36,2,8,8,False,
somethingv2,validation,699,data/Something_data/videos_full/699.webm,80,8,25,8,16,False,True,0.7853068113327026,0.007952077779918909,0.004744279096485116,0.7187661067582667,46,2,8,8,False,
somethingv2,validation,22763,data/Something_data/videos_full/22763.webm,80,8,25,8,18,False,False,0.9102603197097778,0.04106493713334203,0.004744279096485116,0.7057683146558702,60,2,8,8,False,
somethingv2,validation,57027,data/Something_data/videos_full/57027.webm,80,8,25,8,80,True,True,0.14692902565002441,0.07812853064388037,0.004744279096485116,0.6627997709438205,61,2,8,8,False,
somethingv2,validation,186675,data/Something_data/videos_full/186675.webm,80,8,25,8,16,False,True,0.7119465470314026,0.041584566701203585,0.004744279096485116,0.5826383326202631,50,2,8,8,False,
somethingv2,validation,138379,data/Something_data/videos_full/138379.webm,80,8,25,8,20,False,True,0.6232327222824097,0.10039558727294207,0.004431979250512086,2.874910295009613,54,2,8,8,False,
somethingv2,validation,143502,data/Something_data/videos_full/143502.webm,80,8,25,8,16,False,False,0.592831552028656,0.08459410583600402,0.004431979250512086,2.7727060220204294,58,2,8,8,False,
somethingv2,validation,128508,data/Something_data/videos_full/128508.webm,80,8,25,8,16,False,True,0.9714927673339844,0.09027537982910872,0.004431979250512086,2.6865754672326148,61,2,8,8,False,
somethingv2,validation,167147,data/Something_data/videos_full/167147.webm,80,8,25,8,143,False,True,0.5243746638298035,0.09119224874302745,0.004431979250512086,2.5946939582936466,46,2,8,8,False,
somethingv2,validation,96942,data/Something_data/videos_full/96942.webm,80,8,25,8,143,False,True,0.5026641488075256,0.08160789497196674,0.004431979250512086,2.502137986011803,61,2,8,8,False,
somethingv2,validation,136140,data/Something_data/videos_full/136140.webm,80,8,25,8,127,False,False,0.4930541217327118,0.08282437501475215,0.004431979250512086,2.418945671990514,64,2,8,8,False,
somethingv2,validation,178666,data/Something_data/videos_full/178666.webm,80,8,25,8,16,False,True,0.43573516607284546,0.048566825222224,0.004431979250512086,2.335130248218775,55,2,8,8,False,
somethingv2,validation,145051,data/Something_data/videos_full/145051.webm,80,8,25,8,16,False,True,0.5132689476013184,0.008936664089560509,0.004431979250512086,2.2846215898171067,63,2,8,8,False,
somethingv2,validation,50912,data/Something_data/videos_full/50912.webm,80,8,25,8,143,False,True,0.4320550858974457,0.07628383301198483,0.004431979250512086,2.2713926532305777,50,2,8,8,False,
somethingv2,validation,189363,data/Something_data/videos_full/189363.webm,81,8,25,8,125,False,False,0.2964777648448944,0.10482105100527406,0.004431979250512086,2.192911885678768,50,2,8,8,False,
somethingv2,validation,129105,data/Something_data/videos_full/129105.webm,81,8,25,8,127,False,False,0.40998372435569763,0.007657238282263279,0.004431979250512086,2.0860182740725577,23,1,8,8,False,
somethingv2,validation,144377,data/Something_data/videos_full/144377.webm,81,8,25,8,20,False,False,0.5077539682388306,0.09131045872345567,0.004431979250512086,2.071761076338589,41,2,8,8,False,
somethingv2,validation,177407,data/Something_data/videos_full/177407.webm,81,8,25,8,56,False,False,0.39951851963996887,0.009299144148826599,0.004431979250512086,1.9782900321297348,31,1,8,8,False,
somethingv2,validation,30564,data/Something_data/videos_full/30564.webm,81,8,25,8,160,False,False,0.4043029248714447,0.06772403186187148,0.004431979250512086,1.9631567159667611,39,2,8,8,False,
somethingv2,validation,91170,data/Something_data/videos_full/91170.webm,81,8,25,8,16,False,False,0.37235233187675476,0.005895146168768406,0.004431979250512086,1.8942542406730354,30,1,8,8,False,
somethingv2,validation,17440,data/Something_data/videos_full/17440.webm,81,8,25,8,100,False,False,0.5252041816711426,0.05855812598019838,0.004431979250512086,1.882281354162842,50,2,8,8,False,
somethingv2,validation,153840,data/Something_data/videos_full/153840.webm,81,8,25,8,56,False,False,0.5706028938293457,0.08364494936540723,0.004431979250512086,1.822769733145833,47,2,8,8,False,
somethingv2,validation,201597,data/Something_data/videos_full/201597.webm,81,8,25,8,18,False,False,0.36479637026786804,0.0961475376971066,0.004431979250512086,1.7381155607290566,55,2,8,8,False,
somethingv2,validation,138146,data/Something_data/videos_full/138146.webm,81,8,25,8,143,False,False,0.5431026816368103,0.12229567300528288,0.004431979250512086,1.6408611591905355,68,3,8,8,False,
somethingv2,validation,18593,data/Something_data/videos_full/18593.webm,81,8,25,8,100,False,False,0.39998096227645874,0.10026012174785137,0.004431979250512086,1.5163627271540463,57,2,8,8,False,
somethingv2,validation,133414,data/Something_data/videos_full/133414.webm,81,8,25,8,125,False,False,0.7934215664863586,0.06741423904895782,0.004431979250512086,1.4137194100767374,54,2,8,8,False,
somethingv2,validation,109563,data/Something_data/videos_full/109563.webm,81,8,25,8,100,False,False,0.5533387660980225,0.12928948178887367,0.004431979250512086,1.3445817651227117,38,2,8,8,False,
somethingv2,validation,63317,data/Something_data/videos_full/63317.webm,81,8,25,8,18,False,False,0.8807310461997986,0.07877733698114753,0.004431979250512086,1.2131749261170626,42,2,8,8,False,
somethingv2,validation,76402,data/Something_data/videos_full/76402.webm,81,8,25,8,19,False,False,0.7087899446487427,0.012467203196138144,0.004431979250512086,1.1331774881109595,64,2,8,8,False,
somethingv2,validation,206083,data/Something_data/videos_full/206083.webm,81,8,25,8,160,False,False,0.5741215944290161,0.1379481079056859,0.004431979250512086,1.11539839906618,42,2,8,8,False,
somethingv2,validation,93739,data/Something_data/videos_full/93739.webm,81,8,25,8,127,False,False,0.3631162941455841,0.006329729221761227,0.004431979250512086,0.9758163588121533,31,1,8,8,False,
somethingv2,validation,132149,data/Something_data/videos_full/132149.webm,81,8,25,8,56,False,False,0.43490898609161377,0.05860424693673849,0.004431979250512086,0.9646582868881524,52,2,8,8,False,
somethingv2,validation,46708,data/Something_data/videos_full/46708.webm,81,8,25,8,56,False,False,0.6671765446662903,0.11711386824026704,0.004431979250512086,0.9050436760298908,39,2,8,8,False,
somethingv2,validation,191977,data/Something_data/videos_full/191977.webm,81,8,25,8,67,False,True,0.8003876805305481,0.06834308104589581,0.004431979250512086,0.7865000101737678,55,2,8,8,False,
somethingv2,validation,34647,data/Something_data/videos_full/34647.webm,82,8,25,8,66,False,False,0.40798360109329224,0.0887541719712317,0.004431979250512086,0.7160768560133874,47,2,8,8,False,
somethingv2,validation,46649,data/Something_data/videos_full/46649.webm,82,8,25,8,143,False,False,0.5330725908279419,0.0068327211774885654,0.004431979250512086,0.6245014928281307,24,1,8,8,False,
somethingv2,validation,125294,data/Something_data/videos_full/125294.webm,82,8,25,8,127,False,False,0.6941256523132324,0.07080675382167101,0.004431979250512086,0.6150364079512656,45,2,8,8,False,
somethingv2,validation,179509,data/Something_data/videos_full/179509.webm,82,8,25,8,67,False,False,0.5052973628044128,0.08245534123852849,0.004339758408605121,2.745323863811791,44,2,8,8,False,
somethingv2,validation,15725,data/Something_data/videos_full/15725.webm,82,8,25,8,127,False,False,0.8781075477600098,0.056037058122456074,0.004339758408605121,2.6605110447853804,60,2,8,8,False,
somethingv2,validation,179150,data/Something_data/videos_full/179150.webm,82,8,25,8,130,False,False,0.08921252191066742,0.007918910589069128,0.004339758408605121,2.6029823650605977,34,1,8,8,False,
somethingv2,validation,164039,data/Something_data/videos_full/164039.webm,82,8,25,8,160,False,False,0.5489275455474854,0.08143120724707842,0.004339758408605121,2.5878034802153707,47,2,8,8,False,
somethingv2,validation,204375,data/Something_data/videos_full/204375.webm,82,8,25,8,125,False,False,0.9681339859962463,0.04587713582441211,0.004339758408605121,2.5044764108024538,61,2,8,8,False,
somethingv2,validation,36967,data/Something_data/videos_full/36967.webm,82,8,25,8,46,False,False,0.9152549505233765,0.06546281604096293,0.004339758408605121,2.4568247916176915,70,3,8,8,False,
somethingv2,validation,62253,data/Something_data/videos_full/62253.webm,82,8,25,8,20,False,False,0.35251280665397644,0.09200164722278714,0.004339758408605121,2.3902496537193656,49,2,8,8,False,
somethingv2,validation,128376,data/Something_data/videos_full/128376.webm,82,8,25,8,160,False,False,0.6389943361282349,0.08841714216396213,0.004339758408605121,2.2970975399948657,72,3,8,8,False,
somethingv2,validation,1584,data/Something_data/videos_full/1584.webm,82,8,25,8,130,False,False,0.9629703164100647,0.07230145577341318,0.004339758408605121,2.2076165131293237,51,2,8,8,False,
somethingv2,validation,183003,data/Something_data/videos_full/183003.webm,82,8,25,8,124,False,False,0.2621707022190094,0.03644776809960604,0.004339758408605121,2.1339781787246466,64,2,8,8,False,
somethingv2,validation,128418,data/Something_data/videos_full/128418.webm,82,8,25,8,128,False,False,0.4875909388065338,0.060243602842092514,0.004339758408605121,2.0967782707884908,52,2,8,8,False,
somethingv2,validation,202675,data/Something_data/videos_full/202675.webm,82,8,25,8,66,False,True,0.6902764439582825,0.09293093392625451,0.004339758408605121,2.035477541387081,40,2,8,8,False,
somethingv2,validation,214876,data/Something_data/videos_full/214876.webm,82,8,25,8,67,False,False,0.3049260377883911,0.06568643683567643,0.004339758408605121,1.9402518160641193,38,2,8,8,False,
somethingv2,validation,8957,data/Something_data/videos_full/8957.webm,82,8,25,8,127,False,False,0.3595883250236511,0.06048042234033346,0.004339758408605121,1.8725708979181945,47,2,8,8,False,
somethingv2,validation,62755,data/Something_data/videos_full/62755.webm,82,8,25,8,56,False,False,0.5073096752166748,0.0675877658650279,0.004339758408605121,1.8104213122278452,51,2,8,8,False,
somethingv2,validation,124418,data/Something_data/videos_full/124418.webm,82,8,25,8,79,False,False,0.3819311857223511,0.0827541989274323,0.004339758408605121,1.7412416189908981,54,2,8,8,False,
somethingv2,validation,215258,data/Something_data/videos_full/215258.webm,82,8,25,8,160,False,False,0.5872491598129272,0.10753138223662972,0.004339758408605121,1.6563875637948513,47,2,8,8,False,
somethingv2,validation,159601,data/Something_data/videos_full/159601.webm,83,8,25,8,16,False,False,0.5959270596504211,0.0058342390693724155,0.004339758408605121,1.5477240621112287,15,1,8,8,False,
somethingv2,validation,7055,data/Something_data/videos_full/7055.webm,83,8,25,8,154,False,False,0.18179050087928772,0.05236086016520858,0.004339758408605121,1.5395462228916585,51,2,8,8,False,
somethingv2,validation,20773,data/Something_data/videos_full/20773.webm,83,8,25,8,19,False,False,0.9450854659080505,0.08679375890642405,0.004339758408605121,1.4863825030624866,38,2,8,8,False,
somethingv2,validation,29283,data/Something_data/videos_full/29283.webm,83,8,25,8,19,False,True,0.3807273805141449,0.04833053192123771,0.004339758408605121,1.3980335970409214,49,2,8,8,False,
somethingv2,validation,12699,data/Something_data/videos_full/12699.webm,83,8,25,8,16,False,False,0.2939908802509308,0.04881912376731634,0.004339758408605121,1.3485496509820223,60,2,8,8,False,
somethingv2,validation,17132,data/Something_data/videos_full/17132.webm,83,8,25,8,18,False,False,0.42869308590888977,0.0055970498360693455,0.004339758408605121,1.2989354049786925,34,1,8,8,False,
somethingv2,validation,151465,data/Something_data/videos_full/151465.webm,83,8,25,8,126,False,False,0.6395560503005981,0.14215946663171053,0.004339758408605121,1.2900857646018267,52,2,8,8,False,
somethingv2,validation,8563,data/Something_data/videos_full/8563.webm,83,8,25,8,16,False,False,0.6733055710792542,0.09147586487233639,0.004339758408605121,1.1459820102900267,46,2,8,8,False,
somethingv2,validation,20536,data/Something_data/videos_full/20536.webm,83,8,25,8,16,False,False,0.6607100963592529,0.08427093597128987,0.004339758408605121,1.0516675543040037,44,2,8,8,False,
somethingv2,validation,16784,data/Something_data/videos_full/16784.webm,83,8,25,8,134,False,False,0.2937127649784088,0.006165588274598122,0.004339758408605121,0.9656704850494862,29,1,8,8,False,
somethingv2,validation,199077,data/Something_data/videos_full/199077.webm,83,8,25,8,126,False,False,0.502630352973938,0.0749115920625627,0.004339758408605121,0.9560755798593163,60,2,8,8,False,
somethingv2,validation,61699,data/Something_data/videos_full/61699.webm,83,8,25,8,129,False,False,0.7904564142227173,0.061697994358837605,0.004339758408605121,0.8788798372261226,39,2,8,8,False,
somethingv2,validation,10589,data/Something_data/videos_full/10589.webm,83,8,25,8,125,False,False,0.5856444239616394,0.12781950505450368,0.004339758408605121,0.816225104033947,59,2,8,8,False,
somethingv2,validation,188476,data/Something_data/videos_full/188476.webm,83,8,25,8,16,False,False,0.48978012800216675,0.07704676082357764,0.004339758408605121,0.6868127840571105,37,2,8,8,False,
somethingv2,validation,76849,data/Something_data/videos_full/76849.webm,83,8,25,8,19,False,False,0.7874562740325928,0.07820703694596887,0.004339758408605121,0.6080229380168021,47,2,8,8,False,
somethingv2,validation,10028,data/Something_data/videos_full/10028.webm,83,8,25,8,16,False,False,0.858146607875824,0.010013041086494923,0.004372620693175122,2.4861767548136413,32,1,8,8,False,
somethingv2,validation,66540,data/Something_data/videos_full/66540.webm,83,8,25,8,16,False,False,0.8968684673309326,0.007797969039529562,0.004372620693175122,2.4729287391528487,30,1,8,8,False,
somethingv2,validation,168369,data/Something_data/videos_full/168369.webm,83,8,25,8,19,False,False,0.5112403631210327,0.006121463142335415,0.004372620693175122,2.459139034152031,24,1,8,8,False,
somethingv2,validation,65192,data/Something_data/videos_full/65192.webm,83,8,25,8,16,False,True,0.6244344711303711,0.005206583067774773,0.004372620693175122,2.4481713003478944,23,1,8,8,False,
somethingv2,validation,205638,data/Something_data/videos_full/205638.webm,83,8,25,8,16,False,False,0.41554883122444153,0.07042413391172886,0.004372620693175122,2.4402793222106993,55,2,8,8,False,
somethingv2,validation,180626,data/Something_data/videos_full/180626.webm,84,8,25,8,129,False,False,0.875648021697998,0.05860713077709079,0.004372620693175122,2.36859976593405,49,2,8,8,False,
somethingv2,validation,14914,data/Something_data/videos_full/14914.webm,84,8,25,8,18,False,False,0.7840213179588318,0.0823838752694428,0.004372620693175122,2.3091056789271533,49,2,8,8,False,
somethingv2,validation,28577,data/Something_data/videos_full/28577.webm,84,8,25,8,16,False,False,0.5197727084159851,0.007612420711666346,0.004372620693175122,2.225638370960951,32,1,8,8,False,
somethingv2,validation,48021,data/Something_data/videos_full/48021.webm,84,8,25,8,18,False,False,0.7233887910842896,0.06007305160164833,0.004372620693175122,2.2120290687307715,52,2,8,8,False,
somethingv2,validation,146224,data/Something_data/videos_full/146224.webm,84,8,25,8,100,False,False,0.32551005482673645,0.08900653338059783,0.004372620693175122,2.149723736103624,68,3,8,8,False,
somethingv2,validation,80797,data/Something_data/videos_full/80797.webm,84,8,25,8,17,False,False,0.7333279848098755,0.07159655494615436,0.004372620693175122,2.057709502056241,62,2,8,8,False,
somethingv2,validation,56273,data/Something_data/videos_full/56273.webm,84,8,25,8,160,False,False,0.5981682538986206,0.013431161176413298,0.004372620693175122,1.9844432333484292,55,2,8,8,False,
somethingv2,validation,65527,data/Something_data/videos_full/65527.webm,84,8,25,8,80,False,False,0.33699899911880493,0.07296201074495912,0.004372620693175122,1.9644383597187698,46,2,8,8,False,
somethingv2,validation,118259,data/Something_data/videos_full/118259.webm,84,8,25,8,18,False,False,0.7487026453018188,0.07089492306113243,0.004372620693175122,1.889733170159161,64,2,8,8,False,
somethingv2,validation,119407,data/Something_data/videos_full/119407.webm,84,8,25,8,100,False,False,0.3245741128921509,0.09147792682051659,0.004372620693175122,1.8175625493749976,67,3,8,8,False,
somethingv2,validation,92550,data/Something_data/videos_full/92550.webm,84,8,25,8,129,False,False,0.20337770879268646,0.01180080696940422,0.004372620693175122,1.724785084836185,46,2,8,8,False,
somethingv2,validation,1320,data/Something_data/videos_full/1320.webm,84,8,25,8,97,False,False,0.2849658131599426,0.05559992790222168,0.004372620693175122,1.7072188728488982,61,2,8,8,False,
somethingv2,validation,180780,data/Something_data/videos_full/180780.webm,84,8,25,8,160,False,False,0.4762800335884094,0.07622531522065401,0.004372620693175122,1.6506741819903255,64,2,8,8,False,
somethingv2,validation,204232,data/Something_data/videos_full/204232.webm,84,8,25,8,90,False,False,0.6760521531105042,0.06260723760351539,0.004372620693175122,1.5729584987275302,53,2,8,8,False,
somethingv2,validation,39177,data/Something_data/videos_full/39177.webm,84,8,25,8,100,False,False,0.3248940110206604,0.06644727010279894,0.004372620693175122,1.5092656686902046,50,2,8,8,False,
somethingv2,validation,14316,data/Something_data/videos_full/14316.webm,84,8,25,8,100,False,False,0.4278947114944458,0.07878471817821264,0.004372620693175122,1.441301308106631,61,2,8,8,False,
somethingv2,validation,183880,data/Something_data/videos_full/183880.webm,84,8,25,8,74,False,False,0.2939206063747406,0.06205738103017211,0.004372620693175122,1.360052667092532,56,2,8,8,False,
somethingv2,validation,89949,data/Something_data/videos_full/89949.webm,84,8,25,8,16,False,False,0.8437539935112,0.006573082879185677,0.004372620693175122,1.295855073723942,32,1,8,8,False,
somethingv2,validation,134448,data/Something_data/videos_full/134448.webm,84,8,25,8,18,False,False,0.9544902443885803,0.0709886122494936,0.004372620693175122,1.2857324392534792,48,2,8,8,False,
somethingv2,validation,160637,data/Something_data/videos_full/160637.webm,84,8,25,8,143,False,False,0.40743255615234375,0.07661629328504205,0.004372620693175122,1.212577992118895,57,2,8,8,False,
somethingv2,validation,125701,data/Something_data/videos_full/125701.webm,85,8,25,8,122,False,False,0.3069157600402832,0.08682780666276813,0.004372620693175122,1.1337317670695484,37,2,8,8,False,
somethingv2,validation,104999,data/Something_data/videos_full/104999.webm,85,8,25,8,133,False,False,0.3218957185745239,0.09041241789236665,0.004372620693175122,1.0450303331017494,41,2,8,8,False,
somethingv2,validation,36907,data/Something_data/videos_full/36907.webm,85,8,25,8,56,False,False,0.52226322889328,0.0812000259757042,0.004372620693175122,0.9528598701581359,55,2,8,8,False,
somethingv2,validation,191320,data/Something_data/videos_full/191320.webm,85,8,25,8,17,False,False,0.6293648481369019,0.08936978131532669,0.004372620693175122,0.8702094219624996,64,2,8,8,False,
somethingv2,validation,78793,data/Something_data/videos_full/78793.webm,85,8,25,8,18,False,False,0.4228924512863159,0.08076607901602983,0.004372620693175122,0.7795027359388769,37,2,8,8,False,
somethingv2,validation,133665,data/Something_data/videos_full/133665.webm,85,8,25,8,125,False,False,0.32388949394226074,0.0540934968739748,0.004372620693175122,0.6968650226481259,51,2,8,8,False,
somethingv2,validation,149892,data/Something_data/videos_full/149892.webm,85,8,25,8,160,False,False,0.5644057393074036,0.09189696609973907,0.004372620693175122,0.6409456958062947,45,2,8,8,False,
somethingv2,validation,38513,data/Something_data/videos_full/38513.webm,85,8,25,8,125,False,False,0.5544442534446716,0.09511902881786227,0.004653606680221856,2.7509214961901307,60,2,8,8,False,
somethingv2,validation,40232,data/Something_data/videos_full/40232.webm,85,8,25,8,56,False,False,0.6278421878814697,0.07164037879556417,0.004653606680221856,2.652583912946284,58,2,8,8,False,
somethingv2,validation,52091,data/Something_data/videos_full/52091.webm,85,8,25,8,20,False,False,0.22651788592338562,0.008122220169752836,0.004653606680221856,2.5793880647979677,31,1,8,8,False,
somethingv2,validation,129458,data/Something_data/videos_full/129458.webm,85,8,25,8,127,False,False,0.6144755482673645,0.007804279215633869,0.004653606680221856,2.5602332977578044,31,1,8,8,False,
somethingv2,validation,45788,data/Something_data/videos_full/45788.webm,85,8,25,8,160,False,False,0.7322046756744385,0.08862848998978734,0.004653606680221856,2.5470404610969126,55,2,8,8,False,
somethingv2,validation,145347,data/Something_data/videos_full/145347.webm,85,8,25,8,16,False,False,0.8448439836502075,0.06048478838056326,0.004653606680221856,2.4564132960513234,57,2,8,8,False,
somethingv2,validation,127867,data/Something_data/videos_full/127867.webm,85,8,25,8,16,False,False,0.471203088760376,0.07938120793551207,0.004653606680221856,2.394041267223656,58,2,8,8,False,
somethingv2,validation,84300,data/Something_data/videos_full/84300.webm,85,8,25,8,16,False,False,0.42612648010253906,0.07682548277080059,0.004653606680221856,2.3130764211528003,67,3,8,8,False,
somethingv2,validation,111106,data/Something_data/videos_full/111106.webm,85,8,25,8,139,False,False,0.3662317395210266,0.11306694196537137,0.004653606680221856,2.234838922973722,49,2,8,8,False,
somethingv2,validation,137994,data/Something_data/videos_full/137994.webm,85,8,25,8,128,False,False,0.613911509513855,0.07000983087345958,0.004653606680221856,2.1206942819990218,49,2,8,8,False,
somethingv2,validation,191579,data/Something_data/videos_full/191579.webm,85,8,25,8,100,False,False,0.45449554920196533,0.0817021899856627,0.004653606680221856,2.049432856030762,68,3,8,8,False,
somethingv2,validation,195448,data/Something_data/videos_full/195448.webm,85,8,25,8,144,False,False,0.5917779803276062,0.07211867719888687,0.004653606680221856,1.9668669519014657,49,2,8,8,False,
somethingv2,validation,175220,data/Something_data/videos_full/175220.webm,85,8,25,8,16,False,False,0.9281509518623352,0.0698623200878501,0.004653606680221856,1.8928290260955691,64,2,8,8,False,
somethingv2,validation,12693,data/Something_data/videos_full/12693.webm,86,8,25,8,125,False,False,0.41886359453201294,0.08110528020188212,0.004653606680221856,1.8206492359749973,35,2,8,8,False,
somethingv2,validation,215234,data/Something_data/videos_full/215234.webm,86,8,25,8,126,False,False,0.671086847782135,0.08541740011423826,0.004653606680221856,1.7368100490421057,51,2,8,8,False,
somethingv2,validation,42556,data/Something_data/videos_full/42556.webm,86,8,25,8,160,False,False,0.7053529024124146,0.07559817098081112,0.004653606680221856,1.6496157827787101,52,2,8,8,False,
somethingv2,validation,56944,data/Something_data/videos_full/56944.webm,86,8,25,8,160,False,False,0.15555737912654877,0.06936026317998767,0.004653606680221856,1.5723308897577226,44,2,8,8,False,
somethingv2,validation,84343,data/Something_data/videos_full/84343.webm,86,8,25,8,126,False,False,0.7263772487640381,0.14938443899154663,0.004653606680221856,1.5017769867554307,66,2,8,8,False,
somethingv2,validation,188239,data/Something_data/videos_full/188239.webm,86,8,25,8,100,False,False,0.935718834400177,0.00940154492855072,0.004653606680221856,1.3506322200410068,27,1,8,8,False,
somethingv2,validation,32201,data/Something_data/videos_full/32201.webm,86,8,25,8,160,False,False,0.8326717019081116,0.08811138989403844,0.004653606680221856,1.3349564592354,65,2,8,8,False,
somethingv2,validation,90925,data/Something_data/videos_full/90925.webm,86,8,25,8,127,False,False,0.7203887104988098,0.05514692887663841,0.004653606680221856,1.2455630479380488,58,2,8,8,False,
somethingv2,validation,81258,data/Something_data/videos_full/81258.webm,86,8,25,8,126,False,False,0.3562410771846771,0.04823921015486121,0.004653606680221856,1.189388982951641,59,2,8,8,False,
somethingv2,validation,58865,data/Something_data/videos_full/58865.webm,86,8,25,8,16,False,False,0.7898548245429993,0.06332894321531057,0.004653606680221856,1.1396195660345256,42,2,8,8,False,
somethingv2,validation,191558,data/Something_data/videos_full/191558.webm,86,8,25,8,37,False,False,0.39651745557785034,0.0909742140211165,0.004653606680221856,1.0739255221560597,42,2,8,8,False,
somethingv2,validation,34792,data/Something_data/videos_full/34792.webm,86,8,25,8,150,False,False,0.5089090466499329,0.06257560709491372,0.004653606680221856,0.9811035715974867,54,2,8,8,False,
somethingv2,validation,86333,data/Something_data/videos_full/86333.webm,86,8,25,8,20,False,False,0.6136738061904907,0.07576068816706538,0.004653606680221856,0.9167296909727156,45,2,8,8,False,
somethingv2,validation,72022,data/Something_data/videos_full/72022.webm,86,8,25,8,127,False,False,0.8275773525238037,0.052982461638748646,0.004653606680221856,0.8382744290865958,59,2,8,8,False,
somethingv2,validation,130117,data/Something_data/videos_full/130117.webm,86,8,25,8,126,False,False,0.42179638147354126,0.0707911909557879,0.004653606680221856,0.7839770698919892,63,2,8,8,False,
somethingv2,validation,184572,data/Something_data/videos_full/184572.webm,86,8,25,8,127,False,False,0.795120120048523,0.08871083101257682,0.004653606680221856,0.711823464371264,54,2,8,8,False,
somethingv2,validation,98301,data/Something_data/videos_full/98301.webm,86,8,25,8,126,False,False,0.9215483069419861,0.05781181203201413,0.004653606680221856,0.6220898893661797,65,2,8,8,False,
somethingv2,validation,141375,data/Something_data/videos_full/141375.webm,86,8,25,8,19,False,False,0.9850737452507019,0.013049030676484108,0.004653606680221856,0.5631731851026416,66,2,8,8,False,
somethingv2,validation,52704,data/Something_data/videos_full/52704.webm,86,8,25,8,16,False,False,0.6887455582618713,0.009422990959137678,0.004653606680221856,0.5415845611132681,36,2,8,8,False,
somethingv2,validation,193901,data/Something_data/videos_full/193901.webm,86,8,25,8,19,False,False,0.9449989199638367,0.10979990707710385,0.004475523688597605,2.7370374780148268,42,2,8,8,False,
somethingv2,validation,90646,data/Something_data/videos_full/90646.webm,87,8,25,8,18,False,False,0.27599507570266724,0.08171250531449914,0.004475523688597605,2.6262050569057465,43,2,8,8,False,
somethingv2,validation,59986,data/Something_data/videos_full/59986.webm,87,8,25,8,128,False,False,0.8238852024078369,0.1256121820770204,0.004475523688597605,2.543359821662307,60,2,8,8,False,
somethingv2,validation,28905,data/Something_data/videos_full/28905.webm,87,8,25,8,56,False,False,0.8186156749725342,0.09097419818863273,0.004475523688597605,2.4158397461287677,44,2,8,8,False,
somethingv2,validation,37928,data/Something_data/videos_full/37928.webm,87,8,25,8,125,False,False,0.6275464296340942,0.06813358794897795,0.004475523688597605,2.322479706723243,56,2,8,8,False,
somethingv2,validation,175186,data/Something_data/videos_full/175186.webm,87,8,25,8,126,False,False,0.8510189056396484,0.04514345806092024,0.004475523688597605,2.252273030113429,51,2,8,8,False,
somethingv2,validation,130178,data/Something_data/videos_full/130178.webm,87,8,25,8,125,False,False,0.13280436396598816,0.04825598420575261,0.004475523688597605,2.2051597624085844,67,3,8,8,False,
somethingv2,validation,120935,data/Something_data/videos_full/120935.webm,87,8,25,8,127,False,False,0.3957537114620209,0.064372553024441,0.004475523688597605,2.1556369941681623,44,2,8,8,False,
somethingv2,validation,78494,data/Something_data/videos_full/78494.webm,87,8,25,8,18,False,False,0.6881726384162903,0.06229622522369027,0.004475523688597605,2.0892975768074393,49,2,8,8,False,
somethingv2,validation,178054,data/Something_data/videos_full/178054.webm,87,8,25,8,125,False,False,0.34011054039001465,0.09007267886772752,0.004475523688597605,2.024992076680064,53,2,8,8,False,
somethingv2,validation,146355,data/Something_data/videos_full/146355.webm,87,8,25,8,127,False,False,0.6854090094566345,0.0495737767778337,0.004475523688597605,1.9332928890362382,59,2,8,8,False,
somethingv2,validation,106936,data/Something_data/videos_full/106936.webm,87,8,25,8,127,False,False,0.9010156393051147,0.054996231105178595,0.004475523688597605,1.8827248010784388,47,2,8,8,False,
somethingv2,validation,71176,data/Something_data/videos_full/71176.webm,87,8,25,8,100,False,False,0.3758309781551361,0.07840889599174261,0.004475523688597605,1.8266806388273835,59,2,8,8,False,
somethingv2,validation,145061,data/Something_data/videos_full/145061.webm,87,8,25,8,33,False,False,0.1668991595506668,0.10350522818043828,0.004475523688597605,1.7473597452044487,53,2,8,8,False,
somethingv2,validation,16215,data/Something_data/videos_full/16215.webm,87,8,25,8,100,False,False,0.6106284856796265,0.05679391510784626,0.004475523688597605,1.6417055921629071,42,2,8,8,False,
somethingv2,validation,110620,data/Something_data/videos_full/110620.webm,87,8,25,8,11,False,False,0.3702680170536041,0.08294735522940755,0.004475523688597605,1.5827630879357457,55,2,8,8,False,
somethingv2,validation,14731,data/Something_data/videos_full/14731.webm,87,8,25,8,19,False,False,0.5006019473075867,0.009891270659863949,0.004475523688597605,1.4972634660080075,20,1,8,8,False,
somethingv2,validation,205686,data/Something_data/videos_full/205686.webm,87,8,25,8,160,False,False,0.8592936992645264,0.10477633401751518,0.004475523688597605,1.4793429248966277,56,2,8,8,False,
somethingv2,validation,28806,data/Something_data/videos_full/28806.webm,87,8,25,8,127,False,False,0.5073887705802917,0.04947200510650873,0.004475523688597605,1.371671642176807,52,2,8,8,False,
somethingv2,validation,29373,data/Something_data/videos_full/29373.webm,87,8,25,8,127,False,False,0.365845650434494,0.06849169917404652,0.004475523688597605,1.3201660667546093,51,2,8,8,False,
somethingv2,validation,93164,data/Something_data/videos_full/93164.webm,87,8,25,8,19,False,False,0.5428861975669861,0.0971543313935399,0.004475523688597605,1.2499383548274636,64,2,8,8,False,
somethingv2,validation,123898,data/Something_data/videos_full/123898.webm,88,8,25,8,126,False,False,0.9574372172355652,0.07395091280341148,0.004475523688597605,1.151714145205915,54,2,8,8,False,
somethingv2,validation,192310,data/Something_data/videos_full/192310.webm,88,8,25,8,16,False,False,0.7580634355545044,0.06944316532462835,0.004475523688597605,1.0763661488890648,35,2,8,8,False,
somethingv2,validation,88259,data/Something_data/videos_full/88259.webm,88,8,25,8,66,False,False,0.3558257818222046,0.00744926230981946,0.004475523688597605,1.0059388759545982,34,1,8,8,False,
somethingv2,validation,45040,data/Something_data/videos_full/45040.webm,88,8,25,8,16,False,False,0.6060798168182373,0.07686463091522455,0.004475523688597605,0.992243432905525,56,2,8,8,False,
somethingv2,validation,67762,data/Something_data/videos_full/67762.webm,88,8,25,8,160,False,False,0.5145392417907715,0.07470554392784834,0.004475523688597605,0.9139233827590942,54,2,8,8,False,
somethingv2,validation,140866,data/Something_data/videos_full/140866.webm,88,8,25,8,56,False,False,0.44958025217056274,0.10105626191943884,0.004475523688597605,0.8370110960677266,52,2,8,8,False,
somethingv2,validation,194852,data/Something_data/videos_full/194852.webm,88,8,25,8,125,False,False,0.6769541501998901,0.005955756176263094,0.004475523688597605,0.7335481783375144,33,1,8,8,False,
somethingv2,validation,178689,data/Something_data/videos_full/178689.webm,88,8,25,8,20,False,False,0.6709995269775391,0.010747892782092094,0.004475523688597605,0.7254455666989088,30,1,8,8,False,
somethingv2,validation,183915,data/Something_data/videos_full/183915.webm,88,8,25,8,18,False,False,0.42582544684410095,0.007938780821859837,0.004475523688597605,0.7014628620818257,29,1,8,8,False,
somethingv2,validation,148472,data/Something_data/videos_full/148472.webm,88,8,25,8,126,False,False,0.9951313734054565,0.11283419094979763,0.004475523688597605,0.6875347681343555,53,2,8,8,False,
somethingv2,validation,194530,data/Something_data/videos_full/194530.webm,88,8,25,8,19,False,False,0.22698529064655304,0.008322888985276222,0.004475523688597605,0.5722336140461266,31,1,8,8,False,
somethingv2,validation,152479,data/Something_data/videos_full/152479.webm,88,8,25,8,17,False,False,0.9820897579193115,0.08561935788020492,0.004525300042587332,3.2179824858903885,44,2,8,8,False,
somethingv2,validation,9381,data/Something_data/videos_full/9381.webm,88,8,25,8,18,False,False,0.19985948503017426,0.09660581406205893,0.004525300042587332,3.130291416775435,45,2,8,8,False,
somethingv2,validation,123678,data/Something_data/videos_full/123678.webm,88,8,25,8,19,False,False,0.7822099924087524,0.06305122515186667,0.004525300042587332,3.0318436892703176,57,2,8,8,False,
somethingv2,validation,141056,data/Something_data/videos_full/141056.webm,88,8,25,8,16,False,False,0.6784076690673828,0.007778488099575043,0.004525300042587332,2.967359554953873,33,1,8,8,False,
somethingv2,validation,37054,data/Something_data/videos_full/37054.webm,88,8,25,8,19,False,False,0.988651692867279,0.08208564203232527,0.004525300042587332,2.9522807099856436,45,2,8,8,False,
somethingv2,validation,106583,data/Something_data/videos_full/106583.webm,88,8,25,8,66,False,False,0.16712313890457153,0.07512352988123894,0.004525300042587332,2.8691045502200723,59,2,8,8,False,
somethingv2,validation,116144,data/Something_data/videos_full/116144.webm,88,8,25,8,42,False,False,0.9538403153419495,0.078418237157166,0.004525300042587332,2.7928846832364798,73,3,8,8,False,
somethingv2,validation,123846,data/Something_data/videos_full/123846.webm,88,8,25,8,160,False,False,0.6614984273910522,0.0978242470882833,0.004525300042587332,2.7135734669864178,49,2,8,8,False,
somethingv2,validation,181733,data/Something_data/videos_full/181733.webm,88,8,25,8,19,False,False,0.1442440152168274,0.10239511728286743,0.004525300042587332,2.614501813892275,68,3,8,8,False,
somethingv2,validation,19814,data/Something_data/videos_full/19814.webm,89,8,25,8,130,False,False,0.5812466740608215,0.08494330523535609,0.004525300042587332,2.510269256308675,64,2,8,8,False,
somethingv2,validation,110248,data/Something_data/videos_full/110248.webm,89,8,25,8,67,False,False,0.32719486951828003,0.10091779893264174,0.004525300042587332,2.422934493049979,67,3,8,8,False,
somethingv2,validation,189513,data/Something_data/videos_full/189513.webm,89,8,25,8,20,False,False,0.6971471905708313,0.0748028289526701,0.004525300042587332,2.3201056057587266,60,2,8,8,False,
somethingv2,validation,181345,data/Something_data/videos_full/181345.webm,89,8,25,8,143,False,False,0.5664476156234741,0.04904603632166982,0.004525300042587332,2.243148237001151,64,2,8,8,False,
somethingv2,validation,79254,data/Something_data/videos_full/79254.webm,89,8,25,8,100,False,False,0.15291611850261688,0.0125219551846385,0.004525300042587332,2.1933167530223727,50,2,8,8,False,
somethingv2,validation,133163,data/Something_data/videos_full/133163.webm,89,8,25,8,67,False,False,0.7288511991500854,0.11366576189175248,0.004525300042587332,2.175633786711842,35,2,8,8,False,
somethingv2,validation,47806,data/Something_data/videos_full/47806.webm,89,8,25,8,82,False,False,0.8928205370903015,0.08472192194312811,0.004525300042587332,2.0604482437483966,59,2,8,8,False,
somethingv2,validation,73306,data/Something_data/videos_full/73306.webm,89,8,25,8,129,False,False,0.36434125900268555,0.10510362777858973,0.004525300042587332,1.974685415159911,50,2,8,8,False,
somethingv2,validation,153244,data/Something_data/videos_full/153244.webm,89,8,25,8,49,False,False,0.7269813418388367,0.07852160604670644,0.004525300042587332,1.868048693984747,54,2,8,8,False,
somethingv2,validation,11119,data/Something_data/videos_full/11119.webm,89,8,25,8,160,False,False,0.6779403686523438,0.08831872465088964,0.004525300042587332,1.7873232611455023,50,2,8,8,False,
somethingv2,validation,57240,data/Something_data/videos_full/57240.webm,89,8,25,8,130,False,False,0.8618740439414978,0.09248129883781075,0.004525300042587332,1.6969780689105392,57,2,8,8,False,
somethingv2,validation,72925,data/Something_data/videos_full/72925.webm,89,8,25,8,67,False,False,0.834375262260437,0.10168372699990869,0.004525300042587332,1.6024435521103442,35,2,8,8,False,
somethingv2,validation,198878,data/Something_data/videos_full/198878.webm,89,8,25,8,128,False,False,0.4507509171962738,0.10970419505611062,0.004525300042587332,1.4986926829442382,70,3,8,8,False,
somethingv2,validation,201684,data/Something_data/videos_full/201684.webm,89,8,25,8,56,False,False,0.31147119402885437,0.1188821941614151,0.004525300042587332,1.387664021924138,42,2,8,8,False,
somethingv2,validation,63058,data/Something_data/videos_full/63058.webm,89,8,25,8,16,False,False,0.9003069400787354,0.056856398936361074,0.004525300042587332,1.2674619373865426,62,2,8,8,False,
somethingv2,validation,38642,data/Something_data/videos_full/38642.webm,89,8,25,8,130,False,False,0.2650388181209564,0.05988572910428047,0.004525300042587332,1.2098582601174712,61,2,8,8,False,
somethingv2,validation,66733,data/Something_data/videos_full/66733.webm,89,8,25,8,125,False,False,0.6529300808906555,0.005664440803229809,0.004525300042587332,1.1488587791100144,34,1,8,8,False,
somethingv2,validation,33539,data/Something_data/videos_full/33539.webm,89,8,25,8,127,False,False,0.6263351440429688,0.07184133678674698,0.004525300042587332,1.1383184441365302,66,2,8,8,False,
somethingv2,validation,24965,data/Something_data/videos_full/24965.webm,89,8,25,8,145,False,False,0.6271149516105652,0.1618385249748826,0.004525300042587332,1.0638541271910071,69,3,8,8,False,
somethingv2,validation,76627,data/Something_data/videos_full/76627.webm,89,8,25,8,6,False,False,0.9035282135009766,0.06387303210794926,0.004525300042587332,0.899794649798423,45,2,8,8,False,
somethingv2,validation,216933,data/Something_data/videos_full/216933.webm,90,8,25,8,90,True,True,0.5476641654968262,0.0946204443462193,0.004525300042587332,0.8339572069235146,59,2,8,8,False,
somethingv2,validation,137007,data/Something_data/videos_full/137007.webm,90,8,25,8,162,False,True,0.4346223771572113,0.09556009294465184,0.004525300042587332,0.7370079657994211,38,2,8,8,False,
somethingv2,validation,111179,data/Something_data/videos_full/111179.webm,90,8,25,8,133,False,True,0.15331000089645386,0.08141966303810477,0.004525300042587332,0.6400183830410242,43,2,8,8,False,
somethingv2,validation,161479,data/Something_data/videos_full/161479.webm,90,8,25,8,162,False,True,0.564073383808136,0.06814320292323828,0.004856319559621625,2.8871482866816223,38,2,8,8,False,
somethingv2,validation,66962,data/Something_data/videos_full/66962.webm,90,8,25,8,162,False,True,0.49290764331817627,0.06119760824367404,0.004856319559621625,2.817713698837906,42,2,8,8,False,
somethingv2,validation,182489,data/Something_data/videos_full/182489.webm,90,8,25,8,160,False,False,0.14820198714733124,0.08402168797329068,0.004856319559621625,2.755486870650202,64,2,8,8,False,
somethingv2,validation,63032,data/Something_data/videos_full/63032.webm,90,8,25,8,16,False,False,0.34411266446113586,0.05138541990891099,0.004856319559621625,2.67001697095111,51,2,8,8,False,
somethingv2,validation,137261,data/Something_data/videos_full/137261.webm,90,8,25,8,65,False,True,0.40360400080680847,0.10323453322052956,0.004856319559621625,2.6175547237508,54,2,8,8,False,
somethingv2,validation,34441,data/Something_data/videos_full/34441.webm,90,8,25,8,90,True,True,0.5044764280319214,0.007705359254032373,0.004856319559621625,2.512608166784048,63,2,8,8,False,
somethingv2,validation,178725,data/Something_data/videos_full/178725.webm,90,8,25,8,90,True,True,0.4080936014652252,0.13511562999337912,0.004856319559621625,2.4994252850301564,56,2,8,8,False,
somethingv2,validation,58352,data/Something_data/videos_full/58352.webm,90,8,25,8,90,True,True,0.5886496305465698,0.07194043416529894,0.004856319559621625,2.361330775078386,64,2,8,8,False,
somethingv2,validation,114491,data/Something_data/videos_full/114491.webm,90,8,25,8,162,False,True,0.47486230731010437,0.07884409883990884,0.004856319559621625,2.2868852908723056,68,3,8,8,False,
somethingv2,validation,30928,data/Something_data/videos_full/30928.webm,90,8,25,8,16,False,True,0.44642195105552673,0.008289935067296028,0.004856319559621625,2.205831832252443,34,1,8,8,False,
somethingv2,validation,100771,data/Something_data/videos_full/100771.webm,90,8,25,8,162,False,True,0.6590240597724915,0.07524790707975626,0.004856319559621625,2.1891426471993327,43,2,8,8,False,
somethingv2,validation,49454,data/Something_data/videos_full/49454.webm,90,8,25,8,90,True,True,0.5687689185142517,0.07509966986253858,0.004856319559621625,2.111877862829715,45,2,8,8,False,
somethingv2,validation,117901,data/Something_data/videos_full/117901.webm,90,8,25,8,90,True,True,0.7071829438209534,0.15033917780965567,0.004856319559621625,2.03578822594136,43,2,8,8,False,
somethingv2,validation,98202,data/Something_data/videos_full/98202.webm,90,8,25,8,162,False,True,0.7550638914108276,0.007903197780251503,0.004856319559621625,1.883551694918424,42,2,8,8,False,
somethingv2,validation,148408,data/Something_data/videos_full/148408.webm,90,8,25,8,162,False,True,0.35704347491264343,0.010466322302818298,0.004856319559621625,1.8714044732041657,71,3,8,8,False,
somethingv2,validation,162728,data/Something_data/videos_full/162728.webm,90,8,25,8,64,False,True,0.5479251742362976,0.09620282612740993,0.004856319559621625,1.8577401149086654,54,2,8,8,False,
somethingv2,validation,60381,data/Something_data/videos_full/60381.webm,90,8,25,8,20,False,False,0.4903971552848816,0.07022786373272538,0.004856319559621625,1.760115928016603,50,2,8,8,False,
somethingv2,validation,60790,data/Something_data/videos_full/60790.webm,91,8,25,8,16,False,False,0.4578419029712677,0.005546895787119865,0.004856319559621625,1.6874301829375327,31,1,8,8,False,
somethingv2,validation,111338,data/Something_data/videos_full/111338.webm,91,8,25,8,90,False,True,0.8782603740692139,0.0572877349331975,0.004856319559621625,1.6801274889148772,41,2,8,8,False,
somethingv2,validation,151722,data/Something_data/videos_full/151722.webm,91,8,25,8,91,True,True,0.9895848631858826,0.12451159581542015,0.004856319559621625,1.6209219582378864,67,3,8,8,False,
somethingv2,validation,133166,data/Something_data/videos_full/133166.webm,91,8,25,8,16,False,False,0.46843838691711426,0.006737395655363798,0.004856319559621625,1.4942176062613726,28,1,8,8,False,
somethingv2,validation,214007,data/Something_data/videos_full/214007.webm,91,8,25,8,90,False,True,0.5824162364006042,0.059494327288120985,0.004856319559621625,1.486699887085706,46,2,8,8,False,
somethingv2,validation,35356,data/Something_data/videos_full/35356.webm,91,8,25,8,66,False,False,0.2133747935295105,0.08732897927984595,0.004856319559621625,1.4255751087330282,55,2,8,8,False,
somethingv2,validation,128343,data/Something_data/videos_full/128343.webm,91,8,25,8,90,False,False,0.4204436242580414,0.10033708764240146,0.004856319559621625,1.3368165027350187,63,2,8,8,False,
somethingv2,validation,120525,data/Something_data/videos_full/120525.webm,91,8,25,8,128,False,False,0.4644767940044403,0.07057054620236158,0.004856319559621625,1.2351751211099327,55,2,8,8,False,
somethingv2,validation,174813,data/Something_data/videos_full/174813.webm,91,8,25,8,16,False,False,0.43888726830482483,0.0885142688639462,0.004856319559621625,1.1632271008566022,57,2,8,8,False,
somethingv2,validation,187743,data/Something_data/videos_full/187743.webm,91,8,25,8,16,False,False,0.24908946454524994,0.08017463004216552,0.004856319559621625,1.0735805882140994,62,2,8,8,False,
somethingv2,validation,62083,data/Something_data/videos_full/62083.webm,91,8,25,8,90,False,True,0.6186051964759827,0.08461916726082563,0.004856319559621625,0.9921610062010586,50,2,8,8,False,
somethingv2,validation,35073,data/Something_data/videos_full/35073.webm,91,8,25,8,2,False,True,0.2817162275314331,0.10285082785412669,0.004856319559621625,0.9056973019614816,62,2,8,8,False,
somethingv2,validation,79910,data/Something_data/videos_full/79910.webm,91,8,25,8,170,False,True,0.4542190432548523,0.08558340836316347,0.004856319559621625,0.8004977218806744,68,3,8,8,False,
somethingv2,validation,68921,data/Something_data/videos_full/68921.webm,91,8,25,8,16,False,False,0.7011945843696594,0.053448786959052086,0.004856319559621625,0.7125690132379532,56,2,8,8,False,
somethingv2,validation,168864,data/Something_data/videos_full/168864.webm,91,8,25,8,2,False,False,0.20589637756347656,0.11407724302262068,0.004856319559621625,0.6570852207951248,38,2,8,8,False,
somethingv2,validation,217024,data/Something_data/videos_full/217024.webm,91,8,25,8,143,False,False,0.4621948003768921,0.09127398999407887,0.004871794910286553,2.865155741106719,68,3,8,8,False,
somethingv2,validation,23393,data/Something_data/videos_full/23393.webm,91,8,25,8,16,False,False,0.9410445690155029,0.06614155881106853,0.004871794910286553,2.7713809362612665,55,2,8,8,False,
somethingv2,validation,12621,data/Something_data/videos_full/12621.webm,91,8,25,8,90,False,True,0.4963306784629822,0.012174475006759167,0.004871794910286553,2.703557139262557,30,1,8,8,False,
somethingv2,validation,185586,data/Something_data/videos_full/185586.webm,91,8,25,8,90,False,True,0.5237159132957458,0.12271026987582445,0.004871794910286553,2.6822284469380975,43,2,8,8,False,
somethingv2,validation,144173,data/Something_data/videos_full/144173.webm,91,8,25,8,16,False,False,0.7431170344352722,0.0800894950516522,0.004871794910286553,2.558216602075845,46,2,8,8,False,
somethingv2,validation,40341,data/Something_data/videos_full/40341.webm,92,8,25,8,150,False,False,0.973042368888855,0.16512571182101965,0.004871794910286553,2.4770024879835546,40,2,8,8,False,
somethingv2,validation,162071,data/Something_data/videos_full/162071.webm,92,8,25,8,92,True,True,0.7367829084396362,0.06509493105113506,0.004871794910286553,2.309573016129434,38,2,8,8,False,
somethingv2,validation,184121,data/Something_data/videos_full/184121.webm,92,8,25,8,65,False,False,0.9789733290672302,0.11101891892030835,0.004871794910286553,2.242718616966158,41,2,8,8,False,
somethingv2,validation,11780,data/Something_data/videos_full/11780.webm,92,8,25,8,16,False,False,0.7123804092407227,0.00562563631683588,0.004871794910286553,2.1287311711348593,32,1,8,8,False,
somethingv2,validation,205616,data/Something_data/videos_full/205616.webm,92,8,25,8,91,False,False,0.27100369334220886,0.1044099060818553,0.004871794910286553,2.1214588340371847,48,2,8,8,False,
somethingv2,validation,123334,data/Something_data/videos_full/123334.webm,92,8,25,8,162,False,False,0.6555227637290955,0.06735216872766614,0.004871794910286553,2.0144732813350856,51,2,8,8,False,
somethingv2,validation,44347,data/Something_data/videos_full/44347.webm,92,8,25,8,160,False,False,0.6455718874931335,0.07979812100529671,0.004871794910286553,1.9457574398256838,59,2,8,8,False,
somethingv2,validation,28237,data/Something_data/videos_full/28237.webm,92,8,25,8,162,False,False,0.8649007081985474,0.06942872377112508,0.004871794910286553,1.8643965041264892,47,2,8,8,False,
somethingv2,validation,13592,data/Something_data/videos_full/13592.webm,92,8,25,8,150,False,False,0.6255965232849121,0.07691497495397925,0.004871794910286553,1.793600354809314,70,3,8,8,False,
somethingv2,validation,87892,data/Something_data/videos_full/87892.webm,92,8,25,8,90,False,False,0.7602302432060242,0.05945060774683952,0.004871794910286553,1.7156506120227277,44,2,8,8,False,
somethingv2,validation,108564,data/Something_data/videos_full/108564.webm,92,8,25,8,17,False,False,0.18612726032733917,0.09789782203733921,0.004871794910286553,1.654818078968674,66,2,8,8,False,
somethingv2,validation,187909,data/Something_data/videos_full/187909.webm,92,8,25,8,90,False,False,0.23965835571289062,0.1024296642281115,0.004871794910286553,1.555606134235859,47,2,8,8,False,
somethingv2,validation,94638,data/Something_data/videos_full/94638.webm,92,8,25,8,91,False,False,0.8544966578483582,0.08988073002547026,0.004871794910286553,1.450038290116936,43,2,8,8,False,
somethingv2,validation,177507,data/Something_data/videos_full/177507.webm,92,8,25,8,150,False,False,0.8960968255996704,0.11988435685634613,0.004871794910286553,1.3576583140529692,36,2,8,8,False,
somethingv2,validation,92967,data/Something_data/videos_full/92967.webm,92,8,25,8,170,False,False,0.4780614376068115,0.10605712328106165,0.004871794910286553,1.2357991239987314,56,2,8,8,False,
somethingv2,validation,38946,data/Something_data/videos_full/38946.webm,92,8,25,8,162,False,False,0.38655945658683777,0.0897360141389072,0.004871794910286553,1.127794942818582,71,3,8,8,False,
somethingv2,validation,51196,data/Something_data/videos_full/51196.webm,92,8,25,8,90,False,False,0.5071947574615479,0.0070305378176271915,0.004871794910286553,1.036892072763294,34,1,8,8,False,
somethingv2,validation,38744,data/Something_data/videos_full/38744.webm,92,8,25,8,150,False,False,0.8045506477355957,0.06442799186334014,0.004871794910286553,1.0227209157310426,64,2,8,8,False,
somethingv2,validation,22700,data/Something_data/videos_full/22700.webm,92,8,25,8,128,False,False,0.8644214868545532,0.004587159957736731,0.004871794910286553,0.9574384321458638,33,1,8,8,False,
somethingv2,validation,150892,data/Something_data/videos_full/150892.webm,92,8,25,8,45,False,False,0.6642689108848572,0.024113758001476526,0.004871794910286553,0.9507230781018734,57,2,8,8,False,
somethingv2,validation,138988,data/Something_data/videos_full/138988.webm,93,8,25,8,18,False,False,0.5555127263069153,0.0057817730121314526,0.004871794910286553,0.9260071497410536,29,1,8,8,False,
somethingv2,validation,20135,data/Something_data/videos_full/20135.webm,93,8,25,8,22,False,False,0.18987040221691132,0.03900449117645621,0.004871794910286553,0.9150333269499242,57,2,8,8,False,
somethingv2,validation,146297,data/Something_data/videos_full/146297.webm,93,8,25,8,19,False,False,0.264193058013916,0.006264097988605499,0.004871794910286553,0.8750679851509631,31,1,8,8,False,
somethingv2,validation,109650,data/Something_data/videos_full/109650.webm,93,8,25,8,56,False,False,0.2715575397014618,0.09127337066456676,0.004871794910286553,0.8654084773734212,49,2,8,8,False,
somethingv2,validation,91544,data/Something_data/videos_full/91544.webm,93,8,25,8,100,False,True,0.5007700324058533,0.058009599801152945,0.004871794910286553,0.7719626557081938,59,2,8,8,False,
somethingv2,validation,77606,data/Something_data/videos_full/77606.webm,93,8,25,8,127,False,False,0.8355360627174377,0.06321337400004268,0.004871794910286553,0.7115665799938142,55,2,8,8,False,
somethingv2,validation,151454,data/Something_data/videos_full/151454.webm,93,8,25,8,125,False,False,0.74537193775177,0.07086407486349344,0.004871794910286553,0.6455400926060975,60,2,8,8,False,
somethingv2,validation,71563,data/Something_data/videos_full/71563.webm,93,8,25,8,125,False,False,0.7059945464134216,0.11256519705057144,0.004566275762044825,2.6669911900535226,43,2,8,8,False,
somethingv2,validation,103890,data/Something_data/videos_full/103890.webm,93,8,25,8,160,False,False,0.3957024812698364,0.10243940213695168,0.004566275762044825,2.552467080298811,43,2,8,8,False,
somethingv2,validation,213845,data/Something_data/videos_full/213845.webm,93,8,25,8,16,False,False,0.5290054678916931,0.05936792166903615,0.004566275762044825,2.4471083381213248,37,2,8,8,False,
somethingv2,validation,171027,data/Something_data/videos_full/171027.webm,93,8,25,8,18,False,False,0.809637725353241,0.05352776497602463,0.004566275762044825,2.385857765097171,50,2,8,8,False,
somethingv2,validation,17765,data/Something_data/videos_full/17765.webm,93,8,25,8,93,True,True,0.21129092574119568,0.048467558808624744,0.004566275762044825,2.330800618045032,43,2,8,8,False,
somethingv2,validation,48387,data/Something_data/videos_full/48387.webm,93,8,25,8,100,False,False,0.34781843423843384,0.05934821115806699,0.004566275762044825,2.2812540270388126,37,2,8,8,False,
somethingv2,validation,145929,data/Something_data/videos_full/145929.webm,93,8,25,8,19,False,False,0.8329488635063171,0.009707687888294458,0.004566275762044825,2.2208677269518375,34,1,8,8,False,
somethingv2,validation,108609,data/Something_data/videos_full/108609.webm,93,8,25,8,160,False,False,0.8632490634918213,0.11615713499486446,0.004566275762044825,2.2012171261012554,42,2,8,8,False,
somethingv2,validation,200298,data/Something_data/videos_full/200298.webm,93,8,25,8,19,False,False,0.7398656010627747,0.1187157267704606,0.004566275762044825,2.083417311310768,45,2,8,8,False,
somethingv2,validation,155958,data/Something_data/videos_full/155958.webm,93,8,25,8,128,False,False,0.38771429657936096,0.05957781570032239,0.004566275762044825,1.9637883706018329,53,2,8,8,False,
somethingv2,validation,129946,data/Something_data/videos_full/129946.webm,93,8,25,8,127,False,False,0.3127446472644806,0.06135974591597915,0.004566275762044825,1.9021507408469915,65,2,8,8,False,
somethingv2,validation,153198,data/Something_data/videos_full/153198.webm,93,8,25,8,16,False,False,0.9315916299819946,0.006527678109705448,0.004566275762044825,1.8386110081337392,28,1,8,8,False,
somethingv2,validation,196021,data/Something_data/videos_full/196021.webm,93,8,25,8,160,False,False,0.8667493462562561,0.10953911812976003,0.004566275762044825,1.8284517633728683,42,2,8,8,False,
somethingv2,validation,116350,data/Something_data/videos_full/116350.webm,94,8,25,8,16,False,False,0.6811227202415466,0.007441406138241291,0.004566275762044825,1.7160622403025627,29,1,8,8,False,
somethingv2,validation,62117,data/Something_data/videos_full/62117.webm,94,8,25,8,17,False,False,0.32935047149658203,0.07195201888680458,0.004566275762044825,1.699188721831888,56,2,8,8,False,
somethingv2,validation,32992,data/Something_data/videos_full/32992.webm,94,8,25,8,56,False,False,0.35261601209640503,0.07746718777343631,0.004566275762044825,1.6254337839782238,46,2,8,8,False,
somethingv2,validation,35939,data/Something_data/videos_full/35939.webm,94,8,25,8,56,False,False,0.7214748859405518,0.08173573669046164,0.004566275762044825,1.5464009447023273,50,2,8,8,False,
somethingv2,validation,220583,data/Something_data/videos_full/220583.webm,94,8,25,8,125,False,False,0.5505741834640503,0.08373835496604443,0.004566275762044825,1.4634445514529943,48,2,8,8,False,
somethingv2,validation,159264,data/Something_data/videos_full/159264.webm,94,8,25,8,129,False,False,0.9755869507789612,0.06074002664536238,0.004566275762044825,1.3783233310095966,63,2,8,8,False,
somethingv2,validation,35156,data/Something_data/videos_full/35156.webm,94,8,25,8,128,False,False,0.27662336826324463,0.06138256611302495,0.004566275762044825,1.316585418768227,58,2,8,8,False,
somethingv2,validation,161659,data/Something_data/videos_full/161659.webm,94,8,25,8,100,False,False,0.48724427819252014,0.07011461909860373,0.004566275762044825,1.2541038170456886,47,2,8,8,False,
somethingv2,validation,123711,data/Something_data/videos_full/123711.webm,94,8,25,8,126,False,False,0.4552948772907257,0.053742364048957825,0.004566275762044825,1.1825140328146517,60,2,8,8,False,
somethingv2,validation,60467,data/Something_data/videos_full/60467.webm,94,8,25,8,127,False,False,0.35922771692276,0.05711578205227852,0.004566275762044825,1.1264430610463023,54,2,8,8,False,
somethingv2,validation,136045,data/Something_data/videos_full/136045.webm,94,8,25,8,127,False,False,0.8583741188049316,0.0729585699737072,0.004566275762044825,1.0675183376297355,68,3,8,8,False,
somethingv2,validation,132487,data/Something_data/videos_full/132487.webm,94,8,25,8,19,False,False,0.13461197912693024,0.008077772799879313,0.004566275762044825,0.9932198720052838,24,1,8,8,False,
somethingv2,validation,71054,data/Something_data/videos_full/71054.webm,94,8,25,8,98,False,False,0.4872940480709076,0.0631657401099801,0.004566275762044825,0.9785440689884126,45,2,8,8,False,
somethingv2,validation,177810,data/Something_data/videos_full/177810.webm,94,8,25,8,134,False,False,0.2901648283004761,0.004884504247456789,0.004566275762044825,0.9137336770072579,17,1,8,8,False,
somethingv2,validation,138954,data/Something_data/videos_full/138954.webm,94,8,25,8,127,False,False,0.38584840297698975,0.045536624267697334,0.004566275762044825,0.9075899957679212,64,2,8,8,False,
somethingv2,validation,195007,data/Something_data/videos_full/195007.webm,94,8,25,8,19,False,False,0.27465009689331055,0.007074651308357716,0.004566275762044825,0.8599355788901448,31,1,8,8,False,
somethingv2,validation,42661,data/Something_data/videos_full/42661.webm,94,8,25,8,80,False,False,0.2367382049560547,0.09932662500068545,0.004566275762044825,0.8498478000983596,68,3,8,8,False,
somethingv2,validation,158343,data/Something_data/videos_full/158343.webm,94,8,25,8,126,False,False,0.6166465282440186,0.08467160910367966,0.004566275762044825,0.7483130232430995,48,2,8,8,False,
somethingv2,validation,81577,data/Something_data/videos_full/81577.webm,94,8,25,8,16,False,False,0.7810744047164917,0.10063876071944833,0.004566275762044825,0.6626297859475017,45,2,8,8,False,
somethingv2,validation,87275,data/Something_data/videos_full/87275.webm,94,8,25,8,56,False,False,0.39581602811813354,0.015957598108798265,0.004729703010525554,2.527127331122756,46,2,8,8,False,
somethingv2,validation,140684,data/Something_data/videos_full/140684.webm,95,8,25,8,22,False,False,0.2877306640148163,0.05718530295416713,0.004729703010525554,2.500945501960814,57,2,8,8,False,
somethingv2,validation,119573,data/Something_data/videos_full/119573.webm,95,8,25,8,69,False,False,0.1363324522972107,0.08569312281906605,0.004729703010525554,2.4428157219663262,59,2,8,8,False,
somethingv2,validation,2659,data/Something_data/videos_full/2659.webm,95,8,25,8,127,False,False,0.9527842402458191,0.006019005086272955,0.004729703010525554,2.3552656611427665,33,1,8,8,False,
somethingv2,validation,33701,data/Something_data/videos_full/33701.webm,95,8,25,8,56,False,False,0.2132907658815384,0.010359833016991615,0.004729703010525554,2.345433889888227,38,2,8,8,False,
somethingv2,validation,139489,data/Something_data/videos_full/139489.webm,95,8,25,8,127,False,False,0.7117673754692078,0.16633759019896388,0.004729703010525554,2.331154583953321,46,2,8,8,False,
somethingv2,validation,145503,data/Something_data/videos_full/145503.webm,95,8,25,8,100,False,False,0.4158460199832916,0.08327878313139081,0.004729703010525554,2.1618249593302608,65,2,8,8,False,
somethingv2,validation,103402,data/Something_data/videos_full/103402.webm,95,8,25,8,6,False,False,0.3286874294281006,0.07966812001541257,0.004729703010525554,2.0764845851808786,49,2,8,8,False,
somethingv2,validation,31012,data/Something_data/videos_full/31012.webm,95,8,25,8,127,False,False,0.8228075504302979,0.08865979081019759,0.004729703010525554,1.994736114051193,37,2,8,8,False,
somethingv2,validation,94123,data/Something_data/videos_full/94123.webm,95,8,25,8,20,False,False,0.9402226209640503,0.07938769599422812,0.004729703010525554,1.9040488190948963,52,2,8,8,False,
somethingv2,validation,129306,data/Something_data/videos_full/129306.webm,95,8,25,8,126,False,False,0.14532470703125,0.07390879094600677,0.004729703010525554,1.8228489700704813,65,2,8,8,False,
somethingv2,validation,9858,data/Something_data/videos_full/9858.webm,95,8,25,8,56,False,False,0.4315639138221741,0.0720583600923419,0.004729703010525554,1.7477435460314155,53,2,8,8,False,
somethingv2,validation,146789,data/Something_data/videos_full/146789.webm,95,8,25,8,100,False,False,0.4965732991695404,0.005950183141976595,0.004729703010525554,1.674156092107296,21,1,8,8,False,
somethingv2,validation,76636,data/Something_data/videos_full/76636.webm,95,8,25,8,127,False,False,0.7748493552207947,0.06985813798382878,0.004729703010525554,1.6642771121114492,56,2,8,8,False,
somethingv2,validation,168948,data/Something_data/videos_full/168948.webm,95,8,25,8,16,False,False,0.3089310824871063,0.07038415921851993,0.004729703010525554,1.5931712705641985,38,2,8,8,False,
somethingv2,validation,201575,data/Something_data/videos_full/201575.webm,95,8,25,8,125,False,False,0.7319898009300232,0.005794093012809753,0.004729703010525554,1.5211263638921082,34,1,8,8,False,
somethingv2,validation,43190,data/Something_data/videos_full/43190.webm,95,8,25,8,56,False,False,0.3752520978450775,0.0062598190270364285,0.004729703010525554,1.5115820160135627,28,1,8,8,False,
somethingv2,validation,43816,data/Something_data/videos_full/43816.webm,95,8,25,8,16,False,False,0.9916782379150391,0.0049519967287778854,0.004729703010525554,1.501418347004801,27,1,8,8,False,
somethingv2,validation,77274,data/Something_data/videos_full/77274.webm,95,8,25,8,18,False,False,0.2469804435968399,0.008476404007524252,0.004729703010525554,1.492421796079725,34,1,8,8,False,
somethingv2,validation,82785,data/Something_data/videos_full/82785.webm,95,8,25,8,127,False,False,0.9108301401138306,0.07096313638612628,0.004729703010525554,1.4775206060148776,58,2,8,8,False,
somethingv2,validation,177854,data/Something_data/videos_full/177854.webm,95,8,25,8,19,False,False,0.30534711480140686,0.006789769046008587,0.004729703010525554,1.4043915863148868,61,2,8,8,False,
somethingv2,validation,161627,data/Something_data/videos_full/161627.webm,96,8,25,8,160,False,False,0.21040570735931396,0.10773059073835611,0.004729703010525554,1.394097460899502,67,3,8,8,False,
somethingv2,validation,79814,data/Something_data/videos_full/79814.webm,96,8,25,8,98,False,False,0.5768820643424988,0.13563875295221806,0.004729703010525554,1.2843763651326299,67,3,8,8,False,
somethingv2,validation,30596,data/Something_data/videos_full/30596.webm,96,8,25,8,139,False,False,0.4900639057159424,0.10003091627731919,0.004729703010525554,1.1464447709731758,56,2,8,8,False,
somethingv2,validation,204430,data/Something_data/videos_full/204430.webm,96,8,25,8,19,False,False,0.4118928015232086,0.06675885198637843,0.004729703010525554,1.0445680539123714,49,2,8,8,False,
somethingv2,validation,175586,data/Something_data/videos_full/175586.webm,96,8,25,8,67,False,False,0.9403773546218872,0.08869235310703516,0.004729703010525554,0.9766109706833959,61,2,8,8,False,
somethingv2,validation,198465,data/Something_data/videos_full/198465.webm,96,8,25,8,79,False,False,0.8667407035827637,0.09496004600077868,0.004729703010525554,0.8865958652459085,50,2,8,8,False,
somethingv2,validation,195531,data/Something_data/videos_full/195531.webm,96,8,25,8,98,False,True,0.6373937726020813,0.06711537623777986,0.004729703010525554,0.7905618310905993,50,2,8,8,False,
somethingv2,validation,70316,data/Something_data/videos_full/70316.webm,96,8,25,8,127,False,False,0.6303689479827881,0.08631319226697087,0.004729703010525554,0.7226337129250169,51,2,8,8,False,
somethingv2,validation,64651,data/Something_data/videos_full/64651.webm,96,8,25,8,144,False,False,0.7554086446762085,0.00774369016289711,0.004729703010525554,0.633681068662554,22,1,8,8,False,
somethingv2,validation,79373,data/Something_data/videos_full/79373.webm,96,8,25,8,19,False,False,0.7190583348274231,0.0065995859913527966,0.004729703010525554,0.6175081268884242,29,1,8,8,False,
somethingv2,validation,4698,data/Something_data/videos_full/4698.webm,96,8,25,8,18,False,False,0.17042121291160583,0.04976367810741067,0.004729703010525554,0.6063128858804703,46,2,8,8,False,
somethingv2,validation,73278,data/Something_data/videos_full/73278.webm,96,8,25,8,125,False,False,0.47523874044418335,0.008688941597938538,0.004745019687106833,2.3796913232654333,31,1,8,8,False,
somethingv2,validation,35222,data/Something_data/videos_full/35222.webm,96,8,25,8,160,False,False,0.2542446255683899,0.08664012374356389,0.004745019687106833,2.369151378981769,67,3,8,8,False,
somethingv2,validation,26761,data/Something_data/videos_full/26761.webm,96,8,25,8,125,False,False,0.3710864782333374,0.008176098112016916,0.004745019687106833,2.2814107378944755,34,1,8,8,False,
somethingv2,validation,107051,data/Something_data/videos_full/107051.webm,96,8,25,8,17,False,False,0.7295476794242859,0.10431430116295815,0.004745019687106833,2.2662888509221375,39,2,8,8,False,
somethingv2,validation,62250,data/Something_data/videos_full/62250.webm,96,8,25,8,100,False,False,0.16828744113445282,0.12724292883649468,0.004745019687106833,2.1592739350162446,67,3,8,8,False,
somethingv2,validation,147217,data/Something_data/videos_full/147217.webm,96,8,25,8,125,False,False,0.37410926818847656,0.007448941934853792,0.004745019687106833,2.0286638741381466,34,1,8,8,False,
somethingv2,validation,92623,data/Something_data/videos_full/92623.webm,96,8,25,8,19,False,False,0.7706117033958435,0.007838744670152664,0.004745019687106833,2.014418873935938,11,1,8,8,False,
somethingv2,validation,76113,data/Something_data/videos_full/76113.webm,96,8,25,8,15,False,False,0.7774462103843689,0.1162161286920309,0.004745019687106833,2.0026658116839826,58,2,8,8,False,
somethingv2,validation,74057,data/Something_data/videos_full/74057.webm,96,8,25,8,19,False,False,0.989538311958313,0.006593748927116394,0.004745019687106833,1.8845774680376053,29,1,8,8,False,
somethingv2,validation,183975,data/Something_data/videos_full/183975.webm,97,8,25,8,140,False,True,0.2734731435775757,0.05345402890816331,0.004745019687106833,1.871985549107194,49,2,8,8,False,
somethingv2,validation,155995,data/Something_data/videos_full/155995.webm,97,8,25,8,16,False,False,0.33817780017852783,0.007989700883626938,0.004745019687106833,1.8177893520332873,23,1,8,8,False,
somethingv2,validation,97458,data/Something_data/videos_full/97458.webm,97,8,25,8,100,False,False,0.3953571319580078,0.007761836983263493,0.004745019687106833,1.801141731441021,31,1,8,8,False,
somethingv2,validation,23550,data/Something_data/videos_full/23550.webm,97,8,25,8,129,False,False,0.3166654706001282,0.04820555029436946,0.004745019687106833,1.786923130042851,71,3,8,8,False,
somethingv2,validation,180526,data/Something_data/videos_full/180526.webm,97,8,25,8,100,False,False,0.2647055983543396,0.08668460883200169,0.004745019687106833,1.737758053932339,50,2,8,8,False,
somethingv2,validation,157285,data/Something_data/videos_full/157285.webm,97,8,25,8,16,False,False,0.8433223962783813,0.007535765413194895,0.004745019687106833,1.6499450034461915,27,1,8,8,False,
somethingv2,validation,197831,data/Something_data/videos_full/197831.webm,97,8,25,8,16,False,False,0.8844667077064514,0.06980445887893438,0.004745019687106833,1.636361623648554,46,2,8,8,False,
somethingv2,validation,46838,data/Something_data/videos_full/46838.webm,97,8,25,8,16,False,False,0.5409197211265564,0.08833521418273449,0.004745019687106833,1.5651397542096674,72,3,8,8,False,
somethingv2,validation,167092,data/Something_data/videos_full/167092.webm,97,8,25,8,140,False,True,0.46366485953330994,0.08054649597033858,0.004745019687106833,1.4741182141005993,40,2,8,8,False,
somethingv2,validation,57664,data/Something_data/videos_full/57664.webm,97,8,25,8,160,False,False,0.46076610684394836,0.07528001395985484,0.004745019687106833,1.391633682884276,47,2,8,8,False,
somethingv2,validation,89713,data/Something_data/videos_full/89713.webm,97,8,25,8,128,False,False,0.534458339214325,0.0063309562392532825,0.004745019687106833,1.3132486562244594,28,1,8,8,False,
somethingv2,validation,66647,data/Something_data/videos_full/66647.webm,97,8,25,8,151,False,False,0.38554906845092773,0.1399976392276585,0.004745019687106833,1.306128635071218,68,3,8,8,False,
somethingv2,validation,66568,data/Something_data/videos_full/66568.webm,97,8,25,8,125,False,False,0.43879643082618713,0.03005903633311391,0.004745019687106833,1.164115936961025,41,2,8,8,False,
somethingv2,validation,120624,data/Something_data/videos_full/120624.webm,97,8,25,8,56,False,False,0.37070536613464355,0.00658470718190074,0.004745019687106833,1.1333264107815921,22,1,8,8,False,
somethingv2,validation,125648,data/Something_data/videos_full/125648.webm,97,8,25,8,160,False,False,0.5405918955802917,0.09176114667207003,0.004745019687106833,1.1214097309857607,38,2,8,8,False,
somethingv2,validation,39117,data/Something_data/videos_full/39117.webm,97,8,25,8,30,False,False,0.4406980872154236,0.08793928008526564,0.004745019687106833,1.0280410749837756,56,2,8,8,False,
somethingv2,validation,32256,data/Something_data/videos_full/32256.webm,97,8,25,8,127,False,False,0.5357285737991333,0.06671035382896662,0.004745019687106833,0.9385423096828163,59,2,8,8,False,
somethingv2,validation,79556,data/Something_data/videos_full/79556.webm,97,8,25,8,20,False,False,0.5823653340339661,0.07109505590051413,0.004745019687106833,0.8704945803619921,51,2,8,8,False,
somethingv2,validation,163180,data/Something_data/videos_full/163180.webm,97,8,25,8,125,False,False,0.9848067760467529,0.07019139500334859,0.004745019687106833,0.7984153162688017,48,2,8,8,False,
somethingv2,validation,18088,data/Something_data/videos_full/18088.webm,97,8,25,8,54,False,False,0.3979441523551941,0.008059666957706213,0.004745019687106833,0.7265712702646852,34,1,8,8,False,
somethingv2,validation,112179,data/Something_data/videos_full/112179.webm,98,8,25,8,16,False,False,0.8239374160766602,0.07768468698486686,0.004745019687106833,0.7112635211087763,66,2,8,8,False,
somethingv2,validation,26207,data/Something_data/videos_full/26207.webm,98,8,25,8,100,False,False,0.924277663230896,0.007298894226551056,0.004745019687106833,0.6309497579932213,20,1,8,8,False,
somethingv2,validation,209179,data/Something_data/videos_full/209179.webm,98,8,25,8,19,False,True,0.8245454430580139,0.073352025821805,0.004745019687106833,0.6141612003557384,60,2,8,8,False,
somethingv2,validation,134574,data/Something_data/videos_full/134574.webm,98,8,25,8,19,False,False,0.6890960931777954,0.08944648830220103,0.0046676925994688645,2.7055531200021505,43,2,8,8,False,
somethingv2,validation,13583,data/Something_data/videos_full/13583.webm,98,8,25,8,16,False,False,0.4069474935531616,0.08801486203446984,0.0046676925994688645,2.6129395738244057,47,2,8,8,False,
somethingv2,validation,99414,data/Something_data/videos_full/99414.webm,98,8,25,8,67,False,True,0.4580477774143219,0.07816979475319386,0.0046676925994688645,2.5225359867326915,57,2,8,8,False,
somethingv2,validation,23367,data/Something_data/videos_full/23367.webm,98,8,25,8,126,False,False,0.8442841172218323,0.10145152499899268,0.0046676925994688645,2.442295945249498,72,3,8,8,False,
somethingv2,validation,94678,data/Something_data/videos_full/94678.webm,98,8,25,8,127,False,False,0.8856653571128845,0.08432100899517536,0.0046676925994688645,2.3392061656340957,57,2,8,8,False,
somethingv2,validation,16687,data/Something_data/videos_full/16687.webm,98,8,25,8,160,False,False,0.9146335124969482,0.058583471924066544,0.0046676925994688645,2.253140621352941,47,2,8,8,False,
somethingv2,validation,7247,data/Something_data/videos_full/7247.webm,98,8,25,8,19,False,False,0.4740156829357147,0.006108236964792013,0.0046676925994688645,2.1935762776993215,15,1,8,8,False,
somethingv2,validation,150265,data/Something_data/videos_full/150265.webm,98,8,25,8,98,True,True,0.9804614782333374,0.0816388507373631,0.0046676925994688645,2.1852477779611945,56,2,8,8,False,
somethingv2,validation,192093,data/Something_data/videos_full/192093.webm,98,8,25,8,127,False,False,0.8925961852073669,0.058580643963068724,0.0046676925994688645,2.1021146439015865,55,2,8,8,False,
somethingv2,validation,128688,data/Something_data/videos_full/128688.webm,98,8,25,8,18,False,False,0.5956635475158691,0.10324720712378621,0.0046676925994688645,2.0424209223128855,51,2,8,8,False,
somethingv2,validation,159543,data/Something_data/videos_full/159543.webm,98,8,25,8,128,False,False,0.11619434505701065,0.005453190766274929,0.0046676925994688645,1.937121421098709,24,1,8,8,False,
somethingv2,validation,91110,data/Something_data/videos_full/91110.webm,98,8,25,8,79,False,False,0.2488994151353836,0.12496449099853635,0.0046676925994688645,1.9297606758773327,56,2,8,8,False,
somethingv2,validation,72216,data/Something_data/videos_full/72216.webm,98,8,25,8,124,False,False,0.6772143840789795,0.06841032998636365,0.0046676925994688645,1.802320348098874,38,2,8,8,False,
somethingv2,validation,209459,data/Something_data/videos_full/209459.webm,98,8,25,8,100,False,False,0.44396910071372986,0.061434872914105654,0.0046676925994688645,1.7319679148495197,44,2,8,8,False,
somethingv2,validation,192363,data/Something_data/videos_full/192363.webm,98,8,25,8,160,False,False,0.780096173286438,0.08261035289615393,0.0046676925994688645,1.6682648193091154,42,2,8,8,False,
somethingv2,validation,75486,data/Something_data/videos_full/75486.webm,98,8,25,8,98,True,True,0.913061261177063,0.06934503559023142,0.0046676925994688645,1.5838501611724496,63,2,8,8,False,
somethingv2,validation,15848,data/Something_data/videos_full/15848.webm,98,8,25,8,19,False,False,0.9064964056015015,0.08536830777302384,0.0046676925994688645,1.5131842959672213,52,2,8,8,False,
somethingv2,validation,132790,data/Something_data/videos_full/132790.webm,99,8,25,8,100,False,False,0.8722976446151733,0.0874147922731936,0.0046676925994688645,1.4267442361451685,40,2,8,8,False,
somethingv2,validation,173229,data/Something_data/videos_full/173229.webm,99,8,25,8,125,False,False,0.9481934905052185,0.10707254987210035,0.0046676925994688645,1.3379610199481249,56,2,8,8,False,
somethingv2,validation,57533,data/Something_data/videos_full/57533.webm,99,8,25,8,126,False,False,0.6256146430969238,0.05794389313086867,0.0046676925994688645,1.2296938300132751,41,2,8,8,False,
somethingv2,validation,209847,data/Something_data/videos_full/209847.webm,99,8,25,8,100,False,False,0.4073939919471741,0.005804924760013819,0.0046676925994688645,1.1702306037768722,25,1,8,8,False,
somethingv2,validation,11238,data/Something_data/videos_full/11238.webm,99,8,25,8,126,False,False,0.2818412184715271,0.07055276306346059,0.0046676925994688645,1.1627310370095074,42,2,8,8,False,
somethingv2,validation,176362,data/Something_data/videos_full/176362.webm,99,8,25,8,67,False,False,0.19538891315460205,0.06092648999765515,0.0046676925994688645,1.0901648118160665,42,2,8,8,False,
somethingv2,validation,110521,data/Something_data/videos_full/110521.webm,99,8,25,8,56,False,False,0.3383493721485138,0.006528480909764767,0.0046676925994688645,1.0270750001072884,32,1,8,8,False,
somethingv2,validation,39680,data/Something_data/videos_full/39680.webm,99,8,25,8,18,False,False,0.49384406208992004,0.005634010303765535,0.0046676925994688645,1.0180930448696017,34,1,8,8,False,
somethingv2,validation,148885,data/Something_data/videos_full/148885.webm,99,8,25,8,126,False,True,0.9554641246795654,0.08291239943355322,0.0046676925994688645,1.010369174182415,50,2,8,8,False,
somethingv2,validation,160589,data/Something_data/videos_full/160589.webm,99,8,25,8,101,False,False,0.5181373357772827,0.06442749593406916,0.0046676925994688645,0.925141807179898,58,2,8,8,False,
somethingv2,validation,125865,data/Something_data/videos_full/125865.webm,99,8,25,8,56,False,False,0.6658473610877991,0.05751106981188059,0.0046676925994688645,0.8589095030911267,52,2,8,8,False,
somethingv2,validation,55506,data/Something_data/videos_full/55506.webm,99,8,25,8,125,False,False,0.6020092964172363,0.07932422496378422,0.0046676925994688645,0.8000913821160793,49,2,8,8,False,
somethingv2,validation,39443,data/Something_data/videos_full/39443.webm,99,8,25,8,16,False,False,0.6070352792739868,0.07868733629584312,0.0046676925994688645,0.7196193179115653,43,2,8,8,False,
somethingv2,validation,34019,data/Something_data/videos_full/34019.webm,99,8,25,8,160,False,False,0.5989503264427185,0.005345610901713371,0.0046676925994688645,0.6392602086998522,28,1,8,8,False,
somethingv2,validation,36635,data/Something_data/videos_full/36635.webm,99,8,25,8,100,False,False,0.6360896229743958,0.056922140065580606,0.0046676925994688645,0.6315126409754157,50,2,8,8,False,
somethingv2,validation,78887,data/Something_data/videos_full/78887.webm,99,8,25,8,151,False,True,0.25882768630981445,0.06395545369014144,0.004762516706250608,2.5966618852689862,61,2,8,8,False,
somethingv2,validation,206608,data/Something_data/videos_full/206608.webm,99,8,25,8,56,False,False,0.5662276148796082,0.07450045784935355,0.004762516706250608,2.531601275783032,49,2,8,8,False,
somethingv2,validation,89566,data/Something_data/videos_full/89566.webm,99,8,25,8,19,False,False,0.8321811556816101,0.0066225361078977585,0.004762516706250608,2.4559513977728784,32,1,8,8,False,
somethingv2,validation,61207,data/Something_data/videos_full/61207.webm,99,8,25,8,18,False,False,0.8438963890075684,0.0050008948892354965,0.004762516706250608,2.443812182638794,32,1,8,8,False,
somethingv2,validation,180401,data/Something_data/videos_full/180401.webm,99,8,25,8,127,False,False,0.7841629385948181,0.11264578672125936,0.004762516706250608,2.4366356870159507,39,2,8,8,False,
somethingv2,validation,4636,data/Something_data/videos_full/4636.webm,100,8,25,8,16,False,True,0.43061116337776184,0.043622651137411594,0.004762516706250608,2.32283626915887,66,2,8,8,False,
somethingv2,validation,108066,data/Something_data/videos_full/108066.webm,100,8,25,8,56,False,False,0.5578706860542297,0.056140108965337276,0.004762516706250608,2.2783820838667452,57,2,8,8,False,
somethingv2,validation,206622,data/Something_data/videos_full/206622.webm,100,8,25,8,128,False,False,0.9032070636749268,0.07225125515833497,0.004762516706250608,2.2201961032114923,39,2,8,8,False,
somethingv2,validation,128539,data/Something_data/videos_full/128539.webm,100,8,25,8,127,False,False,0.5377779006958008,0.023848635610193014,0.004762516706250608,2.145464276894927,56,2,8,8,False,
somethingv2,validation,35794,data/Something_data/videos_full/35794.webm,100,8,25,8,16,False,True,0.5517020225524902,0.09443803690373898,0.004762516706250608,2.1205608299933374,48,2,8,8,False,
somethingv2,validation,202275,data/Something_data/videos_full/202275.webm,100,8,25,8,16,False,False,0.6503331065177917,0.006983892992138863,0.004762516706250608,2.022699270863086,25,1,8,8,False,
somethingv2,validation,75948,data/Something_data/videos_full/75948.webm,100,8,25,8,100,True,True,0.7812626957893372,0.060773062985390425,0.004762516706250608,2.0129402531310916,38,2,8,8,False,
somethingv2,validation,49632,data/Something_data/videos_full/49632.webm,100,8,25,8,126,False,False,0.4378128945827484,0.008850565180182457,0.004762516706250608,1.9508874788880348,37,2,8,8,False,
somethingv2,validation,76658,data/Something_data/videos_full/76658.webm,100,8,25,8,56,False,False,0.6239656805992126,0.008342501241713762,0.004762516706250608,1.938121112063527,29,1,8,8,False,
somethingv2,validation,29762,data/Something_data/videos_full/29762.webm,100,8,25,8,160,False,True,0.7894605398178101,0.006682028993964195,0.004762516706250608,1.9223668719641864,31,1,8,8,False,
somethingv2,validation,20458,data/Something_data/videos_full/20458.webm,100,8,25,8,128,False,False,0.914245069026947,0.040130804758518934,0.004762516706250608,1.910936411935836,38,2,8,8,False,
somethingv2,validation,38899,data/Something_data/videos_full/38899.webm,100,8,25,8,100,True,True,0.8117103576660156,0.08051011804491282,0.004762516706250608,1.8696363945491612,40,2,8,8,False,
somethingv2,validation,44219,data/Something_data/videos_full/44219.webm,100,8,25,8,100,True,True,0.4507318437099457,0.0068663908168673515,0.004762516706250608,1.7874804679304361,28,1,8,8,False,
somethingv2,validation,219351,data/Something_data/videos_full/219351.webm,100,8,25,8,126,False,False,0.37977340817451477,0.07164819911122322,0.004762516706250608,1.7748494972474873,44,2,8,8,False,
somethingv2,validation,176479,data/Something_data/videos_full/176479.webm,100,8,25,8,127,False,False,0.9008223414421082,0.04814737383276224,0.004762516706250608,1.7016504677012563,62,2,8,8,False,
somethingv2,validation,106204,data/Something_data/videos_full/106204.webm,100,8,25,8,18,False,False,0.5769863128662109,0.09528467198833823,0.004762516706250608,1.651984707918018,53,2,8,8,False,
somethingv2,validation,98577,data/Something_data/videos_full/98577.webm,100,8,25,8,56,False,False,0.8774810433387756,0.0762665057554841,0.004762516706250608,1.5555166928097606,51,2,8,8,False,
somethingv2,validation,192912,data/Something_data/videos_full/192912.webm,100,8,25,8,125,False,False,0.2985753118991852,0.11135871196165681,0.004762516706250608,1.4779648212715983,36,2,8,8,False,
somethingv2,validation,116203,data/Something_data/videos_full/116203.webm,100,8,25,8,127,False,False,0.7256249785423279,0.06981191271916032,0.004762516706250608,1.3641400719061494,56,2,8,8,False,
somethingv2,validation,154751,data/Something_data/videos_full/154751.webm,100,8,25,8,127,False,False,0.5684468150138855,0.06700331717729568,0.004762516706250608,1.2916769930161536,41,2,8,8,False,
somethingv2,validation,52709,data/Something_data/videos_full/52709.webm,101,8,25,8,15,False,True,0.9889528751373291,0.08154396992176771,0.004762516706250608,1.2229853090830147,67,3,8,8,False,
somethingv2,validation,175214,data/Something_data/videos_full/175214.webm,101,8,25,8,128,False,False,0.548823893070221,0.08588600903749466,0.004762516706250608,1.1398479556664824,56,2,8,8,False,
somethingv2,validation,93576,data/Something_data/videos_full/93576.webm,101,8,25,8,128,False,False,0.8729965090751648,0.11296660080552101,0.004762516706250608,1.0525067108683288,54,2,8,8,False,
somethingv2,validation,197445,data/Something_data/videos_full/197445.webm,101,8,25,8,19,False,False,0.9898412823677063,0.07758627785369754,0.004762516706250608,0.9381274110637605,41,2,8,8,False,
somethingv2,validation,54844,data/Something_data/videos_full/54844.webm,101,8,25,8,15,False,False,0.3861156105995178,0.07209198689088225,0.004762516706250608,0.8594164489768445,51,2,8,8,False,
somethingv2,validation,17265,data/Something_data/videos_full/17265.webm,101,8,25,8,56,False,False,0.7462191581726074,0.10205554496496916,0.004762516706250608,0.7862445549108088,48,2,8,8,False,
somethingv2,validation,124065,data/Something_data/videos_full/124065.webm,101,8,25,8,42,False,False,0.20999476313591003,0.09838643204420805,0.004762516706250608,0.6816913108341396,49,2,8,8,False,
somethingv2,validation,73975,data/Something_data/videos_full/73975.webm,101,8,25,8,100,False,True,0.2916323244571686,0.07505511399358511,0.004770455052494071,2.822157674934715,36,2,8,8,False,
somethingv2,validation,26291,data/Something_data/videos_full/26291.webm,101,8,25,8,133,False,False,0.45404478907585144,0.08642313396558166,0.004770455052494071,2.744201763998717,61,2,8,8,False,
somethingv2,validation,33102,data/Something_data/videos_full/33102.webm,101,8,25,8,11,False,False,0.7599655389785767,0.1234118677675724,0.004770455052494071,2.655476253014058,67,3,8,8,False,
somethingv2,validation,126159,data/Something_data/videos_full/126159.webm,101,8,25,8,18,False,False,0.3240429759025574,0.1021170187741518,0.004770455052494071,2.529631997924298,47,2,8,8,False,
somethingv2,validation,169802,data/Something_data/videos_full/169802.webm,101,8,25,8,1,False,True,0.16164354979991913,0.061794720590114594,0.004770455052494071,2.42583025386557,66,2,8,8,False,
somethingv2,validation,168300,data/Something_data/videos_full/168300.webm,101,8,25,8,19,False,False,0.9976039528846741,0.08980886312201619,0.004770455052494071,2.362553363200277,39,2,8,8,False,
somethingv2,validation,7716,data/Something_data/videos_full/7716.webm,101,8,25,8,128,False,False,0.3635457158088684,0.06525174202397466,0.004770455052494071,2.2712459079921246,49,2,8,8,False,
somethingv2,validation,198852,data/Something_data/videos_full/198852.webm,101,8,25,8,133,False,False,0.2836993634700775,0.006969881244003773,0.004770455052494071,2.2048687618225813,28,1,8,8,False,
somethingv2,validation,118009,data/Something_data/videos_full/118009.webm,101,8,25,8,19,False,False,0.8769088983535767,0.09746831795200706,0.004770455052494071,2.192139785271138,71,3,8,8,False,
somethingv2,validation,147122,data/Something_data/videos_full/147122.webm,101,8,25,8,42,False,False,0.489965558052063,0.07164323795586824,0.004770455052494071,2.093614296987653,62,2,8,8,False,
somethingv2,validation,171824,data/Something_data/videos_full/171824.webm,101,8,25,8,126,False,False,0.8815140128135681,0.1031900872476399,0.004770455052494071,2.0199182918295264,56,2,8,8,False,
somethingv2,validation,29178,data/Something_data/videos_full/29178.webm,101,8,25,8,19,False,False,0.4329166114330292,0.07693110080435872,0.004770455052494071,1.9140167636796832,40,2,8,8,False,
somethingv2,validation,67850,data/Something_data/videos_full/67850.webm,101,8,25,8,133,False,False,0.19521544873714447,0.10724102286621928,0.004770455052494071,1.8353191469796002,72,3,8,8,False,
somethingv2,validation,146870,data/Something_data/videos_full/146870.webm,102,8,25,8,128,False,False,0.7318025231361389,0.05786111671477556,0.004770455052494071,1.7258926341310143,53,2,8,8,False,
somethingv2,validation,48313,data/Something_data/videos_full/48313.webm,102,8,25,8,127,False,False,0.5450693964958191,0.12632569391280413,0.004770455052494071,1.666731548961252,54,2,8,8,False,
somethingv2,validation,8503,data/Something_data/videos_full/8503.webm,102,8,25,8,128,False,False,0.9169564247131348,0.092152482829988,0.004770455052494071,1.5389190688729286,57,2,8,8,False,
somethingv2,validation,136341,data/Something_data/videos_full/136341.webm,102,8,25,8,16,False,False,0.18305142223834991,0.04092860966920853,0.004770455052494071,1.4455315172672272,43,2,8,8,False,
somethingv2,validation,162973,data/Something_data/videos_full/162973.webm,102,8,25,8,124,False,False,0.9910667538642883,0.04195560794323683,0.004770455052494071,1.4033728330396116,64,2,8,8,False,
somethingv2,validation,18455,data/Something_data/videos_full/18455.webm,102,8,25,8,124,False,False,0.9958351850509644,0.006164134945720434,0.004770455052494071,1.3606905420310795,64,2,8,8,False,
somethingv2,validation,82524,data/Something_data/videos_full/82524.webm,102,8,25,8,124,False,False,0.9920195937156677,0.058934677857905626,0.004770455052494071,1.3520519048906863,67,3,8,8,False,
somethingv2,validation,148629,data/Something_data/videos_full/148629.webm,102,8,25,8,16,False,False,0.16319215297698975,0.05755766108632088,0.004770455052494071,1.2915350808762014,64,2,8,8,False,
somethingv2,validation,65274,data/Something_data/videos_full/65274.webm,102,8,25,8,126,False,False,0.8473024964332581,0.01906684599816799,0.004770455052494071,1.231883602682501,52,2,8,8,False,
somethingv2,validation,90236,data/Something_data/videos_full/90236.webm,102,8,25,8,126,False,False,0.9823854565620422,0.08702603308483958,0.004770455052494071,1.200798561796546,61,2,8,8,False,
somethingv2,validation,144500,data/Something_data/videos_full/144500.webm,102,8,25,8,108,False,False,0.7058065533638,0.07168299006298184,0.004770455052494071,1.1115133720450103,66,2,8,8,False,
somethingv2,validation,141467,data/Something_data/videos_full/141467.webm,102,8,25,8,128,False,False,0.7184845805168152,0.07202370185405016,0.004770455052494071,1.0378701910376549,54,2,8,8,False,
somethingv2,validation,168946,data/Something_data/videos_full/168946.webm,102,8,25,8,128,False,False,0.8006492257118225,0.0581709542311728,0.004770455052494071,0.9643321302719414,61,2,8,8,False,
somethingv2,validation,25948,data/Something_data/videos_full/25948.webm,102,8,25,8,128,False,False,0.9824568033218384,0.08210713928565383,0.004770455052494071,0.9044290562160313,62,2,8,8,False,
somethingv2,validation,99958,data/Something_data/videos_full/99958.webm,102,8,25,8,125,False,False,0.5837839245796204,0.05123086180537939,0.004770455052494071,0.8210282400250435,54,2,8,8,False,
somethingv2,validation,77719,data/Something_data/videos_full/77719.webm,102,8,25,8,128,False,False,0.7768885493278503,0.04562869435176253,0.004770455052494071,0.7687205262482166,58,2,8,8,False,
somethingv2,validation,89512,data/Something_data/videos_full/89512.webm,102,8,25,8,125,False,False,0.8164546489715576,0.00615584896877408,0.004770455052494071,0.7221087729558349,19,1,8,8,False,
somethingv2,validation,77820,data/Something_data/videos_full/77820.webm,102,8,25,8,160,False,False,0.2581756114959717,0.08006201824173331,0.004770455052494071,0.7107354011386633,51,2,8,8,False,
somethingv2,validation,42849,data/Something_data/videos_full/42849.webm,102,8,25,8,128,False,False,0.941062867641449,0.05882497411221266,0.004770455052494071,0.6296088066883385,48,2,8,8,False,
somethingv2,validation,219561,data/Something_data/videos_full/219561.webm,102,8,25,8,15,False,False,0.24271002411842346,0.06968285515904427,0.004722978730569594,2.6770801753737032,60,2,8,8,False,
somethingv2,validation,15520,data/Something_data/videos_full/15520.webm,103,8,25,8,15,False,False,0.5021808743476868,0.04710450116544962,0.004722978730569594,2.6061906586401165,61,2,8,8,False,
somethingv2,validation,54658,data/Something_data/videos_full/54658.webm,103,8,25,8,19,False,False,0.8628444075584412,0.004794150125235319,0.004722978730569594,2.5579637540504336,33,1,8,8,False,
somethingv2,validation,216998,data/Something_data/videos_full/216998.webm,103,8,25,8,19,False,False,0.5196647644042969,0.07693573785945773,0.004722978730569594,2.5526458802632987,48,2,8,8,False,
somethingv2,validation,173234,data/Something_data/videos_full/173234.webm,103,8,25,8,125,False,False,0.4747622311115265,0.15345388976857066,0.004722978730569594,2.474441036116332,58,2,8,8,False,
somethingv2,validation,63879,data/Something_data/videos_full/63879.webm,103,8,25,8,142,False,False,0.3689329922199249,0.007517989259213209,0.004722978730569594,2.318088691215962,52,2,8,8,False,
somethingv2,validation,135355,data/Something_data/videos_full/135355.webm,103,8,25,8,98,False,False,0.11430785059928894,0.07156367972493172,0.004722978730569594,2.3069775607436895,43,2,8,8,False,
somethingv2,validation,208307,data/Something_data/videos_full/208307.webm,103,8,25,8,134,False,False,0.46179211139678955,0.05132362199947238,0.004722978730569594,2.232394364196807,68,3,8,8,False,
somethingv2,validation,213743,data/Something_data/videos_full/213743.webm,103,8,25,8,15,False,False,0.4932088255882263,0.08701120829209685,0.004722978730569594,2.1794071937911212,67,3,8,8,False,
somethingv2,validation,130616,data/Something_data/videos_full/130616.webm,103,8,25,8,124,False,False,0.9603759050369263,0.06372465193271637,0.004722978730569594,2.090608990751207,63,2,8,8,False,
somethingv2,validation,43923,data/Something_data/videos_full/43923.webm,103,8,25,8,11,False,False,0.8046598434448242,0.007543779909610748,0.004722978730569594,2.025796425063163,53,2,8,8,False,
somethingv2,validation,118075,data/Something_data/videos_full/118075.webm,103,8,25,8,12,False,False,0.12130614370107651,0.0808556959964335,0.004722978730569594,2.014858136419207,68,3,8,8,False,
somethingv2,validation,26327,data/Something_data/videos_full/26327.webm,103,8,25,8,16,False,False,0.7941448092460632,0.1008799341507256,0.004722978730569594,1.9329666970297694,70,3,8,8,False,
somethingv2,validation,164346,data/Something_data/videos_full/164346.webm,103,8,25,8,56,False,False,0.7360245585441589,0.09543423913419247,0.004722978730569594,1.830631987657398,44,2,8,8,False,
somethingv2,validation,134252,data/Something_data/videos_full/134252.webm,103,8,25,8,155,False,False,0.22107164561748505,0.04586041998118162,0.004722978730569594,1.733799499925226,45,2,8,8,False,
somethingv2,validation,185884,data/Something_data/videos_full/185884.webm,103,8,25,8,134,False,False,0.47987866401672363,0.0656201122328639,0.004722978730569594,1.6861473079770803,61,2,8,8,False,
somethingv2,validation,160277,data/Something_data/videos_full/160277.webm,103,8,25,8,56,False,False,0.5103102326393127,0.0783996656537056,0.004722978730569594,1.6185509567148983,36,2,8,8,False,
somethingv2,validation,15177,data/Something_data/videos_full/15177.webm,103,8,25,8,16,False,False,0.5674101710319519,0.08978597074747086,0.004722978730569594,1.537743880879134,48,2,8,8,False,
somethingv2,validation,13939,data/Something_data/videos_full/13939.webm,103,8,25,8,15,False,False,0.4985862970352173,0.08832601504400373,0.004722978730569594,1.4456806392408907,60,2,8,8,False,
somethingv2,validation,203070,data/Something_data/videos_full/203070.webm,103,8,25,8,15,False,False,0.11206671595573425,0.04929917957633734,0.004722978730569594,1.3547974401153624,53,2,8,8,False,
somethingv2,validation,205695,data/Something_data/videos_full/205695.webm,103,8,25,8,15,False,False,0.4104810953140259,0.03598194196820259,0.004722978730569594,1.3041164800524712,37,2,8,8,False,
somethingv2,validation,74760,data/Something_data/videos_full/74760.webm,104,8,25,8,129,False,False,0.9447660446166992,0.039018440060317516,0.004722978730569594,1.2675021719187498,55,2,8,8,False,
somethingv2,validation,212065,data/Something_data/videos_full/212065.webm,104,8,25,8,125,False,False,0.5901064872741699,0.013496045023202896,0.004722978730569594,1.2273753439076245,56,2,8,8,False,
somethingv2,validation,25965,data/Something_data/videos_full/25965.webm,104,8,25,8,15,False,False,0.8444705605506897,0.07434664480388165,0.004722978730569594,1.2059751632623374,42,2,8,8,False,
somethingv2,validation,140413,data/Something_data/videos_full/140413.webm,104,8,25,8,124,False,False,0.8970108032226562,0.04299370897933841,0.004722978730569594,1.1302810893394053,61,2,8,8,False,
somethingv2,validation,153325,data/Something_data/videos_full/153325.webm,104,8,25,8,128,False,False,0.5465124845504761,0.005312598776072264,0.004722978730569594,1.0859523401595652,26,1,8,8,False,
somethingv2,validation,193729,data/Something_data/videos_full/193729.webm,104,8,25,8,127,False,False,0.3140391707420349,0.0316048813983798,0.004722978730569594,1.0769931180402637,56,2,8,8,False,
somethingv2,validation,63671,data/Something_data/videos_full/63671.webm,104,8,25,8,128,False,False,0.5046061873435974,0.08759581902995706,0.004722978730569594,1.044128046836704,49,2,8,8,False,
somethingv2,validation,91488,data/Something_data/videos_full/91488.webm,104,8,25,8,126,False,False,0.9697623252868652,0.14523236127570271,0.004722978730569594,0.9549571690149605,73,3,8,8,False,
somethingv2,validation,195976,data/Something_data/videos_full/195976.webm,104,8,25,8,128,False,False,0.9663822650909424,0.14733204012736678,0.004722978730569594,0.8070490602403879,51,2,8,8,False,
somethingv2,validation,114784,data/Something_data/videos_full/114784.webm,104,8,25,8,129,False,False,0.6970025300979614,0.06947828363627195,0.004722978730569594,0.6574448551982641,44,2,8,8,False,
somethingv2,validation,202101,data/Something_data/videos_full/202101.webm,104,8,25,8,19,False,False,0.9123032093048096,0.0549581591039896,0.004722978730569594,0.5860686390660703,44,2,8,8,False,
somethingv2,validation,150041,data/Something_data/videos_full/150041.webm,104,8,25,8,17,False,False,0.5434651374816895,0.0667267837561667,0.0049008156202035025,2.787969800643623,56,2,8,8,False,
somethingv2,validation,86488,data/Something_data/videos_full/86488.webm,104,8,25,8,17,False,False,0.9649511575698853,0.05015261610969901,0.0049008156202035025,2.718732259236276,63,2,8,8,False,
somethingv2,validation,81162,data/Something_data/videos_full/81162.webm,104,8,25,8,56,False,False,0.7285431623458862,0.011201552581042051,0.0049008156202035025,2.666800871025771,43,2,8,8,False,
somethingv2,validation,149224,data/Something_data/videos_full/149224.webm,104,8,25,8,127,False,False,0.7561957240104675,0.05955651914700866,0.0049008156202035025,2.649895853828639,57,2,8,8,False,
somethingv2,validation,79026,data/Something_data/videos_full/79026.webm,104,8,25,8,129,False,False,0.7218510508537292,0.006449476815760136,0.0049008156202035025,2.588899445720017,17,1,8,8,False,
somethingv2,validation,14292,data/Something_data/videos_full/14292.webm,104,8,25,8,125,False,False,0.5197141170501709,0.058975192718207836,0.0049008156202035025,2.578698835801333,42,2,8,8,False,
somethingv2,validation,17366,data/Something_data/videos_full/17366.webm,104,8,25,8,123,False,False,0.5015523433685303,0.10354356281459332,0.0049008156202035025,2.5186479813419282,54,2,8,8,False,
somethingv2,validation,186396,data/Something_data/videos_full/186396.webm,104,8,25,8,59,False,False,0.4239586889743805,0.061461278703063726,0.0049008156202035025,2.413629076909274,52,2,8,8,False,
somethingv2,validation,125787,data/Something_data/videos_full/125787.webm,104,8,25,8,19,False,False,0.7731552720069885,0.07031477615237236,0.0049008156202035025,2.35077319201082,60,2,8,8,False,
somethingv2,validation,23005,data/Something_data/videos_full/23005.webm,105,8,25,8,29,False,False,0.2789318859577179,0.08776218025013804,0.0049008156202035025,2.2795461253263056,53,2,8,8,False,
somethingv2,validation,85067,data/Something_data/videos_full/85067.webm,105,8,25,8,128,False,False,0.9777002930641174,0.06275375233963132,0.0049008156202035025,2.1895685009658337,54,2,8,8,False,
somethingv2,validation,119103,data/Something_data/videos_full/119103.webm,105,8,25,8,22,False,False,0.31249624490737915,0.07270521018654108,0.0049008156202035025,2.1244469257071614,43,2,8,8,False,
somethingv2,validation,130349,data/Something_data/videos_full/130349.webm,105,8,25,8,125,False,False,0.3783408999443054,0.033865496050566435,0.0049008156202035025,2.049148527905345,49,2,8,8,False,
somethingv2,validation,99754,data/Something_data/videos_full/99754.webm,105,8,25,8,130,False,False,0.26055046916007996,0.0977514130063355,0.0049008156202035025,2.0143480147235096,41,2,8,8,False,
somethingv2,validation,115399,data/Something_data/videos_full/115399.webm,105,8,25,8,125,False,True,0.7163513898849487,0.11717819003388286,0.0049008156202035025,1.9143428788520396,40,2,8,8,False,
somethingv2,validation,165912,data/Something_data/videos_full/165912.webm,105,8,25,8,128,False,False,0.8971942067146301,0.056217340752482414,0.0049008156202035025,1.7957098381593823,44,2,8,8,False,
somethingv2,validation,34319,data/Something_data/videos_full/34319.webm,105,8,25,8,126,False,False,0.35789161920547485,0.04824906215071678,0.0049008156202035025,1.738439996726811,66,2,8,8,False,
somethingv2,validation,51775,data/Something_data/videos_full/51775.webm,105,8,25,8,125,False,False,0.831714391708374,0.005787568632513285,0.0049008156202035025,1.689260970801115,28,1,8,8,False,
somethingv2,validation,195109,data/Something_data/videos_full/195109.webm,105,8,25,8,128,False,False,0.9495323300361633,0.1397881587035954,0.0049008156202035025,1.6790384338237345,50,2,8,8,False,
somethingv2,validation,27419,data/Something_data/videos_full/27419.webm,105,8,25,8,128,False,False,0.4110892713069916,0.10997867817059159,0.0049008156202035025,1.537835804745555,57,2,8,8,False,
somethingv2,validation,171353,data/Something_data/videos_full/171353.webm,105,8,25,8,127,False,False,0.8384698033332825,0.058400348760187626,0.0049008156202035025,1.4255644036456943,45,2,8,8,False,
somethingv2,validation,142814,data/Something_data/videos_full/142814.webm,105,8,25,8,127,False,False,0.5759323835372925,0.0864466461353004,0.0049008156202035025,1.3645873721688986,49,2,8,8,False,
somethingv2,validation,216143,data/Something_data/videos_full/216143.webm,105,8,25,8,127,False,False,0.8620250225067139,0.06053831102326512,0.0049008156202035025,1.275792055297643,62,2,8,8,False,
somethingv2,validation,51893,data/Something_data/videos_full/51893.webm,105,8,25,8,18,False,False,0.707764744758606,0.07294797385111451,0.0049008156202035025,1.2134596230462193,51,2,8,8,False,
somethingv2,validation,183205,data/Something_data/videos_full/183205.webm,105,8,25,8,16,False,False,0.9685986638069153,0.08838712703436613,0.0049008156202035025,1.1391075919382274,55,2,8,8,False,
somethingv2,validation,72436,data/Something_data/videos_full/72436.webm,105,8,25,8,125,False,False,0.5129687190055847,0.006098710000514984,0.0049008156202035025,1.0493917954154313,33,1,8,8,False,
somethingv2,validation,205408,data/Something_data/videos_full/205408.webm,105,8,25,8,130,False,False,0.20546813309192657,0.1137820309959352,0.0049008156202035025,1.0398229099810123,42,2,8,8,False,
somethingv2,validation,72315,data/Something_data/videos_full/72315.webm,105,8,25,8,66,False,False,0.3236043453216553,0.006822152063250542,0.0049008156202035025,0.9247226319275796,56,2,8,8,False,
somethingv2,validation,81136,data/Something_data/videos_full/81136.webm,105,8,25,8,126,False,False,0.8964033722877502,0.09211797174066305,0.0049008156202035025,0.9149263887666166,53,2,8,8,False,
somethingv2,validation,139178,data/Something_data/videos_full/139178.webm,106,8,25,8,16,False,False,0.9440374374389648,0.09300554869696498,0.0049008156202035025,0.8216127129271626,52,2,8,8,False,
somethingv2,validation,156862,data/Something_data/videos_full/156862.webm,106,8,25,8,19,False,False,0.4127581715583801,0.11492403596639633,0.0049008156202035025,0.7272282959893346,73,3,8,8,False,
somethingv2,validation,28312,data/Something_data/videos_full/28312.webm,106,8,25,8,46,False,False,0.6405208706855774,0.061204658821225166,0.0049008156202035025,0.6103218677453697,62,2,8,8,False,
somethingv2,validation,27009,data/Something_data/videos_full/27009.webm,106,8,25,8,20,False,False,0.5458657741546631,0.06958208698779345,0.004674552474170923,3.203490298707038,62,2,8,8,False,
somethingv2,validation,40969,data/Something_data/videos_full/40969.webm,106,8,25,8,125,False,False,0.5698118805885315,0.010073569603264332,0.004674552474170923,3.1317395218648016,26,1,8,8,False,
somethingv2,validation,186252,data/Something_data/videos_full/186252.webm,106,8,25,8,125,False,False,0.9047154784202576,0.09176258184015751,0.004674552474170923,3.1108508710749447,40,2,8,8,False,
somethingv2,validation,207594,data/Something_data/videos_full/207594.webm,106,8,25,8,78,False,False,0.3988789916038513,0.10760740004479885,0.004674552474170923,3.016967144794762,65,2,8,8,False,
somethingv2,validation,90333,data/Something_data/videos_full/90333.webm,106,8,25,8,18,False,False,0.5382897257804871,0.13147343834862113,0.004674552474170923,2.906990781892091,46,2,8,8,False,
somethingv2,validation,194298,data/Something_data/videos_full/194298.webm,106,8,25,8,19,False,False,0.9857827425003052,0.07623057160526514,0.004674552474170923,2.773573850747198,39,2,8,8,False,
somethingv2,validation,63668,data/Something_data/videos_full/63668.webm,106,8,25,8,19,False,False,0.5859456062316895,0.108763478230685,0.004674552474170923,2.6962958821095526,46,2,8,8,False,
somethingv2,validation,119096,data/Something_data/videos_full/119096.webm,106,8,25,8,129,False,False,0.9995071887969971,0.08955925703048706,0.004674552474170923,2.586096028331667,37,2,8,8,False,
somethingv2,validation,139331,data/Something_data/videos_full/139331.webm,106,8,25,8,20,False,False,0.46809473633766174,0.07270343694835901,0.004674552474170923,2.495272670406848,36,2,8,8,False,
somethingv2,validation,174861,data/Something_data/videos_full/174861.webm,106,8,25,8,129,False,False,0.9743074774742126,0.062380810268223286,0.004674552474170923,2.4211223861202598,55,2,8,8,False,
somethingv2,validation,135393,data/Something_data/videos_full/135393.webm,106,8,25,8,18,False,False,0.47890445590019226,0.07997028669342399,0.004674552474170923,2.356909415218979,55,2,8,8,False,
somethingv2,validation,160604,data/Something_data/videos_full/160604.webm,106,8,25,8,146,False,False,0.20415933430194855,0.08480154909193516,0.004674552474170923,2.2736355452798307,49,2,8,8,False,
somethingv2,validation,157592,data/Something_data/videos_full/157592.webm,106,8,25,8,145,False,False,0.5268750786781311,0.16773708909749985,0.004674552474170923,2.186492352746427,70,3,8,8,False,
somethingv2,validation,108786,data/Something_data/videos_full/108786.webm,106,8,25,8,129,False,False,0.4622771143913269,0.06455318303778768,0.004674552474170923,2.016580620314926,55,2,8,8,False,
somethingv2,validation,30256,data/Something_data/videos_full/30256.webm,106,8,25,8,19,False,False,0.5722463726997375,0.08118021162226796,0.004674552474170923,1.9510814351961017,44,2,8,8,False,
somethingv2,validation,218384,data/Something_data/videos_full/218384.webm,106,8,25,8,129,False,False,0.8075262904167175,0.050840798765420914,0.004674552474170923,1.868624857161194,49,2,8,8,False,
somethingv2,validation,55276,data/Something_data/videos_full/55276.webm,106,8,25,8,130,False,False,0.9568458199501038,0.0872462228871882,0.004674552474170923,1.8170223091728985,55,2,8,8,False,
somethingv2,validation,122329,data/Something_data/videos_full/122329.webm,107,8,25,8,56,False,False,0.6288657188415527,0.05754350498318672,0.004674552474170923,1.7281520352698863,62,2,8,8,False,
somethingv2,validation,208961,data/Something_data/videos_full/208961.webm,107,8,25,8,19,False,False,0.9431297183036804,0.042690252885222435,0.004674552474170923,1.6695316690020263,46,2,8,8,False,
somethingv2,validation,122604,data/Something_data/videos_full/122604.webm,107,8,25,8,126,False,False,0.7754418253898621,0.1313309883698821,0.004674552474170923,1.6258669379167259,45,2,8,8,False,
somethingv2,validation,12303,data/Something_data/videos_full/12303.webm,107,8,25,8,56,False,False,0.41532406210899353,0.07016104506328702,0.004674552474170923,1.4915971760638058,53,2,8,8,False,
somethingv2,validation,1108,data/Something_data/videos_full/1108.webm,107,8,25,8,19,False,False,0.9877759218215942,0.10004412196576595,0.004674552474170923,1.4196605230681598,41,2,8,8,False,
somethingv2,validation,159389,data/Something_data/videos_full/159389.webm,107,8,25,8,125,False,False,0.8183169364929199,0.06618973705917597,0.004674552474170923,1.3174366420134902,39,2,8,8,False,
somethingv2,validation,3362,data/Something_data/videos_full/3362.webm,107,8,25,8,129,False,False,0.994533896446228,0.07589696208015084,0.004674552474170923,1.2494281479157507,55,2,8,8,False,
somethingv2,validation,87993,data/Something_data/videos_full/87993.webm,107,8,25,8,19,False,False,0.9989012479782104,0.06869304971769452,0.004674552474170923,1.1722395913675427,66,2,8,8,False,
somethingv2,validation,17367,data/Something_data/videos_full/17367.webm,107,8,25,8,128,False,False,0.33651551604270935,0.0777206290513277,0.004674552474170923,1.1023713028989732,56,2,8,8,False,
somethingv2,validation,47212,data/Something_data/videos_full/47212.webm,107,8,25,8,127,False,False,0.2626221776008606,0.07683071214705706,0.004674552474170923,1.0236094701103866,41,2,8,8,False,
somethingv2,validation,146834,data/Something_data/videos_full/146834.webm,107,8,25,8,125,False,False,0.3281952440738678,0.05805841227993369,0.004674552474170923,0.9454817259684205,41,2,8,8,False,
somethingv2,validation,125775,data/Something_data/videos_full/125775.webm,107,8,25,8,127,False,False,0.9356124997138977,0.05315730720758438,0.004674552474170923,0.8864863831549883,69,3,8,8,False,
somethingv2,validation,63422,data/Something_data/videos_full/63422.webm,107,8,25,8,125,False,False,0.6674382090568542,0.09230706701055169,0.004674552474170923,0.8317656889557838,47,2,8,8,False,
somethingv2,validation,213552,data/Something_data/videos_full/213552.webm,107,8,25,8,17,False,False,0.7876420021057129,0.09468892216682434,0.004674552474170923,0.737556129693985,36,2,8,8,False,
somethingv2,validation,47429,data/Something_data/videos_full/47429.webm,107,8,25,8,129,False,False,0.5291628837585449,0.09335323004052043,0.004674552474170923,0.6401452133432031,47,2,8,8,False,
somethingv2,validation,96317,data/Something_data/videos_full/96317.webm,107,8,25,8,17,False,False,0.842110276222229,0.010918813291937113,0.004705180414021015,2.6105270348489285,21,1,8,8,False,
somethingv2,validation,67266,data/Something_data/videos_full/67266.webm,107,8,25,8,19,False,True,0.9934555888175964,0.04153945716097951,0.004705180414021015,2.594201806001365,63,2,8,8,False,
somethingv2,validation,90644,data/Something_data/videos_full/90644.webm,107,8,25,8,126,False,False,0.968336284160614,0.07616543071344495,0.004705180414021015,2.5505440896376967,57,2,8,8,False,
somethingv2,validation,140864,data/Something_data/videos_full/140864.webm,107,8,25,8,18,False,False,0.3897888958454132,0.006274029612541199,0.004705180414021015,2.4726484050042927,34,1,8,8,False,
somethingv2,validation,199138,data/Something_data/videos_full/199138.webm,107,8,25,8,19,False,True,0.9951143264770508,0.03981733974069357,0.004705180414021015,2.463907537981868,58,2,8,8,False,
somethingv2,validation,209781,data/Something_data/videos_full/209781.webm,108,8,25,8,134,False,False,0.36289188265800476,0.0072638653218746185,0.004705180414021015,2.423148501198739,29,1,8,8,False,
somethingv2,validation,139776,data/Something_data/videos_full/139776.webm,108,8,25,8,128,False,False,0.777186393737793,0.09122784901410341,0.004705180414021015,2.409642818849534,52,2,8,8,False,
somethingv2,validation,186970,data/Something_data/videos_full/186970.webm,108,8,25,8,20,False,False,0.8266980051994324,0.0482302401214838,0.004705180414021015,2.3172297347337008,45,2,8,8,False,
somethingv2,validation,147255,data/Something_data/videos_full/147255.webm,108,8,25,8,56,False,False,0.26268279552459717,0.07333006104454398,0.004705180414021015,2.268203092738986,54,2,8,8,False,
somethingv2,validation,27314,data/Something_data/videos_full/27314.webm,108,8,25,8,16,False,False,0.9665334820747375,0.05710560828447342,0.004705180414021015,2.1934559270739555,58,2,8,8,False,
somethingv2,validation,5475,data/Something_data/videos_full/5475.webm,108,8,25,8,66,False,False,0.3687838315963745,0.06412124959751964,0.004705180414021015,2.135425139218569,39,2,8,8,False,
somethingv2,validation,148162,data/Something_data/videos_full/148162.webm,108,8,25,8,139,False,True,0.46870991587638855,0.05391940101981163,0.004705180414021015,2.0701948488131166,43,2,8,8,False,
somethingv2,validation,172561,data/Something_data/videos_full/172561.webm,108,8,25,8,43,False,False,0.3962870240211487,0.08836551010608673,0.004705180414021015,2.015288653317839,38,2,8,8,False,
somethingv2,validation,43626,data/Something_data/videos_full/43626.webm,108,8,25,8,156,False,False,0.3204110562801361,0.082240030169487,0.004705180414021015,1.9249011296778917,46,2,8,8,False,
somethingv2,validation,192531,data/Something_data/videos_full/192531.webm,108,8,25,8,16,False,False,0.36061131954193115,0.15481875278055668,0.004705180414021015,1.8406937797553837,51,2,8,8,False,
somethingv2,validation,93574,data/Something_data/videos_full/93574.webm,108,8,25,8,61,False,False,0.16314855217933655,0.06929836422204971,0.004705180414021015,1.6831783526577055,59,2,8,8,False,
somethingv2,validation,184849,data/Something_data/videos_full/184849.webm,108,8,25,8,16,False,False,0.9855191707611084,0.06641569873318076,0.004705180414021015,1.6124448250047863,50,2,8,8,False,
somethingv2,validation,184495,data/Something_data/videos_full/184495.webm,108,8,25,8,16,False,False,0.6813127994537354,0.06149131711572409,0.004705180414021015,1.5443829810246825,55,2,8,8,False,
somethingv2,validation,156458,data/Something_data/videos_full/156458.webm,108,8,25,8,16,False,False,0.5926911234855652,0.06258439226076007,0.004705180414021015,1.4817170021124184,56,2,8,8,False,
somethingv2,validation,132830,data/Something_data/videos_full/132830.webm,108,8,25,8,18,False,False,0.4342801868915558,0.03497106209397316,0.004705180414021015,1.417397066950798,53,2,8,8,False,
somethingv2,validation,124854,data/Something_data/videos_full/124854.webm,108,8,25,8,45,False,False,0.1403254121541977,0.03500057011842728,0.004705180414021015,1.3811318101361394,57,2,8,8,False,
somethingv2,validation,81406,data/Something_data/videos_full/81406.webm,108,8,25,8,43,False,False,0.5166107416152954,0.059005220886319876,0.004705180414021015,1.3453830853104591,46,2,8,8,False,
somethingv2,validation,21565,data/Something_data/videos_full/21565.webm,108,8,25,8,124,False,False,0.546244740486145,0.005432444158941507,0.004705180414021015,1.2850507302209735,24,1,8,8,False,
somethingv2,validation,71198,data/Something_data/videos_full/71198.webm,108,8,25,8,139,False,False,0.49372193217277527,0.04366192687302828,0.004705180414021015,1.2763178618624806,43,2,8,8,False,
somethingv2,validation,196760,data/Something_data/videos_full/196760.webm,108,8,25,8,16,False,False,0.8558259010314941,0.14769053924828768,0.004705180414021015,1.2315797680057585,36,2,8,8,False,
somethingv2,validation,191570,data/Something_data/videos_full/191570.webm,109,8,25,8,67,False,False,0.15819433331489563,0.1365341478958726,0.004705180414021015,1.0814357530325651,46,2,8,8,False,
somethingv2,validation,124156,data/Something_data/videos_full/124156.webm,109,8,25,8,126,False,False,0.299488365650177,0.057210806757211685,0.004705180414021015,0.942947831004858,53,2,8,8,False,
somethingv2,validation,79242,data/Something_data/videos_full/79242.webm,109,8,25,8,19,False,False,0.685938835144043,0.0941010219976306,0.004705180414021015,0.8844042662531137,44,2,8,8,False,
somethingv2,validation,127051,data/Something_data/videos_full/127051.webm,109,8,25,8,128,False,False,0.30795902013778687,0.040383019018918276,0.004705180414021015,0.7888684109784663,67,3,8,8,False,
somethingv2,validation,46256,data/Something_data/videos_full/46256.webm,109,8,25,8,15,False,False,0.4768669903278351,0.056719047017395496,0.004705180414021015,0.7475946242921054,46,2,8,8,False,
somethingv2,validation,203,data/Something_data/videos_full/203.webm,109,8,25,8,135,False,False,0.280138224363327,0.04516533808782697,0.004705180414021015,0.689938573166728,52,2,8,8,False,
somethingv2,validation,59656,data/Something_data/videos_full/59656.webm,109,8,25,8,16,False,False,0.5250142812728882,0.09763674205169082,0.004705180414021015,0.6437434107065201,66,2,8,8,False,
somethingv2,validation,110898,data/Something_data/videos_full/110898.webm,109,8,25,8,16,False,False,0.9366180896759033,0.06271103722974658,0.0039723382506053895,2.28645037394017,58,2,8,8,False,
somethingv2,validation,186093,data/Something_data/videos_full/186093.webm,109,8,25,8,134,False,False,0.11242633312940598,0.03684396995231509,0.0039723382506053895,2.2225971180014312,61,2,8,8,False,
somethingv2,validation,219238,data/Something_data/videos_full/219238.webm,109,8,25,8,20,False,False,0.3931097388267517,0.08121201070025563,0.0039723382506053895,2.184615054167807,57,2,8,8,False,
somethingv2,validation,138364,data/Something_data/videos_full/138364.webm,109,8,25,8,125,False,False,0.3259774446487427,0.11867753602564335,0.0039723382506053895,2.1020800177939236,62,2,8,8,False,
somethingv2,validation,181516,data/Something_data/videos_full/181516.webm,109,8,25,8,134,False,False,0.632008969783783,0.0662597636692226,0.0039723382506053895,1.981830338947475,44,2,8,8,False,
somethingv2,validation,204125,data/Something_data/videos_full/204125.webm,109,8,25,8,160,False,False,0.5939472317695618,0.009860414080321789,0.0039723382506053895,1.9131415789015591,27,1,8,8,False,
somethingv2,validation,38391,data/Something_data/videos_full/38391.webm,109,8,25,8,125,False,False,0.49226492643356323,0.09388953913003206,0.0039723382506053895,1.895312360022217,53,2,8,8,False,
somethingv2,validation,53492,data/Something_data/videos_full/53492.webm,109,8,25,8,127,False,False,0.44575121998786926,0.08710615523159504,0.0039723382506053895,1.7987362192943692,57,2,8,8,False,
somethingv2,validation,53968,data/Something_data/videos_full/53968.webm,109,8,25,8,16,False,False,0.5982059240341187,0.007235643919557333,0.0039723382506053895,1.7095733219757676,34,1,8,8,False,
somethingv2,validation,145595,data/Something_data/videos_full/145595.webm,109,8,25,8,20,False,False,0.743881344795227,0.0073432051576673985,0.0039723382506053895,1.6979286158457398,27,1,8,8,False,
somethingv2,validation,59360,data/Something_data/videos_full/59360.webm,109,8,25,8,23,False,False,0.4146631956100464,0.045340023934841156,0.0039723382506053895,1.6866595391184092,58,2,8,8,False,
somethingv2,validation,5576,data/Something_data/videos_full/5576.webm,109,8,25,8,125,False,False,0.15026523172855377,0.005320671945810318,0.0039723382506053895,1.640299818944186,34,1,8,8,False,
somethingv2,validation,4946,data/Something_data/videos_full/4946.webm,109,8,25,8,127,False,False,0.4468362033367157,0.05507338512688875,0.0039723382506053895,1.6328813806176186,50,2,8,8,False,
somethingv2,validation,38752,data/Something_data/videos_full/38752.webm,110,8,25,8,19,False,False,0.5505664944648743,0.03579636104404926,0.0039723382506053895,1.5765942367725074,59,2,8,8,False,
somethingv2,validation,137291,data/Something_data/videos_full/137291.webm,110,8,25,8,127,False,False,0.6259449124336243,0.05674676178023219,0.0039723382506053895,1.5396293252706528,58,2,8,8,False,
somethingv2,validation,145001,data/Something_data/videos_full/145001.webm,110,8,25,8,128,False,False,0.2502543330192566,0.004739545751363039,0.0039723382506053895,1.4819080946035683,27,1,8,8,False,
somethingv2,validation,174300,data/Something_data/videos_full/174300.webm,110,8,25,8,124,False,False,0.993841290473938,0.037942457012832165,0.0039723382506053895,1.4749873168766499,61,2,8,8,False,
somethingv2,validation,72855,data/Something_data/videos_full/72855.webm,110,8,25,8,125,False,False,0.38917213678359985,0.07735142484307289,0.0039723382506053895,1.4363587009720504,64,2,8,8,False,
somethingv2,validation,68317,data/Something_data/videos_full/68317.webm,110,8,25,8,124,False,False,0.33146095275878906,0.03833113005384803,0.0039723382506053895,1.3580877627246082,45,2,8,8,False,
somethingv2,validation,35659,data/Something_data/videos_full/35659.webm,110,8,25,8,17,False,False,0.2581087648868561,0.10450045531615615,0.0039723382506053895,1.3187882280908525,67,3,8,8,False,
somethingv2,validation,168331,data/Something_data/videos_full/168331.webm,110,8,25,8,128,False,False,0.457935631275177,0.020018694922327995,0.0039723382506053895,1.2129937862046063,48,2,8,8,False,
somethingv2,validation,190769,data/Something_data/videos_full/190769.webm,110,8,25,8,48,False,False,0.17474573850631714,0.06654969416558743,0.0039723382506053895,1.192120558116585,51,2,8,8,False,
somethingv2,validation,5299,data/Something_data/videos_full/5299.webm,110,8,25,8,126,False,False,0.7974924445152283,0.058945491909980774,0.0039723382506053895,1.1238775630481541,62,2,8,8,False,
somethingv2,validation,212616,data/Something_data/videos_full/212616.webm,110,8,25,8,17,False,False,0.465925931930542,0.09233509097248316,0.0039723382506053895,1.0632118289358914,54,2,8,8,False,
somethingv2,validation,60060,data/Something_data/videos_full/60060.webm,110,8,25,8,56,False,False,0.508617639541626,0.10319450404495001,0.0039723382506053895,0.9691026550717652,36,2,8,8,False,
somethingv2,validation,54238,data/Something_data/videos_full/54238.webm,110,8,25,8,19,False,False,0.6041215658187866,0.07856179820373654,0.0039723382506053895,0.8640425452031195,46,2,8,8,False,
somethingv2,validation,101187,data/Something_data/videos_full/101187.webm,110,8,25,8,16,False,False,0.47467589378356934,0.07920208666473627,0.0039723382506053895,0.7840462541207671,55,2,8,8,False,
somethingv2,validation,2635,data/Something_data/videos_full/2635.webm,110,8,25,8,19,False,False,0.25912225246429443,0.005602888762950897,0.0039723382506053895,0.7035916508175433,29,1,8,8,False,
somethingv2,validation,171144,data/Something_data/videos_full/171144.webm,110,8,25,8,100,False,False,0.23688380420207977,0.0640247417613864,0.0039723382506053895,0.6948708817362785,44,2,8,8,False,
somethingv2,validation,43780,data/Something_data/videos_full/43780.webm,110,8,25,8,19,False,True,0.4650290012359619,0.09870776766911149,0.0039723382506053895,0.6301212781108916,40,2,8,8,False,
somethingv2,validation,20588,data/Something_data/videos_full/20588.webm,110,8,25,8,162,False,False,0.4099009335041046,0.005158901214599609,0.0039723382506053895,0.529760031029582,26,1,8,8,False,
somethingv2,validation,217714,data/Something_data/videos_full/217714.webm,110,8,25,8,20,False,False,0.7247806787490845,0.005378567148000002,0.0039723382506053895,0.5210051541216671,19,1,8,8,False,
somethingv2,validation,48432,data/Something_data/videos_full/48432.webm,110,8,25,8,19,False,False,0.6433539986610413,0.0108836330473423,0.004322771754232235,2.8546285587362945,33,1,8,8,False,
somethingv2,validation,177476,data/Something_data/videos_full/177476.webm,111,8,25,8,125,False,False,0.7473796010017395,0.10099702887237072,0.004322771754232235,2.8378551970236003,36,2,8,8,False,
somethingv2,validation,206631,data/Something_data/videos_full/206631.webm,111,8,25,8,30,False,True,0.2841705083847046,0.006197003647685051,0.004322771754232235,2.734923603013158,29,1,8,8,False,
somethingv2,validation,63141,data/Something_data/videos_full/63141.webm,111,8,25,8,143,False,False,0.16885605454444885,0.10723284585401416,0.004322771754232235,2.724884744733572,40,2,8,8,False,
somethingv2,validation,171180,data/Something_data/videos_full/171180.webm,111,8,25,8,16,False,False,0.4454071819782257,0.06410902412608266,0.004322771754232235,2.616006763651967,60,2,8,8,False,
somethingv2,validation,121585,data/Something_data/videos_full/121585.webm,111,8,25,8,16,False,False,0.3381858468055725,0.00666671572253108,0.004322771754232235,2.5501583321020007,32,1,8,8,False,
somethingv2,validation,75045,data/Something_data/videos_full/75045.webm,111,8,25,8,100,False,False,0.5231037735939026,0.062304845079779625,0.004322771754232235,2.5392029201611876,52,2,8,8,False,
somethingv2,validation,210163,data/Something_data/videos_full/210163.webm,111,8,25,8,143,False,False,0.22828936576843262,0.1214193170890212,0.004322771754232235,2.4744233689270914,42,2,8,8,False,
somethingv2,validation,179370,data/Something_data/videos_full/179370.webm,111,8,25,8,128,False,False,0.9658800959587097,0.08125244220718741,0.004322771754232235,2.351142420899123,60,2,8,8,False,
somethingv2,validation,33094,data/Something_data/videos_full/33094.webm,111,8,25,8,139,False,False,0.21609675884246826,0.08434500405564904,0.004322771754232235,2.2682049819268286,37,2,8,8,False,
somethingv2,validation,130905,data/Something_data/videos_full/130905.webm,111,8,25,8,129,False,False,0.9049113392829895,0.07233734801411629,0.004322771754232235,2.1826367671601474,62,2,8,8,False,
somethingv2,validation,95516,data/Something_data/videos_full/95516.webm,111,8,25,8,115,False,True,0.5373717546463013,0.06490100594237447,0.004322771754232235,2.1089824195951223,36,2,8,8,False,
somethingv2,validation,175034,data/Something_data/videos_full/175034.webm,111,8,25,8,129,False,False,0.27714860439300537,0.005432866048067808,0.004322771754232235,2.0428744200617075,33,1,8,8,False,
somethingv2,validation,145073,data/Something_data/videos_full/145073.webm,111,8,25,8,127,False,False,0.22856250405311584,0.08429633686318994,0.004322771754232235,2.0352364811114967,54,2,8,8,False,
somethingv2,validation,28327,data/Something_data/videos_full/28327.webm,111,8,25,8,124,False,False,0.6511331796646118,0.004824629984796047,0.004322771754232235,1.9493693290278316,30,1,8,8,False,
somethingv2,validation,201135,data/Something_data/videos_full/201135.webm,111,8,25,8,11,False,False,0.1325586885213852,0.004199132323265076,0.004322771754232235,1.9431490441784263,23,1,8,8,False,
somethingv2,validation,133130,data/Something_data/videos_full/133130.webm,111,8,25,8,116,False,True,0.4622931182384491,0.0933913360349834,0.004322771754232235,1.9374715751037002,46,2,8,8,False,
somethingv2,validation,152718,data/Something_data/videos_full/152718.webm,111,8,25,8,127,False,False,0.3485942482948303,0.07258466025814414,0.004322771754232235,1.8418823247775435,48,2,8,8,False,
somethingv2,validation,122669,data/Something_data/videos_full/122669.webm,111,8,25,8,18,False,False,0.5209922194480896,0.11228518187999725,0.004322771754232235,1.7670946419239044,67,3,8,8,False,
somethingv2,validation,200684,data/Something_data/videos_full/200684.webm,112,8,25,8,126,False,False,0.32123270630836487,0.10032160487025976,0.004322771754232235,1.6518961442634463,42,2,8,8,False,
somethingv2,validation,116311,data/Something_data/videos_full/116311.webm,112,8,25,8,128,False,False,0.7867856621742249,0.15676189865916967,0.004322771754232235,1.5488644880242646,71,3,8,8,False,
somethingv2,validation,38394,data/Something_data/videos_full/38394.webm,112,8,25,8,125,False,False,0.46621373295783997,0.0894804997369647,0.004322771754232235,1.3899185955524445,67,3,8,8,False,
somethingv2,validation,41820,data/Something_data/videos_full/41820.webm,112,8,25,8,15,False,False,0.9941412806510925,0.0964871821925044,0.004322771754232235,1.299495522864163,38,2,8,8,False,
somethingv2,validation,85082,data/Something_data/videos_full/85082.webm,112,8,25,8,128,False,False,0.9296044111251831,0.03733060462400317,0.004322771754232235,1.2013821499422193,53,2,8,8,False,
somethingv2,validation,184177,data/Something_data/videos_full/184177.webm,112,8,25,8,129,False,False,0.3709949254989624,0.0315419128164649,0.004322771754232235,1.1628035181201994,58,2,8,8,False,
somethingv2,validation,177715,data/Something_data/videos_full/177715.webm,112,8,25,8,128,False,False,0.8713493943214417,0.07916712621226907,0.004322771754232235,1.1304747280664742,52,2,8,8,False,
somethingv2,validation,116638,data/Something_data/videos_full/116638.webm,112,8,25,8,130,False,False,0.5307981967926025,0.06373437028378248,0.004322771754232235,1.049128910060972,55,2,8,8,False,
somethingv2,validation,180382,data/Something_data/videos_full/180382.webm,112,8,25,8,129,False,False,0.3608821630477905,0.07967976806685328,0.004322771754232235,0.9833238231949508,49,2,8,8,False,
somethingv2,validation,13390,data/Something_data/videos_full/13390.webm,112,8,25,8,127,False,False,0.4328175187110901,0.08997842203825712,0.004322771754232235,0.9014563071541488,41,2,8,8,False,
somethingv2,validation,112899,data/Something_data/videos_full/112899.webm,112,8,25,8,56,False,False,0.17764858901500702,0.08604080695658922,0.004322771754232235,0.8086549649015069,53,2,8,8,False,
somethingv2,validation,94027,data/Something_data/videos_full/94027.webm,112,8,25,8,127,False,False,0.8344024419784546,0.06112547079101205,0.004322771754232235,0.7208473370410502,37,2,8,8,False,
somethingv2,validation,52720,data/Something_data/videos_full/52720.webm,112,8,25,8,20,False,False,0.7403955459594727,0.0911706960760057,0.004322771754232235,0.6586622865870595,47,2,8,8,False,
somethingv2,validation,140042,data/Something_data/videos_full/140042.webm,112,8,25,8,127,False,False,0.7349921464920044,0.07716276124119759,0.0047972653701435775,2.6647513220086694,40,2,8,8,False,
somethingv2,validation,177002,data/Something_data/videos_full/177002.webm,112,8,25,8,127,False,False,0.8643335103988647,0.08187029790133238,0.0047972653701435775,2.586529586929828,53,2,8,8,False,
somethingv2,validation,175920,data/Something_data/videos_full/175920.webm,112,8,25,8,140,False,False,0.544181764125824,0.08349233400076628,0.0047972653701435775,2.5031770300120115,37,2,8,8,False,
somethingv2,validation,95615,data/Something_data/videos_full/95615.webm,112,8,25,8,15,False,False,0.9388629198074341,0.09859813889488578,0.0047972653701435775,2.418567033018917,42,2,8,8,False,
somethingv2,validation,220420,data/Something_data/videos_full/220420.webm,112,8,25,8,124,False,False,0.5307543873786926,0.04074463900178671,0.0047972653701435775,2.318434738088399,60,2,8,8,False,
somethingv2,validation,67306,data/Something_data/videos_full/67306.webm,112,8,25,8,128,False,False,0.47710636258125305,0.10413616290315986,0.0047972653701435775,2.277012596372515,55,2,8,8,False,
somethingv2,validation,71474,data/Something_data/videos_full/71474.webm,112,8,25,8,125,False,False,0.4923515021800995,0.08304115291684866,0.0047972653701435775,2.1709916442632675,56,2,8,8,False,
somethingv2,validation,18610,data/Something_data/videos_full/18610.webm,113,8,25,8,127,False,False,0.7267171740531921,0.08633871097117662,0.0047972653701435775,2.0860199416056275,54,2,8,8,False,
somethingv2,validation,185497,data/Something_data/videos_full/185497.webm,113,8,25,8,16,False,False,0.858217716217041,0.006178753916174173,0.0047972653701435775,1.9977209139615297,18,1,8,8,False,
somethingv2,validation,3137,data/Something_data/videos_full/3137.webm,113,8,25,8,127,False,False,0.9152297973632812,0.026486089918762445,0.0047972653701435775,1.9874214897863567,59,2,8,8,False,
somethingv2,validation,168061,data/Something_data/videos_full/168061.webm,113,8,25,8,151,False,False,0.6448138952255249,0.09730914607644081,0.0047972653701435775,1.9598150658421218,38,2,8,8,False,
somethingv2,validation,59264,data/Something_data/videos_full/59264.webm,113,8,25,8,15,False,False,0.9969229102134705,0.06106894323602319,0.0047972653701435775,1.8605423793196678,46,2,8,8,False,
somethingv2,validation,103938,data/Something_data/videos_full/103938.webm,113,8,25,8,127,False,False,0.9301191568374634,0.08271450409665704,0.0047972653701435775,1.7982050981372595,54,2,8,8,False,
somethingv2,validation,154011,data/Something_data/videos_full/154011.webm,113,8,25,8,127,False,False,0.6317435503005981,0.021649338770657778,0.0047972653701435775,1.713955907151103,50,2,8,8,False,
somethingv2,validation,92362,data/Something_data/videos_full/92362.webm,113,8,25,8,128,False,False,0.5846639275550842,0.027034375816583633,0.0047972653701435775,1.6916953260079026,57,2,8,8,False,
somethingv2,validation,91549,data/Something_data/videos_full/91549.webm,113,8,25,8,125,False,False,0.6800991892814636,0.005435260012745857,0.0047972653701435775,1.6640235581435263,24,1,8,8,False,
somethingv2,validation,123034,data/Something_data/videos_full/123034.webm,113,8,25,8,128,False,False,0.48148974776268005,0.06402705889195204,0.0047972653701435775,1.6550988112576306,51,2,8,8,False,
somethingv2,validation,115824,data/Something_data/videos_full/115824.webm,113,8,25,8,19,False,False,0.997280478477478,0.06544808205217123,0.0047972653701435775,1.5901563791558146,56,2,8,8,False,
somethingv2,validation,56042,data/Something_data/videos_full/56042.webm,113,8,25,8,156,False,False,0.16846609115600586,0.10615073377266526,0.0047972653701435775,1.5233190371654928,36,2,8,8,False,
somethingv2,validation,208507,data/Something_data/videos_full/208507.webm,113,8,25,8,15,False,False,0.35197991132736206,0.10495928907766938,0.0047972653701435775,1.4140258859843016,42,2,8,8,False,
somethingv2,validation,117728,data/Something_data/videos_full/117728.webm,113,8,25,8,126,False,False,0.9315740466117859,0.09556970931589603,0.0047972653701435775,1.3073508883826435,58,2,8,8,False,
somethingv2,validation,184070,data/Something_data/videos_full/184070.webm,113,8,25,8,128,False,False,0.8507155179977417,0.0622486830689013,0.0047972653701435775,1.2091942457482219,68,3,8,8,False,
somethingv2,validation,196321,data/Something_data/videos_full/196321.webm,113,8,25,8,20,False,False,0.7440767884254456,0.05342440493404865,0.0047972653701435775,1.1458005052991211,39,2,8,8,False,
somethingv2,validation,99072,data/Something_data/videos_full/99072.webm,113,8,25,8,19,False,False,0.9395602345466614,0.09534512972459197,0.0047972653701435775,1.0911656669341028,56,2,8,8,False,
somethingv2,validation,59299,data/Something_data/videos_full/59299.webm,113,8,25,8,16,False,False,0.8077509999275208,0.00592743931338191,0.0047972653701435775,0.9945613290183246,28,1,8,8,False,
somethingv2,validation,151780,data/Something_data/videos_full/151780.webm,113,8,25,8,128,False,False,0.7584954500198364,0.006584605202078819,0.0047972653701435775,0.9833600139245391,33,1,8,8,False,
somethingv2,validation,76642,data/Something_data/videos_full/76642.webm,113,8,25,8,160,False,False,0.7468850612640381,0.09304049098864198,0.0047972653701435775,0.9728910569101572,55,2,8,8,False,
somethingv2,validation,205081,data/Something_data/videos_full/205081.webm,114,8,25,8,126,False,False,0.9623502492904663,0.057529945857822895,0.0047972653701435775,0.8782471716403961,64,2,8,8,False,
somethingv2,validation,125394,data/Something_data/videos_full/125394.webm,114,8,25,8,126,False,False,0.9978355765342712,0.05833817878738046,0.0047972653701435775,0.8199130892753601,60,2,8,8,False,
somethingv2,validation,89241,data/Something_data/videos_full/89241.webm,114,8,25,8,129,False,False,0.6704044938087463,0.09043920319527388,0.0047972653701435775,0.7605268741026521,63,2,8,8,False,
somethingv2,validation,68661,data/Something_data/videos_full/68661.webm,114,8,25,8,130,False,False,0.9854300022125244,0.09482046402990818,0.0047972653701435775,0.6675069569610059,55,2,8,8,False,
somethingv2,validation,179295,data/Something_data/videos_full/179295.webm,114,8,25,8,126,False,True,0.6275976896286011,0.006975902710109949,0.0047972653701435775,0.5705395918339491,29,1,8,8,False,
somethingv2,validation,197779,data/Something_data/videos_full/197779.webm,114,8,25,8,130,False,False,0.4463938772678375,0.09361929027363658,0.00480629077355843,2.925252911634743,57,2,8,8,False,
somethingv2,validation,126686,data/Something_data/videos_full/126686.webm,114,8,25,8,16,False,False,0.3254872262477875,0.07775973388925195,0.00480629077355843,2.8290511909872293,52,2,8,8,False,
somethingv2,validation,173377,data/Something_data/videos_full/173377.webm,114,8,25,8,146,False,True,0.5681620836257935,0.09350285725668073,0.00480629077355843,2.7485112380236387,71,3,8,8,False,
somethingv2,validation,70846,data/Something_data/videos_full/70846.webm,114,8,25,8,20,False,False,0.8627629280090332,0.13898499216884375,0.00480629077355843,2.653069583233446,48,2,8,8,False,
somethingv2,validation,64862,data/Something_data/videos_full/64862.webm,114,8,25,8,114,True,True,0.957831621170044,0.08495094021782279,0.00480629077355843,2.511945123784244,52,2,8,8,False,
somethingv2,validation,20592,data/Something_data/videos_full/20592.webm,114,8,25,8,114,True,True,0.7734575271606445,0.06195932673290372,0.00480629077355843,2.4258406637236476,58,2,8,8,False,
somethingv2,validation,139484,data/Something_data/videos_full/139484.webm,114,8,25,8,125,False,False,0.4756973087787628,0.11795320687815547,0.00480629077355843,2.3629501000978053,39,2,8,8,False,
somethingv2,validation,108444,data/Something_data/videos_full/108444.webm,114,8,25,8,19,False,False,0.9392891526222229,0.08508434379473329,0.00480629077355843,2.2435864098370075,40,2,8,8,False,
somethingv2,validation,62523,data/Something_data/videos_full/62523.webm,114,8,25,8,15,False,False,0.7419940829277039,0.11567150615155697,0.00480629077355843,2.1575921182520688,52,2,8,8,False,
somethingv2,validation,197389,data/Something_data/videos_full/197389.webm,114,8,25,8,144,False,True,0.9447798728942871,0.11397222429513931,0.00480629077355843,2.039641536772251,64,2,8,8,False,
somethingv2,validation,104891,data/Something_data/videos_full/104891.webm,114,8,25,8,126,False,False,0.9587866067886353,0.08394564082846045,0.00480629077355843,1.9232759736478329,58,2,8,8,False,
somethingv2,validation,182780,data/Something_data/videos_full/182780.webm,114,8,25,8,19,False,False,0.8287896513938904,0.008007396012544632,0.00480629077355843,1.8369495081715286,31,1,8,8,False,
somethingv2,validation,22114,data/Something_data/videos_full/22114.webm,114,8,25,8,146,False,False,0.2246900200843811,0.1091076429001987,0.00480629077355843,1.822913576848805,72,3,8,8,False,
somethingv2,validation,13950,data/Something_data/videos_full/13950.webm,114,8,25,8,126,False,False,0.9905783534049988,0.05633626272901893,0.00480629077355843,1.7121244939044118,58,2,8,8,False,
somethingv2,validation,209669,data/Something_data/videos_full/209669.webm,114,8,25,8,125,False,False,0.8870704174041748,0.08581025386229157,0.00480629077355843,1.6548907710239291,47,2,8,8,False,
somethingv2,validation,60118,data/Something_data/videos_full/60118.webm,115,8,25,8,19,False,False,0.28417471051216125,0.08243167400360107,0.00480629077355843,1.5676724975928664,69,3,8,8,False,
somethingv2,validation,118368,data/Something_data/videos_full/118368.webm,115,8,25,8,145,False,False,0.8505976796150208,0.0795858008787036,0.00480629077355843,1.4841629629954696,56,2,8,8,False,
somethingv2,validation,29585,data/Something_data/videos_full/29585.webm,115,8,25,8,129,False,False,0.8851383924484253,0.005517757963389158,0.00480629077355843,1.402962907217443,27,1,8,8,False,
somethingv2,validation,66683,data/Something_data/videos_full/66683.webm,115,8,25,8,128,False,False,0.4236738681793213,0.05956706218421459,0.00480629077355843,1.3927310248836875,45,2,8,8,False,
somethingv2,validation,28955,data/Something_data/videos_full/28955.webm,115,8,25,8,125,False,False,0.7009456157684326,0.007555873598903418,0.00480629077355843,1.3304216149263084,30,1,8,8,False,
somethingv2,validation,41322,data/Something_data/videos_full/41322.webm,115,8,25,8,68,False,False,0.16137762367725372,0.06886326102539897,0.00480629077355843,1.3166137509979308,43,2,8,8,False,
somethingv2,validation,54257,data/Something_data/videos_full/54257.webm,115,8,25,8,16,False,False,0.9533604383468628,0.0064391023479402065,0.00480629077355843,1.2452513417229056,28,1,8,8,False,
somethingv2,validation,78067,data/Something_data/videos_full/78067.webm,115,8,25,8,66,False,False,0.635807991027832,0.07267195032909513,0.00480629077355843,1.2364387661218643,50,2,8,8,False,
somethingv2,validation,115750,data/Something_data/videos_full/115750.webm,115,8,25,8,20,False,False,0.3260997533798218,0.10842857277020812,0.00480629077355843,1.161919408943504,49,2,8,8,False,
somethingv2,validation,115921,data/Something_data/videos_full/115921.webm,115,8,25,8,127,False,False,0.6047634482383728,0.08421458909288049,0.00480629077355843,1.0508390348404646,51,2,8,8,False,
somethingv2,validation,29493,data/Something_data/videos_full/29493.webm,115,8,25,8,127,False,False,0.3870300352573395,0.05456399405375123,0.00480629077355843,0.9645178760401905,52,2,8,8,False,
somethingv2,validation,91330,data/Something_data/videos_full/91330.webm,115,8,25,8,124,False,False,0.6143816113471985,0.005750846117734909,0.00480629077355843,0.9086648132652044,24,1,8,8,False,
somethingv2,validation,213615,data/Something_data/videos_full/213615.webm,115,8,25,8,30,False,True,0.2659982144832611,0.05459369160234928,0.00480629077355843,0.8990601478144526,49,2,8,8,False,
somethingv2,validation,86099,data/Something_data/videos_full/86099.webm,115,8,25,8,128,False,False,0.6266923546791077,0.049982206895947456,0.00480629077355843,0.8436649041250348,56,2,8,8,False,
somethingv2,validation,101391,data/Something_data/videos_full/101391.webm,115,8,25,8,30,False,False,0.5810215473175049,0.07243439415469766,0.00480629077355843,0.7923169601708651,35,2,8,8,False,
somethingv2,validation,151380,data/Something_data/videos_full/151380.webm,115,8,25,8,128,False,False,0.6633132100105286,0.08133934810757637,0.00480629077355843,0.7189911105670035,55,2,8,8,False,
somethingv2,validation,56175,data/Something_data/videos_full/56175.webm,115,8,25,8,125,False,False,0.3689824938774109,0.06626884778961539,0.00480629077355843,0.6361673627980053,47,2,8,8,False,
somethingv2,validation,74931,data/Something_data/videos_full/74931.webm,115,8,25,8,129,False,False,0.25843027234077454,0.09789639804512262,0.004737511902931146,2.6995396590791643,35,2,8,8,False,
somethingv2,validation,69971,data/Something_data/videos_full/69971.webm,115,8,25,8,20,False,False,0.45732179284095764,0.07752950768917799,0.004737511902931146,2.6002471218816936,39,2,8,8,False,
somethingv2,validation,41432,data/Something_data/videos_full/41432.webm,115,8,25,8,25,False,False,0.8202289938926697,0.0760542037896812,0.004737511902931146,2.521275191102177,39,2,8,8,False,
somethingv2,validation,42428,data/Something_data/videos_full/42428.webm,116,8,25,8,128,False,False,0.5932376980781555,0.06501336023211479,0.004737511902931146,2.4431348256766796,50,2,8,8,False,
somethingv2,validation,110705,data/Something_data/videos_full/110705.webm,116,8,25,8,17,False,False,0.1576094925403595,0.10870376089587808,0.004737511902931146,2.375749140046537,58,2,8,8,False,
somethingv2,validation,195149,data/Something_data/videos_full/195149.webm,116,8,25,8,100,False,False,0.21378925442695618,0.08974549965932965,0.004737511902931146,2.264813252724707,45,2,8,8,False,
somethingv2,validation,121240,data/Something_data/videos_full/121240.webm,116,8,25,8,20,False,False,0.3967220187187195,0.07990506617352366,0.004737511902931146,2.172767395619303,41,2,8,8,False,
somethingv2,validation,215718,data/Something_data/videos_full/215718.webm,116,8,25,8,127,False,False,0.5641658306121826,0.05865465570241213,0.004737511902931146,2.091382621321827,59,2,8,8,False,
somethingv2,validation,62403,data/Something_data/videos_full/62403.webm,116,8,25,8,128,False,False,0.6788759231567383,0.03671771986410022,0.004737511902931146,2.0317183728329837,42,2,8,8,False,
somethingv2,validation,44658,data/Something_data/videos_full/44658.webm,116,8,25,8,116,True,True,0.38521528244018555,0.09866964910179377,0.004737511902931146,1.9942627041600645,66,2,8,8,False,
somethingv2,validation,77875,data/Something_data/videos_full/77875.webm,116,8,25,8,128,False,True,0.362422376871109,0.09671165002509952,0.004737511902931146,1.8943674741312861,50,2,8,8,False,
somethingv2,validation,176401,data/Something_data/videos_full/176401.webm,116,8,25,8,127,False,True,0.6505827903747559,0.07233614102005959,0.004737511902931146,1.7964726812206209,58,2,8,8,False,
somethingv2,validation,29308,data/Something_data/videos_full/29308.webm,116,8,25,8,128,False,False,0.30313757061958313,0.12582603096961975,0.004737511902931146,1.7217469830065966,49,2,8,8,False,
somethingv2,validation,161278,data/Something_data/videos_full/161278.webm,116,8,25,8,56,False,False,0.24901296198368073,0.07719326764345169,0.004737511902931146,1.5937806349247694,47,2,8,8,False,
somethingv2,validation,26202,data/Something_data/videos_full/26202.webm,116,8,25,8,135,False,False,0.780580997467041,0.008604342117905617,0.004737511902931146,1.5140926730819046,53,2,8,8,False,
somethingv2,validation,107007,data/Something_data/videos_full/107007.webm,116,8,25,8,128,False,True,0.18750648200511932,0.061620625667274,0.004737511902931146,1.5000954158604145,48,2,8,8,False,
somethingv2,validation,30487,data/Something_data/videos_full/30487.webm,116,8,25,8,128,False,False,0.6216960549354553,0.059573136270046234,0.004737511902931146,1.4366632122546434,65,2,8,8,False,
somethingv2,validation,116012,data/Something_data/videos_full/116012.webm,116,8,25,8,128,False,True,0.5103479027748108,0.006442820653319359,0.004737511902931146,1.375500894151628,32,1,8,8,False,
somethingv2,validation,211019,data/Something_data/videos_full/211019.webm,116,8,25,8,127,False,False,0.8631606101989746,0.04692672612145543,0.004737511902931146,1.3663293328136206,51,2,8,8,False,
somethingv2,validation,100901,data/Something_data/videos_full/100901.webm,116,8,25,8,111,False,True,0.40363970398902893,0.0923542557284236,0.004737511902931146,1.3185595436953008,52,2,8,8,False,
somethingv2,validation,61215,data/Something_data/videos_full/61215.webm,116,8,25,8,127,False,True,0.4139334559440613,0.060667773243039846,0.004737511902931146,1.2249281397089362,56,2,8,8,False,
somethingv2,validation,210853,data/Something_data/videos_full/210853.webm,116,8,25,8,20,False,False,0.5617944598197937,0.04902744526043534,0.004737511902931146,1.1633260636590421,58,2,8,8,False,
somethingv2,validation,12870,data/Something_data/videos_full/12870.webm,116,8,25,8,76,False,False,0.7078424096107483,0.06613948429003358,0.004737511902931146,1.1130052818916738,55,2,8,8,False,
somethingv2,validation,150483,data/Something_data/videos_full/150483.webm,117,8,25,8,126,False,False,0.7676244378089905,0.08091800194233656,0.004737511902931146,1.045749381184578,42,2,8,8,False,
somethingv2,validation,100661,data/Something_data/videos_full/100661.webm,117,8,25,8,125,False,False,0.5628323554992676,0.04569715494289994,0.004737511902931146,0.9622148969210684,55,2,8,8,False,
somethingv2,validation,40602,data/Something_data/videos_full/40602.webm,117,8,25,8,16,False,False,0.6880990862846375,0.07935984199866652,0.004737511902931146,0.915107645560056,61,2,8,8,False,
somethingv2,validation,2774,data/Something_data/videos_full/2774.webm,117,8,25,8,16,False,False,0.5610746741294861,0.09213675791397691,0.004737511902931146,0.8332684892229736,42,2,8,8,False,
somethingv2,validation,213560,data/Something_data/videos_full/213560.webm,117,8,25,8,18,False,False,0.8145157098770142,0.0067329551093280315,0.004737511902931146,0.7384975356981158,27,1,8,8,False,
somethingv2,validation,143793,data/Something_data/videos_full/143793.webm,117,8,25,8,18,False,False,0.4223732352256775,0.00575636699795723,0.004737511902931146,0.7289023078046739,28,1,8,8,False,
somethingv2,validation,146736,data/Something_data/videos_full/146736.webm,117,8,25,8,67,False,False,0.5497522950172424,0.10033724084496498,0.004737511902931146,0.7206542482599616,66,2,8,8,False,
somethingv2,validation,94778,data/Something_data/videos_full/94778.webm,117,8,25,8,16,False,False,0.46222829818725586,0.06031491979956627,0.004737511902931146,0.6185338692739606,45,2,8,8,False,
somethingv2,validation,45121,data/Something_data/videos_full/45121.webm,117,8,25,8,125,False,False,0.43466874957084656,0.004614736884832382,0.004737511902931146,0.5573268341831863,25,1,8,8,False,
somethingv2,validation,101339,data/Something_data/videos_full/101339.webm,117,8,25,8,140,False,False,0.4184153378009796,0.06584914308041334,0.004463251927518286,2.89042632188648,38,2,8,8,False,
somethingv2,validation,36,data/Something_data/videos_full/36.webm,117,8,25,8,20,False,False,0.7907364368438721,0.08234860980883241,0.004463251927518286,2.823281276039779,59,2,8,8,False,
somethingv2,validation,33247,data/Something_data/videos_full/33247.webm,117,8,25,8,16,False,False,0.7275575995445251,0.0058013941161334515,0.004463251927518286,2.7391329151578248,31,1,8,8,False,
somethingv2,validation,160716,data/Something_data/videos_full/160716.webm,117,8,25,8,16,False,False,0.8329108357429504,0.06443997286260128,0.004463251927518286,2.730533378198743,37,2,8,8,False,
somethingv2,validation,74289,data/Something_data/videos_full/74289.webm,117,8,25,8,135,False,False,0.4990498125553131,0.06508096493780613,0.004463251927518286,2.6651723221875727,57,2,8,8,False,
somethingv2,validation,179769,data/Something_data/videos_full/179769.webm,117,8,25,8,125,False,False,0.31692519783973694,0.06113003985956311,0.004463251927518286,2.5989233660511672,52,2,8,8,False,
somethingv2,validation,25172,data/Something_data/videos_full/25172.webm,117,8,25,8,16,False,False,0.9726038575172424,0.09160880092531443,0.004463251927518286,2.535968760959804,51,2,8,8,False,
somethingv2,validation,43061,data/Something_data/videos_full/43061.webm,117,8,25,8,100,False,False,0.7512441277503967,0.06930388510227203,0.004463251927518286,2.4430696018971503,54,2,8,8,False,
somethingv2,validation,89277,data/Something_data/videos_full/89277.webm,117,8,25,8,19,False,False,0.8809823393821716,0.006847186014056206,0.004463251927518286,2.371484715025872,34,1,8,8,False,
somethingv2,validation,153575,data/Something_data/videos_full/153575.webm,117,8,25,8,15,False,False,0.27000829577445984,0.009889197070151567,0.004463251927518286,2.3611012008041143,48,2,8,8,False,
somethingv2,validation,154431,data/Something_data/videos_full/154431.webm,117,8,25,8,20,False,False,0.7948746085166931,0.08220508322119713,0.004463251927518286,2.3472826196812093,55,2,8,8,False,
somethingv2,validation,87879,data/Something_data/videos_full/87879.webm,118,8,25,8,100,False,False,0.3571823835372925,0.08258829591795802,0.004463251927518286,2.262498640920967,50,2,8,8,False,
somethingv2,validation,174054,data/Something_data/videos_full/174054.webm,118,8,25,8,41,False,False,0.2644389867782593,0.12063663778826594,0.004463251927518286,2.1777436886914074,74,3,8,8,False,
somethingv2,validation,63313,data/Something_data/videos_full/63313.webm,118,8,25,8,19,False,False,0.5411838293075562,0.09664472891017795,0.004463251927518286,2.0548274419270456,39,2,8,8,False,
somethingv2,validation,148192,data/Something_data/videos_full/148192.webm,118,8,25,8,124,False,False,0.9298815131187439,0.005118309985846281,0.004463251927518286,1.956818887963891,25,1,8,8,False,
somethingv2,validation,143765,data/Something_data/videos_full/143765.webm,118,8,25,8,168,False,False,0.723585844039917,0.085544697009027,0.004463251927518286,1.9502950720489025,50,2,8,8,False,
somethingv2,validation,131843,data/Something_data/videos_full/131843.webm,118,8,25,8,129,False,False,0.4737488329410553,0.10995009914040565,0.004463251927518286,1.8633039318956435,51,2,8,8,False,
somethingv2,validation,132250,data/Something_data/videos_full/132250.webm,118,8,25,8,127,False,False,0.2725367844104767,0.09940615482628345,0.004463251927518286,1.7518017189577222,63,2,8,8,False,
somethingv2,validation,98227,data/Something_data/videos_full/98227.webm,118,8,25,8,129,False,False,0.4849006235599518,0.15291060600429773,0.004463251927518286,1.6513647241517901,50,2,8,8,False,
somethingv2,validation,4570,data/Something_data/videos_full/4570.webm,118,8,25,8,127,False,False,0.6480943560600281,0.11748700635507703,0.004463251927518286,1.4954667608253658,61,2,8,8,False,
somethingv2,validation,2882,data/Something_data/videos_full/2882.webm,118,8,25,8,124,False,False,0.6027898192405701,0.06910075806081295,0.004463251927518286,1.375289874151349,35,2,8,8,False,
somethingv2,validation,154557,data/Something_data/videos_full/154557.webm,118,8,25,8,130,False,False,0.7767505645751953,0.06886785291135311,0.004463251927518286,1.3046073042787611,44,2,8,8,False,
somethingv2,validation,60004,data/Something_data/videos_full/60004.webm,118,8,25,8,125,False,False,0.1664782464504242,0.04050887515768409,0.004463251927518286,1.2346707112155855,42,2,8,8,False,
somethingv2,validation,204739,data/Something_data/videos_full/204739.webm,118,8,25,8,74,False,False,0.3381825089454651,0.1227755849249661,0.004463251927518286,1.1933667128905654,52,2,8,8,False,
somethingv2,validation,69208,data/Something_data/videos_full/69208.webm,118,8,25,8,160,False,False,0.3283083438873291,0.011006530839949846,0.004463251927518286,1.069498160853982,54,2,8,8,False,
somethingv2,validation,124129,data/Something_data/videos_full/124129.webm,118,8,25,8,131,False,False,0.4908483326435089,0.007074697408825159,0.004463251927518286,1.0534235248342156,67,3,8,8,False,
somethingv2,validation,59942,data/Something_data/videos_full/59942.webm,118,8,25,8,17,False,False,0.7450309991836548,0.06171934586018324,0.004463251927518286,1.0420966409146786,50,2,8,8,False,
somethingv2,validation,203018,data/Something_data/videos_full/203018.webm,118,8,25,8,133,False,False,0.1626395434141159,0.092677918728441,0.004463251927518286,0.9790627448819578,52,2,8,8,False,
somethingv2,validation,193830,data/Something_data/videos_full/193830.webm,118,8,25,8,19,False,False,0.3980259895324707,0.09423432406038046,0.004463251927518286,0.8847696399316192,38,2,8,8,False,
somethingv2,validation,40319,data/Something_data/videos_full/40319.webm,118,8,25,8,20,False,False,0.5903405547142029,0.08798296516761184,0.004463251927518286,0.7875555888749659,52,2,8,8,False,
somethingv2,validation,75649,data/Something_data/videos_full/75649.webm,118,8,25,8,127,False,False,0.6205984354019165,0.05297276237979531,0.004463251927518286,0.6971142790280282,52,2,8,8,False,
somethingv2,validation,50660,data/Something_data/videos_full/50660.webm,119,8,25,8,125,False,False,0.6767520308494568,0.09802002226933837,0.004463251927518286,0.6421719649806619,66,2,8,8,False,
somethingv2,validation,188056,data/Something_data/videos_full/188056.webm,119,8,25,8,125,False,False,0.24748465418815613,0.13840652769431472,0.0048300543712684885,2.9205445516854525,66,2,8,8,False,
somethingv2,validation,97551,data/Something_data/videos_full/97551.webm,119,8,25,8,134,False,False,0.6632163524627686,0.07576223975047469,0.0048300543712684885,2.780342531390488,61,2,8,8,False,
somethingv2,validation,18016,data/Something_data/videos_full/18016.webm,119,8,25,8,114,False,False,0.14843854308128357,0.10587478196248412,0.0048300543712684885,2.702544178813696,59,2,8,8,False,
somethingv2,validation,173218,data/Something_data/videos_full/173218.webm,119,8,25,8,126,False,False,0.8892358541488647,0.12489322386682034,0.0048300543712684885,2.5953158428892493,69,3,8,8,False,
somethingv2,validation,130052,data/Something_data/videos_full/130052.webm,119,8,25,8,128,False,False,0.5514335632324219,0.05945305712521076,0.0048300543712684885,2.469137259759009,48,2,8,8,False,
somethingv2,validation,30402,data/Something_data/videos_full/30402.webm,119,8,25,8,16,False,False,0.4145170748233795,0.06823593005537987,0.0048300543712684885,2.408610019367188,50,2,8,8,False,
somethingv2,validation,44257,data/Something_data/videos_full/44257.webm,119,8,25,8,127,False,False,0.3448704481124878,0.08798193791881204,0.0048300543712684885,2.3391303322277963,51,2,8,8,False,
somethingv2,validation,673,data/Something_data/videos_full/673.webm,119,8,25,8,126,False,False,0.5144896507263184,0.05455179791897535,0.0048300543712684885,2.249569474719465,59,2,8,8,False,
somethingv2,validation,48257,data/Something_data/videos_full/48257.webm,119,8,25,8,173,False,False,0.5566065311431885,0.06208969606086612,0.0048300543712684885,2.192829541862011,58,2,8,8,False,
somethingv2,validation,120798,data/Something_data/videos_full/120798.webm,119,8,25,8,16,False,False,0.9404299855232239,0.06794810108840466,0.0048300543712684885,2.1294496157206595,46,2,8,8,False,
somethingv2,validation,51426,data/Something_data/videos_full/51426.webm,119,8,25,8,56,False,False,0.5608355402946472,0.08940587705001235,0.0048300543712684885,2.0597973940894008,51,2,8,8,False,
somethingv2,validation,56993,data/Something_data/videos_full/56993.webm,119,8,25,8,16,False,False,0.9360371828079224,0.006384387146681547,0.0048300543712684885,1.9688674099743366,32,1,8,8,False,
somethingv2,validation,36063,data/Something_data/videos_full/36063.webm,119,8,25,8,45,False,False,0.1841529905796051,0.006154155824333429,0.0048300543712684885,1.957977260928601,26,1,8,8,False,
somethingv2,validation,119223,data/Something_data/videos_full/119223.webm,119,8,25,8,18,False,False,0.3816561698913574,0.06829708581790328,0.0048300543712684885,1.9468165300786495,39,2,8,8,False,
somethingv2,validation,175002,data/Something_data/videos_full/175002.webm,119,8,25,8,160,False,False,0.7382307052612305,0.08164578909054399,0.0048300543712684885,1.8776482939720154,60,2,8,8,False,
somethingv2,validation,145084,data/Something_data/videos_full/145084.webm,119,8,25,8,129,False,False,0.6326472759246826,0.08744348911568522,0.0048300543712684885,1.7946211439557374,49,2,8,8,False,
somethingv2,validation,15636,data/Something_data/videos_full/15636.webm,119,8,25,8,15,False,False,0.5441093444824219,0.07172699924558401,0.0048300543712684885,1.7058595740236342,47,2,8,8,False,
somethingv2,validation,41924,data/Something_data/videos_full/41924.webm,119,8,25,8,16,False,False,0.3099912106990814,0.07495030574500561,0.0048300543712684885,1.632843672297895,37,2,8,8,False,
somethingv2,validation,2733,data/Something_data/videos_full/2733.webm,119,8,25,8,124,False,False,0.7099633812904358,0.07232457399368286,0.0048300543712684885,1.5567054571583867,42,2,8,8,False,
somethingv2,validation,218376,data/Something_data/videos_full/218376.webm,120,8,25,8,16,False,False,0.30140596628189087,0.00583484023809433,0.0048300543712684885,1.4822236588224769,24,1,8,8,False,
somethingv2,validation,142577,data/Something_data/videos_full/142577.webm,120,8,25,8,128,False,False,0.4545679986476898,0.07114255661144853,0.0048300543712684885,1.4720040820538998,64,2,8,8,False,
somethingv2,validation,157010,data/Something_data/videos_full/157010.webm,120,8,25,8,129,False,False,0.9489457011222839,0.06050507491454482,0.0048300543712684885,1.3995901579037309,56,2,8,8,False,
somethingv2,validation,194392,data/Something_data/videos_full/194392.webm,120,8,25,8,37,False,False,0.40397340059280396,0.06866311514750123,0.0048300543712684885,1.3365945760160685,54,2,8,8,False,
somethingv2,validation,189987,data/Something_data/videos_full/189987.webm,120,8,25,8,151,False,False,0.5963881015777588,0.10341557487845421,0.0048300543712684885,1.2653009463101625,55,2,8,8,False,
somethingv2,validation,197349,data/Something_data/videos_full/197349.webm,120,8,25,8,135,False,False,0.2894229590892792,0.007272816728800535,0.0048300543712684885,1.1601938479579985,24,1,8,8,False,
somethingv2,validation,19853,data/Something_data/videos_full/19853.webm,120,8,25,8,125,False,False,0.20390959084033966,0.09446908673271537,0.0048300543712684885,1.1484677139669657,44,2,8,8,False,
somethingv2,validation,206602,data/Something_data/videos_full/206602.webm,120,8,25,8,165,False,False,0.42494139075279236,0.04009057069197297,0.0048300543712684885,1.052734442986548,55,2,8,8,False,
somethingv2,validation,197131,data/Something_data/videos_full/197131.webm,120,8,25,8,15,False,False,0.49001237750053406,0.09788663033396006,0.0048300543712684885,1.0119642009958625,68,3,8,8,False,
somethingv2,validation,178551,data/Something_data/videos_full/178551.webm,120,8,25,8,128,False,False,0.6292440891265869,0.050656748935580254,0.0048300543712684885,0.9129608683288097,64,2,8,8,False,
somethingv2,validation,88459,data/Something_data/videos_full/88459.webm,120,8,25,8,128,False,False,0.9423850178718567,0.14949430571869016,0.0048300543712684885,0.8613623157143593,55,2,8,8,False,
somethingv2,validation,6420,data/Something_data/videos_full/6420.webm,120,8,25,8,155,False,False,0.2844288647174835,0.07681404985487461,0.0048300543712684885,0.7091062678955495,54,2,8,8,False,
somethingv2,validation,152201,data/Something_data/videos_full/152201.webm,120,8,25,8,16,False,False,0.6558674573898315,0.0695929890498519,0.0048300543712684885,0.6302971011027694,45,2,8,8,False,
somethingv2,validation,25846,data/Something_data/videos_full/25846.webm,120,8,25,8,126,False,False,0.6011024117469788,0.13099585101008415,0.004833554907236248,2.941311061847955,51,2,8,8,False,
somethingv2,validation,143924,data/Something_data/videos_full/143924.webm,120,8,25,8,155,False,False,0.31944969296455383,0.08580119023099542,0.004833554907236248,2.8080471861176193,64,2,8,8,False,
somethingv2,validation,88889,data/Something_data/videos_full/88889.webm,120,8,25,8,48,False,False,0.31991198658943176,0.07331908121705055,0.004833554907236248,2.7202836107462645,71,3,8,8,False,
somethingv2,validation,213359,data/Something_data/videos_full/213359.webm,120,8,25,8,16,False,False,0.9072573781013489,0.16221323888748884,0.004833554907236248,2.6444575269706547,67,3,8,8,False,
somethingv2,validation,155670,data/Something_data/videos_full/155670.webm,120,8,25,8,74,False,False,0.25430434942245483,0.06640965212136507,0.004833554907236248,2.4806188656948507,57,2,8,8,False,
somethingv2,validation,47239,data/Something_data/videos_full/47239.webm,120,8,25,8,100,False,False,0.1768253892660141,0.03812400111928582,0.004833554907236248,2.413243838120252,57,2,8,8,False,
somethingv2,validation,78020,data/Something_data/videos_full/78020.webm,120,8,25,8,134,False,False,0.3250388503074646,0.048311654943972826,0.004833554907236248,2.3742417506873608,63,2,8,8,False,
somethingv2,validation,198898,data/Something_data/videos_full/198898.webm,121,8,25,8,56,False,False,0.8465384244918823,0.10171696916222572,0.004833554907236248,2.325111704878509,44,2,8,8,False,
somethingv2,validation,19977,data/Something_data/videos_full/19977.webm,121,8,25,8,129,False,False,0.2704639732837677,0.11471329815685749,0.004833554907236248,2.2221694518812,63,2,8,8,False,
somethingv2,validation,64706,data/Something_data/videos_full/64706.webm,121,8,25,8,125,False,False,0.47235366702079773,0.09659412689507008,0.004833554907236248,2.1049107080325484,54,2,8,8,False,
somethingv2,validation,19036,data/Something_data/videos_full/19036.webm,121,8,25,8,128,False,False,0.8832722306251526,0.0071782697923481464,0.004833554907236248,2.0057335780002177,32,1,8,8,False,
somethingv2,validation,49228,data/Something_data/videos_full/49228.webm,121,8,25,8,127,False,False,0.5914298295974731,0.09751753695309162,0.004833554907236248,1.994162485934794,44,2,8,8,False,
somethingv2,validation,206735,data/Something_data/videos_full/206735.webm,121,8,25,8,128,False,False,0.6045874357223511,0.07844608463346958,0.004833554907236248,1.8939665998332202,35,2,8,8,False,
somethingv2,validation,162857,data/Something_data/videos_full/162857.webm,121,8,25,8,16,False,False,0.4279880225658417,0.09952032286673784,0.004833554907236248,1.813987220171839,39,2,8,8,False,
somethingv2,validation,35037,data/Something_data/videos_full/35037.webm,121,8,25,8,127,False,False,0.8465328216552734,0.07299104519188404,0.004833554907236248,1.7129095569252968,45,2,8,8,False,
somethingv2,validation,12829,data/Something_data/videos_full/12829.webm,121,8,25,8,18,False,False,0.9821166396141052,0.08267983002588153,0.004833554907236248,1.6389931477606297,55,2,8,8,False,
somethingv2,validation,46141,data/Something_data/videos_full/46141.webm,121,8,25,8,127,False,False,0.5029767751693726,0.06278570834547281,0.004833554907236248,1.5550571619533002,58,2,8,8,False,
somethingv2,validation,61752,data/Something_data/videos_full/61752.webm,121,8,25,8,67,False,False,0.4632945656776428,0.10640205722302198,0.004833554907236248,1.490873446688056,59,2,8,8,False,
somethingv2,validation,132053,data/Something_data/videos_full/132053.webm,121,8,25,8,128,False,False,0.7979049682617188,0.10395568981766701,0.004833554907236248,1.3815178447403014,57,2,8,8,False,
somethingv2,validation,97493,data/Something_data/videos_full/97493.webm,121,8,25,8,127,False,False,0.8288542628288269,0.08177589206025004,0.004833554907236248,1.2757005179300904,57,2,8,8,False,
somethingv2,validation,7192,data/Something_data/videos_full/7192.webm,121,8,25,8,16,False,False,0.23943933844566345,0.060872111935168505,0.004833554907236248,1.1915550008416176,40,2,8,8,False,
somethingv2,validation,196516,data/Something_data/videos_full/196516.webm,121,8,25,8,16,False,False,0.32659482955932617,0.05153415258973837,0.004833554907236248,1.128583487123251,49,2,8,8,False,
somethingv2,validation,19431,data/Something_data/videos_full/19431.webm,121,8,25,8,56,False,False,0.9047370553016663,0.0674381242133677,0.004833554907236248,1.0756222670897841,42,2,8,8,False,
somethingv2,validation,12618,data/Something_data/videos_full/12618.webm,121,8,25,8,160,False,False,0.93194580078125,0.07455162424594164,0.004833554907236248,1.0071220938116312,52,2,8,8,False,
somethingv2,validation,174616,data/Something_data/videos_full/174616.webm,121,8,25,8,16,False,False,0.3215865194797516,0.0409993720240891,0.004833554907236248,0.9313730890862644,56,2,8,8,False,
somethingv2,validation,87024,data/Something_data/videos_full/87024.webm,121,8,25,8,100,False,False,0.24395550787448883,0.05418237578123808,0.004833554907236248,0.889246101025492,43,2,8,8,False,
somethingv2,validation,159542,data/Something_data/videos_full/159542.webm,121,8,25,8,128,False,False,0.18343456089496613,0.05838715983554721,0.004833554907236248,0.8342166119255126,50,2,8,8,False,
somethingv2,validation,84353,data/Something_data/videos_full/84353.webm,122,8,25,8,22,False,True,0.7825177311897278,0.06458301516249776,0.004833554907236248,0.7746333018876612,49,2,8,8,False,
somethingv2,validation,185409,data/Something_data/videos_full/185409.webm,122,8,25,8,18,False,False,0.17072659730911255,0.006624680943787098,0.004833554907236248,0.7090959046036005,17,1,8,8,False,
somethingv2,validation,195925,data/Something_data/videos_full/195925.webm,122,8,25,8,19,False,False,0.525333046913147,0.10121490573510528,0.004833554907236248,0.698189094197005,52,2,8,8,False,
somethingv2,validation,146645,data/Something_data/videos_full/146645.webm,122,8,25,8,128,False,False,0.37139618396759033,0.006091314367949963,0.004833554907236248,0.5946393050253391,17,1,8,8,False,
somethingv2,validation,15534,data/Something_data/videos_full/15534.webm,122,8,25,8,67,False,False,0.2670742869377136,0.005345981102436781,0.004833554907236248,0.584884415846318,30,1,8,8,False,
somethingv2,validation,137443,data/Something_data/videos_full/137443.webm,122,8,25,8,122,True,True,0.4728851020336151,0.09692943934351206,0.004717262519989163,2.6265284987166524,71,3,8,8,False,
somethingv2,validation,61595,data/Something_data/videos_full/61595.webm,122,8,25,8,164,False,False,0.5690488219261169,0.06535137630999088,0.004717262519989163,2.5277325049974024,71,3,8,8,False,
somethingv2,validation,44089,data/Something_data/videos_full/44089.webm,122,8,25,8,133,False,False,0.7340554594993591,0.11678998218849301,0.004717262519989163,2.459284079261124,39,2,8,8,False,
somethingv2,validation,73729,data/Something_data/videos_full/73729.webm,122,8,25,8,160,False,False,0.8745839595794678,0.05165635794401169,0.004717262519989163,2.3403856782242656,54,2,8,8,False,
somethingv2,validation,61159,data/Something_data/videos_full/61159.webm,122,8,25,8,151,False,False,0.15409813821315765,0.006592183839529753,0.004717262519989163,2.287342255935073,24,1,8,8,False,
somethingv2,validation,92347,data/Something_data/videos_full/92347.webm,122,8,25,8,80,False,False,0.16439367830753326,0.06309037283062935,0.004717262519989163,2.276362681761384,43,2,8,8,False,
somethingv2,validation,180487,data/Something_data/videos_full/180487.webm,122,8,25,8,93,False,True,0.33978044986724854,0.006622548680752516,0.004717262519989163,2.211426019202918,31,1,8,8,False,
somethingv2,validation,138449,data/Something_data/videos_full/138449.webm,122,8,25,8,67,False,False,0.7635360360145569,0.04966306686401367,0.004717262519989163,2.2040876876562834,68,3,8,8,False,
somethingv2,validation,93522,data/Something_data/videos_full/93522.webm,122,8,25,8,160,False,False,0.2351311296224594,0.06694961991161108,0.004717262519989163,2.15333152981475,60,2,8,8,False,
somethingv2,validation,18623,data/Something_data/videos_full/18623.webm,122,8,25,8,134,False,False,0.46414706110954285,0.05373684782534838,0.004717262519989163,2.085322903934866,36,2,8,8,False,
somethingv2,validation,41527,data/Something_data/videos_full/41527.webm,122,8,25,8,156,False,False,0.2765389084815979,0.09014122420921922,0.004717262519989163,2.030646600294858,66,2,8,8,False,
somethingv2,validation,29996,data/Something_data/videos_full/29996.webm,122,8,25,8,16,False,False,0.6211634874343872,0.005606392864137888,0.004717262519989163,1.9388614702038467,23,1,8,8,False,
somethingv2,validation,88268,data/Something_data/videos_full/88268.webm,122,8,25,8,56,False,False,0.965805172920227,0.07397981593385339,0.004717262519989163,1.9289478152059019,43,2,8,8,False,
somethingv2,validation,91414,data/Something_data/videos_full/91414.webm,122,8,25,8,108,False,True,0.10494168102741241,0.05355318961665034,0.004717262519989163,1.8539197957143188,43,2,8,8,False,
somethingv2,validation,123207,data/Something_data/videos_full/123207.webm,122,8,25,8,160,False,True,0.21268196403980255,0.10032545076683164,0.004717262519989163,1.7993465419858694,70,3,8,8,False,
somethingv2,validation,31481,data/Something_data/videos_full/31481.webm,123,8,25,8,20,False,True,0.31767892837524414,0.06850791396573186,0.004717262519989163,1.696284835692495,52,2,8,8,False,
somethingv2,validation,24550,data/Something_data/videos_full/24550.webm,123,8,25,8,20,False,False,0.49610966444015503,0.011304581072181463,0.004717262519989163,1.6256207460537553,49,2,8,8,False,
somethingv2,validation,65760,data/Something_data/videos_full/65760.webm,123,8,25,8,143,False,False,0.4859328269958496,0.07799663720652461,0.004717262519989163,1.6051527610979974,47,2,8,8,False,
somethingv2,validation,115277,data/Something_data/videos_full/115277.webm,123,8,25,8,123,True,True,0.9106529355049133,0.05854215193539858,0.004717262519989163,1.5250575840473175,51,2,8,8,False,
somethingv2,validation,178000,data/Something_data/videos_full/178000.webm,123,8,25,8,66,False,False,0.3647000193595886,0.12226180918514729,0.004717262519989163,1.4641771749593318,48,2,8,8,False,
somethingv2,validation,162700,data/Something_data/videos_full/162700.webm,123,8,25,8,125,False,False,0.5224514603614807,0.006785188801586628,0.004717262519989163,1.3398410128429532,26,1,8,8,False,
somethingv2,validation,73965,data/Something_data/videos_full/73965.webm,123,8,25,8,133,False,False,0.2635310888290405,0.11750647379085422,0.004717262519989163,1.3290345589630306,68,3,8,8,False,
somethingv2,validation,206521,data/Something_data/videos_full/206521.webm,123,8,25,8,17,False,False,0.3231593072414398,0.005278386175632477,0.004717262519989163,1.2099236962385476,25,1,8,8,False,
somethingv2,validation,181154,data/Something_data/videos_full/181154.webm,123,8,25,8,145,False,False,0.8302498459815979,0.0650862599723041,0.004717262519989163,1.1994658038020134,37,2,8,8,False,
somethingv2,validation,55783,data/Something_data/videos_full/55783.webm,123,8,25,8,123,True,True,0.4631975293159485,0.06185528635978699,0.004717262519989163,1.13337526563555,60,2,8,8,False,
somethingv2,validation,11080,data/Something_data/videos_full/11080.webm,123,8,25,8,4,False,True,0.5914531350135803,0.10500103887170553,0.004717262519989163,1.0703401761129498,50,2,8,8,False,
somethingv2,validation,47791,data/Something_data/videos_full/47791.webm,123,8,25,8,160,False,False,0.4320814311504364,0.06818680791184306,0.004717262519989163,0.9632387338206172,36,2,8,8,False,
somethingv2,validation,100400,data/Something_data/videos_full/100400.webm,123,8,25,8,15,False,False,0.41377541422843933,0.07259099138900638,0.004717262519989163,0.8925028070807457,54,2,8,8,False,
somethingv2,validation,114755,data/Something_data/videos_full/114755.webm,123,8,25,8,19,False,False,0.4737885296344757,0.0061080576851964,0.004717262519989163,0.8177111526019871,15,1,8,8,False,
somethingv2,validation,7414,data/Something_data/videos_full/7414.webm,123,8,25,8,125,False,False,0.7656383514404297,0.07058830372989178,0.004717262519989163,0.8086270708590746,52,2,8,8,False,
somethingv2,validation,94601,data/Something_data/videos_full/94601.webm,123,8,25,8,123,True,True,0.5290830731391907,0.08361631026491523,0.004717262519989163,0.7359662805683911,55,2,8,8,False,
somethingv2,validation,8139,data/Something_data/videos_full/8139.webm,123,8,25,8,129,False,False,0.8778855204582214,0.06615220895037055,0.004717262519989163,0.6509551517665386,54,2,8,8,False,
somethingv2,validation,118939,data/Something_data/videos_full/118939.webm,123,8,25,8,18,False,False,0.542401134967804,0.10858198907226324,0.0048328372213291,2.7533234087750316,43,2,8,8,False,
somethingv2,validation,116520,data/Something_data/videos_full/116520.webm,123,8,25,8,61,False,False,0.09650762379169464,0.14853771403431892,0.0048328372213291,2.6433215402066708,49,2,8,8,False,
somethingv2,validation,102700,data/Something_data/videos_full/102700.webm,123,8,25,8,128,False,False,0.8456699848175049,0.11037264904007316,0.0048328372213291,2.492884750943631,46,2,8,8,False,
somethingv2,validation,1265,data/Something_data/videos_full/1265.webm,124,8,25,8,124,True,True,0.9861250519752502,0.04239689698442817,0.0048328372213291,2.3812193972989917,59,2,8,8,False,
somethingv2,validation,128802,data/Something_data/videos_full/128802.webm,124,8,25,8,16,False,False,0.9819360375404358,0.014827905222773552,0.0048328372213291,2.337864351924509,50,2,8,8,False,
somethingv2,validation,51172,data/Something_data/videos_full/51172.webm,124,8,25,8,124,True,True,0.9731130599975586,0.03946015192195773,0.0048328372213291,2.3132497230544686,56,2,8,8,False,
somethingv2,validation,121894,data/Something_data/videos_full/121894.webm,124,8,25,8,96,False,False,0.3680470287799835,0.08159803226590157,0.0048328372213291,2.272587100043893,57,2,8,8,False,
somethingv2,validation,141806,data/Something_data/videos_full/141806.webm,124,8,25,8,124,True,True,0.9719884395599365,0.05831202957779169,0.0048328372213291,2.189158952794969,39,2,8,8,False,
somethingv2,validation,210489,data/Something_data/videos_full/210489.webm,124,8,25,8,124,True,True,0.957394003868103,0.07016177009791136,0.0048328372213291,2.1285840733908117,64,2,8,8,False,
somethingv2,validation,69210,data/Something_data/videos_full/69210.webm,124,8,25,8,124,True,True,0.9977138042449951,0.008161162957549095,0.0048328372213291,2.056007955223322,33,1,8,8,False,
somethingv2,validation,69919,data/Something_data/videos_full/69919.webm,124,8,25,8,16,False,False,0.4452904164791107,0.10416862135753036,0.0048328372213291,2.044127571862191,45,2,8,8,False,
somethingv2,validation,106803,data/Something_data/videos_full/106803.webm,124,8,25,8,124,True,True,0.9766669273376465,0.009608170948922634,0.0048328372213291,1.9380562100559473,34,1,8,8,False,
somethingv2,validation,170484,data/Something_data/videos_full/170484.webm,124,8,25,8,124,True,True,0.9090609550476074,0.06331381620839238,0.0048328372213291,1.9213047591038048,43,2,8,8,False,
somethingv2,validation,37639,data/Something_data/videos_full/37639.webm,124,8,25,8,19,False,True,0.6755508780479431,0.08997857430949807,0.0048328372213291,1.8564766366034746,40,2,8,8,False,
somethingv2,validation,148763,data/Something_data/videos_full/148763.webm,124,8,25,8,127,False,True,0.7436742782592773,0.043911261949688196,0.0048328372213291,1.765112022869289,45,2,8,8,False,
somethingv2,validation,59824,data/Something_data/videos_full/59824.webm,124,8,25,8,16,False,True,0.3613264262676239,0.06806072685867548,0.0048328372213291,1.72053476376459,56,2,8,8,False,
somethingv2,validation,69251,data/Something_data/videos_full/69251.webm,124,8,25,8,124,True,True,0.7543498277664185,0.05218560574576259,0.0048328372213291,1.6514395689591765,36,2,8,8,False,
somethingv2,validation,187237,data/Something_data/videos_full/187237.webm,124,8,25,8,18,False,True,0.5536922216415405,0.0821216655895114,0.0048328372213291,1.598508597817272,69,3,8,8,False,
somethingv2,validation,192933,data/Something_data/videos_full/192933.webm,124,8,25,8,124,True,True,0.8024909496307373,0.07316724816337228,0.0048328372213291,1.515225533861667,36,2,8,8,False,
somethingv2,validation,197275,data/Something_data/videos_full/197275.webm,124,8,25,8,124,True,True,0.9918094277381897,0.07551596220582724,0.0048328372213291,1.4404141628183424,51,2,8,8,False,
somethingv2,validation,83693,data/Something_data/videos_full/83693.webm,124,8,25,8,124,True,True,0.9584401249885559,0.006331427954137325,0.0048328372213291,1.36225675791502,32,1,8,8,False,
somethingv2,validation,53177,data/Something_data/videos_full/53177.webm,124,8,25,8,18,False,False,0.6698415279388428,0.12335370993241668,0.0048328372213291,1.3520630900748074,58,2,8,8,False,
somethingv2,validation,7443,data/Something_data/videos_full/7443.webm,124,8,25,8,124,True,True,0.7122612595558167,0.08044100319966674,0.0048328372213291,1.2256886367686093,35,2,8,8,False,
somethingv2,validation,186022,data/Something_data/videos_full/186022.webm,125,8,25,8,128,False,True,0.3325401246547699,0.07750200061127543,0.0048328372213291,1.1431561256758869,65,2,8,8,False,
somethingv2,validation,37970,data/Something_data/videos_full/37970.webm,125,8,25,8,125,True,True,0.709191620349884,0.006743572652339935,0.0048328372213291,1.0642966418527067,22,1,8,8,False,
somethingv2,validation,195885,data/Something_data/videos_full/195885.webm,125,8,25,8,16,False,True,0.23900382220745087,0.0721224769949913,0.0048328372213291,1.0539296669885516,43,2,8,8,False,
somethingv2,validation,143571,data/Something_data/videos_full/143571.webm,125,8,25,8,127,False,True,0.8065928816795349,0.11311420518904924,0.0048328372213291,0.980951672885567,61,2,8,8,False,
somethingv2,validation,124802,data/Something_data/videos_full/124802.webm,125,8,25,8,127,False,True,0.9369394183158875,0.07081691082566977,0.0048328372213291,0.8660628967918456,48,2,8,8,False,
somethingv2,validation,72746,data/Something_data/videos_full/72746.webm,125,8,25,8,125,True,True,0.8907779455184937,0.051392463967204094,0.0048328372213291,0.7944781533442438,65,2,8,8,False,
somethingv2,validation,51799,data/Something_data/videos_full/51799.webm,125,8,25,8,125,True,True,0.9109833240509033,0.07151861488819122,0.0048328372213291,0.7418542341329157,59,2,8,8,False,
somethingv2,validation,151426,data/Something_data/videos_full/151426.webm,125,8,25,8,125,True,True,0.9759916067123413,0.09331056894734502,0.0048328372213291,0.6681313789449632,44,2,8,8,False,
somethingv2,validation,45521,data/Something_data/videos_full/45521.webm,125,8,25,8,127,False,True,0.7410331964492798,0.007206426002085209,0.0048328372213291,0.5721298698335886,22,1,8,8,False,
somethingv2,validation,147782,data/Something_data/videos_full/147782.webm,125,8,25,8,130,False,True,0.6356990337371826,0.008960709907114506,0.004591478747897781,3.3061486398801208,32,1,8,8,False,
somethingv2,validation,110952,data/Something_data/videos_full/110952.webm,125,8,25,8,125,True,True,0.6152564287185669,0.05324832070618868,0.004591478747897781,3.29347748728469,40,2,8,8,False,
somethingv2,validation,155170,data/Something_data/videos_full/155170.webm,125,8,25,8,125,True,True,0.9509919881820679,0.09219855675473809,0.004591478747897781,3.238669294398278,44,2,8,8,False,
somethingv2,validation,207123,data/Something_data/videos_full/207123.webm,125,8,25,8,128,False,False,0.4442034959793091,0.10226491466164589,0.004591478747897781,3.1442938237451017,54,2,8,8,False,
somethingv2,validation,182795,data/Something_data/videos_full/182795.webm,125,8,25,8,125,True,True,0.45340949296951294,0.0870558968745172,0.004591478747897781,3.039431276265532,51,2,8,8,False,
somethingv2,validation,115740,data/Something_data/videos_full/115740.webm,125,8,25,8,125,True,True,0.6790132522583008,0.141933836042881,0.004591478747897781,2.9502806570380926,49,2,8,8,False,
somethingv2,validation,41509,data/Something_data/videos_full/41509.webm,125,8,25,8,127,False,True,0.4517582058906555,0.06557335797697306,0.004591478747897781,2.8066103626042604,46,2,8,8,False,
somethingv2,validation,1634,data/Something_data/videos_full/1634.webm,125,8,25,8,125,True,True,0.7411655187606812,0.07436961401253939,0.004591478747897781,2.739831843879074,44,2,8,8,False,
somethingv2,validation,188411,data/Something_data/videos_full/188411.webm,125,8,25,8,125,True,True,0.4992789924144745,0.100590905174613,0.004591478747897781,2.6643599257804453,51,2,8,8,False,
somethingv2,validation,193776,data/Something_data/videos_full/193776.webm,125,8,25,8,17,False,True,0.49357661604881287,0.06432823603972793,0.004591478747897781,2.5622784509323537,57,2,8,8,False,
somethingv2,validation,97746,data/Something_data/videos_full/97746.webm,125,8,25,8,125,True,True,0.9385548233985901,0.05778491636738181,0.004591478747897781,2.4971208688803017,48,2,8,8,False,
somethingv2,validation,171956,data/Something_data/videos_full/171956.webm,126,8,25,8,126,True,True,0.9738253951072693,0.13771218014881015,0.004591478747897781,2.437927733641118,37,2,8,8,False,
somethingv2,validation,212827,data/Something_data/videos_full/212827.webm,126,8,25,8,19,False,False,0.4249235689640045,0.07117349794134498,0.004591478747897781,2.2978119631297886,49,2,8,8,False,
somethingv2,validation,209440,data/Something_data/videos_full/209440.webm,126,8,25,8,126,True,True,0.9928722381591797,0.0924891559407115,0.004591478747897781,2.2242647567763925,35,2,8,8,False,
somethingv2,validation,190051,data/Something_data/videos_full/190051.webm,126,8,25,8,126,True,True,0.7702979445457458,0.0658755679614842,0.004591478747897781,2.1300558033399284,40,2,8,8,False,
somethingv2,validation,50279,data/Something_data/videos_full/50279.webm,126,8,25,8,126,True,True,0.9977512955665588,0.07999448012560606,0.004591478747897781,2.0628283019177616,40,2,8,8,False,
somethingv2,validation,209534,data/Something_data/videos_full/209534.webm,126,8,25,8,126,True,True,0.603274405002594,0.10533976694568992,0.004591478747897781,1.9814697341062129,39,2,8,8,False,
somethingv2,validation,163631,data/Something_data/videos_full/163631.webm,126,8,25,8,126,True,True,0.3290238082408905,0.0060835182666778564,0.004591478747897781,1.8744432250969112,26,1,8,8,False,
somethingv2,validation,181841,data/Something_data/videos_full/181841.webm,126,8,25,8,126,True,True,0.9816837310791016,0.12732258904725313,0.004591478747897781,1.8637167126871645,56,2,8,8,False,
somethingv2,validation,93196,data/Something_data/videos_full/93196.webm,126,8,25,8,126,True,True,0.9919952154159546,0.12566033005714417,0.004591478747897781,1.735028742812574,60,2,8,8,False,
somethingv2,validation,195025,data/Something_data/videos_full/195025.webm,126,8,25,8,126,True,True,0.9947817921638489,0.08310627611353993,0.004591478747897781,1.6063831951469183,38,2,8,8,False,
somethingv2,validation,210739,data/Something_data/videos_full/210739.webm,126,8,25,8,126,True,True,0.9982465505599976,0.07231240021064878,0.004591478747897781,1.5204884130507708,37,2,8,8,False,
somethingv2,validation,85380,data/Something_data/videos_full/85380.webm,126,8,25,8,126,True,True,0.9980980753898621,0.07417065789923072,0.004591478747897781,1.4465222624130547,36,2,8,8,False,
somethingv2,validation,160274,data/Something_data/videos_full/160274.webm,126,8,25,8,130,False,False,0.45043253898620605,0.08722039312124252,0.004591478747897781,1.3708337042480707,59,2,8,8,False,
somethingv2,validation,2877,data/Something_data/videos_full/2877.webm,126,8,25,8,126,True,True,0.98638516664505,0.006323147099465132,0.004591478747897781,1.2822169261053205,30,1,8,8,False,
somethingv2,validation,215656,data/Something_data/videos_full/215656.webm,126,8,25,8,126,True,True,0.9968287348747253,0.12300976598635316,0.004591478747897781,1.2718465379439294,62,2,8,8,False,
somethingv2,validation,210076,data/Something_data/videos_full/210076.webm,126,8,25,8,126,True,True,0.9936406016349792,0.10969919105991721,0.004591478747897781,1.147414973936975,44,2,8,8,False,
somethingv2,validation,121496,data/Something_data/videos_full/121496.webm,126,8,25,8,127,False,True,0.6691030263900757,0.07098614377900958,0.004591478747897781,1.0364607009105384,52,2,8,8,False,
somethingv2,validation,89139,data/Something_data/videos_full/89139.webm,126,8,25,8,126,True,True,0.9897200465202332,0.13830851716920733,0.004591478747897781,0.9642602442763746,57,2,8,8,False,
somethingv2,validation,149490,data/Something_data/videos_full/149490.webm,126,8,25,8,126,True,True,0.9906491637229919,0.09090752899646759,0.004591478747897781,0.8230413789860904,62,2,8,8,False,
somethingv2,validation,37237,data/Something_data/videos_full/37237.webm,126,8,25,8,126,True,True,0.7607764005661011,0.05994981527328491,0.004591478747897781,0.729564341250807,48,2,8,8,False,
somethingv2,validation,81179,data/Something_data/videos_full/81179.webm,127,8,25,8,127,True,True,0.9874876737594604,0.11238970281556249,0.004591478747897781,0.6683322829194367,51,2,8,8,False,
somethingv2,validation,29614,data/Something_data/videos_full/29614.webm,127,8,25,8,124,False,True,0.28258365392684937,0.07013214705511928,0.004855351275182329,2.969543032348156,50,2,8,8,False,
somethingv2,validation,188902,data/Something_data/videos_full/188902.webm,127,8,25,8,127,True,True,0.9633426666259766,0.07113849278539419,0.004855351275182329,2.897027550265193,60,2,8,8,False,
somethingv2,validation,11214,data/Something_data/videos_full/11214.webm,127,8,25,8,127,True,True,0.33189547061920166,0.0554835288785398,0.004855351275182329,2.8239170708693564,50,2,8,8,False,
somethingv2,validation,18873,data/Something_data/videos_full/18873.webm,127,8,25,8,127,True,True,0.9255717992782593,0.03610876714810729,0.004855351275182329,2.767281510401517,44,2,8,8,False,
somethingv2,validation,3503,data/Something_data/videos_full/3503.webm,127,8,25,8,130,False,True,0.41239243745803833,0.005444671027362347,0.004855351275182329,2.730240994133055,28,1,8,8,False,
somethingv2,validation,127582,data/Something_data/videos_full/127582.webm,127,8,25,8,127,True,True,0.7526073455810547,0.05436004977673292,0.004855351275182329,2.7222717399708927,48,2,8,8,False,
somethingv2,validation,187095,data/Something_data/videos_full/187095.webm,127,8,25,8,142,False,False,0.1173006147146225,0.06207946315407753,0.004855351275182329,2.666785276029259,42,2,8,8,False,
somethingv2,validation,148626,data/Something_data/videos_full/148626.webm,127,8,25,8,127,True,True,0.8867251873016357,0.005954847205430269,0.004855351275182329,2.6035771309398115,30,1,8,8,False,
somethingv2,validation,84862,data/Something_data/videos_full/84862.webm,127,8,25,8,127,True,True,0.8649863004684448,0.05950494669377804,0.004855351275182329,2.5947074508294463,53,2,8,8,False,
somethingv2,validation,2367,data/Something_data/videos_full/2367.webm,127,8,25,8,125,False,True,0.7221713662147522,0.04637251561507583,0.004855351275182329,2.5342554710805416,44,2,8,8,False,
somethingv2,validation,165149,data/Something_data/videos_full/165149.webm,127,8,25,8,125,False,True,0.6011824607849121,0.07809585984796286,0.004855351275182329,2.4862692207098007,35,2,8,8,False,
somethingv2,validation,185615,data/Something_data/videos_full/185615.webm,127,8,25,8,126,False,True,0.43771716952323914,0.13075908506289124,0.004855351275182329,2.4059667829424143,65,2,8,8,False,
somethingv2,validation,180161,data/Something_data/videos_full/180161.webm,127,8,25,8,125,False,True,0.6538301110267639,0.08475788589566946,0.004855351275182329,2.2729634270071983,40,2,8,8,False,
somethingv2,validation,78170,data/Something_data/videos_full/78170.webm,127,8,25,8,125,False,True,0.5548174381256104,0.11263412795960903,0.004855351275182329,2.185663586948067,37,2,8,8,False,
somethingv2,validation,116154,data/Something_data/videos_full/116154.webm,127,8,25,8,127,True,True,0.9812723398208618,0.1183083993382752,0.004855351275182329,2.07083045784384,52,2,8,8,False,
somethingv2,validation,36297,data/Something_data/videos_full/36297.webm,127,8,25,8,127,True,True,0.9163060784339905,0.09315381897613406,0.004855351275182329,1.9515085420571268,44,2,8,8,False,
somethingv2,validation,96059,data/Something_data/videos_full/96059.webm,127,8,25,8,125,False,True,0.26936736702919006,0.10265626385807991,0.004855351275182329,1.8571693007834256,56,2,8,8,False,
somethingv2,validation,95275,data/Something_data/videos_full/95275.webm,127,8,25,8,127,True,True,0.5218632221221924,0.10401658806949854,0.004855351275182329,1.7533229179680347,51,2,8,8,False,
somethingv2,validation,76414,data/Something_data/videos_full/76414.webm,127,8,25,8,127,True,True,0.9804020524024963,0.08012740267440677,0.004855351275182329,1.6464074309915304,52,2,8,8,False,
somethingv2,validation,36868,data/Something_data/videos_full/36868.webm,128,8,25,8,128,True,True,0.6131553649902344,0.15602096682414412,0.004855351275182329,1.564449713099748,47,2,8,8,False,
somethingv2,validation,168685,data/Something_data/videos_full/168685.webm,128,8,25,8,134,False,True,0.11469550430774689,0.03198503563180566,0.004855351275182329,1.405446716118604,61,2,8,8,False,
somethingv2,validation,68196,data/Something_data/videos_full/68196.webm,128,8,25,8,126,False,True,0.5906091332435608,0.13982026698067784,0.004855351275182329,1.3723952216096222,35,2,8,8,False,
somethingv2,validation,109666,data/Something_data/videos_full/109666.webm,128,8,25,8,127,False,True,0.671033501625061,0.06955962907522917,0.004855351275182329,1.230691138189286,51,2,8,8,False,
somethingv2,validation,3053,data/Something_data/videos_full/3053.webm,128,8,25,8,125,False,True,0.8325734734535217,0.006525350268930197,0.004855351275182329,1.1596489208750427,28,1,8,8,False,
somethingv2,validation,192236,data/Something_data/videos_full/192236.webm,128,8,25,8,129,False,True,0.6216535568237305,0.06486297911033034,0.004855351275182329,1.1490248558111489,54,2,8,8,False,
somethingv2,validation,64104,data/Something_data/videos_full/64104.webm,128,8,25,8,125,False,True,0.8958803415298462,0.1226809648796916,0.004855351275182329,1.0827895570546389,38,2,8,8,False,
somethingv2,validation,103182,data/Something_data/videos_full/103182.webm,128,8,25,8,128,True,True,0.8000341057777405,0.10052328836172819,0.004855351275182329,0.9587429729290307,39,2,8,8,False,
somethingv2,validation,193452,data/Something_data/videos_full/193452.webm,128,8,25,8,127,False,True,0.6258700489997864,0.061078006867319345,0.004855351275182329,0.8554447242058814,54,2,8,8,False,
somethingv2,validation,65876,data/Something_data/videos_full/65876.webm,128,8,25,8,128,True,True,0.4959251582622528,0.09611333021894097,0.004855351275182329,0.7922141491435468,52,2,8,8,False,
somethingv2,validation,157456,data/Something_data/videos_full/157456.webm,128,8,25,8,127,False,True,0.47215309739112854,0.0675873039290309,0.004855351275182329,0.6929236170835793,46,2,8,8,False,
somethingv2,validation,46889,data/Something_data/videos_full/46889.webm,128,8,25,8,128,True,True,0.4205239713191986,0.0121524129062891,0.004855351275182329,0.6232399381697178,33,1,8,8,False,
somethingv2,validation,132708,data/Something_data/videos_full/132708.webm,128,8,25,8,128,True,True,0.9430620670318604,0.00976215722039342,0.004855351275182329,0.6013773106969893,33,1,8,8,False,
somethingv2,validation,205766,data/Something_data/videos_full/205766.webm,128,8,25,8,124,False,True,0.48022523522377014,0.011838933918625116,0.004914721052045934,2.8369486681185663,34,1,8,8,False,
somethingv2,validation,141533,data/Something_data/videos_full/141533.webm,128,8,25,8,18,False,False,0.9758333563804626,0.007520844228565693,0.004914721052045934,2.8147073392756283,23,1,8,8,False,
somethingv2,validation,76962,data/Something_data/videos_full/76962.webm,128,8,25,8,16,False,False,0.9618182182312012,0.007992020342499018,0.004914721052045934,2.802702540066093,34,1,8,8,False,
somethingv2,validation,22286,data/Something_data/videos_full/22286.webm,128,8,25,8,127,False,True,0.9213219881057739,0.09464677516371012,0.004914721052045934,2.786487676203251,37,2,8,8,False,
somethingv2,validation,55896,data/Something_data/videos_full/55896.webm,128,8,25,8,130,False,True,0.4599754810333252,0.10706651583313942,0.004914721052045934,2.689726056996733,54,2,8,8,False,
somethingv2,validation,163277,data/Something_data/videos_full/163277.webm,128,8,25,8,128,True,True,0.4576575756072998,0.07406282285228372,0.004914721052045934,2.580919651314616,63,2,8,8,False,
somethingv2,validation,211423,data/Something_data/videos_full/211423.webm,128,8,25,8,125,False,True,0.42316320538520813,0.08106719283387065,0.004914721052045934,2.5056273182854056,36,2,8,8,False,
somethingv2,validation,218634,data/Something_data/videos_full/218634.webm,129,8,25,8,127,False,True,0.9690946340560913,0.051307438872754574,0.004914721052045934,2.423228266183287,41,2,8,8,False,
somethingv2,validation,75836,data/Something_data/videos_full/75836.webm,129,8,25,8,139,False,False,0.2531459927558899,0.07293056696653366,0.004914721052045934,2.370987829286605,51,2,8,8,False,
somethingv2,validation,43126,data/Something_data/videos_full/43126.webm,129,8,25,8,18,False,True,0.9897825717926025,0.0814209901727736,0.004914721052045934,2.2967725349590182,50,2,8,8,False,
somethingv2,validation,167434,data/Something_data/videos_full/167434.webm,129,8,25,8,160,False,True,0.21126797795295715,0.1403152421116829,0.004914721052045934,2.2127998038195074,47,2,8,8,False,
somethingv2,validation,156112,data/Something_data/videos_full/156112.webm,129,8,25,8,18,False,True,0.42450687289237976,0.06489401217550039,0.004914721052045934,2.06946630589664,47,2,8,8,False,
somethingv2,validation,159951,data/Something_data/videos_full/159951.webm,129,8,25,8,125,False,False,0.635144829750061,0.0764802168123424,0.004914721052045934,2.002693922724575,54,2,8,8,False,
somethingv2,validation,29260,data/Something_data/videos_full/29260.webm,129,8,25,8,56,False,False,0.9333439469337463,0.06692449375987053,0.004914721052045934,1.9240965191274881,51,2,8,8,False,
somethingv2,validation,49334,data/Something_data/videos_full/49334.webm,129,8,25,8,66,False,True,0.6518096923828125,0.06244784081354737,0.004914721052045934,1.8558249259367585,52,2,8,8,False,
somethingv2,validation,65801,data/Something_data/videos_full/65801.webm,129,8,25,8,6,False,False,0.33675655722618103,0.10120144998654723,0.004914721052045934,1.792185113299638,69,3,8,8,False,
somethingv2,validation,144839,data/Something_data/videos_full/144839.webm,129,8,25,8,129,True,True,0.24332799017429352,0.07428932609036565,0.004914721052045934,1.689788338728249,54,2,8,8,False,
somethingv2,validation,200047,data/Something_data/videos_full/200047.webm,129,8,25,8,15,False,False,0.9298187494277954,0.0813058577477932,0.004914721052045934,1.6142317866906524,39,2,8,8,False,
somethingv2,validation,198180,data/Something_data/videos_full/198180.webm,129,8,25,8,125,False,False,0.8844192624092102,0.0355603639036417,0.004914721052045934,1.5319216810166836,54,2,8,8,False,
somethingv2,validation,146913,data/Something_data/videos_full/146913.webm,129,8,25,8,19,False,True,0.83357173204422,0.10292075481265783,0.004914721052045934,1.4953297888860106,44,2,8,8,False,
somethingv2,validation,188203,data/Something_data/videos_full/188203.webm,129,8,25,8,160,False,False,0.519973874092102,0.061096468940377235,0.004914721052045934,1.3893409459851682,52,2,8,8,False,
somethingv2,validation,70679,data/Something_data/videos_full/70679.webm,129,8,25,8,129,True,True,0.5340328812599182,0.09918137220665812,0.004914721052045934,1.3266346319578588,45,2,8,8,False,
somethingv2,validation,135917,data/Something_data/videos_full/135917.webm,129,8,25,8,129,True,True,0.5795576572418213,0.009062234777957201,0.004914721052045934,1.2255913661792874,37,2,8,8,False,
somethingv2,validation,196274,data/Something_data/videos_full/196274.webm,129,8,25,8,128,False,False,0.4234093129634857,0.08355962857604027,0.004914721052045934,1.2126585557125509,50,2,8,8,False,
somethingv2,validation,28379,data/Something_data/videos_full/28379.webm,129,8,25,8,129,True,True,0.529047429561615,0.06556461984291673,0.004914721052045934,1.127935541793704,49,2,8,8,False,
somethingv2,validation,3043,data/Something_data/videos_full/3043.webm,129,8,25,8,129,True,True,0.9482049345970154,0.014536185190081596,0.004914721052045934,1.0611720741726458,69,3,8,8,False,
somethingv2,validation,168434,data/Something_data/videos_full/168434.webm,129,8,25,8,129,True,True,0.9779642820358276,0.07048483518883586,0.004914721052045934,1.0407541641034186,39,2,8,8,False,
somethingv2,validation,35501,data/Something_data/videos_full/35501.webm,130,8,25,8,129,False,True,0.9803210496902466,0.06828051572665572,0.004914721052045934,0.9693972477689385,52,2,8,8,False,
somethingv2,validation,150896,data/Something_data/videos_full/150896.webm,130,8,25,8,16,False,True,0.9723615646362305,0.005561499856412411,0.004914721052045934,0.900239918846637,34,1,8,8,False,
somethingv2,validation,24028,data/Something_data/videos_full/24028.webm,130,8,25,8,130,True,True,0.5491759181022644,0.09009489184245467,0.004914721052045934,0.8895641239359975,53,2,8,8,False,
somethingv2,validation,36545,data/Something_data/videos_full/36545.webm,130,8,25,8,127,False,True,0.7382876873016357,0.07950459979474545,0.004914721052045934,0.7983574802055955,56,2,8,8,False,
somethingv2,validation,66059,data/Something_data/videos_full/66059.webm,130,8,25,8,160,False,False,0.6511200070381165,0.14384711487218738,0.004914721052045934,0.7164857238531113,58,2,8,8,False,
somethingv2,validation,210080,data/Something_data/videos_full/210080.webm,130,8,25,8,130,True,True,0.879304051399231,0.08948223618790507,0.004682772603700869,2.6671776049770415,49,2,8,8,False,
somethingv2,validation,125137,data/Something_data/videos_full/125137.webm,130,8,25,8,129,False,True,0.8181864023208618,0.006148903165012598,0.004682772603700869,2.576090558897704,30,1,8,8,False,
somethingv2,validation,106349,data/Something_data/videos_full/106349.webm,130,8,25,8,130,True,True,0.8926829695701599,0.06874128384515643,0.004682772603700869,2.5645209597423673,65,2,8,8,False,
somethingv2,validation,67940,data/Something_data/videos_full/67940.webm,130,8,25,8,125,False,False,0.3573819696903229,0.07707842905074358,0.004682772603700869,2.494030691217631,53,2,8,8,False,
somethingv2,validation,7612,data/Something_data/videos_full/7612.webm,130,8,25,8,130,True,True,0.8894358277320862,0.10065081808716059,0.004682772603700869,2.414268654771149,46,2,8,8,False,
somethingv2,validation,60764,data/Something_data/videos_full/60764.webm,130,8,25,8,130,True,True,0.9979288578033447,0.1292331670410931,0.004682772603700869,2.3116443641483784,45,2,8,8,False,
somethingv2,validation,189194,data/Something_data/videos_full/189194.webm,130,8,25,8,67,False,False,0.5124359130859375,0.06617097184062004,0.004682772603700869,2.1801180951297283,61,2,8,8,False,
somethingv2,validation,13331,data/Something_data/videos_full/13331.webm,130,8,25,8,128,False,True,0.7584724426269531,0.08026782609522343,0.004682772603700869,2.1128297382965684,65,2,8,8,False,
somethingv2,validation,193877,data/Something_data/videos_full/193877.webm,130,8,25,8,16,False,True,0.8280279636383057,0.0053076050244271755,0.004682772603700869,2.031220866832882,31,1,8,8,False,
somethingv2,validation,56644,data/Something_data/videos_full/56644.webm,130,8,25,8,130,True,True,0.47212114930152893,0.0868627829477191,0.004682772603700869,2.0221677348017693,52,2,8,8,False,
somethingv2,validation,175921,data/Something_data/videos_full/175921.webm,130,8,25,8,128,False,False,0.9222957491874695,0.08548376988619566,0.004682772603700869,1.9336717831902206,38,2,8,8,False,
somethingv2,validation,95234,data/Something_data/videos_full/95234.webm,130,8,25,8,129,False,True,0.7263080477714539,0.14184507401660085,0.004682772603700869,1.8459948659874499,69,3,8,8,False,
somethingv2,validation,131666,data/Something_data/videos_full/131666.webm,130,8,25,8,130,True,True,0.996479332447052,0.08210441609844565,0.004682772603700869,1.7025381047278643,59,2,8,8,False,
somethingv2,validation,129489,data/Something_data/videos_full/129489.webm,130,8,25,8,128,False,True,0.9106829762458801,0.07402689009904861,0.004682772603700869,1.6182090220972896,40,2,8,8,False,
somethingv2,validation,144433,data/Something_data/videos_full/144433.webm,130,8,25,8,56,False,False,0.7742834687232971,0.0748303746804595,0.004682772603700869,1.542693313676864,59,2,8,8,False,
somethingv2,validation,27356,data/Something_data/videos_full/27356.webm,131,8,25,8,18,False,False,0.4924602210521698,0.008391990792006254,0.004682772603700869,1.466730257961899,32,1,8,8,False,
somethingv2,validation,215596,data/Something_data/videos_full/215596.webm,131,8,25,8,19,False,False,0.40372127294540405,0.055429906118661165,0.004682772603700869,1.4506256110034883,55,2,8,8,False,
somethingv2,validation,17220,data/Something_data/videos_full/17220.webm,131,8,25,8,127,False,False,0.4902789294719696,0.08879256900399923,0.004682772603700869,1.394279153086245,46,2,8,8,False,
somethingv2,validation,95667,data/Something_data/videos_full/95667.webm,131,8,25,8,125,False,False,0.7169259786605835,0.03323106933385134,0.004682772603700869,1.3039444559253752,50,2,8,8,False,
somethingv2,validation,67581,data/Something_data/videos_full/67581.webm,131,8,25,8,97,False,False,0.19632211327552795,0.09911945695057511,0.004682772603700869,1.2700990149751306,56,2,8,8,False,
somethingv2,validation,214327,data/Something_data/videos_full/214327.webm,131,8,25,8,140,False,False,0.5243346095085144,0.04819897981360555,0.004682772603700869,1.1697544339112937,42,2,8,8,False,
somethingv2,validation,168937,data/Something_data/videos_full/168937.webm,131,8,25,8,19,False,False,0.8677486777305603,0.06077162502333522,0.004682772603700869,1.1204723352566361,68,3,8,8,False,
somethingv2,validation,135030,data/Something_data/videos_full/135030.webm,131,8,25,8,125,False,False,0.7971082925796509,0.006244603078812361,0.004682772603700869,1.0574863818474114,20,1,8,8,False,
somethingv2,validation,59756,data/Something_data/videos_full/59756.webm,131,8,25,8,19,False,True,0.757655918598175,0.09233298385515809,0.004682772603700869,1.0485146660357714,68,3,8,8,False,
somethingv2,validation,119750,data/Something_data/videos_full/119750.webm,131,8,25,8,19,False,True,0.4110041558742523,0.16548107424750924,0.004682772603700869,0.9536784836091101,39,2,8,8,False,
somethingv2,validation,166927,data/Something_data/videos_full/166927.webm,131,8,25,8,125,False,False,0.5146102905273438,0.006379236001521349,0.004682772603700869,0.7857171511277556,22,1,8,8,False,
somethingv2,validation,8493,data/Something_data/videos_full/8493.webm,131,8,25,8,100,False,False,0.34068214893341064,0.004535852000117302,0.004682772603700869,0.7776468759402633,26,1,8,8,False,
somethingv2,validation,85116,data/Something_data/videos_full/85116.webm,131,8,25,8,133,False,True,0.7468782663345337,0.08514790888875723,0.004682772603700869,0.772530899848789,40,2,8,8,False,
somethingv2,validation,220183,data/Something_data/videos_full/220183.webm,131,8,25,8,129,False,False,0.8342448472976685,0.08056294778361917,0.004682772603700869,0.6864401758648455,46,2,8,8,False,
somethingv2,validation,49038,data/Something_data/videos_full/49038.webm,131,8,25,8,125,False,False,0.5302190184593201,0.004389031324535608,0.004682772603700869,0.6043505440466106,19,1,8,8,False,
somethingv2,validation,188622,data/Something_data/videos_full/188622.webm,131,8,25,8,125,False,False,0.4609399437904358,0.004542682785540819,0.004682772603700869,0.5992298228666186,21,1,8,8,False,
somethingv2,validation,21637,data/Something_data/videos_full/21637.webm,131,8,25,8,16,False,False,0.2583908140659332,0.062403351068496704,0.004682772603700869,0.5921304980292916,44,2,8,8,False,
somethingv2,validation,71978,data/Something_data/videos_full/71978.webm,131,8,25,8,125,False,False,0.51661217212677,0.00894353911280632,0.003788899819483049,2.090915669221431,17,1,8,8,False,
somethingv2,validation,84028,data/Something_data/videos_full/84028.webm,131,8,25,8,125,False,False,0.38257598876953125,0.07674364419654012,0.003788899819483049,2.080301895737648,64,2,8,8,False,
somethingv2,validation,6079,data/Something_data/videos_full/6079.webm,131,8,25,8,126,False,False,0.7284100651741028,0.04149532783776522,0.003788899819483049,2.002302630338818,43,2,8,8,False,
somethingv2,validation,122971,data/Something_data/videos_full/122971.webm,132,8,25,8,132,True,True,0.6011555194854736,0.09835363924503326,0.003788899819483049,1.9597665569745004,58,2,8,8,False,
somethingv2,validation,88008,data/Something_data/videos_full/88008.webm,132,8,25,8,15,False,False,0.46963030099868774,0.06028159521520138,0.003788899819483049,1.8601922537200153,59,2,8,8,False,
somethingv2,validation,184409,data/Something_data/videos_full/184409.webm,132,8,25,8,19,False,False,0.6892648339271545,0.008045473136007786,0.003788899819483049,1.7988594006747007,25,1,8,8,False,
somethingv2,validation,197696,data/Something_data/videos_full/197696.webm,132,8,25,8,32,False,False,0.6586927771568298,0.07415428478270769,0.003788899819483049,1.785151544958353,55,2,8,8,False,
somethingv2,validation,68685,data/Something_data/videos_full/68685.webm,132,8,25,8,160,False,False,0.9512477517127991,0.0978102870285511,0.003788899819483049,1.7094653225503862,45,2,8,8,False,
somethingv2,validation,122389,data/Something_data/videos_full/122389.webm,132,8,25,8,127,False,False,0.9761763215065002,0.007619538810104132,0.003788899819483049,1.609415047802031,33,1,8,8,False,
somethingv2,validation,20153,data/Something_data/videos_full/20153.webm,132,8,25,8,16,False,False,0.2273026555776596,0.008904379326850176,0.003788899819483049,1.596206456888467,40,2,8,8,False,
somethingv2,validation,4466,data/Something_data/videos_full/4466.webm,132,8,25,8,11,False,True,0.3052997887134552,0.08645614609122276,0.003788899819483049,1.5833620904013515,51,2,8,8,False,
somethingv2,validation,18135,data/Something_data/videos_full/18135.webm,132,8,25,8,134,False,False,0.17522749304771423,0.060139757581055164,0.003788899819483049,1.494941066019237,53,2,8,8,False,
somethingv2,validation,147906,data/Something_data/videos_full/147906.webm,132,8,25,8,131,False,False,0.3926354646682739,0.0654134969227016,0.003788899819483049,1.4326850678771734,38,2,8,8,False,
somethingv2,validation,68062,data/Something_data/videos_full/68062.webm,132,8,25,8,16,False,False,0.8062904477119446,0.004823187831789255,0.003788899819483049,1.3655350194312632,15,1,8,8,False,
somethingv2,validation,145526,data/Something_data/videos_full/145526.webm,132,8,25,8,56,False,False,0.4036238193511963,0.05917795421555638,0.003788899819483049,1.3599216169677675,43,2,8,8,False,
somethingv2,validation,113302,data/Something_data/videos_full/113302.webm,132,8,25,8,22,False,False,0.5144525766372681,0.06038413196802139,0.003788899819483049,1.299691784195602,39,2,8,8,False,
somethingv2,validation,128234,data/Something_data/videos_full/128234.webm,132,8,25,8,133,False,True,0.19553104043006897,0.07816862408071756,0.003788899819483049,1.2381467130035162,53,2,8,8,False,
somethingv2,validation,170660,data/Something_data/videos_full/170660.webm,132,8,25,8,37,False,False,0.368083655834198,0.006212309002876282,0.003788899819483049,1.1585621810518205,26,1,8,8,False,
somethingv2,validation,28699,data/Something_data/videos_full/28699.webm,132,8,25,8,128,False,False,0.571386992931366,0.03180470131337643,0.003788899819483049,1.146714644972235,41,2,8,8,False,
somethingv2,validation,23379,data/Something_data/videos_full/23379.webm,132,8,25,8,126,False,False,0.6772245764732361,0.004858620930463076,0.003788899819483049,1.114129717927426,30,1,8,8,False,
somethingv2,validation,22830,data/Something_data/videos_full/22830.webm,132,8,25,8,126,False,True,0.707046627998352,0.04109890712425113,0.003788899819483049,1.1081010019406676,43,2,8,8,False,
somethingv2,validation,65950,data/Something_data/videos_full/65950.webm,132,8,25,8,134,False,False,0.16813303530216217,0.09372714394703507,0.003788899819483049,1.066248525865376,49,2,8,8,False,
somethingv2,validation,171294,data/Something_data/videos_full/171294.webm,132,8,25,8,134,False,False,0.47637513279914856,0.004774949047714472,0.003788899819483049,0.9715100890025496,31,1,8,8,False,
somethingv2,validation,43943,data/Something_data/videos_full/43943.webm,133,8,25,8,126,False,True,0.518013060092926,0.006169537082314491,0.003788899819483049,0.9644705527462065,30,1,8,8,False,
somethingv2,validation,40601,data/Something_data/videos_full/40601.webm,133,8,25,8,132,False,True,0.5487932562828064,0.060918140690773726,0.003788899819483049,0.9521475359797478,63,2,8,8,False,
somethingv2,validation,86665,data/Something_data/videos_full/86665.webm,133,8,25,8,100,False,False,0.18205899000167847,0.00552360387519002,0.003788899819483049,0.8899310701526701,29,1,8,8,False,
somethingv2,validation,70842,data/Something_data/videos_full/70842.webm,133,8,25,8,17,False,False,0.9467811584472656,0.007718699052929878,0.003788899819483049,0.8832780863158405,31,1,8,8,False,
somethingv2,validation,63586,data/Something_data/videos_full/63586.webm,133,8,25,8,37,False,True,0.6822124123573303,0.07552310591563582,0.003788899819483049,0.8692215560004115,35,2,8,8,False,
somethingv2,validation,146345,data/Something_data/videos_full/146345.webm,133,8,25,8,22,False,True,0.3887999653816223,0.11076292488723993,0.003788899819483049,0.7912624073214829,45,2,8,8,False,
somethingv2,validation,120158,data/Something_data/videos_full/120158.webm,133,8,25,8,160,False,False,0.34584900736808777,0.11297158803790808,0.003788899819483049,0.6780420220457017,45,2,8,8,False,
somethingv2,validation,17337,data/Something_data/videos_full/17337.webm,133,8,25,8,126,False,True,0.5953063368797302,0.07615086808800697,0.003788899819483049,0.5628217249177396,56,2,8,8,False,
somethingv2,validation,5231,data/Something_data/videos_full/5231.webm,133,8,25,8,134,False,False,0.14829310774803162,0.004711929243057966,0.003788899819483049,0.4852510360069573,33,1,8,8,False,
somethingv2,validation,107944,data/Something_data/videos_full/107944.webm,133,8,25,8,126,False,True,0.32609137892723083,0.11440859595313668,0.004656152494135313,2.4429682828485966,50,2,8,8,False,
somethingv2,validation,16781,data/Something_data/videos_full/16781.webm,133,8,25,8,16,False,False,0.7841185927391052,0.07080895407125354,0.004656152494135313,2.3245250592008233,56,2,8,8,False,
somethingv2,validation,9943,data/Something_data/videos_full/9943.webm,133,8,25,8,18,False,False,0.6134272813796997,0.007437923923134804,0.004656152494135313,2.252152974717319,27,1,8,8,False,
somethingv2,validation,165008,data/Something_data/videos_full/165008.webm,133,8,25,8,100,False,True,0.6437689661979675,0.11402966175228357,0.004656152494135313,2.23875893605873,40,2,8,8,False,
somethingv2,validation,167210,data/Something_data/videos_full/167210.webm,133,8,25,8,19,False,False,0.9684231281280518,0.08534954069182277,0.004656152494135313,2.1235470618121326,38,2,8,8,False,
somethingv2,validation,149685,data/Something_data/videos_full/149685.webm,133,8,25,8,160,False,False,0.347243994474411,0.05879155499860644,0.004656152494135313,2.0370033271610737,40,2,8,8,False,
somethingv2,validation,125048,data/Something_data/videos_full/125048.webm,133,8,25,8,124,False,False,0.7212537527084351,0.005976449698209763,0.004656152494135313,1.9769795429892838,32,1,8,8,False,
somethingv2,validation,218002,data/Something_data/videos_full/218002.webm,133,8,25,8,19,False,False,0.6942500472068787,0.09548208024352789,0.004656152494135313,1.9660283369012177,41,2,8,8,False,
somethingv2,validation,216153,data/Something_data/videos_full/216153.webm,133,8,25,8,144,False,False,0.24529777467250824,0.09365971619263291,0.004656152494135313,1.8678406872786582,38,2,8,8,False,
somethingv2,validation,34605,data/Something_data/videos_full/34605.webm,133,8,25,8,131,False,True,0.2923939824104309,0.11393311014398932,0.004656152494135313,1.7717278129421175,49,2,8,8,False,
somethingv2,validation,47439,data/Something_data/videos_full/47439.webm,133,8,25,8,131,False,True,0.6316354274749756,0.07278481498360634,0.004656152494135313,1.655371569097042,35,2,8,8,False,
somethingv2,validation,15422,data/Something_data/videos_full/15422.webm,134,8,25,8,17,False,False,0.4355142116546631,0.08478419901803136,0.004656152494135313,1.580749396700412,72,3,8,8,False,
somethingv2,validation,85046,data/Something_data/videos_full/85046.webm,134,8,25,8,134,True,True,0.4254448413848877,0.007256974000483751,0.004656152494135313,1.4936069920659065,20,1,8,8,False,
somethingv2,validation,22006,data/Something_data/videos_full/22006.webm,134,8,25,8,151,False,True,0.4987615644931793,0.13627467723563313,0.004656152494135313,1.482395837083459,68,3,8,8,False,
somethingv2,validation,79084,data/Something_data/videos_full/79084.webm,134,8,25,8,134,True,True,0.7129958868026733,0.05520523712038994,0.004656152494135313,1.3448498020879924,43,2,8,8,False,
somethingv2,validation,156751,data/Something_data/videos_full/156751.webm,134,8,25,8,134,True,True,0.9035747051239014,0.0061387671157717705,0.004656152494135313,1.2884895061142743,33,1,8,8,False,
somethingv2,validation,84719,data/Something_data/videos_full/84719.webm,134,8,25,8,129,False,False,0.7198454141616821,0.004644239321351051,0.004656152494135313,1.277397656813264,17,1,8,8,False,
somethingv2,validation,33151,data/Something_data/videos_full/33151.webm,134,8,25,8,16,False,False,0.8549165725708008,0.004357425030320883,0.004656152494135313,1.2716331291012466,28,1,8,8,False,
somethingv2,validation,17651,data/Something_data/videos_full/17651.webm,134,8,25,8,134,True,True,0.9958329796791077,0.06187438499182463,0.004656152494135313,1.266234025824815,44,2,8,8,False,
somethingv2,validation,83466,data/Something_data/videos_full/83466.webm,134,8,25,8,19,False,False,0.6760793924331665,0.08222849294543266,0.004656152494135313,1.2032729987986386,39,2,8,8,False,
somethingv2,validation,106321,data/Something_data/videos_full/106321.webm,134,8,25,8,162,False,False,0.5117616653442383,0.009032039437443018,0.004656152494135313,1.1195051376707852,35,2,8,8,False,
somethingv2,validation,24263,data/Something_data/videos_full/24263.webm,134,8,25,8,135,False,False,0.45200785994529724,0.005388258956372738,0.004656152494135313,1.1069513666443527,22,1,8,8,False,
somethingv2,validation,7219,data/Something_data/videos_full/7219.webm,134,8,25,8,16,False,False,0.6043950319290161,0.005763024091720581,0.004656152494135313,1.0993166510015726,32,1,8,8,False,
somethingv2,validation,141542,data/Something_data/videos_full/141542.webm,134,8,25,8,126,False,False,0.7766937613487244,0.007657066453248262,0.004656152494135313,1.0895439637824893,25,1,8,8,False,
somethingv2,validation,77732,data/Something_data/videos_full/77732.webm,134,8,25,8,135,False,False,0.2775253653526306,0.08105599787086248,0.004656152494135313,1.0778280464001,61,2,8,8,False,
somethingv2,validation,37453,data/Something_data/videos_full/37453.webm,134,8,25,8,18,False,False,0.3345596492290497,0.06713460804894567,0.004656152494135313,0.9943695259280503,50,2,8,8,False,
somethingv2,validation,90942,data/Something_data/videos_full/90942.webm,134,8,25,8,16,False,False,0.1599421501159668,0.03659394010901451,0.004656152494135313,0.9249482210725546,46,2,8,8,False,
somethingv2,validation,92355,data/Something_data/videos_full/92355.webm,134,8,25,8,100,False,False,0.48645371198654175,0.08235485199838877,0.004656152494135313,0.8873734371736646,46,2,8,8,False,
somethingv2,validation,113093,data/Something_data/videos_full/113093.webm,134,8,25,8,110,False,True,0.24961358308792114,0.0517525770701468,0.004656152494135313,0.8022626019082963,47,2,8,8,False,
somethingv2,validation,144041,data/Something_data/videos_full/144041.webm,134,8,25,8,16,False,False,0.36485034227371216,0.08396497881039977,0.004656152494135313,0.7494190041907132,60,2,8,8,False,
somethingv2,validation,135454,data/Something_data/videos_full/135454.webm,134,8,25,8,135,False,False,0.17313453555107117,0.08216464193537831,0.004656152494135313,0.6645646197721362,37,2,8,8,False,
somethingv2,validation,13464,data/Something_data/videos_full/13464.webm,135,8,25,8,16,False,False,0.9902896285057068,0.0055867768824100494,0.004656152494135313,0.5805579149164259,30,1,8,8,False,
somethingv2,validation,203983,data/Something_data/videos_full/203983.webm,135,8,25,8,20,False,True,0.950894832611084,0.009103752672672272,0.0038057546626077965,2.3055742727592587,21,1,8,8,False,
somethingv2,validation,218887,data/Something_data/videos_full/218887.webm,135,8,25,8,20,False,False,0.5799080729484558,0.07482050592079759,0.0038057546626077965,2.292802686803043,66,2,8,8,False,
somethingv2,validation,137899,data/Something_data/videos_full/137899.webm,135,8,25,8,125,False,False,0.2985019385814667,0.005274618975818157,0.0038057546626077965,2.217105455696583,21,1,8,8,False,
somethingv2,validation,171797,data/Something_data/videos_full/171797.webm,135,8,25,8,20,False,False,0.576940655708313,0.05486117536202073,0.0038057546626077965,2.2092022132128477,37,2,8,8,False,
somethingv2,validation,212051,data/Something_data/videos_full/212051.webm,135,8,25,8,16,False,False,0.8032222390174866,0.005293358117341995,0.0038057546626077965,2.1532390019856393,33,1,8,8,False,
somethingv2,validation,101553,data/Something_data/videos_full/101553.webm,135,8,25,8,20,False,False,0.6735095381736755,0.0055408482439816,0.0038057546626077965,2.14512971136719,32,1,8,8,False,
somethingv2,validation,74672,data/Something_data/videos_full/74672.webm,135,8,25,8,16,False,False,0.5373418927192688,0.09531172225251794,0.0038057546626077965,2.136246596928686,48,2,8,8,False,
somethingv2,validation,165181,data/Something_data/videos_full/165181.webm,135,8,25,8,126,False,False,0.634320080280304,0.006100750993937254,0.0038057546626077965,2.0395091460086405,29,1,8,8,False,
somethingv2,validation,15283,data/Something_data/videos_full/15283.webm,135,8,25,8,16,False,False,0.372901052236557,0.1004492393694818,0.0038057546626077965,2.0275940443389118,44,2,8,8,False,
somethingv2,validation,210566,data/Something_data/videos_full/210566.webm,135,8,25,8,10,False,True,0.6264877915382385,0.044167254120111465,0.0038057546626077965,1.9260355979204178,56,2,8,8,False,
somethingv2,validation,83492,data/Something_data/videos_full/83492.webm,135,8,25,8,15,False,False,0.2896304428577423,0.10451419604942203,0.0038057546626077965,1.8807225208729506,47,2,8,8,False,
somethingv2,validation,167185,data/Something_data/videos_full/167185.webm,135,8,25,8,16,False,True,0.8353466391563416,0.006066342815756798,0.0038057546626077965,1.7738111508078873,50,2,8,8,False,
somethingv2,validation,35071,data/Something_data/videos_full/35071.webm,135,8,25,8,16,False,True,0.4767434597015381,0.004248599987477064,0.0038057546626077965,1.76610746094957,28,1,8,8,False,
somethingv2,validation,110127,data/Something_data/videos_full/110127.webm,135,8,25,8,18,False,False,0.6261138319969177,0.007624238263815641,0.0038057546626077965,1.7608861490152776,23,1,8,8,False,
somethingv2,validation,153031,data/Something_data/videos_full/153031.webm,135,8,25,8,125,False,False,0.26904451847076416,0.08561340905725956,0.0038057546626077965,1.7476949016563594,35,2,8,8,False,
somethingv2,validation,21488,data/Something_data/videos_full/21488.webm,135,8,25,8,16,False,False,0.9337698221206665,0.006827939301729202,0.0038057546626077965,1.6605446659959853,34,1,8,8,False,
somethingv2,validation,171371,data/Something_data/videos_full/171371.webm,135,8,25,8,151,False,True,0.4297284483909607,0.07005601702257991,0.0038057546626077965,1.6515064449049532,49,2,8,8,False,
somethingv2,validation,112221,data/Something_data/videos_full/112221.webm,135,8,25,8,16,False,False,0.824610710144043,0.0776779088191688,0.0038057546626077965,1.5793527299538255,52,2,8,8,False,
somethingv2,validation,15785,data/Something_data/videos_full/15785.webm,135,8,25,8,20,False,True,0.3177121579647064,0.005827616900205612,0.0038057546626077965,1.4993515987880528,22,1,8,8,False,
somethingv2,validation,218646,data/Something_data/videos_full/218646.webm,136,8,25,8,19,False,False,0.7930847406387329,0.10061554796993732,0.0038057546626077965,1.4922709045931697,53,2,8,8,False,
somethingv2,validation,18181,data/Something_data/videos_full/18181.webm,136,8,25,8,125,False,False,0.8999532461166382,0.0784030188806355,0.0038057546626077965,1.388857590034604,55,2,8,8,False,
somethingv2,validation,57344,data/Something_data/videos_full/57344.webm,136,8,25,8,126,False,False,0.6148656606674194,0.061487333849072456,0.0038057546626077965,1.3079412039369345,50,2,8,8,False,
somethingv2,validation,86731,data/Something_data/videos_full/86731.webm,136,8,25,8,142,False,False,0.14876484870910645,0.10001403279602528,0.0038057546626077965,1.244935120921582,64,2,8,8,False,
somethingv2,validation,37252,data/Something_data/videos_full/37252.webm,136,8,25,8,17,False,False,0.3656874895095825,0.006815399043262005,0.0038057546626077965,1.1430563731119037,31,1,8,8,False,
somethingv2,validation,46811,data/Something_data/videos_full/46811.webm,136,8,25,8,19,False,False,0.8532639145851135,0.11868652328848839,0.0038057546626077965,1.1323709632270038,58,2,8,8,False,
somethingv2,validation,20628,data/Something_data/videos_full/20628.webm,136,8,25,8,19,False,False,0.3447497487068176,0.08741965284571052,0.0038057546626077965,1.0116981118917465,56,2,8,8,False,
somethingv2,validation,176219,data/Something_data/videos_full/176219.webm,136,8,25,8,19,False,False,0.7733728885650635,0.09026237716898322,0.0038057546626077965,0.9231070950627327,61,2,8,8,False,
somethingv2,validation,62240,data/Something_data/videos_full/62240.webm,136,8,25,8,128,False,False,0.5342745184898376,0.004517564084380865,0.0038057546626077965,0.8316868720576167,33,1,8,8,False,
somethingv2,validation,30118,data/Something_data/videos_full/30118.webm,136,8,25,8,134,False,False,0.3200555741786957,0.105001884046942,0.0038057546626077965,0.8261177861131728,50,2,8,8,False,
somethingv2,validation,56489,data/Something_data/videos_full/56489.webm,136,8,25,8,19,False,False,0.23499418795108795,0.08003311324864626,0.0038057546626077965,0.7181992619298398,44,2,8,8,False,
somethingv2,validation,207331,data/Something_data/videos_full/207331.webm,136,8,25,8,20,False,False,0.8716084361076355,0.08379781665280461,0.0038057546626077965,0.6362447799183428,64,2,8,8,False,
somethingv2,validation,139218,data/Something_data/videos_full/139218.webm,136,8,25,8,125,False,True,0.5537542104721069,0.06400837609544396,0.0038057546626077965,0.5501414607279003,64,2,8,8,False,
somethingv2,validation,200714,data/Something_data/videos_full/200714.webm,136,8,25,8,127,False,False,0.22273850440979004,0.06255264673382044,0.004760965937748551,2.979790534824133,52,2,8,8,False,
somethingv2,validation,155826,data/Something_data/videos_full/155826.webm,136,8,25,8,19,False,False,0.9821035265922546,0.08492352021858096,0.004760965937748551,2.913266816176474,41,2,8,8,False,
somethingv2,validation,212504,data/Something_data/videos_full/212504.webm,136,8,25,8,61,False,True,0.3129855990409851,0.09222022816538811,0.004760965937748551,2.8273047478869557,61,2,8,8,False,
somethingv2,validation,113477,data/Something_data/videos_full/113477.webm,136,8,25,8,20,False,False,0.40938568115234375,0.06549823703244328,0.004760965937748551,2.7335073319263756,52,2,8,8,False,
somethingv2,validation,201874,data/Something_data/videos_full/201874.webm,137,8,25,8,128,False,False,0.735059916973114,0.07441110908985138,0.004760965937748551,2.666576458606869,55,2,8,8,False,
somethingv2,validation,33458,data/Something_data/videos_full/33458.webm,137,8,25,8,18,False,False,0.20571960508823395,0.07034046528860927,0.004760965937748551,2.5902351830154657,46,2,8,8,False,
somethingv2,validation,105173,data/Something_data/videos_full/105173.webm,137,8,25,8,128,False,False,0.2083456963300705,0.06795247783884406,0.004760965937748551,2.5182471056468785,54,2,8,8,False,
somethingv2,validation,10018,data/Something_data/videos_full/10018.webm,137,8,25,8,128,False,False,0.38089099526405334,0.007491573225706816,0.004760965937748551,2.447687480133027,17,1,8,8,False,
somethingv2,validation,43317,data/Something_data/videos_full/43317.webm,137,8,25,8,128,False,False,0.5586323142051697,0.07899579592049122,0.004760965937748551,2.435673085041344,61,2,8,8,False,
somethingv2,validation,121135,data/Something_data/videos_full/121135.webm,137,8,25,8,129,False,False,0.9901580214500427,0.055663653183728456,0.004760965937748551,2.354620834812522,59,2,8,8,False,
somethingv2,validation,209940,data/Something_data/videos_full/209940.webm,137,8,25,8,126,False,False,0.9695978760719299,0.121413828805089,0.004760965937748551,2.297062265686691,71,3,8,8,False,
somethingv2,validation,217225,data/Something_data/videos_full/217225.webm,137,8,25,8,126,False,False,0.883892297744751,0.08250141190364957,0.004760965937748551,2.173171082045883,57,2,8,8,False,
somethingv2,validation,57826,data/Something_data/videos_full/57826.webm,137,8,25,8,128,False,False,0.8701253533363342,0.11865019192919135,0.004760965937748551,2.088530139066279,67,3,8,8,False,
somethingv2,validation,49021,data/Something_data/videos_full/49021.webm,137,8,25,8,59,False,False,0.33147111535072327,0.08646286465227604,0.004760965937748551,1.9680316429585218,51,2,8,8,False,
somethingv2,validation,28235,data/Something_data/videos_full/28235.webm,137,8,25,8,127,False,False,0.49233895540237427,0.053647713735699654,0.004760965937748551,1.8798338011838496,58,2,8,8,False,
somethingv2,validation,173289,data/Something_data/videos_full/173289.webm,137,8,25,8,128,False,False,0.3810030519962311,0.08395564509555697,0.004760965937748551,1.8251827387139201,72,3,8,8,False,
somethingv2,validation,217790,data/Something_data/videos_full/217790.webm,137,8,25,8,129,False,False,0.13029666244983673,0.057515467051416636,0.004760965937748551,1.7400161842815578,60,2,8,8,False,
somethingv2,validation,54400,data/Something_data/videos_full/54400.webm,137,8,25,8,127,False,False,0.7141106724739075,0.062284520361572504,0.004760965937748551,1.6814801669679582,65,2,8,8,False,
somethingv2,validation,128511,data/Something_data/videos_full/128511.webm,137,8,25,8,126,False,False,0.38215872645378113,0.06700817169621587,0.004760965937748551,1.6162497932091355,66,2,8,8,False,
somethingv2,validation,149475,data/Something_data/videos_full/149475.webm,137,8,25,8,126,False,False,0.7689725756645203,0.07296315208077431,0.004760965937748551,1.5479208631440997,61,2,8,8,False,
somethingv2,validation,172874,data/Something_data/videos_full/172874.webm,137,8,25,8,126,False,False,0.3502046763896942,0.08250569785013795,0.004760965937748551,1.4724763575941324,67,3,8,8,False,
somethingv2,validation,99390,data/Something_data/videos_full/99390.webm,137,8,25,8,126,False,False,0.5632330775260925,0.11891178973019123,0.004760965937748551,1.3881690260022879,47,2,8,8,False,
somethingv2,validation,142200,data/Something_data/videos_full/142200.webm,137,8,25,8,126,False,False,0.3987560272216797,0.0641051447018981,0.004760965937748551,1.2664801268838346,58,2,8,8,False,
somethingv2,validation,202729,data/Something_data/videos_full/202729.webm,137,8,25,8,128,False,False,0.33765709400177,0.07683546096086502,0.004760965937748551,1.200683125294745,59,2,8,8,False,
somethingv2,validation,208363,data/Something_data/videos_full/208363.webm,138,8,25,8,16,False,False,0.8307998776435852,0.07816133089363575,0.004760965937748551,1.1216713129542768,48,2,8,8,False,
somethingv2,validation,86378,data/Something_data/videos_full/86378.webm,138,8,25,8,19,False,False,0.6447319984436035,0.08436062000691891,0.004760965937748551,1.0419567241333425,62,2,8,8,False,
somethingv2,validation,205421,data/Something_data/videos_full/205421.webm,138,8,25,8,128,False,False,0.45125487446784973,0.03653452638536692,0.004760965937748551,0.9562900541350245,58,2,8,8,False,
somethingv2,validation,99996,data/Something_data/videos_full/99996.webm,138,8,25,8,18,False,False,0.6833049058914185,0.08247455907985568,0.004760965937748551,0.9190353467129171,52,2,8,8,False,
somethingv2,validation,16328,data/Something_data/videos_full/16328.webm,138,8,25,8,128,False,False,0.936324417591095,0.0873206458054483,0.004760965937748551,0.8349777711555362,68,3,8,8,False,
somethingv2,validation,1915,data/Something_data/videos_full/1915.webm,138,8,25,8,130,False,False,0.24450574815273285,0.09113264782354236,0.004760965937748551,0.7466794662177563,42,2,8,8,False,
somethingv2,validation,1591,data/Something_data/videos_full/1591.webm,138,8,25,8,130,False,False,0.6685519814491272,0.09875732287764549,0.004760965937748551,0.6544872969388962,39,2,8,8,False,
somethingv2,validation,214631,data/Something_data/videos_full/214631.webm,138,8,25,8,19,False,False,0.9976688027381897,0.009039865341037512,0.004760965937748551,0.553599005099386,25,1,8,8,False,
somethingv2,validation,178283,data/Something_data/videos_full/178283.webm,138,8,25,8,19,False,False,0.99601149559021,0.06264933431521058,0.004723025223938748,2.936747728381306,55,2,8,8,False,
somethingv2,validation,210572,data/Something_data/videos_full/210572.webm,138,8,25,8,61,False,False,0.26647162437438965,0.06474669510498643,0.004723025223938748,2.8730751583352685,41,2,8,8,False,
somethingv2,validation,118193,data/Something_data/videos_full/118193.webm,138,8,25,8,134,False,False,0.48405033349990845,0.07222726428881288,0.004723025223938748,2.807231559883803,42,2,8,8,False,
somethingv2,validation,99271,data/Something_data/videos_full/99271.webm,138,8,25,8,129,False,True,0.7786534428596497,0.07726529194042087,0.004723025223938748,2.7340608490630984,54,2,8,8,False,
somethingv2,validation,11672,data/Something_data/videos_full/11672.webm,138,8,25,8,135,False,False,0.2233770340681076,0.06526980176568031,0.004723025223938748,2.6552639571018517,61,2,8,8,False,
somethingv2,validation,51607,data/Something_data/videos_full/51607.webm,138,8,25,8,127,False,False,0.5341426134109497,0.05981681402772665,0.004723025223938748,2.5889506340026855,47,2,8,8,False,
somethingv2,validation,125214,data/Something_data/videos_full/125214.webm,138,8,25,8,30,False,False,0.5141664147377014,0.05225203186273575,0.004723025223938748,2.526839701924473,43,2,8,8,False,
somethingv2,validation,69755,data/Something_data/videos_full/69755.webm,138,8,25,8,19,False,False,0.9700011610984802,0.13603254687041044,0.004723025223938748,2.4725193670019507,54,2,8,8,False,
somethingv2,validation,43724,data/Something_data/videos_full/43724.webm,138,8,25,8,19,False,False,0.8750419616699219,0.15039055421948433,0.004723025223938748,2.3341465080156922,70,3,8,8,False,
somethingv2,validation,2355,data/Something_data/videos_full/2355.webm,138,8,25,8,59,False,True,0.3832348883152008,0.06769757810980082,0.004723025223938748,2.181485313922167,52,2,8,8,False,
somethingv2,validation,177586,data/Something_data/videos_full/177586.webm,138,8,25,8,16,False,False,0.7938456535339355,0.005833606701344252,0.004723025223938748,2.1119589740410447,33,1,8,8,False,
somethingv2,validation,199515,data/Something_data/videos_full/199515.webm,138,8,25,8,74,False,False,0.8028603196144104,0.09394895378500223,0.004723025223938748,2.1043816059827805,68,3,8,8,False,
somethingv2,validation,129682,data/Something_data/videos_full/129682.webm,139,8,25,8,100,False,False,0.5097569227218628,0.11800471879541874,0.004723025223938748,2.0083593148738146,45,2,8,8,False,
somethingv2,validation,50133,data/Something_data/videos_full/50133.webm,139,8,25,8,12,False,False,0.39140698313713074,0.06731806276366115,0.004723025223938748,1.8885115417651832,63,2,8,8,False,
somethingv2,validation,142231,data/Something_data/videos_full/142231.webm,139,8,25,8,124,False,False,0.16352687776088715,0.06567875295877457,0.004723025223938748,1.8197249616496265,57,2,8,8,False,
somethingv2,validation,32519,data/Something_data/videos_full/32519.webm,139,8,25,8,67,False,False,0.3875327408313751,0.06375184189528227,0.004723025223938748,1.7531971726566553,36,2,8,8,False,
somethingv2,validation,102979,data/Something_data/videos_full/102979.webm,139,8,25,8,56,False,False,0.5088546276092529,0.0531994909979403,0.004723025223938748,1.6881138132885098,49,2,8,8,False,
somethingv2,validation,83202,data/Something_data/videos_full/83202.webm,139,8,25,8,160,False,False,0.6591598391532898,0.1467824149876833,0.004723025223938748,1.6338761439546943,38,2,8,8,False,
somethingv2,validation,59379,data/Something_data/videos_full/59379.webm,139,8,25,8,16,False,False,0.2193647027015686,0.06699172407388687,0.004723025223938748,1.4844246772117913,44,2,8,8,False,
somethingv2,validation,58147,data/Something_data/videos_full/58147.webm,139,8,25,8,18,False,False,0.6078211069107056,0.006552174687385559,0.004723025223938748,1.4155516577884555,30,1,8,8,False,
somethingv2,validation,5269,data/Something_data/videos_full/5269.webm,139,8,25,8,122,False,False,0.12535476684570312,0.0691200359724462,0.004723025223938748,1.404711659066379,66,2,8,8,False,
somethingv2,validation,193509,data/Something_data/videos_full/193509.webm,139,8,25,8,133,False,False,0.23550857603549957,0.12096472596749663,0.004723025223938748,1.3336452399380505,58,2,8,8,False,
somethingv2,validation,139366,data/Something_data/videos_full/139366.webm,139,8,25,8,16,False,False,0.31425589323043823,0.04624091787263751,0.004723025223938748,1.210674243979156,43,2,8,8,False,
somethingv2,validation,65576,data/Something_data/videos_full/65576.webm,139,8,25,8,56,False,False,0.7890944480895996,0.054261538200080395,0.004723025223938748,1.161439832765609,53,2,8,8,False,
somethingv2,validation,158253,data/Something_data/videos_full/158253.webm,139,8,25,8,160,False,False,0.7884580492973328,0.08984234882518649,0.004723025223938748,1.1058081239461899,41,2,8,8,False,
somethingv2,validation,122982,data/Something_data/videos_full/122982.webm,139,8,25,8,81,False,False,0.4888131320476532,0.1468226839788258,0.004723025223938748,1.0137642160989344,53,2,8,8,False,
somethingv2,validation,46229,data/Something_data/videos_full/46229.webm,139,8,25,8,48,False,False,0.17671455442905426,0.10560603719204664,0.004723025223938748,0.8649625461548567,72,3,8,8,False,
somethingv2,validation,198242,data/Something_data/videos_full/198242.webm,139,8,25,8,67,False,False,0.6153196096420288,0.07280511688441038,0.004723025223938748,0.7577734901569784,57,2,8,8,False,
somethingv2,validation,218548,data/Something_data/videos_full/218548.webm,139,8,25,8,100,False,False,0.451281875371933,0.005399894900619984,0.004723025223938748,0.683865562081337,31,1,8,8,False,
somethingv2,validation,205513,data/Something_data/videos_full/205513.webm,139,8,25,8,139,True,True,0.2899678647518158,0.07747111143544316,0.004723025223938748,0.6764092049561441,55,2,8,8,False,
somethingv2,validation,134887,data/Something_data/videos_full/134887.webm,139,8,25,8,18,False,False,0.9417818188667297,0.005876145325601101,0.004723025223938748,0.5974919041618705,21,1,8,8,False,
somethingv2,validation,128629,data/Something_data/videos_full/128629.webm,139,8,25,8,16,False,False,0.5981389880180359,0.0060689980164170265,0.004723025223938748,0.5875887717120349,21,1,8,8,False,
somethingv2,validation,452,data/Something_data/videos_full/452.webm,140,8,25,8,128,False,False,0.507775604724884,0.06717188097536564,0.004673345625633374,2.4717881809920073,52,2,8,8,False,
somethingv2,validation,127985,data/Something_data/videos_full/127985.webm,140,8,25,8,15,False,False,0.18791519105434418,0.007242630701512098,0.004673345625633374,2.403304929845035,15,1,8,8,False,
somethingv2,validation,96201,data/Something_data/videos_full/96201.webm,140,8,25,8,100,False,False,0.9109498858451843,0.0066572530195117,0.004673345625633374,2.391995222773403,29,1,8,8,False,
somethingv2,validation,202728,data/Something_data/videos_full/202728.webm,140,8,25,8,16,False,False,0.8867514729499817,0.006835342850536108,0.004673345625633374,2.3816952579654753,34,1,8,8,False,
somethingv2,validation,124985,data/Something_data/videos_full/124985.webm,140,8,25,8,160,False,False,0.4578899145126343,0.06813968531787395,0.004673345625633374,2.3735008272342384,36,2,8,8,False,
somethingv2,validation,173624,data/Something_data/videos_full/173624.webm,140,8,25,8,27,False,True,0.16455258429050446,0.06139992410317063,0.004673345625633374,2.303822038229555,40,2,8,8,False,
somethingv2,validation,52001,data/Something_data/videos_full/52001.webm,140,8,25,8,67,False,False,0.5539467334747314,0.005506114102900028,0.004673345625633374,2.2410462382249534,31,1,8,8,False,
somethingv2,validation,19099,data/Something_data/videos_full/19099.webm,140,8,25,8,127,False,False,0.596237301826477,0.1157761150971055,0.004673345625633374,2.2337385462597013,52,2,8,8,False,
somethingv2,validation,31068,data/Something_data/videos_full/31068.webm,140,8,25,8,119,False,True,0.2715223729610443,0.0664096106775105,0.004673345625633374,2.1163677172735333,41,2,8,8,False,
somethingv2,validation,29322,data/Something_data/videos_full/29322.webm,140,8,25,8,153,False,False,0.08630497753620148,0.006181884091347456,0.004673345625633374,2.0490265269763768,27,1,8,8,False,
somethingv2,validation,139316,data/Something_data/videos_full/139316.webm,140,8,25,8,16,False,False,0.8680973649024963,0.006133303977549076,0.004673345625633374,2.0375117999501526,18,1,8,8,False,
somethingv2,validation,125063,data/Something_data/videos_full/125063.webm,140,8,25,8,63,False,False,0.24214085936546326,0.08540446497499943,0.004673345625633374,2.0256817378103733,42,2,8,8,False,
somethingv2,validation,178680,data/Something_data/videos_full/178680.webm,140,8,25,8,162,False,False,0.6043103337287903,0.04195715393871069,0.004673345625633374,1.9384716227650642,53,2,8,8,False,
somethingv2,validation,115580,data/Something_data/videos_full/115580.webm,140,8,25,8,16,False,False,0.2037094384431839,0.007019041106104851,0.004673345625633374,1.8951751217246056,27,1,8,8,False,
somethingv2,validation,183847,data/Something_data/videos_full/183847.webm,140,8,25,8,16,False,False,0.8299739360809326,0.11181928310543299,0.004673345625633374,1.883337683044374,47,2,8,8,False,
somethingv2,validation,144373,data/Something_data/videos_full/144373.webm,140,8,25,8,61,False,False,0.3714578151702881,0.10645211720839143,0.004673345625633374,1.7689548628404737,35,2,8,8,False,
somethingv2,validation,209612,data/Something_data/videos_full/209612.webm,140,8,25,8,125,False,False,0.5482017397880554,0.007572682108730078,0.004673345625633374,1.6601659092120826,30,1,8,8,False,
somethingv2,validation,58070,data/Something_data/videos_full/58070.webm,140,8,25,8,67,False,False,0.5043036937713623,0.06149601191282272,0.004673345625633374,1.6464062673039734,37,2,8,8,False,
somethingv2,validation,46338,data/Something_data/videos_full/46338.webm,140,8,25,8,127,False,False,0.5591237545013428,0.056747136637568474,0.004673345625633374,1.582751183770597,63,2,8,8,False,
somethingv2,validation,180665,data/Something_data/videos_full/180665.webm,140,8,25,8,128,False,False,0.3995293974876404,0.03613094612956047,0.004673345625633374,1.5232658670283854,45,2,8,8,False,
somethingv2,validation,121746,data/Something_data/videos_full/121746.webm,141,8,25,8,141,True,True,0.3891908824443817,0.06822901777923107,0.004673345625633374,1.4861054569482803,38,2,8,8,False,
somethingv2,validation,72427,data/Something_data/videos_full/72427.webm,141,8,25,8,56,False,False,0.3063388168811798,0.13317335676401854,0.004673345625633374,1.4157134369015694,67,3,8,8,False,
somethingv2,validation,170880,data/Something_data/videos_full/170880.webm,141,8,25,8,41,False,False,0.791960597038269,0.07499076798558235,0.004673345625633374,1.2804654301144183,58,2,8,8,False,
somethingv2,validation,85931,data/Something_data/videos_full/85931.webm,141,8,25,8,124,False,False,0.8359211087226868,0.004836603067815304,0.004673345625633374,1.2039917930960655,26,1,8,8,False,
somethingv2,validation,66520,data/Something_data/videos_full/66520.webm,141,8,25,8,60,False,False,0.4151707589626312,0.0499241310171783,0.004673345625633374,1.1967891440726817,45,2,8,8,False,
somethingv2,validation,33185,data/Something_data/videos_full/33185.webm,141,8,25,8,16,False,False,0.37333372235298157,0.04294108133763075,0.004673345625633374,1.1460984330624342,44,2,8,8,False,
somethingv2,validation,118579,data/Something_data/videos_full/118579.webm,141,8,25,8,127,False,False,0.5146722793579102,0.05185028212144971,0.004673345625633374,1.101931591052562,51,2,8,8,False,
somethingv2,validation,45343,data/Something_data/videos_full/45343.webm,141,8,25,8,18,False,False,0.2506627142429352,0.09561477182433009,0.004673345625633374,1.0491765569895506,62,2,8,8,False,
somethingv2,validation,152476,data/Something_data/videos_full/152476.webm,141,8,25,8,150,False,False,0.30119144916534424,0.09067820012569427,0.004673345625633374,0.9523091833107173,71,3,8,8,False,
somethingv2,validation,92852,data/Something_data/videos_full/92852.webm,141,8,25,8,17,False,False,0.35421839356422424,0.1389382821507752,0.004673345625633374,0.8589700036682189,72,3,8,8,False,
somethingv2,validation,129375,data/Something_data/videos_full/129375.webm,141,8,25,8,127,False,False,0.6838515996932983,0.07496902905404568,0.004673345625633374,0.7175785331055522,70,3,8,8,False,
somethingv2,validation,9855,data/Something_data/videos_full/9855.webm,141,8,25,8,142,False,False,0.7856436371803284,0.10017125029116869,0.004673345625633374,0.6410552370361984,72,3,8,8,False,
somethingv2,validation,78583,data/Something_data/videos_full/78583.webm,141,8,25,8,128,False,False,0.9675449728965759,0.03841434232890606,0.004781141469720751,3.184911172837019,57,2,8,8,False,
somethingv2,validation,122733,data/Something_data/videos_full/122733.webm,141,8,25,8,143,False,False,0.2558705508708954,0.08404183434322476,0.004781141469720751,3.1449807002209127,60,2,8,8,False,
somethingv2,validation,76217,data/Something_data/videos_full/76217.webm,141,8,25,8,123,False,True,0.798673152923584,0.09797135693952441,0.004781141469720751,3.058803158812225,58,2,8,8,False,
somethingv2,validation,173496,data/Something_data/videos_full/173496.webm,141,8,25,8,141,True,True,0.3681277632713318,0.08707163576036692,0.004781141469720751,2.9580755960196257,72,3,8,8,False,
somethingv2,validation,59179,data/Something_data/videos_full/59179.webm,141,8,25,8,114,False,False,0.7390371561050415,0.08177843131124973,0.004781141469720751,2.869033841881901,44,2,8,8,False,
somethingv2,validation,80659,data/Something_data/videos_full/80659.webm,141,8,25,8,142,False,False,0.1230882927775383,0.05922852037474513,0.004781141469720751,2.7849752637557685,49,2,8,8,False,
somethingv2,validation,30605,data/Something_data/videos_full/30605.webm,141,8,25,8,66,False,False,0.33118703961372375,0.06257044477388263,0.004781141469720751,2.7236390449106693,73,3,8,8,False,
somethingv2,validation,15661,data/Something_data/videos_full/15661.webm,141,8,25,8,128,False,False,0.4777310788631439,0.058461843989789486,0.004781141469720751,2.6596765592694283,54,2,8,8,False,
somethingv2,validation,194702,data/Something_data/videos_full/194702.webm,142,8,25,8,125,False,False,0.36015817523002625,0.06719769025221467,0.004781141469720751,2.599253610242158,52,2,8,8,False,
somethingv2,validation,119715,data/Something_data/videos_full/119715.webm,142,8,25,8,123,False,False,0.5717809796333313,0.09505533101037145,0.004781141469720751,2.5306161590851843,71,3,8,8,False,
somethingv2,validation,211654,data/Something_data/videos_full/211654.webm,142,8,25,8,125,False,False,0.46546512842178345,0.05086355982348323,0.004781141469720751,2.4331463067792356,37,2,8,8,False,
somethingv2,validation,44930,data/Something_data/videos_full/44930.webm,142,8,25,8,125,False,False,0.3479556739330292,0.15066952956840396,0.004781141469720751,2.3813808099366724,47,2,8,8,False,
somethingv2,validation,98523,data/Something_data/videos_full/98523.webm,142,8,25,8,142,True,True,0.4622644782066345,0.09576074499636889,0.004781141469720751,2.2291383389383554,48,2,8,8,False,
somethingv2,validation,89116,data/Something_data/videos_full/89116.webm,142,8,25,8,67,False,False,0.9320923089981079,0.06670382991433144,0.004781141469720751,2.132265546824783,55,2,8,8,False,
somethingv2,validation,168467,data/Something_data/videos_full/168467.webm,142,8,25,8,9,False,False,0.15430010855197906,0.16987946396693587,0.004781141469720751,2.064398739952594,38,2,8,8,False,
somethingv2,validation,125220,data/Something_data/videos_full/125220.webm,142,8,25,8,143,False,False,0.662298321723938,0.05667652189731598,0.004781141469720751,1.8917502369731665,54,2,8,8,False,
somethingv2,validation,59120,data/Something_data/videos_full/59120.webm,142,8,25,8,125,False,False,0.591963529586792,0.07650082185864449,0.004781141469720751,1.8336182311177254,42,2,8,8,False,
somethingv2,validation,149607,data/Something_data/videos_full/149607.webm,142,8,25,8,142,True,True,0.40673187375068665,0.10948541108518839,0.004781141469720751,1.7553181597031653,49,2,8,8,False,
somethingv2,validation,137299,data/Something_data/videos_full/137299.webm,142,8,25,8,130,False,True,0.20345386862754822,0.07684654975309968,0.004781141469720751,1.6432913467288017,53,2,8,8,False,
somethingv2,validation,63587,data/Something_data/videos_full/63587.webm,142,8,25,8,125,False,False,0.9782567024230957,0.08509221114218235,0.004781141469720751,1.5645682392641902,55,2,8,8,False,
somethingv2,validation,33067,data/Something_data/videos_full/33067.webm,142,8,25,8,15,False,False,0.5269229412078857,0.08602019213140011,0.004781141469720751,1.4775168718770146,36,2,8,8,False,
somethingv2,validation,69444,data/Something_data/videos_full/69444.webm,142,8,25,8,10,False,False,0.506079375743866,0.006750405300408602,0.004781141469720751,1.390094131231308,31,1,8,8,False,
somethingv2,validation,128896,data/Something_data/videos_full/128896.webm,142,8,25,8,142,True,True,0.4560786485671997,0.08624711073935032,0.004781141469720751,1.378519062884152,59,2,8,8,False,
somethingv2,validation,196594,data/Something_data/videos_full/196594.webm,142,8,25,8,79,False,True,0.875613272190094,0.08130907779559493,0.004781141469720751,1.291186950635165,42,2,8,8,False,
somethingv2,validation,37118,data/Something_data/videos_full/37118.webm,142,8,25,8,130,False,False,0.9476850628852844,0.07661396404728293,0.004781141469720751,1.2085969909094274,36,2,8,8,False,
somethingv2,validation,179780,data/Something_data/videos_full/179780.webm,142,8,25,8,142,True,True,0.9285410642623901,0.09739598771557212,0.004781141469720751,1.1305078589357436,58,2,8,8,False,
somethingv2,validation,170884,data/Something_data/videos_full/170884.webm,142,8,25,8,16,False,False,0.8908459544181824,0.06174722500145435,0.004781141469720751,1.0321513302624226,63,2,8,8,False,
somethingv2,validation,1091,data/Something_data/videos_full/1091.webm,142,8,25,8,130,False,True,0.41106700897216797,0.09911095490679145,0.004781141469720751,0.9679195829667151,39,2,8,8,False,
somethingv2,validation,217471,data/Something_data/videos_full/217471.webm,143,8,25,8,18,False,True,0.9515840411186218,0.08954592095687985,0.004781141469720751,0.8661675960756838,53,2,8,8,False,
somethingv2,validation,141667,data/Something_data/videos_full/141667.webm,143,8,25,8,18,False,True,0.5265689492225647,0.08117367001250386,0.004781141469720751,0.7736903666518629,37,2,8,8,False,
somethingv2,validation,85917,data/Something_data/videos_full/85917.webm,143,8,25,8,143,True,True,0.7253244519233704,0.06915557384490967,0.004781141469720751,0.6908033080399036,59,2,8,8,False,
somethingv2,validation,220767,data/Something_data/videos_full/220767.webm,143,8,25,8,16,False,False,0.9215579032897949,0.05962310777977109,0.004781141469720751,0.6187759079039097,47,2,8,8,False,
somethingv2,validation,161551,data/Something_data/videos_full/161551.webm,143,8,25,8,16,False,False,0.5944705009460449,0.06650554109364748,0.004873498226515949,2.9947686260566115,40,2,8,8,False,
somethingv2,validation,112121,data/Something_data/videos_full/112121.webm,143,8,25,8,16,False,True,0.36543789505958557,0.08369862707331777,0.004873498226515949,2.9259633840993047,56,2,8,8,False,
somethingv2,validation,178672,data/Something_data/videos_full/178672.webm,143,8,25,8,143,True,True,0.3259564936161041,0.1121375598013401,0.004873498226515949,2.8401237218640745,71,3,8,8,False,
somethingv2,validation,39437,data/Something_data/videos_full/39437.webm,143,8,25,8,125,False,False,0.21022672951221466,0.06841200031340122,0.004873498226515949,2.7260270938277245,59,2,8,8,False,
somethingv2,validation,48238,data/Something_data/videos_full/48238.webm,143,8,25,8,18,False,False,0.832954466342926,0.10535168927162886,0.004873498226515949,2.655225499998778,54,2,8,8,False,
somethingv2,validation,96222,data/Something_data/videos_full/96222.webm,143,8,25,8,16,False,False,0.3615880012512207,0.1021958771161735,0.004873498226515949,2.5465779178775847,63,2,8,8,False,
somethingv2,validation,72364,data/Something_data/videos_full/72364.webm,143,8,25,8,16,False,False,0.6211072206497192,0.09321664180606604,0.004873498226515949,2.4423005003482103,67,3,8,8,False,
somethingv2,validation,50461,data/Something_data/videos_full/50461.webm,143,8,25,8,16,False,False,0.7130047678947449,0.07260249322280288,0.004873498226515949,2.347233721986413,40,2,8,8,False,
somethingv2,validation,21856,data/Something_data/videos_full/21856.webm,143,8,25,8,80,False,True,0.6198349595069885,0.056812167167663574,0.004873498226515949,2.2732938742265105,56,2,8,8,False,
somethingv2,validation,165103,data/Something_data/videos_full/165103.webm,143,8,25,8,143,True,True,0.9661137461662292,0.0934103881008923,0.004873498226515949,2.215213457122445,51,2,8,8,False,
somethingv2,validation,62352,data/Something_data/videos_full/62352.webm,143,8,25,8,18,False,False,0.5021576881408691,0.006291531957685947,0.004873498226515949,2.1205478236079216,29,1,8,8,False,
somethingv2,validation,170503,data/Something_data/videos_full/170503.webm,143,8,25,8,16,False,False,0.6606030464172363,0.06429967330768704,0.004873498226515949,2.1088764159940183,66,2,8,8,False,
somethingv2,validation,212577,data/Something_data/videos_full/212577.webm,143,8,25,8,80,False,True,0.4734039008617401,0.06263097980991006,0.004873498226515949,2.0434137489646673,62,2,8,8,False,
somethingv2,validation,108613,data/Something_data/videos_full/108613.webm,143,8,25,8,16,False,True,0.8954543471336365,0.08286893274635077,0.004873498226515949,1.9792833682149649,55,2,8,8,False,
somethingv2,validation,145254,data/Something_data/videos_full/145254.webm,143,8,25,8,129,False,True,0.3366820216178894,0.045844703912734985,0.004873498226515949,1.8953030812554061,45,2,8,8,False,
somethingv2,validation,108638,data/Something_data/videos_full/108638.webm,143,8,25,8,19,False,False,0.9688689708709717,0.007580047007650137,0.004873498226515949,1.8474105251953006,24,1,8,8,False,
somethingv2,validation,6921,data/Something_data/videos_full/6921.webm,144,8,25,8,15,False,False,0.4271949231624603,0.09372206684201956,0.004873498226515949,1.833590468391776,56,2,8,8,False,
somethingv2,validation,136195,data/Something_data/videos_full/136195.webm,144,8,25,8,127,False,True,0.46166154742240906,0.06939789280295372,0.004873498226515949,1.7374589638784528,56,2,8,8,False,
somethingv2,validation,73864,data/Something_data/videos_full/73864.webm,144,8,25,8,18,False,False,0.4257664978504181,0.07931492710486054,0.004873498226515949,1.6664965888485312,57,2,8,8,False,
somethingv2,validation,17126,data/Something_data/videos_full/17126.webm,144,8,25,8,20,False,False,0.5118503570556641,0.08560797292739153,0.004873498226515949,1.5855151759460568,58,2,8,8,False,
somethingv2,validation,190032,data/Something_data/videos_full/190032.webm,144,8,25,8,129,False,False,0.9756757020950317,0.08007604675367475,0.004873498226515949,1.4978731707669795,61,2,8,8,False,
somethingv2,validation,6383,data/Something_data/videos_full/6383.webm,144,8,25,8,125,False,False,0.83186936378479,0.05033045122399926,0.004873498226515949,1.414822556078434,60,2,8,8,False,
somethingv2,validation,27941,data/Something_data/videos_full/27941.webm,144,8,25,8,128,False,False,0.2403552234172821,0.09168551070615649,0.004873498226515949,1.3622332029044628,59,2,8,8,False,
somethingv2,validation,48716,data/Something_data/videos_full/48716.webm,144,8,25,8,12,False,False,0.4397795796394348,0.05366440676152706,0.004873498226515949,1.2687208508141339,63,2,8,8,False,
somethingv2,validation,145994,data/Something_data/videos_full/145994.webm,144,8,25,8,67,False,False,0.2999543845653534,0.07657327689230442,0.004873498226515949,1.2140667368657887,64,2,8,8,False,
somethingv2,validation,179478,data/Something_data/videos_full/179478.webm,144,8,25,8,151,False,False,0.602531909942627,0.09619217179715633,0.004873498226515949,1.136124439071864,68,3,8,8,False,
somethingv2,validation,24184,data/Something_data/videos_full/24184.webm,144,8,25,8,125,False,False,0.6858634948730469,0.08469402929767966,0.004873498226515949,1.0391127318143845,50,2,8,8,False,
somethingv2,validation,43075,data/Something_data/videos_full/43075.webm,144,8,25,8,134,False,False,0.6663786172866821,0.05529515305534005,0.004873498226515949,0.9530324288643897,51,2,8,8,False,
somethingv2,validation,214358,data/Something_data/videos_full/214358.webm,144,8,25,8,74,False,False,0.4920767843723297,0.07385417586192489,0.004873498226515949,0.8962943661026657,59,2,8,8,False,
somethingv2,validation,9025,data/Something_data/videos_full/9025.webm,144,8,25,8,125,False,False,0.420137494802475,0.1661544991657138,0.004873498226515949,0.819997358135879,66,2,8,8,False,
somethingv2,validation,74211,data/Something_data/videos_full/74211.webm,144,8,25,8,134,False,False,0.2622145414352417,0.04492968926206231,0.004873498226515949,0.6512541207484901,56,2,8,8,False,
somethingv2,validation,123037,data/Something_data/videos_full/123037.webm,144,8,25,8,128,False,False,0.6624020934104919,0.036105471197515726,0.004873498226515949,0.6048202868551016,58,2,8,8,False,
somethingv2,validation,52285,data/Something_data/videos_full/52285.webm,144,8,25,8,116,False,False,0.7430716753005981,0.0928977089934051,0.004799321497557685,3.25267699919641,65,2,8,8,False,
somethingv2,validation,56120,data/Something_data/videos_full/56120.webm,144,8,25,8,16,False,False,0.8001194000244141,0.09420797182247043,0.004799321497557685,3.1582030239515007,59,2,8,8,False,
somethingv2,validation,133470,data/Something_data/videos_full/133470.webm,144,8,25,8,116,False,False,0.8305976986885071,0.08630788000300527,0.004799321497557685,3.061490052845329,72,3,8,8,False,
somethingv2,validation,41547,data/Something_data/videos_full/41547.webm,144,8,25,8,173,False,False,0.5162912011146545,0.10016339318826795,0.004799321497557685,2.9729512790217996,72,3,8,8,False,
somethingv2,validation,47452,data/Something_data/videos_full/47452.webm,145,8,25,8,142,False,False,0.47140395641326904,0.09435308072715998,0.004799321497557685,2.8698582090437412,71,3,8,8,False,
somethingv2,validation,152026,data/Something_data/videos_full/152026.webm,145,8,25,8,145,True,True,0.7307718396186829,0.011072502937167883,0.004799321497557685,2.7732349578291178,67,3,8,8,False,
somethingv2,validation,50447,data/Something_data/videos_full/50447.webm,145,8,25,8,143,False,True,0.15068133175373077,0.08315994404256344,0.004799321497557685,2.759097301866859,54,2,8,8,False,
somethingv2,validation,4441,data/Something_data/videos_full/4441.webm,145,8,25,8,15,False,False,0.4246293008327484,0.10347367823123932,0.004799321497557685,2.6737723206169903,41,2,8,8,False,
somethingv2,validation,135839,data/Something_data/videos_full/135839.webm,145,8,25,8,125,False,False,0.6058578491210938,0.09223609929904342,0.004799321497557685,2.5671005798503757,68,3,8,8,False,
somethingv2,validation,154401,data/Something_data/videos_full/154401.webm,145,8,25,8,59,False,False,0.4430488049983978,0.07027699938043952,0.004799321497557685,2.47338475426659,44,2,8,8,False,
somethingv2,validation,193490,data/Something_data/videos_full/193490.webm,145,8,25,8,106,False,True,0.625691831111908,0.08091280609369278,0.004799321497557685,2.4010225469246507,69,3,8,8,False,
somethingv2,validation,98142,data/Something_data/videos_full/98142.webm,145,8,25,8,17,False,False,0.4541633129119873,0.08520865486934781,0.004799321497557685,2.3187507363036275,50,2,8,8,False,
somethingv2,validation,27358,data/Something_data/videos_full/27358.webm,145,8,25,8,56,False,False,0.8698237538337708,0.0778530309908092,0.004799321497557685,2.2324146586470306,45,2,8,8,False,
somethingv2,validation,218305,data/Something_data/videos_full/218305.webm,145,8,25,8,145,True,True,0.9386412501335144,0.06011614017188549,0.004799321497557685,2.153188321739435,43,2,8,8,False,
somethingv2,validation,194338,data/Something_data/videos_full/194338.webm,145,8,25,8,19,False,False,0.9820523858070374,0.06416306411847472,0.004799321497557685,2.0916036390699446,66,2,8,8,False,
somethingv2,validation,27779,data/Something_data/videos_full/27779.webm,145,8,25,8,170,False,True,0.4470178484916687,0.12340083485469222,0.004799321497557685,2.0263191051781178,73,3,8,8,False,
somethingv2,validation,141612,data/Something_data/videos_full/141612.webm,145,8,25,8,143,False,False,0.6352562308311462,0.109650410246104,0.004799321497557685,1.9000692931003869,68,3,8,8,False,
somethingv2,validation,13468,data/Something_data/videos_full/13468.webm,145,8,25,8,145,True,True,0.7702564001083374,0.11386603256687522,0.004799321497557685,1.7881084689870477,72,3,8,8,False,
somethingv2,validation,193838,data/Something_data/videos_full/193838.webm,145,8,25,8,129,False,False,0.9799641966819763,0.09180929604917765,0.004799321497557685,1.6714701307937503,67,3,8,8,False,
somethingv2,validation,206961,data/Something_data/videos_full/206961.webm,145,8,25,8,143,False,False,0.4990732669830322,0.09437717171385884,0.004799321497557685,1.5771056897938251,53,2,8,8,False,
somethingv2,validation,200199,data/Something_data/videos_full/200199.webm,145,8,25,8,18,False,False,0.31721004843711853,0.07315366994589567,0.004799321497557685,1.4803354418836534,43,2,8,8,False,
somethingv2,validation,158643,data/Something_data/videos_full/158643.webm,145,8,25,8,143,False,False,0.3627755343914032,0.06593819195404649,0.004799321497557685,1.405926973093301,51,2,8,8,False,
somethingv2,validation,129592,data/Something_data/videos_full/129592.webm,145,8,25,8,6,False,True,0.48021841049194336,0.085305733140558,0.004799321497557685,1.3384729432873428,64,2,8,8,False,
somethingv2,validation,48744,data/Something_data/videos_full/48744.webm,145,8,25,8,129,False,False,0.46242645382881165,0.12810796592384577,0.004799321497557685,1.2516035339795053,62,2,8,8,False,
somethingv2,validation,186424,data/Something_data/videos_full/186424.webm,146,8,25,8,29,False,False,0.3085527718067169,0.1015845499932766,0.004799321497557685,1.1219602948985994,69,3,8,8,False,
somethingv2,validation,148258,data/Something_data/videos_full/148258.webm,146,8,25,8,133,False,True,0.39920032024383545,0.08914383826777339,0.004799321497557685,1.0190815473906696,62,2,8,8,False,
somethingv2,validation,60410,data/Something_data/videos_full/60410.webm,146,8,25,8,160,False,False,0.4215407073497772,0.049306978937238455,0.004799321497557685,0.9280730113387108,53,2,8,8,False,
somethingv2,validation,219213,data/Something_data/videos_full/219213.webm,146,8,25,8,126,False,False,0.9513056874275208,0.07855343818664551,0.004799321497557685,0.8763315849937499,62,2,8,8,False,
somethingv2,validation,134267,data/Something_data/videos_full/134267.webm,146,8,25,8,19,False,False,0.6639032363891602,0.008694454096257687,0.004799321497557685,0.794835024047643,23,1,8,8,False,
somethingv2,validation,8283,data/Something_data/videos_full/8283.webm,146,8,25,8,126,False,False,0.8688521981239319,0.06007965700700879,0.004799321497557685,0.780165963806212,53,2,8,8,False,
somethingv2,validation,6793,data/Something_data/videos_full/6793.webm,146,8,25,8,144,False,True,0.5042929649353027,0.07048499630764127,0.004799321497557685,0.7181022530421615,54,2,8,8,False,
somethingv2,validation,130213,data/Something_data/videos_full/130213.webm,146,8,25,8,160,False,False,0.36887508630752563,0.10332332085818052,0.004799321497557685,0.6456235791556537,51,2,8,8,False,
somethingv2,validation,73758,data/Something_data/videos_full/73758.webm,146,8,25,8,126,False,False,0.8795382380485535,0.07676597917452455,0.004774746019393206,3.019744179211557,60,2,8,8,False,
somethingv2,validation,60260,data/Something_data/videos_full/60260.webm,146,8,25,8,130,False,False,0.5706926584243774,0.007454500067979097,0.004774746019393206,2.941100874915719,32,1,8,8,False,
somethingv2,validation,34926,data/Something_data/videos_full/34926.webm,146,8,25,8,126,False,False,0.9876731038093567,0.10008957097306848,0.004774746019393206,2.928977225907147,55,2,8,8,False,
somethingv2,validation,139001,data/Something_data/videos_full/139001.webm,146,8,25,8,126,False,False,0.9813504219055176,0.06526418589055538,0.004774746019393206,2.8263076059520245,58,2,8,8,False,
somethingv2,validation,197920,data/Something_data/videos_full/197920.webm,146,8,25,8,114,False,True,0.5062272548675537,0.08430367801338434,0.004774746019393206,2.759575115982443,51,2,8,8,False,
somethingv2,validation,142245,data/Something_data/videos_full/142245.webm,146,8,25,8,160,False,True,0.3859390616416931,0.011639792937785387,0.004774746019393206,2.6728262812830508,40,2,8,8,False,
somethingv2,validation,40897,data/Something_data/videos_full/40897.webm,146,8,25,8,125,False,False,0.9890245795249939,0.005894836038351059,0.004774746019393206,2.6570208850316703,33,1,8,8,False,
somethingv2,validation,171435,data/Something_data/videos_full/171435.webm,146,8,25,8,126,False,False,0.9914263486862183,0.06681056087836623,0.004774746019393206,2.6481794817373157,55,2,8,8,False,
somethingv2,validation,217678,data/Something_data/videos_full/217678.webm,146,8,25,8,126,False,False,0.9966652989387512,0.06833086116239429,0.004774746019393206,2.579590404871851,61,2,8,8,False,
somethingv2,validation,53565,data/Something_data/videos_full/53565.webm,146,8,25,8,160,False,False,0.3268739879131317,0.07439094921573997,0.004774746019393206,2.509102749172598,54,2,8,8,False,
somethingv2,validation,198752,data/Something_data/videos_full/198752.webm,146,8,25,8,25,False,False,0.23339805006980896,0.09916050592437387,0.004774746019393206,2.4327374533750117,52,2,8,8,False,
somethingv2,validation,139649,data/Something_data/videos_full/139649.webm,146,8,25,8,18,False,False,0.2051985114812851,0.07610231824219227,0.004774746019393206,2.3312583952210844,53,2,8,8,False,
somethingv2,validation,86545,data/Something_data/videos_full/86545.webm,147,8,25,8,18,False,False,0.10976583510637283,0.12292487127706409,0.004774746019393206,2.253933281172067,39,2,8,8,False,
somethingv2,validation,214420,data/Something_data/videos_full/214420.webm,147,8,25,8,126,False,False,0.8080781102180481,0.07242991169914603,0.004774746019393206,2.1297133867628872,43,2,8,8,False,
somethingv2,validation,129534,data/Something_data/videos_full/129534.webm,147,8,25,8,125,False,False,0.6716306209564209,0.006000844296067953,0.004774746019393206,2.0559923336841166,31,1,8,8,False,
somethingv2,validation,76797,data/Something_data/videos_full/76797.webm,147,8,25,8,12,False,False,0.3217722177505493,0.0892025139182806,0.004774746019393206,2.043243143707514,50,2,8,8,False,
somethingv2,validation,122617,data/Something_data/videos_full/122617.webm,147,8,25,8,130,False,False,0.7020928263664246,0.10734939062967896,0.004774746019393206,1.951776902191341,50,2,8,8,False,
somethingv2,validation,105925,data/Something_data/videos_full/105925.webm,147,8,25,8,160,False,False,0.898400604724884,0.11868913099169731,0.004774746019393206,1.8424241282045841,41,2,8,8,False,
somethingv2,validation,117960,data/Something_data/videos_full/117960.webm,147,8,25,8,16,False,False,0.23444117605686188,0.11162128625437617,0.004774746019393206,1.7213520458899438,45,2,8,8,False,
somethingv2,validation,84387,data/Something_data/videos_full/84387.webm,147,8,25,8,160,False,False,0.3095470368862152,0.11028348794206977,0.004774746019393206,1.6072021778672934,51,2,8,8,False,
somethingv2,validation,183775,data/Something_data/videos_full/183775.webm,147,8,25,8,18,False,False,0.4746710956096649,0.006209190934896469,0.004774746019393206,1.4940004567615688,33,1,8,8,False,
somethingv2,validation,56518,data/Something_data/videos_full/56518.webm,147,8,25,8,128,False,False,0.38083672523498535,0.10338348336517811,0.004774746019393206,1.485744051169604,35,2,8,8,False,
somethingv2,validation,109443,data/Something_data/videos_full/109443.webm,147,8,25,8,56,False,False,0.5232412219047546,0.07369743101298809,0.004774746019393206,1.3801455348730087,43,2,8,8,False,
somethingv2,validation,62545,data/Something_data/videos_full/62545.webm,147,8,25,8,67,False,False,0.26716333627700806,0.06973390700295568,0.004774746019393206,1.305334276985377,58,2,8,8,False,
somethingv2,validation,3899,data/Something_data/videos_full/3899.webm,147,8,25,8,16,False,False,0.39728978276252747,0.07011032896116376,0.004774746019393206,1.23408098006621,48,2,8,8,False,
somethingv2,validation,51973,data/Something_data/videos_full/51973.webm,147,8,25,8,19,False,False,0.5955047607421875,0.08154715597629547,0.004774746019393206,1.162441779859364,42,2,8,8,False,
somethingv2,validation,212349,data/Something_data/videos_full/212349.webm,147,8,25,8,16,False,False,0.5042191743850708,0.08814871590584517,0.004774746019393206,1.0795735898427665,50,2,8,8,False,
somethingv2,validation,25674,data/Something_data/videos_full/25674.webm,147,8,25,8,154,False,False,0.16710272431373596,0.16380923194810748,0.004774746019393206,0.9903842899948359,68,3,8,8,False,
somethingv2,validation,60025,data/Something_data/videos_full/60025.webm,147,8,25,8,127,False,False,0.5552700757980347,0.07060579024255276,0.004774746019393206,0.8235424337908626,61,2,8,8,False,
somethingv2,validation,159882,data/Something_data/videos_full/159882.webm,147,8,25,8,127,False,False,0.40508732199668884,0.07500304887071252,0.004774746019393206,0.7512267748825252,57,2,8,8,False,
somethingv2,validation,122370,data/Something_data/videos_full/122370.webm,147,8,25,8,56,False,False,0.9369707107543945,0.061842297203838825,0.004774746019393206,0.6741530071012676,45,2,8,8,False,
somethingv2,validation,55519,data/Something_data/videos_full/55519.webm,147,8,25,8,127,False,False,0.27518123388290405,0.0756279332563281,0.004774746019393206,0.6109949038363993,45,2,8,8,False,
somethingv2,validation,163782,data/Something_data/videos_full/163782.webm,148,8,25,8,16,False,False,0.9611150026321411,0.009807911701500416,0.00488923184457235,3.16920614708215,28,1,8,8,False,
somethingv2,validation,3916,data/Something_data/videos_full/3916.webm,148,8,25,8,148,True,True,0.4073886573314667,0.12096850387752056,0.00488923184457235,3.1581713310442865,73,3,8,8,False,
somethingv2,validation,94333,data/Something_data/videos_full/94333.webm,148,8,25,8,18,False,False,0.8212490081787109,0.14414846478030086,0.00488923184457235,3.034992028027773,61,2,8,8,False,
somethingv2,validation,163174,data/Something_data/videos_full/163174.webm,148,8,25,8,160,False,False,0.6882322430610657,0.06285543460398912,0.00488923184457235,2.888076826930046,47,2,8,8,False,
somethingv2,validation,95419,data/Something_data/videos_full/95419.webm,148,8,25,8,128,False,False,0.5044873952865601,0.04238950228318572,0.00488923184457235,2.821913246065378,65,2,8,8,False,
somethingv2,validation,53836,data/Something_data/videos_full/53836.webm,148,8,25,8,16,False,False,0.8952838182449341,0.009098407346755266,0.00488923184457235,2.7781524369493127,28,1,8,8,False,
somethingv2,validation,174660,data/Something_data/videos_full/174660.webm,148,8,25,8,20,False,False,0.4510136842727661,0.11797540076076984,0.00488923184457235,2.761396565940231,38,2,8,8,False,
somethingv2,validation,45510,data/Something_data/videos_full/45510.webm,148,8,25,8,130,False,False,0.9620466232299805,0.07798828696832061,0.00488923184457235,2.640781387221068,48,2,8,8,False,
somethingv2,validation,47843,data/Something_data/videos_full/47843.webm,148,8,25,8,130,False,False,0.7979706525802612,0.11949513386934996,0.00488923184457235,2.560447020921856,61,2,8,8,False,
somethingv2,validation,105114,data/Something_data/videos_full/105114.webm,148,8,25,8,125,False,False,0.3248179256916046,0.09195050690323114,0.00488923184457235,2.4384226431138813,62,2,8,8,False,
somethingv2,validation,134683,data/Something_data/videos_full/134683.webm,148,8,25,8,125,False,False,0.4937167465686798,0.07292164862155914,0.00488923184457235,2.3449906748719513,60,2,8,8,False,
somethingv2,validation,95870,data/Something_data/videos_full/95870.webm,148,8,25,8,20,False,False,0.8057767152786255,0.05739801982417703,0.00488923184457235,2.27046268992126,57,2,8,8,False,
somethingv2,validation,204395,data/Something_data/videos_full/204395.webm,148,8,25,8,17,False,False,0.6237377524375916,0.04740755585953593,0.00488923184457235,2.2121512750163674,60,2,8,8,False,
somethingv2,validation,24394,data/Something_data/videos_full/24394.webm,148,8,25,8,66,False,False,0.2752743065357208,0.08636513724923134,0.00488923184457235,2.16363757615909,46,2,8,8,False,
somethingv2,validation,85087,data/Something_data/videos_full/85087.webm,148,8,25,8,143,False,False,0.5785026550292969,0.09419524762779474,0.00488923184457235,2.0761144841089845,49,2,8,8,False,
somethingv2,validation,10873,data/Something_data/videos_full/10873.webm,148,8,25,8,67,False,False,0.4969503879547119,0.08383315009996295,0.00488923184457235,1.9797644247300923,64,2,8,8,False,
somethingv2,validation,86277,data/Something_data/videos_full/86277.webm,148,8,25,8,130,False,False,0.7358353734016418,0.05975065706297755,0.00488923184457235,1.893762974999845,66,2,8,8,False,
somethingv2,validation,58994,data/Something_data/videos_full/58994.webm,148,8,25,8,160,False,False,0.9749829173088074,0.011449844110757113,0.00488923184457235,1.8313800399191678,50,2,8,8,False,
somethingv2,validation,36852,data/Something_data/videos_full/36852.webm,148,8,25,8,129,False,False,0.7297989726066589,0.13247491791844368,0.00488923184457235,1.815375757869333,49,2,8,8,False,
somethingv2,validation,83120,data/Something_data/videos_full/83120.webm,148,8,25,8,160,False,False,0.4316085875034332,0.10955552896484733,0.00488923184457235,1.6809188420884311,55,2,8,8,False,
somethingv2,validation,91655,data/Something_data/videos_full/91655.webm,149,8,25,8,150,False,True,0.9558627009391785,0.06757028121501207,0.00488923184457235,1.5692752180621028,42,2,8,8,False,
somethingv2,validation,52979,data/Something_data/videos_full/52979.webm,149,8,25,8,150,False,True,0.922376275062561,0.06587688392028213,0.00488923184457235,1.499327075202018,36,2,8,8,False,
somethingv2,validation,151505,data/Something_data/videos_full/151505.webm,149,8,25,8,80,False,False,0.3401918411254883,0.05450376309454441,0.00488923184457235,1.4318799399770796,55,2,8,8,False,
somethingv2,validation,78984,data/Something_data/videos_full/78984.webm,149,8,25,8,150,False,False,0.8584614396095276,0.07793450495228171,0.00488923184457235,1.3763553658500314,47,2,8,8,False,
somethingv2,validation,119510,data/Something_data/videos_full/119510.webm,149,8,25,8,81,False,False,0.401098370552063,0.06878510070964694,0.00488923184457235,1.2970927669666708,38,2,8,8,False,
somethingv2,validation,46581,data/Something_data/videos_full/46581.webm,149,8,25,8,14,False,False,0.3971749544143677,0.0997891342267394,0.00488923184457235,1.2270135339349508,67,3,8,8,False,
somethingv2,validation,77534,data/Something_data/videos_full/77534.webm,149,8,25,8,65,False,False,0.49198392033576965,0.07758818194270134,0.00488923184457235,1.1261617303825915,49,2,8,8,False,
somethingv2,validation,184511,data/Something_data/videos_full/184511.webm,149,8,25,8,150,False,False,0.5001292824745178,0.10786778293550014,0.00488923184457235,1.0471153939142823,44,2,8,8,False,
somethingv2,validation,95473,data/Something_data/videos_full/95473.webm,149,8,25,8,150,False,False,0.8137943148612976,0.09787271777167916,0.00488923184457235,0.9372593238949776,60,2,8,8,False,
somethingv2,validation,145196,data/Something_data/videos_full/145196.webm,149,8,25,8,65,False,False,0.5541448593139648,0.07757876766845584,0.00488923184457235,0.8368891221471131,52,2,8,8,False,
somethingv2,validation,159924,data/Something_data/videos_full/159924.webm,149,8,25,8,65,False,False,0.30586645007133484,0.05825885105878115,0.00488923184457235,0.756748135201633,63,2,8,8,False,
somethingv2,validation,43344,data/Something_data/videos_full/43344.webm,149,8,25,8,149,True,True,0.9946487545967102,0.13108429871499538,0.00488923184457235,0.6970881312154233,72,3,8,8,False,
somethingv2,validation,95173,data/Something_data/videos_full/95173.webm,149,8,25,8,6,False,False,0.5154332518577576,0.06885075895115733,0.00440462892584037,2.7161020361818373,59,2,8,8,False,
somethingv2,validation,209485,data/Something_data/videos_full/209485.webm,149,8,25,8,134,False,False,0.33679330348968506,0.05965587077662349,0.00440462892584037,2.6444914108142257,55,2,8,8,False,
somethingv2,validation,148506,data/Something_data/videos_full/148506.webm,149,8,25,8,67,False,False,0.7389485239982605,0.0683254599571228,0.00440462892584037,2.583168955054134,52,2,8,8,False,
somethingv2,validation,81009,data/Something_data/videos_full/81009.webm,149,8,25,8,65,False,False,0.6181163191795349,0.006283435970544815,0.00440462892584037,2.5122457472607493,31,1,8,8,False,
somethingv2,validation,43876,data/Something_data/videos_full/43876.webm,149,8,25,8,65,False,False,0.8534279465675354,0.07217600382864475,0.00440462892584037,2.5003342097625136,51,2,8,8,False,
somethingv2,validation,210488,data/Something_data/videos_full/210488.webm,149,8,25,8,91,False,False,0.7332319021224976,0.10789309861138463,0.00440462892584037,2.425689780153334,59,2,8,8,False,
somethingv2,validation,42130,data/Something_data/videos_full/42130.webm,149,8,25,8,65,False,False,0.8591020107269287,0.11626311112195253,0.00440462892584037,2.314863949082792,69,3,8,8,False,
somethingv2,validation,185040,data/Something_data/videos_full/185040.webm,149,8,25,8,65,False,False,0.4575907289981842,0.07036916818469763,0.00440462892584037,2.1965241068974137,55,2,8,8,False,
somethingv2,validation,124638,data/Something_data/videos_full/124638.webm,150,8,25,8,18,False,False,0.7589989900588989,0.011376902926713228,0.00440462892584037,2.1231600190512836,66,2,8,8,False,
somethingv2,validation,25171,data/Something_data/videos_full/25171.webm,150,8,25,8,65,False,True,0.7457709908485413,0.008509824052453041,0.00440462892584037,2.106566044036299,63,2,8,8,False,
somethingv2,validation,136336,data/Something_data/videos_full/136336.webm,150,8,25,8,67,False,False,0.18384362757205963,0.0853662621229887,0.00440462892584037,2.0936822541989386,59,2,8,8,False,
somethingv2,validation,133652,data/Something_data/videos_full/133652.webm,150,8,25,8,90,False,False,0.6235153079032898,0.08864075690507889,0.00440462892584037,2.0065820910967886,53,2,8,8,False,
somethingv2,validation,91885,data/Something_data/videos_full/91885.webm,150,8,25,8,67,False,True,0.31225430965423584,0.005824409890919924,0.00440462892584037,1.91665671300143,31,1,8,8,False,
somethingv2,validation,117452,data/Something_data/videos_full/117452.webm,150,8,25,8,150,True,True,0.8467050194740295,0.06251606112346053,0.00440462892584037,1.9075923948548734,38,2,8,8,False,
somethingv2,validation,55817,data/Something_data/videos_full/55817.webm,150,8,25,8,65,False,True,0.8552280068397522,0.07178799388930202,0.00440462892584037,1.844062760937959,49,2,8,8,False,
somethingv2,validation,153165,data/Something_data/videos_full/153165.webm,150,8,25,8,150,True,True,0.5135708451271057,0.07692780159413815,0.00440462892584037,1.7712683859281242,54,2,8,8,False,
somethingv2,validation,206677,data/Something_data/videos_full/206677.webm,150,8,25,8,150,True,True,0.9306501746177673,0.08603641577064991,0.00440462892584037,1.6931071621365845,57,2,8,8,False,
somethingv2,validation,38038,data/Something_data/videos_full/38038.webm,150,8,25,8,16,False,False,0.5361408591270447,0.007372651714831591,0.00440462892584037,1.6048378408886492,31,1,8,8,False,
somethingv2,validation,215970,data/Something_data/videos_full/215970.webm,150,8,25,8,66,False,False,0.20486333966255188,0.10664061876013875,0.00440462892584037,1.590075318235904,67,3,8,8,False,
somethingv2,validation,70380,data/Something_data/videos_full/70380.webm,150,8,25,8,65,False,True,0.7926414012908936,0.06343035399913788,0.00440462892584037,1.4808401810005307,45,2,8,8,False,
somethingv2,validation,216078,data/Something_data/videos_full/216078.webm,150,8,25,8,150,True,True,0.932628870010376,0.0859753149561584,0.00440462892584037,1.4153849286958575,66,2,8,8,False,
somethingv2,validation,31441,data/Something_data/videos_full/31441.webm,150,8,25,8,16,False,False,0.2928944230079651,0.0717063220217824,0.00440462892584037,1.32674840092659,43,2,8,8,False,
somethingv2,validation,181908,data/Something_data/videos_full/181908.webm,150,8,25,8,16,False,False,0.2778787612915039,0.0920561971142888,0.00440462892584037,1.2531961938366294,53,2,8,8,False,
somethingv2,validation,97360,data/Something_data/videos_full/97360.webm,150,8,25,8,91,False,True,0.35247501730918884,0.08487210189923644,0.00440462892584037,1.1587741360999644,38,2,8,8,False,
somethingv2,validation,136567,data/Something_data/videos_full/136567.webm,150,8,25,8,16,False,False,0.5678830146789551,0.006495610810816288,0.00440462892584037,1.072170096449554,28,1,8,8,False,
somethingv2,validation,153947,data/Something_data/videos_full/153947.webm,150,8,25,8,150,True,True,0.9309423565864563,0.09109306195750833,0.00440462892584037,1.0611650929786265,51,2,8,8,False,
somethingv2,validation,98329,data/Something_data/videos_full/98329.webm,150,8,25,8,65,False,True,0.9158747792243958,0.06385443499311805,0.00440462892584037,0.9686458320356905,58,2,8,8,False,
somethingv2,validation,163210,data/Something_data/videos_full/163210.webm,150,8,25,8,18,False,True,0.24469372630119324,0.11552133830264211,0.00440462892584037,0.9037808259017766,69,3,8,8,False,
somethingv2,validation,91309,data/Something_data/videos_full/91309.webm,151,8,25,8,16,False,False,0.39807823300361633,0.07248244900256395,0.00440462892584037,0.7867442169226706,50,2,8,8,False,
somethingv2,validation,145707,data/Something_data/videos_full/145707.webm,151,8,25,8,126,False,False,0.6195332407951355,0.008624358102679253,0.00440462892584037,0.7126711318269372,30,1,8,8,False,
somethingv2,validation,93762,data/Something_data/videos_full/93762.webm,151,8,25,8,128,False,False,0.5238615870475769,0.06499837292358279,0.00440462892584037,0.6960532981902361,52,2,8,8,False,
somethingv2,validation,33557,data/Something_data/videos_full/33557.webm,151,8,25,8,16,False,False,0.4112876057624817,0.07778639020398259,0.00440462892584037,0.6294433590956032,57,2,8,8,False,
somethingv2,validation,46743,data/Something_data/videos_full/46743.webm,151,8,25,8,129,False,False,0.6619307398796082,0.009486342314630747,0.004894424040685408,2.499445144087076,27,1,8,8,False,
somethingv2,validation,47918,data/Something_data/videos_full/47918.webm,151,8,25,8,128,False,False,0.35547006130218506,0.004632578231394291,0.004894424040685408,2.48658986389637,23,1,8,8,False,
somethingv2,validation,184596,data/Something_data/videos_full/184596.webm,151,8,25,8,16,False,False,0.9376800060272217,0.05598551779985428,0.004894424040685408,2.4810108281672,42,2,8,8,False,
somethingv2,validation,20493,data/Something_data/videos_full/20493.webm,151,8,25,8,15,False,False,0.28796014189720154,0.07050857320427895,0.004894424040685408,2.4239773410372436,45,2,8,8,False,
somethingv2,validation,182831,data/Something_data/videos_full/182831.webm,151,8,25,8,152,False,True,0.559619128704071,0.018710694275796413,0.004894424040685408,2.3521254416555166,63,2,8,8,False,
somethingv2,validation,38904,data/Something_data/videos_full/38904.webm,151,8,25,8,125,False,False,0.35854560136795044,0.004502356052398682,0.004894424040685408,2.3328043897636235,33,1,8,8,False,
somethingv2,validation,210221,data/Something_data/videos_full/210221.webm,151,8,25,8,134,False,True,0.7403120994567871,0.047036095056682825,0.004894424040685408,2.3257078137248755,38,2,8,8,False,
somethingv2,validation,65502,data/Something_data/videos_full/65502.webm,151,8,25,8,16,False,False,0.9603601694107056,0.06472781673073769,0.004894424040685408,2.277996385935694,68,3,8,8,False,
somethingv2,validation,180804,data/Something_data/videos_full/180804.webm,151,8,25,8,16,False,False,0.5870190858840942,0.08373649464920163,0.004894424040685408,2.2120364932343364,56,2,8,8,False,
somethingv2,validation,204904,data/Something_data/videos_full/204904.webm,151,8,25,8,56,False,False,0.31827449798583984,0.08737318031489849,0.004894424040685408,2.1264111530035734,47,2,8,8,False,
somethingv2,validation,9672,data/Something_data/videos_full/9672.webm,151,8,25,8,125,False,False,0.1634652465581894,0.07960825227200985,0.004894424040685408,2.0371504020877182,55,2,8,8,False,
somethingv2,validation,169866,data/Something_data/videos_full/169866.webm,151,8,25,8,134,False,False,0.19879959523677826,0.1506165061146021,0.004894424040685408,1.9556211959570646,52,2,8,8,False,
somethingv2,validation,191956,data/Something_data/videos_full/191956.webm,151,8,25,8,155,False,True,0.12195421755313873,0.08745956886559725,0.004894424040685408,1.8020481010898948,39,2,8,8,False,
somethingv2,validation,64908,data/Something_data/videos_full/64908.webm,151,8,25,8,125,False,False,0.7770704627037048,0.007004364859312773,0.004894424040685408,1.7114018183201551,22,1,8,8,False,
somethingv2,validation,142100,data/Something_data/videos_full/142100.webm,151,8,25,8,16,False,False,0.839105486869812,0.005633307155221701,0.004894424040685408,1.6982689388096333,27,1,8,8,False,
somethingv2,validation,40839,data/Something_data/videos_full/40839.webm,151,8,25,8,6,False,False,0.25746771693229675,0.10849681403487921,0.004894424040685408,1.6914256033487618,47,2,8,8,False,
somethingv2,validation,194318,data/Something_data/videos_full/194318.webm,152,8,25,8,127,False,False,0.9361199140548706,0.08876527519896626,0.004894424040685408,1.5804222021251917,35,2,8,8,False,
somethingv2,validation,27024,data/Something_data/videos_full/27024.webm,152,8,25,8,125,False,False,0.7329878807067871,0.008828653953969479,0.004894424040685408,1.4900368307717144,30,1,8,8,False,
somethingv2,validation,120785,data/Something_data/videos_full/120785.webm,152,8,25,8,15,False,False,0.3945891857147217,0.0720654078759253,0.004894424040685408,1.471736344974488,38,2,8,8,False,
somethingv2,validation,148236,data/Something_data/videos_full/148236.webm,152,8,25,8,18,False,False,0.8269051313400269,0.06623280374333262,0.004894424040685408,1.3985937386751175,64,2,8,8,False,
somethingv2,validation,2445,data/Something_data/videos_full/2445.webm,152,8,25,8,125,False,False,0.6332575082778931,0.05730504123494029,0.004894424040685408,1.3311822600662708,36,2,8,8,False,
somethingv2,validation,46638,data/Something_data/videos_full/46638.webm,152,8,25,8,127,False,False,0.7844747304916382,0.0517464242875576,0.004894424040685408,1.2732918770052493,46,2,8,8,False,
somethingv2,validation,138274,data/Something_data/videos_full/138274.webm,152,8,25,8,19,False,False,0.874092698097229,0.09094521915540099,0.004894424040685408,1.2204489610157907,47,2,8,8,False,
somethingv2,validation,47293,data/Something_data/videos_full/47293.webm,152,8,25,8,18,False,False,0.838525652885437,0.05737396935001016,0.004894424040685408,1.1278262208215892,51,2,8,8,False,
somethingv2,validation,46893,data/Something_data/videos_full/46893.webm,152,8,25,8,16,False,False,0.9226518869400024,0.11667987424880266,0.004894424040685408,1.0687521849758923,44,2,8,8,False,
somethingv2,validation,182272,data/Something_data/videos_full/182272.webm,152,8,25,8,152,True,True,0.3738294541835785,0.0052878716960549355,0.004894424040685408,0.9496835949830711,27,1,8,8,False,
somethingv2,validation,214787,data/Something_data/videos_full/214787.webm,152,8,25,8,12,False,False,0.2057558000087738,0.06942395912483335,0.004894424040685408,0.943328226916492,42,2,8,8,False,
somethingv2,validation,90776,data/Something_data/videos_full/90776.webm,152,8,25,8,125,False,False,0.24910536408424377,0.1370742740109563,0.004894424040685408,0.8717429847456515,45,2,8,8,False,
somethingv2,validation,17518,data/Something_data/videos_full/17518.webm,152,8,25,8,18,False,True,0.4730377197265625,0.018274429254233837,0.004894424040685408,0.7323004398494959,40,2,8,8,False,
somethingv2,validation,42312,data/Something_data/videos_full/42312.webm,152,8,25,8,19,False,False,0.43328857421875,0.08057458885014057,0.004894424040685408,0.713202282320708,41,2,8,8,False,
somethingv2,validation,24347,data/Something_data/videos_full/24347.webm,152,8,25,8,16,False,False,0.7442803382873535,0.050633675418794155,0.004894424040685408,0.6303315521217883,40,2,8,8,False,
somethingv2,validation,27547,data/Something_data/videos_full/27547.webm,152,8,25,8,127,False,False,0.8215950727462769,0.009659499861299992,0.004894424040685408,0.5786738190799952,24,1,8,8,False,
somethingv2,validation,145332,data/Something_data/videos_full/145332.webm,152,8,25,8,16,False,False,0.4871325194835663,0.07893884694203734,0.004783815471455455,2.4479754772037268,52,2,8,8,False,
somethingv2,validation,17446,data/Something_data/videos_full/17446.webm,152,8,25,8,19,False,False,0.7115849852561951,0.06154160015285015,0.004783815471455455,2.366393520962447,44,2,8,8,False,
somethingv2,validation,64337,data/Something_data/videos_full/64337.webm,152,8,25,8,19,False,False,0.998790442943573,0.07549683004617691,0.004783815471455455,2.3030620790086687,63,2,8,8,False,
somethingv2,validation,163810,data/Something_data/videos_full/163810.webm,152,8,25,8,18,False,False,0.9157047271728516,0.006200660020112991,0.004783815471455455,2.2249336862005293,32,1,8,8,False,
somethingv2,validation,72702,data/Something_data/videos_full/72702.webm,153,8,25,8,151,False,True,0.37576553225517273,0.08831300307065248,0.004783815471455455,2.217221444938332,55,2,8,8,False,
somethingv2,validation,166033,data/Something_data/videos_full/166033.webm,153,8,25,8,125,False,False,0.3354160785675049,0.007633127272129059,0.004783815471455455,2.1267433501780033,29,1,8,8,False,
somethingv2,validation,165871,data/Something_data/videos_full/165871.webm,153,8,25,8,16,False,False,0.950347363948822,0.06715903989970684,0.004783815471455455,2.1113654640503228,35,2,8,8,False,
somethingv2,validation,80697,data/Something_data/videos_full/80697.webm,153,8,25,8,16,False,False,0.5619004964828491,0.060127835255116224,0.004783815471455455,2.042682673316449,41,2,8,8,False,
somethingv2,validation,30354,data/Something_data/videos_full/30354.webm,153,8,25,8,143,False,True,0.7684436440467834,0.14894605614244938,0.004783815471455455,1.9804757237434387,46,2,8,8,False,
somethingv2,validation,1580,data/Something_data/videos_full/1580.webm,153,8,25,8,153,True,True,0.5840946435928345,0.1010537319816649,0.004783815471455455,1.8300619376823306,38,2,8,8,False,
somethingv2,validation,154287,data/Something_data/videos_full/154287.webm,153,8,25,8,134,False,True,0.19684788584709167,0.005418126005679369,0.004783815471455455,1.727498548105359,34,1,8,8,False,
somethingv2,validation,126991,data/Something_data/videos_full/126991.webm,153,8,25,8,122,False,True,0.22149744629859924,0.07066798210144043,0.004783815471455455,1.7193396999500692,67,3,8,8,False,
somethingv2,validation,30666,data/Something_data/videos_full/30666.webm,153,8,25,8,16,False,True,0.25252029299736023,0.004804581869393587,0.004783815471455455,1.6478910380974412,31,1,8,8,False,
somethingv2,validation,65311,data/Something_data/videos_full/65311.webm,153,8,25,8,18,False,False,0.4525373578071594,0.06845691101625562,0.004783815471455455,1.640667396131903,50,2,8,8,False,
somethingv2,validation,214480,data/Something_data/videos_full/214480.webm,153,8,25,8,151,False,False,0.5219994783401489,0.07623628387227654,0.004783815471455455,1.5707554849795997,43,2,8,8,False,
somethingv2,validation,102548,data/Something_data/videos_full/102548.webm,153,8,25,8,18,False,False,0.34304994344711304,0.08339313371106982,0.004783815471455455,1.4932608962990344,56,2,8,8,False,
somethingv2,validation,199645,data/Something_data/videos_full/199645.webm,153,8,25,8,153,True,True,0.9492398500442505,0.1417109640315175,0.004783815471455455,1.4071434768848121,45,2,8,8,False,
somethingv2,validation,122642,data/Something_data/videos_full/122642.webm,153,8,25,8,16,False,False,0.3244057297706604,0.009490263182669878,0.004783815471455455,1.2632483611814678,29,1,8,8,False,
somethingv2,validation,103151,data/Something_data/videos_full/103151.webm,153,8,25,8,43,False,False,0.5096362233161926,0.07606052979826927,0.004783815471455455,1.2458382151089609,60,2,8,8,False,
somethingv2,validation,73350,data/Something_data/videos_full/73350.webm,153,8,25,8,16,False,False,0.9387406706809998,0.1159947351552546,0.004783815471455455,1.168081501033157,41,2,8,8,False,
somethingv2,validation,4407,data/Something_data/videos_full/4407.webm,153,8,25,8,126,False,False,0.40489327907562256,0.08324113674461842,0.004783815471455455,1.0490797469392419,49,2,8,8,False,
somethingv2,validation,84998,data/Something_data/videos_full/84998.webm,153,8,25,8,16,False,False,0.4708564877510071,0.04368733800947666,0.004783815471455455,0.9642354319803417,57,2,8,8,False,
somethingv2,validation,153678,data/Something_data/videos_full/153678.webm,153,8,25,8,18,False,True,0.8474380373954773,0.05975541099905968,0.004783815471455455,0.9191135088913143,62,2,8,8,False,
somethingv2,validation,77033,data/Something_data/videos_full/77033.webm,153,8,25,8,134,False,False,0.5625037550926208,0.053652659989893436,0.004783815471455455,0.8582849069498479,48,2,8,8,False,
somethingv2,validation,56752,data/Something_data/videos_full/56752.webm,154,8,25,8,16,False,False,0.7563744783401489,0.005789225921034813,0.004783815471455455,0.8032580809667706,34,1,8,8,False,
somethingv2,validation,195700,data/Something_data/videos_full/195700.webm,154,8,25,8,19,False,False,0.29179081320762634,0.004502553027123213,0.004783815471455455,0.7953217653557658,31,1,8,8,False,
somethingv2,validation,106124,data/Something_data/videos_full/106124.webm,154,8,25,8,134,False,False,0.45928654074668884,0.004373461939394474,0.004783815471455455,0.7890119701623917,30,1,8,8,False,
somethingv2,validation,220816,data/Something_data/videos_full/220816.webm,154,8,25,8,125,False,False,0.6354528665542603,0.046749826055020094,0.004783815471455455,0.7840912058018148,44,2,8,8,False,
somethingv2,validation,118596,data/Something_data/videos_full/118596.webm,154,8,25,8,15,False,False,0.5106454491615295,0.07849526405334473,0.004783815471455455,0.73653146577999,43,2,8,8,False,
somethingv2,validation,115473,data/Something_data/videos_full/115473.webm,154,8,25,8,16,False,False,0.34990620613098145,0.06841791002079844,0.004783815471455455,0.6563613009639084,65,2,8,8,False,
somethingv2,validation,44500,data/Something_data/videos_full/44500.webm,154,8,25,8,18,False,False,0.32540780305862427,0.006293293088674545,0.004783815471455455,0.5865887617692351,23,1,8,8,False,
somethingv2,validation,149405,data/Something_data/videos_full/149405.webm,154,8,25,8,18,False,False,0.3312738835811615,0.038496574852615595,0.004783815471455455,0.5747512327507138,35,2,8,8,False,
somethingv2,validation,70231,data/Something_data/videos_full/70231.webm,154,8,25,8,18,False,False,0.7315135598182678,0.010007013101130724,0.003864426034851931,1.9807881996966898,34,1,8,8,False,
somethingv2,validation,120147,data/Something_data/videos_full/120147.webm,154,8,25,8,143,False,False,0.5636056065559387,0.09718781895935535,0.003864426034851931,1.9673074958845973,56,2,8,8,False,
somethingv2,validation,115405,data/Something_data/videos_full/115405.webm,154,8,25,8,16,False,False,0.8980069756507874,0.06447868887335062,0.003864426034851931,1.869011387694627,56,2,8,8,False,
somethingv2,validation,80215,data/Something_data/videos_full/80215.webm,154,8,25,8,125,False,False,0.7920587062835693,0.06992655294016004,0.003864426034851931,1.8035986330360174,47,2,8,8,False,
somethingv2,validation,162441,data/Something_data/videos_full/162441.webm,154,8,25,8,18,False,False,0.51128751039505,0.005711311008781195,0.003864426034851931,1.732655354309827,33,1,8,8,False,
somethingv2,validation,172583,data/Something_data/videos_full/172583.webm,154,8,25,8,135,False,False,0.1940944790840149,0.06893307389691472,0.003864426034851931,1.7245625099167228,44,2,8,8,False,
somethingv2,validation,205285,data/Something_data/videos_full/205285.webm,154,8,25,8,153,False,False,0.755154550075531,0.054611609783023596,0.003864426034851931,1.65470851957798,39,2,8,8,False,
somethingv2,validation,124052,data/Something_data/videos_full/124052.webm,154,8,25,8,101,False,False,0.17146261036396027,0.047575946897268295,0.003864426034851931,1.5987526616081595,42,2,8,8,False,
somethingv2,validation,37332,data/Something_data/videos_full/37332.webm,154,8,25,8,124,False,False,0.2942894697189331,0.027113061863929033,0.003864426034851931,1.5503281140699983,38,2,8,8,False,
somethingv2,validation,200568,data/Something_data/videos_full/200568.webm,154,8,25,8,126,False,False,0.3440623879432678,0.0640255669131875,0.003864426034851931,1.5223048869520426,50,2,8,8,False,
somethingv2,validation,65291,data/Something_data/videos_full/65291.webm,154,8,25,8,124,False,False,0.16298489272594452,0.005421445704996586,0.003864426034851931,1.4564964571036398,32,1,8,8,False,
somethingv2,validation,180969,data/Something_data/videos_full/180969.webm,154,8,25,8,125,False,True,0.3033255338668823,0.00626319320872426,0.003864426034851931,1.450487889815122,29,1,8,8,False,
somethingv2,validation,220729,data/Something_data/videos_full/220729.webm,155,8,25,8,125,False,False,0.8061814904212952,0.06590281473472714,0.003864426034851931,1.4397440170869231,44,2,8,8,False,
somethingv2,validation,110768,data/Something_data/videos_full/110768.webm,155,8,25,8,143,False,False,0.7499222755432129,0.09923067223280668,0.003864426034851931,1.372579213231802,51,2,8,8,False,
somethingv2,validation,204564,data/Something_data/videos_full/204564.webm,155,8,25,8,160,False,False,0.7616442441940308,0.11032708920538425,0.003864426034851931,1.2707195561379194,40,2,8,8,False,
somethingv2,validation,95469,data/Something_data/videos_full/95469.webm,155,8,25,8,125,False,False,0.8792737126350403,0.0065186587162315845,0.003864426034851931,1.158154428936541,24,1,8,8,False,
somethingv2,validation,217218,data/Something_data/videos_full/217218.webm,155,8,25,8,16,False,False,0.9106940627098083,0.005713189952075481,0.003864426034851931,1.1475505963899195,28,1,8,8,False,
somethingv2,validation,124976,data/Something_data/videos_full/124976.webm,155,8,25,8,127,False,False,0.49727141857147217,0.007162394933402538,0.003864426034851931,1.1373326838947833,18,1,8,8,False,
somethingv2,validation,84086,data/Something_data/videos_full/84086.webm,155,8,25,8,80,False,False,0.3996641933917999,0.0978305758908391,0.003864426034851931,1.1256018728017807,61,2,8,8,False,
somethingv2,validation,165649,data/Something_data/videos_full/165649.webm,155,8,25,8,20,False,False,0.8500537872314453,0.011802249122411013,0.003864426034851931,1.0250478759407997,25,1,8,8,False,
somethingv2,validation,22666,data/Something_data/videos_full/22666.webm,155,8,25,8,30,False,False,0.46855172514915466,0.037387540098279715,0.003864426034851931,1.000674792099744,40,2,8,8,False,
somethingv2,validation,35995,data/Something_data/videos_full/35995.webm,155,8,25,8,134,False,False,0.39439186453819275,0.0060279471799731255,0.003864426034851931,0.9621881563216448,28,1,8,8,False,
somethingv2,validation,60517,data/Something_data/videos_full/60517.webm,155,8,25,8,129,False,False,0.12943565845489502,0.05848227674141526,0.003864426034851931,0.953575171995908,52,2,8,8,False,
somethingv2,validation,116335,data/Something_data/videos_full/116335.webm,155,8,25,8,16,False,False,0.6377328038215637,0.0070083122700452805,0.003864426034851931,0.8938007550314069,17,1,8,8,False,
somethingv2,validation,204080,data/Something_data/videos_full/204080.webm,155,8,25,8,23,False,False,0.12601406872272491,0.07437778683379292,0.003864426034851931,0.8813617080450058,36,2,8,8,False,
somethingv2,validation,190031,data/Something_data/videos_full/190031.webm,155,8,25,8,126,False,False,0.4778105318546295,0.061913346871733665,0.003864426034851931,0.8059930959716439,46,2,8,8,False,
somethingv2,validation,58535,data/Something_data/videos_full/58535.webm,155,8,25,8,16,False,False,0.6708596348762512,0.005934026092290878,0.003864426034851931,0.7429848168976605,32,1,8,8,False,
somethingv2,validation,158208,data/Something_data/videos_full/158208.webm,155,8,25,8,124,False,False,0.45319628715515137,0.004189374856650829,0.003864426034851931,0.7330350377596915,26,1,8,8,False,
somethingv2,validation,170829,data/Something_data/videos_full/170829.webm,155,8,25,8,131,False,False,0.3173934519290924,0.06142675504088402,0.003864426034851931,0.7254898548126221,47,2,8,8,False,
somethingv2,validation,48082,data/Something_data/videos_full/48082.webm,155,8,25,8,134,False,False,0.47645002603530884,0.04642533790320158,0.003864426034851931,0.6630445308983326,69,3,8,8,False,
somethingv2,validation,115770,data/Something_data/videos_full/115770.webm,155,8,25,8,16,False,False,0.5430209040641785,0.060964799020439386,0.003864426034851931,0.6153697310946882,57,2,8,8,False,
somethingv2,validation,6366,data/Something_data/videos_full/6366.webm,155,8,25,8,155,True,True,0.5786700248718262,0.07128159003332257,0.003864426034851931,0.5533502409234643,35,2,8,8,False,
somethingv2,validation,88320,data/Something_data/videos_full/88320.webm,156,8,25,8,129,False,False,0.40154874324798584,0.07685839710757136,0.004417878692038357,2.9370873938314617,41,2,8,8,False,
somethingv2,validation,155002,data/Something_data/videos_full/155002.webm,156,8,25,8,130,False,False,0.42153316736221313,0.006997348740696907,0.004417878692038357,2.8581959111616015,32,1,8,8,False,
somethingv2,validation,76606,data/Something_data/videos_full/76606.webm,156,8,25,8,25,False,True,0.297948956489563,0.08080027624964714,0.004417878692038357,2.8459946918301284,37,2,8,8,False,
somethingv2,validation,3264,data/Something_data/videos_full/3264.webm,156,8,25,8,16,False,False,0.8320876359939575,0.059728897642344236,0.004417878692038357,2.7639985787682235,50,2,8,8,False,
somethingv2,validation,156821,data/Something_data/videos_full/156821.webm,156,8,25,8,125,False,False,0.533133327960968,0.05906658200547099,0.004417878692038357,2.7030861498788,48,2,8,8,False,
somethingv2,validation,151143,data/Something_data/videos_full/151143.webm,156,8,25,8,30,False,True,0.3709021806716919,0.09030309692025185,0.004417878692038357,2.6433469797484577,40,2,8,8,False,
somethingv2,validation,187311,data/Something_data/videos_full/187311.webm,156,8,25,8,16,False,False,0.850368082523346,0.08212013402953744,0.004417878692038357,2.5518438490107656,52,2,8,8,False,
somethingv2,validation,109011,data/Something_data/videos_full/109011.webm,156,8,25,8,30,False,True,0.8946292400360107,0.08193555986508727,0.004417878692038357,2.4682756839320064,48,2,8,8,False,
somethingv2,validation,122173,data/Something_data/videos_full/122173.webm,156,8,25,8,18,False,False,0.8700023889541626,0.0665368870832026,0.004417878692038357,2.38304344099015,55,2,8,8,False,
somethingv2,validation,108661,data/Something_data/videos_full/108661.webm,156,8,25,8,16,False,False,0.3072744905948639,0.08789186086505651,0.004417878692038357,2.314726477023214,54,2,8,8,False,
somethingv2,validation,100115,data/Something_data/videos_full/100115.webm,156,8,25,8,127,False,False,0.8515795469284058,0.00770622119307518,0.004417878692038357,2.2244118829257786,30,1,8,8,False,
somethingv2,validation,218097,data/Something_data/videos_full/218097.webm,156,8,25,8,160,False,True,0.48478060960769653,0.08864699304103851,0.004417878692038357,2.209422249812633,39,2,8,8,False,
somethingv2,validation,150302,data/Something_data/videos_full/150302.webm,156,8,25,8,18,False,False,0.5756159424781799,0.08559538470581174,0.004417878692038357,2.1182813779450953,40,2,8,8,False,
somethingv2,validation,149391,data/Something_data/videos_full/149391.webm,156,8,25,8,100,False,False,0.5920428037643433,0.056202607695013285,0.004417878692038357,2.031186927575618,53,2,8,8,False,
somethingv2,validation,94516,data/Something_data/videos_full/94516.webm,156,8,25,8,100,False,False,0.3237319886684418,0.08853647112846375,0.004417878692038357,1.973560778889805,46,2,8,8,False,
somethingv2,validation,92488,data/Something_data/videos_full/92488.webm,156,8,25,8,56,False,False,0.32273396849632263,0.1588883507065475,0.004417878692038357,1.8831434343010187,41,2,8,8,False,
somethingv2,validation,56475,data/Something_data/videos_full/56475.webm,156,8,25,8,160,False,False,0.5537077188491821,0.08777195634320378,0.004417878692038357,1.7221568459644914,45,2,8,8,False,
somethingv2,validation,192722,data/Something_data/videos_full/192722.webm,156,8,25,8,156,True,True,0.48072350025177,0.07474425993859768,0.004417878692038357,1.6333625689148903,54,2,8,8,False,
somethingv2,validation,19116,data/Something_data/videos_full/19116.webm,156,8,25,8,156,True,True,0.4309912323951721,0.0635539018549025,0.004417878692038357,1.5571348401717842,47,2,8,8,False,
somethingv2,validation,106237,data/Something_data/videos_full/106237.webm,156,8,25,8,156,True,True,0.7153596878051758,0.09913733694702387,0.004417878692038357,1.4925989280454814,50,2,8,8,False,
somethingv2,validation,195416,data/Something_data/videos_full/195416.webm,157,8,25,8,127,False,False,0.7355808019638062,0.0878510857000947,0.004417878692038357,1.3911373442970216,46,2,8,8,False,
somethingv2,validation,161453,data/Something_data/videos_full/161453.webm,157,8,25,8,18,False,False,0.7120298147201538,0.006046987138688564,0.004417878692038357,1.30083495285362,30,1,8,8,False,
somethingv2,validation,205885,data/Something_data/videos_full/205885.webm,157,8,25,8,18,False,False,0.5464476943016052,0.10371903236955404,0.004417878692038357,1.2880357131361961,42,2,8,8,False,
somethingv2,validation,209112,data/Something_data/videos_full/209112.webm,157,8,25,8,98,False,False,0.5865451097488403,0.11690962361171842,0.004417878692038357,1.1816065176390111,52,2,8,8,False,
somethingv2,validation,68776,data/Something_data/videos_full/68776.webm,157,8,25,8,19,False,False,0.4405946731567383,0.07403233973309398,0.004417878692038357,1.0623160400427878,73,3,8,8,False,
somethingv2,validation,17390,data/Something_data/videos_full/17390.webm,157,8,25,8,156,False,False,0.4066040813922882,0.057962507009506226,0.004417878692038357,0.9869943931698799,53,2,8,8,False,
somethingv2,validation,76127,data/Something_data/videos_full/76127.webm,157,8,25,8,16,False,False,0.4755890965461731,0.0109488763846457,0.004417878692038357,0.9275406738743186,31,1,8,8,False,
somethingv2,validation,19490,data/Something_data/videos_full/19490.webm,157,8,25,8,17,False,False,0.5046834349632263,0.07610410125926137,0.004417878692038357,0.9037626660428941,52,2,8,8,False,
somethingv2,validation,169814,data/Something_data/videos_full/169814.webm,157,8,25,8,125,False,False,0.5387022495269775,0.0766225210390985,0.004417878692038357,0.8254488417878747,56,2,8,8,False,
somethingv2,validation,218903,data/Something_data/videos_full/218903.webm,157,8,25,8,126,False,False,0.2814968228340149,0.07424929970875382,0.004417878692038357,0.747647566255182,43,2,8,8,False,
somethingv2,validation,134941,data/Something_data/videos_full/134941.webm,157,8,25,8,16,False,False,0.4348028004169464,0.0969573981128633,0.004417878692038357,0.6718007093295455,48,2,8,8,False,
somethingv2,validation,130654,data/Something_data/videos_full/130654.webm,157,8,25,8,100,False,False,0.20888735353946686,0.005252216011285782,0.004417878692038357,0.5738324406556785,28,1,8,8,False,
somethingv2,validation,143283,data/Something_data/videos_full/143283.webm,157,8,25,8,156,False,False,0.7253541946411133,0.011897965334355831,0.0037768247711937875,1.9031176553107798,32,1,8,8,False,
somethingv2,validation,20838,data/Something_data/videos_full/20838.webm,157,8,25,8,156,False,False,0.8216406106948853,0.08577606407925487,0.0037768247711937875,1.884323944337666,55,2,8,8,False,
somethingv2,validation,13219,data/Something_data/videos_full/13219.webm,157,8,25,8,100,False,False,0.21279862523078918,0.00932420464232564,0.0037768247711937875,1.796096860896796,33,1,8,8,False,
somethingv2,validation,195609,data/Something_data/videos_full/195609.webm,157,8,25,8,127,False,False,0.7598341703414917,0.00716221472248435,0.0037768247711937875,1.7799045206047595,34,1,8,8,False,
somethingv2,validation,151083,data/Something_data/videos_full/151083.webm,157,8,25,8,16,False,False,0.650446891784668,0.09011137578636408,0.0037768247711937875,1.7668112749233842,41,2,8,8,False,
somethingv2,validation,127399,data/Something_data/videos_full/127399.webm,157,8,25,8,16,False,False,0.41102179884910583,0.06200566980987787,0.0037768247711937875,1.6747775510884821,62,2,8,8,False,
somethingv2,validation,79899,data/Something_data/videos_full/79899.webm,157,8,25,8,100,False,False,0.3626399636268616,0.08332261489704251,0.0037768247711937875,1.6118972431868315,65,2,8,8,False,
somethingv2,validation,71476,data/Something_data/videos_full/71476.webm,157,8,25,8,25,False,False,0.38007277250289917,0.04920990997925401,0.0037768247711937875,1.5268494179472327,46,2,8,8,False,
somethingv2,validation,201036,data/Something_data/videos_full/201036.webm,158,8,25,8,127,False,False,0.5383691787719727,0.07336505129933357,0.0037768247711937875,1.4766635578125715,60,2,8,8,False,
somethingv2,validation,139494,data/Something_data/videos_full/139494.webm,158,8,25,8,127,False,False,0.8108233213424683,0.05805092630907893,0.0037768247711937875,1.4017398627474904,49,2,8,8,False,
somethingv2,validation,44523,data/Something_data/videos_full/44523.webm,158,8,25,8,160,False,False,0.5400471091270447,0.00812879391014576,0.0037768247711937875,1.342742597218603,28,1,8,8,False,
somethingv2,validation,3396,data/Something_data/videos_full/3396.webm,158,8,25,8,127,False,False,0.5002320408821106,0.06255033006891608,0.0037768247711937875,1.3256489960476756,44,2,8,8,False,
somethingv2,validation,69379,data/Something_data/videos_full/69379.webm,158,8,25,8,128,False,False,0.2964397072792053,0.07988861994817853,0.0037768247711937875,1.2616624892689288,49,2,8,8,False,
somethingv2,validation,108088,data/Something_data/videos_full/108088.webm,158,8,25,8,128,False,False,0.5171087384223938,0.006970961578190327,0.0037768247711937875,1.1793019431643188,28,1,8,8,False,
somethingv2,validation,60129,data/Something_data/videos_full/60129.webm,158,8,25,8,160,False,False,0.37361758947372437,0.005498426966369152,0.0037768247711937875,1.1673595290631056,23,1,8,8,False,
somethingv2,validation,57017,data/Something_data/videos_full/57017.webm,158,8,25,8,127,False,False,0.718533456325531,0.06467774603515863,0.0037768247711937875,1.1590127581730485,65,2,8,8,False,
somethingv2,validation,68466,data/Something_data/videos_full/68466.webm,158,8,25,8,20,False,False,0.8884046673774719,0.09060852415859699,0.0037768247711937875,1.092313779052347,56,2,8,8,False,
somethingv2,validation,29715,data/Something_data/videos_full/29715.webm,158,8,25,8,19,False,False,0.9310999512672424,0.0070311399176716805,0.0037768247711937875,0.9992210059426725,25,1,8,8,False,
somethingv2,validation,182580,data/Something_data/videos_full/182580.webm,158,8,25,8,56,False,False,0.7543277144432068,0.006103707943111658,0.0037768247711937875,0.9851410719566047,26,1,8,8,False,
somethingv2,validation,97447,data/Something_data/videos_full/97447.webm,158,8,25,8,19,False,False,0.8960112929344177,0.07087273430079222,0.0037768247711937875,0.9756445270031691,37,2,8,8,False,
somethingv2,validation,153335,data/Something_data/videos_full/153335.webm,158,8,25,8,126,False,False,0.970669150352478,0.005656751338392496,0.0037768247711937875,0.9032575031742454,34,1,8,8,False,
somethingv2,validation,215692,data/Something_data/videos_full/215692.webm,158,8,25,8,125,False,False,0.915068507194519,0.00712629035115242,0.0037768247711937875,0.8963838438503444,22,1,8,8,False,
somethingv2,validation,200318,data/Something_data/videos_full/200318.webm,158,8,25,8,125,False,False,0.6623923182487488,0.04710597172379494,0.0037768247711937875,0.8836291208863258,38,2,8,8,False,
somethingv2,validation,159804,data/Something_data/videos_full/159804.webm,158,8,25,8,125,False,False,0.5353655219078064,0.00624473299831152,0.0037768247711937875,0.8352533420547843,25,1,8,8,False,
somethingv2,validation,153783,data/Something_data/videos_full/153783.webm,158,8,25,8,127,False,False,0.4380752742290497,0.005665906239300966,0.0037768247711937875,0.8238324197009206,30,1,8,8,False,
somethingv2,validation,128042,data/Something_data/videos_full/128042.webm,158,8,25,8,160,False,False,0.7719759345054626,0.005437154788523912,0.0037768247711937875,0.8153410754166543,26,1,8,8,False,
somethingv2,validation,186221,data/Something_data/videos_full/186221.webm,158,8,25,8,125,False,False,0.6972821354866028,0.10041544120758772,0.0037768247711937875,0.8058655867353082,57,2,8,8,False,
somethingv2,validation,194379,data/Something_data/videos_full/194379.webm,158,8,25,8,127,False,False,0.701365053653717,0.0072896769270300865,0.0037768247711937875,0.7033033962361515,31,1,8,8,False,
somethingv2,validation,110273,data/Something_data/videos_full/110273.webm,159,8,25,8,129,False,False,0.47283753752708435,0.06729265721514821,0.0037768247711937875,0.6938084843568504,36,2,8,8,False,
somethingv2,validation,199536,data/Something_data/videos_full/199536.webm,159,8,25,8,125,False,False,0.334403932094574,0.07921147625893354,0.0037768247711937875,0.6250982880592346,44,2,8,8,False,
somethingv2,validation,14384,data/Something_data/videos_full/14384.webm,159,8,25,8,18,False,False,0.2746063470840454,0.006480306852608919,0.0037768247711937875,0.5443278499878943,34,1,8,8,False,
somethingv2,validation,205323,data/Something_data/videos_full/205323.webm,159,8,25,8,125,False,False,0.18140046298503876,0.05348223401233554,0.0037768247711937875,0.5316282440908253,63,2,8,8,False,
somethingv2,validation,107330,data/Something_data/videos_full/107330.webm,159,8,25,8,18,False,False,0.26131585240364075,0.0807414990849793,0.004801334303920157,2.7945614508353174,45,2,8,8,False,
somethingv2,validation,107899,data/Something_data/videos_full/107899.webm,159,8,25,8,19,False,False,0.9277684092521667,0.09539875807240605,0.004801334303920157,2.711933273822069,45,2,8,8,False,
somethingv2,validation,70912,data/Something_data/videos_full/70912.webm,159,8,25,8,160,False,False,0.7517572641372681,0.06710918806493282,0.004801334303920157,2.6136955418623984,41,2,8,8,False,
somethingv2,validation,77230,data/Something_data/videos_full/77230.webm,159,8,25,8,128,False,False,0.3386317789554596,0.08617339516058564,0.004801334303920157,2.5450069629587233,43,2,8,8,False,
somethingv2,validation,213158,data/Something_data/videos_full/213158.webm,159,8,25,8,56,False,False,0.9517241716384888,0.0869414177723229,0.004801334303920157,2.457135471981019,46,2,8,8,False,
somethingv2,validation,106822,data/Something_data/videos_full/106822.webm,159,8,25,8,16,False,False,0.4144226908683777,0.06189225194975734,0.004801334303920157,2.368328447919339,52,2,8,8,False,
somethingv2,validation,145501,data/Something_data/videos_full/145501.webm,159,8,25,8,10,False,False,0.5501492023468018,0.07415997283533216,0.004801334303920157,2.30530655477196,60,2,8,8,False,
somethingv2,validation,88362,data/Something_data/videos_full/88362.webm,159,8,25,8,56,False,False,0.8892634510993958,0.08062869496643543,0.004801334303920157,2.2295335149392486,51,2,8,8,False,
somethingv2,validation,74973,data/Something_data/videos_full/74973.webm,159,8,25,8,19,False,False,0.4864010214805603,0.06396045722067356,0.004801334303920157,2.147449745796621,37,2,8,8,False,
somethingv2,validation,192841,data/Something_data/videos_full/192841.webm,159,8,25,8,18,False,False,0.2854776978492737,0.07055772421881557,0.004801334303920157,2.0824086009524763,35,2,8,8,False,
somethingv2,validation,156885,data/Something_data/videos_full/156885.webm,159,8,25,8,130,False,False,0.6996082067489624,0.08618454309180379,0.004801334303920157,2.0095614278689027,39,2,8,8,False,
somethingv2,validation,114565,data/Something_data/videos_full/114565.webm,159,8,25,8,19,False,False,0.38756775856018066,0.010723120998591185,0.004801334303920157,1.9208917287178338,34,1,8,8,False,
somethingv2,validation,13776,data/Something_data/videos_full/13776.webm,159,8,25,8,125,False,False,0.6928364634513855,0.07106984732672572,0.004801334303920157,1.9028295120224357,40,2,8,8,False,
somethingv2,validation,60401,data/Something_data/videos_full/60401.webm,159,8,25,8,20,False,False,0.5694319009780884,0.006934884004294872,0.004801334303920157,1.8292480520904064,31,1,8,8,False,
somethingv2,validation,68152,data/Something_data/videos_full/68152.webm,159,8,25,8,125,False,False,0.7227498292922974,0.006684737280011177,0.004801334303920157,1.8151158699765801,24,1,8,8,False,
somethingv2,validation,185357,data/Something_data/videos_full/185357.webm,159,8,25,8,16,False,False,0.779822051525116,0.05175417894497514,0.004801334303920157,1.8028236031532288,47,2,8,8,False,
somethingv2,validation,210975,data/Something_data/videos_full/210975.webm,160,8,25,8,126,False,False,0.8855586051940918,0.06709973281249404,0.004801334303920157,1.7495780349709094,51,2,8,8,False,
somethingv2,validation,161611,data/Something_data/videos_full/161611.webm,160,8,25,8,56,False,True,0.6372478604316711,0.15226325392723083,0.004801334303920157,1.6800584788434207,44,2,8,8,False,
somethingv2,validation,184397,data/Something_data/videos_full/184397.webm,160,8,25,8,144,False,False,0.7023503184318542,0.015121460892260075,0.004801334303920157,1.5250066937878728,39,2,8,8,False,
somethingv2,validation,62501,data/Something_data/videos_full/62501.webm,160,8,25,8,127,False,False,0.9215364456176758,0.061154300812631845,0.004801334303920157,1.4997900263406336,65,2,8,8,False,
somethingv2,validation,26971,data/Something_data/videos_full/26971.webm,160,8,25,8,56,False,True,0.8989946246147156,0.13116700435057282,0.004801334303920157,1.4370186128653586,38,2,8,8,False,
somethingv2,validation,62410,data/Something_data/videos_full/62410.webm,160,8,25,8,125,False,False,0.756070077419281,0.07069263700395823,0.004801334303920157,1.3044363586232066,61,2,8,8,False,
somethingv2,validation,175148,data/Something_data/videos_full/175148.webm,160,8,25,8,160,True,True,0.41553229093551636,0.05187204806134105,0.004801334303920157,1.232301572803408,55,2,8,8,False,
somethingv2,validation,156285,data/Something_data/videos_full/156285.webm,160,8,25,8,173,False,False,0.1624191850423813,0.048082404769957066,0.004801334303920157,1.1794086620211601,56,2,8,8,False,
somethingv2,validation,12545,data/Something_data/videos_full/12545.webm,160,8,25,8,67,False,False,0.7936570048332214,0.05770615069195628,0.004801334303920157,1.1302470108494163,41,2,8,8,False,
somethingv2,validation,133259,data/Something_data/videos_full/133259.webm,160,8,25,8,129,False,False,0.7470950484275818,0.05191790638491511,0.004801334303920157,1.0713962083682418,52,2,8,8,False,
somethingv2,validation,77814,data/Something_data/videos_full/77814.webm,160,8,25,8,160,True,True,0.4634638726711273,0.10474147275090218,0.004801334303920157,1.018107675947249,64,2,8,8,False,
somethingv2,validation,88218,data/Something_data/videos_full/88218.webm,160,8,25,8,160,True,True,0.727111279964447,0.06443190481513739,0.004801334303920157,0.9098913199268281,48,2,8,8,False,
somethingv2,validation,14004,data/Something_data/videos_full/14004.webm,160,8,25,8,127,False,False,0.7542268633842468,0.09485510364174843,0.004801334303920157,0.8437134032137692,38,2,8,8,False,
somethingv2,validation,16589,data/Something_data/videos_full/16589.webm,160,8,25,8,56,False,False,0.6607415080070496,0.0911871138960123,0.004801334303920157,0.7462036437354982,56,2,8,8,False,
somethingv2,validation,43184,data/Something_data/videos_full/43184.webm,160,8,25,8,127,False,False,0.46643340587615967,0.09771101409569383,0.004801334303920157,0.6529449177905917,60,2,8,8,False,
somethingv2,validation,143524,data/Something_data/videos_full/143524.webm,160,8,25,8,56,False,True,0.6141355633735657,0.007327516097575426,0.004801334303920157,0.5528340511955321,28,1,8,8,False,
somethingv2,validation,207810,data/Something_data/videos_full/207810.webm,160,8,25,8,18,False,False,0.8788672089576721,0.0642132293432951,0.004854047321714461,2.9206849206238985,36,2,8,8,False,
somethingv2,validation,144305,data/Something_data/videos_full/144305.webm,160,8,25,8,160,True,True,0.7601872682571411,0.11827000929042697,0.004854047321714461,2.8544171024113894,44,2,8,8,False,
somethingv2,validation,55424,data/Something_data/videos_full/55424.webm,160,8,25,8,16,False,False,0.20104146003723145,0.06783458031713963,0.004854047321714461,2.7339307540096343,60,2,8,8,False,
somethingv2,validation,162979,data/Something_data/videos_full/162979.webm,160,8,25,8,66,False,True,0.8168217539787292,0.1115746577270329,0.004854047321714461,2.6642683488316834,63,2,8,8,False,
somethingv2,validation,78578,data/Something_data/videos_full/78578.webm,161,8,25,8,16,False,False,0.7084210515022278,0.09070306643843651,0.004854047321714461,2.5504891304299235,57,2,8,8,False,
somethingv2,validation,32457,data/Something_data/videos_full/32457.webm,161,8,25,8,18,False,False,0.34674930572509766,0.07991995522752404,0.004854047321714461,2.457690166309476,47,2,8,8,False,
somethingv2,validation,210140,data/Something_data/videos_full/210140.webm,161,8,25,8,160,False,False,0.5426719784736633,0.044141560792922974,0.004854047321714461,2.3759563849307597,53,2,8,8,False,
somethingv2,validation,28580,data/Something_data/videos_full/28580.webm,161,8,25,8,18,False,False,0.5721856951713562,0.006139117293059826,0.004854047321714461,2.3302431320771575,27,1,8,8,False,
somethingv2,validation,190525,data/Something_data/videos_full/190525.webm,161,8,25,8,18,False,False,0.8061806559562683,0.05137645918875933,0.004854047321714461,2.3209543810226023,46,2,8,8,False,
somethingv2,validation,42532,data/Something_data/videos_full/42532.webm,161,8,25,8,67,False,False,0.25630277395248413,0.09645478241145611,0.004854047321714461,2.2684563132934272,44,2,8,8,False,
somethingv2,validation,1557,data/Something_data/videos_full/1557.webm,161,8,25,8,19,False,False,0.7943747043609619,0.056144275702536106,0.004854047321714461,2.170734934974462,52,2,8,8,False,
somethingv2,validation,84537,data/Something_data/videos_full/84537.webm,161,8,25,8,56,False,False,0.818864643573761,0.06497148470953107,0.004854047321714461,2.1134147378616035,60,2,8,8,False,
somethingv2,validation,151059,data/Something_data/videos_full/151059.webm,161,8,25,8,125,False,False,0.6954602003097534,0.06811309373006225,0.004854047321714461,2.04711130913347,50,2,8,8,False,
somethingv2,validation,184641,data/Something_data/videos_full/184641.webm,161,8,25,8,18,False,False,0.5360381007194519,0.05937620112672448,0.004854047321714461,1.9779090201482177,44,2,8,8,False,
somethingv2,validation,187679,data/Something_data/videos_full/187679.webm,161,8,25,8,16,False,False,0.5045522451400757,0.05728931026533246,0.004854047321714461,1.917500819079578,37,2,8,8,False,
somethingv2,validation,83954,data/Something_data/videos_full/83954.webm,161,8,25,8,125,False,False,0.379748672246933,0.004594739992171526,0.004854047321714461,1.8590024239383638,25,1,8,8,False,
somethingv2,validation,42780,data/Something_data/videos_full/42780.webm,161,8,25,8,69,False,False,0.6508458256721497,0.09010415896773338,0.004854047321714461,1.8525096056982875,38,2,8,8,False,
somethingv2,validation,66088,data/Something_data/videos_full/66088.webm,161,8,25,8,18,False,False,0.33039116859436035,0.061037999112159014,0.004854047321714461,1.7598778679966927,40,2,8,8,False,
somethingv2,validation,60687,data/Something_data/videos_full/60687.webm,161,8,25,8,160,False,False,0.9028483033180237,0.08075120998546481,0.004854047321714461,1.69744639005512,35,2,8,8,False,
somethingv2,validation,199096,data/Something_data/videos_full/199096.webm,161,8,25,8,18,False,False,0.5346468091011047,0.10026123095303774,0.004854047321714461,1.6140285972505808,38,2,8,8,False,
somethingv2,validation,220224,data/Something_data/videos_full/220224.webm,161,8,25,8,30,False,False,0.2890406548976898,0.14294015197083354,0.004854047321714461,1.511313068214804,48,2,8,8,False,
somethingv2,validation,32468,data/Something_data/videos_full/32468.webm,161,8,25,8,19,False,False,0.7960871458053589,0.07758183730766177,0.004854047321714461,1.3654053881764412,60,2,8,8,False,
somethingv2,validation,116686,data/Something_data/videos_full/116686.webm,161,8,25,8,129,False,False,0.5492396950721741,0.04384954692795873,0.004854047321714461,1.2862518359906971,44,2,8,8,False,
somethingv2,validation,202657,data/Something_data/videos_full/202657.webm,161,8,25,8,18,False,False,0.5077694058418274,0.06575027294456959,0.004854047321714461,1.2411109362728894,61,2,8,8,False,
somethingv2,validation,27918,data/Something_data/videos_full/27918.webm,162,8,25,8,162,True,True,0.5239707827568054,0.0788049167022109,0.004854047321714461,1.1741976351477206,53,2,8,8,False,
somethingv2,validation,84019,data/Something_data/videos_full/84019.webm,162,8,25,8,162,True,True,0.716930627822876,0.11299554817378521,0.004854047321714461,1.09409517981112,56,2,8,8,False,
somethingv2,validation,77667,data/Something_data/videos_full/77667.webm,162,8,25,8,162,True,True,0.49453410506248474,0.08380577201023698,0.004854047321714461,0.9794809008017182,61,2,8,8,False,
somethingv2,validation,40234,data/Something_data/videos_full/40234.webm,162,8,25,8,15,False,True,0.2685737609863281,0.00997910089790821,0.004854047321714461,0.8941883589141071,56,2,8,8,False,
somethingv2,validation,132860,data/Something_data/videos_full/132860.webm,162,8,25,8,100,False,False,0.28279760479927063,0.031158255878835917,0.004854047321714461,0.8793539721518755,70,3,8,8,False,
somethingv2,validation,199714,data/Something_data/videos_full/199714.webm,162,8,25,8,162,True,True,0.9277809262275696,0.11278499523177743,0.004854047321714461,0.8474872480146587,67,3,8,8,False,
somethingv2,validation,948,data/Something_data/videos_full/948.webm,162,8,25,8,162,True,True,0.5010082125663757,0.07754031382501125,0.004854047321714461,0.732085351832211,70,3,8,8,False,
somethingv2,validation,66338,data/Something_data/videos_full/66338.webm,162,8,25,8,45,False,True,0.27441930770874023,0.06926561892032623,0.004854047321714461,0.6533455601893365,62,2,8,8,False,
somethingv2,validation,29778,data/Something_data/videos_full/29778.webm,162,8,25,8,162,True,True,0.8432173728942871,0.11742916284129024,0.00479131615429651,3.22328256489709,71,3,8,8,False,
somethingv2,validation,188064,data/Something_data/videos_full/188064.webm,162,8,25,8,16,False,True,0.45314687490463257,0.0694874101318419,0.00479131615429651,3.1047084568999708,48,2,8,8,False,
somethingv2,validation,138821,data/Something_data/videos_full/138821.webm,162,8,25,8,172,False,False,0.1600484400987625,0.12013212777674198,0.00479131615429651,3.033784855157137,73,3,8,8,False,
somethingv2,validation,106119,data/Something_data/videos_full/106119.webm,162,8,25,8,162,True,True,0.9544250965118408,0.07521366933360696,0.00479131615429651,2.9114814209751785,47,2,8,8,False,
somethingv2,validation,68934,data/Something_data/videos_full/68934.webm,162,8,25,8,16,False,True,0.4409480392932892,0.006615667138248682,0.00479131615429651,2.834011877886951,33,1,8,8,False,
somethingv2,validation,26708,data/Something_data/videos_full/26708.webm,162,8,25,8,162,True,True,0.427986741065979,0.08286754135042429,0.00479131615429651,2.825356008950621,44,2,8,8,False,
somethingv2,validation,45627,data/Something_data/videos_full/45627.webm,162,8,25,8,162,True,True,0.6317124962806702,0.06607099901884794,0.00479131615429651,2.740521000698209,49,2,8,8,False,
somethingv2,validation,65805,data/Something_data/videos_full/65805.webm,162,8,25,8,162,True,True,0.7769510746002197,0.07480512000620365,0.00479131615429651,2.6722379219718277,65,2,8,8,False,
somethingv2,validation,204742,data/Something_data/videos_full/204742.webm,162,8,25,8,162,True,True,0.9019421935081482,0.09272651514038444,0.00479131615429651,2.594817452132702,48,2,8,8,False,
somethingv2,validation,213638,data/Something_data/videos_full/213638.webm,162,8,25,8,162,True,True,0.7678451538085938,0.10904448293149471,0.00479131615429651,2.499342914670706,40,2,8,8,False,
somethingv2,validation,112422,data/Something_data/videos_full/112422.webm,162,8,25,8,16,False,False,0.8375288844108582,0.005505076143890619,0.00479131615429651,2.388574475888163,31,1,8,8,False,
somethingv2,validation,166575,data/Something_data/videos_full/166575.webm,162,8,25,8,162,True,True,0.5794880986213684,0.08309338195249438,0.00479131615429651,2.380879174452275,66,2,8,8,False,
somethingv2,validation,17312,data/Something_data/videos_full/17312.webm,163,8,25,8,128,False,False,0.8401409983634949,0.09650776395574212,0.00479131615429651,2.296448076143861,76,3,8,8,False,
somethingv2,validation,63108,data/Something_data/videos_full/63108.webm,163,8,25,8,17,False,False,0.3508870601654053,0.062378748785704374,0.00479131615429651,2.1984893418848515,37,2,8,8,False,
somethingv2,validation,75149,data/Something_data/videos_full/75149.webm,163,8,25,8,19,False,True,0.9127618074417114,0.07414713641628623,0.00479131615429651,2.134798183105886,60,2,8,8,False,
somethingv2,validation,211943,data/Something_data/videos_full/211943.webm,163,8,25,8,127,False,False,0.7400349378585815,0.10473941313102841,0.00479131615429651,2.0594045259058475,56,2,8,8,False,
somethingv2,validation,111511,data/Something_data/videos_full/111511.webm,163,8,25,8,163,True,True,0.4190586507320404,0.09705329081043601,0.00479131615429651,1.9521165462210774,46,2,8,8,False,
somethingv2,validation,131038,data/Something_data/videos_full/131038.webm,163,8,25,8,128,False,False,0.9579954743385315,0.07284676609560847,0.00479131615429651,1.852192615158856,53,2,8,8,False,
somethingv2,validation,21596,data/Something_data/videos_full/21596.webm,163,8,25,8,62,False,True,0.2907087504863739,0.07427046401426196,0.00479131615429651,1.7769531439989805,39,2,8,8,False,
somethingv2,validation,72400,data/Something_data/videos_full/72400.webm,163,8,25,8,60,False,True,0.30991291999816895,0.10687813209369779,0.00479131615429651,1.7003627228550613,41,2,8,8,False,
somethingv2,validation,98935,data/Something_data/videos_full/98935.webm,163,8,25,8,128,False,False,0.22153843939304352,0.05690370686352253,0.00479131615429651,1.591168644838035,51,2,8,8,False,
somethingv2,validation,83567,data/Something_data/videos_full/83567.webm,163,8,25,8,128,False,False,0.8944516181945801,0.041040350683033466,0.00479131615429651,1.5314952633343637,62,2,8,8,False,
somethingv2,validation,128502,data/Something_data/videos_full/128502.webm,163,8,25,8,59,False,False,0.31002727150917053,0.07875920226797462,0.00479131615429651,1.4891623626463115,51,2,8,8,False,
somethingv2,validation,15896,data/Something_data/videos_full/15896.webm,163,8,25,8,19,False,True,0.9906865954399109,0.087358005810529,0.00479131615429651,1.4077226440422237,73,3,8,8,False,
somethingv2,validation,60738,data/Something_data/videos_full/60738.webm,163,8,25,8,129,False,False,0.9968312382698059,0.07213151874020696,0.00479131615429651,1.3189770109020174,59,2,8,8,False,
somethingv2,validation,102321,data/Something_data/videos_full/102321.webm,163,8,25,8,59,False,True,0.5101791024208069,0.1343180937692523,0.00479131615429651,1.2458559512160718,57,2,8,8,False,
somethingv2,validation,33956,data/Something_data/videos_full/33956.webm,163,8,25,8,70,False,True,0.2878047525882721,0.11391266202554107,0.00479131615429651,1.1100209881551564,46,2,8,8,False,
somethingv2,validation,206599,data/Something_data/videos_full/206599.webm,163,8,25,8,62,False,True,0.35642725229263306,0.08248273329809308,0.00479131615429651,0.9944659918546677,50,2,8,8,False,
somethingv2,validation,88503,data/Something_data/videos_full/88503.webm,163,8,25,8,20,False,False,0.7283901572227478,0.011224932037293911,0.00479131615429651,0.9102007220499218,51,2,8,8,False,
somethingv2,validation,87969,data/Something_data/videos_full/87969.webm,163,8,25,8,19,False,False,0.24891355633735657,0.09723989805206656,0.00479131615429651,0.8919808799400926,50,2,8,8,False,
somethingv2,validation,99129,data/Something_data/videos_full/99129.webm,163,8,25,8,59,False,True,0.5616833567619324,0.11769531294703484,0.00479131615429651,0.7925950498320162,60,2,8,8,False,
somethingv2,validation,65600,data/Something_data/videos_full/65600.webm,163,8,25,8,19,False,False,0.9882357120513916,0.08553172182291746,0.00479131615429651,0.6722052209079266,70,3,8,8,False,
somethingv2,validation,12990,data/Something_data/videos_full/12990.webm,164,8,25,8,160,False,False,0.7382158637046814,0.009253150317817926,0.004927808957290836,3.0212252498604357,34,1,8,8,False,
somethingv2,validation,79514,data/Something_data/videos_full/79514.webm,164,8,25,8,160,False,False,0.9360170364379883,0.062299338169395924,0.004927808957290836,3.008154474198818,49,2,8,8,False,
somethingv2,validation,196658,data/Something_data/videos_full/196658.webm,164,8,25,8,127,False,False,0.6967394948005676,0.08072716975584626,0.004927808957290836,2.944632857106626,54,2,8,8,False,
somethingv2,validation,82480,data/Something_data/videos_full/82480.webm,164,8,25,8,100,False,False,0.48371651768684387,0.0871482826769352,0.004927808957290836,2.861220774706453,69,3,8,8,False,
somethingv2,validation,170934,data/Something_data/videos_full/170934.webm,164,8,25,8,127,False,False,0.49091699719429016,0.05130835995078087,0.004927808957290836,2.771217852830887,53,2,8,8,False,
somethingv2,validation,197377,data/Something_data/videos_full/197377.webm,164,8,25,8,16,False,False,0.9372487664222717,0.08100689994171262,0.004927808957290836,2.7180087096057832,44,2,8,8,False,
somethingv2,validation,15229,data/Something_data/videos_full/15229.webm,164,8,25,8,18,False,False,0.7423156499862671,0.09450881276279688,0.004927808957290836,2.6351004582829773,49,2,8,8,False,
somethingv2,validation,136469,data/Something_data/videos_full/136469.webm,164,8,25,8,69,False,False,0.6976090669631958,0.07800601981580257,0.004927808957290836,2.537942514754832,51,2,8,8,False,
somethingv2,validation,146728,data/Something_data/videos_full/146728.webm,164,8,25,8,160,False,False,0.4590396583080292,0.11077707819640636,0.004927808957290836,2.458057003095746,47,2,8,8,False,
somethingv2,validation,51121,data/Something_data/videos_full/51121.webm,164,8,25,8,127,False,False,0.635142982006073,0.06825458025559783,0.004927808957290836,2.3452168409712613,58,2,8,8,False,
somethingv2,validation,25072,data/Something_data/videos_full/25072.webm,164,8,25,8,127,False,False,0.7775056958198547,0.09183264384046197,0.004927808957290836,2.275849654804915,53,2,8,8,False,
somethingv2,validation,84718,data/Something_data/videos_full/84718.webm,164,8,25,8,56,False,False,0.7468224763870239,0.0750837279483676,0.004927808957290836,2.1827820711769164,56,2,8,8,False,
somethingv2,validation,217280,data/Something_data/videos_full/217280.webm,164,8,25,8,16,False,False,0.8983936905860901,0.03913957206532359,0.004927808957290836,2.1068285880610347,51,2,8,8,False,
somethingv2,validation,147448,data/Something_data/videos_full/147448.webm,164,8,25,8,18,False,False,0.784550666809082,0.063921385910362,0.004927808957290836,2.0669110398739576,54,2,8,8,False,
somethingv2,validation,3306,data/Something_data/videos_full/3306.webm,164,8,25,8,56,False,False,0.8481107354164124,0.06193607114255428,0.004927808957290836,2.00200898014009,36,2,8,8,False,
somethingv2,validation,86882,data/Something_data/videos_full/86882.webm,164,8,25,8,56,False,False,0.577875018119812,0.08869031583890319,0.004927808957290836,1.9383177170529962,64,2,8,8,False,
somethingv2,validation,32452,data/Something_data/videos_full/32452.webm,164,8,25,8,143,False,False,0.7681859731674194,0.052605163771659136,0.004927808957290836,1.847341762855649,48,2,8,8,False,
somethingv2,validation,73746,data/Something_data/videos_full/73746.webm,164,8,25,8,125,False,False,0.7251880764961243,0.08418283332139254,0.004927808957290836,1.7933721211738884,46,2,8,8,False,
somethingv2,validation,25910,data/Something_data/videos_full/25910.webm,164,8,25,8,45,False,False,0.6980436444282532,0.040674902964383364,0.004927808957290836,1.7069264622405171,41,2,8,8,False,
somethingv2,validation,186572,data/Something_data/videos_full/186572.webm,164,8,25,8,16,False,False,0.44481927156448364,0.061345997266471386,0.004927808957290836,1.6647559641860425,44,2,8,8,False,
somethingv2,validation,63496,data/Something_data/videos_full/63496.webm,165,8,25,8,127,False,False,0.48314568400382996,0.00634027598425746,0.004927808957290836,1.6012025722302496,33,1,8,8,False,
somethingv2,validation,21992,data/Something_data/videos_full/21992.webm,165,8,25,8,18,False,False,0.506539523601532,0.037862281780689955,0.004927808957290836,1.5917693353258073,42,2,8,8,False,
somethingv2,validation,177775,data/Something_data/videos_full/177775.webm,165,8,25,8,127,False,False,0.48865970969200134,0.08428936172276735,0.004927808957290836,1.552364956587553,63,2,8,8,False,
somethingv2,validation,126583,data/Something_data/videos_full/126583.webm,165,8,25,8,124,False,False,0.9456322193145752,0.06363453902304173,0.004927808957290836,1.4663892150856555,65,2,8,8,False,
somethingv2,validation,190795,data/Something_data/videos_full/190795.webm,165,8,25,8,128,False,False,0.905084490776062,0.11448730994015932,0.004927808957290836,1.4001689930446446,68,3,8,8,False,
somethingv2,validation,179758,data/Something_data/videos_full/179758.webm,165,8,25,8,126,False,False,0.5176255106925964,0.11071346187964082,0.004927808957290836,1.2839300530031323,58,2,8,8,False,
somethingv2,validation,93864,data/Something_data/videos_full/93864.webm,165,8,25,8,125,False,False,0.3476729691028595,0.11409092415124178,0.004927808957290836,1.1714176312088966,48,2,8,8,False,
somethingv2,validation,844,data/Something_data/videos_full/844.webm,165,8,25,8,129,False,False,0.9169135093688965,0.07570934109389782,0.004927808957290836,1.0561982239596546,51,2,8,8,False,
somethingv2,validation,98914,data/Something_data/videos_full/98914.webm,165,8,25,8,165,True,True,0.3912695050239563,0.16227418929338455,0.004927808957290836,0.9790094108320773,46,2,8,8,False,
somethingv2,validation,32233,data/Something_data/videos_full/32233.webm,165,8,25,8,125,False,False,0.6417447924613953,0.08623597538098693,0.004927808957290836,0.8138885777443647,53,2,8,8,False,
somethingv2,validation,209678,data/Something_data/videos_full/209678.webm,165,8,25,8,128,False,False,0.2686934769153595,0.00643446808680892,0.004927808957290836,0.7256021020002663,34,1,8,8,False,
somethingv2,validation,42321,data/Something_data/videos_full/42321.webm,165,8,25,8,128,False,False,0.4016611576080322,0.13164986576884985,0.004927808957290836,0.7158700497820973,48,2,8,8,False,
somethingv2,validation,153874,data/Something_data/videos_full/153874.webm,165,8,25,8,128,False,False,0.9786306023597717,0.09718363918364048,0.004338728977018036,3.5723124747164547,53,2,8,8,False,
somethingv2,validation,101394,data/Something_data/videos_full/101394.webm,165,8,25,8,16,False,False,0.8042330145835876,0.09161403216421604,0.004338728977018036,3.473730564583093,64,2,8,8,False,
somethingv2,validation,97039,data/Something_data/videos_full/97039.webm,165,8,25,8,125,False,False,0.5986441969871521,0.09175634197890759,0.004338728977018036,3.3798369891010225,70,3,8,8,False,
somethingv2,validation,145648,data/Something_data/videos_full/145648.webm,165,8,25,8,125,False,False,0.5464769005775452,0.07083009881898761,0.004338728977018036,3.2856518924236298,58,2,8,8,False,
somethingv2,validation,144726,data/Something_data/videos_full/144726.webm,165,8,25,8,134,False,False,0.4709171950817108,0.05016536312177777,0.004338728977018036,3.212720087263733,58,2,8,8,False,
somethingv2,validation,104829,data/Something_data/videos_full/104829.webm,165,8,25,8,127,False,False,0.6952939033508301,0.006937223952263594,0.004338728977018036,3.160924530122429,32,1,8,8,False,
somethingv2,validation,72106,data/Something_data/videos_full/72106.webm,165,8,25,8,127,False,False,0.8256669044494629,0.08506203908473253,0.004338728977018036,3.149160724133253,39,2,8,8,False,
somethingv2,validation,120585,data/Something_data/videos_full/120585.webm,165,8,25,8,128,False,False,0.6236218810081482,0.08741924539208412,0.004338728977018036,3.0622995030134916,44,2,8,8,False,
somethingv2,validation,19508,data/Something_data/videos_full/19508.webm,166,8,25,8,128,False,False,0.9478697180747986,0.16956290695816278,0.004338728977018036,2.972220118623227,42,2,8,8,False,
somethingv2,validation,154181,data/Something_data/videos_full/154181.webm,166,8,25,8,127,False,False,0.5366456508636475,0.07425753679126501,0.004338728977018036,2.8005440230481327,48,2,8,8,False,
somethingv2,validation,53698,data/Something_data/videos_full/53698.webm,166,8,25,8,127,False,False,0.6254235506057739,0.04682406783103943,0.004338728977018036,2.725294980686158,56,2,8,8,False,
somethingv2,validation,8092,data/Something_data/videos_full/8092.webm,166,8,25,8,125,False,False,0.6278191804885864,0.06265080999583006,0.004338728977018036,2.6772356419824064,45,2,8,8,False,
somethingv2,validation,116978,data/Something_data/videos_full/116978.webm,166,8,25,8,125,False,False,0.8842902183532715,0.0789408921264112,0.004338728977018036,2.613343708217144,42,2,8,8,False,
somethingv2,validation,197373,data/Something_data/videos_full/197373.webm,166,8,25,8,128,False,False,0.757985532283783,0.12422114331275225,0.004338728977018036,2.5332322767935693,43,2,8,8,False,
somethingv2,validation,158554,data/Something_data/videos_full/158554.webm,166,8,25,8,126,False,False,0.3864485025405884,0.16664347797632217,0.004338728977018036,2.4071868979372084,43,2,8,8,False,
somethingv2,validation,13269,data/Something_data/videos_full/13269.webm,166,8,25,8,127,False,False,0.793072521686554,0.08633245201781392,0.004338728977018036,2.2378731849603355,71,3,8,8,False,
somethingv2,validation,1152,data/Something_data/videos_full/1152.webm,166,8,25,8,125,False,False,0.5003831386566162,0.04668519785627723,0.004338728977018036,2.149568189866841,59,2,8,8,False,
somethingv2,validation,67672,data/Something_data/videos_full/67672.webm,166,8,25,8,144,False,False,0.4451524615287781,0.08387273922562599,0.004338728977018036,2.101418359670788,42,2,8,8,False,
somethingv2,validation,163769,data/Something_data/videos_full/163769.webm,166,8,25,8,125,False,False,0.958650529384613,0.07946474710479379,0.004338728977018036,2.014831642154604,48,2,8,8,False,
somethingv2,validation,105705,data/Something_data/videos_full/105705.webm,166,8,25,8,125,False,False,0.5290123224258423,0.13470225874334574,0.004338728977018036,1.9331852090544999,36,2,8,8,False,
somethingv2,validation,125199,data/Something_data/videos_full/125199.webm,166,8,25,8,127,False,False,0.8068100214004517,0.05904768081381917,0.004338728977018036,1.7962296861223876,52,2,8,8,False,
somethingv2,validation,160798,data/Something_data/videos_full/160798.webm,166,8,25,8,128,False,False,0.9691362380981445,0.08825023798272014,0.004338728977018036,1.7361801993101835,49,2,8,8,False,
somethingv2,validation,195086,data/Something_data/videos_full/195086.webm,166,8,25,8,134,False,False,0.35409781336784363,0.0689816982485354,0.004338728977018036,1.6465613078325987,41,2,8,8,False,
somethingv2,validation,196047,data/Something_data/videos_full/196047.webm,166,8,25,8,0,False,False,0.1889587938785553,0.1786696850322187,0.004338728977018036,1.5764166247099638,47,2,8,8,False,
somethingv2,validation,112624,data/Something_data/videos_full/112624.webm,166,8,25,8,125,False,False,0.7454819679260254,0.1251239120028913,0.004338728977018036,1.3949150759726763,47,2,8,8,False,
somethingv2,validation,147868,data/Something_data/videos_full/147868.webm,166,8,25,8,125,False,False,0.8237704038619995,0.06916018389165401,0.004338728977018036,1.2670503351837397,44,2,8,8,False,
somethingv2,validation,91308,data/Something_data/videos_full/91308.webm,166,8,25,8,126,False,False,0.5268857479095459,0.06808698317036033,0.004338728977018036,1.1956841442734003,47,2,8,8,False,
somethingv2,validation,82454,data/Something_data/videos_full/82454.webm,166,8,25,8,127,False,False,0.4138306975364685,0.10320710390806198,0.004338728977018036,1.1247077230364084,39,2,8,8,False,
somethingv2,validation,217121,data/Something_data/videos_full/217121.webm,167,8,25,8,165,False,False,0.6128095984458923,0.13397818570956588,0.004338728977018036,1.019354754127562,35,2,8,8,False,
somethingv2,validation,24321,data/Something_data/videos_full/24321.webm,167,8,25,8,127,False,False,0.22502659261226654,0.07981964200735092,0.004338728977018036,0.8828653846867383,44,2,8,8,False,
somethingv2,validation,115108,data/Something_data/videos_full/115108.webm,167,8,25,8,125,False,False,0.4495088458061218,0.09148438414558768,0.004338728977018036,0.8012091428972781,39,2,8,8,False,
somethingv2,validation,45090,data/Something_data/videos_full/45090.webm,167,8,25,8,128,False,False,0.6667548418045044,0.15033936221152544,0.004338728977018036,0.7081751176156104,38,2,8,8,False,
somethingv2,validation,204864,data/Something_data/videos_full/204864.webm,167,8,25,8,16,False,False,0.7881359457969666,0.010961099993437529,0.004839249872020446,3.1099751107394695,28,1,8,8,False,
somethingv2,validation,181003,data/Something_data/videos_full/181003.webm,167,8,25,8,124,False,False,0.9877005815505981,0.01231107721105218,0.004839249872020446,3.0898317540995777,33,1,8,8,False,
somethingv2,validation,901,data/Something_data/videos_full/901.webm,167,8,25,8,129,False,False,0.9828863739967346,0.07780383294448256,0.004839249872020446,3.0641408008523285,43,2,8,8,False,
somethingv2,validation,103631,data/Something_data/videos_full/103631.webm,167,8,25,8,125,False,False,0.5735605359077454,0.1520826779305935,0.004839249872020446,2.984334161039442,49,2,8,8,False,
somethingv2,validation,175464,data/Something_data/videos_full/175464.webm,167,8,25,8,128,False,False,0.5429250001907349,0.0359390159137547,0.004839249872020446,2.830557213164866,41,2,8,8,False,
somethingv2,validation,166989,data/Something_data/videos_full/166989.webm,167,8,25,8,128,False,False,0.8183616399765015,0.09670306276530027,0.004839249872020446,2.7935381797142327,58,2,8,8,False,
somethingv2,validation,66941,data/Something_data/videos_full/66941.webm,167,8,25,8,127,False,False,0.2671147286891937,0.11978468205779791,0.004839249872020446,2.6956167118623853,37,2,8,8,False,
somethingv2,validation,218347,data/Something_data/videos_full/218347.webm,167,8,25,8,125,False,False,0.3607613444328308,0.05930738290771842,0.004839249872020446,2.5735343489795923,52,2,8,8,False,
somethingv2,validation,178445,data/Something_data/videos_full/178445.webm,167,8,25,8,128,False,False,0.721402108669281,0.0244903564453125,0.004839249872020446,2.5118886567652225,60,2,8,8,False,
somethingv2,validation,164497,data/Something_data/videos_full/164497.webm,167,8,25,8,128,False,False,0.9728264808654785,0.09054096508771181,0.004839249872020446,2.4865150451660156,47,2,8,8,False,
somethingv2,validation,151740,data/Something_data/videos_full/151740.webm,167,8,25,8,166,False,True,0.522564709186554,0.06690649315714836,0.004839249872020446,2.393247910309583,35,2,8,8,False,
somethingv2,validation,39826,data/Something_data/videos_full/39826.webm,167,8,25,8,128,False,False,0.3752235174179077,0.12959974212571979,0.004839249872020446,2.324701094068587,52,2,8,8,False,
somethingv2,validation,164600,data/Something_data/videos_full/164600.webm,167,8,25,8,128,False,False,0.8452619910240173,0.14477022271603346,0.004839249872020446,2.192482891958207,36,2,8,8,False,
somethingv2,validation,36339,data/Something_data/videos_full/36339.webm,167,8,25,8,127,False,False,0.4027208983898163,0.08886256907135248,0.004839249872020446,2.0461016008630395,64,2,8,8,False,
somethingv2,validation,128777,data/Something_data/videos_full/128777.webm,167,8,25,8,127,False,False,0.8708878755569458,0.06548105785623193,0.004839249872020446,1.9555521169677377,64,2,8,8,False,
somethingv2,validation,27860,data/Something_data/videos_full/27860.webm,167,8,25,8,128,False,False,0.665249764919281,0.07890834240242839,0.004839249872020446,1.888889647088945,41,2,8,8,False,
somethingv2,validation,48978,data/Something_data/videos_full/48978.webm,168,8,25,8,125,False,False,0.6984358429908752,0.08782836608588696,0.004839249872020446,1.8089172691106796,49,2,8,8,False,
somethingv2,validation,216965,data/Something_data/videos_full/216965.webm,168,8,25,8,127,False,False,0.8589872121810913,0.06656525516882539,0.004839249872020446,1.7200494538992643,38,2,8,8,False,
somethingv2,validation,187452,data/Something_data/videos_full/187452.webm,168,8,25,8,125,False,False,0.6870256662368774,0.08804931817576289,0.004839249872020446,1.6520548341795802,69,3,8,8,False,
somethingv2,validation,126312,data/Something_data/videos_full/126312.webm,168,8,25,8,128,False,False,0.6565588116645813,0.07539347279816866,0.004839249872020446,1.5630523888394237,59,2,8,8,False,
somethingv2,validation,3629,data/Something_data/videos_full/3629.webm,168,8,25,8,128,False,False,0.9880402684211731,0.007263664156198502,0.004839249872020446,1.4855433609336615,29,1,8,8,False,
somethingv2,validation,9235,data/Something_data/videos_full/9235.webm,168,8,25,8,125,False,False,0.8365788459777832,0.007035226095467806,0.004839249872020446,1.4742932058870792,28,1,8,8,False,
somethingv2,validation,120745,data/Something_data/videos_full/120745.webm,168,8,25,8,127,False,False,0.5646414756774902,0.11366143077611923,0.004839249872020446,1.4626863598823547,48,2,8,8,False,
somethingv2,validation,50651,data/Something_data/videos_full/50651.webm,168,8,25,8,144,False,False,0.4667636454105377,0.15324425883591175,0.004839249872020446,1.3467221045866609,51,2,8,8,False,
somethingv2,validation,5347,data/Something_data/videos_full/5347.webm,168,8,25,8,125,False,True,0.4725920855998993,0.19788059499114752,0.004839249872020446,1.1913909162394702,50,2,8,8,False,
somethingv2,validation,133862,data/Something_data/videos_full/133862.webm,168,8,25,8,139,False,False,0.8401206731796265,0.0858252621255815,0.004839249872020446,0.9910307228565216,41,2,8,8,False,
somethingv2,validation,103954,data/Something_data/videos_full/103954.webm,168,8,25,8,125,False,False,0.8385102152824402,0.00993373105302453,0.004839249872020446,0.9034978109411895,33,1,8,8,False,
somethingv2,validation,105386,data/Something_data/videos_full/105386.webm,168,8,25,8,127,False,False,0.41464129090309143,0.06680481787770987,0.004839249872020446,0.8861331860534847,58,2,8,8,False,
somethingv2,validation,215115,data/Something_data/videos_full/215115.webm,168,8,25,8,128,False,False,0.9755717515945435,0.09316122392192483,0.004839249872020446,0.8182289679534733,35,2,8,8,False,
somethingv2,validation,134947,data/Something_data/videos_full/134947.webm,168,8,25,8,125,False,False,0.44859778881073,0.054365597665309906,0.004839249872020446,0.7239890219643712,50,2,8,8,False,
somethingv2,validation,141411,data/Something_data/videos_full/141411.webm,168,8,25,8,125,False,False,0.5224931836128235,0.058608327992260456,0.004839249872020446,0.6685400069691241,37,2,8,8,False,
somethingv2,validation,138317,data/Something_data/videos_full/138317.webm,168,8,25,8,127,False,False,0.7357929944992065,0.06385914888232946,0.004839249872020446,0.6087403050623834,37,2,8,8,False,
somethingv2,validation,115127,data/Something_data/videos_full/115127.webm,168,8,25,8,127,False,True,0.5853573083877563,0.13203778211027384,0.004433859256096184,2.9377737161703408,40,2,8,8,False,
somethingv2,validation,40676,data/Something_data/videos_full/40676.webm,168,8,25,8,128,False,False,0.2987103760242462,0.07185570010915399,0.004433859256096184,2.8041876130737364,64,2,8,8,False,
somethingv2,validation,161514,data/Something_data/videos_full/161514.webm,168,8,25,8,126,False,False,0.7342978119850159,0.059020389802753925,0.004433859256096184,2.731122699100524,40,2,8,8,False,
somethingv2,validation,147142,data/Something_data/videos_full/147142.webm,168,8,25,8,168,True,True,0.20204885303974152,0.04437886783853173,0.004433859256096184,2.6711301440373063,57,2,8,8,False,
somethingv2,validation,170385,data/Something_data/videos_full/170385.webm,169,8,25,8,169,True,True,0.43365469574928284,0.08810897916555405,0.004433859256096184,2.6259698760695755,62,2,8,8,False,
somethingv2,validation,105930,data/Something_data/videos_full/105930.webm,169,8,25,8,143,False,True,0.6383665800094604,0.09467627527192235,0.004433859256096184,2.5352859599515796,58,2,8,8,False,
somethingv2,validation,81026,data/Something_data/videos_full/81026.webm,169,8,25,8,20,False,False,0.2665778696537018,0.07432623766362667,0.004433859256096184,2.437581242993474,53,2,8,8,False,
somethingv2,validation,217129,data/Something_data/videos_full/217129.webm,169,8,25,8,16,False,False,0.40888914465904236,0.11156784277409315,0.004433859256096184,2.360558815766126,59,2,8,8,False,
somethingv2,validation,55425,data/Something_data/videos_full/55425.webm,169,8,25,8,150,False,False,0.3495728671550751,0.06587199028581381,0.004433859256096184,2.246814644895494,65,2,8,8,False,
somethingv2,validation,181038,data/Something_data/videos_full/181038.webm,169,8,25,8,170,False,False,0.30274608731269836,0.07606609212234616,0.004433859256096184,2.179108042269945,62,2,8,8,False,
somethingv2,validation,151814,data/Something_data/videos_full/151814.webm,169,8,25,8,142,False,False,0.27730056643486023,0.08559115882962942,0.004433859256096184,2.1007089680060744,55,2,8,8,False,
somethingv2,validation,28765,data/Something_data/videos_full/28765.webm,169,8,25,8,143,False,True,0.5833354592323303,0.08516511414200068,0.004433859256096184,2.012673412915319,46,2,8,8,False,
somethingv2,validation,8110,data/Something_data/videos_full/8110.webm,169,8,25,8,18,False,False,0.39502155780792236,0.04713038168847561,0.004433859256096184,1.926031454000622,70,3,8,8,False,
somethingv2,validation,37516,data/Something_data/videos_full/37516.webm,169,8,25,8,143,False,True,0.9321357011795044,0.010865717194974422,0.004433859256096184,1.877622113097459,72,3,8,8,False,
somethingv2,validation,166831,data/Something_data/videos_full/166831.webm,169,8,25,8,170,False,False,0.23362046480178833,0.10240669595077634,0.004433859256096184,1.8631891808472574,38,2,8,8,False,
somethingv2,validation,38281,data/Something_data/videos_full/38281.webm,169,8,25,8,64,False,False,0.5291453003883362,0.07079113693907857,0.004433859256096184,1.7592558218166232,42,2,8,8,False,
somethingv2,validation,80406,data/Something_data/videos_full/80406.webm,169,8,25,8,18,False,False,0.87456876039505,0.041233432944864035,0.004433859256096184,1.6875432818196714,65,2,8,8,False,
somethingv2,validation,193127,data/Something_data/videos_full/193127.webm,169,8,25,8,16,False,False,0.45207950472831726,0.06619101902469993,0.004433859256096184,1.6447795666754246,54,2,8,8,False,
somethingv2,validation,164500,data/Something_data/videos_full/164500.webm,169,8,25,8,162,False,False,0.36081331968307495,0.12192491488531232,0.004433859256096184,1.57761648343876,39,2,8,8,False,
somethingv2,validation,193728,data/Something_data/videos_full/193728.webm,169,8,25,8,160,False,False,0.6478167772293091,0.07779770018532872,0.004433859256096184,1.4525910369120538,40,2,8,8,False,
somethingv2,validation,39585,data/Something_data/videos_full/39585.webm,169,8,25,8,143,False,True,0.6997166872024536,0.09296231903135777,0.004433859256096184,1.3721057819202542,47,2,8,8,False,
somethingv2,validation,91726,data/Something_data/videos_full/91726.webm,169,8,25,8,143,False,True,0.3959624469280243,0.09689443092793226,0.004433859256096184,1.2769141411408782,55,2,8,8,False,
somethingv2,validation,51754,data/Something_data/videos_full/51754.webm,169,8,25,8,143,False,True,0.6371454000473022,0.012378411833196878,0.004433859256096184,1.1771803391166031,46,2,8,8,False,
somethingv2,validation,144680,data/Something_data/videos_full/144680.webm,169,8,25,8,143,False,True,0.5125914216041565,0.07626012107357383,0.004433859256096184,1.1552861551754177,42,2,8,8,False,
somethingv2,validation,163246,data/Something_data/videos_full/163246.webm,170,8,25,8,67,False,True,0.6134727597236633,0.07767973002046347,0.004433859256096184,1.077368936035782,37,2,8,8,False,
somethingv2,validation,126939,data/Something_data/videos_full/126939.webm,170,8,25,8,16,False,False,0.48934149742126465,0.10144210467115045,0.004433859256096184,0.9974780161865056,58,2,8,8,False,
somethingv2,validation,45894,data/Something_data/videos_full/45894.webm,170,8,25,8,18,False,False,0.4225156605243683,0.005626592319458723,0.004433859256096184,0.8946472383104265,34,1,8,8,False,
somethingv2,validation,127048,data/Something_data/videos_full/127048.webm,170,8,25,8,16,False,False,0.8785567283630371,0.0059238942340016365,0.004433859256096184,0.8858691421337426,30,1,8,8,False,
somethingv2,validation,71321,data/Something_data/videos_full/71321.webm,170,8,25,8,134,False,False,0.8170220255851746,0.06110397120937705,0.004433859256096184,0.8745031412690878,63,2,8,8,False,
somethingv2,validation,40536,data/Something_data/videos_full/40536.webm,170,8,25,8,16,False,False,0.2907502353191376,0.08344009099528193,0.004433859256096184,0.8122398466803133,63,2,8,8,False,
somethingv2,validation,74608,data/Something_data/videos_full/74608.webm,170,8,25,8,90,False,False,0.716576874256134,0.068085425067693,0.004433859256096184,0.727114369161427,54,2,8,8,False,
somethingv2,validation,55969,data/Something_data/videos_full/55969.webm,170,8,25,8,67,False,False,0.3191983699798584,0.08678705710917711,0.004433859256096184,0.6580418087542057,60,2,8,8,False,
somethingv2,validation,65684,data/Something_data/videos_full/65684.webm,170,8,25,8,143,False,False,0.39921024441719055,0.0651417039334774,0.004915832323604263,2.5530090490356088,51,2,8,8,False,
somethingv2,validation,213033,data/Something_data/videos_full/213033.webm,170,8,25,8,16,False,False,0.4412215054035187,0.08449034206569195,0.004915832323604263,2.486146445851773,52,2,8,8,False,
somethingv2,validation,171792,data/Something_data/videos_full/171792.webm,170,8,25,8,16,False,False,0.2579484283924103,0.09027911256998777,0.004915832323604263,2.400402419734746,67,3,8,8,False,
somethingv2,validation,156299,data/Something_data/videos_full/156299.webm,170,8,25,8,16,False,False,0.8768014907836914,0.046792160253971815,0.004915832323604263,2.308889249805361,54,2,8,8,False,
somethingv2,validation,151908,data/Something_data/videos_full/151908.webm,170,8,25,8,16,False,False,0.8301067352294922,0.005356135778129101,0.004915832323604263,2.260979493148625,25,1,8,8,False,
somethingv2,validation,145321,data/Something_data/videos_full/145321.webm,170,8,25,8,67,False,True,0.8284876942634583,0.08158534904941916,0.004915832323604263,2.252879824023694,53,2,8,8,False,
somethingv2,validation,47322,data/Something_data/videos_full/47322.webm,170,8,25,8,17,False,False,0.6409246921539307,0.0055657560005784035,0.004915832323604263,2.170098857022822,21,1,8,8,False,
somethingv2,validation,76453,data/Something_data/videos_full/76453.webm,170,8,25,8,56,False,False,0.23403969407081604,0.004649284295737743,0.004915832323604263,2.1603405978530645,20,1,8,8,False,
somethingv2,validation,131210,data/Something_data/videos_full/131210.webm,170,8,25,8,160,False,False,0.5040215849876404,0.091724650003016,0.004915832323604263,2.1516164178028703,37,2,8,8,False,
somethingv2,validation,77924,data/Something_data/videos_full/77924.webm,170,8,25,8,16,False,False,0.9461915493011475,0.09726336086168885,0.004915832323604263,2.0573599757626653,45,2,8,8,False,
somethingv2,validation,131108,data/Something_data/videos_full/131108.webm,170,8,25,8,36,False,False,0.5224553346633911,0.09012096980586648,0.004915832323604263,1.9584096781909466,57,2,8,8,False,
somethingv2,validation,94505,data/Something_data/videos_full/94505.webm,170,8,25,8,143,False,False,0.4323858916759491,0.06721654534339905,0.004915832323604263,1.8652760740369558,48,2,8,8,False,
somethingv2,validation,119331,data/Something_data/videos_full/119331.webm,171,8,25,8,56,False,False,0.4608311355113983,0.014487287029623985,0.004915832323604263,1.7954656942747533,45,2,8,8,False,
somethingv2,validation,102538,data/Something_data/videos_full/102538.webm,171,8,25,8,156,False,False,0.36315956711769104,0.11159006366506219,0.004915832323604263,1.7701485948637128,63,2,8,8,False,
somethingv2,validation,175786,data/Something_data/videos_full/175786.webm,171,8,25,8,134,False,False,0.2718066871166229,0.09854709776118398,0.004915832323604263,1.6558969817124307,52,2,8,8,False,
somethingv2,validation,27396,data/Something_data/videos_full/27396.webm,171,8,25,8,15,False,False,0.3286606967449188,0.062408863101154566,0.004915832323604263,1.5555204008705914,40,2,8,8,False,
somethingv2,validation,147490,data/Something_data/videos_full/147490.webm,171,8,25,8,127,False,False,0.605932354927063,0.12644748110324144,0.004915832323604263,1.491240224801004,70,3,8,8,False,
somethingv2,validation,137371,data/Something_data/videos_full/137371.webm,171,8,25,8,79,False,False,0.3127215504646301,0.07680952874943614,0.004915832323604263,1.3633928690105677,50,2,8,8,False,
somethingv2,validation,209000,data/Something_data/videos_full/209000.webm,171,8,25,8,162,False,False,0.7419427037239075,0.09555098321288824,0.004915832323604263,1.2852994669228792,39,2,8,8,False,
somethingv2,validation,5226,data/Something_data/videos_full/5226.webm,171,8,25,8,160,False,False,0.6116145849227905,0.0731092318892479,0.004915832323604263,1.1887350990436971,52,2,8,8,False,
somethingv2,validation,185953,data/Something_data/videos_full/185953.webm,171,8,25,8,125,False,False,0.9034634232521057,0.006762864999473095,0.004915832323604263,1.1144956699572504,21,1,8,8,False,
somethingv2,validation,34882,data/Something_data/videos_full/34882.webm,171,8,25,8,125,False,False,0.17868542671203613,0.0051376610063016415,0.004915832323604263,1.1021755379624665,26,1,8,8,False,
somethingv2,validation,212161,data/Something_data/videos_full/212161.webm,171,8,25,8,16,False,False,0.4197193682193756,0.0622284896671772,0.004915832323604263,1.0919401249848306,52,2,8,8,False,
somethingv2,validation,98888,data/Something_data/videos_full/98888.webm,171,8,25,8,16,False,False,0.17058917880058289,0.0907833268865943,0.004915832323604263,1.0281294351443648,48,2,8,8,False,
somethingv2,validation,132740,data/Something_data/videos_full/132740.webm,171,8,25,8,16,False,False,0.6198587417602539,0.007198831997811794,0.004915832323604263,0.9348861682228744,34,1,8,8,False,
somethingv2,validation,149170,data/Something_data/videos_full/149170.webm,171,8,25,8,143,False,False,0.5682468414306641,0.0765306749381125,0.004915832323604263,0.9212194136343896,49,2,8,8,False,
somethingv2,validation,89763,data/Something_data/videos_full/89763.webm,171,8,25,8,140,False,True,0.5869895815849304,0.08596720406785607,0.004915832323604263,0.84248779527843,38,2,8,8,False,
somethingv2,validation,130921,data/Something_data/videos_full/130921.webm,171,8,25,8,127,False,False,0.7495900988578796,0.006165618076920509,0.004915832323604263,0.7542914552614093,19,1,8,8,False,
somethingv2,validation,132447,data/Something_data/videos_full/132447.webm,171,8,25,8,125,False,False,0.5318503975868225,0.006904571782797575,0.004915832323604263,0.7462368779815733,25,1,8,8,False,
somethingv2,validation,166004,data/Something_data/videos_full/166004.webm,171,8,25,8,56,False,True,0.15956106781959534,0.07693330198526382,0.004915832323604263,0.7354235551320016,47,2,8,8,False,
somethingv2,validation,152774,data/Something_data/videos_full/152774.webm,171,8,25,8,18,False,False,0.38659122586250305,0.07918209629133344,0.004915832323604263,0.6566055929288268,38,2,8,8,False,
somethingv2,validation,40877,data/Something_data/videos_full/40877.webm,171,8,25,8,144,False,False,0.5639737248420715,0.006930941715836525,0.004915832323604263,0.5752769946120679,33,1,8,8,False,
somethingv2,validation,121738,data/Something_data/videos_full/121738.webm,172,8,25,8,114,False,False,0.5609019994735718,0.09193560294806957,0.004914855468086898,2.8151211687363684,36,2,8,8,False,
somethingv2,validation,15622,data/Something_data/videos_full/15622.webm,172,8,25,8,145,False,False,0.2865714728832245,0.09754956001415849,0.004914855468086898,2.7211876190267503,41,2,8,8,False,
somethingv2,validation,218533,data/Something_data/videos_full/218533.webm,172,8,25,8,155,False,False,0.21294307708740234,0.05782903078943491,0.004914855468086898,2.6211838079616427,57,2,8,8,False,
somethingv2,validation,6253,data/Something_data/videos_full/6253.webm,172,8,25,8,16,False,False,0.5922062993049622,0.07590108690783381,0.004914855468086898,2.5618325830437243,60,2,8,8,False,
somethingv2,validation,216809,data/Something_data/videos_full/216809.webm,172,8,25,8,16,False,False,0.60895174741745,0.11000203667208552,0.004914855468086898,2.4841963588260114,45,2,8,8,False,
somethingv2,validation,150756,data/Something_data/videos_full/150756.webm,172,8,25,8,100,False,False,0.810035228729248,0.08199429232627153,0.004914855468086898,2.3716603540815413,62,2,8,8,False,
somethingv2,validation,97537,data/Something_data/videos_full/97537.webm,172,8,25,8,16,False,False,0.6547966599464417,0.006890373770147562,0.004914855468086898,2.2883468410000205,24,1,8,8,False,
somethingv2,validation,47711,data/Something_data/videos_full/47711.webm,172,8,25,8,100,False,False,0.792870819568634,0.060719304252415895,0.004914855468086898,2.2754890071228147,57,2,8,8,False,
somethingv2,validation,3159,data/Something_data/videos_full/3159.webm,172,8,25,8,160,False,False,0.3983650207519531,0.04180870205163956,0.004914855468086898,2.21342987800017,62,2,8,8,False,
somethingv2,validation,128956,data/Something_data/videos_full/128956.webm,172,8,25,8,171,False,False,0.9260750412940979,0.08090054197236896,0.004914855468086898,2.170720376074314,58,2,8,8,False,
somethingv2,validation,98419,data/Something_data/videos_full/98419.webm,172,8,25,8,144,False,False,0.45786190032958984,0.08818541606888175,0.004914855468086898,2.0883845170028508,63,2,8,8,False,
somethingv2,validation,177244,data/Something_data/videos_full/177244.webm,172,8,25,8,160,False,False,0.27322641015052795,0.160352170933038,0.004914855468086898,1.9990554139949381,72,3,8,8,False,
somethingv2,validation,130172,data/Something_data/videos_full/130172.webm,172,8,25,8,16,False,False,0.4613593816757202,0.007631956599652767,0.004914855468086898,1.83598254295066,34,1,8,8,False,
somethingv2,validation,206,data/Something_data/videos_full/206.webm,172,8,25,8,160,False,False,0.24956588447093964,0.1333504649810493,0.004914855468086898,1.8237888747826219,64,2,8,8,False,
somethingv2,validation,76226,data/Something_data/videos_full/76226.webm,172,8,25,8,116,False,False,0.0918857604265213,0.0493624908849597,0.004914855468086898,1.6883753929287195,56,2,8,8,False,
somethingv2,validation,95557,data/Something_data/videos_full/95557.webm,172,8,25,8,18,False,False,0.43449845910072327,0.007004865910857916,0.004914855468086898,1.6370827718637884,34,1,8,8,False,
somethingv2,validation,174764,data/Something_data/videos_full/174764.webm,172,8,25,8,16,False,False,0.9138975739479065,0.0587944071739912,0.004914855468086898,1.6257312828674912,54,2,8,8,False,
somethingv2,validation,9576,data/Something_data/videos_full/9576.webm,172,8,25,8,67,False,False,0.3567923605442047,0.007341743912547827,0.004914855468086898,1.5651926868595183,31,1,8,8,False,
somethingv2,validation,4077,data/Something_data/videos_full/4077.webm,172,8,25,8,56,False,False,0.8569306135177612,0.10123503906652331,0.004914855468086898,1.552212764043361,64,2,8,8,False,
somethingv2,validation,107139,data/Something_data/videos_full/107139.webm,172,8,25,8,18,False,False,0.8420321345329285,0.08907730737701058,0.004914855468086898,1.4484464139677584,65,2,8,8,False,
somethingv2,validation,52698,data/Something_data/videos_full/52698.webm,173,8,25,8,125,False,False,0.16487640142440796,0.060823236126452684,0.004914855468086898,1.3577601108700037,57,2,8,8,False,
somethingv2,validation,127300,data/Something_data/videos_full/127300.webm,173,8,25,8,61,False,False,0.19752690196037292,0.10651548393070698,0.004914855468086898,1.2944724238477647,58,2,8,8,False,
somethingv2,validation,141388,data/Something_data/videos_full/141388.webm,173,8,25,8,160,False,False,0.8655704259872437,0.07721334509551525,0.004914855468086898,1.1861438644118607,40,2,8,8,False,
somethingv2,validation,66432,data/Something_data/videos_full/66432.webm,173,8,25,8,18,False,False,0.2943570017814636,0.054026811849325895,0.004914855468086898,1.1077735819853842,64,2,8,8,False,
somethingv2,validation,125313,data/Something_data/videos_full/125313.webm,173,8,25,8,128,False,False,0.6062864661216736,0.05707878991961479,0.004914855468086898,1.0527578652836382,64,2,8,8,False,
somethingv2,validation,192273,data/Something_data/videos_full/192273.webm,173,8,25,8,160,False,False,0.865070104598999,0.008950354997068644,0.004914855468086898,0.9947059387341142,55,2,8,8,False,
somethingv2,validation,47752,data/Something_data/videos_full/47752.webm,173,8,25,8,100,False,False,0.51418137550354,0.06966259982436895,0.004914855468086898,0.9817923461087048,62,2,8,8,False,
somethingv2,validation,107137,data/Something_data/videos_full/107137.webm,173,8,25,8,145,False,False,0.41180169582366943,0.0762060103006661,0.004914855468086898,0.911113902926445,68,3,8,8,False,
somethingv2,validation,27016,data/Something_data/videos_full/27016.webm,173,8,25,8,126,False,False,0.345274955034256,0.07606960088014603,0.004914855468086898,0.8332761568017304,37,2,8,8,False,
somethingv2,validation,44955,data/Something_data/videos_full/44955.webm,173,8,25,8,127,False,False,0.563776433467865,0.07716058194637299,0.004914855468086898,0.7555272160097957,56,2,8,8,False,
somethingv2,validation,161271,data/Something_data/videos_full/161271.webm,173,8,25,8,128,False,False,0.8549094796180725,0.007050137035548687,0.004914855468086898,0.6762181599624455,34,1,8,8,False,
somethingv2,validation,57524,data/Something_data/videos_full/57524.webm,173,8,25,8,16,False,False,0.3611328899860382,0.0951343267224729,0.004914855468086898,0.6642225431278348,35,2,8,8,False,
somethingv2,validation,138140,data/Something_data/videos_full/138140.webm,173,8,25,8,127,False,False,0.39002668857574463,0.04427868966013193,0.00646545086055994,0.6588161699473858,54,2,8,8,False,
somethingv2,validation,177878,data/Something_data/videos_full/177878.webm,173,8,25,8,25,False,False,0.209691122174263,0.061431065667420626,0.00646545086055994,0.6134714903309941,47,2,8,8,False,
somethingv2,validation,5946,data/Something_data/videos_full/5946.webm,173,8,25,8,139,False,False,0.6192760467529297,0.050037847366183996,0.00646545086055994,0.5505322893150151,59,2,8,8,False,
somethingv2,validation,199705,data/Something_data/videos_full/199705.webm,173,8,25,8,100,False,False,0.2717253863811493,0.03061689715832472,0.00646545086055994,0.49959006113931537,41,2,8,8,False,
somethingv2,validation,110553,data/Something_data/videos_full/110553.webm,173,8,25,8,127,False,False,0.3398209810256958,0.06808149628341198,0.00646545086055994,0.4677363336086273,59,2,8,8,False,
somethingv2,validation,103872,data/Something_data/videos_full/103872.webm,173,8,25,8,142,False,False,0.39983299374580383,0.16015443485230207,0.00646545086055994,0.39704117085784674,38,2,8,8,False,
somethingv2,validation,141750,data/Something_data/videos_full/141750.webm,173,8,25,8,128,False,False,0.4267975986003876,0.06711117131635547,0.00646545086055994,0.23456882685422897,55,2,8,8,False,
somethingv2,validation,138027,data/Something_data/videos_full/138027.webm,173,8,25,8,15,False,False,0.29156559705734253,0.04552536737173796,0.00646545086055994,0.16574652399867773,61,2,8,8,False,
