dataset,split,budget,coverage,stride,n,top1,top5,mean_confidence,mean_decode_time_s,mean_inference_time_s,mean_total_time_s,mean_processed_frames,mean_model_input_frames,mean_source_frames
ucf101,val,16,10,2,2020,0.5806930693069307,0.8415841584158416,0.4693126318238602,0.008116108450997105,0.0046038337809144346,0.45452045054234896,16.0,16.0,181.19752475247526
