dataset,split,budget,coverage,stride,n,top1,top5,mean_confidence,mean_decode_time_s,mean_inference_time_s,mean_total_time_s,mean_processed_frames,mean_model_input_frames,mean_source_frames
ucf101,val,16,10,8,2020,0.44554455445544555,0.7193069306930693,0.39098127549975226,0.007122986375741513,0.004646280801758207,0.43937406262053214,16.0,16.0,181.19752475247526
