dataset,split,budget,coverage,stride,n,top1,top5,mean_confidence,mean_decode_time_s,mean_inference_time_s,mean_total_time_s,mean_processed_frames,mean_model_input_frames,mean_source_frames
ucf101,val,16,100,1,2020,0.7950495049504951,0.9485148514851485,0.6764524488165827,0.020496680065620655,0.004456456306293643,0.6620429182010196,16.0,16.0,181.19752475247526
