dataset,split,budget,coverage,stride,n,top1,top5,mean_confidence,mean_decode_time_s,mean_inference_time_s,mean_total_time_s,mean_processed_frames,mean_model_input_frames,mean_source_frames
ucf101,val,16,25,1,2020,0.7227722772277227,0.9163366336633664,0.5970466169925167,0.010865152123877501,0.0046086150523514885,0.5005613758737028,16.0,16.0,181.19752475247526
