dataset,split,budget,coverage,stride,n,top1,top5,mean_confidence,mean_decode_time_s,mean_inference_time_s,mean_total_time_s,mean_processed_frames,mean_model_input_frames,mean_source_frames
ucf101,val,16,25,16,2020,0.47425742574257423,0.7579207920792079,0.40346930002111314,0.008630453925902521,0.004605345228470235,0.46287268931852965,16.0,16.0,181.19752475247526
