dataset,split,budget,coverage,stride,n,top1,top5,mean_confidence,mean_decode_time_s,mean_inference_time_s,mean_total_time_s,mean_processed_frames,mean_model_input_frames,mean_source_frames
ucf101,val,16,50,16,2020,0.6148514851485148,0.8564356435643564,0.4627316089420773,0.012305908254347742,0.004592514839046404,0.5237704334552353,16.0,16.0,181.19752475247526
