dataset,split,budget,coverage,stride,n,top1,top5,mean_confidence,mean_decode_time_s,mean_inference_time_s,mean_total_time_s,mean_processed_frames,mean_model_input_frames,mean_source_frames
diving48,val,16,10,16,743,0.03768506056527591,0.19784656796769853,0.47036548864352107,0.015840207714014617,0.0011962583781474471,0.36703656782566296,16.0,16.0,111.67833109017496
