resolution,top1,n,model,dataset,native_res
48,0.0955585464333782,743,mc3_18,diving48,112
96,0.3082099596231494,743,mc3_18,diving48,112
112,0.3162853297442799,743,mc3_18,diving48,112
160,0.2732166890982503,743,mc3_18,diving48,112
224,0.1372812920592193,743,mc3_18,diving48,112
336,0.0726783310901749,743,mc3_18,diving48,112
