resolution,top1,n,model,dataset,native_res
96,0.17496635262449528,743,mc3_18,diving48,112
112,0.253028263795424,743,mc3_18,diving48,112
160,0.34320323014804843,743,mc3_18,diving48,112
224,0.3781965006729475,743,mc3_18,diving48,112
336,0.2543741588156124,743,mc3_18,diving48,112
