resolution,top1,n,model,dataset,native_res
96,0.3082099596231494,743,mc3_18,diving48,112
112,0.3162853297442799,743,mc3_18,diving48,112
160,0.2732166890982503,743,mc3_18,diving48,112
224,0.13728129205921938,743,mc3_18,diving48,112
336,0.07267833109017496,743,mc3_18,diving48,112
