resolution,top1,n,model,dataset,native_res
48,0.1247524752475247,2020,slowfast_r50,ucf101,224
96,0.697029702970297,2020,slowfast_r50,ucf101,224
112,0.7584158415841584,2020,slowfast_r50,ucf101,224
160,0.8747524752475248,2020,slowfast_r50,ucf101,224
224,0.9143564356435644,2020,slowfast_r50,ucf101,224
336,0.8920792079207921,2020,slowfast_r50,ucf101,224
