dataset,split,budget,coverage,stride,n,top1,top5,mean_confidence,mean_decode_time_s,mean_inference_time_s,mean_total_time_s,mean_processed_frames,mean_model_input_frames,mean_source_frames
autsl,val,16,10,1,4418,0.008148483476686284,0.033046627433227706,0.26771881512795004,0.008254283557773722,0.000994396450789793,0.20366945595394284,16.0,16.0,59.18605703938434
