dataset,split,budget,coverage,stride,n,top1,top5,mean_confidence,mean_decode_time_s,mean_inference_time_s,mean_total_time_s,mean_processed_frames,mean_model_input_frames,mean_source_frames
autsl,val,16,10,16,4418,0.0047532820280669985,0.02489814395654142,0.26586905849702075,0.006891249050997575,0.0009109085264892708,0.17765273407044505,16.0,16.0,59.18605703938434
