dataset,split,budget,coverage,stride,n,top1,top5,mean_confidence,mean_decode_time_s,mean_inference_time_s,mean_total_time_s,mean_processed_frames,mean_model_input_frames,mean_source_frames
autsl,val,16,100,16,4418,0.05228610230873699,0.14938886373924853,0.17068614297950765,0.014956817746789761,0.0008952119844072258,0.3121119389111166,16.0,16.0,59.18605703938434
