dataset,split,budget,coverage,stride,n,top1,top5,mean_confidence,mean_decode_time_s,mean_inference_time_s,mean_total_time_s,mean_processed_frames,mean_model_input_frames,mean_source_frames
autsl,val,16,25,1,4418,0.032593933906745136,0.10208239022181982,0.30077543410764745,0.010571910292369719,0.0009120293035905095,0.24328617564722518,16.0,16.0,59.18605703938434
