dataset,split,budget,coverage,stride,n,top1,top5,mean_confidence,mean_decode_time_s,mean_inference_time_s,mean_total_time_s,mean_processed_frames,mean_model_input_frames,mean_source_frames
autsl,val,16,25,16,4418,0.0061113626075147125,0.02693526482571299,0.2622655787542732,0.007485454467537565,0.0008945260051997937,0.18658664797930424,16.0,16.0,59.18605703938434
