dataset,split,budget,coverage,stride,n,top1,top5,mean_confidence,mean_decode_time_s,mean_inference_time_s,mean_total_time_s,mean_processed_frames,mean_model_input_frames,mean_source_frames
autsl,val,16,50,16,4418,0.024219103666817565,0.08714350384789497,0.25281575043176013,0.010343024419260584,0.0009111360781802891,0.23621161435526278,16.0,16.0,59.18605703938434
