dataset,split,budget,coverage,stride,n,top1,top5,mean_confidence,mean_decode_time_s,mean_inference_time_s,mean_total_time_s,mean_processed_frames,mean_model_input_frames,mean_source_frames
ucf101,val,16,10,4,2020,0.6821782178217822,0.8688118811881188,0.5871403235001582,0.007583831035702646,0.0015758943152706147,0.21474883293463287,16.0,16.0,181.19752475247526
