dataset,split,budget,coverage,stride,n,top1,top5,mean_confidence,mean_decode_time_s,mean_inference_time_s,mean_total_time_s,mean_processed_frames,mean_model_input_frames,mean_source_frames
ucf101,val,16,100,8,2020,0.8816831683168317,0.9767326732673267,0.8267124384180596,0.0208800897354924,0.0015794878918908093,0.43790424809235584,16.0,16.0,181.19752475247526
