dataset,split,budget,coverage,stride,n,top1,top5,mean_confidence,mean_decode_time_s,mean_inference_time_s,mean_total_time_s,mean_processed_frames,mean_model_input_frames,mean_source_frames
ucf101,val,16,10,16,2020,0.5584158415841585,0.7836633663366337,0.48236561935616307,0.006113064923037839,0.0015502643604338685,0.18887110000895796,16.0,16.0,181.19752475247526
