dataset,split,budget,coverage,stride,n,top1,top5,mean_confidence,mean_decode_time_s,mean_inference_time_s,mean_total_time_s,mean_processed_frames,mean_model_input_frames,mean_source_frames
ucf101,val,16,25,16,2020,0.648019801980198,0.8589108910891089,0.5566826389235731,0.008571472437821772,0.0015621490037704975,0.23085608075760158,16.0,16.0,181.19752475247526
