dataset,split,budget,coverage,stride,n,top1,top5,mean_confidence,mean_decode_time_s,mean_inference_time_s,mean_total_time_s,mean_processed_frames,mean_model_input_frames,mean_source_frames
ucf101,val,16,25,2,2020,0.7985148514851486,0.946039603960396,0.7474715660446056,0.012471495454988008,0.0015690869858055053,0.29802362193378834,16.0,16.0,181.19752475247526
