dataset,split,budget,coverage,stride,n,top1,top5,mean_confidence,mean_decode_time_s,mean_inference_time_s,mean_total_time_s,mean_processed_frames,mean_model_input_frames,mean_source_frames
ucf101,val,16,50,4,2020,0.8514851485148515,0.9693069306930693,0.7996923659605407,0.01603018893862586,0.0015702367612704783,0.35641293155840864,16.0,16.0,181.19752475247526
