dataset,split,budget,coverage,stride,n,top1,top5,mean_confidence,mean_decode_time_s,mean_inference_time_s,mean_total_time_s,mean_processed_frames,mean_model_input_frames,mean_source_frames
ucf101,val,16,50,1,2020,0.8589108910891089,0.9732673267326732,0.8072228564853126,0.016157525819426605,0.0015906513367761111,0.35945808681230623,16.0,16.0,181.19752475247526
