dataset,split,budget,coverage,stride,n,top1,top5,mean_confidence,mean_decode_time_s,mean_inference_time_s,mean_total_time_s,mean_processed_frames,mean_model_input_frames,mean_source_frames
ucf101,val,16,50,16,2020,0.7361386138613861,0.9103960396039604,0.6533698732789496,0.012537401622175101,0.0015648122114996139,0.29705507777386925,16.0,16.0,181.19752475247526
