dataset,split,budget,coverage,stride,n,top1,top5,mean_confidence,mean_decode_time_s,mean_inference_time_s,mean_total_time_s,mean_processed_frames,mean_model_input_frames,mean_source_frames
ucf101,val,16,75,1,2020,0.8806930693069307,0.9816831683168317,0.8327608185202473,0.019438840958663252,0.0015926893505424555,0.4131992366296322,16.0,16.0,181.19752475247526
