dataset,split,budget,coverage,stride,n,top1,top5,mean_confidence,mean_decode_time_s,mean_inference_time_s,mean_total_time_s,mean_processed_frames,mean_model_input_frames,mean_source_frames
ucf101,val,16,75,2,2020,0.8801980198019802,0.9811881188118812,0.8330609473150851,0.019780795186951684,0.0015750132255615795,0.4189243449853724,16.0,16.0,181.19752475247526
