dataset,split,budget,coverage,stride,n,top1,top5,mean_confidence,mean_decode_time_s,mean_inference_time_s,mean_total_time_s,mean_processed_frames,mean_model_input_frames,mean_source_frames
ucf101,val,16,75,4,2020,0.8792079207920792,0.9797029702970297,0.8287811411046746,0.019357466818833963,0.001580519276892416,0.41199137753216863,16.0,16.0,181.19752475247526
