dataset,split,budget,coverage,stride,n,top1,top5,mean_confidence,mean_decode_time_s,mean_inference_time_s,mean_total_time_s,mean_processed_frames,mean_model_input_frames,mean_source_frames
ucf101,val,16,75,16,2020,0.7896039603960396,0.9495049504950495,0.7174077775550656,0.016214663979002633,0.0015721705069046208,0.3587019740462091,16.0,16.0,181.19752475247526
