resolution,top1,n,model,dataset,native_res
96,0.39267175572519086,3275,timesformer,ssv2,224
112,0.3941984732824427,3275,timesformer,ssv2,224
160,0.4140458015267175,3275,timesformer,ssv2,224
224,0.4229007633587786,3275,timesformer,ssv2,224
336,0.420763358778626,3275,timesformer,ssv2,224
