resolution,top1,n,model,dataset,native_res
112,0.39419847328244273,3275,timesformer,ssv2,224
160,0.41404580152671755,3275,timesformer,ssv2,224
224,0.42290076335877863,3275,timesformer,ssv2,224
336,0.420763358778626,3275,timesformer,ssv2,224
