dataset,split,budget,coverage,stride,n,top1,top5,mean_confidence,mean_decode_time_s,mean_inference_time_s,mean_total_time_s,mean_processed_frames,mean_model_input_frames,mean_source_frames
hmdb51,val,16,10,8,885,0.37740112994350283,0.6372881355932203,0.40559416468449905,0.011066622727703156,0.0011283484692711614,0.26874517519711016,16.0,16.0,96.54124293785311
