dataset,split,budget,coverage,stride,n,top1,top5,mean_confidence,mean_decode_time_s,mean_inference_time_s,mean_total_time_s,mean_processed_frames,mean_model_input_frames,mean_source_frames
ucf101,val,16,100,8,2020,0.8727722772277228,0.9752475247524752,0.8763111315427883,0.02146582398932464,0.0030831590939156416,0.5800746008822935,16.0,16.0,181.19752475247526
