dataset,split,budget,coverage,stride,n,top1,top5,mean_confidence,mean_decode_time_s,mean_inference_time_s,mean_total_time_s,mean_processed_frames,mean_model_input_frames,mean_source_frames
ucf101,val,16,10,16,2020,0.4797029702970297,0.7623762376237624,0.44692723189323846,0.006609923621907019,0.0031732892531136253,0.33577286846818183,16.0,16.0,181.19752475247526
