dataset,split,budget,coverage,stride,n,top1,top5,mean_confidence,mean_decode_time_s,mean_inference_time_s,mean_total_time_s,mean_processed_frames,mean_model_input_frames,mean_source_frames
ucf101,val,16,10,8,2020,0.5638613861386138,0.8207920792079207,0.5140020934579027,0.007296422494363298,0.003086339331365716,0.34439847074520524,16.0,16.0,181.19752475247526
