dataset,split,budget,coverage,stride,n,top1,top5,mean_confidence,mean_decode_time_s,mean_inference_time_s,mean_total_time_s,mean_processed_frames,mean_model_input_frames,mean_source_frames
ucf101,val,16,100,2,2020,0.8836633663366337,0.9782178217821782,0.8865652699060369,0.02243588285458431,0.0030708688393115335,0.6013177785593647,16.0,16.0,181.19752475247526
