dataset,split,budget,coverage,stride,n,top1,top5,mean_confidence,mean_decode_time_s,mean_inference_time_s,mean_total_time_s,mean_processed_frames,mean_model_input_frames,mean_source_frames
ucf101,val,16,25,4,2020,0.7658415841584159,0.9331683168316832,0.7564864231494837,0.01191747362764626,0.0030679691065388665,0.42147097663209304,16.0,16.0,181.19752475247526
