dataset,split,budget,coverage,stride,n,top1,top5,mean_confidence,mean_decode_time_s,mean_inference_time_s,mean_total_time_s,mean_processed_frames,mean_model_input_frames,mean_source_frames
ucf101,val,16,25,1,2020,0.7722772277227723,0.9405940594059405,0.7862793617374678,0.012447609037096326,0.0030356122410192276,0.43112037381362445,16.0,16.0,181.19752475247526
