dataset,split,budget,coverage,stride,n,top1,top5,mean_confidence,mean_decode_time_s,mean_inference_time_s,mean_total_time_s,mean_processed_frames,mean_model_input_frames,mean_source_frames
ucf101,val,16,50,1,2020,0.8410891089108911,0.9643564356435643,0.8479820724207872,0.016589278625992892,0.0030166669374119747,0.49811496028888713,16.0,16.0,181.19752475247526
