dataset,split,budget,coverage,stride,n,top1,top5,mean_confidence,mean_decode_time_s,mean_inference_time_s,mean_total_time_s,mean_processed_frames,mean_model_input_frames,mean_source_frames
ucf101,val,16,50,8,2020,0.8138613861386138,0.9514851485148514,0.7971629629317339,0.015235623831879163,0.0031001518953056766,0.47663762678258526,16.0,16.0,181.19752475247526
