dataset,split,budget,coverage,stride,n,top1,top5,mean_confidence,mean_decode_time_s,mean_inference_time_s,mean_total_time_s,mean_processed_frames,mean_model_input_frames,mean_source_frames
ucf101,val,16,50,4,2020,0.8391089108910891,0.9628712871287128,0.8436805357271344,0.016488137728613017,0.003032444566396056,0.49608521177940584,16.0,16.0,181.19752475247526
