dataset,split,budget,coverage,stride,n,top1,top5,mean_confidence,mean_decode_time_s,mean_inference_time_s,mean_total_time_s,mean_processed_frames,mean_model_input_frames,mean_source_frames
ucf101,val,16,50,2,2020,0.8371287128712871,0.9643564356435643,0.8489171583463649,0.017069995605575823,0.0030853127842852017,0.5078987260845877,16.0,16.0,181.19752475247526
