dataset,split,budget,coverage,stride,n,top1,top5,mean_confidence,mean_decode_time_s,mean_inference_time_s,mean_total_time_s,mean_processed_frames,mean_model_input_frames,mean_source_frames
ucf101,val,16,75,16,2020,0.806930693069307,0.943069306930693,0.7675943168046155,0.016606531649168654,0.0031101206067423934,0.49927216334231567,16.0,16.0,181.19752475247526
