dataset,split,budget,coverage,stride,n,top1,top5,mean_confidence,mean_decode_time_s,mean_inference_time_s,mean_total_time_s,mean_processed_frames,mean_model_input_frames,mean_source_frames
ucf101,val,16,75,1,2020,0.8707920792079208,0.9782178217821782,0.8752701009632927,0.019888338867787014,0.0030874516129134094,0.5540371193777595,16.0,16.0,181.19752475247526
