resolution,top1,n,model,dataset,native_res
48,0.3444274809160305,3275,videomae,ssv2,224
96,0.4894656488549618,3275,videomae,ssv2,224
112,0.4919083969465649,3275,videomae,ssv2,224
160,0.5148091603053435,3275,videomae,ssv2,224
224,0.5233587786259541,3275,videomae,ssv2,224
336,0.5190839694656488,3275,videomae,ssv2,224
