resolution,top1,n,model,dataset,native_res
96,0.2920592193808883,743,videomamba,diving48,224
112,0.29071332436069985,743,videomamba,diving48,224
160,0.360699865410498,743,videomamba,diving48,224
224,0.36608344549125166,743,videomamba,diving48,224
336,0.3620457604306864,743,videomamba,diving48,224
