resolution,top1,n,model,dataset,native_res
48,0.1022880215343203,743,videomamba,diving48,224
96,0.2920592193808883,743,videomamba,diving48,224
112,0.2907133243606998,743,videomamba,diving48,224
160,0.360699865410498,743,videomamba,diving48,224
224,0.3660834454912516,743,videomamba,diving48,224
336,0.3620457604306864,743,videomamba,diving48,224
