dataset,split,budget,coverage,stride,n,top1,top5,mean_confidence,mean_decode_time_s,mean_inference_time_s,mean_total_time_s,mean_processed_frames,mean_model_input_frames,mean_source_frames
ucf101,val,32,10,4,2020,0.3113861386138614,0.5643564356435643,0.48620130038349935,0.010522529692734858,0.0008809641368991446,0.22841851575528319,32.0,32.0,181.19752475247526
