dataset,split,budget,coverage,stride,n,top1,top5,mean_confidence,mean_decode_time_s,mean_inference_time_s,mean_total_time_s,mean_processed_frames,mean_model_input_frames,mean_source_frames
ucf101,val,32,100,2,2020,0.5673267326732673,0.8227722772277227,0.6645965849003285,0.04475197745510146,0.0008542227195714149,0.8080080983758037,32.0,32.0,181.19752475247526
