dataset,split,budget,coverage,stride,n,top1,top5,mean_confidence,mean_decode_time_s,mean_inference_time_s,mean_total_time_s,mean_processed_frames,mean_model_input_frames,mean_source_frames
ucf101,val,32,10,16,2020,0.2391089108910891,0.47376237623762374,0.48049835672251656,0.008790144217454155,0.000896929268204229,0.19971237129285138,32.0,32.0,181.19752475247526
