dataset,split,budget,coverage,stride,n,top1,top5,mean_confidence,mean_decode_time_s,mean_inference_time_s,mean_total_time_s,mean_processed_frames,mean_model_input_frames,mean_source_frames
ucf101,val,32,100,16,2020,0.453960396039604,0.7217821782178218,0.5148563762831658,0.03444628567621573,0.0008548478456444596,0.6252384588256072,32.0,32.0,181.19752475247526
