dataset,split,budget,coverage,stride,n,top1,top5,mean_confidence,mean_decode_time_s,mean_inference_time_s,mean_total_time_s,mean_processed_frames,mean_model_input_frames,mean_source_frames
ucf101,val,32,100,1,2020,0.5663366336633663,0.8232673267326732,0.6669322985418067,0.04186845072971583,0.0008279535894070079,0.7584509846927266,32.0,32.0,181.19752475247526
