dataset,split,budget,coverage,stride,n,top1,top5,mean_confidence,mean_decode_time_s,mean_inference_time_s,mean_total_time_s,mean_processed_frames,mean_model_input_frames,mean_source_frames
ucf101,val,32,100,8,2020,0.5217821782178218,0.7930693069306931,0.5971616838680636,0.04136439659943952,0.0008307751759167502,0.7417411713409099,32.0,32.0,181.19752475247526
