dataset,split,budget,coverage,stride,n,top1,top5,mean_confidence,mean_decode_time_s,mean_inference_time_s,mean_total_time_s,mean_processed_frames,mean_model_input_frames,mean_source_frames
ucf101,val,32,25,4,2020,0.3886138613861386,0.6698019801980198,0.5099084091566429,0.017551006372363336,0.000902475970382295,0.34938691684245454,32.0,32.0,181.19752475247526
