dataset,split,budget,coverage,stride,n,top1,top5,mean_confidence,mean_decode_time_s,mean_inference_time_s,mean_total_time_s,mean_processed_frames,mean_model_input_frames,mean_source_frames
ucf101,val,32,25,8,2020,0.35148514851485146,0.6128712871287129,0.48298354449654274,0.01589859886530621,0.0008700909307410959,0.3193116811622801,32.0,32.0,181.19752475247526
