dataset,split,budget,coverage,stride,n,top1,top5,mean_confidence,mean_decode_time_s,mean_inference_time_s,mean_total_time_s,mean_processed_frames,mean_model_input_frames,mean_source_frames
ucf101,val,32,25,16,2020,0.2905940594059406,0.5554455445544555,0.47100385144205376,0.013403410670845446,0.0008323040393199587,0.27691376307624216,32.0,32.0,181.19752475247526
