dataset,split,budget,coverage,stride,n,top1,top5,mean_confidence,mean_decode_time_s,mean_inference_time_s,mean_total_time_s,mean_processed_frames,mean_model_input_frames,mean_source_frames
ucf101,val,32,50,4,2020,0.48564356435643563,0.7584158415841584,0.5782244398765782,0.030188820404484683,0.000880515055804707,0.5574125762128659,32.0,32.0,181.19752475247526
