dataset,split,budget,coverage,stride,n,top1,top5,mean_confidence,mean_decode_time_s,mean_inference_time_s,mean_total_time_s,mean_processed_frames,mean_model_input_frames,mean_source_frames
ucf101,val,32,50,2,2020,0.5014851485148515,0.7752475247524753,0.6132054113552416,0.031043501546269853,0.0008953671889739241,0.5767257951363681,32.0,32.0,181.19752475247526
