dataset,split,budget,coverage,stride,n,top1,top5,mean_confidence,mean_decode_time_s,mean_inference_time_s,mean_total_time_s,mean_processed_frames,mean_model_input_frames,mean_source_frames
ucf101,val,32,75,8,2020,0.49356435643564356,0.7608910891089109,0.5612025659771102,0.03655353076537001,0.0008870760996660015,0.6616470616098752,32.0,32.0,181.19752475247526
