dataset,split,budget,coverage,stride,n,top1,top5,mean_confidence,mean_decode_time_s,mean_inference_time_s,mean_total_time_s,mean_processed_frames,mean_model_input_frames,mean_source_frames
ucf101,val,32,75,16,2020,0.4193069306930693,0.694059405940594,0.4961543342393666,0.026569066684587056,0.0008260239497758448,0.49711102897642495,32.0,32.0,181.19752475247526
