model,n_datasets,mean_eta2_stride,mean_eta2_coverage,pct_stride_dominant,mean_p_stride
r3d_18,7,0.24843968827201318,0.6673514297696187,0.0,0.0023920690961547475
mc3_18,7,0.18426905960195114,0.7478771587955638,0.0,0.0011896065172411088
r2plus1d_18,7,0.23479586695692298,0.6810411444877543,0.0,0.002239713867188385
slowfast_r50,7,0.3540176623413161,0.5254318200319115,14.285714285714285,0.001085009357871972
timesformer,7,0.07597479625096504,0.8952037730506622,0.0,0.006872639390163582
vivit,7,0.25505624353270223,0.655562135005532,0.0,0.0007955278802700258
videomae,7,0.1945112740918981,0.7339798738326039,14.285714285714285,0.0008846237480801822
videomamba,6,0.08040866868393587,0.8973162295675104,0.0,0.0012934502579540024
