model,n_datasets,mean_eta2_stride,mean_eta2_coverage,pct_stride_dominant,mean_p_stride
r3d_18,8,0.2578891573636276,0.6413628186658323,0.0,0.00257311227229369
mc3_18,8,0.20334327181663836,0.7139200735236023,0.0,0.0012429457447813846
r2plus1d_18,8,0.24757019114307682,0.6535488233471911,0.0,0.002251100088050295
slowfast_r50,8,0.3677139531354296,0.4971784111965207,25.0,0.0010843322715305692
timesformer,8,0.091548620152876,0.8743550979447665,0.0,0.006032442165201282
vivit,8,0.26718016865114497,0.6346026043563557,0.0,0.0007700917352930353
videomae,8,0.20701567074984586,0.7063042650355901,12.5,0.0012124854167631233
videomamba,7,0.0936731397985208,0.8775576592073854,0.0,0.0011462294588672364
