dataset,split,budget,coverage,stride,n,top1,top5,mean_confidence,mean_decode_time_s,mean_inference_time_s,mean_total_time_s,mean_processed_frames,mean_model_input_frames,mean_source_frames
autsl,val,16,10,16,4418,0.009506564056133997,0.03576278859212313,0.05876691688266159,0.009305070463615192,0.0023189612492795016,0.2780416580161603,16.0,16.0,59.18605703938434
