dataset,split,budget,coverage,stride,n,top1,top5,mean_confidence,mean_decode_time_s,mean_inference_time_s,mean_total_time_s,mean_processed_frames,mean_model_input_frames,mean_source_frames
autsl,val,16,10,2,4418,0.009280217292892712,0.03961068356722499,0.062269186674823396,0.010744915820707534,0.0023306654046840658,0.30471364612049845,16.0,16.0,59.18605703938434
