dataset,split,budget,coverage,stride,n,top1,top5,mean_confidence,mean_decode_time_s,mean_inference_time_s,mean_total_time_s,mean_processed_frames,mean_model_input_frames,mean_source_frames
autsl,val,16,10,4,4418,0.008601177003168854,0.037347215934812134,0.06251788062379506,0.010103057845967416,0.0023127354692242747,0.2928483718785366,16.0,16.0,59.18605703938434
