dataset,split,budget,coverage,stride,n,top1,top5,mean_confidence,mean_decode_time_s,mean_inference_time_s,mean_total_time_s,mean_processed_frames,mean_model_input_frames,mean_source_frames
autsl,val,16,25,16,4418,0.015165233137166138,0.056360344047080124,0.08062809686593445,0.009965212785638026,0.002282818373081461,0.2877894724253776,16.0,16.0,59.18605703938434
