resolution,top1,n,model,dataset,native_res
48,0.6451977401129944,885,vivit,hmdb51,224
96,0.7796610169491526,885,vivit,hmdb51,224
112,0.7898305084745763,885,vivit,hmdb51,224
160,0.7988700564971751,885,vivit,hmdb51,224
224,0.7954802259887006,885,vivit,hmdb51,224
336,0.8,885,vivit,hmdb51,224
