dataset,split,budget,coverage,stride,n,top1,top5,mean_confidence,mean_decode_time_s,mean_inference_time_s,mean_total_time_s,mean_processed_frames,mean_model_input_frames,mean_source_frames
autsl,val,16,100,16,4418,0.031462200090538704,0.1120416478044364,0.34054849212845867,0.018980753340645817,0.0013464502866399732,0.41626926389345353,16.0,16.0,59.18605703938434
