dataset,split,budget,coverage,stride,n,top1,top5,mean_confidence,mean_decode_time_s,mean_inference_time_s,mean_total_time_s,mean_processed_frames,mean_model_input_frames,mean_source_frames
autsl,val,16,10,16,4418,0.004074241738343142,0.02557718424626528,0.05819171324925436,0.008789063540728734,0.0013194777321908582,0.2478229480429505,16.0,16.0,59.18605703938434
