dataset,split,budget,coverage,stride,n,top1,top5,mean_confidence,mean_decode_time_s,mean_inference_time_s,mean_total_time_s,mean_processed_frames,mean_model_input_frames,mean_source_frames
autsl,val,16,25,16,4418,0.006790402897238569,0.029877772747849706,0.06386133702060788,0.009582690903088503,0.001400914365135221,0.2613504465851526,16.0,16.0,59.18605703938434
