dataset,split,budget,coverage,stride,n,top1,top5,mean_confidence,mean_decode_time_s,mean_inference_time_s,mean_total_time_s,mean_processed_frames,mean_model_input_frames,mean_source_frames
autsl,val,16,10,1,4418,0.0047532820280669985,0.026708918062471707,0.17060123212321843,0.010262813063849805,0.00028972970069866274,0.1984598249588149,16.0,16.0,59.18605703938434
