dataset,split,budget,coverage,stride,n,top1,top5,mean_confidence,mean_decode_time_s,mean_inference_time_s,mean_total_time_s,mean_processed_frames,mean_model_input_frames,mean_source_frames
autsl,val,16,100,16,4418,0.016976007243096423,0.06971480307831598,0.14429165891824047,0.014086395557057036,0.00025335190591734154,0.2603952946933345,16.0,16.0,59.18605703938434
