dataset,split,budget,coverage,stride,n,top1,top5,mean_confidence,mean_decode_time_s,mean_inference_time_s,mean_total_time_s,mean_processed_frames,mean_model_input_frames,mean_source_frames
autsl,val,16,100,8,4418,0.09121774558623812,0.26527840651878676,0.17595701612323023,0.018379184518874978,0.0002566606760018279,0.33087945824354925,16.0,16.0,59.18605703938434
