dataset,split,budget,coverage,stride,n,top1,top5,mean_confidence,mean_decode_time_s,mean_inference_time_s,mean_total_time_s,mean_processed_frames,mean_model_input_frames,mean_source_frames
autsl,val,16,10,2,4418,0.004526935264825713,0.02489814395654142,0.1775121426428198,0.006751496125518139,0.00024123212362434286,0.14016275778379092,16.0,16.0,59.18605703938434
