dataset,split,budget,coverage,stride,n,top1,top5,mean_confidence,mean_decode_time_s,mean_inference_time_s,mean_total_time_s,mean_processed_frames,mean_model_input_frames,mean_source_frames
autsl,val,16,10,16,4418,0.002489814395654142,0.023766410140334992,0.18257683397921273,0.005277754634474571,0.00024371915457887435,0.11244520849509071,16.0,16.0,59.18605703938434
