dataset,split,budget,coverage,stride,n,top1,top5,mean_confidence,mean_decode_time_s,mean_inference_time_s,mean_total_time_s,mean_processed_frames,mean_model_input_frames,mean_source_frames
autsl,val,16,25,8,4418,0.004526935264825713,0.029198732458125848,0.1806215257491392,0.0070171180896245145,0.00024346906116089773,0.14243969760677913,16.0,16.0,59.18605703938434
