dataset,split,budget,coverage,stride,n,top1,top5,mean_confidence,mean_decode_time_s,mean_inference_time_s,mean_total_time_s,mean_processed_frames,mean_model_input_frames,mean_source_frames
autsl,val,16,50,16,4418,0.009732910819375284,0.03915799004074242,0.19373805180821027,0.008453749048773615,0.00023896443162614293,0.16900194457507847,16.0,16.0,59.18605703938434
