dataset,split,budget,coverage,stride,n,top1,top5,mean_confidence,mean_decode_time_s,mean_inference_time_s,mean_total_time_s,mean_processed_frames,mean_model_input_frames,mean_source_frames
ucf101,val,16,100,2,2020,0.8658415841584158,0.9693069306930693,0.7261369558309417,0.022445767083652503,0.002608607371803373,0.5194876411567801,16.0,16.0,181.19752475247526
