dataset,split,budget,coverage,stride,n,top1,top5,mean_confidence,mean_decode_time_s,mean_inference_time_s,mean_total_time_s,mean_processed_frames,mean_model_input_frames,mean_source_frames
ucf101,val,16,100,1,2020,0.8618811881188119,0.9702970297029703,0.7264156872609464,0.022214982317447073,0.002647310198805673,0.5169213239876969,16.0,16.0,181.19752475247526
