dataset,split,budget,coverage,stride,n,top1,top5,mean_confidence,mean_decode_time_s,mean_inference_time_s,mean_total_time_s,mean_processed_frames,mean_model_input_frames,mean_source_frames
ucf101,val,16,100,8,2020,0.8603960396039604,0.9707920792079208,0.7089302210395436,0.021382683560040108,0.0026142436534968565,0.496972082207777,16.0,16.0,181.19752475247526
