dataset,split,budget,coverage,stride,n,top1,top5,mean_confidence,mean_decode_time_s,mean_inference_time_s,mean_total_time_s,mean_processed_frames,mean_model_input_frames,mean_source_frames
ucf101,val,16,25,8,2020,0.6326732673267327,0.8514851485148515,0.43811615239275564,0.010596702060095118,0.0026425445946809457,0.3177544710644761,16.0,16.0,181.19752475247526
