dataset,split,budget,coverage,stride,n,top1,top5,mean_confidence,mean_decode_time_s,mean_inference_time_s,mean_total_time_s,mean_processed_frames,mean_model_input_frames,mean_source_frames
ucf101,val,16,25,16,2020,0.4905940594059406,0.7485148514851485,0.3414951316329955,0.009064517328100704,0.002651375664932893,0.2926857553654129,16.0,16.0,181.19752475247526
