dataset,split,budget,coverage,stride,n,top1,top5,mean_confidence,mean_decode_time_s,mean_inference_time_s,mean_total_time_s,mean_processed_frames,mean_model_input_frames,mean_source_frames
ucf101,val,16,25,4,2020,0.7376237623762376,0.9202970297029703,0.5434303793244728,0.011968886461293344,0.0026222985457988587,0.3407924851870607,16.0,16.0,181.19752475247526
