dataset,split,budget,coverage,stride,n,top1,top5,mean_confidence,mean_decode_time_s,mean_inference_time_s,mean_total_time_s,mean_processed_frames,mean_model_input_frames,mean_source_frames
ucf101,val,16,50,1,2020,0.8376237623762376,0.9702970297029703,0.6832690627000636,0.016658101775706514,0.0025350310966501585,0.4169846397640165,16.0,16.0,181.19752475247526
