dataset,split,budget,coverage,stride,n,top1,top5,mean_confidence,mean_decode_time_s,mean_inference_time_s,mean_total_time_s,mean_processed_frames,mean_model_input_frames,mean_source_frames
ucf101,val,16,75,1,2020,0.8603960396039604,0.9712871287128713,0.7170274265755964,0.01998018413945793,0.0026130285897836237,0.47358984916014507,16.0,16.0,181.19752475247526
