dataset,split,budget,coverage,stride,n,top1,top5,mean_confidence,mean_decode_time_s,mean_inference_time_s,mean_total_time_s,mean_processed_frames,mean_model_input_frames,mean_source_frames
ucf101,val,16,75,16,2020,0.7579207920792079,0.9351485148514852,0.5411814785977401,0.016638896710096426,0.002621038716705977,0.41739511579922906,16.0,16.0,181.19752475247526
