dataset,split,budget,coverage,stride,n,top1,top5,mean_confidence,mean_decode_time_s,mean_inference_time_s,mean_total_time_s,mean_processed_frames,mean_model_input_frames,mean_source_frames
ucf101,val,16,75,4,2020,0.8603960396039604,0.9717821782178218,0.7119367507793526,0.019949236203741172,0.002596399888723609,0.47245948545630134,16.0,16.0,181.19752475247526
