dataset,split,budget,coverage,stride,n,top1,top5,mean_confidence,mean_decode_time_s,mean_inference_time_s,mean_total_time_s,mean_processed_frames,mean_model_input_frames,mean_source_frames,model,checkpoint,resize,top1_pct,top5_pct,mean_inference_ms,mean_total_ms
ucf101,val,2,100,1,2020,0.0415841584158415,0.0871287128712871,0.3544634076185746,0.0411905288540396,0.1012405823974116,0.5107706115054057,2.0,2.0,181.1975247524753,VideoMamba3-middle-complex-d4,videomamba3_middle_complex_ucf101_112r_f2_d4_e3_fast_a100,112,4.16,8.71,101.241,510.771
ucf101,val,4,100,1,2020,0.0415841584158415,0.0871287128712871,0.3544421454614932,0.0132095598270782,0.100571918505501,0.436927380333401,4.0,2.0,181.1975247524753,VideoMamba3-middle-complex-d4,videomamba3_middle_complex_ucf101_112r_f2_d4_e3_fast_a100,112,4.16,8.71,100.572,436.927
ucf101,val,8,100,1,2020,0.0415841584158415,0.0871287128712871,0.3544488707391342,0.017090317586438,0.1001950978254784,0.445243799837743,8.0,2.0,181.1975247524753,VideoMamba3-middle-complex-d4,videomamba3_middle_complex_ucf101_112r_f2_d4_e3_fast_a100,112,4.16,8.71,100.195,445.244
ucf101,val,4,100,1,2020,0.8504950495049505,0.9628712871287128,0.905100517410158,0.012699596620929,0.0039419050890915,0.316979470414821,4.0,8.0,181.1975247524753,VideoMamba,videomamba_ucf101_full_e10_h200,224,85.05,96.29,3.942,316.979
ucf101,val,8,100,1,2020,0.8836633663366337,0.9777227722772276,0.9268910556884096,0.0158127945087507,0.0034202661529303,0.3354581440768394,8.0,8.0,181.1975247524753,VideoMamba,videomamba_ucf101_full_e10_h200,224,88.37,97.77,3.42,335.458
ucf101,val,16,100,1,2020,0.8821782178217822,0.9811881188118812,0.9280067827736976,0.0217076547791383,0.0034299836623699,0.3891956504754777,16.0,8.0,181.1975247524753,VideoMamba,videomamba_ucf101_full_e10_h200,224,88.22,98.12,3.43,389.196
ucf101,val,32,100,1,2020,0.8782178217821782,0.9762376237623762,0.9267720242538074,0.0275299250435384,0.0034195613371692,0.4409424808480469,32.0,8.0,181.1975247524753,VideoMamba,videomamba_ucf101_full_e10_h200,224,87.82,97.62,3.42,440.942
