status,error,variant,model_size,depth,mode,batch_size,num_frames,input_size,seq_len,num_classes,ssm_d_state,ssm_expand,ssm_headdim,ssm_mimo_rank,amp,torch_compile,params,warmup,iters,mean_s,median_s,p95_s,videos_per_second,tokens_per_second,peak_allocated_mb,peak_reserved_mb,device,gpu_name
ok,,complex,middle,4,inference,4,2,112,99,101,16,1,32,2,1,0,8920005,1,3,0.40433619800023735,0.4030069599975832,0.407374472997617,9.892757610580421,979.3830034474616,69.15673828125,76.0,cuda,NVIDIA A100-PCIE-40GB
ok,,complex,middle,4,train,4,2,112,99,101,16,1,32,2,1,0,8920005,1,3,2.4484879936402044,2.4416283069876954,2.479763801966328,1.6336612678476479,161.73246551691713,579.5224609375,654.0,cuda,NVIDIA A100-PCIE-40GB
ok,,trapezoidal,middle,4,inference,4,2,112,99,101,16,1,32,2,1,0,8920005,1,3,0.2617054810010207,0.26180135301547125,0.26209168299101293,15.284356998179947,1513.1513428198148,77.28173828125,98.0,cuda,NVIDIA A100-PCIE-40GB
ok,,trapezoidal,middle,4,train,4,2,112,99,101,16,1,32,2,1,0,8920005,1,3,1.6272415363540251,1.6325239450088702,1.642087230051402,2.4581476754596276,243.35661987050312,568.31884765625,644.0,cuda,NVIDIA A100-PCIE-40GB
