coverage,stride,accuracy,avg_time,correct,total
10,1,0.16491445062873633,0.029561465526867312,7200,43659
25,1,0.16919764538812157,0.029417013280480544,7387,43659
