{
  "anova_coverage": {
    "f_statistic": 51.12727994251372,
    "p_value": 4.3406605438102235e-36,
    "eta_squared": 0.2902859793167833
  },
  "anova_stride": {
    "f_statistic": 20.80580706106572,
    "p_value": 7.049434055524568e-16,
    "eta_squared": 0.1426953252441579
  },
  "aliasing_sensitivity": {
    "mean_drop": 0.1861582638367014,
    "std_drop": 0.16449204148022947,
    "max_drop": 0.562655601659751,
    "min_drop": -0.07134502923976616
  },
  "variance_homogeneity": {
    "levene_statistic": 53.7120122621352,
    "p_value": 1.1767022091242232e-37
  },
  "effect_sizes": {
    "aliasing_cohens_d": 1.6158487708734772,
    "stride_cohens_d": 0.9449764999390909
  }
}