resolution,top1,n,model,dataset,native_res
48,0.2664872139973082,743,vivit,diving48,224
96,0.4804845222072678,743,vivit,diving48,224
112,0.4993270524899058,743,vivit,diving48,224
160,0.5275908479138627,743,vivit,diving48,224
224,0.5302826379542396,743,vivit,diving48,224
336,0.5127860026917901,743,vivit,diving48,224
