dataset,split,budget,coverage,stride,n,top1,top5,mean_confidence,mean_decode_time_s,mean_inference_time_s,mean_total_time_s,mean_processed_frames,mean_model_input_frames,mean_source_frames
autsl,val,16,10,1,4418,0.009506564056133997,0.031462200090538704,0.21579455917396728,0.007934040666737873,0.0021471839708867603,0.27264289983453155,16.0,16.0,59.18605703938434
