dataset,split,budget,coverage,stride,n,top1,top5,mean_confidence,mean_decode_time_s,mean_inference_time_s,mean_total_time_s,mean_processed_frames,mean_model_input_frames,mean_source_frames
hmdb51,val,16,10,16,885,0.3016949152542373,0.5706214689265536,0.33984045562686893,0.006402584273133974,0.00022963340338950946,0.1303743651327493,16.0,16.0,96.54124293785311
