dataset,split,budget,coverage,stride,n,top1,top5,mean_confidence,mean_decode_time_s,mean_inference_time_s,mean_total_time_s,mean_processed_frames,mean_model_input_frames,mean_source_frames
hmdb51,val,16,10,2,885,0.37740112994350283,0.6542372881355932,0.3708715373513389,0.007664565689530287,0.00023269099755591507,0.15174281338570472,16.0,16.0,96.54124293785311
