dataset,split,budget,coverage,stride,n,top1,top5,mean_confidence,mean_decode_time_s,mean_inference_time_s,mean_total_time_s,mean_processed_frames,mean_model_input_frames,mean_source_frames
hmdb51,val,16,100,1,885,0.6497175141242938,0.8587570621468926,0.5777146730635125,0.026926299761770304,0.00022752827683221653,0.48153417066290793,16.0,16.0,96.54124293785311
