dataset,split,budget,coverage,stride,n,top1,top5,mean_confidence,mean_decode_time_s,mean_inference_time_s,mean_total_time_s,mean_processed_frames,mean_model_input_frames,mean_source_frames
hmdb51,val,16,75,8,885,0.5299435028248588,0.7785310734463277,0.48352359649067544,0.021169341689878076,0.00023091702602309107,0.38539057568539103,16.0,16.0,96.54124293785311
