resolution,top1,n,model,dataset,native_res
48,0.1209039548022598,885,slowfast_r50,hmdb51,224
96,0.5954802259887005,885,slowfast_r50,hmdb51,224
112,0.672316384180791,885,slowfast_r50,hmdb51,224
160,0.8045197740112995,885,slowfast_r50,hmdb51,224
224,0.8158192090395481,885,slowfast_r50,hmdb51,224
336,0.7898305084745763,885,slowfast_r50,hmdb51,224
