resolution,top1,n,model,dataset,native_res
48,0.1574697173620457,743,r2plus1d_18,diving48,112
96,0.3378196500672947,743,r2plus1d_18,diving48,112
112,0.3526244952893674,743,r2plus1d_18,diving48,112
160,0.3014804845222072,743,r2plus1d_18,diving48,112
224,0.1870794078061911,743,r2plus1d_18,diving48,112
336,0.0780619111709286,743,r2plus1d_18,diving48,112
