resolution,top1,n,model,dataset,native_res
96,0.33781965006729475,743,r2plus1d_18,diving48,112
112,0.35262449528936746,743,r2plus1d_18,diving48,112
160,0.30148048452220727,743,r2plus1d_18,diving48,112
224,0.18707940780619112,743,r2plus1d_18,diving48,112
336,0.07806191117092867,743,r2plus1d_18,diving48,112
