dataset,split,budget,coverage,stride,n,top1,top5,mean_confidence,mean_decode_time_s,mean_inference_time_s,mean_total_time_s,mean_processed_frames,mean_model_input_frames,mean_source_frames
ucf101,val,16,100,16,2020,0.850990099009901,0.9663366336633663,0.7777278125120124,0.032057482989892215,0.0011400668972891082,0.6049441202300472,16.0,16.0,181.19752475247526
