dataset,split,budget,coverage,stride,n,top1,top5,mean_confidence,mean_decode_time_s,mean_inference_time_s,mean_total_time_s,mean_processed_frames,mean_model_input_frames,mean_source_frames
ucf101,val,16,100,1,2020,0.8985148514851485,0.9836633663366336,0.8508101170882583,0.036023618846135856,0.0011361227833001995,0.6793256504798889,16.0,16.0,181.19752475247526
