dataset,split,budget,coverage,stride,n,top1,top5,mean_confidence,mean_decode_time_s,mean_inference_time_s,mean_total_time_s,mean_processed_frames,mean_model_input_frames,mean_source_frames
ucf101,val,16,10,4,2020,0.6772277227722773,0.8915841584158416,0.5585103993018222,0.009757312573953578,0.001167243367088682,0.23607741592585635,16.0,16.0,181.19752475247526
