dataset,split,budget,coverage,stride,n,top1,top5,mean_confidence,mean_decode_time_s,mean_inference_time_s,mean_total_time_s,mean_processed_frames,mean_model_input_frames,mean_source_frames
ucf101,val,16,10,2,2020,0.7207920792079208,0.9153465346534654,0.623174159693541,0.010320665262810112,0.0011623319011356793,0.24575790447173732,16.0,16.0,181.19752475247526
