dataset,split,budget,coverage,stride,n,top1,top5,mean_confidence,mean_decode_time_s,mean_inference_time_s,mean_total_time_s,mean_processed_frames,mean_model_input_frames,mean_source_frames
ucf101,val,16,25,1,2020,0.8133663366336633,0.9613861386138614,0.7622540030886631,0.015290680959230602,0.001167482769550147,0.33036740440126083,16.0,16.0,181.19752475247526
