dataset,split,budget,coverage,stride,n,top1,top5,mean_confidence,mean_decode_time_s,mean_inference_time_s,mean_total_time_s,mean_processed_frames,mean_model_input_frames,mean_source_frames
ucf101,val,16,25,16,2020,0.6430693069306931,0.8732673267326733,0.5092272386674096,0.012477935792297347,0.001173968486819822,0.2809670223067238,16.0,16.0,181.19752475247526
