dataset,split,budget,coverage,stride,n,top1,top5,mean_confidence,mean_decode_time_s,mean_inference_time_s,mean_total_time_s,mean_processed_frames,mean_model_input_frames,mean_source_frames
ucf101,val,16,25,8,2020,0.7292079207920792,0.9202970297029703,0.6270161150650371,0.014819312510587792,0.0011230881038896445,0.32016569076769863,16.0,16.0,181.19752475247526
