dataset,split,budget,coverage,stride,n,top1,top5,mean_confidence,mean_decode_time_s,mean_inference_time_s,mean_total_time_s,mean_processed_frames,mean_model_input_frames,mean_source_frames
ucf101,val,16,50,1,2020,0.8678217821782178,0.9806930693069307,0.8245274693161102,0.024818649244642273,0.001158937881124381,0.48757614200187865,16.0,16.0,181.19752475247526
