dataset,split,budget,coverage,stride,n,top1,top5,mean_confidence,mean_decode_time_s,mean_inference_time_s,mean_total_time_s,mean_processed_frames,mean_model_input_frames,mean_source_frames
ucf101,val,16,75,16,2020,0.8212871287128712,0.9569306930693069,0.7229386727703679,0.026881798888708806,0.001164903987134521,0.5210233310914119,16.0,16.0,181.19752475247526
