dataset,split,budget,coverage,stride,n,top1,top5,mean_confidence,mean_decode_time_s,mean_inference_time_s,mean_total_time_s,mean_processed_frames,mean_model_input_frames,mean_source_frames
diving48,val,16,100,16,743,0.17227456258411844,0.5141318977119784,0.29039912171471327,0.029171754141973674,0.0009201890908051307,0.5460068544787813,16.0,16.0,111.67833109017496
