dataset,split,budget,coverage,stride,n,top1,top5,mean_confidence,mean_decode_time_s,mean_inference_time_s,mean_total_time_s,mean_processed_frames,mean_model_input_frames,mean_source_frames
diving48,val,16,25,16,743,0.08344549125168237,0.3082099596231494,0.48467302745556606,0.012334082148715973,0.0009069458752604826,0.28176123095478256,16.0,16.0,111.67833109017496
