dataset,split,budget,coverage,stride,n,top1,top5,mean_confidence,mean_decode_time_s,mean_inference_time_s,mean_total_time_s,mean_processed_frames,mean_model_input_frames,mean_source_frames
diving48,val,16,25,1,743,0.13458950201884254,0.40107671601615075,0.45490194910267323,0.017825673084548133,0.0009130603755406865,0.37906724068682146,16.0,16.0,111.67833109017496
