dataset,split,budget,coverage,stride,n,top1,top5,mean_confidence,mean_decode_time_s,mean_inference_time_s,mean_total_time_s,mean_processed_frames,mean_model_input_frames,mean_source_frames
autsl,val,16,10,16,4418,0.005885015844273427,0.024671797193300135,0.1698384004433826,0.010414157932063066,0.0058520724865700246,0.47966159666339697,16.0,16.0,59.18605703938434
