dataset,split,budget,coverage,stride,n,top1,top5,mean_confidence,mean_decode_time_s,mean_inference_time_s,mean_total_time_s,mean_processed_frames,mean_model_input_frames,mean_source_frames
autsl,val,16,10,8,4418,0.005885015844273427,0.024671797193300135,0.17053695578185438,0.010478629829349809,0.0058425328560530185,0.4800916021799284,16.0,16.0,59.18605703938434
