dataset,split,budget,coverage,stride,n,top1,top5,mean_confidence,mean_decode_time_s,mean_inference_time_s,mean_total_time_s,mean_processed_frames,mean_model_input_frames,mean_source_frames
autsl,val,16,25,16,4418,0.0061113626075147125,0.028972385694884563,0.18521953298111188,0.011139449426202772,0.005838238632693489,0.49044214617765575,16.0,16.0,59.18605703938434
