dataset,split,budget,coverage,stride,n,top1,top5,mean_confidence,mean_decode_time_s,mean_inference_time_s,mean_total_time_s,mean_processed_frames,mean_model_input_frames,mean_source_frames
autsl,val,16,10,16,4418,0.005885015844273427,0.024671797193300135,0.16983995454734965,0.007510499655030459,0.004159773150800431,0.39142230587899507,16.0,16.0,59.18605703938434
