dataset,split,budget,coverage,stride,n,top1,top5,mean_confidence,mean_decode_time_s,mean_inference_time_s,mean_total_time_s,mean_processed_frames,mean_model_input_frames,mean_source_frames
autsl,val,16,10,8,4418,0.005885015844273427,0.024671797193300135,0.17053898947352217,0.007588637110692035,0.004134018717478285,0.39125536700646146,16.0,16.0,59.18605703938434
