resolution,top1,n,model,dataset,native_res
96,0.48721399730820997,743,videomae,diving48,224
112,0.4831763122476447,743,videomae,diving48,224
160,0.5087483176312247,743,videomae,diving48,224
224,0.4858681022880215,743,videomae,diving48,224
336,0.49125168236877526,743,videomae,diving48,224
