resolution,top1,n,model,dataset,native_res
48,0.3620457604306864,743,videomae,diving48,224
96,0.4872139973082099,743,videomae,diving48,224
112,0.4831763122476447,743,videomae,diving48,224
160,0.5087483176312247,743,videomae,diving48,224
224,0.4858681022880215,743,videomae,diving48,224
336,0.4912516823687752,743,videomae,diving48,224
