dataset,split,budget,coverage,stride,n,top1,top5,mean_confidence,mean_decode_time_s,mean_inference_time_s,mean_total_time_s,mean_processed_frames,mean_model_input_frames,mean_source_frames
ucf101,val,16,10,8,2020,0.655940594059406,0.8742574257425743,0.45979372554338804,0.006020183024333218,0.0009406243030230819,0.16928341474284944,16.0,16.0,181.19752475247526
