dataset,split,budget,coverage,stride,n,top1,top5,mean_confidence,mean_decode_time_s,mean_inference_time_s,mean_total_time_s,mean_processed_frames,mean_model_input_frames,mean_source_frames
ucf101,val,16,100,4,2020,0.8346534653465346,0.9702970297029703,0.7094164358230658,0.019952185796274075,0.0009393691907102002,0.40595895284429506,16.0,16.0,181.19752475247526
