dataset,split,budget,coverage,stride,n,top1,top5,mean_confidence,mean_decode_time_s,mean_inference_time_s,mean_total_time_s,mean_processed_frames,mean_model_input_frames,mean_source_frames
ucf101,val,16,10,2,2020,0.7237623762376237,0.9064356435643565,0.5365615004885683,0.007043467354522741,0.0009379675020555975,0.18617714703657046,16.0,16.0,181.19752475247526
