dataset,split,budget,coverage,stride,n,top1,top5,mean_confidence,mean_decode_time_s,mean_inference_time_s,mean_total_time_s,mean_processed_frames,mean_model_input_frames,mean_source_frames
ucf101,val,16,25,1,2020,0.7970297029702971,0.942079207920792,0.6500897572753895,0.009724423245844976,0.0009387954260397813,0.23072096696515373,16.0,16.0,181.19752475247526
