dataset,split,budget,coverage,stride,n,top1,top5,mean_confidence,mean_decode_time_s,mean_inference_time_s,mean_total_time_s,mean_processed_frames,mean_model_input_frames,mean_source_frames
ucf101,val,16,25,16,2020,0.6846534653465347,0.8866336633663366,0.4784953541684859,0.007624663661077323,0.0009356617343169407,0.1952951590303507,16.0,16.0,181.19752475247526
