dataset,split,budget,coverage,stride,n,top1,top5,mean_confidence,mean_decode_time_s,mean_inference_time_s,mean_total_time_s,mean_processed_frames,mean_model_input_frames,mean_source_frames
ucf101,val,16,50,4,2020,0.8178217821782178,0.9584158415841584,0.6761337335608752,0.014092615499543855,0.0009388615512104687,0.30309826517627475,16.0,16.0,181.19752475247526
