dataset,split,budget,coverage,stride,n,top1,top5,mean_confidence,mean_decode_time_s,mean_inference_time_s,mean_total_time_s,mean_processed_frames,mean_model_input_frames,mean_source_frames
ucf101,val,16,50,16,2020,0.7445544554455445,0.9301980198019802,0.5375143514365179,0.01120240192798123,0.0009341396499738687,0.25504234286179617,16.0,16.0,181.19752475247526
