dataset,split,budget,coverage,stride,n,top1,top5,mean_confidence,mean_decode_time_s,mean_inference_time_s,mean_total_time_s,mean_processed_frames,mean_model_input_frames,mean_source_frames
ucf101,val,16,50,2,2020,0.8173267326732673,0.9589108910891089,0.6905503919541762,0.014512301502647892,0.0009331796239913985,0.31007190515981103,16.0,16.0,181.19752475247526
