dataset,split,budget,coverage,stride,n,top1,top5,mean_confidence,mean_decode_time_s,mean_inference_time_s,mean_total_time_s,mean_processed_frames,mean_model_input_frames,mean_source_frames
ucf101,val,16,50,8,2020,0.7950495049504951,0.9475247524752475,0.6206042425347363,0.013272702887234748,0.0009297594120311044,0.28908375358107585,16.0,16.0,181.19752475247526
