dataset,split,budget,coverage,stride,n,top1,top5,mean_confidence,mean_decode_time_s,mean_inference_time_s,mean_total_time_s,mean_processed_frames,mean_model_input_frames,mean_source_frames
ucf101,val,16,75,2,2020,0.8272277227722772,0.9693069306930693,0.7074262178401546,0.017803439559267446,0.0009379245325839977,0.36569924362886713,16.0,16.0,181.19752475247526
