dataset,n_classes,pearson_r_abs,pearson_p_abs,pearson_r_rel,pearson_p_rel,significant,flow_high_tier,flow_mod_tier,flow_low_tier
ssv2,174,0.1841774052094744,0.014982377479578,0.1841774052094744,0.014982377479578,True,1.973950546543146,1.9255662808478888,1.8208529197725287
hmdb51,51,0.1799019277003246,0.2065021364829141,0.1799019277003246,0.2065021364829141,False,2.058740040659905,1.60749899350545,1.6884798877379472
diving48,47,0.1404287135112489,0.3464572957550498,0.1404287135112489,0.3464572957550498,False,3.433481801052888,3.462391668955485,3.270919811849793
ucf101,101,0.0305343687048207,0.7618002111031559,0.0305343687048207,0.7618002111031559,False,2.281973358328853,1.915576941711562,2.061959206553236
autsl,226,0.2848925841729406,1.3638479177567988e-05,0.2848925841729406,1.3638479177567988e-05,True,0.2905602888266245,0.2405731561509045,0.2351604380921737
driveact,33,0.3273078194874344,0.0629807456306226,0.3273078194874344,0.0629807456306226,False,0.4901759958402676,0.2589565688574856,0.311349850571291
epic_kitchens,89,-0.0015978688542509,0.988142935949182,-0.0015978688542509,0.988142935949182,False,2.217039282619953,2.249974413950824,2.2974033094716795
finegym,97,-0.47534947593319893,8.650974274835575e-07,-0.47534947593319893,8.650974274835575e-07,True,1.0477284784043075,1.460404895998848,1.9168087015200095
