dataset,n_classes,pearson_r_abs,pearson_p_abs,pearson_r_rel,pearson_p_rel,significant,flow_high_tier,flow_mod_tier,flow_low_tier
ssv2,174,0.18417740520947448,0.014982377479578023,0.18417740520947448,0.014982377479578023,True,1.973950546543146,1.9255662808478888,1.8208529197725287
hmdb51,51,0.1799019277003246,0.2065021364829141,0.1799019277003246,0.2065021364829141,False,2.0587400406599046,1.60749899350545,1.6884798877379472
diving48,47,0.14042871351124894,0.34645729575504985,0.14042871351124894,0.34645729575504985,False,3.433481801052888,3.462391668955485,3.270919811849793
ucf101,101,0.03053436870482072,0.7618002111031559,0.03053436870482072,0.7618002111031559,False,2.281973358328853,1.915576941711562,2.061959206553236
autsl,226,0.2848925841729406,1.3638479177567987e-05,0.2848925841729406,1.3638479177567987e-05,True,0.29056028882662455,0.24057315615090455,0.23516043809217377
driveact,33,0.3273078194874344,0.06298074563062266,0.3273078194874344,0.06298074563062266,False,0.49017599584026766,0.2589565688574856,0.311349850571291
epic_kitchens,89,-0.0015978688542509353,0.9881429359491819,-0.0015978688542509353,0.9881429359491819,False,2.217039282619953,2.249974413950824,2.2974033094716795
