dataset,split,budget,coverage,stride,n,top1,top5,mean_confidence,mean_decode_time_s,mean_inference_time_s,mean_total_time_s,mean_processed_frames,mean_model_input_frames,mean_source_frames
diving48,val,16,100,16,743,0.15746971736204576,0.46433378196500674,0.4565490779553416,0.038817502609309947,0.0011891989961196323,0.7184466571784622,16.0,16.0,111.67833109017496
