resolution,top1,n,model,dataset,native_res
56,0.13923664122137405,3275,mc3_18,ssv2,112
112,0.33587786259541985,3275,mc3_18,ssv2,112
160,0.2784732824427481,3275,mc3_18,ssv2,112
224,0.1483969465648855,3275,mc3_18,ssv2,112
