resolution,top1,n,model,dataset,native_res
48,0.0980152671755725,3275,mc3_18,ssv2,112
56,0.139236641221374,3275,mc3_18,ssv2,112
96,0.323969465648855,3275,mc3_18,ssv2,112
112,0.3358778625954198,3275,mc3_18,ssv2,112
160,0.2784732824427481,3275,mc3_18,ssv2,112
224,0.1483969465648855,3275,mc3_18,ssv2,112
336,0.0442748091603053,3275,mc3_18,ssv2,112
