resolution,top1,n,model,dataset,native_res
96,0.323969465648855,3275,mc3_18,ssv2,112
112,0.3358778625954198,3275,mc3_18,ssv2,112
160,0.2784732824427481,3275,mc3_18,ssv2,112
224,0.1483969465648855,3275,mc3_18,ssv2,112
336,0.044274809160305344,3275,mc3_18,ssv2,112
