dataset,split,budget,coverage,stride,n,top1,top5,mean_confidence,mean_decode_time_s,mean_inference_time_s,mean_total_time_s,mean_processed_frames,mean_model_input_frames,mean_source_frames
hmdb51,val,32,10,2,885,0.22259887005649717,0.48361581920903957,0.14093215892165056,0.009187151080965576,0.002015152420469765,0.24140219507070712,32.0,32.0,96.54124293785311
