dataset,split,budget,coverage,stride,n,top1,top5,mean_confidence,mean_decode_time_s,mean_inference_time_s,mean_total_time_s,mean_processed_frames,mean_model_input_frames,mean_source_frames
hmdb51,val,32,10,4,885,0.20112994350282487,0.45649717514124294,0.12621692507238375,0.008944912872271938,0.0020352343562990427,0.23759748038867393,32.0,32.0,96.54124293785311
