resolution,top1,n,model,dataset,native_res
48,0.2180152671755725,3275,videomamba,ssv2,224
96,0.3746564885496183,3275,videomamba,ssv2,224
112,0.3929770992366412,3275,videomamba,ssv2,224
160,0.4250381679389313,3275,videomamba,ssv2,224
224,0.4387786259541985,3275,videomamba,ssv2,224
336,0.4384732824427481,3275,videomamba,ssv2,224
