dataset,split,budget,coverage,stride,n,top1,top5,mean_confidence,mean_decode_time_s,mean_inference_time_s,mean_total_time_s,mean_processed_frames,mean_model_input_frames,mean_source_frames
autsl,val,32,100,16,4418,0.021050248981439566,0.06677229515617927,0.3818470340343542,0.021991685506779803,0.0031778732567246466,0.5325815235342596,32.0,32.0,59.18605703938434
