dataset,split,budget,coverage,stride,n,top1,top5,mean_confidence,mean_decode_time_s,mean_inference_time_s,mean_total_time_s,mean_processed_frames,mean_model_input_frames,mean_source_frames
autsl,val,32,25,16,4418,0.009053870529651425,0.040289723856948845,0.34001455299687794,0.013772614738824256,0.003207912522816298,0.4050582948353921,32.0,32.0,59.18605703938434
