dataset,split,budget,coverage,stride,n,top1,top5,mean_confidence,mean_decode_time_s,mean_inference_time_s,mean_total_time_s,mean_processed_frames,mean_model_input_frames,mean_source_frames
autsl,val,32,10,2,4418,0.007922136713444997,0.027840651878678135,0.13998792417458736,0.013937117090028608,0.0026021791634585367,0.3792282411837438,32.0,32.0,59.18605703938434
