dataset,split,budget,coverage,stride,n,top1,top5,mean_confidence,mean_decode_time_s,mean_inference_time_s,mean_total_time_s,mean_processed_frames,mean_model_input_frames,mean_source_frames
autsl,val,32,25,1,4418,0.020597555454956996,0.08103214124038026,0.44193380977283875,0.017323176194968495,0.0026593261652443963,0.43659602394279035,32.0,32.0,59.18605703938434
