dataset,split,budget,coverage,stride,n,top1,top5,mean_confidence,mean_decode_time_s,mean_inference_time_s,mean_total_time_s,mean_processed_frames,mean_model_input_frames,mean_source_frames
hmdb51,val,16,50,16,885,0.3977401129943503,0.6847457627118644,0.40878424066944985,0.018546015057070864,0.0011509661297024476,0.39308496233533624,16.0,16.0,96.54124293785311
