dataset,split,budget,coverage,stride,n,top1,top5,mean_confidence,mean_decode_time_s,mean_inference_time_s,mean_total_time_s,mean_processed_frames,mean_model_input_frames,mean_source_frames
ucf101,val,16,100,1,2020,0.8801980198019802,0.9782178217821782,0.8847117758107067,0.022604076187979282,0.003016210066518829,0.5986368518531332,16.0,16.0,181.19752475247526
