dataset,split,budget,coverage,stride,n,top1,top5,mean_confidence,mean_decode_time_s,mean_inference_time_s,mean_total_time_s,mean_processed_frames,mean_model_input_frames,mean_source_frames
ucf101,val,16,100,1,2020,0.8935643564356436,0.9797029702970297,0.8457250836388309,0.023484910588646952,0.006275162771505553,0.8415117906731563,16.0,16.0,181.19752475247526
