dataset,split,budget,coverage,stride,n,top1,top5,mean_confidence,mean_decode_time_s,mean_inference_time_s,mean_total_time_s,mean_processed_frames,mean_model_input_frames,mean_source_frames
ucf101,val,16,100,1,2020,0.6485148514851485,0.8732673267326733,0.5004902684065228,0.026181224241188846,0.006419172137514642,0.8959356828487829,16.0,16.0,181.19752475247526
