dataset,split,budget,coverage,stride,n,top1,top5,mean_confidence,mean_decode_time_s,mean_inference_time_s,mean_total_time_s,mean_processed_frames,mean_model_input_frames,mean_source_frames
ucf101,val,16,100,1,2020,0.2495049504950495,0.4900990099009901,0.29796209661197837,0.02720076874322673,0.015391346680733496,1.5125380128502182,16.0,16.0,181.19752475247526
