dataset,split,budget,coverage,stride,n,top1,top5,mean_confidence,mean_decode_time_s,mean_inference_time_s,mean_total_time_s,mean_processed_frames,mean_model_input_frames,mean_source_frames
ucf101,val,16,100,1,2020,0.7643564356435644,0.9405940594059405,0.6399668672297261,0.024489291969428558,0.013412215526326383,1.4088276188857485,16.0,16.0,181.19752475247526
