dataset,split,budget,coverage,stride,n,top1,top5,mean_confidence,mean_decode_time_s,mean_inference_time_s,mean_total_time_s,mean_processed_frames,mean_model_input_frames,mean_source_frames
ucf101,val,16,100,1,2020,0.5742574257425742,0.806930693069307,0.7202393915817732,0.021570062373723317,0.0006888788301811212,0.4060331769072045,16.0,16.0,181.19752475247526
