resolution,top1,n,model,dataset,native_res
96,0.695049504950495,2020,r2plus1d_18,ucf101,112
112,0.7693069306930693,2020,r2plus1d_18,ucf101,112
160,0.8801980198019802,2020,r2plus1d_18,ucf101,112
224,0.8935643564356436,2020,r2plus1d_18,ucf101,112
336,0.7643564356435644,2020,r2plus1d_18,ucf101,112
