resolution,top1,n,model,dataset,native_res
48,0.5742574257425742,2020,r2plus1d_18,ucf101,112
96,0.8801980198019802,2020,r2plus1d_18,ucf101,112
112,0.8856435643564357,2020,r2plus1d_18,ucf101,112
160,0.850990099009901,2020,r2plus1d_18,ucf101,112
224,0.6485148514851485,2020,r2plus1d_18,ucf101,112
336,0.2495049504950495,2020,r2plus1d_18,ucf101,112
