dataset,split,budget,coverage,stride,n,top1,top5,mean_confidence,mean_decode_time_s,mean_inference_time_s,mean_total_time_s,mean_processed_frames,mean_model_input_frames,mean_source_frames
diving48,val,16,10,16,743,0.039030955585464336,0.19784656796769853,0.26445799243221535,0.009369157665204833,0.0002488929854798686,0.19017236834595014,16.0,16.0,111.67833109017496
