dataset,split,budget,coverage,stride,n,top1,top5,mean_confidence,mean_decode_time_s,mean_inference_time_s,mean_total_time_s,mean_processed_frames,mean_model_input_frames,mean_source_frames
diving48,val,16,25,2,743,0.04306864064602961,0.19784656796769853,0.25986591579635726,0.017118486179061445,0.0002441719903900197,0.32237725374527015,16.0,16.0,111.67833109017496
