dataset,split,budget,coverage,stride,n,top1,top5,mean_confidence,mean_decode_time_s,mean_inference_time_s,mean_total_time_s,mean_processed_frames,mean_model_input_frames,mean_source_frames
diving48,val,16,25,8,743,0.040376850605652756,0.2126514131897712,0.23861242265191085,0.012914670667953258,0.00024907562529485205,0.25080599065232034,16.0,16.0,111.67833109017496
