dataset,split,budget,coverage,stride,n,top1,top5,mean_confidence,mean_decode_time_s,mean_inference_time_s,mean_total_time_s,mean_processed_frames,mean_model_input_frames,mean_source_frames
diving48,val,16,50,8,743,0.04845222072678331,0.22072678331090176,0.23938048548725702,0.017517106703759583,0.00024554110100821243,0.33018041321848585,16.0,16.0,111.67833109017496
