dataset,split,budget,coverage,stride,n,top1,top5,mean_confidence,mean_decode_time_s,mean_inference_time_s,mean_total_time_s,mean_processed_frames,mean_model_input_frames,mean_source_frames
diving48,val,16,50,16,743,0.05114401076716016,0.20592193808882908,0.2195267913660002,0.016440785614069184,0.00024861724349052155,0.3127952116117894,16.0,16.0,111.67833109017496
