dataset,split,budget,coverage,stride,n,top1,top5,mean_confidence,mean_decode_time_s,mean_inference_time_s,mean_total_time_s,mean_processed_frames,mean_model_input_frames,mean_source_frames
diving48,val,16,75,16,743,0.052489905787348586,0.2072678331090175,0.22119308455595257,0.022246410199697975,0.00025248791662722944,0.4073844345861201,16.0,16.0,111.67833109017496
