resolution,top1,n,model,dataset,native_res
48,0.0431372549019607,1020,videomamba,epic_kitchens,224
96,0.1107843137254901,1020,videomamba,epic_kitchens,224
112,0.1264705882352941,1020,videomamba,epic_kitchens,224
160,0.2078431372549019,1020,videomamba,epic_kitchens,224
224,0.2833333333333333,1020,videomamba,epic_kitchens,224
336,0.2450980392156862,1020,videomamba,epic_kitchens,224
