dataset,split,budget,coverage,stride,n,top1,top5,mean_confidence,mean_decode_time_s,mean_inference_time_s,mean_total_time_s,mean_processed_frames,mean_model_input_frames,mean_source_frames
hmdb51,val,16,25,16,885,0.3706214689265537,0.6610169491525424,0.4397087100535463,0.014549458509384744,0.00043653951784185436,0.29979852884192293,16.0,16.0,96.54124293785311
