dataset,split,budget,coverage,stride,n,top1,top5,mean_confidence,mean_decode_time_s,mean_inference_time_s,mean_total_time_s,mean_processed_frames,mean_model_input_frames,mean_source_frames
ucf101,val,16,100,1,2020,0.5881188118811881,0.8400990099009901,0.5814680816393604,0.021947037673089653,0.0011525918035721868,0.44716064900224384,16.0,16.0,181.19752475247526
