dataset,split,budget,coverage,stride,n,top1,top5,mean_confidence,mean_decode_time_s,mean_inference_time_s,mean_total_time_s,mean_processed_frames,mean_model_input_frames,mean_source_frames
ucf101,val,16,10,4,2020,0.38514851485148516,0.6554455445544555,0.42537461533441695,0.007463249879299045,0.001141832875650339,0.20081094649624964,16.0,16.0,181.19752475247526
