dataset,split,budget,coverage,stride,n,top1,top5,mean_confidence,mean_decode_time_s,mean_inference_time_s,mean_total_time_s,mean_processed_frames,mean_model_input_frames,mean_source_frames
ucf101,val,16,100,4,2020,0.5900990099009901,0.8386138613861386,0.5800042070217873,0.02177283477273281,0.0011381880425165713,0.4413981804593079,16.0,16.0,181.19752475247526
