dataset,split,budget,coverage,stride,n,top1,top5,mean_confidence,mean_decode_time_s,mean_inference_time_s,mean_total_time_s,mean_processed_frames,mean_model_input_frames,mean_source_frames
ucf101,val,16,10,2,2020,0.4094059405940594,0.6831683168316832,0.4492958531244704,0.008470945727854671,0.0011349585699148034,0.21806089557836403,16.0,16.0,181.19752475247526
