dataset,split,budget,coverage,stride,n,top1,top5,mean_confidence,mean_decode_time_s,mean_inference_time_s,mean_total_time_s,mean_processed_frames,mean_model_input_frames,mean_source_frames
ucf101,val,16,100,2,2020,0.5910891089108911,0.8391089108910891,0.5813879039710258,0.022129544671878477,0.0011512407273432184,0.45025884507115616,16.0,16.0,181.19752475247526
