dataset,split,budget,coverage,stride,n,top1,top5,mean_confidence,mean_decode_time_s,mean_inference_time_s,mean_total_time_s,mean_processed_frames,mean_model_input_frames,mean_source_frames
ucf101,val,16,10,8,2020,0.3485148514851485,0.6138613861386139,0.4114832043813744,0.006699940053017644,0.0011439934379817679,0.18721567898433158,16.0,16.0,181.19752475247526
