dataset,split,budget,coverage,stride,n,top1,top5,mean_confidence,mean_decode_time_s,mean_inference_time_s,mean_total_time_s,mean_processed_frames,mean_model_input_frames,mean_source_frames
ucf101,val,16,25,16,2020,0.36584158415841583,0.6400990099009901,0.411804050678332,0.008398241909465172,0.001143423960046234,0.2155229838561534,16.0,16.0,181.19752475247526
