dataset,split,budget,coverage,stride,n,top1,top5,mean_confidence,mean_decode_time_s,mean_inference_time_s,mean_total_time_s,mean_processed_frames,mean_model_input_frames,mean_source_frames
ucf101,val,16,25,1,2020,0.49455445544554455,0.7693069306930693,0.5225811809006304,0.011914925038293557,0.001148372347752499,0.27688239797474906,16.0,16.0,181.19752475247526
