dataset,split,budget,coverage,stride,n,top1,top5,mean_confidence,mean_decode_time_s,mean_inference_time_s,mean_total_time_s,mean_processed_frames,mean_model_input_frames,mean_source_frames
ucf101,val,16,25,8,2020,0.4183168316831683,0.6955445544554455,0.4400712118142902,0.009956882539260579,0.0011465924449661506,0.24188211537945997,16.0,16.0,181.19752475247526
