dataset,split,budget,coverage,stride,n,top1,top5,mean_confidence,mean_decode_time_s,mean_inference_time_s,mean_total_time_s,mean_processed_frames,mean_model_input_frames,mean_source_frames
ucf101,val,16,75,1,2020,0.5762376237623762,0.8282178217821782,0.5774559410261267,0.019537474489471147,0.0011455438337242693,0.4018273775442734,16.0,16.0,181.19752475247526
