resolution,top1,n,model,dataset,native_res
96,0.7365323675871435,4418,r2plus1d_18,autsl,112
112,0.7593933906745134,4418,r2plus1d_18,autsl,112
160,0.6887732005432322,4418,r2plus1d_18,autsl,112
224,0.3836577636939792,4418,r2plus1d_18,autsl,112
336,0.0726573110004527,4418,r2plus1d_18,autsl,112
