resolution,top1,n,model,dataset,native_res
96,0.3488003621548212,4418,r2plus1d_18,autsl,112
112,0.5624717066545949,4418,r2plus1d_18,autsl,112
160,0.8123585332729742,4418,r2plus1d_18,autsl,112
224,0.8440470801267542,4418,r2plus1d_18,autsl,112
336,0.715482118605704,4418,r2plus1d_18,autsl,112
