dataset,split,budget,coverage,stride,n,top1,top5,mean_confidence,mean_decode_time_s,mean_inference_time_s,mean_total_time_s,mean_processed_frames,mean_model_input_frames,mean_source_frames
ucf101,val,16,100,8,2020,0.8554455445544554,0.9663366336633663,0.7259456400824065,0.02072604618653065,0.0012024336070338688,0.42027170194271435,16.0,16.0,181.19752475247526
