dataset,split,budget,coverage,stride,n,top1,top5,mean_confidence,mean_decode_time_s,mean_inference_time_s,mean_total_time_s,mean_processed_frames,mean_model_input_frames,mean_source_frames
ucf101,val,16,10,8,2020,0.5544554455445545,0.8222772277227722,0.39409219987672006,0.006680894037017064,0.001209944931186256,0.18659035778894908,16.0,16.0,181.19752475247526
