dataset,split,budget,coverage,stride,n,top1,top5,mean_confidence,mean_decode_time_s,mean_inference_time_s,mean_total_time_s,mean_processed_frames,mean_model_input_frames,mean_source_frames
ucf101,val,16,100,16,2020,0.8044554455445545,0.9495049504950495,0.6444991628335106,0.019123869629041983,0.0011759283787589336,0.39166077287143813,16.0,16.0,181.19752475247526
