dataset,split,budget,coverage,stride,n,top1,top5,mean_confidence,mean_decode_time_s,mean_inference_time_s,mean_total_time_s,mean_processed_frames,mean_model_input_frames,mean_source_frames
ucf101,val,16,100,4,2020,0.8638613861386139,0.9707920792079208,0.7431870930062809,0.02145665020077941,0.0011484296574017568,0.4329949954759772,16.0,16.0,181.19752475247526
