dataset,split,budget,coverage,stride,n,top1,top5,mean_confidence,mean_decode_time_s,mean_inference_time_s,mean_total_time_s,mean_processed_frames,mean_model_input_frames,mean_source_frames
ucf101,val,16,100,2,2020,0.8648514851485148,0.9717821782178218,0.7423627111802596,0.021838795801735308,0.0012064339022502524,0.44360270582976297,16.0,16.0,181.19752475247526
