dataset,split,budget,coverage,stride,n,top1,top5,mean_confidence,mean_decode_time_s,mean_inference_time_s,mean_total_time_s,mean_processed_frames,mean_model_input_frames,mean_source_frames
ucf101,val,16,10,16,2020,0.4782178217821782,0.7589108910891089,0.3548913918048291,0.005937030947638104,0.0011755906594087286,0.17312442167929493,16.0,16.0,181.19752475247526
