dataset,split,budget,coverage,stride,n,top1,top5,mean_confidence,mean_decode_time_s,mean_inference_time_s,mean_total_time_s,mean_processed_frames,mean_model_input_frames,mean_source_frames
ucf101,val,16,10,4,2020,0.6316831683168317,0.8638613861386139,0.4474499302999218,0.00747716569521529,0.0012229721325836928,0.20052174535985703,16.0,16.0,181.19752475247526
