dataset,split,budget,coverage,stride,n,top1,top5,mean_confidence,mean_decode_time_s,mean_inference_time_s,mean_total_time_s,mean_processed_frames,mean_model_input_frames,mean_source_frames
ucf101,val,16,25,4,2020,0.7569306930693069,0.9267326732673268,0.5829554243972248,0.011350332752866024,0.0011890166436810748,0.26393662372806875,16.0,16.0,181.19752475247526
