dataset,split,budget,coverage,stride,n,top1,top5,mean_confidence,mean_decode_time_s,mean_inference_time_s,mean_total_time_s,mean_processed_frames,mean_model_input_frames,mean_source_frames
ucf101,val,16,25,16,2020,0.6034653465346534,0.8381188118811881,0.4139078192375969,0.00844136784694591,0.0011838687412062715,0.21503964836517866,16.0,16.0,181.19752475247526
