dataset,split,budget,coverage,stride,n,top1,top5,mean_confidence,mean_decode_time_s,mean_inference_time_s,mean_total_time_s,mean_processed_frames,mean_model_input_frames,mean_source_frames
ucf101,val,16,25,8,2020,0.7044554455445544,0.8891089108910891,0.49606595660126446,0.009948536843098332,0.0011844958450718977,0.23984783834784687,16.0,16.0,181.19752475247526
