dataset,split,budget,coverage,stride,n,top1,top5,mean_confidence,mean_decode_time_s,mean_inference_time_s,mean_total_time_s,mean_processed_frames,mean_model_input_frames,mean_source_frames
ucf101,val,16,25,2,2020,0.7821782178217822,0.9371287128712872,0.6268035059628805,0.012376187530134131,0.0011896172131522383,0.2824093163594382,16.0,16.0,181.19752475247526
