dataset,split,budget,coverage,stride,n,top1,top5,mean_confidence,mean_decode_time_s,mean_inference_time_s,mean_total_time_s,mean_processed_frames,mean_model_input_frames,mean_source_frames
ucf101,val,16,50,4,2020,0.8410891089108911,0.9623762376237623,0.6884118599890925,0.015862158303481002,0.0012079730136596626,0.3391752153187806,16.0,16.0,181.19752475247526
