dataset,split,budget,coverage,stride,n,top1,top5,mean_confidence,mean_decode_time_s,mean_inference_time_s,mean_total_time_s,mean_processed_frames,mean_model_input_frames,mean_source_frames
ucf101,val,16,75,8,2020,0.8445544554455445,0.9653465346534653,0.6931009790371403,0.018176428646789772,0.0011918143298947207,0.3763963133812476,16.0,16.0,181.19752475247526
