duration_bin,n,acc_dense,acc_sparse,aliasing_loss_pp,model,dataset
1-3s,615,0.2910569105691057,0.04552845528455285,24.552845528455286,mc3_18,ssv2
3-6s,2639,0.34748010610079577,0.07540735126942023,27.207275483137554,mc3_18,ssv2
