duration_bin,n,acc_dense,acc_sparse,aliasing_loss_pp,model,dataset
<1s,48,0.7083333333333334,0.6666666666666666,4.166666666666674,mc3_18,driveact
1-3s,277,0.6714801444043321,0.5126353790613718,15.884476534296033,mc3_18,driveact
3-6s,123,0.7235772357723578,0.5934959349593496,13.008130081300816,mc3_18,driveact
