duration_bin,n,acc_dense,acc_sparse,aliasing_loss_pp,model,dataset
1-3s,165,0.3090909090909091,0.14545454545454545,16.363636363636363,mc3_18,diving48
3-6s,447,0.31767337807606266,0.19239373601789708,12.527964205816557,mc3_18,diving48
>6s,130,0.3230769230769231,0.25384615384615383,6.923076923076926,mc3_18,diving48
