duration_bin,n,acc_dense,acc_sparse,aliasing_loss_pp,model,dataset
<1s,420,0.830952380952381,0.09523809523809523,73.57142857142858,mc3_18,finegym
1-3s,1011,0.7398615232443125,0.08803165182987141,65.18298714144412,mc3_18,finegym
3-6s,81,0.8395061728395061,0.32098765432098764,51.85185185185185,mc3_18,finegym
>6s,88,0.32954545454545453,0.2840909090909091,4.545454545454541,mc3_18,finegym
