duration_bin,n,acc_dense,acc_sparse,aliasing_loss_pp,model,dataset
<1s,331,0.31419939577039274,0.17220543806646527,14.199395770392748,mc3_18,epic_kitchens
1-3s,411,0.3260340632603406,0.24087591240875914,8.515815085158149,mc3_18,epic_kitchens
3-6s,162,0.4012345679012346,0.3888888888888889,1.2345679012345678,mc3_18,epic_kitchens
>6s,116,0.5689655172413793,0.5344827586206896,3.4482758620689724,mc3_18,epic_kitchens
