duration_bin,n,acc_dense,acc_sparse,aliasing_loss_pp,model,dataset
1-3s,4120,0.6296116504854369,0.07233009708737864,55.72815533980582,mc3_18,autsl
3-6s,295,0.752542372881356,0.21694915254237288,53.559322033898304,mc3_18,autsl
