duration_bin,n,acc_dense,acc_sparse,aliasing_loss_pp,model,dataset
1-3s,304,0.7171052631578947,0.5625,15.460526315789469,mc3_18,hmdb51
3-6s,471,0.8110403397027601,0.732484076433121,7.855626326963916,mc3_18,hmdb51
>6s,103,0.8932038834951457,0.8932038834951457,0.0,mc3_18,hmdb51
