duration_bin,n,acc_dense,acc_sparse,aliasing_loss_pp,model,dataset
1-3s,142,0.8450704225352113,0.7816901408450704,6.338028169014088,mc3_18,ucf101
3-6s,788,0.8210659898477157,0.766497461928934,5.456852791878175,mc3_18,ucf101
>6s,1090,0.8788990825688073,0.8733944954128441,0.5504587155963248,mc3_18,ucf101
