duration_bin,n,acc_dense,acc_sparse,aliasing_loss_pp,model,dataset
1-3s,304,0.6677631578947368,0.35526315789473684,31.25,r2plus1d_18,hmdb51
3-6s,471,0.7558386411889597,0.6305732484076433,12.526539278131644,r2plus1d_18,hmdb51
>6s,103,0.8058252427184466,0.8155339805825242,-0.9708737864077666,r2plus1d_18,hmdb51
