duration_bin,n,acc_dense,acc_sparse,aliasing_loss_pp,model,dataset
1-3s,4120,0.7514563106796116,0.08325242718446602,66.82038834951456,r2plus1d_18,autsl
3-6s,295,0.8745762711864407,0.1423728813559322,73.22033898305085,r2plus1d_18,autsl
