duration_bin,n,acc_dense,acc_sparse,aliasing_loss_pp,model,dataset
1-3s,165,0.3515151515151515,0.12121212121212122,23.030303030303028,r2plus1d_18,diving48
3-6s,447,0.36465324384787473,0.1476510067114094,21.700223713646533,r2plus1d_18,diving48
>6s,130,0.3153846153846154,0.27692307692307694,3.8461538461538436,r2plus1d_18,diving48
