duration_bin,n,acc_dense,acc_sparse,aliasing_loss_pp,model,dataset
1-3s,615,0.37398373983739835,0.08617886178861789,28.780487804878046,r2plus1d_18,ssv2
3-6s,2639,0.43842364532019706,0.12845774914740432,30.996589617279273,r2plus1d_18,ssv2
