duration_bin,n,acc_dense,acc_sparse,aliasing_loss_pp,model,dataset
<1s,420,0.819047619047619,0.08571428571428572,73.33333333333333,r2plus1d_18,finegym
1-3s,1011,0.8100890207715133,0.11869436201780416,69.13946587537092,r2plus1d_18,finegym
3-6s,81,0.8148148148148148,0.18518518518518517,62.962962962962955,r2plus1d_18,finegym
>6s,88,0.29545454545454547,0.29545454545454547,0.0,r2plus1d_18,finegym
