duration_bin,n,acc_dense,acc_sparse,aliasing_loss_pp,model,dataset
1-3s,142,0.8732394366197183,0.7535211267605634,11.971830985915489,r2plus1d_18,ucf101
3-6s,788,0.850253807106599,0.7715736040609137,7.868020304568535,r2plus1d_18,ucf101
>6s,1090,0.9128440366972477,0.8899082568807339,2.2935779816513735,r2plus1d_18,ucf101
