duration_bin,n,acc_dense,acc_sparse,aliasing_loss_pp,model,dataset
<1s,331,0.32326283987915405,0.17522658610271905,14.8036253776435,r2plus1d_18,epic_kitchens
1-3s,411,0.3309002433090024,0.17761557177615572,15.32846715328467,r2plus1d_18,epic_kitchens
3-6s,162,0.35185185185185186,0.3333333333333333,1.8518518518518545,r2plus1d_18,epic_kitchens
>6s,116,0.5344827586206896,0.5,3.4482758620689613,r2plus1d_18,epic_kitchens
