duration_bin,n,acc_dense,acc_sparse,aliasing_loss_pp,model,dataset
<1s,48,0.6666666666666666,0.4791666666666667,18.749999999999993,r2plus1d_18,driveact
1-3s,277,0.6137184115523465,0.35379061371841153,25.992779783393498,r2plus1d_18,driveact
3-6s,123,0.6341463414634146,0.3902439024390244,24.390243902439025,r2plus1d_18,driveact
