duration_bin,n,acc_dense,acc_sparse,aliasing_loss_pp,model,dataset
1-3s,4120,0.7449029126213592,0.06165048543689321,68.3252427184466,r3d_18,autsl
3-6s,295,0.8271186440677966,0.1152542372881356,71.1864406779661,r3d_18,autsl
