duration_bin,n,acc_dense,acc_sparse,aliasing_loss_pp,model,dataset
1-3s,165,0.32727272727272727,0.06666666666666667,26.060606060606062,r3d_18,diving48
3-6s,447,0.27069351230425054,0.1342281879194631,13.646532438478745,r3d_18,diving48
>6s,130,0.3,0.18461538461538463,11.538461538461537,r3d_18,diving48
