duration_bin,n,acc_dense,acc_sparse,aliasing_loss_pp,model,dataset
1-3s,615,0.3121951219512195,0.07642276422764227,23.577235772357724,r3d_18,ssv2
3-6s,2639,0.38537324744221296,0.09397499052671467,29.13982569154983,r3d_18,ssv2
