duration_bin,n,acc_dense,acc_sparse,aliasing_loss_pp,model,dataset
<1s,420,0.7738095238095238,0.08333333333333333,69.04761904761905,r3d_18,finegym
1-3s,1011,0.734915924826904,0.09495548961424333,63.99604352126607,r3d_18,finegym
3-6s,81,0.6790123456790124,0.2716049382716049,40.74074074074075,r3d_18,finegym
>6s,88,0.3181818181818182,0.29545454545454547,2.2727272727272707,r3d_18,finegym
