duration_bin,n,acc_dense,acc_sparse,aliasing_loss_pp,model,dataset
1-3s,142,0.8380281690140845,0.676056338028169,16.19718309859155,r3d_18,ucf101
3-6s,788,0.7906091370558376,0.6865482233502538,10.406091370558379,r3d_18,ucf101
>6s,1090,0.8247706422018348,0.810091743119266,1.4678899082568808,r3d_18,ucf101
