duration_bin,n,acc_dense,acc_sparse,aliasing_loss_pp,model,dataset
<1s,48,0.6875,0.5625,12.5,r3d_18,driveact
1-3s,277,0.6678700361010831,0.41155234657039713,25.631768953068594,r3d_18,driveact
3-6s,123,0.7154471544715447,0.4715447154471545,24.390243902439025,r3d_18,driveact
