duration_bin,n,acc_dense,acc_sparse,aliasing_loss_pp,model,dataset
1-3s,304,0.7335526315789473,0.3717105263157895,36.18421052631579,r3d_18,hmdb51
3-6s,471,0.8280254777070064,0.673036093418259,15.498938428874743,r3d_18,hmdb51
>6s,103,0.912621359223301,0.8932038834951457,1.9417475728155331,r3d_18,hmdb51
