duration_bin,n,acc_dense,acc_sparse,aliasing_loss_pp,model,dataset
<1s,331,0.3806646525679758,0.17522658610271905,20.543806646525677,r3d_18,epic_kitchens
1-3s,411,0.3309002433090024,0.1922141119221411,13.86861313868613,r3d_18,epic_kitchens
3-6s,162,0.37037037037037035,0.345679012345679,2.4691358024691357,r3d_18,epic_kitchens
>6s,116,0.49137931034482757,0.4827586206896552,0.8620689655172376,r3d_18,epic_kitchens
