duration_bin,n,acc_dense,acc_sparse,aliasing_loss_pp,model,dataset
1-3s,4120,0.8182038834951456,0.044902912621359224,77.33009708737863,slowfast_r50,autsl
3-6s,295,0.888135593220339,0.07457627118644068,81.35593220338983,slowfast_r50,autsl
