duration_bin,n,acc_dense,acc_sparse,aliasing_loss_pp,model,dataset
1-3s,615,0.44878048780487806,0.056910569105691054,39.1869918699187,slowfast_r50,ssv2
3-6s,2639,0.5054945054945055,0.06707086017430845,43.8423645320197,slowfast_r50,ssv2
