duration_bin,n,acc_dense,acc_sparse,aliasing_loss_pp,model,dataset
<1s,420,0.7595238095238095,0.07857142857142857,68.0952380952381,slowfast_r50,finegym
1-3s,1011,0.857566765578635,0.058358061325420374,79.92087042532145,slowfast_r50,finegym
3-6s,81,0.8271604938271605,0.07407407407407407,75.30864197530865,slowfast_r50,finegym
>6s,88,0.2840909090909091,0.2727272727272727,1.136363636363641,slowfast_r50,finegym
