duration_bin,n,acc_dense,acc_sparse,aliasing_loss_pp,model,dataset
<1s,331,0.3867069486404834,0.1903323262839879,19.637462235649547,slowfast_r50,epic_kitchens
1-3s,411,0.36496350364963503,0.1386861313868613,22.62773722627737,slowfast_r50,epic_kitchens
3-6s,162,0.4444444444444444,0.22839506172839505,21.604938271604937,slowfast_r50,epic_kitchens
>6s,116,0.4482758620689655,0.4827586206896552,-3.448275862068967,slowfast_r50,epic_kitchens
