duration_bin,n,acc_dense,acc_sparse,aliasing_loss_pp,model,dataset
1-3s,165,0.5454545454545454,0.05454545454545454,49.090909090909086,slowfast_r50,diving48
3-6s,447,0.5167785234899329,0.11409395973154363,40.26845637583893,slowfast_r50,diving48
>6s,130,0.4076923076923077,0.14615384615384616,26.15384615384615,slowfast_r50,diving48
