duration_bin,n,acc_dense,acc_sparse,aliasing_loss_pp,model,dataset
<1s,48,0.7291666666666666,0.4791666666666667,24.999999999999993,slowfast_r50,driveact
1-3s,277,0.6859205776173285,0.33574007220216606,35.018050541516246,slowfast_r50,driveact
3-6s,123,0.8130081300813008,0.4715447154471545,34.14634146341463,slowfast_r50,driveact
