duration_bin,n,acc_dense,acc_sparse,aliasing_loss_pp,model,dataset
1-3s,304,0.7138157894736842,0.32894736842105265,38.48684210526315,slowfast_r50,hmdb51
3-6s,471,0.8301486199575372,0.386411889596603,44.37367303609342,slowfast_r50,hmdb51
>6s,103,0.8737864077669902,0.8543689320388349,1.9417475728155331,slowfast_r50,hmdb51
