duration_bin,n,acc_dense,acc_sparse,aliasing_loss_pp,model,dataset
1-3s,142,0.8591549295774648,0.5704225352112676,28.873239436619713,slowfast_r50,ucf101
3-6s,788,0.8604060913705583,0.6205583756345178,23.984771573604057,slowfast_r50,ucf101
>6s,1090,0.8889908256880734,0.8137614678899082,7.522935779816519,slowfast_r50,ucf101
