duration_bin,n,acc_dense,acc_sparse,aliasing_loss_pp,model,dataset
<1s,331,0.30513595166163143,0.23564954682779457,6.948640483383686,timesformer,epic_kitchens
1-3s,411,0.29683698296836986,0.2822384428223844,1.459854014598544,timesformer,epic_kitchens
3-6s,162,0.3333333333333333,0.3333333333333333,0.0,timesformer,epic_kitchens
>6s,116,0.4482758620689655,0.4396551724137931,0.8620689655172431,timesformer,epic_kitchens
