duration_bin,n,acc_dense,acc_sparse,aliasing_loss_pp,model,dataset
1-3s,304,0.6907894736842105,0.618421052631579,7.236842105263152,timesformer,hmdb51
3-6s,471,0.8428874734607219,0.8195329087048833,2.3354564755838636,timesformer,hmdb51
>6s,103,0.9320388349514563,0.9223300970873787,0.9708737864077666,timesformer,hmdb51
