duration_bin,n,acc_dense,acc_sparse,aliasing_loss_pp,model,dataset
1-3s,165,0.44242424242424244,0.3151515151515151,12.727272727272732,timesformer,diving48
3-6s,447,0.35570469798657717,0.3713646532438479,-1.5659955257270708,timesformer,diving48
>6s,130,0.4,0.3923076923076923,0.769230769230772,timesformer,diving48
