duration_bin,n,acc_dense,acc_sparse,aliasing_loss_pp,model,dataset
1-3s,4120,0.6577669902912622,0.49199029126213595,16.57766990291262,timesformer,autsl
3-6s,295,0.8101694915254237,0.7254237288135593,8.47457627118644,timesformer,autsl
