duration_bin,n,acc_dense,acc_sparse,aliasing_loss_pp,model,dataset
<1s,48,0.7083333333333334,0.625,8.333333333333337,timesformer,driveact
1-3s,277,0.6353790613718412,0.5523465703971119,8.303249097472932,timesformer,driveact
3-6s,123,0.7560975609756098,0.6666666666666666,8.943089430894313,timesformer,driveact
