duration_bin,n,acc_dense,acc_sparse,aliasing_loss_pp,model,dataset
<1s,420,0.75,0.1357142857142857,61.42857142857143,timesformer,finegym
1-3s,1011,0.658753709198813,0.33728981206726016,32.14638971315529,timesformer,finegym
3-6s,81,0.654320987654321,0.6666666666666666,-1.2345679012345623,timesformer,finegym
>6s,88,0.26136363636363635,0.26136363636363635,0.0,timesformer,finegym
