duration_bin,n,acc_dense,acc_sparse,aliasing_loss_pp,model,dataset
1-3s,142,0.8802816901408451,0.8873239436619719,-0.7042253521126751,timesformer,ucf101
3-6s,788,0.8934010152284264,0.8845177664974619,0.8883248730964466,timesformer,ucf101
>6s,1090,0.926605504587156,0.9321100917431193,-0.5504587155963359,timesformer,ucf101
