duration_bin,n,acc_dense,acc_sparse,aliasing_loss_pp,model,dataset
<1s,331,0.3716012084592145,0.17220543806646527,19.939577039274926,videomae,epic_kitchens
1-3s,411,0.3333333333333333,0.2360097323600973,9.7323600973236,videomae,epic_kitchens
3-6s,162,0.37037037037037035,0.35185185185185186,1.851851851851849,videomae,epic_kitchens
>6s,116,0.5603448275862069,0.5517241379310345,0.8620689655172376,videomae,epic_kitchens
