duration_bin,n,acc_dense,acc_sparse,aliasing_loss_pp,model,dataset
1-3s,304,0.756578947368421,0.47039473684210525,28.618421052631575,videomae,hmdb51
3-6s,471,0.8789808917197452,0.6942675159235668,18.471337579617842,videomae,hmdb51
>6s,103,0.912621359223301,0.8932038834951457,1.9417475728155331,videomae,hmdb51
