duration_bin,n,acc_dense,acc_sparse,aliasing_loss_pp,model,dataset
1-3s,4120,0.7893203883495146,0.16601941747572815,62.33009708737865,videomae,autsl
3-6s,295,0.888135593220339,0.43389830508474575,45.42372881355932,videomae,autsl
