duration_bin,n,acc_dense,acc_sparse,aliasing_loss_pp,model,dataset
1-3s,142,0.9366197183098591,0.8661971830985915,7.042253521126762,videomae,ucf101
3-6s,788,0.9403553299492385,0.8794416243654822,6.091370558375631,videomae,ucf101
>6s,1090,0.9669724770642202,0.9559633027522936,1.1009174311926606,videomae,ucf101
