duration_bin,n,acc_dense,acc_sparse,aliasing_loss_pp,model,dataset
1-3s,304,0.5855263157894737,0.5131578947368421,7.236842105263152,videomamba,hmdb51
3-6s,471,0.7430997876857749,0.721868365180467,2.123142250530785,videomamba,hmdb51
>6s,103,0.8349514563106796,0.8349514563106796,0.0,videomamba,hmdb51
