duration_bin,n,acc_dense,acc_sparse,aliasing_loss_pp,model,dataset
1-3s,142,0.8943661971830986,0.8802816901408451,1.4084507042253502,videomamba,ucf101
3-6s,788,0.8489847715736041,0.8451776649746193,0.3807106598984755,videomamba,ucf101
>6s,1090,0.9073394495412844,0.8963302752293578,1.1009174311926606,videomamba,ucf101
