duration_bin,n,acc_dense,acc_sparse,aliasing_loss_pp,model,dataset
1-3s,165,0.5151515151515151,0.12121212121212122,39.39393939393939,videomae,diving48
3-6s,447,0.4720357941834452,0.2550335570469799,21.700223713646533,videomae,diving48
>6s,130,0.5,0.4076923076923077,9.230769230769232,videomae,diving48
