duration_bin,n,acc_dense,acc_sparse,aliasing_loss_pp,model,dataset
1-3s,615,0.35772357723577236,0.21788617886178863,13.983739837398373,videomamba,ssv2
3-6s,2639,0.45737021599090566,0.31868131868131866,13.8688897309587,videomamba,ssv2
