duration_bin,n,acc_dense,acc_sparse,aliasing_loss_pp,model,dataset
<1s,331,0.28700906344410876,0.24773413897280966,3.92749244712991,videomamba,epic_kitchens
1-3s,411,0.24574209245742093,0.2360097323600973,0.9732360097323617,videomamba,epic_kitchens
3-6s,162,0.2716049382716049,0.2839506172839506,-1.2345679012345678,videomamba,epic_kitchens
>6s,116,0.4224137931034483,0.41379310344827586,0.8620689655172431,videomamba,epic_kitchens
