duration_bin,n,acc_dense,acc_sparse,aliasing_loss_pp,model,dataset
<1s,48,0.7083333333333334,0.6875,2.083333333333337,videomamba,driveact
1-3s,277,0.555956678700361,0.4548736462093863,10.108303249097473,videomamba,driveact
3-6s,123,0.5691056910569106,0.4715447154471545,9.756097560975608,videomamba,driveact
