duration_bin,n,acc_dense,acc_sparse,aliasing_loss_pp,model,dataset
<1s,48,0.7291666666666666,0.2708333333333333,45.83333333333333,videomae,driveact
1-3s,277,0.6931407942238267,0.3104693140794224,38.26714801444043,videomae,driveact
3-6s,123,0.8455284552845529,0.3983739837398374,44.71544715447155,videomae,driveact
