duration_bin,n,acc_dense,acc_sparse,aliasing_loss_pp,model,dataset
<1s,420,0.8166666666666667,0.16904761904761906,64.76190476190476,videomamba,finegym
1-3s,1011,0.7329376854599406,0.34124629080118696,39.16913946587537,videomamba,finegym
3-6s,81,0.7160493827160493,0.6296296296296297,8.64197530864197,videomamba,finegym
>6s,88,0.23863636363636365,0.26136363636363635,-2.2727272727272707,videomamba,finegym
