duration_bin,n,acc_dense,acc_sparse,aliasing_loss_pp,model,dataset
1-3s,165,0.42424242424242425,0.23030303030303031,19.393939393939394,videomamba,diving48
3-6s,447,0.348993288590604,0.3333333333333333,1.5659955257270708,videomamba,diving48
>6s,130,0.34615384615384615,0.38461538461538464,-3.8461538461538494,videomamba,diving48
