duration_bin,n,acc_dense,acc_sparse,aliasing_loss_pp,model,dataset
1-3s,615,0.4813008130081301,0.13495934959349593,34.63414634146342,videomae,ssv2
3-6s,2639,0.5361879499810535,0.19136036377415688,34.48275862068966,videomae,ssv2
