duration_bin,n,acc_dense,acc_sparse,aliasing_loss_pp,model,dataset
<1s,420,0.830952380952381,0.06428571428571428,76.66666666666667,videomae,finegym
1-3s,1011,0.7922848664688428,0.0771513353115727,71.51335311572701,videomae,finegym
3-6s,81,0.8271604938271605,0.30864197530864196,51.85185185185186,videomae,finegym
>6s,88,0.29545454545454547,0.26136363636363635,3.409090909090912,videomae,finegym
