duration_bin,n,acc_dense,acc_sparse,aliasing_loss_pp,model,dataset
1-3s,142,0.9295774647887324,0.823943661971831,10.563380281690138,vivit,ucf101
3-6s,788,0.9137055837563451,0.8388324873096447,7.487309644670049,vivit,ucf101
>6s,1090,0.9651376146788991,0.9357798165137615,2.9357798165137616,vivit,ucf101
