duration_bin,n,acc_dense,acc_sparse,aliasing_loss_pp,model,dataset
1-3s,4120,0.7385922330097088,0.12451456310679612,61.407766990291265,vivit,autsl
3-6s,295,0.8610169491525423,0.13220338983050847,72.88135593220339,vivit,autsl
