duration_bin,n,acc_dense,acc_sparse,aliasing_loss_pp,model,dataset
1-3s,615,0.3382113821138211,0.06829268292682927,26.991869918699184,vivit,ssv2
3-6s,2639,0.39370973853732477,0.07843880257673361,31.527093596059117,vivit,ssv2
