duration_bin,n,acc_dense,acc_sparse,aliasing_loss_pp,model,dataset
1-3s,165,0.6060606060606061,0.14545454545454545,46.06060606060606,vivit,diving48
3-6s,447,0.4988814317673378,0.15436241610738255,34.45190156599553,vivit,diving48
>6s,130,0.5461538461538461,0.23846153846153847,30.76923076923076,vivit,diving48
