duration_bin,n,acc_dense,acc_sparse,aliasing_loss_pp,model,dataset
<1s,420,0.7380952380952381,0.0880952380952381,65.0,vivit,finegym
1-3s,1011,0.6913946587537092,0.12363996043521266,56.775469831849655,vivit,finegym
3-6s,81,0.7777777777777778,0.35802469135802467,41.97530864197531,vivit,finegym
>6s,88,0.38636363636363635,0.29545454545454547,9.090909090909088,vivit,finegym
