duration_bin,n,acc_dense,acc_sparse,aliasing_loss_pp,model,dataset
1-3s,304,0.7335526315789473,0.4309210526315789,30.263157894736842,vivit,hmdb51
3-6s,471,0.832271762208068,0.6687898089171974,16.348195329087055,vivit,hmdb51
>6s,103,0.883495145631068,0.8932038834951457,-0.9708737864077666,vivit,hmdb51
