duration_bin,n,acc_dense,acc_sparse,aliasing_loss_pp,model,dataset
<1s,48,0.7083333333333334,0.6041666666666666,10.416666666666675,vivit,driveact
1-3s,277,0.631768953068592,0.4332129963898917,19.855595667870034,vivit,driveact
3-6s,123,0.7560975609756098,0.5040650406504065,25.20325203252033,vivit,driveact
