duration_bin,n,acc_dense,acc_sparse,aliasing_loss_pp,model,dataset
<1s,331,0.283987915407855,0.11782477341389729,16.61631419939577,vivit,epic_kitchens
1-3s,411,0.31630170316301703,0.18491484184914841,13.138686131386862,vivit,epic_kitchens
3-6s,162,0.35185185185185186,0.3271604938271605,2.4691358024691357,vivit,epic_kitchens
>6s,116,0.47413793103448276,0.47413793103448276,0.0,vivit,epic_kitchens
