dataset,split,budget,coverage,stride,n,top1,top5,mean_confidence,mean_decode_time_s,mean_inference_time_s,mean_total_time_s,mean_processed_frames,mean_model_input_frames,mean_source_frames
ucf101,val,16,10,16,2020,0.3935643564356436,0.657920792079208,0.4470052826301296,0.0075524613779904964,0.0004258617611214666,0.1654501983805993,16.0,16.0,181.19752475247526
