dataset,split,budget,coverage,stride,n,top1,top5,mean_confidence,mean_decode_time_s,mean_inference_time_s,mean_total_time_s,mean_processed_frames,mean_model_input_frames,mean_source_frames
ucf101,val,16,10,8,2020,0.44801980198019803,0.7128712871287128,0.48603821974800954,0.008528595868991412,0.0004361588639290173,0.18228690227341496,16.0,16.0,181.19752475247526
