dataset,split,budget,coverage,stride,n,top1,top5,mean_confidence,mean_decode_time_s,mean_inference_time_s,mean_total_time_s,mean_processed_frames,mean_model_input_frames,mean_source_frames
ucf101,val,16,10,2,2020,0.5534653465346535,0.810891089108911,0.5827693482252336,0.009788789847372376,0.00042134105011193765,0.20440980134091552,16.0,16.0,181.19752475247526
