dataset,split,budget,coverage,stride,n,top1,top5,mean_confidence,mean_decode_time_s,mean_inference_time_s,mean_total_time_s,mean_processed_frames,mean_model_input_frames,mean_source_frames
ucf101,val,16,100,16,2020,0.7039603960396039,0.9014851485148515,0.6973330794879705,0.03153761707068799,0.0004368630077662223,0.5672448034686415,16.0,16.0,181.19752475247526
