dataset,split,budget,coverage,stride,n,top1,top5,mean_confidence,mean_decode_time_s,mean_inference_time_s,mean_total_time_s,mean_processed_frames,mean_model_input_frames,mean_source_frames
ucf101,val,16,10,4,2020,0.504950495049505,0.7683168316831683,0.5362089719309813,0.009214165593419076,0.00043044094939135235,0.19468439384882275,16.0,16.0,181.19752475247526
