dataset,split,budget,coverage,stride,n,top1,top5,mean_confidence,mean_decode_time_s,mean_inference_time_s,mean_total_time_s,mean_processed_frames,mean_model_input_frames,mean_source_frames
ucf101,val,16,100,8,2020,0.7643564356435644,0.9331683168316832,0.7577817878750439,0.03503951288063522,0.00044532824990035284,0.6281409178997648,16.0,16.0,181.19752475247526
