dataset,split,budget,coverage,stride,n,top1,top5,mean_confidence,mean_decode_time_s,mean_inference_time_s,mean_total_time_s,mean_processed_frames,mean_model_input_frames,mean_source_frames
ucf101,val,16,100,1,2020,0.7787128712871287,0.9396039603960396,0.7685541268659405,0.03897971692541153,0.0004562484689453377,0.7027220407967677,16.0,16.0,181.19752475247526
