dataset,split,budget,coverage,stride,n,top1,top5,mean_confidence,mean_decode_time_s,mean_inference_time_s,mean_total_time_s,mean_processed_frames,mean_model_input_frames,mean_source_frames
ucf101,val,16,10,1,2020,0.5777227722772277,0.8173267326732673,0.6049540984748614,0.010386874313157346,0.0008126415229301052,0.2257334471395525,16.0,16.0,181.19752475247526
