dataset,split,budget,coverage,stride,n,top1,top5,mean_confidence,mean_decode_time_s,mean_inference_time_s,mean_total_time_s,mean_processed_frames,mean_model_input_frames,mean_source_frames
ucf101,val,16,25,8,2020,0.5752475247524752,0.8173267326732673,0.5840115522099013,0.014040824231036966,0.0004499975189631159,0.27648699808068167,16.0,16.0,181.19752475247526
