dataset,split,budget,coverage,stride,n,top1,top5,mean_confidence,mean_decode_time_s,mean_inference_time_s,mean_total_time_s,mean_processed_frames,mean_model_input_frames,mean_source_frames
ucf101,val,16,25,16,2020,0.48564356435643563,0.745049504950495,0.5084108443063969,0.01194689668505222,0.00042811751775996814,0.23856140194774264,16.0,16.0,181.19752475247526
