dataset,split,budget,coverage,stride,n,top1,top5,mean_confidence,mean_decode_time_s,mean_inference_time_s,mean_total_time_s,mean_processed_frames,mean_model_input_frames,mean_source_frames
ucf101,val,16,25,1,2020,0.6851485148514852,0.8841584158415842,0.6947521527934045,0.014484666002508586,0.00044764518705519413,0.28469007135862207,16.0,16.0,181.19752475247526
