dataset,split,budget,coverage,stride,n,top1,top5,mean_confidence,mean_decode_time_s,mean_inference_time_s,mean_total_time_s,mean_processed_frames,mean_model_input_frames,mean_source_frames
ucf101,val,16,50,1,2020,0.7396039603960396,0.9232673267326733,0.7460862872771697,0.024356572521449352,0.00042396430871311094,0.44915621489261065,16.0,16.0,181.19752475247526
