dataset,split,budget,coverage,stride,n,top1,top5,mean_confidence,mean_decode_time_s,mean_inference_time_s,mean_total_time_s,mean_processed_frames,mean_model_input_frames,mean_source_frames
ucf101,val,16,10,8,2020,0.5069306930693069,0.7702970297029703,0.41238823035584377,0.010459540779517945,0.004794546437339101,0.4220448377577929,16.0,16.0,181.19752475247526
