dataset,split,budget,coverage,stride,n,top1,top5,mean_confidence,mean_decode_time_s,mean_inference_time_s,mean_total_time_s,mean_processed_frames,mean_model_input_frames,mean_source_frames
ucf101,val,16,10,2,2020,0.6351485148514852,0.8618811881188119,0.5450277780376301,0.011620315958718114,0.004847599624882056,0.44483077593728676,16.0,16.0,181.19752475247526
