dataset,split,budget,coverage,stride,n,top1,top5,mean_confidence,mean_decode_time_s,mean_inference_time_s,mean_total_time_s,mean_processed_frames,mean_model_input_frames,mean_source_frames
ucf101,val,16,10,16,2020,0.41435643564356434,0.69009900990099,0.3513069092784778,0.009350051472336977,0.004863724882696008,0.40449481408658094,16.0,16.0,181.19752475247526
