dataset,split,budget,coverage,stride,n,top1,top5,mean_confidence,mean_decode_time_s,mean_inference_time_s,mean_total_time_s,mean_processed_frames,mean_model_input_frames,mean_source_frames
ucf101,val,16,10,4,2020,0.5935643564356435,0.8410891089108911,0.4896705548297429,0.011154650164062693,0.004900100229349504,0.43859767764414853,16.0,16.0,181.19752475247526
