dataset,split,budget,coverage,stride,n,top1,top5,mean_confidence,mean_decode_time_s,mean_inference_time_s,mean_total_time_s,mean_processed_frames,mean_model_input_frames,mean_source_frames
ucf101,val,16,25,16,2020,0.556930693069307,0.8173267326732673,0.4508803506520125,0.013413706735597167,0.004925814697214651,0.47505522932578337,16.0,16.0,181.19752475247526
