dataset,split,budget,coverage,stride,n,top1,top5,mean_confidence,mean_decode_time_s,mean_inference_time_s,mean_total_time_s,mean_processed_frames,mean_model_input_frames,mean_source_frames
ucf101,val,16,100,1,2020,0.6589108910891089,0.8806930693069307,0.6249121622984657,0.024105209966609715,0.0017606930778417183,0.5031574400634007,16.0,16.0,181.19752475247526
