dataset,split,budget,coverage,stride,n,top1,top5,mean_confidence,mean_decode_time_s,mean_inference_time_s,mean_total_time_s,mean_processed_frames,mean_model_input_frames,mean_source_frames
ucf101,val,16,100,1,2020,0.8539603960396039,0.9633663366336633,0.8224340680875991,0.0233646386978447,0.0016672463022578176,0.48713670331272435,16.0,16.0,181.19752475247526
