dataset,split,budget,coverage,stride,n,top1,top5,mean_confidence,mean_decode_time_s,mean_inference_time_s,mean_total_time_s,mean_processed_frames,mean_model_input_frames,mean_source_frames
ucf101,val,16,100,1,2020,0.6841584158415842,0.8910891089108911,0.46502800867293437,0.026442516342238844,0.013655218915981563,1.164615871537117,16.0,16.0,181.19752475247526
