dataset,split,budget,coverage,stride,n,top1,top5,mean_confidence,mean_decode_time_s,mean_inference_time_s,mean_total_time_s,mean_processed_frames,mean_model_input_frames,mean_source_frames
ucf101,val,16,100,1,2020,0.5123762376237624,0.7871287128712872,0.49006741904644385,0.021597621792876668,0.0005742952210303064,0.3968403394015893,16.0,16.0,181.19752475247526
