dataset,split,budget,coverage,stride,n,top1,top5,mean_confidence,mean_decode_time_s,mean_inference_time_s,mean_total_time_s,mean_processed_frames,mean_model_input_frames,mean_source_frames
ucf101,val,16,100,1,2020,0.8287128712871287,0.9603960396039604,0.8365130726745961,0.023807657401234205,0.0013939071208063402,0.4847355432168691,16.0,16.0,181.19752475247526
