resolution,top1,n,model,dataset,native_res
48,0.5123762376237624,2020,mc3_18,ucf101,112
96,0.8287128712871287,2020,mc3_18,ucf101,112
112,0.8539603960396039,2020,mc3_18,ucf101,112
160,0.80990099009901,2020,mc3_18,ucf101,112
224,0.6391089108910891,2020,mc3_18,ucf101,112
336,0.249009900990099,2020,mc3_18,ucf101,112
