resolution,top1,n,model,dataset,native_res
96,0.5881188118811881,2020,mc3_18,ucf101,112
112,0.6589108910891089,2020,mc3_18,ucf101,112
160,0.7777227722772277,2020,mc3_18,ucf101,112
224,0.7950495049504951,2020,mc3_18,ucf101,112
336,0.6841584158415842,2020,mc3_18,ucf101,112
