dataset,split,budget,coverage,stride,n,top1,top5,mean_confidence,mean_decode_time_s,mean_inference_time_s,mean_total_time_s,mean_processed_frames,mean_model_input_frames,mean_source_frames
autsl,val,16,10,2,4418,0.005885015844273427,0.027161611588954276,0.27458616314163276,0.011396560395510017,0.0015345070383145953,0.2968985775173437,16.0,16.0,59.18605703938434
