dataset,split,budget,coverage,stride,n,top1,top5,mean_confidence,mean_decode_time_s,mean_inference_time_s,mean_total_time_s,mean_processed_frames,mean_model_input_frames,mean_source_frames
autsl,val,16,10,16,4418,0.0061113626075147125,0.026256224535989137,0.2551149683163386,0.008878527211323432,0.001544266375558111,0.24989492811809427,16.0,16.0,59.18605703938434
