dataset,split,budget,coverage,stride,n,top1,top5,mean_confidence,mean_decode_time_s,mean_inference_time_s,mean_total_time_s,mean_processed_frames,mean_model_input_frames,mean_source_frames
autsl,val,16,25,16,4418,0.007016749660479855,0.03485740153915799,0.28622370507127964,0.009851936649492075,0.0015537727581767236,0.2627373027331246,16.0,16.0,59.18605703938434
