resolution,top1,n,model,dataset,native_res
96,0.17647058823529413,1020,r2plus1d_18,epic_kitchens,112
112,0.21568627450980393,1020,r2plus1d_18,epic_kitchens,112
160,0.3137254901960784,1020,r2plus1d_18,epic_kitchens,112
224,0.3352941176470588,1020,r2plus1d_18,epic_kitchens,112
336,0.2235294117647059,1020,r2plus1d_18,epic_kitchens,112
