resolution,top1,n,model,dataset,native_res
96,0.3284313725490196,1020,r2plus1d_18,epic_kitchens,112
112,0.35490196078431374,1020,r2plus1d_18,epic_kitchens,112
160,0.27647058823529413,1020,r2plus1d_18,epic_kitchens,112
224,0.11764705882352941,1020,r2plus1d_18,epic_kitchens,112
336,0.04607843137254902,1020,r2plus1d_18,epic_kitchens,112
