resolution,top1,n,model,dataset,native_res
48,0.0941176470588235,1020,r2plus1d_18,epic_kitchens,112
96,0.3284313725490196,1020,r2plus1d_18,epic_kitchens,112
112,0.3549019607843137,1020,r2plus1d_18,epic_kitchens,112
160,0.2764705882352941,1020,r2plus1d_18,epic_kitchens,112
224,0.1176470588235294,1020,r2plus1d_18,epic_kitchens,112
336,0.046078431372549,1020,r2plus1d_18,epic_kitchens,112
