dataset,split,budget,coverage,stride,n,top1,top5,mean_confidence,mean_decode_time_s,mean_inference_time_s,mean_total_time_s,mean_processed_frames,mean_model_input_frames,mean_source_frames
ucf101,val,32,10,1,2020,0.38514851485148516,0.6376237623762376,0.28030252757408464,0.010661339428215887,0.0023710554741129355,0.28651886851017333,32.0,32.0,181.19752475247526
