dataset,split,budget,coverage,stride,n,top1,top5,mean_confidence,mean_decode_time_s,mean_inference_time_s,mean_total_time_s,mean_processed_frames,mean_model_input_frames,mean_source_frames
ucf101,val,32,100,8,2020,0.6589108910891089,0.8930693069306931,0.6176344275714295,0.04357270578471114,0.0020670114339808796,0.8262821116457039,32.0,32.0,181.19752475247526
