dataset,split,budget,coverage,stride,n,top1,top5,mean_confidence,mean_decode_time_s,mean_inference_time_s,mean_total_time_s,mean_processed_frames,mean_model_input_frames,mean_source_frames
ucf101,val,32,10,8,2020,0.2871287128712871,0.502970297029703,0.15324939336480187,0.009974487739301627,0.0020614601249834244,0.26630500226931664,32.0,32.0,181.19752475247526
