dataset,split,budget,coverage,stride,n,top1,top5,mean_confidence,mean_decode_time_s,mean_inference_time_s,mean_total_time_s,mean_processed_frames,mean_model_input_frames,mean_source_frames
ucf101,val,32,25,16,2020,0.32821782178217823,0.5361386138613862,0.17405468335578053,0.01295143554291439,0.0021110002958852022,0.31684837199385635,32.0,32.0,181.19752475247526
