dataset,split,budget,coverage,stride,n,top1,top5,mean_confidence,mean_decode_time_s,mean_inference_time_s,mean_total_time_s,mean_processed_frames,mean_model_input_frames,mean_source_frames
ucf101,val,32,25,8,2020,0.4400990099009901,0.6915841584158415,0.2622919551290498,0.015446815806749913,0.0021305984297610523,0.35985699156356865,32.0,32.0,181.19752475247526
