dataset,split,budget,coverage,stride,n,top1,top5,mean_confidence,mean_decode_time_s,mean_inference_time_s,mean_total_time_s,mean_processed_frames,mean_model_input_frames,mean_source_frames
ucf101,val,32,25,1,2020,0.5084158415841584,0.7717821782178218,0.4794275346774571,0.015993806684509584,0.0020234704613547295,0.36670281360649715,32.0,32.0,181.19752475247526
