dataset,split,budget,coverage,stride,n,top1,top5,mean_confidence,mean_decode_time_s,mean_inference_time_s,mean_total_time_s,mean_processed_frames,mean_model_input_frames,mean_source_frames
ucf101,val,32,50,16,2020,0.4594059405940594,0.7019801980198019,0.2646592413444109,0.020306123533092513,0.002144926259556951,0.44189480025341993,32.0,32.0,181.19752475247526
