dataset,split,budget,coverage,stride,n,top1,top5,mean_confidence,mean_decode_time_s,mean_inference_time_s,mean_total_time_s,mean_processed_frames,mean_model_input_frames,mean_source_frames
ucf101,val,32,50,2,2020,0.6376237623762376,0.8752475247524752,0.6366778689519603,0.029489233915919972,0.0021614289133680413,0.5970035875017875,32.0,32.0,181.19752475247526
