dataset,split,budget,coverage,stride,n,top1,top5,mean_confidence,mean_decode_time_s,mean_inference_time_s,mean_total_time_s,mean_processed_frames,mean_model_input_frames,mean_source_frames
ucf101,val,32,75,16,2020,0.5282178217821782,0.7777227722772277,0.35278838806057183,0.028180106393854584,0.0021364932974320973,0.5705332178480711,32.0,32.0,181.19752475247526
