dataset,split,budget,coverage,stride,n,top1,top5,mean_confidence,mean_decode_time_s,mean_inference_time_s,mean_total_time_s,mean_processed_frames,mean_model_input_frames,mean_source_frames
hmdb51,val,16,10,16,885,0.35480225988700564,0.6124293785310735,0.36635562093917934,0.007470946439402441,0.0022582025165895875,0.2688371030617069,16.0,16.0,96.54124293785311
