resolution,top1,n,model,dataset,native_res
96,0.6741071428571429,448,r2plus1d_18,driveact,112
112,0.625,448,r2plus1d_18,driveact,112
160,0.39955357142857145,448,r2plus1d_18,driveact,112
224,0.12946428571428573,448,r2plus1d_18,driveact,112
336,0.044642857142857144,448,r2plus1d_18,driveact,112
