resolution,top1,n,model,dataset,native_res
48,0.3258928571428571,448,r2plus1d_18,driveact,112
96,0.6741071428571429,448,r2plus1d_18,driveact,112
112,0.625,448,r2plus1d_18,driveact,112
160,0.3995535714285714,448,r2plus1d_18,driveact,112
224,0.1294642857142857,448,r2plus1d_18,driveact,112
336,0.0446428571428571,448,r2plus1d_18,driveact,112
