resolution,top1,n,model,dataset,native_res
96,0.39955357142857145,448,r2plus1d_18,driveact,112
112,0.4799107142857143,448,r2plus1d_18,driveact,112
160,0.7566964285714286,448,r2plus1d_18,driveact,112
224,0.7901785714285714,448,r2plus1d_18,driveact,112
336,0.15848214285714285,448,r2plus1d_18,driveact,112
