dataset,split,video_id,video_path,label_id,budget,coverage,stride,pred_id,correct_top1,correct_top5,confidence,decode_time_s,inference_time_s,total_time_s,source_frames,candidate_frames,processed_frames,model_input_frames,skipped,error
hmdb51,val,Lektion_3__-_Das_Haare_b_rsten_brush_hair_h_nm_np1_fr_med_2,data/HMDB51_data/videos/brush_hair/Lektion_3__-_Das_Haare_b_rsten_brush_hair_h_nm_np1_fr_med_2.avi,0,8,100,4,0,True,True,0.6229801177978516,0.10951692890375853,0.004607184659107588,2.582175187766552,370,8,8,8,False,
hmdb51,val,April_09_brush_hair_u_nm_np1_ba_goo_0,data/HMDB51_data/videos/brush_hair/April_09_brush_hair_u_nm_np1_ba_goo_0.avi,0,8,100,4,0,True,True,0.9129651784896851,0.12020539492368698,0.004607184659107588,2.4688087687827647,409,8,8,8,False,
hmdb51,val,Prelinger_HabitPat1954_brush_hair_u_cm_np1_le_med_10,data/HMDB51_data/videos/brush_hair/Prelinger_HabitPat1954_brush_hair_u_cm_np1_le_med_10.avi,0,8,100,4,46,False,False,0.32931631803512573,0.08884824812412262,0.004607184659107588,2.3443872965872288,276,8,8,8,False,
hmdb51,val,me_brushing_my_hair_lol_i_was_being_silly_brush_hair_u_nm_np1_ri_goo_3,data/HMDB51_data/videos/brush_hair/me_brushing_my_hair_lol_i_was_being_silly_brush_hair_u_nm_np1_ri_goo_3.avi,0,8,100,4,0,True,True,0.8667086958885193,0.10417772363871336,0.004607184659107588,2.2530707991681993,382,8,8,8,False,
hmdb51,val,red_head_brush_hair_u_cm_np1_le_goo_2,data/HMDB51_data/videos/brush_hair/red_head_brush_hair_u_cm_np1_le_goo_2.avi,0,8,100,4,0,True,True,0.3262147009372711,0.07247984502464533,0.004607184659107588,2.1455640830099583,185,8,8,8,False,
hmdb51,val,Brushing_Her_Hair__[_NEW_AUDIO_]_UPDATED!!!!_brush_hair_h_cm_np1_le_goo_3,data/HMDB51_data/videos/brush_hair/Brushing_Her_Hair__[_NEW_AUDIO_]_UPDATED!!!!_brush_hair_h_cm_np1_le_goo_3.avi,0,8,100,4,0,True,True,0.4244433641433716,0.04158151103183627,0.004607184659107588,2.069384679198265,105,8,8,8,False,
hmdb51,val,brushing_raychel_s_hair_brush_hair_u_cm_np2_ri_goo_2,data/HMDB51_data/videos/brush_hair/brushing_raychel_s_hair_brush_hair_u_cm_np2_ri_goo_2.avi,0,8,100,4,23,False,True,0.5449677109718323,0.0909112598747015,0.004607184659107588,2.0247617471031845,276,8,8,8,False,
hmdb51,val,red_head_brush_hair_u_cm_np1_ba_goo_0,data/HMDB51_data/videos/brush_hair/red_head_brush_hair_u_cm_np1_ba_goo_0.avi,0,8,100,4,0,True,True,0.22823068499565125,0.0867053559049964,0.004607184659107588,1.9296218222007155,277,8,8,8,False,
hmdb51,val,Slave_brush_my_hair_brush_hair_u_cm_np2_le_goo_2,data/HMDB51_data/videos/brush_hair/Slave_brush_my_hair_brush_hair_u_cm_np2_le_goo_2.avi,0,8,100,4,0,True,True,0.42134347558021545,0.11422848189249635,0.004607184659107588,1.8404761622659862,348,8,8,8,False,
hmdb51,val,Brushing_hair__the_right_way_brush_hair_u_nm_np1_fr_goo_1,data/HMDB51_data/videos/brush_hair/Brushing_hair__the_right_way_brush_hair_u_nm_np1_fr_goo_1.avi,0,8,100,4,0,True,True,0.7545532584190369,0.07441814383491874,0.004607184659107588,1.7224686010740697,228,8,8,8,False,
hmdb51,val,brush_my_hair_without_wearing_the_glasses_brush_hair_u_nm_np1_fr_goo_0,data/HMDB51_data/videos/brush_hair/brush_my_hair_without_wearing_the_glasses_brush_hair_u_nm_np1_fr_goo_0.avi,0,8,100,4,0,True,True,0.7897448539733887,0.1218595108948648,0.004607184659107588,1.6436723689548671,456,8,8,8,False,
hmdb51,val,can_somebody_just_brush_my_hair!_brush_hair_u_cm_np2_ri_med_0,data/HMDB51_data/videos/brush_hair/can_somebody_just_brush_my_hair!_brush_hair_u_cm_np2_ri_med_0.avi,0,8,100,4,0,True,True,0.5425636768341064,0.11006179684773088,0.004607184659107588,1.5191318062134087,382,8,8,8,False,
hmdb51,val,indianrapunzels_com---silky_long_hair_brushing_brush_hair_u_cm_np2_ri_goo_1,data/HMDB51_data/videos/brush_hair/indianrapunzels_com---silky_long_hair_brushing_brush_hair_u_cm_np2_ri_goo_1.avi,0,8,100,4,35,False,True,0.132355198264122,0.09743900271132588,0.004607184659107588,1.406311894301325,307,8,8,8,False,
hmdb51,val,Haarek_mmen_brush_hair_h_cm_np1_fr_goo_0,data/HMDB51_data/videos/brush_hair/Haarek_mmen_brush_hair_h_cm_np1_fr_goo_0.avi,0,8,100,4,40,False,False,0.13228246569633484,0.07610040390864015,0.004607184659107588,1.306659584864974,411,8,8,8,False,
hmdb51,val,brushing_jrs_hair_brush_hair_u_cm_np2_le_goo_1,data/HMDB51_data/videos/brush_hair/brushing_jrs_hair_brush_hair_u_cm_np2_le_goo_1.avi,0,8,100,4,23,False,True,0.38784366846084595,0.09466942632570863,0.004607184659107588,1.228041326161474,282,8,8,8,False,
hmdb51,val,Brushing_Her_Hair__[_NEW_AUDIO_]_UPDATED!!!!_brush_hair_h_cm_np1_le_goo_1,data/HMDB51_data/videos/brush_hair/Brushing_Her_Hair__[_NEW_AUDIO_]_UPDATED!!!!_brush_hair_h_cm_np1_le_goo_1.avi,0,8,100,4,0,True,True,0.7364035248756409,0.05006263917312026,0.004607184659107588,1.1293879351578653,144,8,8,8,False,
hmdb51,val,Beim_Radschlag_Hose_gerissen_(Nick)_xD_cartwheel_f_cm_np1_ri_med_0,data/HMDB51_data/videos/cartwheel/Beim_Radschlag_Hose_gerissen_(Nick)_xD_cartwheel_f_cm_np1_ri_med_0.avi,1,8,100,4,14,False,True,0.4260346591472626,0.029860887210816145,0.004607184659107588,1.075693340972066,80,8,8,8,False,
hmdb51,val,Jessica_and_Gregs_Cartwheel_Competition_cartwheel_f_cm_np1_ri_med_2,data/HMDB51_data/videos/cartwheel/Jessica_and_Gregs_Cartwheel_Competition_cartwheel_f_cm_np1_ri_med_2.avi,1,8,100,4,1,True,True,0.3930743634700775,0.03399571869522333,0.004607184659107588,1.042998919263482,81,8,8,8,False,
hmdb51,val,CarTwHeeL_PerFecT_cartwheel_f_cm_np1_le_med_0,data/HMDB51_data/videos/cartwheel/CarTwHeeL_PerFecT_cartwheel_f_cm_np1_le_med_0.avi,1,8,100,4,16,False,True,0.3288131654262543,0.032841655891388655,0.004607184659107588,1.0056073418818414,89,8,8,8,False,
hmdb51,val,Gymnastics__-_Steps_to_Do_a_Cartwheel_cartwheel_f_nm_np1_le_med_0,data/HMDB51_data/videos/cartwheel/Gymnastics__-_Steps_to_Do_a_Cartwheel_cartwheel_f_nm_np1_le_med_0.avi,1,8,100,4,16,False,True,0.5566586852073669,0.03964922996237874,0.004607184659107588,0.9692936269566417,112,8,8,8,False,
hmdb51,val,Cartwheel_Contest_cartwheel_f_cm_np1_fr_med_4,data/HMDB51_data/videos/cartwheel/Cartwheel_Contest_cartwheel_f_cm_np1_fr_med_4.avi,1,8,100,4,14,False,True,0.45138880610466003,0.028665001969784498,0.004607184659107588,0.9277929728850722,80,8,8,8,False,
hmdb51,val,Jennis_Bodenk_r_cartwheel_f_cm_np1_fr_med_3,data/HMDB51_data/videos/cartwheel/Jennis_Bodenk_r_cartwheel_f_cm_np1_fr_med_3.avi,1,8,100,4,14,False,True,0.3735077381134033,0.029705118853598833,0.004607184659107588,0.8957348093390465,81,8,8,8,False,
hmdb51,val,Bodenturnen_2004_cartwheel_f_cm_np1_le_med_4,data/HMDB51_data/videos/cartwheel/Bodenturnen_2004_cartwheel_f_cm_np1_le_med_4.avi,1,8,100,4,1,True,True,0.36898380517959595,0.01867412868887186,0.004607184659107588,0.8621706329286098,43,8,8,8,False,
hmdb51,val,Zwei_hoffnungslose_Pflegef_lle_beim_Turnen(Part4)_cartwheel_f_cm_np1_ri_bad_0,data/HMDB51_data/videos/cartwheel/Zwei_hoffnungslose_Pflegef_lle_beim_Turnen(Part4)_cartwheel_f_cm_np1_ri_bad_0.avi,1,8,100,4,14,False,True,0.31946179270744324,0.026973675936460495,0.004607184659107588,0.8409110493957996,92,8,8,8,False,
hmdb51,val,lea_kann_radschlag_cartwheel_f_cm_np1_ri_med_0,data/HMDB51_data/videos/cartwheel/lea_kann_radschlag_cartwheel_f_cm_np1_ri_med_0.avi,1,8,100,4,32,False,False,0.2631746232509613,0.032194373197853565,0.004607184659107588,0.8126527918502688,91,8,8,8,False,
hmdb51,val,Bodenturnen_cartwheel_f_cm_np1_le_med_3,data/HMDB51_data/videos/cartwheel/Bodenturnen_cartwheel_f_cm_np1_le_med_3.avi,1,8,100,4,1,True,True,0.4657845199108124,0.042117723263800144,0.004607184659107588,0.7778547019697726,125,8,8,8,False,
hmdb51,val,Cartwheel_Competition_cartwheel_f_cm_np1_le_med_0,data/HMDB51_data/videos/cartwheel/Cartwheel_Competition_cartwheel_f_cm_np1_le_med_0.avi,1,8,100,4,16,False,True,0.3314756155014038,0.029030811972916126,0.004607184659107588,0.7311453488655388,70,8,8,8,False,
hmdb51,val,Monikas_Staatsexamen__Turnen_cartwheel_f_cm_np1_ri_med_4,data/HMDB51_data/videos/cartwheel/Monikas_Staatsexamen__Turnen_cartwheel_f_cm_np1_ri_med_4.avi,1,8,100,4,1,True,True,0.3230833411216736,0.028757834807038307,0.004607184659107588,0.6988354218192399,81,8,8,8,False,
hmdb51,val,Zwei_hoffnungslose_Pflegef_lle_beim_Turnen(Part2)_cartwheel_f_cm_np1_le_bad_0,data/HMDB51_data/videos/cartwheel/Zwei_hoffnungslose_Pflegef_lle_beim_Turnen(Part2)_cartwheel_f_cm_np1_le_bad_0.avi,1,8,100,4,41,False,True,0.3304069936275482,0.03501552576199174,0.004607184659107588,0.667201227042824,103,8,8,8,False,
hmdb51,val,Bayer__Meisterin_Teresa_Stadler_cartwheel_f_cm_np1_le_med_0,data/HMDB51_data/videos/cartwheel/Bayer__Meisterin_Teresa_Stadler_cartwheel_f_cm_np1_le_med_0.avi,1,8,100,4,14,False,True,0.46585768461227417,0.016626500990241766,0.004607184659107588,0.6285898336209357,43,8,8,8,False,
hmdb51,val,How_to_do_a_Cartwheel_cartwheel_f_nm_np1_le_med_1,data/HMDB51_data/videos/cartwheel/How_to_do_a_Cartwheel_cartwheel_f_nm_np1_le_med_1.avi,1,8,100,4,14,False,True,0.21910949051380157,0.030753193888813257,0.004607184659107588,0.6092492076568305,100,8,8,8,False,
hmdb51,val,cartwheel_challange_cartwheel_f_cm_np2_le_med_1,data/HMDB51_data/videos/cartwheel/cartwheel_challange_cartwheel_f_cm_np2_le_med_1.avi,1,8,100,4,7,False,True,0.1957104355096817,0.027560166083276272,0.004607184659107588,0.5750038423575461,59,8,8,8,False,
hmdb51,val,Florian_Fromlowitz_beim_Training_der_U_21_Nationalmannschaft_catch_u_cm_np1_le_med_3,data/HMDB51_data/videos/catch/Florian_Fromlowitz_beim_Training_der_U_21_Nationalmannschaft_catch_u_cm_np1_le_med_3.avi,2,8,100,4,2,True,True,0.7213944792747498,0.01924430299550295,0.003775873439735733,1.3804009673185647,36,8,8,8,False,
hmdb51,val,Torwarttraining_Arminia_Bielefeld_catch_f_cm_np1_le_med_8,data/HMDB51_data/videos/catch/Torwarttraining_Arminia_Bielefeld_catch_f_cm_np1_le_med_8.avi,2,8,100,4,2,True,True,0.7569786310195923,0.0147553407587111,0.003775873439735733,1.359229831956327,34,8,8,8,False,
hmdb51,val,Torwarttraining_Arminia_Bielefeld_catch_f_cm_np1_le_med_6,data/HMDB51_data/videos/catch/Torwarttraining_Arminia_Bielefeld_catch_f_cm_np1_le_med_6.avi,2,8,100,4,2,True,True,0.7276799082756042,0.017037087120115757,0.003775873439735733,1.341067399829626,37,8,8,8,False,
hmdb51,val,Torwarttraining_Arminia_Bielefeld_catch_f_cm_np1_ba_med_0,data/HMDB51_data/videos/catch/Torwarttraining_Arminia_Bielefeld_catch_f_cm_np1_ba_med_0.avi,2,8,100,4,2,True,True,0.8296849727630615,0.017412117682397366,0.003775873439735733,1.322125427890569,37,8,8,8,False,
hmdb51,val,Torwarttraining_2_(_sterreich)_catch_f_cm_np1_le_med_3,data/HMDB51_data/videos/catch/Torwarttraining_2_(_sterreich)_catch_f_cm_np1_le_med_3.avi,2,8,100,4,2,True,True,0.6230712532997131,0.01538998493924737,0.003775873439735733,1.302578175906092,37,8,8,8,False,
hmdb51,val,Torwarttraining_3_(_sterreich)_catch_f_nm_np1_fr_med_5,data/HMDB51_data/videos/catch/Torwarttraining_3_(_sterreich)_catch_f_nm_np1_fr_med_5.avi,2,8,100,4,2,True,True,0.7284879088401794,0.014736566692590714,0.003775873439735733,1.2852507960051298,37,8,8,8,False,
hmdb51,val,Goalkeeper_Training_Day_#_2_catch_f_cm_np1_ba_bad_5,data/HMDB51_data/videos/catch/Goalkeeper_Training_Day_#_2_catch_f_cm_np1_ba_bad_5.avi,2,8,100,4,2,True,True,0.6582970023155212,0.014904940035194159,0.003775873439735733,1.2683096397668123,34,8,8,8,False,
hmdb51,val,Goalkeeper_Training_Day_#_2_catch_f_cm_np1_fr_bad_2,data/HMDB51_data/videos/catch/Goalkeeper_Training_Day_#_2_catch_f_cm_np1_fr_bad_2.avi,2,8,100,4,2,True,True,0.553911566734314,0.015369759872555733,0.003775873439735733,1.2517691180109978,38,8,8,8,False,
hmdb51,val,Ballfangen_catch_u_cm_np1_fr_goo_1,data/HMDB51_data/videos/catch/Ballfangen_catch_u_cm_np1_fr_goo_1.avi,2,8,100,4,2,True,True,0.564238965511322,0.014261562377214432,0.003775873439735733,1.2343235239386559,37,8,8,8,False,
hmdb51,val,Goalkeeper_Training_Day_#_7_catch_f_nm_np1_ri_bad_4,data/HMDB51_data/videos/catch/Goalkeeper_Training_Day_#_7_catch_f_nm_np1_ri_bad_4.avi,2,8,100,4,19,False,True,0.37500470876693726,0.018446847330778837,0.003775873439735733,1.2180192889645696,56,8,8,8,False,
hmdb51,val,torwart_de_-_Torwarttraining_Werder_Bremen_catch_f_cm_np1_ba_bad_0,data/HMDB51_data/videos/catch/torwart_de_-_Torwarttraining_Werder_Bremen_catch_f_cm_np1_ba_bad_0.avi,2,8,100,4,2,True,True,0.8073554635047913,0.01794887101277709,0.003775873439735733,1.1966118481941521,41,8,8,8,False,
hmdb51,val,Torwarttraining_catch_u_cm_np1_ri_med_2,data/HMDB51_data/videos/catch/Torwarttraining_catch_u_cm_np1_ri_med_2.avi,2,8,100,4,2,True,True,0.6446165442466736,0.014285081997513771,0.003775873439735733,1.1756435660645366,34,8,8,8,False,
hmdb51,val,torwart_de_-_Torwarttraining_Werder_Bremen_catch_f_cm_np1_fr_bad_2,data/HMDB51_data/videos/catch/torwart_de_-_Torwarttraining_Werder_Bremen_catch_f_cm_np1_fr_bad_2.avi,2,8,100,4,2,True,True,0.8591535687446594,0.01642686501145363,0.003775873439735733,1.1590331071056426,47,8,8,8,False,
hmdb51,val,Torwarttraining_2_(_sterreich)_catch_f_cm_np1_le_med_5,data/HMDB51_data/videos/catch/Torwarttraining_2_(_sterreich)_catch_f_cm_np1_le_med_5.avi,2,8,100,4,2,True,True,0.7523481845855713,0.014235903043299913,0.003775873439735733,1.1408845079131424,41,8,8,8,False,
hmdb51,val,Seldin_Lipovic_-_Willi_Weber__Torwarttraining__catch_f_cm_np1_ba_bad_7,data/HMDB51_data/videos/catch/Seldin_Lipovic_-_Willi_Weber__Torwarttraining__catch_f_cm_np1_ba_bad_7.avi,2,8,100,4,2,True,True,0.27359360456466675,0.016757015138864517,0.003775873439735733,1.12549684708938,49,8,8,8,False,
hmdb51,val,Sweet_Candy_Bubbles_chew_h_cm_np1_fr_med_2,data/HMDB51_data/videos/chew/Sweet_Candy_Bubbles_chew_h_cm_np1_fr_med_2.avi,3,8,100,4,23,False,True,0.33429592847824097,0.03874177485704422,0.003775873439735733,1.1074640727601945,125,8,8,8,False,
hmdb51,val,random_gum_chewing_chew_h_nm_np1_fr_med_1,data/HMDB51_data/videos/chew/random_gum_chewing_chew_h_nm_np1_fr_med_1.avi,3,8,100,4,3,True,True,0.42966243624687195,0.03456006525084376,0.003775873439735733,1.0661257621832192,90,8,8,8,False,
hmdb51,val,Big_League_Chew_chew_h_nm_np1_fr_goo_1,data/HMDB51_data/videos/chew/Big_League_Chew_chew_h_nm_np1_fr_goo_1.avi,3,8,100,4,39,False,True,0.4947999119758606,0.05020147794857621,0.003775873439735733,1.0267765009775758,159,8,8,8,False,
hmdb51,val,chewing_bubble_gum_chew_h_cm_np1_ri_med_0,data/HMDB51_data/videos/chew/chewing_bubble_gum_chew_h_cm_np1_ri_med_0.avi,3,8,100,4,3,True,True,0.3035810887813568,0.047160737216472626,0.003775873439735733,0.9728716113604605,124,8,8,8,False,
hmdb51,val,lol_im_so_weird___BLOWIN_BUBBLE_GUM__oops_i_burped_at_the_end_my_bad_lol_chew_h_nm_np1_fr_med_2,data/HMDB51_data/videos/chew/lol_im_so_weird___BLOWIN_BUBBLE_GUM__oops_i_burped_at_the_end_my_bad_lol_chew_h_nm_np1_fr_med_2.avi,3,8,100,4,3,True,True,0.47653117775917053,0.026294552255421877,0.003775873439735733,0.922342165838927,79,8,8,8,False,
hmdb51,val,chewing_gum_1_chew_h_nm_np1_fr_goo_0,data/HMDB51_data/videos/chew/chewing_gum_1_chew_h_nm_np1_fr_goo_0.avi,3,8,100,4,39,False,True,0.47171178460121155,0.02587617002427578,0.003775873439735733,0.8912724712863564,79,8,8,8,False,
hmdb51,val,Loud_Chewing_chew_u_cm_np1_fr_med_1,data/HMDB51_data/videos/chew/Loud_Chewing_chew_u_cm_np1_fr_med_1.avi,3,8,100,4,0,False,True,0.4418032169342041,0.026123089715838432,0.003775873439735733,0.8630250906571746,78,8,8,8,False,
hmdb51,val,WeddingCrashers_chew_h_nm_np1_fr_goo_6,data/HMDB51_data/videos/chew/WeddingCrashers_chew_h_nm_np1_fr_goo_6.avi,3,8,100,4,49,False,False,0.596927285194397,0.034129048231989145,0.003775873439735733,0.8352873660624027,53,8,8,8,False,
hmdb51,val,LittleChildren_chew_h_nm_np1_fr_goo_7,data/HMDB51_data/videos/chew/LittleChildren_chew_h_nm_np1_fr_goo_7.avi,3,8,100,4,10,False,False,0.2107098400592804,0.044047222938388586,0.003775873439735733,0.7983184535987675,81,8,8,8,False,
hmdb51,val,Dubble_bubble_compilation_-_all_on_8_pieces_chew_h_nm_np1_fr_med_2,data/HMDB51_data/videos/chew/Dubble_bubble_compilation_-_all_on_8_pieces_chew_h_nm_np1_fr_med_2.avi,3,8,100,4,3,True,True,0.49125340580940247,0.038310866337269545,0.003775873439735733,0.7519102720543742,119,8,8,8,False,
hmdb51,val,Dubble_bubble_compilation_-_all_on_8_pieces_chew_h_nm_np1_fr_med_0,data/HMDB51_data/videos/chew/Dubble_bubble_compilation_-_all_on_8_pieces_chew_h_nm_np1_fr_med_0.avi,3,8,100,4,3,True,True,0.4399939477443695,0.022374317049980164,0.003775873439735733,0.710296630859375,73,8,8,8,False,
hmdb51,val,TheBoondockSaints_chew_u_nm_np1_fr_med_46,data/HMDB51_data/videos/chew/TheBoondockSaints_chew_u_nm_np1_fr_med_46.avi,3,8,100,4,48,False,False,0.3048805892467499,0.034339021891355515,0.003775873439735733,0.6856646537780762,74,8,8,8,False,
hmdb51,val,Scott_Can_t_Make_His_Bubblegum_Pop_chew_h_nm_np1_fr_med_2,data/HMDB51_data/videos/chew/Scott_Can_t_Make_His_Bubblegum_Pop_chew_h_nm_np1_fr_med_2.avi,3,8,100,4,39,False,True,0.38178378343582153,0.027579457964748144,0.003775873439735733,0.6485301880165935,90,8,8,8,False,
hmdb51,val,chewing_gum_2_chew_h_cm_np1_fr_med_0,data/HMDB51_data/videos/chew/chewing_gum_2_chew_h_cm_np1_fr_med_0.avi,3,8,100,4,39,False,True,0.34405210614204407,0.03687873017042875,0.003775873439735733,0.6183366002514958,90,8,8,8,False,
hmdb51,val,Bubble_blowing_3!_chew_h_nm_np1_le_bad_1,data/HMDB51_data/videos/chew/Bubble_blowing_3!_chew_h_nm_np1_le_bad_1.avi,3,8,100,4,39,False,True,0.4459894299507141,0.03492826595902443,0.003775873439735733,0.5793030448257923,100,8,8,8,False,
hmdb51,val,Double_bubble_in_one_big_bubble_-D_chew_h_nm_np1_fr_goo_2,data/HMDB51_data/videos/chew/Double_bubble_in_one_big_bubble_-D_chew_h_nm_np1_fr_goo_2.avi,3,8,100,4,39,False,True,0.5070423483848572,0.029473123140633106,0.003775873439735733,0.541715778876096,88,8,8,8,False,
hmdb51,val,Boom_Snap_Clap_clap_u_nm_np1_fr_med_1,data/HMDB51_data/videos/clap/Boom_Snap_Clap_clap_u_nm_np1_fr_med_1.avi,4,8,100,4,4,True,True,0.6955866813659668,0.025523757096379995,0.003775873439735733,0.5090810740366578,80,8,8,8,False,
hmdb51,val,The_Slow_Clap_clap_u_nm_np2_fr_med_23,data/HMDB51_data/videos/clap/The_Slow_Clap_clap_u_nm_np2_fr_med_23.avi,4,8,100,4,4,True,True,0.7096219658851624,0.02643237868323922,0.0036639524187194183,1.9447628743946552,30,8,8,8,False,
hmdb51,val,Standing_clap_f_cm_np1_fr_med_1,data/HMDB51_data/videos/clap/Standing_clap_f_cm_np1_fr_med_1.avi,4,8,100,4,4,True,True,0.34541261196136475,0.026311869733035564,0.0036639524187194183,1.9139435640536249,80,8,8,8,False,
hmdb51,val,Deutscher_Klatsch_-_The_Clap_-_Lexy_clap_f_cm_np2_ba_med_2,data/HMDB51_data/videos/clap/Deutscher_Klatsch_-_The_Clap_-_Lexy_clap_f_cm_np2_ba_med_2.avi,4,8,100,4,22,False,False,0.2031109631061554,0.024969411082565784,0.0036639524187194183,1.884076421149075,41,8,8,8,False,
hmdb51,val,Theslowclap1_clap_f_cm_np1_fr_med_0,data/HMDB51_data/videos/clap/Theslowclap1_clap_f_cm_np1_fr_med_0.avi,4,8,100,4,3,False,True,0.23904453217983246,0.023113335017114878,0.0036639524187194183,1.8577700750902295,72,8,8,8,False,
hmdb51,val,slowclap_clap_u_nm_np1_fr_goo_0,data/HMDB51_data/videos/clap/slowclap_clap_u_nm_np1_fr_goo_0.avi,4,8,100,4,40,False,False,0.4053277373313904,0.07599815633147955,0.0036639524187194183,1.8303286507725716,268,8,8,8,False,
hmdb51,val,The_Slow_Clap_clap_u_nm_np1_fr_med_1,data/HMDB51_data/videos/clap/The_Slow_Clap_clap_u_nm_np1_fr_med_1.avi,4,8,100,4,4,True,True,0.7825047373771667,0.02472374914214015,0.0036639524187194183,1.751253459136933,80,8,8,8,False,
hmdb51,val,The_Slow_Clap_clap_u_nm_np2_fr_med_8,data/HMDB51_data/videos/clap/The_Slow_Clap_clap_u_nm_np2_fr_med_8.avi,4,8,100,4,4,True,True,0.8036640286445618,0.02392009599134326,0.0036639524187194183,1.7242900570854545,65,8,8,8,False,
hmdb51,val,Boom__Snap__Clap!_(Challenge)_clap_u_nm_np1_fr_med_0,data/HMDB51_data/videos/clap/Boom__Snap__Clap!_(Challenge)_clap_u_nm_np1_fr_med_0.avi,4,8,100,4,4,True,True,0.6463709473609924,0.02392088295891881,0.0036639524187194183,1.6963605149649084,79,8,8,8,False,
hmdb51,val,Faith_Rewarded_clap_u_cm_np1_ri_goo_1,data/HMDB51_data/videos/clap/Faith_Rewarded_clap_u_cm_np1_ri_goo_1.avi,4,8,100,4,4,True,True,0.29934900999069214,0.04162757517769933,0.0036639524187194183,1.6694732960313559,53,8,8,8,False,
hmdb51,val,Veoh_Alpha_Dog_1_clap_u_nm_np1_fr_goo_62,data/HMDB51_data/videos/clap/Veoh_Alpha_Dog_1_clap_u_nm_np1_fr_goo_62.avi,4,8,100,4,48,False,False,0.30879494547843933,0.03014466119930148,0.0036639524187194183,1.623956514056772,55,8,8,8,False,
hmdb51,val,RE-_Boom_Snap_Clap_clap_u_nm_np1_fr_med_1,data/HMDB51_data/videos/clap/RE-_Boom_Snap_Clap_clap_u_nm_np1_fr_med_1.avi,4,8,100,4,4,True,True,0.7366490364074707,0.027105659246444702,0.0036639524187194183,1.590693959966302,79,8,8,8,False,
hmdb51,val,Budam_-_Clap_Hands_clap_u_nm_np1_fr_med_0,data/HMDB51_data/videos/clap/Budam_-_Clap_Hands_clap_u_nm_np1_fr_med_0.avi,4,8,100,4,49,False,True,0.18057669699192047,0.025097256060689688,0.0036639524187194183,1.5594320972450078,78,8,8,8,False,
hmdb51,val,_Boom_Snap_Clap__challenge_clap_u_nm_np1_fr_med_1,data/HMDB51_data/videos/clap/_Boom_Snap_Clap__challenge_clap_u_nm_np1_fr_med_1.avi,4,8,100,4,4,True,True,0.5165898203849792,0.024132527876645327,0.0036639524187194183,1.5320833111181855,79,8,8,8,False,
hmdb51,val,The_Slow_Clap_clap_u_nm_np1_fr_med_14,data/HMDB51_data/videos/clap/The_Slow_Clap_clap_u_nm_np1_fr_med_14.avi,4,8,100,4,4,True,True,0.5893185138702393,0.026007194072008133,0.0036639524187194183,1.5057857441715896,79,8,8,8,False,
hmdb51,val,The_Slow_Clap_clap_u_nm_np1_fr_med_2,data/HMDB51_data/videos/clap/The_Slow_Clap_clap_u_nm_np1_fr_med_2.avi,4,8,100,4,4,True,True,0.7026308178901672,0.011859418824315071,0.0036639524187194183,1.4768827008083463,25,7,8,8,False,
hmdb51,val,Hand_Clapping_Game__Bim_Bum__clap_f_nm_np2_fr_med_2,data/HMDB51_data/videos/clap/Hand_Clapping_Game__Bim_Bum__clap_f_nm_np2_fr_med_2.avi,4,8,100,4,4,True,True,0.8091939091682434,0.028683504089713097,0.0036639524187194183,1.4630516050383449,79,8,8,8,False,
hmdb51,val,#20_Rhythm_clap_u_nm_np1_le_goo_3,data/HMDB51_data/videos/clap/#20_Rhythm_clap_u_nm_np1_le_goo_3.avi,4,8,100,4,4,True,True,0.7122433185577393,0.024683017283678055,0.0036639524187194183,1.4312547901645303,79,8,8,8,False,
hmdb51,val,Deutscher_Klatsch_-_The_Clap_-_Lexy_clap_f_cm_np3_fr_med_9,data/HMDB51_data/videos/clap/Deutscher_Klatsch_-_The_Clap_-_Lexy_clap_f_cm_np3_fr_med_9.avi,4,8,100,4,20,False,False,0.20856231451034546,0.02676936611533165,0.0036639524187194183,1.4036403321661055,78,8,8,8,False,
hmdb51,val,Kletter-WM_2005-_Bouldern_Finale_Herren__Serik_Kazbekov_climb_f_cm_np1_ba_med_0,data/HMDB51_data/videos/climb/Kletter-WM_2005-_Bouldern_Finale_Herren__Serik_Kazbekov_climb_f_cm_np1_ba_med_0.avi,5,8,100,4,5,True,True,0.9411291480064392,0.045220856089144945,0.0036639524187194183,1.3738887310028076,154,8,8,8,False,
hmdb51,val,Kletter-WM_2005-_Speed_Achtelfinale_Herren_Minatchev_Hroza_climb_f_cm_np2_ba_med_0,data/HMDB51_data/videos/climb/Kletter-WM_2005-_Speed_Achtelfinale_Herren_Minatchev_Hroza_climb_f_cm_np2_ba_med_0.avi,5,8,100,4,21,False,False,0.2535209655761719,0.028631278313696384,0.0036639524187194183,1.325304760131985,79,8,8,8,False,
hmdb51,val,Pole_climbing_World_Championships_climb_f_nm_np1_ba_med_1,data/HMDB51_data/videos/climb/Pole_climbing_World_Championships_climb_f_nm_np1_ba_med_1.avi,5,8,100,4,7,False,True,0.4490715563297272,0.022578457836061716,0.0036639524187194183,1.2937199980951846,77,8,8,8,False,
hmdb51,val,(HQ)_Rock_Climbing_-_Free_Solo_Speed_Climb_-_Dan_Osman_climb_f_cm_np1_le_med_3,data/HMDB51_data/videos/climb/(HQ)_Rock_Climbing_-_Free_Solo_Speed_Climb_-_Dan_Osman_climb_f_cm_np1_le_med_3.avi,5,8,100,4,5,True,True,0.9640347361564636,0.059906840324401855,0.0036639524187194183,1.2694464488886297,197,8,8,8,False,
hmdb51,val,Jez__roof_climbing_in_Mile_End_climb_f_cm_np1_ba_med_2,data/HMDB51_data/videos/climb/Jez__roof_climbing_in_Mile_End_climb_f_cm_np1_ba_med_2.avi,5,8,100,4,5,True,True,0.9265559911727905,0.06607824703678489,0.0036639524187194183,1.2063931380398571,210,8,8,8,False,
hmdb51,val,Climbing_roof_in_TCA_climb_f_cm_np1_ba_med_1,data/HMDB51_data/videos/climb/Climbing_roof_in_TCA_climb_f_cm_np1_ba_med_1.avi,5,8,100,4,5,True,True,0.9619751572608948,0.08423989918082952,0.0036639524187194183,1.1375332120805979,232,8,8,8,False,
hmdb51,val,DM_Sportklettern_2006-_Qualifikation_-_Andreas_Bindhammer_climb_f_cm_np1_ba_med_2,data/HMDB51_data/videos/climb/DM_Sportklettern_2006-_Qualifikation_-_Andreas_Bindhammer_climb_f_cm_np1_ba_med_2.avi,5,8,100,4,5,True,True,0.9401941895484924,0.05470495857298374,0.0036639524187194183,1.0490643549710512,176,8,8,8,False,
hmdb51,val,(HQ)_Rock_Climbing_-_Free_Solo_Speed_Climb_-_Dan_Osman_climb_f_cm_np1_le_med_1,data/HMDB51_data/videos/climb/(HQ)_Rock_Climbing_-_Free_Solo_Speed_Climb_-_Dan_Osman_climb_f_cm_np1_le_med_1.avi,5,8,100,4,5,True,True,0.9572793245315552,0.04380234610289335,0.0036639524187194183,0.9912442909553647,129,8,8,8,False,
hmdb51,val,Julius_Haushammer___Klettern_und_Bouldern___1979_climb_f_cm_np1_ba_med_1,data/HMDB51_data/videos/climb/Julius_Haushammer___Klettern_und_Bouldern___1979_climb_f_cm_np1_ba_med_1.avi,5,8,100,4,5,True,True,0.9332998991012573,0.04517833981662989,0.0036639524187194183,0.9441881561651826,130,8,8,8,False,
hmdb51,val,Jez__roof_climbing_in_Mile_End_climb_f_cm_np1_ba_med_0,data/HMDB51_data/videos/climb/Jez__roof_climbing_in_Mile_End_climb_f_cm_np1_ba_med_0.avi,5,8,100,4,5,True,True,0.7518969178199768,0.04367777006700635,0.0036639524187194183,0.8945461791008711,131,8,8,8,False,
hmdb51,val,Pole_climbing_World_Championships_climb_f_cm_np1_le_med_3,data/HMDB51_data/videos/climb/Pole_climbing_World_Championships_climb_f_cm_np1_le_med_3.avi,5,8,100,4,5,True,True,0.3815913796424866,0.029382816050201654,0.0036639524187194183,0.847739742603153,77,8,8,8,False,
hmdb51,val,Klettern_by_Kurt_Hackner_climb_f_cm_np1_ba_med_0,data/HMDB51_data/videos/climb/Klettern_by_Kurt_Hackner_climb_f_cm_np1_ba_med_0.avi,5,8,100,4,5,True,True,0.9604989886283875,0.04293788131326437,0.0036639524187194183,0.8146070269867778,119,8,8,8,False,
hmdb51,val,Climbing_roof_in_TCA_climb_f_cm_np1_ba_med_2,data/HMDB51_data/videos/climb/Climbing_roof_in_TCA_climb_f_cm_np1_ba_med_2.avi,5,8,100,4,5,True,True,0.9610931277275085,0.1666465299203992,0.0036639524187194183,0.7696428177878261,628,8,8,8,False,
hmdb51,val,Amazing_Wall_Climber_(Must_be_Seen_to_Be_Believed!)_climb_f_cm_np1_ba_bad_1,data/HMDB51_data/videos/climb/Amazing_Wall_Climber_(Must_be_Seen_to_Be_Believed!)_climb_f_cm_np1_ba_bad_1.avi,5,8,100,4,5,True,True,0.9398210644721985,0.12201161403208971,0.0036639524187194183,0.5997126740403473,471,8,8,8,False,
hmdb51,val,Mexican_Climbing_Fence_climb_f_cm_np1_ba_med_2,data/HMDB51_data/videos/climb/Mexican_Climbing_Fence_climb_f_cm_np1_ba_med_2.avi,5,8,100,4,32,False,True,0.3846359848976135,0.041005505714565516,0.0038356699369614944,1.5644067870453,79,8,8,8,False,
hmdb51,val,Bristol_UCR_roof_climb_climb_f_cm_np1_ba_bad_2,data/HMDB51_data/videos/climb/Bristol_UCR_roof_climb_climb_f_cm_np1_ba_bad_2.avi,5,8,100,4,5,True,True,0.9613380432128906,0.0964053776115179,0.0038356699369614944,1.520134181715548,352,8,8,8,False,
hmdb51,val,Fellowship_6_climb_stairs_f_nm_np1_ba_bad_4,data/HMDB51_data/videos/climb_stairs/Fellowship_6_climb_stairs_f_nm_np1_ba_bad_4.avi,6,8,100,4,49,False,False,0.5207701921463013,0.03773387987166643,0.0038356699369614944,1.4210081449709833,93,8,8,8,False,
hmdb51,val,Empire_State_Building_Run-Up_climb_stairs_f_cm_np1_ba_med_3,data/HMDB51_data/videos/climb_stairs/Empire_State_Building_Run-Up_climb_stairs_f_cm_np1_ba_med_3.avi,6,8,100,4,5,False,True,0.5133191347122192,0.03681566612794995,0.0038356699369614944,1.3812290271744132,78,8,8,8,False,
hmdb51,val,Braune_Stiefel_brown_boots_hot_high_heels_Treppen_steigen_Down-_and_upstairs_climb_stairs_l_cm_np1_ri_med_3,data/HMDB51_data/videos/climb_stairs/Braune_Stiefel_brown_boots_hot_high_heels_Treppen_steigen_Down-_and_upstairs_climb_stairs_l_cm_np1_ri_med_3.avi,6,8,100,4,6,True,True,0.684902012348175,0.030751613900065422,0.0038356699369614944,1.3391613899730146,78,8,8,8,False,
hmdb51,val,TheLastManOnearth_climb_stairs_f_nm_np1_ba_med_56,data/HMDB51_data/videos/climb_stairs/TheLastManOnearth_climb_stairs_f_nm_np1_ba_med_56.avi,6,8,100,4,49,False,False,0.59264075756073,0.026229538023471832,0.0038356699369614944,1.3049121689982712,48,8,8,8,False,
hmdb51,val,Micah_Lacerte_Running_Stairs___Great_cardio_for_fat_loss_climb_stairs_f_cm_np1_ba_med_4,data/HMDB51_data/videos/climb_stairs/Micah_Lacerte_Running_Stairs___Great_cardio_for_fat_loss_climb_stairs_f_cm_np1_ba_med_4.avi,6,8,100,4,5,False,True,0.5681790709495544,0.030028484761714935,0.0038356699369614944,1.2745678736828268,79,8,8,8,False,
hmdb51,val,Jerry_Lewis_Cinderfella_dance_climb_stairs_f_nm_np1_fr_bad_1,data/HMDB51_data/videos/climb_stairs/Jerry_Lewis_Cinderfella_dance_climb_stairs_f_nm_np1_fr_bad_1.avi,6,8,100,4,21,False,False,0.3053801953792572,0.0265967920422554,0.0038356699369614944,1.24105173535645,80,8,8,8,False,
hmdb51,val,treppensteigen_1_climb_stairs_f_cm_np2_fr_med_2,data/HMDB51_data/videos/climb_stairs/treppensteigen_1_climb_stairs_f_cm_np2_fr_med_2.avi,6,8,100,4,24,False,True,0.18654318153858185,0.03421509871259332,0.0038356699369614944,1.2110223681665957,79,8,8,8,False,
hmdb51,val,Narcotic1967256kb_climb_stairs_f_nm_np1_ba_med_0,data/HMDB51_data/videos/climb_stairs/Narcotic1967256kb_climb_stairs_f_nm_np1_ba_med_0.avi,6,8,100,4,49,False,False,0.672855019569397,0.02819610619917512,0.0038356699369614944,1.1726442910730839,81,8,8,8,False,
hmdb51,val,Return_of_the_King_4_climb_stairs_f_cm_np1_ba_bad_6,data/HMDB51_data/videos/climb_stairs/Return_of_the_King_4_climb_stairs_f_cm_np1_ba_bad_6.avi,6,8,100,4,49,False,False,0.7206741571426392,0.03401789302006364,0.0038356699369614944,1.1418148530647159,103,8,8,8,False,
hmdb51,val,Treppen_steigen_climb_stairs_f_cm_np1_le_bad_8,data/HMDB51_data/videos/climb_stairs/Treppen_steigen_climb_stairs_f_cm_np1_le_bad_8.avi,6,8,100,4,24,False,True,0.1989014893770218,0.03585038706660271,0.0038356699369614944,1.1049892851151526,88,8,8,8,False,
hmdb51,val,Sports_Training_-_Speed_Workouts_-_Stair_Running_climb_stairs_f_nm_np1_ba_med_2,data/HMDB51_data/videos/climb_stairs/Sports_Training_-_Speed_Workouts_-_Stair_Running_climb_stairs_f_nm_np1_ba_med_2.avi,6,8,100,4,6,True,True,0.3928755223751068,0.028735159896314144,0.0038356699369614944,1.065907517913729,77,8,8,8,False,
hmdb51,val,Empire_State_Building_Run-Up_climb_stairs_f_cm_np1_ba_med_1,data/HMDB51_data/videos/climb_stairs/Empire_State_Building_Run-Up_climb_stairs_f_cm_np1_ba_med_1.avi,6,8,100,4,5,False,True,0.4367273449897766,0.028605299070477486,0.0038356699369614944,1.034825000911951,78,8,8,8,False,
hmdb51,val,TheLastManOnearth_climb_stairs_f_cm_np1_ba_med_33,data/HMDB51_data/videos/climb_stairs/TheLastManOnearth_climb_stairs_f_cm_np1_ba_med_33.avi,6,8,100,4,49,False,False,0.8536428809165955,0.017154396045953035,0.0038356699369614944,1.0034357379190624,53,8,8,8,False,
hmdb51,val,GuardiansOfO256kb_climb_stairs_f_cm_np1_ba_med_0,data/HMDB51_data/videos/climb_stairs/GuardiansOfO256kb_climb_stairs_f_cm_np1_ba_med_0.avi,6,8,100,4,32,False,False,0.464016854763031,0.05120752425864339,0.0038356699369614944,0.9839978730306029,175,8,8,8,False,
hmdb51,val,Stairway_to_fitness_climb_stairs_f_nm_np1_fr_med_0,data/HMDB51_data/videos/climb_stairs/Stairway_to_fitness_climb_stairs_f_nm_np1_fr_med_0.avi,6,8,100,4,6,True,True,0.5194166302680969,0.024814791977405548,0.0038356699369614944,0.9308100086636841,79,8,8,8,False,
hmdb51,val,Running_Up_Stairs_climb_stairs_l_nm_np1_ba_med_2,data/HMDB51_data/videos/climb_stairs/Running_Up_Stairs_climb_stairs_l_nm_np1_ba_med_2.avi,6,8,100,4,6,True,True,0.6857933402061462,0.022905115969479084,0.0038356699369614944,0.9033572599291801,79,8,8,8,False,
hmdb51,val,GoalKeeper_Training_2_dive_f_cm_np1_le_bad_12,data/HMDB51_data/videos/dive/GoalKeeper_Training_2_dive_f_cm_np1_le_bad_12.avi,7,8,100,4,19,False,True,0.4529512822628021,0.030919781886041164,0.0038356699369614944,0.8790624807588756,63,8,8,8,False,
hmdb51,val,Butcho_dive_f_cm_np1_fr_bad_0,data/HMDB51_data/videos/dive/Butcho_dive_f_cm_np1_fr_bad_0.avi,7,8,100,4,7,True,True,0.6949989199638367,0.018787018954753876,0.0038356699369614944,0.8459250740706921,34,8,8,8,False,
hmdb51,val,Dive_Roll_dive_u_cm_np1_fr_bad_2,data/HMDB51_data/videos/dive/Dive_Roll_dive_u_cm_np1_fr_bad_2.avi,7,8,100,4,41,False,False,0.29907506704330444,0.025773927103728056,0.0038356699369614944,0.8240797361359,64,8,8,8,False,
hmdb51,val,Matze_-_Wanne_mit_Angriff_-_Butcho_K_pfer_-_1m_dive_f_cm_np1_fr_bad_0,data/HMDB51_data/videos/dive/Matze_-_Wanne_mit_Angriff_-_Butcho_K_pfer_-_1m_dive_f_cm_np1_fr_bad_0.avi,7,8,100,4,7,True,True,0.8135713934898376,0.023974756244570017,0.0038356699369614944,0.7965415483340621,53,8,8,8,False,
hmdb51,val,Bungee_Jumping_in_Switzerland_-_Compilation_Part_1_dive_f_cm_np1_fr_bad_1,data/HMDB51_data/videos/dive/Bungee_Jumping_in_Switzerland_-_Compilation_Part_1_dive_f_cm_np1_fr_bad_1.avi,7,8,100,4,7,True,True,0.40326231718063354,0.025837130844593048,0.0038356699369614944,0.7694663139991462,61,8,8,8,False,
hmdb51,val,Pirates_5_dive_f_cm_np1_fr_bad_6,data/HMDB51_data/videos/dive/Pirates_5_dive_f_cm_np1_fr_bad_6.avi,7,8,100,4,7,True,True,0.49427342414855957,0.03108186461031437,0.0038356699369614944,0.7419923488050699,64,8,8,8,False,
hmdb51,val,bungee_jumping_compilation_dive_f_cm_np1_ri_med_1,data/HMDB51_data/videos/dive/bungee_jumping_compilation_dive_f_cm_np1_ri_med_1.avi,7,8,100,4,7,True,True,0.6942999362945557,0.030761125963181257,0.0038356699369614944,0.7086785538122058,78,8,8,8,False,
hmdb51,val,Parkour_dive_u_cm_np1_fr_bad_0,data/HMDB51_data/videos/dive/Parkour_dive_u_cm_np1_fr_bad_0.avi,7,8,100,4,19,False,True,0.6158243417739868,0.02429551724344492,0.0038356699369614944,0.6752189896069467,79,8,8,8,False,
hmdb51,val,base_jumping_compilation_3_FMJ_dive_f_cm_np1_ba_bad_3,data/HMDB51_data/videos/dive/base_jumping_compilation_3_FMJ_dive_f_cm_np1_ba_bad_3.avi,7,8,100,4,7,True,True,0.4282102584838867,0.023740689735859632,0.0038356699369614944,0.6487325229682028,43,8,8,8,False,
hmdb51,val,Bungee_Jumping_Europabr_cke_192m_dive_f_cm_np1_ri_bad_2,data/HMDB51_data/videos/dive/Bungee_Jumping_Europabr_cke_192m_dive_f_cm_np1_ri_bad_2.avi,7,8,100,4,7,True,True,0.8352094292640686,0.021818960085511208,0.0038356699369614944,0.6218307707458735,56,8,8,8,False,
hmdb51,val,GoalKeeper_Training_2_dive_f_cm_np1_ba_bad_2,data/HMDB51_data/videos/dive/GoalKeeper_Training_2_dive_f_cm_np1_ba_bad_2.avi,7,8,100,4,7,True,True,0.4223524332046509,0.03116356860846281,0.0038356699369614944,0.5970191545784473,79,8,8,8,False,
hmdb51,val,Hechtsprung_1_dive_f_cm_np1_ba_bad_0,data/HMDB51_data/videos/dive/Hechtsprung_1_dive_f_cm_np1_ba_bad_0.avi,7,8,100,4,7,True,True,0.6049523949623108,0.015210924670100212,0.0038356699369614944,0.5648787273094058,38,8,8,8,False,
hmdb51,val,TheBoondockSaints_dive_f_cm_np1_ba_bad_39,data/HMDB51_data/videos/dive/TheBoondockSaints_dive_f_cm_np1_ba_bad_39.avi,7,8,100,4,49,False,False,0.7108587622642517,0.02270066412165761,0.0038356699369614944,0.5478129819966853,50,8,8,8,False,
hmdb51,val,96_Meter_Bungy-Jump__Jauntal_03_dive_f_cm_np1_ri_bad_0,data/HMDB51_data/videos/dive/96_Meter_Bungy-Jump__Jauntal_03_dive_f_cm_np1_ri_bad_0.avi,7,8,100,4,7,True,True,0.7429258823394775,0.037659051828086376,0.0038356699369614944,0.5219736280851066,114,8,8,8,False,
hmdb51,val,Return_of_the_King_1_dive_f_cm_np1_fr_bad_10,data/HMDB51_data/videos/dive/Return_of_the_King_1_dive_f_cm_np1_fr_bad_10.avi,7,8,100,4,17,False,False,0.14845098555088043,0.06967109441757202,0.0036906347813783213,1.5930229723453522,190,8,8,8,False,
hmdb51,val,Splashdiving_II_dive_f_cm_np1_ri_med_2,data/HMDB51_data/videos/dive/Splashdiving_II_dive_f_cm_np1_ri_med_2.avi,7,8,100,4,7,True,True,0.41231557726860046,0.0408978471532464,0.0036906347813783213,1.5199597291648388,112,8,8,8,False,
hmdb51,val,BungyjumpingAJHackettNewZealand_dive_f_cm_np1_fr_bad_1,data/HMDB51_data/videos/dive/BungyjumpingAJHackettNewZealand_dive_f_cm_np1_fr_bad_1.avi,7,8,100,4,7,True,True,0.4298628568649292,0.044567320961505175,0.0036906347813783213,1.4750212347134948,111,8,8,8,False,
hmdb51,val,Jeff_Bungee_Jumping_dive_f_cm_np1_fr_bad_1,data/HMDB51_data/videos/dive/Jeff_Bungee_Jumping_dive_f_cm_np1_fr_bad_1.avi,7,8,100,4,7,True,True,0.8565536141395569,0.02601480996236205,0.0036906347813783213,1.42629359010607,65,8,8,8,False,
hmdb51,val,BASE_Jumping_Compilation_-_Brilliant_dive_f_cm_np1_le_bad_1,data/HMDB51_data/videos/dive/BASE_Jumping_Compilation_-_Brilliant_dive_f_cm_np1_le_bad_1.avi,7,8,100,4,7,True,True,0.5875703692436218,0.016007669735699892,0.0036906347813783213,1.3963602562434971,45,8,8,8,False,
hmdb51,val,Iaido_13_katas_draw_sword_f_nm_np1_fr_med_9,data/HMDB51_data/videos/draw_sword/Iaido_13_katas_draw_sword_f_nm_np1_fr_med_9.avi,8,8,100,4,45,False,True,0.4972973167896271,0.029595285654067993,0.0036906347813783213,1.3784813680686057,110,8,8,8,False,
hmdb51,val,San-su_martial_arts_iaido_first_11_kata_draw_sword_f_cm_np1_le_med_7,data/HMDB51_data/videos/draw_sword/San-su_martial_arts_iaido_first_11_kata_draw_sword_f_cm_np1_le_med_7.avi,8,8,100,4,8,True,True,0.3841880261898041,0.042747235391288996,0.0036906347813783213,1.3449624492786825,131,8,8,8,False,
hmdb51,val,San-su_martial_arts_iaido_first_11_kata_draw_sword_f_cm_np1_fr_med_0,data/HMDB51_data/videos/draw_sword/San-su_martial_arts_iaido_first_11_kata_draw_sword_f_cm_np1_fr_med_0.avi,8,8,100,4,8,True,True,0.7566506862640381,0.030998385976999998,0.0036906347813783213,1.2996147349476814,85,8,8,8,False,
hmdb51,val,The_Three_Musketeers_(1993)_Final_Battle_1_3_draw_sword_u_cm_np1_fr_med_1,data/HMDB51_data/videos/draw_sword/The_Three_Musketeers_(1993)_Final_Battle_1_3_draw_sword_u_cm_np1_fr_med_1.avi,8,8,100,4,44,False,False,0.2737427055835724,0.029260042123496532,0.0036906347813783213,1.2656896468251944,41,8,8,8,False,
hmdb51,val,Muso_Jikiden_Eishin_ryu_iaido_draw_sword_f_cm_np1_le_med_4,data/HMDB51_data/videos/draw_sword/Muso_Jikiden_Eishin_ryu_iaido_draw_sword_f_cm_np1_le_med_4.avi,8,8,100,4,8,True,True,0.4668756127357483,0.032476149033755064,0.0036906347813783213,1.233098824042827,91,8,8,8,False,
hmdb51,val,Iaido_13_katas_draw_sword_f_nm_np1_fr_med_0,data/HMDB51_data/videos/draw_sword/Iaido_13_katas_draw_sword_f_nm_np1_fr_med_0.avi,8,8,100,4,8,True,True,0.405248761177063,0.03554836707189679,0.0036906347813783213,1.1979932319372892,128,8,8,8,False,
hmdb51,val,Nakayama_Aikido_Iaido_Part_3_draw_sword_f_cm_np1_le_med_0,data/HMDB51_data/videos/draw_sword/Nakayama_Aikido_Iaido_Part_3_draw_sword_f_cm_np1_le_med_0.avi,8,8,100,4,45,False,True,0.1415909379720688,0.01865030126646161,0.0036906347813783213,1.1578709143213928,48,8,8,8,False,
hmdb51,val,Spirit_Of_The_Sword_Volume_1_DVD_draw_sword_f_nm_np1_fr_med_1,data/HMDB51_data/videos/draw_sword/Spirit_Of_The_Sword_Volume_1_DVD_draw_sword_f_nm_np1_fr_med_1.avi,8,8,100,4,45,False,True,0.4183451235294342,0.014931375160813332,0.0036906347813783213,1.1372345960699022,45,8,8,8,False,
hmdb51,val,Muso_Jikiden_Eishinryu_in_Guldental_draw_sword_f_cm_np1_le_med_4,data/HMDB51_data/videos/draw_sword/Muso_Jikiden_Eishinryu_in_Guldental_draw_sword_f_cm_np1_le_med_4.avi,8,8,100,4,35,False,True,0.5282599925994873,0.027277783025056124,0.0036906347813783213,1.1204020199365914,78,8,8,8,False,
hmdb51,val,Iaido_video_instruction_series_Wehrhahn_Sensei_draw_sword_f_nm_np1_le_med_5,data/HMDB51_data/videos/draw_sword/Iaido_video_instruction_series_Wehrhahn_Sensei_draw_sword_f_nm_np1_le_med_5.avi,8,8,100,4,8,True,True,0.5433743000030518,0.021530325058847666,0.0036906347813783213,1.090280428994447,75,8,8,8,False,
hmdb51,val,Takeda_Ryu_Iaido_draw_sword_f_nm_np1_fr_med_2,data/HMDB51_data/videos/draw_sword/Takeda_Ryu_Iaido_draw_sword_f_nm_np1_fr_med_2.avi,8,8,100,4,45,False,True,0.28913411498069763,0.019180094823241234,0.0036906347813783213,1.066475132945925,61,8,8,8,False,
hmdb51,val,Drawing_and_Resheathing_the_Japanese_Sword_draw_sword_u_nm_np1_le_med_1,data/HMDB51_data/videos/draw_sword/Drawing_and_Resheathing_the_Japanese_Sword_draw_sword_u_nm_np1_le_med_1.avi,8,8,100,4,8,True,True,0.22670964896678925,0.02562891785055399,0.0036906347813783213,1.0446349321864545,79,8,8,8,False,
hmdb51,val,DBK_Custom_Swords_-__Swordless__ScabbardBelt_draw_sword_u_nm_np1_fr_med_0,data/HMDB51_data/videos/draw_sword/DBK_Custom_Swords_-__Swordless__ScabbardBelt_draw_sword_u_nm_np1_fr_med_0.avi,8,8,100,4,8,True,True,0.4005900025367737,0.025340907275676727,0.0036906347813783213,1.0168430847115815,78,8,8,8,False,
hmdb51,val,Muso_Jikiden_Eishinryu_in_Guldental_draw_sword_f_cm_np1_le_med_3,data/HMDB51_data/videos/draw_sword/Muso_Jikiden_Eishinryu_in_Guldental_draw_sword_f_cm_np1_le_med_3.avi,8,8,100,4,8,True,True,0.7622968554496765,0.02804427780210972,0.0036906347813783213,0.9885632400400937,89,8,8,8,False,
hmdb51,val,Ninja_(samurai_sword)_draw_sword_u_nm_np1_fr_med_0,data/HMDB51_data/videos/draw_sword/Ninja_(samurai_sword)_draw_sword_u_nm_np1_fr_med_0.avi,8,8,100,4,8,True,True,0.5809792280197144,0.023635206278413534,0.0036906347813783213,0.9591516200453043,78,8,8,8,False,
hmdb51,val,Sibu_Malaysia_Vacation_little_brother_dribbling_basketball_Sarawak_dribble_f_cm_np1_ba_bad_4,data/HMDB51_data/videos/dribble/Sibu_Malaysia_Vacation_little_brother_dribbling_basketball_Sarawak_dribble_f_cm_np1_ba_bad_4.avi,9,8,100,4,9,True,True,0.9434079527854919,0.02542493399232626,0.0036906347813783213,0.9336648718453944,78,8,8,8,False,
hmdb51,val,Basketball_Dribbling_Tips_dribble_f_cm_np1_fr_med_0,data/HMDB51_data/videos/dribble/Basketball_Dribbling_Tips_dribble_f_cm_np1_fr_med_0.avi,9,8,100,4,9,True,True,0.8638768792152405,0.02714510913938284,0.0036906347813783213,0.9062272468581796,78,8,8,8,False,
hmdb51,val,Basketball_Dribbling_Tips__2_dribble_f_cm_np1_fr_med_1,data/HMDB51_data/videos/dribble/Basketball_Dribbling_Tips__2_dribble_f_cm_np1_fr_med_1.avi,9,8,100,4,9,True,True,0.9445194602012634,0.025517737958580256,0.0036906347813783213,0.876556808128953,78,8,8,8,False,
hmdb51,val,10YearOldYouthBasketballStarBaller_dribble_f_cm_np1_ba_med_5,data/HMDB51_data/videos/dribble/10YearOldYouthBasketballStarBaller_dribble_f_cm_np1_ba_med_5.avi,9,8,100,4,9,True,True,0.9485533237457275,0.03473840979859233,0.0036906347813783213,0.8488509571179748,110,8,8,8,False,
hmdb51,val,Basketball_Dribbling_-_Basketball_Dribbling-_Finger_Pads_dribble_f_nm_np2_le_med_4,data/HMDB51_data/videos/dribble/Basketball_Dribbling_-_Basketball_Dribbling-_Finger_Pads_dribble_f_nm_np2_le_med_4.avi,9,8,100,4,9,True,True,0.9151527881622314,0.028580582235008478,0.0036906347813783213,0.811556639149785,101,8,8,8,False,
hmdb51,val,How_to_Play_Professional_Basketball_-_The_Two_Dribble_Basketball_Drill_dribble_f_cm_np1_ba_med_7,data/HMDB51_data/videos/dribble/How_to_Play_Professional_Basketball_-_The_Two_Dribble_Basketball_Drill_dribble_f_cm_np1_ba_med_7.avi,9,8,100,4,9,True,True,0.944644033908844,0.02798859914764762,0.0036906347813783213,0.7810549959540367,78,8,8,8,False,
hmdb51,val,How_to_Improve_Your_Basketball_Skills_-_How_to_Dribble_a_Basketball_Between_the_Legs_dribble_f_cm_np1_fr_med_1,data/HMDB51_data/videos/dribble/How_to_Improve_Your_Basketball_Skills_-_How_to_Dribble_a_Basketball_Between_the_Legs_dribble_f_cm_np1_fr_med_1.avi,9,8,100,4,9,True,True,0.9536928534507751,0.02833705022931099,0.0036906347813783213,0.7511226758360863,78,8,8,8,False,
hmdb51,val,Basketball_Dribbling_-_Basketball_Dribbling-_Having_a_Good_Base_dribble_f_nm_np2_ri_med_5,data/HMDB51_data/videos/dribble/Basketball_Dribbling_-_Basketball_Dribbling-_Having_a_Good_Base_dribble_f_nm_np2_ri_med_5.avi,9,8,100,4,9,True,True,0.8825168609619141,0.02393358713015914,0.0036906347813783213,0.7208472341299057,79,8,8,8,False,
hmdb51,val,Basketball_Dribbling_Drills_-_The_12_Inch_Dribble_Drill_in_Basketball_dribble_f_cm_np1_ri_med_4,data/HMDB51_data/videos/dribble/Basketball_Dribbling_Drills_-_The_12_Inch_Dribble_Drill_in_Basketball_dribble_f_cm_np1_ri_med_4.avi,9,8,100,4,9,True,True,0.9475862979888916,0.02852109307423234,0.0036906347813783213,0.6945469360798597,78,8,8,8,False,
hmdb51,val,JordanWorld_sbest6yearoldBaller_dribble_f_cm_np1_fr_med_9,data/HMDB51_data/videos/dribble/JordanWorld_sbest6yearoldBaller_dribble_f_cm_np1_fr_med_9.avi,9,8,100,4,9,True,True,0.9087134003639221,0.03346323501318693,0.0036906347813783213,0.6639595082961023,94,8,8,8,False,
hmdb51,val,AdamandAlvonplayingbasketball1_dribble_f_cm_np1_ri_med_2,data/HMDB51_data/videos/dribble/AdamandAlvonplayingbasketball1_dribble_f_cm_np1_ri_med_2.avi,9,8,100,4,9,True,True,0.8151275515556335,0.035687658935785294,0.0036906347813783213,0.6267356490716338,112,8,8,8,False,
hmdb51,val,10YearOldYouthBasketballStarBaller_dribble_f_cm_np1_fr_med_7,data/HMDB51_data/videos/dribble/10YearOldYouthBasketballStarBaller_dribble_f_cm_np1_fr_med_7.avi,9,8,100,4,9,True,True,0.9542860984802246,0.10868810769170523,0.0036906347813783213,0.5881065088324249,359,8,8,8,False,
hmdb51,val,JordanWorld_sbest6yearoldBaller_dribble_f_cm_np1_fr_med_4,data/HMDB51_data/videos/dribble/JordanWorld_sbest6yearoldBaller_dribble_f_cm_np1_fr_med_4.avi,9,8,100,4,9,True,True,0.9501999020576477,0.05785469803959131,0.0036079245037399232,1.7140894159674644,141,8,8,8,False,
hmdb51,val,Basketball_Dribbling_Drills_-_The_12_Inch_Dribble_Drill_in_Basketball_dribble_f_cm_np1_fr_med_5,data/HMDB51_data/videos/dribble/Basketball_Dribbling_Drills_-_The_12_Inch_Dribble_Drill_in_Basketball_dribble_f_cm_np1_fr_med_5.avi,9,8,100,4,34,False,True,0.7718602418899536,0.031005474273115396,0.0036079245037399232,1.6520240851677954,78,8,8,8,False,
hmdb51,val,AdamandAlvonplayingbasketball1_dribble_f_cm_np1_fr_med_5,data/HMDB51_data/videos/dribble/AdamandAlvonplayingbasketball1_dribble_f_cm_np1_fr_med_5.avi,9,8,100,4,9,True,True,0.476125031709671,0.029711079318076372,0.0036079245037399232,1.6171871209517121,96,8,8,8,False,
hmdb51,val,Basketball_Dribbling_Tips__2_dribble_f_cm_np1_le_med_5,data/HMDB51_data/videos/dribble/Basketball_Dribbling_Tips__2_dribble_f_cm_np1_le_med_5.avi,9,8,100,4,9,True,True,0.9503228068351746,0.02597392024472356,0.0036079245037399232,1.5851754816249013,78,8,8,8,False,
hmdb51,val,PlayingBasketballGotWater_dribble_f_nm_np1_fr_med_5,data/HMDB51_data/videos/dribble/PlayingBasketballGotWater_dribble_f_nm_np1_fr_med_5.avi,9,8,100,4,34,False,True,0.8577760457992554,0.055879542138427496,0.0036079245037399232,1.5575480978004634,142,8,8,8,False,
hmdb51,val,Basketball_Dribbling_Drills_-_The_Left_dribble_f_cm_np1_fr_med_2,data/HMDB51_data/videos/dribble/Basketball_Dribbling_Drills_-_The_Left_dribble_f_cm_np1_fr_med_2.avi,9,8,100,4,9,True,True,0.9494080543518066,0.026815510354936123,0.0036079245037399232,1.4995735841803253,78,8,8,8,False,
hmdb51,val,Sibu_Malaysia_Vacation_little_brother_dribbling_basketball_Sarawak_dribble_f_cm_np1_ri_med_7,data/HMDB51_data/videos/dribble/Sibu_Malaysia_Vacation_little_brother_dribbling_basketball_Sarawak_dribble_f_cm_np1_ri_med_7.avi,9,8,100,4,9,True,True,0.9102312922477722,0.026467334013432264,0.0036079245037399232,1.4708531759679317,78,8,8,8,False,
hmdb51,val,How_to_Improve_Your_Basketball_Skills_-_How_to_Dribble_a_Basketball_Between_the_Legs_dribble_f_cm_np1_fr_med_0,data/HMDB51_data/videos/dribble/How_to_Improve_Your_Basketball_Skills_-_How_to_Dribble_a_Basketball_Between_the_Legs_dribble_f_cm_np1_fr_med_0.avi,9,8,100,4,9,True,True,0.9552556276321411,0.022457594983279705,0.0036079245037399232,1.442190517205745,58,8,8,8,False,
hmdb51,val,AmericanGangster_drink_h_nm_np1_fr_goo_17,data/HMDB51_data/videos/drink/AmericanGangster_drink_h_nm_np1_fr_goo_17.avi,10,8,100,4,48,False,True,0.2933582663536072,0.038255149964243174,0.0036079245037399232,1.417623374145478,110,8,8,8,False,
hmdb51,val,LONGESTYARD_drink_u_cm_np1_fr_med_20,data/HMDB51_data/videos/drink/LONGESTYARD_drink_u_cm_np1_fr_med_20.avi,10,8,100,4,49,False,False,0.6544803380966187,0.03632075525820255,0.0036079245037399232,1.3767984500154853,77,8,8,8,False,
hmdb51,val,KUNG_FU_HUSTLE_drink_h_cm_np1_fr_goo_5,data/HMDB51_data/videos/drink/KUNG_FU_HUSTLE_drink_h_cm_np1_fr_goo_5.avi,10,8,100,4,49,False,True,0.2582133412361145,0.03597911586984992,0.0036079245037399232,1.3391764778643847,81,8,8,8,False,
hmdb51,val,OldSchool_drink_u_nm_np1_ri_goo_5,data/HMDB51_data/videos/drink/OldSchool_drink_u_nm_np1_ri_goo_5.avi,10,8,100,4,10,True,True,0.34415632486343384,0.03323524631559849,0.0036079245037399232,1.3012038571760058,108,8,8,8,False,
hmdb51,val,A_Beautiful_Mind_1_drink_u_cm_np1_fr_goo_4,data/HMDB51_data/videos/drink/A_Beautiful_Mind_1_drink_u_cm_np1_fr_goo_4.avi,10,8,100,4,10,True,True,0.41388410329818726,0.042465472128242254,0.0036079245037399232,1.2656242330558598,148,8,8,8,False,
hmdb51,val,Juno_drink_h_nm_np1_fr_goo_0,data/HMDB51_data/videos/drink/Juno_drink_h_nm_np1_fr_goo_0.avi,10,8,100,4,10,True,True,0.16213464736938477,0.04154183017089963,0.0036079245037399232,1.2214070810005069,130,8,8,8,False,
hmdb51,val,AmericanGangster_drink_u_cm_np1_fr_med_36,data/HMDB51_data/videos/drink/AmericanGangster_drink_u_cm_np1_fr_med_36.avi,10,8,100,4,49,False,False,0.7692877054214478,0.02288680337369442,0.0036079245037399232,1.1770507846958935,55,8,8,8,False,
hmdb51,val,BLACK_HAWK_DOWN_drink_u_nm_np1_fr_goo_4,data/HMDB51_data/videos/drink/BLACK_HAWK_DOWN_drink_u_nm_np1_fr_goo_4.avi,10,8,100,4,49,False,False,0.5784585475921631,0.030084975995123386,0.0036079245037399232,1.1519546560011804,48,8,8,8,False,
hmdb51,val,AllThePresidentMen_drink_f_nm_np2_ri_med_2,data/HMDB51_data/videos/drink/AllThePresidentMen_drink_f_nm_np2_ri_med_2.avi,10,8,100,4,49,False,False,0.6057249903678894,0.05159037793055177,0.0036079245037399232,1.1188491969369352,143,8,8,8,False,
hmdb51,val,Oceans11_drink_h_nm_np1_fr_goo_8,data/HMDB51_data/videos/drink/Oceans11_drink_h_nm_np1_fr_goo_8.avi,10,8,100,4,10,True,True,0.3541930019855499,0.02779103722423315,0.0036079245037399232,1.0645414739847183,57,8,8,8,False,
hmdb51,val,MeettheFockers_drink_u_nm_np1_fr_goo_6,data/HMDB51_data/videos/drink/MeettheFockers_drink_u_nm_np1_fr_goo_6.avi,10,8,100,4,11,False,True,0.16598883271217346,0.027740513905882835,0.0036079245037399232,1.0328290010802448,53,8,8,8,False,
hmdb51,val,Oceans13_drink_u_nm_np1_ri_goo_4,data/HMDB51_data/videos/drink/Oceans13_drink_u_nm_np1_ri_goo_4.avi,10,8,100,4,49,False,False,0.5686362385749817,0.03908995585516095,0.0036079245037399232,1.003274413291365,77,8,8,8,False,
hmdb51,val,Return_of_the_King_13_drink_h_nm_np1_fr_goo_1,data/HMDB51_data/videos/drink/Return_of_the_King_13_drink_h_nm_np1_fr_goo_1.avi,10,8,100,4,40,False,True,0.4048483371734619,0.03614835161715746,0.0036079245037399232,0.9607895617373288,111,8,8,8,False,
hmdb51,val,IamLegend_drink_h_nm_np1_fr_goo_22,data/HMDB51_data/videos/drink/IamLegend_drink_h_nm_np1_fr_goo_22.avi,10,8,100,4,10,True,True,0.2903357446193695,0.03233236540108919,0.0036079245037399232,0.9209922342561185,54,8,8,8,False,
hmdb51,val,TheRoyalTenenbaums_drink_u_nm_np1_le_goo_1,data/HMDB51_data/videos/drink/TheRoyalTenenbaums_drink_u_nm_np1_le_goo_1.avi,10,8,100,4,49,False,False,0.4099465012550354,0.035541778430342674,0.0036079245037399232,0.8842011569067836,83,8,8,8,False,
hmdb51,val,AllThePresidentMen_drink_f_nm_np1_ri_med_8,data/HMDB51_data/videos/drink/AllThePresidentMen_drink_f_nm_np1_ri_med_8.avi,10,8,100,4,10,True,True,0.2835938036441803,0.04091911297291517,0.0036079245037399232,0.8445000969804823,106,8,8,8,False,
hmdb51,val,Veoh_Alpha_Dog_1_drink_u_nm_np1_fr_goo_40,data/HMDB51_data/videos/drink/Veoh_Alpha_Dog_1_drink_u_nm_np1_fr_goo_40.avi,10,8,100,4,48,False,True,0.3383578658103943,0.05423872172832489,0.0036079245037399232,0.7994131548330188,115,8,8,8,False,
hmdb51,val,AmericanGangster_drink_h_nm_np1_ri_med_3,data/HMDB51_data/videos/drink/AmericanGangster_drink_h_nm_np1_ri_med_3.avi,10,8,100,4,10,True,True,0.14167258143424988,0.030401298310607672,0.0036079245037399232,0.7407708470709622,78,8,8,8,False,
hmdb51,val,BIG_FISH_drink_u_nm_np1_fr_goo_5,data/HMDB51_data/videos/drink/BIG_FISH_drink_u_nm_np1_fr_goo_5.avi,10,8,100,4,10,True,True,0.5500959157943726,0.04222351498901844,0.0036079245037399232,0.7068850579671562,104,8,8,8,False,
hmdb51,val,Two_Towers_3_drink_h_nm_np1_fr_goo_11,data/HMDB51_data/videos/drink/Two_Towers_3_drink_h_nm_np1_fr_goo_11.avi,10,8,100,4,46,False,True,0.25975483655929565,0.03921554330736399,0.0036079245037399232,0.6622799001634121,93,8,8,8,False,
hmdb51,val,AMADEUS_eat_u_nm_np1_fr_goo_10,data/HMDB51_data/videos/eat/AMADEUS_eat_u_nm_np1_fr_goo_10.avi,11,8,100,4,49,False,False,0.1325071156024933,0.03511000331491232,0.0036079245037399232,0.6182395713403821,79,8,8,8,False,
hmdb51,val,BIG_FISH_eat_h_nm_np1_ri_goo_30,data/HMDB51_data/videos/eat/BIG_FISH_eat_h_nm_np1_ri_goo_30.avi,11,8,100,4,10,False,True,0.35937222838401794,0.02487712586298585,0.0036079245037399232,0.580002028029412,60,8,8,8,False,
hmdb51,val,The_Departed_-_Part_1_eat_h_nm_np1_fr_goo_5,data/HMDB51_data/videos/eat/The_Departed_-_Part_1_eat_h_nm_np1_fr_goo_5.avi,11,8,100,4,48,False,False,0.32775506377220154,0.03533305088058114,0.0036079245037399232,0.5523284422233701,78,8,8,8,False,
hmdb51,val,BIG_FISH_eat_u_nm_np1_fr_goo_19,data/HMDB51_data/videos/eat/BIG_FISH_eat_u_nm_np1_fr_goo_19.avi,11,8,100,4,48,False,True,0.16478192806243896,0.03536347998306155,0.0036079245037399232,0.5130499759688973,78,8,8,8,False,
hmdb51,val,KUNG_FU_HUSTLE_eat_h_cm_np1_le_goo_25,data/HMDB51_data/videos/eat/KUNG_FU_HUSTLE_eat_h_cm_np1_le_goo_25.avi,11,8,100,4,10,False,True,0.26729950308799744,0.048003556206822395,0.0036986281484132633,1.6053275051526725,103,8,8,8,False,
hmdb51,val,MeettheParents_eat_h_nm_np1_fr_goo_3,data/HMDB51_data/videos/eat/MeettheParents_eat_h_nm_np1_fr_goo_3.avi,11,8,100,4,46,False,True,0.28966134786605835,0.029660186730325222,0.0036986281484132633,1.5526684047654271,56,8,8,8,False,
hmdb51,val,The_Departed_-_Part_1_eat_h_nm_np1_fr_goo_4,data/HMDB51_data/videos/eat/The_Departed_-_Part_1_eat_h_nm_np1_fr_goo_4.avi,11,8,100,4,10,False,True,0.5213591456413269,0.03515257686376572,0.0036986281484132633,1.5194681459106505,77,8,8,8,False,
hmdb51,val,NoCountryForOldMen_eat_u_nm_np1_fr_med_2,data/HMDB51_data/videos/eat/NoCountryForOldMen_eat_u_nm_np1_fr_med_2.avi,11,8,100,4,48,False,True,0.20704667270183563,0.02881105011329055,0.0036986281484132633,1.4817044236697257,79,8,8,8,False,
hmdb51,val,RETURN_OF_THE_KING_eat_u_nm_np1_le_med_15,data/HMDB51_data/videos/eat/RETURN_OF_THE_KING_eat_u_nm_np1_le_med_15.avi,11,8,100,4,48,False,False,0.15707054734230042,0.04283184511587024,0.0036986281484132633,1.4493859969079494,108,8,8,8,False,
hmdb51,val,RETURN_OF_THE_KING_eat_u_nm_np1_ri_med_20,data/HMDB51_data/videos/eat/RETURN_OF_THE_KING_eat_u_nm_np1_ri_med_20.avi,11,8,100,4,10,False,True,0.35276588797569275,0.049401689786463976,0.0036986281484132633,1.404341408982873,108,8,8,8,False,
hmdb51,val,TheBoondockSaints_eat_h_nm_np1_fr_med_81,data/HMDB51_data/videos/eat/TheBoondockSaints_eat_h_nm_np1_fr_med_81.avi,11,8,100,4,10,False,True,0.43849676847457886,0.02345413016155362,0.0036986281484132633,1.3528554821386933,50,8,8,8,False,
hmdb51,val,AMADEUS_eat_u_nm_np1_fr_med_5,data/HMDB51_data/videos/eat/AMADEUS_eat_u_nm_np1_fr_med_5.avi,11,8,100,4,10,False,True,0.4247160851955414,0.02924684388563037,0.0036986281484132633,1.325484303291887,79,8,8,8,False,
hmdb51,val,CastAway1_eat_h_nm_np1_fr_goo_8,data/HMDB51_data/videos/eat/CastAway1_eat_h_nm_np1_fr_goo_8.avi,11,8,100,4,4,False,True,0.23194186389446259,0.031155612785369158,0.0036986281484132633,1.2931335638277233,80,8,8,8,False,
hmdb51,val,Pirates_3_eat_h_nm_np1_fr_goo_4,data/HMDB51_data/videos/eat/Pirates_3_eat_h_nm_np1_fr_goo_4.avi,11,8,100,4,10,False,True,0.4413580298423767,0.02205468015745282,0.0036986281484132633,1.2594988900236785,56,8,8,8,False,
hmdb51,val,ChildrenOfMen_eat_u_cm_np1_fr_med_3,data/HMDB51_data/videos/eat/ChildrenOfMen_eat_u_cm_np1_fr_med_3.avi,11,8,100,4,49,False,False,0.24986566603183746,0.02929335692897439,0.0036986281484132633,1.2356444988399744,79,8,8,8,False,
hmdb51,val,RETURN_OF_THE_KING_eat_h_nm_np1_fr_goo_18,data/HMDB51_data/videos/eat/RETURN_OF_THE_KING_eat_h_nm_np1_fr_goo_18.avi,11,8,100,4,48,False,True,0.1945284754037857,0.025599590968340635,0.0036986281484132633,1.2045061849057674,54,8,8,8,False,
hmdb51,val,Veoh_Alpha_Dog_1_fall_floor_u_cm_np1_fr_med_46,data/HMDB51_data/videos/fall_floor/Veoh_Alpha_Dog_1_fall_floor_u_cm_np1_fr_med_46.avi,12,8,100,4,32,False,True,0.2304454743862152,0.03524116100743413,0.0036986281484132633,1.176075013820082,60,8,8,8,False,
hmdb51,val,HP_PRISONER_OF_AZKABAN_fall_floor_u_cm_np1_fr_med_14,data/HMDB51_data/videos/fall_floor/HP_PRISONER_OF_AZKABAN_fall_floor_u_cm_np1_fr_med_14.avi,12,8,100,4,5,False,True,0.609528660774231,0.044937139842659235,0.0036986281484132633,1.138861007988453,50,8,8,8,False,
hmdb51,val,BIG_FISH_fall_floor_f_cm_np1_fr_med_24,data/HMDB51_data/videos/fall_floor/BIG_FISH_fall_floor_f_cm_np1_fr_med_24.avi,12,8,100,4,49,False,True,0.4677071273326874,0.02952103316783905,0.0036986281484132633,1.0922452369704843,72,8,8,8,False,
hmdb51,val,American_History_X_fall_floor_f_cm_np1_ba_med_3,data/HMDB51_data/videos/fall_floor/American_History_X_fall_floor_f_cm_np1_ba_med_3.avi,12,8,100,4,20,False,True,0.2190900593996048,0.01761275064200163,0.0036986281484132633,1.060800668783486,34,8,8,8,False,
hmdb51,val,BATMAN_BEGINS_fall_floor_f_cm_np1_ba_med_3,data/HMDB51_data/videos/fall_floor/BATMAN_BEGINS_fall_floor_f_cm_np1_ba_med_3.avi,12,8,100,4,32,False,True,0.2991812229156494,0.04026716481894255,0.0036986281484132633,1.0417266059666872,49,8,8,8,False,
hmdb51,val,SweeneyTodd_fall_floor_u_nm_np1_fr_bad_12,data/HMDB51_data/videos/fall_floor/SweeneyTodd_fall_floor_u_nm_np1_fr_bad_12.avi,12,8,100,4,49,False,False,0.7790578007698059,0.01829969882965088,0.0036986281484132633,0.9997895611450076,48,8,8,8,False,
hmdb51,val,RETURN_OF_THE_KING_fall_floor_f_nm_np1_fr_med_49,data/HMDB51_data/videos/fall_floor/RETURN_OF_THE_KING_fall_floor_f_nm_np1_fr_med_49.avi,12,8,100,4,32,False,False,0.18105098605155945,0.03337957290932536,0.0036986281484132633,0.9794261390343308,49,8,8,8,False,
hmdb51,val,KUNG_FU_HUSTLE_fall_floor_f_nm_np1_le_bad_0,data/HMDB51_data/videos/fall_floor/KUNG_FU_HUSTLE_fall_floor_f_nm_np1_le_bad_0.avi,12,8,100,4,49,False,True,0.3877112865447998,0.026444359682500362,0.0036986281484132633,0.943218694999814,49,8,8,8,False,
hmdb51,val,BATMAN_BEGINS_fall_floor_h_cm_np1_fr_bad_2,data/HMDB51_data/videos/fall_floor/BATMAN_BEGINS_fall_floor_h_cm_np1_fr_bad_2.avi,12,8,100,4,12,True,True,0.4472484588623047,0.045614104717969894,0.0036986281484132633,0.9142104010097682,74,8,8,8,False,
hmdb51,val,BATMAN_BEGINS_fall_floor_f_cm_np1_ba_med_5,data/HMDB51_data/videos/fall_floor/BATMAN_BEGINS_fall_floor_f_cm_np1_ba_med_5.avi,12,8,100,4,10,False,False,0.2168373316526413,0.031245454214513302,0.0036986281484132633,0.864682431332767,48,8,8,8,False,
hmdb51,val,CasinoRoyale_fall_floor_f_cm_np1_fr_med_7,data/HMDB51_data/videos/fall_floor/CasinoRoyale_fall_floor_f_cm_np1_fr_med_7.avi,12,8,100,4,49,False,False,0.635138213634491,0.044923203997313976,0.0036986281484132633,0.8299856022931635,79,8,8,8,False,
hmdb51,val,LONGESTYARD_fall_floor_f_cm_np1_le_med_31,data/HMDB51_data/videos/fall_floor/LONGESTYARD_fall_floor_f_cm_np1_le_med_31.avi,12,8,100,4,21,False,False,0.5430755019187927,0.02629091590642929,0.0036986281484132633,0.7810146189294755,47,8,8,8,False,
hmdb51,val,THE_PROTECTOR_fall_floor_f_cm_np1_ba_med_85,data/HMDB51_data/videos/fall_floor/THE_PROTECTOR_fall_floor_f_cm_np1_ba_med_85.avi,12,8,100,4,20,False,True,0.48772644996643066,0.02234519412741065,0.0036986281484132633,0.7499327561818063,49,8,8,8,False,
hmdb51,val,TheLittleShopofHorrors_fall_floor_u_cm_np1_ri_med_10,data/HMDB51_data/videos/fall_floor/TheLittleShopofHorrors_fall_floor_u_cm_np1_ri_med_10.avi,12,8,100,4,49,False,False,0.4609833359718323,0.023971729911863804,0.0036986281484132633,0.7246460109017789,54,8,8,8,False,
hmdb51,val,BIG_FISH_fall_floor_f_nm_np1_fr_med_26,data/HMDB51_data/videos/fall_floor/BIG_FISH_fall_floor_f_nm_np1_fr_med_26.avi,12,8,100,4,49,False,False,0.8212775588035583,0.03430147981271148,0.0036986281484132633,0.6983845978975296,79,8,8,8,False,
hmdb51,val,KUNG_FU_HUSTLE_fall_floor_f_cm_np1_ba_med_50,data/HMDB51_data/videos/fall_floor/KUNG_FU_HUSTLE_fall_floor_f_cm_np1_ba_med_50.avi,12,8,100,4,32,False,True,0.40276333689689636,0.0483623119071126,0.0036986281484132633,0.6611129161901772,74,8,8,8,False,
hmdb51,val,LONGESTYARD_fall_floor_h_nm_np1_fr_med_5,data/HMDB51_data/videos/fall_floor/LONGESTYARD_fall_floor_h_nm_np1_fr_med_5.avi,12,8,100,4,45,False,False,0.15801747143268585,0.02931601507589221,0.0036986281484132633,0.6085435538552701,56,8,8,8,False,
hmdb51,val,RETURN_OF_THE_KING_fall_floor_u_cm_np1_fr_med_37,data/HMDB51_data/videos/fall_floor/RETURN_OF_THE_KING_fall_floor_u_cm_np1_fr_med_37.avi,12,8,100,4,12,True,True,0.4589695334434509,0.02516221022233367,0.0036986281484132633,0.5745478109456599,45,8,8,8,False,
hmdb51,val,KUNG_FU_HUSTLE_fall_floor_u_nm_np1_le_med_4,data/HMDB51_data/videos/fall_floor/KUNG_FU_HUSTLE_fall_floor_u_nm_np1_le_med_4.avi,12,8,100,4,12,True,True,0.3247207701206207,0.030879992991685867,0.0036986281484132633,0.5462703579105437,49,8,8,8,False,
hmdb51,val,THE_PROTECTOR_fall_floor_f_nm_np1_fr_med_61,data/HMDB51_data/videos/fall_floor/THE_PROTECTOR_fall_floor_f_nm_np1_fr_med_61.avi,12,8,100,4,12,True,True,0.20249949395656586,0.031693981029093266,0.0036986281484132633,0.5124849970452487,84,8,8,8,False,
hmdb51,val,Rapier_and_Rotella_(Shield)_Second_Bout_Nick_vs__Gareth_fencing_f_cm_np2_ri_bad_0,data/HMDB51_data/videos/fencing/Rapier_and_Rotella_(Shield)_Second_Bout_Nick_vs__Gareth_fencing_f_cm_np2_ri_bad_0.avi,13,8,100,4,13,True,True,0.5988113284111023,0.019835367798805237,0.0038265428447630256,1.3700183359906077,41,8,8,8,False,
hmdb51,val,Rapier_at_Clinton_2007_fencing_f_cm_np2_ri_bad_1,data/HMDB51_data/videos/fencing/Rapier_at_Clinton_2007_fencing_f_cm_np2_ri_bad_1.avi,13,8,100,4,44,False,True,0.483979195356369,0.024191383738070726,0.0038265428447630256,1.3474633740261197,48,8,8,8,False,
hmdb51,val,Stage_Combat_Rapier_and_Dagger_fencing_f_cm_np2_le_bad_0,data/HMDB51_data/videos/fencing/Stage_Combat_Rapier_and_Dagger_fencing_f_cm_np2_le_bad_0.avi,13,8,100,4,44,False,True,0.32915428280830383,0.017966486047953367,0.0038265428447630256,1.3210275890305638,48,8,8,8,False,
hmdb51,val,The_Three_Musketeers_(1993)_Final_Battle_2_3_fencing_u_cm_np1_fr_bad_0,data/HMDB51_data/videos/fencing/The_Three_Musketeers_(1993)_Final_Battle_2_3_fencing_u_cm_np1_fr_bad_0.avi,13,8,100,4,49,False,True,0.3689822852611542,0.023263473995029926,0.0038265428447630256,1.3007454448379576,40,8,8,8,False,
hmdb51,val,Redrock_Fencing_Club_Stab_N_Grab_Week_9_fencing_f_cm_np2_le_bad_0,data/HMDB51_data/videos/fencing/Redrock_Fencing_Club_Stab_N_Grab_Week_9_fencing_f_cm_np2_le_bad_0.avi,13,8,100,4,44,False,True,0.22690780460834503,0.01988182682543993,0.0038265428447630256,1.2751185111701488,50,8,8,8,False,
hmdb51,val,Scaramouche__1952_fencing_u_cm_np2_fr_goo_1,data/HMDB51_data/videos/fencing/Scaramouche__1952_fencing_u_cm_np2_fr_goo_1.avi,13,8,100,4,20,False,True,0.4484121799468994,0.04800581792369485,0.0038265428447630256,1.252978254109621,146,8,8,8,False,
hmdb51,val,The_Scarlet_Pimpernel_-_duel_fencing_f_cm_np2_ba_goo_1,data/HMDB51_data/videos/fencing/The_Scarlet_Pimpernel_-_duel_fencing_f_cm_np2_ba_goo_1.avi,13,8,100,4,13,True,True,0.24410153925418854,0.027529493905603886,0.0038265428447630256,1.2025845311582088,77,8,8,8,False,
hmdb51,val,Die_Another_Day_-_Fencing_Scene_Part_1_[HD]_avi_fencing_u_cm_np2_fr_goo_3,data/HMDB51_data/videos/fencing/Die_Another_Day_-_Fencing_Scene_Part_1_[HD]_avi_fencing_u_cm_np2_fr_goo_3.avi,13,8,100,4,33,False,True,0.19226232171058655,0.043072789907455444,0.0038265428447630256,1.1725750919431448,90,8,8,8,False,
hmdb51,val,Fencing_Epee_fencing_f_cm_np2_le_bad_2,data/HMDB51_data/videos/fencing/Fencing_Epee_fencing_f_cm_np2_le_bad_2.avi,13,8,100,4,13,True,True,0.5777906775474548,0.021672296337783337,0.0038265428447630256,1.1275197509676218,58,8,8,8,False,
hmdb51,val,The_Scarlet_Pimpernel_-_duel_fencing_u_cm_np2_le_bad_3,data/HMDB51_data/videos/fencing/The_Scarlet_Pimpernel_-_duel_fencing_u_cm_np2_le_bad_3.avi,13,8,100,4,44,False,True,0.3784416913986206,0.03766559110954404,0.0038265428447630256,1.1044015833176672,103,8,8,8,False,
hmdb51,val,Redrock_Fencing_Club_Stab_N_Grab_Week_9_fencing_f_cm_np2_ri_bad_1,data/HMDB51_data/videos/fencing/Redrock_Fencing_Club_Stab_N_Grab_Week_9_fencing_f_cm_np2_ri_bad_1.avi,13,8,100,4,13,True,True,0.7983574271202087,0.01710732700303197,0.0038265428447630256,1.0644060540944338,45,8,8,8,False,
hmdb51,val,Stage_Combat_-_Sword_Fight_fencing_f_nm_np2_ba_bad_0,data/HMDB51_data/videos/fencing/Stage_Combat_-_Sword_Fight_fencing_f_nm_np2_ba_bad_0.avi,13,8,100,4,13,True,True,0.23870469629764557,0.01681985892355442,0.0038265428447630256,1.0454850788228214,55,8,8,8,False,
hmdb51,val,Swordplay_Alliance_Rapier_and_Dagger_fight_fencing_f_cm_np2_ri_bad_2,data/HMDB51_data/videos/fencing/Swordplay_Alliance_Rapier_and_Dagger_fight_fencing_f_cm_np2_ri_bad_2.avi,13,8,100,4,13,True,True,0.46780508756637573,0.019521933048963547,0.0038265428447630256,1.0272395880892873,63,8,8,8,False,
hmdb51,val,Rapier_and_Rotella_(Shield)_Second_Bout_Nick_vs__Gareth_fencing_f_cm_np2_le_bad_2,data/HMDB51_data/videos/fencing/Rapier_and_Rotella_(Shield)_Second_Bout_Nick_vs__Gareth_fencing_f_cm_np2_le_bad_2.avi,13,8,100,4,13,True,True,0.5882796049118042,0.019094460643827915,0.0038265428447630256,1.005946188699454,49,8,8,8,False,
hmdb51,val,AHF_Rapier_fencing_f_cm_np2_le_bad_2,data/HMDB51_data/videos/fencing/AHF_Rapier_fencing_f_cm_np2_le_bad_2.avi,13,8,100,4,13,True,True,0.7333178520202637,0.019564602058380842,0.0038265428447630256,0.9837814983911812,55,8,8,8,False,
hmdb51,val,Redrock_Fencing_Club_Stab_N_Grab_Week_9_fencing_f_cm_np2_le_bad_2,data/HMDB51_data/videos/fencing/Redrock_Fencing_Club_Stab_N_Grab_Week_9_fencing_f_cm_np2_le_bad_2.avi,13,8,100,4,13,True,True,0.682545006275177,0.021448633167892694,0.0038265428447630256,0.9619278470054269,62,8,8,8,False,
hmdb51,val,Advanced_Rapier_fencing_f_cm_np2_le_bad_0,data/HMDB51_data/videos/fencing/Advanced_Rapier_fencing_f_cm_np2_le_bad_0.avi,13,8,100,4,13,True,True,0.4751402735710144,0.021210251841694117,0.0038265428447630256,0.9386772406287491,58,8,8,8,False,
hmdb51,val,JOAKIN_(air_tricks_extreme)_flic_flac_f_cm_np1_le_med_3,data/HMDB51_data/videos/flic_flac/JOAKIN_(air_tricks_extreme)_flic_flac_f_cm_np1_le_med_3.avi,14,8,100,4,14,True,True,0.4822211265563965,0.01679944572970271,0.0038265428447630256,0.9151148097589612,43,8,8,8,False,
hmdb51,val,Flick-flack_van_Yanniek_flic_flac_f_cm_np1_ri_med_0,data/HMDB51_data/videos/flic_flac/Flick-flack_van_Yanniek_flic_flac_f_cm_np1_ri_med_0.avi,14,8,100,4,41,False,True,0.3763390779495239,0.020026827231049538,0.0038265428447630256,0.8957204511389136,53,8,8,8,False,
hmdb51,val,7_Flickflacks_flic_flac_f_cm_np1_le_med_0,data/HMDB51_data/videos/flic_flac/7_Flickflacks_flic_flac_f_cm_np1_le_med_0.avi,14,8,100,4,14,True,True,0.42475220561027527,0.02798864571377635,0.0038265428447630256,0.8736431407742202,79,8,8,8,False,
hmdb51,val,Meto_Demo_BHS__Flick_Flack_flic_flac_f_cm_np1_le_med_7,data/HMDB51_data/videos/flic_flac/Meto_Demo_BHS__Flick_Flack_flic_flac_f_cm_np1_le_med_7.avi,14,8,100,4,14,True,True,0.4156561493873596,0.027770415879786015,0.0038265428447630256,0.8414549906738102,79,8,8,8,False,
hmdb51,val,Round-Off_Flick_Flack!!_flic_flac_f_cm_np1_le_med_0,data/HMDB51_data/videos/flic_flac/Round-Off_Flick_Flack!!_flic_flac_f_cm_np1_le_med_0.avi,14,8,100,4,28,False,True,0.19897578656673431,0.04904660303145647,0.0038265428447630256,0.8108561797998846,79,8,8,8,False,
hmdb51,val,Rush_Hour_4_Turnk_r_flic_flac_f_cm_np1_ri_med_5,data/HMDB51_data/videos/flic_flac/Rush_Hour_4_Turnk_r_flic_flac_f_cm_np1_ri_med_5.avi,14,8,100,4,14,True,True,0.47702139616012573,0.027974527794867754,0.0038265428447630256,0.7580627547577024,80,8,8,8,False,
hmdb51,val,Rush_Hour_4_Turnk_r_flic_flac_f_cm_np1_ri_med_4,data/HMDB51_data/videos/flic_flac/Rush_Hour_4_Turnk_r_flic_flac_f_cm_np1_ri_med_4.avi,14,8,100,4,14,True,True,0.4585122764110565,0.026482392102479935,0.0038265428447630256,0.7266101981513202,80,8,8,8,False,
hmdb51,val,JOAKIN_(air_tricks_extreme)_flic_flac_f_cm_np1_ri_med_7,data/HMDB51_data/videos/flic_flac/JOAKIN_(air_tricks_extreme)_flic_flac_f_cm_np1_ri_med_7.avi,14,8,100,4,14,True,True,0.32583320140838623,0.0298716239631176,0.0038265428447630256,0.6958952732384205,78,8,8,8,False,
hmdb51,val,Flick_Flack_Salto_flic_flac_f_cm_np1_ri_med_0,data/HMDB51_data/videos/flic_flac/Flick_Flack_Salto_flic_flac_f_cm_np1_ri_med_0.avi,14,8,100,4,14,True,True,0.48249194025993347,0.01946886209771037,0.0038265428447630256,0.6620828728191555,43,8,8,8,False,
hmdb51,val,Turnen_Training_flick_flack_salto_gymnastics_backhandspring_backtuck_flic_flac_f_cm_np1_fr_bad_2,data/HMDB51_data/videos/flic_flac/Turnen_Training_flick_flack_salto_gymnastics_backhandspring_backtuck_flic_flac_f_cm_np1_fr_bad_2.avi,14,8,100,4,14,True,True,0.43008726835250854,0.01738409884274006,0.0038265428447630256,0.6384600661695004,45,8,8,8,False,
hmdb51,val,JOAKIN_(air_tricks_extreme)_flic_flac_f_cm_np1_le_med_0,data/HMDB51_data/videos/flic_flac/JOAKIN_(air_tricks_extreme)_flic_flac_f_cm_np1_le_med_0.avi,14,8,100,4,14,True,True,0.5586293339729309,0.016866753809154034,0.0038265428447630256,0.6194000230170786,43,8,8,8,False,
hmdb51,val,6fach_Flick_Flack_flic_flac_f_cm_np1_le_med_2,data/HMDB51_data/videos/flic_flac/6fach_Flick_Flack_flic_flac_f_cm_np1_le_med_2.avi,14,8,100,4,14,True,True,0.4222694933414459,0.026804919354617596,0.0038265428447630256,0.6013463288545609,79,8,8,8,False,
hmdb51,val,Meto_Demo_BHS__Flick_Flack_flic_flac_f_cm_np1_ba_med_2,data/HMDB51_data/videos/flic_flac/Meto_Demo_BHS__Flick_Flack_flic_flac_f_cm_np1_ba_med_2.avi,14,8,100,4,14,True,True,0.448533296585083,0.029546794947236776,0.0038265428447630256,0.5708801941946149,80,8,8,8,False,
hmdb51,val,Outdoor-Turnen_flic_flac_f_cm_np1_ri_med_2,data/HMDB51_data/videos/flic_flac/Outdoor-Turnen_flic_flac_f_cm_np1_ri_med_2.avi,14,8,100,4,41,False,True,0.25174304842948914,0.032673553097993135,0.0038265428447630256,0.5371468658559024,60,8,8,8,False,
hmdb51,val,Jessica_Heinz_-_Leverkusen_Cup_2006__floor_routine_flic_flac_f_cm_np1_ri_med_1,data/HMDB51_data/videos/flic_flac/Jessica_Heinz_-_Leverkusen_Cup_2006__floor_routine_flic_flac_f_cm_np1_ri_med_1.avi,14,8,100,4,14,True,True,0.5032811760902405,0.016988832037895918,0.0038265428447630256,0.5008224071934819,37,8,8,8,False,
hmdb51,val,My_Gymnastics_Outside_flic_flac_f_cm_np1_le_med_0,data/HMDB51_data/videos/flic_flac/My_Gymnastics_Outside_flic_flac_f_cm_np1_le_med_0.avi,14,8,100,4,14,True,True,0.20957836508750916,0.0411141961812973,0.003494900607620366,1.4833026910200715,42,8,8,8,False,
hmdb51,val,Paula_Creamer_-_Sybase_Classic_2009_golf_f_cm_np1_fr_med_0,data/HMDB51_data/videos/golf/Paula_Creamer_-_Sybase_Classic_2009_golf_f_cm_np1_fr_med_0.avi,15,8,100,4,15,True,True,0.9425920248031616,0.03284946130588651,0.003494900607620366,1.4382363553158939,79,8,8,8,False,
hmdb51,val,rory_hie_high_school__now_USC_golf_f_nm_np1_ri_goo_0,data/HMDB51_data/videos/golf/rory_hie_high_school__now_USC_golf_f_nm_np1_ri_goo_0.avi,15,8,100,4,15,True,True,0.7840556502342224,0.02957599889487028,0.003494900607620366,1.401632838882506,85,8,8,8,False,
hmdb51,val,Probably_the_best_golf_shot_in_the_world_ever!!!_golf_f_cm_np1_ba_med_0,data/HMDB51_data/videos/golf/Probably_the_best_golf_shot_in_the_world_ever!!!_golf_f_cm_np1_ba_med_0.avi,15,8,100,4,17,False,True,0.7442833185195923,0.02455246727913618,0.003494900607620366,1.3700204086489975,79,8,8,8,False,
hmdb51,val,Rate_my_golf_swing__driver_and_9_iron_golf_f_cm_np1_ri_med_0,data/HMDB51_data/videos/golf/Rate_my_golf_swing__driver_and_9_iron_golf_f_cm_np1_ri_med_0.avi,15,8,100,4,15,True,True,0.9058863520622253,0.03193322569131851,0.003494900607620366,1.3432798171415925,93,8,8,8,False,
hmdb51,val,Jim_Furyk_Impression_golf_f_cm_np1_ri_med_0,data/HMDB51_data/videos/golf/Jim_Furyk_Impression_golf_f_cm_np1_ri_med_0.avi,15,8,100,4,15,True,True,0.694953203201294,0.026410643011331558,0.003494900607620366,1.3066181121394038,78,8,8,8,False,
hmdb51,val,Angel_Cabrera_s_Golf_Swing_golf_f_cm_np1_ri_med_0,data/HMDB51_data/videos/golf/Angel_Cabrera_s_Golf_Swing_golf_f_cm_np1_ri_med_0.avi,15,8,100,4,15,True,True,0.9008556008338928,0.026740998961031437,0.003494900607620366,1.2778105540201068,79,8,8,8,False,
hmdb51,val,Ben_Hogan_Swing_golf_f_nm_np1_ri_med_2,data/HMDB51_data/videos/golf/Ben_Hogan_Swing_golf_f_nm_np1_ri_med_2.avi,15,8,100,4,15,True,True,0.8790579438209534,0.026679364033043385,0.003494900607620366,1.248563090339303,79,8,8,8,False,
hmdb51,val,Michelle_Wie__Golf_Swing_golf_f_cm_np1_fr_med_0,data/HMDB51_data/videos/golf/Michelle_Wie__Golf_Swing_golf_f_cm_np1_fr_med_0.avi,15,8,100,4,15,True,True,0.9348174929618835,0.025342036969959736,0.003494900607620366,1.2200980889610946,79,8,8,8,False,
hmdb51,val,bri_vega_golf_f_cm_np1_fr_med_0,data/HMDB51_data/videos/golf/bri_vega_golf_f_cm_np1_fr_med_0.avi,15,8,100,4,15,True,True,0.8909698128700256,0.026914861984550953,0.003494900607620366,1.193132618907839,78,8,8,8,False,
hmdb51,val,Jordan_Malinoff_and__Anthony_Kim_Practice_golf_f_cm_np1_fr_med_0,data/HMDB51_data/videos/golf/Jordan_Malinoff_and__Anthony_Kim_Practice_golf_f_cm_np1_fr_med_0.avi,15,8,100,4,15,True,True,0.7730958461761475,0.040252069011330605,0.003494900607620366,1.1641820562072098,111,8,8,8,False,
hmdb51,val,Steve_Elkington_1995_PGA_golf_f_cm_np1_ri_med_0,data/HMDB51_data/videos/golf/Steve_Elkington_1995_PGA_golf_f_cm_np1_ri_med_0.avi,15,8,100,4,15,True,True,0.9025253057479858,0.028444296214729548,0.003494900607620366,1.1211651619523764,71,8,8,8,False,
hmdb51,val,Mike_Weir_golf_f_cm_np1_fr_med_1,data/HMDB51_data/videos/golf/Mike_Weir_golf_f_cm_np1_fr_med_1.avi,15,8,100,4,15,True,True,0.8069297671318054,0.028792253229767084,0.003494900607620366,1.090409629046917,79,8,8,8,False,
hmdb51,val,Michael_Campbell_rub_of_the_green_golf_f_cm_np1_fr_med_0,data/HMDB51_data/videos/golf/Michael_Campbell_rub_of_the_green_golf_f_cm_np1_fr_med_0.avi,15,8,100,4,15,True,True,0.7618842124938965,0.027500185184180737,0.003494900607620366,1.0592433791607618,79,8,8,8,False,
hmdb51,val,Jordan_Malinoff_and__Anthony_Kim_Practice_golf_f_cm_np1_ri_med_7,data/HMDB51_data/videos/golf/Jordan_Malinoff_and__Anthony_Kim_Practice_golf_f_cm_np1_ri_med_7.avi,15,8,100,4,15,True,True,0.9169245362281799,0.02855270402505994,0.003494900607620366,1.029567307792604,78,8,8,8,False,
hmdb51,val,golf_golf_f_nm_np1_ri_goo_0,data/HMDB51_data/videos/golf/golf_golf_f_nm_np1_ri_goo_0.avi,15,8,100,4,15,True,True,0.9113438129425049,0.02588318521156907,0.003494900607620366,0.9994740230031312,91,8,8,8,False,
hmdb51,val,handstands_1_handstand_f_cm_np1_le_med_3,data/HMDB51_data/videos/handstand/handstands_1_handstand_f_cm_np1_le_med_3.avi,16,8,100,4,16,True,True,0.417142778635025,0.029031707905232906,0.003494900607620366,0.9709563283249736,80,8,8,8,False,
hmdb51,val,handstand_tutorial___how_to_do_a_handstand_basic_breakdance_handstand_f_nm_np1_ri_med_0,data/HMDB51_data/videos/handstand/handstand_tutorial___how_to_do_a_handstand_basic_breakdance_handstand_f_nm_np1_ri_med_0.avi,16,8,100,4,8,False,False,0.18457192182540894,0.02396192029118538,0.003494900607620366,0.9388735601678491,80,8,8,8,False,
hmdb51,val,Handstand_tutorial_3_handstand_f_nm_np1_le_med_0,data/HMDB51_data/videos/handstand/Handstand_tutorial_3_handstand_f_nm_np1_le_med_0.avi,16,8,100,4,29,False,True,0.6209275722503662,0.02358508901670575,0.003494900607620366,0.9124221540987492,78,8,8,8,False,
hmdb51,val,Health_handstand_f_cm_np1_ri_med_0,data/HMDB51_data/videos/handstand/Health_handstand_f_cm_np1_ri_med_0.avi,16,8,100,4,49,False,False,0.25165626406669617,0.034408663399517536,0.003494900607620366,0.884729377925396,95,8,8,8,False,
hmdb51,val,Gymnastic_handstand_handstand_f_nm_np1_le_med_1,data/HMDB51_data/videos/handstand/Gymnastic_handstand_handstand_f_nm_np1_le_med_1.avi,16,8,100,4,16,True,True,0.22797010838985443,0.024984337855130434,0.003494900607620366,0.8485893830657005,79,8,8,8,False,
hmdb51,val,Handstand_Competition_3_handstand_f_cm_np1_fr_med_8,data/HMDB51_data/videos/handstand/Handstand_Competition_3_handstand_f_cm_np1_fr_med_8.avi,16,8,100,4,16,True,True,0.29391035437583923,0.024834990967065096,0.003494900607620366,0.8208346078172326,76,8,8,8,False,
hmdb51,val,Turnk_r_handstand_f_cm_np4_ba_med_3,data/HMDB51_data/videos/handstand/Turnk_r_handstand_f_cm_np4_ba_med_3.avi,16,8,100,4,16,True,True,0.3687729239463806,0.029708413407206535,0.003494900607620366,0.7925507868640125,91,8,8,8,False,
hmdb51,val,Handstand_Tutorial_2_handstand_f_nm_np1_le_med_2,data/HMDB51_data/videos/handstand/Handstand_Tutorial_2_handstand_f_nm_np1_le_med_2.avi,16,8,100,4,16,True,True,0.4153209626674652,0.023606907110661268,0.003494900607620366,0.7589450851082802,78,8,8,8,False,
hmdb51,val,Zwei_hoffnungslose_Pflegef_lle_beim_Turnen(Part3)_handstand_f_cm_np1_ri_bad_0,data/HMDB51_data/videos/handstand/Zwei_hoffnungslose_Pflegef_lle_beim_Turnen(Part3)_handstand_f_cm_np1_ri_bad_0.avi,16,8,100,4,14,False,True,0.3189513087272644,0.0314088836312294,0.003494900607620366,0.732936501968652,97,8,8,8,False,
hmdb51,val,parada_de_mao_tai_ton_lon_dominio_do_corpo_handstand_f_cm_np1_fr_med_0,data/HMDB51_data/videos/handstand/parada_de_mao_tai_ton_lon_dominio_do_corpo_handstand_f_cm_np1_fr_med_0.avi,16,8,100,4,16,True,True,0.28877905011177063,0.030037674121558666,0.003494900607620366,0.6987517639063299,79,8,8,8,False,
hmdb51,val,hand_stand_handstand_f_cm_np1_ba_med_1,data/HMDB51_data/videos/handstand/hand_stand_handstand_f_cm_np1_ba_med_1.avi,16,8,100,4,29,False,True,0.47826796770095825,0.027575396932661533,0.003494900607620366,0.6644987347535789,80,8,8,8,False,
hmdb51,val,Bodenturnen_f_r_Anf_nger_handstand_f_cm_np1_ri_med_0,data/HMDB51_data/videos/handstand/Bodenturnen_f_r_Anf_nger_handstand_f_cm_np1_ri_med_0.avi,16,8,100,4,16,True,True,0.3536095917224884,0.02587167266756296,0.003494900607620366,0.6342097348533571,68,8,8,8,False,
hmdb51,val,Handstand_contest!_handstand_f_cm_np1_le_med_1,data/HMDB51_data/videos/handstand/Handstand_contest!_handstand_f_cm_np1_le_med_1.avi,16,8,100,4,16,True,True,0.5542775988578796,0.028318530414253473,0.003494900607620366,0.6032253387384117,83,8,8,8,False,
hmdb51,val,Outdoor-Turnen_handstand_f_cm_np1_fr_med_0,data/HMDB51_data/videos/handstand/Outdoor-Turnen_handstand_f_cm_np1_fr_med_0.avi,16,8,100,4,17,False,False,0.1754937469959259,0.03297730581834912,0.003494900607620366,0.5722104790620506,78,8,8,8,False,
hmdb51,val,hand_stands_handstand_f_cm_np1_fr_med_0,data/HMDB51_data/videos/handstand/hand_stands_handstand_f_cm_np1_fr_med_0.avi,16,8,100,4,16,True,True,0.5712586641311646,0.028160681016743183,0.003494900607620366,0.5368112637661397,81,8,8,8,False,
hmdb51,val,Gymnastics_handstand_f_cm_np1_le_goo_1,data/HMDB51_data/videos/handstand/Gymnastics_handstand_f_cm_np1_le_goo_1.avi,16,8,100,4,41,False,True,0.33019953966140747,0.03166895033791661,0.003494900607620366,0.5054992428049445,78,8,8,8,False,
hmdb51,val,EVOLUTION_hit_u_cm_np1_fr_bad_20,data/HMDB51_data/videos/hit/EVOLUTION_hit_u_cm_np1_fr_bad_20.avi,17,8,100,4,12,False,True,0.28293463587760925,0.036600975785404444,0.0037831392255611718,1.318336867261678,44,8,8,8,False,
hmdb51,val,Wayne_Rooney_At_Home_Funny_Must_See_hit_u_nm_np1_fr_goo_0,data/HMDB51_data/videos/hit/Wayne_Rooney_At_Home_Funny_Must_See_hit_u_nm_np1_fr_goo_0.avi,17,8,100,4,45,False,False,0.26143255829811096,0.06200108304619789,0.0037831392255611718,1.2774118231609464,196,8,8,8,False,
hmdb51,val,Mac_Smashing_hit_f_cm_np1_ri_bad_1,data/HMDB51_data/videos/hit/Mac_Smashing_hit_f_cm_np1_ri_bad_1.avi,17,8,100,4,17,True,True,0.6657083630561829,0.018010844942182302,0.0037831392255611718,1.212662494275719,34,8,8,8,False,
hmdb51,val,Einde_van_Opel_Kadett_hit_u_cm_np2_fr_bad_8,data/HMDB51_data/videos/hit/Einde_van_Opel_Kadett_hit_u_cm_np2_fr_bad_8.avi,17,8,100,4,17,True,True,0.5476894974708557,0.013992879074066877,0.0037831392255611718,1.1909368080087006,31,8,8,8,False,
hmdb51,val,Baseball_Bat_V_S__Computer_Monitor_hit_f_cm_np1_ri_bad_0,data/HMDB51_data/videos/hit/Baseball_Bat_V_S__Computer_Monitor_hit_f_cm_np1_ri_bad_0.avi,17,8,100,4,17,True,True,0.7725377678871155,0.013936053030192852,0.0037831392255611718,1.1751695778220892,29,8,8,8,False,
hmdb51,val,SweeneyTodd_hit_u_nm_np1_fr_bad_2,data/HMDB51_data/videos/hit/SweeneyTodd_hit_u_nm_np1_fr_bad_2.avi,17,8,100,4,49,False,False,0.2760516405105591,0.023687283042818308,0.0037831392255611718,1.1592876249924302,49,8,8,8,False,
hmdb51,val,Einde_van_Opel_Kadett_hit_f_cm_np1_ri_bad_9,data/HMDB51_data/videos/hit/Einde_van_Opel_Kadett_hit_f_cm_np1_ri_bad_9.avi,17,8,100,4,17,True,True,0.5765266418457031,0.014073110185563564,0.0037831392255611718,1.1341935941018164,34,8,8,8,False,
hmdb51,val,Einde_van_Opel_Kadett_hit_u_cm_np1_fr_bad_1,data/HMDB51_data/videos/hit/Einde_van_Opel_Kadett_hit_u_cm_np1_fr_bad_1.avi,17,8,100,4,17,True,True,0.6107224822044373,0.014434336218982935,0.0037831392255611718,1.1181404180824757,35,8,8,8,False,
hmdb51,val,KUNG_FU_HUSTLE_hit_u_nm_np1_fr_bad_17,data/HMDB51_data/videos/hit/KUNG_FU_HUSTLE_hit_u_nm_np1_fr_bad_17.avi,17,8,100,4,49,False,False,0.13974995911121368,0.02747400291264057,0.0037831392255611718,1.1019938071258366,53,8,8,8,False,
hmdb51,val,TrumanShow_hit_u_cm_np1_ba_bad_33,data/HMDB51_data/videos/hit/TrumanShow_hit_u_cm_np1_ba_bad_33.avi,17,8,100,4,17,True,True,0.49149277806282043,0.022362236864864826,0.0037831392255611718,1.0716066448949277,47,8,8,8,False,
hmdb51,val,When_It_s_Nice_Out_hit_f_cm_np1_fr_bad_4,data/HMDB51_data/videos/hit/When_It_s_Nice_Out_hit_f_cm_np1_fr_bad_4.avi,17,8,100,4,17,True,True,0.6626148819923401,0.017004486173391342,0.0037831392255611718,1.0465269167907536,31,8,8,8,False,
hmdb51,val,THE_PROTECTOR_hit_f_cm_np1_ba_bad_39,data/HMDB51_data/videos/hit/THE_PROTECTOR_hit_f_cm_np1_ba_bad_39.avi,17,8,100,4,20,False,False,0.6955801844596863,0.023985452950000763,0.0037831392255611718,1.0269790859892964,48,8,8,8,False,
hmdb51,val,Collins_getting_hit_with_a_stick_on_the_head_hit_f_cm_np1_le_bad_4,data/HMDB51_data/videos/hit/Collins_getting_hit_with_a_stick_on_the_head_hit_f_cm_np1_le_bad_4.avi,17,8,100,4,17,True,True,0.439176470041275,0.01896968623623252,0.0037831392255611718,0.9997984049841762,44,8,8,8,False,
hmdb51,val,HARD_FACE_SLAP_COMPILATION_-_THE_FUNNIEST_FACE_SLAPS_EVER!!_-_Old_school_Vids_hit_u_cm_np1_ba_bad_1,data/HMDB51_data/videos/hit/HARD_FACE_SLAP_COMPILATION_-_THE_FUNNIEST_FACE_SLAPS_EVER!!_-_Old_school_Vids_hit_u_cm_np1_ba_bad_1.avi,17,8,100,4,17,True,True,0.40833789110183716,0.014062019996345043,0.0037831392255611718,0.9784036949276924,41,8,8,8,False,
hmdb51,val,AmericanGangster_hit_h_cm_np1_ri_bad_63,data/HMDB51_data/videos/hit/AmericanGangster_hit_h_cm_np1_ri_bad_63.avi,17,8,100,4,10,False,False,0.16925212740898132,0.01734334183856845,0.0037831392255611718,0.9624725203029811,24,6,8,8,False,
hmdb51,val,Opel_vs_Vorschlaghammer_hit_u_cm_np1_ba_bad_4,data/HMDB51_data/videos/hit/Opel_vs_Vorschlaghammer_hit_u_cm_np1_ba_bad_4.avi,17,8,100,4,17,True,True,0.6142007112503052,0.022454401943832636,0.0037831392255611718,0.9432528573088348,34,8,8,8,False,
hmdb51,val,Drum_Beats_-_Drum_Beats-_Slow_Blues_hit_u_cm_np1_le_bad_1,data/HMDB51_data/videos/hit/Drum_Beats_-_Drum_Beats-_Slow_Blues_hit_u_cm_np1_le_bad_1.avi,17,8,100,4,8,False,False,0.29926422238349915,0.015309215988963842,0.0037831392255611718,0.9195318687707186,33,8,8,8,False,
hmdb51,val,Einde_van_Opel_Kadett_hit_f_cm_np1_ri_bad_5,data/HMDB51_data/videos/hit/Einde_van_Opel_Kadett_hit_f_cm_np1_ri_bad_5.avi,17,8,100,4,17,True,True,0.6272348761558533,0.012852190993726254,0.0037831392255611718,0.9026543186046183,31,8,8,8,False,
hmdb51,val,Einde_van_Opel_Kadett_hit_f_cm_np1_le_bad_3,data/HMDB51_data/videos/hit/Einde_van_Opel_Kadett_hit_f_cm_np1_le_bad_3.avi,17,8,100,4,17,True,True,0.729777455329895,0.013429807033389807,0.0037831392255611718,0.8883131667971611,36,8,8,8,False,
hmdb51,val,Free_Hugs_-_Gratis_umarmung_hug_u_cm_np2_le_med_10,data/HMDB51_data/videos/hug/Free_Hugs_-_Gratis_umarmung_hug_u_cm_np2_le_med_10.avi,18,8,100,4,18,True,True,0.8274369835853577,0.023014445323497057,0.0037831392255611718,0.8735157349146903,70,8,8,8,False,
hmdb51,val,Calins_gratuits_a_Paris_-_Free_Hugs_France_-_version_longue_hug_u_cm_np2_ba_med_21,data/HMDB51_data/videos/hug/Calins_gratuits_a_Paris_-_Free_Hugs_France_-_version_longue_hug_u_cm_np2_ba_med_21.avi,18,8,100,4,18,True,True,0.9175395369529724,0.02212955104187131,0.0037831392255611718,0.8479733639396727,61,8,8,8,False,
hmdb51,val,-_FREE_HUGS_-_Abrazos_Gratis_www_abrazosgratis_org_hug_u_cm_np2_le_goo_12,data/HMDB51_data/videos/hug/-_FREE_HUGS_-_Abrazos_Gratis_www_abrazosgratis_org_hug_u_cm_np2_le_goo_12.avi,18,8,100,4,18,True,True,0.7727590203285217,0.029399544931948185,0.0037831392255611718,0.8235600478947163,67,8,8,8,False,
hmdb51,val,Calins_gratuits_a_Paris_-_Free_Hugs_France_-_version_longue_hug_u_cm_np2_le_med_16,data/HMDB51_data/videos/hug/Calins_gratuits_a_Paris_-_Free_Hugs_France_-_version_longue_hug_u_cm_np2_le_med_16.avi,18,8,100,4,18,True,True,0.8774142265319824,0.029938419349491596,0.0037831392255611718,0.7914889571256936,68,8,8,8,False,
hmdb51,val,Free_Hugs_-_Gratis_umarmung_hug_u_cm_np2_ba_med_17,data/HMDB51_data/videos/hug/Free_Hugs_-_Gratis_umarmung_hug_u_cm_np2_ba_med_17.avi,18,8,100,4,18,True,True,0.4066905379295349,0.026585618034005165,0.0037831392255611718,0.7586909583769739,66,8,8,8,False,
hmdb51,val,veoh_harold_and_kumar_hug_f_cm_np2_le_med_7,data/HMDB51_data/videos/hug/veoh_harold_and_kumar_hug_f_cm_np2_le_med_7.avi,18,8,100,4,49,False,False,0.8039779663085938,0.03020399808883667,0.0037831392255611718,0.7302497499622405,76,8,8,8,False,
hmdb51,val,Free_Hugs_-_Paris_www_calins-gratuits_com_hug_u_cm_np2_le_med_12,data/HMDB51_data/videos/hug/Free_Hugs_-_Paris_www_calins-gratuits_com_hug_u_cm_np2_le_med_12.avi,18,8,100,4,18,True,True,0.92911696434021,0.028753699269145727,0.0037831392255611718,0.6975242830812931,80,8,8,8,False,
hmdb51,val,Free_Hugs_-_Gratis_umarmung_hug_u_cm_np2_le_med_1,data/HMDB51_data/videos/hug/Free_Hugs_-_Gratis_umarmung_hug_u_cm_np2_le_med_1.avi,18,8,100,4,18,True,True,0.8334769606590271,0.0264365766197443,0.0037831392255611718,0.6669906741008162,80,8,8,8,False,
hmdb51,val,Calins_gratuits_a_Paris_-_Free_Hugs_France_-_version_longue_hug_u_cm_np2_le_med_12,data/HMDB51_data/videos/hug/Calins_gratuits_a_Paris_-_Free_Hugs_France_-_version_longue_hug_u_cm_np2_le_med_12.avi,18,8,100,4,18,True,True,0.890226423740387,0.04143346706405282,0.0037831392255611718,0.6385505399666727,133,8,8,8,False,
hmdb51,val,Free_Hugs_-_Gratis_umarmung_hug_u_cm_np2_le_med_8,data/HMDB51_data/videos/hug/Free_Hugs_-_Gratis_umarmung_hug_u_cm_np2_le_med_8.avi,18,8,100,4,18,True,True,0.8691062331199646,0.02068832516670227,0.0037831392255611718,0.5940630310215056,38,8,8,8,False,
hmdb51,val,Free_Hugs_-_Paris_www_calins-gratuits_com_hug_u_cm_np2_le_med_3,data/HMDB51_data/videos/hug/Free_Hugs_-_Paris_www_calins-gratuits_com_hug_u_cm_np2_le_med_3.avi,18,8,100,4,18,True,True,0.86127769947052,0.03658422874286771,0.0037831392255611718,0.5717727979645133,80,8,8,8,False,
hmdb51,val,Calins_gratuits_a_Paris_-_Free_Hugs_France_-_version_longue_hug_u_cm_np2_ba_med_19,data/HMDB51_data/videos/hug/Calins_gratuits_a_Paris_-_Free_Hugs_France_-_version_longue_hug_u_cm_np2_ba_med_19.avi,18,8,100,4,18,True,True,0.7581015825271606,0.022490160074084997,0.0037831392255611718,0.5310570900328457,54,8,8,8,False,
hmdb51,val,Calins_gratuits_a_Paris_-_Free_Hugs_France_-_version_longue_hug_f_cm_np2_ba_med_2,data/HMDB51_data/videos/hug/Calins_gratuits_a_Paris_-_Free_Hugs_France_-_version_longue_hug_f_cm_np2_ba_med_2.avi,18,8,100,4,18,True,True,0.8517655730247498,0.023382331244647503,0.0037831392255611718,0.5059128082357347,67,8,8,8,False,
hmdb51,val,American_Idol_Awards_Given_to_7_Winners_at_Walt_Disney_World_hug_u_cm_np2_ba_med_0,data/HMDB51_data/videos/hug/American_Idol_Awards_Given_to_7_Winners_at_Walt_Disney_World_hug_u_cm_np2_ba_med_0.avi,18,8,100,4,33,False,True,0.5552208423614502,0.02319274516776204,0.0035639468842418864,1.3116590944118798,34,8,8,8,False,
hmdb51,val,Free_Hugs_-_Medellin_hug_f_cm_np2_le_med_2,data/HMDB51_data/videos/hug/Free_Hugs_-_Medellin_hug_f_cm_np2_le_med_2.avi,18,8,100,4,18,True,True,0.5985846519470215,0.02290878025814891,0.0035639468842418864,1.285732255782932,68,8,8,8,False,
hmdb51,val,Free_Hugs_-_Paris_www_calins-gratuits_com_hug_u_cm_np2_le_med_7,data/HMDB51_data/videos/hug/Free_Hugs_-_Paris_www_calins-gratuits_com_hug_u_cm_np2_le_med_7.avi,18,8,100,4,18,True,True,0.9275495409965515,0.03468592092394829,0.0035639468842418864,1.260633169207722,81,8,8,8,False,
hmdb51,val,Free_Hugs_-_Paris_www_calins-gratuits_com_hug_f_cm_np2_ba_med_8,data/HMDB51_data/videos/hug/Free_Hugs_-_Paris_www_calins-gratuits_com_hug_f_cm_np2_ba_med_8.avi,18,8,100,4,18,True,True,0.8124207854270935,0.029568722937256098,0.0035639468842418864,1.2228557202033699,80,8,8,8,False,
hmdb51,val,Documentario_Le_Parkour_Londrina_jump_f_cm_np1_ba_bad_12,data/HMDB51_data/videos/jump/Documentario_Le_Parkour_Londrina_jump_f_cm_np1_ba_bad_12.avi,19,8,100,4,32,False,True,0.2677612006664276,0.018504575826227665,0.0035639468842418864,1.1896621598862112,36,8,8,8,False,
hmdb51,val,le_parkour_kl_jump_l_nm_np1_le_bad_1,data/HMDB51_data/videos/jump/le_parkour_kl_jump_l_nm_np1_le_bad_1.avi,19,8,100,4,49,False,True,0.20237521827220917,0.02637781808152795,0.0035639468842418864,1.1693539470434189,50,8,8,8,False,
hmdb51,val,Fellowship_7_jump_f_cm_np1_fr_bad_1,data/HMDB51_data/videos/jump/Fellowship_7_jump_f_cm_np1_fr_bad_1.avi,19,8,100,4,49,False,True,0.15682677924633026,0.02968895109370351,0.0035639468842418864,1.1410076702013612,41,8,8,8,False,
hmdb51,val,Goalkeeper_Felix_Schwake_jump_f_nm_np1_le_bad_7,data/HMDB51_data/videos/jump/Goalkeeper_Felix_Schwake_jump_f_nm_np1_le_bad_7.avi,19,8,100,4,19,True,True,0.5396355986595154,0.023584325797855854,0.0035639468842418864,1.1085622371174395,61,8,8,8,False,
hmdb51,val,NOVA_ELEGANTUNIVERSE1_jump_f_nm_np1_le_bad_4,data/HMDB51_data/videos/jump/NOVA_ELEGANTUNIVERSE1_jump_f_nm_np1_le_bad_4.avi,19,8,100,4,19,True,True,0.2758292555809021,0.026603094767779112,0.0035639468842418864,1.0828604511916637,74,8,8,8,False,
hmdb51,val,St__Louis_Goalkeeping__Academy_elite_training_jump_f_nm_np1_ri_bad_14,data/HMDB51_data/videos/jump/St__Louis_Goalkeeping__Academy_elite_training_jump_f_nm_np1_ri_bad_14.avi,19,8,100,4,19,True,True,0.7903349995613098,0.017846000846475363,0.0035639468842418864,1.0539319678209722,52,8,8,8,False,
hmdb51,val,IamLegend_jump_f_cm_np1_ba_bad_12,data/HMDB51_data/videos/jump/IamLegend_jump_f_cm_np1_ba_bad_12.avi,19,8,100,4,49,False,True,0.6267975568771362,0.02330415416508913,0.0035639468842418864,1.0319275772199035,24,6,8,8,False,
hmdb51,val,KUNG_FU_HUSTLE_jump_f_cm_np1_le_bad_57,data/HMDB51_data/videos/jump/KUNG_FU_HUSTLE_jump_f_cm_np1_le_bad_57.avi,19,8,100,4,49,False,True,0.4029199779033661,0.027635094244033098,0.0035639468842418864,1.0062035601586103,53,8,8,8,False,
hmdb51,val,Documentario_Le_Parkour_Londrina_jump_f_nm_np1_le_bad_8,data/HMDB51_data/videos/jump/Documentario_Le_Parkour_Londrina_jump_f_nm_np1_le_bad_8.avi,19,8,100,4,19,True,True,0.4655773937702179,0.020936116110533476,0.0035639468842418864,0.9753172327764332,44,8,8,8,False,
hmdb51,val,Sam_Cooksey_Goalkeeper_Training_jump_f_cm_np1_le_bad_3,data/HMDB51_data/videos/jump/Sam_Cooksey_Goalkeeper_Training_jump_f_cm_np1_le_bad_3.avi,19,8,100,4,19,True,True,0.8525951504707336,0.018023123033344746,0.0035639468842418864,0.9504087888635695,52,8,8,8,False,
hmdb51,val,KUNG_FU_HUSTLE_jump_f_nm_np1_fr_bad_46,data/HMDB51_data/videos/jump/KUNG_FU_HUSTLE_jump_f_nm_np1_fr_bad_46.avi,19,8,100,4,37,False,False,0.23209890723228455,0.023155623115599155,0.0035639468842418864,0.9299888326786458,51,8,8,8,False,
hmdb51,val,BATMAN_BEGINS_jump_f_cm_np1_ri_med_18,data/HMDB51_data/videos/jump/BATMAN_BEGINS_jump_f_cm_np1_ri_med_18.avi,19,8,100,4,32,False,True,0.2900233268737793,0.024115911219269037,0.0035639468842418864,0.9046005890704691,48,8,8,8,False,
hmdb51,val,St__Louis_Goalkeeping__Academy_elite_training_jump_f_nm_np1_le_bad_15,data/HMDB51_data/videos/jump/St__Louis_Goalkeeping__Academy_elite_training_jump_f_nm_np1_le_bad_15.avi,19,8,100,4,19,True,True,0.5852435827255249,0.016295681707561016,0.0035639468842418864,0.8790342602878809,42,8,8,8,False,
hmdb51,val,Fellowship_2_jump_f_nm_np1_ri_bad_8,data/HMDB51_data/videos/jump/Fellowship_2_jump_f_nm_np1_ri_bad_8.avi,19,8,100,4,12,False,True,0.2097780704498291,0.019661441911011934,0.0035639468842418864,0.8593220869079232,38,8,8,8,False,
hmdb51,val,Stadium_Plyometric_Workout_jump_f_cm_np1_ba_bad_7,data/HMDB51_data/videos/jump/Stadium_Plyometric_Workout_jump_f_cm_np1_ba_bad_7.avi,19,8,100,4,49,False,False,0.3660227656364441,0.01738182920962572,0.0035639468842418864,0.8361970218829811,36,8,8,8,False,
hmdb51,val,Fellowship_5_jump_f_nm_np1_ba_bad_12,data/HMDB51_data/videos/jump/Fellowship_5_jump_f_nm_np1_ba_bad_12.avi,19,8,100,4,10,False,False,0.2454775720834732,0.0218552821315825,0.0035639468842418864,0.814491415861994,46,8,8,8,False,
hmdb51,val,RATRACE_jump_f_cm_np1_ba_bad_3,data/HMDB51_data/videos/jump/RATRACE_jump_f_cm_np1_ba_bad_3.avi,19,8,100,4,49,False,True,0.8341913223266602,0.042409746907651424,0.0035639468842418864,0.790610671043396,49,8,8,8,False,
hmdb51,val,le_parkour_kl_jump_l_nm_np1_ri_bad_0,data/HMDB51_data/videos/jump/le_parkour_kl_jump_l_nm_np1_ri_bad_0.avi,19,8,100,4,6,False,True,0.1414346694946289,0.032409003004431725,0.0035639468842418864,0.746303188148886,91,8,8,8,False,
hmdb51,val,le_parkour_kl_jump_f_nm_np1_le_bad_3,data/HMDB51_data/videos/jump/le_parkour_kl_jump_f_nm_np1_le_bad_3.avi,19,8,100,4,19,True,True,0.7385388016700745,0.0253197830170393,0.0035639468842418864,0.7117196163162589,68,8,8,8,False,
hmdb51,val,St__Louis_Goalkeeping__Academy_elite_training_jump_f_nm_np1_ri_bad_0,data/HMDB51_data/videos/jump/St__Louis_Goalkeeping__Academy_elite_training_jump_f_nm_np1_ri_bad_0.avi,19,8,100,4,19,True,True,0.7980059385299683,0.021139771211892366,0.0035639468842418864,0.684631759300828,60,8,8,8,False,
hmdb51,val,THE_PROTECTOR_kick_f_cm_np1_fr_bad_53,data/HMDB51_data/videos/kick/THE_PROTECTOR_kick_f_cm_np1_fr_bad_53.avi,20,8,100,4,20,True,True,0.37329602241516113,0.020146857015788555,0.0035639468842418864,0.6600993289612234,23,6,8,8,False,
hmdb51,val,THE_PROTECTOR_kick_f_cm_np1_fr_med_48,data/HMDB51_data/videos/kick/THE_PROTECTOR_kick_f_cm_np1_fr_med_48.avi,20,8,100,4,20,True,True,0.6914541125297546,0.02096768794581294,0.0035639468842418864,0.6378383692353964,45,8,8,8,False,
hmdb51,val,kick__Best_CHUCK_NORRIS_kick_to_the_nuts!_kick_f_cm_np1_fr_med_1,data/HMDB51_data/videos/kick/kick__Best_CHUCK_NORRIS_kick_to_the_nuts!_kick_f_cm_np1_fr_med_1.avi,20,8,100,4,20,True,True,0.8112040758132935,0.017644140403717756,0.0035639468842418864,0.6137733520008624,43,8,8,8,False,
hmdb51,val,kick__Best_fight_scene_of_all_time_kick_f_cm_np1_ba_bad_11,data/HMDB51_data/videos/kick/kick__Best_fight_scene_of_all_time_kick_f_cm_np1_ba_bad_11.avi,20,8,100,4,20,True,True,0.3915445804595947,0.01567538222298026,0.0035639468842418864,0.594270040281117,38,8,8,8,False,
hmdb51,val,The_Matrix_3_kick_f_nm_np1_le_med_1,data/HMDB51_data/videos/kick/The_Matrix_3_kick_f_nm_np1_le_med_1.avi,20,8,100,4,20,True,True,0.5225586295127869,0.023685371968895197,0.0035639468842418864,0.5770672000944614,52,8,8,8,False,
hmdb51,val,kick__Best_CHUCK_NORRIS_kick_to_the_nuts!_kick_f_cm_np1_ba_goo_0,data/HMDB51_data/videos/kick/kick__Best_CHUCK_NORRIS_kick_to_the_nuts!_kick_f_cm_np1_ba_goo_0.avi,20,8,100,4,48,False,False,0.2133745700120926,0.019438117742538452,0.0035639468842418864,0.550743349827826,40,8,8,8,False,
hmdb51,val,The_Matrix_3_kick_f_cm_np1_fr_med_5,data/HMDB51_data/videos/kick/The_Matrix_3_kick_f_cm_np1_fr_med_5.avi,20,8,100,4,20,True,True,0.5912034511566162,0.020204795990139246,0.0035639468842418864,0.5299279587343335,52,8,8,8,False,
hmdb51,val,The_Matrix_2_kick_f_cm_np1_ri_med_5,data/HMDB51_data/videos/kick/The_Matrix_2_kick_f_cm_np1_ri_med_5.avi,20,8,100,4,20,True,True,0.29043611884117126,0.029248636681586504,0.0035639468842418864,0.507030873093754,61,8,8,8,False,
hmdb51,val,kick__Best_fight_scene_of_all_time_kick_f_cm_np1_le_bad_9,data/HMDB51_data/videos/kick/kick__Best_fight_scene_of_all_time_kick_f_cm_np1_le_bad_9.avi,20,8,100,4,37,False,True,0.17772887647151947,0.019939947873353958,0.003649609148851596,1.5211462867446244,47,8,8,8,False,
hmdb51,val,KUNG_FU_HUSTLE_kick_f_cm_np1_fr_bad_9,data/HMDB51_data/videos/kick/KUNG_FU_HUSTLE_kick_f_cm_np1_fr_bad_9.avi,20,8,100,4,27,False,True,0.22557565569877625,0.03486400842666626,0.003649609148851596,1.4990811017341912,53,8,8,8,False,
hmdb51,val,THE_PROTECTOR_kick_f_nm_np1_ba_med_77,data/HMDB51_data/videos/kick/THE_PROTECTOR_kick_f_nm_np1_ba_med_77.avi,20,8,100,4,20,True,True,0.5699167251586914,0.02117340639233589,0.003649609148851596,1.4616441610269248,45,8,8,8,False,
hmdb51,val,kick__Baddest_Fight_Scenes_EVER!_-_Kickboxer_-_Part_1_of_2_kick_u_cm_np1_ri_med_12,data/HMDB51_data/videos/kick/kick__Baddest_Fight_Scenes_EVER!_-_Kickboxer_-_Part_1_of_2_kick_u_cm_np1_ri_med_12.avi,20,8,100,4,20,True,True,0.4744962751865387,0.019271641969680786,0.003649609148851596,1.4388234578073025,38,8,8,8,False,
hmdb51,val,The_Matrix_Revolutions_6_kick_f_cm_np1_ba_med_7,data/HMDB51_data/videos/kick/The_Matrix_Revolutions_6_kick_f_cm_np1_ba_med_7.avi,20,8,100,4,22,False,False,0.22416843473911285,0.030209301970899105,0.003649609148851596,1.4168822620995343,38,8,8,8,False,
hmdb51,val,RushHour2_kick_l_cm_np1_le_med_2,data/HMDB51_data/videos/kick/RushHour2_kick_l_cm_np1_le_med_2.avi,20,8,100,4,49,False,False,0.4194779694080353,0.03210319625213742,0.003649609148851596,1.3837107601575553,48,8,8,8,False,
hmdb51,val,KUNG_FU_HUSTLE_kick_u_cm_np1_fr_med_11,data/HMDB51_data/videos/kick/KUNG_FU_HUSTLE_kick_u_cm_np1_fr_med_11.avi,20,8,100,4,20,True,True,0.6624314785003662,0.031798701733350754,0.003649609148851596,1.349120113067329,47,8,8,8,False,
hmdb51,val,The_Matrix_5_kick_f_cm_np1_le_med_13,data/HMDB51_data/videos/kick/The_Matrix_5_kick_f_cm_np1_le_med_13.avi,20,8,100,4,20,True,True,0.6094021201133728,0.02288692072033882,0.003649609148851596,1.314899402204901,46,8,8,8,False,
hmdb51,val,kick__Baddest_Fight_Scenes_EVER!_-_Kickboxer_-_Part_1_of_2_kick_f_cm_np1_fr_med_0,data/HMDB51_data/videos/kick/kick__Baddest_Fight_Scenes_EVER!_-_Kickboxer_-_Part_1_of_2_kick_f_cm_np1_fr_med_0.avi,20,8,100,4,20,True,True,0.5655128955841064,0.01976252719759941,0.003649609148851596,1.289086394943297,37,8,8,8,False,
hmdb51,val,American_History_X_kick_l_cm_np1_le_med_33,data/HMDB51_data/videos/kick/American_History_X_kick_l_cm_np1_le_med_33.avi,20,8,100,4,20,True,True,0.4490293860435486,0.0306700742803514,0.003649609148851596,1.2677813060581684,84,8,8,8,False,
hmdb51,val,Pirates_6_kick_f_nm_np1_fr_bad_7,data/HMDB51_data/videos/kick/Pirates_6_kick_f_nm_np1_fr_bad_7.avi,20,8,100,4,12,False,True,0.2965584695339203,0.019145336002111435,0.003649609148851596,1.235166443977505,47,8,8,8,False,
hmdb51,val,funny_soccer_commercial_kick_ball_f_cm_np1_fr_med_0,data/HMDB51_data/videos/kick_ball/funny_soccer_commercial_kick_ball_f_cm_np1_fr_med_0.avi,21,8,100,4,21,True,True,0.6680887341499329,0.02898993669077754,0.003649609148851596,1.2115974398329854,48,8,8,8,False,
hmdb51,val,Ribery_Torwandschiessen_Sportstudio_kick_ball_l_nm_np1_ba_med_6,data/HMDB51_data/videos/kick_ball/Ribery_Torwandschiessen_Sportstudio_kick_ball_l_nm_np1_ba_med_6.avi,21,8,100,4,21,True,True,0.3962058424949646,0.041166745126247406,0.003649609148851596,1.1803544089198112,76,8,8,8,False,
hmdb51,val,Banned_Commercials_-_Nike_-_Soccer_vs_ninjas_kick_ball_f_nm_np1_fr_goo_1,data/HMDB51_data/videos/kick_ball/Banned_Commercials_-_Nike_-_Soccer_vs_ninjas_kick_ball_f_nm_np1_fr_goo_1.avi,21,8,100,4,21,True,True,0.5477145314216614,0.020485203247517347,0.003649609148851596,1.134533713106066,52,8,8,8,False,
hmdb51,val,Dhan_Dhana_Dhan_Goal_(2007)_w__Eng_Sub_-_Watch_Online_-_4_16_kick_ball_f_cm_np1_fr_goo_3,data/HMDB51_data/videos/kick_ball/Dhan_Dhana_Dhan_Goal_(2007)_w__Eng_Sub_-_Watch_Online_-_4_16_kick_ball_f_cm_np1_fr_goo_3.avi,21,8,100,4,49,False,True,0.22355885803699493,0.041519083082675934,0.003649609148851596,1.110742935910821,79,8,8,8,False,
hmdb51,val,Banned_Commercials_-_Nike_-_Soccer_vs_ninjas_kick_ball_f_nm_np1_fr_goo_0,data/HMDB51_data/videos/kick_ball/Banned_Commercials_-_Nike_-_Soccer_vs_ninjas_kick_ball_f_nm_np1_fr_goo_0.avi,21,8,100,4,21,True,True,0.7770723104476929,0.022859645076096058,0.003649609148851596,1.0651123421266675,49,8,8,8,False,
hmdb51,val,Dhan_Dhana_Dhan_Goal_(2007)_w__Eng_Sub_-_Watch_Online_-_3_16_kick_ball_f_cm_np1_fr_med_1,data/HMDB51_data/videos/kick_ball/Dhan_Dhana_Dhan_Goal_(2007)_w__Eng_Sub_-_Watch_Online_-_3_16_kick_ball_f_cm_np1_fr_med_1.avi,21,8,100,4,21,True,True,0.4578758180141449,0.029459808953106403,0.003649609148851596,1.0404573730193079,42,8,8,8,False,
hmdb51,val,Britney_Spears_-_Comercial_Pepsi_soccer_kick_ball_f_nm_np1_fr_med_2,data/HMDB51_data/videos/kick_ball/Britney_Spears_-_Comercial_Pepsi_soccer_kick_ball_f_nm_np1_fr_med_2.avi,21,8,100,4,21,True,True,0.24998939037322998,0.02080074092373252,0.003649609148851596,1.0075487769208848,43,8,8,8,False,
hmdb51,val,GOAL_2_living_the_dream_movie_part_9_kick_ball_f_cm_np1_fr_med_0,data/HMDB51_data/videos/kick_ball/GOAL_2_living_the_dream_movie_part_9_kick_ball_f_cm_np1_fr_med_0.avi,21,8,100,4,21,True,True,0.3861471712589264,0.04184933518990874,0.003649609148851596,0.984112462028861,66,8,8,8,False,
hmdb51,val,Goal_1_&_2_kick_ball_f_cm_np1_fr_goo_2,data/HMDB51_data/videos/kick_ball/Goal_1_&_2_kick_ball_f_cm_np1_fr_goo_2.avi,21,8,100,4,21,True,True,0.62651526927948,0.028067569248378277,0.003649609148851596,0.9376308210194111,40,8,8,8,False,
hmdb51,val,Manchester_United_vs_Chelsea_Champion_League_final_2008_penalty_shootout_kick_ball_f_nm_np1_ba_bad_0,data/HMDB51_data/videos/kick_ball/Manchester_United_vs_Chelsea_Champion_League_final_2008_penalty_shootout_kick_ball_f_nm_np1_ba_bad_0.avi,21,8,100,4,21,True,True,0.6298320293426514,0.02186795137822628,0.003649609148851596,0.9061021460220218,53,8,8,8,False,
hmdb51,val,Eine_andere_Liga_(10_10)_kick_ball_f_cm_np1_fr_med_1,data/HMDB51_data/videos/kick_ball/Eine_andere_Liga_(10_10)_kick_ball_f_cm_np1_fr_med_1.avi,21,8,100,4,21,True,True,0.5503315329551697,0.0366075630299747,0.003649609148851596,0.8821163168177009,86,8,8,8,False,
hmdb51,val,How_to_Shoot_Penalty_Kicks_kick_ball_f_cm_np1_ba_bad_4,data/HMDB51_data/videos/kick_ball/How_to_Shoot_Penalty_Kicks_kick_ball_f_cm_np1_ba_bad_4.avi,21,8,100,4,21,True,True,0.3889301121234894,0.02104806387796998,0.003649609148851596,0.8420118442736566,41,8,8,8,False,
hmdb51,val,How_to_kick_a_soccer_ball_the_right_way_kick_ball_l_nm_np1_ba_bad_0,data/HMDB51_data/videos/kick_ball/How_to_kick_a_soccer_ball_the_right_way_kick_ball_l_nm_np1_ba_bad_0.avi,21,8,100,4,2,False,False,0.2851746082305908,0.02348616113886237,0.003649609148851596,0.8169396040029824,60,8,8,8,False,
hmdb51,val,DWK_1_-_Der_ganze_Film_(Part_8_9)_kick_ball_f_cm_np1_ba_goo_0,data/HMDB51_data/videos/kick_ball/DWK_1_-_Der_ganze_Film_(Part_8_9)_kick_ball_f_cm_np1_ba_goo_0.avi,21,8,100,4,19,False,True,0.34831467270851135,0.03398512303829193,0.003649609148851596,0.7915385910309851,83,8,8,8,False,
hmdb51,val,Dhan_Dhana_Dhan_Goal_(2007)_w__Eng_Sub_-_Watch_Online_-_4_16_kick_ball_f_cm_np1_ri_goo_0,data/HMDB51_data/videos/kick_ball/Dhan_Dhana_Dhan_Goal_(2007)_w__Eng_Sub_-_Watch_Online_-_4_16_kick_ball_f_cm_np1_ri_goo_0.avi,21,8,100,4,7,False,False,0.16266348958015442,0.04527721693739295,0.003649609148851596,0.754562652669847,94,8,8,8,False,
hmdb51,val,How_to_Shoot_Penalty_Kicks_kick_ball_f_cm_np1_ba_bad_1,data/HMDB51_data/videos/kick_ball/How_to_Shoot_Penalty_Kicks_kick_ball_f_cm_np1_ba_bad_1.avi,21,8,100,4,21,True,True,0.4406431317329407,0.02139128278940916,0.003649609148851596,0.7050798530690372,47,8,8,8,False,
hmdb51,val,Banned_Commercials_-_Nike_-_Soccer_vs_ninjas_kick_ball_f_nm_np1_fr_med_8,data/HMDB51_data/videos/kick_ball/Banned_Commercials_-_Nike_-_Soccer_vs_ninjas_kick_ball_f_nm_np1_fr_med_8.avi,21,8,100,4,44,False,True,0.3894842863082886,0.029332793783396482,0.003649609148851596,0.6817609393037856,49,8,8,8,False,
hmdb51,val,Mean_Machine_2001_(Part_9)_kick_ball_f_cm_np3_ri_med_1,data/HMDB51_data/videos/kick_ball/Mean_Machine_2001_(Part_9)_kick_ball_f_cm_np3_ri_med_1.avi,21,8,100,4,21,True,True,0.7185103297233582,0.020297950599342585,0.003649609148851596,0.6484344722703099,47,8,8,8,False,
hmdb51,val,Lattenknaller_-_M_nner_wie_wir_(Teil_11)_kick_ball_f_cm_np1_fr_goo_0,data/HMDB51_data/videos/kick_ball/Lattenknaller_-_M_nner_wie_wir_(Teil_11)_kick_ball_f_cm_np1_fr_goo_0.avi,21,8,100,4,21,True,True,0.1053638756275177,0.02724176924675703,0.003649609148851596,0.6262088911607862,60,8,8,8,False,
hmdb51,val,TVs_Best_Kisses_Top_50_(30_to_21)_kiss_h_nm_np2_le_goo_4,data/HMDB51_data/videos/kiss/TVs_Best_Kisses_Top_50_(30_to_21)_kiss_h_nm_np2_le_goo_4.avi,22,8,100,4,22,True,True,0.7699311971664429,0.04735246207565069,0.003649609148851596,0.5975080290809274,152,8,8,8,False,
hmdb51,val,Best_Kisses_in_TV_Movies_1_3_kiss_u_cm_np2_le_goo_8,data/HMDB51_data/videos/kiss/Best_Kisses_in_TV_Movies_1_3_kiss_u_cm_np2_le_goo_8.avi,22,8,100,4,22,True,True,0.7350672483444214,0.06845866981893778,0.003649609148851596,0.5474606659263372,210,8,8,8,False,
hmdb51,val,TVs_Best_Kisses_Top_50-_(40_to_31)_kiss_h_cm_np2_le_goo_10,data/HMDB51_data/videos/kiss/TVs_Best_Kisses_Top_50-_(40_to_31)_kiss_h_cm_np2_le_goo_10.avi,22,8,100,4,22,True,True,0.5161093473434448,0.04558872664347291,0.004398483433760703,2.388193220831454,133,8,8,8,False,
hmdb51,val,kiss_mix_kiss_f_cm_np2_le_med_1,data/HMDB51_data/videos/kiss/kiss_mix_kiss_f_cm_np2_le_med_1.avi,22,8,100,4,22,True,True,0.3541117310523987,0.04582291375845671,0.004398483433760703,2.339489729143679,149,8,8,8,False,
hmdb51,val,TVs_Best_Kisses_Top_50-_(40_to_31)_kiss_u_nm_np2_le_goo_7,data/HMDB51_data/videos/kiss/TVs_Best_Kisses_Top_50-_(40_to_31)_kiss_u_nm_np2_le_goo_7.avi,22,8,100,4,22,True,True,0.42267271876335144,0.02131515508517623,0.004398483433760703,2.290414461866021,68,8,8,8,False,
hmdb51,val,Hangingbyamomentfavoritekisses_kiss_u_cm_np2_ri_med_1,data/HMDB51_data/videos/kiss/Hangingbyamomentfavoritekisses_kiss_u_cm_np2_ri_med_1.avi,22,8,100,4,22,True,True,0.43497511744499207,0.05543644726276398,0.004398483433760703,2.2678827247582376,192,8,8,8,False,
hmdb51,val,5GreatHollywoodKisses_kiss_u_nm_np2_ri_goo_2,data/HMDB51_data/videos/kiss/5GreatHollywoodKisses_kiss_u_nm_np2_ri_goo_2.avi,22,8,100,4,48,False,True,0.3111940622329712,0.08439614297822118,0.004398483433760703,2.2100881058722734,276,8,8,8,False,
hmdb51,val,Hangingbyamomentfavoritekisses_kiss_h_cm_np2_ri_goo_9,data/HMDB51_data/videos/kiss/Hangingbyamomentfavoritekisses_kiss_h_cm_np2_ri_goo_9.avi,22,8,100,4,22,True,True,0.5154130458831787,0.05695110512897372,0.004398483433760703,2.1223208708688617,185,8,8,8,False,
hmdb51,val,BestKisses_kiss_h_cm_np2_le_goo_8,data/HMDB51_data/videos/kiss/BestKisses_kiss_h_cm_np2_le_goo_8.avi,22,8,100,4,22,True,True,0.816288411617279,0.03297019796445966,0.004398483433760703,2.0622572218999267,86,8,8,8,False,
hmdb51,val,Best_kisses_kiss_h_cm_np2_le_goo_2,data/HMDB51_data/videos/kiss/Best_kisses_kiss_h_cm_np2_le_goo_2.avi,22,8,100,4,44,False,False,0.2738044857978821,0.05103332828730345,0.004398483433760703,2.0269142789766192,168,8,8,8,False,
hmdb51,val,5GreatHollywoodKisses_kiss_h_cm_np2_ri_goo_1,data/HMDB51_data/videos/kiss/5GreatHollywoodKisses_kiss_h_cm_np2_ri_goo_1.avi,22,8,100,4,10,False,True,0.21976639330387115,0.08563738781958818,0.004398483433760703,1.9722773050889373,260,8,8,8,False,
hmdb51,val,BestKisses_kiss_h_cm_np2_ri_goo_13,data/HMDB51_data/videos/kiss/BestKisses_kiss_h_cm_np2_ri_goo_13.avi,22,8,100,4,22,True,True,0.6740862131118774,0.039469928946346045,0.004398483433760703,1.8841685890220106,115,8,8,8,False,
hmdb51,val,Best_Kisses_in_TV_Movies_1_3_kiss_h_cm_np2_le_goo_4,data/HMDB51_data/videos/kiss/Best_Kisses_in_TV_Movies_1_3_kiss_h_cm_np2_le_goo_4.avi,22,8,100,4,22,True,True,0.41508030891418457,0.04237231193110347,0.004398483433760703,1.8425384000875056,142,8,8,8,False,
hmdb51,val,Best_kisses_kiss_h_nm_np2_le_goo_5,data/HMDB51_data/videos/kiss/Best_kisses_kiss_h_nm_np2_le_goo_5.avi,22,8,100,4,22,True,True,0.7173623442649841,0.05559792509302497,0.004398483433760703,1.7977661308832467,197,8,8,8,False,
hmdb51,val,BestKisses_kiss_h_cm_np2_fr_goo_7,data/HMDB51_data/videos/kiss/BestKisses_kiss_h_cm_np2_fr_goo_7.avi,22,8,100,4,22,True,True,0.805736243724823,0.03528639022260904,0.004398483433760703,1.7392264427617192,96,8,8,8,False,
hmdb51,val,Prelinger_HabitPat1954_laugh_u_nm_np2_ri_med_21,data/HMDB51_data/videos/laugh/Prelinger_HabitPat1954_laugh_u_nm_np2_ri_med_21.avi,23,8,100,4,46,False,False,0.31717291474342346,0.04393093893304467,0.004398483433760703,1.70191017864272,127,8,8,8,False,
hmdb51,val,Skype_Laughter_by_Hungary_laugh_h_nm_np2_fr_goo_1,data/HMDB51_data/videos/laugh/Skype_Laughter_by_Hungary_laugh_h_nm_np2_fr_goo_1.avi,23,8,100,4,23,True,True,0.5001094937324524,0.05193182313814759,0.004398483433760703,1.6562262340448797,197,8,8,8,False,
hmdb51,val,Skype_Laughter_Chain_laugh_h_cm_np1_fr_goo_14,data/HMDB51_data/videos/laugh/Skype_Laughter_Chain_laugh_h_cm_np1_fr_goo_14.avi,23,8,100,4,23,True,True,0.4438360929489136,0.04506199574097991,0.004398483433760703,1.6025270447134972,136,8,8,8,False,
hmdb51,val,Best_Of_Skype_Laughter_Chain_laugh_h_nm_np2_fr_med_19,data/HMDB51_data/videos/laugh/Best_Of_Skype_Laughter_Chain_laugh_h_nm_np2_fr_med_19.avi,23,8,100,4,23,True,True,0.8100157380104065,0.04735673125833273,0.004398483433760703,1.5547737539745867,178,8,8,8,False,
hmdb51,val,Skype_Laughter_Chain_reaction_(-_laugh_u_nm_np2_ri_med_1,data/HMDB51_data/videos/laugh/Skype_Laughter_Chain_reaction_(-_laugh_u_nm_np2_ri_med_1.avi,23,8,100,4,23,True,True,0.36492815613746643,0.11532088275998831,0.004398483433760703,1.5047116768546402,362,8,8,8,False,
hmdb51,val,Italian_Job_1_laugh_h_nm_np1_fr_bad_1,data/HMDB51_data/videos/laugh/Italian_Job_1_laugh_h_nm_np1_fr_bad_1.avi,23,8,100,4,46,False,False,0.49175572395324707,0.03473806893453002,0.004398483433760703,1.3854256351478398,61,8,8,8,False,
hmdb51,val,Glory_laugh_h_nm_np1_fr_bad_4,data/HMDB51_data/videos/laugh/Glory_laugh_h_nm_np1_fr_bad_4.avi,23,8,100,4,10,False,False,0.3956174850463867,0.03757359180599451,0.004398483433760703,1.3459631372243166,88,8,8,8,False,
hmdb51,val,laughing_out_her_brains_laugh_u_cm_np1_fr_med_3,data/HMDB51_data/videos/laugh/laughing_out_her_brains_laugh_u_cm_np1_fr_med_3.avi,23,8,100,4,23,True,True,0.4327377676963806,0.0596630428917706,0.004398483433760703,1.3043728708289564,181,8,8,8,False,
hmdb51,val,Skype_Laughter_Chain_laugh_h_cm_np1_fr_goo_6,data/HMDB51_data/videos/laugh/Skype_Laughter_Chain_laugh_h_cm_np1_fr_goo_6.avi,23,8,100,4,23,True,True,0.7220019698143005,0.09413887979462743,0.004398483433760703,1.2413469851016998,302,8,8,8,False,
hmdb51,val,Can_t_stop_laughing_laugh_u_cm_np1_fr_goo_0,data/HMDB51_data/videos/laugh/Can_t_stop_laughing_laugh_u_cm_np1_fr_goo_0.avi,23,8,100,4,25,False,True,0.27115073800086975,0.07641112105920911,0.004398483433760703,1.1444684797897935,211,8,8,8,False,
hmdb51,val,Skype_Laughter_Chain_laugh_h_cm_np1_fr_goo_12,data/HMDB51_data/videos/laugh/Skype_Laughter_Chain_laugh_h_cm_np1_fr_goo_12.avi,23,8,100,4,4,False,True,0.29914864897727966,0.04601797508075833,0.004398483433760703,1.0643875310197473,80,8,8,8,False,
hmdb51,val,Skype_Laughter_Chain_Reaction_laugh_h_cm_np1_fr_goo_0,data/HMDB51_data/videos/laugh/Skype_Laughter_Chain_Reaction_laugh_h_cm_np1_fr_goo_0.avi,23,8,100,4,39,False,True,0.25010138750076294,0.06974637694656849,0.004398483433760703,1.0142608019523323,225,8,8,8,False,
hmdb51,val,Best_Of_Skype_Laughter_Chain_laugh_h_nm_np1_fr_goo_13,data/HMDB51_data/videos/laugh/Best_Of_Skype_Laughter_Chain_laugh_h_nm_np1_fr_goo_13.avi,23,8,100,4,23,True,True,0.8609098196029663,0.03858560603111982,0.004398483433760703,0.9417053363285959,115,8,8,8,False,
hmdb51,val,Re-_Skype_Laughter_Chain_3_laugh_h_nm_np2_fr_med_0,data/HMDB51_data/videos/laugh/Re-_Skype_Laughter_Chain_3_laugh_h_nm_np2_fr_med_0.avi,23,8,100,4,23,True,True,0.47192060947418213,0.05907474830746651,0.004398483433760703,0.8982339757494628,184,8,8,8,False,
hmdb51,val,Der_Lachsack___Laughing_Bag___keep_on_smiling_;0)_laugh_h_cm_np1_fr_med_1,data/HMDB51_data/videos/laugh/Der_Lachsack___Laughing_Bag___keep_on_smiling_;0)_laugh_h_cm_np1_fr_med_1.avi,23,8,100,4,23,True,True,0.5510542988777161,0.06080544274300337,0.004398483433760703,0.8369325064122677,175,8,8,8,False,
hmdb51,val,best_laugh_attack_ever!_laugh_h_nm_np1_fr_goo_1,data/HMDB51_data/videos/laugh/best_laugh_attack_ever!_laugh_h_nm_np1_fr_goo_1.avi,23,8,100,4,39,False,True,0.5015953183174133,0.05401145899668336,0.004398483433760703,0.7733746590092778,160,8,8,8,False,
hmdb51,val,Crazy_Drunk_Girl_Laugh_laugh_h_cm_np1_fr_goo_0,data/HMDB51_data/videos/laugh/Crazy_Drunk_Girl_Laugh_laugh_h_cm_np1_fr_goo_0.avi,23,8,100,4,23,True,True,0.7005095481872559,0.05226837284862995,0.004398483433760703,0.7155229849740863,148,8,8,8,False,
hmdb51,val,Best_Of_Skype_Laughter_Chain_laugh_h_nm_np1_fr_goo_12,data/HMDB51_data/videos/laugh/Best_Of_Skype_Laughter_Chain_laugh_h_nm_np1_fr_goo_12.avi,23,8,100,4,23,True,True,0.844376802444458,0.0314680403098464,0.004398483433760703,0.6598994680680335,100,8,8,8,False,
hmdb51,val,Re-_skype_laughter_chain_2_laugh_h_nm_np2_fr_goo_1,data/HMDB51_data/videos/laugh/Re-_skype_laughter_chain_2_laugh_h_nm_np2_fr_goo_1.avi,23,8,100,4,23,True,True,0.8209492564201355,0.06668792385607958,0.004398483433760703,0.625881727784872,260,8,8,8,False,
hmdb51,val,Search_and_Identify_Golf_Ball_-_www_mulliganplus_com_pick_f_nm_np1_le_goo_0,data/HMDB51_data/videos/pick/Search_and_Identify_Golf_Ball_-_www_mulliganplus_com_pick_f_nm_np1_le_goo_0.avi,24,8,100,4,15,False,True,0.8289872407913208,0.04936691978946328,0.0038293606194201857,2.018596732057631,166,8,8,8,False,
hmdb51,val,Juno_pick_u_cm_np1_le_bad_9,data/HMDB51_data/videos/pick/Juno_pick_u_cm_np1_le_bad_9.avi,24,8,100,4,27,False,False,0.1653282195329666,0.034059380646795034,0.0038293606194201857,1.9676428157836199,105,8,8,8,False,
hmdb51,val,Fishing_For_People_pick_f_cm_np2_ri_med_1,data/HMDB51_data/videos/pick/Fishing_For_People_pick_f_cm_np2_ri_med_1.avi,24,8,100,4,17,False,True,0.2593051493167877,0.028951136860996485,0.0038293606194201857,1.9307725578546524,80,8,8,8,False,
hmdb51,val,Wallet_Trick_pick_f_cm_np4_ri_med_0,data/HMDB51_data/videos/pick/Wallet_Trick_pick_f_cm_np4_ri_med_0.avi,24,8,100,4,18,False,True,0.2194027304649353,0.033842678647488356,0.0038293606194201857,1.899278705008328,80,8,8,8,False,
hmdb51,val,Dollar_Prank_at_Wally_World_pick_f_nm_np1_le_med_2,data/HMDB51_data/videos/pick/Dollar_Prank_at_Wally_World_pick_f_nm_np1_le_med_2.avi,24,8,100,4,27,False,False,0.7502255439758301,0.02740639168769121,0.0038293606194201857,1.8633964569307864,80,8,8,8,False,
hmdb51,val,Dollar_Prank_at_the_Rivertown_Mall_pick_f_nm_np1_fr_med_1,data/HMDB51_data/videos/pick/Dollar_Prank_at_the_Rivertown_Mall_pick_f_nm_np1_fr_med_1.avi,24,8,100,4,45,False,True,0.34079253673553467,0.026133695151656866,0.0038293606194201857,1.8336963369511068,80,8,8,8,False,
hmdb51,val,Pick_Up_The_Phone_pick_u_nm_np1_fr_med_0,data/HMDB51_data/videos/pick/Pick_Up_The_Phone_pick_u_nm_np1_fr_med_0.avi,24,8,100,4,49,False,True,0.22889797389507294,0.030165791977196932,0.0038293606194201857,1.8049187646247447,80,8,8,8,False,
hmdb51,val,Die_Pfandpiraten_Doku_pick_f_cm_np1_ba_med_2,data/HMDB51_data/videos/pick/Die_Pfandpiraten_Doku_pick_f_cm_np1_ba_med_2.avi,24,8,100,4,32,False,False,0.18113967776298523,0.04178280523046851,0.0038293606194201857,1.7703265370801091,85,8,8,8,False,
hmdb51,val,Wallet_Trick_pick_f_cm_np2_fr_bad_1,data/HMDB51_data/videos/pick/Wallet_Trick_pick_f_cm_np2_fr_bad_1.avi,24,8,100,4,30,False,True,0.7676512002944946,0.03274855297058821,0.0038293606194201857,1.7251446908339858,82,8,8,8,False,
hmdb51,val,Wallet_Trick_pick_f_cm_np1_fr_bad_4,data/HMDB51_data/videos/pick/Wallet_Trick_pick_f_cm_np1_fr_bad_4.avi,24,8,100,4,24,True,True,0.2785375118255615,0.030147525947541,0.0038293606194201857,1.6899790009483695,80,8,8,8,False,
hmdb51,val,Torwarttraining_-_Impressionen_vom_1__FFC_Frankfurt_pick_f_cm_np1_fr_goo_3,data/HMDB51_data/videos/pick/Torwarttraining_-_Impressionen_vom_1__FFC_Frankfurt_pick_f_cm_np1_fr_goo_3.avi,24,8,100,4,2,False,False,0.8035420775413513,0.019817191176116467,0.0038293606194201857,1.6579270628280938,53,8,8,8,False,
hmdb51,val,ThePerfectScore_pick_u_nm_np1_ba_goo_3,data/HMDB51_data/videos/pick/ThePerfectScore_pick_u_nm_np1_ba_goo_3.avi,24,8,100,4,32,False,False,0.19832967221736908,0.023291989229619503,0.0038293606194201857,1.6354330871254206,51,8,8,8,False,
hmdb51,val,ThreeStories_pick_u_cm_np1_ri_med_3,data/HMDB51_data/videos/pick/ThreeStories_pick_u_cm_np1_ri_med_3.avi,24,8,100,4,12,False,False,0.4925268590450287,0.02245396701619029,0.0038293606194201857,1.6090866308659315,53,8,8,8,False,
hmdb51,val,M_ll_sammeln_pick_f_cm_np1_fr_bad_0,data/HMDB51_data/videos/pick/M_ll_sammeln_pick_f_cm_np1_fr_bad_0.avi,24,8,100,4,24,True,True,0.20394474267959595,0.03961715800687671,0.0038293606194201857,1.5831450270488858,108,8,8,8,False,
hmdb51,val,Portemonnaie-Trick_Openair_Lumnezia_2008_Nr__2_pick_f_cm_np2_fr_med_0,data/HMDB51_data/videos/pick/Portemonnaie-Trick_Openair_Lumnezia_2008_Nr__2_pick_f_cm_np2_fr_med_0.avi,24,8,100,4,33,False,False,0.4972766637802124,0.040827427059412,0.0038293606194201857,1.5387531188316643,84,8,8,8,False,
hmdb51,val,The_Pomegranate_Martini_pour_u_nm_np1_fr_med_0,data/HMDB51_data/videos/pour/The_Pomegranate_Martini_pour_u_nm_np1_fr_med_0.avi,25,8,100,4,25,True,True,0.7708294987678528,0.03747917199507356,0.0038293606194201857,1.4965591770596802,113,8,8,8,False,
hmdb51,val,Bottoms_Up_-_Bartending_Lesson__Licor_43_Dreamsicle_pour_u_nm_np2_fr_goo_0,data/HMDB51_data/videos/pour/Bottoms_Up_-_Bartending_Lesson__Licor_43_Dreamsicle_pour_u_nm_np2_fr_goo_0.avi,25,8,100,4,25,True,True,0.6316203474998474,0.06265602121129632,0.0038293606194201857,1.456363881006837,230,8,8,8,False,
hmdb51,val,Bar_Basics_-_How_to_Pour_Liquor_Accurately_by_Counting_pour_u_cm_np1_fr_med_2,data/HMDB51_data/videos/pour/Bar_Basics_-_How_to_Pour_Liquor_Accurately_by_Counting_pour_u_cm_np1_fr_med_2.avi,25,8,100,4,25,True,True,0.8313621878623962,0.020861645229160786,0.0038293606194201857,1.3910101181827486,68,8,8,8,False,
hmdb51,val,Chinese_tea_ceremony_pour_u_cm_np1_fr_goo_0,data/HMDB51_data/videos/pour/Chinese_tea_ceremony_pour_u_cm_np1_fr_goo_0.avi,25,8,100,4,25,True,True,0.9483965039253235,0.038246626034379005,0.0038293606194201857,1.3662714352831244,112,8,8,8,False,
hmdb51,val,Robin_and_the_magical_tea_pour_pour_u_cm_np1_fr_goo_0,data/HMDB51_data/videos/pour/Robin_and_the_magical_tea_pour_pour_u_cm_np1_fr_goo_0.avi,25,8,100,4,25,True,True,0.6673583984375,0.08135235914960504,0.0038293606194201857,1.3258101190440357,240,8,8,8,False,
hmdb51,val,Tea_in_Wudang_pour_u_nm_np1_fr_med_2,data/HMDB51_data/videos/pour/Tea_in_Wudang_pour_u_nm_np1_fr_med_2.avi,25,8,100,4,25,True,True,0.876474142074585,0.03034074604511261,0.0038293606194201857,1.2394259846769273,104,8,8,8,False,
hmdb51,val,Traditional_chinese_tea_ceremony_pour_u_cm_np1_fr_goo_0,data/HMDB51_data/videos/pour/Traditional_chinese_tea_ceremony_pour_u_cm_np1_fr_goo_0.avi,25,8,100,4,4,False,True,0.28583425283432007,0.07875045575201511,0.0038293606194201857,1.2062687086872756,256,8,8,8,False,
hmdb51,val,New_Orleans__best_cocktails-_Hot_Buttered_Rum_pour_u_nm_np1_fr_med_1,data/HMDB51_data/videos/pour/New_Orleans__best_cocktails-_Hot_Buttered_Rum_pour_u_nm_np1_fr_med_1.avi,25,8,100,4,25,True,True,0.9520537257194519,0.05006812512874603,0.0038293606194201857,1.1241703862324357,173,8,8,8,False,
hmdb51,val,Highball_Cocktail_Drink_Recipe_pour_u_nm_np1_fr_med_0,data/HMDB51_data/videos/pour/Highball_Cocktail_Drink_Recipe_pour_u_nm_np1_fr_med_0.avi,25,8,100,4,25,True,True,0.8724554181098938,0.04244303982704878,0.0038293606194201857,1.0715761659666896,153,8,8,8,False,
hmdb51,val,Bottoms_Up_-_Bartending_Lesson__The_Margarita!_pour_u_nm_np1_fr_goo_2,data/HMDB51_data/videos/pour/Bottoms_Up_-_Bartending_Lesson__The_Margarita!_pour_u_nm_np1_fr_goo_2.avi,25,8,100,4,25,True,True,0.9417009353637695,0.027350353077054024,0.0038293606194201857,1.0261355438269675,80,8,8,8,False,
hmdb51,val,Bartender_of_America_Bartending_School_pour_u_cm_np1_fr_med_2,data/HMDB51_data/videos/pour/Bartender_of_America_Bartending_School_pour_u_cm_np1_fr_med_2.avi,25,8,100,4,25,True,True,0.9206785559654236,0.031496325973421335,0.0038293606194201857,0.9970879438333213,101,8,8,8,False,
hmdb51,val,How_to_pour_beer_pour_u_nm_np1_fr_goo_0,data/HMDB51_data/videos/pour/How_to_pour_beer_pour_u_nm_np1_fr_goo_0.avi,25,8,100,4,23,False,False,0.4045829474925995,0.2097275140695274,0.0038293606194201857,0.9616179978474975,1063,8,8,8,False,
hmdb51,val,Gaiwan_tea_ceremony_pour_u_cm_np1_fr_med_1,data/HMDB51_data/videos/pour/Gaiwan_tea_ceremony_pour_u_cm_np1_fr_med_1.avi,25,8,100,4,25,True,True,0.6225112676620483,0.06244559306651354,0.0038293606194201857,0.748832019045949,217,8,8,8,False,
hmdb51,val,Flaming_B52_Shot_Drink_pour_u_nm_np1_fr_med_1,data/HMDB51_data/videos/pour/Flaming_B52_Shot_Drink_pour_u_nm_np1_fr_med_1.avi,25,8,100,4,25,True,True,0.9523200392723083,0.10653771692886949,0.0038293606194201857,0.682875616941601,427,8,8,8,False,
hmdb51,val,Bartender_School_Students_Practice_pour_u_cm_np1_fr_med_2,data/HMDB51_data/videos/pour/Bartender_School_Students_Practice_pour_u_cm_np1_fr_med_2.avi,25,8,100,4,25,True,True,0.7245588302612305,0.030833707191050053,0.0038293606194201857,0.5729195261374116,88,8,8,8,False,
hmdb51,val,46_Pull_ups_pullup_f_cm_np1_fr_bad_2,data/HMDB51_data/videos/pullup/46_Pull_ups_pullup_f_cm_np1_fr_bad_2.avi,26,8,100,4,26,True,True,0.9206846952438354,0.0268300948664546,0.0038293606194201857,0.5393534479662776,81,8,8,8,False,
hmdb51,val,50_pull_ups_made_in_germany_pullup_f_nm_np1_le_med_2,data/HMDB51_data/videos/pullup/50_pull_ups_made_in_germany_pullup_f_nm_np1_le_med_2.avi,26,8,100,4,14,False,True,0.14867526292800903,0.02484600292518735,0.0038293606194201857,0.5100386249832809,80,8,8,8,False,
hmdb51,val,Pull_ups-_77_for_8_minutes_without_rest_pullup_u_cm_np1_fr_bad_2,data/HMDB51_data/videos/pullup/Pull_ups-_77_for_8_minutes_without_rest_pullup_u_cm_np1_fr_bad_2.avi,26,8,100,4,26,True,True,0.9450643062591553,0.02835868112742901,0.003492439689580351,1.594433567021042,80,8,8,8,False,
hmdb51,val,Pull-ups_+_Push_ups-_a_time-saving_workout_pullup_u_cm_np1_ri_med_2,data/HMDB51_data/videos/pullup/Pull-ups_+_Push_ups-_a_time-saving_workout_pullup_u_cm_np1_ri_med_2.avi,26,8,100,4,26,True,True,0.9053053259849548,0.025931641925126314,0.003492439689580351,1.5641327477060258,80,8,8,8,False,
hmdb51,val,Girl_does_12_pull-ups_pullup_u_cm_np1_ba_med_0,data/HMDB51_data/videos/pullup/Girl_does_12_pull-ups_pullup_u_cm_np1_ba_med_0.avi,26,8,100,4,26,True,True,0.9313312768936157,0.025593528989702463,0.003492439689580351,1.5353040359914303,84,8,8,8,False,
hmdb51,val,Eight_wide_grip_pull-ups_pullup_u_cm_np1_ba_med_1,data/HMDB51_data/videos/pullup/Eight_wide_grip_pull-ups_pullup_u_cm_np1_ba_med_1.avi,26,8,100,4,26,True,True,0.9268550276756287,0.026027722284197807,0.003492439689580351,1.507263531908393,88,8,8,8,False,
hmdb51,val,20_good_form_pullups_pullup_f_nm_np1_ri_goo_0,data/HMDB51_data/videos/pullup/20_good_form_pullups_pullup_f_nm_np1_ri_goo_0.avi,26,8,100,4,26,True,True,0.9360399842262268,0.02456496423110366,0.003492439689580351,1.478830008301884,81,8,8,8,False,
hmdb51,val,12_Pull-ups_by_female_athlete_pullup_f_cm_np1_ba_med_2,data/HMDB51_data/videos/pullup/12_Pull-ups_by_female_athlete_pullup_f_cm_np1_ba_med_2.avi,26,8,100,4,26,True,True,0.9199194312095642,0.027814543806016445,0.003492439689580351,1.4514296716079116,80,8,8,8,False,
hmdb51,val,Metaphysics_Pull_up_specialist_pullup_u_cm_np1_ba_med_1,data/HMDB51_data/videos/pullup/Metaphysics_Pull_up_specialist_pullup_u_cm_np1_ba_med_1.avi,26,8,100,4,26,True,True,0.23910623788833618,0.030361067038029432,0.003492439689580351,1.4213439729064703,82,8,8,8,False,
hmdb51,val,22_Pull-ups_with_Speed_and_Perfect_Form_pullup_f_cm_np1_ba_med_0,data/HMDB51_data/videos/pullup/22_Pull-ups_with_Speed_and_Perfect_Form_pullup_f_cm_np1_ba_med_0.avi,26,8,100,4,26,True,True,0.9364545345306396,0.029308445286005735,0.003492439689580351,1.3883054330945015,79,8,8,8,False,
hmdb51,val,Girl_does_12_pull-ups_pullup_u_cm_np1_ba_med_2,data/HMDB51_data/videos/pullup/Girl_does_12_pull-ups_pullup_u_cm_np1_ba_med_2.avi,26,8,100,4,26,True,True,0.9357138276100159,0.02680015517398715,0.003492439689580351,1.3546460876241326,84,8,8,8,False,
hmdb51,val,20_Pull_ups_at_160_15_1_2_inch_biceps_(_wide_grip_)_pullup_u_cm_np1_ba_med_2,data/HMDB51_data/videos/pullup/20_Pull_ups_at_160_15_1_2_inch_biceps_(_wide_grip_)_pullup_u_cm_np1_ba_med_2.avi,26,8,100,4,26,True,True,0.9528156518936157,0.028677599970251322,0.003492439689580351,1.3249840680509806,81,8,8,8,False,
hmdb51,val,46_Pull_ups_pullup_f_cm_np1_fr_bad_1,data/HMDB51_data/videos/pullup/46_Pull_ups_pullup_f_cm_np1_fr_bad_1.avi,26,8,100,4,26,True,True,0.8822236061096191,0.0283818319439888,0.003492439689580351,1.2922734501771629,81,8,8,8,False,
hmdb51,val,Random_Pull_Up_Exercises_pullup_f_nm_np1_ba_med_1,data/HMDB51_data/videos/pullup/Random_Pull_Up_Exercises_pullup_f_nm_np1_ba_med_1.avi,26,8,100,4,26,True,True,0.9419717788696289,0.027885086834430695,0.003492439689580351,1.2603054409846663,80,8,8,8,False,
hmdb51,val,Pull_ups-_77_for_8_minutes_without_rest_pullup_u_cm_np1_fr_bad_0,data/HMDB51_data/videos/pullup/Pull_ups-_77_for_8_minutes_without_rest_pullup_u_cm_np1_fr_bad_0.avi,26,8,100,4,26,True,True,0.9403771162033081,0.025918298866599798,0.003492439689580351,1.2278159856796265,80,8,8,8,False,
hmdb51,val,The_Matrix_4_punch_u_nm_np1_fr_bad_3,data/HMDB51_data/videos/punch/The_Matrix_4_punch_u_nm_np1_fr_bad_3.avi,27,8,100,4,12,False,True,0.3050001561641693,0.022575132083147764,0.003492439689580351,1.199002297129482,41,8,8,8,False,
hmdb51,val,Crash_punch_h_cm_np1_ri_med_18,data/HMDB51_data/videos/punch/Crash_punch_h_cm_np1_ri_med_18.avi,27,8,100,4,49,False,False,0.6971232891082764,0.03582092188298702,0.003492439689580351,1.173423184081912,36,8,8,8,False,
hmdb51,val,50_FIRST_DATES_punch_f_nm_np1_ri_med_16,data/HMDB51_data/videos/punch/50_FIRST_DATES_punch_f_nm_np1_ri_med_16.avi,27,8,100,4,29,False,False,0.24285566806793213,0.020285738166421652,0.003492439689580351,1.1334810848347843,47,8,8,8,False,
hmdb51,val,PracticingBoxingonaDoubleEndBag-LeadRightwithaHook_punch_u_nm_np1_fr_med_12,data/HMDB51_data/videos/punch/PracticingBoxingonaDoubleEndBag-LeadRightwithaHook_punch_u_nm_np1_fr_med_12.avi,27,8,100,4,27,True,True,0.8415119051933289,0.03197006694972515,0.003492439689580351,1.1089115319773555,91,8,8,8,False,
hmdb51,val,AdvancedBoxingTechniquesandExercises_punch_u_nm_np1_ri_med_20,data/HMDB51_data/videos/punch/AdvancedBoxingTechniquesandExercises_punch_u_nm_np1_ri_med_20.avi,27,8,100,4,27,True,True,0.4242308735847473,0.029205053113400936,0.003492439689580351,1.0737545788288116,62,8,8,8,False,
hmdb51,val,Return_of_the_King_10_punch_u_cm_np1_ba_med_0,data/HMDB51_data/videos/punch/Return_of_the_King_10_punch_u_cm_np1_ba_med_0.avi,27,8,100,4,44,False,False,0.25539451837539673,0.040141395293176174,0.003492439689580351,1.0415080389939249,45,8,8,8,False,
hmdb51,val,PracticingBoxingonaDoubleEndBag-LeadRightwithaHook_punch_u_nm_np1_fr_med_5,data/HMDB51_data/videos/punch/PracticingBoxingonaDoubleEndBag-LeadRightwithaHook_punch_u_nm_np1_fr_med_5.avi,27,8,100,4,27,True,True,0.7772701978683472,0.033843043725937605,0.003492439689580351,0.9988323180004954,92,8,8,8,False,
hmdb51,val,PracticingBoxingonaDoubleEndBag-LeadRightwithaHook_punch_u_nm_np1_fr_med_9,data/HMDB51_data/videos/punch/PracticingBoxingonaDoubleEndBag-LeadRightwithaHook_punch_u_nm_np1_fr_med_9.avi,27,8,100,4,27,True,True,0.7682795524597168,0.03459573583677411,0.003492439689580351,0.960895324125886,90,8,8,8,False,
hmdb51,val,BoxingTipsHowtoMakeKnucklesStronger_punch_u_nm_np1_ri_goo_0,data/HMDB51_data/videos/punch/BoxingTipsHowtoMakeKnucklesStronger_punch_u_nm_np1_ri_goo_0.avi,27,8,100,4,27,True,True,0.3424246907234192,0.026298435870558023,0.003492439689580351,0.923915748950094,62,8,8,8,False,
hmdb51,val,TheBoondockSaints_punch_f_cm_np1_ri_bad_36,data/HMDB51_data/videos/punch/TheBoondockSaints_punch_f_cm_np1_ri_bad_36.avi,27,8,100,4,17,False,False,0.18768569827079773,0.03281375207006931,0.003492439689580351,0.8936917162500322,49,8,8,8,False,
hmdb51,val,Return_of_the_King_10_punch_u_cm_np1_ri_med_1,data/HMDB51_data/videos/punch/Return_of_the_King_10_punch_u_cm_np1_ri_med_1.avi,27,8,100,4,36,False,True,0.09283646941184998,0.046907836105674505,0.003492439689580351,0.857488124165684,38,8,8,8,False,
hmdb51,val,RETURN_OF_THE_KING_punch_u_cm_np1_ri_med_34,data/HMDB51_data/videos/punch/RETURN_OF_THE_KING_punch_u_cm_np1_ri_med_34.avi,27,8,100,4,12,False,False,0.17411774396896362,0.04155379720032215,0.003492439689580351,0.8083773902617395,45,8,8,8,False,
hmdb51,val,BeginnerKyokushinKarateTechniques_punch_f_nm_np2_fr_med_2,data/HMDB51_data/videos/punch/BeginnerKyokushinKarateTechniques_punch_f_nm_np2_fr_med_2.avi,27,8,100,4,27,True,True,0.5204188227653503,0.0842295978218317,0.003492439689580351,0.7622939669527113,274,8,8,8,False,
hmdb51,val,Italian_Job_4_punch_u_cm_np1_fr_med_1,data/HMDB51_data/videos/punch/Italian_Job_4_punch_u_cm_np1_fr_med_1.avi,27,8,100,4,46,False,False,0.24745714664459229,0.029187126085162163,0.003492439689580351,0.6743421498686075,57,8,8,8,False,
hmdb51,val,kick__bruce_lee_v_s_japanese_punch_u_cm_np1_ri_bad_3,data/HMDB51_data/videos/punch/kick__bruce_lee_v_s_japanese_punch_u_cm_np1_ri_bad_3.avi,27,8,100,4,18,False,True,0.19090953469276428,0.06376928370445967,0.003492439689580351,0.6407114318571985,30,8,8,8,False,
hmdb51,val,AdvancedBoxingTechniquesandExercises_punch_u_nm_np1_ba_med_5,data/HMDB51_data/videos/punch/AdvancedBoxingTechniquesandExercises_punch_u_nm_np1_ba_med_5.avi,27,8,100,4,27,True,True,0.9072728157043457,0.027008485980331898,0.003492439689580351,0.5736721106804907,80,8,8,8,False,
hmdb51,val,The_Departed_-_Part_1_punch_h_cm_np1_fr_bad_3,data/HMDB51_data/videos/punch/The_Departed_-_Part_1_punch_h_cm_np1_fr_bad_3.avi,27,8,100,4,4,False,False,0.38019078969955444,0.02649207739159465,0.003492439689580351,0.5429625068791211,49,8,8,8,False,
hmdb51,val,TheBoondockSaints_punch_u_nm_np1_le_bad_37,data/HMDB51_data/videos/punch/TheBoondockSaints_punch_u_nm_np1_le_bad_37.avi,27,8,100,4,10,False,True,0.3034575581550598,0.013914288952946663,0.003492439689580351,0.5121073359623551,24,6,8,8,False,
hmdb51,val,cmd_pushing_box_2_push_f_cm_np1_ba_bad_1,data/HMDB51_data/videos/push/cmd_pushing_box_2_push_f_cm_np1_ba_bad_1.avi,28,8,100,4,28,True,True,0.8659552335739136,0.023183621931821108,0.003492439689580351,0.49647888308390975,79,8,8,8,False,
hmdb51,val,pushing_cart_push_f_cm_np1_le_bad_1,data/HMDB51_data/videos/push/pushing_cart_push_f_cm_np1_le_bad_1.avi,28,8,100,4,28,True,True,0.7430972456932068,0.032117736991494894,0.003837627315078862,1.5596593548543751,82,8,8,8,False,
hmdb51,val,Big_Bebe_walking_and_pushing_her_lion_in_a_box!_push_f_cm_np1_fr_bad_5,data/HMDB51_data/videos/push/Big_Bebe_walking_and_pushing_her_lion_in_a_box!_push_f_cm_np1_fr_bad_5.avi,28,8,100,4,0,False,True,0.31131651997566223,0.03196983318775892,0.003837627315078862,1.5232690633274615,80,8,8,8,False,
hmdb51,val,Davos_-_Anschieben_von_Michis_Auto_push_f_cm_np1_ri_med_1,data/HMDB51_data/videos/push/Davos_-_Anschieben_von_Michis_Auto_push_f_cm_np1_ri_med_1.avi,28,8,100,4,28,True,True,0.314048707485199,0.030512369237840176,0.003837627315078862,1.4888639119453728,81,8,8,8,False,
hmdb51,val,pushing_blocks_push_f_nm_np1_le_bad_1,data/HMDB51_data/videos/push/pushing_blocks_push_f_nm_np1_le_bad_1.avi,28,8,100,4,17,False,True,0.20098917186260223,0.022756305057555437,0.003837627315078862,1.4554291032254696,80,8,8,8,False,
hmdb51,val,pushing_blocks_push_f_nm_np1_le_bad_2,data/HMDB51_data/videos/push/pushing_blocks_push_f_nm_np1_le_bad_2.avi,28,8,100,4,36,False,True,0.21765409409999847,0.02276842389255762,0.003837627315078862,1.4304871000349522,80,8,8,8,False,
hmdb51,val,Box_Pull_Push_push_f_cm_np1_ba_bad_2,data/HMDB51_data/videos/push/Box_Pull_Push_push_f_cm_np1_ba_bad_2.avi,28,8,100,4,28,True,True,0.7104536294937134,0.02358366595581174,0.003837627315078862,1.4056725520640612,80,8,8,8,False,
hmdb51,val,Big_Bebe_walking_and_pushing_her_lion_in_a_box!_push_f_cm_np1_ba_bad_7,data/HMDB51_data/videos/push/Big_Bebe_walking_and_pushing_her_lion_in_a_box!_push_f_cm_np1_ba_bad_7.avi,28,8,100,4,28,True,True,0.5978983044624329,0.033085883129388094,0.003837627315078862,1.3796949456445873,80,8,8,8,False,
hmdb51,val,Big_Bebe_walking_and_pushing_her_lion_in_a_box!_push_f_cm_np1_le_bad_6,data/HMDB51_data/videos/push/Big_Bebe_walking_and_pushing_her_lion_in_a_box!_push_f_cm_np1_le_bad_6.avi,28,8,100,4,28,True,True,0.35221803188323975,0.026236961130052805,0.003837627315078862,1.3437926466576755,80,8,8,8,False,
hmdb51,val,Joshua_pushing_wagon_push_f_cm_np1_le_bad_0,data/HMDB51_data/videos/push/Joshua_pushing_wagon_push_f_cm_np1_le_bad_0.avi,28,8,100,4,24,False,True,0.38143816590309143,0.02469073934480548,0.003837627315078862,1.315501131117344,71,8,8,8,False,
hmdb51,val,Cross_Pushing_Table_push_f_cm_np1_ba_bad_2,data/HMDB51_data/videos/push/Cross_Pushing_Table_push_f_cm_np1_ba_bad_2.avi,28,8,100,4,28,True,True,0.8888066411018372,0.024767820723354816,0.003837627315078862,1.2882000212557614,84,8,8,8,False,
hmdb51,val,Baby_Push_Cart_push_f_cm_np1_ri_bad_0,data/HMDB51_data/videos/push/Baby_Push_Cart_push_f_cm_np1_ri_bad_0.avi,28,8,100,4,28,True,True,0.8415579795837402,0.026636750902980566,0.003837627315078862,1.2611151686869562,80,8,8,8,False,
hmdb51,val,micah_pushing_wagon_push_f_cm_np1_le_bad_2,data/HMDB51_data/videos/push/micah_pushing_wagon_push_f_cm_np1_le_bad_2.avi,28,8,100,4,17,False,True,0.4503306448459625,0.045498406048864126,0.003837627315078862,1.2319191046990454,80,8,8,8,False,
hmdb51,val,Pushing_Music_Table_push_f_cm_np1_ba_bad_6,data/HMDB51_data/videos/push/Pushing_Music_Table_push_f_cm_np1_ba_bad_6.avi,28,8,100,4,28,True,True,0.5626478791236877,0.03582206508144736,0.003837627315078862,1.1840490088798106,99,8,8,8,False,
hmdb51,val,Davos_-_Anschieben_von_Michis_Auto_push_f_cm_np1_fr_bad_0,data/HMDB51_data/videos/push/Davos_-_Anschieben_von_Michis_Auto_push_f_cm_np1_fr_bad_0.avi,28,8,100,4,30,False,True,0.37278637290000916,0.04278115089982748,0.003837627315078862,1.1457160371355712,140,8,8,8,False,
hmdb51,val,pushing_box_around_house_push_f_cm_np1_le_bad_3,data/HMDB51_data/videos/push/pushing_box_around_house_push_f_cm_np1_le_bad_3.avi,28,8,100,4,28,True,True,0.7570849061012268,0.031537075992673635,0.003837627315078862,1.0996400900185108,101,8,8,8,False,
hmdb51,val,pushing_box_around_house_push_f_cm_np1_le_med_2,data/HMDB51_data/videos/push/pushing_box_around_house_push_f_cm_np1_le_med_2.avi,28,8,100,4,28,True,True,0.8181338906288147,0.027133348863571882,0.003837627315078862,1.0639702947810292,67,8,8,8,False,
hmdb51,val,Pushups_Workout__Push_Up_protein__Part_One_pushup_f_cm_np1_ri_bad_1,data/HMDB51_data/videos/pushup/Pushups_Workout__Push_Up_protein__Part_One_pushup_f_cm_np1_ri_bad_1.avi,29,8,100,4,29,True,True,0.6360141634941101,0.024192258715629578,0.003837627315078862,1.033952675294131,81,8,8,8,False,
hmdb51,val,Push_Up_Workout_--_Do_100_Total_Pushups_In_A_Row_pushup_f_nm_np1_le_med_2,data/HMDB51_data/videos/pushup/Push_Up_Workout_--_Do_100_Total_Pushups_In_A_Row_pushup_f_nm_np1_le_med_2.avi,29,8,100,4,29,True,True,0.8029351234436035,0.02683012280613184,0.003837627315078862,1.00702606420964,81,8,8,8,False,
hmdb51,val,38_push-ups!_Not_bad_for_a_girl_pushup_f_cm_np2_fr_med_3,data/HMDB51_data/videos/pushup/38_push-ups!_Not_bad_for_a_girl_pushup_f_cm_np2_fr_med_3.avi,29,8,100,4,29,True,True,0.7403750419616699,0.03479001997038722,0.003837627315078862,0.9762371177785099,82,8,8,8,False,
hmdb51,val,Push_Ups_1_pushup_f_nm_np1_le_med_1,data/HMDB51_data/videos/pushup/Push_Ups_1_pushup_f_nm_np1_le_med_1.avi,29,8,100,4,29,True,True,0.9020691514015198,0.02761279884725809,0.003837627315078862,0.9381779162213206,80,8,8,8,False,
hmdb51,val,Push_Up_Battle_pushup_u_cm_np2_le_bad_2,data/HMDB51_data/videos/pushup/Push_Up_Battle_pushup_u_cm_np2_le_bad_2.avi,29,8,100,4,29,True,True,0.6056602597236633,0.03152974881231785,0.003837627315078862,0.9087971211411059,82,8,8,8,False,
hmdb51,val,Push_Up_fitness_training_video_pushup_f_nm_np1_le_goo_0,data/HMDB51_data/videos/pushup/Push_Up_fitness_training_video_pushup_f_nm_np1_le_goo_0.avi,29,8,100,4,29,True,True,0.8364837765693665,0.039682828821241856,0.003837627315078862,0.8734470726922154,105,8,8,8,False,
hmdb51,val,Exercise_Clip_-_Push-up_Improvement_with_SGT_Ken_pushup_f_cm_np1_fr_med_1,data/HMDB51_data/videos/pushup/Exercise_Clip_-_Push-up_Improvement_with_SGT_Ken_pushup_f_cm_np1_fr_med_1.avi,29,8,100,4,29,True,True,0.8054665327072144,0.03177892696112394,0.003837627315078862,0.8305752058513463,80,8,8,8,False,
hmdb51,val,Day_19__100_Pushups_a_Day_Challenge!_(_Break_Your_Rules_)_pushup_f_nm_np1_fr_goo_0,data/HMDB51_data/videos/pushup/Day_19__100_Pushups_a_Day_Challenge!_(_Break_Your_Rules_)_pushup_f_nm_np1_fr_goo_0.avi,29,8,100,4,29,True,True,0.905042290687561,0.02899859379976988,0.003837627315078862,0.7944681993685663,80,8,8,8,False,
hmdb51,val,Push_Ups_1_pushup_f_nm_np1_le_med_0,data/HMDB51_data/videos/pushup/Push_Ups_1_pushup_f_nm_np1_le_med_0.avi,29,8,100,4,29,True,True,0.8866978883743286,0.026337896939367056,0.003837627315078862,0.7613266771659255,80,8,8,8,False,
hmdb51,val,100_push_ups_pushup_f_nm_np1_ri_med_1,data/HMDB51_data/videos/pushup/100_push_ups_pushup_f_nm_np1_ri_med_1.avi,29,8,100,4,29,True,True,0.8646958470344543,0.027627597097307444,0.003837627315078862,0.7315687229856849,82,8,8,8,False,
hmdb51,val,pseudo_planche_pushups_pushup_u_nm_np1_ri_bad_0,data/HMDB51_data/videos/pushup/pseudo_planche_pushups_pushup_u_nm_np1_ri_bad_0.avi,29,8,100,4,29,True,True,0.8935517072677612,0.023675072006881237,0.003837627315078862,0.7006018189713359,84,8,8,8,False,
hmdb51,val,PUSH_UP_pushup_u_cm_np1_ba_med_4,data/HMDB51_data/videos/pushup/PUSH_UP_pushup_u_cm_np1_ba_med_4.avi,29,8,100,4,29,True,True,0.874801516532898,0.028360790107399225,0.003837627315078862,0.6745799761265516,80,8,8,8,False,
hmdb51,val,Chris_Comfort_s_Push_Up_Workout_Part_I_pushup_f_nm_np1_ri_goo_2,data/HMDB51_data/videos/pushup/Chris_Comfort_s_Push_Up_Workout_Part_I_pushup_f_nm_np1_ri_goo_2.avi,29,8,100,4,29,True,True,0.7833094596862793,0.046876579988747835,0.003837627315078862,0.64107018802315,166,8,8,8,False,
hmdb51,val,DC_Personal_Trainer_-_How_To_Do_A_Push-up_The_RIGHT_Way_pushup_f_nm_np1_ri_goo_0,data/HMDB51_data/videos/pushup/DC_Personal_Trainer_-_How_To_Do_A_Push-up_The_RIGHT_Way_pushup_f_nm_np1_ri_goo_0.avi,29,8,100,4,29,True,True,0.8386282324790955,0.036105729173868895,0.003837627315078862,0.5922349439933896,106,8,8,8,False,
hmdb51,val,push-up_or_shut_up_(IXK)_pushup_f_cm_np1_le_med_2,data/HMDB51_data/videos/pushup/push-up_or_shut_up_(IXK)_pushup_f_cm_np1_le_med_2.avi,29,8,100,4,29,True,True,0.8996514081954956,0.02915498288348317,0.003837627315078862,0.5526864537969232,80,8,8,8,False,
hmdb51,val,Yorki_Kassy_beim_Fahrrad_fahren_ride_bike_f_cm_np1_le_med_0,data/HMDB51_data/videos/ride_bike/Yorki_Kassy_beim_Fahrrad_fahren_ride_bike_f_cm_np1_le_med_0.avi,30,8,100,4,30,True,True,0.8617748022079468,0.03539589000865817,0.003837627315078862,0.5197813222184777,107,8,8,8,False,
hmdb51,val,Radfahren_um_die_Aggertalsperre_06_09_2009_ride_bike_f_cm_np1_ba_med_12,data/HMDB51_data/videos/ride_bike/Radfahren_um_die_Aggertalsperre_06_09_2009_ride_bike_f_cm_np1_ba_med_12.avi,30,8,100,4,6,False,True,0.36156556010246277,0.04495620494708419,0.0036167666548863053,2.0247767786495388,81,8,8,8,False,
hmdb51,val,1996_Tour_de_France_-_Indurain_Cracks_ride_bike_f_cm_np1_ri_med_4,data/HMDB51_data/videos/ride_bike/1996_Tour_de_France_-_Indurain_Cracks_ride_bike_f_cm_np1_ri_med_4.avi,30,8,100,4,30,True,True,0.849896252155304,0.06383737595751882,0.0036167666548863053,1.9768737931735814,79,8,8,8,False,
hmdb51,val,#437_How_To_Ride_A_Bike_ride_bike_f_cm_np1_ba_med_0,data/HMDB51_data/videos/ride_bike/#437_How_To_Ride_A_Bike_ride_bike_f_cm_np1_ba_med_0.avi,30,8,100,4,7,False,True,0.21257269382476807,0.032438116148114204,0.0036167666548863053,1.910462869796902,81,8,8,8,False,
hmdb51,val,Finding_Forrester_5_ride_bike_f_cm_np1_fr_bad_1,data/HMDB51_data/videos/ride_bike/Finding_Forrester_5_ride_bike_f_cm_np1_fr_bad_1.avi,30,8,100,4,49,False,False,0.5883538126945496,0.0512633016332984,0.0036167666548863053,1.874581404030323,167,8,8,8,False,
hmdb51,val,1996_Tour_de_France_-_Indurain_Cracks_ride_bike_f_cm_np1_ba_med_1,data/HMDB51_data/videos/ride_bike/1996_Tour_de_France_-_Indurain_Cracks_ride_bike_f_cm_np1_ba_med_1.avi,30,8,100,4,30,True,True,0.7494829893112183,0.04121057828888297,0.0036167666548863053,1.8204454481601715,124,8,8,8,False,
hmdb51,val,1989_Tour_de_France_Final_Time_Trial_ride_bike_f_cm_np1_le_med_4,data/HMDB51_data/videos/ride_bike/1989_Tour_de_France_Final_Time_Trial_ride_bike_f_cm_np1_le_med_4.avi,30,8,100,4,30,True,True,0.8813871145248413,0.0300231808796525,0.0036167666548863053,1.776490923948586,81,8,8,8,False,
hmdb51,val,Fahrrad_Eigenbau_ride_bike_f_cm_np1_ri_med_0,data/HMDB51_data/videos/ride_bike/Fahrrad_Eigenbau_ride_bike_f_cm_np1_ri_med_0.avi,30,8,100,4,30,True,True,0.7435763478279114,0.06379648577421904,0.0036167666548863053,1.7440385753288865,140,8,8,8,False,
hmdb51,val,Learn_How_To_Ride_A_Bike_at_Any_Age_ride_bike_f_cm_np1_le_med_5,data/HMDB51_data/videos/ride_bike/Learn_How_To_Ride_A_Bike_at_Any_Age_ride_bike_f_cm_np1_le_med_5.avi,30,8,100,4,30,True,True,0.8241077661514282,0.025585792027413845,0.0036167666548863053,1.678378991317004,80,8,8,8,False,
hmdb51,val,David_beim_Fahrrad_fahren_X_x_ride_bike_f_cm_np1_ri_med_4,data/HMDB51_data/videos/ride_bike/David_beim_Fahrrad_fahren_X_x_ride_bike_f_cm_np1_ri_med_4.avi,30,8,100,4,30,True,True,0.8047868609428406,0.03277707984670997,0.0036167666548863053,1.651060342323035,92,8,8,8,False,
hmdb51,val,Fahrrad_Eigenbau_ride_bike_f_cm_np1_le_med_1,data/HMDB51_data/videos/ride_bike/Fahrrad_Eigenbau_ride_bike_f_cm_np1_le_med_1.avi,30,8,100,4,28,False,True,0.2912963926792145,0.06126048695296049,0.0036167666548863053,1.6164123923517764,136,8,8,8,False,
hmdb51,val,Tour_de_France_2009_ETAPA_16_ESPN_ESP__Kilometros_finales_ride_bike_f_cm_np1_ba_bad_2,data/HMDB51_data/videos/ride_bike/Tour_de_France_2009_ETAPA_16_ESPN_ESP__Kilometros_finales_ride_bike_f_cm_np1_ba_bad_2.avi,30,8,100,4,30,True,True,0.7001648545265198,0.024678530637174845,0.0036167666548863053,1.5532264169305563,55,8,8,8,False,
hmdb51,val,Learn_How_To_Ride_A_Bike_at_Any_Age_ride_bike_f_cm_np1_ba_med_7,data/HMDB51_data/videos/ride_bike/Learn_How_To_Ride_A_Bike_at_Any_Age_ride_bike_f_cm_np1_ba_med_7.avi,30,8,100,4,30,True,True,0.9042115807533264,0.027025855612009764,0.0036167666548863053,1.5266662212088704,80,8,8,8,False,
hmdb51,val,Learn_How_To_Ride_A_Bike_at_Any_Age_ride_bike_f_cm_np1_ba_med_1,data/HMDB51_data/videos/ride_bike/Learn_How_To_Ride_A_Bike_at_Any_Age_ride_bike_f_cm_np1_ba_med_1.avi,30,8,100,4,30,True,True,0.8749268651008606,0.026182514149695635,0.0036167666548863053,1.4974000970833004,80,8,8,8,False,
hmdb51,val,Radfahren_um_die_Aggertalsperre_06_09_2009_ride_bike_f_cm_np2_le_med_14,data/HMDB51_data/videos/ride_bike/Radfahren_um_die_Aggertalsperre_06_09_2009_ride_bike_f_cm_np2_le_med_14.avi,30,8,100,4,30,True,True,0.9018546342849731,0.030430785845965147,0.0036167666548863053,1.4692754880525172,81,8,8,8,False,
hmdb51,val,Mylifehorseriding_ride_horse_f_cm_np1_le_med_4,data/HMDB51_data/videos/ride_horse/Mylifehorseriding_ride_horse_f_cm_np1_le_med_4.avi,31,8,100,4,31,True,True,0.9114218354225159,0.04698651982471347,0.0036167666548863053,1.4371291757561266,148,8,8,8,False,
hmdb51,val,Alifestyle_ride_horse_f_cm_np1_fr_med_4,data/HMDB51_data/videos/ride_horse/Alifestyle_ride_horse_f_cm_np1_fr_med_4.avi,31,8,100,4,31,True,True,0.5335173010826111,0.09334291610866785,0.0036167666548863053,1.3867324721068144,291,8,8,8,False,
hmdb51,val,CrossCountry_ride_horse_l_cm_np1_ri_med_7,data/HMDB51_data/videos/ride_horse/CrossCountry_ride_horse_l_cm_np1_ri_med_7.avi,31,8,100,4,31,True,True,0.92633056640625,0.047627430874854326,0.0036167666548863053,1.287791637238115,67,8,8,8,False,
hmdb51,val,ChelseaLately-Chelsea_ride_horse_f_cm_np1_le_med_3,data/HMDB51_data/videos/ride_horse/ChelseaLately-Chelsea_ride_horse_f_cm_np1_le_med_3.avi,31,8,100,4,31,True,True,0.8954273462295532,0.04426040779799223,0.0036167666548863053,1.2356847478076816,80,8,8,8,False,
hmdb51,val,HorseRiding_ride_horse_f_cm_np1_ba_med_5,data/HMDB51_data/videos/ride_horse/HorseRiding_ride_horse_f_cm_np1_ba_med_5.avi,31,8,100,4,31,True,True,0.8532171845436096,0.0384140657261014,0.0036167666548863053,1.1869313390925527,95,8,8,8,False,
hmdb51,val,BethEventingTraingGeorge_ride_horse_f_cm_np1_ri_med_4,data/HMDB51_data/videos/ride_horse/BethEventingTraingGeorge_ride_horse_f_cm_np1_ri_med_4.avi,31,8,100,4,31,True,True,0.7564713954925537,0.03420185809955001,0.0036167666548863053,1.1458259420469403,98,8,8,8,False,
hmdb51,val,Return_of_the_King_9_ride_horse_f_cm_np1_ri_med_2,data/HMDB51_data/videos/ride_horse/Return_of_the_King_9_ride_horse_f_cm_np1_ri_med_2.avi,31,8,100,4,32,False,True,0.29039549827575684,0.042048037983477116,0.0036167666548863053,1.10897969128564,87,8,8,8,False,
hmdb51,val,Alifestyle_ride_horse_f_cm_np1_le_med_2,data/HMDB51_data/videos/ride_horse/Alifestyle_ride_horse_f_cm_np1_le_med_2.avi,31,8,100,4,31,True,True,0.933296799659729,0.03281895210966468,0.0036167666548863053,1.0625816560350358,101,8,8,8,False,
hmdb51,val,ChelseaLately-Chelsea_ride_horse_f_cm_np1_le_med_6,data/HMDB51_data/videos/ride_horse/ChelseaLately-Chelsea_ride_horse_f_cm_np1_le_med_6.avi,31,8,100,4,31,True,True,0.6890928149223328,0.052633263636380434,0.0036167666548863053,1.0268137948587537,133,8,8,8,False,
hmdb51,val,ALeapToFreedom_ride_horse_f_nm_np1_ba_med_1,data/HMDB51_data/videos/ride_horse/ALeapToFreedom_ride_horse_f_nm_np1_ba_med_1.avi,31,8,100,4,31,True,True,0.9149370789527893,0.03472287580370903,0.0036167666548863053,0.971379506867379,111,8,8,8,False,
hmdb51,val,Caspar_ride_horse_f_cm_np1_ri_med_1,data/HMDB51_data/videos/ride_horse/Caspar_ride_horse_f_cm_np1_ri_med_1.avi,31,8,100,4,31,True,True,0.5418599843978882,0.06788214575499296,0.0036167666548863053,0.9329650090076029,161,8,8,8,False,
hmdb51,val,Return_of_the_King_6_ride_horse_f_cm_np3_ba_med_0,data/HMDB51_data/videos/ride_horse/Return_of_the_King_6_ride_horse_f_cm_np3_ba_med_0.avi,31,8,100,4,32,False,True,0.4133567810058594,0.03866660315543413,0.0036167666548863053,0.8631515800952911,123,8,8,8,False,
hmdb51,val,Alifestyle_ride_horse_f_cm_np1_le_med_5,data/HMDB51_data/videos/ride_horse/Alifestyle_ride_horse_f_cm_np1_le_med_5.avi,31,8,100,4,31,True,True,0.6778116822242737,0.12224474688991904,0.0036167666548863053,0.8224124116823077,436,8,8,8,False,
hmdb51,val,DressageandJumping_ride_horse_f_cm_np1_fr_med_2,data/HMDB51_data/videos/ride_horse/DressageandJumping_ride_horse_f_cm_np1_fr_med_2.avi,31,8,100,4,31,True,True,0.8040468692779541,0.07861582702025771,0.0036167666548863053,0.697674716822803,227,8,8,8,False,
hmdb51,val,HorseRiding_ride_horse_f_cm_np1_ri_med_1,data/HMDB51_data/videos/ride_horse/HorseRiding_ride_horse_f_cm_np1_ri_med_1.avi,31,8,100,4,31,True,True,0.9216585755348206,0.04706635558977723,0.0036167666548863053,0.61648272536695,114,8,8,8,False,
hmdb51,val,Return_of_the_King_2_ride_horse_f_cm_np1_ba_bad_8,data/HMDB51_data/videos/ride_horse/Return_of_the_King_2_ride_horse_f_cm_np1_ba_bad_8.avi,31,8,100,4,7,False,True,0.5415775775909424,0.04202622780576348,0.0036167666548863053,0.5662256330251694,106,8,8,8,False,
hmdb51,val,ChikiMovie_ride_horse_f_cm_np1_ri_med_7,data/HMDB51_data/videos/ride_horse/ChikiMovie_ride_horse_f_cm_np1_ri_med_7.avi,31,8,100,4,31,True,True,0.7937914729118347,0.012928772252053022,0.0036167666548863053,0.520757325924933,25,7,8,8,False,
hmdb51,val,HP_PRISONER_OF_AZKABAN_run_f_cm_np1_le_bad_35,data/HMDB51_data/videos/run/HP_PRISONER_OF_AZKABAN_run_f_cm_np1_le_bad_35.avi,32,8,100,4,12,False,True,0.27273327112197876,0.02730053523555398,0.0036167666548863053,0.5058358972892165,55,8,8,8,False,
hmdb51,val,likebeckam_run_f_cm_np1_ba_med_14,data/HMDB51_data/videos/run/likebeckam_run_f_cm_np1_ba_med_14.avi,32,8,100,4,49,False,True,0.372989684343338,0.03711609495803714,0.003738578874617815,1.5742522650398314,81,8,8,8,False,
hmdb51,val,BLACK_HAWK_DOWN_run_l_nm_np1_ba_med_33,data/HMDB51_data/videos/run/BLACK_HAWK_DOWN_run_l_nm_np1_ba_med_33.avi,32,8,100,4,49,False,True,0.42685702443122864,0.03279020078480244,0.003738578874617815,1.5333208236843348,50,8,8,8,False,
hmdb51,val,likebeckam_run_f_cm_np1_ri_med_1,data/HMDB51_data/videos/run/likebeckam_run_f_cm_np1_ri_med_1.avi,32,8,100,4,21,False,True,0.2984759211540222,0.013211047276854515,0.003738578874617815,1.4983062949031591,22,6,8,8,False,
hmdb51,val,KUNG_FU_HUSTLE_run_f_cm_np1_fr_med_27,data/HMDB51_data/videos/run/KUNG_FU_HUSTLE_run_f_cm_np1_fr_med_27.avi,32,8,100,4,49,False,False,0.4086739420890808,0.038162617944180965,0.003738578874617815,1.483687540050596,74,8,8,8,False,
hmdb51,val,prelinger_they_grow_up_so_fast_1_run_f_cm_np1_ri_med_14,data/HMDB51_data/videos/run/prelinger_they_grow_up_so_fast_1_run_f_cm_np1_ri_med_14.avi,32,8,100,4,32,True,True,0.21708378195762634,0.06443286687135696,0.003738578874617815,1.4430498108267784,199,8,8,8,False,
hmdb51,val,Man_Who_Cheated_Himself_512kb_run_f_cm_np1_fr_bad_4,data/HMDB51_data/videos/run/Man_Who_Cheated_Himself_512kb_run_f_cm_np1_fr_bad_4.avi,32,8,100,4,49,False,True,0.9037318229675293,0.024673175998032093,0.003738578874617815,1.3766803098842502,78,8,8,8,False,
hmdb51,val,TheLastManOnearth_run_f_nm_np1_fr_med_42,data/HMDB51_data/videos/run/TheLastManOnearth_run_f_nm_np1_fr_med_42.avi,32,8,100,4,49,False,True,0.5473767518997192,0.023551516700536013,0.003738578874617815,1.3489947579801083,77,8,8,8,False,
hmdb51,val,TheLastManOnearth_run_f_nm_np1_ba_bad_40,data/HMDB51_data/videos/run/TheLastManOnearth_run_f_nm_np1_ba_bad_40.avi,32,8,100,4,32,True,True,0.4513564109802246,0.0347129600122571,0.003738578874617815,1.3230503750965,107,8,8,8,False,
hmdb51,val,20060723sfjffangelina_run_f_nm_np1_ri_med_1,data/HMDB51_data/videos/run/20060723sfjffangelina_run_f_nm_np1_ri_med_1.avi,32,8,100,4,49,False,True,0.5925882458686829,0.01333964616060257,0.003738578874617815,1.2864200002513826,34,8,8,8,False,
hmdb51,val,THE_PROTECTOR_run_f_cm_np1_le_med_15,data/HMDB51_data/videos/run/THE_PROTECTOR_run_f_cm_np1_le_med_15.avi,32,8,100,4,49,False,True,0.18061354756355286,0.02756157284602523,0.003738578874617815,1.2704503401182592,47,8,8,8,False,
hmdb51,val,prelinger_LetsPlay1949_run_f_nm_np1_fr_med_16,data/HMDB51_data/videos/run/prelinger_LetsPlay1949_run_f_nm_np1_fr_med_16.avi,32,8,100,4,49,False,True,0.8504375219345093,0.03555193729698658,0.003738578874617815,1.2404771228320897,96,8,8,8,False,
hmdb51,val,Crash_run_f_cm_np1_fr_med_17,data/HMDB51_data/videos/run/Crash_run_f_cm_np1_fr_med_17.avi,32,8,100,4,49,False,True,0.555678129196167,0.048609544057399035,0.003738578874617815,1.2028346131555736,113,8,8,8,False,
hmdb51,val,Fellowship_7_run_u_cm_np1_fr_med_5,data/HMDB51_data/videos/run/Fellowship_7_run_u_cm_np1_fr_med_5.avi,32,8,100,4,32,True,True,0.14624692499637604,0.0188344600610435,0.003738578874617815,1.1512923259288073,47,8,8,8,False,
hmdb51,val,HP_PRISONER_OF_AZKABAN_run_f_cm_np1_ba_bad_36,data/HMDB51_data/videos/run/HP_PRISONER_OF_AZKABAN_run_f_cm_np1_ba_bad_36.avi,32,8,100,4,49,False,True,0.2811279594898224,0.022549509070813656,0.003738578874617815,1.1299977581948042,48,8,8,8,False,
hmdb51,val,RETURN_OF_THE_KING_run_f_cm_np1_fr_med_52,data/HMDB51_data/videos/run/RETURN_OF_THE_KING_run_f_cm_np1_fr_med_52.avi,32,8,100,4,12,False,True,0.20314829051494598,0.040692084934562445,0.003738578874617815,1.1052012899890542,83,8,8,8,False,
hmdb51,val,THE_PROTECTOR_run_f_cm_np1_le_med_42,data/HMDB51_data/videos/run/THE_PROTECTOR_run_f_cm_np1_le_med_42.avi,32,8,100,4,17,False,True,0.13218723237514496,0.024538940750062466,0.003738578874617815,1.061074335128069,51,8,8,8,False,
hmdb51,val,GOAL_2_living_the_dream_movie_part_2_run_f_cm_np4_fr_med_1,data/HMDB51_data/videos/run/GOAL_2_living_the_dream_movie_part_2_run_f_cm_np4_fr_med_1.avi,32,8,100,4,21,False,True,0.5564025640487671,0.04466091422364116,0.003738578874617815,1.0325479386374354,48,8,8,8,False,
hmdb51,val,TheBoondockSaints_run_h_cm_np1_fr_bad_69,data/HMDB51_data/videos/run/TheBoondockSaints_run_h_cm_np1_fr_bad_69.avi,32,8,100,4,49,False,True,0.2777848541736603,0.02693313406780362,0.003738578874617815,0.9854096150957048,48,8,8,8,False,
hmdb51,val,RETURN_OF_THE_KING_run_f_cm_np1_fr_med_31,data/HMDB51_data/videos/run/RETURN_OF_THE_KING_run_f_cm_np1_fr_med_31.avi,32,8,100,4,7,False,True,0.30232611298561096,0.03002053825184703,0.003738578874617815,0.9553725249134004,48,8,8,8,False,
hmdb51,val,Emma_2008_Eurofinals_-_prize_giving_ceremony_Team_Pioneer_members_divx_shake_hands_u_cm_np2_le_med_0,data/HMDB51_data/videos/shake_hands/Emma_2008_Eurofinals_-_prize_giving_ceremony_Team_Pioneer_members_divx_shake_hands_u_cm_np2_le_med_0.avi,33,8,100,4,33,True,True,0.8385471105575562,0.02788032405078411,0.003738578874617815,0.9209324372932315,79,8,8,8,False,
hmdb51,val,Wrestling_World_Cup_2008_-_FW-_Team_-_Award_Ceremony_shake_hands_f_cm_np2_le_med_3,data/HMDB51_data/videos/shake_hands/Wrestling_World_Cup_2008_-_FW-_Team_-_Award_Ceremony_shake_hands_f_cm_np2_le_med_3.avi,33,8,100,4,33,True,True,0.8564674854278564,0.02750690607354045,0.003738578874617815,0.8912531710229814,79,8,8,8,False,
hmdb51,val,d173_graveyard_call_price_giving_ceremony_shake_hands_f_cm_np2_le_med_6,data/HMDB51_data/videos/shake_hands/d173_graveyard_call_price_giving_ceremony_shake_hands_f_cm_np2_le_med_6.avi,33,8,100,4,33,True,True,0.4765413999557495,0.027675517834722996,0.003738578874617815,0.860277121886611,80,8,8,8,False,
hmdb51,val,Hand_Shake_Guy_shake_hands_f_nm_np2_le_med_4,data/HMDB51_data/videos/shake_hands/Hand_Shake_Guy_shake_hands_f_nm_np2_le_med_4.avi,33,8,100,4,40,False,False,0.13868935406208038,0.026072262786328793,0.003738578874617815,0.8301762528717518,80,8,8,8,False,
hmdb51,val,IPL_Awards_Ceremony_shake_hands_f_cm_np2_ba_med_0,data/HMDB51_data/videos/shake_hands/IPL_Awards_Ceremony_shake_hands_f_cm_np2_ba_med_0.avi,33,8,100,4,33,True,True,0.7464512586593628,0.0335782989859581,0.003738578874617815,0.8012124761007726,79,8,8,8,False,
hmdb51,val,IPL_Awards_Ceremony_shake_hands_u_cm_np2_ba_med_7,data/HMDB51_data/videos/shake_hands/IPL_Awards_Ceremony_shake_hands_u_cm_np2_ba_med_7.avi,33,8,100,4,33,True,True,0.832237184047699,0.034473028033971786,0.003738578874617815,0.7654581610113382,79,8,8,8,False,
hmdb51,val,2009_NJEHA_Conference__Awards_Ceremony_-_Part_1_shake_hands_u_cm_np2_le_med_0,data/HMDB51_data/videos/shake_hands/2009_NJEHA_Conference__Awards_Ceremony_-_Part_1_shake_hands_u_cm_np2_le_med_0.avi,33,8,100,4,33,True,True,0.6562854051589966,0.0293522491119802,0.003738578874617815,0.7278723432682455,80,8,8,8,False,
hmdb51,val,Meeting_with_Boyko_Borisov__Prime_Minister_of_Bulgaria_shake_hands_u_cm_np2_le_med_1,data/HMDB51_data/videos/shake_hands/Meeting_with_Boyko_Borisov__Prime_Minister_of_Bulgaria_shake_hands_u_cm_np2_le_med_1.avi,33,8,100,4,33,True,True,0.7345432043075562,0.05172532703727484,0.003738578874617815,0.6961346780881286,109,8,8,8,False,
hmdb51,val,Wrestling_World_Cup_2008_-_FW-_Team_-_Award_Ceremony_shake_hands_f_cm_np2_le_bad_5,data/HMDB51_data/videos/shake_hands/Wrestling_World_Cup_2008_-_FW-_Team_-_Award_Ceremony_shake_hands_f_cm_np2_le_bad_5.avi,33,8,100,4,33,True,True,0.8446980118751526,0.029652630910277367,0.003738578874617815,0.6422704779542983,79,8,8,8,False,
hmdb51,val,Speech_Day_2009_(Part_9)_shake_hands_f_cm_np2_le_med_4,data/HMDB51_data/videos/shake_hands/Speech_Day_2009_(Part_9)_shake_hands_f_cm_np2_le_med_4.avi,33,8,100,4,33,True,True,0.7867521643638611,0.024409752804785967,0.003738578874617815,0.60938208270818,80,8,8,8,False,
hmdb51,val,IPL_Awards_Ceremony_shake_hands_u_cm_np2_ba_med_3,data/HMDB51_data/videos/shake_hands/IPL_Awards_Ceremony_shake_hands_u_cm_np2_ba_med_3.avi,33,8,100,4,33,True,True,0.5567300319671631,0.030233995988965034,0.003738578874617815,0.5832596519030631,79,8,8,8,False,
hmdb51,val,Slavi_Trifonov_-_Gaco_Bacov_11_02_08_shake_hands_u_cm_np2_le_bad_0,data/HMDB51_data/videos/shake_hands/Slavi_Trifonov_-_Gaco_Bacov_11_02_08_shake_hands_u_cm_np2_le_bad_0.avi,33,8,100,4,33,True,True,0.5546868443489075,0.029623687732964754,0.003738578874617815,0.5492635620757937,80,8,8,8,False,
hmdb51,val,Hand_Shake_Guy_shake_hands_u_nm_np2_le_med_0,data/HMDB51_data/videos/shake_hands/Hand_Shake_Guy_shake_hands_u_nm_np2_le_med_0.avi,33,8,100,4,33,True,True,0.7354682087898254,0.034313893876969814,0.003738578874617815,0.5156110329553485,68,8,8,8,False,
hmdb51,val,BSS_2008_-_Wentworth_Miller_erh_lt_gol__Otto_Shootingstar_shake_hands_u_cm_np2_le_med_2,data/HMDB51_data/videos/shake_hands/BSS_2008_-_Wentworth_Miller_erh_lt_gol__Otto_Shootingstar_shake_hands_u_cm_np2_le_med_2.avi,33,8,100,4,33,True,True,0.7564253211021423,0.030627851840108633,0.0038615864905295894,1.7913433858193457,81,8,8,8,False,
hmdb51,val,Pambos_and_Maria_at_the_Slavi_s_Show_shake_hands_f_cm_np2_le_bad_1,data/HMDB51_data/videos/shake_hands/Pambos_and_Maria_at_the_Slavi_s_Show_shake_hands_f_cm_np2_le_bad_1.avi,33,8,100,4,24,False,True,0.3036649227142334,0.026213614735752344,0.0038615864905295894,1.7589335297234356,80,8,8,8,False,
hmdb51,val,Price_giving_ceremony_shake_hands_f_cm_np4_le_med_2,data/HMDB51_data/videos/shake_hands/Price_giving_ceremony_shake_hands_f_cm_np4_le_med_2.avi,33,8,100,4,33,True,True,0.6161572337150574,0.03382151899859309,0.0038615864905295894,1.731003132648766,79,8,8,8,False,
hmdb51,val,RailsConf_09-___Ruby_Heroes_Award_Ceremony__shake_hands_u_cm_np2_le_med_5,data/HMDB51_data/videos/shake_hands/RailsConf_09-___Ruby_Heroes_Award_Ceremony__shake_hands_u_cm_np2_le_med_5.avi,33,8,100,4,33,True,True,0.7116864323616028,0.02816053107380867,0.0038615864905295894,1.6953161507844925,80,8,8,8,False,
hmdb51,val,music_idol3_v_zalata_vliza_boiko_borisov_shake_hands_f_cm_np2_ri_bad_0,data/HMDB51_data/videos/shake_hands/music_idol3_v_zalata_vliza_boiko_borisov_shake_hands_f_cm_np2_ri_bad_0.avi,33,8,100,4,33,True,True,0.8098272085189819,0.02846828429028392,0.0038615864905295894,1.6650798730552197,80,8,8,8,False,
hmdb51,val,Speech_Day_2009_(Part_9)_shake_hands_f_cm_np2_le_med_6,data/HMDB51_data/videos/shake_hands/Speech_Day_2009_(Part_9)_shake_hands_f_cm_np2_le_med_6.avi,33,8,100,4,33,True,True,0.8517276644706726,0.021505265962332487,0.0038615864905295894,1.634919660165906,80,8,8,8,False,
hmdb51,val,Meeting_with_Boyko_Borisov__Prime_Minister_of_Bulgaria_shake_hands_u_cm_np2_le_med_0,data/HMDB51_data/videos/shake_hands/Meeting_with_Boyko_Borisov__Prime_Minister_of_Bulgaria_shake_hands_u_cm_np2_le_med_0.avi,33,8,100,4,33,True,True,0.7620803117752075,0.03153667412698269,0.0038615864905295894,1.612022244837135,80,8,8,8,False,
hmdb51,val,AdamandAlvonplayingbasketball2_shoot_ball_f_cm_np1_le_med_0,data/HMDB51_data/videos/shoot_ball/AdamandAlvonplayingbasketball2_shoot_ball_f_cm_np1_le_med_0.avi,34,8,100,4,34,True,True,0.8184213638305664,0.023934862110763788,0.0038615864905295894,1.578672556206584,80,8,8,8,False,
hmdb51,val,3PointJumpShotPractice-09_21_07_shoot_ball_f_nm_np1_ri_med_4,data/HMDB51_data/videos/shoot_ball/3PointJumpShotPractice-09_21_07_shoot_ball_f_nm_np1_ri_med_4.avi,34,8,100,4,34,True,True,0.7601738572120667,0.023914247285574675,0.0038615864905295894,1.5527107967063785,92,8,8,8,False,
hmdb51,val,ReggieMillerTakesonThreeAverageGuysinaShootout_shoot_ball_u_nm_np1_ba_med_6,data/HMDB51_data/videos/shoot_ball/ReggieMillerTakesonThreeAverageGuysinaShootout_shoot_ball_u_nm_np1_ba_med_6.avi,34,8,100,4,34,True,True,0.9153953790664673,0.028143409173935652,0.0038615864905295894,1.5269658430479467,81,8,8,8,False,
hmdb51,val,WeTheKingsplaying_shoot_ball_u_cm_np1_ba_med_4,data/HMDB51_data/videos/shoot_ball/WeTheKingsplaying_shoot_ball_u_cm_np1_ba_med_4.avi,34,8,100,4,9,False,True,0.5133209824562073,0.03762836009263992,0.0038615864905295894,1.4957225141115487,112,8,8,8,False,
hmdb51,val,WeTheKingsplaying_shoot_ball_u_cm_np1_ba_med_6,data/HMDB51_data/videos/shoot_ball/WeTheKingsplaying_shoot_ball_u_cm_np1_ba_med_6.avi,34,8,100,4,9,False,True,0.4894171953201294,0.02688978100195527,0.0038615864905295894,1.4560842188075185,82,8,8,8,False,
hmdb51,val,Finding_Forrester_3_shoot_ball_f_nm_np2_ba_med_6,data/HMDB51_data/videos/shoot_ball/Finding_Forrester_3_shoot_ball_f_nm_np2_ba_med_6.avi,34,8,100,4,34,True,True,0.8965483903884888,0.03690198389813304,0.0038615864905295894,1.4265754646621644,105,8,8,8,False,
hmdb51,val,3PointJumpShotPractice-09_21_07_shoot_ball_f_nm_np1_ri_med_3,data/HMDB51_data/videos/shoot_ball/3PointJumpShotPractice-09_21_07_shoot_ball_f_nm_np1_ri_med_3.avi,34,8,100,4,34,True,True,0.745841383934021,0.027848511934280396,0.0038615864905295894,1.385694792959839,91,8,8,8,False,
hmdb51,val,PlayingBasketballGotWater_shoot_ball_f_nm_np1_ba_med_3,data/HMDB51_data/videos/shoot_ball/PlayingBasketballGotWater_shoot_ball_f_nm_np1_ba_med_3.avi,34,8,100,4,34,True,True,0.2737753689289093,0.019747117068618536,0.0038615864905295894,1.354543489869684,56,8,8,8,False,
hmdb51,val,Clay_sBasketballSkillz_shoot_ball_f_nm_np1_ba_med_4,data/HMDB51_data/videos/shoot_ball/Clay_sBasketballSkillz_shoot_ball_f_nm_np1_ba_med_4.avi,34,8,100,4,34,True,True,0.7701408267021179,0.02212726976722479,0.0038615864905295894,1.3317752610892057,68,8,8,8,False,
hmdb51,val,AdamandAlvonplayingbasketball1_shoot_ball_f_nm_np1_ba_med_11,data/HMDB51_data/videos/shoot_ball/AdamandAlvonplayingbasketball1_shoot_ball_f_nm_np1_ba_med_11.avi,34,8,100,4,34,True,True,0.8153879046440125,0.025821611750870943,0.0038615864905295894,1.306224353145808,80,8,8,8,False,
hmdb51,val,ImprovingBasketballSkills-BasketballNBA3-PointShots_shoot_ball_f_nm_np1_ri_med_0,data/HMDB51_data/videos/shoot_ball/ImprovingBasketballSkills-BasketballNBA3-PointShots_shoot_ball_f_nm_np1_ri_med_0.avi,34,8,100,4,34,True,True,0.7782173752784729,0.029192103073000908,0.0038615864905295894,1.2779139522463083,84,8,8,8,False,
hmdb51,val,KELVIN_shoot_ball_u_cm_np1_ba_med_7,data/HMDB51_data/videos/shoot_ball/KELVIN_shoot_ball_u_cm_np1_ba_med_7.avi,34,8,100,4,34,True,True,0.7010648250579834,0.03683126298710704,0.0038615864905295894,1.2468135603703558,111,8,8,8,False,
hmdb51,val,10YearOldYouthBasketballStarBaller_shoot_ball_f_nm_np1_ba_med_13,data/HMDB51_data/videos/shoot_ball/10YearOldYouthBasketballStarBaller_shoot_ball_f_nm_np1_ba_med_13.avi,34,8,100,4,34,True,True,0.7856008410453796,0.024523834232240915,0.0038615864905295894,1.2074025869369507,81,8,8,8,False,
hmdb51,val,KELVIN_shoot_ball_u_cm_np1_ba_med_6,data/HMDB51_data/videos/shoot_ball/KELVIN_shoot_ball_u_cm_np1_ba_med_6.avi,34,8,100,4,34,True,True,0.782317042350769,0.0332718282006681,0.0038615864905295894,1.1802563071250916,91,8,8,8,False,
hmdb51,val,LearnToShootFromTheMaster_shoot_ball_f_nm_np1_ba_med_4,data/HMDB51_data/videos/shoot_ball/LearnToShootFromTheMaster_shoot_ball_f_nm_np1_ba_med_4.avi,34,8,100,4,34,True,True,0.9227297306060791,0.025362085085362196,0.0038615864905295894,1.143814000301063,82,8,8,8,False,
hmdb51,val,10YearOldYouthBasketballStarBaller_shoot_ball_f_nm_np1_ri_med_10,data/HMDB51_data/videos/shoot_ball/10YearOldYouthBasketballStarBaller_shoot_ball_f_nm_np1_ri_med_10.avi,34,8,100,4,34,True,True,0.8417372703552246,0.022077323868870735,0.0038615864905295894,1.1157455700449646,58,8,8,8,False,
hmdb51,val,Finding_Forrester_1_shoot_ball_f_nm_np1_le_bad_3,data/HMDB51_data/videos/shoot_ball/Finding_Forrester_1_shoot_ball_f_nm_np1_le_bad_3.avi,34,8,100,4,49,False,False,0.318604439496994,0.03012985410168767,0.0038615864905295894,1.09075809083879,99,8,8,8,False,
hmdb51,val,LearnToShootFromTheMaster_shoot_ball_f_cm_np1_ba_med_6,data/HMDB51_data/videos/shoot_ball/LearnToShootFromTheMaster_shoot_ball_f_cm_np1_ba_med_6.avi,34,8,100,4,34,True,True,0.9259123206138611,0.024020524229854345,0.0038615864905295894,1.0585044594481587,84,8,8,8,False,
hmdb51,val,ReggieMillerTakesonThreeAverageGuysinaShootout_shoot_ball_u_nm_np1_ba_med_5,data/HMDB51_data/videos/shoot_ball/ReggieMillerTakesonThreeAverageGuysinaShootout_shoot_ball_u_nm_np1_ba_med_5.avi,34,8,100,4,34,True,True,0.8494573831558228,0.036995331291109324,0.0038615864905295894,1.0321882418356836,95,8,8,8,False,
hmdb51,val,JuanReneSerranoSemifinal_shoot_bow_u_cm_np1_le_goo_5,data/HMDB51_data/videos/shoot_bow/JuanReneSerranoSemifinal_shoot_bow_u_cm_np1_le_goo_5.avi,35,8,100,4,35,True,True,0.3280562162399292,0.08431327808648348,0.0038615864905295894,0.9926796350628138,314,8,8,8,False,
hmdb51,val,ArcheryMaster_shoot_bow_u_cm_np1_ri_med_3,data/HMDB51_data/videos/shoot_bow/ArcheryMaster_shoot_bow_u_cm_np1_ri_med_3.avi,35,8,100,4,35,True,True,0.952548623085022,0.09423761488869786,0.0038615864905295894,0.9066282189451158,350,8,8,8,False,
hmdb51,val,MegaPrecisionArchery_shoot_bow_u_nm_np1_fr_med_1,data/HMDB51_data/videos/shoot_bow/MegaPrecisionArchery_shoot_bow_u_nm_np1_fr_med_1.avi,35,8,100,4,35,True,True,0.8697983026504517,0.06989523069933057,0.0038615864905295894,0.8085668808780611,264,8,8,8,False,
hmdb51,val,P3Martin_shoot_bow_u_cm_np1_fr_goo_0,data/HMDB51_data/videos/shoot_bow/P3Martin_shoot_bow_u_cm_np1_fr_goo_0.avi,35,8,100,4,35,True,True,0.9091653823852539,0.11565024638548493,0.0038615864905295894,0.735943891108036,392,8,8,8,False,
hmdb51,val,Hannahfront23may08_shoot_bow_u_nm_np1_fr_med_1,data/HMDB51_data/videos/shoot_bow/Hannahfront23may08_shoot_bow_u_nm_np1_fr_med_1.avi,35,8,100,4,35,True,True,0.818164587020874,0.07112970482558012,0.0038615864905295894,0.61659348430112,241,8,8,8,False,
hmdb51,val,Shootingarecurve_shoot_bow_u_nm_np1_fr_med_1,data/HMDB51_data/videos/shoot_bow/Shootingarecurve_shoot_bow_u_nm_np1_fr_med_1.avi,35,8,100,4,35,True,True,0.9328709840774536,0.05550443800166249,0.0038615864905295894,0.5420951610431075,148,8,8,8,False,
hmdb51,val,ArcheryFastShooting_shoot_bow_u_nm_np1_fr_med_9,data/HMDB51_data/videos/shoot_bow/ArcheryFastShooting_shoot_bow_u_nm_np1_fr_med_9.avi,35,8,100,4,35,True,True,0.9603657126426697,0.028968441765755415,0.003659492198494263,1.910268731880933,80,8,8,8,False,
hmdb51,val,Fellowship_7_shoot_bow_h_nm_np1_fr_med_8,data/HMDB51_data/videos/shoot_bow/Fellowship_7_shoot_bow_h_nm_np1_fr_med_8.avi,35,8,100,4,44,False,True,0.18226946890354156,0.033182754181325436,0.003659492198494263,1.8790705217979848,59,8,8,8,False,
hmdb51,val,TURKISHRECURVEBOW_shoot_bow_u_cm_np1_ba_med_0,data/HMDB51_data/videos/shoot_bow/TURKISHRECURVEBOW_shoot_bow_u_cm_np1_ba_med_0.avi,35,8,100,4,35,True,True,0.7125897407531738,0.03448827192187309,0.003659492198494263,1.8434679126366973,128,8,8,8,False,
hmdb51,val,11408ErikaRecurvefront_shoot_bow_u_nm_np1_fr_med_1,data/HMDB51_data/videos/shoot_bow/11408ErikaRecurvefront_shoot_bow_u_nm_np1_fr_med_1.avi,35,8,100,4,35,True,True,0.9112911224365234,0.07499575288966298,0.003659492198494263,1.8067489587701857,264,8,8,8,False,
hmdb51,val,Updatedvideoofmeshootingteamusaarchery_shoot_bow_u_cm_np1_ri_med_4,data/HMDB51_data/videos/shoot_bow/Updatedvideoofmeshootingteamusaarchery_shoot_bow_u_cm_np1_ri_med_4.avi,35,8,100,4,35,True,True,0.864721417427063,0.05715668015182018,0.003659492198494263,1.729675937909633,201,8,8,8,False,
hmdb51,val,ArcheryFastShooting_shoot_bow_u_nm_np1_fr_med_10,data/HMDB51_data/videos/shoot_bow/ArcheryFastShooting_shoot_bow_u_nm_np1_fr_med_10.avi,35,8,100,4,35,True,True,0.9653424620628357,0.02609026664867997,0.003659492198494263,1.6706620752811432,80,8,8,8,False,
hmdb51,val,ArcheryFastShooting_shoot_bow_u_nm_np1_fr_med_15,data/HMDB51_data/videos/shoot_bow/ArcheryFastShooting_shoot_bow_u_nm_np1_fr_med_15.avi,35,8,100,4,35,True,True,0.9664881825447083,0.0280793528072536,0.003659492198494263,1.64058797666803,80,8,8,8,False,
hmdb51,val,MegaPrecisionArchery_shoot_bow_u_nm_np1_fr_med_3,data/HMDB51_data/videos/shoot_bow/MegaPrecisionArchery_shoot_bow_u_nm_np1_fr_med_3.avi,35,8,100,4,35,True,True,0.8932589292526245,0.09266573982313275,0.003659492198494263,1.6087714950554073,308,8,8,8,False,
hmdb51,val,Meshooting3_shoot_bow_u_cm_np1_fr_med_0,data/HMDB51_data/videos/shoot_bow/Meshooting3_shoot_bow_u_cm_np1_fr_med_0.avi,35,8,100,4,35,True,True,0.8666802644729614,0.06528039975091815,0.003659492198494263,1.511927112005651,202,8,8,8,False,
hmdb51,val,Shootingarecurve_shoot_bow_u_cm_np1_fr_med_5,data/HMDB51_data/videos/shoot_bow/Shootingarecurve_shoot_bow_u_cm_np1_fr_med_5.avi,35,8,100,4,35,True,True,0.9311774373054504,0.04393100505694747,0.003659492198494263,1.4412541957572103,106,8,8,8,False,
hmdb51,val,GLOCK17_shoot_gun_u_nm_np1_ri_med_0,data/HMDB51_data/videos/shoot_gun/GLOCK17_shoot_gun_u_nm_np1_ri_med_0.avi,36,8,100,4,36,True,True,0.7346533536911011,0.02282754611223936,0.003659492198494263,1.3952920357696712,64,8,8,8,False,
hmdb51,val,DefensivePistolShootingTechniques_shoot_gun_f_nm_np1_fr_med_1,data/HMDB51_data/videos/shoot_gun/DefensivePistolShootingTechniques_shoot_gun_f_nm_np1_fr_med_1.avi,36,8,100,4,36,True,True,0.2237841933965683,0.03384927101433277,0.003659492198494263,1.3701411951333284,124,8,8,8,False,
hmdb51,val,FirearmsTraining_shoot_gun_f_nm_np1_ri_med_7,data/HMDB51_data/videos/shoot_gun/FirearmsTraining_shoot_gun_f_nm_np1_ri_med_7.avi,36,8,100,4,36,True,True,0.5332162976264954,0.08046861412003636,0.003659492198494263,1.3322289078496397,288,8,8,8,False,
hmdb51,val,TiffanywithSpringfieldArmoryXD9_shoot_gun_u_nm_np1_ri_med_0,data/HMDB51_data/videos/shoot_gun/TiffanywithSpringfieldArmoryXD9_shoot_gun_u_nm_np1_ri_med_0.avi,36,8,100,4,36,True,True,0.23502543568611145,0.028917173855006695,0.003659492198494263,1.2481371643953025,81,8,8,8,False,
hmdb51,val,shooting_shoot_gun_u_nm_np1_le_med_8,data/HMDB51_data/videos/shoot_gun/shooting_shoot_gun_u_nm_np1_le_med_8.avi,36,8,100,4,36,True,True,0.695543110370636,0.027985780965536833,0.003659492198494263,1.2162821581587195,84,8,8,8,False,
hmdb51,val,FirearmsTraining_shoot_gun_u_cm_np1_ba_med_5,data/HMDB51_data/videos/shoot_gun/FirearmsTraining_shoot_gun_u_cm_np1_ba_med_5.avi,36,8,100,4,36,True,True,0.15843099355697632,0.050627526827156544,0.003659492198494263,1.1852519162930548,155,8,8,8,False,
hmdb51,val,GLOCK17_shoot_gun_u_nm_np1_fr_med_6,data/HMDB51_data/videos/shoot_gun/GLOCK17_shoot_gun_u_nm_np1_fr_med_6.avi,36,8,100,4,36,True,True,0.4935651123523712,0.031157060991972685,0.003659492198494263,1.1331330048851669,111,8,8,8,False,
hmdb51,val,The_Matrix_4_shoot_gun_u_nm_np2_fr_goo_2,data/HMDB51_data/videos/shoot_gun/The_Matrix_4_shoot_gun_u_nm_np2_fr_goo_2.avi,36,8,100,4,49,False,False,0.24499568343162537,0.03743168106302619,0.003659492198494263,1.099454487208277,59,8,8,8,False,
hmdb51,val,Glory_shoot_gun_u_nm_np2_le_med_57,data/HMDB51_data/videos/shoot_gun/Glory_shoot_gun_u_nm_np2_le_med_57.avi,36,8,100,4,12,False,False,0.4263036549091339,0.04115332197397947,0.003659492198494263,1.0590627761557698,56,8,8,8,False,
hmdb51,val,Italian_Job_1_shoot_gun_u_nm_np1_fr_med_3,data/HMDB51_data/videos/shoot_gun/Italian_Job_1_shoot_gun_u_nm_np1_fr_med_3.avi,36,8,100,4,46,False,False,0.4833982586860657,0.018212493043392897,0.003659492198494263,1.0159538458101451,37,8,8,8,False,
hmdb51,val,The_Matrix_5_shoot_gun_u_nm_np1_fr_med_9,data/HMDB51_data/videos/shoot_gun/The_Matrix_5_shoot_gun_u_nm_np1_fr_med_9.avi,36,8,100,4,10,False,False,0.16227518022060394,0.038712264969944954,0.003659492198494263,0.9946647780016065,49,8,8,8,False,
hmdb51,val,Shootingattherange_shoot_gun_f_nm_np1_ri_med_0,data/HMDB51_data/videos/shoot_gun/Shootingattherange_shoot_gun_f_nm_np1_ri_med_0.avi,36,8,100,4,36,True,True,0.46453458070755005,0.023205824196338654,0.003659492198494263,0.9531597807072103,72,8,8,8,False,
hmdb51,val,shooting_shoot_gun_u_nm_np1_le_med_6,data/HMDB51_data/videos/shoot_gun/shooting_shoot_gun_u_nm_np1_le_med_6.avi,36,8,100,4,36,True,True,0.8089754581451416,0.02574424399062991,0.003659492198494263,0.9284120621159673,80,8,8,8,False,
hmdb51,val,The_Matrix_5_shoot_gun_u_cm_np1_fr_goo_4,data/HMDB51_data/videos/shoot_gun/The_Matrix_5_shoot_gun_u_cm_np1_fr_goo_4.avi,36,8,100,4,46,False,False,0.1916344165802002,0.028242934960871935,0.003659492198494263,0.9004812110215425,76,8,8,8,False,
hmdb51,val,Shootingagunforthefirsttimeever_shoot_gun_u_cm_np1_ri_med_0,data/HMDB51_data/videos/shoot_gun/Shootingagunforthefirsttimeever_shoot_gun_u_cm_np1_ri_med_0.avi,36,8,100,4,33,False,True,0.28783199191093445,0.11196752078831196,0.003659492198494263,0.8702947059646249,367,8,8,8,False,
hmdb51,val,prelinger_LetsPlay1949_sit_u_cm_np1_le_med_9,data/HMDB51_data/videos/sit/prelinger_LetsPlay1949_sit_u_cm_np1_le_med_9.avi,37,8,100,4,49,False,True,0.8769623637199402,0.03578928066417575,0.003659492198494263,0.7547308886423707,103,8,8,8,False,
hmdb51,val,TheRoyalTenenbaums_sit_u_nm_np1_fr_med_2,data/HMDB51_data/videos/sit/TheRoyalTenenbaums_sit_u_nm_np1_fr_med_2.avi,37,8,100,4,49,False,True,0.39988046884536743,0.03794581303372979,0.003659492198494263,0.716295741032809,78,8,8,8,False,
hmdb51,val,AmericanGangster_sit_u_cm_np1_ba_bad_16,data/HMDB51_data/videos/sit/AmericanGangster_sit_u_cm_np1_ba_bad_16.avi,37,8,100,4,12,False,False,0.31031307578086853,0.04909816291183233,0.003659492198494263,0.6740659810602665,111,8,8,8,False,
hmdb51,val,Crash_sit_u_cm_np1_fr_med_19,data/HMDB51_data/videos/sit/Crash_sit_u_cm_np1_fr_med_19.avi,37,8,100,4,48,False,False,0.22531680762767792,0.03756339754909277,0.003659492198494263,0.6207357258535922,79,8,8,8,False,
hmdb51,val,BLACK_HAWK_DOWN_sit_u_cm_np1_ri_med_2,data/HMDB51_data/videos/sit/BLACK_HAWK_DOWN_sit_u_cm_np1_ri_med_2.avi,37,8,100,4,49,False,False,0.20832711458206177,0.036571208853274584,0.003659492198494263,0.5798617471009493,80,8,8,8,False,
hmdb51,val,TrumanShow_sit_f_nm_np1_le_med_37,data/HMDB51_data/videos/sit/TrumanShow_sit_f_nm_np1_le_med_37.avi,37,8,100,4,49,False,True,0.5977863669395447,0.022849980276077986,0.003659492198494263,0.5401989938691258,50,8,8,8,False,
hmdb51,val,EasternPromises_sit_f_nm_np1_ri_med_4,data/HMDB51_data/videos/sit/EasternPromises_sit_f_nm_np1_ri_med_4.avi,37,8,100,4,49,False,True,0.6156731843948364,0.034502689726650715,0.003659492198494263,0.5141541888006032,82,8,8,8,False,
hmdb51,val,TheBoondockSaints_sit_u_cm_np1_fr_bad_56,data/HMDB51_data/videos/sit/TheBoondockSaints_sit_u_cm_np1_fr_bad_56.avi,37,8,100,4,10,False,False,0.23265482485294342,0.02716555306687951,0.0037203379324637353,1.6255192891694605,47,8,8,8,False,
hmdb51,val,ThePerfectScore_sit_u_nm_np1_ri_med_10,data/HMDB51_data/videos/sit/ThePerfectScore_sit_u_nm_np1_ri_med_10.avi,37,8,100,4,10,False,False,0.41168704628944397,0.029682849999517202,0.0037203379324637353,1.5966739780269563,78,8,8,8,False,
hmdb51,val,American_History_X_sit_u_cm_np1_fr_goo_39,data/HMDB51_data/videos/sit/American_History_X_sit_u_cm_np1_fr_goo_39.avi,37,8,100,4,27,False,False,0.270205020904541,0.037345292046666145,0.0037203379324637353,1.5642847307026386,128,8,8,8,False,
hmdb51,val,Prelinger_HabitPat1954_sit_u_cm_np1_le_med_8,data/HMDB51_data/videos/sit/Prelinger_HabitPat1954_sit_u_cm_np1_le_med_8.avi,37,8,100,4,49,False,True,0.667962908744812,0.03249991685152054,0.0037203379324637353,1.5248068002983928,76,8,8,8,False,
hmdb51,val,The_Departed_-_Part_2_sit_u_nm_np1_fr_goo_1,data/HMDB51_data/videos/sit/The_Departed_-_Part_2_sit_u_nm_np1_fr_goo_1.avi,37,8,100,4,48,False,True,0.3153350055217743,0.032371590845286846,0.0037203379324637353,1.4893258977681398,54,8,8,8,False,
hmdb51,val,Finding_Forrester_2_sit_u_cm_np1_ri_bad_3,data/HMDB51_data/videos/sit/Finding_Forrester_2_sit_u_cm_np1_ri_bad_3.avi,37,8,100,4,49,False,False,0.3844240605831146,0.03885306604206562,0.0037203379324637353,1.4533160077407956,127,8,8,8,False,
hmdb51,val,NoCountryForOldMen_sit_u_nm_np1_fr_goo_1,data/HMDB51_data/videos/sit/NoCountryForOldMen_sit_u_nm_np1_fr_goo_1.avi,37,8,100,4,48,False,False,0.214734748005867,0.036402630154043436,0.0037203379324637353,1.4105420671403408,80,8,8,8,False,
hmdb51,val,AmericanGangster_sit_f_cm_np1_fr_med_70,data/HMDB51_data/videos/sit/AmericanGangster_sit_f_cm_np1_fr_med_70.avi,37,8,100,4,37,True,True,0.29888248443603516,0.03211075300350785,0.0037203379324637353,1.3712650360539556,80,8,8,8,False,
hmdb51,val,Eurotrip_sit_u_nm_np1_fr_goo_3,data/HMDB51_data/videos/sit/Eurotrip_sit_u_nm_np1_fr_goo_3.avi,37,8,100,4,48,False,True,0.21195299923419952,0.06789133604615927,0.0037203379324637353,1.3365525868721306,169,8,8,8,False,
hmdb51,val,HP_PRISONER_OF_AZKABAN_sit_f_cm_np1_le_bad_16,data/HMDB51_data/videos/sit/HP_PRISONER_OF_AZKABAN_sit_f_cm_np1_le_bad_16.avi,37,8,100,4,49,False,True,0.2861076295375824,0.0453976490534842,0.0037203379324637353,1.2652019700035453,102,8,8,8,False,
hmdb51,val,Crash_sit_u_nm_np1_le_goo_26,data/HMDB51_data/videos/sit/Crash_sit_u_nm_np1_le_goo_26.avi,37,8,100,4,49,False,True,0.47223183512687683,0.045668380334973335,0.0037203379324637353,1.2165037114173174,81,8,8,8,False,
hmdb51,val,IamLegend_sit_f_cm_np1_fr_med_21,data/HMDB51_data/videos/sit/IamLegend_sit_f_cm_np1_fr_med_21.avi,37,8,100,4,49,False,True,0.49973276257514954,0.05847058678045869,0.0037203379324637353,1.168799540027976,133,8,8,8,False,
hmdb51,val,SweeneyTodd_sit_u_cm_np1_fr_med_21,data/HMDB51_data/videos/sit/SweeneyTodd_sit_u_cm_np1_fr_med_21.avi,37,8,100,4,49,False,True,0.27414393424987793,0.03128225961700082,0.0037203379324637353,1.1063407477922738,72,8,8,8,False,
hmdb51,val,AKC_coach_Torrin_Rhodan_showing_situp_kettlebell_movements_situp_f_cm_np1_le_goo_1,data/HMDB51_data/videos/situp/AKC_coach_Torrin_Rhodan_showing_situp_kettlebell_movements_situp_f_cm_np1_le_goo_1.avi,38,8,100,4,38,True,True,0.5576518177986145,0.031028136145323515,0.0037203379324637353,1.0727818040177226,101,8,8,8,False,
hmdb51,val,5_Min_Tone_Abs_Workout_2__Fitness_Training_w__Tammy_situp_f_nm_np1_le_goo_1,data/HMDB51_data/videos/situp/5_Min_Tone_Abs_Workout_2__Fitness_Training_w__Tammy_situp_f_nm_np1_le_goo_1.avi,38,8,100,4,38,True,True,0.8553934097290039,0.03193722106516361,0.0037203379324637353,1.0398566210642457,102,8,8,8,False,
hmdb51,val,AKC_coach_Torrin_Rhodan_showing_situp_kettlebell_movements_situp_f_cm_np1_le_goo_2,data/HMDB51_data/videos/situp/AKC_coach_Torrin_Rhodan_showing_situp_kettlebell_movements_situp_f_cm_np1_le_goo_2.avi,38,8,100,4,38,True,True,0.4166046679019928,0.03097784984856844,0.0037203379324637353,1.006127999164164,103,8,8,8,False,
hmdb51,val,6_Minute_Abs_Routine_situp_f_nm_np1_ri_bad_0,data/HMDB51_data/videos/situp/6_Minute_Abs_Routine_situp_f_nm_np1_ri_bad_0.avi,38,8,100,4,38,True,True,0.9061364531517029,0.02296691294759512,0.0037203379324637353,0.9731266009621322,80,8,8,8,False,
hmdb51,val,Incline_Dumbell_Situps_45lbs_2ndxpr_25x_situp_f_nm_np1_ri_med_0,data/HMDB51_data/videos/situp/Incline_Dumbell_Situps_45lbs_2ndxpr_25x_situp_f_nm_np1_ri_med_0.avi,38,8,100,4,38,True,True,0.8650369048118591,0.034497519955039024,0.0037203379324637353,0.9477592348121107,130,8,8,8,False,
hmdb51,val,Sit_ups_and_crunch_situp_f_nm_np1_le_goo_1,data/HMDB51_data/videos/situp/Sit_ups_and_crunch_situp_f_nm_np1_le_goo_1.avi,38,8,100,4,38,True,True,0.8866652846336365,0.026961554773151875,0.0037203379324637353,0.9109674072824419,90,8,8,8,False,
hmdb51,val,Body_Flex_-_How2_-_Sit-Up_situp_f_nm_np1_le_goo_2,data/HMDB51_data/videos/situp/Body_Flex_-_How2_-_Sit-Up_situp_f_nm_np1_le_goo_2.avi,38,8,100,4,38,True,True,0.9197388887405396,0.03035023109987378,0.0037203379324637353,0.8813194171525538,110,8,8,8,False,
hmdb51,val,Sit_ups_and_crunch_situp_f_nm_np1_le_goo_2,data/HMDB51_data/videos/situp/Sit_ups_and_crunch_situp_f_nm_np1_le_goo_2.avi,38,8,100,4,38,True,True,0.9062811136245728,0.02731820708140731,0.0037203379324637353,0.8481312948279083,95,8,8,8,False,
hmdb51,val,How_to_Train_for_Boxing_-_Sit_Up_Techniques_for_Boxing_Training_situp_f_cm_np1_le_med_1,data/HMDB51_data/videos/situp/How_to_Train_for_Boxing_-_Sit_Up_Techniques_for_Boxing_Training_situp_f_cm_np1_le_med_1.avi,38,8,100,4,38,True,True,0.31316515803337097,0.02466215705499053,0.0037203379324637353,0.8184054549783468,79,8,8,8,False,
hmdb51,val,Sit_ups_situp_f_nm_np1_ri_goo_0,data/HMDB51_data/videos/situp/Sit_ups_situp_f_nm_np1_ri_goo_0.avi,38,8,100,4,38,True,True,0.7878135442733765,0.023030620999634266,0.0037203379324637353,0.7923066490329802,80,8,8,8,False,
hmdb51,val,Octogen_-_CrossFit_Sydney_Glute_Ham_Situps_1_situp_f_nm_np1_ri_goo_1,data/HMDB51_data/videos/situp/Octogen_-_CrossFit_Sydney_Glute_Ham_Situps_1_situp_f_nm_np1_ri_goo_1.avi,38,8,100,4,38,True,True,0.6458547115325928,0.03122907690703869,0.0037203379324637353,0.767696566414088,98,8,8,8,False,
hmdb51,val,Sit_ups_situp_f_nm_np1_ri_goo_2,data/HMDB51_data/videos/situp/Sit_ups_situp_f_nm_np1_ri_goo_2.avi,38,8,100,4,38,True,True,0.8420863151550293,0.02477797120809555,0.0037203379324637353,0.7351643377915025,84,8,8,8,False,
hmdb51,val,crazy_105_sit-ups_situp_f_cm_np2_le_med_2,data/HMDB51_data/videos/situp/crazy_105_sit-ups_situp_f_cm_np2_le_med_2.avi,38,8,100,4,38,True,True,0.8507727980613708,0.025500780902802944,0.0037203379324637353,0.7082192716188729,80,8,8,8,False,
hmdb51,val,Sit_ups_and_crunch_situp_f_nm_np1_le_goo_0,data/HMDB51_data/videos/situp/Sit_ups_and_crunch_situp_f_nm_np1_le_goo_0.avi,38,8,100,4,38,True,True,0.831716001033783,0.029490387067198753,0.0037203379324637353,0.6803071582689881,95,8,8,8,False,
hmdb51,val,Sit_Ups_for_6pack_Abs___Forgotten_Abdominal_Exercise_situp_f_nm_np1_le_med_1,data/HMDB51_data/videos/situp/Sit_Ups_for_6pack_Abs___Forgotten_Abdominal_Exercise_situp_f_nm_np1_le_med_1.avi,38,8,100,4,38,True,True,0.7839273810386658,0.04074802901595831,0.0037203379324637353,0.6469203061424196,110,8,8,8,False,
hmdb51,val,YouTube_smiles!_smile_h_nm_np1_fr_med_15,data/HMDB51_data/videos/smile/YouTube_smiles!_smile_h_nm_np1_fr_med_15.avi,39,8,100,4,39,True,True,0.6929575204849243,0.027809186838567257,0.0037203379324637353,0.6028149998746812,49,8,8,8,False,
hmdb51,val,YouTube_smiles!_smile_h_cm_np1_fr_bad_5,data/HMDB51_data/videos/smile/YouTube_smiles!_smile_h_cm_np1_fr_bad_5.avi,39,8,100,4,39,True,True,0.47040078043937683,0.024884683080017567,0.0037203379324637353,0.5708829280920327,54,8,8,8,False,
hmdb51,val,SMILES_FROM_OFF_THE_ROAD_3_-TRAVELS_WITH_A_HAT_smile_h_nm_np1_fr_med_5,data/HMDB51_data/videos/smile/SMILES_FROM_OFF_THE_ROAD_3_-TRAVELS_WITH_A_HAT_smile_h_nm_np1_fr_med_5.avi,39,8,100,4,46,False,True,0.3419455885887146,0.03000596910715103,0.0037203379324637353,0.5438149007968605,83,8,8,8,False,
hmdb51,val,Two_Towers_3_smile_h_nm_np1_fr_goo_7,data/HMDB51_data/videos/smile/Two_Towers_3_smile_h_nm_np1_fr_goo_7.avi,39,8,100,4,39,True,True,0.22417068481445312,0.029021834023296833,0.0037203379324637353,0.5099456082098186,79,8,8,8,False,
hmdb51,val,YouTube_smiles!_smile_h_nm_np1_fr_med_20,data/HMDB51_data/videos/smile/YouTube_smiles!_smile_h_nm_np1_fr_med_20.avi,39,8,100,4,39,True,True,0.49525633454322815,0.028100498020648956,0.0037523405626416206,1.7688212050125003,35,8,8,8,False,
hmdb51,val,Re-_Show_Your_Smile_smile_h_nm_np1_fr_goo_0,data/HMDB51_data/videos/smile/Re-_Show_Your_Smile_smile_h_nm_np1_fr_goo_0.avi,39,8,100,4,39,True,True,0.6625543832778931,0.024300468154251575,0.0037523405626416206,1.7388533898629248,80,8,8,8,False,
hmdb51,val,prelinger_LetsPlay1949_smile_u_nm_np1_ri_med_21,data/HMDB51_data/videos/smile/prelinger_LetsPlay1949_smile_u_nm_np1_ri_med_21.avi,39,8,100,4,46,False,False,0.39643409848213196,0.03344844514504075,0.0037523405626416206,1.7119545759633183,91,8,8,8,False,
hmdb51,val,YouTube_smiles!_smile_h_cm_np1_fr_med_39,data/HMDB51_data/videos/smile/YouTube_smiles!_smile_h_cm_np1_fr_med_39.avi,39,8,100,4,39,True,True,0.5231517553329468,0.030537443235516548,0.0037523405626416206,1.676634537987411,71,8,8,8,False,
hmdb51,val,YouTube_smiles!_smile_h_cm_np1_fr_med_2,data/HMDB51_data/videos/smile/YouTube_smiles!_smile_h_cm_np1_fr_med_2.avi,39,8,100,4,39,True,True,0.5110418200492859,0.024785242043435574,0.0037523405626416206,1.6432188441976905,59,8,8,8,False,
hmdb51,val,SE7EN_SMILES_x3_smile_h_cm_np1_fr_goo_5,data/HMDB51_data/videos/smile/SE7EN_SMILES_x3_smile_h_cm_np1_fr_goo_5.avi,39,8,100,4,39,True,True,0.48563891649246216,0.03178909467533231,0.0037523405626416206,1.615650326013565,80,8,8,8,False,
hmdb51,val,Smile_-]_smile_h_nm_np1_fr_goo_0,data/HMDB51_data/videos/smile/Smile_-]_smile_h_nm_np1_fr_goo_0.avi,39,8,100,4,39,True,True,0.47697311639785767,0.024425238836556673,0.0037523405626416206,1.5799243412911892,71,8,8,8,False,
hmdb51,val,SMILES_FROM_OFF_THE_ROAD_2_-TREASURING_THE_GIRLCHILD_smile_h_cm_np1_fr_bad_1,data/HMDB51_data/videos/smile/SMILES_FROM_OFF_THE_ROAD_2_-TREASURING_THE_GIRLCHILD_smile_h_cm_np1_fr_bad_1.avi,39,8,100,4,3,False,True,0.31346094608306885,0.0370165235362947,0.0037523405626416206,1.5517013417556882,81,8,8,8,False,
hmdb51,val,YouTube_smiles!_smile_h_nm_np1_fr_med_12,data/HMDB51_data/videos/smile/YouTube_smiles!_smile_h_nm_np1_fr_med_12.avi,39,8,100,4,39,True,True,0.6869005560874939,0.022973054088652134,0.0037523405626416206,1.5107723148539662,54,8,8,8,False,
hmdb51,val,YouTube_smiles!_smile_h_cm_np1_fr_goo_30,data/HMDB51_data/videos/smile/YouTube_smiles!_smile_h_cm_np1_fr_goo_30.avi,39,8,100,4,39,True,True,0.5997179746627808,0.03615706413984299,0.0037523405626416206,1.4854295700788498,67,8,8,8,False,
hmdb51,val,YouTube_smiles!_smile_h_cm_np1_fr_bad_3,data/HMDB51_data/videos/smile/YouTube_smiles!_smile_h_cm_np1_fr_bad_3.avi,39,8,100,4,39,True,True,0.6240440607070923,0.02503146603703499,0.0037523405626416206,1.444855926092714,57,8,8,8,False,
hmdb51,val,smoking_2_smoke_h_cm_np1_ba_med_5,data/HMDB51_data/videos/smoke/smoking_2_smoke_h_cm_np1_ba_med_5.avi,40,8,100,4,40,True,True,0.31640857458114624,0.034313974902033806,0.0037523405626416206,1.4176667528226972,81,8,8,8,False,
hmdb51,val,Rich_smoking_experience_smoke_h_nm_np1_fr_med_1,data/HMDB51_data/videos/smoke/Rich_smoking_experience_smoke_h_nm_np1_fr_med_1.avi,40,8,100,4,40,True,True,0.8070845603942871,0.07034698594361544,0.0037523405626416206,1.3807416902855039,227,8,8,8,False,
hmdb51,val,Raucher_Antiraucher_Werbung_smoke_u_cm_np1_fr_med_0,data/HMDB51_data/videos/smoke/Raucher_Antiraucher_Werbung_smoke_u_cm_np1_fr_med_0.avi,40,8,100,4,35,False,False,0.6500629782676697,0.03280673595145345,0.0037523405626416206,1.307438189163804,90,8,8,8,False,
hmdb51,val,A_Beautiful_Mind_1_smoke_h_nm_np1_fr_goo_8,data/HMDB51_data/videos/smoke/A_Beautiful_Mind_1_smoke_h_nm_np1_fr_goo_8.avi,40,8,100,4,10,False,True,0.30185747146606445,0.03998112911358476,0.0037523405626416206,1.2703838762827218,61,8,8,8,False,
hmdb51,val,zigarette_rauchen_smoke_h_nm_np1_fr_med_1,data/HMDB51_data/videos/smoke/zigarette_rauchen_smoke_h_nm_np1_fr_med_1.avi,40,8,100,4,40,True,True,0.24817661941051483,0.05132172117009759,0.0037523405626416206,1.2269780030474067,182,8,8,8,False,
hmdb51,val,zigarette_rauchen_smoke_h_nm_np1_fr_med_2,data/HMDB51_data/videos/smoke/zigarette_rauchen_smoke_h_nm_np1_fr_med_2.avi,40,8,100,4,40,True,True,0.4662928283214569,0.04880123399198055,0.0037523405626416206,1.1729735448025167,163,8,8,8,False,
hmdb51,val,After_work_smoke_in_the_garage_smoke_h_nm_np1_fr_bad_0,data/HMDB51_data/videos/smoke/After_work_smoke_in_the_garage_smoke_h_nm_np1_fr_bad_0.avi,40,8,100,4,40,True,True,0.2862606644630432,0.0255724317394197,0.0037523405626416206,1.1213200301863253,84,8,8,8,False,
hmdb51,val,smoking_2_smoke_h_cm_np1_ba_goo_2,data/HMDB51_data/videos/smoke/smoking_2_smoke_h_cm_np1_ba_goo_2.avi,40,8,100,4,40,True,True,0.5512388348579407,0.04166269116103649,0.0037523405626416206,1.0939536830410361,105,8,8,8,False,
hmdb51,val,smoking_smoking_-_tricks!_smoke_h_nm_np1_fr_med_2,data/HMDB51_data/videos/smoke/smoking_smoking_-_tricks!_smoke_h_nm_np1_fr_med_2.avi,40,8,100,4,3,False,True,0.46001142263412476,0.05598220694810152,0.0037523405626416206,1.050441605038941,225,8,8,8,False,
hmdb51,val,Glory_smoke_h_nm_np1_fr_goo_42,data/HMDB51_data/videos/smoke/Glory_smoke_h_nm_np1_fr_goo_42.avi,40,8,100,4,10,False,True,0.44472989439964294,0.03368780994787812,0.0037523405626416206,0.9921171008609235,90,8,8,8,False,
hmdb51,val,Veoh_Alpha_Dog_1_smoke_h_nm_np1_fr_med_54,data/HMDB51_data/videos/smoke/Veoh_Alpha_Dog_1_smoke_h_nm_np1_fr_med_54.avi,40,8,100,4,10,False,False,0.2943689227104187,0.05406646337360144,0.0037523405626416206,0.9566847910173237,135,8,8,8,False,
hmdb51,val,passive_rauchen_smoke_h_cm_np1_ri_med_0,data/HMDB51_data/videos/smoke/passive_rauchen_smoke_h_cm_np1_ri_med_0.avi,40,8,100,4,40,True,True,0.3845854103565216,0.0425228588283062,0.0037523405626416206,0.8999422490596771,159,8,8,8,False,
hmdb51,val,smoking_1_smoke_h_cm_np1_ri_med_1,data/HMDB51_data/videos/smoke/smoking_1_smoke_h_cm_np1_ri_med_1.avi,40,8,100,4,40,True,True,0.7664347290992737,0.038364595733582973,0.0037523405626416206,0.8549326509237289,105,8,8,8,False,
hmdb51,val,nice_smoking_girl_smoke_h_nm_np1_le_med_2,data/HMDB51_data/videos/smoke/nice_smoking_girl_smoke_h_nm_np1_le_med_2.avi,40,8,100,4,40,True,True,0.6356278657913208,0.060694640036672354,0.0037523405626416206,0.8142258538864553,248,8,8,8,False,
hmdb51,val,more_smoking_smoke_h_cm_np1_ri_med_0,data/HMDB51_data/videos/smoke/more_smoking_smoke_h_cm_np1_ri_med_0.avi,40,8,100,4,40,True,True,0.7894035577774048,0.03254440380260348,0.0037523405626416206,0.7517223707400262,75,8,8,8,False,
hmdb51,val,smoking_a_cigarette_smoke_h_nm_np1_fr_med_0,data/HMDB51_data/videos/smoke/smoking_a_cigarette_smoke_h_nm_np1_fr_med_0.avi,40,8,100,4,40,True,True,0.6357248425483704,0.08320688176900148,0.0037523405626416206,0.7153961039148271,279,8,8,8,False,
hmdb51,val,Projekt_SPOHO_2008_-_27_02_08_-_Training-_Bodenk_r_4_somersault_f_cm_np1_ri_med_0,data/HMDB51_data/videos/somersault/Projekt_SPOHO_2008_-_27_02_08_-_Training-_Bodenk_r_4_somersault_f_cm_np1_ri_med_0.avi,41,8,100,4,16,False,True,0.29887476563453674,0.024245399050414562,0.0037523405626416206,0.6293264119885862,80,8,8,8,False,
hmdb51,val,Turn_pr_fung_glaser_schule_somersault_f_cm_np1_le_med_1,data/HMDB51_data/videos/somersault/Turn_pr_fung_glaser_schule_somersault_f_cm_np1_le_med_1.avi,41,8,100,4,16,False,True,0.25118595361709595,0.028981788083910942,0.0037523405626416206,0.603281756862998,80,8,8,8,False,
hmdb51,val,Handstandk_nig_somersault_f_cm_np1_ba_med_5,data/HMDB51_data/videos/somersault/Handstandk_nig_somersault_f_cm_np1_ba_med_5.avi,41,8,100,4,41,True,True,0.40538135170936584,0.026328965090215206,0.0037523405626416206,0.5721384552307427,78,8,8,8,False,
hmdb51,val,Philli_beim_Bodenturnen_somersault_f_cm_np1_ri_bad_0,data/HMDB51_data/videos/somersault/Philli_beim_Bodenturnen_somersault_f_cm_np1_ri_bad_0.avi,41,8,100,4,41,True,True,0.38665011525154114,0.027458887081593275,0.0037523405626416206,0.5424787877127528,71,8,8,8,False,
hmdb51,val,Projekt_SPOHO_2008_-_27_02_08_-_Training-_Bodenk_r_3_somersault_f_cm_np1_le_med_0,data/HMDB51_data/videos/somersault/Projekt_SPOHO_2008_-_27_02_08_-_Training-_Bodenk_r_3_somersault_f_cm_np1_le_med_0.avi,41,8,100,4,14,False,True,0.3689579665660858,0.030235264915972948,0.0037523405626416206,0.5123872482217848,88,8,8,8,False,
hmdb51,val,Pirates_2_somersault_f_cm_np1_fr_bad_5,data/HMDB51_data/videos/somersault/Pirates_2_somersault_f_cm_np1_fr_bad_5.avi,41,8,100,4,44,False,False,0.1645352840423584,0.02905060024932027,0.0037053341802675277,1.4577963701449335,36,8,8,8,False,
hmdb51,val,Bodenk_r_somersault_f_cm_np1_ri_med_1,data/HMDB51_data/videos/somersault/Bodenk_r_somersault_f_cm_np1_ri_med_1.avi,41,8,100,4,41,True,True,0.47605547308921814,0.02667866973206401,0.0037053341802675277,1.4259900101460516,81,8,8,8,False,
hmdb51,val,Schwebebalken_Uni_07_08_somersault_f_cm_np1_le_med_1,data/HMDB51_data/videos/somersault/Schwebebalken_Uni_07_08_somersault_f_cm_np1_le_med_1.avi,41,8,100,4,1,False,True,0.2931903600692749,0.034999791998416185,0.0037053341802675277,1.3974717441014946,95,8,8,8,False,
hmdb51,val,Turnexamen_Boden_somersault_f_cm_np1_ri_med_2,data/HMDB51_data/videos/somersault/Turnexamen_Boden_somersault_f_cm_np1_ri_med_2.avi,41,8,100,4,41,True,True,0.5774942636489868,0.024942482355982065,0.0037053341802675277,1.3610325241461396,80,8,8,8,False,
hmdb51,val,Learn_Freerunning_and_Parkour_-_Diving_Roll_somersault_f_cm_np1_le_bad_5,data/HMDB51_data/videos/somersault/Learn_Freerunning_and_Parkour_-_Diving_Roll_somersault_f_cm_np1_le_bad_5.avi,41,8,100,4,19,False,True,0.7855848073959351,0.014914756640791893,0.0037053341802675277,1.3341655782423913,39,8,8,8,False,
hmdb51,val,LONGESTYARD_somersault_f_cm_np1_ba_bad_28,data/HMDB51_data/videos/somersault/LONGESTYARD_somersault_f_cm_np1_ba_bad_28.avi,41,8,100,4,21,False,False,0.3838588297367096,0.02470417506992817,0.0037053341802675277,1.317166837863624,47,8,8,8,False,
hmdb51,val,Massive_6_meter_dive_roll_somersault_f_cm_np1_le_bad_0,data/HMDB51_data/videos/somersault/Massive_6_meter_dive_roll_somersault_f_cm_np1_le_bad_0.avi,41,8,100,4,14,False,True,0.33087217807769775,0.03397717420011759,0.0037053341802675277,1.28909417334944,49,8,8,8,False,
hmdb51,val,Hechtsprung_somersault_f_cm_np1_le_bad_1,data/HMDB51_data/videos/somersault/Hechtsprung_somersault_f_cm_np1_le_bad_1.avi,41,8,100,4,19,False,False,0.31558358669281006,0.014618073124438524,0.0037053341802675277,1.253115605097264,34,8,8,8,False,
hmdb51,val,MWG_Bodenturnen_somersault_f_cm_np2_ri_bad_0,data/HMDB51_data/videos/somersault/MWG_Bodenturnen_somersault_f_cm_np2_ri_bad_0.avi,41,8,100,4,1,False,True,0.2969267666339874,0.02721118088811636,0.0037053341802675277,1.2371725649572909,87,8,8,8,False,
hmdb51,val,Monikas_Staatsexamen__Turnen_somersault_f_cm_np1_le_med_5,data/HMDB51_data/videos/somersault/Monikas_Staatsexamen__Turnen_somersault_f_cm_np1_le_med_5.avi,41,8,100,4,41,True,True,0.38163551688194275,0.02522636717185378,0.0037053341802675277,1.2082073530182242,80,8,8,8,False,
hmdb51,val,Philli_beim_Bodenturnen_somersault_f_cm_np1_ri_bad_5,data/HMDB51_data/videos/somersault/Philli_beim_Bodenturnen_somersault_f_cm_np1_ri_bad_5.avi,41,8,100,4,41,True,True,0.48098498582839966,0.037533780094236135,0.0037053341802675277,1.180680437013507,122,8,8,8,False,
hmdb51,val,Bodenk_r_somersault_f_cm_np1_le_med_3,data/HMDB51_data/videos/somersault/Bodenk_r_somersault_f_cm_np1_le_med_3.avi,41,8,100,4,41,True,True,0.582250714302063,0.02822523284703493,0.0037053341802675277,1.1409879121929407,81,8,8,8,False,
hmdb51,val,Bodenturnen_somersault_f_cm_np1_ri_med_1,data/HMDB51_data/videos/somersault/Bodenturnen_somersault_f_cm_np1_ri_med_1.avi,41,8,100,4,14,False,True,0.383311927318573,0.030107815749943256,0.0037053341802675277,1.1096002701669931,78,8,8,8,False,
hmdb51,val,Parkour_Dive_Tutorial_somersault_f_cm_np1_ba_bad_1,data/HMDB51_data/videos/somersault/Parkour_Dive_Tutorial_somersault_f_cm_np1_ba_bad_1.avi,41,8,100,4,31,False,True,0.2121981680393219,0.02026315126568079,0.0037053341802675277,1.0770389260724187,37,8,8,8,False,
hmdb51,val,Paul_Hamm_on_Floor_Exercise_at_2008_Pacific_Rim_somersault_f_cm_np1_fr_med_0,data/HMDB51_data/videos/somersault/Paul_Hamm_on_Floor_Exercise_at_2008_Pacific_Rim_somersault_f_cm_np1_fr_med_0.avi,41,8,100,4,21,False,True,0.2294018268585205,0.025320548098534346,0.0037053341802675277,1.053975598886609,82,8,8,8,False,
hmdb51,val,StrangerThanFiction_stand_u_cm_np1_ri_med_0,data/HMDB51_data/videos/stand/StrangerThanFiction_stand_u_cm_np1_ri_med_0.avi,42,8,100,4,48,False,False,0.5529989004135132,0.03456073207780719,0.0037053341802675277,1.0259314752183855,76,8,8,8,False,
hmdb51,val,Finding_Forrester_1_stand_u_cm_np1_le_bad_10,data/HMDB51_data/videos/stand/Finding_Forrester_1_stand_u_cm_np1_le_bad_10.avi,42,8,100,4,49,False,True,0.8142295479774475,0.03354348707944155,0.0037053341802675277,0.9878379851579666,101,8,8,8,False,
hmdb51,val,HP_PRISONER_OF_AZKABAN_stand_f_cm_np1_fr_bad_11,data/HMDB51_data/videos/stand/HP_PRISONER_OF_AZKABAN_stand_f_cm_np1_fr_bad_11.avi,42,8,100,4,49,False,True,0.562615156173706,0.030063976999372244,0.0037053341802675277,0.9509979821741581,48,8,8,8,False,
hmdb51,val,THE_PROTECTOR_stand_f_cm_np1_fr_med_23,data/HMDB51_data/videos/stand/THE_PROTECTOR_stand_f_cm_np1_fr_med_23.avi,42,8,100,4,32,False,False,0.2473309189081192,0.024469804018735886,0.0037053341802675277,0.916850253008306,53,8,8,8,False,
hmdb51,val,Oceans13_stand_u_nm_np1_fr_med_9,data/HMDB51_data/videos/stand/Oceans13_stand_u_nm_np1_fr_med_9.avi,42,8,100,4,48,False,True,0.35301846265792847,0.03309770533815026,0.0037053341802675277,0.8896575421094894,78,8,8,8,False,
hmdb51,val,CharlieAndTheChocolateFactory_stand_f_nm_np1_fr_med_17,data/HMDB51_data/videos/stand/CharlieAndTheChocolateFactory_stand_f_nm_np1_fr_med_17.avi,42,8,100,4,49,False,True,0.24337910115718842,0.030601571779698133,0.0037053341802675277,0.8542712111957371,48,8,8,8,False,
hmdb51,val,Crash_stand_u_cm_np1_le_med_8,data/HMDB51_data/videos/stand/Crash_stand_u_cm_np1_le_med_8.avi,42,8,100,4,49,False,True,0.3925013542175293,0.036180627066642046,0.0037053341802675277,0.8215573583729565,83,8,8,8,False,
hmdb51,val,SweeneyTodd_stand_f_nm_np1_fr_bad_24,data/HMDB51_data/videos/stand/SweeneyTodd_stand_f_nm_np1_fr_bad_24.avi,42,8,100,4,49,False,True,0.3790210485458374,0.026271712966263294,0.0037053341802675277,0.7827957710251212,47,8,8,8,False,
hmdb51,val,20070723_sfjff_waitingforrescue_stand_u_cm_np1_fr_med_2,data/HMDB51_data/videos/stand/20070723_sfjff_waitingforrescue_stand_u_cm_np1_fr_med_2.avi,42,8,100,4,0,False,False,0.17110230028629303,0.01943305879831314,0.0037053341802675277,0.7547654309310019,50,8,8,8,False,
hmdb51,val,AllThePresidentMen_stand_u_nm_np1_le_med_1,data/HMDB51_data/videos/stand/AllThePresidentMen_stand_u_nm_np1_le_med_1.avi,42,8,100,4,49,False,True,0.7844680547714233,0.029427217319607735,0.0037053341802675277,0.7325330441817641,79,8,8,8,False,
hmdb51,val,BLACK_HAWK_DOWN_stand_u_cm_np1_fr_med_35,data/HMDB51_data/videos/stand/BLACK_HAWK_DOWN_stand_u_cm_np1_fr_med_35.avi,42,8,100,4,49,False,True,0.33747637271881104,0.02474637795239687,0.0037053341802675277,0.7015415751375258,49,8,8,8,False,
hmdb51,val,GoneBabyGone_stand_f_cm_np1_fr_med_0,data/HMDB51_data/videos/stand/GoneBabyGone_stand_f_cm_np1_fr_med_0.avi,42,8,100,4,10,False,False,0.3564722537994385,0.03469704231247306,0.0037053341802675277,0.6748454440385103,66,8,8,8,False,
hmdb51,val,20060723sfjffjewgotmail_stand_u_cm_np1_ri_med_0,data/HMDB51_data/videos/stand/20060723sfjffjewgotmail_stand_u_cm_np1_ri_med_0.avi,42,8,100,4,49,False,True,0.4213978350162506,0.018457842990756035,0.0037053341802675277,0.6382818478159606,50,8,8,8,False,
hmdb51,val,RETURN_OF_THE_KING_stand_u_cm_np1_fr_med_12,data/HMDB51_data/videos/stand/RETURN_OF_THE_KING_stand_u_cm_np1_fr_med_12.avi,42,8,100,4,27,False,True,0.12750458717346191,0.026404723059386015,0.0037053341802675277,0.6175081990659237,55,8,8,8,False,
hmdb51,val,prelinger_ControlY1950_stand_u_cm_np1_fr_med_0,data/HMDB51_data/videos/stand/prelinger_ControlY1950_stand_u_cm_np1_fr_med_0.avi,42,8,100,4,49,False,True,0.8436905741691589,0.032363907899707556,0.0037053341802675277,0.5886261789128184,102,8,8,8,False,
hmdb51,val,SweeneyTodd_stand_f_cm_np1_le_med_10,data/HMDB51_data/videos/stand/SweeneyTodd_stand_f_cm_np1_le_med_10.avi,42,8,100,4,49,False,False,0.3497489094734192,0.033996107056736946,0.0037053341802675277,0.5535403862595558,79,8,8,8,False,
hmdb51,val,RATRACE_stand_f_cm_np1_ri_med_28,data/HMDB51_data/videos/stand/RATRACE_stand_f_cm_np1_ri_med_28.avi,42,8,100,4,49,False,True,0.6111104488372803,0.03445730311796069,0.0037053341802675277,0.5167825492098927,80,8,8,8,False,
hmdb51,val,FestivalofColors_stand_f_nm_np1_fr_med_0,data/HMDB51_data/videos/stand/FestivalofColors_stand_f_nm_np1_fr_med_0.avi,42,8,100,4,24,False,False,0.17045153677463531,0.03670960105955601,0.003721620058058761,1.6508045471273363,107,8,8,8,False,
hmdb51,val,BeforeNightFalls_stand_f_nm_np1_fr_med_3,data/HMDB51_data/videos/stand/BeforeNightFalls_stand_f_nm_np1_fr_med_3.avi,42,8,100,4,37,False,True,0.24352771043777466,0.0447154208086431,0.003721620058058761,1.6115128798410296,133,8,8,8,False,
hmdb51,val,TheBoondockSaints_stand_u_nm_np1_le_med_102,data/HMDB51_data/videos/stand/TheBoondockSaints_stand_u_nm_np1_le_med_102.avi,42,8,100,4,49,False,True,0.6050658226013184,0.020369195844978094,0.003721620058058761,1.5649212962016463,49,8,8,8,False,
hmdb51,val,practicingmybaseballswing2009_swing_baseball_f_cm_np1_fr_med_13,data/HMDB51_data/videos/swing_baseball/practicingmybaseballswing2009_swing_baseball_f_cm_np1_fr_med_13.avi,43,8,100,4,43,True,True,0.9070439338684082,0.03703142888844013,0.003721620058058761,1.5430746977217495,131,8,8,8,False,
hmdb51,val,hittingofftee2_swing_baseball_f_nm_np1_fr_med_11,data/HMDB51_data/videos/swing_baseball/hittingofftee2_swing_baseball_f_nm_np1_fr_med_11.avi,43,8,100,4,43,True,True,0.9186080098152161,0.03544373018667102,0.003721620058058761,1.504247666336596,119,8,8,8,False,
hmdb51,val,hittingofftee2_swing_baseball_f_nm_np1_fr_med_3,data/HMDB51_data/videos/swing_baseball/hittingofftee2_swing_baseball_f_nm_np1_fr_med_3.avi,43,8,100,4,43,True,True,0.8589131832122803,0.0366262742318213,0.003721620058058761,1.4663797128014266,123,8,8,8,False,
hmdb51,val,Faith_Rewarded_swing_baseball_f_cm_np1_ri_bad_27,data/HMDB51_data/videos/swing_baseball/Faith_Rewarded_swing_baseball_f_cm_np1_ri_bad_27.avi,43,8,100,4,43,True,True,0.8998384475708008,0.025415028911083937,0.003721620058058761,1.4272101558744907,43,8,8,8,False,
hmdb51,val,practicingmybaseballswing2009_swing_baseball_f_cm_np1_fr_med_2,data/HMDB51_data/videos/swing_baseball/practicingmybaseballswing2009_swing_baseball_f_cm_np1_fr_med_2.avi,43,8,100,4,43,True,True,0.8565974235534668,0.0345049686729908,0.003721620058058761,1.3990717409178615,114,8,8,8,False,
hmdb51,val,Faith_Rewarded_swing_baseball_f_nm_np1_ba_bad_54,data/HMDB51_data/videos/swing_baseball/Faith_Rewarded_swing_baseball_f_nm_np1_ba_bad_54.avi,43,8,100,4,43,True,True,0.810848593711853,0.022577010095119476,0.003721620058058761,1.362146089784801,45,8,8,8,False,
hmdb51,val,Faith_Rewarded_swing_baseball_f_nm_np1_le_bad_51,data/HMDB51_data/videos/swing_baseball/Faith_Rewarded_swing_baseball_f_nm_np1_le_bad_51.avi,43,8,100,4,21,False,True,0.2861101031303406,0.032235913909971714,0.003721620058058761,1.3372165840119123,81,8,8,8,False,
hmdb51,val,BaseballSwingAnalysis_swing_baseball_f_nm_np1_fr_med_17,data/HMDB51_data/videos/swing_baseball/BaseballSwingAnalysis_swing_baseball_f_nm_np1_fr_med_17.avi,43,8,100,4,43,True,True,0.9154660105705261,0.06663251016288996,0.003721620058058761,1.3009806359186769,226,8,8,8,False,
hmdb51,val,Faith_Rewarded_swing_baseball_f_nm_np1_fr_bad_88,data/HMDB51_data/videos/swing_baseball/Faith_Rewarded_swing_baseball_f_nm_np1_fr_bad_88.avi,43,8,100,4,43,True,True,0.8973238468170166,0.03546948591247201,0.003721620058058761,1.231587491929531,69,8,8,8,False,
hmdb51,val,BaseballSwingAnalysis_swing_baseball_u_nm_np1_ba_med_7,data/HMDB51_data/videos/swing_baseball/BaseballSwingAnalysis_swing_baseball_u_nm_np1_ba_med_7.avi,43,8,100,4,43,True,True,0.919249415397644,0.05710739875212312,0.003721620058058761,1.1928740036673844,214,8,8,8,False,
hmdb51,val,Faith_Rewarded_swing_baseball_f_nm_np1_ba_bad_78,data/HMDB51_data/videos/swing_baseball/Faith_Rewarded_swing_baseball_f_nm_np1_ba_bad_78.avi,43,8,100,4,43,True,True,0.7011405229568481,0.023757779970765114,0.003721620058058761,1.1326831681653857,59,8,8,8,False,
hmdb51,val,Faith_Rewarded_swing_baseball_f_nm_np1_fr_bad_70,data/HMDB51_data/videos/swing_baseball/Faith_Rewarded_swing_baseball_f_nm_np1_fr_bad_70.avi,43,8,100,4,43,True,True,0.7056418061256409,0.032410561107099056,0.003721620058058761,1.1061487710103393,60,8,8,8,False,
hmdb51,val,Faith_Rewarded_swing_baseball_f_nm_np1_ri_bad_59,data/HMDB51_data/videos/swing_baseball/Faith_Rewarded_swing_baseball_f_nm_np1_ri_bad_59.avi,43,8,100,4,43,True,True,0.920437216758728,0.02498241513967514,0.003721620058058761,1.0708609172143042,38,8,8,8,False,
hmdb51,val,BaseballSwingAnalysis_swing_baseball_u_nm_np1_ba_med_0,data/HMDB51_data/videos/swing_baseball/BaseballSwingAnalysis_swing_baseball_u_nm_np1_ba_med_0.avi,43,8,100,4,43,True,True,0.8940690159797668,0.04784461809322238,0.003721620058058761,1.0435811062343419,158,8,8,8,False,
hmdb51,val,Faith_Rewarded_swing_baseball_u_nm_np1_ri_bad_48,data/HMDB51_data/videos/swing_baseball/Faith_Rewarded_swing_baseball_u_nm_np1_ri_bad_48.avi,43,8,100,4,43,True,True,0.8062167763710022,0.027751315385103226,0.003721620058058761,0.991999024990946,44,8,8,8,False,
hmdb51,val,practicingmybaseballswing2009_swing_baseball_f_cm_np1_fr_med_6,data/HMDB51_data/videos/swing_baseball/practicingmybaseballswing2009_swing_baseball_f_cm_np1_fr_med_6.avi,43,8,100,4,43,True,True,0.9116218090057373,0.047779424116015434,0.003721620058058761,0.9619281450286508,141,8,8,8,False,
hmdb51,val,Faith_Rewarded_swing_baseball_f_nm_np1_ba_bad_77,data/HMDB51_data/videos/swing_baseball/Faith_Rewarded_swing_baseball_f_nm_np1_ba_bad_77.avi,43,8,100,4,43,True,True,0.7440469861030579,0.029422271065413952,0.003721620058058761,0.912263058591634,40,8,8,8,False,
hmdb51,val,Faith_Rewarded_swing_baseball_f_nm_np1_ri_bad_61,data/HMDB51_data/videos/swing_baseball/Faith_Rewarded_swing_baseball_f_nm_np1_ri_bad_61.avi,43,8,100,4,43,True,True,0.8229562044143677,0.03153448598459363,0.003721620058058761,0.8802512153051794,49,8,8,8,False,
hmdb51,val,SlowmotionBretthitsasingle_swing_baseball_f_cm_np1_ba_bad_1,data/HMDB51_data/videos/swing_baseball/SlowmotionBretthitsasingle_swing_baseball_f_cm_np1_ba_bad_1.avi,43,8,100,4,43,True,True,0.6078271269798279,0.04343393258750439,0.003721620058058761,0.846052551176399,160,8,8,8,False,
hmdb51,val,Faith_Rewarded_swing_baseball_f_cm_np1_ba_bad_11,data/HMDB51_data/videos/swing_baseball/Faith_Rewarded_swing_baseball_f_cm_np1_ba_bad_11.avi,43,8,100,4,43,True,True,0.8541374802589417,0.03735821368172765,0.003721620058058761,0.8007161114364862,75,8,8,8,False,
hmdb51,val,Gohatto_-_sword_fight_scene_sword_f_cm_np2_ba_med_3,data/HMDB51_data/videos/sword/Gohatto_-_sword_fight_scene_sword_f_cm_np2_ba_med_3.avi,44,8,100,4,44,True,True,0.40124186873435974,0.03035816503688693,0.003721620058058761,0.7612950108014047,80,8,8,8,False,
hmdb51,val,Gohatto_-_sword_fight_scene_sword_f_cm_np2_fr_med_0,data/HMDB51_data/videos/sword/Gohatto_-_sword_fight_scene_sword_f_cm_np2_fr_med_0.avi,44,8,100,4,44,True,True,0.3687201738357544,0.03018260095268488,0.003721620058058761,0.7295323018915951,80,8,8,8,False,
hmdb51,val,Kendo_sword_f_nm_np2_ba_bad_2,data/HMDB51_data/videos/sword/Kendo_sword_f_nm_np2_ba_bad_2.avi,44,8,100,4,44,True,True,0.45577141642570496,0.023132937029004097,0.003721620058058761,0.6974941766820848,80,8,8,8,False,
hmdb51,val,Kendo_sword_f_nm_np1_fr_bad_5,data/HMDB51_data/videos/sword/Kendo_sword_f_nm_np1_fr_bad_5.avi,44,8,100,4,45,False,True,0.356966108083725,0.021891292184591293,0.003721620058058761,0.6723715849220753,80,8,8,8,False,
hmdb51,val,2006_Full_Contact_Medieval_Sword_Tournament_Final_sword_f_cm_np2_fr_bad_2,data/HMDB51_data/videos/sword/2006_Full_Contact_Medieval_Sword_Tournament_Final_sword_f_cm_np2_fr_bad_2.avi,44,8,100,4,21,False,True,0.364452064037323,0.030581831000745296,0.003721620058058761,0.6486186389811337,100,8,8,8,False,
hmdb51,val,Moonfleet_1955_rapier_vs_halberd_duel__Stewart_Granger_sword_u_cm_np2_ri_bad_0,data/HMDB51_data/videos/sword/Moonfleet_1955_rapier_vs_halberd_duel__Stewart_Granger_sword_u_cm_np2_ri_bad_0.avi,44,8,100,4,20,False,True,0.593001127243042,0.023832764010876417,0.003721620058058761,0.6154647218063474,46,8,8,8,False,
hmdb51,val,Star_Wars_I_Light_Sabre_Battle_Re-cut_sword_f_cm_np2_ba_med_3,data/HMDB51_data/videos/sword/Star_Wars_I_Light_Sabre_Battle_Re-cut_sword_f_cm_np2_ba_med_3.avi,44,8,100,4,19,False,True,0.2156563401222229,0.05843032477423549,0.003721620058058761,0.589156586676836,128,8,8,8,False,
hmdb51,val,Medieval_Times_Knights_Battle_Sword_Fight_sword_f_cm_np2_fr_med_5,data/HMDB51_data/videos/sword/Medieval_Times_Knights_Battle_Sword_Fight_sword_f_cm_np2_fr_med_5.avi,44,8,100,4,44,True,True,0.7192295789718628,0.020114146173000336,0.003721620058058761,0.52890449995175,62,8,8,8,False,
hmdb51,val,David_Carradine_vs__Michael_Jai_White_sword_u_nm_np2_fr_med_1,data/HMDB51_data/videos/sword/David_Carradine_vs__Michael_Jai_White_sword_u_nm_np2_fr_med_1.avi,44,8,100,4,27,False,True,0.7264674305915833,0.026025298051536083,0.003721620058058761,0.5071262391284108,35,8,8,8,False,
hmdb51,val,Fechten_mit_dem_langen_Schwert_sword_f_cm_np2_le_med_2,data/HMDB51_data/videos/sword/Fechten_mit_dem_langen_Schwert_sword_f_cm_np2_le_med_2.avi,44,8,100,4,44,True,True,0.3560715913772583,0.030505303759127855,0.0037413905083667487,1.7647269829176366,66,8,8,8,False,
hmdb51,val,The_Last_Samurai_-_In_Your_Honor_sword_f_nm_np2_le_bad_1,data/HMDB51_data/videos/sword/The_Last_Samurai_-_In_Your_Honor_sword_f_nm_np2_le_bad_1.avi,44,8,100,4,31,False,True,0.35138919949531555,0.0325356419198215,0.0037413905083667487,1.731540273874998,106,8,8,8,False,
hmdb51,val,Medieval_Times_Knights_Battle_Sword_Fight_sword_f_cm_np2_ri_med_2,data/HMDB51_data/videos/sword/Medieval_Times_Knights_Battle_Sword_Fight_sword_f_cm_np2_ri_med_2.avi,44,8,100,4,44,True,True,0.6485762596130371,0.015192370861768723,0.0037413905083667487,1.6970398710109293,41,8,8,8,False,
hmdb51,val,Stage_Combat_5_-_Sword_Fight_-_East_15_sword_f_cm_np2_le_bad_1,data/HMDB51_data/videos/sword/Stage_Combat_5_-_Sword_Fight_-_East_15_sword_f_cm_np2_le_bad_1.avi,44,8,100,4,13,False,True,0.5238978266716003,0.026628505904227495,0.0037413905083667487,1.6793920076452196,80,8,8,8,False,
hmdb51,val,Duncan_Macleod_&_Amanda_Soulmates_Part_2_sword_u_cm_np2_fr_med_0,data/HMDB51_data/videos/sword/Duncan_Macleod_&_Amanda_Soulmates_Part_2_sword_u_cm_np2_fr_med_0.avi,44,8,100,4,44,True,True,0.3852918744087219,0.07985374005511403,0.0037413905083667487,1.6504002711735666,272,8,8,8,False,
hmdb51,val,Medieval_Times_Knights_Battle_Sword_Fight_sword_f_cm_np2_le_med_3,data/HMDB51_data/videos/sword/Medieval_Times_Knights_Battle_Sword_Fight_sword_f_cm_np2_le_med_3.avi,44,8,100,4,44,True,True,0.6328830718994141,0.01659919135272503,0.0037413905083667487,1.5681047718971968,50,8,8,8,False,
hmdb51,val,Pirates_2_sword_f_cm_np2_le_med_4,data/HMDB51_data/videos/sword/Pirates_2_sword_f_cm_np2_le_med_4.avi,44,8,100,4,49,False,False,0.4636285901069641,0.035414744168519974,0.0037413905083667487,1.5496668871492147,91,8,8,8,False,
hmdb51,val,Blade_Vs_Deacon_Frost_Sword_Fight_Scene_sword_f_cm_np2_fr_med_0,data/HMDB51_data/videos/sword/Blade_Vs_Deacon_Frost_Sword_Fight_Scene_sword_f_cm_np2_fr_med_0.avi,44,8,100,4,21,False,True,0.28369802236557007,0.035202421713620424,0.0037413905083667487,1.5117103229276836,83,8,8,8,False,
hmdb51,val,Black_Knight_sword_u_cm_np2_ba_goo_0,data/HMDB51_data/videos/sword/Black_Knight_sword_u_cm_np2_ba_goo_0.avi,44,8,100,4,44,True,True,0.613288164138794,0.030168379191309214,0.0037413905083667487,1.4745287178084254,79,8,8,8,False,
hmdb51,val,Medieval_Times_Knights_Battle_Sword_Fight_sword_f_cm_np2_le_bad_0,data/HMDB51_data/videos/sword/Medieval_Times_Knights_Battle_Sword_Fight_sword_f_cm_np2_le_bad_0.avi,44,8,100,4,44,True,True,0.7238113880157471,0.014902161434292793,0.0037413905083667487,1.4424517429433763,42,8,8,8,False,
hmdb51,val,Nakayama_Aikido_Iaido_Part_3_sword_exercise_f_cm_np1_le_bad_1,data/HMDB51_data/videos/sword_exercise/Nakayama_Aikido_Iaido_Part_3_sword_exercise_f_cm_np1_le_bad_1.avi,45,8,100,4,45,True,True,0.24167759716510773,0.015772261191159487,0.0037413905083667487,1.4253161568194628,40,8,8,8,False,
hmdb51,val,Eishin-Ryu_Iaido_sword_exercise_f_cm_np1_le_bad_5,data/HMDB51_data/videos/sword_exercise/Eishin-Ryu_Iaido_sword_exercise_f_cm_np1_le_bad_5.avi,45,8,100,4,45,True,True,0.6293869018554688,0.014831143897026777,0.0037413905083667487,1.4075921610929072,43,8,8,8,False,
hmdb51,val,samurai_training_sword_exercise_f_cm_np1_fr_med_0,data/HMDB51_data/videos/sword_exercise/samurai_training_sword_exercise_f_cm_np1_fr_med_0.avi,45,8,100,4,45,True,True,0.6251829266548157,0.023596573621034622,0.0037413905083667487,1.3894798620603979,75,8,8,8,False,
hmdb51,val,Highlander_Sword_School_wmv_sword_exercise_f_cm_np1_ba_bad_7,data/HMDB51_data/videos/sword_exercise/Highlander_Sword_School_wmv_sword_exercise_f_cm_np1_ba_bad_7.avi,45,8,100,4,45,True,True,0.3841065466403961,0.06832595076411963,0.0037413905083667487,1.362972924951464,206,8,8,8,False,
hmdb51,val,samurai_training_sword_exercise_f_cm_np1_fr_med_4,data/HMDB51_data/videos/sword_exercise/samurai_training_sword_exercise_f_cm_np1_fr_med_4.avi,45,8,100,4,45,True,True,0.47106045484542847,0.04205734468996525,0.0037413905083667487,1.290536768734455,107,8,8,8,False,
hmdb51,val,Highlander_Sword_School_wmv_sword_exercise_f_cm_np2_le_med_4,data/HMDB51_data/videos/sword_exercise/Highlander_Sword_School_wmv_sword_exercise_f_cm_np2_le_med_4.avi,45,8,100,4,35,False,True,0.40687263011932373,0.10574345057830215,0.0037413905083667487,1.2457751198671758,328,8,8,8,False,
hmdb51,val,Iaido_13_katas_sword_exercise_f_nm_np1_fr_bad_8,data/HMDB51_data/videos/sword_exercise/Iaido_13_katas_sword_exercise_f_nm_np1_fr_bad_8.avi,45,8,100,4,45,True,True,0.5426744222640991,0.023897271137684584,0.0037413905083667487,1.136802051216364,84,8,8,8,False,
hmdb51,val,samurai_training_sword_exercise_f_cm_np1_fr_med_10,data/HMDB51_data/videos/sword_exercise/samurai_training_sword_exercise_f_cm_np1_fr_med_10.avi,45,8,100,4,45,True,True,0.5761891603469849,0.059877857100218534,0.0037413905083667487,1.1101588569581509,178,8,8,8,False,
hmdb51,val,Samurai_Sword_Techniques_-_Samurai_Sword_Slashes_sword_exercise_f_nm_np2_fr_med_3,data/HMDB51_data/videos/sword_exercise/Samurai_Sword_Techniques_-_Samurai_Sword_Slashes_sword_exercise_f_nm_np2_fr_med_3.avi,45,8,100,4,45,True,True,0.3494119346141815,0.025867119897156954,0.0037413905083667487,1.0472668898291886,68,8,8,8,False,
hmdb51,val,samurai_training_sword_exercise_f_cm_np1_fr_med_1,data/HMDB51_data/videos/sword_exercise/samurai_training_sword_exercise_f_cm_np1_fr_med_1.avi,45,8,100,4,45,True,True,0.46833083033561707,0.03225176315754652,0.0037413905083667487,1.0190400430001318,92,8,8,8,False,
hmdb51,val,Eishin-Ryu_Iaido_sword_exercise_f_cm_np1_fr_bad_11,data/HMDB51_data/videos/sword_exercise/Eishin-Ryu_Iaido_sword_exercise_f_cm_np1_fr_bad_11.avi,45,8,100,4,45,True,True,0.4717823266983032,0.02144503779709339,0.0037413905083667487,0.9825144247151911,59,8,8,8,False,
hmdb51,val,samurai_training_sword_exercise_f_cm_np1_fr_med_2,data/HMDB51_data/videos/sword_exercise/samurai_training_sword_exercise_f_cm_np1_fr_med_2.avi,45,8,100,4,45,True,True,0.6371784806251526,0.05800348101183772,0.0037413905083667487,0.9584880759939551,199,8,8,8,False,
hmdb51,val,Sword_and_Targe_Solo_Exercises_sword_exercise_f_cm_np1_le_med_0,data/HMDB51_data/videos/sword_exercise/Sword_and_Targe_Solo_Exercises_sword_exercise_f_cm_np1_le_med_0.avi,45,8,100,4,45,True,True,0.49149587750434875,0.037730388808995485,0.0037413905083667487,0.8979109888896346,112,8,8,8,False,
hmdb51,val,VERGIL_(DEVIL_MAY_CRY)_swinging_his_sword_sword_exercise_f_cm_np1_fr_med_2,data/HMDB51_data/videos/sword_exercise/VERGIL_(DEVIL_MAY_CRY)_swinging_his_sword_sword_exercise_f_cm_np1_fr_med_2.avi,45,8,100,4,8,False,True,0.36207345128059387,0.025298304855823517,0.0037413905083667487,0.8583277221769094,85,8,8,8,False,
hmdb51,val,Kuroda_Sensei_Iai_do_sword_exercise_f_cm_np1_le_bad_3,data/HMDB51_data/videos/sword_exercise/Kuroda_Sensei_Iai_do_sword_exercise_f_cm_np1_le_bad_3.avi,45,8,100,4,45,True,True,0.43712931871414185,0.02418105024844408,0.0037413905083667487,0.8310578721575439,46,8,8,8,False,
hmdb51,val,Blade_Of_Fury_-_Scene_1_sword_exercise_f_cm_np1_fr_med_4,data/HMDB51_data/videos/sword_exercise/Blade_Of_Fury_-_Scene_1_sword_exercise_f_cm_np1_fr_med_4.avi,45,8,100,4,45,True,True,0.31767794489860535,0.037225720938295126,0.0037413905083667487,0.8051971197128296,115,8,8,8,False,
hmdb51,val,Eishin-Ryu_Iaido_sword_exercise_f_cm_np1_ri_bad_6,data/HMDB51_data/videos/sword_exercise/Eishin-Ryu_Iaido_sword_exercise_f_cm_np1_ri_bad_6.avi,45,8,100,4,45,True,True,0.5334263443946838,0.019440345000475645,0.0037413905083667487,0.7663176227360964,58,8,8,8,False,
hmdb51,val,Ghost_Dog_Sword_Swinging_Scene_sword_exercise_u_cm_np1_le_med_1,data/HMDB51_data/videos/sword_exercise/Ghost_Dog_Sword_Swinging_Scene_sword_exercise_u_cm_np1_le_med_1.avi,45,8,100,4,8,False,True,0.396264910697937,0.034810421988368034,0.0037413905083667487,0.744140675291419,87,8,8,8,False,
hmdb51,val,samurai_training_sword_exercise_f_cm_np1_fr_med_12,data/HMDB51_data/videos/sword_exercise/samurai_training_sword_exercise_f_cm_np1_fr_med_12.avi,45,8,100,4,45,True,True,0.2945108115673065,0.04686686210334301,0.0037413905083667487,0.7076408532448113,146,8,8,8,False,
hmdb51,val,prelinger_LetsPlay1949_talk_u_nm_np1_ri_med_2,data/HMDB51_data/videos/talk/prelinger_LetsPlay1949_talk_u_nm_np1_ri_med_2.avi,46,8,100,4,46,True,True,0.46185004711151123,0.04476694390177727,0.0037413905083667487,0.6584478970617056,133,8,8,8,False,
hmdb51,val,The_Matrix_Revolutions_5_talk_h_nm_np1_fr_goo_2,data/HMDB51_data/videos/talk/The_Matrix_Revolutions_5_talk_h_nm_np1_fr_goo_2.avi,46,8,100,4,10,False,True,0.3583507239818573,0.06163153983652592,0.0037413905083667487,0.6105069098994136,106,8,8,8,False,
hmdb51,val,jonhs_netfreemovies_holygrail_talk_h_cm_np1_ri_med_14,data/HMDB51_data/videos/talk/jonhs_netfreemovies_holygrail_talk_h_cm_np1_ri_med_14.avi,46,8,100,4,48,False,False,0.24653063714504242,0.06324252672493458,0.0037413905083667487,0.545229934155941,187,8,8,8,False,
hmdb51,val,Pirates_1_talk_h_nm_np1_fr_goo_2,data/HMDB51_data/videos/talk/Pirates_1_talk_h_nm_np1_fr_goo_2.avi,46,8,100,4,39,False,True,0.41289862990379333,0.04390962794423103,0.003808906811173074,1.866719382815063,119,8,8,8,False,
hmdb51,val,American_History_X_talk_u_nm_np1_fr_goo_21,data/HMDB51_data/videos/talk/American_History_X_talk_u_nm_np1_fr_goo_21.avi,46,8,100,4,46,True,True,0.1783304065465927,0.0362912118434906,0.003808906811173074,1.8200740227475762,117,8,8,8,False,
hmdb51,val,The_Fugitive_5_talk_h_nm_np1_fr_goo_10,data/HMDB51_data/videos/talk/The_Fugitive_5_talk_h_nm_np1_fr_goo_10.avi,46,8,100,4,46,True,True,0.14799492061138153,0.0291092861443758,0.003808906811173074,1.7821822874248028,67,8,8,8,False,
hmdb51,val,Prelinger_FamilyLi1949_talk_h_nm_np1_fr_goo_12,data/HMDB51_data/videos/talk/Prelinger_FamilyLi1949_talk_h_nm_np1_fr_goo_12.avi,46,8,100,4,46,True,True,0.54063880443573,0.06774592259898782,0.003808906811173074,1.7499848050065339,211,8,8,8,False,
hmdb51,val,prelinger_LetsPlay1949_talk_h_nm_np1_fr_goo_18,data/HMDB51_data/videos/talk/prelinger_LetsPlay1949_talk_h_nm_np1_fr_goo_18.avi,46,8,100,4,46,True,True,0.7329621315002441,0.05206878995522857,0.003808906811173074,1.679815114941448,160,8,8,8,False,
hmdb51,val,Pirates_7_talk_u_nm_np1_fr_med_5,data/HMDB51_data/videos/talk/Pirates_7_talk_u_nm_np1_fr_med_5.avi,46,8,100,4,46,True,True,0.24937061965465546,0.039333692751824856,0.003808906811173074,1.6264195619150996,102,8,8,8,False,
hmdb51,val,Prelinger_FamilyLi1949_talk_h_nm_np1_fr_goo_11,data/HMDB51_data/videos/talk/Prelinger_FamilyLi1949_talk_h_nm_np1_fr_goo_11.avi,46,8,100,4,46,True,True,0.4395063817501068,0.0881927702575922,0.003808906811173074,1.5836977371945977,262,8,8,8,False,
hmdb51,val,Return_of_the_King_3_talk_h_nm_np1_fr_goo_2,data/HMDB51_data/videos/talk/Return_of_the_King_3_talk_h_nm_np1_fr_goo_2.avi,46,8,100,4,46,True,True,0.3969529867172241,0.050273231230676174,0.003808906811173074,1.4916454488411546,125,8,8,8,False,
hmdb51,val,The_Fugitive_3_talk_u_nm_np1_fr_med_5,data/HMDB51_data/videos/talk/The_Fugitive_3_talk_u_nm_np1_fr_med_5.avi,46,8,100,4,49,False,True,0.15675564110279083,0.06556655606254935,0.003808906811173074,1.4371545328758657,215,8,8,8,False,
hmdb51,val,Prelinger_FamilyLi1949_talk_h_nm_np1_fr_goo_19,data/HMDB51_data/videos/talk/Prelinger_FamilyLi1949_talk_h_nm_np1_fr_goo_19.avi,46,8,100,4,46,True,True,0.5067652463912964,0.04376174695789814,0.003808906811173074,1.3685037470422685,109,8,8,8,False,
hmdb51,val,Prelinger_FamilyLi1949_talk_h_nm_np1_fr_goo_2,data/HMDB51_data/videos/talk/Prelinger_FamilyLi1949_talk_h_nm_np1_fr_goo_2.avi,46,8,100,4,46,True,True,0.5366982817649841,0.033827037550508976,0.003808906811173074,1.3208917118608952,94,8,8,8,False,
hmdb51,val,Return_of_the_King_2_talk_h_cm_np1_fr_goo_6,data/HMDB51_data/videos/talk/Return_of_the_King_2_talk_h_cm_np1_fr_goo_6.avi,46,8,100,4,46,True,True,0.5131332278251648,0.04699700232595205,0.003808906811173074,1.2831807169131935,162,8,8,8,False,
hmdb51,val,Fellowship_2_talk_h_nm_np1_fr_bad_6,data/HMDB51_data/videos/talk/Fellowship_2_talk_h_nm_np1_fr_bad_6.avi,46,8,100,4,46,True,True,0.14539237320423126,0.04891581181436777,0.003808906811173074,1.232717317994684,168,8,8,8,False,
hmdb51,val,prelinger_LetsPlay1949_talk_h_nm_np1_fr_goo_26,data/HMDB51_data/videos/talk/prelinger_LetsPlay1949_talk_h_nm_np1_fr_goo_26.avi,46,8,100,4,39,False,True,0.37013763189315796,0.05836251378059387,0.003808906811173074,1.1812726249918342,187,8,8,8,False,
hmdb51,val,veoh_harold_and_kumar_talk_u_cm_np1_fr_goo_16,data/HMDB51_data/videos/talk/veoh_harold_and_kumar_talk_u_cm_np1_fr_goo_16.avi,46,8,100,4,46,True,True,0.48531463742256165,0.04317587520927191,0.003808906811173074,1.1200170237571,121,8,8,8,False,
hmdb51,val,KnifeThrowingJackDaggerDemoReel_throw_u_cm_np1_ba_med_6,data/HMDB51_data/videos/throw/KnifeThrowingJackDaggerDemoReel_throw_u_cm_np1_ba_med_6.avi,47,8,100,4,36,False,True,0.37790119647979736,0.024481383617967367,0.003808906811173074,1.0747655341401696,49,8,8,8,False,
hmdb51,val,Knifethrowing1_throw_u_cm_np1_le_med_0,data/HMDB51_data/videos/throw/Knifethrowing1_throw_u_cm_np1_le_med_0.avi,47,8,100,4,13,False,False,0.35933953523635864,0.027066668029874563,0.003808906811173074,1.0475469627417624,37,8,8,8,False,
hmdb51,val,Compilationknifethrowing_throw_u_nm_np1_ba_med_19,data/HMDB51_data/videos/throw/Compilationknifethrowing_throw_u_nm_np1_ba_med_19.avi,47,8,100,4,47,True,True,0.4924962520599365,0.033901038113981485,0.003808906811173074,1.0178646151907742,111,8,8,8,False,
hmdb51,val,Webbpitching0045-8-08_throw_f_cm_np1_ba_med_2,data/HMDB51_data/videos/throw/Webbpitching0045-8-08_throw_f_cm_np1_ba_med_2.avi,47,8,100,4,43,False,True,0.4069085121154785,0.05036902707070112,0.003808906811173074,0.9811362819746137,189,8,8,8,False,
hmdb51,val,KnifeThrowing_throw_f_nm_np1_le_med_3,data/HMDB51_data/videos/throw/KnifeThrowing_throw_f_nm_np1_le_med_3.avi,47,8,100,4,43,False,True,0.18828819692134857,0.0233157342299819,0.003808906811173074,0.9283231971785426,80,8,8,8,False,
hmdb51,val,amazingballthrowingtricks_throw_f_cm_np1_ri_med_1,data/HMDB51_data/videos/throw/amazingballthrowingtricks_throw_f_cm_np1_ri_med_1.avi,47,8,100,4,17,False,False,0.33879974484443665,0.02878759289160371,0.003808906811173074,0.9029792412184179,81,8,8,8,False,
hmdb51,val,Compilationknifethrowing_throw_u_nm_np1_ba_med_12,data/HMDB51_data/videos/throw/Compilationknifethrowing_throw_u_nm_np1_ba_med_12.avi,47,8,100,4,47,True,True,0.774314284324646,0.024865765124559402,0.003808906811173074,0.8712711869738996,81,8,8,8,False,
hmdb51,val,APOCALYPTO_throw_f_nm_np1_fr_med_1,data/HMDB51_data/videos/throw/APOCALYPTO_throw_f_nm_np1_fr_med_1.avi,47,8,100,4,48,False,False,0.21183668076992035,0.028223956935107708,0.003808906811173074,0.8439509840682149,55,8,8,8,False,
hmdb51,val,AboutABoy_throw_f_nm_np1_ba_med_2,data/HMDB51_data/videos/throw/AboutABoy_throw_f_nm_np1_ba_med_2.avi,47,8,100,4,49,False,False,0.7095255255699158,0.040722598787397146,0.003808906811173074,0.8134696427732706,80,8,8,8,False,
hmdb51,val,Knifethrowing4knivestogethernospin_throw_f_nm_np1_ri_med_1,data/HMDB51_data/videos/throw/Knifethrowing4knivestogethernospin_throw_f_nm_np1_ri_med_1.avi,47,8,100,4,17,False,True,0.32770493626594543,0.027790027670562267,0.003808906811173074,0.7682205867022276,81,8,8,8,False,
hmdb51,val,KUNG_FU_HUSTLE_throw_u_cm_np1_fr_med_1,data/HMDB51_data/videos/throw/KUNG_FU_HUSTLE_throw_u_cm_np1_fr_med_1.avi,47,8,100,4,49,False,False,0.5483441948890686,0.02939742198213935,0.003808906811173074,0.7368914321996272,48,8,8,8,False,
hmdb51,val,Compilationknifethrowing_throw_u_nm_np1_ba_med_6,data/HMDB51_data/videos/throw/Compilationknifethrowing_throw_u_nm_np1_ba_med_6.avi,47,8,100,4,47,True,True,0.7287999987602234,0.033392421901226044,0.003808906811173074,0.7040540361776948,96,8,8,8,False,
hmdb51,val,amazingballthrowingtricks_throw_u_cm_np1_fr_med_3,data/HMDB51_data/videos/throw/amazingballthrowingtricks_throw_u_cm_np1_fr_med_3.avi,47,8,100,4,17,False,False,0.28303763270378113,0.02713655587285757,0.003808906811173074,0.6667903130874038,80,8,8,8,False,
hmdb51,val,Webbpitching0045-8-08_throw_f_cm_np1_ba_med_7,data/HMDB51_data/videos/throw/Webbpitching0045-8-08_throw_f_cm_np1_ba_med_7.avi,47,8,100,4,47,True,True,0.227458655834198,0.039446353912353516,0.003808906811173074,0.6359696136787534,132,8,8,8,False,
hmdb51,val,LittleChildren_throw_u_nm_np1_fr_med_8,data/HMDB51_data/videos/throw/LittleChildren_throw_u_nm_np1_fr_med_8.avi,47,8,100,4,48,False,False,0.28937840461730957,0.04118879372254014,0.003808906811173074,0.5922034331597388,79,8,8,8,False,
hmdb51,val,AgentCodyBanks_turn_h_nm_np1_le_med_3,data/HMDB51_data/videos/turn/AgentCodyBanks_turn_h_nm_np1_le_med_3.avi,48,8,100,4,46,False,False,0.2756437063217163,0.029091026168316603,0.003808906811173074,0.5473847268149257,64,8,8,8,False,
hmdb51,val,Veoh_Alpha_Dog_1_turn_u_nm_np1_le_med_19,data/HMDB51_data/videos/turn/Veoh_Alpha_Dog_1_turn_u_nm_np1_le_med_19.avi,48,8,100,4,48,True,True,0.4249074459075928,0.029684961307793856,0.003808906811173074,0.5149007239378989,55,8,8,8,False,
hmdb51,val,LONGESTYARD_turn_u_cm_np1_ba_med_0,data/HMDB51_data/videos/turn/LONGESTYARD_turn_u_cm_np1_ba_med_0.avi,48,8,100,4,48,True,True,0.29114067554473877,0.03128460329025984,0.0038235731626627967,1.5659794216044247,50,8,8,8,False,
hmdb51,val,happy_go_lovely_turn_u_nm_np1_fr_med_12,data/HMDB51_data/videos/turn/happy_go_lovely_turn_u_nm_np1_fr_med_12.avi,48,8,100,4,49,False,True,0.24802660942077637,0.018045684788376093,0.0038235731626627967,1.5315763452090323,52,8,8,8,False,
hmdb51,val,Veoh_Alpha_Dog_2_turn_h_nm_np1_ba_med_7,data/HMDB51_data/videos/turn/Veoh_Alpha_Dog_2_turn_h_nm_np1_ba_med_7.avi,48,8,100,4,49,False,True,0.39072829484939575,0.030702678952366114,0.0038235731626627967,1.512399461120367,49,8,8,8,False,
hmdb51,val,The_Fugitive_6_turn_u_cm_np1_le_goo_8,data/HMDB51_data/videos/turn/The_Fugitive_6_turn_u_cm_np1_le_goo_8.avi,48,8,100,4,10,False,True,0.2717932462692261,0.03568293899297714,0.0038235731626627967,1.4792940709739923,92,8,8,8,False,
hmdb51,val,Pirates_2_turn_h_cm_np1_fr_goo_2,data/HMDB51_data/videos/turn/Pirates_2_turn_h_cm_np1_fr_goo_2.avi,48,8,100,4,48,True,True,0.22727841138839722,0.022148930002003908,0.0038235731626627967,1.4400691660121083,36,8,8,8,False,
hmdb51,val,The_Fugitive_2_turn_h_nm_np1_le_goo_3,data/HMDB51_data/videos/turn/The_Fugitive_2_turn_h_nm_np1_le_goo_3.avi,48,8,100,4,10,False,False,0.2264607548713684,0.02201509103178978,0.0038235731626627967,1.414197607897222,55,8,8,8,False,
hmdb51,val,A_Beautiful_Mind_1_turn_u_cm_np1_ri_goo_9,data/HMDB51_data/videos/turn/A_Beautiful_Mind_1_turn_u_cm_np1_ri_goo_9.avi,48,8,100,4,49,False,True,0.5323910117149353,0.029301576782017946,0.0038235731626627967,1.3889493709430099,80,8,8,8,False,
hmdb51,val,The_Fugitive_2_turn_u_cm_np1_fr_med_10,data/HMDB51_data/videos/turn/The_Fugitive_2_turn_u_cm_np1_fr_med_10.avi,48,8,100,4,48,True,True,0.40047770738601685,0.025558950379490852,0.0038235731626627967,1.3557765022851527,54,8,8,8,False,
hmdb51,val,Sixthsense_turn_f_nm_np1_ba_med_6,data/HMDB51_data/videos/turn/Sixthsense_turn_f_nm_np1_ba_med_6.avi,48,8,100,4,49,False,True,0.8715450167655945,0.036240617744624615,0.0038235731626627967,1.3286172016523778,103,8,8,8,False,
hmdb51,val,Oceans12_turn_u_nm_np1_fr_med_14,data/HMDB51_data/videos/turn/Oceans12_turn_u_nm_np1_fr_med_14.avi,48,8,100,4,46,False,True,0.24704107642173767,0.030173697043210268,0.0038235731626627967,1.2897545020096004,76,8,8,8,False,
hmdb51,val,AgentCodyBanks_turn_u_nm_np1_ba_med_1,data/HMDB51_data/videos/turn/AgentCodyBanks_turn_u_nm_np1_ba_med_1.avi,48,8,100,4,49,False,True,0.6512988209724426,0.03211321076378226,0.0038235731626627967,1.2569741429761052,48,8,8,8,False,
hmdb51,val,OldSchool_turn_f_cm_np1_ba_med_16,data/HMDB51_data/videos/turn/OldSchool_turn_f_cm_np1_ba_med_16.avi,48,8,100,4,48,True,True,0.47591444849967957,0.025144288316369057,0.0038235731626627967,1.2217768849804997,48,8,8,8,False,
hmdb51,val,The_Fugitive_4_turn_u_cm_np1_fr_med_3,data/HMDB51_data/videos/turn/The_Fugitive_4_turn_u_cm_np1_fr_med_3.avi,48,8,100,4,48,True,True,0.469539612531662,0.018111204262822866,0.0038235731626627967,1.1948131513781846,41,8,8,8,False,
hmdb51,val,Man_Who_Cheated_Himself_512kb_turn_u_nm_np1_fr_med_9,data/HMDB51_data/videos/turn/Man_Who_Cheated_Himself_512kb_turn_u_nm_np1_fr_med_9.avi,48,8,100,4,49,False,True,0.6861787438392639,0.024696107022464275,0.0038235731626627967,1.1747156088240445,76,8,8,8,False,
hmdb51,val,SweeneyTodd_turn_h_cm_np1_fr_goo_36,data/HMDB51_data/videos/turn/SweeneyTodd_turn_h_cm_np1_fr_goo_36.avi,48,8,100,4,48,True,True,0.348660409450531,0.0235526361502707,0.0038235731626627967,1.146742801181972,48,8,8,8,False,
hmdb51,val,Man_Who_Cheated_Himself_512kb_turn_u_nm_np1_fr_med_10,data/HMDB51_data/videos/turn/Man_Who_Cheated_Himself_512kb_turn_u_nm_np1_fr_med_10.avi,48,8,100,4,49,False,True,0.2354767620563507,0.024061792995780706,0.0038235731626627967,1.120432065334171,79,8,8,8,False,
hmdb51,val,Oceans13_turn_h_cm_np1_fr_goo_10,data/HMDB51_data/videos/turn/Oceans13_turn_h_cm_np1_fr_goo_10.avi,48,8,100,4,48,True,True,0.40499475598335266,0.0412500100210309,0.0038235731626627967,1.094141555018723,78,8,8,8,False,
hmdb51,val,The_Fugitive_2_turn_u_nm_np1_ba_goo_18,data/HMDB51_data/videos/turn/The_Fugitive_2_turn_u_nm_np1_ba_goo_18.avi,48,8,100,4,10,False,True,0.39343711733818054,0.026280463207513094,0.0038235731626627967,1.0506147779524326,55,8,8,8,False,
hmdb51,val,NOVA_ELEGANTUNIVERSE1_walk_f_nm_np1_le_med_3,data/HMDB51_data/videos/walk/NOVA_ELEGANTUNIVERSE1_walk_f_nm_np1_le_med_3.avi,49,8,100,4,49,True,True,0.36259931325912476,0.03550974000245333,0.0038235731626627967,1.0221094409935176,109,8,8,8,False,
hmdb51,val,TheLittleShopofHorrors_walk_u_cm_np1_ri_med_1,data/HMDB51_data/videos/walk/TheLittleShopofHorrors_walk_u_cm_np1_ri_med_1.avi,49,8,100,4,49,True,True,0.6167556643486023,0.026046501006931067,0.0038235731626627967,0.9835774460807443,53,8,8,8,False,
hmdb51,val,Return_of_the_King_5_walk_f_nm_np1_ba_med_1,data/HMDB51_data/videos/walk/Return_of_the_King_5_walk_f_nm_np1_ba_med_1.avi,49,8,100,4,49,True,True,0.8570049405097961,0.04273676918819547,0.0038235731626627967,0.9545459616929293,134,8,8,8,False,
hmdb51,val,TheBoondockSaints_walk_u_cm_np1_ri_med_50,data/HMDB51_data/videos/walk/TheBoondockSaints_walk_u_cm_np1_ri_med_50.avi,49,8,100,4,49,True,True,0.671004056930542,0.05206361226737499,0.0038235731626627967,0.909520585089922,132,8,8,8,False,
hmdb51,val,TheLittleShopofHorrors_walk_f_nm_np1_ri_med_5,data/HMDB51_data/videos/walk/TheLittleShopofHorrors_walk_f_nm_np1_ri_med_5.avi,49,8,100,4,28,False,True,0.40377530455589294,0.024766040965914726,0.0038235731626627967,0.8551379381678998,76,8,8,8,False,
hmdb51,val,AgentCodyBanks_walk_f_nm_np1_fr_med_17,data/HMDB51_data/videos/walk/AgentCodyBanks_walk_f_nm_np1_fr_med_17.avi,49,8,100,4,19,False,True,0.20387887954711914,0.03633465198799968,0.0038235731626627967,0.8291070377454162,69,8,8,8,False,
hmdb51,val,The_House_on_Haunted_Hill_walk_f_cm_np1_fr_med_18,data/HMDB51_data/videos/walk/The_House_on_Haunted_Hill_walk_f_cm_np1_fr_med_18.avi,49,8,100,4,49,True,True,0.7554882764816284,0.02502005221322179,0.0038235731626627967,0.7902985508553684,80,8,8,8,False,
hmdb51,val,The_Departed_-_Part_2_walk_u_cm_np1_fr_bad_5,data/HMDB51_data/videos/walk/The_Departed_-_Part_2_walk_u_cm_np1_fr_bad_5.avi,49,8,100,4,49,True,True,0.6077495813369751,0.04283116711303592,0.0038235731626627967,0.7633515489287674,107,8,8,8,False,
hmdb51,val,TheBoondockSaints_walk_u_cm_np1_le_med_25,data/HMDB51_data/videos/walk/TheBoondockSaints_walk_u_cm_np1_le_med_25.avi,49,8,100,4,49,True,True,0.8501470685005188,0.027399590238928795,0.0038235731626627967,0.7179350149817765,49,8,8,8,False,
hmdb51,val,AmericanGangster_walk_f_nm_np1_ba_med_30,data/HMDB51_data/videos/walk/AmericanGangster_walk_f_nm_np1_ba_med_30.avi,49,8,100,4,49,True,True,0.8219417929649353,0.03555657295510173,0.0038235731626627967,0.688027661293745,79,8,8,8,False,
hmdb51,val,CastAway1_walk_f_nm_np1_fr_med_12,data/HMDB51_data/videos/walk/CastAway1_walk_f_nm_np1_fr_med_12.avi,49,8,100,4,49,True,True,0.6090369820594788,0.044639538042247295,0.0038235731626627967,0.6502799582667649,134,8,8,8,False,
hmdb51,val,CharlieAndTheChocolateFactory_walk_f_cm_np1_fr_med_14,data/HMDB51_data/videos/walk/CharlieAndTheChocolateFactory_walk_f_cm_np1_fr_med_14.avi,49,8,100,4,49,True,True,0.700996994972229,0.03450104780495167,0.0038235731626627967,0.6031381096690893,83,8,8,8,False,
hmdb51,val,Oceans12_walk_u_cm_np1_fr_med_5,data/HMDB51_data/videos/walk/Oceans12_walk_u_cm_np1_fr_med_5.avi,49,8,100,4,49,True,True,0.28733035922050476,0.024152960162609816,0.0038235731626627967,0.5648839338682592,53,8,8,8,False,
hmdb51,val,Narcotic19672256kb_walk_f_cm_np1_ri_med_1,data/HMDB51_data/videos/walk/Narcotic19672256kb_walk_f_cm_np1_ri_med_1.avi,49,8,100,4,49,True,True,0.5719375610351562,0.05201959516853094,0.0038235731626627967,0.5366767742671072,135,8,8,8,False,
hmdb51,val,IamLegend_walk_l_nm_np1_ba_med_5,data/HMDB51_data/videos/walk/IamLegend_walk_l_nm_np1_ba_med_5.avi,49,8,100,4,49,True,True,0.712809145450592,0.05776088358834386,0.004862061989981504,1.18015839997679,135,8,8,8,False,
hmdb51,val,EverythingisIlluminated_walk_f_nm_np1_le_med_0,data/HMDB51_data/videos/walk/EverythingisIlluminated_walk_f_nm_np1_le_med_0.avi,49,8,100,4,49,True,True,0.29811424016952515,0.035540806129574776,0.004862061989981504,1.1196885597892106,103,8,8,8,False,
hmdb51,val,NOVA_ELEGANTUNIVERSE1_walk_u_nm_np1_fr_bad_1,data/HMDB51_data/videos/walk/NOVA_ELEGANTUNIVERSE1_walk_u_nm_np1_fr_bad_1.avi,49,8,100,4,49,True,True,0.36346110701560974,0.02969931811094284,0.004862061989981504,1.0814017122611403,105,8,8,8,False,
hmdb51,val,Hitch_Part_2_walk_h_cm_np1_fr_med_3,data/HMDB51_data/videos/walk/Hitch_Part_2_walk_h_cm_np1_fr_med_3.avi,49,8,100,4,49,True,True,0.723304033279419,0.03553489688783884,0.004862061989981504,1.0497990362346172,77,8,8,8,False,
hmdb51,val,Prelinger_LetYours1940_walk_u_cm_np2_ba_med_3,data/HMDB51_data/videos/walk/Prelinger_LetYours1940_walk_u_cm_np2_ba_med_3.avi,49,8,100,4,49,True,True,0.8535434603691101,0.03224759362637997,0.004862061989981504,1.012488021980971,103,8,8,8,False,
hmdb51,val,HP_PRISONER_OF_AZKABAN_walk_f_cm_np1_ri_med_2,data/HMDB51_data/videos/walk/HP_PRISONER_OF_AZKABAN_walk_f_cm_np1_ri_med_2.avi,49,8,100,4,49,True,True,0.7707046270370483,0.024098010268062353,0.004862061989981504,0.978298197966069,49,8,8,8,False,
hmdb51,val,50_FIRST_DATES_wave_u_cm_np1_fr_goo_30,data/HMDB51_data/videos/wave/50_FIRST_DATES_wave_u_cm_np1_fr_goo_30.avi,50,8,100,4,36,False,False,0.1561741828918457,0.027409360744059086,0.004862061989981504,0.9520662222057581,54,8,8,8,False,
hmdb51,val,TrumanShow_wave_u_nm_np1_fr_med_0,data/HMDB51_data/videos/wave/TrumanShow_wave_u_nm_np1_fr_med_0.avi,50,8,100,4,49,False,False,0.4065699875354767,0.03831724124029279,0.004862061989981504,0.9220935460180044,73,8,8,8,False,
hmdb51,val,Song_I_Can_Wave_My_Hands_-_Cullen_s_Abc_s_wave_u_cm_np1_fr_med_1,data/HMDB51_data/videos/wave/Song_I_Can_Wave_My_Hands_-_Cullen_s_Abc_s_wave_u_cm_np1_fr_med_1.avi,50,8,100,4,4,False,True,0.7885880470275879,0.024627444799989462,0.004862061989981504,0.8798724832013249,80,8,8,8,False,
hmdb51,val,Bubble_Gum_Club_2_wave_h_nm_np2_fr_med_0,data/HMDB51_data/videos/wave/Bubble_Gum_Club_2_wave_h_nm_np2_fr_med_0.avi,50,8,100,4,3,False,False,0.48674702644348145,0.023382903076708317,0.004862061989981504,0.8529569781385362,79,8,8,8,False,
hmdb51,val,Abschieds-winken_!!!!!!_Gruss_Guido_wave_u_cm_np1_fr_bad_1,data/HMDB51_data/videos/wave/Abschieds-winken_!!!!!!_Gruss_Guido_wave_u_cm_np1_fr_bad_1.avi,50,8,100,4,4,False,True,0.29290682077407837,0.042696365155279636,0.004862061989981504,0.8276192070916295,111,8,8,8,False,
hmdb51,val,L_cheln_Und_Winken_wave_h_cm_np1_fr_med_1,data/HMDB51_data/videos/wave/L_cheln_Und_Winken_wave_h_cm_np1_fr_med_1.avi,50,8,100,4,39,False,False,0.39743179082870483,0.018456693273037672,0.004862061989981504,0.7827536826953292,51,8,8,8,False,
hmdb51,val,RATRACE_wave_f_nm_np1_fr_goo_37,data/HMDB51_data/videos/wave/RATRACE_wave_f_nm_np1_fr_goo_37.avi,50,8,100,4,46,False,True,0.31146863102912903,0.03468813095241785,0.004862061989981504,0.761593749281019,73,8,8,8,False,
hmdb51,val,RATRACE_wave_u_cm_np1_fr_med_6,data/HMDB51_data/videos/wave/RATRACE_wave_u_cm_np1_fr_med_6.avi,50,8,100,4,49,False,True,0.515504777431488,0.026495827827602625,0.004862061989981504,0.723421891219914,50,8,8,8,False,
hmdb51,val,prelinger_LetsBeGo1953_wave_u_cm_np10_ba_med_2,data/HMDB51_data/videos/wave/prelinger_LetsBeGo1953_wave_u_cm_np10_ba_med_2.avi,50,8,100,4,49,False,False,0.6282801628112793,0.03763593127951026,0.004862061989981504,0.6931859580799937,106,8,8,8,False,
hmdb51,val,OldSchool_wave_f_cm_np1_fr_med_13,data/HMDB51_data/videos/wave/OldSchool_wave_f_cm_np1_fr_med_13.avi,50,8,100,4,49,False,False,0.7814140319824219,0.026214106008410454,0.004862061989981504,0.6515522319823503,49,8,8,8,False,
hmdb51,val,Bush_Wave_vs__Obama_Wave_and_Which_Commander-in-chief_Salutes_the_Best__You_Decide_wave_u_cm_np1_fr_med_2,data/HMDB51_data/videos/wave/Bush_Wave_vs__Obama_Wave_and_Which_Commander-in-chief_Salutes_the_Best__You_Decide_wave_u_cm_np1_fr_med_2.avi,50,8,100,4,33,False,True,0.28046905994415283,0.03215292701497674,0.004862061989981504,0.6220432999543846,99,8,8,8,False,
hmdb51,val,BIG_FISH_wave_u_nm_np1_fr_goo_9,data/HMDB51_data/videos/wave/BIG_FISH_wave_u_nm_np1_fr_goo_9.avi,50,8,100,4,48,False,True,0.3677356541156769,0.03313553938642144,0.004862061989981504,0.5882462682202458,57,8,8,8,False,
hmdb51,val,EVOLUTION_wave_u_cm_np1_fr_med_4,data/HMDB51_data/videos/wave/EVOLUTION_wave_u_cm_np1_fr_med_4.avi,50,8,100,4,49,False,True,0.4079057574272156,0.044073504861444235,0.004862061989981504,0.5525734759867191,83,8,8,8,False,
hmdb51,val,Poldi_beim_Spiel_Deutschland_Schweden_16_8_wave_u_cm_np1_ri_med_0,data/HMDB51_data/videos/wave/Poldi_beim_Spiel_Deutschland_Schweden_16_8_wave_u_cm_np1_ri_med_0.avi,50,8,100,4,33,False,True,0.3758983314037323,0.02994547877460718,0.004862061989981504,0.5045898552052677,80,8,8,8,False,
hmdb51,val,Bush_Wave_vs__Obama_Wave_and_Which_Commander-in-chief_Salutes_the_Best__You_Decide_wave_u_cm_np1_fr_med_0,data/HMDB51_data/videos/wave/Bush_Wave_vs__Obama_Wave_and_Which_Commander-in-chief_Salutes_the_Best__You_Decide_wave_u_cm_np1_fr_med_0.avi,50,8,100,4,33,False,True,0.18957112729549408,0.06650966079905629,0.004862061989981504,0.47269141068682075,206,8,8,8,False,
