dataset,split,video_id,video_path,label_id,budget,coverage,stride,pred_id,correct_top1,correct_top5,confidence,decode_time_s,inference_time_s,total_time_s,source_frames,candidate_frames,processed_frames,model_input_frames,skipped,error
hmdb51,val,Lektion_3__-_Das_Haare_b_rsten_brush_hair_h_nm_np1_fr_med_2,data/HMDB51_data/videos/brush_hair/Lektion_3__-_Das_Haare_b_rsten_brush_hair_h_nm_np1_fr_med_2.avi,0,8,50,8,0,True,True,0.6029408574104309,0.07227498572319746,0.00372873769083526,1.656701591797173,370,8,8,8,False,
hmdb51,val,April_09_brush_hair_u_nm_np1_ba_goo_0,data/HMDB51_data/videos/brush_hair/April_09_brush_hair_u_nm_np1_ba_goo_0.avi,0,8,50,8,0,True,True,0.8658503890037537,0.058324521873146296,0.00372873769083526,1.5815226580016315,409,8,8,8,False,
hmdb51,val,Prelinger_HabitPat1954_brush_hair_u_cm_np1_le_med_10,data/HMDB51_data/videos/brush_hair/Prelinger_HabitPat1954_brush_hair_u_cm_np1_le_med_10.avi,0,8,50,8,37,False,False,0.18652135133743286,0.04411615710705519,0.00372873769083526,1.5198586122132838,276,8,8,8,False,
hmdb51,val,me_brushing_my_hair_lol_i_was_being_silly_brush_hair_u_nm_np1_ri_goo_3,data/HMDB51_data/videos/brush_hair/me_brushing_my_hair_lol_i_was_being_silly_brush_hair_u_nm_np1_ri_goo_3.avi,0,8,50,8,0,True,True,0.8757590055465698,0.05973148066550493,0.00372873769083526,1.4731566640548408,382,8,8,8,False,
hmdb51,val,red_head_brush_hair_u_cm_np1_le_goo_2,data/HMDB51_data/videos/brush_hair/red_head_brush_hair_u_cm_np1_le_goo_2.avi,0,8,50,8,4,False,True,0.3081175684928894,0.0365235460922122,0.00372873769083526,1.4103402849286795,185,8,8,8,False,
hmdb51,val,Brushing_Her_Hair__[_NEW_AUDIO_]_UPDATED!!!!_brush_hair_h_cm_np1_le_goo_3,data/HMDB51_data/videos/brush_hair/Brushing_Her_Hair__[_NEW_AUDIO_]_UPDATED!!!!_brush_hair_h_cm_np1_le_goo_3.avi,0,8,50,8,0,True,True,0.3315468430519104,0.022077844943851233,0.00372873769083526,1.3712516441009939,105,7,8,8,False,
hmdb51,val,brushing_raychel_s_hair_brush_hair_u_cm_np2_ri_goo_2,data/HMDB51_data/videos/brush_hair/brushing_raychel_s_hair_brush_hair_u_cm_np2_ri_goo_2.avi,0,8,50,8,23,False,True,0.6601014733314514,0.04214954376220703,0.00372873769083526,1.3456320730037987,276,8,8,8,False,
hmdb51,val,red_head_brush_hair_u_cm_np1_ba_goo_0,data/HMDB51_data/videos/brush_hair/red_head_brush_hair_u_cm_np1_ba_goo_0.avi,0,8,50,8,0,True,True,0.5744146704673767,0.04689871007576585,0.00372873769083526,1.301372803747654,277,8,8,8,False,
hmdb51,val,Slave_brush_my_hair_brush_hair_u_cm_np2_le_goo_2,data/HMDB51_data/videos/brush_hair/Slave_brush_my_hair_brush_hair_u_cm_np2_le_goo_2.avi,0,8,50,8,4,False,True,0.3745804727077484,0.06346422480419278,0.00372873769083526,1.2520409161224961,348,8,8,8,False,
hmdb51,val,Brushing_hair__the_right_way_brush_hair_u_nm_np1_fr_goo_1,data/HMDB51_data/videos/brush_hair/Brushing_hair__the_right_way_brush_hair_u_nm_np1_fr_goo_1.avi,0,8,50,8,0,True,True,0.7672777771949768,0.039136205799877644,0.00372873769083526,1.1831531669013202,228,8,8,8,False,
hmdb51,val,brush_my_hair_without_wearing_the_glasses_brush_hair_u_nm_np1_fr_goo_0,data/HMDB51_data/videos/brush_hair/brush_my_hair_without_wearing_the_glasses_brush_hair_u_nm_np1_fr_goo_0.avi,0,8,50,8,0,True,True,0.7589890956878662,0.07093357900157571,0.00372873769083526,1.1403312287293375,456,8,8,8,False,
hmdb51,val,can_somebody_just_brush_my_hair!_brush_hair_u_cm_np2_ri_med_0,data/HMDB51_data/videos/brush_hair/can_somebody_just_brush_my_hair!_brush_hair_u_cm_np2_ri_med_0.avi,0,8,50,8,0,True,True,0.43215441703796387,0.06342241633683443,0.00372873769083526,1.0673827840946615,382,8,8,8,False,
hmdb51,val,indianrapunzels_com---silky_long_hair_brushing_brush_hair_u_cm_np2_ri_goo_1,data/HMDB51_data/videos/brush_hair/indianrapunzels_com---silky_long_hair_brushing_brush_hair_u_cm_np2_ri_goo_1.avi,0,8,50,8,35,False,False,0.7035229802131653,0.06064891489222646,0.00372873769083526,1.001052061561495,307,8,8,8,False,
hmdb51,val,Haarek_mmen_brush_hair_h_cm_np1_fr_goo_0,data/HMDB51_data/videos/brush_hair/Haarek_mmen_brush_hair_h_cm_np1_fr_goo_0.avi,0,8,50,8,17,False,False,0.15606385469436646,0.054490587674081326,0.00372873769083526,0.9372360832057893,411,8,8,8,False,
hmdb51,val,brushing_jrs_hair_brush_hair_u_cm_np2_le_goo_1,data/HMDB51_data/videos/brush_hair/brushing_jrs_hair_brush_hair_u_cm_np2_le_goo_1.avi,0,8,50,8,0,True,True,0.4951883852481842,0.05083902599290013,0.00372873769083526,0.8796418909914792,282,8,8,8,False,
hmdb51,val,Brushing_Her_Hair__[_NEW_AUDIO_]_UPDATED!!!!_brush_hair_h_cm_np1_le_goo_1,data/HMDB51_data/videos/brush_hair/Brushing_Her_Hair__[_NEW_AUDIO_]_UPDATED!!!!_brush_hair_h_cm_np1_le_goo_1.avi,0,8,50,8,0,True,True,0.8034266829490662,0.02536232676357031,0.00372873769083526,0.8262236476875842,144,8,8,8,False,
hmdb51,val,Beim_Radschlag_Hose_gerissen_(Nick)_xD_cartwheel_f_cm_np1_ri_med_0,data/HMDB51_data/videos/cartwheel/Beim_Radschlag_Hose_gerissen_(Nick)_xD_cartwheel_f_cm_np1_ri_med_0.avi,1,8,50,8,16,False,True,0.32992228865623474,0.0161365307867527,0.00372873769083526,0.7988237831741571,80,5,8,8,False,
hmdb51,val,Jessica_and_Gregs_Cartwheel_Competition_cartwheel_f_cm_np1_ri_med_2,data/HMDB51_data/videos/cartwheel/Jessica_and_Gregs_Cartwheel_Competition_cartwheel_f_cm_np1_ri_med_2.avi,1,8,50,8,16,False,True,0.2808728516101837,0.019064684864133596,0.00372873769083526,0.7798331789672375,81,5,8,8,False,
hmdb51,val,CarTwHeeL_PerFecT_cartwheel_f_cm_np1_le_med_0,data/HMDB51_data/videos/cartwheel/CarTwHeeL_PerFecT_cartwheel_f_cm_np1_le_med_0.avi,1,8,50,8,16,False,False,0.19871382415294647,0.018697530962526798,0.00372873769083526,0.7578081469982862,89,6,8,8,False,
hmdb51,val,Gymnastics__-_Steps_to_Do_a_Cartwheel_cartwheel_f_nm_np1_le_med_0,data/HMDB51_data/videos/cartwheel/Gymnastics__-_Steps_to_Do_a_Cartwheel_cartwheel_f_nm_np1_le_med_0.avi,1,8,50,8,16,False,True,0.4690876305103302,0.022106161806732416,0.00372873769083526,0.7365874103270471,112,7,8,8,False,
hmdb51,val,Cartwheel_Contest_cartwheel_f_cm_np1_fr_med_4,data/HMDB51_data/videos/cartwheel/Cartwheel_Contest_cartwheel_f_cm_np1_fr_med_4.avi,1,8,50,8,14,False,True,0.4260779023170471,0.0173533339984715,0.00372873769083526,0.7115344116464257,80,5,8,8,False,
hmdb51,val,Jennis_Bodenk_r_cartwheel_f_cm_np1_fr_med_3,data/HMDB51_data/videos/cartwheel/Jennis_Bodenk_r_cartwheel_f_cm_np1_fr_med_3.avi,1,8,50,8,14,False,True,0.39380282163619995,0.015214720275253057,0.00372873769083526,0.6919796001166105,81,5,8,8,False,
hmdb51,val,Bodenturnen_2004_cartwheel_f_cm_np1_le_med_4,data/HMDB51_data/videos/cartwheel/Bodenturnen_2004_cartwheel_f_cm_np1_le_med_4.avi,1,8,50,8,1,True,True,0.46769028902053833,0.012940185144543648,0.00372873769083526,0.6748768547549844,43,3,8,8,False,
hmdb51,val,Zwei_hoffnungslose_Pflegef_lle_beim_Turnen(Part4)_cartwheel_f_cm_np1_ri_bad_0,data/HMDB51_data/videos/cartwheel/Zwei_hoffnungslose_Pflegef_lle_beim_Turnen(Part4)_cartwheel_f_cm_np1_ri_bad_0.avi,1,8,50,8,14,False,True,0.3950749337673187,0.017525088973343372,0.00372873769083526,0.6588857411406934,92,6,8,8,False,
hmdb51,val,lea_kann_radschlag_cartwheel_f_cm_np1_ri_med_0,data/HMDB51_data/videos/cartwheel/lea_kann_radschlag_cartwheel_f_cm_np1_ri_med_0.avi,1,8,50,8,19,False,False,0.3660159409046173,0.019096688833087683,0.00372873769083526,0.6396789248101413,91,6,8,8,False,
hmdb51,val,Bodenturnen_cartwheel_f_cm_np1_le_med_3,data/HMDB51_data/videos/cartwheel/Bodenturnen_cartwheel_f_cm_np1_le_med_3.avi,1,8,50,8,1,True,True,0.4728299081325531,0.023002294823527336,0.00372873769083526,0.6188487010076642,125,8,8,8,False,
hmdb51,val,Cartwheel_Competition_cartwheel_f_cm_np1_le_med_0,data/HMDB51_data/videos/cartwheel/Cartwheel_Competition_cartwheel_f_cm_np1_le_med_0.avi,1,8,50,8,16,False,True,0.23301440477371216,0.016091751866042614,0.00372873769083526,0.5927710421383381,70,5,8,8,False,
hmdb51,val,Monikas_Staatsexamen__Turnen_cartwheel_f_cm_np1_ri_med_4,data/HMDB51_data/videos/cartwheel/Monikas_Staatsexamen__Turnen_cartwheel_f_cm_np1_ri_med_4.avi,1,8,50,8,1,True,True,0.3136850893497467,0.017300648149102926,0.00372873769083526,0.5741886738687754,81,5,8,8,False,
hmdb51,val,Zwei_hoffnungslose_Pflegef_lle_beim_Turnen(Part2)_cartwheel_f_cm_np1_le_bad_0,data/HMDB51_data/videos/cartwheel/Zwei_hoffnungslose_Pflegef_lle_beim_Turnen(Part2)_cartwheel_f_cm_np1_le_bad_0.avi,1,8,50,8,41,False,True,0.3775126338005066,0.020091665908694267,0.00372873769083526,0.553886448033154,103,7,8,8,False,
hmdb51,val,Bayer__Meisterin_Teresa_Stadler_cartwheel_f_cm_np1_le_med_0,data/HMDB51_data/videos/cartwheel/Bayer__Meisterin_Teresa_Stadler_cartwheel_f_cm_np1_le_med_0.avi,1,8,50,8,14,False,True,0.39839839935302734,0.011204808950424194,0.00372873769083526,0.5315446178428829,43,3,8,8,False,
hmdb51,val,How_to_do_a_Cartwheel_cartwheel_f_nm_np1_le_med_1,data/HMDB51_data/videos/cartwheel/How_to_do_a_Cartwheel_cartwheel_f_nm_np1_le_med_1.avi,1,8,50,8,41,False,True,0.23423844575881958,0.018710297998040915,0.00372873769083526,0.5188088049180806,100,7,8,8,False,
hmdb51,val,cartwheel_challange_cartwheel_f_cm_np2_le_med_1,data/HMDB51_data/videos/cartwheel/cartwheel_challange_cartwheel_f_cm_np2_le_med_1.avi,1,8,50,8,7,False,False,0.14890962839126587,0.01645322097465396,0.00372873769083526,0.4977633226662874,59,4,8,8,False,
hmdb51,val,Florian_Fromlowitz_beim_Training_der_U_21_Nationalmannschaft_catch_u_cm_np1_le_med_3,data/HMDB51_data/videos/catch/Florian_Fromlowitz_beim_Training_der_U_21_Nationalmannschaft_catch_u_cm_np1_le_med_3.avi,2,8,50,8,2,True,True,0.774223268032074,0.02036790596321225,0.0038045399996917695,1.0929032950662076,36,3,8,8,False,
hmdb51,val,Torwarttraining_Arminia_Bielefeld_catch_f_cm_np1_le_med_8,data/HMDB51_data/videos/catch/Torwarttraining_Arminia_Bielefeld_catch_f_cm_np1_le_med_8.avi,2,8,50,8,2,True,True,0.7349591851234436,0.011791801080107689,0.0038045399996917695,1.0708554210141301,34,3,8,8,False,
hmdb51,val,Torwarttraining_Arminia_Bielefeld_catch_f_cm_np1_le_med_6,data/HMDB51_data/videos/catch/Torwarttraining_Arminia_Bielefeld_catch_f_cm_np1_le_med_6.avi,2,8,50,8,2,True,True,0.8020821809768677,0.012216062750667334,0.0038045399996917695,1.0566179379820824,37,3,8,8,False,
hmdb51,val,Torwarttraining_Arminia_Bielefeld_catch_f_cm_np1_ba_med_0,data/HMDB51_data/videos/catch/Torwarttraining_Arminia_Bielefeld_catch_f_cm_np1_ba_med_0.avi,2,8,50,8,2,True,True,0.7697723507881165,0.012162139173597097,0.0038045399996917695,1.042822364717722,37,3,8,8,False,
hmdb51,val,Torwarttraining_2_(_sterreich)_catch_f_cm_np1_le_med_3,data/HMDB51_data/videos/catch/Torwarttraining_2_(_sterreich)_catch_f_cm_np1_le_med_3.avi,2,8,50,8,2,True,True,0.6429940462112427,0.011847754009068012,0.0038045399996917695,1.0291099501773715,37,3,8,8,False,
hmdb51,val,Torwarttraining_3_(_sterreich)_catch_f_nm_np1_fr_med_5,data/HMDB51_data/videos/catch/Torwarttraining_3_(_sterreich)_catch_f_nm_np1_fr_med_5.avi,2,8,50,8,2,True,True,0.6924470663070679,0.010672508273273706,0.0038045399996917695,1.0154317379929125,37,3,8,8,False,
hmdb51,val,Goalkeeper_Training_Day_#_2_catch_f_cm_np1_ba_bad_5,data/HMDB51_data/videos/catch/Goalkeeper_Training_Day_#_2_catch_f_cm_np1_ba_bad_5.avi,2,8,50,8,2,True,True,0.6451273560523987,0.012533462140709162,0.0038045399996917695,1.0031783292070031,34,3,8,8,False,
hmdb51,val,Goalkeeper_Training_Day_#_2_catch_f_cm_np1_fr_bad_2,data/HMDB51_data/videos/catch/Goalkeeper_Training_Day_#_2_catch_f_cm_np1_fr_bad_2.avi,2,8,50,8,2,True,True,0.29331305623054504,0.010799566749483347,0.0038045399996917695,0.989161659963429,38,3,8,8,False,
hmdb51,val,Ballfangen_catch_u_cm_np1_fr_goo_1,data/HMDB51_data/videos/catch/Ballfangen_catch_u_cm_np1_fr_goo_1.avi,2,8,50,8,2,True,True,0.2737855911254883,0.010581927839666605,0.0038045399996917695,0.9769988707266748,37,3,8,8,False,
hmdb51,val,Goalkeeper_Training_Day_#_7_catch_f_nm_np1_ri_bad_4,data/HMDB51_data/videos/catch/Goalkeeper_Training_Day_#_7_catch_f_nm_np1_ri_bad_4.avi,2,8,50,8,19,False,True,0.3904922604560852,0.011269012931734324,0.0038045399996917695,0.9647543169558048,56,4,8,8,False,
hmdb51,val,torwart_de_-_Torwarttraining_Werder_Bremen_catch_f_cm_np1_ba_bad_0,data/HMDB51_data/videos/catch/torwart_de_-_Torwarttraining_Werder_Bremen_catch_f_cm_np1_ba_bad_0.avi,2,8,50,8,2,True,True,0.8304218649864197,0.011144848074764013,0.0038045399996917695,0.9518514280207455,41,3,8,8,False,
hmdb51,val,Torwarttraining_catch_u_cm_np1_ri_med_2,data/HMDB51_data/videos/catch/Torwarttraining_catch_u_cm_np1_ri_med_2.avi,2,8,50,8,2,True,True,0.5462427139282227,0.010745149105787277,0.0038045399996917695,0.939800875261426,34,3,8,8,False,
hmdb51,val,torwart_de_-_Torwarttraining_Werder_Bremen_catch_f_cm_np1_fr_bad_2,data/HMDB51_data/videos/catch/torwart_de_-_Torwarttraining_Werder_Bremen_catch_f_cm_np1_fr_bad_2.avi,2,8,50,8,2,True,True,0.8562805652618408,0.011199107393622398,0.0038045399996917695,0.9272428690455854,47,3,8,8,False,
hmdb51,val,Torwarttraining_2_(_sterreich)_catch_f_cm_np1_le_med_5,data/HMDB51_data/videos/catch/Torwarttraining_2_(_sterreich)_catch_f_cm_np1_le_med_5.avi,2,8,50,8,2,True,True,0.7971997857093811,0.0113347084261477,0.0038045399996917695,0.9139651684090495,41,3,8,8,False,
hmdb51,val,Seldin_Lipovic_-_Willi_Weber__Torwarttraining__catch_f_cm_np1_ba_bad_7,data/HMDB51_data/videos/catch/Seldin_Lipovic_-_Willi_Weber__Torwarttraining__catch_f_cm_np1_ba_bad_7.avi,2,8,50,8,14,False,True,0.2594491243362427,0.011527264025062323,0.0038045399996917695,0.9003006871789694,49,3,8,8,False,
hmdb51,val,Sweet_Candy_Bubbles_chew_h_cm_np1_fr_med_2,data/HMDB51_data/videos/chew/Sweet_Candy_Bubbles_chew_h_cm_np1_fr_med_2.avi,3,8,50,8,23,False,True,0.30119970440864563,0.021041484083980322,0.0038045399996917695,0.8858758979476988,125,8,8,8,False,
hmdb51,val,random_gum_chewing_chew_h_nm_np1_fr_med_1,data/HMDB51_data/videos/chew/random_gum_chewing_chew_h_nm_np1_fr_med_1.avi,3,8,50,8,39,False,True,0.40407806634902954,0.018986715003848076,0.0038045399996917695,0.8634559526108205,90,6,8,8,False,
hmdb51,val,Big_League_Chew_chew_h_nm_np1_fr_goo_1,data/HMDB51_data/videos/chew/Big_League_Chew_chew_h_nm_np1_fr_goo_1.avi,3,8,50,8,39,False,True,0.5319337844848633,0.02683436404913664,0.0038045399996917695,0.8419060749001801,159,8,8,8,False,
hmdb51,val,chewing_bubble_gum_chew_h_cm_np1_ri_med_0,data/HMDB51_data/videos/chew/chewing_bubble_gum_chew_h_cm_np1_ri_med_0.avi,3,8,50,8,23,False,True,0.30058157444000244,0.03139863396063447,0.0038045399996917695,0.8113525458611548,124,8,8,8,False,
hmdb51,val,lol_im_so_weird___BLOWIN_BUBBLE_GUM__oops_i_burped_at_the_end_my_bad_lol_chew_h_nm_np1_fr_med_2,data/HMDB51_data/videos/chew/lol_im_so_weird___BLOWIN_BUBBLE_GUM__oops_i_burped_at_the_end_my_bad_lol_chew_h_nm_np1_fr_med_2.avi,3,8,50,8,3,True,True,0.4998249411582947,0.01516767730936408,0.0038045399996917695,0.7780177989043295,79,5,8,8,False,
hmdb51,val,chewing_gum_1_chew_h_nm_np1_fr_goo_0,data/HMDB51_data/videos/chew/chewing_gum_1_chew_h_nm_np1_fr_goo_0.avi,3,8,50,8,39,False,True,0.4631027579307556,0.015078603755682707,0.0038045399996917695,0.7584097711369395,79,5,8,8,False,
hmdb51,val,Loud_Chewing_chew_u_cm_np1_fr_med_1,data/HMDB51_data/videos/chew/Loud_Chewing_chew_u_cm_np1_fr_med_1.avi,3,8,50,8,3,True,True,0.49844831228256226,0.0157174002379179,0.0038045399996917695,0.7402030103839934,78,5,8,8,False,
hmdb51,val,WeddingCrashers_chew_h_nm_np1_fr_goo_6,data/HMDB51_data/videos/chew/WeddingCrashers_chew_h_nm_np1_fr_goo_6.avi,3,8,50,8,49,False,False,0.6149307489395142,0.023854659870266914,0.0038045399996917695,0.7231489662081003,53,4,8,8,False,
hmdb51,val,LittleChildren_chew_h_nm_np1_fr_goo_7,data/HMDB51_data/videos/chew/LittleChildren_chew_h_nm_np1_fr_goo_7.avi,3,8,50,8,3,True,True,0.16849543154239655,0.024862828198820353,0.0038045399996917695,0.6967514296993613,81,5,8,8,False,
hmdb51,val,Dubble_bubble_compilation_-_all_on_8_pieces_chew_h_nm_np1_fr_med_2,data/HMDB51_data/videos/chew/Dubble_bubble_compilation_-_all_on_8_pieces_chew_h_nm_np1_fr_med_2.avi,3,8,50,8,3,True,True,0.49888139963150024,0.026015915907919407,0.0038045399996917695,0.6686205072328448,119,8,8,8,False,
hmdb51,val,Dubble_bubble_compilation_-_all_on_8_pieces_chew_h_nm_np1_fr_med_0,data/HMDB51_data/videos/chew/Dubble_bubble_compilation_-_all_on_8_pieces_chew_h_nm_np1_fr_med_0.avi,3,8,50,8,3,True,True,0.4043090045452118,0.01310882018879056,0.0038045399996917695,0.641151525080204,73,5,8,8,False,
hmdb51,val,TheBoondockSaints_chew_u_nm_np1_fr_med_46,data/HMDB51_data/videos/chew/TheBoondockSaints_chew_u_nm_np1_fr_med_46.avi,3,8,50,8,48,False,False,0.2637239992618561,0.020810379181057215,0.0038045399996917695,0.6260763090103865,74,5,8,8,False,
hmdb51,val,Scott_Can_t_Make_His_Bubblegum_Pop_chew_h_nm_np1_fr_med_2,data/HMDB51_data/videos/chew/Scott_Can_t_Make_His_Bubblegum_Pop_chew_h_nm_np1_fr_med_2.avi,3,8,50,8,39,False,True,0.44701865315437317,0.016452857293188572,0.0038045399996917695,0.6041684872470796,90,6,8,8,False,
hmdb51,val,chewing_gum_2_chew_h_cm_np1_fr_med_0,data/HMDB51_data/videos/chew/chewing_gum_2_chew_h_cm_np1_fr_med_0.avi,3,8,50,8,49,False,False,0.34839630126953125,0.032400965224951506,0.0038045399996917695,0.586668411269784,90,6,8,8,False,
hmdb51,val,Bubble_blowing_3!_chew_h_nm_np1_le_bad_1,data/HMDB51_data/videos/chew/Bubble_blowing_3!_chew_h_nm_np1_le_bad_1.avi,3,8,50,8,39,False,True,0.46080994606018066,0.02382065076380968,0.0038045399996917695,0.5506084691733122,100,7,8,8,False,
hmdb51,val,Double_bubble_in_one_big_bubble_-D_chew_h_nm_np1_fr_goo_2,data/HMDB51_data/videos/chew/Double_bubble_in_one_big_bubble_-D_chew_h_nm_np1_fr_goo_2.avi,3,8,50,8,39,False,True,0.4695960283279419,0.01978009007871151,0.0038045399996917695,0.5248195179738104,88,6,8,8,False,
hmdb51,val,Boom_Snap_Clap_clap_u_nm_np1_fr_med_1,data/HMDB51_data/videos/clap/Boom_Snap_Clap_clap_u_nm_np1_fr_med_1.avi,4,8,50,8,4,True,True,0.5689775943756104,0.016478230711072683,0.0038045399996917695,0.5009305099956691,80,5,8,8,False,
hmdb51,val,The_Slow_Clap_clap_u_nm_np2_fr_med_23,data/HMDB51_data/videos/clap/The_Slow_Clap_clap_u_nm_np2_fr_med_23.avi,4,8,50,8,4,True,True,0.6769335269927979,0.015253286343067884,0.00367140700109303,1.3128157961182296,30,2,8,8,False,
hmdb51,val,Standing_clap_f_cm_np1_fr_med_1,data/HMDB51_data/videos/clap/Standing_clap_f_cm_np1_fr_med_1.avi,4,8,50,8,4,True,True,0.4298638105392456,0.016569864936172962,0.00367140700109303,1.294810961931944,80,5,8,8,False,
hmdb51,val,Deutscher_Klatsch_-_The_Clap_-_Lexy_clap_f_cm_np2_ba_med_2,data/HMDB51_data/videos/clap/Deutscher_Klatsch_-_The_Clap_-_Lexy_clap_f_cm_np2_ba_med_2.avi,4,8,50,8,22,False,True,0.23255492746829987,0.014465257991105318,0.00367140700109303,1.2751774811185896,41,3,8,8,False,
hmdb51,val,Theslowclap1_clap_f_cm_np1_fr_med_0,data/HMDB51_data/videos/clap/Theslowclap1_clap_f_cm_np1_fr_med_0.avi,4,8,50,8,3,False,True,0.23313786089420319,0.013758583925664425,0.00367140700109303,1.2592476052232087,72,5,8,8,False,
hmdb51,val,slowclap_clap_u_nm_np1_fr_goo_0,data/HMDB51_data/videos/clap/slowclap_clap_u_nm_np1_fr_goo_0.avi,4,8,50,8,40,False,False,0.31054744124412537,0.03842566488310695,0.00367140700109303,1.2439627149142325,268,8,8,8,False,
hmdb51,val,The_Slow_Clap_clap_u_nm_np1_fr_med_1,data/HMDB51_data/videos/clap/The_Slow_Clap_clap_u_nm_np1_fr_med_1.avi,4,8,50,8,4,True,True,0.7126102447509766,0.014545712154358625,0.00367140700109303,1.2035847478546202,80,5,8,8,False,
hmdb51,val,The_Slow_Clap_clap_u_nm_np2_fr_med_8,data/HMDB51_data/videos/clap/The_Slow_Clap_clap_u_nm_np2_fr_med_8.avi,4,8,50,8,4,True,True,0.6657233238220215,0.013013407122343779,0.00367140700109303,1.1867013331502676,65,4,8,8,False,
hmdb51,val,Boom__Snap__Clap!_(Challenge)_clap_u_nm_np1_fr_med_0,data/HMDB51_data/videos/clap/Boom__Snap__Clap!_(Challenge)_clap_u_nm_np1_fr_med_0.avi,4,8,50,8,4,True,True,0.6391833424568176,0.013833500910550356,0.00367140700109303,1.17219597985968,79,5,8,8,False,
hmdb51,val,Faith_Rewarded_clap_u_cm_np1_ri_goo_1,data/HMDB51_data/videos/clap/Faith_Rewarded_clap_u_cm_np1_ri_goo_1.avi,4,8,50,8,4,True,True,0.14364805817604065,0.021771535743027925,0.00367140700109303,1.1570894261822104,53,4,8,8,False,
hmdb51,val,Veoh_Alpha_Dog_1_clap_u_nm_np1_fr_goo_62,data/HMDB51_data/videos/clap/Veoh_Alpha_Dog_1_clap_u_nm_np1_fr_goo_62.avi,4,8,50,8,48,False,False,0.34005409479141235,0.0177576569840312,0.00367140700109303,1.132469492033124,55,4,8,8,False,
hmdb51,val,RE-_Boom_Snap_Clap_clap_u_nm_np1_fr_med_1,data/HMDB51_data/videos/clap/RE-_Boom_Snap_Clap_clap_u_nm_np1_fr_med_1.avi,4,8,50,8,4,True,True,0.6859574317932129,0.013195754960179329,0.00367140700109303,1.111839285120368,79,5,8,8,False,
hmdb51,val,Budam_-_Clap_Hands_clap_u_nm_np1_fr_med_0,data/HMDB51_data/videos/clap/Budam_-_Clap_Hands_clap_u_nm_np1_fr_med_0.avi,4,8,50,8,46,False,False,0.2605518698692322,0.014113370794802904,0.00367140700109303,1.0976543850265443,78,5,8,8,False,
hmdb51,val,_Boom_Snap_Clap__challenge_clap_u_nm_np1_fr_med_1,data/HMDB51_data/videos/clap/_Boom_Snap_Clap__challenge_clap_u_nm_np1_fr_med_1.avi,4,8,50,8,23,False,True,0.5434908866882324,0.01411881810054183,0.00367140700109303,1.0822504698298872,79,5,8,8,False,
hmdb51,val,The_Slow_Clap_clap_u_nm_np1_fr_med_14,data/HMDB51_data/videos/clap/The_Slow_Clap_clap_u_nm_np1_fr_med_14.avi,4,8,50,8,4,True,True,0.742136538028717,0.014708200935274363,0.00367140700109303,1.065788907930255,79,5,8,8,False,
hmdb51,val,The_Slow_Clap_clap_u_nm_np1_fr_med_2,data/HMDB51_data/videos/clap/The_Slow_Clap_clap_u_nm_np1_fr_med_2.avi,4,8,50,8,4,True,True,0.4681991934776306,0.008552426006644964,0.00367140700109303,1.0494842496700585,25,2,8,8,False,
hmdb51,val,Hand_Clapping_Game__Bim_Bum__clap_f_nm_np2_fr_med_2,data/HMDB51_data/videos/clap/Hand_Clapping_Game__Bim_Bum__clap_f_nm_np2_fr_med_2.avi,4,8,50,8,4,True,True,0.7980718016624451,0.016456027049571276,0.00367140700109303,1.0396023700013757,79,5,8,8,False,
hmdb51,val,#20_Rhythm_clap_u_nm_np1_le_goo_3,data/HMDB51_data/videos/clap/#20_Rhythm_clap_u_nm_np1_le_goo_3.avi,4,8,50,8,4,True,True,0.6612326502799988,0.01385130500420928,0.00367140700109303,1.0201108567416668,79,5,8,8,False,
hmdb51,val,Deutscher_Klatsch_-_The_Clap_-_Lexy_clap_f_cm_np3_fr_med_9,data/HMDB51_data/videos/clap/Deutscher_Klatsch_-_The_Clap_-_Lexy_clap_f_cm_np3_fr_med_9.avi,4,8,50,8,33,False,True,0.20887336134910583,0.01626350823789835,0.00367140700109303,1.0042847460135818,78,5,8,8,False,
hmdb51,val,Kletter-WM_2005-_Bouldern_Finale_Herren__Serik_Kazbekov_climb_f_cm_np1_ba_med_0,data/HMDB51_data/videos/climb/Kletter-WM_2005-_Bouldern_Finale_Herren__Serik_Kazbekov_climb_f_cm_np1_ba_med_0.avi,5,8,50,8,5,True,True,0.8793972134590149,0.02540738182142377,0.00367140700109303,0.9860071232542396,154,8,8,8,False,
hmdb51,val,Kletter-WM_2005-_Speed_Achtelfinale_Herren_Minatchev_Hroza_climb_f_cm_np2_ba_med_0,data/HMDB51_data/videos/climb/Kletter-WM_2005-_Speed_Achtelfinale_Herren_Minatchev_Hroza_climb_f_cm_np2_ba_med_0.avi,5,8,50,8,32,False,False,0.22891366481781006,0.016266057267785072,0.00367140700109303,0.9589648698456585,79,5,8,8,False,
hmdb51,val,Pole_climbing_World_Championships_climb_f_nm_np1_ba_med_1,data/HMDB51_data/videos/climb/Pole_climbing_World_Championships_climb_f_nm_np1_ba_med_1.avi,5,8,50,8,5,True,True,0.22855518758296967,0.01333896117284894,0.00367140700109303,0.9405660922639072,77,5,8,8,False,
hmdb51,val,(HQ)_Rock_Climbing_-_Free_Solo_Speed_Climb_-_Dan_Osman_climb_f_cm_np1_le_med_3,data/HMDB51_data/videos/climb/(HQ)_Rock_Climbing_-_Free_Solo_Speed_Climb_-_Dan_Osman_climb_f_cm_np1_le_med_3.avi,5,8,50,8,5,True,True,0.9636759161949158,0.03448090190067887,0.00367140700109303,0.9247299656271935,197,8,8,8,False,
hmdb51,val,Jez__roof_climbing_in_Mile_End_climb_f_cm_np1_ba_med_2,data/HMDB51_data/videos/climb/Jez__roof_climbing_in_Mile_End_climb_f_cm_np1_ba_med_2.avi,5,8,50,8,5,True,True,0.9178797006607056,0.03818135103210807,0.00367140700109303,0.8884442499838769,210,8,8,8,False,
hmdb51,val,Climbing_roof_in_TCA_climb_f_cm_np1_ba_med_1,data/HMDB51_data/videos/climb/Climbing_roof_in_TCA_climb_f_cm_np1_ba_med_1.avi,5,8,50,8,5,True,True,0.9613433480262756,0.04054803587496281,0.00367140700109303,0.8456311887130141,232,8,8,8,False,
hmdb51,val,DM_Sportklettern_2006-_Qualifikation_-_Andreas_Bindhammer_climb_f_cm_np1_ba_med_2,data/HMDB51_data/videos/climb/DM_Sportklettern_2006-_Qualifikation_-_Andreas_Bindhammer_climb_f_cm_np1_ba_med_2.avi,5,8,50,8,5,True,True,0.9373829364776611,0.027697836980223656,0.00367140700109303,0.8025546590797603,176,8,8,8,False,
hmdb51,val,(HQ)_Rock_Climbing_-_Free_Solo_Speed_Climb_-_Dan_Osman_climb_f_cm_np1_le_med_1,data/HMDB51_data/videos/climb/(HQ)_Rock_Climbing_-_Free_Solo_Speed_Climb_-_Dan_Osman_climb_f_cm_np1_le_med_1.avi,5,8,50,8,5,True,True,0.9470946788787842,0.023501412943005562,0.00367140700109303,0.7710191081278026,129,8,8,8,False,
hmdb51,val,Julius_Haushammer___Klettern_und_Bouldern___1979_climb_f_cm_np1_ba_med_1,data/HMDB51_data/videos/climb/Julius_Haushammer___Klettern_und_Bouldern___1979_climb_f_cm_np1_ba_med_1.avi,5,8,50,8,5,True,True,0.9297753572463989,0.023515733424574137,0.00367140700109303,0.7444293000735343,130,8,8,8,False,
hmdb51,val,Jez__roof_climbing_in_Mile_End_climb_f_cm_np1_ba_med_0,data/HMDB51_data/videos/climb/Jez__roof_climbing_in_Mile_End_climb_f_cm_np1_ba_med_0.avi,5,8,50,8,5,True,True,0.8904576301574707,0.023561327252537012,0.00367140700109303,0.718119980301708,131,8,8,8,False,
hmdb51,val,Pole_climbing_World_Championships_climb_f_cm_np1_le_med_3,data/HMDB51_data/videos/climb/Pole_climbing_World_Championships_climb_f_cm_np1_le_med_3.avi,5,8,50,8,5,True,True,0.13048359751701355,0.016728658694773912,0.00367140700109303,0.6924093747511506,77,5,8,8,False,
hmdb51,val,Klettern_by_Kurt_Hackner_climb_f_cm_np1_ba_med_0,data/HMDB51_data/videos/climb/Klettern_by_Kurt_Hackner_climb_f_cm_np1_ba_med_0.avi,5,8,50,8,5,True,True,0.9534652233123779,0.02146922890096903,0.00367140700109303,0.6729996018111706,119,8,8,8,False,
hmdb51,val,Climbing_roof_in_TCA_climb_f_cm_np1_ba_med_2,data/HMDB51_data/videos/climb/Climbing_roof_in_TCA_climb_f_cm_np1_ba_med_2.avi,5,8,50,8,5,True,True,0.9625142216682434,0.09281965577974916,0.00367140700109303,0.6489959419704974,628,8,8,8,False,
hmdb51,val,Amazing_Wall_Climber_(Must_be_Seen_to_Be_Believed!)_climb_f_cm_np1_ba_bad_1,data/HMDB51_data/videos/climb/Amazing_Wall_Climber_(Must_be_Seen_to_Be_Believed!)_climb_f_cm_np1_ba_bad_1.avi,5,8,50,8,5,True,True,0.9504951238632202,0.07147092279046774,0.00367140700109303,0.5517227980308235,471,8,8,8,False,
hmdb51,val,Mexican_Climbing_Fence_climb_f_cm_np1_ba_med_2,data/HMDB51_data/videos/climb/Mexican_Climbing_Fence_climb_f_cm_np1_ba_med_2.avi,5,8,50,8,49,False,True,0.5078052878379822,0.0375099740922451,0.003770383496885188,1.1335216173902154,79,5,8,8,False,
hmdb51,val,Bristol_UCR_roof_climb_climb_f_cm_np1_ba_bad_2,data/HMDB51_data/videos/climb/Bristol_UCR_roof_climb_climb_f_cm_np1_ba_bad_2.avi,5,8,50,8,5,True,True,0.957862913608551,0.0470946216955781,0.003770383496885188,1.0913462792523205,352,8,8,8,False,
hmdb51,val,Fellowship_6_climb_stairs_f_nm_np1_ba_bad_4,data/HMDB51_data/videos/climb_stairs/Fellowship_6_climb_stairs_f_nm_np1_ba_bad_4.avi,6,8,50,8,49,False,False,0.6491830945014954,0.017788519151508808,0.003770383496885188,1.0426525212824345,93,6,8,8,False,
hmdb51,val,Empire_State_Building_Run-Up_climb_stairs_f_cm_np1_ba_med_3,data/HMDB51_data/videos/climb_stairs/Empire_State_Building_Run-Up_climb_stairs_f_cm_np1_ba_med_3.avi,6,8,50,8,5,False,True,0.42339378595352173,0.015522781293839216,0.003770383496885188,1.022636216133833,78,5,8,8,False,
hmdb51,val,Braune_Stiefel_brown_boots_hot_high_heels_Treppen_steigen_Down-_and_upstairs_climb_stairs_l_cm_np1_ri_med_3,data/HMDB51_data/videos/climb_stairs/Braune_Stiefel_brown_boots_hot_high_heels_Treppen_steigen_Down-_and_upstairs_climb_stairs_l_cm_np1_ri_med_3.avi,6,8,50,8,6,True,True,0.6747322082519531,0.01627183612436056,0.003770383496885188,1.0052514169365168,78,5,8,8,False,
hmdb51,val,TheLastManOnearth_climb_stairs_f_nm_np1_ba_med_56,data/HMDB51_data/videos/climb_stairs/TheLastManOnearth_climb_stairs_f_nm_np1_ba_med_56.avi,6,8,50,8,49,False,False,0.7944662570953369,0.011338765732944012,0.003770383496885188,0.9869671356864274,48,3,8,8,False,
hmdb51,val,Micah_Lacerte_Running_Stairs___Great_cardio_for_fat_loss_climb_stairs_f_cm_np1_ba_med_4,data/HMDB51_data/videos/climb_stairs/Micah_Lacerte_Running_Stairs___Great_cardio_for_fat_loss_climb_stairs_f_cm_np1_ba_med_4.avi,6,8,50,8,5,False,True,0.5294076204299927,0.016143166925758123,0.003770383496885188,0.9730529240332544,79,5,8,8,False,
hmdb51,val,Jerry_Lewis_Cinderfella_dance_climb_stairs_f_nm_np1_fr_bad_1,data/HMDB51_data/videos/climb_stairs/Jerry_Lewis_Cinderfella_dance_climb_stairs_f_nm_np1_fr_bad_1.avi,6,8,50,8,32,False,False,0.24898682534694672,0.013703717850148678,0.003770383496885188,0.9550774577073753,80,5,8,8,False,
hmdb51,val,treppensteigen_1_climb_stairs_f_cm_np2_fr_med_2,data/HMDB51_data/videos/climb_stairs/treppensteigen_1_climb_stairs_f_cm_np2_fr_med_2.avi,6,8,50,8,6,True,True,0.22184748947620392,0.017716242000460625,0.003770383496885188,0.9393282211385667,79,5,8,8,False,
hmdb51,val,Narcotic1967256kb_climb_stairs_f_nm_np1_ba_med_0,data/HMDB51_data/videos/climb_stairs/Narcotic1967256kb_climb_stairs_f_nm_np1_ba_med_0.avi,6,8,50,8,49,False,False,0.7523698806762695,0.014817796181887388,0.003770383496885188,0.918830051086843,81,5,8,8,False,
hmdb51,val,Return_of_the_King_4_climb_stairs_f_cm_np1_ba_bad_6,data/HMDB51_data/videos/climb_stairs/Return_of_the_King_4_climb_stairs_f_cm_np1_ba_bad_6.avi,6,8,50,8,49,False,False,0.6662818193435669,0.019982934929430485,0.003770383496885188,0.9022081610746682,103,7,8,8,False,
hmdb51,val,Treppen_steigen_climb_stairs_f_cm_np1_le_bad_8,data/HMDB51_data/videos/climb_stairs/Treppen_steigen_climb_stairs_f_cm_np1_le_bad_8.avi,6,8,50,8,24,False,True,0.16631083190441132,0.01722445571795106,0.003770383496885188,0.8807839653454721,88,6,8,8,False,
hmdb51,val,Sports_Training_-_Speed_Workouts_-_Stair_Running_climb_stairs_f_nm_np1_ba_med_2,data/HMDB51_data/videos/climb_stairs/Sports_Training_-_Speed_Workouts_-_Stair_Running_climb_stairs_f_nm_np1_ba_med_2.avi,6,8,50,8,6,True,True,0.2318894863128662,0.014406301081180573,0.003770383496885188,0.8622595276683569,77,5,8,8,False,
hmdb51,val,Empire_State_Building_Run-Up_climb_stairs_f_cm_np1_ba_med_1,data/HMDB51_data/videos/climb_stairs/Empire_State_Building_Run-Up_climb_stairs_f_cm_np1_ba_med_1.avi,6,8,50,8,5,False,True,0.3201223909854889,0.017291512340307236,0.003770383496885188,0.8456074460409582,78,5,8,8,False,
hmdb51,val,TheLastManOnearth_climb_stairs_f_cm_np1_ba_med_33,data/HMDB51_data/videos/climb_stairs/TheLastManOnearth_climb_stairs_f_cm_np1_ba_med_33.avi,6,8,50,8,49,False,False,0.8854755759239197,0.013977508060634136,0.003770383496885188,0.8261001133359969,53,4,8,8,False,
hmdb51,val,GuardiansOfO256kb_climb_stairs_f_cm_np1_ba_med_0,data/HMDB51_data/videos/climb_stairs/GuardiansOfO256kb_climb_stairs_f_cm_np1_ba_med_0.avi,6,8,50,8,12,False,False,0.3236387372016907,0.028991147875785828,0.003770383496885188,0.8095700647681952,175,8,8,8,False,
hmdb51,val,Stairway_to_fitness_climb_stairs_f_nm_np1_fr_med_0,data/HMDB51_data/videos/climb_stairs/Stairway_to_fitness_climb_stairs_f_nm_np1_fr_med_0.avi,6,8,50,8,6,True,True,0.47407445311546326,0.017491927836090326,0.003770383496885188,0.7764227441512048,79,5,8,8,False,
hmdb51,val,Running_Up_Stairs_climb_stairs_l_nm_np1_ba_med_2,data/HMDB51_data/videos/climb_stairs/Running_Up_Stairs_climb_stairs_l_nm_np1_ba_med_2.avi,6,8,50,8,6,True,True,0.6088767051696777,0.015178822912275791,0.003770383496885188,0.7540085487999022,79,5,8,8,False,
hmdb51,val,GoalKeeper_Training_2_dive_f_cm_np1_le_bad_12,data/HMDB51_data/videos/dive/GoalKeeper_Training_2_dive_f_cm_np1_le_bad_12.avi,7,8,50,8,19,False,True,0.44072768092155457,0.017059344332665205,0.003770383496885188,0.7366827400401235,63,4,8,8,False,
hmdb51,val,Butcho_dive_f_cm_np1_fr_bad_0,data/HMDB51_data/videos/dive/Butcho_dive_f_cm_np1_fr_bad_0.avi,7,8,50,8,7,True,True,0.3806203007698059,0.014391502365469933,0.003770383496885188,0.717613757122308,34,3,8,8,False,
hmdb51,val,Dive_Roll_dive_u_cm_np1_fr_bad_2,data/HMDB51_data/videos/dive/Dive_Roll_dive_u_cm_np1_fr_bad_2.avi,7,8,50,8,16,False,False,0.2983908951282501,0.013128607999533415,0.003770383496885188,0.7009879727847874,64,4,8,8,False,
hmdb51,val,Matze_-_Wanne_mit_Angriff_-_Butcho_K_pfer_-_1m_dive_f_cm_np1_fr_bad_0,data/HMDB51_data/videos/dive/Matze_-_Wanne_mit_Angriff_-_Butcho_K_pfer_-_1m_dive_f_cm_np1_fr_bad_0.avi,7,8,50,8,7,True,True,0.6991807818412781,0.0184283209964633,0.003770383496885188,0.6863891370594501,53,4,8,8,False,
hmdb51,val,Bungee_Jumping_in_Switzerland_-_Compilation_Part_1_dive_f_cm_np1_fr_bad_1,data/HMDB51_data/videos/dive/Bungee_Jumping_in_Switzerland_-_Compilation_Part_1_dive_f_cm_np1_fr_bad_1.avi,7,8,50,8,7,True,True,0.2114989459514618,0.013987765647470951,0.003770383496885188,0.664465778041631,61,4,8,8,False,
hmdb51,val,Pirates_5_dive_f_cm_np1_fr_bad_6,data/HMDB51_data/videos/dive/Pirates_5_dive_f_cm_np1_fr_bad_6.avi,7,8,50,8,32,False,True,0.193168044090271,0.018423921894282103,0.003770383496885188,0.6477278671227396,64,4,8,8,False,
hmdb51,val,bungee_jumping_compilation_dive_f_cm_np1_ri_med_1,data/HMDB51_data/videos/dive/bungee_jumping_compilation_dive_f_cm_np1_ri_med_1.avi,7,8,50,8,7,True,True,0.6273828148841858,0.02066266816109419,0.003770383496885188,0.6276779198087752,78,5,8,8,False,
hmdb51,val,Parkour_dive_u_cm_np1_fr_bad_0,data/HMDB51_data/videos/dive/Parkour_dive_u_cm_np1_fr_bad_0.avi,7,8,50,8,49,False,False,0.4580438733100891,0.014907784759998322,0.003770383496885188,0.6046385220251977,79,5,8,8,False,
hmdb51,val,base_jumping_compilation_3_FMJ_dive_f_cm_np1_ba_bad_3,data/HMDB51_data/videos/dive/base_jumping_compilation_3_FMJ_dive_f_cm_np1_ba_bad_3.avi,7,8,50,8,32,False,True,0.20682838559150696,0.014063717797398567,0.003770383496885188,0.5877343532629311,43,3,8,8,False,
hmdb51,val,Bungee_Jumping_Europabr_cke_192m_dive_f_cm_np1_ri_bad_2,data/HMDB51_data/videos/dive/Bungee_Jumping_Europabr_cke_192m_dive_f_cm_np1_ri_bad_2.avi,7,8,50,8,6,False,True,0.3394246995449066,0.013996965251863003,0.003770383496885188,0.572315163910389,56,4,8,8,False,
hmdb51,val,GoalKeeper_Training_2_dive_f_cm_np1_ba_bad_2,data/HMDB51_data/videos/dive/GoalKeeper_Training_2_dive_f_cm_np1_ba_bad_2.avi,7,8,50,8,7,True,True,0.479987233877182,0.016641333233565092,0.003770383496885188,0.5567986252717674,79,5,8,8,False,
hmdb51,val,Hechtsprung_1_dive_f_cm_np1_ba_bad_0,data/HMDB51_data/videos/dive/Hechtsprung_1_dive_f_cm_np1_ba_bad_0.avi,7,8,50,8,17,False,True,0.14870873093605042,0.011538802180439234,0.003770383496885188,0.536229819059372,38,3,8,8,False,
hmdb51,val,TheBoondockSaints_dive_f_cm_np1_ba_bad_39,data/HMDB51_data/videos/dive/TheBoondockSaints_dive_f_cm_np1_ba_bad_39.avi,7,8,50,8,49,False,False,0.6946479678153992,0.01535467617213726,0.003770383496885188,0.5232240748591721,50,4,8,8,False,
hmdb51,val,96_Meter_Bungy-Jump__Jauntal_03_dive_f_cm_np1_ri_bad_0,data/HMDB51_data/videos/dive/96_Meter_Bungy-Jump__Jauntal_03_dive_f_cm_np1_ri_bad_0.avi,7,8,50,8,7,True,True,0.2998169958591461,0.02188161527737975,0.003770383496885188,0.5062532280571759,114,8,8,8,False,
hmdb51,val,Return_of_the_King_1_dive_f_cm_np1_fr_bad_10,data/HMDB51_data/videos/dive/Return_of_the_King_1_dive_f_cm_np1_fr_bad_10.avi,7,8,50,8,32,False,True,0.2060697078704834,0.04318901710212231,0.0035713649122044444,1.1476899860426784,190,8,8,8,False,
hmdb51,val,Splashdiving_II_dive_f_cm_np1_ri_med_2,data/HMDB51_data/videos/dive/Splashdiving_II_dive_f_cm_np1_ri_med_2.avi,7,8,50,8,7,True,True,0.3466883599758148,0.02242997195571661,0.0035713649122044444,1.1027951533906162,112,7,8,8,False,
hmdb51,val,BungyjumpingAJHackettNewZealand_dive_f_cm_np1_fr_bad_1,data/HMDB51_data/videos/dive/BungyjumpingAJHackettNewZealand_dive_f_cm_np1_fr_bad_1.avi,7,8,50,8,7,True,True,0.5283567905426025,0.023516742046922445,0.0035713649122044444,1.0782658508978784,111,7,8,8,False,
hmdb51,val,Jeff_Bungee_Jumping_dive_f_cm_np1_fr_bad_1,data/HMDB51_data/videos/dive/Jeff_Bungee_Jumping_dive_f_cm_np1_fr_bad_1.avi,7,8,50,8,7,True,True,0.5705111026763916,0.01280936086550355,0.0035713649122044444,1.0521655860356987,65,4,8,8,False,
hmdb51,val,BASE_Jumping_Compilation_-_Brilliant_dive_f_cm_np1_le_bad_1,data/HMDB51_data/videos/dive/BASE_Jumping_Compilation_-_Brilliant_dive_f_cm_np1_le_bad_1.avi,7,8,50,8,7,True,True,0.5184123516082764,0.010174058377742767,0.0035713649122044444,1.0375466318801045,45,3,8,8,False,
hmdb51,val,Iaido_13_katas_draw_sword_f_nm_np1_fr_med_9,data/HMDB51_data/videos/draw_sword/Iaido_13_katas_draw_sword_f_nm_np1_fr_med_9.avi,8,8,50,8,45,False,True,0.37734293937683105,0.015722227282822132,0.0035713649122044444,1.0262438491918147,110,7,8,8,False,
hmdb51,val,San-su_martial_arts_iaido_first_11_kata_draw_sword_f_cm_np1_le_med_7,data/HMDB51_data/videos/draw_sword/San-su_martial_arts_iaido_first_11_kata_draw_sword_f_cm_np1_le_med_7.avi,8,8,50,8,8,True,True,0.6821157932281494,0.021103893872350454,0.0035713649122044444,1.0087424367666245,131,8,8,8,False,
hmdb51,val,San-su_martial_arts_iaido_first_11_kata_draw_sword_f_cm_np1_fr_med_0,data/HMDB51_data/videos/draw_sword/San-su_martial_arts_iaido_first_11_kata_draw_sword_f_cm_np1_fr_med_0.avi,8,8,50,8,8,True,True,0.40829333662986755,0.01585995312780142,0.0035713649122044444,0.9848806192167103,85,6,8,8,False,
hmdb51,val,The_Three_Musketeers_(1993)_Final_Battle_1_3_draw_sword_u_cm_np1_fr_med_1,data/HMDB51_data/videos/draw_sword/The_Three_Musketeers_(1993)_Final_Battle_1_3_draw_sword_u_cm_np1_fr_med_1.avi,8,8,50,8,46,False,False,0.32344403862953186,0.013667646795511246,0.0035713649122044444,0.9673902778886259,41,3,8,8,False,
hmdb51,val,Muso_Jikiden_Eishin_ryu_iaido_draw_sword_f_cm_np1_le_med_4,data/HMDB51_data/videos/draw_sword/Muso_Jikiden_Eishin_ryu_iaido_draw_sword_f_cm_np1_le_med_4.avi,8,8,50,8,8,True,True,0.39679259061813354,0.01858592825010419,0.0035713649122044444,0.9525129902176559,91,6,8,8,False,
hmdb51,val,Iaido_13_katas_draw_sword_f_nm_np1_fr_med_0,data/HMDB51_data/videos/draw_sword/Iaido_13_katas_draw_sword_f_nm_np1_fr_med_0.avi,8,8,50,8,46,False,True,0.2655940353870392,0.018326259218156338,0.0035713649122044444,0.931704721879214,128,8,8,8,False,
hmdb51,val,Nakayama_Aikido_Iaido_Part_3_draw_sword_f_cm_np1_le_med_0,data/HMDB51_data/videos/draw_sword/Nakayama_Aikido_Iaido_Part_3_draw_sword_f_cm_np1_le_med_0.avi,8,8,50,8,33,False,False,0.31031036376953125,0.010847818106412888,0.0035713649122044444,0.9108738852664828,48,3,8,8,False,
hmdb51,val,Spirit_Of_The_Sword_Volume_1_DVD_draw_sword_f_nm_np1_fr_med_1,data/HMDB51_data/videos/draw_sword/Spirit_Of_The_Sword_Volume_1_DVD_draw_sword_f_nm_np1_fr_med_1.avi,8,8,50,8,27,False,True,0.34537258744239807,0.01064717210829258,0.0035713649122044444,0.8970376048237085,45,3,8,8,False,
hmdb51,val,Muso_Jikiden_Eishinryu_in_Guldental_draw_sword_f_cm_np1_le_med_4,data/HMDB51_data/videos/draw_sword/Muso_Jikiden_Eishinryu_in_Guldental_draw_sword_f_cm_np1_le_med_4.avi,8,8,50,8,35,False,True,0.3418976962566376,0.016797345131635666,0.0035713649122044444,0.8829853991046548,78,5,8,8,False,
hmdb51,val,Iaido_video_instruction_series_Wehrhahn_Sensei_draw_sword_f_nm_np1_le_med_5,data/HMDB51_data/videos/draw_sword/Iaido_video_instruction_series_Wehrhahn_Sensei_draw_sword_f_nm_np1_le_med_5.avi,8,8,50,8,8,True,True,0.6486414670944214,0.0140144107863307,0.0035713649122044444,0.8645289647392929,75,5,8,8,False,
hmdb51,val,Takeda_Ryu_Iaido_draw_sword_f_nm_np1_fr_med_2,data/HMDB51_data/videos/draw_sword/Takeda_Ryu_Iaido_draw_sword_f_nm_np1_fr_med_2.avi,8,8,50,8,38,False,True,0.13342902064323425,0.013441373128443956,0.0035713649122044444,0.848702868912369,61,4,8,8,False,
hmdb51,val,Drawing_and_Resheathing_the_Japanese_Sword_draw_sword_u_nm_np1_le_med_1,data/HMDB51_data/videos/draw_sword/Drawing_and_Resheathing_the_Japanese_Sword_draw_sword_u_nm_np1_le_med_1.avi,8,8,50,8,8,True,True,0.36979496479034424,0.016677051316946745,0.0035713649122044444,0.8322938056662679,79,5,8,8,False,
hmdb51,val,DBK_Custom_Swords_-__Swordless__ScabbardBelt_draw_sword_u_nm_np1_fr_med_0,data/HMDB51_data/videos/draw_sword/DBK_Custom_Swords_-__Swordless__ScabbardBelt_draw_sword_u_nm_np1_fr_med_0.avi,8,8,50,8,8,True,True,0.3896820843219757,0.017242927104234695,0.0035713649122044444,0.811879176646471,78,5,8,8,False,
hmdb51,val,Muso_Jikiden_Eishinryu_in_Guldental_draw_sword_f_cm_np1_le_med_3,data/HMDB51_data/videos/draw_sword/Muso_Jikiden_Eishinryu_in_Guldental_draw_sword_f_cm_np1_le_med_3.avi,8,8,50,8,8,True,True,0.6125176548957825,0.018419908825308084,0.0035713649122044444,0.7927586589939892,89,6,8,8,False,
hmdb51,val,Ninja_(samurai_sword)_draw_sword_u_nm_np1_fr_med_0,data/HMDB51_data/videos/draw_sword/Ninja_(samurai_sword)_draw_sword_u_nm_np1_fr_med_0.avi,8,8,50,8,8,True,True,0.6907774806022644,0.014125901274383068,0.0035713649122044444,0.7727118032053113,78,5,8,8,False,
hmdb51,val,Sibu_Malaysia_Vacation_little_brother_dribbling_basketball_Sarawak_dribble_f_cm_np1_ba_bad_4,data/HMDB51_data/videos/dribble/Sibu_Malaysia_Vacation_little_brother_dribbling_basketball_Sarawak_dribble_f_cm_np1_ba_bad_4.avi,9,8,50,8,9,True,True,0.8765266537666321,0.020037041045725346,0.0035713649122044444,0.7571639223024249,78,5,8,8,False,
hmdb51,val,Basketball_Dribbling_Tips_dribble_f_cm_np1_fr_med_0,data/HMDB51_data/videos/dribble/Basketball_Dribbling_Tips_dribble_f_cm_np1_fr_med_0.avi,9,8,50,8,9,True,True,0.9290357828140259,0.017151006031781435,0.0035713649122044444,0.7328073517419398,78,5,8,8,False,
hmdb51,val,Basketball_Dribbling_Tips__2_dribble_f_cm_np1_fr_med_1,data/HMDB51_data/videos/dribble/Basketball_Dribbling_Tips__2_dribble_f_cm_np1_fr_med_1.avi,9,8,50,8,9,True,True,0.9287129640579224,0.015092235989868641,0.0035713649122044444,0.7129419958218932,78,5,8,8,False,
hmdb51,val,10YearOldYouthBasketballStarBaller_dribble_f_cm_np1_ba_med_5,data/HMDB51_data/videos/dribble/10YearOldYouthBasketballStarBaller_dribble_f_cm_np1_ba_med_5.avi,9,8,50,8,9,True,True,0.9574680924415588,0.019993384834378958,0.0035713649122044444,0.6960221291519701,110,7,8,8,False,
hmdb51,val,Basketball_Dribbling_-_Basketball_Dribbling-_Finger_Pads_dribble_f_nm_np2_le_med_4,data/HMDB51_data/videos/dribble/Basketball_Dribbling_-_Basketball_Dribbling-_Finger_Pads_dribble_f_nm_np2_le_med_4.avi,9,8,50,8,9,True,True,0.9271758794784546,0.018145370297133923,0.0035713649122044444,0.672596822027117,101,7,8,8,False,
hmdb51,val,How_to_Play_Professional_Basketball_-_The_Two_Dribble_Basketball_Drill_dribble_f_cm_np1_ba_med_7,data/HMDB51_data/videos/dribble/How_to_Play_Professional_Basketball_-_The_Two_Dribble_Basketball_Drill_dribble_f_cm_np1_ba_med_7.avi,9,8,50,8,9,True,True,0.9291544556617737,0.01687389612197876,0.0035713649122044444,0.6529525588266551,78,5,8,8,False,
hmdb51,val,How_to_Improve_Your_Basketball_Skills_-_How_to_Dribble_a_Basketball_Between_the_Legs_dribble_f_cm_np1_fr_med_1,data/HMDB51_data/videos/dribble/How_to_Improve_Your_Basketball_Skills_-_How_to_Dribble_a_Basketball_Between_the_Legs_dribble_f_cm_np1_fr_med_1.avi,9,8,50,8,9,True,True,0.9583268761634827,0.016142304055392742,0.0035713649122044444,0.6346206907182932,78,5,8,8,False,
hmdb51,val,Basketball_Dribbling_-_Basketball_Dribbling-_Having_a_Good_Base_dribble_f_nm_np2_ri_med_5,data/HMDB51_data/videos/dribble/Basketball_Dribbling_-_Basketball_Dribbling-_Having_a_Good_Base_dribble_f_nm_np2_ri_med_5.avi,9,8,50,8,9,True,True,0.5962364673614502,0.015027489978820086,0.0035713649122044444,0.6164910132065415,79,5,8,8,False,
hmdb51,val,Basketball_Dribbling_Drills_-_The_12_Inch_Dribble_Drill_in_Basketball_dribble_f_cm_np1_ri_med_4,data/HMDB51_data/videos/dribble/Basketball_Dribbling_Drills_-_The_12_Inch_Dribble_Drill_in_Basketball_dribble_f_cm_np1_ri_med_4.avi,9,8,50,8,9,True,True,0.9551944136619568,0.01871630223467946,0.0035713649122044444,0.5996154053136706,78,5,8,8,False,
hmdb51,val,JordanWorld_sbest6yearoldBaller_dribble_f_cm_np1_fr_med_9,data/HMDB51_data/videos/dribble/JordanWorld_sbest6yearoldBaller_dribble_f_cm_np1_fr_med_9.avi,9,8,50,8,9,True,True,0.3421538472175598,0.02049652161076665,0.0035713649122044444,0.5790470307692885,94,6,8,8,False,
hmdb51,val,AdamandAlvonplayingbasketball1_dribble_f_cm_np1_ri_med_2,data/HMDB51_data/videos/dribble/AdamandAlvonplayingbasketball1_dribble_f_cm_np1_ri_med_2.avi,9,8,50,8,9,True,True,0.7646406292915344,0.017537215258926153,0.0035713649122044444,0.5563835557550192,112,7,8,8,False,
hmdb51,val,10YearOldYouthBasketballStarBaller_dribble_f_cm_np1_fr_med_7,data/HMDB51_data/videos/dribble/10YearOldYouthBasketballStarBaller_dribble_f_cm_np1_fr_med_7.avi,9,8,50,8,9,True,True,0.9604875445365906,0.058685243129730225,0.0035713649122044444,0.5375836659222841,359,8,8,8,False,
hmdb51,val,JordanWorld_sbest6yearoldBaller_dribble_f_cm_np1_fr_med_4,data/HMDB51_data/videos/dribble/JordanWorld_sbest6yearoldBaller_dribble_f_cm_np1_fr_med_4.avi,9,8,50,8,9,True,True,0.9477735161781311,0.03090999973937869,0.0035918358771596104,1.2503538001328707,141,8,8,8,False,
hmdb51,val,Basketball_Dribbling_Drills_-_The_12_Inch_Dribble_Drill_in_Basketball_dribble_f_cm_np1_fr_med_5,data/HMDB51_data/videos/dribble/Basketball_Dribbling_Drills_-_The_12_Inch_Dribble_Drill_in_Basketball_dribble_f_cm_np1_fr_med_5.avi,9,8,50,8,34,False,True,0.698172926902771,0.018735690973699093,0.0035918358771596104,1.21495794178918,78,5,8,8,False,
hmdb51,val,AdamandAlvonplayingbasketball1_dribble_f_cm_np1_fr_med_5,data/HMDB51_data/videos/dribble/AdamandAlvonplayingbasketball1_dribble_f_cm_np1_fr_med_5.avi,9,8,50,8,34,False,True,0.4507021903991699,0.015538825653493404,0.0035918358771596104,1.1943959281779826,96,6,8,8,False,
hmdb51,val,Basketball_Dribbling_Tips__2_dribble_f_cm_np1_le_med_5,data/HMDB51_data/videos/dribble/Basketball_Dribbling_Tips__2_dribble_f_cm_np1_le_med_5.avi,9,8,50,8,9,True,True,0.9513339996337891,0.015366087201982737,0.0035918358771596104,1.1763082048855722,78,5,8,8,False,
hmdb51,val,PlayingBasketballGotWater_dribble_f_nm_np1_fr_med_5,data/HMDB51_data/videos/dribble/PlayingBasketballGotWater_dribble_f_nm_np1_fr_med_5.avi,9,8,50,8,34,False,True,0.8805579543113708,0.02868260396644473,0.0035918358771596104,1.1585269160568714,142,8,8,8,False,
hmdb51,val,Basketball_Dribbling_Drills_-_The_Left_dribble_f_cm_np1_fr_med_2,data/HMDB51_data/videos/dribble/Basketball_Dribbling_Drills_-_The_Left_dribble_f_cm_np1_fr_med_2.avi,9,8,50,8,9,True,True,0.9522963166236877,0.015989191830158234,0.0035918358771596104,1.1271359589882195,78,5,8,8,False,
hmdb51,val,Sibu_Malaysia_Vacation_little_brother_dribbling_basketball_Sarawak_dribble_f_cm_np1_ri_med_7,data/HMDB51_data/videos/dribble/Sibu_Malaysia_Vacation_little_brother_dribbling_basketball_Sarawak_dribble_f_cm_np1_ri_med_7.avi,9,8,50,8,9,True,True,0.9067663550376892,0.017337700352072716,0.0035918358771596104,1.1087953699752688,78,5,8,8,False,
hmdb51,val,How_to_Improve_Your_Basketball_Skills_-_How_to_Dribble_a_Basketball_Between_the_Legs_dribble_f_cm_np1_fr_med_0,data/HMDB51_data/videos/dribble/How_to_Improve_Your_Basketball_Skills_-_How_to_Dribble_a_Basketball_Between_the_Legs_dribble_f_cm_np1_fr_med_0.avi,9,8,50,8,9,True,True,0.9579569697380066,0.015770508907735348,0.0035918358771596104,1.0892157121561468,58,4,8,8,False,
hmdb51,val,AmericanGangster_drink_h_nm_np1_fr_goo_17,data/HMDB51_data/videos/drink/AmericanGangster_drink_h_nm_np1_fr_goo_17.avi,10,8,50,8,48,False,True,0.3318066895008087,0.022821743041276932,0.0035918358771596104,1.0715254819951952,110,7,8,8,False,
hmdb51,val,LONGESTYARD_drink_u_cm_np1_fr_med_20,data/HMDB51_data/videos/drink/LONGESTYARD_drink_u_cm_np1_fr_med_20.avi,10,8,50,8,49,False,False,0.6567704081535339,0.024594925809651613,0.0035918358771596104,1.0459227040410042,77,5,8,8,False,
hmdb51,val,KUNG_FU_HUSTLE_drink_h_cm_np1_fr_goo_5,data/HMDB51_data/videos/drink/KUNG_FU_HUSTLE_drink_h_cm_np1_fr_goo_5.avi,10,8,50,8,49,False,True,0.3171316683292389,0.022399192675948143,0.0035918358771596104,1.0166716580279171,81,5,8,8,False,
hmdb51,val,OldSchool_drink_u_nm_np1_ri_goo_5,data/HMDB51_data/videos/drink/OldSchool_drink_u_nm_np1_ri_goo_5.avi,10,8,50,8,10,True,True,0.43542519211769104,0.020178294274955988,0.0035918358771596104,0.9899787208996713,108,7,8,8,False,
hmdb51,val,A_Beautiful_Mind_1_drink_u_cm_np1_fr_goo_4,data/HMDB51_data/videos/drink/A_Beautiful_Mind_1_drink_u_cm_np1_fr_goo_4.avi,10,8,50,8,10,True,True,0.3769221305847168,0.027598040644079447,0.0035918358771596104,0.9675720632076263,148,8,8,8,False,
hmdb51,val,Juno_drink_h_nm_np1_fr_goo_0,data/HMDB51_data/videos/drink/Juno_drink_h_nm_np1_fr_goo_0.avi,10,8,50,8,37,False,True,0.16961292922496796,0.02657903917133808,0.0035918358771596104,0.9374192152172327,130,8,8,8,False,
hmdb51,val,AmericanGangster_drink_u_cm_np1_fr_med_36,data/HMDB51_data/videos/drink/AmericanGangster_drink_u_cm_np1_fr_med_36.avi,10,8,50,8,49,False,False,0.7726338505744934,0.015709310304373503,0.0035918358771596104,0.9096015617251396,55,4,8,8,False,
hmdb51,val,BLACK_HAWK_DOWN_drink_u_nm_np1_fr_goo_4,data/HMDB51_data/videos/drink/BLACK_HAWK_DOWN_drink_u_nm_np1_fr_goo_4.avi,10,8,50,8,49,False,False,0.541509747505188,0.016110586933791637,0.0035918358771596104,0.8907529562711716,48,3,8,8,False,
hmdb51,val,AllThePresidentMen_drink_f_nm_np2_ri_med_2,data/HMDB51_data/videos/drink/AllThePresidentMen_drink_f_nm_np2_ri_med_2.avi,10,8,50,8,49,False,False,0.6237421035766602,0.030437029898166656,0.0035918358771596104,0.8707992490381002,143,8,8,8,False,
hmdb51,val,Oceans11_drink_h_nm_np1_fr_goo_8,data/HMDB51_data/videos/drink/Oceans11_drink_h_nm_np1_fr_goo_8.avi,10,8,50,8,46,False,True,0.30721303820610046,0.01778825419023633,0.0035918358771596104,0.836810349021107,57,4,8,8,False,
hmdb51,val,MeettheFockers_drink_u_nm_np1_fr_goo_6,data/HMDB51_data/videos/drink/MeettheFockers_drink_u_nm_np1_fr_goo_6.avi,10,8,50,8,49,False,True,0.1582195907831192,0.020073192194104195,0.0035918358771596104,0.8147625508718193,53,4,8,8,False,
hmdb51,val,Oceans13_drink_u_nm_np1_ri_goo_4,data/HMDB51_data/videos/drink/Oceans13_drink_u_nm_np1_ri_goo_4.avi,10,8,50,8,49,False,True,0.3329464793205261,0.02357150288298726,0.0035918358771596104,0.793352076318115,77,5,8,8,False,
hmdb51,val,Return_of_the_King_13_drink_h_nm_np1_fr_goo_1,data/HMDB51_data/videos/drink/Return_of_the_King_13_drink_h_nm_np1_fr_goo_1.avi,10,8,50,8,40,False,True,0.33810004591941833,0.02116868831217289,0.0035918358771596104,0.7681164229288697,111,7,8,8,False,
hmdb51,val,IamLegend_drink_h_nm_np1_fr_goo_22,data/HMDB51_data/videos/drink/IamLegend_drink_h_nm_np1_fr_goo_22.avi,10,8,50,8,48,False,True,0.19885757565498352,0.021870573051273823,0.0035918358771596104,0.7442917576991022,54,4,8,8,False,
hmdb51,val,TheRoyalTenenbaums_drink_u_nm_np1_le_goo_1,data/HMDB51_data/videos/drink/TheRoyalTenenbaums_drink_u_nm_np1_le_goo_1.avi,10,8,50,8,49,False,False,0.3582344353199005,0.021611967589706182,0.0035918358771596104,0.7186143980361521,83,6,8,8,False,
hmdb51,val,AllThePresidentMen_drink_f_nm_np1_ri_med_8,data/HMDB51_data/videos/drink/AllThePresidentMen_drink_f_nm_np1_ri_med_8.avi,10,8,50,8,10,True,True,0.2863851487636566,0.023762408643960953,0.0035918358771596104,0.6939858137629926,106,7,8,8,False,
hmdb51,val,Veoh_Alpha_Dog_1_drink_u_nm_np1_fr_goo_40,data/HMDB51_data/videos/drink/Veoh_Alpha_Dog_1_drink_u_nm_np1_fr_goo_40.avi,10,8,50,8,48,False,True,0.41746097803115845,0.03144865110516548,0.0035918358771596104,0.6678183269686997,115,8,8,8,False,
hmdb51,val,AmericanGangster_drink_h_nm_np1_ri_med_3,data/HMDB51_data/videos/drink/AmericanGangster_drink_h_nm_np1_ri_med_3.avi,10,8,50,8,10,True,True,0.16298872232437134,0.017777007073163986,0.0035918358771596104,0.6327535728923976,78,5,8,8,False,
hmdb51,val,BIG_FISH_drink_u_nm_np1_fr_goo_5,data/HMDB51_data/videos/drink/BIG_FISH_drink_u_nm_np1_fr_goo_5.avi,10,8,50,8,10,True,True,0.511064887046814,0.022622474003583193,0.0035918358771596104,0.6110236141830683,104,7,8,8,False,
hmdb51,val,Two_Towers_3_drink_h_nm_np1_fr_goo_11,data/HMDB51_data/videos/drink/Two_Towers_3_drink_h_nm_np1_fr_goo_11.avi,10,8,50,8,46,False,True,0.18961448967456818,0.019927490036934614,0.0035918358771596104,0.5850752149708569,93,6,8,8,False,
hmdb51,val,AMADEUS_eat_u_nm_np1_fr_goo_10,data/HMDB51_data/videos/eat/AMADEUS_eat_u_nm_np1_fr_goo_10.avi,11,8,50,8,49,False,False,0.1209138035774231,0.016524826176464558,0.0035918358771596104,0.5631858957931399,79,5,8,8,False,
hmdb51,val,BIG_FISH_eat_h_nm_np1_ri_goo_30,data/HMDB51_data/videos/eat/BIG_FISH_eat_h_nm_np1_ri_goo_30.avi,11,8,50,8,10,False,True,0.37768763303756714,0.0170776741579175,0.0035918358771596104,0.5432105730287731,60,4,8,8,False,
hmdb51,val,The_Departed_-_Part_1_eat_h_nm_np1_fr_goo_5,data/HMDB51_data/videos/eat/The_Departed_-_Part_1_eat_h_nm_np1_fr_goo_5.avi,11,8,50,8,48,False,True,0.26716938614845276,0.019685484934598207,0.0035918358771596104,0.5215586577542126,78,5,8,8,False,
hmdb51,val,BIG_FISH_eat_u_nm_np1_fr_goo_19,data/HMDB51_data/videos/eat/BIG_FISH_eat_u_nm_np1_fr_goo_19.avi,11,8,50,8,48,False,True,0.17123377323150635,0.020496999379247427,0.0035918358771596104,0.49900450790300965,78,5,8,8,False,
hmdb51,val,KUNG_FU_HUSTLE_eat_h_cm_np1_le_goo_25,data/HMDB51_data/videos/eat/KUNG_FU_HUSTLE_eat_h_cm_np1_le_goo_25.avi,11,8,50,8,10,False,True,0.32446929812431335,0.029821028001606464,0.0037097565655130893,1.1808092477731407,103,7,8,8,False,
hmdb51,val,MeettheParents_eat_h_nm_np1_fr_goo_3,data/HMDB51_data/videos/eat/MeettheParents_eat_h_nm_np1_fr_goo_3.avi,11,8,50,8,48,False,True,0.32124224305152893,0.02196324011310935,0.0037097565655130893,1.1473369719460607,56,4,8,8,False,
hmdb51,val,The_Departed_-_Part_1_eat_h_nm_np1_fr_goo_4,data/HMDB51_data/videos/eat/The_Departed_-_Part_1_eat_h_nm_np1_fr_goo_4.avi,11,8,50,8,10,False,True,0.5492140650749207,0.019411138724535704,0.0037097565655130893,1.1236574961803854,77,5,8,8,False,
hmdb51,val,NoCountryForOldMen_eat_u_nm_np1_fr_med_2,data/HMDB51_data/videos/eat/NoCountryForOldMen_eat_u_nm_np1_fr_med_2.avi,11,8,50,8,10,False,True,0.2622694969177246,0.016627235803753138,0.0037097565655130893,1.1014219815842807,79,5,8,8,False,
hmdb51,val,RETURN_OF_THE_KING_eat_u_nm_np1_le_med_15,data/HMDB51_data/videos/eat/RETURN_OF_THE_KING_eat_u_nm_np1_le_med_15.avi,11,8,50,8,49,False,False,0.19897964596748352,0.024413933977484703,0.0037097565655130893,1.081728857010603,108,7,8,8,False,
hmdb51,val,RETURN_OF_THE_KING_eat_u_nm_np1_ri_med_20,data/HMDB51_data/videos/eat/RETURN_OF_THE_KING_eat_u_nm_np1_ri_med_20.avi,11,8,50,8,10,False,True,0.33903566002845764,0.028583542443811893,0.0037097565655130893,1.0550754889845848,108,7,8,8,False,
hmdb51,val,TheBoondockSaints_eat_h_nm_np1_fr_med_81,data/HMDB51_data/videos/eat/TheBoondockSaints_eat_h_nm_np1_fr_med_81.avi,11,8,50,8,10,False,True,0.5668110251426697,0.01586468704044819,0.0037097565655130893,1.024664608296007,50,4,8,8,False,
hmdb51,val,AMADEUS_eat_u_nm_np1_fr_med_5,data/HMDB51_data/videos/eat/AMADEUS_eat_u_nm_np1_fr_med_5.avi,11,8,50,8,10,False,True,0.41159895062446594,0.015725973062217236,0.0037097565655130893,1.0064943400211632,79,5,8,8,False,
hmdb51,val,CastAway1_eat_h_nm_np1_fr_goo_8,data/HMDB51_data/videos/eat/CastAway1_eat_h_nm_np1_fr_goo_8.avi,11,8,50,8,10,False,True,0.24383467435836792,0.01772112911567092,0.0037097565655130893,0.9877171111293137,80,5,8,8,False,
hmdb51,val,Pirates_3_eat_h_nm_np1_fr_goo_4,data/HMDB51_data/videos/eat/Pirates_3_eat_h_nm_np1_fr_goo_4.avi,11,8,50,8,10,False,True,0.4362557828426361,0.01580521324649453,0.0037097565655130893,0.9685241039842367,56,4,8,8,False,
hmdb51,val,ChildrenOfMen_eat_u_cm_np1_fr_med_3,data/HMDB51_data/videos/eat/ChildrenOfMen_eat_u_cm_np1_fr_med_3.avi,11,8,50,8,49,False,False,0.3049652874469757,0.016675481107085943,0.0037097565655130893,0.9513623691163957,79,5,8,8,False,
hmdb51,val,RETURN_OF_THE_KING_eat_h_nm_np1_fr_goo_18,data/HMDB51_data/videos/eat/RETURN_OF_THE_KING_eat_h_nm_np1_fr_goo_18.avi,11,8,50,8,48,False,True,0.233491450548172,0.017319024074822664,0.0037097565655130893,0.9328847546130419,54,4,8,8,False,
hmdb51,val,Veoh_Alpha_Dog_1_fall_floor_u_cm_np1_fr_med_46,data/HMDB51_data/videos/fall_floor/Veoh_Alpha_Dog_1_fall_floor_u_cm_np1_fr_med_46.avi,12,8,50,8,12,True,True,0.18728771805763245,0.018700390122830868,0.0037097565655130893,0.9136308347806334,60,4,8,8,False,
hmdb51,val,HP_PRISONER_OF_AZKABAN_fall_floor_u_cm_np1_fr_med_14,data/HMDB51_data/videos/fall_floor/HP_PRISONER_OF_AZKABAN_fall_floor_u_cm_np1_fr_med_14.avi,12,8,50,8,5,False,False,0.8396851420402527,0.031450935173779726,0.0037097565655130893,0.8918527942150831,50,4,8,8,False,
hmdb51,val,BIG_FISH_fall_floor_f_cm_np1_fr_med_24,data/HMDB51_data/videos/fall_floor/BIG_FISH_fall_floor_f_cm_np1_fr_med_24.avi,12,8,50,8,49,False,True,0.44645893573760986,0.019033747725188732,0.0037097565655130893,0.857264248188585,72,5,8,8,False,
hmdb51,val,American_History_X_fall_floor_f_cm_np1_ba_med_3,data/HMDB51_data/videos/fall_floor/American_History_X_fall_floor_f_cm_np1_ba_med_3.avi,12,8,50,8,49,False,False,0.6141042709350586,0.014497102703899145,0.0037097565655130893,0.8355163279920816,34,3,8,8,False,
hmdb51,val,BATMAN_BEGINS_fall_floor_f_cm_np1_ba_med_3,data/HMDB51_data/videos/fall_floor/BATMAN_BEGINS_fall_floor_f_cm_np1_ba_med_3.avi,12,8,50,8,32,False,True,0.33267390727996826,0.020997582003474236,0.0037097565655130893,0.8195155928842723,49,3,8,8,False,
hmdb51,val,SweeneyTodd_fall_floor_u_nm_np1_fr_bad_12,data/HMDB51_data/videos/fall_floor/SweeneyTodd_fall_floor_u_nm_np1_fr_bad_12.avi,12,8,50,8,49,False,False,0.7448487877845764,0.011402243748307228,0.0037097565655130893,0.7959771868772805,48,3,8,8,False,
hmdb51,val,RETURN_OF_THE_KING_fall_floor_f_nm_np1_fr_med_49,data/HMDB51_data/videos/fall_floor/RETURN_OF_THE_KING_fall_floor_f_nm_np1_fr_med_49.avi,12,8,50,8,10,False,False,0.3483498990535736,0.018890209030359983,0.0037097565655130893,0.7816666280850768,49,3,8,8,False,
hmdb51,val,KUNG_FU_HUSTLE_fall_floor_f_nm_np1_le_bad_0,data/HMDB51_data/videos/fall_floor/KUNG_FU_HUSTLE_fall_floor_f_nm_np1_le_bad_0.avi,12,8,50,8,49,False,True,0.45694592595100403,0.01569867692887783,0.0037097565655130893,0.7616058811545372,49,3,8,8,False,
hmdb51,val,BATMAN_BEGINS_fall_floor_h_cm_np1_fr_bad_2,data/HMDB51_data/videos/fall_floor/BATMAN_BEGINS_fall_floor_h_cm_np1_fr_bad_2.avi,12,8,50,8,49,False,True,0.34074342250823975,0.02005800325423479,0.0037097565655130893,0.7431506770662963,74,5,8,8,False,
hmdb51,val,BATMAN_BEGINS_fall_floor_f_cm_np1_ba_med_5,data/HMDB51_data/videos/fall_floor/BATMAN_BEGINS_fall_floor_f_cm_np1_ba_med_5.avi,12,8,50,8,49,False,False,0.7112016677856445,0.013786925002932549,0.0037097565655130893,0.7204915853217244,48,3,8,8,False,
hmdb51,val,CasinoRoyale_fall_floor_f_cm_np1_fr_med_7,data/HMDB51_data/videos/fall_floor/CasinoRoyale_fall_floor_f_cm_np1_fr_med_7.avi,12,8,50,8,49,False,False,0.7141010761260986,0.02669362397864461,0.0037097565655130893,0.7039280910976231,79,5,8,8,False,
hmdb51,val,LONGESTYARD_fall_floor_f_cm_np1_le_med_31,data/HMDB51_data/videos/fall_floor/LONGESTYARD_fall_floor_f_cm_np1_le_med_31.avi,12,8,50,8,32,False,False,0.31775161623954773,0.015987828839570284,0.0037097565655130893,0.6751566887833178,47,3,8,8,False,
hmdb51,val,THE_PROTECTOR_fall_floor_f_cm_np1_ba_med_85,data/HMDB51_data/videos/fall_floor/THE_PROTECTOR_fall_floor_f_cm_np1_ba_med_85.avi,12,8,50,8,20,False,True,0.27703624963760376,0.014364022761583328,0.0037097565655130893,0.6564392731525004,49,3,8,8,False,
hmdb51,val,TheLittleShopofHorrors_fall_floor_u_cm_np1_ri_med_10,data/HMDB51_data/videos/fall_floor/TheLittleShopofHorrors_fall_floor_u_cm_np1_ri_med_10.avi,12,8,50,8,49,False,False,0.5145629644393921,0.01663853833451867,0.0037097565655130893,0.6390387993305922,54,4,8,8,False,
hmdb51,val,BIG_FISH_fall_floor_f_nm_np1_fr_med_26,data/HMDB51_data/videos/fall_floor/BIG_FISH_fall_floor_f_nm_np1_fr_med_26.avi,12,8,50,8,49,False,False,0.8503982424736023,0.020974099170416594,0.0037097565655130893,0.6210340540856123,79,5,8,8,False,
hmdb51,val,KUNG_FU_HUSTLE_fall_floor_f_cm_np1_ba_med_50,data/HMDB51_data/videos/fall_floor/KUNG_FU_HUSTLE_fall_floor_f_cm_np1_ba_med_50.avi,12,8,50,8,12,True,True,0.32192325592041016,0.031829462852329016,0.0037097565655130893,0.5977265839464962,74,5,8,8,False,
hmdb51,val,LONGESTYARD_fall_floor_h_nm_np1_fr_med_5,data/HMDB51_data/videos/fall_floor/LONGESTYARD_fall_floor_h_nm_np1_fr_med_5.avi,12,8,50,8,6,False,False,0.13553258776664734,0.018439651932567358,0.0037097565655130893,0.5608208440244198,56,4,8,8,False,
hmdb51,val,RETURN_OF_THE_KING_fall_floor_u_cm_np1_fr_med_37,data/HMDB51_data/videos/fall_floor/RETURN_OF_THE_KING_fall_floor_u_cm_np1_fr_med_37.avi,12,8,50,8,12,True,True,0.1253167986869812,0.016174769029021263,0.0037097565655130893,0.5390165820717812,45,3,8,8,False,
hmdb51,val,KUNG_FU_HUSTLE_fall_floor_u_nm_np1_le_med_4,data/HMDB51_data/videos/fall_floor/KUNG_FU_HUSTLE_fall_floor_u_nm_np1_le_med_4.avi,12,8,50,8,42,False,False,0.18664222955703735,0.015446967910975218,0.0037097565655130893,0.5214124890044332,49,3,8,8,False,
hmdb51,val,THE_PROTECTOR_fall_floor_f_nm_np1_fr_med_61,data/HMDB51_data/videos/fall_floor/THE_PROTECTOR_fall_floor_f_nm_np1_fr_med_61.avi,12,8,50,8,49,False,True,0.26741093397140503,0.02085597300902009,0.0037097565655130893,0.5036340830847621,84,6,8,8,False,
hmdb51,val,Rapier_and_Rotella_(Shield)_Second_Bout_Nick_vs__Gareth_fencing_f_cm_np2_ri_bad_0,data/HMDB51_data/videos/fencing/Rapier_and_Rotella_(Shield)_Second_Bout_Nick_vs__Gareth_fencing_f_cm_np2_ri_bad_0.avi,13,8,50,8,13,True,True,0.6827616095542908,0.016693834215402603,0.003571181368897669,1.0462890043854713,41,3,8,8,False,
hmdb51,val,Rapier_at_Clinton_2007_fencing_f_cm_np2_ri_bad_1,data/HMDB51_data/videos/fencing/Rapier_at_Clinton_2007_fencing_f_cm_np2_ri_bad_1.avi,13,8,50,8,44,False,True,0.30481788516044617,0.011966728139668703,0.003571181368897669,1.0254432638175786,48,3,8,8,False,
hmdb51,val,Stage_Combat_Rapier_and_Dagger_fencing_f_cm_np2_le_bad_0,data/HMDB51_data/videos/fencing/Stage_Combat_Rapier_and_Dagger_fencing_f_cm_np2_le_bad_0.avi,13,8,50,8,45,False,True,0.2354651540517807,0.01202497910708189,0.003571181368897669,1.0101651707664132,48,3,8,8,False,
hmdb51,val,The_Three_Musketeers_(1993)_Final_Battle_2_3_fencing_u_cm_np1_fr_bad_0,data/HMDB51_data/videos/fencing/The_Three_Musketeers_(1993)_Final_Battle_2_3_fencing_u_cm_np1_fr_bad_0.avi,13,8,50,8,49,False,False,0.4542647898197174,0.017411877866834402,0.003571181368897669,0.9959438750520349,40,3,8,8,False,
hmdb51,val,Redrock_Fencing_Club_Stab_N_Grab_Week_9_fencing_f_cm_np2_le_bad_0,data/HMDB51_data/videos/fencing/Redrock_Fencing_Club_Stab_N_Grab_Week_9_fencing_f_cm_np2_le_bad_0.avi,13,8,50,8,13,True,True,0.45489299297332764,0.015691129956394434,0.003571181368897669,0.974398912396282,50,4,8,8,False,
hmdb51,val,Scaramouche__1952_fencing_u_cm_np2_fr_goo_1,data/HMDB51_data/videos/fencing/Scaramouche__1952_fencing_u_cm_np2_fr_goo_1.avi,13,8,50,8,20,False,True,0.5971961617469788,0.029234368819743395,0.003571181368897669,0.9555709809064865,146,8,8,8,False,
hmdb51,val,The_Scarlet_Pimpernel_-_duel_fencing_f_cm_np2_ba_goo_1,data/HMDB51_data/videos/fencing/The_Scarlet_Pimpernel_-_duel_fencing_f_cm_np2_ba_goo_1.avi,13,8,50,8,20,False,False,0.15613672137260437,0.019522394984960556,0.003571181368897669,0.9222461450845003,77,5,8,8,False,
hmdb51,val,Die_Another_Day_-_Fencing_Scene_Part_1_[HD]_avi_fencing_u_cm_np2_fr_goo_3,data/HMDB51_data/videos/fencing/Die_Another_Day_-_Fencing_Scene_Part_1_[HD]_avi_fencing_u_cm_np2_fr_goo_3.avi,13,8,50,8,20,False,True,0.4252062439918518,0.02343421010300517,0.003571181368897669,0.9003928508609533,90,6,8,8,False,
hmdb51,val,Fencing_Epee_fencing_f_cm_np2_le_bad_2,data/HMDB51_data/videos/fencing/Fencing_Epee_fencing_f_cm_np2_le_bad_2.avi,13,8,50,8,13,True,True,0.5416358709335327,0.014068962074816227,0.003571181368897669,0.875541168730706,58,4,8,8,False,
hmdb51,val,The_Scarlet_Pimpernel_-_duel_fencing_u_cm_np2_le_bad_3,data/HMDB51_data/videos/fencing/The_Scarlet_Pimpernel_-_duel_fencing_u_cm_np2_le_bad_3.avi,13,8,50,8,13,True,True,0.24700288474559784,0.020386461168527603,0.003571181368897669,0.8585859090089798,103,7,8,8,False,
hmdb51,val,Redrock_Fencing_Club_Stab_N_Grab_Week_9_fencing_f_cm_np2_ri_bad_1,data/HMDB51_data/videos/fencing/Redrock_Fencing_Club_Stab_N_Grab_Week_9_fencing_f_cm_np2_ri_bad_1.avi,13,8,50,8,13,True,True,0.824901819229126,0.011614792980253696,0.003571181368897669,0.8352633924223483,45,3,8,8,False,
hmdb51,val,Stage_Combat_-_Sword_Fight_fencing_f_nm_np2_ba_bad_0,data/HMDB51_data/videos/fencing/Stage_Combat_-_Sword_Fight_fencing_f_nm_np2_ba_bad_0.avi,13,8,50,8,45,False,True,0.29550665616989136,0.012284236028790474,0.003571181368897669,0.8222050042822957,55,4,8,8,False,
hmdb51,val,Swordplay_Alliance_Rapier_and_Dagger_fight_fencing_f_cm_np2_ri_bad_2,data/HMDB51_data/videos/fencing/Swordplay_Alliance_Rapier_and_Dagger_fight_fencing_f_cm_np2_ri_bad_2.avi,13,8,50,8,13,True,True,0.453071653842926,0.012471321038901806,0.003571181368897669,0.8088292018510401,63,4,8,8,False,
hmdb51,val,Rapier_and_Rotella_(Shield)_Second_Bout_Nick_vs__Gareth_fencing_f_cm_np2_le_bad_2,data/HMDB51_data/videos/fencing/Rapier_and_Rotella_(Shield)_Second_Bout_Nick_vs__Gareth_fencing_f_cm_np2_le_bad_2.avi,13,8,50,8,13,True,True,0.13580003380775452,0.011238989885896444,0.003571181368897669,0.7935639843344688,49,3,8,8,False,
hmdb51,val,AHF_Rapier_fencing_f_cm_np2_le_bad_2,data/HMDB51_data/videos/fencing/AHF_Rapier_fencing_f_cm_np2_le_bad_2.avi,13,8,50,8,13,True,True,0.8596088290214539,0.013822174165397882,0.003571181368897669,0.7809692788869143,55,4,8,8,False,
hmdb51,val,Redrock_Fencing_Club_Stab_N_Grab_Week_9_fencing_f_cm_np2_le_bad_2,data/HMDB51_data/videos/fencing/Redrock_Fencing_Club_Stab_N_Grab_Week_9_fencing_f_cm_np2_le_bad_2.avi,13,8,50,8,13,True,True,0.6845911741256714,0.013595372438430786,0.003571181368897669,0.7656000531278551,62,4,8,8,False,
hmdb51,val,Advanced_Rapier_fencing_f_cm_np2_le_bad_0,data/HMDB51_data/videos/fencing/Advanced_Rapier_fencing_f_cm_np2_le_bad_0.avi,13,8,50,8,45,False,True,0.40893101692199707,0.01331800501793623,0.003571181368897669,0.7503159958869219,58,4,8,8,False,
hmdb51,val,JOAKIN_(air_tricks_extreme)_flic_flac_f_cm_np1_le_med_3,data/HMDB51_data/videos/flic_flac/JOAKIN_(air_tricks_extreme)_flic_flac_f_cm_np1_le_med_3.avi,14,8,50,8,41,False,True,0.35557153820991516,0.011727046687155962,0.003571181368897669,0.7356514800339937,43,3,8,8,False,
hmdb51,val,Flick-flack_van_Yanniek_flic_flac_f_cm_np1_ri_med_0,data/HMDB51_data/videos/flic_flac/Flick-flack_van_Yanniek_flic_flac_f_cm_np1_ri_med_0.avi,14,8,50,8,1,False,True,0.2041601836681366,0.014276828151196241,0.003571181368897669,0.7221207940019667,53,4,8,8,False,
hmdb51,val,7_Flickflacks_flic_flac_f_cm_np1_le_med_0,data/HMDB51_data/videos/flic_flac/7_Flickflacks_flic_flac_f_cm_np1_le_med_0.avi,14,8,50,8,41,False,True,0.2807103991508484,0.014999947976320982,0.003571181368897669,0.7061767601408064,79,5,8,8,False,
hmdb51,val,Meto_Demo_BHS__Flick_Flack_flic_flac_f_cm_np1_le_med_7,data/HMDB51_data/videos/flic_flac/Meto_Demo_BHS__Flick_Flack_flic_flac_f_cm_np1_le_med_7.avi,14,8,50,8,14,True,True,0.3692561686038971,0.01904489565640688,0.003571181368897669,0.6891787000931799,79,5,8,8,False,
hmdb51,val,Round-Off_Flick_Flack!!_flic_flac_f_cm_np1_le_med_0,data/HMDB51_data/videos/flic_flac/Round-Off_Flick_Flack!!_flic_flac_f_cm_np1_le_med_0.avi,14,8,50,8,28,False,True,0.3133825957775116,0.02445758879184723,0.003571181368897669,0.667146016843617,79,5,8,8,False,
hmdb51,val,Rush_Hour_4_Turnk_r_flic_flac_f_cm_np1_ri_med_5,data/HMDB51_data/videos/flic_flac/Rush_Hour_4_Turnk_r_flic_flac_f_cm_np1_ri_med_5.avi,14,8,50,8,14,True,True,0.4336718022823334,0.015704086981713772,0.003571181368897669,0.6412479230202734,80,5,8,8,False,
hmdb51,val,Rush_Hour_4_Turnk_r_flic_flac_f_cm_np1_ri_med_4,data/HMDB51_data/videos/flic_flac/Rush_Hour_4_Turnk_r_flic_flac_f_cm_np1_ri_med_4.avi,14,8,50,8,14,True,True,0.5116528868675232,0.016107693314552307,0.003571181368897669,0.6239109877496958,80,5,8,8,False,
hmdb51,val,JOAKIN_(air_tricks_extreme)_flic_flac_f_cm_np1_ri_med_7,data/HMDB51_data/videos/flic_flac/JOAKIN_(air_tricks_extreme)_flic_flac_f_cm_np1_ri_med_7.avi,14,8,50,8,16,False,True,0.5618824362754822,0.014658152125775814,0.003571181368897669,0.6048110127449036,78,5,8,8,False,
hmdb51,val,Flick_Flack_Salto_flic_flac_f_cm_np1_ri_med_0,data/HMDB51_data/videos/flic_flac/Flick_Flack_Salto_flic_flac_f_cm_np1_ri_med_0.avi,14,8,50,8,14,True,True,0.3757935166358948,0.012382475193589926,0.003571181368897669,0.5884148441255093,43,3,8,8,False,
hmdb51,val,Turnen_Training_flick_flack_salto_gymnastics_backhandspring_backtuck_flic_flac_f_cm_np1_fr_bad_2,data/HMDB51_data/videos/flic_flac/Turnen_Training_flick_flack_salto_gymnastics_backhandspring_backtuck_flic_flac_f_cm_np1_fr_bad_2.avi,14,8,50,8,41,False,True,0.40313735604286194,0.010976828169077635,0.003571181368897669,0.5743216103874147,45,3,8,8,False,
hmdb51,val,JOAKIN_(air_tricks_extreme)_flic_flac_f_cm_np1_le_med_0,data/HMDB51_data/videos/flic_flac/JOAKIN_(air_tricks_extreme)_flic_flac_f_cm_np1_le_med_0.avi,14,8,50,8,14,True,True,0.5124415159225464,0.013843908905982971,0.003571181368897669,0.5621082591824234,43,3,8,8,False,
hmdb51,val,6fach_Flick_Flack_flic_flac_f_cm_np1_le_med_2,data/HMDB51_data/videos/flic_flac/6fach_Flick_Flack_flic_flac_f_cm_np1_le_med_2.avi,14,8,50,8,14,True,True,0.3289307653903961,0.016652022022753954,0.003571181368897669,0.5464801238849759,79,5,8,8,False,
hmdb51,val,Meto_Demo_BHS__Flick_Flack_flic_flac_f_cm_np1_ba_med_2,data/HMDB51_data/videos/flic_flac/Meto_Demo_BHS__Flick_Flack_flic_flac_f_cm_np1_ba_med_2.avi,14,8,50,8,1,False,True,0.33041152358055115,0.018520645797252655,0.003571181368897669,0.5282756648957729,80,5,8,8,False,
hmdb51,val,Outdoor-Turnen_flic_flac_f_cm_np1_ri_med_2,data/HMDB51_data/videos/flic_flac/Outdoor-Turnen_flic_flac_f_cm_np1_ri_med_2.avi,14,8,50,8,41,False,True,0.1681928187608719,0.014678338076919317,0.003571181368897669,0.5049281977117062,60,4,8,8,False,
hmdb51,val,Jessica_Heinz_-_Leverkusen_Cup_2006__floor_routine_flic_flac_f_cm_np1_ri_med_1,data/HMDB51_data/videos/flic_flac/Jessica_Heinz_-_Leverkusen_Cup_2006__floor_routine_flic_flac_f_cm_np1_ri_med_1.avi,14,8,50,8,14,True,True,0.46575143933296204,0.011224992107599974,0.003571181368897669,0.48855230724439025,37,3,8,8,False,
hmdb51,val,My_Gymnastics_Outside_flic_flac_f_cm_np1_le_med_0,data/HMDB51_data/videos/flic_flac/My_Gymnastics_Outside_flic_flac_f_cm_np1_le_med_0.avi,14,8,50,8,24,False,False,0.18959689140319824,0.019181248266249895,0.0036090960347792134,1.1063934257254004,42,3,8,8,False,
hmdb51,val,Paula_Creamer_-_Sybase_Classic_2009_golf_f_cm_np1_fr_med_0,data/HMDB51_data/videos/golf/Paula_Creamer_-_Sybase_Classic_2009_golf_f_cm_np1_fr_med_0.avi,15,8,50,8,15,True,True,0.9500001668930054,0.017605229280889034,0.0036090960347792134,1.0851843529380858,79,5,8,8,False,
hmdb51,val,rory_hie_high_school__now_USC_golf_f_nm_np1_ri_goo_0,data/HMDB51_data/videos/golf/rory_hie_high_school__now_USC_golf_f_nm_np1_ri_goo_0.avi,15,8,50,8,15,True,True,0.7638334631919861,0.0161059508100152,0.0036090960347792134,1.0661316933110356,85,6,8,8,False,
hmdb51,val,Probably_the_best_golf_shot_in_the_world_ever!!!_golf_f_cm_np1_ba_med_0,data/HMDB51_data/videos/golf/Probably_the_best_golf_shot_in_the_world_ever!!!_golf_f_cm_np1_ba_med_0.avi,15,8,50,8,17,False,False,0.7141952514648438,0.014765180181711912,0.0036090960347792134,1.0481372131034732,79,5,8,8,False,
hmdb51,val,Rate_my_golf_swing__driver_and_9_iron_golf_f_cm_np1_ri_med_0,data/HMDB51_data/videos/golf/Rate_my_golf_swing__driver_and_9_iron_golf_f_cm_np1_ri_med_0.avi,15,8,50,8,15,True,True,0.8755342364311218,0.016917196102440357,0.0036090960347792134,1.0315644619986415,93,6,8,8,False,
hmdb51,val,Jim_Furyk_Impression_golf_f_cm_np1_ri_med_0,data/HMDB51_data/videos/golf/Jim_Furyk_Impression_golf_f_cm_np1_ri_med_0.avi,15,8,50,8,15,True,True,0.7571618556976318,0.014632904902100563,0.0036090960347792134,1.0116562289185822,78,5,8,8,False,
hmdb51,val,Angel_Cabrera_s_Golf_Swing_golf_f_cm_np1_ri_med_0,data/HMDB51_data/videos/golf/Angel_Cabrera_s_Golf_Swing_golf_f_cm_np1_ri_med_0.avi,15,8,50,8,15,True,True,0.9132094979286194,0.014180767815560102,0.0036090960347792134,0.9953221352770925,79,5,8,8,False,
hmdb51,val,Ben_Hogan_Swing_golf_f_nm_np1_ri_med_2,data/HMDB51_data/videos/golf/Ben_Hogan_Swing_golf_f_nm_np1_ri_med_2.avi,15,8,50,8,15,True,True,0.8579511642456055,0.01476725609973073,0.0036090960347792134,0.979843741748482,79,5,8,8,False,
hmdb51,val,Michelle_Wie__Golf_Swing_golf_f_cm_np1_fr_med_0,data/HMDB51_data/videos/golf/Michelle_Wie__Golf_Swing_golf_f_cm_np1_fr_med_0.avi,15,8,50,8,15,True,True,0.8998951315879822,0.016751519870013,0.0036090960347792134,0.9622030835598707,79,5,8,8,False,
hmdb51,val,bri_vega_golf_f_cm_np1_fr_med_0,data/HMDB51_data/videos/golf/bri_vega_golf_f_cm_np1_fr_med_0.avi,15,8,50,8,15,True,True,0.8265450596809387,0.017466694116592407,0.0036090960347792134,0.943645441904664,78,5,8,8,False,
hmdb51,val,Jordan_Malinoff_and__Anthony_Kim_Practice_golf_f_cm_np1_fr_med_0,data/HMDB51_data/videos/golf/Jordan_Malinoff_and__Anthony_Kim_Practice_golf_f_cm_np1_fr_med_0.avi,15,8,50,8,15,True,True,0.8566426634788513,0.023909544106572866,0.0036090960347792134,0.9243661421351135,111,7,8,8,False,
hmdb51,val,Steve_Elkington_1995_PGA_golf_f_cm_np1_ri_med_0,data/HMDB51_data/videos/golf/Steve_Elkington_1995_PGA_golf_f_cm_np1_ri_med_0.avi,15,8,50,8,15,True,True,0.4946814477443695,0.016262718942016363,0.0036090960347792134,0.8977430099621415,71,5,8,8,False,
hmdb51,val,Mike_Weir_golf_f_cm_np1_fr_med_1,data/HMDB51_data/videos/golf/Mike_Weir_golf_f_cm_np1_fr_med_1.avi,15,8,50,8,15,True,True,0.7856264114379883,0.017033693380653858,0.0036090960347792134,0.8790771709755063,79,5,8,8,False,
hmdb51,val,Michael_Campbell_rub_of_the_green_golf_f_cm_np1_fr_med_0,data/HMDB51_data/videos/golf/Michael_Campbell_rub_of_the_green_golf_f_cm_np1_fr_med_0.avi,15,8,50,8,15,True,True,0.831629753112793,0.015213046222925186,0.0036090960347792134,0.8604437131434679,79,5,8,8,False,
hmdb51,val,Jordan_Malinoff_and__Anthony_Kim_Practice_golf_f_cm_np1_ri_med_7,data/HMDB51_data/videos/golf/Jordan_Malinoff_and__Anthony_Kim_Practice_golf_f_cm_np1_ri_med_7.avi,15,8,50,8,15,True,True,0.9421966671943665,0.017850100994110107,0.0036090960347792134,0.8437496898695827,78,5,8,8,False,
hmdb51,val,golf_golf_f_nm_np1_ri_goo_0,data/HMDB51_data/videos/golf/golf_golf_f_nm_np1_ri_goo_0.avi,15,8,50,8,15,True,True,0.894522488117218,0.01720477594062686,0.0036090960347792134,0.8216977510601282,91,6,8,8,False,
hmdb51,val,handstands_1_handstand_f_cm_np1_le_med_3,data/HMDB51_data/videos/handstand/handstands_1_handstand_f_cm_np1_le_med_3.avi,16,8,50,8,16,True,True,0.5610875487327576,0.018552773166447878,0.0036090960347792134,0.8005990288220346,80,5,8,8,False,
hmdb51,val,handstand_tutorial___how_to_do_a_handstand_basic_breakdance_handstand_f_nm_np1_ri_med_0,data/HMDB51_data/videos/handstand/handstand_tutorial___how_to_do_a_handstand_basic_breakdance_handstand_f_nm_np1_ri_med_0.avi,16,8,50,8,8,False,False,0.18193955719470978,0.018011379055678844,0.0036090960347792134,0.7786696651019156,80,5,8,8,False,
hmdb51,val,Handstand_tutorial_3_handstand_f_nm_np1_le_med_0,data/HMDB51_data/videos/handstand/Handstand_tutorial_3_handstand_f_nm_np1_le_med_0.avi,16,8,50,8,29,False,True,0.6364584565162659,0.015441594179719687,0.0036090960347792134,0.7562353210523725,78,5,8,8,False,
hmdb51,val,Health_handstand_f_cm_np1_ri_med_0,data/HMDB51_data/videos/handstand/Health_handstand_f_cm_np1_ri_med_0.avi,16,8,50,8,49,False,False,0.5088678598403931,0.022214894648641348,0.0036090960347792134,0.736669734120369,95,6,8,8,False,
hmdb51,val,Gymnastic_handstand_handstand_f_nm_np1_le_med_1,data/HMDB51_data/videos/handstand/Gymnastic_handstand_handstand_f_nm_np1_le_med_1.avi,16,8,50,8,17,False,False,0.2353842556476593,0.015667983796447515,0.0036090960347792134,0.7116215135902166,79,5,8,8,False,
hmdb51,val,Handstand_Competition_3_handstand_f_cm_np1_fr_med_8,data/HMDB51_data/videos/handstand/Handstand_Competition_3_handstand_f_cm_np1_fr_med_8.avi,16,8,50,8,15,False,True,0.23934006690979004,0.015376093797385693,0.0036090960347792134,0.6913517597131431,76,5,8,8,False,
hmdb51,val,Turnk_r_handstand_f_cm_np4_ba_med_3,data/HMDB51_data/videos/handstand/Turnk_r_handstand_f_cm_np4_ba_med_3.avi,16,8,50,8,16,True,True,0.3425106704235077,0.018091939855366945,0.0036090960347792134,0.6740469951182604,91,6,8,8,False,
hmdb51,val,Handstand_Tutorial_2_handstand_f_nm_np1_le_med_2,data/HMDB51_data/videos/handstand/Handstand_Tutorial_2_handstand_f_nm_np1_le_med_2.avi,16,8,50,8,16,True,True,0.5521703958511353,0.01463011372834444,0.0036090960347792134,0.6548542031086981,78,5,8,8,False,
hmdb51,val,Zwei_hoffnungslose_Pflegef_lle_beim_Turnen(Part3)_handstand_f_cm_np1_ri_bad_0,data/HMDB51_data/videos/handstand/Zwei_hoffnungslose_Pflegef_lle_beim_Turnen(Part3)_handstand_f_cm_np1_ri_bad_0.avi,16,8,50,8,41,False,True,0.3223373591899872,0.019011103082448244,0.0036090960347792134,0.6377051472663879,97,6,8,8,False,
hmdb51,val,parada_de_mao_tai_ton_lon_dominio_do_corpo_handstand_f_cm_np1_fr_med_0,data/HMDB51_data/videos/handstand/parada_de_mao_tai_ton_lon_dominio_do_corpo_handstand_f_cm_np1_fr_med_0.avi,16,8,50,8,14,False,True,0.379305899143219,0.014707733877003193,0.0036090960347792134,0.6168417953886092,79,5,8,8,False,
hmdb51,val,hand_stand_handstand_f_cm_np1_ba_med_1,data/HMDB51_data/videos/handstand/hand_stand_handstand_f_cm_np1_ba_med_1.avi,16,8,50,8,29,False,True,0.765709638595581,0.016509689390659332,0.0036090960347792134,0.5996501543559134,80,5,8,8,False,
hmdb51,val,Bodenturnen_f_r_Anf_nger_handstand_f_cm_np1_ri_med_0,data/HMDB51_data/videos/handstand/Bodenturnen_f_r_Anf_nger_handstand_f_cm_np1_ri_med_0.avi,16,8,50,8,16,True,True,0.23570306599140167,0.015131783671677113,0.0036090960347792134,0.579887293279171,68,5,8,8,False,
hmdb51,val,Handstand_contest!_handstand_f_cm_np1_le_med_1,data/HMDB51_data/videos/handstand/Handstand_contest!_handstand_f_cm_np1_le_med_1.avi,16,8,50,8,16,True,True,0.46538642048835754,0.018063283059746027,0.0036090960347792134,0.5621700622141361,83,6,8,8,False,
hmdb51,val,Outdoor-Turnen_handstand_f_cm_np1_fr_med_0,data/HMDB51_data/videos/handstand/Outdoor-Turnen_handstand_f_cm_np1_fr_med_0.avi,16,8,50,8,17,False,False,0.5917903780937195,0.020500326994806528,0.0036090960347792134,0.5405374518595636,78,5,8,8,False,
hmdb51,val,hand_stands_handstand_f_cm_np1_fr_med_0,data/HMDB51_data/videos/handstand/hand_stands_handstand_f_cm_np1_fr_med_0.avi,16,8,50,8,16,True,True,0.524297297000885,0.01752465358003974,0.0036090960347792134,0.5172014120034873,81,5,8,8,False,
hmdb51,val,Gymnastics_handstand_f_cm_np1_le_goo_1,data/HMDB51_data/videos/handstand/Gymnastics_handstand_f_cm_np1_le_goo_1.avi,16,8,50,8,16,True,True,0.23462863266468048,0.018821868114173412,0.0036090960347792134,0.49755818909034133,78,5,8,8,False,
hmdb51,val,EVOLUTION_hit_u_cm_np1_fr_bad_20,data/HMDB51_data/videos/hit/EVOLUTION_hit_u_cm_np1_fr_bad_20.avi,17,8,50,8,12,False,True,0.08877090364694595,0.01773343002423644,0.0036591976531781256,1.0414796490222216,44,3,8,8,False,
hmdb51,val,Wayne_Rooney_At_Home_Funny_Must_See_hit_u_nm_np1_fr_goo_0,data/HMDB51_data/videos/hit/Wayne_Rooney_At_Home_Funny_Must_See_hit_u_nm_np1_fr_goo_0.avi,17,8,50,8,45,False,True,0.47217997908592224,0.03378173103556037,0.0036591976531781256,1.019965223968029,196,8,8,8,False,
hmdb51,val,Mac_Smashing_hit_f_cm_np1_ri_bad_1,data/HMDB51_data/videos/hit/Mac_Smashing_hit_f_cm_np1_ri_bad_1.avi,17,8,50,8,17,True,True,0.31394875049591064,0.010806146077811718,0.0036591976531781256,0.983299233019352,34,3,8,8,False,
hmdb51,val,Einde_van_Opel_Kadett_hit_u_cm_np2_fr_bad_8,data/HMDB51_data/videos/hit/Einde_van_Opel_Kadett_hit_u_cm_np2_fr_bad_8.avi,17,8,50,8,49,False,True,0.27761486172676086,0.008903366979211569,0.0036591976531781256,0.9712256081402302,31,2,8,8,False,
hmdb51,val,Baseball_Bat_V_S__Computer_Monitor_hit_f_cm_np1_ri_bad_0,data/HMDB51_data/videos/hit/Baseball_Bat_V_S__Computer_Monitor_hit_f_cm_np1_ri_bad_0.avi,17,8,50,8,17,True,True,0.37554970383644104,0.010650085285305977,0.0036591976531781256,0.9600121807307005,29,2,8,8,False,
hmdb51,val,SweeneyTodd_hit_u_nm_np1_fr_bad_2,data/HMDB51_data/videos/hit/SweeneyTodd_hit_u_nm_np1_fr_bad_2.avi,17,8,50,8,49,False,False,0.2769455015659332,0.012954398058354855,0.0036591976531781256,0.9453822202049196,49,3,8,8,False,
hmdb51,val,Einde_van_Opel_Kadett_hit_f_cm_np1_ri_bad_9,data/HMDB51_data/videos/hit/Einde_van_Opel_Kadett_hit_f_cm_np1_ri_bad_9.avi,17,8,50,8,17,True,True,0.5186125040054321,0.011670190375298262,0.0036591976531781256,0.9288362758234143,34,3,8,8,False,
hmdb51,val,Einde_van_Opel_Kadett_hit_u_cm_np1_fr_bad_1,data/HMDB51_data/videos/hit/Einde_van_Opel_Kadett_hit_u_cm_np1_fr_bad_1.avi,17,8,50,8,17,True,True,0.4885977506637573,0.01154456427320838,0.0036591976531781256,0.9146375018171966,35,3,8,8,False,
hmdb51,val,KUNG_FU_HUSTLE_hit_u_nm_np1_fr_bad_17,data/HMDB51_data/videos/hit/KUNG_FU_HUSTLE_hit_u_nm_np1_fr_bad_17.avi,17,8,50,8,49,False,False,0.2202213704586029,0.018723960034549236,0.0036591976531781256,0.8994592786766589,53,4,8,8,False,
hmdb51,val,TrumanShow_hit_u_cm_np1_ba_bad_33,data/HMDB51_data/videos/hit/TrumanShow_hit_u_cm_np1_ba_bad_33.avi,17,8,50,8,17,True,True,0.2880803048610687,0.01367695489898324,0.0036591976531781256,0.8781168963760138,47,3,8,8,False,
hmdb51,val,When_It_s_Nice_Out_hit_f_cm_np1_fr_bad_4,data/HMDB51_data/videos/hit/When_It_s_Nice_Out_hit_f_cm_np1_fr_bad_4.avi,17,8,50,8,17,True,True,0.6152077913284302,0.011967397760599852,0.0036591976531781256,0.8621795568615198,31,2,8,8,False,
hmdb51,val,THE_PROTECTOR_hit_f_cm_np1_ba_bad_39,data/HMDB51_data/videos/hit/THE_PROTECTOR_hit_f_cm_np1_ba_bad_39.avi,17,8,50,8,20,False,False,0.709719717502594,0.014795864932239056,0.0036591976531781256,0.848730115685612,48,3,8,8,False,
hmdb51,val,Collins_getting_hit_with_a_stick_on_the_head_hit_f_cm_np1_le_bad_4,data/HMDB51_data/videos/hit/Collins_getting_hit_with_a_stick_on_the_head_hit_f_cm_np1_le_bad_4.avi,17,8,50,8,17,True,True,0.4407449960708618,0.012981776613742113,0.0036591976531781256,0.8321245112456381,44,3,8,8,False,
hmdb51,val,HARD_FACE_SLAP_COMPILATION_-_THE_FUNNIEST_FACE_SLAPS_EVER!!_-_Old_school_Vids_hit_u_cm_np1_ba_bad_1,data/HMDB51_data/videos/hit/HARD_FACE_SLAP_COMPILATION_-_THE_FUNNIEST_FACE_SLAPS_EVER!!_-_Old_school_Vids_hit_u_cm_np1_ba_bad_1.avi,17,8,50,8,17,True,True,0.34467369318008423,0.009501453954726458,0.0036591976531781256,0.8150760186836123,41,3,8,8,False,
hmdb51,val,AmericanGangster_hit_h_cm_np1_ri_bad_63,data/HMDB51_data/videos/hit/AmericanGangster_hit_h_cm_np1_ri_bad_63.avi,17,8,50,8,10,False,False,0.14447849988937378,0.010759185068309307,0.0036591976531781256,0.8036560639739037,24,2,8,8,False,
hmdb51,val,Opel_vs_Vorschlaghammer_hit_u_cm_np1_ba_bad_4,data/HMDB51_data/videos/hit/Opel_vs_Vorschlaghammer_hit_u_cm_np1_ba_bad_4.avi,17,8,50,8,17,True,True,0.3259672224521637,0.013831058982759714,0.0036591976531781256,0.7910489779897034,34,3,8,8,False,
hmdb51,val,Drum_Beats_-_Drum_Beats-_Slow_Blues_hit_u_cm_np1_le_bad_1,data/HMDB51_data/videos/hit/Drum_Beats_-_Drum_Beats-_Slow_Blues_hit_u_cm_np1_le_bad_1.avi,17,8,50,8,8,False,False,0.23651187121868134,0.010060039814561605,0.0036591976531781256,0.7744145719334483,33,2,8,8,False,
hmdb51,val,Einde_van_Opel_Kadett_hit_f_cm_np1_ri_bad_5,data/HMDB51_data/videos/hit/Einde_van_Opel_Kadett_hit_f_cm_np1_ri_bad_5.avi,17,8,50,8,17,True,True,0.7375993728637695,0.009366432204842567,0.0036591976531781256,0.76267055189237,31,2,8,8,False,
hmdb51,val,Einde_van_Opel_Kadett_hit_f_cm_np1_le_bad_3,data/HMDB51_data/videos/hit/Einde_van_Opel_Kadett_hit_f_cm_np1_le_bad_3.avi,17,8,50,8,17,True,True,0.6153229475021362,0.011125620920211077,0.0036591976531781256,0.7516433279961348,36,3,8,8,False,
hmdb51,val,Free_Hugs_-_Gratis_umarmung_hug_u_cm_np2_le_med_10,data/HMDB51_data/videos/hug/Free_Hugs_-_Gratis_umarmung_hug_u_cm_np2_le_med_10.avi,18,8,50,8,18,True,True,0.8283444046974182,0.016033684834837914,0.0036591976531781256,0.7378265638835728,70,5,8,8,False,
hmdb51,val,Calins_gratuits_a_Paris_-_Free_Hugs_France_-_version_longue_hug_u_cm_np2_ba_med_21,data/HMDB51_data/videos/hug/Calins_gratuits_a_Paris_-_Free_Hugs_France_-_version_longue_hug_u_cm_np2_ba_med_21.avi,18,8,50,8,18,True,True,0.7224239706993103,0.015459202229976654,0.0036591976531781256,0.7197306849993765,61,4,8,8,False,
hmdb51,val,-_FREE_HUGS_-_Abrazos_Gratis_www_abrazosgratis_org_hug_u_cm_np2_le_goo_12,data/HMDB51_data/videos/hug/-_FREE_HUGS_-_Abrazos_Gratis_www_abrazosgratis_org_hug_u_cm_np2_le_goo_12.avi,18,8,50,8,18,True,True,0.6625661253929138,0.018187466077506542,0.0036591976531781256,0.7014627601020038,67,5,8,8,False,
hmdb51,val,Calins_gratuits_a_Paris_-_Free_Hugs_France_-_version_longue_hug_u_cm_np2_le_med_16,data/HMDB51_data/videos/hug/Calins_gratuits_a_Paris_-_Free_Hugs_France_-_version_longue_hug_u_cm_np2_le_med_16.avi,18,8,50,8,18,True,True,0.9208130836486816,0.019125364255160093,0.0036591976531781256,0.6798964478075504,68,5,8,8,False,
hmdb51,val,Free_Hugs_-_Gratis_umarmung_hug_u_cm_np2_ba_med_17,data/HMDB51_data/videos/hug/Free_Hugs_-_Gratis_umarmung_hug_u_cm_np2_ba_med_17.avi,18,8,50,8,18,True,True,0.6448721885681152,0.01821960974484682,0.0036591976531781256,0.6587247783318162,66,5,8,8,False,
hmdb51,val,veoh_harold_and_kumar_hug_f_cm_np2_le_med_7,data/HMDB51_data/videos/hug/veoh_harold_and_kumar_hug_f_cm_np2_le_med_7.avi,18,8,50,8,49,False,False,0.8069536089897156,0.018609974067658186,0.0036591976531781256,0.638552654068917,76,5,8,8,False,
hmdb51,val,Free_Hugs_-_Paris_www_calins-gratuits_com_hug_u_cm_np2_le_med_12,data/HMDB51_data/videos/hug/Free_Hugs_-_Paris_www_calins-gratuits_com_hug_u_cm_np2_le_med_12.avi,18,8,50,8,18,True,True,0.8779850602149963,0.017942208796739578,0.0036591976531781256,0.6153814140707254,80,5,8,8,False,
hmdb51,val,Free_Hugs_-_Gratis_umarmung_hug_u_cm_np2_le_med_1,data/HMDB51_data/videos/hug/Free_Hugs_-_Gratis_umarmung_hug_u_cm_np2_le_med_1.avi,18,8,50,8,18,True,True,0.8385817408561707,0.016196674667298794,0.0036591976531781256,0.5955565897747874,80,5,8,8,False,
hmdb51,val,Calins_gratuits_a_Paris_-_Free_Hugs_France_-_version_longue_hug_u_cm_np2_le_med_12,data/HMDB51_data/videos/hug/Calins_gratuits_a_Paris_-_Free_Hugs_France_-_version_longue_hug_u_cm_np2_le_med_12.avi,18,8,50,8,18,True,True,0.8010991215705872,0.025804380886256695,0.0036591976531781256,0.5763403628952801,133,8,8,8,False,
hmdb51,val,Free_Hugs_-_Gratis_umarmung_hug_u_cm_np2_le_med_8,data/HMDB51_data/videos/hug/Free_Hugs_-_Gratis_umarmung_hug_u_cm_np2_le_med_8.avi,18,8,50,8,18,True,True,0.6550613045692444,0.011023243889212608,0.0036591976531781256,0.5465104160830379,38,3,8,8,False,
hmdb51,val,Free_Hugs_-_Paris_www_calins-gratuits_com_hug_u_cm_np2_le_med_3,data/HMDB51_data/videos/hug/Free_Hugs_-_Paris_www_calins-gratuits_com_hug_u_cm_np2_le_med_3.avi,18,8,50,8,18,True,True,0.7607715725898743,0.017760789953172207,0.0036591976531781256,0.533975537866354,80,5,8,8,False,
hmdb51,val,Calins_gratuits_a_Paris_-_Free_Hugs_France_-_version_longue_hug_u_cm_np2_ba_med_19,data/HMDB51_data/videos/hug/Calins_gratuits_a_Paris_-_Free_Hugs_France_-_version_longue_hug_u_cm_np2_ba_med_19.avi,18,8,50,8,18,True,True,0.7981147170066833,0.015296872705221176,0.0036591976531781256,0.5126274391077459,54,4,8,8,False,
hmdb51,val,Calins_gratuits_a_Paris_-_Free_Hugs_France_-_version_longue_hug_f_cm_np2_ba_med_2,data/HMDB51_data/videos/hug/Calins_gratuits_a_Paris_-_Free_Hugs_France_-_version_longue_hug_f_cm_np2_ba_med_2.avi,18,8,50,8,18,True,True,0.8211888074874878,0.01673893164843321,0.0036591976531781256,0.49581342097371817,67,5,8,8,False,
hmdb51,val,American_Idol_Awards_Given_to_7_Winners_at_Walt_Disney_World_hug_u_cm_np2_ba_med_0,data/HMDB51_data/videos/hug/American_Idol_Awards_Given_to_7_Winners_at_Walt_Disney_World_hug_u_cm_np2_ba_med_0.avi,18,8,50,8,33,False,True,0.48765215277671814,0.020334273111075163,0.0036138404975645244,1.0581553489901125,34,3,8,8,False,
hmdb51,val,Free_Hugs_-_Medellin_hug_f_cm_np2_le_med_2,data/HMDB51_data/videos/hug/Free_Hugs_-_Medellin_hug_f_cm_np2_le_med_2.avi,18,8,50,8,18,True,True,0.8223176598548889,0.01602379884570837,0.0036138404975645244,1.0364301754161716,68,5,8,8,False,
hmdb51,val,Free_Hugs_-_Paris_www_calins-gratuits_com_hug_u_cm_np2_le_med_7,data/HMDB51_data/videos/hug/Free_Hugs_-_Paris_www_calins-gratuits_com_hug_u_cm_np2_le_med_7.avi,18,8,50,8,18,True,True,0.8066613674163818,0.02315323520451784,0.0036138404975645244,1.0170499058440328,81,5,8,8,False,
hmdb51,val,Free_Hugs_-_Paris_www_calins-gratuits_com_hug_f_cm_np2_ba_med_8,data/HMDB51_data/videos/hug/Free_Hugs_-_Paris_www_calins-gratuits_com_hug_f_cm_np2_ba_med_8.avi,18,8,50,8,18,True,True,0.7468829154968262,0.015896980185061693,0.0036138404975645244,0.9915785719640553,80,5,8,8,False,
hmdb51,val,Documentario_Le_Parkour_Londrina_jump_f_cm_np1_ba_bad_12,data/HMDB51_data/videos/jump/Documentario_Le_Parkour_Londrina_jump_f_cm_np1_ba_bad_12.avi,19,8,50,8,32,False,True,0.2502858340740204,0.014945297967642546,0.0036138404975645244,0.9740503029897809,36,3,8,8,False,
hmdb51,val,le_parkour_kl_jump_l_nm_np1_le_bad_1,data/HMDB51_data/videos/jump/le_parkour_kl_jump_l_nm_np1_le_bad_1.avi,19,8,50,8,49,False,False,0.17347726225852966,0.015042779967188835,0.0036138404975645244,0.9570615286938846,50,4,8,8,False,
hmdb51,val,Fellowship_7_jump_f_cm_np1_fr_bad_1,data/HMDB51_data/videos/jump/Fellowship_7_jump_f_cm_np1_fr_bad_1.avi,19,8,50,8,39,False,False,0.42499446868896484,0.023587409872561693,0.0036138404975645244,0.9399108253419399,41,3,8,8,False,
hmdb51,val,Goalkeeper_Felix_Schwake_jump_f_nm_np1_le_bad_7,data/HMDB51_data/videos/jump/Goalkeeper_Felix_Schwake_jump_f_nm_np1_le_bad_7.avi,19,8,50,8,19,True,True,0.6330839395523071,0.01445999601855874,0.0036138404975645244,0.9118675668723881,61,4,8,8,False,
hmdb51,val,NOVA_ELEGANTUNIVERSE1_jump_f_nm_np1_le_bad_4,data/HMDB51_data/videos/jump/NOVA_ELEGANTUNIVERSE1_jump_f_nm_np1_le_bad_4.avi,19,8,50,8,31,False,True,0.2148997187614441,0.01960870111361146,0.0036138404975645244,0.8945930968038738,74,5,8,8,False,
hmdb51,val,St__Louis_Goalkeeping__Academy_elite_training_jump_f_nm_np1_ri_bad_14,data/HMDB51_data/videos/jump/St__Louis_Goalkeeping__Academy_elite_training_jump_f_nm_np1_ri_bad_14.avi,19,8,50,8,19,True,True,0.4353652596473694,0.012557144276797771,0.0036138404975645244,0.872587013989687,52,4,8,8,False,
hmdb51,val,IamLegend_jump_f_cm_np1_ba_bad_12,data/HMDB51_data/videos/jump/IamLegend_jump_f_cm_np1_ba_bad_12.avi,19,8,50,8,49,False,False,0.5515929460525513,0.012686902657151222,0.0036138404975645244,0.8582558589987457,24,2,8,8,False,
hmdb51,val,KUNG_FU_HUSTLE_jump_f_cm_np1_le_bad_57,data/HMDB51_data/videos/jump/KUNG_FU_HUSTLE_jump_f_cm_np1_le_bad_57.avi,19,8,50,8,49,False,True,0.5580238699913025,0.018231268972158432,0.0036138404975645244,0.8437360501848161,53,4,8,8,False,
hmdb51,val,Documentario_Le_Parkour_Londrina_jump_f_nm_np1_le_bad_8,data/HMDB51_data/videos/jump/Documentario_Le_Parkour_Londrina_jump_f_nm_np1_le_bad_8.avi,19,8,50,8,49,False,True,0.4624626338481903,0.013448632787913084,0.0036138404975645244,0.8224205118604004,44,3,8,8,False,
hmdb51,val,Sam_Cooksey_Goalkeeper_Training_jump_f_cm_np1_le_bad_3,data/HMDB51_data/videos/jump/Sam_Cooksey_Goalkeeper_Training_jump_f_cm_np1_le_bad_3.avi,19,8,50,8,19,True,True,0.7907504439353943,0.014508058317005634,0.0036138404975645244,0.8058792017400265,52,4,8,8,False,
hmdb51,val,KUNG_FU_HUSTLE_jump_f_nm_np1_fr_bad_46,data/HMDB51_data/videos/jump/KUNG_FU_HUSTLE_jump_f_nm_np1_fr_bad_46.avi,19,8,50,8,37,False,False,0.25627845525741577,0.0178286861628294,0.0036138404975645244,0.788040601182729,51,4,8,8,False,
hmdb51,val,BATMAN_BEGINS_jump_f_cm_np1_ri_med_18,data/HMDB51_data/videos/jump/BATMAN_BEGINS_jump_f_cm_np1_ri_med_18.avi,19,8,50,8,10,False,False,0.4569007456302643,0.019674294628202915,0.0036138404975645244,0.7672551120631397,48,3,8,8,False,
hmdb51,val,St__Louis_Goalkeeping__Academy_elite_training_jump_f_nm_np1_le_bad_15,data/HMDB51_data/videos/jump/St__Louis_Goalkeeping__Academy_elite_training_jump_f_nm_np1_le_bad_15.avi,19,8,50,8,19,True,True,0.5022435188293457,0.01120345713570714,0.0036138404975645244,0.7460232889279723,42,3,8,8,False,
hmdb51,val,Fellowship_2_jump_f_nm_np1_ri_bad_8,data/HMDB51_data/videos/jump/Fellowship_2_jump_f_nm_np1_ri_bad_8.avi,19,8,50,8,49,False,False,0.13996835052967072,0.011146079748868942,0.0036138404975645244,0.7318950812332332,38,3,8,8,False,
hmdb51,val,Stadium_Plyometric_Workout_jump_f_cm_np1_ba_bad_7,data/HMDB51_data/videos/jump/Stadium_Plyometric_Workout_jump_f_cm_np1_ba_bad_7.avi,19,8,50,8,49,False,False,0.33122682571411133,0.012617994099855423,0.0036138404975645244,0.7190954629331827,36,3,8,8,False,
hmdb51,val,Fellowship_5_jump_f_nm_np1_ba_bad_12,data/HMDB51_data/videos/jump/Fellowship_5_jump_f_nm_np1_ba_bad_12.avi,19,8,50,8,10,False,False,0.3341374397277832,0.014308476820588112,0.0036138404975645244,0.7051186338067055,46,3,8,8,False,
hmdb51,val,RATRACE_jump_f_cm_np1_ba_bad_3,data/HMDB51_data/videos/jump/RATRACE_jump_f_cm_np1_ba_bad_3.avi,19,8,50,8,49,False,False,0.8472371101379395,0.02754510985687375,0.0036138404975645244,0.6893425132147968,49,3,8,8,False,
hmdb51,val,le_parkour_kl_jump_l_nm_np1_ri_bad_0,data/HMDB51_data/videos/jump/le_parkour_kl_jump_l_nm_np1_ri_bad_0.avi,19,8,50,8,6,False,True,0.11261636018753052,0.018361817114055157,0.0036138404975645244,0.6591357230208814,91,6,8,8,False,
hmdb51,val,le_parkour_kl_jump_f_nm_np1_le_bad_3,data/HMDB51_data/videos/jump/le_parkour_kl_jump_f_nm_np1_le_bad_3.avi,19,8,50,8,49,False,True,0.4535972476005554,0.016198116820305586,0.0036138404975645244,0.6387863592244685,68,5,8,8,False,
hmdb51,val,St__Louis_Goalkeeping__Academy_elite_training_jump_f_nm_np1_ri_bad_0,data/HMDB51_data/videos/jump/St__Louis_Goalkeeping__Academy_elite_training_jump_f_nm_np1_ri_bad_0.avi,19,8,50,8,19,True,True,0.722914457321167,0.011721623130142689,0.0036138404975645244,0.6211869330145419,60,4,8,8,False,
hmdb51,val,THE_PROTECTOR_kick_f_cm_np1_fr_bad_53,data/HMDB51_data/videos/kick/THE_PROTECTOR_kick_f_cm_np1_fr_bad_53.avi,20,8,50,8,20,True,True,0.6281307339668274,0.017017937265336514,0.0036138404975645244,0.6081489860080183,23,2,8,8,False,
hmdb51,val,THE_PROTECTOR_kick_f_cm_np1_fr_med_48,data/HMDB51_data/videos/kick/THE_PROTECTOR_kick_f_cm_np1_fr_med_48.avi,20,8,50,8,20,True,True,0.7065922617912292,0.013938368298113346,0.0036138404975645244,0.589733824133873,45,3,8,8,False,
hmdb51,val,kick__Best_CHUCK_NORRIS_kick_to_the_nuts!_kick_f_cm_np1_fr_med_1,data/HMDB51_data/videos/kick/kick__Best_CHUCK_NORRIS_kick_to_the_nuts!_kick_f_cm_np1_fr_med_1.avi,20,8,50,8,20,True,True,0.6709427237510681,0.010532735381275415,0.0036138404975645244,0.5742198321968317,43,3,8,8,False,
hmdb51,val,kick__Best_fight_scene_of_all_time_kick_f_cm_np1_ba_bad_11,data/HMDB51_data/videos/kick/kick__Best_fight_scene_of_all_time_kick_f_cm_np1_ba_bad_11.avi,20,8,50,8,20,True,True,0.19391167163848877,0.011375405825674534,0.0036138404975645244,0.5616938932798803,38,3,8,8,False,
hmdb51,val,The_Matrix_3_kick_f_nm_np1_le_med_1,data/HMDB51_data/videos/kick/The_Matrix_3_kick_f_nm_np1_le_med_1.avi,20,8,50,8,49,False,True,0.5466997623443604,0.01666863588616252,0.0036138404975645244,0.5492408778518438,52,4,8,8,False,
hmdb51,val,kick__Best_CHUCK_NORRIS_kick_to_the_nuts!_kick_f_cm_np1_ba_goo_0,data/HMDB51_data/videos/kick/kick__Best_CHUCK_NORRIS_kick_to_the_nuts!_kick_f_cm_np1_ba_goo_0.avi,20,8,50,8,10,False,False,0.3368995487689972,0.01346933888271451,0.0036138404975645244,0.5313860946334898,40,3,8,8,False,
hmdb51,val,The_Matrix_3_kick_f_cm_np1_fr_med_5,data/HMDB51_data/videos/kick/The_Matrix_3_kick_f_cm_np1_fr_med_5.avi,20,8,50,8,49,False,True,0.20123109221458435,0.015207742806524038,0.0036138404975645244,0.5155493221245706,52,4,8,8,False,
hmdb51,val,The_Matrix_2_kick_f_cm_np1_ri_med_5,data/HMDB51_data/videos/kick/The_Matrix_2_kick_f_cm_np1_ri_med_5.avi,20,8,50,8,20,True,True,0.43107953667640686,0.020786753855645657,0.0036138404975645244,0.4988547977991402,61,4,8,8,False,
hmdb51,val,kick__Best_fight_scene_of_all_time_kick_f_cm_np1_le_bad_9,data/HMDB51_data/videos/kick/kick__Best_fight_scene_of_all_time_kick_f_cm_np1_le_bad_9.avi,20,8,50,8,6,False,False,0.23172606527805328,0.0164998359978199,0.0034308520116610453,1.1295896265655756,47,3,8,8,False,
hmdb51,val,KUNG_FU_HUSTLE_kick_f_cm_np1_fr_bad_9,data/HMDB51_data/videos/kick/KUNG_FU_HUSTLE_kick_f_cm_np1_fr_bad_9.avi,20,8,50,8,10,False,False,0.1832674741744995,0.027431258000433445,0.0034308520116610453,1.1088514509610832,53,4,8,8,False,
hmdb51,val,THE_PROTECTOR_kick_f_nm_np1_ba_med_77,data/HMDB51_data/videos/kick/THE_PROTECTOR_kick_f_nm_np1_ba_med_77.avi,20,8,50,8,20,True,True,0.1771974414587021,0.014826323837041855,0.0034308520116610453,1.0778768388554454,45,3,8,8,False,
hmdb51,val,kick__Baddest_Fight_Scenes_EVER!_-_Kickboxer_-_Part_1_of_2_kick_u_cm_np1_ri_med_12,data/HMDB51_data/videos/kick/kick__Baddest_Fight_Scenes_EVER!_-_Kickboxer_-_Part_1_of_2_kick_u_cm_np1_ri_med_12.avi,20,8,50,8,22,False,True,0.28945037722587585,0.011166557669639587,0.0034308520116610453,1.0589907639659941,38,3,8,8,False,
hmdb51,val,The_Matrix_Revolutions_6_kick_f_cm_np1_ba_med_7,data/HMDB51_data/videos/kick/The_Matrix_Revolutions_6_kick_f_cm_np1_ba_med_7.avi,20,8,50,8,10,False,False,0.30028215050697327,0.01838346989825368,0.0034308520116610453,1.0459029860794544,38,3,8,8,False,
hmdb51,val,RushHour2_kick_l_cm_np1_le_med_2,data/HMDB51_data/videos/kick/RushHour2_kick_l_cm_np1_le_med_2.avi,20,8,50,8,49,False,False,0.6757786273956299,0.016762789338827133,0.0034308520116610453,1.0257382011041045,48,3,8,8,False,
hmdb51,val,KUNG_FU_HUSTLE_kick_u_cm_np1_fr_med_11,data/HMDB51_data/videos/kick/KUNG_FU_HUSTLE_kick_u_cm_np1_fr_med_11.avi,20,8,50,8,20,True,True,0.41448846459388733,0.016033179126679897,0.0034308520116610453,1.0069054369814694,47,3,8,8,False,
hmdb51,val,The_Matrix_5_kick_f_cm_np1_le_med_13,data/HMDB51_data/videos/kick/The_Matrix_5_kick_f_cm_np1_le_med_13.avi,20,8,50,8,10,False,False,0.14619599282741547,0.011402133852243423,0.0034308520116610453,0.9880534168332815,46,3,8,8,False,
hmdb51,val,kick__Baddest_Fight_Scenes_EVER!_-_Kickboxer_-_Part_1_of_2_kick_f_cm_np1_fr_med_0,data/HMDB51_data/videos/kick/kick__Baddest_Fight_Scenes_EVER!_-_Kickboxer_-_Part_1_of_2_kick_f_cm_np1_fr_med_0.avi,20,8,50,8,20,True,True,0.1955106407403946,0.01127800578251481,0.0034308520116610453,0.9751905179582536,37,3,8,8,False,
hmdb51,val,American_History_X_kick_l_cm_np1_le_med_33,data/HMDB51_data/videos/kick/American_History_X_kick_l_cm_np1_le_med_33.avi,20,8,50,8,20,True,True,0.29638710618019104,0.022525907028466463,0.0034308520116610453,0.9620942077599466,84,6,8,8,False,
hmdb51,val,Pirates_6_kick_f_nm_np1_fr_bad_7,data/HMDB51_data/videos/kick/Pirates_6_kick_f_nm_np1_fr_bad_7.avi,20,8,50,8,10,False,False,0.13443459570407867,0.01113456068560481,0.0034308520116610453,0.9353531929664314,47,3,8,8,False,
hmdb51,val,funny_soccer_commercial_kick_ball_f_cm_np1_fr_med_0,data/HMDB51_data/videos/kick_ball/funny_soccer_commercial_kick_ball_f_cm_np1_fr_med_0.avi,21,8,50,8,27,False,False,0.2264460325241089,0.019893295131623745,0.0034308520116610453,0.9224319942295551,48,3,8,8,False,
hmdb51,val,Ribery_Torwandschiessen_Sportstudio_kick_ball_l_nm_np1_ba_med_6,data/HMDB51_data/videos/kick_ball/Ribery_Torwandschiessen_Sportstudio_kick_ball_l_nm_np1_ba_med_6.avi,21,8,50,8,21,True,True,0.3077707886695862,0.014622046146541834,0.0034308520116610453,0.8986886162310839,76,5,8,8,False,
hmdb51,val,Banned_Commercials_-_Nike_-_Soccer_vs_ninjas_kick_ball_f_nm_np1_fr_goo_1,data/HMDB51_data/videos/kick_ball/Banned_Commercials_-_Nike_-_Soccer_vs_ninjas_kick_ball_f_nm_np1_fr_goo_1.avi,21,8,50,8,21,True,True,0.3147163689136505,0.014034908264875412,0.0034308520116610453,0.882490845862776,52,4,8,8,False,
hmdb51,val,Dhan_Dhana_Dhan_Goal_(2007)_w__Eng_Sub_-_Watch_Online_-_4_16_kick_ball_f_cm_np1_fr_goo_3,data/HMDB51_data/videos/kick_ball/Dhan_Dhana_Dhan_Goal_(2007)_w__Eng_Sub_-_Watch_Online_-_4_16_kick_ball_f_cm_np1_fr_goo_3.avi,21,8,50,8,49,False,True,0.5094401240348816,0.02099777664989233,0.0034308520116610453,0.8666002652607858,79,5,8,8,False,
hmdb51,val,Banned_Commercials_-_Nike_-_Soccer_vs_ninjas_kick_ball_f_nm_np1_fr_goo_0,data/HMDB51_data/videos/kick_ball/Banned_Commercials_-_Nike_-_Soccer_vs_ninjas_kick_ball_f_nm_np1_fr_goo_0.avi,21,8,50,8,27,False,True,0.2020261287689209,0.011075241956859827,0.0034308520116610453,0.8417019010521472,49,3,8,8,False,
hmdb51,val,Dhan_Dhana_Dhan_Goal_(2007)_w__Eng_Sub_-_Watch_Online_-_3_16_kick_ball_f_cm_np1_fr_med_1,data/HMDB51_data/videos/kick_ball/Dhan_Dhana_Dhan_Goal_(2007)_w__Eng_Sub_-_Watch_Online_-_3_16_kick_ball_f_cm_np1_fr_med_1.avi,21,8,50,8,16,False,False,0.2295207530260086,0.02732782904058695,0.0034308520116610453,0.8288574288599193,42,3,8,8,False,
hmdb51,val,Britney_Spears_-_Comercial_Pepsi_soccer_kick_ball_f_nm_np1_fr_med_2,data/HMDB51_data/videos/kick_ball/Britney_Spears_-_Comercial_Pepsi_soccer_kick_ball_f_nm_np1_fr_med_2.avi,21,8,50,8,30,False,True,0.2883252203464508,0.012595624662935734,0.0034308520116610453,0.7992263841442764,43,3,8,8,False,
hmdb51,val,GOAL_2_living_the_dream_movie_part_9_kick_ball_f_cm_np1_fr_med_0,data/HMDB51_data/videos/kick_ball/GOAL_2_living_the_dream_movie_part_9_kick_ball_f_cm_np1_fr_med_0.avi,21,8,50,8,21,True,True,0.48311156034469604,0.02096592215821147,0.0034308520116610453,0.7837749430909753,66,5,8,8,False,
hmdb51,val,Goal_1_&_2_kick_ball_f_cm_np1_fr_goo_2,data/HMDB51_data/videos/kick_ball/Goal_1_&_2_kick_ball_f_cm_np1_fr_goo_2.avi,21,8,50,8,21,True,True,0.7485476136207581,0.014927905052900314,0.0034308520116610453,0.7607359266839921,40,3,8,8,False,
hmdb51,val,Manchester_United_vs_Chelsea_Champion_League_final_2008_penalty_shootout_kick_ball_f_nm_np1_ba_bad_0,data/HMDB51_data/videos/kick_ball/Manchester_United_vs_Chelsea_Champion_League_final_2008_penalty_shootout_kick_ball_f_nm_np1_ba_bad_0.avi,21,8,50,8,21,True,True,0.6389012336730957,0.015401875134557486,0.0034308520116610453,0.7445812192745507,53,4,8,8,False,
hmdb51,val,Eine_andere_Liga_(10_10)_kick_ball_f_cm_np1_fr_med_1,data/HMDB51_data/videos/kick_ball/Eine_andere_Liga_(10_10)_kick_ball_f_cm_np1_fr_med_1.avi,21,8,50,8,21,True,True,0.7189238667488098,0.021892794873565435,0.0034308520116610453,0.726402694825083,86,6,8,8,False,
hmdb51,val,How_to_Shoot_Penalty_Kicks_kick_ball_f_cm_np1_ba_bad_4,data/HMDB51_data/videos/kick_ball/How_to_Shoot_Penalty_Kicks_kick_ball_f_cm_np1_ba_bad_4.avi,21,8,50,8,21,True,True,0.5257410407066345,0.015394163317978382,0.0034308520116610453,0.7027098997496068,41,3,8,8,False,
hmdb51,val,How_to_kick_a_soccer_ball_the_right_way_kick_ball_l_nm_np1_ba_bad_0,data/HMDB51_data/videos/kick_ball/How_to_kick_a_soccer_ball_the_right_way_kick_ball_l_nm_np1_ba_bad_0.avi,21,8,50,8,16,False,False,0.31656327843666077,0.016075703781098127,0.0034308520116610453,0.682549374178052,60,4,8,8,False,
hmdb51,val,DWK_1_-_Der_ganze_Film_(Part_8_9)_kick_ball_f_cm_np1_ba_goo_0,data/HMDB51_data/videos/kick_ball/DWK_1_-_Der_ganze_Film_(Part_8_9)_kick_ball_f_cm_np1_ba_goo_0.avi,21,8,50,8,9,False,True,0.26792770624160767,0.01997704477980733,0.0034308520116610453,0.663519058842212,83,6,8,8,False,
hmdb51,val,Dhan_Dhana_Dhan_Goal_(2007)_w__Eng_Sub_-_Watch_Online_-_4_16_kick_ball_f_cm_np1_ri_goo_0,data/HMDB51_data/videos/kick_ball/Dhan_Dhana_Dhan_Goal_(2007)_w__Eng_Sub_-_Watch_Online_-_4_16_kick_ball_f_cm_np1_ri_goo_0.avi,21,8,50,8,26,False,True,0.23981982469558716,0.025887934025377035,0.0034308520116610453,0.6421886179596186,94,6,8,8,False,
hmdb51,val,How_to_Shoot_Penalty_Kicks_kick_ball_f_cm_np1_ba_bad_1,data/HMDB51_data/videos/kick_ball/How_to_Shoot_Penalty_Kicks_kick_ball_f_cm_np1_ba_bad_1.avi,21,8,50,8,2,False,True,0.5093920230865479,0.014662005938589573,0.0034308520116610453,0.6136409249156713,47,3,8,8,False,
hmdb51,val,Banned_Commercials_-_Nike_-_Soccer_vs_ninjas_kick_ball_f_nm_np1_fr_med_8,data/HMDB51_data/videos/kick_ball/Banned_Commercials_-_Nike_-_Soccer_vs_ninjas_kick_ball_f_nm_np1_fr_med_8.avi,21,8,50,8,40,False,False,0.16585874557495117,0.01597120426595211,0.0034308520116610453,0.5947983982041478,49,3,8,8,False,
hmdb51,val,Mean_Machine_2001_(Part_9)_kick_ball_f_cm_np3_ri_med_1,data/HMDB51_data/videos/kick_ball/Mean_Machine_2001_(Part_9)_kick_ball_f_cm_np3_ri_med_1.avi,21,8,50,8,21,True,True,0.6802671551704407,0.01327942917123437,0.0034308520116610453,0.5762284728698432,47,3,8,8,False,
hmdb51,val,Lattenknaller_-_M_nner_wie_wir_(Teil_11)_kick_ball_f_cm_np1_fr_goo_0,data/HMDB51_data/videos/kick_ball/Lattenknaller_-_M_nner_wie_wir_(Teil_11)_kick_ball_f_cm_np1_fr_goo_0.avi,21,8,50,8,26,False,False,0.13889345526695251,0.015321895014494658,0.0034308520116610453,0.5603559031151235,60,4,8,8,False,
hmdb51,val,TVs_Best_Kisses_Top_50_(30_to_21)_kiss_h_nm_np2_le_goo_4,data/HMDB51_data/videos/kiss/TVs_Best_Kisses_Top_50_(30_to_21)_kiss_h_nm_np2_le_goo_4.avi,22,8,50,8,22,True,True,0.6169658303260803,0.026684570126235485,0.0034308520116610453,0.5434948559850454,152,8,8,8,False,
hmdb51,val,Best_Kisses_in_TV_Movies_1_3_kiss_u_cm_np2_le_goo_8,data/HMDB51_data/videos/kiss/Best_Kisses_in_TV_Movies_1_3_kiss_u_cm_np2_le_goo_8.avi,22,8,50,8,22,True,True,0.8044896125793457,0.0419863210991025,0.0034308520116610453,0.5150325829163194,210,8,8,8,False,
hmdb51,val,TVs_Best_Kisses_Top_50-_(40_to_31)_kiss_h_cm_np2_le_goo_10,data/HMDB51_data/videos/kiss/TVs_Best_Kisses_Top_50-_(40_to_31)_kiss_h_cm_np2_le_goo_10.avi,22,8,50,8,22,True,True,0.6834680438041687,0.027625688817352057,0.003498149657389149,1.5718676317483187,133,8,8,8,False,
hmdb51,val,kiss_mix_kiss_f_cm_np2_le_med_1,data/HMDB51_data/videos/kiss/kiss_mix_kiss_f_cm_np2_le_med_1.avi,22,8,50,8,46,False,True,0.13853099942207336,0.036389274057000875,0.003498149657389149,1.5411330140195787,149,8,8,8,False,
hmdb51,val,TVs_Best_Kisses_Top_50-_(40_to_31)_kiss_u_nm_np2_le_goo_7,data/HMDB51_data/videos/kiss/TVs_Best_Kisses_Top_50-_(40_to_31)_kiss_u_nm_np2_le_goo_7.avi,22,8,50,8,22,True,True,0.5014557242393494,0.013219872955232859,0.003498149657389149,1.5017257332801819,68,5,8,8,False,
hmdb51,val,Hangingbyamomentfavoritekisses_kiss_u_cm_np2_ri_med_1,data/HMDB51_data/videos/kiss/Hangingbyamomentfavoritekisses_kiss_u_cm_np2_ri_med_1.avi,22,8,50,8,22,True,True,0.35713499784469604,0.030322964768856764,0.003498149657389149,1.4862825199961662,192,8,8,8,False,
hmdb51,val,5GreatHollywoodKisses_kiss_u_nm_np2_ri_goo_2,data/HMDB51_data/videos/kiss/5GreatHollywoodKisses_kiss_u_nm_np2_ri_goo_2.avi,22,8,50,8,48,False,True,0.3464781641960144,0.0417575160972774,0.003498149657389149,1.4527862602844834,276,8,8,8,False,
hmdb51,val,Hangingbyamomentfavoritekisses_kiss_h_cm_np2_ri_goo_9,data/HMDB51_data/videos/kiss/Hangingbyamomentfavoritekisses_kiss_h_cm_np2_ri_goo_9.avi,22,8,50,8,10,False,True,0.26375898718833923,0.029174146242439747,0.003498149657389149,1.4084828202612698,185,8,8,8,False,
hmdb51,val,BestKisses_kiss_h_cm_np2_le_goo_8,data/HMDB51_data/videos/kiss/BestKisses_kiss_h_cm_np2_le_goo_8.avi,22,8,50,8,22,True,True,0.7937442660331726,0.017433182802051306,0.003498149657389149,1.3770913048647344,86,6,8,8,False,
hmdb51,val,Best_kisses_kiss_h_cm_np2_le_goo_2,data/HMDB51_data/videos/kiss/Best_kisses_kiss_h_cm_np2_le_goo_2.avi,22,8,50,8,22,True,True,0.15118622779846191,0.0266842320561409,0.003498149657389149,1.3564283237792552,168,8,8,8,False,
hmdb51,val,5GreatHollywoodKisses_kiss_h_cm_np2_ri_goo_1,data/HMDB51_data/videos/kiss/5GreatHollywoodKisses_kiss_h_cm_np2_ri_goo_1.avi,22,8,50,8,10,False,True,0.22125060856342316,0.04320829501375556,0.003498149657389149,1.3268201523460448,260,8,8,8,False,
hmdb51,val,BestKisses_kiss_h_cm_np2_ri_goo_13,data/HMDB51_data/videos/kiss/BestKisses_kiss_h_cm_np2_ri_goo_13.avi,22,8,50,8,22,True,True,0.63138747215271,0.024185342248529196,0.003498149657389149,1.2816141666844487,115,8,8,8,False,
hmdb51,val,Best_Kisses_in_TV_Movies_1_3_kiss_h_cm_np2_le_goo_4,data/HMDB51_data/videos/kiss/Best_Kisses_in_TV_Movies_1_3_kiss_h_cm_np2_le_goo_4.avi,22,8,50,8,22,True,True,0.3838537931442261,0.024186512921005487,0.003498149657389149,1.2550837649032474,142,8,8,8,False,
hmdb51,val,Best_kisses_kiss_h_nm_np2_le_goo_5,data/HMDB51_data/videos/kiss/Best_kisses_kiss_h_nm_np2_le_goo_5.avi,22,8,50,8,22,True,True,0.726356565952301,0.036415529903024435,0.003498149657389149,1.229000300168991,197,8,8,8,False,
hmdb51,val,BestKisses_kiss_h_cm_np2_fr_goo_7,data/HMDB51_data/videos/kiss/BestKisses_kiss_h_cm_np2_fr_goo_7.avi,22,8,50,8,22,True,True,0.4628145396709442,0.023879569955170155,0.003498149657389149,1.1894429088570178,96,6,8,8,False,
hmdb51,val,Prelinger_HabitPat1954_laugh_u_nm_np2_ri_med_21,data/HMDB51_data/videos/laugh/Prelinger_HabitPat1954_laugh_u_nm_np2_ri_med_21.avi,23,8,50,8,46,False,False,0.2907719016075134,0.026408385019749403,0.003498149657389149,1.1630721357651055,127,8,8,8,False,
hmdb51,val,Skype_Laughter_by_Hungary_laugh_h_nm_np2_fr_goo_1,data/HMDB51_data/videos/laugh/Skype_Laughter_by_Hungary_laugh_h_nm_np2_fr_goo_1.avi,23,8,50,8,23,True,True,0.47562718391418457,0.03519185073673725,0.003498149657389149,1.1330828019417822,197,8,8,8,False,
hmdb51,val,Skype_Laughter_Chain_laugh_h_cm_np1_fr_goo_14,data/HMDB51_data/videos/laugh/Skype_Laughter_Chain_laugh_h_cm_np1_fr_goo_14.avi,23,8,50,8,23,True,True,0.5918133854866028,0.024902230128645897,0.003498149657389149,1.0938717741519213,136,8,8,8,False,
hmdb51,val,Best_Of_Skype_Laughter_Chain_laugh_h_nm_np2_fr_med_19,data/HMDB51_data/videos/laugh/Best_Of_Skype_Laughter_Chain_laugh_h_nm_np2_fr_med_19.avi,23,8,50,8,23,True,True,0.7952158451080322,0.027672365307807922,0.003498149657389149,1.06601891387254,178,8,8,8,False,
hmdb51,val,Skype_Laughter_Chain_reaction_(-_laugh_u_nm_np2_ri_med_1,data/HMDB51_data/videos/laugh/Skype_Laughter_Chain_reaction_(-_laugh_u_nm_np2_ri_med_1.avi,23,8,50,8,40,False,True,0.2287920117378235,0.06576588423922658,0.003498149657389149,1.036251774057746,362,8,8,8,False,
hmdb51,val,Italian_Job_1_laugh_h_nm_np1_fr_bad_1,data/HMDB51_data/videos/laugh/Italian_Job_1_laugh_h_nm_np1_fr_bad_1.avi,23,8,50,8,46,False,False,0.5027630925178528,0.017618355806916952,0.003498149657389149,0.9674796592444181,61,4,8,8,False,
hmdb51,val,Glory_laugh_h_nm_np1_fr_bad_4,data/HMDB51_data/videos/laugh/Glory_laugh_h_nm_np1_fr_bad_4.avi,23,8,50,8,10,False,False,0.409933477640152,0.02555283484980464,0.003498149657389149,0.9456528658047318,88,6,8,8,False,
hmdb51,val,laughing_out_her_brains_laugh_u_cm_np1_fr_med_3,data/HMDB51_data/videos/laugh/laughing_out_her_brains_laugh_u_cm_np1_fr_med_3.avi,23,8,50,8,23,True,True,0.49564579129219055,0.035711200907826424,0.003498149657389149,0.9173058182932436,181,8,8,8,False,
hmdb51,val,Skype_Laughter_Chain_laugh_h_cm_np1_fr_goo_6,data/HMDB51_data/videos/laugh/Skype_Laughter_Chain_laugh_h_cm_np1_fr_goo_6.avi,23,8,50,8,23,True,True,0.710545003414154,0.047761849127709866,0.003498149657389149,0.8786741299554706,302,8,8,8,False,
hmdb51,val,Can_t_stop_laughing_laugh_u_cm_np1_fr_goo_0,data/HMDB51_data/videos/laugh/Can_t_stop_laughing_laugh_u_cm_np1_fr_goo_0.avi,23,8,50,8,23,True,True,0.31110677123069763,0.04350941302254796,0.003498149657389149,0.826788348145783,211,8,8,8,False,
hmdb51,val,Skype_Laughter_Chain_laugh_h_cm_np1_fr_goo_12,data/HMDB51_data/videos/laugh/Skype_Laughter_Chain_laugh_h_cm_np1_fr_goo_12.avi,23,8,50,8,4,False,True,0.41673073172569275,0.030979949049651623,0.003498149657389149,0.7790692979469895,80,5,8,8,False,
hmdb51,val,Skype_Laughter_Chain_Reaction_laugh_h_cm_np1_fr_goo_0,data/HMDB51_data/videos/laugh/Skype_Laughter_Chain_Reaction_laugh_h_cm_np1_fr_goo_0.avi,23,8,50,8,3,False,True,0.2962717115879059,0.03625515289604664,0.003498149657389149,0.7454368150793016,225,8,8,8,False,
hmdb51,val,Best_Of_Skype_Laughter_Chain_laugh_h_nm_np1_fr_goo_13,data/HMDB51_data/videos/laugh/Best_Of_Skype_Laughter_Chain_laugh_h_nm_np1_fr_goo_13.avi,23,8,50,8,23,True,True,0.8138208389282227,0.01968080596998334,0.003498149657389149,0.7063400521874428,115,8,8,8,False,
hmdb51,val,Re-_Skype_Laughter_Chain_3_laugh_h_nm_np2_fr_med_0,data/HMDB51_data/videos/laugh/Re-_Skype_Laughter_Chain_3_laugh_h_nm_np2_fr_med_0.avi,23,8,50,8,23,True,True,0.5934224724769592,0.03332021925598383,0.003498149657389149,0.6846374208107591,184,8,8,8,False,
hmdb51,val,Der_Lachsack___Laughing_Bag___keep_on_smiling_;0)_laugh_h_cm_np1_fr_med_1,data/HMDB51_data/videos/laugh/Der_Lachsack___Laughing_Bag___keep_on_smiling_;0)_laugh_h_cm_np1_fr_med_1.avi,23,8,50,8,23,True,True,0.667599618434906,0.030248983297497034,0.003498149657389149,0.6469655861146748,175,8,8,8,False,
hmdb51,val,best_laugh_attack_ever!_laugh_h_nm_np1_fr_goo_1,data/HMDB51_data/videos/laugh/best_laugh_attack_ever!_laugh_h_nm_np1_fr_goo_1.avi,23,8,50,8,39,False,True,0.4613003134727478,0.030258839949965477,0.003498149657389149,0.6141840680502355,160,8,8,8,False,
hmdb51,val,Crazy_Drunk_Girl_Laugh_laugh_h_cm_np1_fr_goo_0,data/HMDB51_data/videos/laugh/Crazy_Drunk_Girl_Laugh_laugh_h_cm_np1_fr_goo_0.avi,23,8,50,8,23,True,True,0.5418995022773743,0.03442982118576765,0.003498149657389149,0.5796858659014106,148,8,8,8,False,
hmdb51,val,Best_Of_Skype_Laughter_Chain_laugh_h_nm_np1_fr_goo_12,data/HMDB51_data/videos/laugh/Best_Of_Skype_Laughter_Chain_laugh_h_nm_np1_fr_goo_12.avi,23,8,50,8,23,True,True,0.8147916197776794,0.02439240412786603,0.003498149657389149,0.5403991541825235,100,7,8,8,False,
hmdb51,val,Re-_skype_laughter_chain_2_laugh_h_nm_np2_fr_goo_1,data/HMDB51_data/videos/laugh/Re-_skype_laughter_chain_2_laugh_h_nm_np2_fr_goo_1.avi,23,8,50,8,23,True,True,0.7762928605079651,0.038380893878638744,0.003498149657389149,0.5137619441375136,260,8,8,8,False,
hmdb51,val,Search_and_Identify_Golf_Ball_-_www_mulliganplus_com_pick_f_nm_np1_le_goo_0,data/HMDB51_data/videos/pick/Search_and_Identify_Golf_Ball_-_www_mulliganplus_com_pick_f_nm_np1_le_goo_0.avi,24,8,50,8,15,False,True,0.8835755586624146,0.032913581002503633,0.0036683932412415743,1.3525900612585247,166,8,8,8,False,
hmdb51,val,Juno_pick_u_cm_np1_le_bad_9,data/HMDB51_data/videos/pick/Juno_pick_u_cm_np1_le_bad_9.avi,24,8,50,8,27,False,False,0.22719137370586395,0.021558576729148626,0.0036683932412415743,1.31579369911924,105,7,8,8,False,
hmdb51,val,Fishing_For_People_pick_f_cm_np2_ri_med_1,data/HMDB51_data/videos/pick/Fishing_For_People_pick_f_cm_np2_ri_med_1.avi,24,8,50,8,24,True,True,0.22496798634529114,0.017439862247556448,0.0036683932412415743,1.2903764848597348,80,5,8,8,False,
hmdb51,val,Wallet_Trick_pick_f_cm_np4_ri_med_0,data/HMDB51_data/videos/pick/Wallet_Trick_pick_f_cm_np4_ri_med_0.avi,24,8,50,8,30,False,True,0.2994309067726135,0.01576357102021575,0.0036683932412415743,1.2706560250371695,80,5,8,8,False,
hmdb51,val,Dollar_Prank_at_Wally_World_pick_f_nm_np1_le_med_2,data/HMDB51_data/videos/pick/Dollar_Prank_at_Wally_World_pick_f_nm_np1_le_med_2.avi,24,8,50,8,27,False,False,0.8279903531074524,0.01608815137296915,0.0036683932412415743,1.2523960401304066,80,5,8,8,False,
hmdb51,val,Dollar_Prank_at_the_Rivertown_Mall_pick_f_nm_np1_fr_med_1,data/HMDB51_data/videos/pick/Dollar_Prank_at_the_Rivertown_Mall_pick_f_nm_np1_fr_med_1.avi,24,8,50,8,16,False,True,0.15171976387500763,0.014982201159000397,0.0036683932412415743,1.234612435568124,80,5,8,8,False,
hmdb51,val,Pick_Up_The_Phone_pick_u_nm_np1_fr_med_0,data/HMDB51_data/videos/pick/Pick_Up_The_Phone_pick_u_nm_np1_fr_med_0.avi,24,8,50,8,24,True,True,0.08548493683338165,0.01985181774944067,0.0036683932412415743,1.2184399631805718,80,5,8,8,False,
hmdb51,val,Die_Pfandpiraten_Doku_pick_f_cm_np1_ba_med_2,data/HMDB51_data/videos/pick/Die_Pfandpiraten_Doku_pick_f_cm_np1_ba_med_2.avi,24,8,50,8,6,False,False,0.24038782715797424,0.022427483927458525,0.0036683932412415743,1.1964387530460954,85,6,8,8,False,
hmdb51,val,Wallet_Trick_pick_f_cm_np2_fr_bad_1,data/HMDB51_data/videos/pick/Wallet_Trick_pick_f_cm_np2_fr_bad_1.avi,24,8,50,8,30,False,True,0.6105814576148987,0.017421097960323095,0.0036683932412415743,1.1707652169279754,82,6,8,8,False,
hmdb51,val,Wallet_Trick_pick_f_cm_np1_fr_bad_4,data/HMDB51_data/videos/pick/Wallet_Trick_pick_f_cm_np1_fr_bad_4.avi,24,8,50,8,24,True,True,0.3473886251449585,0.016579497139900923,0.0036683932412415743,1.1520821577869356,80,5,8,8,False,
hmdb51,val,Torwarttraining_-_Impressionen_vom_1__FFC_Frankfurt_pick_f_cm_np1_fr_goo_3,data/HMDB51_data/videos/pick/Torwarttraining_-_Impressionen_vom_1__FFC_Frankfurt_pick_f_cm_np1_fr_goo_3.avi,24,8,50,8,2,False,False,0.795234203338623,0.01592090679332614,0.0036683932412415743,1.1338990340009332,53,4,8,8,False,
hmdb51,val,ThePerfectScore_pick_u_nm_np1_ba_goo_3,data/HMDB51_data/videos/pick/ThePerfectScore_pick_u_nm_np1_ba_goo_3.avi,24,8,50,8,32,False,True,0.09263747930526733,0.016396543942391872,0.0036683932412415743,1.1138933720067143,51,4,8,8,False,
hmdb51,val,ThreeStories_pick_u_cm_np1_ri_med_3,data/HMDB51_data/videos/pick/ThreeStories_pick_u_cm_np1_ri_med_3.avi,24,8,50,8,12,False,False,0.26204782724380493,0.01446583541110158,0.0036683932412415743,1.0958191179670393,53,4,8,8,False,
hmdb51,val,M_ll_sammeln_pick_f_cm_np1_fr_bad_0,data/HMDB51_data/videos/pick/M_ll_sammeln_pick_f_cm_np1_fr_bad_0.avi,24,8,50,8,24,True,True,0.16149649024009705,0.0185456620529294,0.0036683932412415743,1.0786518990062177,108,7,8,8,False,
hmdb51,val,Portemonnaie-Trick_Openair_Lumnezia_2008_Nr__2_pick_f_cm_np2_fr_med_0,data/HMDB51_data/videos/pick/Portemonnaie-Trick_Openair_Lumnezia_2008_Nr__2_pick_f_cm_np2_fr_med_0.avi,24,8,50,8,33,False,False,0.5040293335914612,0.017568626906722784,0.0036683932412415743,1.0565753486007452,84,6,8,8,False,
hmdb51,val,The_Pomegranate_Martini_pour_u_nm_np1_fr_med_0,data/HMDB51_data/videos/pour/The_Pomegranate_Martini_pour_u_nm_np1_fr_med_0.avi,25,8,50,8,25,True,True,0.8028191328048706,0.01817712327465415,0.0036683932412415743,1.0368434842675924,113,7,8,8,False,
hmdb51,val,Bottoms_Up_-_Bartending_Lesson__Licor_43_Dreamsicle_pour_u_nm_np2_fr_goo_0,data/HMDB51_data/videos/pour/Bottoms_Up_-_Bartending_Lesson__Licor_43_Dreamsicle_pour_u_nm_np2_fr_goo_0.avi,25,8,50,8,25,True,True,0.7239588499069214,0.03709449619054794,0.0036683932412415743,1.0170244262553751,230,8,8,8,False,
hmdb51,val,Bar_Basics_-_How_to_Pour_Liquor_Accurately_by_Counting_pour_u_cm_np1_fr_med_2,data/HMDB51_data/videos/pour/Bar_Basics_-_How_to_Pour_Liquor_Accurately_by_Counting_pour_u_cm_np1_fr_med_2.avi,25,8,50,8,25,True,True,0.7973242998123169,0.014455636031925678,0.0036683932412415743,0.9762643929570913,68,5,8,8,False,
hmdb51,val,Chinese_tea_ceremony_pour_u_cm_np1_fr_goo_0,data/HMDB51_data/videos/pour/Chinese_tea_ceremony_pour_u_cm_np1_fr_goo_0.avi,25,8,50,8,25,True,True,0.9186831712722778,0.019795274827629328,0.0036683932412415743,0.9602707498706877,112,7,8,8,False,
hmdb51,val,Robin_and_the_magical_tea_pour_pour_u_cm_np1_fr_goo_0,data/HMDB51_data/videos/pour/Robin_and_the_magical_tea_pour_pour_u_cm_np1_fr_goo_0.avi,25,8,50,8,25,True,True,0.923914909362793,0.04075128585100174,0.0036683932412415743,0.9387763300910592,240,8,8,8,False,
hmdb51,val,Tea_in_Wudang_pour_u_nm_np1_fr_med_2,data/HMDB51_data/videos/pour/Tea_in_Wudang_pour_u_nm_np1_fr_med_2.avi,25,8,50,8,25,True,True,0.8928744196891785,0.02033748012036085,0.0036683932412415743,0.8940512822009623,104,7,8,8,False,
hmdb51,val,Traditional_chinese_tea_ceremony_pour_u_cm_np1_fr_goo_0,data/HMDB51_data/videos/pour/Traditional_chinese_tea_ceremony_pour_u_cm_np1_fr_goo_0.avi,25,8,50,8,4,False,True,0.2064318060874939,0.037789491936564445,0.0036683932412415743,0.871920885052532,256,8,8,8,False,
hmdb51,val,New_Orleans__best_cocktails-_Hot_Buttered_Rum_pour_u_nm_np1_fr_med_1,data/HMDB51_data/videos/pour/New_Orleans__best_cocktails-_Hot_Buttered_Rum_pour_u_nm_np1_fr_med_1.avi,25,8,50,8,25,True,True,0.9419323205947876,0.024593897629529238,0.0036683932412415743,0.8316657217219472,173,8,8,8,False,
hmdb51,val,Highball_Cocktail_Drink_Recipe_pour_u_nm_np1_fr_med_0,data/HMDB51_data/videos/pour/Highball_Cocktail_Drink_Recipe_pour_u_nm_np1_fr_med_0.avi,25,8,50,8,25,True,True,0.8943696618080139,0.020646468736231327,0.0036683932412415743,0.8040083725936711,153,8,8,8,False,
hmdb51,val,Bottoms_Up_-_Bartending_Lesson__The_Margarita!_pour_u_nm_np1_fr_goo_2,data/HMDB51_data/videos/pour/Bottoms_Up_-_Bartending_Lesson__The_Margarita!_pour_u_nm_np1_fr_goo_2.avi,25,8,50,8,25,True,True,0.948031485080719,0.015430814120918512,0.0036683932412415743,0.7813175292685628,80,5,8,8,False,
hmdb51,val,Bartender_of_America_Bartending_School_pour_u_cm_np1_fr_med_2,data/HMDB51_data/videos/pour/Bartender_of_America_Bartending_School_pour_u_cm_np1_fr_med_2.avi,25,8,50,8,25,True,True,0.8510338068008423,0.017434345092624426,0.0036683932412415743,0.7644403972662985,101,7,8,8,False,
hmdb51,val,How_to_pour_beer_pour_u_nm_np1_fr_goo_0,data/HMDB51_data/videos/pour/How_to_pour_beer_pour_u_nm_np1_fr_goo_0.avi,25,8,50,8,23,False,False,0.4063957929611206,0.12434281315654516,0.0036683932412415743,0.7441097688861191,1063,8,8,8,False,
hmdb51,val,Gaiwan_tea_ceremony_pour_u_cm_np1_fr_med_1,data/HMDB51_data/videos/pour/Gaiwan_tea_ceremony_pour_u_cm_np1_fr_med_1.avi,25,8,50,8,25,True,True,0.6951264142990112,0.030506239738315344,0.0036683932412415743,0.6178228058852255,217,8,8,8,False,
hmdb51,val,Flaming_B52_Shot_Drink_pour_u_nm_np1_fr_med_1,data/HMDB51_data/videos/pour/Flaming_B52_Shot_Drink_pour_u_nm_np1_fr_med_1.avi,25,8,50,8,25,True,True,0.9506525993347168,0.05424468405544758,0.0036683932412415743,0.5845032641664147,427,8,8,8,False,
hmdb51,val,Bartender_School_Students_Practice_pour_u_cm_np1_fr_med_2,data/HMDB51_data/videos/pour/Bartender_School_Students_Practice_pour_u_cm_np1_fr_med_2.avi,25,8,50,8,25,True,True,0.6072447299957275,0.01729010185226798,0.0036683932412415743,0.5275344522669911,88,6,8,8,False,
hmdb51,val,46_Pull_ups_pullup_f_cm_np1_fr_bad_2,data/HMDB51_data/videos/pullup/46_Pull_ups_pullup_f_cm_np1_fr_bad_2.avi,26,8,50,8,26,True,True,0.8926057815551758,0.01503032399341464,0.0036683932412415743,0.5090330061502755,81,5,8,8,False,
hmdb51,val,50_pull_ups_made_in_germany_pullup_f_nm_np1_le_med_2,data/HMDB51_data/videos/pullup/50_pull_ups_made_in_germany_pullup_f_nm_np1_le_med_2.avi,26,8,50,8,14,False,True,0.1396363079547882,0.014464565087109804,0.0036683932412415743,0.4924066220410168,80,5,8,8,False,
hmdb51,val,Pull_ups-_77_for_8_minutes_without_rest_pullup_u_cm_np1_fr_bad_2,data/HMDB51_data/videos/pullup/Pull_ups-_77_for_8_minutes_without_rest_pullup_u_cm_np1_fr_bad_2.avi,26,8,50,8,26,True,True,0.9493939876556396,0.020864466205239296,0.0037855473055969924,1.144929547328502,80,5,8,8,False,
hmdb51,val,Pull-ups_+_Push_ups-_a_time-saving_workout_pullup_u_cm_np1_ri_med_2,data/HMDB51_data/videos/pullup/Pull-ups_+_Push_ups-_a_time-saving_workout_pullup_u_cm_np1_ri_med_2.avi,26,8,50,8,26,True,True,0.8965980410575867,0.01593838958069682,0.0037855473055969924,1.121030363254249,80,5,8,8,False,
hmdb51,val,Girl_does_12_pull-ups_pullup_u_cm_np1_ba_med_0,data/HMDB51_data/videos/pullup/Girl_does_12_pull-ups_pullup_u_cm_np1_ba_med_0.avi,26,8,50,8,26,True,True,0.9276785850524902,0.017003181856125593,0.0037855473055969924,1.1027654600329697,84,6,8,8,False,
hmdb51,val,Eight_wide_grip_pull-ups_pullup_u_cm_np1_ba_med_1,data/HMDB51_data/videos/pullup/Eight_wide_grip_pull-ups_pullup_u_cm_np1_ba_med_1.avi,26,8,50,8,26,True,True,0.9294701814651489,0.016361388843506575,0.0037855473055969924,1.0818900321610272,88,6,8,8,False,
hmdb51,val,20_good_form_pullups_pullup_f_nm_np1_ri_goo_0,data/HMDB51_data/videos/pullup/20_good_form_pullups_pullup_f_nm_np1_ri_goo_0.avi,26,8,50,8,26,True,True,0.9371911883354187,0.015682314056903124,0.0037855473055969924,1.0641837352886796,81,5,8,8,False,
hmdb51,val,12_Pull-ups_by_female_athlete_pullup_f_cm_np1_ba_med_2,data/HMDB51_data/videos/pullup/12_Pull-ups_by_female_athlete_pullup_f_cm_np1_ba_med_2.avi,26,8,50,8,26,True,True,0.9352147579193115,0.016044978983700275,0.0037855473055969924,1.046160118188709,80,5,8,8,False,
hmdb51,val,Metaphysics_Pull_up_specialist_pullup_u_cm_np1_ba_med_1,data/HMDB51_data/videos/pullup/Metaphysics_Pull_up_specialist_pullup_u_cm_np1_ba_med_1.avi,26,8,50,8,26,True,True,0.334115207195282,0.020615159068256617,0.0037855473055969924,1.0279452567920089,82,6,8,8,False,
hmdb51,val,22_Pull-ups_with_Speed_and_Perfect_Form_pullup_f_cm_np1_ba_med_0,data/HMDB51_data/videos/pullup/22_Pull-ups_with_Speed_and_Perfect_Form_pullup_f_cm_np1_ba_med_0.avi,26,8,50,8,26,True,True,0.9188041090965271,0.015693069901317358,0.0037855473055969924,1.003600211814046,79,5,8,8,False,
hmdb51,val,Girl_does_12_pull-ups_pullup_u_cm_np1_ba_med_2,data/HMDB51_data/videos/pullup/Girl_does_12_pull-ups_pullup_u_cm_np1_ba_med_2.avi,26,8,50,8,26,True,True,0.9287814497947693,0.01718012196943164,0.0037855473055969924,0.9864388033747673,84,6,8,8,False,
hmdb51,val,20_Pull_ups_at_160_15_1_2_inch_biceps_(_wide_grip_)_pullup_u_cm_np1_ba_med_2,data/HMDB51_data/videos/pullup/20_Pull_ups_at_160_15_1_2_inch_biceps_(_wide_grip_)_pullup_u_cm_np1_ba_med_2.avi,26,8,50,8,26,True,True,0.9506836533546448,0.018410678952932358,0.0037855473055969924,0.967601434327662,81,5,8,8,False,
hmdb51,val,46_Pull_ups_pullup_f_cm_np1_fr_bad_1,data/HMDB51_data/videos/pullup/46_Pull_ups_pullup_f_cm_np1_fr_bad_1.avi,26,8,50,8,26,True,True,0.7288768887519836,0.015590251423418522,0.0037855473055969924,0.9453846998512745,81,5,8,8,False,
hmdb51,val,Random_Pull_Up_Exercises_pullup_f_nm_np1_ba_med_1,data/HMDB51_data/videos/pullup/Random_Pull_Up_Exercises_pullup_f_nm_np1_ba_med_1.avi,26,8,50,8,26,True,True,0.9446530342102051,0.014453971292823553,0.0037855473055969924,0.927086184732616,80,5,8,8,False,
hmdb51,val,Pull_ups-_77_for_8_minutes_without_rest_pullup_u_cm_np1_fr_bad_0,data/HMDB51_data/videos/pullup/Pull_ups-_77_for_8_minutes_without_rest_pullup_u_cm_np1_fr_bad_0.avi,26,8,50,8,26,True,True,0.9349854588508606,0.014224502723664045,0.0037855473055969924,0.9111807011067867,80,5,8,8,False,
hmdb51,val,The_Matrix_4_punch_u_nm_np1_fr_bad_3,data/HMDB51_data/videos/punch/The_Matrix_4_punch_u_nm_np1_fr_bad_3.avi,27,8,50,8,27,True,True,0.16423264145851135,0.01650619599968195,0.0037855473055969924,0.8950604749843478,41,3,8,8,False,
hmdb51,val,Crash_punch_h_cm_np1_ri_med_18,data/HMDB51_data/videos/punch/Crash_punch_h_cm_np1_ri_med_18.avi,27,8,50,8,49,False,False,0.7942100763320923,0.022524254862219095,0.0037855473055969924,0.8767172461375594,36,3,8,8,False,
hmdb51,val,50_FIRST_DATES_punch_f_nm_np1_ri_med_16,data/HMDB51_data/videos/punch/50_FIRST_DATES_punch_f_nm_np1_ri_med_16.avi,27,8,50,8,29,False,False,0.41971665620803833,0.011428003199398518,0.0037855473055969924,0.8500027046538889,47,3,8,8,False,
hmdb51,val,PracticingBoxingonaDoubleEndBag-LeadRightwithaHook_punch_u_nm_np1_fr_med_12,data/HMDB51_data/videos/punch/PracticingBoxingonaDoubleEndBag-LeadRightwithaHook_punch_u_nm_np1_fr_med_12.avi,27,8,50,8,27,True,True,0.8100957870483398,0.01747510675340891,0.0037855473055969924,0.836772003211081,91,6,8,8,False,
hmdb51,val,AdvancedBoxingTechniquesandExercises_punch_u_nm_np1_ri_med_20,data/HMDB51_data/videos/punch/AdvancedBoxingTechniquesandExercises_punch_u_nm_np1_ri_med_20.avi,27,8,50,8,21,False,False,0.3387792408466339,0.024574236944317818,0.0037855473055969924,0.8171479650773108,62,4,8,8,False,
hmdb51,val,Return_of_the_King_10_punch_u_cm_np1_ba_med_0,data/HMDB51_data/videos/punch/Return_of_the_King_10_punch_u_cm_np1_ba_med_0.avi,27,8,50,8,35,False,False,0.25264596939086914,0.021198236849159002,0.0037855473055969924,0.7876074267551303,45,3,8,8,False,
hmdb51,val,PracticingBoxingonaDoubleEndBag-LeadRightwithaHook_punch_u_nm_np1_fr_med_5,data/HMDB51_data/videos/punch/PracticingBoxingonaDoubleEndBag-LeadRightwithaHook_punch_u_nm_np1_fr_med_5.avi,27,8,50,8,27,True,True,0.8382731080055237,0.020071509759873152,0.0037855473055969924,0.7631078809499741,92,6,8,8,False,
hmdb51,val,PracticingBoxingonaDoubleEndBag-LeadRightwithaHook_punch_u_nm_np1_fr_med_9,data/HMDB51_data/videos/punch/PracticingBoxingonaDoubleEndBag-LeadRightwithaHook_punch_u_nm_np1_fr_med_9.avi,27,8,50,8,27,True,True,0.4188641905784607,0.018704799003899097,0.0037855473055969924,0.7401148220524192,90,6,8,8,False,
hmdb51,val,BoxingTipsHowtoMakeKnucklesStronger_punch_u_nm_np1_ri_goo_0,data/HMDB51_data/videos/punch/BoxingTipsHowtoMakeKnucklesStronger_punch_u_nm_np1_ri_goo_0.avi,27,8,50,8,27,True,True,0.39605680108070374,0.015694284811615944,0.0037855473055969924,0.7194894338026643,62,4,8,8,False,
hmdb51,val,TheBoondockSaints_punch_f_cm_np1_ri_bad_36,data/HMDB51_data/videos/punch/TheBoondockSaints_punch_f_cm_np1_ri_bad_36.avi,27,8,50,8,49,False,False,0.5206477046012878,0.02128163492307067,0.0037855473055969924,0.7020140308886766,49,3,8,8,False,
hmdb51,val,Return_of_the_King_10_punch_u_cm_np1_ri_med_1,data/HMDB51_data/videos/punch/Return_of_the_King_10_punch_u_cm_np1_ri_med_1.avi,27,8,50,8,10,False,False,0.3765566945075989,0.01734516629949212,0.0037855473055969924,0.677504668943584,38,3,8,8,False,
hmdb51,val,RETURN_OF_THE_KING_punch_u_cm_np1_ri_med_34,data/HMDB51_data/videos/punch/RETURN_OF_THE_KING_punch_u_cm_np1_ri_med_34.avi,27,8,50,8,32,False,False,0.13212400674819946,0.01743185007944703,0.0037855473055969924,0.6587149673141539,45,3,8,8,False,
hmdb51,val,BeginnerKyokushinKarateTechniques_punch_f_nm_np2_fr_med_2,data/HMDB51_data/videos/punch/BeginnerKyokushinKarateTechniques_punch_f_nm_np2_fr_med_2.avi,27,8,50,8,27,True,True,0.5198168158531189,0.04468173114582896,0.0037855473055969924,0.6383411940187216,274,8,8,8,False,
hmdb51,val,Italian_Job_4_punch_u_cm_np1_fr_med_1,data/HMDB51_data/videos/punch/Italian_Job_4_punch_u_cm_np1_fr_med_1.avi,27,8,50,8,46,False,False,0.3835581839084625,0.018855113070458174,0.0037855473055969924,0.5906937173567712,57,4,8,8,False,
hmdb51,val,kick__bruce_lee_v_s_japanese_punch_u_cm_np1_ri_bad_3,data/HMDB51_data/videos/punch/kick__bruce_lee_v_s_japanese_punch_u_cm_np1_ri_bad_3.avi,27,8,50,8,33,False,True,0.2074223905801773,0.019588590133935213,0.0037855473055969924,0.568329303059727,30,2,8,8,False,
hmdb51,val,AdvancedBoxingTechniquesandExercises_punch_u_nm_np1_ba_med_5,data/HMDB51_data/videos/punch/AdvancedBoxingTechniquesandExercises_punch_u_nm_np1_ba_med_5.avi,27,8,50,8,27,True,True,0.8492245674133301,0.013842073734849691,0.0037855473055969924,0.5461751888506114,80,5,8,8,False,
hmdb51,val,The_Departed_-_Part_1_punch_h_cm_np1_fr_bad_3,data/HMDB51_data/videos/punch/The_Departed_-_Part_1_punch_h_cm_np1_fr_bad_3.avi,27,8,50,8,40,False,False,0.22503985464572906,0.015325171872973442,0.0037855473055969924,0.5306672970764339,49,3,8,8,False,
hmdb51,val,TheBoondockSaints_punch_u_nm_np1_le_bad_37,data/HMDB51_data/videos/punch/TheBoondockSaints_punch_u_nm_np1_le_bad_37.avi,27,8,50,8,10,False,False,0.39351150393486023,0.011046893894672394,0.0037855473055969924,0.5105754700489342,24,2,8,8,False,
hmdb51,val,cmd_pushing_box_2_push_f_cm_np1_ba_bad_1,data/HMDB51_data/videos/push/cmd_pushing_box_2_push_f_cm_np1_ba_bad_1.avi,28,8,50,8,28,True,True,0.8773404955863953,0.014887838158756495,0.0037855473055969924,0.49779893504455686,79,5,8,8,False,
hmdb51,val,pushing_cart_push_f_cm_np1_le_bad_1,data/HMDB51_data/videos/push/pushing_cart_push_f_cm_np1_le_bad_1.avi,28,8,50,8,28,True,True,0.6215236783027649,0.020467642229050398,0.003440902379225008,1.1148615861311555,82,6,8,8,False,
hmdb51,val,Big_Bebe_walking_and_pushing_her_lion_in_a_box!_push_f_cm_np1_fr_bad_5,data/HMDB51_data/videos/push/Big_Bebe_walking_and_pushing_her_lion_in_a_box!_push_f_cm_np1_fr_bad_5.avi,28,8,50,8,0,False,True,0.43408966064453125,0.014561251271516085,0.003440902379225008,1.091243825852871,80,5,8,8,False,
hmdb51,val,Davos_-_Anschieben_von_Michis_Auto_push_f_cm_np1_ri_med_1,data/HMDB51_data/videos/push/Davos_-_Anschieben_von_Michis_Auto_push_f_cm_np1_ri_med_1.avi,28,8,50,8,17,False,True,0.43916603922843933,0.019863307010382414,0.003440902379225008,1.0746243568137288,81,5,8,8,False,
hmdb51,val,pushing_blocks_push_f_nm_np1_le_bad_1,data/HMDB51_data/videos/push/pushing_blocks_push_f_nm_np1_le_bad_1.avi,28,8,50,8,24,False,True,0.2295030951499939,0.013149653561413288,0.003440902379225008,1.0518266237340868,80,5,8,8,False,
hmdb51,val,pushing_blocks_push_f_nm_np1_le_bad_2,data/HMDB51_data/videos/push/pushing_blocks_push_f_nm_np1_le_bad_2.avi,28,8,50,8,24,False,True,0.24982577562332153,0.01346700917929411,0.003440902379225008,1.037355865817517,80,5,8,8,False,
hmdb51,val,Box_Pull_Push_push_f_cm_np1_ba_bad_2,data/HMDB51_data/videos/push/Box_Pull_Push_push_f_cm_np1_ba_bad_2.avi,28,8,50,8,28,True,True,0.5582230687141418,0.01328734029084444,0.003440902379225008,1.022485882975161,80,5,8,8,False,
hmdb51,val,Big_Bebe_walking_and_pushing_her_lion_in_a_box!_push_f_cm_np1_ba_bad_7,data/HMDB51_data/videos/push/Big_Bebe_walking_and_pushing_her_lion_in_a_box!_push_f_cm_np1_ba_bad_7.avi,28,8,50,8,28,True,True,0.6439185738563538,0.018133837264031172,0.003440902379225008,1.008143630810082,80,5,8,8,False,
hmdb51,val,Big_Bebe_walking_and_pushing_her_lion_in_a_box!_push_f_cm_np1_le_bad_6,data/HMDB51_data/videos/push/Big_Bebe_walking_and_pushing_her_lion_in_a_box!_push_f_cm_np1_le_bad_6.avi,28,8,50,8,28,True,True,0.37918317317962646,0.015454360749572515,0.003440902379225008,0.9889321592636406,80,5,8,8,False,
hmdb51,val,Joshua_pushing_wagon_push_f_cm_np1_le_bad_0,data/HMDB51_data/videos/push/Joshua_pushing_wagon_push_f_cm_np1_le_bad_0.avi,28,8,50,8,24,False,True,0.43407708406448364,0.01717485999688506,0.003440902379225008,0.9723643157631159,71,5,8,8,False,
hmdb51,val,Cross_Pushing_Table_push_f_cm_np1_ba_bad_2,data/HMDB51_data/videos/push/Cross_Pushing_Table_push_f_cm_np1_ba_bad_2.avi,28,8,50,8,28,True,True,0.862535297870636,0.016868617851287127,0.003440902379225008,0.953516757581383,84,6,8,8,False,
hmdb51,val,Baby_Push_Cart_push_f_cm_np1_ri_bad_0,data/HMDB51_data/videos/push/Baby_Push_Cart_push_f_cm_np1_ri_bad_0.avi,28,8,50,8,28,True,True,0.754163920879364,0.015504369977861643,0.003440902379225008,0.9348674640059471,80,5,8,8,False,
hmdb51,val,micah_pushing_wagon_push_f_cm_np1_le_bad_2,data/HMDB51_data/videos/push/micah_pushing_wagon_push_f_cm_np1_le_bad_2.avi,28,8,50,8,17,False,True,0.30823948979377747,0.021660865284502506,0.003440902379225008,0.9175404701381922,80,5,8,8,False,
hmdb51,val,Pushing_Music_Table_push_f_cm_np1_ba_bad_6,data/HMDB51_data/videos/push/Pushing_Music_Table_push_f_cm_np1_ba_bad_6.avi,28,8,50,8,28,True,True,0.3530876338481903,0.02316134423017502,0.003440902379225008,0.8916835580021143,99,7,8,8,False,
hmdb51,val,Davos_-_Anschieben_von_Michis_Auto_push_f_cm_np1_fr_bad_0,data/HMDB51_data/videos/push/Davos_-_Anschieben_von_Michis_Auto_push_f_cm_np1_fr_bad_0.avi,28,8,50,8,30,False,True,0.5492793321609497,0.025760792195796967,0.003440902379225008,0.8645758321508765,140,8,8,8,False,
hmdb51,val,pushing_box_around_house_push_f_cm_np1_le_bad_3,data/HMDB51_data/videos/push/pushing_box_around_house_push_f_cm_np1_le_bad_3.avi,28,8,50,8,28,True,True,0.785656750202179,0.022106540855020285,0.003440902379225008,0.8355015497654676,101,7,8,8,False,
hmdb51,val,pushing_box_around_house_push_f_cm_np1_le_med_2,data/HMDB51_data/videos/push/pushing_box_around_house_push_f_cm_np1_le_med_2.avi,28,8,50,8,28,True,True,0.7147729396820068,0.017390737310051918,0.003440902379225008,0.8104667398147285,67,5,8,8,False,
hmdb51,val,Pushups_Workout__Push_Up_protein__Part_One_pushup_f_cm_np1_ri_bad_1,data/HMDB51_data/videos/pushup/Pushups_Workout__Push_Up_protein__Part_One_pushup_f_cm_np1_ri_bad_1.avi,29,8,50,8,29,True,True,0.6497708559036255,0.014987422153353691,0.003440902379225008,0.7887401189655066,81,5,8,8,False,
hmdb51,val,Push_Up_Workout_--_Do_100_Total_Pushups_In_A_Row_pushup_f_nm_np1_le_med_2,data/HMDB51_data/videos/pushup/Push_Up_Workout_--_Do_100_Total_Pushups_In_A_Row_pushup_f_nm_np1_le_med_2.avi,29,8,50,8,29,True,True,0.8251039981842041,0.015221272129565477,0.003440902379225008,0.7703335108235478,81,5,8,8,False,
hmdb51,val,38_push-ups!_Not_bad_for_a_girl_pushup_f_cm_np2_fr_med_3,data/HMDB51_data/videos/pushup/38_push-ups!_Not_bad_for_a_girl_pushup_f_cm_np2_fr_med_3.avi,29,8,50,8,29,True,True,0.7624670267105103,0.017531139310449362,0.003440902379225008,0.7536290101706982,82,6,8,8,False,
hmdb51,val,Push_Ups_1_pushup_f_nm_np1_le_med_1,data/HMDB51_data/videos/pushup/Push_Ups_1_pushup_f_nm_np1_le_med_1.avi,29,8,50,8,29,True,True,0.8759639859199524,0.013835161924362183,0.003440902379225008,0.7346182647161186,80,5,8,8,False,
hmdb51,val,Push_Up_Battle_pushup_u_cm_np2_le_bad_2,data/HMDB51_data/videos/pushup/Push_Up_Battle_pushup_u_cm_np2_le_bad_2.avi,29,8,50,8,29,True,True,0.5725926160812378,0.018798969220370054,0.003440902379225008,0.7190797929652035,82,6,8,8,False,
hmdb51,val,Push_Up_fitness_training_video_pushup_f_nm_np1_le_goo_0,data/HMDB51_data/videos/pushup/Push_Up_fitness_training_video_pushup_f_nm_np1_le_goo_0.avi,29,8,50,8,29,True,True,0.8152914047241211,0.021539292763918638,0.003440902379225008,0.6985306520946324,105,7,8,8,False,
hmdb51,val,Exercise_Clip_-_Push-up_Improvement_with_SGT_Ken_pushup_f_cm_np1_fr_med_1,data/HMDB51_data/videos/pushup/Exercise_Clip_-_Push-up_Improvement_with_SGT_Ken_pushup_f_cm_np1_fr_med_1.avi,29,8,50,8,29,True,True,0.883283257484436,0.01662072166800499,0.003440902379225008,0.6728285709396005,80,5,8,8,False,
hmdb51,val,Day_19__100_Pushups_a_Day_Challenge!_(_Break_Your_Rules_)_pushup_f_nm_np1_fr_goo_0,data/HMDB51_data/videos/pushup/Day_19__100_Pushups_a_Day_Challenge!_(_Break_Your_Rules_)_pushup_f_nm_np1_fr_goo_0.avi,29,8,50,8,29,True,True,0.9234803318977356,0.016608803998678923,0.003440902379225008,0.6536374469287694,80,5,8,8,False,
hmdb51,val,Push_Ups_1_pushup_f_nm_np1_le_med_0,data/HMDB51_data/videos/pushup/Push_Ups_1_pushup_f_nm_np1_le_med_0.avi,29,8,50,8,29,True,True,0.8376815915107727,0.014505042228847742,0.003440902379225008,0.6354437270201743,80,5,8,8,False,
hmdb51,val,100_push_ups_pushup_f_nm_np1_ri_med_1,data/HMDB51_data/videos/pushup/100_push_ups_pushup_f_nm_np1_ri_med_1.avi,29,8,50,8,29,True,True,0.8768681287765503,0.018930622842162848,0.003440902379225008,0.6193745504133403,82,6,8,8,False,
hmdb51,val,pseudo_planche_pushups_pushup_u_nm_np1_ri_bad_0,data/HMDB51_data/videos/pushup/pseudo_planche_pushups_pushup_u_nm_np1_ri_bad_0.avi,29,8,50,8,29,True,True,0.9035991430282593,0.015530207194387913,0.003440902379225008,0.599139517173171,84,6,8,8,False,
hmdb51,val,PUSH_UP_pushup_u_cm_np1_ba_med_4,data/HMDB51_data/videos/pushup/PUSH_UP_pushup_u_cm_np1_ba_med_4.avi,29,8,50,8,29,True,True,0.8302772045135498,0.01688578724861145,0.003440902379225008,0.5819697342813015,80,5,8,8,False,
hmdb51,val,Chris_Comfort_s_Push_Up_Workout_Part_I_pushup_f_nm_np1_ri_goo_2,data/HMDB51_data/videos/pushup/Chris_Comfort_s_Push_Up_Workout_Part_I_pushup_f_nm_np1_ri_goo_2.avi,29,8,50,8,29,True,True,0.7780833840370178,0.024431937839835882,0.003440902379225008,0.5630817338824272,166,8,8,8,False,
hmdb51,val,DC_Personal_Trainer_-_How_To_Do_A_Push-up_The_RIGHT_Way_pushup_f_nm_np1_ri_goo_0,data/HMDB51_data/videos/pushup/DC_Personal_Trainer_-_How_To_Do_A_Push-up_The_RIGHT_Way_pushup_f_nm_np1_ri_goo_0.avi,29,8,50,8,29,True,True,0.7707235217094421,0.018704879097640514,0.003440902379225008,0.5367071023210883,106,7,8,8,False,
hmdb51,val,push-up_or_shut_up_(IXK)_pushup_f_cm_np1_le_med_2,data/HMDB51_data/videos/pushup/push-up_or_shut_up_(IXK)_pushup_f_cm_np1_le_med_2.avi,29,8,50,8,29,True,True,0.9087640047073364,0.01737997494637966,0.003440902379225008,0.5155827440321445,80,5,8,8,False,
hmdb51,val,Yorki_Kassy_beim_Fahrrad_fahren_ride_bike_f_cm_np1_le_med_0,data/HMDB51_data/videos/ride_bike/Yorki_Kassy_beim_Fahrrad_fahren_ride_bike_f_cm_np1_le_med_0.avi,30,8,50,8,30,True,True,0.7497144341468811,0.02186881797388196,0.003440902379225008,0.49622547905892134,107,7,8,8,False,
hmdb51,val,Radfahren_um_die_Aggertalsperre_06_09_2009_ride_bike_f_cm_np1_ba_med_12,data/HMDB51_data/videos/ride_bike/Radfahren_um_die_Aggertalsperre_06_09_2009_ride_bike_f_cm_np1_ba_med_12.avi,30,8,50,8,24,False,True,0.21800346672534943,0.02658595982939005,0.0036511879734462127,1.4037745017558336,81,5,8,8,False,
hmdb51,val,1996_Tour_de_France_-_Indurain_Cracks_ride_bike_f_cm_np1_ri_med_4,data/HMDB51_data/videos/ride_bike/1996_Tour_de_France_-_Indurain_Cracks_ride_bike_f_cm_np1_ri_med_4.avi,30,8,50,8,30,True,True,0.846665620803833,0.04191866796463728,0.0036511879734462127,1.373761196155101,79,5,8,8,False,
hmdb51,val,#437_How_To_Ride_A_Bike_ride_bike_f_cm_np1_ba_med_0,data/HMDB51_data/videos/ride_bike/#437_How_To_Ride_A_Bike_ride_bike_f_cm_np1_ba_med_0.avi,30,8,50,8,17,False,True,0.18615663051605225,0.018889698665589094,0.0036511879734462127,1.3299976997077465,81,5,8,8,False,
hmdb51,val,Finding_Forrester_5_ride_bike_f_cm_np1_fr_bad_1,data/HMDB51_data/videos/ride_bike/Finding_Forrester_5_ride_bike_f_cm_np1_fr_bad_1.avi,30,8,50,8,49,False,False,0.6538935303688049,0.030819306150078773,0.0036511879734462127,1.3083952330052853,167,8,8,8,False,
hmdb51,val,1996_Tour_de_France_-_Indurain_Cracks_ride_bike_f_cm_np1_ba_med_1,data/HMDB51_data/videos/ride_bike/1996_Tour_de_France_-_Indurain_Cracks_ride_bike_f_cm_np1_ba_med_1.avi,30,8,50,8,30,True,True,0.8149877786636353,0.02616021828725934,0.0036511879734462127,1.2734233979135752,124,8,8,8,False,
hmdb51,val,1989_Tour_de_France_Final_Time_Trial_ride_bike_f_cm_np1_le_med_4,data/HMDB51_data/videos/ride_bike/1989_Tour_de_France_Final_Time_Trial_ride_bike_f_cm_np1_le_med_4.avi,30,8,50,8,30,True,True,0.8457205891609192,0.017151859123259783,0.0036511879734462127,1.2446017223410308,81,5,8,8,False,
hmdb51,val,Fahrrad_Eigenbau_ride_bike_f_cm_np1_ri_med_0,data/HMDB51_data/videos/ride_bike/Fahrrad_Eigenbau_ride_bike_f_cm_np1_ri_med_0.avi,30,8,50,8,30,True,True,0.6341049671173096,0.04048165585845709,0.0036511879734462127,1.2245157579891384,140,8,8,8,False,
hmdb51,val,Learn_How_To_Ride_A_Bike_at_Any_Age_ride_bike_f_cm_np1_le_med_5,data/HMDB51_data/videos/ride_bike/Learn_How_To_Ride_A_Bike_at_Any_Age_ride_bike_f_cm_np1_le_med_5.avi,30,8,50,8,30,True,True,0.8182822465896606,0.016708970069885254,0.0036511879734462127,1.1811936306767166,80,5,8,8,False,
hmdb51,val,David_beim_Fahrrad_fahren_X_x_ride_bike_f_cm_np1_ri_med_4,data/HMDB51_data/videos/ride_bike/David_beim_Fahrrad_fahren_X_x_ride_bike_f_cm_np1_ri_med_4.avi,30,8,50,8,30,True,True,0.8046801090240479,0.020797764882445335,0.0036511879734462127,1.162193556316197,92,6,8,8,False,
hmdb51,val,Fahrrad_Eigenbau_ride_bike_f_cm_np1_le_med_1,data/HMDB51_data/videos/ride_bike/Fahrrad_Eigenbau_ride_bike_f_cm_np1_le_med_1.avi,30,8,50,8,30,True,True,0.40191155672073364,0.04528123699128628,0.0036511879734462127,1.139211035799235,136,8,8,8,False,
hmdb51,val,Tour_de_France_2009_ETAPA_16_ESPN_ESP__Kilometros_finales_ride_bike_f_cm_np1_ba_bad_2,data/HMDB51_data/videos/ride_bike/Tour_de_France_2009_ETAPA_16_ESPN_ESP__Kilometros_finales_ride_bike_f_cm_np1_ba_bad_2.avi,30,8,50,8,30,True,True,0.8150812983512878,0.01915358519181609,0.0036511879734462127,1.0911317057907581,55,4,8,8,False,
hmdb51,val,Learn_How_To_Ride_A_Bike_at_Any_Age_ride_bike_f_cm_np1_ba_med_7,data/HMDB51_data/videos/ride_bike/Learn_How_To_Ride_A_Bike_at_Any_Age_ride_bike_f_cm_np1_ba_med_7.avi,30,8,50,8,30,True,True,0.8942787051200867,0.016719967126846313,0.0036511879734462127,1.0691104149445891,80,5,8,8,False,
hmdb51,val,Learn_How_To_Ride_A_Bike_at_Any_Age_ride_bike_f_cm_np1_ba_med_1,data/HMDB51_data/videos/ride_bike/Learn_How_To_Ride_A_Bike_at_Any_Age_ride_bike_f_cm_np1_ba_med_1.avi,30,8,50,8,30,True,True,0.88593989610672,0.015521724242717028,0.0036511879734462127,1.0505620250478387,80,5,8,8,False,
hmdb51,val,Radfahren_um_die_Aggertalsperre_06_09_2009_ride_bike_f_cm_np2_le_med_14,data/HMDB51_data/videos/ride_bike/Radfahren_um_die_Aggertalsperre_06_09_2009_ride_bike_f_cm_np2_le_med_14.avi,30,8,50,8,30,True,True,0.9050999283790588,0.017756987363100052,0.0036511879734462127,1.032710430212319,81,5,8,8,False,
hmdb51,val,Mylifehorseriding_ride_horse_f_cm_np1_le_med_4,data/HMDB51_data/videos/ride_horse/Mylifehorseriding_ride_horse_f_cm_np1_le_med_4.avi,31,8,50,8,31,True,True,0.9232158660888672,0.025761206168681383,0.0036511879734462127,1.012568292208016,148,8,8,8,False,
hmdb51,val,Alifestyle_ride_horse_f_cm_np1_fr_med_4,data/HMDB51_data/videos/ride_horse/Alifestyle_ride_horse_f_cm_np1_fr_med_4.avi,31,8,50,8,16,False,False,0.2922549545764923,0.04425223497673869,0.0036511879734462127,0.9845603783614933,291,8,8,8,False,
hmdb51,val,CrossCountry_ride_horse_l_cm_np1_ri_med_7,data/HMDB51_data/videos/ride_horse/CrossCountry_ride_horse_l_cm_np1_ri_med_7.avi,31,8,50,8,31,True,True,0.9080629348754883,0.024142437148839235,0.0036511879734462127,0.9371122978627682,67,5,8,8,False,
hmdb51,val,ChelseaLately-Chelsea_ride_horse_f_cm_np1_le_med_3,data/HMDB51_data/videos/ride_horse/ChelseaLately-Chelsea_ride_horse_f_cm_np1_le_med_3.avi,31,8,50,8,31,True,True,0.8213523626327515,0.020126665011048317,0.0036511879734462127,0.9101208508946002,80,5,8,8,False,
hmdb51,val,HorseRiding_ride_horse_f_cm_np1_ba_med_5,data/HMDB51_data/videos/ride_horse/HorseRiding_ride_horse_f_cm_np1_ba_med_5.avi,31,8,50,8,31,True,True,0.38266775012016296,0.022902848199009895,0.0036511879734462127,0.8881702120415866,95,6,8,8,False,
hmdb51,val,BethEventingTraingGeorge_ride_horse_f_cm_np1_ri_med_4,data/HMDB51_data/videos/ride_horse/BethEventingTraingGeorge_ride_horse_f_cm_np1_ri_med_4.avi,31,8,50,8,31,True,True,0.6613721251487732,0.018081233836710453,0.0036511879734462127,0.8636194001883268,98,7,8,8,False,
hmdb51,val,Return_of_the_King_9_ride_horse_f_cm_np1_ri_med_2,data/HMDB51_data/videos/ride_horse/Return_of_the_King_9_ride_horse_f_cm_np1_ri_med_2.avi,31,8,50,8,32,False,False,0.45078033208847046,0.023645062930881977,0.0036511879734462127,0.8428030242212117,87,6,8,8,False,
hmdb51,val,Alifestyle_ride_horse_f_cm_np1_le_med_2,data/HMDB51_data/videos/ride_horse/Alifestyle_ride_horse_f_cm_np1_le_med_2.avi,31,8,50,8,31,True,True,0.9261182546615601,0.019106860738247633,0.0036511879734462127,0.8165953559800982,101,7,8,8,False,
hmdb51,val,ChelseaLately-Chelsea_ride_horse_f_cm_np1_le_med_6,data/HMDB51_data/videos/ride_horse/ChelseaLately-Chelsea_ride_horse_f_cm_np1_le_med_6.avi,31,8,50,8,31,True,True,0.6243943572044373,0.028856948018074036,0.0036511879734462127,0.7949821031652391,133,8,8,8,False,
hmdb51,val,ALeapToFreedom_ride_horse_f_nm_np1_ba_med_1,data/HMDB51_data/videos/ride_horse/ALeapToFreedom_ride_horse_f_nm_np1_ba_med_1.avi,31,8,50,8,31,True,True,0.9086030721664429,0.017086190171539783,0.0036511879734462127,0.7641695807687938,111,7,8,8,False,
hmdb51,val,Caspar_ride_horse_f_cm_np1_ri_med_1,data/HMDB51_data/videos/ride_horse/Caspar_ride_horse_f_cm_np1_ri_med_1.avi,31,8,50,8,31,True,True,0.5800891518592834,0.028794889338314533,0.0036511879734462127,0.7442916808649898,161,8,8,8,False,
hmdb51,val,Return_of_the_King_6_ride_horse_f_cm_np3_ba_med_0,data/HMDB51_data/videos/ride_horse/Return_of_the_King_6_ride_horse_f_cm_np3_ba_med_0.avi,31,8,50,8,32,False,False,0.1844966858625412,0.028150823898613453,0.0036511879734462127,0.7123141880147159,123,8,8,8,False,
hmdb51,val,Alifestyle_ride_horse_f_cm_np1_le_med_5,data/HMDB51_data/videos/ride_horse/Alifestyle_ride_horse_f_cm_np1_le_med_5.avi,31,8,50,8,31,True,True,0.5473810434341431,0.07098799431696534,0.0036511879734462127,0.6806271099485457,436,8,8,8,False,
hmdb51,val,DressageandJumping_ride_horse_f_cm_np1_fr_med_2,data/HMDB51_data/videos/ride_horse/DressageandJumping_ride_horse_f_cm_np1_fr_med_2.avi,31,8,50,8,31,True,True,0.730046808719635,0.03803470730781555,0.0036511879734462127,0.6051284619607031,227,8,8,8,False,
hmdb51,val,HorseRiding_ride_horse_f_cm_np1_ri_med_1,data/HMDB51_data/videos/ride_horse/HorseRiding_ride_horse_f_cm_np1_ri_med_1.avi,31,8,50,8,31,True,True,0.9126967787742615,0.02653772011399269,0.0036511879734462127,0.5653532198630273,114,8,8,8,False,
hmdb51,val,Return_of_the_King_2_ride_horse_f_cm_np1_ba_bad_8,data/HMDB51_data/videos/ride_horse/Return_of_the_King_2_ride_horse_f_cm_np1_ba_bad_8.avi,31,8,50,8,7,False,True,0.4820254445075989,0.021183866076171398,0.0036511879734462127,0.5352130886167288,106,7,8,8,False,
hmdb51,val,ChikiMovie_ride_horse_f_cm_np1_ri_med_7,data/HMDB51_data/videos/ride_horse/ChikiMovie_ride_horse_f_cm_np1_ri_med_7.avi,31,8,50,8,31,True,True,0.4301070272922516,0.010039789602160454,0.0036511879734462127,0.5124469082802534,25,2,8,8,False,
hmdb51,val,HP_PRISONER_OF_AZKABAN_run_f_cm_np1_le_bad_35,data/HMDB51_data/videos/run/HP_PRISONER_OF_AZKABAN_run_f_cm_np1_le_bad_35.avi,32,8,50,8,49,False,True,0.161207377910614,0.018902502954006195,0.0036511879734462127,0.5000225976109505,55,4,8,8,False,
hmdb51,val,likebeckam_run_f_cm_np1_ba_med_14,data/HMDB51_data/videos/run/likebeckam_run_f_cm_np1_ba_med_14.avi,32,8,50,8,49,False,True,0.6893869042396545,0.024758883751928806,0.0038186393067007884,1.197973350994289,81,5,8,8,False,
hmdb51,val,BLACK_HAWK_DOWN_run_l_nm_np1_ba_med_33,data/HMDB51_data/videos/run/BLACK_HAWK_DOWN_run_l_nm_np1_ba_med_33.avi,32,8,50,8,49,False,True,0.4556823968887329,0.02530312119051814,0.0038186393067007884,1.169000627938658,50,4,8,8,False,
hmdb51,val,likebeckam_run_f_cm_np1_ri_med_1,data/HMDB51_data/videos/run/likebeckam_run_f_cm_np1_ri_med_1.avi,32,8,50,8,21,False,True,0.34924042224884033,0.017082486767321825,0.0038186393067007884,1.140333129093051,22,2,8,8,False,
hmdb51,val,KUNG_FU_HUSTLE_run_f_cm_np1_fr_med_27,data/HMDB51_data/videos/run/KUNG_FU_HUSTLE_run_f_cm_np1_fr_med_27.avi,32,8,50,8,49,False,True,0.5578164458274841,0.0208100201562047,0.0038186393067007884,1.121266929898411,74,5,8,8,False,
hmdb51,val,prelinger_they_grow_up_so_fast_1_run_f_cm_np1_ri_med_14,data/HMDB51_data/videos/run/prelinger_they_grow_up_so_fast_1_run_f_cm_np1_ri_med_14.avi,32,8,50,8,32,True,True,0.23230621218681335,0.04103172291070223,0.0038186393067007884,1.0967576410621405,199,8,8,8,False,
hmdb51,val,Man_Who_Cheated_Himself_512kb_run_f_cm_np1_fr_bad_4,data/HMDB51_data/videos/run/Man_Who_Cheated_Himself_512kb_run_f_cm_np1_fr_bad_4.avi,32,8,50,8,49,False,True,0.8593056797981262,0.0160412872210145,0.0038186393067007884,1.052422464825213,78,5,8,8,False,
hmdb51,val,TheLastManOnearth_run_f_nm_np1_fr_med_42,data/HMDB51_data/videos/run/TheLastManOnearth_run_f_nm_np1_fr_med_42.avi,32,8,50,8,49,False,True,0.7543158531188965,0.01533895917236805,0.0038186393067007884,1.0340435500256717,77,5,8,8,False,
hmdb51,val,TheLastManOnearth_run_f_nm_np1_ba_bad_40,data/HMDB51_data/videos/run/TheLastManOnearth_run_f_nm_np1_ba_bad_40.avi,32,8,50,8,32,True,True,0.45733410120010376,0.018807852175086737,0.0038186393067007884,1.0146622182801366,107,7,8,8,False,
hmdb51,val,20060723sfjffangelina_run_f_nm_np1_ri_med_1,data/HMDB51_data/videos/run/20060723sfjffangelina_run_f_nm_np1_ri_med_1.avi,32,8,50,8,49,False,True,0.5165724158287048,0.010093519929796457,0.0038186393067007884,0.9944085301831365,34,3,8,8,False,
hmdb51,val,THE_PROTECTOR_run_f_cm_np1_le_med_15,data/HMDB51_data/videos/run/THE_PROTECTOR_run_f_cm_np1_le_med_15.avi,32,8,50,8,49,False,True,0.2405378371477127,0.014045815914869308,0.0038186393067007884,0.9827062762342393,47,3,8,8,False,
hmdb51,val,prelinger_LetsPlay1949_run_f_nm_np1_fr_med_16,data/HMDB51_data/videos/run/prelinger_LetsPlay1949_run_f_nm_np1_fr_med_16.avi,32,8,50,8,49,False,True,0.8632304072380066,0.025367617141455412,0.0038186393067007884,0.9664662280119956,96,6,8,8,False,
hmdb51,val,Crash_run_f_cm_np1_fr_med_17,data/HMDB51_data/videos/run/Crash_run_f_cm_np1_fr_med_17.avi,32,8,50,8,49,False,True,0.563988983631134,0.030640189070254564,0.0038186393067007884,0.9393708822317421,113,7,8,8,False,
hmdb51,val,Fellowship_7_run_u_cm_np1_fr_med_5,data/HMDB51_data/videos/run/Fellowship_7_run_u_cm_np1_fr_med_5.avi,32,8,50,8,46,False,False,0.387226402759552,0.012873865198343992,0.0038186393067007884,0.9062219527550042,47,3,8,8,False,
hmdb51,val,HP_PRISONER_OF_AZKABAN_run_f_cm_np1_ba_bad_36,data/HMDB51_data/videos/run/HP_PRISONER_OF_AZKABAN_run_f_cm_np1_ba_bad_36.avi,32,8,50,8,49,False,True,0.61197829246521,0.014418487902730703,0.0038186393067007884,0.8901691697537899,48,3,8,8,False,
hmdb51,val,RETURN_OF_THE_KING_run_f_cm_np1_fr_med_52,data/HMDB51_data/videos/run/RETURN_OF_THE_KING_run_f_cm_np1_fr_med_52.avi,32,8,50,8,10,False,False,0.36729171872138977,0.030117142014205456,0.0038186393067007884,0.8737201713956892,83,6,8,8,False,
hmdb51,val,THE_PROTECTOR_run_f_cm_np1_le_med_42,data/HMDB51_data/videos/run/THE_PROTECTOR_run_f_cm_np1_le_med_42.avi,32,8,50,8,24,False,False,0.11328808218240738,0.016590437851846218,0.0038186393067007884,0.839719164185226,51,4,8,8,False,
hmdb51,val,GOAL_2_living_the_dream_movie_part_2_run_f_cm_np4_fr_med_1,data/HMDB51_data/videos/run/GOAL_2_living_the_dream_movie_part_2_run_f_cm_np4_fr_med_1.avi,32,8,50,8,32,True,True,0.3066555857658386,0.022747119888663292,0.0038186393067007884,0.8208329053595662,48,3,8,8,False,
hmdb51,val,TheBoondockSaints_run_h_cm_np1_fr_bad_69,data/HMDB51_data/videos/run/TheBoondockSaints_run_h_cm_np1_fr_bad_69.avi,32,8,50,8,49,False,True,0.5003728270530701,0.018260683864355087,0.0038186393067007884,0.7966568050906062,48,3,8,8,False,
hmdb51,val,RETURN_OF_THE_KING_run_f_cm_np1_fr_med_31,data/HMDB51_data/videos/run/RETURN_OF_THE_KING_run_f_cm_np1_fr_med_31.avi,32,8,50,8,48,False,False,0.18051941692829132,0.01923777488991618,0.0038186393067007884,0.7766548790968955,48,3,8,8,False,
hmdb51,val,Emma_2008_Eurofinals_-_prize_giving_ceremony_Team_Pioneer_members_divx_shake_hands_u_cm_np2_le_med_0,data/HMDB51_data/videos/shake_hands/Emma_2008_Eurofinals_-_prize_giving_ceremony_Team_Pioneer_members_divx_shake_hands_u_cm_np2_le_med_0.avi,33,8,50,8,33,True,True,0.8890827894210815,0.01918777683749795,0.0038186393067007884,0.7542248172685504,79,5,8,8,False,
hmdb51,val,Wrestling_World_Cup_2008_-_FW-_Team_-_Award_Ceremony_shake_hands_f_cm_np2_le_med_3,data/HMDB51_data/videos/shake_hands/Wrestling_World_Cup_2008_-_FW-_Team_-_Award_Ceremony_shake_hands_f_cm_np2_le_med_3.avi,33,8,50,8,33,True,True,0.8561392426490784,0.015509685967117548,0.0038186393067007884,0.732561212964356,79,5,8,8,False,
hmdb51,val,d173_graveyard_call_price_giving_ceremony_shake_hands_f_cm_np2_le_med_6,data/HMDB51_data/videos/shake_hands/d173_graveyard_call_price_giving_ceremony_shake_hands_f_cm_np2_le_med_6.avi,33,8,50,8,18,False,True,0.5528441667556763,0.018649213016033173,0.0038186393067007884,0.7149123530834913,80,5,8,8,False,
hmdb51,val,Hand_Shake_Guy_shake_hands_f_nm_np2_le_med_4,data/HMDB51_data/videos/shake_hands/Hand_Shake_Guy_shake_hands_f_nm_np2_le_med_4.avi,33,8,50,8,10,False,False,0.135023832321167,0.016733153257519007,0.0038186393067007884,0.692751178983599,80,5,8,8,False,
hmdb51,val,IPL_Awards_Ceremony_shake_hands_f_cm_np2_ba_med_0,data/HMDB51_data/videos/shake_hands/IPL_Awards_Ceremony_shake_hands_f_cm_np2_ba_med_0.avi,33,8,50,8,33,True,True,0.7560067772865295,0.020788996946066618,0.0038186393067007884,0.672909090295434,79,5,8,8,False,
hmdb51,val,IPL_Awards_Ceremony_shake_hands_u_cm_np2_ba_med_7,data/HMDB51_data/videos/shake_hands/IPL_Awards_Ceremony_shake_hands_u_cm_np2_ba_med_7.avi,33,8,50,8,33,True,True,0.7944937944412231,0.02216830989345908,0.0038186393067007884,0.650573035236448,79,5,8,8,False,
hmdb51,val,2009_NJEHA_Conference__Awards_Ceremony_-_Part_1_shake_hands_u_cm_np2_le_med_0,data/HMDB51_data/videos/shake_hands/2009_NJEHA_Conference__Awards_Ceremony_-_Part_1_shake_hands_u_cm_np2_le_med_0.avi,33,8,50,8,33,True,True,0.5385922193527222,0.017460764851421118,0.0038186393067007884,0.6267136018723249,80,5,8,8,False,
hmdb51,val,Meeting_with_Boyko_Borisov__Prime_Minister_of_Bulgaria_shake_hands_u_cm_np2_le_med_1,data/HMDB51_data/videos/shake_hands/Meeting_with_Boyko_Borisov__Prime_Minister_of_Bulgaria_shake_hands_u_cm_np2_le_med_1.avi,33,8,50,8,33,True,True,0.6823276877403259,0.02673775516450405,0.0038186393067007884,0.606662830337882,109,7,8,8,False,
hmdb51,val,Wrestling_World_Cup_2008_-_FW-_Team_-_Award_Ceremony_shake_hands_f_cm_np2_le_bad_5,data/HMDB51_data/videos/shake_hands/Wrestling_World_Cup_2008_-_FW-_Team_-_Award_Ceremony_shake_hands_f_cm_np2_le_bad_5.avi,33,8,50,8,33,True,True,0.7995710968971252,0.015819511376321316,0.0038186393067007884,0.578115604352206,79,5,8,8,False,
hmdb51,val,Speech_Day_2009_(Part_9)_shake_hands_f_cm_np2_le_med_4,data/HMDB51_data/videos/shake_hands/Speech_Day_2009_(Part_9)_shake_hands_f_cm_np2_le_med_4.avi,33,8,50,8,33,True,True,0.7999523878097534,0.013769894372671843,0.0038186393067007884,0.5599892698228359,80,5,8,8,False,
hmdb51,val,IPL_Awards_Ceremony_shake_hands_u_cm_np2_ba_med_3,data/HMDB51_data/videos/shake_hands/IPL_Awards_Ceremony_shake_hands_u_cm_np2_ba_med_3.avi,33,8,50,8,33,True,True,0.538227915763855,0.019146939273923635,0.0038186393067007884,0.5432009310461581,79,5,8,8,False,
hmdb51,val,Slavi_Trifonov_-_Gaco_Bacov_11_02_08_shake_hands_u_cm_np2_le_bad_0,data/HMDB51_data/videos/shake_hands/Slavi_Trifonov_-_Gaco_Bacov_11_02_08_shake_hands_u_cm_np2_le_bad_0.avi,33,8,50,8,33,True,True,0.387014240026474,0.015298283658921719,0.0038186393067007884,0.5199316316284239,80,5,8,8,False,
hmdb51,val,Hand_Shake_Guy_shake_hands_u_nm_np2_le_med_0,data/HMDB51_data/videos/shake_hands/Hand_Shake_Guy_shake_hands_u_nm_np2_le_med_0.avi,33,8,50,8,33,True,True,0.5569479465484619,0.017612513154745102,0.0038186393067007884,0.5028080879710615,68,5,8,8,False,
hmdb51,val,BSS_2008_-_Wentworth_Miller_erh_lt_gol__Otto_Shootingstar_shake_hands_u_cm_np2_le_med_2,data/HMDB51_data/videos/shake_hands/BSS_2008_-_Wentworth_Miller_erh_lt_gol__Otto_Shootingstar_shake_hands_u_cm_np2_le_med_2.avi,33,8,50,8,33,True,True,0.81856769323349,0.022284075617790222,0.0036958378041163087,1.3288256749510765,81,5,8,8,False,
hmdb51,val,Pambos_and_Maria_at_the_Slavi_s_Show_shake_hands_f_cm_np2_le_bad_1,data/HMDB51_data/videos/shake_hands/Pambos_and_Maria_at_the_Slavi_s_Show_shake_hands_f_cm_np2_le_bad_1.avi,33,8,50,8,24,False,False,0.36925655603408813,0.016982171218842268,0.0036958378041163087,1.3026550384238362,80,5,8,8,False,
hmdb51,val,Price_giving_ceremony_shake_hands_f_cm_np4_le_med_2,data/HMDB51_data/videos/shake_hands/Price_giving_ceremony_shake_hands_f_cm_np4_le_med_2.avi,33,8,50,8,33,True,True,0.5681957602500916,0.016765094827860594,0.0036958378041163087,1.281837920192629,79,5,8,8,False,
hmdb51,val,RailsConf_09-___Ruby_Heroes_Award_Ceremony__shake_hands_u_cm_np2_le_med_5,data/HMDB51_data/videos/shake_hands/RailsConf_09-___Ruby_Heroes_Award_Ceremony__shake_hands_u_cm_np2_le_med_5.avi,33,8,50,8,33,True,True,0.7406747937202454,0.01906368462368846,0.0036958378041163087,1.2624025605618954,80,5,8,8,False,
hmdb51,val,music_idol3_v_zalata_vliza_boiko_borisov_shake_hands_f_cm_np2_ri_bad_0,data/HMDB51_data/videos/shake_hands/music_idol3_v_zalata_vliza_boiko_borisov_shake_hands_f_cm_np2_ri_bad_0.avi,33,8,50,8,33,True,True,0.5782773494720459,0.017667195294052362,0.0036958378041163087,1.239089256618172,80,5,8,8,False,
hmdb51,val,Speech_Day_2009_(Part_9)_shake_hands_f_cm_np2_le_med_6,data/HMDB51_data/videos/shake_hands/Speech_Day_2009_(Part_9)_shake_hands_f_cm_np2_le_med_6.avi,33,8,50,8,33,True,True,0.8327761888504028,0.014810262713581324,0.0036958378041163087,1.2196994819678366,80,5,8,8,False,
hmdb51,val,Meeting_with_Boyko_Borisov__Prime_Minister_of_Bulgaria_shake_hands_u_cm_np2_le_med_0,data/HMDB51_data/videos/shake_hands/Meeting_with_Boyko_Borisov__Prime_Minister_of_Bulgaria_shake_hands_u_cm_np2_le_med_0.avi,33,8,50,8,33,True,True,0.7232431173324585,0.017348346300423145,0.0036958378041163087,1.2019698391668499,80,5,8,8,False,
hmdb51,val,AdamandAlvonplayingbasketball2_shoot_ball_f_cm_np1_le_med_0,data/HMDB51_data/videos/shoot_ball/AdamandAlvonplayingbasketball2_shoot_ball_f_cm_np1_le_med_0.avi,34,8,50,8,13,False,True,0.14899009466171265,0.01623835600912571,0.0036958378041163087,1.179814696777612,80,5,8,8,False,
hmdb51,val,3PointJumpShotPractice-09_21_07_shoot_ball_f_nm_np1_ri_med_4,data/HMDB51_data/videos/shoot_ball/3PointJumpShotPractice-09_21_07_shoot_ball_f_nm_np1_ri_med_4.avi,34,8,50,8,34,True,True,0.8038687109947205,0.015304111875593662,0.0036958378041163087,1.1604161718860269,92,6,8,8,False,
hmdb51,val,ReggieMillerTakesonThreeAverageGuysinaShootout_shoot_ball_u_nm_np1_ba_med_6,data/HMDB51_data/videos/shoot_ball/ReggieMillerTakesonThreeAverageGuysinaShootout_shoot_ball_u_nm_np1_ba_med_6.avi,34,8,50,8,34,True,True,0.86220782995224,0.01735987886786461,0.0036958378041163087,1.143777227960527,81,5,8,8,False,
hmdb51,val,WeTheKingsplaying_shoot_ball_u_cm_np1_ba_med_4,data/HMDB51_data/videos/shoot_ball/WeTheKingsplaying_shoot_ball_u_cm_np1_ba_med_4.avi,34,8,50,8,9,False,True,0.6421814560890198,0.020624665077775717,0.0036958378041163087,1.12270119599998,112,7,8,8,False,
hmdb51,val,WeTheKingsplaying_shoot_ball_u_cm_np1_ba_med_6,data/HMDB51_data/videos/shoot_ball/WeTheKingsplaying_shoot_ball_u_cm_np1_ba_med_6.avi,34,8,50,8,9,False,True,0.20382261276245117,0.018065192736685276,0.0036958378041163087,1.0989434369839728,82,6,8,8,False,
hmdb51,val,Finding_Forrester_3_shoot_ball_f_nm_np2_ba_med_6,data/HMDB51_data/videos/shoot_ball/Finding_Forrester_3_shoot_ball_f_nm_np2_ba_med_6.avi,34,8,50,8,34,True,True,0.894996702671051,0.019653860945254564,0.0036958378041163087,1.0792959439568222,105,7,8,8,False,
hmdb51,val,3PointJumpShotPractice-09_21_07_shoot_ball_f_nm_np1_ri_med_3,data/HMDB51_data/videos/shoot_ball/3PointJumpShotPractice-09_21_07_shoot_ball_f_nm_np1_ri_med_3.avi,34,8,50,8,34,True,True,0.7976608276367188,0.015543677844107151,0.0036958378041163087,1.0580068076960742,91,6,8,8,False,
hmdb51,val,PlayingBasketballGotWater_shoot_ball_f_nm_np1_ba_med_3,data/HMDB51_data/videos/shoot_ball/PlayingBasketballGotWater_shoot_ball_f_nm_np1_ba_med_3.avi,34,8,50,8,49,False,True,0.204984650015831,0.011773399077355862,0.0036958378041163087,1.0409355759620667,56,4,8,8,False,
hmdb51,val,Clay_sBasketballSkillz_shoot_ball_f_nm_np1_ba_med_4,data/HMDB51_data/videos/shoot_ball/Clay_sBasketballSkillz_shoot_ball_f_nm_np1_ba_med_4.avi,34,8,50,8,34,True,True,0.7457880973815918,0.016032788902521133,0.0036958378041163087,1.0278676897287369,68,5,8,8,False,
hmdb51,val,AdamandAlvonplayingbasketball1_shoot_ball_f_nm_np1_ba_med_11,data/HMDB51_data/videos/shoot_ball/AdamandAlvonplayingbasketball1_shoot_ball_f_nm_np1_ba_med_11.avi,34,8,50,8,34,True,True,0.7617123126983643,0.017755801789462566,0.0036958378041163087,1.0077391969971359,80,5,8,8,False,
hmdb51,val,ImprovingBasketballSkills-BasketballNBA3-PointShots_shoot_ball_f_nm_np1_ri_med_0,data/HMDB51_data/videos/shoot_ball/ImprovingBasketballSkills-BasketballNBA3-PointShots_shoot_ball_f_nm_np1_ri_med_0.avi,34,8,50,8,34,True,True,0.7521387338638306,0.019202714785933495,0.0036958378041163087,0.9858478181995451,84,6,8,8,False,
hmdb51,val,KELVIN_shoot_ball_u_cm_np1_ba_med_7,data/HMDB51_data/videos/shoot_ball/KELVIN_shoot_ball_u_cm_np1_ba_med_7.avi,34,8,50,8,34,True,True,0.5115242600440979,0.02117337705567479,0.0036958378041163087,0.9642415191046894,111,7,8,8,False,
hmdb51,val,10YearOldYouthBasketballStarBaller_shoot_ball_f_nm_np1_ba_med_13,data/HMDB51_data/videos/shoot_ball/10YearOldYouthBasketballStarBaller_shoot_ball_f_nm_np1_ba_med_13.avi,34,8,50,8,34,True,True,0.5772636532783508,0.015390953049063683,0.0036958378041163087,0.9415918728336692,81,5,8,8,False,
hmdb51,val,KELVIN_shoot_ball_u_cm_np1_ba_med_6,data/HMDB51_data/videos/shoot_ball/KELVIN_shoot_ball_u_cm_np1_ba_med_6.avi,34,8,50,8,34,True,True,0.6369166970252991,0.020528307184576988,0.0036958378041163087,0.923714024014771,91,6,8,8,False,
hmdb51,val,LearnToShootFromTheMaster_shoot_ball_f_nm_np1_ba_med_4,data/HMDB51_data/videos/shoot_ball/LearnToShootFromTheMaster_shoot_ball_f_nm_np1_ba_med_4.avi,34,8,50,8,34,True,True,0.800630509853363,0.017629994079470634,0.0036958378041163087,0.8994526341557503,82,6,8,8,False,
hmdb51,val,10YearOldYouthBasketballStarBaller_shoot_ball_f_nm_np1_ri_med_10,data/HMDB51_data/videos/shoot_ball/10YearOldYouthBasketballStarBaller_shoot_ball_f_nm_np1_ri_med_10.avi,34,8,50,8,34,True,True,0.8303497433662415,0.014341671019792557,0.0036958378041163087,0.8780859149992466,58,4,8,8,False,
hmdb51,val,Finding_Forrester_1_shoot_ball_f_nm_np1_le_bad_3,data/HMDB51_data/videos/shoot_ball/Finding_Forrester_1_shoot_ball_f_nm_np1_le_bad_3.avi,34,8,50,8,49,False,False,0.32503727078437805,0.019672772847115993,0.0036958378041163087,0.8599208192899823,99,7,8,8,False,
hmdb51,val,LearnToShootFromTheMaster_shoot_ball_f_cm_np1_ba_med_6,data/HMDB51_data/videos/shoot_ball/LearnToShootFromTheMaster_shoot_ball_f_cm_np1_ba_med_6.avi,34,8,50,8,34,True,True,0.8789737224578857,0.01649893121793866,0.0036958378041163087,0.8373559908941388,84,6,8,8,False,
hmdb51,val,ReggieMillerTakesonThreeAverageGuysinaShootout_shoot_ball_u_nm_np1_ba_med_5,data/HMDB51_data/videos/shoot_ball/ReggieMillerTakesonThreeAverageGuysinaShootout_shoot_ball_u_nm_np1_ba_med_5.avi,34,8,50,8,34,True,True,0.8585477471351624,0.018665868788957596,0.0036958378041163087,0.8182870950549841,95,6,8,8,False,
hmdb51,val,JuanReneSerranoSemifinal_shoot_bow_u_cm_np1_le_goo_5,data/HMDB51_data/videos/shoot_bow/JuanReneSerranoSemifinal_shoot_bow_u_cm_np1_le_goo_5.avi,35,8,50,8,35,True,True,0.3122531771659851,0.053424601908773184,0.0036958378041163087,0.7962901582941413,314,8,8,8,False,
hmdb51,val,ArcheryMaster_shoot_bow_u_cm_np1_ri_med_3,data/HMDB51_data/videos/shoot_bow/ArcheryMaster_shoot_bow_u_cm_np1_ri_med_3.avi,35,8,50,8,35,True,True,0.9471290111541748,0.06037873728200793,0.0036958378041163087,0.7383555849082768,350,8,8,8,False,
hmdb51,val,MegaPrecisionArchery_shoot_bow_u_nm_np1_fr_med_1,data/HMDB51_data/videos/shoot_bow/MegaPrecisionArchery_shoot_bow_u_nm_np1_fr_med_1.avi,35,8,50,8,35,True,True,0.8503060936927795,0.044459623750299215,0.0036958378041163087,0.672948831692338,264,8,8,8,False,
hmdb51,val,P3Martin_shoot_bow_u_cm_np1_fr_goo_0,data/HMDB51_data/videos/shoot_bow/P3Martin_shoot_bow_u_cm_np1_fr_goo_0.avi,35,8,50,8,35,True,True,0.8294469118118286,0.06669913092628121,0.0036958378041163087,0.6261876900680363,392,8,8,8,False,
hmdb51,val,Hannahfront23may08_shoot_bow_u_nm_np1_fr_med_1,data/HMDB51_data/videos/shoot_bow/Hannahfront23may08_shoot_bow_u_nm_np1_fr_med_1.avi,35,8,50,8,35,True,True,0.8644838333129883,0.04081739392131567,0.0036958378041163087,0.5550082460977137,241,8,8,8,False,
hmdb51,val,Shootingarecurve_shoot_bow_u_nm_np1_fr_med_1,data/HMDB51_data/videos/shoot_bow/Shootingarecurve_shoot_bow_u_nm_np1_fr_med_1.avi,35,8,50,8,35,True,True,0.8999754190444946,0.03041567886248231,0.0036958378041163087,0.5118626155890524,148,8,8,8,False,
hmdb51,val,ArcheryFastShooting_shoot_bow_u_nm_np1_fr_med_9,data/HMDB51_data/videos/shoot_bow/ArcheryFastShooting_shoot_bow_u_nm_np1_fr_med_9.avi,35,8,50,8,35,True,True,0.9590418934822083,0.021278069354593754,0.0036979122523916885,1.310934360139072,80,5,8,8,False,
hmdb51,val,Fellowship_7_shoot_bow_h_nm_np1_fr_med_8,data/HMDB51_data/videos/shoot_bow/Fellowship_7_shoot_bow_h_nm_np1_fr_med_8.avi,35,8,50,8,32,False,True,0.19898365437984467,0.020455932710319757,0.0036979122523916885,1.2864874629303813,59,4,8,8,False,
hmdb51,val,TURKISHRECURVEBOW_shoot_bow_u_cm_np1_ba_med_0,data/HMDB51_data/videos/shoot_bow/TURKISHRECURVEBOW_shoot_bow_u_cm_np1_ba_med_0.avi,35,8,50,8,35,True,True,0.47796517610549927,0.019640564918518066,0.0036979122523916885,1.2629802161827683,128,8,8,8,False,
hmdb51,val,11408ErikaRecurvefront_shoot_bow_u_nm_np1_fr_med_1,data/HMDB51_data/videos/shoot_bow/11408ErikaRecurvefront_shoot_bow_u_nm_np1_fr_med_1.avi,35,8,50,8,35,True,True,0.9254447817802429,0.04039879096671939,0.0036979122523916885,1.2403824720531702,264,8,8,8,False,
hmdb51,val,Updatedvideoofmeshootingteamusaarchery_shoot_bow_u_cm_np1_ri_med_4,data/HMDB51_data/videos/shoot_bow/Updatedvideoofmeshootingteamusaarchery_shoot_bow_u_cm_np1_ri_med_4.avi,35,8,50,8,35,True,True,0.41815850138664246,0.032423822209239006,0.0036979122523916885,1.1969331381842494,201,8,8,8,False,
hmdb51,val,ArcheryFastShooting_shoot_bow_u_nm_np1_fr_med_10,data/HMDB51_data/videos/shoot_bow/ArcheryFastShooting_shoot_bow_u_nm_np1_fr_med_10.avi,35,8,50,8,35,True,True,0.9002524614334106,0.014809977728873491,0.0036979122523916885,1.161299327854067,80,5,8,8,False,
hmdb51,val,ArcheryFastShooting_shoot_bow_u_nm_np1_fr_med_15,data/HMDB51_data/videos/shoot_bow/ArcheryFastShooting_shoot_bow_u_nm_np1_fr_med_15.avi,35,8,50,8,35,True,True,0.9561931490898132,0.01621855888515711,0.0036979122523916885,1.1444249413907528,80,5,8,8,False,
hmdb51,val,MegaPrecisionArchery_shoot_bow_u_nm_np1_fr_med_3,data/HMDB51_data/videos/shoot_bow/MegaPrecisionArchery_shoot_bow_u_nm_np1_fr_med_3.avi,35,8,50,8,35,True,True,0.875823974609375,0.05228347983211279,0.0036979122523916885,1.126714292448014,308,8,8,8,False,
hmdb51,val,Meshooting3_shoot_bow_u_cm_np1_fr_med_0,data/HMDB51_data/videos/shoot_bow/Meshooting3_shoot_bow_u_cm_np1_fr_med_0.avi,35,8,50,8,35,True,True,0.7572747468948364,0.034848449751734734,0.0036979122523916885,1.070185115095228,202,8,8,8,False,
hmdb51,val,Shootingarecurve_shoot_bow_u_cm_np1_fr_med_5,data/HMDB51_data/videos/shoot_bow/Shootingarecurve_shoot_bow_u_cm_np1_fr_med_5.avi,35,8,50,8,35,True,True,0.9209040403366089,0.0220386846922338,0.0036979122523916885,1.0322236027568579,106,7,8,8,False,
hmdb51,val,GLOCK17_shoot_gun_u_nm_np1_ri_med_0,data/HMDB51_data/videos/shoot_gun/GLOCK17_shoot_gun_u_nm_np1_ri_med_0.avi,36,8,50,8,25,False,True,0.1385737806558609,0.01622194005176425,0.0036979122523916885,1.0074081271886826,64,4,8,8,False,
hmdb51,val,DefensivePistolShootingTechniques_shoot_gun_f_nm_np1_fr_med_1,data/HMDB51_data/videos/shoot_gun/DefensivePistolShootingTechniques_shoot_gun_f_nm_np1_fr_med_1.avi,36,8,50,8,36,True,True,0.3122241199016571,0.02157348906621337,0.0036979122523916885,0.9875589096918702,124,8,8,8,False,
hmdb51,val,FirearmsTraining_shoot_gun_f_nm_np1_ri_med_7,data/HMDB51_data/videos/shoot_gun/FirearmsTraining_shoot_gun_f_nm_np1_ri_med_7.avi,36,8,50,8,15,False,True,0.29728877544403076,0.03737421287223697,0.0036979122523916885,0.9625542410649359,288,8,8,8,False,
hmdb51,val,TiffanywithSpringfieldArmoryXD9_shoot_gun_u_nm_np1_ri_med_0,data/HMDB51_data/videos/shoot_gun/TiffanywithSpringfieldArmoryXD9_shoot_gun_u_nm_np1_ri_med_0.avi,36,8,50,8,36,True,True,0.22150397300720215,0.015458145644515753,0.0036979122523916885,0.9222056800499558,81,5,8,8,False,
hmdb51,val,shooting_shoot_gun_u_nm_np1_le_med_8,data/HMDB51_data/videos/shoot_gun/shooting_shoot_gun_u_nm_np1_le_med_8.avi,36,8,50,8,36,True,True,0.4954841434955597,0.016283533070236444,0.0036979122523916885,0.9046215899288654,84,6,8,8,False,
hmdb51,val,FirearmsTraining_shoot_gun_u_cm_np1_ba_med_5,data/HMDB51_data/videos/shoot_gun/FirearmsTraining_shoot_gun_u_cm_np1_ba_med_5.avi,36,8,50,8,17,False,True,0.2636452615261078,0.023806473705917597,0.0036979122523916885,0.8861984307877719,155,8,8,8,False,
hmdb51,val,GLOCK17_shoot_gun_u_nm_np1_fr_med_6,data/HMDB51_data/videos/shoot_gun/GLOCK17_shoot_gun_u_nm_np1_fr_med_6.avi,36,8,50,8,36,True,True,0.29393067955970764,0.016941831912845373,0.0036979122523916885,0.8607701067812741,111,7,8,8,False,
hmdb51,val,The_Matrix_4_shoot_gun_u_nm_np2_fr_goo_2,data/HMDB51_data/videos/shoot_gun/The_Matrix_4_shoot_gun_u_nm_np2_fr_goo_2.avi,36,8,50,8,48,False,False,0.1699705868959427,0.01744233863428235,0.0036979122523916885,0.8421798232011497,59,4,8,8,False,
hmdb51,val,Glory_shoot_gun_u_nm_np2_le_med_57,data/HMDB51_data/videos/shoot_gun/Glory_shoot_gun_u_nm_np2_le_med_57.avi,36,8,50,8,12,False,False,0.2116301953792572,0.02514823479577899,0.0036979122523916885,0.8231740430928767,56,4,8,8,False,
hmdb51,val,Italian_Job_1_shoot_gun_u_nm_np1_fr_med_3,data/HMDB51_data/videos/shoot_gun/Italian_Job_1_shoot_gun_u_nm_np1_fr_med_3.avi,36,8,50,8,46,False,False,0.4477965533733368,0.010864599142223597,0.0036979122523916885,0.7949425461702049,37,3,8,8,False,
hmdb51,val,The_Matrix_5_shoot_gun_u_nm_np1_fr_med_9,data/HMDB51_data/videos/shoot_gun/The_Matrix_5_shoot_gun_u_nm_np1_fr_med_9.avi,36,8,50,8,46,False,False,0.36038947105407715,0.015362909995019436,0.0036979122523916885,0.7823170768097043,49,3,8,8,False,
hmdb51,val,Shootingattherange_shoot_gun_f_nm_np1_ri_med_0,data/HMDB51_data/videos/shoot_gun/Shootingattherange_shoot_gun_f_nm_np1_ri_med_0.avi,36,8,50,8,36,True,True,0.3929455578327179,0.015800371300429106,0.0036979122523916885,0.764365672133863,72,5,8,8,False,
hmdb51,val,shooting_shoot_gun_u_nm_np1_le_med_6,data/HMDB51_data/videos/shoot_gun/shooting_shoot_gun_u_nm_np1_le_med_6.avi,36,8,50,8,36,True,True,0.6176259517669678,0.015413293149322271,0.0036979122523916885,0.746656043920666,80,5,8,8,False,
hmdb51,val,The_Matrix_5_shoot_gun_u_cm_np1_fr_goo_4,data/HMDB51_data/videos/shoot_gun/The_Matrix_5_shoot_gun_u_cm_np1_fr_goo_4.avi,36,8,50,8,46,False,False,0.3343653082847595,0.015454369597136974,0.0036979122523916885,0.7280148360878229,76,5,8,8,False,
hmdb51,val,Shootingagunforthefirsttimeever_shoot_gun_u_cm_np1_ri_med_0,data/HMDB51_data/videos/shoot_gun/Shootingagunforthefirsttimeever_shoot_gun_u_cm_np1_ri_med_0.avi,36,8,50,8,33,False,True,0.4454793632030487,0.06224092794582248,0.0036979122523916885,0.7095440910197794,367,8,8,8,False,
hmdb51,val,prelinger_LetsPlay1949_sit_u_cm_np1_le_med_9,data/HMDB51_data/videos/sit/prelinger_LetsPlay1949_sit_u_cm_np1_le_med_9.avi,37,8,50,8,49,False,True,0.8834217190742493,0.020651763770729303,0.0036979122523916885,0.6444784221239388,103,7,8,8,False,
hmdb51,val,TheRoyalTenenbaums_sit_u_nm_np1_fr_med_2,data/HMDB51_data/videos/sit/TheRoyalTenenbaums_sit_u_nm_np1_fr_med_2.avi,37,8,50,8,49,False,True,0.2882959246635437,0.020801442675292492,0.0036979122523916885,0.6219596317969263,78,5,8,8,False,
hmdb51,val,AmericanGangster_sit_u_cm_np1_ba_bad_16,data/HMDB51_data/videos/sit/AmericanGangster_sit_u_cm_np1_ba_bad_16.avi,37,8,50,8,12,False,False,0.17923469841480255,0.02644672989845276,0.0036979122523916885,0.5983616220764816,111,7,8,8,False,
hmdb51,val,Crash_sit_u_cm_np1_fr_med_19,data/HMDB51_data/videos/sit/Crash_sit_u_cm_np1_fr_med_19.avi,37,8,50,8,10,False,False,0.3090892434120178,0.020632375963032246,0.0036979122523916885,0.5705877770669758,79,5,8,8,False,
hmdb51,val,BLACK_HAWK_DOWN_sit_u_cm_np1_ri_med_2,data/HMDB51_data/videos/sit/BLACK_HAWK_DOWN_sit_u_cm_np1_ri_med_2.avi,37,8,50,8,49,False,False,0.17757964134216309,0.020758509170264006,0.0036979122523916885,0.5455391090363264,80,5,8,8,False,
hmdb51,val,TrumanShow_sit_f_nm_np1_le_med_37,data/HMDB51_data/videos/sit/TrumanShow_sit_f_nm_np1_le_med_37.avi,37,8,50,8,49,False,True,0.4448694586753845,0.015630025882273912,0.0036979122523916885,0.5222172858193517,50,4,8,8,False,
hmdb51,val,EasternPromises_sit_f_nm_np1_ri_med_4,data/HMDB51_data/videos/sit/EasternPromises_sit_f_nm_np1_ri_med_4.avi,37,8,50,8,49,False,True,0.6199846267700195,0.022149082738906145,0.0036979122523916885,0.503911703824997,82,6,8,8,False,
hmdb51,val,TheBoondockSaints_sit_u_cm_np1_fr_bad_56,data/HMDB51_data/videos/sit/TheBoondockSaints_sit_u_cm_np1_fr_bad_56.avi,37,8,50,8,10,False,False,0.3635806441307068,0.019068144261837006,0.003705804469063878,1.210443891119212,47,3,8,8,False,
hmdb51,val,ThePerfectScore_sit_u_nm_np1_ri_med_10,data/HMDB51_data/videos/sit/ThePerfectScore_sit_u_nm_np1_ri_med_10.avi,37,8,50,8,10,False,False,0.39358237385749817,0.01803197804838419,0.003705804469063878,1.1894221352413297,78,5,8,8,False,
hmdb51,val,American_History_X_sit_u_cm_np1_fr_goo_39,data/HMDB51_data/videos/sit/American_History_X_sit_u_cm_np1_fr_goo_39.avi,37,8,50,8,4,False,False,0.19851474463939667,0.02144333580508828,0.003705804469063878,1.1695063300430775,128,8,8,8,False,
hmdb51,val,Prelinger_HabitPat1954_sit_u_cm_np1_le_med_8,data/HMDB51_data/videos/sit/Prelinger_HabitPat1954_sit_u_cm_np1_le_med_8.avi,37,8,50,8,49,False,True,0.6747997403144836,0.019494851119816303,0.003705804469063878,1.1459989701397717,76,5,8,8,False,
hmdb51,val,The_Departed_-_Part_2_sit_u_nm_np1_fr_goo_1,data/HMDB51_data/videos/sit/The_Departed_-_Part_2_sit_u_nm_np1_fr_goo_1.avi,37,8,50,8,49,False,True,0.38113778829574585,0.02294159820303321,0.003705804469063878,1.1251113340258598,54,4,8,8,False,
hmdb51,val,Finding_Forrester_2_sit_u_cm_np1_ri_bad_3,data/HMDB51_data/videos/sit/Finding_Forrester_2_sit_u_cm_np1_ri_bad_3.avi,37,8,50,8,49,False,False,0.38029590249061584,0.021177893038839102,0.003705804469063878,1.0990728810429573,127,8,8,8,False,
hmdb51,val,NoCountryForOldMen_sit_u_nm_np1_fr_goo_1,data/HMDB51_data/videos/sit/NoCountryForOldMen_sit_u_nm_np1_fr_goo_1.avi,37,8,50,8,10,False,False,0.295049786567688,0.02335274498909712,0.003705804469063878,1.0754561517387629,80,5,8,8,False,
hmdb51,val,AmericanGangster_sit_f_cm_np1_fr_med_70,data/HMDB51_data/videos/sit/AmericanGangster_sit_f_cm_np1_fr_med_70.avi,37,8,50,8,37,True,True,0.29697930812835693,0.017752713058143854,0.003705804469063878,1.0499433651566505,80,5,8,8,False,
hmdb51,val,Eurotrip_sit_u_nm_np1_fr_goo_3,data/HMDB51_data/videos/sit/Eurotrip_sit_u_nm_np1_fr_goo_3.avi,37,8,50,8,48,False,True,0.2017400860786438,0.03804663894698024,0.003705804469063878,1.0293324668891728,169,8,8,8,False,
hmdb51,val,HP_PRISONER_OF_AZKABAN_sit_f_cm_np1_le_bad_16,data/HMDB51_data/videos/sit/HP_PRISONER_OF_AZKABAN_sit_f_cm_np1_le_bad_16.avi,37,8,50,8,48,False,False,0.22876252233982086,0.026157421991229057,0.003705804469063878,0.9871215401217341,102,7,8,8,False,
hmdb51,val,Crash_sit_u_nm_np1_le_goo_26,data/HMDB51_data/videos/sit/Crash_sit_u_nm_np1_le_goo_26.avi,37,8,50,8,49,False,True,0.27961334586143494,0.02918845508247614,0.003705804469063878,0.9571515507996082,81,5,8,8,False,
hmdb51,val,IamLegend_sit_f_cm_np1_fr_med_21,data/HMDB51_data/videos/sit/IamLegend_sit_f_cm_np1_fr_med_21.avi,37,8,50,8,49,False,True,0.43020668625831604,0.03439231030642986,0.003705804469063878,0.9237164119258523,133,8,8,8,False,
hmdb51,val,SweeneyTodd_sit_u_cm_np1_fr_med_21,data/HMDB51_data/videos/sit/SweeneyTodd_sit_u_cm_np1_fr_med_21.avi,37,8,50,8,49,False,True,0.3949812948703766,0.01943746069446206,0.003705804469063878,0.8843463459052145,72,5,8,8,False,
hmdb51,val,AKC_coach_Torrin_Rhodan_showing_situp_kettlebell_movements_situp_f_cm_np1_le_goo_1,data/HMDB51_data/videos/situp/AKC_coach_Torrin_Rhodan_showing_situp_kettlebell_movements_situp_f_cm_np1_le_goo_1.avi,38,8,50,8,38,True,True,0.5454010963439941,0.020128868985921144,0.003705804469063878,0.8610159098170698,101,7,8,8,False,
hmdb51,val,5_Min_Tone_Abs_Workout_2__Fitness_Training_w__Tammy_situp_f_nm_np1_le_goo_1,data/HMDB51_data/videos/situp/5_Min_Tone_Abs_Workout_2__Fitness_Training_w__Tammy_situp_f_nm_np1_le_goo_1.avi,38,8,50,8,38,True,True,0.8611872792243958,0.02017710590735078,0.003705804469063878,0.839387240819633,102,7,8,8,False,
hmdb51,val,AKC_coach_Torrin_Rhodan_showing_situp_kettlebell_movements_situp_f_cm_np1_le_goo_2,data/HMDB51_data/videos/situp/AKC_coach_Torrin_Rhodan_showing_situp_kettlebell_movements_situp_f_cm_np1_le_goo_2.avi,38,8,50,8,38,True,True,0.5466459393501282,0.019894512835890055,0.003705804469063878,0.8139877249486744,103,7,8,8,False,
hmdb51,val,6_Minute_Abs_Routine_situp_f_nm_np1_ri_bad_0,data/HMDB51_data/videos/situp/6_Minute_Abs_Routine_situp_f_nm_np1_ri_bad_0.avi,38,8,50,8,38,True,True,0.8959723114967346,0.012703517451882362,0.003705804469063878,0.7915682941675186,80,5,8,8,False,
hmdb51,val,Incline_Dumbell_Situps_45lbs_2ndxpr_25x_situp_f_nm_np1_ri_med_0,data/HMDB51_data/videos/situp/Incline_Dumbell_Situps_45lbs_2ndxpr_25x_situp_f_nm_np1_ri_med_0.avi,38,8,50,8,38,True,True,0.7618420124053955,0.020468559116125107,0.003705804469063878,0.7773625976406038,130,8,8,8,False,
hmdb51,val,Sit_ups_and_crunch_situp_f_nm_np1_le_goo_1,data/HMDB51_data/videos/situp/Sit_ups_and_crunch_situp_f_nm_np1_le_goo_1.avi,38,8,50,8,38,True,True,0.9177855849266052,0.0169716770760715,0.003705804469063878,0.7549398010596633,90,6,8,8,False,
hmdb51,val,Body_Flex_-_How2_-_Sit-Up_situp_f_nm_np1_le_goo_2,data/HMDB51_data/videos/situp/Body_Flex_-_How2_-_Sit-Up_situp_f_nm_np1_le_goo_2.avi,38,8,50,8,38,True,True,0.8733350038528442,0.01799152512103319,0.003705804469063878,0.7358452989719808,110,7,8,8,False,
hmdb51,val,Sit_ups_and_crunch_situp_f_nm_np1_le_goo_2,data/HMDB51_data/videos/situp/Sit_ups_and_crunch_situp_f_nm_np1_le_goo_2.avi,38,8,50,8,38,True,True,0.9268577694892883,0.017991167958825827,0.003705804469063878,0.7145582158118486,95,6,8,8,False,
hmdb51,val,How_to_Train_for_Boxing_-_Sit_Up_Techniques_for_Boxing_Training_situp_f_cm_np1_le_med_1,data/HMDB51_data/videos/situp/How_to_Train_for_Boxing_-_Sit_Up_Techniques_for_Boxing_Training_situp_f_cm_np1_le_med_1.avi,38,8,50,8,38,True,True,0.3978702127933502,0.01670586597174406,0.003705804469063878,0.6938163419254124,79,5,8,8,False,
hmdb51,val,Sit_ups_situp_f_nm_np1_ri_goo_0,data/HMDB51_data/videos/situp/Sit_ups_situp_f_nm_np1_ri_goo_0.avi,38,8,50,8,38,True,True,0.8170748353004456,0.015209998935461044,0.003705804469063878,0.6739610000513494,80,5,8,8,False,
hmdb51,val,Octogen_-_CrossFit_Sydney_Glute_Ham_Situps_1_situp_f_nm_np1_ri_goo_1,data/HMDB51_data/videos/situp/Octogen_-_CrossFit_Sydney_Glute_Ham_Situps_1_situp_f_nm_np1_ri_goo_1.avi,38,8,50,8,38,True,True,0.42048025131225586,0.02214583195745945,0.003705804469063878,0.6568044531159103,98,7,8,8,False,
hmdb51,val,Sit_ups_situp_f_nm_np1_ri_goo_2,data/HMDB51_data/videos/situp/Sit_ups_situp_f_nm_np1_ri_goo_2.avi,38,8,50,8,38,True,True,0.8737840056419373,0.01810571737587452,0.003705804469063878,0.6308038174174726,84,6,8,8,False,
hmdb51,val,crazy_105_sit-ups_situp_f_cm_np2_le_med_2,data/HMDB51_data/videos/situp/crazy_105_sit-ups_situp_f_cm_np2_le_med_2.avi,38,8,50,8,38,True,True,0.8613027930259705,0.015920412726700306,0.003705804469063878,0.6099069346673787,80,5,8,8,False,
hmdb51,val,Sit_ups_and_crunch_situp_f_nm_np1_le_goo_0,data/HMDB51_data/videos/situp/Sit_ups_and_crunch_situp_f_nm_np1_le_goo_0.avi,38,8,50,8,38,True,True,0.8687126040458679,0.015850618947297335,0.003705804469063878,0.5925789279863238,95,6,8,8,False,
hmdb51,val,Sit_Ups_for_6pack_Abs___Forgotten_Abdominal_Exercise_situp_f_nm_np1_le_med_1,data/HMDB51_data/videos/situp/Sit_Ups_for_6pack_Abs___Forgotten_Abdominal_Exercise_situp_f_nm_np1_le_med_1.avi,38,8,50,8,38,True,True,0.7531986236572266,0.021792064886540174,0.003705804469063878,0.5749906837008893,110,7,8,8,False,
hmdb51,val,YouTube_smiles!_smile_h_nm_np1_fr_med_15,data/HMDB51_data/videos/smile/YouTube_smiles!_smile_h_nm_np1_fr_med_15.avi,39,8,50,8,39,True,True,0.613899290561676,0.01331076817587018,0.003705804469063878,0.5505466070026159,49,3,8,8,False,
hmdb51,val,YouTube_smiles!_smile_h_cm_np1_fr_bad_5,data/HMDB51_data/videos/smile/YouTube_smiles!_smile_h_cm_np1_fr_bad_5.avi,39,8,50,8,39,True,True,0.4874599874019623,0.016089980956166983,0.003705804469063878,0.5350284115411341,54,4,8,8,False,
hmdb51,val,SMILES_FROM_OFF_THE_ROAD_3_-TRAVELS_WITH_A_HAT_smile_h_nm_np1_fr_med_5,data/HMDB51_data/videos/smile/SMILES_FROM_OFF_THE_ROAD_3_-TRAVELS_WITH_A_HAT_smile_h_nm_np1_fr_med_5.avi,39,8,50,8,46,False,True,0.3146536350250244,0.01599513879045844,0.003705804469063878,0.5168968853540719,83,6,8,8,False,
hmdb51,val,Two_Towers_3_smile_h_nm_np1_fr_goo_7,data/HMDB51_data/videos/smile/Two_Towers_3_smile_h_nm_np1_fr_goo_7.avi,39,8,50,8,39,True,True,0.27728602290153503,0.01807773904874921,0.003705804469063878,0.49904348561540246,79,5,8,8,False,
hmdb51,val,YouTube_smiles!_smile_h_nm_np1_fr_med_20,data/HMDB51_data/videos/smile/YouTube_smiles!_smile_h_nm_np1_fr_med_20.avi,39,8,50,8,39,True,True,0.5775313377380371,0.020753428805619478,0.0037176506884861737,1.2706528399139643,35,3,8,8,False,
hmdb51,val,Re-_Show_Your_Smile_smile_h_nm_np1_fr_goo_0,data/HMDB51_data/videos/smile/Re-_Show_Your_Smile_smile_h_nm_np1_fr_goo_0.avi,39,8,50,8,39,True,True,0.625049352645874,0.015469708014279604,0.0037176506884861737,1.2484297910705209,80,5,8,8,False,
hmdb51,val,prelinger_LetsPlay1949_smile_u_nm_np1_ri_med_21,data/HMDB51_data/videos/smile/prelinger_LetsPlay1949_smile_u_nm_np1_ri_med_21.avi,39,8,50,8,46,False,False,0.39115557074546814,0.021067738067358732,0.0037176506884861737,1.2298190211877227,91,6,8,8,False,
hmdb51,val,YouTube_smiles!_smile_h_cm_np1_fr_med_39,data/HMDB51_data/videos/smile/YouTube_smiles!_smile_h_cm_np1_fr_med_39.avi,39,8,50,8,39,True,True,0.6210946440696716,0.018150668125599623,0.0037176506884861737,1.2068168451078236,71,5,8,8,False,
hmdb51,val,YouTube_smiles!_smile_h_cm_np1_fr_med_2,data/HMDB51_data/videos/smile/YouTube_smiles!_smile_h_cm_np1_fr_med_2.avi,39,8,50,8,39,True,True,0.6158078908920288,0.012228344101458788,0.0037176506884861737,1.1867844429798424,59,4,8,8,False,
hmdb51,val,SE7EN_SMILES_x3_smile_h_cm_np1_fr_goo_5,data/HMDB51_data/videos/smile/SE7EN_SMILES_x3_smile_h_cm_np1_fr_goo_5.avi,39,8,50,8,39,True,True,0.5662216544151306,0.019534707069396973,0.0037176506884861737,1.1728180069476366,80,5,8,8,False,
hmdb51,val,Smile_-]_smile_h_nm_np1_fr_goo_0,data/HMDB51_data/videos/smile/Smile_-]_smile_h_nm_np1_fr_goo_0.avi,39,8,50,8,39,True,True,0.4015664756298065,0.014164000283926725,0.0037176506884861737,1.1516835922375321,71,5,8,8,False,
hmdb51,val,SMILES_FROM_OFF_THE_ROAD_2_-TREASURING_THE_GIRLCHILD_smile_h_cm_np1_fr_bad_1,data/HMDB51_data/videos/smile/SMILES_FROM_OFF_THE_ROAD_2_-TREASURING_THE_GIRLCHILD_smile_h_cm_np1_fr_bad_1.avi,39,8,50,8,39,True,True,0.4184338450431824,0.01857579220086336,0.0037176506884861737,1.1336270500905812,81,5,8,8,False,
hmdb51,val,YouTube_smiles!_smile_h_nm_np1_fr_med_12,data/HMDB51_data/videos/smile/YouTube_smiles!_smile_h_nm_np1_fr_med_12.avi,39,8,50,8,39,True,True,0.651537299156189,0.01532750902697444,0.0037176506884861737,1.1115966709330678,54,4,8,8,False,
hmdb51,val,YouTube_smiles!_smile_h_cm_np1_fr_goo_30,data/HMDB51_data/videos/smile/YouTube_smiles!_smile_h_cm_np1_fr_goo_30.avi,39,8,50,8,39,True,True,0.551954448223114,0.017345241270959377,0.0037176506884861737,1.0947967814281583,67,5,8,8,False,
hmdb51,val,YouTube_smiles!_smile_h_cm_np1_fr_bad_3,data/HMDB51_data/videos/smile/YouTube_smiles!_smile_h_cm_np1_fr_bad_3.avi,39,8,50,8,39,True,True,0.5866908431053162,0.018444558139890432,0.0037176506884861737,1.0761533952318132,57,4,8,8,False,
hmdb51,val,smoking_2_smoke_h_cm_np1_ba_med_5,data/HMDB51_data/videos/smoke/smoking_2_smoke_h_cm_np1_ba_med_5.avi,40,8,50,8,40,True,True,0.2891107201576233,0.023344495333731174,0.0037176506884861737,1.055942733772099,81,5,8,8,False,
hmdb51,val,Rich_smoking_experience_smoke_h_nm_np1_fr_med_1,data/HMDB51_data/videos/smoke/Rich_smoking_experience_smoke_h_nm_np1_fr_med_1.avi,40,8,50,8,40,True,True,0.8226833939552307,0.037432709243148565,0.0037176506884861737,1.0289905173704028,227,8,8,8,False,
hmdb51,val,Raucher_Antiraucher_Werbung_smoke_u_cm_np1_fr_med_0,data/HMDB51_data/videos/smoke/Raucher_Antiraucher_Werbung_smoke_u_cm_np1_fr_med_0.avi,40,8,50,8,35,False,False,0.8190212249755859,0.01860850304365158,0.0037176506884861737,0.9886114639230072,90,6,8,8,False,
hmdb51,val,A_Beautiful_Mind_1_smoke_h_nm_np1_fr_goo_8,data/HMDB51_data/videos/smoke/A_Beautiful_Mind_1_smoke_h_nm_np1_fr_goo_8.avi,40,8,50,8,46,False,True,0.2696281373500824,0.019805219024419785,0.0037176506884861737,0.9676620997488499,61,4,8,8,False,
hmdb51,val,zigarette_rauchen_smoke_h_nm_np1_fr_med_1,data/HMDB51_data/videos/smoke/zigarette_rauchen_smoke_h_nm_np1_fr_med_1.avi,40,8,50,8,40,True,True,0.4683252274990082,0.030271470081061125,0.0037176506884861737,0.9448129739612341,182,8,8,8,False,
hmdb51,val,zigarette_rauchen_smoke_h_nm_np1_fr_med_2,data/HMDB51_data/videos/smoke/zigarette_rauchen_smoke_h_nm_np1_fr_med_2.avi,40,8,50,8,40,True,True,0.36206841468811035,0.029155508149415255,0.0037176506884861737,0.9122004113160074,163,8,8,8,False,
hmdb51,val,After_work_smoke_in_the_garage_smoke_h_nm_np1_fr_bad_0,data/HMDB51_data/videos/smoke/After_work_smoke_in_the_garage_smoke_h_nm_np1_fr_bad_0.avi,40,8,50,8,40,True,True,0.40712970495224,0.018493427895009518,0.0037176506884861737,0.8791669919155538,84,6,8,8,False,
hmdb51,val,smoking_2_smoke_h_cm_np1_ba_goo_2,data/HMDB51_data/videos/smoke/smoking_2_smoke_h_cm_np1_ba_goo_2.avi,40,8,50,8,40,True,True,0.6580650210380554,0.0292922742664814,0.0037176506884861737,0.8579996610060334,105,7,8,8,False,
hmdb51,val,smoking_smoking_-_tricks!_smoke_h_nm_np1_fr_med_2,data/HMDB51_data/videos/smoke/smoking_smoking_-_tricks!_smoke_h_nm_np1_fr_med_2.avi,40,8,50,8,3,False,True,0.4695599675178528,0.032878732308745384,0.0037176506884861737,0.8268571826629341,225,8,8,8,False,
hmdb51,val,Glory_smoke_h_nm_np1_fr_goo_42,data/HMDB51_data/videos/smoke/Glory_smoke_h_nm_np1_fr_goo_42.avi,40,8,50,8,10,False,True,0.4742778241634369,0.021004806738346815,0.0037176506884861737,0.7912128861062229,90,6,8,8,False,
hmdb51,val,Veoh_Alpha_Dog_1_smoke_h_nm_np1_fr_med_54,data/HMDB51_data/videos/smoke/Veoh_Alpha_Dog_1_smoke_h_nm_np1_fr_med_54.avi,40,8,50,8,10,False,True,0.36163920164108276,0.030987978912889957,0.0037176506884861737,0.7669375222176313,135,8,8,8,False,
hmdb51,val,passive_rauchen_smoke_h_cm_np1_ri_med_0,data/HMDB51_data/videos/smoke/passive_rauchen_smoke_h_cm_np1_ri_med_0.avi,40,8,50,8,40,True,True,0.33159568905830383,0.02569870511069894,0.0037176506884861737,0.7335182842798531,159,8,8,8,False,
hmdb51,val,smoking_1_smoke_h_cm_np1_ri_med_1,data/HMDB51_data/videos/smoke/smoking_1_smoke_h_cm_np1_ri_med_1.avi,40,8,50,8,40,True,True,0.7787030935287476,0.02395574375987053,0.0037176506884861737,0.7047995538450778,105,7,8,8,False,
hmdb51,val,nice_smoking_girl_smoke_h_nm_np1_le_med_2,data/HMDB51_data/videos/smoke/nice_smoking_girl_smoke_h_nm_np1_le_med_2.avi,40,8,50,8,40,True,True,0.6943392157554626,0.03785886196419597,0.0037176506884861737,0.6773060350678861,248,8,8,8,False,
hmdb51,val,more_smoking_smoke_h_cm_np1_ri_med_0,data/HMDB51_data/videos/smoke/more_smoking_smoke_h_cm_np1_ri_med_0.avi,40,8,50,8,40,True,True,0.5340813994407654,0.019018922932446003,0.0037176506884861737,0.6360297510400414,75,5,8,8,False,
hmdb51,val,smoking_a_cigarette_smoke_h_nm_np1_fr_med_0,data/HMDB51_data/videos/smoke/smoking_a_cigarette_smoke_h_nm_np1_fr_med_0.avi,40,8,50,8,3,False,True,0.4066995680332184,0.041595103684812784,0.0037176506884861737,0.6147751626558602,279,8,8,8,False,
hmdb51,val,Projekt_SPOHO_2008_-_27_02_08_-_Training-_Bodenk_r_4_somersault_f_cm_np1_ri_med_0,data/HMDB51_data/videos/somersault/Projekt_SPOHO_2008_-_27_02_08_-_Training-_Bodenk_r_4_somersault_f_cm_np1_ri_med_0.avi,41,8,50,8,16,False,True,0.3464047312736511,0.015183445997536182,0.0037176506884861737,0.570839764084667,80,5,8,8,False,
hmdb51,val,Turn_pr_fung_glaser_schule_somersault_f_cm_np1_le_med_1,data/HMDB51_data/videos/somersault/Turn_pr_fung_glaser_schule_somersault_f_cm_np1_le_med_1.avi,41,8,50,8,16,False,True,0.4090721309185028,0.015786420553922653,0.0037176506884861737,0.5523899258114398,80,5,8,8,False,
hmdb51,val,Handstandk_nig_somersault_f_cm_np1_ba_med_5,data/HMDB51_data/videos/somersault/Handstandk_nig_somersault_f_cm_np1_ba_med_5.avi,41,8,50,8,41,True,True,0.35044437646865845,0.014592000748962164,0.0037176506884861737,0.5330353467725217,78,5,8,8,False,
hmdb51,val,Philli_beim_Bodenturnen_somersault_f_cm_np1_ri_bad_0,data/HMDB51_data/videos/somersault/Philli_beim_Bodenturnen_somersault_f_cm_np1_ri_bad_0.avi,41,8,50,8,41,True,True,0.48279112577438354,0.01725293230265379,0.0037176506884861737,0.515341819729656,71,5,8,8,False,
hmdb51,val,Projekt_SPOHO_2008_-_27_02_08_-_Training-_Bodenk_r_3_somersault_f_cm_np1_le_med_0,data/HMDB51_data/videos/somersault/Projekt_SPOHO_2008_-_27_02_08_-_Training-_Bodenk_r_3_somersault_f_cm_np1_le_med_0.avi,41,8,50,8,1,False,True,0.2532365322113037,0.01715415809303522,0.0037176506884861737,0.4964079172350466,88,6,8,8,False,
hmdb51,val,Pirates_2_somersault_f_cm_np1_fr_bad_5,data/HMDB51_data/videos/somersault/Pirates_2_somersault_f_cm_np1_fr_bad_5.avi,41,8,50,8,20,False,False,0.2757587134838104,0.018645896576344967,0.003804797393968329,1.1054435288533568,36,3,8,8,False,
hmdb51,val,Bodenk_r_somersault_f_cm_np1_ri_med_1,data/HMDB51_data/videos/somersault/Bodenk_r_somersault_f_cm_np1_ri_med_1.avi,41,8,50,8,41,True,True,0.5487609505653381,0.01516846613958478,0.003804797393968329,1.084791837260127,81,5,8,8,False,
hmdb51,val,Schwebebalken_Uni_07_08_somersault_f_cm_np1_le_med_1,data/HMDB51_data/videos/somersault/Schwebebalken_Uni_07_08_somersault_f_cm_np1_le_med_1.avi,41,8,50,8,1,False,True,0.2930122911930084,0.02073482470586896,0.003804797393968329,1.0666006449609995,95,6,8,8,False,
hmdb51,val,Turnexamen_Boden_somersault_f_cm_np1_ri_med_2,data/HMDB51_data/videos/somersault/Turnexamen_Boden_somersault_f_cm_np1_ri_med_2.avi,41,8,50,8,41,True,True,0.5345038175582886,0.01576557196676731,0.003804797393968329,1.0429131295531988,80,5,8,8,False,
hmdb51,val,Learn_Freerunning_and_Parkour_-_Diving_Roll_somersault_f_cm_np1_le_bad_5,data/HMDB51_data/videos/somersault/Learn_Freerunning_and_Parkour_-_Diving_Roll_somersault_f_cm_np1_le_bad_5.avi,41,8,50,8,19,False,True,0.7439547777175903,0.010729272849857807,0.003804797393968329,1.0253697847947478,39,3,8,8,False,
hmdb51,val,LONGESTYARD_somersault_f_cm_np1_ba_bad_28,data/HMDB51_data/videos/somersault/LONGESTYARD_somersault_f_cm_np1_ba_bad_28.avi,41,8,50,8,14,False,True,0.14877550303936005,0.014676867984235287,0.003804797393968329,1.0124096078798175,47,3,8,8,False,
hmdb51,val,Massive_6_meter_dive_roll_somersault_f_cm_np1_le_bad_0,data/HMDB51_data/videos/somersault/Massive_6_meter_dive_roll_somersault_f_cm_np1_le_bad_0.avi,41,8,50,8,14,False,True,0.3657970726490021,0.011569336988031864,0.003804797393968329,0.9947936031967402,49,3,8,8,False,
hmdb51,val,Hechtsprung_somersault_f_cm_np1_le_bad_1,data/HMDB51_data/videos/somersault/Hechtsprung_somersault_f_cm_np1_le_bad_1.avi,41,8,50,8,19,False,False,0.5036250352859497,0.011033230926841497,0.003804797393968329,0.9813654976896942,34,3,8,8,False,
hmdb51,val,MWG_Bodenturnen_somersault_f_cm_np2_ri_bad_0,data/HMDB51_data/videos/somersault/MWG_Bodenturnen_somersault_f_cm_np2_ri_bad_0.avi,41,8,50,8,41,True,True,0.3907012343406677,0.016275047324597836,0.003804797393968329,0.9689472340978682,87,6,8,8,False,
hmdb51,val,Monikas_Staatsexamen__Turnen_somersault_f_cm_np1_le_med_5,data/HMDB51_data/videos/somersault/Monikas_Staatsexamen__Turnen_somersault_f_cm_np1_le_med_5.avi,41,8,50,8,41,True,True,0.4542922377586365,0.01729048602283001,0.003804797393968329,0.9508907729759812,80,5,8,8,False,
hmdb51,val,Philli_beim_Bodenturnen_somersault_f_cm_np1_ri_bad_5,data/HMDB51_data/videos/somersault/Philli_beim_Bodenturnen_somersault_f_cm_np1_ri_bad_5.avi,41,8,50,8,41,True,True,0.4422565996646881,0.0197113542817533,0.003804797393968329,0.9317741319537163,122,8,8,8,False,
hmdb51,val,Bodenk_r_somersault_f_cm_np1_le_med_3,data/HMDB51_data/videos/somersault/Bodenk_r_somersault_f_cm_np1_le_med_3.avi,41,8,50,8,41,True,True,0.403906911611557,0.014957635197788477,0.003804797393968329,0.9107881039381027,81,5,8,8,False,
hmdb51,val,Bodenturnen_somersault_f_cm_np1_ri_med_1,data/HMDB51_data/videos/somersault/Bodenturnen_somersault_f_cm_np1_ri_med_1.avi,41,8,50,8,1,False,True,0.24926972389221191,0.016068057157099247,0.003804797393968329,0.893987889867276,78,5,8,8,False,
hmdb51,val,Parkour_Dive_Tutorial_somersault_f_cm_np1_ba_bad_1,data/HMDB51_data/videos/somersault/Parkour_Dive_Tutorial_somersault_f_cm_np1_ba_bad_1.avi,41,8,50,8,24,False,True,0.32338687777519226,0.015334459021687508,0.003804797393968329,0.8754294947721064,37,3,8,8,False,
hmdb51,val,Paul_Hamm_on_Floor_Exercise_at_2008_Pacific_Rim_somersault_f_cm_np1_fr_med_0,data/HMDB51_data/videos/somersault/Paul_Hamm_on_Floor_Exercise_at_2008_Pacific_Rim_somersault_f_cm_np1_fr_med_0.avi,41,8,50,8,21,False,True,0.1704120635986328,0.016349070239812136,0.003804797393968329,0.8579787039197981,82,6,8,8,False,
hmdb51,val,StrangerThanFiction_stand_u_cm_np1_ri_med_0,data/HMDB51_data/videos/stand/StrangerThanFiction_stand_u_cm_np1_ri_med_0.avi,42,8,50,8,48,False,True,0.5439512729644775,0.018563717138022184,0.003804797393968329,0.8391230646520853,76,5,8,8,False,
hmdb51,val,Finding_Forrester_1_stand_u_cm_np1_le_bad_10,data/HMDB51_data/videos/stand/Finding_Forrester_1_stand_u_cm_np1_le_bad_10.avi,42,8,50,8,49,False,True,0.812062680721283,0.018366083037108183,0.003804797393968329,0.8186715375632048,101,7,8,8,False,
hmdb51,val,HP_PRISONER_OF_AZKABAN_stand_f_cm_np1_fr_bad_11,data/HMDB51_data/videos/stand/HP_PRISONER_OF_AZKABAN_stand_f_cm_np1_fr_bad_11.avi,42,8,50,8,49,False,True,0.659710168838501,0.013980298768728971,0.003804797393968329,0.7992467330768704,48,3,8,8,False,
hmdb51,val,THE_PROTECTOR_stand_f_cm_np1_fr_med_23,data/HMDB51_data/videos/stand/THE_PROTECTOR_stand_f_cm_np1_fr_med_23.avi,42,8,50,8,12,False,False,0.27911877632141113,0.016634230967611074,0.003804797393968329,0.7828190391883254,53,4,8,8,False,
hmdb51,val,Oceans13_stand_u_nm_np1_fr_med_9,data/HMDB51_data/videos/stand/Oceans13_stand_u_nm_np1_fr_med_9.avi,42,8,50,8,48,False,True,0.20760460197925568,0.019541508983820677,0.003804797393968329,0.7634079228155315,78,5,8,8,False,
hmdb51,val,CharlieAndTheChocolateFactory_stand_f_nm_np1_fr_med_17,data/HMDB51_data/videos/stand/CharlieAndTheChocolateFactory_stand_f_nm_np1_fr_med_17.avi,42,8,50,8,46,False,False,0.4165288507938385,0.01699041109532118,0.003804797393968329,0.7412856686860323,48,3,8,8,False,
hmdb51,val,Crash_stand_u_cm_np1_le_med_8,data/HMDB51_data/videos/stand/Crash_stand_u_cm_np1_le_med_8.avi,42,8,50,8,49,False,True,0.27911576628685,0.02332866284996271,0.003804797393968329,0.7220980669371784,83,6,8,8,False,
hmdb51,val,SweeneyTodd_stand_f_nm_np1_fr_bad_24,data/HMDB51_data/videos/stand/SweeneyTodd_stand_f_nm_np1_fr_bad_24.avi,42,8,50,8,49,False,True,0.5992167592048645,0.014054827857762575,0.003804797393968329,0.6965028448030353,47,3,8,8,False,
hmdb51,val,20070723_sfjff_waitingforrescue_stand_u_cm_np1_fr_med_2,data/HMDB51_data/videos/stand/20070723_sfjff_waitingforrescue_stand_u_cm_np1_fr_med_2.avi,42,8,50,8,38,False,False,0.21710434556007385,0.016787875909358263,0.003804797393968329,0.6783509058877826,50,4,8,8,False,
hmdb51,val,AllThePresidentMen_stand_u_nm_np1_le_med_1,data/HMDB51_data/videos/stand/AllThePresidentMen_stand_u_nm_np1_le_med_1.avi,42,8,50,8,49,False,True,0.7593761682510376,0.018956261686980724,0.003804797393968329,0.6573329949751496,79,5,8,8,False,
hmdb51,val,BLACK_HAWK_DOWN_stand_u_cm_np1_fr_med_35,data/HMDB51_data/videos/stand/BLACK_HAWK_DOWN_stand_u_cm_np1_fr_med_35.avi,42,8,50,8,49,False,True,0.18213695287704468,0.014928993303328753,0.003804797393968329,0.6350789098069072,49,3,8,8,False,
hmdb51,val,GoneBabyGone_stand_f_cm_np1_fr_med_0,data/HMDB51_data/videos/stand/GoneBabyGone_stand_f_cm_np1_fr_med_0.avi,42,8,50,8,10,False,False,0.4002426862716675,0.02150440728291869,0.003804797393968329,0.6188016328960657,66,5,8,8,False,
hmdb51,val,20060723sfjffjewgotmail_stand_u_cm_np1_ri_med_0,data/HMDB51_data/videos/stand/20060723sfjffjewgotmail_stand_u_cm_np1_ri_med_0.avi,42,8,50,8,49,False,True,0.2666076421737671,0.016362182796001434,0.003804797393968329,0.5944513464346528,50,4,8,8,False,
hmdb51,val,RETURN_OF_THE_KING_stand_u_cm_np1_fr_med_12,data/HMDB51_data/videos/stand/RETURN_OF_THE_KING_stand_u_cm_np1_fr_med_12.avi,42,8,50,8,0,False,True,0.22027955949306488,0.017877754755318165,0.003804797393968329,0.5750777148641646,55,4,8,8,False,
hmdb51,val,prelinger_ControlY1950_stand_u_cm_np1_fr_med_0,data/HMDB51_data/videos/stand/prelinger_ControlY1950_stand_u_cm_np1_fr_med_0.avi,42,8,50,8,49,False,True,0.759996771812439,0.02058860007673502,0.003804797393968329,0.5539969829842448,102,7,8,8,False,
hmdb51,val,SweeneyTodd_stand_f_cm_np1_le_med_10,data/HMDB51_data/videos/stand/SweeneyTodd_stand_f_cm_np1_le_med_10.avi,42,8,50,8,48,False,True,0.2831394374370575,0.020013528876006603,0.003804797393968329,0.5298046688549221,79,5,8,8,False,
hmdb51,val,RATRACE_stand_f_cm_np1_ri_med_28,data/HMDB51_data/videos/stand/RATRACE_stand_f_cm_np1_ri_med_28.avi,42,8,50,8,49,False,True,0.48709794878959656,0.02179895620793104,0.003804797393968329,0.5078571136109531,80,5,8,8,False,
hmdb51,val,FestivalofColors_stand_f_nm_np1_fr_med_0,data/HMDB51_data/videos/stand/FestivalofColors_stand_f_nm_np1_fr_med_0.avi,42,8,50,8,24,False,False,0.17473316192626953,0.02542328229174018,0.003777845748118125,1.2156793316826224,107,7,8,8,False,
hmdb51,val,BeforeNightFalls_stand_f_nm_np1_fr_med_3,data/HMDB51_data/videos/stand/BeforeNightFalls_stand_f_nm_np1_fr_med_3.avi,42,8,50,8,37,False,True,0.2881257236003876,0.027142816223204136,0.003777845748118125,1.186896296683699,133,8,8,8,False,
hmdb51,val,TheBoondockSaints_stand_u_nm_np1_le_med_102,data/HMDB51_data/videos/stand/TheBoondockSaints_stand_u_nm_np1_le_med_102.avi,42,8,50,8,49,False,True,0.23900069296360016,0.012848240789026022,0.003777845748118125,1.1562315672636032,49,3,8,8,False,
hmdb51,val,practicingmybaseballswing2009_swing_baseball_f_cm_np1_fr_med_13,data/HMDB51_data/videos/swing_baseball/practicingmybaseballswing2009_swing_baseball_f_cm_np1_fr_med_13.avi,43,8,50,8,43,True,True,0.9118442535400391,0.025324601214379072,0.003777845748118125,1.1419012732803822,131,8,8,8,False,
hmdb51,val,hittingofftee2_swing_baseball_f_nm_np1_fr_med_11,data/HMDB51_data/videos/swing_baseball/hittingofftee2_swing_baseball_f_nm_np1_fr_med_11.avi,43,8,50,8,43,True,True,0.9257256984710693,0.020791516173630953,0.003777845748118125,1.1139312870800495,119,8,8,8,False,
hmdb51,val,hittingofftee2_swing_baseball_f_nm_np1_fr_med_3,data/HMDB51_data/videos/swing_baseball/hittingofftee2_swing_baseball_f_nm_np1_fr_med_3.avi,43,8,50,8,43,True,True,0.8375877737998962,0.02075070282444358,0.003777845748118125,1.0904604140669107,123,8,8,8,False,
hmdb51,val,Faith_Rewarded_swing_baseball_f_cm_np1_ri_bad_27,data/HMDB51_data/videos/swing_baseball/Faith_Rewarded_swing_baseball_f_cm_np1_ri_bad_27.avi,43,8,50,8,43,True,True,0.9230860471725464,0.017154050059616566,0.003777845748118125,1.0677330172620714,43,3,8,8,False,
hmdb51,val,practicingmybaseballswing2009_swing_baseball_f_cm_np1_fr_med_2,data/HMDB51_data/videos/swing_baseball/practicingmybaseballswing2009_swing_baseball_f_cm_np1_fr_med_2.avi,43,8,50,8,43,True,True,0.8709200620651245,0.021841760259121656,0.003777845748118125,1.048457755241543,114,8,8,8,False,
hmdb51,val,Faith_Rewarded_swing_baseball_f_nm_np1_ba_bad_54,data/HMDB51_data/videos/swing_baseball/Faith_Rewarded_swing_baseball_f_nm_np1_ba_bad_54.avi,43,8,50,8,43,True,True,0.820042073726654,0.01785077480599284,0.003777845748118125,1.0241719959303737,45,3,8,8,False,
hmdb51,val,Faith_Rewarded_swing_baseball_f_nm_np1_le_bad_51,data/HMDB51_data/videos/swing_baseball/Faith_Rewarded_swing_baseball_f_nm_np1_le_bad_51.avi,43,8,50,8,32,False,False,0.383831262588501,0.01847174484282732,0.003777845748118125,1.0043972441926599,81,5,8,8,False,
hmdb51,val,BaseballSwingAnalysis_swing_baseball_f_nm_np1_fr_med_17,data/HMDB51_data/videos/swing_baseball/BaseballSwingAnalysis_swing_baseball_f_nm_np1_fr_med_17.avi,43,8,50,8,43,True,True,0.9319678544998169,0.034395801834762096,0.003777845748118125,0.9834317951463163,226,8,8,8,False,
hmdb51,val,Faith_Rewarded_swing_baseball_f_nm_np1_fr_bad_88,data/HMDB51_data/videos/swing_baseball/Faith_Rewarded_swing_baseball_f_nm_np1_fr_bad_88.avi,43,8,50,8,43,True,True,0.8870965242385864,0.018533408176153898,0.003777845748118125,0.9468015339225531,69,5,8,8,False,
hmdb51,val,BaseballSwingAnalysis_swing_baseball_u_nm_np1_ba_med_7,data/HMDB51_data/videos/swing_baseball/BaseballSwingAnalysis_swing_baseball_u_nm_np1_ba_med_7.avi,43,8,50,8,43,True,True,0.9212968945503235,0.030051307287067175,0.003777845748118125,0.9255366660654545,214,8,8,8,False,
hmdb51,val,Faith_Rewarded_swing_baseball_f_nm_np1_ba_bad_78,data/HMDB51_data/videos/swing_baseball/Faith_Rewarded_swing_baseball_f_nm_np1_ba_bad_78.avi,43,8,50,8,43,True,True,0.690011203289032,0.01606141310185194,0.003777845748118125,0.8929399163462222,59,4,8,8,False,
hmdb51,val,Faith_Rewarded_swing_baseball_f_nm_np1_fr_bad_70,data/HMDB51_data/videos/swing_baseball/Faith_Rewarded_swing_baseball_f_nm_np1_fr_bad_70.avi,43,8,50,8,43,True,True,0.7509880065917969,0.02255974616855383,0.003777845748118125,0.872646669857204,60,4,8,8,False,
hmdb51,val,Faith_Rewarded_swing_baseball_f_nm_np1_ri_bad_59,data/HMDB51_data/videos/swing_baseball/Faith_Rewarded_swing_baseball_f_nm_np1_ri_bad_59.avi,43,8,50,8,43,True,True,0.9247724413871765,0.013370253145694733,0.003777845748118125,0.8456625430844724,38,3,8,8,False,
hmdb51,val,BaseballSwingAnalysis_swing_baseball_u_nm_np1_ba_med_0,data/HMDB51_data/videos/swing_baseball/BaseballSwingAnalysis_swing_baseball_u_nm_np1_ba_med_0.avi,43,8,50,8,43,True,True,0.8063772916793823,0.025794974993914366,0.003777845748118125,0.8305762759409845,158,8,8,8,False,
hmdb51,val,Faith_Rewarded_swing_baseball_u_nm_np1_ri_bad_48,data/HMDB51_data/videos/swing_baseball/Faith_Rewarded_swing_baseball_u_nm_np1_ri_bad_48.avi,43,8,50,8,43,True,True,0.7955113053321838,0.018580828327685595,0.003777845748118125,0.8019188200123608,44,3,8,8,False,
hmdb51,val,practicingmybaseballswing2009_swing_baseball_f_cm_np1_fr_med_6,data/HMDB51_data/videos/swing_baseball/practicingmybaseballswing2009_swing_baseball_f_cm_np1_fr_med_6.avi,43,8,50,8,43,True,True,0.9144718050956726,0.026862572878599167,0.003777845748118125,0.781269321218133,141,8,8,8,False,
hmdb51,val,Faith_Rewarded_swing_baseball_f_nm_np1_ba_bad_77,data/HMDB51_data/videos/swing_baseball/Faith_Rewarded_swing_baseball_f_nm_np1_ba_bad_77.avi,43,8,50,8,43,True,True,0.850089967250824,0.019778670743107796,0.003777845748118125,0.7512261588126421,40,3,8,8,False,
hmdb51,val,Faith_Rewarded_swing_baseball_f_nm_np1_ri_bad_61,data/HMDB51_data/videos/swing_baseball/Faith_Rewarded_swing_baseball_f_nm_np1_ri_bad_61.avi,43,8,50,8,43,True,True,0.8608764410018921,0.0198469334281981,0.003777845748118125,0.7273093569092453,49,3,8,8,False,
hmdb51,val,SlowmotionBretthitsasingle_swing_baseball_f_cm_np1_ba_bad_1,data/HMDB51_data/videos/swing_baseball/SlowmotionBretthitsasingle_swing_baseball_f_cm_np1_ba_bad_1.avi,43,8,50,8,43,True,True,0.5564912557601929,0.024565636180341244,0.003777845748118125,0.7046744260005653,160,8,8,8,False,
hmdb51,val,Faith_Rewarded_swing_baseball_f_cm_np1_ba_bad_11,data/HMDB51_data/videos/swing_baseball/Faith_Rewarded_swing_baseball_f_cm_np1_ba_bad_11.avi,43,8,50,8,43,True,True,0.8698336482048035,0.022763263899832964,0.003777845748118125,0.6782006421126425,75,5,8,8,False,
hmdb51,val,Gohatto_-_sword_fight_scene_sword_f_cm_np2_ba_med_3,data/HMDB51_data/videos/sword/Gohatto_-_sword_fight_scene_sword_f_cm_np2_ba_med_3.avi,44,8,50,8,20,False,True,0.2064914107322693,0.018657843116670847,0.003777845748118125,0.6531102429144084,80,5,8,8,False,
hmdb51,val,Gohatto_-_sword_fight_scene_sword_f_cm_np2_fr_med_0,data/HMDB51_data/videos/sword/Gohatto_-_sword_fight_scene_sword_f_cm_np2_fr_med_0.avi,44,8,50,8,8,False,False,0.1813015192747116,0.017477190122008324,0.003777845748118125,0.6327289240434766,80,5,8,8,False,
hmdb51,val,Kendo_sword_f_nm_np2_ba_bad_2,data/HMDB51_data/videos/sword/Kendo_sword_f_nm_np2_ba_bad_2.avi,44,8,50,8,44,True,True,0.21317054331302643,0.013540710788220167,0.003777845748118125,0.6122724427841604,80,5,8,8,False,
hmdb51,val,Kendo_sword_f_nm_np1_fr_bad_5,data/HMDB51_data/videos/sword/Kendo_sword_f_nm_np1_fr_bad_5.avi,44,8,50,8,45,False,True,0.44255369901657104,0.01351417601108551,0.003777845748118125,0.5970838628709316,80,5,8,8,False,
hmdb51,val,2006_Full_Contact_Medieval_Sword_Tournament_Final_sword_f_cm_np2_fr_bad_2,data/HMDB51_data/videos/sword/2006_Full_Contact_Medieval_Sword_Tournament_Final_sword_f_cm_np2_fr_bad_2.avi,44,8,50,8,21,False,True,0.4143719971179962,0.02056646766141057,0.003777845748118125,0.5810915557667613,100,7,8,8,False,
hmdb51,val,Moonfleet_1955_rapier_vs_halberd_duel__Stewart_Granger_sword_u_cm_np2_ri_bad_0,data/HMDB51_data/videos/sword/Moonfleet_1955_rapier_vs_halberd_duel__Stewart_Granger_sword_u_cm_np2_ri_bad_0.avi,44,8,50,8,49,False,False,0.5431578159332275,0.015241947956383228,0.003777845748118125,0.5583599400706589,46,3,8,8,False,
hmdb51,val,Star_Wars_I_Light_Sabre_Battle_Re-cut_sword_f_cm_np2_ba_med_3,data/HMDB51_data/videos/sword/Star_Wars_I_Light_Sabre_Battle_Re-cut_sword_f_cm_np2_ba_med_3.avi,44,8,50,8,19,False,False,0.1335245817899704,0.028715895023196936,0.003777845748118125,0.5410738633945584,128,8,8,8,False,
hmdb51,val,Medieval_Times_Knights_Battle_Sword_Fight_sword_f_cm_np2_fr_med_5,data/HMDB51_data/videos/sword/Medieval_Times_Knights_Battle_Sword_Fight_sword_f_cm_np2_fr_med_5.avi,44,8,50,8,44,True,True,0.6361050605773926,0.01214612415060401,0.003777845748118125,0.509133841842413,62,4,8,8,False,
hmdb51,val,David_Carradine_vs__Michael_Jai_White_sword_u_nm_np2_fr_med_1,data/HMDB51_data/videos/sword/David_Carradine_vs__Michael_Jai_White_sword_u_nm_np2_fr_med_1.avi,44,8,50,8,27,False,False,0.6772576570510864,0.014021881390362978,0.003777845748118125,0.49599580094218254,35,3,8,8,False,
hmdb51,val,Fechten_mit_dem_langen_Schwert_sword_f_cm_np2_le_med_2,data/HMDB51_data/videos/sword/Fechten_mit_dem_langen_Schwert_sword_f_cm_np2_le_med_2.avi,44,8,50,8,17,False,True,0.30417850613594055,0.026222412008792162,0.003495631550322287,1.3351568807847798,66,5,8,8,False,
hmdb51,val,The_Last_Samurai_-_In_Your_Honor_sword_f_nm_np2_le_bad_1,data/HMDB51_data/videos/sword/The_Last_Samurai_-_In_Your_Honor_sword_f_nm_np2_le_bad_1.avi,44,8,50,8,21,False,True,0.41312283277511597,0.018866698257625103,0.003495631550322287,1.3053281400352716,106,7,8,8,False,
hmdb51,val,Medieval_Times_Knights_Battle_Sword_Fight_sword_f_cm_np2_ri_med_2,data/HMDB51_data/videos/sword/Medieval_Times_Knights_Battle_Sword_Fight_sword_f_cm_np2_ri_med_2.avi,44,8,50,8,44,True,True,0.7321128845214844,0.011190604884177446,0.003495631550322287,1.2836811682209373,41,3,8,8,False,
hmdb51,val,Stage_Combat_5_-_Sword_Fight_-_East_15_sword_f_cm_np2_le_bad_1,data/HMDB51_data/videos/sword/Stage_Combat_5_-_Sword_Fight_-_East_15_sword_f_cm_np2_le_bad_1.avi,44,8,50,8,16,False,False,0.2033310979604721,0.01764107123017311,0.003495631550322287,1.2692548967897892,80,5,8,8,False,
hmdb51,val,Duncan_Macleod_&_Amanda_Soulmates_Part_2_sword_u_cm_np2_fr_med_0,data/HMDB51_data/videos/sword/Duncan_Macleod_&_Amanda_Soulmates_Part_2_sword_u_cm_np2_fr_med_0.avi,44,8,50,8,44,True,True,0.39523133635520935,0.05121747404336929,0.003495631550322287,1.248697014991194,272,8,8,8,False,
hmdb51,val,Medieval_Times_Knights_Battle_Sword_Fight_sword_f_cm_np2_le_med_3,data/HMDB51_data/videos/sword/Medieval_Times_Knights_Battle_Sword_Fight_sword_f_cm_np2_le_med_3.avi,44,8,50,8,44,True,True,0.5398718118667603,0.01418941980227828,0.003495631550322287,1.1948185041546822,50,4,8,8,False,
hmdb51,val,Pirates_2_sword_f_cm_np2_le_med_4,data/HMDB51_data/videos/sword/Pirates_2_sword_f_cm_np2_le_med_4.avi,44,8,50,8,49,False,False,0.4716179370880127,0.02398722292855382,0.003495631550322287,1.1764316805638373,91,6,8,8,False,
hmdb51,val,Blade_Vs_Deacon_Frost_Sword_Fight_Scene_sword_f_cm_np2_fr_med_0,data/HMDB51_data/videos/sword/Blade_Vs_Deacon_Frost_Sword_Fight_Scene_sword_f_cm_np2_fr_med_0.avi,44,8,50,8,21,False,True,0.4001797139644623,0.019507951103150845,0.003495631550322287,1.1483392701484263,83,6,8,8,False,
hmdb51,val,Black_Knight_sword_u_cm_np2_ba_goo_0,data/HMDB51_data/videos/sword/Black_Knight_sword_u_cm_np2_ba_goo_0.avi,44,8,50,8,44,True,True,0.6148295402526855,0.01793374866247177,0.003495631550322287,1.1265264018438756,79,5,8,8,False,
hmdb51,val,Medieval_Times_Knights_Battle_Sword_Fight_sword_f_cm_np2_le_bad_0,data/HMDB51_data/videos/sword/Medieval_Times_Knights_Battle_Sword_Fight_sword_f_cm_np2_le_bad_0.avi,44,8,50,8,44,True,True,0.7245119214057922,0.013709701597690582,0.003495631550322287,1.103823991958052,42,3,8,8,False,
hmdb51,val,Nakayama_Aikido_Iaido_Part_3_sword_exercise_f_cm_np1_le_bad_1,data/HMDB51_data/videos/sword_exercise/Nakayama_Aikido_Iaido_Part_3_sword_exercise_f_cm_np1_le_bad_1.avi,45,8,50,8,27,False,True,0.25028976798057556,0.01433262275531888,0.003495631550322287,1.0857707257382572,40,3,8,8,False,
hmdb51,val,Eishin-Ryu_Iaido_sword_exercise_f_cm_np1_le_bad_5,data/HMDB51_data/videos/sword_exercise/Eishin-Ryu_Iaido_sword_exercise_f_cm_np1_le_bad_5.avi,45,8,50,8,45,True,True,0.4164992570877075,0.01098664803430438,0.003495631550322287,1.0685142250731587,43,3,8,8,False,
hmdb51,val,samurai_training_sword_exercise_f_cm_np1_fr_med_0,data/HMDB51_data/videos/sword_exercise/samurai_training_sword_exercise_f_cm_np1_fr_med_0.avi,45,8,50,8,45,True,True,0.710935115814209,0.014077419880777597,0.003495631550322287,1.0560028031468391,75,5,8,8,False,
hmdb51,val,Highlander_Sword_School_wmv_sword_exercise_f_cm_np1_ba_bad_7,data/HMDB51_data/videos/sword_exercise/Highlander_Sword_School_wmv_sword_exercise_f_cm_np1_ba_bad_7.avi,45,8,50,8,45,True,True,0.33399519324302673,0.037253068294376135,0.003495631550322287,1.0401080939918756,206,8,8,8,False,
hmdb51,val,samurai_training_sword_exercise_f_cm_np1_fr_med_4,data/HMDB51_data/videos/sword_exercise/samurai_training_sword_exercise_f_cm_np1_fr_med_4.avi,45,8,50,8,45,True,True,0.3646855652332306,0.024635352659970522,0.003495631550322287,1.0004874388687313,107,7,8,8,False,
hmdb51,val,Highlander_Sword_School_wmv_sword_exercise_f_cm_np2_le_med_4,data/HMDB51_data/videos/sword_exercise/Highlander_Sword_School_wmv_sword_exercise_f_cm_np2_le_med_4.avi,45,8,50,8,35,False,True,0.7264597415924072,0.06294092396274209,0.003495631550322287,0.9736194731667638,328,8,8,8,False,
hmdb51,val,Iaido_13_katas_sword_exercise_f_nm_np1_fr_bad_8,data/HMDB51_data/videos/sword_exercise/Iaido_13_katas_sword_exercise_f_nm_np1_fr_bad_8.avi,45,8,50,8,45,True,True,0.42395398020744324,0.016964346170425415,0.003495631550322287,0.9078173311427236,84,6,8,8,False,
hmdb51,val,samurai_training_sword_exercise_f_cm_np1_fr_med_10,data/HMDB51_data/videos/sword_exercise/samurai_training_sword_exercise_f_cm_np1_fr_med_10.avi,45,8,50,8,45,True,True,0.45405811071395874,0.03178870817646384,0.003495631550322287,0.8863629782572389,178,8,8,8,False,
hmdb51,val,Samurai_Sword_Techniques_-_Samurai_Sword_Slashes_sword_exercise_f_nm_np2_fr_med_3,data/HMDB51_data/videos/sword_exercise/Samurai_Sword_Techniques_-_Samurai_Sword_Slashes_sword_exercise_f_nm_np2_fr_med_3.avi,45,8,50,8,45,True,True,0.3149079382419586,0.016800638753920794,0.003495631550322287,0.8520345641300082,68,5,8,8,False,
hmdb51,val,samurai_training_sword_exercise_f_cm_np1_fr_med_1,data/HMDB51_data/videos/sword_exercise/samurai_training_sword_exercise_f_cm_np1_fr_med_1.avi,45,8,50,8,45,True,True,0.5844542980194092,0.01757690217345953,0.003495631550322287,0.8325219810940325,92,6,8,8,False,
hmdb51,val,Eishin-Ryu_Iaido_sword_exercise_f_cm_np1_fr_bad_11,data/HMDB51_data/videos/sword_exercise/Eishin-Ryu_Iaido_sword_exercise_f_cm_np1_fr_bad_11.avi,45,8,50,8,45,True,True,0.5418869256973267,0.01277254894375801,0.003495631550322287,0.8129605608992279,59,4,8,8,False,
hmdb51,val,samurai_training_sword_exercise_f_cm_np1_fr_med_2,data/HMDB51_data/videos/sword_exercise/samurai_training_sword_exercise_f_cm_np1_fr_med_2.avi,45,8,50,8,45,True,True,0.5976247191429138,0.036115793976932764,0.003495631550322287,0.7989077842794359,199,8,8,8,False,
hmdb51,val,Sword_and_Targe_Solo_Exercises_sword_exercise_f_cm_np1_le_med_0,data/HMDB51_data/videos/sword_exercise/Sword_and_Targe_Solo_Exercises_sword_exercise_f_cm_np1_le_med_0.avi,45,8,50,8,45,True,True,0.48921307921409607,0.02390442229807377,0.003495631550322287,0.7590908170677722,112,7,8,8,False,
hmdb51,val,VERGIL_(DEVIL_MAY_CRY)_swinging_his_sword_sword_exercise_f_cm_np1_fr_med_2,data/HMDB51_data/videos/sword_exercise/VERGIL_(DEVIL_MAY_CRY)_swinging_his_sword_sword_exercise_f_cm_np1_fr_med_2.avi,45,8,50,8,8,False,True,0.3113977313041687,0.018386379815638065,0.003495631550322287,0.7310735839419067,85,6,8,8,False,
hmdb51,val,Kuroda_Sensei_Iai_do_sword_exercise_f_cm_np1_le_bad_3,data/HMDB51_data/videos/sword_exercise/Kuroda_Sensei_Iai_do_sword_exercise_f_cm_np1_le_bad_3.avi,45,8,50,8,45,True,True,0.20697779953479767,0.01546510774642229,0.003495631550322287,0.7080766968429089,46,3,8,8,False,
hmdb51,val,Blade_Of_Fury_-_Scene_1_sword_exercise_f_cm_np1_fr_med_4,data/HMDB51_data/videos/sword_exercise/Blade_Of_Fury_-_Scene_1_sword_exercise_f_cm_np1_fr_med_4.avi,45,8,50,8,19,False,True,0.31761956214904785,0.025237861089408398,0.003495631550322287,0.6883233189582825,115,8,8,8,False,
hmdb51,val,Eishin-Ryu_Iaido_sword_exercise_f_cm_np1_ri_bad_6,data/HMDB51_data/videos/sword_exercise/Eishin-Ryu_Iaido_sword_exercise_f_cm_np1_ri_bad_6.avi,45,8,50,8,45,True,True,0.4724332392215729,0.012373959179967642,0.003495631550322287,0.6596646797843277,58,4,8,8,False,
hmdb51,val,Ghost_Dog_Sword_Swinging_Scene_sword_exercise_u_cm_np1_le_med_1,data/HMDB51_data/videos/sword_exercise/Ghost_Dog_Sword_Swinging_Scene_sword_exercise_u_cm_np1_le_med_1.avi,45,8,50,8,8,False,True,0.45828258991241455,0.01920374808833003,0.003495631550322287,0.6455436963587999,87,6,8,8,False,
hmdb51,val,samurai_training_sword_exercise_f_cm_np1_fr_med_12,data/HMDB51_data/videos/sword_exercise/samurai_training_sword_exercise_f_cm_np1_fr_med_12.avi,45,8,50,8,45,True,True,0.4863509237766266,0.027876103296875954,0.003495631550322287,0.6248203832656145,146,8,8,8,False,
hmdb51,val,prelinger_LetsPlay1949_talk_u_nm_np1_ri_med_2,data/HMDB51_data/videos/talk/prelinger_LetsPlay1949_talk_u_nm_np1_ri_med_2.avi,46,8,50,8,46,True,True,0.5804318785667419,0.027239584363996983,0.003495631550322287,0.5935525503009558,133,8,8,8,False,
hmdb51,val,The_Matrix_Revolutions_5_talk_h_nm_np1_fr_goo_2,data/HMDB51_data/videos/talk/The_Matrix_Revolutions_5_talk_h_nm_np1_fr_goo_2.avi,46,8,50,8,10,False,True,0.3699040114879608,0.04238115483894944,0.003495631550322287,0.5619099349714816,106,7,8,8,False,
hmdb51,val,jonhs_netfreemovies_holygrail_talk_h_cm_np1_ri_med_14,data/HMDB51_data/videos/talk/jonhs_netfreemovies_holygrail_talk_h_cm_np1_ri_med_14.avi,46,8,50,8,4,False,False,0.11137457191944122,0.04108224017545581,0.003495631550322287,0.5168136456049979,187,8,8,8,False,
hmdb51,val,Pirates_1_talk_h_nm_np1_fr_goo_2,data/HMDB51_data/videos/talk/Pirates_1_talk_h_nm_np1_fr_goo_2.avi,46,8,50,8,39,False,True,0.35382363200187683,0.024464550893753767,0.003858309719362296,1.3256170190870762,119,8,8,8,False,
hmdb51,val,American_History_X_talk_u_nm_np1_fr_goo_21,data/HMDB51_data/videos/talk/American_History_X_talk_u_nm_np1_fr_goo_21.avi,46,8,50,8,46,True,True,0.3429839015007019,0.019930669106543064,0.003858309719362296,1.2983026490546763,117,8,8,8,False,
hmdb51,val,The_Fugitive_5_talk_h_nm_np1_fr_goo_10,data/HMDB51_data/videos/talk/The_Fugitive_5_talk_h_nm_np1_fr_goo_10.avi,46,8,50,8,46,True,True,0.17947953939437866,0.01766291679814458,0.003858309719362296,1.276423648931086,67,5,8,8,False,
hmdb51,val,Prelinger_FamilyLi1949_talk_h_nm_np1_fr_goo_12,data/HMDB51_data/videos/talk/Prelinger_FamilyLi1949_talk_h_nm_np1_fr_goo_12.avi,46,8,50,8,46,True,True,0.46102118492126465,0.040454965084791183,0.003858309719362296,1.256934308912605,211,8,8,8,False,
hmdb51,val,prelinger_LetsPlay1949_talk_h_nm_np1_fr_goo_18,data/HMDB51_data/videos/talk/prelinger_LetsPlay1949_talk_h_nm_np1_fr_goo_18.avi,46,8,50,8,46,True,True,0.7364194393157959,0.040476766880601645,0.003858309719362296,1.2120849168859422,160,8,8,8,False,
hmdb51,val,Pirates_7_talk_u_nm_np1_fr_med_5,data/HMDB51_data/videos/talk/Pirates_7_talk_u_nm_np1_fr_med_5.avi,46,8,50,8,10,False,True,0.2369767725467682,0.020658263005316257,0.003858309719362296,1.1680871141143143,102,7,8,8,False,
hmdb51,val,Prelinger_FamilyLi1949_talk_h_nm_np1_fr_goo_11,data/HMDB51_data/videos/talk/Prelinger_FamilyLi1949_talk_h_nm_np1_fr_goo_11.avi,46,8,50,8,46,True,True,0.48477619886398315,0.045645513106137514,0.003858309719362296,1.1439330959692597,262,8,8,8,False,
hmdb51,val,Return_of_the_King_3_talk_h_nm_np1_fr_goo_2,data/HMDB51_data/videos/talk/Return_of_the_King_3_talk_h_nm_np1_fr_goo_2.avi,46,8,50,8,46,True,True,0.43146491050720215,0.02138929907232523,0.003858309719362296,1.0957950572483242,125,8,8,8,False,
hmdb51,val,The_Fugitive_3_talk_u_nm_np1_fr_med_5,data/HMDB51_data/videos/talk/The_Fugitive_3_talk_u_nm_np1_fr_med_5.avi,46,8,50,8,49,False,False,0.18603968620300293,0.03694169968366623,0.003858309719362296,1.0716676348820329,215,8,8,8,False,
hmdb51,val,Prelinger_FamilyLi1949_talk_h_nm_np1_fr_goo_19,data/HMDB51_data/videos/talk/Prelinger_FamilyLi1949_talk_h_nm_np1_fr_goo_19.avi,46,8,50,8,46,True,True,0.6233645677566528,0.019238627050071955,0.003858309719362296,1.0322594861499965,109,7,8,8,False,
hmdb51,val,Prelinger_FamilyLi1949_talk_h_nm_np1_fr_goo_2,data/HMDB51_data/videos/talk/Prelinger_FamilyLi1949_talk_h_nm_np1_fr_goo_2.avi,46,8,50,8,39,False,True,0.4714593291282654,0.019055069889873266,0.003858309719362296,1.0089328889735043,94,6,8,8,False,
hmdb51,val,Return_of_the_King_2_talk_h_cm_np1_fr_goo_6,data/HMDB51_data/videos/talk/Return_of_the_King_2_talk_h_cm_np1_fr_goo_6.avi,46,8,50,8,46,True,True,0.5778675675392151,0.030308755114674568,0.003858309719362296,0.9878709041513503,162,8,8,8,False,
hmdb51,val,Fellowship_2_talk_h_nm_np1_fr_bad_6,data/HMDB51_data/videos/talk/Fellowship_2_talk_h_nm_np1_fr_bad_6.avi,46,8,50,8,46,True,True,0.19269898533821106,0.026631152722984552,0.003858309719362296,0.9550983919762075,168,8,8,8,False,
hmdb51,val,prelinger_LetsPlay1949_talk_h_nm_np1_fr_goo_26,data/HMDB51_data/videos/talk/prelinger_LetsPlay1949_talk_h_nm_np1_fr_goo_26.avi,46,8,50,8,39,False,True,0.36447441577911377,0.04030251782387495,0.003858309719362296,0.9255029670894146,187,8,8,8,False,
hmdb51,val,veoh_harold_and_kumar_talk_u_cm_np1_fr_goo_16,data/HMDB51_data/videos/talk/veoh_harold_and_kumar_talk_u_cm_np1_fr_goo_16.avi,46,8,50,8,46,True,True,0.43465957045555115,0.029179788194596767,0.003858309719362296,0.8822955819778144,121,8,8,8,False,
hmdb51,val,KnifeThrowingJackDaggerDemoReel_throw_u_cm_np1_ba_med_6,data/HMDB51_data/videos/throw/KnifeThrowingJackDaggerDemoReel_throw_u_cm_np1_ba_med_6.avi,47,8,50,8,36,False,True,0.26863396167755127,0.017900402192026377,0.003858309719362296,0.8477433980442584,49,3,8,8,False,
hmdb51,val,Knifethrowing1_throw_u_cm_np1_le_med_0,data/HMDB51_data/videos/throw/Knifethrowing1_throw_u_cm_np1_le_med_0.avi,47,8,50,8,16,False,False,0.15296879410743713,0.013794780243188143,0.003858309719362296,0.827643372118473,37,3,8,8,False,
hmdb51,val,Compilationknifethrowing_throw_u_nm_np1_ba_med_19,data/HMDB51_data/videos/throw/Compilationknifethrowing_throw_u_nm_np1_ba_med_19.avi,47,8,50,8,47,True,True,0.6812819838523865,0.02082323143258691,0.003858309719362296,0.8122201608493924,111,7,8,8,False,
hmdb51,val,Webbpitching0045-8-08_throw_f_cm_np1_ba_med_2,data/HMDB51_data/videos/throw/Webbpitching0045-8-08_throw_f_cm_np1_ba_med_2.avi,47,8,50,8,43,False,True,0.27692848443984985,0.029978449922055006,0.003858309719362296,0.787129967007786,189,8,8,8,False,
hmdb51,val,KnifeThrowing_throw_f_nm_np1_le_med_3,data/HMDB51_data/videos/throw/KnifeThrowing_throw_f_nm_np1_le_med_3.avi,47,8,50,8,49,False,True,0.2429189682006836,0.014243461191654205,0.003858309719362296,0.7544919801875949,80,5,8,8,False,
hmdb51,val,amazingballthrowingtricks_throw_f_cm_np1_ri_med_1,data/HMDB51_data/videos/throw/amazingballthrowingtricks_throw_f_cm_np1_ri_med_1.avi,47,8,50,8,35,False,False,0.20661336183547974,0.017925649881362915,0.003858309719362296,0.7366917603649199,81,5,8,8,False,
hmdb51,val,Compilationknifethrowing_throw_u_nm_np1_ba_med_12,data/HMDB51_data/videos/throw/Compilationknifethrowing_throw_u_nm_np1_ba_med_12.avi,47,8,50,8,47,True,True,0.752520740032196,0.015407816972583532,0.003858309719362296,0.7154588317498565,81,5,8,8,False,
hmdb51,val,APOCALYPTO_throw_f_nm_np1_fr_med_1,data/HMDB51_data/videos/throw/APOCALYPTO_throw_f_nm_np1_fr_med_1.avi,47,8,50,8,48,False,False,0.20574849843978882,0.015330454334616661,0.003858309719362296,0.6964005008339882,55,4,8,8,False,
hmdb51,val,AboutABoy_throw_f_nm_np1_ba_med_2,data/HMDB51_data/videos/throw/AboutABoy_throw_f_nm_np1_ba_med_2.avi,47,8,50,8,49,False,False,0.6110443472862244,0.02403507474809885,0.003858309719362296,0.6788300578482449,80,5,8,8,False,
hmdb51,val,Knifethrowing4knivestogethernospin_throw_f_nm_np1_ri_med_1,data/HMDB51_data/videos/throw/Knifethrowing4knivestogethernospin_throw_f_nm_np1_ri_med_1.avi,47,8,50,8,24,False,True,0.19231659173965454,0.014417900703847408,0.003858309719362296,0.6523969080299139,81,5,8,8,False,
hmdb51,val,KUNG_FU_HUSTLE_throw_u_cm_np1_fr_med_1,data/HMDB51_data/videos/throw/KUNG_FU_HUSTLE_throw_u_cm_np1_fr_med_1.avi,47,8,50,8,49,False,False,0.48466914892196655,0.014676340855658054,0.003858309719362296,0.6366196847520769,48,3,8,8,False,
hmdb51,val,Compilationknifethrowing_throw_u_nm_np1_ba_med_6,data/HMDB51_data/videos/throw/Compilationknifethrowing_throw_u_nm_np1_ba_med_6.avi,47,8,50,8,47,True,True,0.6564803719520569,0.01751171099022031,0.003858309719362296,0.6184162311255932,96,6,8,8,False,
hmdb51,val,amazingballthrowingtricks_throw_u_cm_np1_fr_med_3,data/HMDB51_data/videos/throw/amazingballthrowingtricks_throw_u_cm_np1_fr_med_3.avi,47,8,50,8,17,False,False,0.27406805753707886,0.015964152291417122,0.003858309719362296,0.5979418396018445,80,5,8,8,False,
hmdb51,val,Webbpitching0045-8-08_throw_f_cm_np1_ba_med_7,data/HMDB51_data/videos/throw/Webbpitching0045-8-08_throw_f_cm_np1_ba_med_7.avi,47,8,50,8,43,False,True,0.2085019201040268,0.02528485469520092,0.003858309719362296,0.5799398431554437,132,8,8,8,False,
hmdb51,val,LittleChildren_throw_u_nm_np1_fr_med_8,data/HMDB51_data/videos/throw/LittleChildren_throw_u_nm_np1_fr_med_8.avi,47,8,50,8,10,False,False,0.35118651390075684,0.026472584810107946,0.003858309719362296,0.5512524270452559,79,5,8,8,False,
hmdb51,val,AgentCodyBanks_turn_h_nm_np1_le_med_3,data/HMDB51_data/videos/turn/AgentCodyBanks_turn_h_nm_np1_le_med_3.avi,48,8,50,8,10,False,False,0.2622066140174866,0.01690820325165987,0.003858309719362296,0.5228330809623003,64,4,8,8,False,
hmdb51,val,Veoh_Alpha_Dog_1_turn_u_nm_np1_le_med_19,data/HMDB51_data/videos/turn/Veoh_Alpha_Dog_1_turn_u_nm_np1_le_med_19.avi,48,8,50,8,48,True,True,0.4397527277469635,0.01922278618440032,0.003858309719362296,0.5043601207435131,55,4,8,8,False,
hmdb51,val,LONGESTYARD_turn_u_cm_np1_ba_med_0,data/HMDB51_data/videos/turn/LONGESTYARD_turn_u_cm_np1_ba_med_0.avi,48,8,50,8,3,False,False,0.23655743896961212,0.03041079919785261,0.00347938209597487,1.1759563772939146,50,4,8,8,False,
hmdb51,val,happy_go_lovely_turn_u_nm_np1_fr_med_12,data/HMDB51_data/videos/turn/happy_go_lovely_turn_u_nm_np1_fr_med_12.avi,48,8,50,8,4,False,True,0.21809710562229156,0.013786041177809238,0.00347938209597487,1.1428612768650055,52,4,8,8,False,
hmdb51,val,Veoh_Alpha_Dog_2_turn_h_nm_np1_ba_med_7,data/HMDB51_data/videos/turn/Veoh_Alpha_Dog_2_turn_h_nm_np1_ba_med_7.avi,48,8,50,8,49,False,True,0.3533802926540375,0.015666068997234106,0.00347938209597487,1.1270064292475581,49,3,8,8,False,
hmdb51,val,The_Fugitive_6_turn_u_cm_np1_le_goo_8,data/HMDB51_data/videos/turn/The_Fugitive_6_turn_u_cm_np1_le_goo_8.avi,48,8,50,8,46,False,True,0.23506543040275574,0.020062866155058146,0.00347938209597487,1.1067111138254404,92,6,8,8,False,
hmdb51,val,Pirates_2_turn_h_cm_np1_fr_goo_2,data/HMDB51_data/videos/turn/Pirates_2_turn_h_cm_np1_fr_goo_2.avi,48,8,50,8,48,True,True,0.21450930833816528,0.016444478183984756,0.00347938209597487,1.0833706012926996,36,3,8,8,False,
hmdb51,val,The_Fugitive_2_turn_h_nm_np1_le_goo_3,data/HMDB51_data/videos/turn/The_Fugitive_2_turn_h_nm_np1_le_goo_3.avi,48,8,50,8,46,False,False,0.22697976231575012,0.014580172020941973,0.00347938209597487,1.0646464731544256,55,4,8,8,False,
hmdb51,val,A_Beautiful_Mind_1_turn_u_cm_np1_ri_goo_9,data/HMDB51_data/videos/turn/A_Beautiful_Mind_1_turn_u_cm_np1_ri_goo_9.avi,48,8,50,8,49,False,True,0.46776148676872253,0.018051758874207735,0.00347938209597487,1.0478922161273658,80,5,8,8,False,
hmdb51,val,The_Fugitive_2_turn_u_cm_np1_fr_med_10,data/HMDB51_data/videos/turn/The_Fugitive_2_turn_u_cm_np1_fr_med_10.avi,48,8,50,8,48,True,True,0.4346936345100403,0.01897104922682047,0.00347938209597487,1.0248735519126058,54,4,8,8,False,
hmdb51,val,Sixthsense_turn_f_nm_np1_ba_med_6,data/HMDB51_data/videos/turn/Sixthsense_turn_f_nm_np1_ba_med_6.avi,48,8,50,8,49,False,True,0.8463534712791443,0.023446145933121443,0.00347938209597487,1.0026233713142574,103,7,8,8,False,
hmdb51,val,Oceans12_turn_u_nm_np1_fr_med_14,data/HMDB51_data/videos/turn/Oceans12_turn_u_nm_np1_fr_med_14.avi,48,8,50,8,46,False,True,0.3011617958545685,0.020800608675926924,0.00347938209597487,0.9774495093151927,76,5,8,8,False,
hmdb51,val,AgentCodyBanks_turn_u_nm_np1_ba_med_1,data/HMDB51_data/videos/turn/AgentCodyBanks_turn_u_nm_np1_ba_med_1.avi,48,8,50,8,49,False,True,0.6229380369186401,0.01706482795998454,0.00347938209597487,0.9541535479947925,48,3,8,8,False,
hmdb51,val,OldSchool_turn_f_cm_np1_ba_med_16,data/HMDB51_data/videos/turn/OldSchool_turn_f_cm_np1_ba_med_16.avi,48,8,50,8,10,False,True,0.2618677318096161,0.01630093203857541,0.00347938209597487,0.9348077550530434,48,3,8,8,False,
hmdb51,val,The_Fugitive_4_turn_u_cm_np1_fr_med_3,data/HMDB51_data/videos/turn/The_Fugitive_4_turn_u_cm_np1_fr_med_3.avi,48,8,50,8,48,True,True,0.22366546094417572,0.014367297757416964,0.00347938209597487,0.9172381060197949,41,3,8,8,False,
hmdb51,val,Man_Who_Cheated_Himself_512kb_turn_u_nm_np1_fr_med_9,data/HMDB51_data/videos/turn/Man_Who_Cheated_Himself_512kb_turn_u_nm_np1_fr_med_9.avi,48,8,50,8,49,False,True,0.6917974948883057,0.01642313413321972,0.00347938209597487,0.9005462089553475,76,5,8,8,False,
hmdb51,val,SweeneyTodd_turn_h_cm_np1_fr_goo_36,data/HMDB51_data/videos/turn/SweeneyTodd_turn_h_cm_np1_fr_goo_36.avi,48,8,50,8,46,False,True,0.26516687870025635,0.01581814419478178,0.00347938209597487,0.8827175940386951,48,3,8,8,False,
hmdb51,val,Man_Who_Cheated_Himself_512kb_turn_u_nm_np1_fr_med_10,data/HMDB51_data/videos/turn/Man_Who_Cheated_Himself_512kb_turn_u_nm_np1_fr_med_10.avi,48,8,50,8,46,False,True,0.637951135635376,0.012868132907897234,0.00347938209597487,0.865003268700093,79,5,8,8,False,
hmdb51,val,Oceans13_turn_h_cm_np1_fr_goo_10,data/HMDB51_data/videos/turn/Oceans13_turn_h_cm_np1_fr_goo_10.avi,48,8,50,8,46,False,True,0.34078195691108704,0.023237035144120455,0.00347938209597487,0.8508540936745703,78,5,8,8,False,
hmdb51,val,The_Fugitive_2_turn_u_nm_np1_ba_goo_18,data/HMDB51_data/videos/turn/The_Fugitive_2_turn_u_nm_np1_ba_goo_18.avi,48,8,50,8,48,True,True,0.18273110687732697,0.01886765332892537,0.00347938209597487,0.8252533450722694,55,4,8,8,False,
hmdb51,val,NOVA_ELEGANTUNIVERSE1_walk_f_nm_np1_le_med_3,data/HMDB51_data/videos/walk/NOVA_ELEGANTUNIVERSE1_walk_f_nm_np1_le_med_3.avi,49,8,50,8,49,True,True,0.4697612226009369,0.019722930155694485,0.00347938209597487,0.8044512108899653,109,7,8,8,False,
hmdb51,val,TheLittleShopofHorrors_walk_u_cm_np1_ri_med_1,data/HMDB51_data/videos/walk/TheLittleShopofHorrors_walk_u_cm_np1_ri_med_1.avi,49,8,50,8,49,True,True,0.7524985074996948,0.017422922886908054,0.00347938209597487,0.7826873110607266,53,4,8,8,False,
hmdb51,val,Return_of_the_King_5_walk_f_nm_np1_ba_med_1,data/HMDB51_data/videos/walk/Return_of_the_King_5_walk_f_nm_np1_ba_med_1.avi,49,8,50,8,48,False,True,0.3617953062057495,0.026900265831500292,0.00347938209597487,0.7631682441569865,134,8,8,8,False,
hmdb51,val,TheBoondockSaints_walk_u_cm_np1_ri_med_50,data/HMDB51_data/videos/walk/TheBoondockSaints_walk_u_cm_np1_ri_med_50.avi,49,8,50,8,49,True,True,0.6180248260498047,0.033865747042000294,0.00347938209597487,0.7340260897763073,132,8,8,8,False,
hmdb51,val,TheLittleShopofHorrors_walk_f_nm_np1_ri_med_5,data/HMDB51_data/videos/walk/TheLittleShopofHorrors_walk_f_nm_np1_ri_med_5.avi,49,8,50,8,49,True,True,0.4361148476600647,0.01501009427011013,0.00347938209597487,0.698005358222872,76,5,8,8,False,
hmdb51,val,AgentCodyBanks_walk_f_nm_np1_fr_med_17,data/HMDB51_data/videos/walk/AgentCodyBanks_walk_f_nm_np1_fr_med_17.avi,49,8,50,8,49,True,True,0.30231890082359314,0.023788012098520994,0.00347938209597487,0.6812829119153321,69,5,8,8,False,
hmdb51,val,The_House_on_Haunted_Hill_walk_f_cm_np1_fr_med_18,data/HMDB51_data/videos/walk/The_House_on_Haunted_Hill_walk_f_cm_np1_fr_med_18.avi,49,8,50,8,49,True,True,0.7555949091911316,0.014470282010734081,0.00347938209597487,0.6558056958019733,80,5,8,8,False,
hmdb51,val,The_Departed_-_Part_2_walk_u_cm_np1_fr_bad_5,data/HMDB51_data/videos/walk/The_Departed_-_Part_2_walk_u_cm_np1_fr_bad_5.avi,49,8,50,8,49,True,True,0.5082989931106567,0.023982888087630272,0.00347938209597487,0.639677669852972,107,7,8,8,False,
hmdb51,val,TheBoondockSaints_walk_u_cm_np1_le_med_25,data/HMDB51_data/videos/walk/TheBoondockSaints_walk_u_cm_np1_le_med_25.avi,49,8,50,8,49,True,True,0.8031629323959351,0.01836225437000394,0.00347938209597487,0.6125714397057891,49,3,8,8,False,
hmdb51,val,AmericanGangster_walk_f_nm_np1_ba_med_30,data/HMDB51_data/videos/walk/AmericanGangster_walk_f_nm_np1_ba_med_30.avi,49,8,50,8,49,True,True,0.6386500597000122,0.023398477118462324,0.00347938209597487,0.5923853772692382,79,5,8,8,False,
hmdb51,val,CastAway1_walk_f_nm_np1_fr_med_12,data/HMDB51_data/videos/walk/CastAway1_walk_f_nm_np1_fr_med_12.avi,49,8,50,8,49,True,True,0.3581441342830658,0.026148022152483463,0.00347938209597487,0.566166581120342,134,8,8,8,False,
hmdb51,val,CharlieAndTheChocolateFactory_walk_f_cm_np1_fr_med_14,data/HMDB51_data/videos/walk/CharlieAndTheChocolateFactory_walk_f_cm_np1_fr_med_14.avi,49,8,50,8,49,True,True,0.7187525629997253,0.021086368709802628,0.00347938209597487,0.5374174322932959,83,6,8,8,False,
hmdb51,val,Oceans12_walk_u_cm_np1_fr_med_5,data/HMDB51_data/videos/walk/Oceans12_walk_u_cm_np1_fr_med_5.avi,49,8,50,8,10,False,True,0.1988387405872345,0.015229204203933477,0.00347938209597487,0.5136478962376714,53,4,8,8,False,
hmdb51,val,Narcotic19672256kb_walk_f_cm_np1_ri_med_1,data/HMDB51_data/videos/walk/Narcotic19672256kb_walk_f_cm_np1_ri_med_1.avi,49,8,50,8,49,True,True,0.8329743146896362,0.023211373016238213,0.00347938209597487,0.49684881372377276,135,8,8,8,False,
hmdb51,val,IamLegend_walk_l_nm_np1_ba_med_5,data/HMDB51_data/videos/walk/IamLegend_walk_l_nm_np1_ba_med_5.avi,49,8,50,8,49,True,True,0.6520271301269531,0.0364934578537941,0.004837084295494216,0.9063277360983193,135,8,8,8,False,
hmdb51,val,EverythingisIlluminated_walk_f_nm_np1_le_med_0,data/HMDB51_data/videos/walk/EverythingisIlluminated_walk_f_nm_np1_le_med_0.avi,49,8,50,8,49,True,True,0.19616879522800446,0.021819734014570713,0.004837084295494216,0.8675751886330545,103,7,8,8,False,
hmdb51,val,NOVA_ELEGANTUNIVERSE1_walk_u_nm_np1_fr_bad_1,data/HMDB51_data/videos/walk/NOVA_ELEGANTUNIVERSE1_walk_u_nm_np1_fr_bad_1.avi,49,8,50,8,49,True,True,0.5836616158485413,0.019189790822565556,0.004837084295494216,0.8422135510481894,105,7,8,8,False,
hmdb51,val,Hitch_Part_2_walk_h_cm_np1_fr_med_3,data/HMDB51_data/videos/walk/Hitch_Part_2_walk_h_cm_np1_fr_med_3.avi,49,8,50,8,49,True,True,0.4876067042350769,0.021463837008923292,0.004837084295494216,0.8204902522265911,77,5,8,8,False,
hmdb51,val,Prelinger_LetYours1940_walk_u_cm_np2_ba_med_3,data/HMDB51_data/videos/walk/Prelinger_LetYours1940_walk_u_cm_np2_ba_med_3.avi,49,8,50,8,49,True,True,0.7746123671531677,0.021004859823733568,0.004837084295494216,0.7962546469643712,103,7,8,8,False,
hmdb51,val,HP_PRISONER_OF_AZKABAN_walk_f_cm_np1_ri_med_2,data/HMDB51_data/videos/walk/HP_PRISONER_OF_AZKABAN_walk_f_cm_np1_ri_med_2.avi,49,8,50,8,49,True,True,0.8422330021858215,0.0156864277087152,0.004837084295494216,0.773751889821142,49,3,8,8,False,
hmdb51,val,50_FIRST_DATES_wave_u_cm_np1_fr_goo_30,data/HMDB51_data/videos/wave/50_FIRST_DATES_wave_u_cm_np1_fr_goo_30.avi,50,8,50,8,46,False,False,0.17583753168582916,0.019862451124936342,0.004837084295494216,0.7555767199955881,54,4,8,8,False,
hmdb51,val,TrumanShow_wave_u_nm_np1_fr_med_0,data/HMDB51_data/videos/wave/TrumanShow_wave_u_nm_np1_fr_med_0.avi,50,8,50,8,49,False,False,0.5577044486999512,0.02230012696236372,0.004837084295494216,0.7334184381179512,73,5,8,8,False,
hmdb51,val,Song_I_Can_Wave_My_Hands_-_Cullen_s_Abc_s_wave_u_cm_np1_fr_med_1,data/HMDB51_data/videos/wave/Song_I_Can_Wave_My_Hands_-_Cullen_s_Abc_s_wave_u_cm_np1_fr_med_1.avi,50,8,50,8,4,False,True,0.8094475269317627,0.015872613061219454,0.004837084295494216,0.7083566612564027,80,5,8,8,False,
hmdb51,val,Bubble_Gum_Club_2_wave_h_nm_np2_fr_med_0,data/HMDB51_data/videos/wave/Bubble_Gum_Club_2_wave_h_nm_np2_fr_med_0.avi,50,8,50,8,3,False,False,0.4801488220691681,0.01547825988382101,0.004837084295494216,0.6907387678511441,79,5,8,8,False,
hmdb51,val,Abschieds-winken_!!!!!!_Gruss_Guido_wave_u_cm_np1_fr_bad_1,data/HMDB51_data/videos/wave/Abschieds-winken_!!!!!!_Gruss_Guido_wave_u_cm_np1_fr_bad_1.avi,50,8,50,8,4,False,True,0.1976395547389984,0.03445808403193951,0.004837084295494216,0.6725551257841289,111,7,8,8,False,
hmdb51,val,L_cheln_Und_Winken_wave_h_cm_np1_fr_med_1,data/HMDB51_data/videos/wave/L_cheln_Und_Winken_wave_h_cm_np1_fr_med_1.avi,50,8,50,8,39,False,False,0.3160451054573059,0.015417400281876326,0.004837084295494216,0.6360777737572789,51,4,8,8,False,
hmdb51,val,RATRACE_wave_f_nm_np1_fr_goo_37,data/HMDB51_data/videos/wave/RATRACE_wave_f_nm_np1_fr_goo_37.avi,50,8,50,8,46,False,True,0.36537936329841614,0.022009324748069048,0.004837084295494216,0.618371827993542,73,5,8,8,False,
hmdb51,val,RATRACE_wave_u_cm_np1_fr_med_6,data/HMDB51_data/videos/wave/RATRACE_wave_u_cm_np1_fr_med_6.avi,50,8,50,8,49,False,True,0.44732439517974854,0.018260052893310785,0.004837084295494216,0.5916619230993092,50,4,8,8,False,
hmdb51,val,prelinger_LetsBeGo1953_wave_u_cm_np10_ba_med_2,data/HMDB51_data/videos/wave/prelinger_LetsBeGo1953_wave_u_cm_np10_ba_med_2.avi,50,8,50,8,49,False,True,0.4376371204853058,0.019494952633976936,0.004837084295494216,0.5708825588226318,106,7,8,8,False,
hmdb51,val,OldSchool_wave_f_cm_np1_fr_med_13,data/HMDB51_data/videos/wave/OldSchool_wave_f_cm_np1_fr_med_13.avi,50,8,50,8,49,False,False,0.8848792314529419,0.012001711875200272,0.004837084295494216,0.5494295880198479,49,3,8,8,False,
hmdb51,val,Bush_Wave_vs__Obama_Wave_and_Which_Commander-in-chief_Salutes_the_Best__You_Decide_wave_u_cm_np1_fr_med_2,data/HMDB51_data/videos/wave/Bush_Wave_vs__Obama_Wave_and_Which_Commander-in-chief_Salutes_the_Best__You_Decide_wave_u_cm_np1_fr_med_2.avi,50,8,50,8,33,False,True,0.18887543678283691,0.019596213940531015,0.004837084295494216,0.5352409007027745,99,7,8,8,False,
hmdb51,val,BIG_FISH_wave_u_nm_np1_fr_goo_9,data/HMDB51_data/videos/wave/BIG_FISH_wave_u_nm_np1_fr_goo_9.avi,50,8,50,8,48,False,True,0.35783717036247253,0.016770146787166595,0.004837084295494216,0.5132455788552761,57,4,8,8,False,
hmdb51,val,EVOLUTION_wave_u_cm_np1_fr_med_4,data/HMDB51_data/videos/wave/EVOLUTION_wave_u_cm_np1_fr_med_4.avi,50,8,50,8,49,False,True,0.21913251280784607,0.03051406005397439,0.004837084295494216,0.4943437078036368,83,6,8,8,False,
hmdb51,val,Poldi_beim_Spiel_Deutschland_Schweden_16_8_wave_u_cm_np1_ri_med_0,data/HMDB51_data/videos/wave/Poldi_beim_Spiel_Deutschland_Schweden_16_8_wave_u_cm_np1_ri_med_0.avi,50,8,50,8,21,False,False,0.2899491786956787,0.018419362138956785,0.004837084295494216,0.4597856062464416,80,5,8,8,False,
hmdb51,val,Bush_Wave_vs__Obama_Wave_and_Which_Commander-in-chief_Salutes_the_Best__You_Decide_wave_u_cm_np1_fr_med_0,data/HMDB51_data/videos/wave/Bush_Wave_vs__Obama_Wave_and_Which_Commander-in-chief_Salutes_the_Best__You_Decide_wave_u_cm_np1_fr_med_0.avi,50,8,50,8,33,False,True,0.14669981598854065,0.032322460785508156,0.004837084295494216,0.4370466279797256,206,8,8,8,False,
