resolution,top1,n,model,dataset,native_res
96,0.7673267326732673,2020,videomamba,ucf101,224
112,0.7871287128712872,2020,videomamba,ucf101,224
160,0.8257425742574257,2020,videomamba,ucf101,224
224,0.8346534653465346,2020,videomamba,ucf101,224
336,0.8376237623762376,2020,videomamba,ucf101,224
