video_id,label_id,source_frames,distinct_frames,model_input_frames,k,config,correct_top1,confidence,model,dataset
vp15_run1_2018-05-30-13-05-35_10394_10415,0,21,1,8,1,k1,True,0.33525416254997253,videomamba,driveact
vp14_run1_2018-05-30-10-11-09_6012_6033,0,21,1,8,1,k1,False,0.6915403008460999,videomamba,driveact
vp14_run1_2018-05-30-10-11-09_5966_6012,0,47,1,8,1,k1,False,0.4172965884208679,videomamba,driveact
vp14_run2_2018-05-30-10-42-33_3887_3915,0,29,1,8,1,k1,False,0.4192834794521332,videomamba,driveact
vp14_run2_2018-05-30-10-42-33_3842_3887,0,45,1,8,1,k1,False,0.44477006793022156,videomamba,driveact
vp15_run1_2018-05-30-13-05-35_10300_10347,0,46,1,8,1,k1,False,0.45107772946357727,videomamba,driveact
vp15_run2_2018-05-30-13-34-33_5786_5802,0,17,1,8,1,k1,False,0.4423620104789734,videomamba,driveact
vp14_run2_2018-05-30-10-42-33_16271_16309,0,38,1,8,1,k1,False,0.5149133801460266,videomamba,driveact
vp15_run2_2018-05-30-13-34-33_6488_6516,0,29,1,8,1,k1,False,0.2597271800041199,videomamba,driveact
vp15_run1_2018-05-30-13-05-35_10347_10394,0,47,1,8,1,k1,False,0.43733707070350647,videomamba,driveact
vp14_run1_2018-05-30-10-11-09_12052_12093,0,40,1,8,1,k1,False,0.2920379638671875,videomamba,driveact
vp14_run2_2018-05-30-10-42-33_20272_20317,0,44,1,8,1,k1,False,0.8288870453834534,videomamba,driveact
vp15_run1_2018-05-30-13-05-35_5045_5090,0,45,1,8,1,k1,False,0.7871479988098145,videomamba,driveact
vp14_run1_2018-05-30-10-11-09_104_124,1,20,1,8,1,k1,False,0.2731890380382538,videomamba,driveact
vp15_run2_2018-05-30-13-34-33_169_183,1,13,1,8,1,k1,True,0.2840690612792969,videomamba,driveact
vp15_run1_2018-05-30-13-05-35_144_160,1,17,1,8,1,k1,False,0.3238406777381897,videomamba,driveact
vp14_run2_2018-05-30-10-42-33_114_128,1,14,1,8,1,k1,True,0.32036811113357544,videomamba,driveact
vp14_run1_2018-05-30-10-11-09_24557_24581,2,24,1,8,1,k1,False,0.2955050766468048,videomamba,driveact
vp15_run1_2018-05-30-13-05-35_18818_18841,2,23,1,8,1,k1,False,0.4856746792793274,videomamba,driveact
vp15_run2_2018-05-30-13-34-33_19707_19726,2,20,1,8,1,k1,True,0.24768872559070587,videomamba,driveact
vp14_run2_2018-05-30-10-42-33_22339_22349,2,10,1,8,1,k1,False,0.35690760612487793,videomamba,driveact
vp14_run1_2018-05-30-10-11-09_23166_23211,3,45,1,8,1,k1,False,0.7051388025283813,videomamba,driveact
vp14_run2_2018-05-30-10-42-33_13691_13733,3,42,1,8,1,k1,False,0.4634806215763092,videomamba,driveact
vp15_run1_2018-05-30-13-05-35_6441_6476,3,35,1,8,1,k1,False,0.8269729018211365,videomamba,driveact
vp14_run1_2018-05-30-10-11-09_23211_23244,3,33,1,8,1,k1,False,0.5079749226570129,videomamba,driveact
vp14_run1_2018-05-30-10-11-09_23119_23166,3,46,1,8,1,k1,False,0.6183528304100037,videomamba,driveact
vp15_run1_2018-05-30-13-05-35_6768_6800,3,32,1,8,1,k1,False,0.5106571316719055,videomamba,driveact
vp15_run2_2018-05-30-13-34-33_7678_7702,3,23,1,8,1,k1,False,0.8854959607124329,videomamba,driveact
vp14_run2_2018-05-30-10-42-33_20205_20251,4,47,1,8,1,k1,False,0.9727349281311035,videomamba,driveact
vp14_run2_2018-05-30-10-42-33_20115_20160,4,45,1,8,1,k1,False,0.8197149634361267,videomamba,driveact
vp14_run2_2018-05-30-10-42-33_3770_3816,4,47,1,8,1,k1,False,0.6629080176353455,videomamba,driveact
vp14_run2_2018-05-30-10-42-33_16194_16240,4,47,1,8,1,k1,False,0.2305515557527542,videomamba,driveact
vp15_run2_2018-05-30-13-34-33_6443_6488,4,45,1,8,1,k1,False,0.13132169842720032,videomamba,driveact
vp14_run1_2018-05-30-10-11-09_5918_5963,4,45,1,8,1,k1,False,0.4588886797428131,videomamba,driveact
vp15_run1_2018-05-30-13-05-35_4994_5040,4,47,1,8,1,k1,False,0.7106640338897705,videomamba,driveact
vp15_run1_2018-05-30-13-05-35_10269_10300,4,32,1,8,1,k1,False,0.9817370176315308,videomamba,driveact
vp15_run1_2018-05-30-13-05-35_4554_4563,4,9,1,8,1,k1,False,0.7783594727516174,videomamba,driveact
vp14_run2_2018-05-30-10-42-33_3816_3842,4,26,1,8,1,k1,False,0.9579145312309265,videomamba,driveact
vp15_run1_2018-05-30-13-05-35_10223_10269,4,47,1,8,1,k1,False,0.32207682728767395,videomamba,driveact
vp15_run2_2018-05-30-13-34-33_5728_5773,4,44,1,8,1,k1,False,0.43545374274253845,videomamba,driveact
vp14_run1_2018-05-30-10-11-09_5873_5918,4,45,1,8,1,k1,False,0.5746956467628479,videomamba,driveact
vp14_run2_2018-05-30-10-42-33_20160_20205,4,45,1,8,1,k1,False,0.9155641198158264,videomamba,driveact
vp14_run1_2018-05-30-10-11-09_12044_12052,4,8,1,8,1,k1,False,0.4827377498149872,videomamba,driveact
vp15_run2_2018-05-30-13-34-33_5773_5786,4,13,1,8,1,k1,False,0.4366424083709717,videomamba,driveact
vp14_run2_2018-05-30-10-42-33_16240_16271,4,31,1,8,1,k1,False,0.9811152219772339,videomamba,driveact
vp14_run2_2018-05-30-10-42-33_20251_20272,4,20,1,8,1,k1,False,0.8557903170585632,videomamba,driveact
vp15_run1_2018-05-30-13-05-35_4508_4554,4,47,1,8,1,k1,False,0.5497042536735535,videomamba,driveact
vp14_run1_2018-05-30-10-11-09_11998_12044,4,46,1,8,1,k1,False,0.564987301826477,videomamba,driveact
vp14_run2_2018-05-30-10-42-33_17604_17649,5,45,1,8,1,k1,True,0.9343421459197998,videomamba,driveact
vp15_run2_2018-05-30-13-34-33_5597_5627,5,30,1,8,1,k1,False,0.7896804213523865,videomamba,driveact
vp14_run1_2018-05-30-10-11-09_20057_20102,5,45,1,8,1,k1,False,0.9658158421516418,videomamba,driveact
vp14_run1_2018-05-30-10-11-09_17724_17771,5,47,1,8,1,k1,False,0.986737072467804,videomamba,driveact
vp14_run1_2018-05-30-10-11-09_17453_17498,5,45,1,8,1,k1,True,0.5963038802146912,videomamba,driveact
vp14_run1_2018-05-30-10-11-09_20467_20513,5,46,1,8,1,k1,False,0.9553846716880798,videomamba,driveact
vp14_run2_2018-05-30-10-42-33_15688_15699,5,10,1,8,1,k1,True,0.9717209935188293,videomamba,driveact
vp14_run1_2018-05-30-10-11-09_17863_17908,5,44,1,8,1,k1,False,0.6978094577789307,videomamba,driveact
vp14_run1_2018-05-30-10-11-09_20513_20558,5,45,1,8,1,k1,False,0.9039337038993835,videomamba,driveact
vp14_run1_2018-05-30-10-11-09_18091_18136,5,44,1,8,1,k1,False,0.5387943983078003,videomamba,driveact
vp14_run2_2018-05-30-10-42-33_17831_17876,5,45,1,8,1,k1,True,0.9798988103866577,videomamba,driveact
vp14_run2_2018-05-30-10-42-33_15551_15597,5,47,1,8,1,k1,True,0.979762613773346,videomamba,driveact
vp14_run2_2018-05-30-10-42-33_18689_18734,5,45,1,8,1,k1,True,0.48895809054374695,videomamba,driveact
vp14_run2_2018-05-30-10-42-33_17649_17694,5,45,1,8,1,k1,True,0.9786145687103271,videomamba,driveact
vp14_run1_2018-05-30-10-11-09_19691_19738,5,47,1,8,1,k1,True,0.9109374284744263,videomamba,driveact
vp14_run2_2018-05-30-10-42-33_17694_17739,5,45,1,8,1,k1,True,0.9772734045982361,videomamba,driveact
vp14_run2_2018-05-30-10-42-33_17512_17558,5,46,1,8,1,k1,True,0.9226747155189514,videomamba,driveact
vp14_run1_2018-05-30-10-11-09_20240_20285,5,45,1,8,1,k1,False,0.9202384948730469,videomamba,driveact
vp14_run2_2018-05-30-10-42-33_15415_15461,5,46,1,8,1,k1,False,0.13187836110591888,videomamba,driveact
vp14_run1_2018-05-30-10-11-09_17771_17817,5,47,1,8,1,k1,True,0.9278867244720459,videomamba,driveact
vp15_run2_2018-05-30-13-34-33_120_166,6,47,1,8,1,k1,False,0.6093955039978027,videomamba,driveact
vp14_run2_2018-05-30-10-42-33_74_114,6,41,1,8,1,k1,False,0.2589436173439026,videomamba,driveact
vp15_run1_2018-05-30-13-05-35_87_132,6,45,1,8,1,k1,True,0.2095431387424469,videomamba,driveact
vp14_run1_2018-05-30-10-11-09_82_104,6,22,1,8,1,k1,True,0.32321086525917053,videomamba,driveact
vp15_run1_2018-05-30-13-05-35_132_144,6,12,1,8,1,k1,False,0.13552524149417877,videomamba,driveact
vp15_run1_2018-05-30-13-05-35_18755_18801,7,47,1,8,1,k1,False,0.1711670458316803,videomamba,driveact
vp15_run2_2018-05-30-13-34-33_19680_19702,7,23,1,8,1,k1,True,0.4277988374233246,videomamba,driveact
vp14_run2_2018-05-30-10-42-33_22295_22339,7,44,1,8,1,k1,False,0.9755921959877014,videomamba,driveact
vp14_run1_2018-05-30-10-11-09_24520_24557,7,37,1,8,1,k1,True,0.18781714141368866,videomamba,driveact
vp15_run1_2018-05-30-13-05-35_18801_18818,7,17,1,8,1,k1,True,0.27777260541915894,videomamba,driveact
vp15_run2_2018-05-30-13-34-33_19635_19680,7,45,1,8,1,k1,False,0.29335683584213257,videomamba,driveact
vp14_run1_2018-05-30-10-11-09_24474_24520,7,47,1,8,1,k1,False,0.7276225090026855,videomamba,driveact
vp14_run1_2018-05-30-10-11-09_12362_12407,8,45,1,8,1,k1,False,0.6795540452003479,videomamba,driveact
vp14_run1_2018-05-30-10-11-09_124_170,8,46,1,8,1,k1,False,0.8207533359527588,videomamba,driveact
vp14_run1_2018-05-30-10-11-09_13161_13207,8,47,1,8,1,k1,False,0.6600742936134338,videomamba,driveact
vp14_run2_2018-05-30-10-42-33_142_188,8,46,1,8,1,k1,False,0.992043673992157,videomamba,driveact
vp14_run1_2018-05-30-10-11-09_12407_12452,8,45,1,8,1,k1,False,0.32012370228767395,videomamba,driveact
vp14_run1_2018-05-30-10-11-09_170_215,8,45,1,8,1,k1,False,0.3152869939804077,videomamba,driveact
vp14_run2_2018-05-30-10-42-33_188_234,8,47,1,8,1,k1,False,0.9804955124855042,videomamba,driveact
vp15_run1_2018-05-30-13-05-35_256_301,8,44,1,8,1,k1,True,0.2894231379032135,videomamba,driveact
vp14_run1_2018-05-30-10-11-09_215_248,8,33,1,8,1,k1,False,0.9822362661361694,videomamba,driveact
vp15_run1_2018-05-30-13-05-35_301_346,8,44,1,8,1,k1,True,0.8572644591331482,videomamba,driveact
vp15_run1_2018-05-30-13-05-35_346_354,8,7,1,8,1,k1,False,0.3996756970882416,videomamba,driveact
vp15_run2_2018-05-30-13-34-33_242_288,8,47,1,8,1,k1,True,0.682536780834198,videomamba,driveact
vp15_run2_2018-05-30-13-34-33_197_242,8,45,1,8,1,k1,False,0.5610226392745972,videomamba,driveact
vp15_run1_2018-05-30-13-05-35_15668_15713,9,45,1,8,1,k1,False,0.5610713958740234,videomamba,driveact
vp14_run2_2018-05-30-10-42-33_15699_15745,9,47,1,8,1,k1,False,0.68217533826828,videomamba,driveact
vp14_run1_2018-05-30-10-11-09_11904_11942,9,38,1,8,1,k1,False,0.990702748298645,videomamba,driveact
vp14_run1_2018-05-30-10-11-09_22306_22351,9,44,1,8,1,k1,False,0.7946624159812927,videomamba,driveact
vp14_run1_2018-05-30-10-11-09_10272_10292,9,20,1,8,1,k1,False,0.5761332511901855,videomamba,driveact
vp14_run1_2018-05-30-10-11-09_21666_21711,9,45,1,8,1,k1,False,0.7758349180221558,videomamba,driveact
vp15_run2_2018-05-30-13-34-33_6781_6800,9,19,1,8,1,k1,False,0.8017602562904358,videomamba,driveact
vp15_run1_2018-05-30-13-05-35_6374_6385,9,11,1,8,1,k1,False,0.4630710482597351,videomamba,driveact
vp15_run1_2018-05-30-13-05-35_4575_4609,9,35,1,8,1,k1,False,0.26357409358024597,videomamba,driveact
vp15_run1_2018-05-30-13-05-35_7194_7239,9,45,1,8,1,k1,False,0.9950602650642395,videomamba,driveact
vp14_run2_2018-05-30-10-42-33_12363_12379,9,17,1,8,1,k1,False,0.3722662031650543,videomamba,driveact
vp14_run2_2018-05-30-10-42-33_12226_12270,9,43,1,8,1,k1,False,0.9953005313873291,videomamba,driveact
vp14_run2_2018-05-30-10-42-33_8133_8178,9,45,1,8,1,k1,False,0.9926418662071228,videomamba,driveact
vp14_run1_2018-05-30-10-11-09_21527_21573,9,47,1,8,1,k1,False,0.9963021278381348,videomamba,driveact
vp14_run2_2018-05-30-10-42-33_21057_21103,9,47,1,8,1,k1,False,0.9965649247169495,videomamba,driveact
vp14_run2_2018-05-30-10-42-33_20000_20030,9,30,1,8,1,k1,False,0.9954636693000793,videomamba,driveact
vp14_run1_2018-05-30-10-11-09_6973_7018,9,44,1,8,1,k1,True,0.5872901678085327,videomamba,driveact
vp15_run2_2018-05-30-13-34-33_7002_7047,9,45,1,8,1,k1,False,0.3821142017841339,videomamba,driveact
vp14_run1_2018-05-30-10-11-09_5633_5678,9,45,1,8,1,k1,False,0.22000694274902344,videomamba,driveact
vp14_run1_2018-05-30-10-11-09_7107_7131,9,24,1,8,1,k1,False,0.43649253249168396,videomamba,driveact
vp14_run1_2018-05-30-10-11-09_22953_23000,10,47,1,8,1,k1,True,0.969989538192749,videomamba,driveact
vp14_run2_2018-05-30-10-42-33_21239_21283,10,44,1,8,1,k1,True,0.4477898180484772,videomamba,driveact
vp14_run1_2018-05-30-10-11-09_22545_22590,10,45,1,8,1,k1,True,0.973031759262085,videomamba,driveact
vp15_run1_2018-05-30-13-05-35_6752_6768,10,17,1,8,1,k1,False,0.7520867586135864,videomamba,driveact
vp14_run2_2018-05-30-10-42-33_21374_21420,10,47,1,8,1,k1,True,0.9510195851325989,videomamba,driveact
vp14_run2_2018-05-30-10-42-33_13102_13147,10,44,1,8,1,k1,True,0.9666133522987366,videomamba,driveact
vp14_run2_2018-05-30-10-42-33_21148_21193,10,44,1,8,1,k1,True,0.9012601971626282,videomamba,driveact
vp14_run1_2018-05-30-10-11-09_12714_12743,10,29,1,8,1,k1,False,0.5699576735496521,videomamba,driveact
vp14_run2_2018-05-30-10-42-33_8273_8318,10,45,1,8,1,k1,True,0.9577434062957764,videomamba,driveact
vp15_run2_2018-05-30-13-34-33_7067_7112,10,45,1,8,1,k1,True,0.9166208505630493,videomamba,driveact
vp15_run2_2018-05-30-13-34-33_7350_7395,10,45,1,8,1,k1,True,0.725525975227356,videomamba,driveact
vp14_run2_2018-05-30-10-42-33_13193_13238,10,45,1,8,1,k1,True,0.9848795533180237,videomamba,driveact
vp14_run2_2018-05-30-10-42-33_13374_13420,10,47,1,8,1,k1,True,0.9706010818481445,videomamba,driveact
vp14_run1_2018-05-30-10-11-09_22818_22862,10,44,1,8,1,k1,True,0.9030704498291016,videomamba,driveact
vp14_run2_2018-05-30-10-42-33_13465_13510,10,44,1,8,1,k1,True,0.9806889295578003,videomamba,driveact
vp15_run1_2018-05-30-13-05-35_10394_10415,0,21,2,8,2,k2,True,0.2594756782054901,videomamba,driveact
vp14_run1_2018-05-30-10-11-09_6012_6033,0,21,2,8,2,k2,False,0.7252819538116455,videomamba,driveact
vp14_run1_2018-05-30-10-11-09_5966_6012,0,47,2,8,2,k2,False,0.479110449552536,videomamba,driveact
vp14_run2_2018-05-30-10-42-33_3887_3915,0,29,2,8,2,k2,False,0.6284224987030029,videomamba,driveact
vp14_run2_2018-05-30-10-42-33_3842_3887,0,45,2,8,2,k2,False,0.5741785764694214,videomamba,driveact
vp15_run1_2018-05-30-13-05-35_10300_10347,0,46,2,8,2,k2,False,0.36903634667396545,videomamba,driveact
vp15_run2_2018-05-30-13-34-33_5786_5802,0,17,2,8,2,k2,False,0.4417503774166107,videomamba,driveact
vp14_run2_2018-05-30-10-42-33_16271_16309,0,38,2,8,2,k2,False,0.6304014921188354,videomamba,driveact
vp15_run2_2018-05-30-13-34-33_6488_6516,0,29,2,8,2,k2,False,0.396939754486084,videomamba,driveact
vp15_run1_2018-05-30-13-05-35_10347_10394,0,47,2,8,2,k2,False,0.4629821181297302,videomamba,driveact
vp14_run1_2018-05-30-10-11-09_12052_12093,0,40,2,8,2,k2,False,0.8618572354316711,videomamba,driveact
vp14_run2_2018-05-30-10-42-33_20272_20317,0,44,2,8,2,k2,False,0.5166937708854675,videomamba,driveact
vp15_run1_2018-05-30-13-05-35_5045_5090,0,45,2,8,2,k2,False,0.7181181311607361,videomamba,driveact
vp14_run1_2018-05-30-10-11-09_104_124,1,20,2,8,2,k2,False,0.4335341453552246,videomamba,driveact
vp15_run2_2018-05-30-13-34-33_169_183,1,13,2,8,2,k2,False,0.6368845105171204,videomamba,driveact
vp15_run1_2018-05-30-13-05-35_144_160,1,17,2,8,2,k2,True,0.3161123991012573,videomamba,driveact
vp14_run2_2018-05-30-10-42-33_114_128,1,14,2,8,2,k2,False,0.2383986860513687,videomamba,driveact
vp14_run1_2018-05-30-10-11-09_24557_24581,2,24,2,8,2,k2,False,0.31541281938552856,videomamba,driveact
vp15_run1_2018-05-30-13-05-35_18818_18841,2,23,2,8,2,k2,False,0.3766450583934784,videomamba,driveact
vp15_run2_2018-05-30-13-34-33_19707_19726,2,20,2,8,2,k2,True,0.2858235836029053,videomamba,driveact
vp14_run2_2018-05-30-10-42-33_22339_22349,2,10,2,8,2,k2,False,0.278722882270813,videomamba,driveact
vp14_run1_2018-05-30-10-11-09_23166_23211,3,45,2,8,2,k2,False,0.6002111434936523,videomamba,driveact
vp14_run2_2018-05-30-10-42-33_13691_13733,3,42,2,8,2,k2,False,0.6124196648597717,videomamba,driveact
vp15_run1_2018-05-30-13-05-35_6441_6476,3,35,2,8,2,k2,False,0.7973688840866089,videomamba,driveact
vp14_run1_2018-05-30-10-11-09_23211_23244,3,33,2,8,2,k2,False,0.42163360118865967,videomamba,driveact
vp14_run1_2018-05-30-10-11-09_23119_23166,3,46,2,8,2,k2,False,0.3504847288131714,videomamba,driveact
vp15_run1_2018-05-30-13-05-35_6768_6800,3,32,2,8,2,k2,False,0.43169471621513367,videomamba,driveact
vp15_run2_2018-05-30-13-34-33_7678_7702,3,23,2,8,2,k2,False,0.43366488814353943,videomamba,driveact
vp14_run2_2018-05-30-10-42-33_20205_20251,4,47,2,8,2,k2,False,0.9140744209289551,videomamba,driveact
vp14_run2_2018-05-30-10-42-33_20115_20160,4,45,2,8,2,k2,False,0.8153443932533264,videomamba,driveact
vp14_run2_2018-05-30-10-42-33_3770_3816,4,47,2,8,2,k2,False,0.9672259092330933,videomamba,driveact
vp14_run2_2018-05-30-10-42-33_16194_16240,4,47,2,8,2,k2,False,0.9597861766815186,videomamba,driveact
vp15_run2_2018-05-30-13-34-33_6443_6488,4,45,2,8,2,k2,False,0.2446502298116684,videomamba,driveact
vp14_run1_2018-05-30-10-11-09_5918_5963,4,45,2,8,2,k2,False,0.3250873386859894,videomamba,driveact
vp15_run1_2018-05-30-13-05-35_4994_5040,4,47,2,8,2,k2,False,0.5523583889007568,videomamba,driveact
vp15_run1_2018-05-30-13-05-35_10269_10300,4,32,2,8,2,k2,False,0.8553335666656494,videomamba,driveact
vp15_run1_2018-05-30-13-05-35_4554_4563,4,9,2,8,2,k2,False,0.4752849340438843,videomamba,driveact
vp14_run2_2018-05-30-10-42-33_3816_3842,4,26,2,8,2,k2,False,0.9673123359680176,videomamba,driveact
vp15_run1_2018-05-30-13-05-35_10223_10269,4,47,2,8,2,k2,False,0.269863486289978,videomamba,driveact
vp15_run2_2018-05-30-13-34-33_5728_5773,4,44,2,8,2,k2,False,0.42891183495521545,videomamba,driveact
vp14_run1_2018-05-30-10-11-09_5873_5918,4,45,2,8,2,k2,False,0.9003646373748779,videomamba,driveact
vp14_run2_2018-05-30-10-42-33_20160_20205,4,45,2,8,2,k2,False,0.95155930519104,videomamba,driveact
vp14_run1_2018-05-30-10-11-09_12044_12052,4,8,2,8,2,k2,False,0.6040411591529846,videomamba,driveact
vp15_run2_2018-05-30-13-34-33_5773_5786,4,13,2,8,2,k2,False,0.9352755546569824,videomamba,driveact
vp14_run2_2018-05-30-10-42-33_16240_16271,4,31,2,8,2,k2,False,0.9619790315628052,videomamba,driveact
vp14_run2_2018-05-30-10-42-33_20251_20272,4,20,2,8,2,k2,False,0.890688419342041,videomamba,driveact
vp15_run1_2018-05-30-13-05-35_4508_4554,4,47,2,8,2,k2,False,0.7003870010375977,videomamba,driveact
vp14_run1_2018-05-30-10-11-09_11998_12044,4,46,2,8,2,k2,False,0.6818597316741943,videomamba,driveact
vp14_run2_2018-05-30-10-42-33_17604_17649,5,45,2,8,2,k2,True,0.9595009684562683,videomamba,driveact
vp15_run2_2018-05-30-13-34-33_5597_5627,5,30,2,8,2,k2,False,0.24381664395332336,videomamba,driveact
vp14_run1_2018-05-30-10-11-09_20057_20102,5,45,2,8,2,k2,True,0.9492337107658386,videomamba,driveact
vp14_run1_2018-05-30-10-11-09_17724_17771,5,47,2,8,2,k2,False,0.5390963554382324,videomamba,driveact
vp14_run1_2018-05-30-10-11-09_17453_17498,5,45,2,8,2,k2,True,0.9864283204078674,videomamba,driveact
vp14_run1_2018-05-30-10-11-09_20467_20513,5,46,2,8,2,k2,True,0.4798642098903656,videomamba,driveact
vp14_run2_2018-05-30-10-42-33_15688_15699,5,10,2,8,2,k2,True,0.9796398282051086,videomamba,driveact
vp14_run1_2018-05-30-10-11-09_17863_17908,5,44,2,8,2,k2,True,0.9595227241516113,videomamba,driveact
vp14_run1_2018-05-30-10-11-09_20513_20558,5,45,2,8,2,k2,False,0.8777581453323364,videomamba,driveact
vp14_run1_2018-05-30-10-11-09_18091_18136,5,44,2,8,2,k2,False,0.5321136116981506,videomamba,driveact
vp14_run2_2018-05-30-10-42-33_17831_17876,5,45,2,8,2,k2,True,0.9511343240737915,videomamba,driveact
vp14_run2_2018-05-30-10-42-33_15551_15597,5,47,2,8,2,k2,True,0.9778355956077576,videomamba,driveact
vp14_run2_2018-05-30-10-42-33_18689_18734,5,45,2,8,2,k2,False,0.9117600321769714,videomamba,driveact
vp14_run2_2018-05-30-10-42-33_17649_17694,5,45,2,8,2,k2,True,0.979197084903717,videomamba,driveact
vp14_run1_2018-05-30-10-11-09_19691_19738,5,47,2,8,2,k2,True,0.9598351716995239,videomamba,driveact
vp14_run2_2018-05-30-10-42-33_17694_17739,5,45,2,8,2,k2,True,0.9822555780410767,videomamba,driveact
vp14_run2_2018-05-30-10-42-33_17512_17558,5,46,2,8,2,k2,True,0.9533179402351379,videomamba,driveact
vp14_run1_2018-05-30-10-11-09_20240_20285,5,45,2,8,2,k2,False,0.9569936394691467,videomamba,driveact
vp14_run2_2018-05-30-10-42-33_15415_15461,5,46,2,8,2,k2,True,0.2578725218772888,videomamba,driveact
vp14_run1_2018-05-30-10-11-09_17771_17817,5,47,2,8,2,k2,True,0.9303038120269775,videomamba,driveact
vp15_run2_2018-05-30-13-34-33_120_166,6,47,2,8,2,k2,True,0.2928961217403412,videomamba,driveact
vp14_run2_2018-05-30-10-42-33_74_114,6,41,2,8,2,k2,True,0.3287915289402008,videomamba,driveact
vp15_run1_2018-05-30-13-05-35_87_132,6,45,2,8,2,k2,True,0.2724337577819824,videomamba,driveact
vp14_run1_2018-05-30-10-11-09_82_104,6,22,2,8,2,k2,True,0.3188317120075226,videomamba,driveact
vp15_run1_2018-05-30-13-05-35_132_144,6,12,2,8,2,k2,False,0.16408230364322662,videomamba,driveact
vp15_run1_2018-05-30-13-05-35_18755_18801,7,47,2,8,2,k2,True,0.5243749022483826,videomamba,driveact
vp15_run2_2018-05-30-13-34-33_19680_19702,7,23,2,8,2,k2,True,0.3706684410572052,videomamba,driveact
vp14_run2_2018-05-30-10-42-33_22295_22339,7,44,2,8,2,k2,True,0.2616081237792969,videomamba,driveact
vp14_run1_2018-05-30-10-11-09_24520_24557,7,37,2,8,2,k2,True,0.506022036075592,videomamba,driveact
vp15_run1_2018-05-30-13-05-35_18801_18818,7,17,2,8,2,k2,True,0.4437580108642578,videomamba,driveact
vp15_run2_2018-05-30-13-34-33_19635_19680,7,45,2,8,2,k2,True,0.4399462342262268,videomamba,driveact
vp14_run1_2018-05-30-10-11-09_24474_24520,7,47,2,8,2,k2,True,0.2940133512020111,videomamba,driveact
vp14_run1_2018-05-30-10-11-09_12362_12407,8,45,2,8,2,k2,False,0.5212843418121338,videomamba,driveact
vp14_run1_2018-05-30-10-11-09_124_170,8,46,2,8,2,k2,True,0.4793482720851898,videomamba,driveact
vp14_run1_2018-05-30-10-11-09_13161_13207,8,47,2,8,2,k2,False,0.5471630096435547,videomamba,driveact
vp14_run2_2018-05-30-10-42-33_142_188,8,46,2,8,2,k2,False,0.5120284557342529,videomamba,driveact
vp14_run1_2018-05-30-10-11-09_12407_12452,8,45,2,8,2,k2,False,0.317856103181839,videomamba,driveact
vp14_run1_2018-05-30-10-11-09_170_215,8,45,2,8,2,k2,True,0.6745052933692932,videomamba,driveact
vp14_run2_2018-05-30-10-42-33_188_234,8,47,2,8,2,k2,True,0.440250039100647,videomamba,driveact
vp15_run1_2018-05-30-13-05-35_256_301,8,44,2,8,2,k2,True,0.6332732439041138,videomamba,driveact
vp14_run1_2018-05-30-10-11-09_215_248,8,33,2,8,2,k2,True,0.8455124497413635,videomamba,driveact
vp15_run1_2018-05-30-13-05-35_301_346,8,44,2,8,2,k2,True,0.802528440952301,videomamba,driveact
vp15_run1_2018-05-30-13-05-35_346_354,8,7,2,8,2,k2,True,0.6691911220550537,videomamba,driveact
vp15_run2_2018-05-30-13-34-33_242_288,8,47,2,8,2,k2,True,0.8693466782569885,videomamba,driveact
vp15_run2_2018-05-30-13-34-33_197_242,8,45,2,8,2,k2,False,0.3653828799724579,videomamba,driveact
vp15_run1_2018-05-30-13-05-35_15668_15713,9,45,2,8,2,k2,False,0.3328869342803955,videomamba,driveact
vp14_run2_2018-05-30-10-42-33_15699_15745,9,47,2,8,2,k2,False,0.9651854038238525,videomamba,driveact
vp14_run1_2018-05-30-10-11-09_11904_11942,9,38,2,8,2,k2,False,0.2086571604013443,videomamba,driveact
vp14_run1_2018-05-30-10-11-09_22306_22351,9,44,2,8,2,k2,False,0.6336544752120972,videomamba,driveact
vp14_run1_2018-05-30-10-11-09_10272_10292,9,20,2,8,2,k2,False,0.46538984775543213,videomamba,driveact
vp14_run1_2018-05-30-10-11-09_21666_21711,9,45,2,8,2,k2,False,0.8084743618965149,videomamba,driveact
vp15_run2_2018-05-30-13-34-33_6781_6800,9,19,2,8,2,k2,True,0.8139631152153015,videomamba,driveact
vp15_run1_2018-05-30-13-05-35_6374_6385,9,11,2,8,2,k2,False,0.35071319341659546,videomamba,driveact
vp15_run1_2018-05-30-13-05-35_4575_4609,9,35,2,8,2,k2,False,0.3326203525066376,videomamba,driveact
vp15_run1_2018-05-30-13-05-35_7194_7239,9,45,2,8,2,k2,True,0.7074523568153381,videomamba,driveact
vp14_run2_2018-05-30-10-42-33_12363_12379,9,17,2,8,2,k2,False,0.1936386227607727,videomamba,driveact
vp14_run2_2018-05-30-10-42-33_12226_12270,9,43,2,8,2,k2,True,0.5850193500518799,videomamba,driveact
vp14_run2_2018-05-30-10-42-33_8133_8178,9,45,2,8,2,k2,False,0.9466874599456787,videomamba,driveact
vp14_run1_2018-05-30-10-11-09_21527_21573,9,47,2,8,2,k2,False,0.6989638209342957,videomamba,driveact
vp14_run2_2018-05-30-10-42-33_21057_21103,9,47,2,8,2,k2,False,0.7988610863685608,videomamba,driveact
vp14_run2_2018-05-30-10-42-33_20000_20030,9,30,2,8,2,k2,False,0.855138897895813,videomamba,driveact
vp14_run1_2018-05-30-10-11-09_6973_7018,9,44,2,8,2,k2,True,0.5799763202667236,videomamba,driveact
vp15_run2_2018-05-30-13-34-33_7002_7047,9,45,2,8,2,k2,False,0.5254550576210022,videomamba,driveact
vp14_run1_2018-05-30-10-11-09_5633_5678,9,45,2,8,2,k2,True,0.3502092659473419,videomamba,driveact
vp14_run1_2018-05-30-10-11-09_7107_7131,9,24,2,8,2,k2,False,0.8710625767707825,videomamba,driveact
vp14_run1_2018-05-30-10-11-09_22953_23000,10,47,2,8,2,k2,True,0.8914817571640015,videomamba,driveact
vp14_run2_2018-05-30-10-42-33_21239_21283,10,44,2,8,2,k2,True,0.6882995367050171,videomamba,driveact
vp14_run1_2018-05-30-10-11-09_22545_22590,10,45,2,8,2,k2,True,0.9817041754722595,videomamba,driveact
vp15_run1_2018-05-30-13-05-35_6752_6768,10,17,2,8,2,k2,False,0.645109236240387,videomamba,driveact
vp14_run2_2018-05-30-10-42-33_21374_21420,10,47,2,8,2,k2,True,0.9511885643005371,videomamba,driveact
vp14_run2_2018-05-30-10-42-33_13102_13147,10,44,2,8,2,k2,True,0.9714775681495667,videomamba,driveact
vp14_run2_2018-05-30-10-42-33_21148_21193,10,44,2,8,2,k2,True,0.888872504234314,videomamba,driveact
vp14_run1_2018-05-30-10-11-09_12714_12743,10,29,2,8,2,k2,False,0.6145620346069336,videomamba,driveact
vp14_run2_2018-05-30-10-42-33_8273_8318,10,45,2,8,2,k2,True,0.9769838452339172,videomamba,driveact
vp15_run2_2018-05-30-13-34-33_7067_7112,10,45,2,8,2,k2,True,0.8951188325881958,videomamba,driveact
vp15_run2_2018-05-30-13-34-33_7350_7395,10,45,2,8,2,k2,True,0.8713780045509338,videomamba,driveact
vp14_run2_2018-05-30-10-42-33_13193_13238,10,45,2,8,2,k2,True,0.9858001470565796,videomamba,driveact
vp14_run2_2018-05-30-10-42-33_13374_13420,10,47,2,8,2,k2,True,0.9733554720878601,videomamba,driveact
vp14_run1_2018-05-30-10-11-09_22818_22862,10,44,2,8,2,k2,True,0.8625100255012512,videomamba,driveact
vp14_run2_2018-05-30-10-42-33_13465_13510,10,44,2,8,2,k2,True,0.9771326780319214,videomamba,driveact
vp15_run1_2018-05-30-13-05-35_10394_10415,0,21,4,8,4,k4,True,0.32556813955307007,videomamba,driveact
vp14_run1_2018-05-30-10-11-09_6012_6033,0,21,4,8,4,k4,False,0.42415720224380493,videomamba,driveact
vp14_run1_2018-05-30-10-11-09_5966_6012,0,47,4,8,4,k4,False,0.4092526435852051,videomamba,driveact
vp14_run2_2018-05-30-10-42-33_3887_3915,0,29,4,8,4,k4,False,0.673051118850708,videomamba,driveact
vp14_run2_2018-05-30-10-42-33_3842_3887,0,45,4,8,4,k4,False,0.4323797821998596,videomamba,driveact
vp15_run1_2018-05-30-13-05-35_10300_10347,0,46,4,8,4,k4,False,0.36101776361465454,videomamba,driveact
vp15_run2_2018-05-30-13-34-33_5786_5802,0,17,4,8,4,k4,False,0.43488189578056335,videomamba,driveact
vp14_run2_2018-05-30-10-42-33_16271_16309,0,38,4,8,4,k4,False,0.7702019214630127,videomamba,driveact
vp15_run2_2018-05-30-13-34-33_6488_6516,0,29,4,8,4,k4,True,0.28371769189834595,videomamba,driveact
vp15_run1_2018-05-30-13-05-35_10347_10394,0,47,4,8,4,k4,False,0.3965875208377838,videomamba,driveact
vp14_run1_2018-05-30-10-11-09_12052_12093,0,40,4,8,4,k4,False,0.7952457070350647,videomamba,driveact
vp14_run2_2018-05-30-10-42-33_20272_20317,0,44,4,8,4,k4,False,0.5893634557723999,videomamba,driveact
vp15_run1_2018-05-30-13-05-35_5045_5090,0,45,4,8,4,k4,False,0.6013904809951782,videomamba,driveact
vp14_run1_2018-05-30-10-11-09_104_124,1,20,4,8,4,k4,False,0.3002273440361023,videomamba,driveact
vp15_run2_2018-05-30-13-34-33_169_183,1,13,4,8,4,k4,False,0.6396064162254333,videomamba,driveact
vp15_run1_2018-05-30-13-05-35_144_160,1,17,4,8,4,k4,True,0.4468023180961609,videomamba,driveact
vp14_run2_2018-05-30-10-42-33_114_128,1,14,4,8,4,k4,True,0.35465237498283386,videomamba,driveact
vp14_run1_2018-05-30-10-11-09_24557_24581,2,24,4,8,4,k4,False,0.35473766922950745,videomamba,driveact
vp15_run1_2018-05-30-13-05-35_18818_18841,2,23,4,8,4,k4,False,0.38593387603759766,videomamba,driveact
vp15_run2_2018-05-30-13-34-33_19707_19726,2,20,4,8,4,k4,True,0.4275034964084625,videomamba,driveact
vp14_run2_2018-05-30-10-42-33_22339_22349,2,10,4,8,4,k4,False,0.3702300786972046,videomamba,driveact
vp14_run1_2018-05-30-10-11-09_23166_23211,3,45,4,8,4,k4,False,0.6195931434631348,videomamba,driveact
vp14_run2_2018-05-30-10-42-33_13691_13733,3,42,4,8,4,k4,False,0.7012749910354614,videomamba,driveact
vp15_run1_2018-05-30-13-05-35_6441_6476,3,35,4,8,4,k4,False,0.808251678943634,videomamba,driveact
vp14_run1_2018-05-30-10-11-09_23211_23244,3,33,4,8,4,k4,False,0.7839866280555725,videomamba,driveact
vp14_run1_2018-05-30-10-11-09_23119_23166,3,46,4,8,4,k4,False,0.4486015737056732,videomamba,driveact
vp15_run1_2018-05-30-13-05-35_6768_6800,3,32,4,8,4,k4,False,0.31239578127861023,videomamba,driveact
vp15_run2_2018-05-30-13-34-33_7678_7702,3,23,4,8,4,k4,False,0.3170960247516632,videomamba,driveact
vp14_run2_2018-05-30-10-42-33_20205_20251,4,47,4,8,4,k4,False,0.9696575999259949,videomamba,driveact
vp14_run2_2018-05-30-10-42-33_20115_20160,4,45,4,8,4,k4,False,0.8954181671142578,videomamba,driveact
vp14_run2_2018-05-30-10-42-33_3770_3816,4,47,4,8,4,k4,False,0.9327073693275452,videomamba,driveact
vp14_run2_2018-05-30-10-42-33_16194_16240,4,47,4,8,4,k4,False,0.9597234725952148,videomamba,driveact
vp15_run2_2018-05-30-13-34-33_6443_6488,4,45,4,8,4,k4,False,0.2557045519351959,videomamba,driveact
vp14_run1_2018-05-30-10-11-09_5918_5963,4,45,4,8,4,k4,False,0.4172360599040985,videomamba,driveact
vp15_run1_2018-05-30-13-05-35_4994_5040,4,47,4,8,4,k4,False,0.4217018485069275,videomamba,driveact
vp15_run1_2018-05-30-13-05-35_10269_10300,4,32,4,8,4,k4,False,0.7747982144355774,videomamba,driveact
vp15_run1_2018-05-30-13-05-35_4554_4563,4,9,4,8,4,k4,False,0.554310142993927,videomamba,driveact
vp14_run2_2018-05-30-10-42-33_3816_3842,4,26,4,8,4,k4,False,0.9723186492919922,videomamba,driveact
vp15_run1_2018-05-30-13-05-35_10223_10269,4,47,4,8,4,k4,False,0.30126145482063293,videomamba,driveact
vp15_run2_2018-05-30-13-34-33_5728_5773,4,44,4,8,4,k4,False,0.6205886006355286,videomamba,driveact
vp14_run1_2018-05-30-10-11-09_5873_5918,4,45,4,8,4,k4,False,0.9194527864456177,videomamba,driveact
vp14_run2_2018-05-30-10-42-33_20160_20205,4,45,4,8,4,k4,False,0.9469577074050903,videomamba,driveact
vp14_run1_2018-05-30-10-11-09_12044_12052,4,8,4,8,4,k4,False,0.5478267669677734,videomamba,driveact
vp15_run2_2018-05-30-13-34-33_5773_5786,4,13,4,8,4,k4,False,0.9185817837715149,videomamba,driveact
vp14_run2_2018-05-30-10-42-33_16240_16271,4,31,4,8,4,k4,False,0.9659265279769897,videomamba,driveact
vp14_run2_2018-05-30-10-42-33_20251_20272,4,20,4,8,4,k4,False,0.9532650113105774,videomamba,driveact
vp15_run1_2018-05-30-13-05-35_4508_4554,4,47,4,8,4,k4,False,0.6821316480636597,videomamba,driveact
vp14_run1_2018-05-30-10-11-09_11998_12044,4,46,4,8,4,k4,False,0.47516658902168274,videomamba,driveact
vp14_run2_2018-05-30-10-42-33_17604_17649,5,45,4,8,4,k4,True,0.953658938407898,videomamba,driveact
vp15_run2_2018-05-30-13-34-33_5597_5627,5,30,4,8,4,k4,False,0.33633288741111755,videomamba,driveact
vp14_run1_2018-05-30-10-11-09_20057_20102,5,45,4,8,4,k4,True,0.9322621822357178,videomamba,driveact
vp14_run1_2018-05-30-10-11-09_17724_17771,5,47,4,8,4,k4,False,0.5869953036308289,videomamba,driveact
vp14_run1_2018-05-30-10-11-09_17453_17498,5,45,4,8,4,k4,True,0.983749508857727,videomamba,driveact
vp14_run1_2018-05-30-10-11-09_20467_20513,5,46,4,8,4,k4,True,0.676343560218811,videomamba,driveact
vp14_run2_2018-05-30-10-42-33_15688_15699,5,10,4,8,4,k4,True,0.9800265431404114,videomamba,driveact
vp14_run1_2018-05-30-10-11-09_17863_17908,5,44,4,8,4,k4,True,0.9480915665626526,videomamba,driveact
vp14_run1_2018-05-30-10-11-09_20513_20558,5,45,4,8,4,k4,False,0.9018568396568298,videomamba,driveact
vp14_run1_2018-05-30-10-11-09_18091_18136,5,44,4,8,4,k4,False,0.5321188569068909,videomamba,driveact
vp14_run2_2018-05-30-10-42-33_17831_17876,5,45,4,8,4,k4,True,0.9447423219680786,videomamba,driveact
vp14_run2_2018-05-30-10-42-33_15551_15597,5,47,4,8,4,k4,True,0.9626978039741516,videomamba,driveact
vp14_run2_2018-05-30-10-42-33_18689_18734,5,45,4,8,4,k4,False,0.9343750476837158,videomamba,driveact
vp14_run2_2018-05-30-10-42-33_17649_17694,5,45,4,8,4,k4,True,0.9814335703849792,videomamba,driveact
vp14_run1_2018-05-30-10-11-09_19691_19738,5,47,4,8,4,k4,True,0.9575508832931519,videomamba,driveact
vp14_run2_2018-05-30-10-42-33_17694_17739,5,45,4,8,4,k4,True,0.9842000603675842,videomamba,driveact
vp14_run2_2018-05-30-10-42-33_17512_17558,5,46,4,8,4,k4,True,0.9688868522644043,videomamba,driveact
vp14_run1_2018-05-30-10-11-09_20240_20285,5,45,4,8,4,k4,False,0.5966129302978516,videomamba,driveact
vp14_run2_2018-05-30-10-42-33_15415_15461,5,46,4,8,4,k4,True,0.7413338422775269,videomamba,driveact
vp14_run1_2018-05-30-10-11-09_17771_17817,5,47,4,8,4,k4,True,0.8888265490531921,videomamba,driveact
vp15_run2_2018-05-30-13-34-33_120_166,6,47,4,8,4,k4,True,0.4635333716869354,videomamba,driveact
vp14_run2_2018-05-30-10-42-33_74_114,6,41,4,8,4,k4,True,0.44025740027427673,videomamba,driveact
vp15_run1_2018-05-30-13-05-35_87_132,6,45,4,8,4,k4,True,0.396000474691391,videomamba,driveact
vp14_run1_2018-05-30-10-11-09_82_104,6,22,4,8,4,k4,True,0.5407475829124451,videomamba,driveact
vp15_run1_2018-05-30-13-05-35_132_144,6,12,4,8,4,k4,False,0.16198697686195374,videomamba,driveact
vp15_run1_2018-05-30-13-05-35_18755_18801,7,47,4,8,4,k4,True,0.5624740719795227,videomamba,driveact
vp15_run2_2018-05-30-13-34-33_19680_19702,7,23,4,8,4,k4,True,0.3998250961303711,videomamba,driveact
vp14_run2_2018-05-30-10-42-33_22295_22339,7,44,4,8,4,k4,True,0.48390236496925354,videomamba,driveact
vp14_run1_2018-05-30-10-11-09_24520_24557,7,37,4,8,4,k4,True,0.6190704703330994,videomamba,driveact
vp15_run1_2018-05-30-13-05-35_18801_18818,7,17,4,8,4,k4,True,0.480143666267395,videomamba,driveact
vp15_run2_2018-05-30-13-34-33_19635_19680,7,45,4,8,4,k4,True,0.41695791482925415,videomamba,driveact
vp14_run1_2018-05-30-10-11-09_24474_24520,7,47,4,8,4,k4,True,0.3372805714607239,videomamba,driveact
vp14_run1_2018-05-30-10-11-09_12362_12407,8,45,4,8,4,k4,False,0.6129930019378662,videomamba,driveact
vp14_run1_2018-05-30-10-11-09_124_170,8,46,4,8,4,k4,True,0.8648754954338074,videomamba,driveact
vp14_run1_2018-05-30-10-11-09_13161_13207,8,47,4,8,4,k4,False,0.5673709511756897,videomamba,driveact
vp14_run2_2018-05-30-10-42-33_142_188,8,46,4,8,4,k4,True,0.69204181432724,videomamba,driveact
vp14_run1_2018-05-30-10-11-09_12407_12452,8,45,4,8,4,k4,False,0.46297261118888855,videomamba,driveact
vp14_run1_2018-05-30-10-11-09_170_215,8,45,4,8,4,k4,True,0.7378968596458435,videomamba,driveact
vp14_run2_2018-05-30-10-42-33_188_234,8,47,4,8,4,k4,True,0.5643751621246338,videomamba,driveact
vp15_run1_2018-05-30-13-05-35_256_301,8,44,4,8,4,k4,True,0.7847777009010315,videomamba,driveact
vp14_run1_2018-05-30-10-11-09_215_248,8,33,4,8,4,k4,True,0.7102094888687134,videomamba,driveact
vp15_run1_2018-05-30-13-05-35_301_346,8,44,4,8,4,k4,True,0.8824408650398254,videomamba,driveact
vp15_run1_2018-05-30-13-05-35_346_354,8,7,4,8,4,k4,True,0.5598632097244263,videomamba,driveact
vp15_run2_2018-05-30-13-34-33_242_288,8,47,4,8,4,k4,True,0.9357225894927979,videomamba,driveact
vp15_run2_2018-05-30-13-34-33_197_242,8,45,4,8,4,k4,True,0.6540804505348206,videomamba,driveact
vp15_run1_2018-05-30-13-05-35_15668_15713,9,45,4,8,4,k4,False,0.27131569385528564,videomamba,driveact
vp14_run2_2018-05-30-10-42-33_15699_15745,9,47,4,8,4,k4,False,0.957621693611145,videomamba,driveact
vp14_run1_2018-05-30-10-11-09_11904_11942,9,38,4,8,4,k4,True,0.8148089647293091,videomamba,driveact
vp14_run1_2018-05-30-10-11-09_22306_22351,9,44,4,8,4,k4,False,0.2849637567996979,videomamba,driveact
vp14_run1_2018-05-30-10-11-09_10272_10292,9,20,4,8,4,k4,False,0.19665810465812683,videomamba,driveact
vp14_run1_2018-05-30-10-11-09_21666_21711,9,45,4,8,4,k4,False,0.695347249507904,videomamba,driveact
vp15_run2_2018-05-30-13-34-33_6781_6800,9,19,4,8,4,k4,True,0.7031372785568237,videomamba,driveact
vp15_run1_2018-05-30-13-05-35_6374_6385,9,11,4,8,4,k4,False,0.3580227196216583,videomamba,driveact
vp15_run1_2018-05-30-13-05-35_4575_4609,9,35,4,8,4,k4,False,0.346834659576416,videomamba,driveact
vp15_run1_2018-05-30-13-05-35_7194_7239,9,45,4,8,4,k4,True,0.8668399453163147,videomamba,driveact
vp14_run2_2018-05-30-10-42-33_12363_12379,9,17,4,8,4,k4,False,0.19461078941822052,videomamba,driveact
vp14_run2_2018-05-30-10-42-33_12226_12270,9,43,4,8,4,k4,True,0.7731682658195496,videomamba,driveact
vp14_run2_2018-05-30-10-42-33_8133_8178,9,45,4,8,4,k4,True,0.418446809053421,videomamba,driveact
vp14_run1_2018-05-30-10-11-09_21527_21573,9,47,4,8,4,k4,False,0.6560769081115723,videomamba,driveact
vp14_run2_2018-05-30-10-42-33_21057_21103,9,47,4,8,4,k4,True,0.844507098197937,videomamba,driveact
vp14_run2_2018-05-30-10-42-33_20000_20030,9,30,4,8,4,k4,True,0.9292652010917664,videomamba,driveact
vp14_run1_2018-05-30-10-11-09_6973_7018,9,44,4,8,4,k4,True,0.589172899723053,videomamba,driveact
vp15_run2_2018-05-30-13-34-33_7002_7047,9,45,4,8,4,k4,False,0.3725198805332184,videomamba,driveact
vp14_run1_2018-05-30-10-11-09_5633_5678,9,45,4,8,4,k4,True,0.4511032700538635,videomamba,driveact
vp14_run1_2018-05-30-10-11-09_7107_7131,9,24,4,8,4,k4,False,0.8589974045753479,videomamba,driveact
vp14_run1_2018-05-30-10-11-09_22953_23000,10,47,4,8,4,k4,True,0.9570218920707703,videomamba,driveact
vp14_run2_2018-05-30-10-42-33_21239_21283,10,44,4,8,4,k4,True,0.9118795394897461,videomamba,driveact
vp14_run1_2018-05-30-10-11-09_22545_22590,10,45,4,8,4,k4,True,0.9849029779434204,videomamba,driveact
vp15_run1_2018-05-30-13-05-35_6752_6768,10,17,4,8,4,k4,False,0.5697059035301208,videomamba,driveact
vp14_run2_2018-05-30-10-42-33_21374_21420,10,47,4,8,4,k4,True,0.9408581852912903,videomamba,driveact
vp14_run2_2018-05-30-10-42-33_13102_13147,10,44,4,8,4,k4,True,0.9670666456222534,videomamba,driveact
vp14_run2_2018-05-30-10-42-33_21148_21193,10,44,4,8,4,k4,True,0.8802756667137146,videomamba,driveact
vp14_run1_2018-05-30-10-11-09_12714_12743,10,29,4,8,4,k4,False,0.7034832835197449,videomamba,driveact
vp14_run2_2018-05-30-10-42-33_8273_8318,10,45,4,8,4,k4,True,0.9818846583366394,videomamba,driveact
vp15_run2_2018-05-30-13-34-33_7067_7112,10,45,4,8,4,k4,True,0.9432883858680725,videomamba,driveact
vp15_run2_2018-05-30-13-34-33_7350_7395,10,45,4,8,4,k4,True,0.857726514339447,videomamba,driveact
vp14_run2_2018-05-30-10-42-33_13193_13238,10,45,4,8,4,k4,True,0.984771192073822,videomamba,driveact
vp14_run2_2018-05-30-10-42-33_13374_13420,10,47,4,8,4,k4,True,0.9714695811271667,videomamba,driveact
vp14_run1_2018-05-30-10-11-09_22818_22862,10,44,4,8,4,k4,True,0.9184278845787048,videomamba,driveact
vp14_run2_2018-05-30-10-42-33_13465_13510,10,44,4,8,4,k4,True,0.9794557094573975,videomamba,driveact
vp15_run1_2018-05-30-13-05-35_10394_10415,0,21,8,8,8,k8,True,0.35381731390953064,videomamba,driveact
vp14_run1_2018-05-30-10-11-09_6012_6033,0,21,8,8,8,k8,False,0.3983291983604431,videomamba,driveact
vp14_run1_2018-05-30-10-11-09_5966_6012,0,47,8,8,8,k8,False,0.6058294773101807,videomamba,driveact
vp14_run2_2018-05-30-10-42-33_3887_3915,0,29,8,8,8,k8,False,0.7410961389541626,videomamba,driveact
vp14_run2_2018-05-30-10-42-33_3842_3887,0,45,8,8,8,k8,False,0.7330198287963867,videomamba,driveact
vp15_run1_2018-05-30-13-05-35_10300_10347,0,46,8,8,8,k8,True,0.3109956383705139,videomamba,driveact
vp15_run2_2018-05-30-13-34-33_5786_5802,0,17,8,8,8,k8,False,0.5224048495292664,videomamba,driveact
vp14_run2_2018-05-30-10-42-33_16271_16309,0,38,8,8,8,k8,False,0.3116302490234375,videomamba,driveact
vp15_run2_2018-05-30-13-34-33_6488_6516,0,29,8,8,8,k8,True,0.21487367153167725,videomamba,driveact
vp15_run1_2018-05-30-13-05-35_10347_10394,0,47,8,8,8,k8,True,0.3586486577987671,videomamba,driveact
vp14_run1_2018-05-30-10-11-09_12052_12093,0,40,8,8,8,k8,False,0.903536856174469,videomamba,driveact
vp14_run2_2018-05-30-10-42-33_20272_20317,0,44,8,8,8,k8,False,0.5428893566131592,videomamba,driveact
vp15_run1_2018-05-30-13-05-35_5045_5090,0,45,8,8,8,k8,False,0.49296361207962036,videomamba,driveact
vp14_run1_2018-05-30-10-11-09_104_124,1,20,8,8,8,k8,False,0.19973155856132507,videomamba,driveact
vp15_run2_2018-05-30-13-34-33_169_183,1,13,8,8,8,k8,False,0.690876305103302,videomamba,driveact
vp15_run1_2018-05-30-13-05-35_144_160,1,17,8,8,8,k8,True,0.4269271492958069,videomamba,driveact
vp14_run2_2018-05-30-10-42-33_114_128,1,14,8,8,8,k8,True,0.3996381461620331,videomamba,driveact
vp14_run1_2018-05-30-10-11-09_24557_24581,2,24,8,8,8,k8,False,0.38083577156066895,videomamba,driveact
vp15_run1_2018-05-30-13-05-35_18818_18841,2,23,8,8,8,k8,False,0.4641168713569641,videomamba,driveact
vp15_run2_2018-05-30-13-34-33_19707_19726,2,20,8,8,8,k8,True,0.37489771842956543,videomamba,driveact
vp14_run2_2018-05-30-10-42-33_22339_22349,2,10,8,8,8,k8,False,0.3598015606403351,videomamba,driveact
vp14_run1_2018-05-30-10-11-09_23166_23211,3,45,8,8,8,k8,False,0.6268882155418396,videomamba,driveact
vp14_run2_2018-05-30-10-42-33_13691_13733,3,42,8,8,8,k8,False,0.5236042141914368,videomamba,driveact
vp15_run1_2018-05-30-13-05-35_6441_6476,3,35,8,8,8,k8,False,0.8068329095840454,videomamba,driveact
vp14_run1_2018-05-30-10-11-09_23211_23244,3,33,8,8,8,k8,False,0.45688626170158386,videomamba,driveact
vp14_run1_2018-05-30-10-11-09_23119_23166,3,46,8,8,8,k8,False,0.41171038150787354,videomamba,driveact
vp15_run1_2018-05-30-13-05-35_6768_6800,3,32,8,8,8,k8,False,0.5498520731925964,videomamba,driveact
vp15_run2_2018-05-30-13-34-33_7678_7702,3,23,8,8,8,k8,False,0.3289933204650879,videomamba,driveact
vp14_run2_2018-05-30-10-42-33_20205_20251,4,47,8,8,8,k8,False,0.9761415123939514,videomamba,driveact
vp14_run2_2018-05-30-10-42-33_20115_20160,4,45,8,8,8,k8,False,0.9347099661827087,videomamba,driveact
vp14_run2_2018-05-30-10-42-33_3770_3816,4,47,8,8,8,k8,False,0.9373533129692078,videomamba,driveact
vp14_run2_2018-05-30-10-42-33_16194_16240,4,47,8,8,8,k8,False,0.9650842547416687,videomamba,driveact
vp15_run2_2018-05-30-13-34-33_6443_6488,4,45,8,8,8,k8,False,0.30450239777565,videomamba,driveact
vp14_run1_2018-05-30-10-11-09_5918_5963,4,45,8,8,8,k8,False,0.5513473749160767,videomamba,driveact
vp15_run1_2018-05-30-13-05-35_4994_5040,4,47,8,8,8,k8,False,0.4340481758117676,videomamba,driveact
vp15_run1_2018-05-30-13-05-35_10269_10300,4,32,8,8,8,k8,False,0.30475950241088867,videomamba,driveact
vp15_run1_2018-05-30-13-05-35_4554_4563,4,9,8,8,8,k8,False,0.499044269323349,videomamba,driveact
vp14_run2_2018-05-30-10-42-33_3816_3842,4,26,8,8,8,k8,False,0.9657217860221863,videomamba,driveact
vp15_run1_2018-05-30-13-05-35_10223_10269,4,47,8,8,8,k8,True,0.37707358598709106,videomamba,driveact
vp15_run2_2018-05-30-13-34-33_5728_5773,4,44,8,8,8,k8,False,0.6873865127563477,videomamba,driveact
vp14_run1_2018-05-30-10-11-09_5873_5918,4,45,8,8,8,k8,False,0.942116916179657,videomamba,driveact
vp14_run2_2018-05-30-10-42-33_20160_20205,4,45,8,8,8,k8,False,0.9337305426597595,videomamba,driveact
vp14_run1_2018-05-30-10-11-09_12044_12052,4,8,8,8,8,k8,False,0.6048794388771057,videomamba,driveact
vp15_run2_2018-05-30-13-34-33_5773_5786,4,13,8,8,8,k8,False,0.8658883571624756,videomamba,driveact
vp14_run2_2018-05-30-10-42-33_16240_16271,4,31,8,8,8,k8,False,0.9710012674331665,videomamba,driveact
vp14_run2_2018-05-30-10-42-33_20251_20272,4,20,8,8,8,k8,False,0.9573869109153748,videomamba,driveact
vp15_run1_2018-05-30-13-05-35_4508_4554,4,47,8,8,8,k8,False,0.7037078142166138,videomamba,driveact
vp14_run1_2018-05-30-10-11-09_11998_12044,4,46,8,8,8,k8,False,0.7017171382904053,videomamba,driveact
vp14_run2_2018-05-30-10-42-33_17604_17649,5,45,8,8,8,k8,True,0.9724624752998352,videomamba,driveact
vp15_run2_2018-05-30-13-34-33_5597_5627,5,30,8,8,8,k8,False,0.2963469624519348,videomamba,driveact
vp14_run1_2018-05-30-10-11-09_20057_20102,5,45,8,8,8,k8,True,0.9194482564926147,videomamba,driveact
vp14_run1_2018-05-30-10-11-09_17724_17771,5,47,8,8,8,k8,False,0.8905734419822693,videomamba,driveact
vp14_run1_2018-05-30-10-11-09_17453_17498,5,45,8,8,8,k8,True,0.9720744490623474,videomamba,driveact
vp14_run1_2018-05-30-10-11-09_20467_20513,5,46,8,8,8,k8,True,0.803675651550293,videomamba,driveact
vp14_run2_2018-05-30-10-42-33_15688_15699,5,10,8,8,8,k8,True,0.9669861793518066,videomamba,driveact
vp14_run1_2018-05-30-10-11-09_17863_17908,5,44,8,8,8,k8,True,0.9661892652511597,videomamba,driveact
vp14_run1_2018-05-30-10-11-09_20513_20558,5,45,8,8,8,k8,False,0.8392842411994934,videomamba,driveact
vp14_run1_2018-05-30-10-11-09_18091_18136,5,44,8,8,8,k8,False,0.5250332355499268,videomamba,driveact
vp14_run2_2018-05-30-10-42-33_17831_17876,5,45,8,8,8,k8,True,0.9403808116912842,videomamba,driveact
vp14_run2_2018-05-30-10-42-33_15551_15597,5,47,8,8,8,k8,True,0.9485887885093689,videomamba,driveact
vp14_run2_2018-05-30-10-42-33_18689_18734,5,45,8,8,8,k8,False,0.9016604423522949,videomamba,driveact
vp14_run2_2018-05-30-10-42-33_17649_17694,5,45,8,8,8,k8,True,0.9807549715042114,videomamba,driveact
vp14_run1_2018-05-30-10-11-09_19691_19738,5,47,8,8,8,k8,True,0.9537689685821533,videomamba,driveact
vp14_run2_2018-05-30-10-42-33_17694_17739,5,45,8,8,8,k8,True,0.9840434193611145,videomamba,driveact
vp14_run2_2018-05-30-10-42-33_17512_17558,5,46,8,8,8,k8,True,0.9721507430076599,videomamba,driveact
vp14_run1_2018-05-30-10-11-09_20240_20285,5,45,8,8,8,k8,True,0.7185914516448975,videomamba,driveact
vp14_run2_2018-05-30-10-42-33_15415_15461,5,46,8,8,8,k8,True,0.6635320782661438,videomamba,driveact
vp14_run1_2018-05-30-10-11-09_17771_17817,5,47,8,8,8,k8,True,0.7746971249580383,videomamba,driveact
vp15_run2_2018-05-30-13-34-33_120_166,6,47,8,8,8,k8,True,0.4956029951572418,videomamba,driveact
vp14_run2_2018-05-30-10-42-33_74_114,6,41,8,8,8,k8,True,0.4532068073749542,videomamba,driveact
vp15_run1_2018-05-30-13-05-35_87_132,6,45,8,8,8,k8,True,0.39405277371406555,videomamba,driveact
vp14_run1_2018-05-30-10-11-09_82_104,6,22,8,8,8,k8,True,0.5911443829536438,videomamba,driveact
vp15_run1_2018-05-30-13-05-35_132_144,6,12,8,8,8,k8,False,0.1759987324476242,videomamba,driveact
vp15_run1_2018-05-30-13-05-35_18755_18801,7,47,8,8,8,k8,True,0.5540223717689514,videomamba,driveact
vp15_run2_2018-05-30-13-34-33_19680_19702,7,23,8,8,8,k8,True,0.48390069603919983,videomamba,driveact
vp14_run2_2018-05-30-10-42-33_22295_22339,7,44,8,8,8,k8,True,0.5638666749000549,videomamba,driveact
vp14_run1_2018-05-30-10-11-09_24520_24557,7,37,8,8,8,k8,True,0.6198253035545349,videomamba,driveact
vp15_run1_2018-05-30-13-05-35_18801_18818,7,17,8,8,8,k8,True,0.49361419677734375,videomamba,driveact
vp15_run2_2018-05-30-13-34-33_19635_19680,7,45,8,8,8,k8,True,0.4278455972671509,videomamba,driveact
vp14_run1_2018-05-30-10-11-09_24474_24520,7,47,8,8,8,k8,True,0.35742634534835815,videomamba,driveact
vp14_run1_2018-05-30-10-11-09_12362_12407,8,45,8,8,8,k8,False,0.5586299300193787,videomamba,driveact
vp14_run1_2018-05-30-10-11-09_124_170,8,46,8,8,8,k8,True,0.9059403538703918,videomamba,driveact
vp14_run1_2018-05-30-10-11-09_13161_13207,8,47,8,8,8,k8,False,0.5469719767570496,videomamba,driveact
vp14_run2_2018-05-30-10-42-33_142_188,8,46,8,8,8,k8,True,0.6282774806022644,videomamba,driveact
vp14_run1_2018-05-30-10-11-09_12407_12452,8,45,8,8,8,k8,False,0.43002310395240784,videomamba,driveact
vp14_run1_2018-05-30-10-11-09_170_215,8,45,8,8,8,k8,True,0.7212152481079102,videomamba,driveact
vp14_run2_2018-05-30-10-42-33_188_234,8,47,8,8,8,k8,True,0.6692004203796387,videomamba,driveact
vp15_run1_2018-05-30-13-05-35_256_301,8,44,8,8,8,k8,True,0.8352614641189575,videomamba,driveact
vp14_run1_2018-05-30-10-11-09_215_248,8,33,8,8,8,k8,True,0.6932162642478943,videomamba,driveact
vp15_run1_2018-05-30-13-05-35_301_346,8,44,8,8,8,k8,True,0.9012525081634521,videomamba,driveact
vp15_run1_2018-05-30-13-05-35_346_354,8,7,7,8,8,k8,True,0.5852980613708496,videomamba,driveact
vp15_run2_2018-05-30-13-34-33_242_288,8,47,8,8,8,k8,True,0.9516369104385376,videomamba,driveact
vp15_run2_2018-05-30-13-34-33_197_242,8,45,8,8,8,k8,True,0.9044146537780762,videomamba,driveact
vp15_run1_2018-05-30-13-05-35_15668_15713,9,45,8,8,8,k8,False,0.3493857681751251,videomamba,driveact
vp14_run2_2018-05-30-10-42-33_15699_15745,9,47,8,8,8,k8,False,0.8961181640625,videomamba,driveact
vp14_run1_2018-05-30-10-11-09_11904_11942,9,38,8,8,8,k8,True,0.9157782196998596,videomamba,driveact
vp14_run1_2018-05-30-10-11-09_22306_22351,9,44,8,8,8,k8,False,0.2731541693210602,videomamba,driveact
vp14_run1_2018-05-30-10-11-09_10272_10292,9,20,8,8,8,k8,False,0.30838578939437866,videomamba,driveact
vp14_run1_2018-05-30-10-11-09_21666_21711,9,45,8,8,8,k8,False,0.8303324580192566,videomamba,driveact
vp15_run2_2018-05-30-13-34-33_6781_6800,9,19,8,8,8,k8,True,0.7940500974655151,videomamba,driveact
vp15_run1_2018-05-30-13-05-35_6374_6385,9,11,8,8,8,k8,False,0.42015424370765686,videomamba,driveact
vp15_run1_2018-05-30-13-05-35_4575_4609,9,35,8,8,8,k8,False,0.29256343841552734,videomamba,driveact
vp15_run1_2018-05-30-13-05-35_7194_7239,9,45,8,8,8,k8,True,0.9075602889060974,videomamba,driveact
vp14_run2_2018-05-30-10-42-33_12363_12379,9,17,8,8,8,k8,False,0.18772371113300323,videomamba,driveact
vp14_run2_2018-05-30-10-42-33_12226_12270,9,43,8,8,8,k8,True,0.5794938206672668,videomamba,driveact
vp14_run2_2018-05-30-10-42-33_8133_8178,9,45,8,8,8,k8,False,0.39810943603515625,videomamba,driveact
vp14_run1_2018-05-30-10-11-09_21527_21573,9,47,8,8,8,k8,False,0.2698380947113037,videomamba,driveact
vp14_run2_2018-05-30-10-42-33_21057_21103,9,47,8,8,8,k8,True,0.7999534010887146,videomamba,driveact
vp14_run2_2018-05-30-10-42-33_20000_20030,9,30,8,8,8,k8,True,0.9313946962356567,videomamba,driveact
vp14_run1_2018-05-30-10-11-09_6973_7018,9,44,8,8,8,k8,True,0.5395702719688416,videomamba,driveact
vp15_run2_2018-05-30-13-34-33_7002_7047,9,45,8,8,8,k8,False,0.4959019422531128,videomamba,driveact
vp14_run1_2018-05-30-10-11-09_5633_5678,9,45,8,8,8,k8,True,0.182502880692482,videomamba,driveact
vp14_run1_2018-05-30-10-11-09_7107_7131,9,24,8,8,8,k8,False,0.7958829402923584,videomamba,driveact
vp14_run1_2018-05-30-10-11-09_22953_23000,10,47,8,8,8,k8,True,0.9721781015396118,videomamba,driveact
vp14_run2_2018-05-30-10-42-33_21239_21283,10,44,8,8,8,k8,True,0.9017717242240906,videomamba,driveact
vp14_run1_2018-05-30-10-11-09_22545_22590,10,45,8,8,8,k8,True,0.9855352640151978,videomamba,driveact
vp15_run1_2018-05-30-13-05-35_6752_6768,10,17,8,8,8,k8,False,0.45458248257637024,videomamba,driveact
vp14_run2_2018-05-30-10-42-33_21374_21420,10,47,8,8,8,k8,True,0.9419875144958496,videomamba,driveact
vp14_run2_2018-05-30-10-42-33_13102_13147,10,44,8,8,8,k8,True,0.9543185234069824,videomamba,driveact
vp14_run2_2018-05-30-10-42-33_21148_21193,10,44,8,8,8,k8,True,0.8658071160316467,videomamba,driveact
vp14_run1_2018-05-30-10-11-09_12714_12743,10,29,8,8,8,k8,False,0.8254220485687256,videomamba,driveact
vp14_run2_2018-05-30-10-42-33_8273_8318,10,45,8,8,8,k8,True,0.9824636578559875,videomamba,driveact
vp15_run2_2018-05-30-13-34-33_7067_7112,10,45,8,8,8,k8,True,0.9064190983772278,videomamba,driveact
vp15_run2_2018-05-30-13-34-33_7350_7395,10,45,8,8,8,k8,True,0.8402347564697266,videomamba,driveact
vp14_run2_2018-05-30-10-42-33_13193_13238,10,45,8,8,8,k8,True,0.9844827055931091,videomamba,driveact
vp14_run2_2018-05-30-10-42-33_13374_13420,10,47,8,8,8,k8,True,0.9707837104797363,videomamba,driveact
vp14_run1_2018-05-30-10-11-09_22818_22862,10,44,8,8,8,k8,True,0.9279595017433167,videomamba,driveact
vp14_run2_2018-05-30-10-42-33_13465_13510,10,44,8,8,8,k8,True,0.9793709516525269,videomamba,driveact
vp15_run1_2018-05-30-13-05-35_10394_10415,0,21,16,8,16,k16,True,0.3543669581413269,videomamba,driveact
vp14_run1_2018-05-30-10-11-09_6012_6033,0,21,16,8,16,k16,False,0.6212059259414673,videomamba,driveact
vp14_run1_2018-05-30-10-11-09_5966_6012,0,47,16,8,16,k16,False,0.6014692187309265,videomamba,driveact
vp14_run2_2018-05-30-10-42-33_3887_3915,0,29,16,8,16,k16,False,0.6825464963912964,videomamba,driveact
vp14_run2_2018-05-30-10-42-33_3842_3887,0,45,16,8,16,k16,False,0.6903548240661621,videomamba,driveact
vp15_run1_2018-05-30-13-05-35_10300_10347,0,46,16,8,16,k16,True,0.32416239380836487,videomamba,driveact
vp15_run2_2018-05-30-13-34-33_5786_5802,0,17,16,8,16,k16,False,0.5016255974769592,videomamba,driveact
vp14_run2_2018-05-30-10-42-33_16271_16309,0,38,16,8,16,k16,False,0.3266148269176483,videomamba,driveact
vp15_run2_2018-05-30-13-34-33_6488_6516,0,29,16,8,16,k16,True,0.20854158699512482,videomamba,driveact
vp15_run1_2018-05-30-13-05-35_10347_10394,0,47,16,8,16,k16,False,0.3811012804508209,videomamba,driveact
vp14_run1_2018-05-30-10-11-09_12052_12093,0,40,16,8,16,k16,False,0.8408534526824951,videomamba,driveact
vp14_run2_2018-05-30-10-42-33_20272_20317,0,44,16,8,16,k16,False,0.6929165720939636,videomamba,driveact
vp15_run1_2018-05-30-13-05-35_5045_5090,0,45,16,8,16,k16,False,0.5225881934165955,videomamba,driveact
vp14_run1_2018-05-30-10-11-09_104_124,1,20,16,8,16,k16,False,0.19973155856132507,videomamba,driveact
vp15_run2_2018-05-30-13-34-33_169_183,1,13,13,8,16,k16,False,0.690876305103302,videomamba,driveact
vp15_run1_2018-05-30-13-05-35_144_160,1,17,16,8,16,k16,True,0.42097944021224976,videomamba,driveact
vp14_run2_2018-05-30-10-42-33_114_128,1,14,14,8,16,k16,True,0.3996381461620331,videomamba,driveact
vp14_run1_2018-05-30-10-11-09_24557_24581,2,24,16,8,16,k16,False,0.37182188034057617,videomamba,driveact
vp15_run1_2018-05-30-13-05-35_18818_18841,2,23,16,8,16,k16,False,0.4641168713569641,videomamba,driveact
vp15_run2_2018-05-30-13-34-33_19707_19726,2,20,16,8,16,k16,True,0.37489771842956543,videomamba,driveact
vp14_run2_2018-05-30-10-42-33_22339_22349,2,10,10,8,16,k16,False,0.3598015606403351,videomamba,driveact
vp14_run1_2018-05-30-10-11-09_23166_23211,3,45,16,8,16,k16,False,0.6185405254364014,videomamba,driveact
vp14_run2_2018-05-30-10-42-33_13691_13733,3,42,16,8,16,k16,False,0.5908459424972534,videomamba,driveact
vp15_run1_2018-05-30-13-05-35_6441_6476,3,35,16,8,16,k16,False,0.8035148978233337,videomamba,driveact
vp14_run1_2018-05-30-10-11-09_23211_23244,3,33,16,8,16,k16,False,0.740913987159729,videomamba,driveact
vp14_run1_2018-05-30-10-11-09_23119_23166,3,46,16,8,16,k16,False,0.43327486515045166,videomamba,driveact
vp15_run1_2018-05-30-13-05-35_6768_6800,3,32,16,8,16,k16,False,0.47714847326278687,videomamba,driveact
vp15_run2_2018-05-30-13-34-33_7678_7702,3,23,16,8,16,k16,False,0.3289933204650879,videomamba,driveact
vp14_run2_2018-05-30-10-42-33_20205_20251,4,47,16,8,16,k16,False,0.9771155118942261,videomamba,driveact
vp14_run2_2018-05-30-10-42-33_20115_20160,4,45,16,8,16,k16,False,0.9442194700241089,videomamba,driveact
vp14_run2_2018-05-30-10-42-33_3770_3816,4,47,16,8,16,k16,False,0.9613998532295227,videomamba,driveact
vp14_run2_2018-05-30-10-42-33_16194_16240,4,47,16,8,16,k16,False,0.9593085050582886,videomamba,driveact
vp15_run2_2018-05-30-13-34-33_6443_6488,4,45,16,8,16,k16,False,0.2903083264827728,videomamba,driveact
vp14_run1_2018-05-30-10-11-09_5918_5963,4,45,16,8,16,k16,False,0.5546998381614685,videomamba,driveact
vp15_run1_2018-05-30-13-05-35_4994_5040,4,47,16,8,16,k16,False,0.3681142330169678,videomamba,driveact
vp15_run1_2018-05-30-13-05-35_10269_10300,4,32,16,8,16,k16,False,0.34139329195022583,videomamba,driveact
vp15_run1_2018-05-30-13-05-35_4554_4563,4,9,9,8,16,k16,False,0.499044269323349,videomamba,driveact
vp14_run2_2018-05-30-10-42-33_3816_3842,4,26,16,8,16,k16,False,0.9614740014076233,videomamba,driveact
vp15_run1_2018-05-30-13-05-35_10223_10269,4,47,16,8,16,k16,False,0.3339984118938446,videomamba,driveact
vp15_run2_2018-05-30-13-34-33_5728_5773,4,44,16,8,16,k16,False,0.6771280169487,videomamba,driveact
vp14_run1_2018-05-30-10-11-09_5873_5918,4,45,16,8,16,k16,False,0.9539650678634644,videomamba,driveact
vp14_run2_2018-05-30-10-42-33_20160_20205,4,45,16,8,16,k16,False,0.9357362389564514,videomamba,driveact
vp14_run1_2018-05-30-10-11-09_12044_12052,4,8,8,8,16,k16,False,0.6048794388771057,videomamba,driveact
vp15_run2_2018-05-30-13-34-33_5773_5786,4,13,13,8,16,k16,False,0.8658883571624756,videomamba,driveact
vp14_run2_2018-05-30-10-42-33_16240_16271,4,31,16,8,16,k16,False,0.9742252230644226,videomamba,driveact
vp14_run2_2018-05-30-10-42-33_20251_20272,4,20,16,8,16,k16,False,0.9573869109153748,videomamba,driveact
vp15_run1_2018-05-30-13-05-35_4508_4554,4,47,16,8,16,k16,False,0.6997148394584656,videomamba,driveact
vp14_run1_2018-05-30-10-11-09_11998_12044,4,46,16,8,16,k16,False,0.7068729400634766,videomamba,driveact
vp14_run2_2018-05-30-10-42-33_17604_17649,5,45,16,8,16,k16,True,0.9722790718078613,videomamba,driveact
vp15_run2_2018-05-30-13-34-33_5597_5627,5,30,16,8,16,k16,False,0.2963469624519348,videomamba,driveact
vp14_run1_2018-05-30-10-11-09_20057_20102,5,45,16,8,16,k16,True,0.9343962669372559,videomamba,driveact
vp14_run1_2018-05-30-10-11-09_17724_17771,5,47,16,8,16,k16,False,0.8862799406051636,videomamba,driveact
vp14_run1_2018-05-30-10-11-09_17453_17498,5,45,16,8,16,k16,True,0.9648501873016357,videomamba,driveact
vp14_run1_2018-05-30-10-11-09_20467_20513,5,46,16,8,16,k16,True,0.7887029051780701,videomamba,driveact
vp14_run2_2018-05-30-10-42-33_15688_15699,5,10,10,8,16,k16,True,0.9669861793518066,videomamba,driveact
vp14_run1_2018-05-30-10-11-09_17863_17908,5,44,16,8,16,k16,True,0.952178418636322,videomamba,driveact
vp14_run1_2018-05-30-10-11-09_20513_20558,5,45,16,8,16,k16,False,0.727796196937561,videomamba,driveact
vp14_run1_2018-05-30-10-11-09_18091_18136,5,44,16,8,16,k16,False,0.5321609377861023,videomamba,driveact
vp14_run2_2018-05-30-10-42-33_17831_17876,5,45,16,8,16,k16,True,0.9446810483932495,videomamba,driveact
vp14_run2_2018-05-30-10-42-33_15551_15597,5,47,16,8,16,k16,True,0.947346031665802,videomamba,driveact
vp14_run2_2018-05-30-10-42-33_18689_18734,5,45,16,8,16,k16,False,0.8988164663314819,videomamba,driveact
vp14_run2_2018-05-30-10-42-33_17649_17694,5,45,16,8,16,k16,True,0.9807207584381104,videomamba,driveact
vp14_run1_2018-05-30-10-11-09_19691_19738,5,47,16,8,16,k16,True,0.9521772265434265,videomamba,driveact
vp14_run2_2018-05-30-10-42-33_17694_17739,5,45,16,8,16,k16,True,0.9844158291816711,videomamba,driveact
vp14_run2_2018-05-30-10-42-33_17512_17558,5,46,16,8,16,k16,True,0.9703717827796936,videomamba,driveact
vp14_run1_2018-05-30-10-11-09_20240_20285,5,45,16,8,16,k16,True,0.6547227501869202,videomamba,driveact
vp14_run2_2018-05-30-10-42-33_15415_15461,5,46,16,8,16,k16,True,0.6542827486991882,videomamba,driveact
vp14_run1_2018-05-30-10-11-09_17771_17817,5,47,16,8,16,k16,True,0.7746372818946838,videomamba,driveact
vp15_run2_2018-05-30-13-34-33_120_166,6,47,16,8,16,k16,True,0.4590960741043091,videomamba,driveact
vp14_run2_2018-05-30-10-42-33_74_114,6,41,16,8,16,k16,True,0.47421321272850037,videomamba,driveact
vp15_run1_2018-05-30-13-05-35_87_132,6,45,16,8,16,k16,True,0.38110506534576416,videomamba,driveact
vp14_run1_2018-05-30-10-11-09_82_104,6,22,16,8,16,k16,True,0.5887304544448853,videomamba,driveact
vp15_run1_2018-05-30-13-05-35_132_144,6,12,12,8,16,k16,False,0.1759987324476242,videomamba,driveact
vp15_run1_2018-05-30-13-05-35_18755_18801,7,47,16,8,16,k16,True,0.575676679611206,videomamba,driveact
vp15_run2_2018-05-30-13-34-33_19680_19702,7,23,16,8,16,k16,True,0.48390069603919983,videomamba,driveact
vp14_run2_2018-05-30-10-42-33_22295_22339,7,44,16,8,16,k16,True,0.5304630398750305,videomamba,driveact
vp14_run1_2018-05-30-10-11-09_24520_24557,7,37,16,8,16,k16,True,0.6266909241676331,videomamba,driveact
vp15_run1_2018-05-30-13-05-35_18801_18818,7,17,16,8,16,k16,True,0.5159901976585388,videomamba,driveact
vp15_run2_2018-05-30-13-34-33_19635_19680,7,45,16,8,16,k16,True,0.4504743814468384,videomamba,driveact
vp14_run1_2018-05-30-10-11-09_24474_24520,7,47,16,8,16,k16,True,0.39458009600639343,videomamba,driveact
vp14_run1_2018-05-30-10-11-09_12362_12407,8,45,16,8,16,k16,False,0.5507897734642029,videomamba,driveact
vp14_run1_2018-05-30-10-11-09_124_170,8,46,16,8,16,k16,True,0.8967028856277466,videomamba,driveact
vp14_run1_2018-05-30-10-11-09_13161_13207,8,47,16,8,16,k16,False,0.8178041577339172,videomamba,driveact
vp14_run2_2018-05-30-10-42-33_142_188,8,46,16,8,16,k16,True,0.7449190616607666,videomamba,driveact
vp14_run1_2018-05-30-10-11-09_12407_12452,8,45,16,8,16,k16,False,0.4287568926811218,videomamba,driveact
vp14_run1_2018-05-30-10-11-09_170_215,8,45,16,8,16,k16,True,0.7631229758262634,videomamba,driveact
vp14_run2_2018-05-30-10-42-33_188_234,8,47,16,8,16,k16,True,0.6433418989181519,videomamba,driveact
vp15_run1_2018-05-30-13-05-35_256_301,8,44,16,8,16,k16,True,0.8753874897956848,videomamba,driveact
vp14_run1_2018-05-30-10-11-09_215_248,8,33,16,8,16,k16,True,0.7156774997711182,videomamba,driveact
vp15_run1_2018-05-30-13-05-35_301_346,8,44,16,8,16,k16,True,0.9035683274269104,videomamba,driveact
vp15_run1_2018-05-30-13-05-35_346_354,8,7,7,8,16,k16,True,0.5852980613708496,videomamba,driveact
vp15_run2_2018-05-30-13-34-33_242_288,8,47,16,8,16,k16,True,0.9423547387123108,videomamba,driveact
vp15_run2_2018-05-30-13-34-33_197_242,8,45,16,8,16,k16,True,0.8806569576263428,videomamba,driveact
vp15_run1_2018-05-30-13-05-35_15668_15713,9,45,16,8,16,k16,False,0.35557714104652405,videomamba,driveact
vp14_run2_2018-05-30-10-42-33_15699_15745,9,47,16,8,16,k16,False,0.8374026417732239,videomamba,driveact
vp14_run1_2018-05-30-10-11-09_11904_11942,9,38,16,8,16,k16,True,0.9194002747535706,videomamba,driveact
vp14_run1_2018-05-30-10-11-09_22306_22351,9,44,16,8,16,k16,False,0.30664435029029846,videomamba,driveact
vp14_run1_2018-05-30-10-11-09_10272_10292,9,20,16,8,16,k16,False,0.30838578939437866,videomamba,driveact
vp14_run1_2018-05-30-10-11-09_21666_21711,9,45,16,8,16,k16,False,0.7746316194534302,videomamba,driveact
vp15_run2_2018-05-30-13-34-33_6781_6800,9,19,16,8,16,k16,True,0.879467785358429,videomamba,driveact
vp15_run1_2018-05-30-13-05-35_6374_6385,9,11,11,8,16,k16,False,0.42015424370765686,videomamba,driveact
vp15_run1_2018-05-30-13-05-35_4575_4609,9,35,16,8,16,k16,False,0.29271212220191956,videomamba,driveact
vp15_run1_2018-05-30-13-05-35_7194_7239,9,45,16,8,16,k16,True,0.92668616771698,videomamba,driveact
vp14_run2_2018-05-30-10-42-33_12363_12379,9,17,16,8,16,k16,False,0.394805908203125,videomamba,driveact
vp14_run2_2018-05-30-10-42-33_12226_12270,9,43,16,8,16,k16,True,0.5075101852416992,videomamba,driveact
vp14_run2_2018-05-30-10-42-33_8133_8178,9,45,16,8,16,k16,False,0.38738253712654114,videomamba,driveact
vp14_run1_2018-05-30-10-11-09_21527_21573,9,47,16,8,16,k16,False,0.28560763597488403,videomamba,driveact
vp14_run2_2018-05-30-10-42-33_21057_21103,9,47,16,8,16,k16,True,0.8919849991798401,videomamba,driveact
vp14_run2_2018-05-30-10-42-33_20000_20030,9,30,16,8,16,k16,True,0.9313946962356567,videomamba,driveact
vp14_run1_2018-05-30-10-11-09_6973_7018,9,44,16,8,16,k16,True,0.5541951060295105,videomamba,driveact
vp15_run2_2018-05-30-13-34-33_7002_7047,9,45,16,8,16,k16,False,0.5029857754707336,videomamba,driveact
vp14_run1_2018-05-30-10-11-09_5633_5678,9,45,16,8,16,k16,True,0.18674767017364502,videomamba,driveact
vp14_run1_2018-05-30-10-11-09_7107_7131,9,24,16,8,16,k16,False,0.812907338142395,videomamba,driveact
vp14_run1_2018-05-30-10-11-09_22953_23000,10,47,16,8,16,k16,True,0.9694262146949768,videomamba,driveact
vp14_run2_2018-05-30-10-42-33_21239_21283,10,44,16,8,16,k16,True,0.8937290906906128,videomamba,driveact
vp14_run1_2018-05-30-10-11-09_22545_22590,10,45,16,8,16,k16,True,0.9843111634254456,videomamba,driveact
vp15_run1_2018-05-30-13-05-35_6752_6768,10,17,16,8,16,k16,False,0.4503016471862793,videomamba,driveact
vp14_run2_2018-05-30-10-42-33_21374_21420,10,47,16,8,16,k16,True,0.9430158734321594,videomamba,driveact
vp14_run2_2018-05-30-10-42-33_13102_13147,10,44,16,8,16,k16,True,0.9555957317352295,videomamba,driveact
vp14_run2_2018-05-30-10-42-33_21148_21193,10,44,16,8,16,k16,True,0.8568068742752075,videomamba,driveact
vp14_run1_2018-05-30-10-11-09_12714_12743,10,29,16,8,16,k16,False,0.7177284359931946,videomamba,driveact
vp14_run2_2018-05-30-10-42-33_8273_8318,10,45,16,8,16,k16,True,0.9824627637863159,videomamba,driveact
vp15_run2_2018-05-30-13-34-33_7067_7112,10,45,16,8,16,k16,True,0.8688061237335205,videomamba,driveact
vp15_run2_2018-05-30-13-34-33_7350_7395,10,45,16,8,16,k16,True,0.7738863825798035,videomamba,driveact
vp14_run2_2018-05-30-10-42-33_13193_13238,10,45,16,8,16,k16,True,0.9839711785316467,videomamba,driveact
vp14_run2_2018-05-30-10-42-33_13374_13420,10,47,16,8,16,k16,True,0.9708387851715088,videomamba,driveact
vp14_run1_2018-05-30-10-11-09_22818_22862,10,44,16,8,16,k16,True,0.9281705617904663,videomamba,driveact
vp14_run2_2018-05-30-10-42-33_13465_13510,10,44,16,8,16,k16,True,0.9804720282554626,videomamba,driveact
vp14_run1_2018-05-30-10-11-09_3681_3727,10,47,1,8,1,k1,False,0.9924110174179077,videomamba,driveact
vp15_run2_2018-05-30-13-34-33_7442_7487,10,45,1,8,1,k1,True,0.37726151943206787,videomamba,driveact
vp15_run1_2018-05-30-13-05-35_6549_6595,10,47,1,8,1,k1,False,0.28263282775878906,videomamba,driveact
vp14_run1_2018-05-30-10-11-09_13394_13432,10,38,1,8,1,k1,False,0.4339430630207062,videomamba,driveact
vp15_run1_2018-05-30-13-05-35_6615_6662,10,47,1,8,1,k1,False,0.7803694605827332,videomamba,driveact
vp15_run2_2018-05-30-13-34-33_7945_7958,11,13,1,8,1,k1,False,0.9970086216926575,videomamba,driveact
vp15_run1_2018-05-30-13-05-35_6175_6220,11,44,1,8,1,k1,False,0.4515542984008789,videomamba,driveact
vp15_run1_2018-05-30-13-05-35_6220_6262,11,41,1,8,1,k1,False,0.9048563241958618,videomamba,driveact
vp14_run2_2018-05-30-10-42-33_8491_8533,11,41,1,8,1,k1,False,0.529817521572113,videomamba,driveact
vp14_run2_2018-05-30-10-42-33_12164_12210,11,47,1,8,1,k1,False,0.9789950251579285,videomamba,driveact
vp14_run2_2018-05-30-10-42-33_12210_12226,11,17,1,8,1,k1,False,0.994999885559082,videomamba,driveact
vp15_run2_2018-05-30-13-34-33_7900_7945,11,44,1,8,1,k1,False,0.9971311092376709,videomamba,driveact
vp15_run2_2018-05-30-13-34-33_13529_13546,11,17,1,8,1,k1,False,0.9396104216575623,videomamba,driveact
vp14_run2_2018-05-30-10-42-33_8445_8491,11,47,1,8,1,k1,False,0.364723265171051,videomamba,driveact
vp15_run2_2018-05-30-13-34-33_10121_10158,11,38,1,8,1,k1,False,0.3775576055049896,videomamba,driveact
vp15_run2_2018-05-30-13-34-33_6702_6735,11,33,1,8,1,k1,False,0.8245747685432434,videomamba,driveact
vp15_run2_2018-05-30-13-34-33_5715_5728,13,14,1,8,1,k1,False,0.36535927653312683,videomamba,driveact
vp14_run1_2018-05-30-10-11-09_11942_11987,13,45,1,8,1,k1,False,0.23649755120277405,videomamba,driveact
vp14_run2_2018-05-30-10-42-33_20055_20100,13,45,1,8,1,k1,False,0.9600025415420532,videomamba,driveact
vp15_run1_2018-05-30-13-05-35_10155_10200,13,45,1,8,1,k1,False,0.7474379539489746,videomamba,driveact
vp14_run2_2018-05-30-10-42-33_20100_20115,13,15,1,8,1,k1,False,0.9031842350959778,videomamba,driveact
vp14_run2_2018-05-30-10-42-33_16169_16194,13,26,1,8,1,k1,True,0.3482219874858856,videomamba,driveact
vp15_run2_2018-05-30-13-34-33_5669_5715,13,47,1,8,1,k1,False,0.5938063263893127,videomamba,driveact
vp15_run2_2018-05-30-13-34-33_6415_6443,13,28,1,8,1,k1,True,0.5856133699417114,videomamba,driveact
vp14_run1_2018-05-30-10-11-09_5855_5873,13,18,1,8,1,k1,False,0.8906511068344116,videomamba,driveact
vp14_run2_2018-05-30-10-42-33_3685_3731,13,46,1,8,1,k1,False,0.8003993630409241,videomamba,driveact
vp15_run1_2018-05-30-13-05-35_4451_4497,13,47,1,8,1,k1,False,0.6387503743171692,videomamba,driveact
vp14_run1_2018-05-30-10-11-09_11987_11998,13,11,1,8,1,k1,True,0.3470984697341919,videomamba,driveact
vp14_run2_2018-05-30-10-42-33_3731_3770,13,39,1,8,1,k1,False,0.9050953388214111,videomamba,driveact
vp14_run1_2018-05-30-10-11-09_5763_5809,13,47,1,8,1,k1,False,0.7977011203765869,videomamba,driveact
vp14_run2_2018-05-30-10-42-33_16124_16169,13,45,1,8,1,k1,False,0.8246187567710876,videomamba,driveact
vp14_run1_2018-05-30-10-11-09_5809_5855,13,46,1,8,1,k1,False,0.7586724162101746,videomamba,driveact
vp15_run1_2018-05-30-13-05-35_4497_4508,13,11,1,8,1,k1,False,0.25625884532928467,videomamba,driveact
vp15_run1_2018-05-30-13-05-35_10200_10223,13,23,1,8,1,k1,True,0.28995174169540405,videomamba,driveact
vp14_run2_2018-05-30-10-42-33_22235_22280,14,45,1,8,1,k1,False,0.42564594745635986,videomamba,driveact
vp15_run2_2018-05-30-13-34-33_19604_19635,14,32,1,8,1,k1,True,0.17968812584877014,videomamba,driveact
vp14_run1_2018-05-30-10-11-09_24456_24474,14,18,1,8,1,k1,False,0.3108281195163727,videomamba,driveact
vp14_run1_2018-05-30-10-11-09_24410_24456,14,47,1,8,1,k1,False,0.9951006770133972,videomamba,driveact
vp15_run1_2018-05-30-13-05-35_18724_18755,14,31,1,8,1,k1,False,0.2022228091955185,videomamba,driveact
vp14_run2_2018-05-30-10-42-33_22280_22295,14,15,1,8,1,k1,False,0.17276732623577118,videomamba,driveact
vp14_run1_2018-05-30-10-11-09_61_82,15,20,1,8,1,k1,True,0.6109948754310608,videomamba,driveact
vp15_run1_2018-05-30-13-05-35_61_87,15,25,1,8,1,k1,True,0.5573074221611023,videomamba,driveact
vp14_run2_2018-05-30-10-42-33_44_74,15,30,1,8,1,k1,True,0.3857085108757019,videomamba,driveact
vp15_run2_2018-05-30-13-34-33_99_120,15,21,1,8,1,k1,True,0.69498610496521,videomamba,driveact
vp15_run1_2018-05-30-13-05-35_6599_6615,16,17,1,8,1,k1,False,0.5567288994789124,videomamba,driveact
vp14_run1_2018-05-30-10-11-09_21830_21875,16,45,1,8,1,k1,False,0.29790517687797546,videomamba,driveact
vp15_run2_2018-05-30-13-34-33_6800_6847,16,47,1,8,1,k1,False,0.8928062319755554,videomamba,driveact
vp15_run1_2018-05-30-13-05-35_5948_5960,16,12,1,8,1,k1,False,0.6554356813430786,videomamba,driveact
vp14_run2_2018-05-30-10-42-33_12428_12468,16,41,1,8,1,k1,False,0.9755871891975403,videomamba,driveact
vp14_run1_2018-05-30-10-11-09_21784_21830,16,46,1,8,1,k1,False,0.6811164617538452,videomamba,driveact
vp15_run2_2018-05-30-13-34-33_6847_6885,16,37,1,8,1,k1,False,0.3417279124259949,videomamba,driveact
vp14_run1_2018-05-30-10-11-09_21875_21919,16,44,1,8,1,k1,False,0.9044181108474731,videomamba,driveact
vp14_run1_2018-05-30-10-11-09_21740_21784,16,44,1,8,1,k1,False,0.9907656908035278,videomamba,driveact
vp15_run1_2018-05-30-13-05-35_5874_5909,16,35,1,8,1,k1,False,0.4204961061477661,videomamba,driveact
vp15_run1_2018-05-30-13-05-35_5828_5874,16,47,1,8,1,k1,False,0.9783921241760254,videomamba,driveact
vp14_run2_2018-05-30-10-42-33_13778_13820,17,42,1,8,1,k1,False,0.25656649470329285,videomamba,driveact
vp15_run2_2018-05-30-13-34-33_9246_9292,17,47,1,8,1,k1,True,0.8103746771812439,videomamba,driveact
vp15_run2_2018-05-30-13-34-33_7747_7769,17,22,1,8,1,k1,True,0.3355634808540344,videomamba,driveact
vp14_run2_2018-05-30-10-42-33_11982_12001,17,20,1,8,1,k1,False,0.9902191758155823,videomamba,driveact
vp14_run2_2018-05-30-10-42-33_19252_19297,17,44,1,8,1,k1,False,0.9702904224395752,videomamba,driveact
vp15_run1_2018-05-30-13-05-35_6385_6421,17,35,1,8,1,k1,False,0.7488065958023071,videomamba,driveact
vp14_run2_2018-05-30-10-42-33_20324_20345,17,21,1,8,1,k1,False,0.9959468245506287,videomamba,driveact
vp14_run1_2018-05-30-10-11-09_10035_10080,17,45,1,8,1,k1,False,0.44802960753440857,videomamba,driveact
vp14_run1_2018-05-30-10-11-09_23244_23290,17,47,1,8,1,k1,False,0.9643344283103943,videomamba,driveact
vp14_run1_2018-05-30-10-11-09_20839_20884,17,44,1,8,1,k1,False,0.8708744049072266,videomamba,driveact
vp14_run1_2018-05-30-10-11-09_6033_6078,17,45,1,8,1,k1,False,0.3078414499759674,videomamba,driveact
vp14_run2_2018-05-30-10-42-33_10144_10189,17,44,1,8,1,k1,False,0.22499021887779236,videomamba,driveact
vp14_run1_2018-05-30-10-11-09_3899_3918,17,20,1,8,1,k1,False,0.19712695479393005,videomamba,driveact
vp15_run1_2018-05-30-13-05-35_17835_17878,17,44,1,8,1,k1,False,0.4253760576248169,videomamba,driveact
vp15_run1_2018-05-30-13-05-35_15124_15161,17,37,1,8,1,k1,False,0.4695908725261688,videomamba,driveact
vp14_run1_2018-05-30-10-11-09_23063_23108,17,45,1,8,1,k1,False,0.9653072953224182,videomamba,driveact
vp14_run1_2018-05-30-10-11-09_3808_3854,17,46,1,8,1,k1,False,0.49098867177963257,videomamba,driveact
vp14_run1_2018-05-30-10-11-09_6921_6966,17,45,1,8,1,k1,False,0.8672131299972534,videomamba,driveact
vp15_run2_2018-05-30-13-34-33_12431_12451,17,20,1,8,1,k1,True,0.26068615913391113,videomamba,driveact
vp15_run2_2018-05-30-13-34-33_6516_6526,17,11,1,8,1,k1,False,0.31019842624664307,videomamba,driveact
vp15_run1_2018-05-30-13-05-35_4173_4218,18,45,1,8,1,k1,True,0.14129717648029327,videomamba,driveact
vp15_run1_2018-05-30-13-05-35_4218_4263,18,45,1,8,1,k1,False,0.975735604763031,videomamba,driveact
vp15_run2_2018-05-30-13-34-33_5458_5503,18,44,1,8,1,k1,False,0.42104560136795044,videomamba,driveact
vp15_run1_2018-05-30-13-05-35_4263_4274,18,11,1,8,1,k1,False,0.9704889059066772,videomamba,driveact
vp15_run2_2018-05-30-13-34-33_5412_5458,18,47,1,8,1,k1,False,0.368889719247818,videomamba,driveact
vp14_run1_2018-05-30-10-11-09_6100_6135,19,34,1,8,1,k1,True,0.6895847916603088,videomamba,driveact
vp15_run1_2018-05-30-13-05-35_5603_5614,19,11,1,8,1,k1,True,0.9560762047767639,videomamba,driveact
vp14_run1_2018-05-30-10-11-09_19092_19109,19,17,1,8,1,k1,True,0.937292754650116,videomamba,driveact
vp14_run1_2018-05-30-10-11-09_23828_23868,19,41,1,8,1,k1,True,0.5384405851364136,videomamba,driveact
vp14_run2_2018-05-30-10-42-33_21617_21626,19,9,1,8,1,k1,False,0.24618427455425262,videomamba,driveact
vp14_run1_2018-05-30-10-11-09_6532_6545,19,13,1,8,1,k1,True,0.3301023244857788,videomamba,driveact
vp15_run2_2018-05-30-13-34-33_3486_3530,19,44,1,8,1,k1,False,0.538291335105896,videomamba,driveact
vp15_run2_2018-05-30-13-34-33_3530_3551,19,21,1,8,1,k1,True,0.8005043864250183,videomamba,driveact
vp14_run2_2018-05-30-10-42-33_14307_14319,19,12,1,8,1,k1,True,0.9040841460227966,videomamba,driveact
vp14_run2_2018-05-30-10-42-33_9619_9627,19,7,1,8,1,k1,True,0.5691012144088745,videomamba,driveact
vp14_run2_2018-05-30-10-42-33_13931_13976,19,45,1,8,1,k1,True,0.5182544589042664,videomamba,driveact
vp15_run1_2018-05-30-13-05-35_9434_9445,19,11,1,8,1,k1,True,0.9447929859161377,videomamba,driveact
vp14_run2_2018-05-30-10-42-33_21572_21617,19,45,1,8,1,k1,True,0.2797790765762329,videomamba,driveact
vp14_run1_2018-05-30-10-11-09_11725_11733,19,7,1,8,1,k1,True,0.8902760148048401,videomamba,driveact
vp14_run2_2018-05-30-10-42-33_19945_19955,19,10,1,8,1,k1,True,0.9481843709945679,videomamba,driveact
vp14_run1_2018-05-30-10-11-09_11236_11262,19,25,1,8,1,k1,False,0.5880924463272095,videomamba,driveact
vp14_run1_2018-05-30-10-11-09_5067_5077,19,11,1,8,1,k1,True,0.8978241682052612,videomamba,driveact
vp14_run1_2018-05-30-10-11-09_3350_3362,19,12,1,8,1,k1,True,0.93586266040802,videomamba,driveact
vp14_run2_2018-05-30-10-42-33_15003_15038,19,35,1,8,1,k1,True,0.5277310609817505,videomamba,driveact
vp14_run1_2018-05-30-10-11-09_11041_11086,19,44,1,8,1,k1,True,0.9451969861984253,videomamba,driveact
vp15_run1_2018-05-30-13-05-35_6828_6873,20,45,1,8,1,k1,False,0.976020336151123,videomamba,driveact
vp15_run1_2018-05-30-13-05-35_14404_14450,21,46,1,8,1,k1,True,0.4734044671058655,videomamba,driveact
vp15_run1_2018-05-30-13-05-35_14360_14404,21,44,1,8,1,k1,False,0.2667727768421173,videomamba,driveact
vp15_run1_2018-05-30-13-05-35_14495_14540,21,45,1,8,1,k1,False,0.39491936564445496,videomamba,driveact
vp14_run2_2018-05-30-10-42-33_6651_6696,21,45,1,8,1,k1,False,0.4873029887676239,videomamba,driveact
vp14_run2_2018-05-30-10-42-33_6787_6832,21,44,1,8,1,k1,True,0.7902653813362122,videomamba,driveact
vp15_run2_2018-05-30-13-34-33_13832_13877,21,45,1,8,1,k1,False,0.5833138227462769,videomamba,driveact
vp15_run1_2018-05-30-13-05-35_14314_14360,21,46,1,8,1,k1,False,0.27633365988731384,videomamba,driveact
vp15_run1_2018-05-30-13-05-35_14131_14177,21,46,1,8,1,k1,True,0.30611568689346313,videomamba,driveact
vp15_run2_2018-05-30-13-34-33_13785_13832,21,47,1,8,1,k1,False,0.9835360050201416,videomamba,driveact
vp14_run2_2018-05-30-10-42-33_7195_7243,21,47,1,8,1,k1,False,0.9044060111045837,videomamba,driveact
vp15_run2_2018-05-30-13-34-33_13603_13648,21,44,1,8,1,k1,False,0.1992618888616562,videomamba,driveact
vp15_run1_2018-05-30-13-05-35_14540_14585,21,45,1,8,1,k1,False,0.5951930284500122,videomamba,driveact
vp14_run2_2018-05-30-10-42-33_7288_7333,21,44,1,8,1,k1,True,0.19642648100852966,videomamba,driveact
vp14_run2_2018-05-30-10-42-33_7150_7195,21,44,1,8,1,k1,False,0.36423227190971375,videomamba,driveact
vp14_run2_2018-05-30-10-42-33_6696_6742,21,47,1,8,1,k1,False,0.3770902156829834,videomamba,driveact
vp14_run2_2018-05-30-10-42-33_7105_7150,21,44,1,8,1,k1,False,0.9888457655906677,videomamba,driveact
vp14_run2_2018-05-30-10-42-33_6742_6787,21,44,1,8,1,k1,False,0.9399242997169495,videomamba,driveact
vp14_run2_2018-05-30-10-42-33_6878_6924,21,47,1,8,1,k1,False,0.3635950982570648,videomamba,driveact
vp15_run2_2018-05-30-13-34-33_13968_14013,21,45,1,8,1,k1,False,0.2960259020328522,videomamba,driveact
vp14_run2_2018-05-30-10-42-33_6832_6878,21,46,1,8,1,k1,True,0.5568506717681885,videomamba,driveact
vp15_run2_2018-05-30-13-34-33_12749_12795,22,47,1,8,1,k1,False,0.2089286744594574,videomamba,driveact
vp14_run1_2018-05-30-10-11-09_10292_10334,22,42,1,8,1,k1,False,0.38897043466567993,videomamba,driveact
vp15_run1_2018-05-30-13-05-35_8577_8623,22,47,1,8,1,k1,False,0.5171299576759338,videomamba,driveact
vp15_run1_2018-05-30-13-05-35_8623_8664,22,40,1,8,1,k1,False,0.9541024565696716,videomamba,driveact
vp15_run2_2018-05-30-13-34-33_12795_12805,22,11,1,8,1,k1,False,0.2101442664861679,videomamba,driveact
vp14_run1_2018-05-30-10-11-09_10107_10133,22,26,1,8,1,k1,False,0.21550269424915314,videomamba,driveact
vp15_run2_2018-05-30-13-34-33_12366_12398,22,32,1,8,1,k1,False,0.308666467666626,videomamba,driveact
vp14_run1_2018-05-30-10-11-09_3681_3727,10,47,2,8,2,k2,False,0.9873191118240356,videomamba,driveact
vp15_run2_2018-05-30-13-34-33_7442_7487,10,45,2,8,2,k2,True,0.4807543158531189,videomamba,driveact
vp15_run1_2018-05-30-13-05-35_6549_6595,10,47,2,8,2,k2,False,0.6275259852409363,videomamba,driveact
vp14_run1_2018-05-30-10-11-09_13394_13432,10,38,2,8,2,k2,False,0.33377981185913086,videomamba,driveact
vp15_run1_2018-05-30-13-05-35_6615_6662,10,47,2,8,2,k2,False,0.6576199531555176,videomamba,driveact
vp15_run2_2018-05-30-13-34-33_7945_7958,11,13,2,8,2,k2,False,0.983641505241394,videomamba,driveact
vp15_run1_2018-05-30-13-05-35_6175_6220,11,44,2,8,2,k2,False,0.6771904230117798,videomamba,driveact
vp15_run1_2018-05-30-13-05-35_6220_6262,11,41,2,8,2,k2,False,0.9263516664505005,videomamba,driveact
vp14_run2_2018-05-30-10-42-33_8491_8533,11,41,2,8,2,k2,False,0.6655610203742981,videomamba,driveact
vp14_run2_2018-05-30-10-42-33_12164_12210,11,47,2,8,2,k2,False,0.9752705097198486,videomamba,driveact
vp14_run2_2018-05-30-10-42-33_12210_12226,11,17,2,8,2,k2,False,0.9946803450584412,videomamba,driveact
vp15_run2_2018-05-30-13-34-33_7900_7945,11,44,2,8,2,k2,False,0.9943991303443909,videomamba,driveact
vp15_run2_2018-05-30-13-34-33_13529_13546,11,17,2,8,2,k2,False,0.6057760119438171,videomamba,driveact
vp14_run2_2018-05-30-10-42-33_8445_8491,11,47,2,8,2,k2,False,0.26359763741493225,videomamba,driveact
vp15_run2_2018-05-30-13-34-33_10121_10158,11,38,2,8,2,k2,False,0.5109255313873291,videomamba,driveact
vp15_run2_2018-05-30-13-34-33_6702_6735,11,33,2,8,2,k2,False,0.28239819407463074,videomamba,driveact
vp15_run2_2018-05-30-13-34-33_5715_5728,13,14,2,8,2,k2,False,0.5277661085128784,videomamba,driveact
vp14_run1_2018-05-30-10-11-09_11942_11987,13,45,2,8,2,k2,True,0.32315292954444885,videomamba,driveact
vp14_run2_2018-05-30-10-42-33_20055_20100,13,45,2,8,2,k2,False,0.9695706367492676,videomamba,driveact
vp15_run1_2018-05-30-13-05-35_10155_10200,13,45,2,8,2,k2,True,0.3347974419593811,videomamba,driveact
vp14_run2_2018-05-30-10-42-33_20100_20115,13,15,2,8,2,k2,False,0.4081811010837555,videomamba,driveact
vp14_run2_2018-05-30-10-42-33_16169_16194,13,26,2,8,2,k2,True,0.36525994539260864,videomamba,driveact
vp15_run2_2018-05-30-13-34-33_5669_5715,13,47,2,8,2,k2,False,0.5848926901817322,videomamba,driveact
vp15_run2_2018-05-30-13-34-33_6415_6443,13,28,2,8,2,k2,True,0.23522265255451202,videomamba,driveact
vp14_run1_2018-05-30-10-11-09_5855_5873,13,18,2,8,2,k2,False,0.795508623123169,videomamba,driveact
vp14_run2_2018-05-30-10-42-33_3685_3731,13,46,2,8,2,k2,False,0.9181410670280457,videomamba,driveact
vp15_run1_2018-05-30-13-05-35_4451_4497,13,47,2,8,2,k2,False,0.5794979929924011,videomamba,driveact
vp14_run1_2018-05-30-10-11-09_11987_11998,13,11,2,8,2,k2,False,0.5084841251373291,videomamba,driveact
vp14_run2_2018-05-30-10-42-33_3731_3770,13,39,2,8,2,k2,False,0.7489914298057556,videomamba,driveact
vp14_run1_2018-05-30-10-11-09_5763_5809,13,47,2,8,2,k2,False,0.552483320236206,videomamba,driveact
vp14_run2_2018-05-30-10-42-33_16124_16169,13,45,2,8,2,k2,True,0.3232139050960541,videomamba,driveact
vp14_run1_2018-05-30-10-11-09_5809_5855,13,46,2,8,2,k2,False,0.8012470602989197,videomamba,driveact
vp15_run1_2018-05-30-13-05-35_4497_4508,13,11,2,8,2,k2,False,0.34953930974006653,videomamba,driveact
vp15_run1_2018-05-30-13-05-35_10200_10223,13,23,2,8,2,k2,False,0.3027837574481964,videomamba,driveact
vp14_run2_2018-05-30-10-42-33_22235_22280,14,45,2,8,2,k2,False,0.35903963446617126,videomamba,driveact
vp15_run2_2018-05-30-13-34-33_19604_19635,14,32,2,8,2,k2,False,0.21516847610473633,videomamba,driveact
vp14_run1_2018-05-30-10-11-09_24456_24474,14,18,2,8,2,k2,False,0.48210179805755615,videomamba,driveact
vp14_run1_2018-05-30-10-11-09_24410_24456,14,47,2,8,2,k2,False,0.9416153430938721,videomamba,driveact
vp15_run1_2018-05-30-13-05-35_18724_18755,14,31,2,8,2,k2,True,0.28978416323661804,videomamba,driveact
vp14_run2_2018-05-30-10-42-33_22280_22295,14,15,2,8,2,k2,False,0.2822054922580719,videomamba,driveact
vp14_run1_2018-05-30-10-11-09_61_82,15,20,2,8,2,k2,True,0.41158223152160645,videomamba,driveact
vp15_run1_2018-05-30-13-05-35_61_87,15,25,2,8,2,k2,True,0.46349388360977173,videomamba,driveact
vp14_run2_2018-05-30-10-42-33_44_74,15,30,2,8,2,k2,True,0.6767138242721558,videomamba,driveact
vp15_run2_2018-05-30-13-34-33_99_120,15,21,2,8,2,k2,True,0.675781786441803,videomamba,driveact
vp15_run1_2018-05-30-13-05-35_6599_6615,16,17,2,8,2,k2,False,0.6509784460067749,videomamba,driveact
vp14_run1_2018-05-30-10-11-09_21830_21875,16,45,2,8,2,k2,False,0.8386464715003967,videomamba,driveact
vp15_run2_2018-05-30-13-34-33_6800_6847,16,47,2,8,2,k2,False,0.4821048378944397,videomamba,driveact
vp15_run1_2018-05-30-13-05-35_5948_5960,16,12,2,8,2,k2,False,0.7916799783706665,videomamba,driveact
vp14_run2_2018-05-30-10-42-33_12428_12468,16,41,2,8,2,k2,False,0.3251067101955414,videomamba,driveact
vp14_run1_2018-05-30-10-11-09_21784_21830,16,46,2,8,2,k2,False,0.19204044342041016,videomamba,driveact
vp15_run2_2018-05-30-13-34-33_6847_6885,16,37,2,8,2,k2,False,0.42965349555015564,videomamba,driveact
vp14_run1_2018-05-30-10-11-09_21875_21919,16,44,2,8,2,k2,False,0.5210584402084351,videomamba,driveact
vp14_run1_2018-05-30-10-11-09_21740_21784,16,44,2,8,2,k2,False,0.9250447154045105,videomamba,driveact
vp15_run1_2018-05-30-13-05-35_5874_5909,16,35,2,8,2,k2,False,0.3690177798271179,videomamba,driveact
vp15_run1_2018-05-30-13-05-35_5828_5874,16,47,2,8,2,k2,False,0.3561609089374542,videomamba,driveact
vp14_run2_2018-05-30-10-42-33_13778_13820,17,42,2,8,2,k2,False,0.6718430519104004,videomamba,driveact
vp15_run2_2018-05-30-13-34-33_9246_9292,17,47,2,8,2,k2,True,0.9462006688117981,videomamba,driveact
vp15_run2_2018-05-30-13-34-33_7747_7769,17,22,2,8,2,k2,True,0.36826974153518677,videomamba,driveact
vp14_run2_2018-05-30-10-42-33_11982_12001,17,20,2,8,2,k2,True,0.25543466210365295,videomamba,driveact
vp14_run2_2018-05-30-10-42-33_19252_19297,17,44,2,8,2,k2,False,0.9720465540885925,videomamba,driveact
vp15_run1_2018-05-30-13-05-35_6385_6421,17,35,2,8,2,k2,True,0.6131617426872253,videomamba,driveact
vp14_run2_2018-05-30-10-42-33_20324_20345,17,21,2,8,2,k2,False,0.5953704118728638,videomamba,driveact
vp14_run1_2018-05-30-10-11-09_10035_10080,17,45,2,8,2,k2,False,0.45676499605178833,videomamba,driveact
vp14_run1_2018-05-30-10-11-09_23244_23290,17,47,2,8,2,k2,False,0.24937410652637482,videomamba,driveact
vp14_run1_2018-05-30-10-11-09_20839_20884,17,44,2,8,2,k2,False,0.7998965382575989,videomamba,driveact
vp14_run1_2018-05-30-10-11-09_6033_6078,17,45,2,8,2,k2,True,0.3014773428440094,videomamba,driveact
vp14_run2_2018-05-30-10-42-33_10144_10189,17,44,2,8,2,k2,False,0.37199634313583374,videomamba,driveact
vp14_run1_2018-05-30-10-11-09_3899_3918,17,20,2,8,2,k2,True,0.5109679102897644,videomamba,driveact
vp15_run1_2018-05-30-13-05-35_17835_17878,17,44,2,8,2,k2,True,0.28103506565093994,videomamba,driveact
vp15_run1_2018-05-30-13-05-35_15124_15161,17,37,2,8,2,k2,True,0.5446437001228333,videomamba,driveact
vp14_run1_2018-05-30-10-11-09_23063_23108,17,45,2,8,2,k2,True,0.7345625162124634,videomamba,driveact
vp14_run1_2018-05-30-10-11-09_3808_3854,17,46,2,8,2,k2,True,0.5867024064064026,videomamba,driveact
vp14_run1_2018-05-30-10-11-09_6921_6966,17,45,2,8,2,k2,False,0.7907297015190125,videomamba,driveact
vp15_run2_2018-05-30-13-34-33_12431_12451,17,20,2,8,2,k2,True,0.18034903705120087,videomamba,driveact
vp15_run2_2018-05-30-13-34-33_6516_6526,17,11,2,8,2,k2,True,0.946000874042511,videomamba,driveact
vp15_run1_2018-05-30-13-05-35_4173_4218,18,45,2,8,2,k2,False,0.8660723567008972,videomamba,driveact
vp15_run1_2018-05-30-13-05-35_4218_4263,18,45,2,8,2,k2,False,0.9808542728424072,videomamba,driveact
vp15_run2_2018-05-30-13-34-33_5458_5503,18,44,2,8,2,k2,False,0.3309996724128723,videomamba,driveact
vp15_run1_2018-05-30-13-05-35_4263_4274,18,11,2,8,2,k2,False,0.9294735789299011,videomamba,driveact
vp15_run2_2018-05-30-13-34-33_5412_5458,18,47,2,8,2,k2,False,0.6668400764465332,videomamba,driveact
vp14_run1_2018-05-30-10-11-09_6100_6135,19,34,2,8,2,k2,True,0.7484554648399353,videomamba,driveact
vp15_run1_2018-05-30-13-05-35_5603_5614,19,11,2,8,2,k2,True,0.9395294785499573,videomamba,driveact
vp14_run1_2018-05-30-10-11-09_19092_19109,19,17,2,8,2,k2,True,0.9237988591194153,videomamba,driveact
vp14_run1_2018-05-30-10-11-09_23828_23868,19,41,2,8,2,k2,True,0.8374901413917542,videomamba,driveact
vp14_run2_2018-05-30-10-42-33_21617_21626,19,9,2,8,2,k2,True,0.4004073143005371,videomamba,driveact
vp14_run1_2018-05-30-10-11-09_6532_6545,19,13,2,8,2,k2,True,0.44225841760635376,videomamba,driveact
vp15_run2_2018-05-30-13-34-33_3486_3530,19,44,2,8,2,k2,True,0.9002165198326111,videomamba,driveact
vp15_run2_2018-05-30-13-34-33_3530_3551,19,21,2,8,2,k2,True,0.8217038512229919,videomamba,driveact
vp14_run2_2018-05-30-10-42-33_14307_14319,19,12,2,8,2,k2,True,0.8922156691551208,videomamba,driveact
vp14_run2_2018-05-30-10-42-33_9619_9627,19,7,2,8,2,k2,True,0.8747442960739136,videomamba,driveact
vp14_run2_2018-05-30-10-42-33_13931_13976,19,45,2,8,2,k2,True,0.4978038966655731,videomamba,driveact
vp15_run1_2018-05-30-13-05-35_9434_9445,19,11,2,8,2,k2,True,0.952384352684021,videomamba,driveact
vp14_run2_2018-05-30-10-42-33_21572_21617,19,45,2,8,2,k2,True,0.2782043218612671,videomamba,driveact
vp14_run1_2018-05-30-10-11-09_11725_11733,19,7,2,8,2,k2,True,0.8706656694412231,videomamba,driveact
vp14_run2_2018-05-30-10-42-33_19945_19955,19,10,2,8,2,k2,True,0.9330323934555054,videomamba,driveact
vp14_run1_2018-05-30-10-11-09_11236_11262,19,25,2,8,2,k2,True,0.800697386264801,videomamba,driveact
vp14_run1_2018-05-30-10-11-09_5067_5077,19,11,2,8,2,k2,True,0.9206514954566956,videomamba,driveact
vp14_run1_2018-05-30-10-11-09_3350_3362,19,12,2,8,2,k2,True,0.9457111358642578,videomamba,driveact
vp14_run2_2018-05-30-10-42-33_15003_15038,19,35,2,8,2,k2,True,0.7170835733413696,videomamba,driveact
vp14_run1_2018-05-30-10-11-09_11041_11086,19,44,2,8,2,k2,True,0.9390410780906677,videomamba,driveact
vp15_run1_2018-05-30-13-05-35_6828_6873,20,45,2,8,2,k2,False,0.9227575659751892,videomamba,driveact
vp15_run1_2018-05-30-13-05-35_14404_14450,21,46,2,8,2,k2,False,0.3867470920085907,videomamba,driveact
vp15_run1_2018-05-30-13-05-35_14360_14404,21,44,2,8,2,k2,False,0.39018526673316956,videomamba,driveact
vp15_run1_2018-05-30-13-05-35_14495_14540,21,45,2,8,2,k2,False,0.4150654971599579,videomamba,driveact
vp14_run2_2018-05-30-10-42-33_6651_6696,21,45,2,8,2,k2,False,0.23042456805706024,videomamba,driveact
vp14_run2_2018-05-30-10-42-33_6787_6832,21,44,2,8,2,k2,True,0.7037535905838013,videomamba,driveact
vp15_run2_2018-05-30-13-34-33_13832_13877,21,45,2,8,2,k2,False,0.3659738004207611,videomamba,driveact
vp15_run1_2018-05-30-13-05-35_14314_14360,21,46,2,8,2,k2,False,0.4901767671108246,videomamba,driveact
vp15_run1_2018-05-30-13-05-35_14131_14177,21,46,2,8,2,k2,True,0.4450111985206604,videomamba,driveact
vp15_run2_2018-05-30-13-34-33_13785_13832,21,47,2,8,2,k2,False,0.5145126581192017,videomamba,driveact
vp14_run2_2018-05-30-10-42-33_7195_7243,21,47,2,8,2,k2,False,0.4012257754802704,videomamba,driveact
vp15_run2_2018-05-30-13-34-33_13603_13648,21,44,2,8,2,k2,False,0.6879922151565552,videomamba,driveact
vp15_run1_2018-05-30-13-05-35_14540_14585,21,45,2,8,2,k2,False,0.42498040199279785,videomamba,driveact
vp14_run2_2018-05-30-10-42-33_7288_7333,21,44,2,8,2,k2,True,0.22829699516296387,videomamba,driveact
vp14_run2_2018-05-30-10-42-33_7150_7195,21,44,2,8,2,k2,False,0.43570083379745483,videomamba,driveact
vp14_run2_2018-05-30-10-42-33_6696_6742,21,47,2,8,2,k2,False,0.14703147113323212,videomamba,driveact
vp14_run2_2018-05-30-10-42-33_7105_7150,21,44,2,8,2,k2,False,0.22086676955223083,videomamba,driveact
vp14_run2_2018-05-30-10-42-33_6742_6787,21,44,2,8,2,k2,True,0.2989453673362732,videomamba,driveact
vp14_run2_2018-05-30-10-42-33_6878_6924,21,47,2,8,2,k2,False,0.2227862924337387,videomamba,driveact
vp15_run2_2018-05-30-13-34-33_13968_14013,21,45,2,8,2,k2,False,0.5943162441253662,videomamba,driveact
vp14_run2_2018-05-30-10-42-33_6832_6878,21,46,2,8,2,k2,False,0.24132539331912994,videomamba,driveact
vp15_run2_2018-05-30-13-34-33_12749_12795,22,47,2,8,2,k2,False,0.20891538262367249,videomamba,driveact
vp14_run1_2018-05-30-10-11-09_10292_10334,22,42,2,8,2,k2,True,0.18347738683223724,videomamba,driveact
vp15_run1_2018-05-30-13-05-35_8577_8623,22,47,2,8,2,k2,False,0.5472497940063477,videomamba,driveact
vp15_run1_2018-05-30-13-05-35_8623_8664,22,40,2,8,2,k2,False,0.7484976053237915,videomamba,driveact
vp15_run2_2018-05-30-13-34-33_12795_12805,22,11,2,8,2,k2,False,0.7662479877471924,videomamba,driveact
vp14_run1_2018-05-30-10-11-09_10107_10133,22,26,2,8,2,k2,False,0.426018089056015,videomamba,driveact
vp15_run2_2018-05-30-13-34-33_12366_12398,22,32,2,8,2,k2,False,0.6540623307228088,videomamba,driveact
vp14_run1_2018-05-30-10-11-09_3681_3727,10,47,4,8,4,k4,False,0.9802303910255432,videomamba,driveact
vp15_run2_2018-05-30-13-34-33_7442_7487,10,45,4,8,4,k4,True,0.6253257989883423,videomamba,driveact
vp15_run1_2018-05-30-13-05-35_6549_6595,10,47,4,8,4,k4,False,0.754061758518219,videomamba,driveact
vp14_run1_2018-05-30-10-11-09_13394_13432,10,38,4,8,4,k4,False,0.389858603477478,videomamba,driveact
vp15_run1_2018-05-30-13-05-35_6615_6662,10,47,4,8,4,k4,False,0.273341566324234,videomamba,driveact
vp15_run2_2018-05-30-13-34-33_7945_7958,11,13,4,8,4,k4,False,0.9836099147796631,videomamba,driveact
vp15_run1_2018-05-30-13-05-35_6175_6220,11,44,4,8,4,k4,False,0.6277865767478943,videomamba,driveact
vp15_run1_2018-05-30-13-05-35_6220_6262,11,41,4,8,4,k4,False,0.9285162091255188,videomamba,driveact
vp14_run2_2018-05-30-10-42-33_8491_8533,11,41,4,8,4,k4,False,0.4993540644645691,videomamba,driveact
vp14_run2_2018-05-30-10-42-33_12164_12210,11,47,4,8,4,k4,False,0.4162900745868683,videomamba,driveact
vp14_run2_2018-05-30-10-42-33_12210_12226,11,17,4,8,4,k4,False,0.9950160384178162,videomamba,driveact
vp15_run2_2018-05-30-13-34-33_7900_7945,11,44,4,8,4,k4,False,0.7968986630439758,videomamba,driveact
vp15_run2_2018-05-30-13-34-33_13529_13546,11,17,4,8,4,k4,False,0.21021568775177002,videomamba,driveact
vp14_run2_2018-05-30-10-42-33_8445_8491,11,47,4,8,4,k4,False,0.3746415674686432,videomamba,driveact
vp15_run2_2018-05-30-13-34-33_10121_10158,11,38,4,8,4,k4,False,0.7680290937423706,videomamba,driveact
vp15_run2_2018-05-30-13-34-33_6702_6735,11,33,4,8,4,k4,False,0.2872121334075928,videomamba,driveact
vp15_run2_2018-05-30-13-34-33_5715_5728,13,14,4,8,4,k4,False,0.6734925508499146,videomamba,driveact
vp14_run1_2018-05-30-10-11-09_11942_11987,13,45,4,8,4,k4,True,0.4006084203720093,videomamba,driveact
vp14_run2_2018-05-30-10-42-33_20055_20100,13,45,4,8,4,k4,False,0.9657354354858398,videomamba,driveact
vp15_run1_2018-05-30-13-05-35_10155_10200,13,45,4,8,4,k4,False,0.3522665500640869,videomamba,driveact
vp14_run2_2018-05-30-10-42-33_20100_20115,13,15,4,8,4,k4,False,0.40563899278640747,videomamba,driveact
vp14_run2_2018-05-30-10-42-33_16169_16194,13,26,4,8,4,k4,True,0.34734195470809937,videomamba,driveact
vp15_run2_2018-05-30-13-34-33_5669_5715,13,47,4,8,4,k4,False,0.574863851070404,videomamba,driveact
vp15_run2_2018-05-30-13-34-33_6415_6443,13,28,4,8,4,k4,False,0.19891470670700073,videomamba,driveact
vp14_run1_2018-05-30-10-11-09_5855_5873,13,18,4,8,4,k4,False,0.7943243980407715,videomamba,driveact
vp14_run2_2018-05-30-10-42-33_3685_3731,13,46,4,8,4,k4,False,0.9477000832557678,videomamba,driveact
vp15_run1_2018-05-30-13-05-35_4451_4497,13,47,4,8,4,k4,False,0.6428095698356628,videomamba,driveact
vp14_run1_2018-05-30-10-11-09_11987_11998,13,11,4,8,4,k4,False,0.4593580663204193,videomamba,driveact
vp14_run2_2018-05-30-10-42-33_3731_3770,13,39,4,8,4,k4,False,0.9335084557533264,videomamba,driveact
vp14_run1_2018-05-30-10-11-09_5763_5809,13,47,4,8,4,k4,False,0.7228221893310547,videomamba,driveact
vp14_run2_2018-05-30-10-42-33_16124_16169,13,45,4,8,4,k4,True,0.38272926211357117,videomamba,driveact
vp14_run1_2018-05-30-10-11-09_5809_5855,13,46,4,8,4,k4,False,0.823060154914856,videomamba,driveact
vp15_run1_2018-05-30-13-05-35_4497_4508,13,11,4,8,4,k4,False,0.39480656385421753,videomamba,driveact
vp15_run1_2018-05-30-13-05-35_10200_10223,13,23,4,8,4,k4,False,0.2487460970878601,videomamba,driveact
vp14_run2_2018-05-30-10-42-33_22235_22280,14,45,4,8,4,k4,True,0.2336118221282959,videomamba,driveact
vp15_run2_2018-05-30-13-34-33_19604_19635,14,32,4,8,4,k4,True,0.18112756311893463,videomamba,driveact
vp14_run1_2018-05-30-10-11-09_24456_24474,14,18,4,8,4,k4,False,0.20131880044937134,videomamba,driveact
vp14_run1_2018-05-30-10-11-09_24410_24456,14,47,4,8,4,k4,False,0.26809927821159363,videomamba,driveact
vp15_run1_2018-05-30-13-05-35_18724_18755,14,31,4,8,4,k4,True,0.28913095593452454,videomamba,driveact
vp14_run2_2018-05-30-10-42-33_22280_22295,14,15,4,8,4,k4,False,0.22788839042186737,videomamba,driveact
vp14_run1_2018-05-30-10-11-09_61_82,15,20,4,8,4,k4,True,0.393189013004303,videomamba,driveact
vp15_run1_2018-05-30-13-05-35_61_87,15,25,4,8,4,k4,True,0.6019274592399597,videomamba,driveact
vp14_run2_2018-05-30-10-42-33_44_74,15,30,4,8,4,k4,True,0.7043133974075317,videomamba,driveact
vp15_run2_2018-05-30-13-34-33_99_120,15,21,4,8,4,k4,True,0.6171543002128601,videomamba,driveact
vp15_run1_2018-05-30-13-05-35_6599_6615,16,17,4,8,4,k4,False,0.5595988035202026,videomamba,driveact
vp14_run1_2018-05-30-10-11-09_21830_21875,16,45,4,8,4,k4,False,0.669295072555542,videomamba,driveact
vp15_run2_2018-05-30-13-34-33_6800_6847,16,47,4,8,4,k4,False,0.33873307704925537,videomamba,driveact
vp15_run1_2018-05-30-13-05-35_5948_5960,16,12,4,8,4,k4,False,0.8423401713371277,videomamba,driveact
vp14_run2_2018-05-30-10-42-33_12428_12468,16,41,4,8,4,k4,True,0.25529974699020386,videomamba,driveact
vp14_run1_2018-05-30-10-11-09_21784_21830,16,46,4,8,4,k4,False,0.46256178617477417,videomamba,driveact
vp15_run2_2018-05-30-13-34-33_6847_6885,16,37,4,8,4,k4,False,0.3908514976501465,videomamba,driveact
vp14_run1_2018-05-30-10-11-09_21875_21919,16,44,4,8,4,k4,False,0.5536653399467468,videomamba,driveact
vp14_run1_2018-05-30-10-11-09_21740_21784,16,44,4,8,4,k4,False,0.9243794083595276,videomamba,driveact
vp15_run1_2018-05-30-13-05-35_5874_5909,16,35,4,8,4,k4,False,0.4542669951915741,videomamba,driveact
vp15_run1_2018-05-30-13-05-35_5828_5874,16,47,4,8,4,k4,True,0.25940656661987305,videomamba,driveact
vp14_run2_2018-05-30-10-42-33_13778_13820,17,42,4,8,4,k4,False,0.553393542766571,videomamba,driveact
vp15_run2_2018-05-30-13-34-33_9246_9292,17,47,4,8,4,k4,True,0.9479659199714661,videomamba,driveact
vp15_run2_2018-05-30-13-34-33_7747_7769,17,22,4,8,4,k4,True,0.5272175073623657,videomamba,driveact
vp14_run2_2018-05-30-10-42-33_11982_12001,17,20,4,8,4,k4,True,0.4912088215351105,videomamba,driveact
vp14_run2_2018-05-30-10-42-33_19252_19297,17,44,4,8,4,k4,False,0.9439850449562073,videomamba,driveact
vp15_run1_2018-05-30-13-05-35_6385_6421,17,35,4,8,4,k4,True,0.38442328572273254,videomamba,driveact
vp14_run2_2018-05-30-10-42-33_20324_20345,17,21,4,8,4,k4,True,0.5412548184394836,videomamba,driveact
vp14_run1_2018-05-30-10-11-09_10035_10080,17,45,4,8,4,k4,False,0.4538583755493164,videomamba,driveact
vp14_run1_2018-05-30-10-11-09_23244_23290,17,47,4,8,4,k4,False,0.7002204656600952,videomamba,driveact
vp14_run1_2018-05-30-10-11-09_20839_20884,17,44,4,8,4,k4,True,0.7330263257026672,videomamba,driveact
vp14_run1_2018-05-30-10-11-09_6033_6078,17,45,4,8,4,k4,True,0.29408779740333557,videomamba,driveact
vp14_run2_2018-05-30-10-42-33_10144_10189,17,44,4,8,4,k4,True,0.36030423641204834,videomamba,driveact
vp14_run1_2018-05-30-10-11-09_3899_3918,17,20,4,8,4,k4,True,0.32943248748779297,videomamba,driveact
vp15_run1_2018-05-30-13-05-35_17835_17878,17,44,4,8,4,k4,True,0.9816231727600098,videomamba,driveact
vp15_run1_2018-05-30-13-05-35_15124_15161,17,37,4,8,4,k4,True,0.9180347919464111,videomamba,driveact
vp14_run1_2018-05-30-10-11-09_23063_23108,17,45,4,8,4,k4,True,0.6705189943313599,videomamba,driveact
vp14_run1_2018-05-30-10-11-09_3808_3854,17,46,4,8,4,k4,True,0.4457803964614868,videomamba,driveact
vp14_run1_2018-05-30-10-11-09_6921_6966,17,45,4,8,4,k4,False,0.9078667759895325,videomamba,driveact
vp15_run2_2018-05-30-13-34-33_12431_12451,17,20,4,8,4,k4,False,0.238355815410614,videomamba,driveact
vp15_run2_2018-05-30-13-34-33_6516_6526,17,11,4,8,4,k4,True,0.8669535517692566,videomamba,driveact
vp15_run1_2018-05-30-13-05-35_4173_4218,18,45,4,8,4,k4,False,0.8838433623313904,videomamba,driveact
vp15_run1_2018-05-30-13-05-35_4218_4263,18,45,4,8,4,k4,False,0.9732217788696289,videomamba,driveact
vp15_run2_2018-05-30-13-34-33_5458_5503,18,44,4,8,4,k4,False,0.7584466338157654,videomamba,driveact
vp15_run1_2018-05-30-13-05-35_4263_4274,18,11,4,8,4,k4,False,0.8884419798851013,videomamba,driveact
vp15_run2_2018-05-30-13-34-33_5412_5458,18,47,4,8,4,k4,False,0.7336421608924866,videomamba,driveact
vp14_run1_2018-05-30-10-11-09_6100_6135,19,34,4,8,4,k4,True,0.7556348443031311,videomamba,driveact
vp15_run1_2018-05-30-13-05-35_5603_5614,19,11,4,8,4,k4,True,0.9424142241477966,videomamba,driveact
vp14_run1_2018-05-30-10-11-09_19092_19109,19,17,4,8,4,k4,True,0.9203464388847351,videomamba,driveact
vp14_run1_2018-05-30-10-11-09_23828_23868,19,41,4,8,4,k4,True,0.8306282162666321,videomamba,driveact
vp14_run2_2018-05-30-10-42-33_21617_21626,19,9,4,8,4,k4,True,0.5232146978378296,videomamba,driveact
vp14_run1_2018-05-30-10-11-09_6532_6545,19,13,4,8,4,k4,True,0.5127962231636047,videomamba,driveact
vp15_run2_2018-05-30-13-34-33_3486_3530,19,44,4,8,4,k4,True,0.914849579334259,videomamba,driveact
vp15_run2_2018-05-30-13-34-33_3530_3551,19,21,4,8,4,k4,True,0.8501346707344055,videomamba,driveact
vp14_run2_2018-05-30-10-42-33_14307_14319,19,12,4,8,4,k4,True,0.8931170105934143,videomamba,driveact
vp14_run2_2018-05-30-10-42-33_9619_9627,19,7,4,8,4,k4,True,0.8532702326774597,videomamba,driveact
vp14_run2_2018-05-30-10-42-33_13931_13976,19,45,4,8,4,k4,True,0.5295906662940979,videomamba,driveact
vp15_run1_2018-05-30-13-05-35_9434_9445,19,11,4,8,4,k4,True,0.9514236450195312,videomamba,driveact
vp14_run2_2018-05-30-10-42-33_21572_21617,19,45,4,8,4,k4,False,0.22600266337394714,videomamba,driveact
vp14_run1_2018-05-30-10-11-09_11725_11733,19,7,4,8,4,k4,True,0.8985996842384338,videomamba,driveact
vp14_run2_2018-05-30-10-42-33_19945_19955,19,10,4,8,4,k4,True,0.9317565560340881,videomamba,driveact
vp14_run1_2018-05-30-10-11-09_11236_11262,19,25,4,8,4,k4,True,0.8148484230041504,videomamba,driveact
vp14_run1_2018-05-30-10-11-09_5067_5077,19,11,4,8,4,k4,True,0.9264248013496399,videomamba,driveact
vp14_run1_2018-05-30-10-11-09_3350_3362,19,12,4,8,4,k4,True,0.9437164664268494,videomamba,driveact
vp14_run2_2018-05-30-10-42-33_15003_15038,19,35,4,8,4,k4,True,0.6695030331611633,videomamba,driveact
vp14_run1_2018-05-30-10-11-09_11041_11086,19,44,4,8,4,k4,True,0.9453964829444885,videomamba,driveact
vp15_run1_2018-05-30-13-05-35_6828_6873,20,45,4,8,4,k4,False,0.9117193818092346,videomamba,driveact
vp15_run1_2018-05-30-13-05-35_14404_14450,21,46,4,8,4,k4,False,0.6352104544639587,videomamba,driveact
vp15_run1_2018-05-30-13-05-35_14360_14404,21,44,4,8,4,k4,False,0.3400633931159973,videomamba,driveact
vp15_run1_2018-05-30-13-05-35_14495_14540,21,45,4,8,4,k4,False,0.6069881319999695,videomamba,driveact
vp14_run2_2018-05-30-10-42-33_6651_6696,21,45,4,8,4,k4,False,0.23074056208133698,videomamba,driveact
vp14_run2_2018-05-30-10-42-33_6787_6832,21,44,4,8,4,k4,True,0.4633277356624603,videomamba,driveact
vp15_run2_2018-05-30-13-34-33_13832_13877,21,45,4,8,4,k4,False,0.5334256291389465,videomamba,driveact
vp15_run1_2018-05-30-13-05-35_14314_14360,21,46,4,8,4,k4,False,0.3527158796787262,videomamba,driveact
vp15_run1_2018-05-30-13-05-35_14131_14177,21,46,4,8,4,k4,True,0.7326884269714355,videomamba,driveact
vp15_run2_2018-05-30-13-34-33_13785_13832,21,47,4,8,4,k4,False,0.5819807648658752,videomamba,driveact
vp14_run2_2018-05-30-10-42-33_7195_7243,21,47,4,8,4,k4,False,0.3262385427951813,videomamba,driveact
vp15_run2_2018-05-30-13-34-33_13603_13648,21,44,4,8,4,k4,False,0.5098897218704224,videomamba,driveact
vp15_run1_2018-05-30-13-05-35_14540_14585,21,45,4,8,4,k4,True,0.34872332215309143,videomamba,driveact
vp14_run2_2018-05-30-10-42-33_7288_7333,21,44,4,8,4,k4,True,0.4436415731906891,videomamba,driveact
vp14_run2_2018-05-30-10-42-33_7150_7195,21,44,4,8,4,k4,False,0.2832089066505432,videomamba,driveact
vp14_run2_2018-05-30-10-42-33_6696_6742,21,47,4,8,4,k4,False,0.20997940003871918,videomamba,driveact
vp14_run2_2018-05-30-10-42-33_7105_7150,21,44,4,8,4,k4,False,0.31700217723846436,videomamba,driveact
vp14_run2_2018-05-30-10-42-33_6742_6787,21,44,4,8,4,k4,True,0.15265488624572754,videomamba,driveact
vp14_run2_2018-05-30-10-42-33_6878_6924,21,47,4,8,4,k4,True,0.22396858036518097,videomamba,driveact
vp15_run2_2018-05-30-13-34-33_13968_14013,21,45,4,8,4,k4,False,0.29236191511154175,videomamba,driveact
vp14_run2_2018-05-30-10-42-33_6832_6878,21,46,4,8,4,k4,True,0.29707446694374084,videomamba,driveact
vp15_run2_2018-05-30-13-34-33_12749_12795,22,47,4,8,4,k4,False,0.2201903760433197,videomamba,driveact
vp14_run1_2018-05-30-10-11-09_10292_10334,22,42,4,8,4,k4,False,0.1518673300743103,videomamba,driveact
vp15_run1_2018-05-30-13-05-35_8577_8623,22,47,4,8,4,k4,True,0.3007708191871643,videomamba,driveact
vp15_run1_2018-05-30-13-05-35_8623_8664,22,40,4,8,4,k4,False,0.6125118136405945,videomamba,driveact
vp15_run2_2018-05-30-13-34-33_12795_12805,22,11,4,8,4,k4,False,0.4138272702693939,videomamba,driveact
vp14_run1_2018-05-30-10-11-09_10107_10133,22,26,4,8,4,k4,True,0.48188456892967224,videomamba,driveact
vp15_run2_2018-05-30-13-34-33_12366_12398,22,32,4,8,4,k4,False,0.4554610550403595,videomamba,driveact
vp14_run1_2018-05-30-10-11-09_3681_3727,10,47,8,8,8,k8,False,0.9798426032066345,videomamba,driveact
vp15_run2_2018-05-30-13-34-33_7442_7487,10,45,8,8,8,k8,True,0.497891366481781,videomamba,driveact
vp15_run1_2018-05-30-13-05-35_6549_6595,10,47,8,8,8,k8,False,0.8777943253517151,videomamba,driveact
vp14_run1_2018-05-30-10-11-09_13394_13432,10,38,8,8,8,k8,False,0.38833242654800415,videomamba,driveact
vp15_run1_2018-05-30-13-05-35_6615_6662,10,47,8,8,8,k8,False,0.26374927163124084,videomamba,driveact
vp15_run2_2018-05-30-13-34-33_7945_7958,11,13,8,8,8,k8,False,0.985209047794342,videomamba,driveact
vp15_run1_2018-05-30-13-05-35_6175_6220,11,44,8,8,8,k8,False,0.63189697265625,videomamba,driveact
vp15_run1_2018-05-30-13-05-35_6220_6262,11,41,8,8,8,k8,False,0.9331952929496765,videomamba,driveact
vp14_run2_2018-05-30-10-42-33_8491_8533,11,41,8,8,8,k8,False,0.6707976460456848,videomamba,driveact
vp14_run2_2018-05-30-10-42-33_12164_12210,11,47,8,8,8,k8,False,0.2362814098596573,videomamba,driveact
vp14_run2_2018-05-30-10-42-33_12210_12226,11,17,8,8,8,k8,False,0.9950107336044312,videomamba,driveact
vp15_run2_2018-05-30-13-34-33_7900_7945,11,44,8,8,8,k8,False,0.8321338891983032,videomamba,driveact
vp15_run2_2018-05-30-13-34-33_13529_13546,11,17,8,8,8,k8,False,0.3099488914012909,videomamba,driveact
vp14_run2_2018-05-30-10-42-33_8445_8491,11,47,8,8,8,k8,False,0.5042499303817749,videomamba,driveact
vp15_run2_2018-05-30-13-34-33_10121_10158,11,38,8,8,8,k8,False,0.8194150924682617,videomamba,driveact
vp15_run2_2018-05-30-13-34-33_6702_6735,11,33,8,8,8,k8,False,0.25949403643608093,videomamba,driveact
vp15_run2_2018-05-30-13-34-33_5715_5728,13,14,8,8,8,k8,False,0.685954213142395,videomamba,driveact
vp14_run1_2018-05-30-10-11-09_11942_11987,13,45,8,8,8,k8,True,0.45083051919937134,videomamba,driveact
vp14_run2_2018-05-30-10-42-33_20055_20100,13,45,8,8,8,k8,False,0.9699300527572632,videomamba,driveact
vp15_run1_2018-05-30-13-05-35_10155_10200,13,45,8,8,8,k8,False,0.4304520785808563,videomamba,driveact
vp14_run2_2018-05-30-10-42-33_20100_20115,13,15,8,8,8,k8,False,0.3781653046607971,videomamba,driveact
vp14_run2_2018-05-30-10-42-33_16169_16194,13,26,8,8,8,k8,True,0.36216625571250916,videomamba,driveact
vp15_run2_2018-05-30-13-34-33_5669_5715,13,47,8,8,8,k8,False,0.4747883379459381,videomamba,driveact
vp15_run2_2018-05-30-13-34-33_6415_6443,13,28,8,8,8,k8,False,0.2166031301021576,videomamba,driveact
vp14_run1_2018-05-30-10-11-09_5855_5873,13,18,8,8,8,k8,False,0.7884159684181213,videomamba,driveact
vp14_run2_2018-05-30-10-42-33_3685_3731,13,46,8,8,8,k8,False,0.9445593357086182,videomamba,driveact
vp15_run1_2018-05-30-13-05-35_4451_4497,13,47,8,8,8,k8,False,0.6703789234161377,videomamba,driveact
vp14_run1_2018-05-30-10-11-09_11987_11998,13,11,8,8,8,k8,False,0.6346172094345093,videomamba,driveact
vp14_run2_2018-05-30-10-42-33_3731_3770,13,39,8,8,8,k8,False,0.9366767406463623,videomamba,driveact
vp14_run1_2018-05-30-10-11-09_5763_5809,13,47,8,8,8,k8,False,0.5354833006858826,videomamba,driveact
vp14_run2_2018-05-30-10-42-33_16124_16169,13,45,8,8,8,k8,True,0.3996947109699249,videomamba,driveact
vp14_run1_2018-05-30-10-11-09_5809_5855,13,46,8,8,8,k8,False,0.8376660943031311,videomamba,driveact
vp15_run1_2018-05-30-13-05-35_4497_4508,13,11,8,8,8,k8,False,0.3878847360610962,videomamba,driveact
vp15_run1_2018-05-30-13-05-35_10200_10223,13,23,8,8,8,k8,True,0.22113478183746338,videomamba,driveact
vp14_run2_2018-05-30-10-42-33_22235_22280,14,45,8,8,8,k8,False,0.18022826313972473,videomamba,driveact
vp15_run2_2018-05-30-13-34-33_19604_19635,14,32,8,8,8,k8,True,0.33438703417778015,videomamba,driveact
vp14_run1_2018-05-30-10-11-09_24456_24474,14,18,8,8,8,k8,False,0.2945052981376648,videomamba,driveact
vp14_run1_2018-05-30-10-11-09_24410_24456,14,47,8,8,8,k8,False,0.17447789013385773,videomamba,driveact
vp15_run1_2018-05-30-13-05-35_18724_18755,14,31,8,8,8,k8,True,0.3531319797039032,videomamba,driveact
vp14_run2_2018-05-30-10-42-33_22280_22295,14,15,8,8,8,k8,False,0.18544214963912964,videomamba,driveact
vp14_run1_2018-05-30-10-11-09_61_82,15,20,8,8,8,k8,True,0.3943263292312622,videomamba,driveact
vp15_run1_2018-05-30-13-05-35_61_87,15,25,8,8,8,k8,True,0.5675777196884155,videomamba,driveact
vp14_run2_2018-05-30-10-42-33_44_74,15,30,8,8,8,k8,True,0.6688409447669983,videomamba,driveact
vp15_run2_2018-05-30-13-34-33_99_120,15,21,8,8,8,k8,True,0.5519202351570129,videomamba,driveact
vp15_run1_2018-05-30-13-05-35_6599_6615,16,17,8,8,8,k8,False,0.551500141620636,videomamba,driveact
vp14_run1_2018-05-30-10-11-09_21830_21875,16,45,8,8,8,k8,False,0.6994527578353882,videomamba,driveact
vp15_run2_2018-05-30-13-34-33_6800_6847,16,47,8,8,8,k8,False,0.17787154018878937,videomamba,driveact
vp15_run1_2018-05-30-13-05-35_5948_5960,16,12,8,8,8,k8,False,0.8409865498542786,videomamba,driveact
vp14_run2_2018-05-30-10-42-33_12428_12468,16,41,8,8,8,k8,True,0.2562122344970703,videomamba,driveact
vp14_run1_2018-05-30-10-11-09_21784_21830,16,46,8,8,8,k8,False,0.423735648393631,videomamba,driveact
vp15_run2_2018-05-30-13-34-33_6847_6885,16,37,8,8,8,k8,False,0.6555476188659668,videomamba,driveact
vp14_run1_2018-05-30-10-11-09_21875_21919,16,44,8,8,8,k8,False,0.26608628034591675,videomamba,driveact
vp14_run1_2018-05-30-10-11-09_21740_21784,16,44,8,8,8,k8,False,0.45263662934303284,videomamba,driveact
vp15_run1_2018-05-30-13-05-35_5874_5909,16,35,8,8,8,k8,True,0.3182973265647888,videomamba,driveact
vp15_run1_2018-05-30-13-05-35_5828_5874,16,47,8,8,8,k8,True,0.24214810132980347,videomamba,driveact
vp14_run2_2018-05-30-10-42-33_13778_13820,17,42,8,8,8,k8,False,0.5333133339881897,videomamba,driveact
vp15_run2_2018-05-30-13-34-33_9246_9292,17,47,8,8,8,k8,True,0.8658135533332825,videomamba,driveact
vp15_run2_2018-05-30-13-34-33_7747_7769,17,22,8,8,8,k8,True,0.6555389165878296,videomamba,driveact
vp14_run2_2018-05-30-10-42-33_11982_12001,17,20,8,8,8,k8,True,0.7063519954681396,videomamba,driveact
vp14_run2_2018-05-30-10-42-33_19252_19297,17,44,8,8,8,k8,False,0.8029424548149109,videomamba,driveact
vp15_run1_2018-05-30-13-05-35_6385_6421,17,35,8,8,8,k8,True,0.3768373727798462,videomamba,driveact
vp14_run2_2018-05-30-10-42-33_20324_20345,17,21,8,8,8,k8,True,0.798561155796051,videomamba,driveact
vp14_run1_2018-05-30-10-11-09_10035_10080,17,45,8,8,8,k8,True,0.46603772044181824,videomamba,driveact
vp14_run1_2018-05-30-10-11-09_23244_23290,17,47,8,8,8,k8,False,0.2514175474643707,videomamba,driveact
vp14_run1_2018-05-30-10-11-09_20839_20884,17,44,8,8,8,k8,True,0.89603191614151,videomamba,driveact
vp14_run1_2018-05-30-10-11-09_6033_6078,17,45,8,8,8,k8,True,0.6718049645423889,videomamba,driveact
vp14_run2_2018-05-30-10-42-33_10144_10189,17,44,8,8,8,k8,True,0.3786050081253052,videomamba,driveact
vp14_run1_2018-05-30-10-11-09_3899_3918,17,20,8,8,8,k8,False,0.2949489951133728,videomamba,driveact
vp15_run1_2018-05-30-13-05-35_17835_17878,17,44,8,8,8,k8,True,0.9663505554199219,videomamba,driveact
vp15_run1_2018-05-30-13-05-35_15124_15161,17,37,8,8,8,k8,True,0.9117154479026794,videomamba,driveact
vp14_run1_2018-05-30-10-11-09_23063_23108,17,45,8,8,8,k8,True,0.8649680614471436,videomamba,driveact
vp14_run1_2018-05-30-10-11-09_3808_3854,17,46,8,8,8,k8,True,0.48240864276885986,videomamba,driveact
vp14_run1_2018-05-30-10-11-09_6921_6966,17,45,8,8,8,k8,False,0.6662554740905762,videomamba,driveact
vp15_run2_2018-05-30-13-34-33_12431_12451,17,20,8,8,8,k8,False,0.2602327764034271,videomamba,driveact
vp15_run2_2018-05-30-13-34-33_6516_6526,17,11,8,8,8,k8,True,0.9140675067901611,videomamba,driveact
vp15_run1_2018-05-30-13-05-35_4173_4218,18,45,8,8,8,k8,False,0.9402154684066772,videomamba,driveact
vp15_run1_2018-05-30-13-05-35_4218_4263,18,45,8,8,8,k8,False,0.978949785232544,videomamba,driveact
vp15_run2_2018-05-30-13-34-33_5458_5503,18,44,8,8,8,k8,False,0.6451998949050903,videomamba,driveact
vp15_run1_2018-05-30-13-05-35_4263_4274,18,11,8,8,8,k8,False,0.9084311127662659,videomamba,driveact
vp15_run2_2018-05-30-13-34-33_5412_5458,18,47,8,8,8,k8,False,0.5142096281051636,videomamba,driveact
vp14_run1_2018-05-30-10-11-09_6100_6135,19,34,8,8,8,k8,True,0.7457894086837769,videomamba,driveact
vp15_run1_2018-05-30-13-05-35_5603_5614,19,11,8,8,8,k8,True,0.942415177822113,videomamba,driveact
vp14_run1_2018-05-30-10-11-09_19092_19109,19,17,8,8,8,k8,True,0.9172239899635315,videomamba,driveact
vp14_run1_2018-05-30-10-11-09_23828_23868,19,41,8,8,8,k8,True,0.8123143911361694,videomamba,driveact
vp14_run2_2018-05-30-10-42-33_21617_21626,19,9,8,8,8,k8,True,0.5131694674491882,videomamba,driveact
vp14_run1_2018-05-30-10-11-09_6532_6545,19,13,8,8,8,k8,True,0.5871370434761047,videomamba,driveact
vp15_run2_2018-05-30-13-34-33_3486_3530,19,44,8,8,8,k8,True,0.928561806678772,videomamba,driveact
vp15_run2_2018-05-30-13-34-33_3530_3551,19,21,8,8,8,k8,True,0.8406997323036194,videomamba,driveact
vp14_run2_2018-05-30-10-42-33_14307_14319,19,12,8,8,8,k8,True,0.9056995511054993,videomamba,driveact
vp14_run2_2018-05-30-10-42-33_9619_9627,19,7,7,8,8,k8,True,0.8392751216888428,videomamba,driveact
vp14_run2_2018-05-30-10-42-33_13931_13976,19,45,8,8,8,k8,True,0.5256405472755432,videomamba,driveact
vp15_run1_2018-05-30-13-05-35_9434_9445,19,11,8,8,8,k8,True,0.9500123262405396,videomamba,driveact
vp14_run2_2018-05-30-10-42-33_21572_21617,19,45,8,8,8,k8,True,0.21292050182819366,videomamba,driveact
vp14_run1_2018-05-30-10-11-09_11725_11733,19,7,7,8,8,k8,True,0.9061789512634277,videomamba,driveact
vp14_run2_2018-05-30-10-42-33_19945_19955,19,10,8,8,8,k8,True,0.9319301247596741,videomamba,driveact
vp14_run1_2018-05-30-10-11-09_11236_11262,19,25,8,8,8,k8,True,0.8234835863113403,videomamba,driveact
vp14_run1_2018-05-30-10-11-09_5067_5077,19,11,8,8,8,k8,True,0.9306060671806335,videomamba,driveact
vp14_run1_2018-05-30-10-11-09_3350_3362,19,12,8,8,8,k8,True,0.9428844451904297,videomamba,driveact
vp14_run2_2018-05-30-10-42-33_15003_15038,19,35,8,8,8,k8,True,0.6450918316841125,videomamba,driveact
vp14_run1_2018-05-30-10-11-09_11041_11086,19,44,8,8,8,k8,True,0.9476016163825989,videomamba,driveact
vp15_run1_2018-05-30-13-05-35_6828_6873,20,45,8,8,8,k8,False,0.9531345963478088,videomamba,driveact
vp15_run1_2018-05-30-13-05-35_14404_14450,21,46,8,8,8,k8,False,0.5498118996620178,videomamba,driveact
vp15_run1_2018-05-30-13-05-35_14360_14404,21,44,8,8,8,k8,False,0.33429569005966187,videomamba,driveact
vp15_run1_2018-05-30-13-05-35_14495_14540,21,45,8,8,8,k8,False,0.6632398366928101,videomamba,driveact
vp14_run2_2018-05-30-10-42-33_6651_6696,21,45,8,8,8,k8,False,0.3074621558189392,videomamba,driveact
vp14_run2_2018-05-30-10-42-33_6787_6832,21,44,8,8,8,k8,True,0.5417497158050537,videomamba,driveact
vp15_run2_2018-05-30-13-34-33_13832_13877,21,45,8,8,8,k8,False,0.6163104176521301,videomamba,driveact
vp15_run1_2018-05-30-13-05-35_14314_14360,21,46,8,8,8,k8,False,0.4051710069179535,videomamba,driveact
vp15_run1_2018-05-30-13-05-35_14131_14177,21,46,8,8,8,k8,True,0.7171797156333923,videomamba,driveact
vp15_run2_2018-05-30-13-34-33_13785_13832,21,47,8,8,8,k8,False,0.553947389125824,videomamba,driveact
vp14_run2_2018-05-30-10-42-33_7195_7243,21,47,8,8,8,k8,True,0.3845680058002472,videomamba,driveact
vp15_run2_2018-05-30-13-34-33_13603_13648,21,44,8,8,8,k8,False,0.493106871843338,videomamba,driveact
vp15_run1_2018-05-30-13-05-35_14540_14585,21,45,8,8,8,k8,False,0.5033897161483765,videomamba,driveact
vp14_run2_2018-05-30-10-42-33_7288_7333,21,44,8,8,8,k8,True,0.26894664764404297,videomamba,driveact
vp14_run2_2018-05-30-10-42-33_7150_7195,21,44,8,8,8,k8,False,0.13893689215183258,videomamba,driveact
vp14_run2_2018-05-30-10-42-33_6696_6742,21,47,8,8,8,k8,False,0.4075600504875183,videomamba,driveact
vp14_run2_2018-05-30-10-42-33_7105_7150,21,44,8,8,8,k8,False,0.5183731317520142,videomamba,driveact
vp14_run2_2018-05-30-10-42-33_6742_6787,21,44,8,8,8,k8,False,0.1682387888431549,videomamba,driveact
vp14_run2_2018-05-30-10-42-33_6878_6924,21,47,8,8,8,k8,True,0.6022047996520996,videomamba,driveact
vp15_run2_2018-05-30-13-34-33_13968_14013,21,45,8,8,8,k8,False,0.3201923370361328,videomamba,driveact
vp14_run2_2018-05-30-10-42-33_6832_6878,21,46,8,8,8,k8,True,0.29833561182022095,videomamba,driveact
vp15_run2_2018-05-30-13-34-33_12749_12795,22,47,8,8,8,k8,True,0.4117724895477295,videomamba,driveact
vp14_run1_2018-05-30-10-11-09_10292_10334,22,42,8,8,8,k8,False,0.20661865174770355,videomamba,driveact
vp15_run1_2018-05-30-13-05-35_8577_8623,22,47,8,8,8,k8,True,0.4172612130641937,videomamba,driveact
vp15_run1_2018-05-30-13-05-35_8623_8664,22,40,8,8,8,k8,False,0.31316980719566345,videomamba,driveact
vp15_run2_2018-05-30-13-34-33_12795_12805,22,11,8,8,8,k8,False,0.2848513126373291,videomamba,driveact
vp14_run1_2018-05-30-10-11-09_10107_10133,22,26,8,8,8,k8,True,0.45163077116012573,videomamba,driveact
vp15_run2_2018-05-30-13-34-33_12366_12398,22,32,8,8,8,k8,False,0.4536174535751343,videomamba,driveact
vp14_run1_2018-05-30-10-11-09_3681_3727,10,47,16,8,16,k16,False,0.9688844084739685,videomamba,driveact
vp15_run2_2018-05-30-13-34-33_7442_7487,10,45,16,8,16,k16,True,0.5058947205543518,videomamba,driveact
vp15_run1_2018-05-30-13-05-35_6549_6595,10,47,16,8,16,k16,False,0.8680832386016846,videomamba,driveact
vp14_run1_2018-05-30-10-11-09_13394_13432,10,38,16,8,16,k16,False,0.3920717239379883,videomamba,driveact
vp15_run1_2018-05-30-13-05-35_6615_6662,10,47,16,8,16,k16,False,0.24023088812828064,videomamba,driveact
vp15_run2_2018-05-30-13-34-33_7945_7958,11,13,13,8,16,k16,False,0.985209047794342,videomamba,driveact
vp15_run1_2018-05-30-13-05-35_6175_6220,11,44,16,8,16,k16,False,0.5876261591911316,videomamba,driveact
vp15_run1_2018-05-30-13-05-35_6220_6262,11,41,16,8,16,k16,False,0.9291046261787415,videomamba,driveact
vp14_run2_2018-05-30-10-42-33_8491_8533,11,41,16,8,16,k16,False,0.420689195394516,videomamba,driveact
vp14_run2_2018-05-30-10-42-33_12164_12210,11,47,16,8,16,k16,False,0.4073769450187683,videomamba,driveact
vp14_run2_2018-05-30-10-42-33_12210_12226,11,17,16,8,16,k16,False,0.994996190071106,videomamba,driveact
vp15_run2_2018-05-30-13-34-33_7900_7945,11,44,16,8,16,k16,False,0.6635995507240295,videomamba,driveact
vp15_run2_2018-05-30-13-34-33_13529_13546,11,17,16,8,16,k16,False,0.3956460654735565,videomamba,driveact
vp14_run2_2018-05-30-10-42-33_8445_8491,11,47,16,8,16,k16,False,0.44403335452079773,videomamba,driveact
vp15_run2_2018-05-30-13-34-33_10121_10158,11,38,16,8,16,k16,False,0.8413158655166626,videomamba,driveact
vp15_run2_2018-05-30-13-34-33_6702_6735,11,33,16,8,16,k16,False,0.2411341667175293,videomamba,driveact
vp15_run2_2018-05-30-13-34-33_5715_5728,13,14,14,8,16,k16,False,0.685954213142395,videomamba,driveact
vp14_run1_2018-05-30-10-11-09_11942_11987,13,45,16,8,16,k16,True,0.45617473125457764,videomamba,driveact
vp14_run2_2018-05-30-10-42-33_20055_20100,13,45,16,8,16,k16,False,0.9726100564002991,videomamba,driveact
vp15_run1_2018-05-30-13-05-35_10155_10200,13,45,16,8,16,k16,False,0.42029502987861633,videomamba,driveact
vp14_run2_2018-05-30-10-42-33_20100_20115,13,15,15,8,16,k16,False,0.3781653046607971,videomamba,driveact
vp14_run2_2018-05-30-10-42-33_16169_16194,13,26,16,8,16,k16,True,0.2747272551059723,videomamba,driveact
vp15_run2_2018-05-30-13-34-33_5669_5715,13,47,16,8,16,k16,False,0.6028610467910767,videomamba,driveact
vp15_run2_2018-05-30-13-34-33_6415_6443,13,28,16,8,16,k16,True,0.21515806019306183,videomamba,driveact
vp14_run1_2018-05-30-10-11-09_5855_5873,13,18,16,8,16,k16,False,0.7884159684181213,videomamba,driveact
vp14_run2_2018-05-30-10-42-33_3685_3731,13,46,16,8,16,k16,False,0.9475754499435425,videomamba,driveact
vp15_run1_2018-05-30-13-05-35_4451_4497,13,47,16,8,16,k16,False,0.6832501888275146,videomamba,driveact
vp14_run1_2018-05-30-10-11-09_11987_11998,13,11,11,8,16,k16,False,0.6346172094345093,videomamba,driveact
vp14_run2_2018-05-30-10-42-33_3731_3770,13,39,16,8,16,k16,False,0.9419944882392883,videomamba,driveact
vp14_run1_2018-05-30-10-11-09_5763_5809,13,47,16,8,16,k16,False,0.6099430322647095,videomamba,driveact
vp14_run2_2018-05-30-10-42-33_16124_16169,13,45,16,8,16,k16,True,0.3896580934524536,videomamba,driveact
vp14_run1_2018-05-30-10-11-09_5809_5855,13,46,16,8,16,k16,False,0.7930067181587219,videomamba,driveact
vp15_run1_2018-05-30-13-05-35_4497_4508,13,11,11,8,16,k16,False,0.3878847360610962,videomamba,driveact
vp15_run1_2018-05-30-13-05-35_10200_10223,13,23,16,8,16,k16,True,0.22113478183746338,videomamba,driveact
vp14_run2_2018-05-30-10-42-33_22235_22280,14,45,16,8,16,k16,False,0.21025905013084412,videomamba,driveact
vp15_run2_2018-05-30-13-34-33_19604_19635,14,32,16,8,16,k16,True,0.36958497762680054,videomamba,driveact
vp14_run1_2018-05-30-10-11-09_24456_24474,14,18,16,8,16,k16,False,0.2945052981376648,videomamba,driveact
vp14_run1_2018-05-30-10-11-09_24410_24456,14,47,16,8,16,k16,False,0.6754757761955261,videomamba,driveact
vp15_run1_2018-05-30-13-05-35_18724_18755,14,31,16,8,16,k16,True,0.34588757157325745,videomamba,driveact
vp14_run2_2018-05-30-10-42-33_22280_22295,14,15,15,8,16,k16,False,0.18544214963912964,videomamba,driveact
vp14_run1_2018-05-30-10-11-09_61_82,15,20,16,8,16,k16,True,0.3943263292312622,videomamba,driveact
vp15_run1_2018-05-30-13-05-35_61_87,15,25,16,8,16,k16,True,0.580041229724884,videomamba,driveact
vp14_run2_2018-05-30-10-42-33_44_74,15,30,16,8,16,k16,True,0.6688409447669983,videomamba,driveact
vp15_run2_2018-05-30-13-34-33_99_120,15,21,16,8,16,k16,True,0.6209791302680969,videomamba,driveact
vp15_run1_2018-05-30-13-05-35_6599_6615,16,17,16,8,16,k16,False,0.5758129954338074,videomamba,driveact
vp14_run1_2018-05-30-10-11-09_21830_21875,16,45,16,8,16,k16,False,0.7255691289901733,videomamba,driveact
vp15_run2_2018-05-30-13-34-33_6800_6847,16,47,16,8,16,k16,False,0.1678379476070404,videomamba,driveact
vp15_run1_2018-05-30-13-05-35_5948_5960,16,12,12,8,16,k16,False,0.8409865498542786,videomamba,driveact
vp14_run2_2018-05-30-10-42-33_12428_12468,16,41,16,8,16,k16,True,0.29173529148101807,videomamba,driveact
vp14_run1_2018-05-30-10-11-09_21784_21830,16,46,16,8,16,k16,False,0.29509904980659485,videomamba,driveact
vp15_run2_2018-05-30-13-34-33_6847_6885,16,37,16,8,16,k16,False,0.6037906408309937,videomamba,driveact
vp14_run1_2018-05-30-10-11-09_21875_21919,16,44,16,8,16,k16,False,0.30236074328422546,videomamba,driveact
vp14_run1_2018-05-30-10-11-09_21740_21784,16,44,16,8,16,k16,False,0.6744571328163147,videomamba,driveact
vp15_run1_2018-05-30-13-05-35_5874_5909,16,35,16,8,16,k16,True,0.33065420389175415,videomamba,driveact
vp15_run1_2018-05-30-13-05-35_5828_5874,16,47,16,8,16,k16,True,0.24026080965995789,videomamba,driveact
vp14_run2_2018-05-30-10-42-33_13778_13820,17,42,16,8,16,k16,False,0.5305153131484985,videomamba,driveact
vp15_run2_2018-05-30-13-34-33_9246_9292,17,47,16,8,16,k16,True,0.9362415075302124,videomamba,driveact
vp15_run2_2018-05-30-13-34-33_7747_7769,17,22,16,8,16,k16,True,0.6768164038658142,videomamba,driveact
vp14_run2_2018-05-30-10-42-33_11982_12001,17,20,16,8,16,k16,True,0.7063519954681396,videomamba,driveact
vp14_run2_2018-05-30-10-42-33_19252_19297,17,44,16,8,16,k16,False,0.6910922527313232,videomamba,driveact
vp15_run1_2018-05-30-13-05-35_6385_6421,17,35,16,8,16,k16,True,0.49798333644866943,videomamba,driveact
vp14_run2_2018-05-30-10-42-33_20324_20345,17,21,16,8,16,k16,True,0.833416759967804,videomamba,driveact
vp14_run1_2018-05-30-10-11-09_10035_10080,17,45,16,8,16,k16,True,0.486275315284729,videomamba,driveact
vp14_run1_2018-05-30-10-11-09_23244_23290,17,47,16,8,16,k16,False,0.4621105492115021,videomamba,driveact
vp14_run1_2018-05-30-10-11-09_20839_20884,17,44,16,8,16,k16,True,0.9147423505783081,videomamba,driveact
vp14_run1_2018-05-30-10-11-09_6033_6078,17,45,16,8,16,k16,True,0.661626398563385,videomamba,driveact
vp14_run2_2018-05-30-10-42-33_10144_10189,17,44,16,8,16,k16,True,0.4590257704257965,videomamba,driveact
vp14_run1_2018-05-30-10-11-09_3899_3918,17,20,16,8,16,k16,False,0.2949489951133728,videomamba,driveact
vp15_run1_2018-05-30-13-05-35_17835_17878,17,44,16,8,16,k16,True,0.9499589800834656,videomamba,driveact
vp15_run1_2018-05-30-13-05-35_15124_15161,17,37,16,8,16,k16,True,0.9164096713066101,videomamba,driveact
vp14_run1_2018-05-30-10-11-09_23063_23108,17,45,16,8,16,k16,True,0.8659703731536865,videomamba,driveact
vp14_run1_2018-05-30-10-11-09_3808_3854,17,46,16,8,16,k16,True,0.5898937582969666,videomamba,driveact
vp14_run1_2018-05-30-10-11-09_6921_6966,17,45,16,8,16,k16,False,0.714209258556366,videomamba,driveact
vp15_run2_2018-05-30-13-34-33_12431_12451,17,20,16,8,16,k16,False,0.2602327764034271,videomamba,driveact
vp15_run2_2018-05-30-13-34-33_6516_6526,17,11,11,8,16,k16,True,0.9140675067901611,videomamba,driveact
vp15_run1_2018-05-30-13-05-35_4173_4218,18,45,16,8,16,k16,False,0.9468086361885071,videomamba,driveact
vp15_run1_2018-05-30-13-05-35_4218_4263,18,45,16,8,16,k16,False,0.9767475724220276,videomamba,driveact
vp15_run2_2018-05-30-13-34-33_5458_5503,18,44,16,8,16,k16,False,0.5557271242141724,videomamba,driveact
vp15_run1_2018-05-30-13-05-35_4263_4274,18,11,11,8,16,k16,False,0.9084311127662659,videomamba,driveact
vp15_run2_2018-05-30-13-34-33_5412_5458,18,47,16,8,16,k16,False,0.7504171133041382,videomamba,driveact
vp14_run1_2018-05-30-10-11-09_6100_6135,19,34,16,8,16,k16,True,0.7547478079795837,videomamba,driveact
vp15_run1_2018-05-30-13-05-35_5603_5614,19,11,11,8,16,k16,True,0.942415177822113,videomamba,driveact
vp14_run1_2018-05-30-10-11-09_19092_19109,19,17,16,8,16,k16,True,0.9177535772323608,videomamba,driveact
vp14_run1_2018-05-30-10-11-09_23828_23868,19,41,16,8,16,k16,True,0.8207474946975708,videomamba,driveact
vp14_run2_2018-05-30-10-42-33_21617_21626,19,9,9,8,16,k16,True,0.5131694674491882,videomamba,driveact
vp14_run1_2018-05-30-10-11-09_6532_6545,19,13,13,8,16,k16,True,0.5871370434761047,videomamba,driveact
vp15_run2_2018-05-30-13-34-33_3486_3530,19,44,16,8,16,k16,True,0.9286169409751892,videomamba,driveact
vp15_run2_2018-05-30-13-34-33_3530_3551,19,21,16,8,16,k16,True,0.8406964540481567,videomamba,driveact
vp14_run2_2018-05-30-10-42-33_14307_14319,19,12,12,8,16,k16,True,0.9056995511054993,videomamba,driveact
vp14_run2_2018-05-30-10-42-33_9619_9627,19,7,7,8,16,k16,True,0.8392751216888428,videomamba,driveact
vp14_run2_2018-05-30-10-42-33_13931_13976,19,45,16,8,16,k16,True,0.5388306975364685,videomamba,driveact
vp15_run1_2018-05-30-13-05-35_9434_9445,19,11,11,8,16,k16,True,0.9500123262405396,videomamba,driveact
vp14_run2_2018-05-30-10-42-33_21572_21617,19,45,16,8,16,k16,True,0.21143467724323273,videomamba,driveact
vp14_run1_2018-05-30-10-11-09_11725_11733,19,7,7,8,16,k16,True,0.9061789512634277,videomamba,driveact
vp14_run2_2018-05-30-10-42-33_19945_19955,19,10,10,8,16,k16,True,0.9319301247596741,videomamba,driveact
vp14_run1_2018-05-30-10-11-09_11236_11262,19,25,16,8,16,k16,True,0.8444960117340088,videomamba,driveact
vp14_run1_2018-05-30-10-11-09_5067_5077,19,11,11,8,16,k16,True,0.9306060671806335,videomamba,driveact
vp14_run1_2018-05-30-10-11-09_3350_3362,19,12,12,8,16,k16,True,0.9428844451904297,videomamba,driveact
vp14_run2_2018-05-30-10-42-33_15003_15038,19,35,16,8,16,k16,True,0.6405684947967529,videomamba,driveact
vp14_run1_2018-05-30-10-11-09_11041_11086,19,44,16,8,16,k16,True,0.9476426839828491,videomamba,driveact
vp15_run1_2018-05-30-13-05-35_6828_6873,20,45,16,8,16,k16,False,0.9413175582885742,videomamba,driveact
vp15_run1_2018-05-30-13-05-35_14404_14450,21,46,16,8,16,k16,False,0.583523690700531,videomamba,driveact
vp15_run1_2018-05-30-13-05-35_14360_14404,21,44,16,8,16,k16,False,0.32348471879959106,videomamba,driveact
vp15_run1_2018-05-30-13-05-35_14495_14540,21,45,16,8,16,k16,False,0.6812478303909302,videomamba,driveact
vp14_run2_2018-05-30-10-42-33_6651_6696,21,45,16,8,16,k16,False,0.2519669830799103,videomamba,driveact
vp14_run2_2018-05-30-10-42-33_6787_6832,21,44,16,8,16,k16,False,0.5890025496482849,videomamba,driveact
vp15_run2_2018-05-30-13-34-33_13832_13877,21,45,16,8,16,k16,False,0.6383006572723389,videomamba,driveact
vp15_run1_2018-05-30-13-05-35_14314_14360,21,46,16,8,16,k16,False,0.24478718638420105,videomamba,driveact
vp15_run1_2018-05-30-13-05-35_14131_14177,21,46,16,8,16,k16,True,0.6718537211418152,videomamba,driveact
vp15_run2_2018-05-30-13-34-33_13785_13832,21,47,16,8,16,k16,False,0.5071765184402466,videomamba,driveact
vp14_run2_2018-05-30-10-42-33_7195_7243,21,47,16,8,16,k16,True,0.4028198719024658,videomamba,driveact
vp15_run2_2018-05-30-13-34-33_13603_13648,21,44,16,8,16,k16,True,0.41753512620925903,videomamba,driveact
vp15_run1_2018-05-30-13-05-35_14540_14585,21,45,16,8,16,k16,False,0.2708720564842224,videomamba,driveact
vp14_run2_2018-05-30-10-42-33_7288_7333,21,44,16,8,16,k16,False,0.38332265615463257,videomamba,driveact
vp14_run2_2018-05-30-10-42-33_7150_7195,21,44,16,8,16,k16,True,0.17869743704795837,videomamba,driveact
vp14_run2_2018-05-30-10-42-33_6696_6742,21,47,16,8,16,k16,False,0.22818613052368164,videomamba,driveact
vp14_run2_2018-05-30-10-42-33_7105_7150,21,44,16,8,16,k16,False,0.46416664123535156,videomamba,driveact
vp14_run2_2018-05-30-10-42-33_6742_6787,21,44,16,8,16,k16,False,0.231678307056427,videomamba,driveact
vp14_run2_2018-05-30-10-42-33_6878_6924,21,47,16,8,16,k16,True,0.48055773973464966,videomamba,driveact
vp15_run2_2018-05-30-13-34-33_13968_14013,21,45,16,8,16,k16,False,0.27073904871940613,videomamba,driveact
vp14_run2_2018-05-30-10-42-33_6832_6878,21,46,16,8,16,k16,False,0.22235095500946045,videomamba,driveact
vp15_run2_2018-05-30-13-34-33_12749_12795,22,47,16,8,16,k16,True,0.37414541840553284,videomamba,driveact
vp14_run1_2018-05-30-10-11-09_10292_10334,22,42,16,8,16,k16,False,0.19499963521957397,videomamba,driveact
vp15_run1_2018-05-30-13-05-35_8577_8623,22,47,16,8,16,k16,False,0.38587263226509094,videomamba,driveact
vp15_run1_2018-05-30-13-05-35_8623_8664,22,40,16,8,16,k16,False,0.24342797696590424,videomamba,driveact
vp15_run2_2018-05-30-13-34-33_12795_12805,22,11,11,8,16,k16,False,0.2848513126373291,videomamba,driveact
vp14_run1_2018-05-30-10-11-09_10107_10133,22,26,16,8,16,k16,True,0.5257645845413208,videomamba,driveact
vp15_run2_2018-05-30-13-34-33_12366_12398,22,32,16,8,16,k16,False,0.4088076055049896,videomamba,driveact
vp15_run1_2018-05-30-13-05-35_8808_8831,22,23,1,8,1,k1,False,0.45276153087615967,videomamba,driveact
vp15_run2_2018-05-30-13-34-33_12451_12495,22,43,1,8,1,k1,False,0.23957452178001404,videomamba,driveact
vp15_run1_2018-05-30-13-05-35_9084_9108,22,24,1,8,1,k1,False,0.9861627221107483,videomamba,driveact
vp14_run2_2018-05-30-10-42-33_10444_10476,22,31,1,8,1,k1,False,0.4466584324836731,videomamba,driveact
vp14_run2_2018-05-30-10-42-33_7944_7989,22,45,1,8,1,k1,False,0.19417117536067963,videomamba,driveact
vp14_run2_2018-05-30-10-42-33_8556_8573,22,17,1,8,1,k1,False,0.5017759799957275,videomamba,driveact
vp14_run1_2018-05-30-10-11-09_13628_13659,22,32,1,8,1,k1,False,0.4861522614955902,videomamba,driveact
vp14_run2_2018-05-30-10-42-33_14897_14938,22,41,1,8,1,k1,False,0.9557535648345947,videomamba,driveact
vp15_run2_2018-05-30-13-34-33_11074_11119,23,44,1,8,1,k1,True,0.9916397929191589,videomamba,driveact
vp14_run2_2018-05-30-10-42-33_10388_10407,23,20,1,8,1,k1,True,0.9780810475349426,videomamba,driveact
vp15_run2_2018-05-30-13-34-33_11304_11349,23,45,1,8,1,k1,False,0.5992709398269653,videomamba,driveact
vp14_run1_2018-05-30-10-11-09_14027_14072,23,45,1,8,1,k1,True,0.96401047706604,videomamba,driveact
vp14_run1_2018-05-30-10-11-09_14662_14707,23,44,1,8,1,k1,True,0.43965134024620056,videomamba,driveact
vp14_run1_2018-05-30-10-11-09_15888_15933,23,45,1,8,1,k1,True,0.8005762100219727,videomamba,driveact
vp14_run1_2018-05-30-10-11-09_13706_13753,23,47,1,8,1,k1,False,0.35930556058883667,videomamba,driveact
vp14_run1_2018-05-30-10-11-09_15933_15961,23,29,1,8,1,k1,True,0.9690859913825989,videomamba,driveact
vp14_run1_2018-05-30-10-11-09_15208_15253,23,44,1,8,1,k1,True,0.9786763787269592,videomamba,driveact
vp15_run2_2018-05-30-13-34-33_11439_11485,23,47,1,8,1,k1,True,0.7979731559753418,videomamba,driveact
vp15_run2_2018-05-30-13-34-33_10619_10665,23,47,1,8,1,k1,True,0.9066742062568665,videomamba,driveact
vp14_run2_2018-05-30-10-42-33_10761_10808,23,47,1,8,1,k1,True,0.6835053563117981,videomamba,driveact
vp14_run1_2018-05-30-10-11-09_15342_15387,23,45,1,8,1,k1,True,0.9869564771652222,videomamba,driveact
vp14_run2_2018-05-30-10-42-33_10579_10624,23,44,1,8,1,k1,True,0.9796168804168701,videomamba,driveact
vp15_run1_2018-05-30-13-05-35_17520_17566,23,47,1,8,1,k1,True,0.9751421809196472,videomamba,driveact
vp15_run2_2018-05-30-13-34-33_10300_10346,23,46,1,8,1,k1,True,0.9899044632911682,videomamba,driveact
vp14_run2_2018-05-30-10-42-33_11353_11399,23,46,1,8,1,k1,True,0.9877822995185852,videomamba,driveact
vp15_run1_2018-05-30-13-05-35_17214_17260,23,47,1,8,1,k1,True,0.99094158411026,videomamba,driveact
vp15_run2_2018-05-30-13-34-33_10208_10254,23,47,1,8,1,k1,True,0.5877081751823425,videomamba,driveact
vp14_run2_2018-05-30-10-42-33_10945_10990,23,44,1,8,1,k1,True,0.9776248931884766,videomamba,driveact
vp14_run1_2018-05-30-10-11-09_7990_8035,24,44,1,8,1,k1,True,0.964195728302002,videomamba,driveact
vp14_run1_2018-05-30-10-11-09_8221_8266,24,44,1,8,1,k1,True,0.9774495363235474,videomamba,driveact
vp14_run1_2018-05-30-10-11-09_8811_8857,24,47,1,8,1,k1,True,0.9812535643577576,videomamba,driveact
vp14_run1_2018-05-30-10-11-09_8357_8402,24,45,1,8,1,k1,True,0.9623173475265503,videomamba,driveact
vp14_run1_2018-05-30-10-11-09_7447_7491,24,43,1,8,1,k1,True,0.9678799510002136,videomamba,driveact
vp14_run2_2018-05-30-10-42-33_5079_5125,24,47,1,8,1,k1,True,0.9812430739402771,videomamba,driveact
vp15_run2_2018-05-30-13-34-33_8001_8047,24,47,1,8,1,k1,False,0.3564145565032959,videomamba,driveact
vp14_run2_2018-05-30-10-42-33_4851_4897,24,47,1,8,1,k1,True,0.9828662276268005,videomamba,driveact
vp15_run2_2018-05-30-13-34-33_8047_8092,24,44,1,8,1,k1,True,0.8604778051376343,videomamba,driveact
vp14_run1_2018-05-30-10-11-09_8947_8992,24,44,1,8,1,k1,True,0.981385350227356,videomamba,driveact
vp14_run1_2018-05-30-10-11-09_7401_7447,24,47,1,8,1,k1,True,0.9691539406776428,videomamba,driveact
vp14_run2_2018-05-30-10-42-33_4484_4530,24,47,1,8,1,k1,True,0.9886305332183838,videomamba,driveact
vp14_run2_2018-05-30-10-42-33_4621_4667,24,46,1,8,1,k1,True,0.7694072127342224,videomamba,driveact
vp15_run2_2018-05-30-13-34-33_8686_8731,24,44,1,8,1,k1,True,0.5456963777542114,videomamba,driveact
vp14_run2_2018-05-30-10-42-33_4760_4806,24,47,1,8,1,k1,True,0.9726117253303528,videomamba,driveact
vp14_run1_2018-05-30-10-11-09_8035_8082,24,46,1,8,1,k1,True,0.9827250838279724,videomamba,driveact
vp14_run2_2018-05-30-10-42-33_4667_4713,24,47,1,8,1,k1,True,0.9811704754829407,videomamba,driveact
vp14_run1_2018-05-30-10-11-09_7583_7628,24,45,1,8,1,k1,True,0.9744643568992615,videomamba,driveact
vp15_run2_2018-05-30-13-34-33_8640_8686,24,47,1,8,1,k1,True,0.4656939208507538,videomamba,driveact
vp14_run1_2018-05-30-10-11-09_8175_8221,24,47,1,8,1,k1,True,0.973638653755188,videomamba,driveact
vp14_run2_2018-05-30-10-42-33_7688_7734,25,47,1,8,1,k1,True,0.9946761131286621,videomamba,driveact
vp14_run2_2018-05-30-10-42-33_7643_7688,25,45,1,8,1,k1,True,0.9959049820899963,videomamba,driveact
vp15_run1_2018-05-30-13-05-35_12174_12219,25,45,1,8,1,k1,False,0.8222737312316895,videomamba,driveact
vp15_run2_2018-05-30-13-34-33_15454_15499,25,44,1,8,1,k1,False,0.2317129373550415,videomamba,driveact
vp15_run1_2018-05-30-13-05-35_4069_4114,25,44,1,8,1,k1,True,0.7981505990028381,videomamba,driveact
vp15_run1_2018-05-30-13-05-35_12465_12511,25,47,1,8,1,k1,False,0.4292980432510376,videomamba,driveact
vp14_run2_2018-05-30-10-42-33_6133_6179,25,46,1,8,1,k1,False,0.37247151136398315,videomamba,driveact
vp14_run2_2018-05-30-10-42-33_14371_14416,25,44,1,8,1,k1,True,0.9967324733734131,videomamba,driveact
vp15_run2_2018-05-30-13-34-33_15819_15850,25,32,1,8,1,k1,False,0.39251214265823364,videomamba,driveact
vp15_run2_2018-05-30-13-34-33_19077_19122,25,45,1,8,1,k1,False,0.4866407513618469,videomamba,driveact
vp15_run2_2018-05-30-13-34-33_6689_6702,25,14,1,8,1,k1,False,0.43579086661338806,videomamba,driveact
vp15_run1_2018-05-30-13-05-35_13051_13096,25,44,1,8,1,k1,True,0.9788441061973572,videomamba,driveact
vp15_run1_2018-05-30-13-05-35_11381_11426,25,45,1,8,1,k1,True,0.991578221321106,videomamba,driveact
vp15_run2_2018-05-30-13-34-33_6643_6689,25,46,1,8,1,k1,True,0.9968223571777344,videomamba,driveact
vp15_run1_2018-05-30-13-05-35_12264_12310,25,47,1,8,1,k1,False,0.36007043719291687,videomamba,driveact
vp15_run1_2018-05-30-13-05-35_13142_13187,25,45,1,8,1,k1,True,0.962822437286377,videomamba,driveact
vp15_run2_2018-05-30-13-34-33_15272_15317,25,45,1,8,1,k1,False,0.29291167855262756,videomamba,driveact
vp15_run1_2018-05-30-13-05-35_6945_6990,25,45,1,8,1,k1,True,0.6945821642875671,videomamba,driveact
vp15_run1_2018-05-30-13-05-35_18189_18199,25,11,1,8,1,k1,True,0.993343710899353,videomamba,driveact
vp15_run2_2018-05-30-13-34-33_16840_16885,25,44,1,8,1,k1,False,0.28283926844596863,videomamba,driveact
vp15_run1_2018-05-30-13-05-35_5777_5811,26,35,1,8,1,k1,False,0.9969547986984253,videomamba,driveact
vp15_run2_2018-05-30-13-34-33_14570_14605,27,35,1,8,1,k1,False,0.8919405341148376,videomamba,driveact
vp15_run2_2018-05-30-13-34-33_14342_14388,27,47,1,8,1,k1,False,0.36698198318481445,videomamba,driveact
vp14_run1_2018-05-30-10-11-09_12915_12960,27,45,1,8,1,k1,False,0.41052648425102234,videomamba,driveact
vp14_run1_2018-05-30-10-11-09_12825_12871,27,47,1,8,1,k1,False,0.6040899157524109,videomamba,driveact
vp14_run2_2018-05-30-10-42-33_10048_10093,27,44,1,8,1,k1,False,0.23746153712272644,videomamba,driveact
vp15_run1_2018-05-30-13-05-35_14951_14996,27,45,1,8,1,k1,False,0.25595948100090027,videomamba,driveact
vp15_run1_2018-05-30-13-05-35_14907_14951,27,44,1,8,1,k1,False,0.3681410551071167,videomamba,driveact
vp14_run1_2018-05-30-10-11-09_12960_13005,27,45,1,8,1,k1,False,0.21107211709022522,videomamba,driveact
vp15_run2_2018-05-30-13-34-33_14480_14525,27,45,1,8,1,k1,True,0.429492324590683,videomamba,driveact
vp15_run1_2018-05-30-13-05-35_14861_14907,27,47,1,8,1,k1,False,0.3702140748500824,videomamba,driveact
vp14_run1_2018-05-30-10-11-09_13095_13121,27,26,1,8,1,k1,False,0.5305579900741577,videomamba,driveact
vp15_run1_2018-05-30-13-05-35_14816_14861,27,45,1,8,1,k1,False,0.9935243129730225,videomamba,driveact
vp14_run2_2018-05-30-10-42-33_9773_9819,27,47,1,8,1,k1,False,0.9592017531394958,videomamba,driveact
vp14_run1_2018-05-30-10-11-09_13005_13050,27,45,1,8,1,k1,True,0.41474050283432007,videomamba,driveact
vp14_run2_2018-05-30-10-42-33_9911_9957,27,47,1,8,1,k1,False,0.2356942743062973,videomamba,driveact
vp15_run2_2018-05-30-13-34-33_14388_14435,27,47,1,8,1,k1,True,0.20221373438835144,videomamba,driveact
vp14_run1_2018-05-30-10-11-09_12871_12915,27,43,1,8,1,k1,False,0.4353596866130829,videomamba,driveact
vp15_run1_2018-05-30-13-05-35_15088_15124,27,35,1,8,1,k1,False,0.36207816004753113,videomamba,driveact
vp14_run1_2018-05-30-10-11-09_13050_13095,27,45,1,8,1,k1,False,0.3220975399017334,videomamba,driveact
vp15_run2_2018-05-30-13-34-33_14297_14342,27,45,1,8,1,k1,False,0.9956757426261902,videomamba,driveact
vp14_run1_2018-05-30-10-11-09_13541_13565,28,24,1,8,1,k1,False,0.4590376913547516,videomamba,driveact
vp14_run2_2018-05-30-10-42-33_14879_14897,28,18,1,8,1,k1,False,0.4214254319667816,videomamba,driveact
vp15_run1_2018-05-30-13-05-35_8745_8776,28,32,1,8,1,k1,False,0.9958246946334839,videomamba,driveact
vp14_run2_2018-05-30-10-42-33_8419_8445,28,25,1,8,1,k1,False,0.49543502926826477,videomamba,driveact
vp15_run1_2018-05-30-13-05-35_8776_8808,28,31,1,8,1,k1,False,0.5949026346206665,videomamba,driveact
vp15_run2_2018-05-30-13-34-33_12292_12320,28,28,1,8,1,k1,False,0.9839287996292114,videomamba,driveact
vp14_run1_2018-05-30-10-11-09_10080_10107,28,27,1,8,1,k1,False,0.7947520613670349,videomamba,driveact
vp14_run2_2018-05-30-10-42-33_9666_9696,28,30,1,8,1,k1,False,0.9951635599136353,videomamba,driveact
vp15_run1_2018-05-30-13-05-35_9044_9084,28,41,1,8,1,k1,False,0.45919615030288696,videomamba,driveact
vp15_run2_2018-05-30-13-34-33_12664_12693,28,28,1,8,1,k1,False,0.9954825639724731,videomamba,driveact
vp15_run2_2018-05-30-13-34-33_12408_12431,28,23,1,8,1,k1,False,0.23079931735992432,videomamba,driveact
vp14_run2_2018-05-30-10-42-33_7828_7873,28,44,1,8,1,k1,False,0.9915814995765686,videomamba,driveact
vp14_run1_2018-05-30-10-11-09_10182_10207,28,26,1,8,1,k1,False,0.6521294116973877,videomamba,driveact
vp14_run2_2018-05-30-10-42-33_14833_14879,28,46,1,8,1,k1,False,0.8121649622917175,videomamba,driveact
vp15_run2_2018-05-30-13-34-33_4699_4745,29,46,1,8,1,k1,False,0.9964897036552429,videomamba,driveact
vp14_run1_2018-05-30-10-11-09_4247_4292,29,45,1,8,1,k1,False,0.9967809915542603,videomamba,driveact
vp15_run2_2018-05-30-13-34-33_4290_4334,29,44,1,8,1,k1,False,0.997431218624115,videomamba,driveact
vp15_run1_2018-05-30-13-05-35_16166_16212,29,47,1,8,1,k1,False,0.9939894676208496,videomamba,driveact
vp14_run1_2018-05-30-10-11-09_4382_4428,29,47,1,8,1,k1,False,0.9969629645347595,videomamba,driveact
vp14_run2_2018-05-30-10-42-33_8754_8800,29,47,1,8,1,k1,False,0.997295081615448,videomamba,driveact
vp14_run2_2018-05-30-10-42-33_8800_8845,29,44,1,8,1,k1,False,0.997041642665863,videomamba,driveact
vp15_run1_2018-05-30-13-05-35_16302_16349,29,47,1,8,1,k1,False,0.9942576885223389,videomamba,driveact
vp14_run2_2018-05-30-10-42-33_8573_8618,29,45,1,8,1,k1,False,0.8007633686065674,videomamba,driveact
vp15_run2_2018-05-30-13-34-33_4198_4243,29,44,1,8,1,k1,False,0.9970882534980774,videomamba,driveact
vp14_run2_2018-05-30-10-42-33_8936_8981,29,45,1,8,1,k1,False,0.9968942403793335,videomamba,driveact
vp15_run2_2018-05-30-13-34-33_4562_4608,29,47,1,8,1,k1,False,0.9973445534706116,videomamba,driveact
vp15_run2_2018-05-30-13-34-33_4106_4152,29,47,1,8,1,k1,False,0.9968518614768982,videomamba,driveact
vp15_run2_2018-05-30-13-34-33_3968_4014,29,47,1,8,1,k1,False,0.4184839427471161,videomamba,driveact
vp14_run2_2018-05-30-10-42-33_8709_8754,29,45,1,8,1,k1,False,0.9958946704864502,videomamba,driveact
vp15_run1_2018-05-30-13-05-35_16030_16075,29,44,1,8,1,k1,False,0.9967526793479919,videomamba,driveact
vp15_run1_2018-05-30-13-05-35_15985_16030,29,44,1,8,1,k1,False,0.9936777949333191,videomamba,driveact
vp15_run2_2018-05-30-13-34-33_4836_4881,29,45,1,8,1,k1,False,0.9962479472160339,videomamba,driveact
vp14_run1_2018-05-30-10-11-09_4110_4156,29,47,1,8,1,k1,True,0.9139596819877625,videomamba,driveact
vp14_run1_2018-05-30-10-11-09_4201_4247,29,46,1,8,1,k1,False,0.9449015259742737,videomamba,driveact
vp15_run1_2018-05-30-13-05-35_18649_18695,30,46,1,8,1,k1,False,0.8131791353225708,videomamba,driveact
vp14_run2_2018-05-30-10-42-33_22124_22169,30,45,1,8,1,k1,False,0.9032614231109619,videomamba,driveact
vp14_run1_2018-05-30-10-11-09_12137_12174,30,38,1,8,1,k1,False,0.20654012262821198,videomamba,driveact
vp15_run2_2018-05-30-13-34-33_19595_19604,30,9,1,8,1,k1,False,0.3017544448375702,videomamba,driveact
vp14_run1_2018-05-30-10-11-09_24267_24314,30,47,1,8,1,k1,False,0.82692950963974,videomamba,driveact
vp15_run1_2018-05-30-13-05-35_8808_8831,22,23,2,8,2,k2,True,0.3803449273109436,videomamba,driveact
vp15_run2_2018-05-30-13-34-33_12451_12495,22,43,2,8,2,k2,False,0.3262506127357483,videomamba,driveact
vp15_run1_2018-05-30-13-05-35_9084_9108,22,24,2,8,2,k2,False,0.9761626720428467,videomamba,driveact
vp14_run2_2018-05-30-10-42-33_10444_10476,22,31,2,8,2,k2,False,0.9089808464050293,videomamba,driveact
vp14_run2_2018-05-30-10-42-33_7944_7989,22,45,2,8,2,k2,False,0.6052364706993103,videomamba,driveact
vp14_run2_2018-05-30-10-42-33_8556_8573,22,17,2,8,2,k2,False,0.3754218816757202,videomamba,driveact
vp14_run1_2018-05-30-10-11-09_13628_13659,22,32,2,8,2,k2,False,0.8272116184234619,videomamba,driveact
vp14_run2_2018-05-30-10-42-33_14897_14938,22,41,2,8,2,k2,True,0.6344760656356812,videomamba,driveact
vp15_run2_2018-05-30-13-34-33_11074_11119,23,44,2,8,2,k2,True,0.9904583692550659,videomamba,driveact
vp14_run2_2018-05-30-10-42-33_10388_10407,23,20,2,8,2,k2,True,0.9727122187614441,videomamba,driveact
vp15_run2_2018-05-30-13-34-33_11304_11349,23,45,2,8,2,k2,False,0.8971059322357178,videomamba,driveact
vp14_run1_2018-05-30-10-11-09_14027_14072,23,45,2,8,2,k2,True,0.9792633652687073,videomamba,driveact
vp14_run1_2018-05-30-10-11-09_14662_14707,23,44,2,8,2,k2,True,0.4118678569793701,videomamba,driveact
vp14_run1_2018-05-30-10-11-09_15888_15933,23,45,2,8,2,k2,True,0.9585101008415222,videomamba,driveact
vp14_run1_2018-05-30-10-11-09_13706_13753,23,47,2,8,2,k2,True,0.9126240015029907,videomamba,driveact
vp14_run1_2018-05-30-10-11-09_15933_15961,23,29,2,8,2,k2,True,0.9122036099433899,videomamba,driveact
vp14_run1_2018-05-30-10-11-09_15208_15253,23,44,2,8,2,k2,True,0.9798231720924377,videomamba,driveact
vp15_run2_2018-05-30-13-34-33_11439_11485,23,47,2,8,2,k2,True,0.9745575189590454,videomamba,driveact
vp15_run2_2018-05-30-13-34-33_10619_10665,23,47,2,8,2,k2,True,0.9701581001281738,videomamba,driveact
vp14_run2_2018-05-30-10-42-33_10761_10808,23,47,2,8,2,k2,True,0.9265822172164917,videomamba,driveact
vp14_run1_2018-05-30-10-11-09_15342_15387,23,45,2,8,2,k2,True,0.9880059361457825,videomamba,driveact
vp14_run2_2018-05-30-10-42-33_10579_10624,23,44,2,8,2,k2,True,0.9824919700622559,videomamba,driveact
vp15_run1_2018-05-30-13-05-35_17520_17566,23,47,2,8,2,k2,True,0.9653840065002441,videomamba,driveact
vp15_run2_2018-05-30-13-34-33_10300_10346,23,46,2,8,2,k2,True,0.9892957806587219,videomamba,driveact
vp14_run2_2018-05-30-10-42-33_11353_11399,23,46,2,8,2,k2,True,0.9906285405158997,videomamba,driveact
vp15_run1_2018-05-30-13-05-35_17214_17260,23,47,2,8,2,k2,True,0.9891273379325867,videomamba,driveact
vp15_run2_2018-05-30-13-34-33_10208_10254,23,47,2,8,2,k2,True,0.7032335996627808,videomamba,driveact
vp14_run2_2018-05-30-10-42-33_10945_10990,23,44,2,8,2,k2,True,0.9804161190986633,videomamba,driveact
vp14_run1_2018-05-30-10-11-09_7990_8035,24,44,2,8,2,k2,True,0.976858377456665,videomamba,driveact
vp14_run1_2018-05-30-10-11-09_8221_8266,24,44,2,8,2,k2,True,0.9818910956382751,videomamba,driveact
vp14_run1_2018-05-30-10-11-09_8811_8857,24,47,2,8,2,k2,True,0.9777766466140747,videomamba,driveact
vp14_run1_2018-05-30-10-11-09_8357_8402,24,45,2,8,2,k2,True,0.9647465348243713,videomamba,driveact
vp14_run1_2018-05-30-10-11-09_7447_7491,24,43,2,8,2,k2,True,0.9783810973167419,videomamba,driveact
vp14_run2_2018-05-30-10-42-33_5079_5125,24,47,2,8,2,k2,True,0.9847927093505859,videomamba,driveact
vp15_run2_2018-05-30-13-34-33_8001_8047,24,47,2,8,2,k2,True,0.9487613439559937,videomamba,driveact
vp14_run2_2018-05-30-10-42-33_4851_4897,24,47,2,8,2,k2,True,0.9853649735450745,videomamba,driveact
vp15_run2_2018-05-30-13-34-33_8047_8092,24,44,2,8,2,k2,True,0.9563623666763306,videomamba,driveact
vp14_run1_2018-05-30-10-11-09_8947_8992,24,44,2,8,2,k2,True,0.9831296801567078,videomamba,driveact
vp14_run1_2018-05-30-10-11-09_7401_7447,24,47,2,8,2,k2,True,0.9728863835334778,videomamba,driveact
vp14_run2_2018-05-30-10-42-33_4484_4530,24,47,2,8,2,k2,True,0.9877961874008179,videomamba,driveact
vp14_run2_2018-05-30-10-42-33_4621_4667,24,46,2,8,2,k2,True,0.9699184894561768,videomamba,driveact
vp15_run2_2018-05-30-13-34-33_8686_8731,24,44,2,8,2,k2,True,0.5299121141433716,videomamba,driveact
vp14_run2_2018-05-30-10-42-33_4760_4806,24,47,2,8,2,k2,True,0.9817115068435669,videomamba,driveact
vp14_run1_2018-05-30-10-11-09_8035_8082,24,46,2,8,2,k2,True,0.9844894409179688,videomamba,driveact
vp14_run2_2018-05-30-10-42-33_4667_4713,24,47,2,8,2,k2,True,0.982084333896637,videomamba,driveact
vp14_run1_2018-05-30-10-11-09_7583_7628,24,45,2,8,2,k2,True,0.9839494824409485,videomamba,driveact
vp15_run2_2018-05-30-13-34-33_8640_8686,24,47,2,8,2,k2,False,0.49984145164489746,videomamba,driveact
vp14_run1_2018-05-30-10-11-09_8175_8221,24,47,2,8,2,k2,True,0.9774471521377563,videomamba,driveact
vp14_run2_2018-05-30-10-42-33_7688_7734,25,47,2,8,2,k2,True,0.9908313155174255,videomamba,driveact
vp14_run2_2018-05-30-10-42-33_7643_7688,25,45,2,8,2,k2,True,0.9964298605918884,videomamba,driveact
vp15_run1_2018-05-30-13-05-35_12174_12219,25,45,2,8,2,k2,False,0.7759986519813538,videomamba,driveact
vp15_run2_2018-05-30-13-34-33_15454_15499,25,44,2,8,2,k2,False,0.4085367023944855,videomamba,driveact
vp15_run1_2018-05-30-13-05-35_4069_4114,25,44,2,8,2,k2,False,0.35203757882118225,videomamba,driveact
vp15_run1_2018-05-30-13-05-35_12465_12511,25,47,2,8,2,k2,False,0.3330015242099762,videomamba,driveact
vp14_run2_2018-05-30-10-42-33_6133_6179,25,46,2,8,2,k2,True,0.664542555809021,videomamba,driveact
vp14_run2_2018-05-30-10-42-33_14371_14416,25,44,2,8,2,k2,True,0.9966667294502258,videomamba,driveact
vp15_run2_2018-05-30-13-34-33_15819_15850,25,32,2,8,2,k2,False,0.29570457339286804,videomamba,driveact
vp15_run2_2018-05-30-13-34-33_19077_19122,25,45,2,8,2,k2,False,0.19389048218727112,videomamba,driveact
vp15_run2_2018-05-30-13-34-33_6689_6702,25,14,2,8,2,k2,True,0.47502052783966064,videomamba,driveact
vp15_run1_2018-05-30-13-05-35_13051_13096,25,44,2,8,2,k2,True,0.9759136438369751,videomamba,driveact
vp15_run1_2018-05-30-13-05-35_11381_11426,25,45,2,8,2,k2,True,0.9902499318122864,videomamba,driveact
vp15_run2_2018-05-30-13-34-33_6643_6689,25,46,2,8,2,k2,True,0.6809515953063965,videomamba,driveact
vp15_run1_2018-05-30-13-05-35_12264_12310,25,47,2,8,2,k2,False,0.4032094478607178,videomamba,driveact
vp15_run1_2018-05-30-13-05-35_13142_13187,25,45,2,8,2,k2,True,0.8981276154518127,videomamba,driveact
vp15_run2_2018-05-30-13-34-33_15272_15317,25,45,2,8,2,k2,False,0.26440152525901794,videomamba,driveact
vp15_run1_2018-05-30-13-05-35_6945_6990,25,45,2,8,2,k2,False,0.466415137052536,videomamba,driveact
vp15_run1_2018-05-30-13-05-35_18189_18199,25,11,2,8,2,k2,True,0.9940028786659241,videomamba,driveact
vp15_run2_2018-05-30-13-34-33_16840_16885,25,44,2,8,2,k2,False,0.25082966685295105,videomamba,driveact
vp15_run1_2018-05-30-13-05-35_5777_5811,26,35,2,8,2,k2,False,0.4401837885379791,videomamba,driveact
vp15_run2_2018-05-30-13-34-33_14570_14605,27,35,2,8,2,k2,False,0.6083239912986755,videomamba,driveact
vp15_run2_2018-05-30-13-34-33_14342_14388,27,47,2,8,2,k2,False,0.40869566798210144,videomamba,driveact
vp14_run1_2018-05-30-10-11-09_12915_12960,27,45,2,8,2,k2,False,0.2677418887615204,videomamba,driveact
vp14_run1_2018-05-30-10-11-09_12825_12871,27,47,2,8,2,k2,False,0.5417870283126831,videomamba,driveact
vp14_run2_2018-05-30-10-42-33_10048_10093,27,44,2,8,2,k2,False,0.17667728662490845,videomamba,driveact
vp15_run1_2018-05-30-13-05-35_14951_14996,27,45,2,8,2,k2,False,0.20470048487186432,videomamba,driveact
vp15_run1_2018-05-30-13-05-35_14907_14951,27,44,2,8,2,k2,False,0.2025046944618225,videomamba,driveact
vp14_run1_2018-05-30-10-11-09_12960_13005,27,45,2,8,2,k2,True,0.45692601799964905,videomamba,driveact
vp15_run2_2018-05-30-13-34-33_14480_14525,27,45,2,8,2,k2,False,0.36755701899528503,videomamba,driveact
vp15_run1_2018-05-30-13-05-35_14861_14907,27,47,2,8,2,k2,False,0.4473801255226135,videomamba,driveact
vp14_run1_2018-05-30-10-11-09_13095_13121,27,26,2,8,2,k2,False,0.4995276629924774,videomamba,driveact
vp15_run1_2018-05-30-13-05-35_14816_14861,27,45,2,8,2,k2,False,0.71770840883255,videomamba,driveact
vp14_run2_2018-05-30-10-42-33_9773_9819,27,47,2,8,2,k2,False,0.32476159930229187,videomamba,driveact
vp14_run1_2018-05-30-10-11-09_13005_13050,27,45,2,8,2,k2,False,0.47086331248283386,videomamba,driveact
vp14_run2_2018-05-30-10-42-33_9911_9957,27,47,2,8,2,k2,False,0.1497402787208557,videomamba,driveact
vp15_run2_2018-05-30-13-34-33_14388_14435,27,47,2,8,2,k2,True,0.36747071146965027,videomamba,driveact
vp14_run1_2018-05-30-10-11-09_12871_12915,27,43,2,8,2,k2,False,0.4367213249206543,videomamba,driveact
vp15_run1_2018-05-30-13-05-35_15088_15124,27,35,2,8,2,k2,False,0.27788951992988586,videomamba,driveact
vp14_run1_2018-05-30-10-11-09_13050_13095,27,45,2,8,2,k2,False,0.3612341284751892,videomamba,driveact
vp15_run2_2018-05-30-13-34-33_14297_14342,27,45,2,8,2,k2,False,0.6778625845909119,videomamba,driveact
vp14_run1_2018-05-30-10-11-09_13541_13565,28,24,2,8,2,k2,False,0.7846753001213074,videomamba,driveact
vp14_run2_2018-05-30-10-42-33_14879_14897,28,18,2,8,2,k2,False,0.48015326261520386,videomamba,driveact
vp15_run1_2018-05-30-13-05-35_8745_8776,28,32,2,8,2,k2,False,0.9857591390609741,videomamba,driveact
vp14_run2_2018-05-30-10-42-33_8419_8445,28,25,2,8,2,k2,False,0.2242548018693924,videomamba,driveact
vp15_run1_2018-05-30-13-05-35_8776_8808,28,31,2,8,2,k2,False,0.3300374448299408,videomamba,driveact
vp15_run2_2018-05-30-13-34-33_12292_12320,28,28,2,8,2,k2,False,0.3551834523677826,videomamba,driveact
vp14_run1_2018-05-30-10-11-09_10080_10107,28,27,2,8,2,k2,False,0.3483644723892212,videomamba,driveact
vp14_run2_2018-05-30-10-42-33_9666_9696,28,30,2,8,2,k2,False,0.6869423389434814,videomamba,driveact
vp15_run1_2018-05-30-13-05-35_9044_9084,28,41,2,8,2,k2,False,0.5201754570007324,videomamba,driveact
vp15_run2_2018-05-30-13-34-33_12664_12693,28,28,2,8,2,k2,True,0.2873381972312927,videomamba,driveact
vp15_run2_2018-05-30-13-34-33_12408_12431,28,23,2,8,2,k2,False,0.36286094784736633,videomamba,driveact
vp14_run2_2018-05-30-10-42-33_7828_7873,28,44,2,8,2,k2,False,0.43649691343307495,videomamba,driveact
vp14_run1_2018-05-30-10-11-09_10182_10207,28,26,2,8,2,k2,False,0.3867194652557373,videomamba,driveact
vp14_run2_2018-05-30-10-42-33_14833_14879,28,46,2,8,2,k2,False,0.20487715303897858,videomamba,driveact
vp15_run2_2018-05-30-13-34-33_4699_4745,29,46,2,8,2,k2,False,0.9747305512428284,videomamba,driveact
vp14_run1_2018-05-30-10-11-09_4247_4292,29,45,2,8,2,k2,False,0.9776791334152222,videomamba,driveact
vp15_run2_2018-05-30-13-34-33_4290_4334,29,44,2,8,2,k2,False,0.9974092841148376,videomamba,driveact
vp15_run1_2018-05-30-13-05-35_16166_16212,29,47,2,8,2,k2,False,0.9865129590034485,videomamba,driveact
vp14_run1_2018-05-30-10-11-09_4382_4428,29,47,2,8,2,k2,False,0.9859247803688049,videomamba,driveact
vp14_run2_2018-05-30-10-42-33_8754_8800,29,47,2,8,2,k2,False,0.9970775842666626,videomamba,driveact
vp14_run2_2018-05-30-10-42-33_8800_8845,29,44,2,8,2,k2,False,0.9972851276397705,videomamba,driveact
vp15_run1_2018-05-30-13-05-35_16302_16349,29,47,2,8,2,k2,False,0.20057587325572968,videomamba,driveact
vp14_run2_2018-05-30-10-42-33_8573_8618,29,45,2,8,2,k2,False,0.4426482617855072,videomamba,driveact
vp15_run2_2018-05-30-13-34-33_4198_4243,29,44,2,8,2,k2,False,0.9973714351654053,videomamba,driveact
vp14_run2_2018-05-30-10-42-33_8936_8981,29,45,2,8,2,k2,False,0.9968819618225098,videomamba,driveact
vp15_run2_2018-05-30-13-34-33_4562_4608,29,47,2,8,2,k2,False,0.9960294961929321,videomamba,driveact
vp15_run2_2018-05-30-13-34-33_4106_4152,29,47,2,8,2,k2,False,0.9971207976341248,videomamba,driveact
vp15_run2_2018-05-30-13-34-33_3968_4014,29,47,2,8,2,k2,False,0.2441234439611435,videomamba,driveact
vp14_run2_2018-05-30-10-42-33_8709_8754,29,45,2,8,2,k2,False,0.9962449669837952,videomamba,driveact
vp15_run1_2018-05-30-13-05-35_16030_16075,29,44,2,8,2,k2,False,0.996311604976654,videomamba,driveact
vp15_run1_2018-05-30-13-05-35_15985_16030,29,44,2,8,2,k2,False,0.9954696893692017,videomamba,driveact
vp15_run2_2018-05-30-13-34-33_4836_4881,29,45,2,8,2,k2,False,0.9950786828994751,videomamba,driveact
vp14_run1_2018-05-30-10-11-09_4110_4156,29,47,2,8,2,k2,True,0.4196817874908447,videomamba,driveact
vp14_run1_2018-05-30-10-11-09_4201_4247,29,46,2,8,2,k2,False,0.9849923849105835,videomamba,driveact
vp15_run1_2018-05-30-13-05-35_18649_18695,30,46,2,8,2,k2,True,0.32677993178367615,videomamba,driveact
vp14_run2_2018-05-30-10-42-33_22124_22169,30,45,2,8,2,k2,False,0.38100916147232056,videomamba,driveact
vp14_run1_2018-05-30-10-11-09_12137_12174,30,38,2,8,2,k2,False,0.23082076013088226,videomamba,driveact
vp15_run2_2018-05-30-13-34-33_19595_19604,30,9,2,8,2,k2,True,0.18044206500053406,videomamba,driveact
vp14_run1_2018-05-30-10-11-09_24267_24314,30,47,2,8,2,k2,False,0.1707429438829422,videomamba,driveact
vp15_run1_2018-05-30-13-05-35_8808_8831,22,23,4,8,4,k4,True,0.4667986035346985,videomamba,driveact
vp15_run2_2018-05-30-13-34-33_12451_12495,22,43,4,8,4,k4,True,0.3455425202846527,videomamba,driveact
vp15_run1_2018-05-30-13-05-35_9084_9108,22,24,4,8,4,k4,False,0.34256669878959656,videomamba,driveact
vp14_run2_2018-05-30-10-42-33_10444_10476,22,31,4,8,4,k4,False,0.8265817761421204,videomamba,driveact
vp14_run2_2018-05-30-10-42-33_7944_7989,22,45,4,8,4,k4,False,0.3158522844314575,videomamba,driveact
vp14_run2_2018-05-30-10-42-33_8556_8573,22,17,4,8,4,k4,False,0.4155338704586029,videomamba,driveact
vp14_run1_2018-05-30-10-11-09_13628_13659,22,32,4,8,4,k4,False,0.8803187012672424,videomamba,driveact
vp14_run2_2018-05-30-10-42-33_14897_14938,22,41,4,8,4,k4,True,0.6413276791572571,videomamba,driveact
vp15_run2_2018-05-30-13-34-33_11074_11119,23,44,4,8,4,k4,True,0.9897080659866333,videomamba,driveact
vp14_run2_2018-05-30-10-42-33_10388_10407,23,20,4,8,4,k4,True,0.9817934036254883,videomamba,driveact
vp15_run2_2018-05-30-13-34-33_11304_11349,23,45,4,8,4,k4,False,0.8981326222419739,videomamba,driveact
vp14_run1_2018-05-30-10-11-09_14027_14072,23,45,4,8,4,k4,True,0.9852943420410156,videomamba,driveact
vp14_run1_2018-05-30-10-11-09_14662_14707,23,44,4,8,4,k4,True,0.42654716968536377,videomamba,driveact
vp14_run1_2018-05-30-10-11-09_15888_15933,23,45,4,8,4,k4,True,0.9810327291488647,videomamba,driveact
vp14_run1_2018-05-30-10-11-09_13706_13753,23,47,4,8,4,k4,True,0.9335616827011108,videomamba,driveact
vp14_run1_2018-05-30-10-11-09_15933_15961,23,29,4,8,4,k4,True,0.9017062783241272,videomamba,driveact
vp14_run1_2018-05-30-10-11-09_15208_15253,23,44,4,8,4,k4,True,0.9817766547203064,videomamba,driveact
vp15_run2_2018-05-30-13-34-33_11439_11485,23,47,4,8,4,k4,True,0.9766925573348999,videomamba,driveact
vp15_run2_2018-05-30-13-34-33_10619_10665,23,47,4,8,4,k4,True,0.9713243842124939,videomamba,driveact
vp14_run2_2018-05-30-10-42-33_10761_10808,23,47,4,8,4,k4,True,0.975004255771637,videomamba,driveact
vp14_run1_2018-05-30-10-11-09_15342_15387,23,45,4,8,4,k4,True,0.987940788269043,videomamba,driveact
vp14_run2_2018-05-30-10-42-33_10579_10624,23,44,4,8,4,k4,True,0.9876245260238647,videomamba,driveact
vp15_run1_2018-05-30-13-05-35_17520_17566,23,47,4,8,4,k4,True,0.9539831876754761,videomamba,driveact
vp15_run2_2018-05-30-13-34-33_10300_10346,23,46,4,8,4,k4,True,0.9900913238525391,videomamba,driveact
vp14_run2_2018-05-30-10-42-33_11353_11399,23,46,4,8,4,k4,True,0.9913519620895386,videomamba,driveact
vp15_run1_2018-05-30-13-05-35_17214_17260,23,47,4,8,4,k4,True,0.9927351474761963,videomamba,driveact
vp15_run2_2018-05-30-13-34-33_10208_10254,23,47,4,8,4,k4,False,0.4886396527290344,videomamba,driveact
vp14_run2_2018-05-30-10-42-33_10945_10990,23,44,4,8,4,k4,True,0.9798950552940369,videomamba,driveact
vp14_run1_2018-05-30-10-11-09_7990_8035,24,44,4,8,4,k4,True,0.9765714406967163,videomamba,driveact
vp14_run1_2018-05-30-10-11-09_8221_8266,24,44,4,8,4,k4,True,0.980903148651123,videomamba,driveact
vp14_run1_2018-05-30-10-11-09_8811_8857,24,47,4,8,4,k4,True,0.9802104830741882,videomamba,driveact
vp14_run1_2018-05-30-10-11-09_8357_8402,24,45,4,8,4,k4,True,0.964219868183136,videomamba,driveact
vp14_run1_2018-05-30-10-11-09_7447_7491,24,43,4,8,4,k4,True,0.9796596169471741,videomamba,driveact
vp14_run2_2018-05-30-10-42-33_5079_5125,24,47,4,8,4,k4,True,0.984535276889801,videomamba,driveact
vp15_run2_2018-05-30-13-34-33_8001_8047,24,47,4,8,4,k4,True,0.957208514213562,videomamba,driveact
vp14_run2_2018-05-30-10-42-33_4851_4897,24,47,4,8,4,k4,True,0.9855050444602966,videomamba,driveact
vp15_run2_2018-05-30-13-34-33_8047_8092,24,44,4,8,4,k4,True,0.9685073494911194,videomamba,driveact
vp14_run1_2018-05-30-10-11-09_8947_8992,24,44,4,8,4,k4,True,0.9799748063087463,videomamba,driveact
vp14_run1_2018-05-30-10-11-09_7401_7447,24,47,4,8,4,k4,True,0.9756036400794983,videomamba,driveact
vp14_run2_2018-05-30-10-42-33_4484_4530,24,47,4,8,4,k4,True,0.9864301681518555,videomamba,driveact
vp14_run2_2018-05-30-10-42-33_4621_4667,24,46,4,8,4,k4,True,0.962611734867096,videomamba,driveact
vp15_run2_2018-05-30-13-34-33_8686_8731,24,44,4,8,4,k4,True,0.5315759181976318,videomamba,driveact
vp14_run2_2018-05-30-10-42-33_4760_4806,24,47,4,8,4,k4,True,0.9825717210769653,videomamba,driveact
vp14_run1_2018-05-30-10-11-09_8035_8082,24,46,4,8,4,k4,True,0.9835431575775146,videomamba,driveact
vp14_run2_2018-05-30-10-42-33_4667_4713,24,47,4,8,4,k4,True,0.9829439520835876,videomamba,driveact
vp14_run1_2018-05-30-10-11-09_7583_7628,24,45,4,8,4,k4,True,0.9836406111717224,videomamba,driveact
vp15_run2_2018-05-30-13-34-33_8640_8686,24,47,4,8,4,k4,False,0.4954719841480255,videomamba,driveact
vp14_run1_2018-05-30-10-11-09_8175_8221,24,47,4,8,4,k4,True,0.9789405465126038,videomamba,driveact
vp14_run2_2018-05-30-10-42-33_7688_7734,25,47,4,8,4,k4,True,0.9897180795669556,videomamba,driveact
vp14_run2_2018-05-30-10-42-33_7643_7688,25,45,4,8,4,k4,True,0.996415376663208,videomamba,driveact
vp15_run1_2018-05-30-13-05-35_12174_12219,25,45,4,8,4,k4,False,0.7673335671424866,videomamba,driveact
vp15_run2_2018-05-30-13-34-33_15454_15499,25,44,4,8,4,k4,False,0.4190651476383209,videomamba,driveact
vp15_run1_2018-05-30-13-05-35_4069_4114,25,44,4,8,4,k4,True,0.3955179750919342,videomamba,driveact
vp15_run1_2018-05-30-13-05-35_12465_12511,25,47,4,8,4,k4,False,0.3575322926044464,videomamba,driveact
vp14_run2_2018-05-30-10-42-33_6133_6179,25,46,4,8,4,k4,True,0.7836030721664429,videomamba,driveact
vp14_run2_2018-05-30-10-42-33_14371_14416,25,44,4,8,4,k4,True,0.9966890215873718,videomamba,driveact
vp15_run2_2018-05-30-13-34-33_15819_15850,25,32,4,8,4,k4,False,0.2495383769273758,videomamba,driveact
vp15_run2_2018-05-30-13-34-33_19077_19122,25,45,4,8,4,k4,False,0.1670251190662384,videomamba,driveact
vp15_run2_2018-05-30-13-34-33_6689_6702,25,14,4,8,4,k4,True,0.7031317353248596,videomamba,driveact
vp15_run1_2018-05-30-13-05-35_13051_13096,25,44,4,8,4,k4,True,0.9729885458946228,videomamba,driveact
vp15_run1_2018-05-30-13-05-35_11381_11426,25,45,4,8,4,k4,True,0.990237295627594,videomamba,driveact
vp15_run2_2018-05-30-13-34-33_6643_6689,25,46,4,8,4,k4,True,0.5178101062774658,videomamba,driveact
vp15_run1_2018-05-30-13-05-35_12264_12310,25,47,4,8,4,k4,False,0.4724836051464081,videomamba,driveact
vp15_run1_2018-05-30-13-05-35_13142_13187,25,45,4,8,4,k4,True,0.864495038986206,videomamba,driveact
vp15_run2_2018-05-30-13-34-33_15272_15317,25,45,4,8,4,k4,False,0.30056726932525635,videomamba,driveact
vp15_run1_2018-05-30-13-05-35_6945_6990,25,45,4,8,4,k4,False,0.6242876648902893,videomamba,driveact
vp15_run1_2018-05-30-13-05-35_18189_18199,25,11,4,8,4,k4,True,0.993975818157196,videomamba,driveact
vp15_run2_2018-05-30-13-34-33_16840_16885,25,44,4,8,4,k4,False,0.2372853308916092,videomamba,driveact
vp15_run1_2018-05-30-13-05-35_5777_5811,26,35,4,8,4,k4,False,0.5565279126167297,videomamba,driveact
vp15_run2_2018-05-30-13-34-33_14570_14605,27,35,4,8,4,k4,False,0.30499616265296936,videomamba,driveact
vp15_run2_2018-05-30-13-34-33_14342_14388,27,47,4,8,4,k4,False,0.39456838369369507,videomamba,driveact
vp14_run1_2018-05-30-10-11-09_12915_12960,27,45,4,8,4,k4,False,0.2527317404747009,videomamba,driveact
vp14_run1_2018-05-30-10-11-09_12825_12871,27,47,4,8,4,k4,False,0.5778238773345947,videomamba,driveact
vp14_run2_2018-05-30-10-42-33_10048_10093,27,44,4,8,4,k4,True,0.2463996261358261,videomamba,driveact
vp15_run1_2018-05-30-13-05-35_14951_14996,27,45,4,8,4,k4,False,0.1744062602519989,videomamba,driveact
vp15_run1_2018-05-30-13-05-35_14907_14951,27,44,4,8,4,k4,True,0.31650179624557495,videomamba,driveact
vp14_run1_2018-05-30-10-11-09_12960_13005,27,45,4,8,4,k4,True,0.45596158504486084,videomamba,driveact
vp15_run2_2018-05-30-13-34-33_14480_14525,27,45,4,8,4,k4,False,0.706705629825592,videomamba,driveact
vp15_run1_2018-05-30-13-05-35_14861_14907,27,47,4,8,4,k4,False,0.5168280601501465,videomamba,driveact
vp14_run1_2018-05-30-10-11-09_13095_13121,27,26,4,8,4,k4,False,0.6556257605552673,videomamba,driveact
vp15_run1_2018-05-30-13-05-35_14816_14861,27,45,4,8,4,k4,False,0.6546750068664551,videomamba,driveact
vp14_run2_2018-05-30-10-42-33_9773_9819,27,47,4,8,4,k4,False,0.6994519829750061,videomamba,driveact
vp14_run1_2018-05-30-10-11-09_13005_13050,27,45,4,8,4,k4,False,0.3744417130947113,videomamba,driveact
vp14_run2_2018-05-30-10-42-33_9911_9957,27,47,4,8,4,k4,False,0.33385565876960754,videomamba,driveact
vp15_run2_2018-05-30-13-34-33_14388_14435,27,47,4,8,4,k4,True,0.3814747929573059,videomamba,driveact
vp14_run1_2018-05-30-10-11-09_12871_12915,27,43,4,8,4,k4,False,0.4528098702430725,videomamba,driveact
vp15_run1_2018-05-30-13-05-35_15088_15124,27,35,4,8,4,k4,False,0.8397001624107361,videomamba,driveact
vp14_run1_2018-05-30-10-11-09_13050_13095,27,45,4,8,4,k4,False,0.3670269250869751,videomamba,driveact
vp15_run2_2018-05-30-13-34-33_14297_14342,27,45,4,8,4,k4,False,0.6835147738456726,videomamba,driveact
vp14_run1_2018-05-30-10-11-09_13541_13565,28,24,4,8,4,k4,False,0.8924666047096252,videomamba,driveact
vp14_run2_2018-05-30-10-42-33_14879_14897,28,18,4,8,4,k4,True,0.45483237504959106,videomamba,driveact
vp15_run1_2018-05-30-13-05-35_8745_8776,28,32,4,8,4,k4,False,0.942719042301178,videomamba,driveact
vp14_run2_2018-05-30-10-42-33_8419_8445,28,25,4,8,4,k4,False,0.24706535041332245,videomamba,driveact
vp15_run1_2018-05-30-13-05-35_8776_8808,28,31,4,8,4,k4,False,0.2839902639389038,videomamba,driveact
vp15_run2_2018-05-30-13-34-33_12292_12320,28,28,4,8,4,k4,True,0.2914105951786041,videomamba,driveact
vp14_run1_2018-05-30-10-11-09_10080_10107,28,27,4,8,4,k4,False,0.409189373254776,videomamba,driveact
vp14_run2_2018-05-30-10-42-33_9666_9696,28,30,4,8,4,k4,True,0.31250977516174316,videomamba,driveact
vp15_run1_2018-05-30-13-05-35_9044_9084,28,41,4,8,4,k4,False,0.30616313219070435,videomamba,driveact
vp15_run2_2018-05-30-13-34-33_12664_12693,28,28,4,8,4,k4,False,0.39978039264678955,videomamba,driveact
vp15_run2_2018-05-30-13-34-33_12408_12431,28,23,4,8,4,k4,False,0.5495156049728394,videomamba,driveact
vp14_run2_2018-05-30-10-42-33_7828_7873,28,44,4,8,4,k4,True,0.3098985254764557,videomamba,driveact
vp14_run1_2018-05-30-10-11-09_10182_10207,28,26,4,8,4,k4,False,0.4281435012817383,videomamba,driveact
vp14_run2_2018-05-30-10-42-33_14833_14879,28,46,4,8,4,k4,False,0.17656108736991882,videomamba,driveact
vp15_run2_2018-05-30-13-34-33_4699_4745,29,46,4,8,4,k4,False,0.961682915687561,videomamba,driveact
vp14_run1_2018-05-30-10-11-09_4247_4292,29,45,4,8,4,k4,False,0.9897878170013428,videomamba,driveact
vp15_run2_2018-05-30-13-34-33_4290_4334,29,44,4,8,4,k4,False,0.9974268078804016,videomamba,driveact
vp15_run1_2018-05-30-13-05-35_16166_16212,29,47,4,8,4,k4,False,0.9893855452537537,videomamba,driveact
vp14_run1_2018-05-30-10-11-09_4382_4428,29,47,4,8,4,k4,False,0.9760953187942505,videomamba,driveact
vp14_run2_2018-05-30-10-42-33_8754_8800,29,47,4,8,4,k4,False,0.9970700740814209,videomamba,driveact
vp14_run2_2018-05-30-10-42-33_8800_8845,29,44,4,8,4,k4,False,0.9970898032188416,videomamba,driveact
vp15_run1_2018-05-30-13-05-35_16302_16349,29,47,4,8,4,k4,False,0.2582809329032898,videomamba,driveact
vp14_run2_2018-05-30-10-42-33_8573_8618,29,45,4,8,4,k4,False,0.2671447694301605,videomamba,driveact
vp15_run2_2018-05-30-13-34-33_4198_4243,29,44,4,8,4,k4,False,0.9973630309104919,videomamba,driveact
vp14_run2_2018-05-30-10-42-33_8936_8981,29,45,4,8,4,k4,False,0.9968748092651367,videomamba,driveact
vp15_run2_2018-05-30-13-34-33_4562_4608,29,47,4,8,4,k4,False,0.9965751767158508,videomamba,driveact
vp15_run2_2018-05-30-13-34-33_4106_4152,29,47,4,8,4,k4,False,0.9971160888671875,videomamba,driveact
vp15_run2_2018-05-30-13-34-33_3968_4014,29,47,4,8,4,k4,False,0.27173176407814026,videomamba,driveact
vp14_run2_2018-05-30-10-42-33_8709_8754,29,45,4,8,4,k4,False,0.9965555667877197,videomamba,driveact
vp15_run1_2018-05-30-13-05-35_16030_16075,29,44,4,8,4,k4,False,0.9943161606788635,videomamba,driveact
vp15_run1_2018-05-30-13-05-35_15985_16030,29,44,4,8,4,k4,False,0.9920290112495422,videomamba,driveact
vp15_run2_2018-05-30-13-34-33_4836_4881,29,45,4,8,4,k4,False,0.9891751408576965,videomamba,driveact
vp14_run1_2018-05-30-10-11-09_4110_4156,29,47,4,8,4,k4,True,0.6455221772193909,videomamba,driveact
vp14_run1_2018-05-30-10-11-09_4201_4247,29,46,4,8,4,k4,False,0.979371964931488,videomamba,driveact
vp15_run1_2018-05-30-13-05-35_18649_18695,30,46,4,8,4,k4,True,0.3859511911869049,videomamba,driveact
vp14_run2_2018-05-30-10-42-33_22124_22169,30,45,4,8,4,k4,False,0.2898327708244324,videomamba,driveact
vp14_run1_2018-05-30-10-11-09_12137_12174,30,38,4,8,4,k4,False,0.27729350328445435,videomamba,driveact
vp15_run2_2018-05-30-13-34-33_19595_19604,30,9,4,8,4,k4,False,0.13457433879375458,videomamba,driveact
vp14_run1_2018-05-30-10-11-09_24267_24314,30,47,4,8,4,k4,False,0.2656547725200653,videomamba,driveact
vp15_run1_2018-05-30-13-05-35_8808_8831,22,23,8,8,8,k8,True,0.5529298186302185,videomamba,driveact
vp15_run2_2018-05-30-13-34-33_12451_12495,22,43,8,8,8,k8,True,0.6098766922950745,videomamba,driveact
vp15_run1_2018-05-30-13-05-35_9084_9108,22,24,8,8,8,k8,True,0.39438408613204956,videomamba,driveact
vp14_run2_2018-05-30-10-42-33_10444_10476,22,31,8,8,8,k8,False,0.8161143660545349,videomamba,driveact
vp14_run2_2018-05-30-10-42-33_7944_7989,22,45,8,8,8,k8,True,0.3770507872104645,videomamba,driveact
vp14_run2_2018-05-30-10-42-33_8556_8573,22,17,8,8,8,k8,False,0.4460780918598175,videomamba,driveact
vp14_run1_2018-05-30-10-11-09_13628_13659,22,32,8,8,8,k8,False,0.884435772895813,videomamba,driveact
vp14_run2_2018-05-30-10-42-33_14897_14938,22,41,8,8,8,k8,True,0.7002111077308655,videomamba,driveact
vp15_run2_2018-05-30-13-34-33_11074_11119,23,44,8,8,8,k8,True,0.9897155165672302,videomamba,driveact
vp14_run2_2018-05-30-10-42-33_10388_10407,23,20,8,8,8,k8,True,0.9868467450141907,videomamba,driveact
vp15_run2_2018-05-30-13-34-33_11304_11349,23,45,8,8,8,k8,False,0.857937216758728,videomamba,driveact
vp14_run1_2018-05-30-10-11-09_14027_14072,23,45,8,8,8,k8,True,0.9856132864952087,videomamba,driveact
vp14_run1_2018-05-30-10-11-09_14662_14707,23,44,8,8,8,k8,True,0.43025773763656616,videomamba,driveact
vp14_run1_2018-05-30-10-11-09_15888_15933,23,45,8,8,8,k8,True,0.9905063509941101,videomamba,driveact
vp14_run1_2018-05-30-10-11-09_13706_13753,23,47,8,8,8,k8,True,0.9026426076889038,videomamba,driveact
vp14_run1_2018-05-30-10-11-09_15933_15961,23,29,8,8,8,k8,True,0.8461970686912537,videomamba,driveact
vp14_run1_2018-05-30-10-11-09_15208_15253,23,44,8,8,8,k8,True,0.9824901223182678,videomamba,driveact
vp15_run2_2018-05-30-13-34-33_11439_11485,23,47,8,8,8,k8,True,0.9732046723365784,videomamba,driveact
vp15_run2_2018-05-30-13-34-33_10619_10665,23,47,8,8,8,k8,True,0.9808361530303955,videomamba,driveact
vp14_run2_2018-05-30-10-42-33_10761_10808,23,47,8,8,8,k8,True,0.980120837688446,videomamba,driveact
vp14_run1_2018-05-30-10-11-09_15342_15387,23,45,8,8,8,k8,True,0.9883379340171814,videomamba,driveact
vp14_run2_2018-05-30-10-42-33_10579_10624,23,44,8,8,8,k8,True,0.9855449795722961,videomamba,driveact
vp15_run1_2018-05-30-13-05-35_17520_17566,23,47,8,8,8,k8,True,0.9344708323478699,videomamba,driveact
vp15_run2_2018-05-30-13-34-33_10300_10346,23,46,8,8,8,k8,True,0.9913013577461243,videomamba,driveact
vp14_run2_2018-05-30-10-42-33_11353_11399,23,46,8,8,8,k8,True,0.9933168888092041,videomamba,driveact
vp15_run1_2018-05-30-13-05-35_17214_17260,23,47,8,8,8,k8,True,0.9932600855827332,videomamba,driveact
vp15_run2_2018-05-30-13-34-33_10208_10254,23,47,8,8,8,k8,True,0.8446131348609924,videomamba,driveact
vp14_run2_2018-05-30-10-42-33_10945_10990,23,44,8,8,8,k8,True,0.9801980257034302,videomamba,driveact
vp14_run1_2018-05-30-10-11-09_7990_8035,24,44,8,8,8,k8,True,0.9773263335227966,videomamba,driveact
vp14_run1_2018-05-30-10-11-09_8221_8266,24,44,8,8,8,k8,True,0.9816303849220276,videomamba,driveact
vp14_run1_2018-05-30-10-11-09_8811_8857,24,47,8,8,8,k8,True,0.9802974462509155,videomamba,driveact
vp14_run1_2018-05-30-10-11-09_8357_8402,24,45,8,8,8,k8,True,0.9643670916557312,videomamba,driveact
vp14_run1_2018-05-30-10-11-09_7447_7491,24,43,8,8,8,k8,True,0.9797666072845459,videomamba,driveact
vp14_run2_2018-05-30-10-42-33_5079_5125,24,47,8,8,8,k8,True,0.9859455227851868,videomamba,driveact
vp15_run2_2018-05-30-13-34-33_8001_8047,24,47,8,8,8,k8,True,0.9442052245140076,videomamba,driveact
vp14_run2_2018-05-30-10-42-33_4851_4897,24,47,8,8,8,k8,True,0.9854727387428284,videomamba,driveact
vp15_run2_2018-05-30-13-34-33_8047_8092,24,44,8,8,8,k8,True,0.9559080004692078,videomamba,driveact
vp14_run1_2018-05-30-10-11-09_8947_8992,24,44,8,8,8,k8,True,0.9764093160629272,videomamba,driveact
vp14_run1_2018-05-30-10-11-09_7401_7447,24,47,8,8,8,k8,True,0.9767909049987793,videomamba,driveact
vp14_run2_2018-05-30-10-42-33_4484_4530,24,47,8,8,8,k8,True,0.9881197214126587,videomamba,driveact
vp14_run2_2018-05-30-10-42-33_4621_4667,24,46,8,8,8,k8,True,0.969260573387146,videomamba,driveact
vp15_run2_2018-05-30-13-34-33_8686_8731,24,44,8,8,8,k8,True,0.5391063690185547,videomamba,driveact
vp14_run2_2018-05-30-10-42-33_4760_4806,24,47,8,8,8,k8,True,0.9818938970565796,videomamba,driveact
vp14_run1_2018-05-30-10-11-09_8035_8082,24,46,8,8,8,k8,True,0.9832483530044556,videomamba,driveact
vp14_run2_2018-05-30-10-42-33_4667_4713,24,47,8,8,8,k8,True,0.982995331287384,videomamba,driveact
vp14_run1_2018-05-30-10-11-09_7583_7628,24,45,8,8,8,k8,True,0.9841904044151306,videomamba,driveact
vp15_run2_2018-05-30-13-34-33_8640_8686,24,47,8,8,8,k8,True,0.4690077006816864,videomamba,driveact
vp14_run1_2018-05-30-10-11-09_8175_8221,24,47,8,8,8,k8,True,0.9795867800712585,videomamba,driveact
vp14_run2_2018-05-30-10-42-33_7688_7734,25,47,8,8,8,k8,True,0.9909287095069885,videomamba,driveact
vp14_run2_2018-05-30-10-42-33_7643_7688,25,45,8,8,8,k8,True,0.9964269995689392,videomamba,driveact
vp15_run1_2018-05-30-13-05-35_12174_12219,25,45,8,8,8,k8,False,0.7681658864021301,videomamba,driveact
vp15_run2_2018-05-30-13-34-33_15454_15499,25,44,8,8,8,k8,False,0.3736174404621124,videomamba,driveact
vp15_run1_2018-05-30-13-05-35_4069_4114,25,44,8,8,8,k8,False,0.36003777384757996,videomamba,driveact
vp15_run1_2018-05-30-13-05-35_12465_12511,25,47,8,8,8,k8,False,0.36541271209716797,videomamba,driveact
vp14_run2_2018-05-30-10-42-33_6133_6179,25,46,8,8,8,k8,True,0.8061943054199219,videomamba,driveact
vp14_run2_2018-05-30-10-42-33_14371_14416,25,44,8,8,8,k8,True,0.9966649413108826,videomamba,driveact
vp15_run2_2018-05-30-13-34-33_15819_15850,25,32,8,8,8,k8,False,0.23469561338424683,videomamba,driveact
vp15_run2_2018-05-30-13-34-33_19077_19122,25,45,8,8,8,k8,False,0.2293480783700943,videomamba,driveact
vp15_run2_2018-05-30-13-34-33_6689_6702,25,14,8,8,8,k8,True,0.8090977072715759,videomamba,driveact
vp15_run1_2018-05-30-13-05-35_13051_13096,25,44,8,8,8,k8,True,0.9737286567687988,videomamba,driveact
vp15_run1_2018-05-30-13-05-35_11381_11426,25,45,8,8,8,k8,True,0.9902554154396057,videomamba,driveact
vp15_run2_2018-05-30-13-34-33_6643_6689,25,46,8,8,8,k8,True,0.4681001901626587,videomamba,driveact
vp15_run1_2018-05-30-13-05-35_12264_12310,25,47,8,8,8,k8,False,0.4576705992221832,videomamba,driveact
vp15_run1_2018-05-30-13-05-35_13142_13187,25,45,8,8,8,k8,True,0.8280460238456726,videomamba,driveact
vp15_run2_2018-05-30-13-34-33_15272_15317,25,45,8,8,8,k8,False,0.3387686610221863,videomamba,driveact
vp15_run1_2018-05-30-13-05-35_6945_6990,25,45,8,8,8,k8,False,0.5641680359840393,videomamba,driveact
vp15_run1_2018-05-30-13-05-35_18189_18199,25,11,8,8,8,k8,True,0.9939824938774109,videomamba,driveact
vp15_run2_2018-05-30-13-34-33_16840_16885,25,44,8,8,8,k8,False,0.23391786217689514,videomamba,driveact
vp15_run1_2018-05-30-13-05-35_5777_5811,26,35,8,8,8,k8,False,0.74940425157547,videomamba,driveact
vp15_run2_2018-05-30-13-34-33_14570_14605,27,35,8,8,8,k8,False,0.5507100820541382,videomamba,driveact
vp15_run2_2018-05-30-13-34-33_14342_14388,27,47,8,8,8,k8,False,0.23798149824142456,videomamba,driveact
vp14_run1_2018-05-30-10-11-09_12915_12960,27,45,8,8,8,k8,False,0.24077270925045013,videomamba,driveact
vp14_run1_2018-05-30-10-11-09_12825_12871,27,47,8,8,8,k8,False,0.27509844303131104,videomamba,driveact
vp14_run2_2018-05-30-10-42-33_10048_10093,27,44,8,8,8,k8,True,0.2424771636724472,videomamba,driveact
vp15_run1_2018-05-30-13-05-35_14951_14996,27,45,8,8,8,k8,False,0.1569465547800064,videomamba,driveact
vp15_run1_2018-05-30-13-05-35_14907_14951,27,44,8,8,8,k8,False,0.3606727123260498,videomamba,driveact
vp14_run1_2018-05-30-10-11-09_12960_13005,27,45,8,8,8,k8,True,0.4318675398826599,videomamba,driveact
vp15_run2_2018-05-30-13-34-33_14480_14525,27,45,8,8,8,k8,False,0.6771507263183594,videomamba,driveact
vp15_run1_2018-05-30-13-05-35_14861_14907,27,47,8,8,8,k8,False,0.4855814576148987,videomamba,driveact
vp14_run1_2018-05-30-10-11-09_13095_13121,27,26,8,8,8,k8,False,0.5489908456802368,videomamba,driveact
vp15_run1_2018-05-30-13-05-35_14816_14861,27,45,8,8,8,k8,False,0.23728539049625397,videomamba,driveact
vp14_run2_2018-05-30-10-42-33_9773_9819,27,47,8,8,8,k8,False,0.3798525035381317,videomamba,driveact
vp14_run1_2018-05-30-10-11-09_13005_13050,27,45,8,8,8,k8,False,0.2879096567630768,videomamba,driveact
vp14_run2_2018-05-30-10-42-33_9911_9957,27,47,8,8,8,k8,False,0.2605149745941162,videomamba,driveact
vp15_run2_2018-05-30-13-34-33_14388_14435,27,47,8,8,8,k8,True,0.3827303349971771,videomamba,driveact
vp14_run1_2018-05-30-10-11-09_12871_12915,27,43,8,8,8,k8,False,0.5433884263038635,videomamba,driveact
vp15_run1_2018-05-30-13-05-35_15088_15124,27,35,8,8,8,k8,False,0.8004932999610901,videomamba,driveact
vp14_run1_2018-05-30-10-11-09_13050_13095,27,45,8,8,8,k8,False,0.4549424946308136,videomamba,driveact
vp15_run2_2018-05-30-13-34-33_14297_14342,27,45,8,8,8,k8,False,0.6227254271507263,videomamba,driveact
vp14_run1_2018-05-30-10-11-09_13541_13565,28,24,8,8,8,k8,False,0.8931792974472046,videomamba,driveact
vp14_run2_2018-05-30-10-42-33_14879_14897,28,18,8,8,8,k8,True,0.3711632192134857,videomamba,driveact
vp15_run1_2018-05-30-13-05-35_8745_8776,28,32,8,8,8,k8,False,0.4317760765552521,videomamba,driveact
vp14_run2_2018-05-30-10-42-33_8419_8445,28,25,8,8,8,k8,False,0.3751479983329773,videomamba,driveact
vp15_run1_2018-05-30-13-05-35_8776_8808,28,31,8,8,8,k8,False,0.4512915015220642,videomamba,driveact
vp15_run2_2018-05-30-13-34-33_12292_12320,28,28,8,8,8,k8,True,0.37515029311180115,videomamba,driveact
vp14_run1_2018-05-30-10-11-09_10080_10107,28,27,8,8,8,k8,False,0.2567432224750519,videomamba,driveact
vp14_run2_2018-05-30-10-42-33_9666_9696,28,30,8,8,8,k8,False,0.2534329891204834,videomamba,driveact
vp15_run1_2018-05-30-13-05-35_9044_9084,28,41,8,8,8,k8,False,0.3610386848449707,videomamba,driveact
vp15_run2_2018-05-30-13-34-33_12664_12693,28,28,8,8,8,k8,False,0.42946121096611023,videomamba,driveact
vp15_run2_2018-05-30-13-34-33_12408_12431,28,23,8,8,8,k8,False,0.7442754507064819,videomamba,driveact
vp14_run2_2018-05-30-10-42-33_7828_7873,28,44,8,8,8,k8,True,0.3290930986404419,videomamba,driveact
vp14_run1_2018-05-30-10-11-09_10182_10207,28,26,8,8,8,k8,False,0.608808696269989,videomamba,driveact
vp14_run2_2018-05-30-10-42-33_14833_14879,28,46,8,8,8,k8,False,0.1326872706413269,videomamba,driveact
vp15_run2_2018-05-30-13-34-33_4699_4745,29,46,8,8,8,k8,False,0.9445049166679382,videomamba,driveact
vp14_run1_2018-05-30-10-11-09_4247_4292,29,45,8,8,8,k8,False,0.9854859113693237,videomamba,driveact
vp15_run2_2018-05-30-13-34-33_4290_4334,29,44,8,8,8,k8,False,0.9974321722984314,videomamba,driveact
vp15_run1_2018-05-30-13-05-35_16166_16212,29,47,8,8,8,k8,False,0.9901126623153687,videomamba,driveact
vp14_run1_2018-05-30-10-11-09_4382_4428,29,47,8,8,8,k8,False,0.6829546093940735,videomamba,driveact
vp14_run2_2018-05-30-10-42-33_8754_8800,29,47,8,8,8,k8,False,0.9970603585243225,videomamba,driveact
vp14_run2_2018-05-30-10-42-33_8800_8845,29,44,8,8,8,k8,False,0.997249186038971,videomamba,driveact
vp15_run1_2018-05-30-13-05-35_16302_16349,29,47,8,8,8,k8,False,0.4529051184654236,videomamba,driveact
vp14_run2_2018-05-30-10-42-33_8573_8618,29,45,8,8,8,k8,False,0.3827711045742035,videomamba,driveact
vp15_run2_2018-05-30-13-34-33_4198_4243,29,44,8,8,8,k8,False,0.9973424077033997,videomamba,driveact
vp14_run2_2018-05-30-10-42-33_8936_8981,29,45,8,8,8,k8,False,0.9968692660331726,videomamba,driveact
vp15_run2_2018-05-30-13-34-33_4562_4608,29,47,8,8,8,k8,False,0.9966136813163757,videomamba,driveact
vp15_run2_2018-05-30-13-34-33_4106_4152,29,47,8,8,8,k8,False,0.9971117973327637,videomamba,driveact
vp15_run2_2018-05-30-13-34-33_3968_4014,29,47,8,8,8,k8,True,0.2826102674007416,videomamba,driveact
vp14_run2_2018-05-30-10-42-33_8709_8754,29,45,8,8,8,k8,False,0.9965670108795166,videomamba,driveact
vp15_run1_2018-05-30-13-05-35_16030_16075,29,44,8,8,8,k8,False,0.9942319989204407,videomamba,driveact
vp15_run1_2018-05-30-13-05-35_15985_16030,29,44,8,8,8,k8,False,0.9910793900489807,videomamba,driveact
vp15_run2_2018-05-30-13-34-33_4836_4881,29,45,8,8,8,k8,False,0.98796147108078,videomamba,driveact
vp14_run1_2018-05-30-10-11-09_4110_4156,29,47,8,8,8,k8,True,0.1728941947221756,videomamba,driveact
vp14_run1_2018-05-30-10-11-09_4201_4247,29,46,8,8,8,k8,False,0.9594897627830505,videomamba,driveact
vp15_run1_2018-05-30-13-05-35_18649_18695,30,46,8,8,8,k8,True,0.5110921263694763,videomamba,driveact
vp14_run2_2018-05-30-10-42-33_22124_22169,30,45,8,8,8,k8,False,0.25780749320983887,videomamba,driveact
vp14_run1_2018-05-30-10-11-09_12137_12174,30,38,8,8,8,k8,False,0.32062405347824097,videomamba,driveact
vp15_run2_2018-05-30-13-34-33_19595_19604,30,9,8,8,8,k8,False,0.1984204202890396,videomamba,driveact
vp14_run1_2018-05-30-10-11-09_24267_24314,30,47,8,8,8,k8,True,0.38414403796195984,videomamba,driveact
vp15_run1_2018-05-30-13-05-35_8808_8831,22,23,16,8,16,k16,True,0.5529298186302185,videomamba,driveact
vp15_run2_2018-05-30-13-34-33_12451_12495,22,43,16,8,16,k16,True,0.5403547286987305,videomamba,driveact
vp15_run1_2018-05-30-13-05-35_9084_9108,22,24,16,8,16,k16,True,0.4719686210155487,videomamba,driveact
vp14_run2_2018-05-30-10-42-33_10444_10476,22,31,16,8,16,k16,False,0.6601186990737915,videomamba,driveact
vp14_run2_2018-05-30-10-42-33_7944_7989,22,45,16,8,16,k16,True,0.3290172517299652,videomamba,driveact
vp14_run2_2018-05-30-10-42-33_8556_8573,22,17,16,8,16,k16,False,0.3968842327594757,videomamba,driveact
vp14_run1_2018-05-30-10-11-09_13628_13659,22,32,16,8,16,k16,False,0.912261426448822,videomamba,driveact
vp14_run2_2018-05-30-10-42-33_14897_14938,22,41,16,8,16,k16,True,0.6944900751113892,videomamba,driveact
vp15_run2_2018-05-30-13-34-33_11074_11119,23,44,16,8,16,k16,True,0.989727795124054,videomamba,driveact
vp14_run2_2018-05-30-10-42-33_10388_10407,23,20,16,8,16,k16,True,0.9868467450141907,videomamba,driveact
vp15_run2_2018-05-30-13-34-33_11304_11349,23,45,16,8,16,k16,False,0.8993562459945679,videomamba,driveact
vp14_run1_2018-05-30-10-11-09_14027_14072,23,45,16,8,16,k16,True,0.985610842704773,videomamba,driveact
vp14_run1_2018-05-30-10-11-09_14662_14707,23,44,16,8,16,k16,True,0.43535083532333374,videomamba,driveact
vp14_run1_2018-05-30-10-11-09_15888_15933,23,45,16,8,16,k16,True,0.9895102977752686,videomamba,driveact
vp14_run1_2018-05-30-10-11-09_13706_13753,23,47,16,8,16,k16,True,0.92283034324646,videomamba,driveact
vp14_run1_2018-05-30-10-11-09_15933_15961,23,29,16,8,16,k16,True,0.8701725602149963,videomamba,driveact
vp14_run1_2018-05-30-10-11-09_15208_15253,23,44,16,8,16,k16,True,0.9824739098548889,videomamba,driveact
vp15_run2_2018-05-30-13-34-33_11439_11485,23,47,16,8,16,k16,True,0.9796568751335144,videomamba,driveact
vp15_run2_2018-05-30-13-34-33_10619_10665,23,47,16,8,16,k16,True,0.972874104976654,videomamba,driveact
vp14_run2_2018-05-30-10-42-33_10761_10808,23,47,16,8,16,k16,True,0.9778523445129395,videomamba,driveact
vp14_run1_2018-05-30-10-11-09_15342_15387,23,45,16,8,16,k16,True,0.9883517622947693,videomamba,driveact
vp14_run2_2018-05-30-10-42-33_10579_10624,23,44,16,8,16,k16,True,0.9864306449890137,videomamba,driveact
vp15_run1_2018-05-30-13-05-35_17520_17566,23,47,16,8,16,k16,True,0.9386535882949829,videomamba,driveact
vp15_run2_2018-05-30-13-34-33_10300_10346,23,46,16,8,16,k16,True,0.9918360114097595,videomamba,driveact
vp14_run2_2018-05-30-10-42-33_11353_11399,23,46,16,8,16,k16,True,0.9931828379631042,videomamba,driveact
vp15_run1_2018-05-30-13-05-35_17214_17260,23,47,16,8,16,k16,True,0.9920376539230347,videomamba,driveact
vp15_run2_2018-05-30-13-34-33_10208_10254,23,47,16,8,16,k16,True,0.7737282514572144,videomamba,driveact
vp14_run2_2018-05-30-10-42-33_10945_10990,23,44,16,8,16,k16,True,0.9800432920455933,videomamba,driveact
vp14_run1_2018-05-30-10-11-09_7990_8035,24,44,16,8,16,k16,True,0.977360188961029,videomamba,driveact
vp14_run1_2018-05-30-10-11-09_8221_8266,24,44,16,8,16,k16,True,0.9816226959228516,videomamba,driveact
vp14_run1_2018-05-30-10-11-09_8811_8857,24,47,16,8,16,k16,True,0.9808704257011414,videomamba,driveact
vp14_run1_2018-05-30-10-11-09_8357_8402,24,45,16,8,16,k16,True,0.9644887447357178,videomamba,driveact
vp14_run1_2018-05-30-10-11-09_7447_7491,24,43,16,8,16,k16,True,0.9795819520950317,videomamba,driveact
vp14_run2_2018-05-30-10-42-33_5079_5125,24,47,16,8,16,k16,True,0.9854595065116882,videomamba,driveact
vp15_run2_2018-05-30-13-34-33_8001_8047,24,47,16,8,16,k16,True,0.9556562304496765,videomamba,driveact
vp14_run2_2018-05-30-10-42-33_4851_4897,24,47,16,8,16,k16,True,0.9851956367492676,videomamba,driveact
vp15_run2_2018-05-30-13-34-33_8047_8092,24,44,16,8,16,k16,True,0.9565296173095703,videomamba,driveact
vp14_run1_2018-05-30-10-11-09_8947_8992,24,44,16,8,16,k16,True,0.9783930778503418,videomamba,driveact
vp14_run1_2018-05-30-10-11-09_7401_7447,24,47,16,8,16,k16,True,0.9770483374595642,videomamba,driveact
vp14_run2_2018-05-30-10-42-33_4484_4530,24,47,16,8,16,k16,True,0.9877678751945496,videomamba,driveact
vp14_run2_2018-05-30-10-42-33_4621_4667,24,46,16,8,16,k16,True,0.9707707762718201,videomamba,driveact
vp15_run2_2018-05-30-13-34-33_8686_8731,24,44,16,8,16,k16,True,0.5391265749931335,videomamba,driveact
vp14_run2_2018-05-30-10-42-33_4760_4806,24,47,16,8,16,k16,True,0.9818806648254395,videomamba,driveact
vp14_run1_2018-05-30-10-11-09_8035_8082,24,46,16,8,16,k16,True,0.9837836623191833,videomamba,driveact
vp14_run2_2018-05-30-10-42-33_4667_4713,24,47,16,8,16,k16,True,0.9829067587852478,videomamba,driveact
vp14_run1_2018-05-30-10-11-09_7583_7628,24,45,16,8,16,k16,True,0.9843594431877136,videomamba,driveact
vp15_run2_2018-05-30-13-34-33_8640_8686,24,47,16,8,16,k16,False,0.47433918714523315,videomamba,driveact
vp14_run1_2018-05-30-10-11-09_8175_8221,24,47,16,8,16,k16,True,0.97898268699646,videomamba,driveact
vp14_run2_2018-05-30-10-42-33_7688_7734,25,47,16,8,16,k16,True,0.9915335774421692,videomamba,driveact
vp14_run2_2018-05-30-10-42-33_7643_7688,25,45,16,8,16,k16,True,0.996425211429596,videomamba,driveact
vp15_run1_2018-05-30-13-05-35_12174_12219,25,45,16,8,16,k16,False,0.7740123271942139,videomamba,driveact
vp15_run2_2018-05-30-13-34-33_15454_15499,25,44,16,8,16,k16,False,0.38127416372299194,videomamba,driveact
vp15_run1_2018-05-30-13-05-35_4069_4114,25,44,16,8,16,k16,True,0.3879207670688629,videomamba,driveact
vp15_run1_2018-05-30-13-05-35_12465_12511,25,47,16,8,16,k16,False,0.3559407591819763,videomamba,driveact
vp14_run2_2018-05-30-10-42-33_6133_6179,25,46,16,8,16,k16,True,0.7135310769081116,videomamba,driveact
vp14_run2_2018-05-30-10-42-33_14371_14416,25,44,16,8,16,k16,True,0.9966572523117065,videomamba,driveact
vp15_run2_2018-05-30-13-34-33_15819_15850,25,32,16,8,16,k16,False,0.2437228262424469,videomamba,driveact
vp15_run2_2018-05-30-13-34-33_19077_19122,25,45,16,8,16,k16,False,0.24094277620315552,videomamba,driveact
vp15_run2_2018-05-30-13-34-33_6689_6702,25,14,14,8,16,k16,True,0.8090977072715759,videomamba,driveact
vp15_run1_2018-05-30-13-05-35_13051_13096,25,44,16,8,16,k16,True,0.9737285375595093,videomamba,driveact
vp15_run1_2018-05-30-13-05-35_11381_11426,25,45,16,8,16,k16,True,0.9904028177261353,videomamba,driveact
vp15_run2_2018-05-30-13-34-33_6643_6689,25,46,16,8,16,k16,True,0.48627158999443054,videomamba,driveact
vp15_run1_2018-05-30-13-05-35_12264_12310,25,47,16,8,16,k16,False,0.4572662115097046,videomamba,driveact
vp15_run1_2018-05-30-13-05-35_13142_13187,25,45,16,8,16,k16,True,0.8283675312995911,videomamba,driveact
vp15_run2_2018-05-30-13-34-33_15272_15317,25,45,16,8,16,k16,False,0.33531808853149414,videomamba,driveact
vp15_run1_2018-05-30-13-05-35_6945_6990,25,45,16,8,16,k16,True,0.6141024827957153,videomamba,driveact
vp15_run1_2018-05-30-13-05-35_18189_18199,25,11,11,8,16,k16,True,0.9939824938774109,videomamba,driveact
vp15_run2_2018-05-30-13-34-33_16840_16885,25,44,16,8,16,k16,False,0.22504852712154388,videomamba,driveact
vp15_run1_2018-05-30-13-05-35_5777_5811,26,35,16,8,16,k16,False,0.6941589117050171,videomamba,driveact
vp15_run2_2018-05-30-13-34-33_14570_14605,27,35,16,8,16,k16,False,0.5157569050788879,videomamba,driveact
vp15_run2_2018-05-30-13-34-33_14342_14388,27,47,16,8,16,k16,False,0.3686807155609131,videomamba,driveact
vp14_run1_2018-05-30-10-11-09_12915_12960,27,45,16,8,16,k16,False,0.16915079951286316,videomamba,driveact
vp14_run1_2018-05-30-10-11-09_12825_12871,27,47,16,8,16,k16,False,0.32046806812286377,videomamba,driveact
vp14_run2_2018-05-30-10-42-33_10048_10093,27,44,16,8,16,k16,False,0.2729542851448059,videomamba,driveact
vp15_run1_2018-05-30-13-05-35_14951_14996,27,45,16,8,16,k16,False,0.3040008842945099,videomamba,driveact
vp15_run1_2018-05-30-13-05-35_14907_14951,27,44,16,8,16,k16,False,0.34390443563461304,videomamba,driveact
vp14_run1_2018-05-30-10-11-09_12960_13005,27,45,16,8,16,k16,True,0.37969720363616943,videomamba,driveact
vp15_run2_2018-05-30-13-34-33_14480_14525,27,45,16,8,16,k16,False,0.7392959594726562,videomamba,driveact
vp15_run1_2018-05-30-13-05-35_14861_14907,27,47,16,8,16,k16,False,0.5196168422698975,videomamba,driveact
vp14_run1_2018-05-30-10-11-09_13095_13121,27,26,16,8,16,k16,False,0.47911641001701355,videomamba,driveact
vp15_run1_2018-05-30-13-05-35_14816_14861,27,45,16,8,16,k16,False,0.37065213918685913,videomamba,driveact
vp14_run2_2018-05-30-10-42-33_9773_9819,27,47,16,8,16,k16,False,0.3768155872821808,videomamba,driveact
vp14_run1_2018-05-30-10-11-09_13005_13050,27,45,16,8,16,k16,False,0.34466657042503357,videomamba,driveact
vp14_run2_2018-05-30-10-42-33_9911_9957,27,47,16,8,16,k16,False,0.5899544954299927,videomamba,driveact
vp15_run2_2018-05-30-13-34-33_14388_14435,27,47,16,8,16,k16,False,0.29239216446876526,videomamba,driveact
vp14_run1_2018-05-30-10-11-09_12871_12915,27,43,16,8,16,k16,False,0.5191859006881714,videomamba,driveact
vp15_run1_2018-05-30-13-05-35_15088_15124,27,35,16,8,16,k16,False,0.6952489018440247,videomamba,driveact
vp14_run1_2018-05-30-10-11-09_13050_13095,27,45,16,8,16,k16,False,0.4678344130516052,videomamba,driveact
vp15_run2_2018-05-30-13-34-33_14297_14342,27,45,16,8,16,k16,False,0.7351598739624023,videomamba,driveact
vp14_run1_2018-05-30-10-11-09_13541_13565,28,24,16,8,16,k16,False,0.8921269178390503,videomamba,driveact
vp14_run2_2018-05-30-10-42-33_14879_14897,28,18,16,8,16,k16,True,0.3711632192134857,videomamba,driveact
vp15_run1_2018-05-30-13-05-35_8745_8776,28,32,16,8,16,k16,False,0.8701792359352112,videomamba,driveact
vp14_run2_2018-05-30-10-42-33_8419_8445,28,25,16,8,16,k16,False,0.3763742744922638,videomamba,driveact
vp15_run1_2018-05-30-13-05-35_8776_8808,28,31,16,8,16,k16,False,0.39406663179397583,videomamba,driveact
vp15_run2_2018-05-30-13-34-33_12292_12320,28,28,16,8,16,k16,True,0.25972574949264526,videomamba,driveact
vp14_run1_2018-05-30-10-11-09_10080_10107,28,27,16,8,16,k16,False,0.23769870400428772,videomamba,driveact
vp14_run2_2018-05-30-10-42-33_9666_9696,28,30,16,8,16,k16,False,0.2534329891204834,videomamba,driveact
vp15_run1_2018-05-30-13-05-35_9044_9084,28,41,16,8,16,k16,False,0.3622266948223114,videomamba,driveact
vp15_run2_2018-05-30-13-34-33_12664_12693,28,28,16,8,16,k16,False,0.40244853496551514,videomamba,driveact
vp15_run2_2018-05-30-13-34-33_12408_12431,28,23,16,8,16,k16,False,0.7442754507064819,videomamba,driveact
vp14_run2_2018-05-30-10-42-33_7828_7873,28,44,16,8,16,k16,True,0.5021475553512573,videomamba,driveact
vp14_run1_2018-05-30-10-11-09_10182_10207,28,26,16,8,16,k16,False,0.5897161960601807,videomamba,driveact
vp14_run2_2018-05-30-10-42-33_14833_14879,28,46,16,8,16,k16,False,0.15797659754753113,videomamba,driveact
vp15_run2_2018-05-30-13-34-33_4699_4745,29,46,16,8,16,k16,False,0.9524916410446167,videomamba,driveact
vp14_run1_2018-05-30-10-11-09_4247_4292,29,45,16,8,16,k16,False,0.9912223815917969,videomamba,driveact
vp15_run2_2018-05-30-13-34-33_4290_4334,29,44,16,8,16,k16,False,0.9974341988563538,videomamba,driveact
vp15_run1_2018-05-30-13-05-35_16166_16212,29,47,16,8,16,k16,False,0.9870906472206116,videomamba,driveact
vp14_run1_2018-05-30-10-11-09_4382_4428,29,47,16,8,16,k16,False,0.5454283356666565,videomamba,driveact
vp14_run2_2018-05-30-10-42-33_8754_8800,29,47,16,8,16,k16,False,0.9970627427101135,videomamba,driveact
vp14_run2_2018-05-30-10-42-33_8800_8845,29,44,16,8,16,k16,False,0.9970564842224121,videomamba,driveact
vp15_run1_2018-05-30-13-05-35_16302_16349,29,47,16,8,16,k16,False,0.460488885641098,videomamba,driveact
vp14_run2_2018-05-30-10-42-33_8573_8618,29,45,16,8,16,k16,False,0.40060341358184814,videomamba,driveact
vp15_run2_2018-05-30-13-34-33_4198_4243,29,44,16,8,16,k16,False,0.9973374009132385,videomamba,driveact
vp14_run2_2018-05-30-10-42-33_8936_8981,29,45,16,8,16,k16,False,0.9966681599617004,videomamba,driveact
vp15_run2_2018-05-30-13-34-33_4562_4608,29,47,16,8,16,k16,False,0.9966260194778442,videomamba,driveact
vp15_run2_2018-05-30-13-34-33_4106_4152,29,47,16,8,16,k16,False,0.9971152544021606,videomamba,driveact
vp15_run2_2018-05-30-13-34-33_3968_4014,29,47,16,8,16,k16,False,0.23228974640369415,videomamba,driveact
vp14_run2_2018-05-30-10-42-33_8709_8754,29,45,16,8,16,k16,False,0.9965619444847107,videomamba,driveact
vp15_run1_2018-05-30-13-05-35_16030_16075,29,44,16,8,16,k16,False,0.99468994140625,videomamba,driveact
vp15_run1_2018-05-30-13-05-35_15985_16030,29,44,16,8,16,k16,False,0.9911479949951172,videomamba,driveact
vp15_run2_2018-05-30-13-34-33_4836_4881,29,45,16,8,16,k16,False,0.9892052412033081,videomamba,driveact
vp14_run1_2018-05-30-10-11-09_4110_4156,29,47,16,8,16,k16,True,0.565923810005188,videomamba,driveact
vp14_run1_2018-05-30-10-11-09_4201_4247,29,46,16,8,16,k16,False,0.9856743216514587,videomamba,driveact
vp15_run1_2018-05-30-13-05-35_18649_18695,30,46,16,8,16,k16,True,0.47580912709236145,videomamba,driveact
vp14_run2_2018-05-30-10-42-33_22124_22169,30,45,16,8,16,k16,False,0.21500688791275024,videomamba,driveact
vp14_run1_2018-05-30-10-11-09_12137_12174,30,38,16,8,16,k16,False,0.2752818167209625,videomamba,driveact
vp15_run2_2018-05-30-13-34-33_19595_19604,30,9,9,8,16,k16,False,0.1984204202890396,videomamba,driveact
vp14_run1_2018-05-30-10-11-09_24267_24314,30,47,16,8,16,k16,True,0.3210546374320984,videomamba,driveact
vp14_run1_2018-05-30-10-11-09_12779_12825,30,47,1,8,1,k1,False,0.3934360444545746,videomamba,driveact
vp15_run2_2018-05-30-13-34-33_19550_19595,30,45,1,8,1,k1,False,0.1698663979768753,videomamba,driveact
vp14_run1_2018-05-30-10-11-09_24314_24327,30,14,1,8,1,k1,False,0.6493589282035828,videomamba,driveact
vp14_run2_2018-05-30-10-42-33_22169_22185,30,17,1,8,1,k1,False,0.988994300365448,videomamba,driveact
vp15_run2_2018-05-30-13-34-33_11778_11786,31,8,1,8,1,k1,True,0.9690257906913757,videomamba,driveact
vp15_run1_2018-05-30-13-05-35_3818_3831,31,14,1,8,1,k1,True,0.9797892570495605,videomamba,driveact
vp15_run1_2018-05-30-13-05-35_8238_8248,31,11,1,8,1,k1,True,0.9544612169265747,videomamba,driveact
vp15_run2_2018-05-30-13-34-33_6537_6549,31,12,1,8,1,k1,True,0.9392589330673218,videomamba,driveact
vp15_run1_2018-05-30-13-05-35_974_983,31,9,1,8,1,k1,True,0.8113490343093872,videomamba,driveact
vp15_run2_2018-05-30-13-34-33_13111_13126,31,14,1,8,1,k1,False,0.9762606024742126,videomamba,driveact
vp14_run1_2018-05-30-10-11-09_481_527,31,46,1,8,1,k1,True,0.9103716015815735,videomamba,driveact
vp14_run1_2018-05-30-10-11-09_6188_6200,31,12,1,8,1,k1,True,0.7819144129753113,videomamba,driveact
vp14_run1_2018-05-30-10-11-09_3432_3477,31,45,1,8,1,k1,False,0.6397318243980408,videomamba,driveact
vp14_run1_2018-05-30-10-11-09_17309_17338,31,29,1,8,1,k1,True,0.8109923601150513,videomamba,driveact
vp15_run2_2018-05-30-13-34-33_12574_12588,31,13,1,8,1,k1,True,0.9035020470619202,videomamba,driveact
vp14_run1_2018-05-30-10-11-09_527_565,31,38,1,8,1,k1,False,0.8596287369728088,videomamba,driveact
vp14_run2_2018-05-30-10-42-33_17113_17158,31,44,1,8,1,k1,True,0.9519533514976501,videomamba,driveact
vp14_run2_2018-05-30-10-42-33_14337_14354,31,17,1,8,1,k1,True,0.9497638940811157,videomamba,driveact
vp14_run2_2018-05-30-10-42-33_13900_13910,31,10,1,8,1,k1,True,0.8280425071716309,videomamba,driveact
vp15_run1_2018-05-30-13-05-35_10086_10100,31,14,1,8,1,k1,True,0.7126320600509644,videomamba,driveact
vp14_run2_2018-05-30-10-42-33_495_508,31,14,1,8,1,k1,False,0.6397510170936584,videomamba,driveact
vp15_run1_2018-05-30-13-05-35_372_391,31,20,1,8,1,k1,True,0.9514031410217285,videomamba,driveact
vp15_run1_2018-05-30-13-05-35_17889_17898,31,9,1,8,1,k1,True,0.9310765862464905,videomamba,driveact
vp15_run1_2018-05-30-13-05-35_9464_9472,31,8,1,8,1,k1,True,0.9278833270072937,videomamba,driveact
vp15_run1_2018-05-30-13-05-35_5909_5948,32,39,1,8,1,k1,False,0.15010462701320648,videomamba,driveact
vp14_run1_2018-05-30-10-11-09_22009_22055,32,46,1,8,1,k1,True,0.8615959286689758,videomamba,driveact
vp14_run2_2018-05-30-10-42-33_13656_13691,32,35,1,8,1,k1,False,0.3794020414352417,videomamba,driveact
vp14_run2_2018-05-30-10-42-33_12649_12694,32,44,1,8,1,k1,True,0.587145209312439,videomamba,driveact
vp14_run2_2018-05-30-10-42-33_12739_12784,32,44,1,8,1,k1,False,0.5841063857078552,videomamba,driveact
vp14_run1_2018-05-30-10-11-09_22191_22237,32,47,1,8,1,k1,True,0.8068099021911621,videomamba,driveact
vp14_run2_2018-05-30-10-42-33_12559_12604,32,44,1,8,1,k1,False,0.43773964047431946,videomamba,driveact
vp15_run1_2018-05-30-13-05-35_5960_6004,32,44,1,8,1,k1,True,0.9248245358467102,videomamba,driveact
vp14_run2_2018-05-30-10-42-33_12829_12875,32,46,1,8,1,k1,True,0.2791675627231598,videomamba,driveact
vp15_run1_2018-05-30-13-05-35_6095_6142,32,47,1,8,1,k1,True,0.9280806183815002,videomamba,driveact
vp15_run2_2018-05-30-13-34-33_7203_7249,32,47,1,8,1,k1,False,0.30958014726638794,videomamba,driveact
vp14_run2_2018-05-30-10-42-33_12920_12966,32,47,1,8,1,k1,True,0.9461138844490051,videomamba,driveact
vp15_run2_2018-05-30-13-34-33_7339_7350,32,10,1,8,1,k1,False,0.5471364855766296,videomamba,driveact
vp14_run1_2018-05-30-10-11-09_22100_22145,32,45,1,8,1,k1,True,0.8630972504615784,videomamba,driveact
vp14_run1_2018-05-30-10-11-09_22237_22283,32,46,1,8,1,k1,True,0.8627802729606628,videomamba,driveact
vp14_run1_2018-05-30-10-11-09_22145_22191,32,47,1,8,1,k1,True,0.44894278049468994,videomamba,driveact
vp14_run2_2018-05-30-10-42-33_13610_13656,32,47,1,8,1,k1,False,0.9589859843254089,videomamba,driveact
vp15_run1_2018-05-30-13-05-35_6050_6095,32,45,1,8,1,k1,True,0.8961319923400879,videomamba,driveact
vp14_run1_2018-05-30-10-11-09_21919_21964,32,44,1,8,1,k1,False,0.3424769639968872,videomamba,driveact
vp14_run2_2018-05-30-10-42-33_12966_12997,32,32,1,8,1,k1,True,0.9556298851966858,videomamba,driveact
vp14_run2_2018-05-30-10-42-33_5529_5574,33,45,1,8,1,k1,True,0.533469557762146,videomamba,driveact
vp14_run2_2018-05-30-10-42-33_5755_5801,33,46,1,8,1,k1,True,0.8697354793548584,videomamba,driveact
vp15_run1_2018-05-30-13-05-35_17809_17835,33,25,1,8,1,k1,False,0.35197147727012634,videomamba,driveact
vp14_run1_2018-05-30-10-11-09_16457_16502,33,45,1,8,1,k1,True,0.754728376865387,videomamba,driveact
vp14_run2_2018-05-30-10-42-33_5346_5392,33,47,1,8,1,k1,True,0.7840366959571838,videomamba,driveact
vp14_run1_2018-05-30-10-11-09_16230_16276,33,47,1,8,1,k1,True,0.750923752784729,videomamba,driveact
vp14_run1_2018-05-30-10-11-09_16049_16095,33,47,1,8,1,k1,True,0.6990140080451965,videomamba,driveact
vp14_run2_2018-05-30-10-42-33_5664_5709,33,45,1,8,1,k1,True,0.4933031499385834,videomamba,driveact
vp14_run1_2018-05-30-10-11-09_9675_9720,33,45,1,8,1,k1,False,0.33744916319847107,videomamba,driveact
vp14_run2_2018-05-30-10-42-33_11712_11757,33,45,1,8,1,k1,True,0.9442000985145569,videomamba,driveact
vp14_run1_2018-05-30-10-11-09_16411_16457,33,46,1,8,1,k1,False,0.1689417064189911,videomamba,driveact
vp14_run1_2018-05-30-10-11-09_16321_16366,33,44,1,8,1,k1,False,0.5294917225837708,videomamba,driveact
vp14_run2_2018-05-30-10-42-33_5892_5925,33,33,1,8,1,k1,False,0.23393312096595764,videomamba,driveact
vp14_run2_2018-05-30-10-42-33_5574_5619,33,45,1,8,1,k1,True,0.9504190683364868,videomamba,driveact
vp14_run2_2018-05-30-10-42-33_5437_5482,33,44,1,8,1,k1,False,0.8798729181289673,videomamba,driveact
vp15_run2_2018-05-30-13-34-33_9130_9173,33,43,1,8,1,k1,True,0.794603168964386,videomamba,driveact
vp14_run2_2018-05-30-10-42-33_5709_5755,33,47,1,8,1,k1,True,0.8068017363548279,videomamba,driveact
vp14_run2_2018-05-30-10-42-33_5801_5847,33,47,1,8,1,k1,True,0.787341296672821,videomamba,driveact
vp14_run1_2018-05-30-10-11-09_16095_16140,33,45,1,8,1,k1,False,0.6963931322097778,videomamba,driveact
vp14_run2_2018-05-30-10-42-33_5847_5892,33,45,1,8,1,k1,False,0.7230188846588135,videomamba,driveact
vp14_run1_2018-05-30-10-11-09_12779_12825,30,47,2,8,2,k2,False,0.24130165576934814,videomamba,driveact
vp15_run2_2018-05-30-13-34-33_19550_19595,30,45,2,8,2,k2,False,0.2426304966211319,videomamba,driveact
vp14_run1_2018-05-30-10-11-09_24314_24327,30,14,2,8,2,k2,False,0.3851781189441681,videomamba,driveact
vp14_run2_2018-05-30-10-42-33_22169_22185,30,17,2,8,2,k2,False,0.6585832238197327,videomamba,driveact
vp15_run2_2018-05-30-13-34-33_11778_11786,31,8,2,8,2,k2,True,0.9828976988792419,videomamba,driveact
vp15_run1_2018-05-30-13-05-35_3818_3831,31,14,2,8,2,k2,True,0.9798133373260498,videomamba,driveact
vp15_run1_2018-05-30-13-05-35_8238_8248,31,11,2,8,2,k2,True,0.980544924736023,videomamba,driveact
vp15_run2_2018-05-30-13-34-33_6537_6549,31,12,2,8,2,k2,True,0.9725960493087769,videomamba,driveact
vp15_run1_2018-05-30-13-05-35_974_983,31,9,2,8,2,k2,True,0.9110361933708191,videomamba,driveact
vp15_run2_2018-05-30-13-34-33_13111_13126,31,14,2,8,2,k2,False,0.5538240671157837,videomamba,driveact
vp14_run1_2018-05-30-10-11-09_481_527,31,46,2,8,2,k2,True,0.9622454047203064,videomamba,driveact
vp14_run1_2018-05-30-10-11-09_6188_6200,31,12,2,8,2,k2,True,0.9346966743469238,videomamba,driveact
vp14_run1_2018-05-30-10-11-09_3432_3477,31,45,2,8,2,k2,True,0.912440836429596,videomamba,driveact
vp14_run1_2018-05-30-10-11-09_17309_17338,31,29,2,8,2,k2,True,0.7873498797416687,videomamba,driveact
vp15_run2_2018-05-30-13-34-33_12574_12588,31,13,2,8,2,k2,True,0.9490988254547119,videomamba,driveact
vp14_run1_2018-05-30-10-11-09_527_565,31,38,2,8,2,k2,True,0.830703854560852,videomamba,driveact
vp14_run2_2018-05-30-10-42-33_17113_17158,31,44,2,8,2,k2,True,0.9285047650337219,videomamba,driveact
vp14_run2_2018-05-30-10-42-33_14337_14354,31,17,2,8,2,k2,True,0.9792196750640869,videomamba,driveact
vp14_run2_2018-05-30-10-42-33_13900_13910,31,10,2,8,2,k2,True,0.9590776562690735,videomamba,driveact
vp15_run1_2018-05-30-13-05-35_10086_10100,31,14,2,8,2,k2,True,0.6429399847984314,videomamba,driveact
vp14_run2_2018-05-30-10-42-33_495_508,31,14,2,8,2,k2,True,0.9755198955535889,videomamba,driveact
vp15_run1_2018-05-30-13-05-35_372_391,31,20,2,8,2,k2,True,0.9578160047531128,videomamba,driveact
vp15_run1_2018-05-30-13-05-35_17889_17898,31,9,2,8,2,k2,True,0.9590590000152588,videomamba,driveact
vp15_run1_2018-05-30-13-05-35_9464_9472,31,8,2,8,2,k2,True,0.9759944677352905,videomamba,driveact
vp15_run1_2018-05-30-13-05-35_5909_5948,32,39,2,8,2,k2,True,0.39586472511291504,videomamba,driveact
vp14_run1_2018-05-30-10-11-09_22009_22055,32,46,2,8,2,k2,True,0.9011991024017334,videomamba,driveact
vp14_run2_2018-05-30-10-42-33_13656_13691,32,35,2,8,2,k2,True,0.5428128242492676,videomamba,driveact
vp14_run2_2018-05-30-10-42-33_12649_12694,32,44,2,8,2,k2,True,0.685802161693573,videomamba,driveact
vp14_run2_2018-05-30-10-42-33_12739_12784,32,44,2,8,2,k2,False,0.4031020998954773,videomamba,driveact
vp14_run1_2018-05-30-10-11-09_22191_22237,32,47,2,8,2,k2,True,0.9237967133522034,videomamba,driveact
vp14_run2_2018-05-30-10-42-33_12559_12604,32,44,2,8,2,k2,False,0.6528818607330322,videomamba,driveact
vp15_run1_2018-05-30-13-05-35_5960_6004,32,44,2,8,2,k2,True,0.9325958490371704,videomamba,driveact
vp14_run2_2018-05-30-10-42-33_12829_12875,32,46,2,8,2,k2,True,0.9216985702514648,videomamba,driveact
vp15_run1_2018-05-30-13-05-35_6095_6142,32,47,2,8,2,k2,True,0.9390520453453064,videomamba,driveact
vp15_run2_2018-05-30-13-34-33_7203_7249,32,47,2,8,2,k2,False,0.7396157383918762,videomamba,driveact
vp14_run2_2018-05-30-10-42-33_12920_12966,32,47,2,8,2,k2,True,0.9520552158355713,videomamba,driveact
vp15_run2_2018-05-30-13-34-33_7339_7350,32,10,2,8,2,k2,False,0.5165344476699829,videomamba,driveact
vp14_run1_2018-05-30-10-11-09_22100_22145,32,45,2,8,2,k2,True,0.8807573914527893,videomamba,driveact
vp14_run1_2018-05-30-10-11-09_22237_22283,32,46,2,8,2,k2,True,0.8279371857643127,videomamba,driveact
vp14_run1_2018-05-30-10-11-09_22145_22191,32,47,2,8,2,k2,True,0.6238822340965271,videomamba,driveact
vp14_run2_2018-05-30-10-42-33_13610_13656,32,47,2,8,2,k2,False,0.29197558760643005,videomamba,driveact
vp15_run1_2018-05-30-13-05-35_6050_6095,32,45,2,8,2,k2,True,0.8902506828308105,videomamba,driveact
vp14_run1_2018-05-30-10-11-09_21919_21964,32,44,2,8,2,k2,False,0.14732450246810913,videomamba,driveact
vp14_run2_2018-05-30-10-42-33_12966_12997,32,32,2,8,2,k2,True,0.9345366954803467,videomamba,driveact
vp14_run2_2018-05-30-10-42-33_5529_5574,33,45,2,8,2,k2,True,0.69984370470047,videomamba,driveact
vp14_run2_2018-05-30-10-42-33_5755_5801,33,46,2,8,2,k2,True,0.947289764881134,videomamba,driveact
vp15_run1_2018-05-30-13-05-35_17809_17835,33,25,2,8,2,k2,False,0.43907541036605835,videomamba,driveact
vp14_run1_2018-05-30-10-11-09_16457_16502,33,45,2,8,2,k2,True,0.5728719830513,videomamba,driveact
vp14_run2_2018-05-30-10-42-33_5346_5392,33,47,2,8,2,k2,True,0.9006937742233276,videomamba,driveact
vp14_run1_2018-05-30-10-11-09_16230_16276,33,47,2,8,2,k2,True,0.8658408522605896,videomamba,driveact
vp14_run1_2018-05-30-10-11-09_16049_16095,33,47,2,8,2,k2,True,0.7669376134872437,videomamba,driveact
vp14_run2_2018-05-30-10-42-33_5664_5709,33,45,2,8,2,k2,True,0.6979964971542358,videomamba,driveact
vp14_run1_2018-05-30-10-11-09_9675_9720,33,45,2,8,2,k2,True,0.18525740504264832,videomamba,driveact
vp14_run2_2018-05-30-10-42-33_11712_11757,33,45,2,8,2,k2,True,0.9571649432182312,videomamba,driveact
vp14_run1_2018-05-30-10-11-09_16411_16457,33,46,2,8,2,k2,True,0.23760071396827698,videomamba,driveact
vp14_run1_2018-05-30-10-11-09_16321_16366,33,44,2,8,2,k2,True,0.7552575469017029,videomamba,driveact
vp14_run2_2018-05-30-10-42-33_5892_5925,33,33,2,8,2,k2,False,0.56877201795578,videomamba,driveact
vp14_run2_2018-05-30-10-42-33_5574_5619,33,45,2,8,2,k2,True,0.9633330702781677,videomamba,driveact
vp14_run2_2018-05-30-10-42-33_5437_5482,33,44,2,8,2,k2,True,0.8406085968017578,videomamba,driveact
vp15_run2_2018-05-30-13-34-33_9130_9173,33,43,2,8,2,k2,True,0.7753279209136963,videomamba,driveact
vp14_run2_2018-05-30-10-42-33_5709_5755,33,47,2,8,2,k2,True,0.8689637780189514,videomamba,driveact
vp14_run2_2018-05-30-10-42-33_5801_5847,33,47,2,8,2,k2,True,0.932763934135437,videomamba,driveact
vp14_run1_2018-05-30-10-11-09_16095_16140,33,45,2,8,2,k2,False,0.5413045287132263,videomamba,driveact
vp14_run2_2018-05-30-10-42-33_5847_5892,33,45,2,8,2,k2,True,0.8334642648696899,videomamba,driveact
vp14_run1_2018-05-30-10-11-09_12779_12825,30,47,4,8,4,k4,False,0.2425670474767685,videomamba,driveact
vp15_run2_2018-05-30-13-34-33_19550_19595,30,45,4,8,4,k4,False,0.4312823414802551,videomamba,driveact
vp14_run1_2018-05-30-10-11-09_24314_24327,30,14,4,8,4,k4,False,0.3047693371772766,videomamba,driveact
vp14_run2_2018-05-30-10-42-33_22169_22185,30,17,4,8,4,k4,False,0.24693121016025543,videomamba,driveact
vp15_run2_2018-05-30-13-34-33_11778_11786,31,8,4,8,4,k4,True,0.9875369668006897,videomamba,driveact
vp15_run1_2018-05-30-13-05-35_3818_3831,31,14,4,8,4,k4,True,0.982732892036438,videomamba,driveact
vp15_run1_2018-05-30-13-05-35_8238_8248,31,11,4,8,4,k4,True,0.9842323064804077,videomamba,driveact
vp15_run2_2018-05-30-13-34-33_6537_6549,31,12,4,8,4,k4,True,0.9693566560745239,videomamba,driveact
vp15_run1_2018-05-30-13-05-35_974_983,31,9,4,8,4,k4,True,0.9283286333084106,videomamba,driveact
vp15_run2_2018-05-30-13-34-33_13111_13126,31,14,4,8,4,k4,True,0.9570781588554382,videomamba,driveact
vp14_run1_2018-05-30-10-11-09_481_527,31,46,4,8,4,k4,True,0.9666323065757751,videomamba,driveact
vp14_run1_2018-05-30-10-11-09_6188_6200,31,12,4,8,4,k4,True,0.9375333786010742,videomamba,driveact
vp14_run1_2018-05-30-10-11-09_3432_3477,31,45,4,8,4,k4,True,0.9534392952919006,videomamba,driveact
vp14_run1_2018-05-30-10-11-09_17309_17338,31,29,4,8,4,k4,True,0.7537159323692322,videomamba,driveact
vp15_run2_2018-05-30-13-34-33_12574_12588,31,13,4,8,4,k4,True,0.9801241159439087,videomamba,driveact
vp14_run1_2018-05-30-10-11-09_527_565,31,38,4,8,4,k4,True,0.9405483603477478,videomamba,driveact
vp14_run2_2018-05-30-10-42-33_17113_17158,31,44,4,8,4,k4,True,0.9594576358795166,videomamba,driveact
vp14_run2_2018-05-30-10-42-33_14337_14354,31,17,4,8,4,k4,True,0.9867550730705261,videomamba,driveact
vp14_run2_2018-05-30-10-42-33_13900_13910,31,10,4,8,4,k4,True,0.9601191282272339,videomamba,driveact
vp15_run1_2018-05-30-13-05-35_10086_10100,31,14,4,8,4,k4,True,0.6397156119346619,videomamba,driveact
vp14_run2_2018-05-30-10-42-33_495_508,31,14,4,8,4,k4,True,0.958188533782959,videomamba,driveact
vp15_run1_2018-05-30-13-05-35_372_391,31,20,4,8,4,k4,True,0.9558244943618774,videomamba,driveact
vp15_run1_2018-05-30-13-05-35_17889_17898,31,9,4,8,4,k4,True,0.976493775844574,videomamba,driveact
vp15_run1_2018-05-30-13-05-35_9464_9472,31,8,4,8,4,k4,True,0.9772332310676575,videomamba,driveact
vp15_run1_2018-05-30-13-05-35_5909_5948,32,39,4,8,4,k4,True,0.5139382481575012,videomamba,driveact
vp14_run1_2018-05-30-10-11-09_22009_22055,32,46,4,8,4,k4,True,0.8936706185340881,videomamba,driveact
vp14_run2_2018-05-30-10-42-33_13656_13691,32,35,4,8,4,k4,True,0.6300579905509949,videomamba,driveact
vp14_run2_2018-05-30-10-42-33_12649_12694,32,44,4,8,4,k4,True,0.7059393525123596,videomamba,driveact
vp14_run2_2018-05-30-10-42-33_12739_12784,32,44,4,8,4,k4,False,0.3378886878490448,videomamba,driveact
vp14_run1_2018-05-30-10-11-09_22191_22237,32,47,4,8,4,k4,True,0.8961195349693298,videomamba,driveact
vp14_run2_2018-05-30-10-42-33_12559_12604,32,44,4,8,4,k4,False,0.7604756951332092,videomamba,driveact
vp15_run1_2018-05-30-13-05-35_5960_6004,32,44,4,8,4,k4,True,0.9317973256111145,videomamba,driveact
vp14_run2_2018-05-30-10-42-33_12829_12875,32,46,4,8,4,k4,True,0.8494564890861511,videomamba,driveact
vp15_run1_2018-05-30-13-05-35_6095_6142,32,47,4,8,4,k4,True,0.9375084638595581,videomamba,driveact
vp15_run2_2018-05-30-13-34-33_7203_7249,32,47,4,8,4,k4,False,0.9235538244247437,videomamba,driveact
vp14_run2_2018-05-30-10-42-33_12920_12966,32,47,4,8,4,k4,True,0.9493986964225769,videomamba,driveact
vp15_run2_2018-05-30-13-34-33_7339_7350,32,10,4,8,4,k4,False,0.5018252730369568,videomamba,driveact
vp14_run1_2018-05-30-10-11-09_22100_22145,32,45,4,8,4,k4,True,0.8233703970909119,videomamba,driveact
vp14_run1_2018-05-30-10-11-09_22237_22283,32,46,4,8,4,k4,True,0.7712750434875488,videomamba,driveact
vp14_run1_2018-05-30-10-11-09_22145_22191,32,47,4,8,4,k4,True,0.786456823348999,videomamba,driveact
vp14_run2_2018-05-30-10-42-33_13610_13656,32,47,4,8,4,k4,True,0.26681652665138245,videomamba,driveact
vp15_run1_2018-05-30-13-05-35_6050_6095,32,45,4,8,4,k4,True,0.8714614510536194,videomamba,driveact
vp14_run1_2018-05-30-10-11-09_21919_21964,32,44,4,8,4,k4,True,0.27622678875923157,videomamba,driveact
vp14_run2_2018-05-30-10-42-33_12966_12997,32,32,4,8,4,k4,True,0.9351083040237427,videomamba,driveact
vp14_run2_2018-05-30-10-42-33_5529_5574,33,45,4,8,4,k4,True,0.8670610189437866,videomamba,driveact
vp14_run2_2018-05-30-10-42-33_5755_5801,33,46,4,8,4,k4,True,0.9464973211288452,videomamba,driveact
vp15_run1_2018-05-30-13-05-35_17809_17835,33,25,4,8,4,k4,False,0.5138469338417053,videomamba,driveact
vp14_run1_2018-05-30-10-11-09_16457_16502,33,45,4,8,4,k4,False,0.4582880437374115,videomamba,driveact
vp14_run2_2018-05-30-10-42-33_5346_5392,33,47,4,8,4,k4,True,0.9403451085090637,videomamba,driveact
vp14_run1_2018-05-30-10-11-09_16230_16276,33,47,4,8,4,k4,True,0.8912883400917053,videomamba,driveact
vp14_run1_2018-05-30-10-11-09_16049_16095,33,47,4,8,4,k4,True,0.6964747905731201,videomamba,driveact
vp14_run2_2018-05-30-10-42-33_5664_5709,33,45,4,8,4,k4,True,0.6776677370071411,videomamba,driveact
vp14_run1_2018-05-30-10-11-09_9675_9720,33,45,4,8,4,k4,True,0.18433476984500885,videomamba,driveact
vp14_run2_2018-05-30-10-42-33_11712_11757,33,45,4,8,4,k4,True,0.9281244874000549,videomamba,driveact
vp14_run1_2018-05-30-10-11-09_16411_16457,33,46,4,8,4,k4,True,0.5051820874214172,videomamba,driveact
vp14_run1_2018-05-30-10-11-09_16321_16366,33,44,4,8,4,k4,True,0.8418412804603577,videomamba,driveact
vp14_run2_2018-05-30-10-42-33_5892_5925,33,33,4,8,4,k4,False,0.9671543836593628,videomamba,driveact
vp14_run2_2018-05-30-10-42-33_5574_5619,33,45,4,8,4,k4,True,0.9516186714172363,videomamba,driveact
vp14_run2_2018-05-30-10-42-33_5437_5482,33,44,4,8,4,k4,True,0.713121235370636,videomamba,driveact
vp15_run2_2018-05-30-13-34-33_9130_9173,33,43,4,8,4,k4,True,0.8620368242263794,videomamba,driveact
vp14_run2_2018-05-30-10-42-33_5709_5755,33,47,4,8,4,k4,True,0.8990674018859863,videomamba,driveact
vp14_run2_2018-05-30-10-42-33_5801_5847,33,47,4,8,4,k4,True,0.9619794487953186,videomamba,driveact
vp14_run1_2018-05-30-10-11-09_16095_16140,33,45,4,8,4,k4,False,0.6148355603218079,videomamba,driveact
vp14_run2_2018-05-30-10-42-33_5847_5892,33,45,4,8,4,k4,True,0.844109296798706,videomamba,driveact
vp14_run1_2018-05-30-10-11-09_12779_12825,30,47,8,8,8,k8,False,0.3187958002090454,videomamba,driveact
vp15_run2_2018-05-30-13-34-33_19550_19595,30,45,8,8,8,k8,False,0.40859854221343994,videomamba,driveact
vp14_run1_2018-05-30-10-11-09_24314_24327,30,14,8,8,8,k8,False,0.22878757119178772,videomamba,driveact
vp14_run2_2018-05-30-10-42-33_22169_22185,30,17,8,8,8,k8,False,0.29413583874702454,videomamba,driveact
vp15_run2_2018-05-30-13-34-33_11778_11786,31,8,8,8,8,k8,True,0.9874733686447144,videomamba,driveact
vp15_run1_2018-05-30-13-05-35_3818_3831,31,14,8,8,8,k8,True,0.9844785928726196,videomamba,driveact
vp15_run1_2018-05-30-13-05-35_8238_8248,31,11,8,8,8,k8,True,0.9855350255966187,videomamba,driveact
vp15_run2_2018-05-30-13-34-33_6537_6549,31,12,8,8,8,k8,True,0.9735124707221985,videomamba,driveact
vp15_run1_2018-05-30-13-05-35_974_983,31,9,8,8,8,k8,True,0.9378514885902405,videomamba,driveact
vp15_run2_2018-05-30-13-34-33_13111_13126,31,14,8,8,8,k8,True,0.9554747939109802,videomamba,driveact
vp14_run1_2018-05-30-10-11-09_481_527,31,46,8,8,8,k8,True,0.9709935188293457,videomamba,driveact
vp14_run1_2018-05-30-10-11-09_6188_6200,31,12,8,8,8,k8,True,0.9336162209510803,videomamba,driveact
vp14_run1_2018-05-30-10-11-09_3432_3477,31,45,8,8,8,k8,True,0.9655192494392395,videomamba,driveact
vp14_run1_2018-05-30-10-11-09_17309_17338,31,29,8,8,8,k8,True,0.8504752516746521,videomamba,driveact
vp15_run2_2018-05-30-13-34-33_12574_12588,31,13,8,8,8,k8,True,0.9812667369842529,videomamba,driveact
vp14_run1_2018-05-30-10-11-09_527_565,31,38,8,8,8,k8,True,0.9309800863265991,videomamba,driveact
vp14_run2_2018-05-30-10-42-33_17113_17158,31,44,8,8,8,k8,True,0.9439126253128052,videomamba,driveact
vp14_run2_2018-05-30-10-42-33_14337_14354,31,17,8,8,8,k8,True,0.9885518550872803,videomamba,driveact
vp14_run2_2018-05-30-10-42-33_13900_13910,31,10,8,8,8,k8,True,0.9648216366767883,videomamba,driveact
vp15_run1_2018-05-30-13-05-35_10086_10100,31,14,8,8,8,k8,True,0.535498857498169,videomamba,driveact
vp14_run2_2018-05-30-10-42-33_495_508,31,14,8,8,8,k8,True,0.9327620267868042,videomamba,driveact
vp15_run1_2018-05-30-13-05-35_372_391,31,20,8,8,8,k8,True,0.9586289525032043,videomamba,driveact
vp15_run1_2018-05-30-13-05-35_17889_17898,31,9,8,8,8,k8,True,0.9755190014839172,videomamba,driveact
vp15_run1_2018-05-30-13-05-35_9464_9472,31,8,8,8,8,k8,True,0.976284921169281,videomamba,driveact
vp15_run1_2018-05-30-13-05-35_5909_5948,32,39,8,8,8,k8,True,0.5845171809196472,videomamba,driveact
vp14_run1_2018-05-30-10-11-09_22009_22055,32,46,8,8,8,k8,True,0.8966929316520691,videomamba,driveact
vp14_run2_2018-05-30-10-42-33_13656_13691,32,35,8,8,8,k8,True,0.6129487156867981,videomamba,driveact
vp14_run2_2018-05-30-10-42-33_12649_12694,32,44,8,8,8,k8,True,0.7418797612190247,videomamba,driveact
vp14_run2_2018-05-30-10-42-33_12739_12784,32,44,8,8,8,k8,False,0.19463977217674255,videomamba,driveact
vp14_run1_2018-05-30-10-11-09_22191_22237,32,47,8,8,8,k8,True,0.8703291416168213,videomamba,driveact
vp14_run2_2018-05-30-10-42-33_12559_12604,32,44,8,8,8,k8,False,0.7513713240623474,videomamba,driveact
vp15_run1_2018-05-30-13-05-35_5960_6004,32,44,8,8,8,k8,True,0.929585337638855,videomamba,driveact
vp14_run2_2018-05-30-10-42-33_12829_12875,32,46,8,8,8,k8,True,0.8944352865219116,videomamba,driveact
vp15_run1_2018-05-30-13-05-35_6095_6142,32,47,8,8,8,k8,True,0.9303155541419983,videomamba,driveact
vp15_run2_2018-05-30-13-34-33_7203_7249,32,47,8,8,8,k8,False,0.8830313682556152,videomamba,driveact
vp14_run2_2018-05-30-10-42-33_12920_12966,32,47,8,8,8,k8,True,0.9490209817886353,videomamba,driveact
vp15_run2_2018-05-30-13-34-33_7339_7350,32,10,8,8,8,k8,False,0.4880768358707428,videomamba,driveact
vp14_run1_2018-05-30-10-11-09_22100_22145,32,45,8,8,8,k8,True,0.8817210793495178,videomamba,driveact
vp14_run1_2018-05-30-10-11-09_22237_22283,32,46,8,8,8,k8,True,0.730961263179779,videomamba,driveact
vp14_run1_2018-05-30-10-11-09_22145_22191,32,47,8,8,8,k8,True,0.8493075966835022,videomamba,driveact
vp14_run2_2018-05-30-10-42-33_13610_13656,32,47,8,8,8,k8,True,0.5793806314468384,videomamba,driveact
vp15_run1_2018-05-30-13-05-35_6050_6095,32,45,8,8,8,k8,True,0.8719518780708313,videomamba,driveact
vp14_run1_2018-05-30-10-11-09_21919_21964,32,44,8,8,8,k8,True,0.4886871874332428,videomamba,driveact
vp14_run2_2018-05-30-10-42-33_12966_12997,32,32,8,8,8,k8,True,0.9377022981643677,videomamba,driveact
vp14_run2_2018-05-30-10-42-33_5529_5574,33,45,8,8,8,k8,True,0.9276372790336609,videomamba,driveact
vp14_run2_2018-05-30-10-42-33_5755_5801,33,46,8,8,8,k8,True,0.9429805874824524,videomamba,driveact
vp15_run1_2018-05-30-13-05-35_17809_17835,33,25,8,8,8,k8,False,0.556771457195282,videomamba,driveact
vp14_run1_2018-05-30-10-11-09_16457_16502,33,45,8,8,8,k8,True,0.3655076026916504,videomamba,driveact
vp14_run2_2018-05-30-10-42-33_5346_5392,33,47,8,8,8,k8,True,0.9397736191749573,videomamba,driveact
vp14_run1_2018-05-30-10-11-09_16230_16276,33,47,8,8,8,k8,True,0.9041782021522522,videomamba,driveact
vp14_run1_2018-05-30-10-11-09_16049_16095,33,47,8,8,8,k8,True,0.7763792276382446,videomamba,driveact
vp14_run2_2018-05-30-10-42-33_5664_5709,33,45,8,8,8,k8,True,0.7836408615112305,videomamba,driveact
vp14_run1_2018-05-30-10-11-09_9675_9720,33,45,8,8,8,k8,False,0.20681825280189514,videomamba,driveact
vp14_run2_2018-05-30-10-42-33_11712_11757,33,45,8,8,8,k8,True,0.9232504367828369,videomamba,driveact
vp14_run1_2018-05-30-10-11-09_16411_16457,33,46,8,8,8,k8,True,0.43732988834381104,videomamba,driveact
vp14_run1_2018-05-30-10-11-09_16321_16366,33,44,8,8,8,k8,True,0.8432715535163879,videomamba,driveact
vp14_run2_2018-05-30-10-42-33_5892_5925,33,33,8,8,8,k8,False,0.847858726978302,videomamba,driveact
vp14_run2_2018-05-30-10-42-33_5574_5619,33,45,8,8,8,k8,True,0.9462802410125732,videomamba,driveact
vp14_run2_2018-05-30-10-42-33_5437_5482,33,44,8,8,8,k8,True,0.48826929926872253,videomamba,driveact
vp15_run2_2018-05-30-13-34-33_9130_9173,33,43,8,8,8,k8,True,0.8905149698257446,videomamba,driveact
vp14_run2_2018-05-30-10-42-33_5709_5755,33,47,8,8,8,k8,True,0.9040765166282654,videomamba,driveact
vp14_run2_2018-05-30-10-42-33_5801_5847,33,47,8,8,8,k8,True,0.9406992197036743,videomamba,driveact
vp14_run1_2018-05-30-10-11-09_16095_16140,33,45,8,8,8,k8,True,0.5505678653717041,videomamba,driveact
vp14_run2_2018-05-30-10-42-33_5847_5892,33,45,8,8,8,k8,True,0.7841092944145203,videomamba,driveact
vp14_run1_2018-05-30-10-11-09_12779_12825,30,47,16,8,16,k16,False,0.3676770329475403,videomamba,driveact
vp15_run2_2018-05-30-13-34-33_19550_19595,30,45,16,8,16,k16,False,0.36733484268188477,videomamba,driveact
vp14_run1_2018-05-30-10-11-09_24314_24327,30,14,14,8,16,k16,False,0.22878757119178772,videomamba,driveact
vp14_run2_2018-05-30-10-42-33_22169_22185,30,17,16,8,16,k16,False,0.269719660282135,videomamba,driveact
vp15_run2_2018-05-30-13-34-33_11778_11786,31,8,8,8,16,k16,True,0.9874733686447144,videomamba,driveact
vp15_run1_2018-05-30-13-05-35_3818_3831,31,14,14,8,16,k16,True,0.9844785928726196,videomamba,driveact
vp15_run1_2018-05-30-13-05-35_8238_8248,31,11,11,8,16,k16,True,0.9855350255966187,videomamba,driveact
vp15_run2_2018-05-30-13-34-33_6537_6549,31,12,12,8,16,k16,True,0.9735124707221985,videomamba,driveact
vp15_run1_2018-05-30-13-05-35_974_983,31,9,9,8,16,k16,True,0.9378514885902405,videomamba,driveact
vp15_run2_2018-05-30-13-34-33_13111_13126,31,14,14,8,16,k16,True,0.9554747939109802,videomamba,driveact
vp14_run1_2018-05-30-10-11-09_481_527,31,46,16,8,16,k16,True,0.9735234379768372,videomamba,driveact
vp14_run1_2018-05-30-10-11-09_6188_6200,31,12,12,8,16,k16,True,0.9336162209510803,videomamba,driveact
vp14_run1_2018-05-30-10-11-09_3432_3477,31,45,16,8,16,k16,True,0.9607330560684204,videomamba,driveact
vp14_run1_2018-05-30-10-11-09_17309_17338,31,29,16,8,16,k16,True,0.8565768003463745,videomamba,driveact
vp15_run2_2018-05-30-13-34-33_12574_12588,31,13,13,8,16,k16,True,0.9812667369842529,videomamba,driveact
vp14_run1_2018-05-30-10-11-09_527_565,31,38,16,8,16,k16,True,0.9406988024711609,videomamba,driveact
vp14_run2_2018-05-30-10-42-33_17113_17158,31,44,16,8,16,k16,True,0.9488467574119568,videomamba,driveact
vp14_run2_2018-05-30-10-42-33_14337_14354,31,17,16,8,16,k16,True,0.9874208569526672,videomamba,driveact
vp14_run2_2018-05-30-10-42-33_13900_13910,31,10,10,8,16,k16,True,0.9648216366767883,videomamba,driveact
vp15_run1_2018-05-30-13-05-35_10086_10100,31,14,14,8,16,k16,True,0.535498857498169,videomamba,driveact
vp14_run2_2018-05-30-10-42-33_495_508,31,14,14,8,16,k16,True,0.9327620267868042,videomamba,driveact
vp15_run1_2018-05-30-13-05-35_372_391,31,20,16,8,16,k16,True,0.9586289525032043,videomamba,driveact
vp15_run1_2018-05-30-13-05-35_17889_17898,31,9,9,8,16,k16,True,0.9755190014839172,videomamba,driveact
vp15_run1_2018-05-30-13-05-35_9464_9472,31,8,8,8,16,k16,True,0.976284921169281,videomamba,driveact
vp15_run1_2018-05-30-13-05-35_5909_5948,32,39,16,8,16,k16,True,0.5911149382591248,videomamba,driveact
vp14_run1_2018-05-30-10-11-09_22009_22055,32,46,16,8,16,k16,True,0.8927784562110901,videomamba,driveact
vp14_run2_2018-05-30-10-42-33_13656_13691,32,35,16,8,16,k16,True,0.6247673034667969,videomamba,driveact
vp14_run2_2018-05-30-10-42-33_12649_12694,32,44,16,8,16,k16,True,0.7453018426895142,videomamba,driveact
vp14_run2_2018-05-30-10-42-33_12739_12784,32,44,16,8,16,k16,False,0.1837366819381714,videomamba,driveact
vp14_run1_2018-05-30-10-11-09_22191_22237,32,47,16,8,16,k16,True,0.914244532585144,videomamba,driveact
vp14_run2_2018-05-30-10-42-33_12559_12604,32,44,16,8,16,k16,False,0.746097207069397,videomamba,driveact
vp15_run1_2018-05-30-13-05-35_5960_6004,32,44,16,8,16,k16,True,0.9314612746238708,videomamba,driveact
vp14_run2_2018-05-30-10-42-33_12829_12875,32,46,16,8,16,k16,True,0.901574969291687,videomamba,driveact
vp15_run1_2018-05-30-13-05-35_6095_6142,32,47,16,8,16,k16,True,0.9344326257705688,videomamba,driveact
vp15_run2_2018-05-30-13-34-33_7203_7249,32,47,16,8,16,k16,False,0.9021146297454834,videomamba,driveact
vp14_run2_2018-05-30-10-42-33_12920_12966,32,47,16,8,16,k16,True,0.9490219354629517,videomamba,driveact
vp15_run2_2018-05-30-13-34-33_7339_7350,32,10,10,8,16,k16,False,0.4880768358707428,videomamba,driveact
vp14_run1_2018-05-30-10-11-09_22100_22145,32,45,16,8,16,k16,True,0.8657482862472534,videomamba,driveact
vp14_run1_2018-05-30-10-11-09_22237_22283,32,46,16,8,16,k16,True,0.7186065316200256,videomamba,driveact
vp14_run1_2018-05-30-10-11-09_22145_22191,32,47,16,8,16,k16,True,0.8686917424201965,videomamba,driveact
vp14_run2_2018-05-30-10-42-33_13610_13656,32,47,16,8,16,k16,True,0.5775956511497498,videomamba,driveact
vp15_run1_2018-05-30-13-05-35_6050_6095,32,45,16,8,16,k16,True,0.8753689527511597,videomamba,driveact
vp14_run1_2018-05-30-10-11-09_21919_21964,32,44,16,8,16,k16,True,0.5830468535423279,videomamba,driveact
vp14_run2_2018-05-30-10-42-33_12966_12997,32,32,16,8,16,k16,True,0.9374334216117859,videomamba,driveact
vp14_run2_2018-05-30-10-42-33_5529_5574,33,45,16,8,16,k16,True,0.9352002739906311,videomamba,driveact
vp14_run2_2018-05-30-10-42-33_5755_5801,33,46,16,8,16,k16,True,0.9407531023025513,videomamba,driveact
vp15_run1_2018-05-30-13-05-35_17809_17835,33,25,16,8,16,k16,False,0.5709797739982605,videomamba,driveact
vp14_run1_2018-05-30-10-11-09_16457_16502,33,45,16,8,16,k16,True,0.3949618935585022,videomamba,driveact
vp14_run2_2018-05-30-10-42-33_5346_5392,33,47,16,8,16,k16,True,0.9394094347953796,videomamba,driveact
vp14_run1_2018-05-30-10-11-09_16230_16276,33,47,16,8,16,k16,True,0.9046405553817749,videomamba,driveact
vp14_run1_2018-05-30-10-11-09_16049_16095,33,47,16,8,16,k16,True,0.7577780485153198,videomamba,driveact
vp14_run2_2018-05-30-10-42-33_5664_5709,33,45,16,8,16,k16,True,0.7728676199913025,videomamba,driveact
vp14_run1_2018-05-30-10-11-09_9675_9720,33,45,16,8,16,k16,False,0.20573492348194122,videomamba,driveact
vp14_run2_2018-05-30-10-42-33_11712_11757,33,45,16,8,16,k16,True,0.9161551594734192,videomamba,driveact
vp14_run1_2018-05-30-10-11-09_16411_16457,33,46,16,8,16,k16,True,0.5245826840400696,videomamba,driveact
vp14_run1_2018-05-30-10-11-09_16321_16366,33,44,16,8,16,k16,True,0.8542037606239319,videomamba,driveact
vp14_run2_2018-05-30-10-42-33_5892_5925,33,33,16,8,16,k16,False,0.889076828956604,videomamba,driveact
vp14_run2_2018-05-30-10-42-33_5574_5619,33,45,16,8,16,k16,True,0.948701798915863,videomamba,driveact
vp14_run2_2018-05-30-10-42-33_5437_5482,33,44,16,8,16,k16,True,0.4687057137489319,videomamba,driveact
vp15_run2_2018-05-30-13-34-33_9130_9173,33,43,16,8,16,k16,True,0.8910244703292847,videomamba,driveact
vp14_run2_2018-05-30-10-42-33_5709_5755,33,47,16,8,16,k16,True,0.911979079246521,videomamba,driveact
vp14_run2_2018-05-30-10-42-33_5801_5847,33,47,16,8,16,k16,True,0.9503802061080933,videomamba,driveact
vp14_run1_2018-05-30-10-11-09_16095_16140,33,45,16,8,16,k16,True,0.5133213996887207,videomamba,driveact
vp14_run2_2018-05-30-10-42-33_5847_5892,33,45,16,8,16,k16,True,0.8849575519561768,videomamba,driveact
