dataset,split,budget,coverage,stride,n,top1,top5,mean_confidence,mean_decode_time_s,mean_inference_time_s,mean_total_time_s,mean_processed_frames,mean_model_input_frames,mean_source_frames
diving48,val,16,25,16,743,0.06998654104979811,0.24091520861372812,0.3552672933601595,0.012786719165579448,0.0011898219675667994,0.30207777547043363,16.0,16.0,111.67833109017496
