coverage,stride,accuracy,avg_time,correct,total
10,1,0.16491445062873633,0.029561465526867312,7200,43659
