dataset,split,budget,coverage,stride,n,top1,top5,mean_confidence,mean_decode_time_s,mean_inference_time_s,mean_total_time_s,mean_processed_frames,mean_model_input_frames,mean_source_frames
ucf101,val,16,10,4,2020,0.1504950495049505,0.3584158415841584,0.28813582336124366,0.010507859958054516,0.012690880414937614,0.8071978829124491,16.0,16.0,181.19752475247526
