dataset,split,budget,coverage,stride,n,top1,top5,mean_confidence,mean_decode_time_s,mean_inference_time_s,mean_total_time_s,mean_processed_frames,mean_model_input_frames,mean_source_frames
ucf101,val,16,100,8,2020,0.6955445544554455,0.8940594059405941,0.49182637311923916,0.02345312510059206,0.012501784550869782,1.0218396454098309,16.0,16.0,181.19752475247526
