dataset,split,budget,coverage,stride,n,top1,top5,mean_confidence,mean_decode_time_s,mean_inference_time_s,mean_total_time_s,mean_processed_frames,mean_model_input_frames,mean_source_frames
ucf101,val,16,100,16,2020,0.5277227722772277,0.7683168316831683,0.40064675367188335,0.02183777045139854,0.012623430048674576,0.9963023791021937,16.0,16.0,181.19752475247526
