dataset,split,budget,coverage,stride,n,top1,top5,mean_confidence,mean_decode_time_s,mean_inference_time_s,mean_total_time_s,mean_processed_frames,mean_model_input_frames,mean_source_frames
ucf101,val,16,25,8,2020,0.22920792079207922,0.4757425742574257,0.30200732211665354,0.013228628571643171,0.012756535660194251,0.8533948448244575,16.0,16.0,181.19752475247526
