dataset,split,budget,coverage,stride,n,top1,top5,mean_confidence,mean_decode_time_s,mean_inference_time_s,mean_total_time_s,mean_processed_frames,mean_model_input_frames,mean_source_frames
ucf101,val,16,10,16,2020,0.19207920792079208,0.39554455445544556,0.32476494049856275,0.007487309989657733,0.0050937901556464184,0.39278485750408365,16.0,16.0,181.19752475247526
