dataset,split,budget,coverage,stride,n,top1,top5,mean_confidence,mean_decode_time_s,mean_inference_time_s,mean_total_time_s,mean_processed_frames,mean_model_input_frames,mean_source_frames
ucf101,val,16,100,16,2020,0.7103960396039604,0.9103960396039604,0.6125872704338762,0.02052105257211548,0.005058895293646262,0.6076088674938177,16.0,16.0,181.19752475247526
