dataset,split,budget,coverage,stride,n,top1,top5,mean_confidence,mean_decode_time_s,mean_inference_time_s,mean_total_time_s,mean_processed_frames,mean_model_input_frames,mean_source_frames
ucf101,val,16,100,1,2020,0.8475247524752475,0.9618811881188118,0.7501806901823176,0.023019396276720384,0.005054360110483289,0.6560498725776192,16.0,16.0,181.19752475247526
