dataset,split,budget,coverage,stride,n,top1,top5,mean_confidence,mean_decode_time_s,mean_inference_time_s,mean_total_time_s,mean_processed_frames,mean_model_input_frames,mean_source_frames
ucf101,val,16,10,2,2020,0.4891089108910891,0.7485148514851485,0.43267975746570986,0.009974644603876232,0.005120761996702208,0.4375109466867024,16.0,16.0,181.19752475247526
