dataset,split,budget,coverage,stride,n,top1,top5,mean_confidence,mean_decode_time_s,mean_inference_time_s,mean_total_time_s,mean_processed_frames,mean_model_input_frames,mean_source_frames
ucf101,val,16,10,8,2020,0.2400990099009901,0.45891089108910893,0.3451795197101218,0.008199343508303092,0.00505961664482066,0.40340505293950824,16.0,16.0,181.19752475247526
