dataset,split,budget,coverage,stride,n,top1,top5,mean_confidence,mean_decode_time_s,mean_inference_time_s,mean_total_time_s,mean_processed_frames,mean_model_input_frames,mean_source_frames
ucf101,val,16,25,16,2020,0.2702970297029703,0.5297029702970297,0.35632948401467046,0.009848787748522245,0.005092102023288792,0.43162208198521307,16.0,16.0,181.19752475247526
