dataset,split,budget,coverage,stride,n,top1,top5,mean_confidence,mean_decode_time_s,mean_inference_time_s,mean_total_time_s,mean_processed_frames,mean_model_input_frames,mean_source_frames
ucf101,val,16,50,2,2020,0.8034653465346535,0.9504950495049505,0.6958267543889066,0.017836070547714866,0.0050727687409553345,0.5660531463952145,16.0,16.0,181.19752475247526
