dataset,split,budget,coverage,stride,n,top1,top5,mean_confidence,mean_decode_time_s,mean_inference_time_s,mean_total_time_s,mean_processed_frames,mean_model_input_frames,mean_source_frames
ucf101,val,16,50,16,2020,0.49207920792079207,0.7495049504950495,0.4408436911973623,0.013798021817911822,0.005087404204117558,0.49734568423130504,16.0,16.0,181.19752475247526
