dataset,split,budget,coverage,stride,n,top1,top5,mean_confidence,mean_decode_time_s,mean_inference_time_s,mean_total_time_s,mean_processed_frames,mean_model_input_frames,mean_source_frames
diving48,val,32,100,1,743,0.034993270524899055,0.15612382234185734,0.10864469151778465,0.059081216299502755,0.0016265198886695332,1.0598675538444187,32.0,32.0,111.67833109017496
