resolution,top1,n,model,dataset,native_res
96,0.18438761776581428,743,slowfast_r50,diving48,224
112,0.2503364737550471,743,slowfast_r50,diving48,224
160,0.43337819650067294,743,slowfast_r50,diving48,224
224,0.5047106325706595,743,slowfast_r50,diving48,224
336,0.4158815612382234,743,slowfast_r50,diving48,224
