resolution,top1,n,model,dataset,native_res
48,0.034993270524899,743,slowfast_r50,diving48,224
96,0.1843876177658142,743,slowfast_r50,diving48,224
112,0.2503364737550471,743,slowfast_r50,diving48,224
160,0.4333781965006729,743,slowfast_r50,diving48,224
224,0.5047106325706595,743,slowfast_r50,diving48,224
336,0.4158815612382234,743,slowfast_r50,diving48,224
