resolution,top1,n,model,dataset,native_res
48,0.0081484834766862,4418,slowfast_r50,autsl,224
96,0.2249886826618379,4418,slowfast_r50,autsl,224
112,0.32571299230421,4418,slowfast_r50,autsl,224
160,0.7003168854685378,4418,slowfast_r50,autsl,224
224,0.792440018107741,4418,slowfast_r50,autsl,224
336,0.6903576278859213,4418,slowfast_r50,autsl,224
