dataset,split,budget,coverage,stride,n,top1,top5,mean_confidence,mean_decode_time_s,mean_inference_time_s,mean_total_time_s,mean_processed_frames,mean_model_input_frames,mean_source_frames
hmdb51,val,16,10,16,885,0.43954802259887005,0.7220338983050848,0.4345490763163836,0.0077141539335755975,0.0023092466853769484,0.29253202216136714,16.0,16.0,96.54124293785311
