dataset,split,budget,coverage,stride,n,top1,top5,mean_confidence,mean_decode_time_s,mean_inference_time_s,mean_total_time_s,mean_processed_frames,mean_model_input_frames,mean_source_frames
hmdb51,val,16,100,16,885,0.6259887005649718,0.8463276836158192,0.47702562986204855,0.026446464723028706,0.0022995279875641823,0.6125794133852831,16.0,16.0,96.54124293785311
