dataset,split,budget,coverage,stride,n,top1,top5,mean_confidence,mean_decode_time_s,mean_inference_time_s,mean_total_time_s,mean_processed_frames,mean_model_input_frames,mean_source_frames
hmdb51,val,16,10,16,885,0.3694915254237288,0.6700564971751413,0.36532315309606705,0.008294019412701834,0.0011764111205156745,0.22225265184306872,16.0,16.0,96.54124293785311
