dataset,split,budget,coverage,stride,n,top1,top5,mean_confidence,mean_decode_time_s,mean_inference_time_s,mean_total_time_s,mean_processed_frames,mean_model_input_frames,mean_source_frames
hmdb51,val,16,50,16,885,0.47231638418079097,0.7457627118644068,0.4130028172401385,0.018564442047417837,0.0011610022561866684,0.39821543623719596,16.0,16.0,96.54124293785311
