dataset,split,budget,coverage,stride,n,top1,top5,mean_confidence,mean_decode_time_s,mean_inference_time_s,mean_total_time_s,mean_processed_frames,mean_model_input_frames,mean_source_frames
autsl,val,16,10,16,4418,0.0061113626075147125,0.03576278859212313,0.1937255736768428,0.005668112526301189,0.0008810870027934375,0.16060172358255634,16.0,16.0,59.18605703938434
