dataset,split,budget,coverage,stride,n,top1,top5,mean_confidence,mean_decode_time_s,mean_inference_time_s,mean_total_time_s,mean_processed_frames,mean_model_input_frames,mean_source_frames
autsl,val,16,100,16,4418,0.07062019013128112,0.24241738343141694,0.15232061046492282,0.012682545924139319,0.000872059306783299,0.27503158404074873,16.0,16.0,59.18605703938434
