dataset,split,budget,coverage,stride,n,top1,top5,mean_confidence,mean_decode_time_s,mean_inference_time_s,mean_total_time_s,mean_processed_frames,mean_model_input_frames,mean_source_frames
autsl,val,16,25,16,4418,0.011090991398822997,0.055907650520597554,0.2171858508783216,0.006156945189040773,0.0008837358138387818,0.16866027706781433,16.0,16.0,59.18605703938434
