dataset,split,budget,coverage,stride,n,top1,top5,mean_confidence,mean_decode_time_s,mean_inference_time_s,mean_total_time_s,mean_processed_frames,mean_model_input_frames,mean_source_frames
ucf101,val,16,10,2,2020,0.7059405940594059,0.8821782178217822,0.7394051617343385,0.009174337671345819,0.001758880905477367,0.27562437550733004,16.0,16.0,181.19752475247526
