dataset,split,budget,coverage,stride,n,top1,top5,mean_confidence,mean_decode_time_s,mean_inference_time_s,mean_total_time_s,mean_processed_frames,mean_model_input_frames,mean_source_frames
ucf101,val,16,100,4,2020,0.8886138613861386,0.9782178217821782,0.9035339038487118,0.022583362224597097,0.001805627463549136,0.5033852996340362,16.0,16.0,181.19752475247526
