dataset,split,budget,coverage,stride,n,top1,top5,mean_confidence,mean_decode_time_s,mean_inference_time_s,mean_total_time_s,mean_processed_frames,mean_model_input_frames,mean_source_frames
ucf101,val,16,100,8,2020,0.8816831683168317,0.9747524752475247,0.8933514396669251,0.022005217984182722,0.0017269534082497737,0.48594535560223806,16.0,16.0,181.19752475247526
