dataset,split,budget,coverage,stride,n,top1,top5,mean_confidence,mean_decode_time_s,mean_inference_time_s,mean_total_time_s,mean_processed_frames,mean_model_input_frames,mean_source_frames
ucf101,val,16,10,1,2020,0.7168316831683168,0.8920792079207921,0.7593455673518157,0.035284210010062864,0.0019665577954331433,0.7193485475380993,16.0,16.0,181.19752475247526
