dataset,split,budget,coverage,stride,n,top1,top5,mean_confidence,mean_decode_time_s,mean_inference_time_s,mean_total_time_s,mean_processed_frames,mean_model_input_frames,mean_source_frames
ucf101,val,16,10,16,2020,0.5311881188118812,0.7742574257425743,0.5874821014960508,0.00651994320255068,0.0017788924827784448,0.22985303859568737,16.0,16.0,181.19752475247526
