dataset,split,budget,coverage,stride,n,top1,top5,mean_confidence,mean_decode_time_s,mean_inference_time_s,mean_total_time_s,mean_processed_frames,mean_model_input_frames,mean_source_frames
ucf101,val,16,100,1,2020,0.8856435643564357,0.9762376237623762,0.9025281930323874,0.022821981624969845,0.0017399548534488324,0.5052293546060976,16.0,16.0,181.19752475247526
