dataset,split,budget,coverage,stride,n,top1,top5,mean_confidence,mean_decode_time_s,mean_inference_time_s,mean_total_time_s,mean_processed_frames,mean_model_input_frames,mean_source_frames
ucf101,val,16,25,2,2020,0.7930693069306931,0.9386138613861386,0.8385531702438499,0.013183060996833784,0.0017431849774000889,0.3421108494938056,16.0,16.0,181.19752475247526
