dataset,split,budget,coverage,stride,n,top1,top5,mean_confidence,mean_decode_time_s,mean_inference_time_s,mean_total_time_s,mean_processed_frames,mean_model_input_frames,mean_source_frames
ucf101,val,16,25,4,2020,0.7777227722772277,0.9297029702970298,0.8143584309385554,0.012187926741293861,0.0017783259581613106,0.3251103954510141,16.0,16.0,181.19752475247526
