dataset,split,budget,coverage,stride,n,top1,top5,mean_confidence,mean_decode_time_s,mean_inference_time_s,mean_total_time_s,mean_processed_frames,mean_model_input_frames,mean_source_frames
ucf101,val,16,50,1,2020,0.8549504950495049,0.9668316831683168,0.8827454566512958,0.017025729681314477,0.0017946136910768024,0.40710727234779037,16.0,16.0,181.19752475247526
