dataset,split,budget,coverage,stride,n,top1,top5,mean_confidence,mean_decode_time_s,mean_inference_time_s,mean_total_time_s,mean_processed_frames,mean_model_input_frames,mean_source_frames
ucf101,val,16,50,16,2020,0.7495049504950495,0.902970297029703,0.7520583272312242,0.013164401708728643,0.0017131170214702476,0.33820250622811726,16.0,16.0,181.19752475247526
