dataset,split,budget,coverage,stride,n,top1,top5,mean_confidence,mean_decode_time_s,mean_inference_time_s,mean_total_time_s,mean_processed_frames,mean_model_input_frames,mean_source_frames
ucf101,val,16,50,4,2020,0.852970297029703,0.9633663366336633,0.8777609416421982,0.016794773796285124,0.0017670128855849661,0.40099329326819344,16.0,16.0,181.19752475247526
