dataset,split,budget,coverage,stride,n,top1,top5,mean_confidence,mean_decode_time_s,mean_inference_time_s,mean_total_time_s,mean_processed_frames,mean_model_input_frames,mean_source_frames
ucf101,val,16,75,8,2020,0.8633663366336634,0.9683168316831683,0.8774152682116716,0.019121029569956448,0.0017977616459818207,0.4407076607918768,16.0,16.0,181.19752475247526
