dataset,split,budget,coverage,stride,n,top1,top5,mean_confidence,mean_decode_time_s,mean_inference_time_s,mean_total_time_s,mean_processed_frames,mean_model_input_frames,mean_source_frames
ucf101,val,16,75,1,2020,0.8742574257425743,0.9752475247524752,0.897105873811363,0.020388687817877768,0.0017469410259520984,0.45937328499281954,16.0,16.0,181.19752475247526
