dataset,split,budget,coverage,stride,n,top1,top5,mean_confidence,mean_decode_time_s,mean_inference_time_s,mean_total_time_s,mean_processed_frames,mean_model_input_frames,mean_source_frames
ucf101,val,16,75,4,2020,0.8801980198019802,0.9742574257425742,0.8958608335566403,0.020258854847000265,0.0017452203098103625,0.4581102900810443,16.0,16.0,181.19752475247526
