dataset,split,budget,coverage,stride,n,top1,top5,mean_confidence,mean_decode_time_s,mean_inference_time_s,mean_total_time_s,mean_processed_frames,mean_model_input_frames,mean_source_frames
diving48,val,16,10,16,743,0.04172274562584118,0.2018842530282638,0.5056318086277428,0.009455507164595405,0.00023663086092167235,0.19049705094018574,16.0,16.0,111.67833109017496
