dataset,split,budget,coverage,stride,n,top1,top5,mean_confidence,mean_decode_time_s,mean_inference_time_s,mean_total_time_s,mean_processed_frames,mean_model_input_frames,mean_source_frames
diving48,val,16,100,4,743,0.15074024226110364,0.39300134589502017,0.29977899109932166,0.03173275939395719,0.00024658215889007776,0.5463760089997859,16.0,16.0,111.67833109017496
