dataset,split,budget,coverage,stride,n,top1,top5,mean_confidence,mean_decode_time_s,mean_inference_time_s,mean_total_time_s,mean_processed_frames,mean_model_input_frames,mean_source_frames
diving48,val,16,10,4,743,0.04172274562584118,0.21399730820995963,0.48556435535364806,0.011146851397880315,0.00024228509575690107,0.21629800196877438,16.0,16.0,111.67833109017496
