dataset,split,budget,coverage,stride,n,top1,top5,mean_confidence,mean_decode_time_s,mean_inference_time_s,mean_total_time_s,mean_processed_frames,mean_model_input_frames,mean_source_frames
diving48,val,16,25,16,743,0.04441453566621804,0.19919246298788695,0.4839901736464908,0.011898418242289793,0.00023433873505102193,0.23234283730129474,16.0,16.0,111.67833109017496
