dataset,split,budget,coverage,stride,n,top1,top5,mean_confidence,mean_decode_time_s,mean_inference_time_s,mean_total_time_s,mean_processed_frames,mean_model_input_frames,mean_source_frames
diving48,val,16,25,8,743,0.047106325706594884,0.2180349932705249,0.45767859108294806,0.012972221899687402,0.00024733003943376396,0.24968439361586925,16.0,16.0,111.67833109017496
