dataset,split,budget,coverage,stride,n,top1,top5,mean_confidence,mean_decode_time_s,mean_inference_time_s,mean_total_time_s,mean_processed_frames,mean_model_input_frames,mean_source_frames
ucf101,val,16,10,1,2020,0.5891089108910891,0.8287128712871287,0.5136460709044396,0.007067706872879684,0.00038714568928289826,0.14737194575367052,16.0,16.0,181.19752475247526
