dataset,split,budget,coverage,stride,n,top1,top5,mean_confidence,mean_decode_time_s,mean_inference_time_s,mean_total_time_s,mean_processed_frames,mean_model_input_frames,mean_source_frames
ucf101,val,16,10,16,2020,0.48168316831683167,0.7465346534653465,0.42247156637287375,0.005181966624960377,0.0002627638400311001,0.11259896508233604,16.0,16.0,181.19752475247526
