dataset,split,budget,coverage,stride,n,top1,top5,mean_confidence,mean_decode_time_s,mean_inference_time_s,mean_total_time_s,mean_processed_frames,mean_model_input_frames,mean_source_frames
ucf101,val,16,10,4,2020,0.550990099009901,0.8014851485148515,0.45553454903350904,0.0063041213460699975,0.000263410265612794,0.13127330752172608,16.0,16.0,181.19752475247526
