dataset,split,budget,coverage,stride,n,top1,top5,mean_confidence,mean_decode_time_s,mean_inference_time_s,mean_total_time_s,mean_processed_frames,mean_model_input_frames,mean_source_frames
ucf101,val,16,100,8,2020,0.6881188118811881,0.8975247524752475,0.600420936755836,0.018796547702144794,0.00024683594330223184,0.3408542223230908,16.0,16.0,181.19752475247526
