dataset,split,budget,coverage,stride,n,top1,top5,mean_confidence,mean_decode_time_s,mean_inference_time_s,mean_total_time_s,mean_processed_frames,mean_model_input_frames,mean_source_frames
ucf101,val,16,10,8,2020,0.5084158415841584,0.7737623762376238,0.4340309814079711,0.005801786774525069,0.0002634869963345625,0.1229356017146988,16.0,16.0,181.19752475247526
