dataset,split,budget,coverage,stride,n,top1,top5,mean_confidence,mean_decode_time_s,mean_inference_time_s,mean_total_time_s,mean_processed_frames,mean_model_input_frames,mean_source_frames
ucf101,val,16,10,2,2020,0.5752475247524752,0.8193069306930693,0.48842573551516427,0.006876623122676248,0.00026440431599016533,0.1409372136758705,16.0,16.0,181.19752475247526
