dataset,split,budget,coverage,stride,n,top1,top5,mean_confidence,mean_decode_time_s,mean_inference_time_s,mean_total_time_s,mean_processed_frames,mean_model_input_frames,mean_source_frames
ucf101,val,16,100,16,2020,0.6623762376237624,0.8742574257425743,0.554081689913084,0.01732271881266912,0.00024799103134007445,0.31462505420757514,16.0,16.0,181.19752475247526
