dataset,split,budget,coverage,stride,n,top1,top5,mean_confidence,mean_decode_time_s,mean_inference_time_s,mean_total_time_s,mean_processed_frames,mean_model_input_frames,mean_source_frames
ucf101,val,16,50,4,2020,0.6722772277227723,0.8876237623762376,0.5849317224733163,0.013981929495769305,0.00025754735233391276,0.2594740435824554,16.0,16.0,181.19752475247526
