dataset,split,budget,coverage,stride,n,top1,top5,mean_confidence,mean_decode_time_s,mean_inference_time_s,mean_total_time_s,mean_processed_frames,mean_model_input_frames,mean_source_frames
ucf101,val,16,50,16,2020,0.5945544554455445,0.8410891089108911,0.4845856375531247,0.010962688725206558,0.0002557201473512641,0.20835590620575897,16.0,16.0,181.19752475247526
