dataset,split,budget,coverage,stride,n,top1,top5,mean_confidence,mean_decode_time_s,mean_inference_time_s,mean_total_time_s,mean_processed_frames,mean_model_input_frames,mean_source_frames
ucf101,val,16,50,1,2020,0.6811881188118812,0.8886138613861386,0.5946348647042962,0.014035487255786941,0.0002621348578445982,0.2605124850966046,16.0,16.0,181.19752475247526
