dataset,split,budget,coverage,stride,n,top1,top5,mean_confidence,mean_decode_time_s,mean_inference_time_s,mean_total_time_s,mean_processed_frames,mean_model_input_frames,mean_source_frames
ucf101,val,16,75,4,2020,0.6925742574257425,0.8975247524752475,0.6069471622273178,0.017239970879716855,0.00024807036976505183,0.3137872995121755,16.0,16.0,181.19752475247526
