dataset,split,budget,coverage,stride,n,top1,top5,mean_confidence,mean_decode_time_s,mean_inference_time_s,mean_total_time_s,mean_processed_frames,mean_model_input_frames,mean_source_frames
ucf101,val,16,75,8,2020,0.6821782178217822,0.8886138613861386,0.5836092788357251,0.016356254251913564,0.0002465338148822141,0.2988284520130595,16.0,16.0,181.19752475247526
