dataset,split,budget,coverage,stride,n,top1,top5,mean_confidence,mean_decode_time_s,mean_inference_time_s,mean_total_time_s,mean_processed_frames,mean_model_input_frames,mean_source_frames
ucf101,val,16,25,16,2020,0.7331683168316832,0.8930693069306931,0.5650707566502071,0.010651473108722855,0.023566849577692475,1.0351980191883676,16.0,16.0,181.19752475247526
