dataset,split,budget,coverage,stride,n,top1,top5,mean_confidence,mean_decode_time_s,mean_inference_time_s,mean_total_time_s,mean_processed_frames,mean_model_input_frames,mean_source_frames
hmdb51,val,16,50,16,885,0.47909604519774013,0.7378531073446327,0.44386454062946773,0.019385618197213395,0.002631505755878627,0.47545214370498173,16.0,16.0,96.54124293785311
