dataset,split,budget,coverage,stride,n,top1,top5,mean_confidence,mean_decode_time_s,mean_inference_time_s,mean_total_time_s,mean_processed_frames,mean_model_input_frames,mean_source_frames
ucf101,val,16,100,16,2020,0.7995049504950495,0.9534653465346534,0.6101959185490367,0.018358923445598654,0.002345764855762003,0.4717377681590589,16.0,16.0,181.19752475247526
