dataset,split,budget,coverage,stride,n,top1,top5,mean_confidence,mean_decode_time_s,mean_inference_time_s,mean_total_time_s,mean_processed_frames,mean_model_input_frames,mean_source_frames
ucf101,val,16,100,2,2020,0.8376237623762376,0.9653465346534653,0.7001451680104774,0.020634675281823125,0.002400736835563906,0.5200564111456146,16.0,16.0,181.19752475247526
