dataset,split,budget,coverage,stride,n,top1,top5,mean_confidence,mean_decode_time_s,mean_inference_time_s,mean_total_time_s,mean_processed_frames,mean_model_input_frames,mean_source_frames
ucf101,val,16,10,8,2020,0.5905940594059406,0.846039603960396,0.4370615488453077,0.006592989713529881,0.0023344353983630562,0.27630295215490375,16.0,16.0,181.19752475247526
