dataset,split,budget,coverage,stride,n,top1,top5,mean_confidence,mean_decode_time_s,mean_inference_time_s,mean_total_time_s,mean_processed_frames,mean_model_input_frames,mean_source_frames
ucf101,val,16,10,1,2020,0.7173267326732673,0.9202970297029703,0.5567727269623244,0.007578655166233346,0.0024653405011032183,0.29552138266315003,16.0,16.0,181.19752475247526
