dataset,split,budget,coverage,stride,n,top1,top5,mean_confidence,mean_decode_time_s,mean_inference_time_s,mean_total_time_s,mean_processed_frames,mean_model_input_frames,mean_source_frames
ucf101,val,16,100,8,2020,0.8297029702970297,0.9668316831683168,0.6842238047280081,0.019780806176097013,0.0023923225741197198,0.49797574128289385,16.0,16.0,181.19752475247526
