dataset,split,budget,coverage,stride,n,top1,top5,mean_confidence,mean_decode_time_s,mean_inference_time_s,mean_total_time_s,mean_processed_frames,mean_model_input_frames,mean_source_frames
ucf101,val,16,50,8,2020,0.7851485148514852,0.9495049504950495,0.6036473449504022,0.013964024991474788,0.0023425876158335718,0.3984089286653279,16.0,16.0,181.19752475247526
