dataset,split,budget,coverage,stride,n,top1,top5,mean_confidence,mean_decode_time_s,mean_inference_time_s,mean_total_time_s,mean_processed_frames,mean_model_input_frames,mean_source_frames
ucf101,val,16,50,16,2020,0.7173267326732673,0.9272277227722773,0.5086404700090389,0.011939913759787226,0.002380665358948973,0.36615255855042306,16.0,16.0,181.19752475247526
