dataset,split,budget,coverage,stride,n,top1,top5,mean_confidence,mean_decode_time_s,mean_inference_time_s,mean_total_time_s,mean_processed_frames,mean_model_input_frames,mean_source_frames
ucf101,val,16,50,4,2020,0.807920792079208,0.9579207920792079,0.6679123506964286,0.014835894524954296,0.0024169357641056033,0.41528170222686234,16.0,16.0,181.19752475247526
