dataset,split,budget,coverage,stride,n,top1,top5,mean_confidence,mean_decode_time_s,mean_inference_time_s,mean_total_time_s,mean_processed_frames,mean_model_input_frames,mean_source_frames
autsl,val,16,10,16,4418,0.0061113626075147125,0.028293345405160705,0.15973961943905546,0.00925220572231561,0.002631930649873323,0.29742373882604434,16.0,16.0,59.18605703938434
