dataset,split,budget,coverage,stride,n,top1,top5,mean_confidence,mean_decode_time_s,mean_inference_time_s,mean_total_time_s,mean_processed_frames,mean_model_input_frames,mean_source_frames
autsl,val,16,10,8,4418,0.0061113626075147125,0.028293345405160705,0.1606399386844207,0.009039451045626264,0.0026350854687842143,0.2937204026266757,16.0,16.0,59.18605703938434
