resolution,top1,n,model,dataset,native_res
48,0.1578431372549019,1020,vivit,epic_kitchens,224
96,0.3019607843137254,1020,vivit,epic_kitchens,224
112,0.3411764705882353,1020,vivit,epic_kitchens,224
160,0.3607843137254902,1020,vivit,epic_kitchens,224
224,0.3794117647058823,1020,vivit,epic_kitchens,224
336,0.3598039215686274,1020,vivit,epic_kitchens,224
