dataset,split,budget,coverage,stride,n,top1,top5,mean_confidence,mean_decode_time_s,mean_inference_time_s,mean_total_time_s,mean_processed_frames,mean_model_input_frames,mean_source_frames
diving48,val,32,10,16,743,0.009421265141318977,0.14131897711978467,0.0673422950795008,0.019524481850406745,0.0027775959848786026,0.49346223617258356,32.0,32.0,111.67833109017496
