dataset,split,budget,coverage,stride,n,top1,top5,mean_confidence,mean_decode_time_s,mean_inference_time_s,mean_total_time_s,mean_processed_frames,mean_model_input_frames,mean_source_frames
diving48,val,32,75,16,743,0.04172274562584118,0.18304172274562583,0.11483403498840845,0.035473606477129306,0.0028060043307740748,0.7548901010166809,32.0,32.0,111.67833109017496
