dataset,split,budget,coverage,stride,n,top1,top5,mean_confidence,mean_decode_time_s,mean_inference_time_s,mean_total_time_s,mean_processed_frames,mean_model_input_frames,mean_source_frames
autsl,val,16,10,4,4418,0.005432322317790856,0.022861023087369852,0.018335705312414137,0.009244526954249287,0.0011958604057278567,0.2381519591547515,16.0,16.0,59.18605703938434
