dataset,split,budget,coverage,stride,n,top1,top5,mean_confidence,mean_decode_time_s,mean_inference_time_s,mean_total_time_s,mean_processed_frames,mean_model_input_frames,mean_source_frames
autsl,val,16,10,1,4418,0.0061113626075147125,0.026029877772747848,0.020864303051669027,0.01042405254346259,0.0012199190919443075,0.26023319774678744,16.0,16.0,59.18605703938434
