dataset,split,budget,coverage,stride,n,top1,top5,mean_confidence,mean_decode_time_s,mean_inference_time_s,mean_total_time_s,mean_processed_frames,mean_model_input_frames,mean_source_frames
autsl,val,16,10,16,4418,0.004074241738343142,0.023540063377093707,0.015689534774630243,0.00790259180609061,0.0011513300733105353,0.21136838836432467,16.0,16.0,59.18605703938434
