dataset,split,budget,coverage,stride,n,top1,top5,mean_confidence,mean_decode_time_s,mean_inference_time_s,mean_total_time_s,mean_processed_frames,mean_model_input_frames,mean_source_frames
autsl,val,16,100,16,4418,0.024219103666817565,0.09212313263920326,0.08977568613710164,0.018077102057836466,0.0012204361771835852,0.3857431654076228,16.0,16.0,59.18605703938434
