dataset,split,budget,coverage,stride,n,top1,top5,mean_confidence,mean_decode_time_s,mean_inference_time_s,mean_total_time_s,mean_processed_frames,mean_model_input_frames,mean_source_frames
autsl,val,16,25,16,4418,0.007243096423721141,0.030556813037573564,0.018064951184325866,0.008677812976169878,0.0011590420737088523,0.224197190268418,16.0,16.0,59.18605703938434
