dataset,split,budget,coverage,stride,n,top1,top5,mean_confidence,mean_decode_time_s,mean_inference_time_s,mean_total_time_s,mean_processed_frames,mean_model_input_frames,mean_source_frames
autsl,val,16,25,8,4418,0.009506564056133997,0.036894522408329564,0.030752847393074115,0.01019754238422891,0.0011830025224159304,0.25224054316001837,16.0,16.0,59.18605703938434
