dataset,split,budget,coverage,stride,n,top1,top5,mean_confidence,mean_decode_time_s,mean_inference_time_s,mean_total_time_s,mean_processed_frames,mean_model_input_frames,mean_source_frames
autsl,val,16,25,1,4418,0.017202354006337708,0.06066093254866455,0.06672453103694961,0.013868658726671503,0.0011758240660856574,0.31813737779159873,16.0,16.0,59.18605703938434
