dataset,split,budget,coverage,stride,n,top1,top5,mean_confidence,mean_decode_time_s,mean_inference_time_s,mean_total_time_s,mean_processed_frames,mean_model_input_frames,mean_source_frames
autsl,val,16,50,16,4418,0.017428700769578996,0.06405613399728384,0.03675834030482535,0.011882311296567064,0.0011931884210770077,0.27902325450777066,16.0,16.0,59.18605703938434
