dataset,split,budget,coverage,stride,n,top1,top5,mean_confidence,mean_decode_time_s,mean_inference_time_s,mean_total_time_s,mean_processed_frames,mean_model_input_frames,mean_source_frames
autsl,val,16,75,16,4418,0.030330466274332276,0.10276143051154368,0.05910725265287281,0.014861758468930232,0.0011973718893024928,0.32953103486028607,16.0,16.0,59.18605703938434
