dataset,tds
AUTSL,0.5985578477656341
Diving-48,0.291049798115747
SSv2,0.26118320610687024
HMDB-51,0.242090395480226
EPIC-Kitchens,0.20612745098039217
DriveAct,0.181640625
UCF-101,0.15915841584158413
