Coverage,N,Mean,Std,Min,Max,95% CI
10%,202,0.5562123663366337,0.31725758563962664,0.0,1.0,"[0.5125, 0.6000]"
25%,202,0.6799000495049505,0.2761563117380152,0.024845,1.0,"[0.6418, 0.7180]"
50%,202,0.7859093465346535,0.21706412569301803,0.121622,1.0,"[0.7560, 0.8158]"
75%,202,0.7981590693069308,0.2095049750008686,0.108108,1.0,"[0.7693, 0.8271]"
100%,202,0.8314861881188118,0.19162540531252192,0.243243,1.0,"[0.8051, 0.8579]"
