dataset,split,budget,coverage,stride,n,top1,top5,mean_confidence,mean_decode_time_s,mean_inference_time_s,mean_total_time_s,mean_processed_frames,mean_model_input_frames,mean_source_frames
autsl,val,16,10,8,4418,0.00520597555454957,0.024219103666817565,0.33886728012000894,0.005268252085267843,0.0002372102245824195,0.11249537619187898,16.0,16.0,59.18605703938434
