dataset,split,budget,coverage,stride,n,top1,top5,mean_confidence,mean_decode_time_s,mean_inference_time_s,mean_total_time_s,mean_processed_frames,mean_model_input_frames,mean_source_frames
autsl,val,16,10,16,4418,0.00520597555454957,0.02399275690357628,0.3392795807323193,0.005235902751631944,0.00023989779708148964,0.11195703147885872,16.0,16.0,59.18605703938434
