dataset,split,budget,coverage,stride,n,top1,top5,mean_confidence,mean_decode_time_s,mean_inference_time_s,mean_total_time_s,mean_processed_frames,mean_model_input_frames,mean_source_frames
autsl,val,16,100,16,4418,0.014712539610683566,0.06926210955183341,0.20212948025149854,0.012761144998910023,0.00024359061214280256,0.23663829306734793,16.0,16.0,59.18605703938434
