dataset,split,budget,coverage,stride,n,top1,top5,mean_confidence,mean_decode_time_s,mean_inference_time_s,mean_total_time_s,mean_processed_frames,mean_model_input_frames,mean_source_frames
autsl,val,16,100,8,4418,0.07695789950203712,0.21706654594839295,0.12469614725690648,0.017133542046934493,0.00023938589461650338,0.3086581020397815,16.0,16.0,59.18605703938434
