dataset,split,budget,coverage,stride,n,top1,top5,mean_confidence,mean_decode_time_s,mean_inference_time_s,mean_total_time_s,mean_processed_frames,mean_model_input_frames,mean_source_frames
autsl,val,16,10,1,4418,0.005885015844273427,0.027387958352195565,0.3015689569061235,0.007288757773150381,0.00029321907347657595,0.14937468513407087,16.0,16.0,59.18605703938434
