dataset,split,budget,coverage,stride,n,top1,top5,mean_confidence,mean_decode_time_s,mean_inference_time_s,mean_total_time_s,mean_processed_frames,mean_model_input_frames,mean_source_frames
autsl,val,16,25,16,4418,0.007243096423721141,0.03372566772295156,0.33714216233864797,0.005983210996123458,0.00024057599606693142,0.12534103084072276,16.0,16.0,59.18605703938434
