dataset,split,budget,coverage,stride,n,top1,top5,mean_confidence,mean_decode_time_s,mean_inference_time_s,mean_total_time_s,mean_processed_frames,mean_model_input_frames,mean_source_frames
autsl,val,16,25,2,4418,0.023087369850611137,0.0930285196921684,0.21328831145404123,0.010507498558141854,0.00023857846413644166,0.20256226286259402,16.0,16.0,59.18605703938434
