dataset,split,budget,coverage,stride,n,top1,top5,mean_confidence,mean_decode_time_s,mean_inference_time_s,mean_total_time_s,mean_processed_frames,mean_model_input_frames,mean_source_frames
autsl,val,16,25,8,4418,0.009506564056133997,0.039837030330466275,0.30043527617672816,0.007035388867908329,0.00023346468992826422,0.14262298953113592,16.0,16.0,59.18605703938434
