dataset,split,budget,coverage,stride,n,top1,top5,mean_confidence,mean_decode_time_s,mean_inference_time_s,mean_total_time_s,mean_processed_frames,mean_model_input_frames,mean_source_frames
autsl,val,16,50,16,4418,0.027161611588954276,0.10547759167043912,0.2952713572292434,0.008389826306696744,0.00024400810304659828,0.16787897202938007,16.0,16.0,59.18605703938434
