dataset,split,budget,coverage,stride,n,top1,top5,mean_confidence,mean_decode_time_s,mean_inference_time_s,mean_total_time_s,mean_processed_frames,mean_model_input_frames,mean_source_frames
ucf101,val,16,100,4,2020,0.8435643564356435,0.9613861386138614,0.7489610593323365,0.024489351207307438,0.005247409636671148,0.6849491629709195,16.0,16.0,181.19752475247526
