dataset,split,budget,coverage,stride,n,top1,top5,mean_confidence,mean_decode_time_s,mean_inference_time_s,mean_total_time_s,mean_processed_frames,mean_model_input_frames,mean_source_frames
ucf101,val,16,100,16,2020,0.7099009900990099,0.9103960396039604,0.6125714796290982,0.022041770362866912,0.005267408737304187,0.6394101316836607,16.0,16.0,181.19752475247526
