dataset,split,budget,coverage,stride,n,top1,top5,mean_confidence,mean_decode_time_s,mean_inference_time_s,mean_total_time_s,mean_processed_frames,mean_model_input_frames,mean_source_frames
ucf101,val,16,100,2,2020,0.8485148514851485,0.9589108910891089,0.7498734909672253,0.024968093003625843,0.005185431988891398,0.6948308897265786,16.0,16.0,181.19752475247526
