dataset,split,budget,coverage,stride,n,top1,top5,mean_confidence,mean_decode_time_s,mean_inference_time_s,mean_total_time_s,mean_processed_frames,mean_model_input_frames,mean_source_frames
ucf101,val,16,75,4,2020,0.8316831683168316,0.9618811881188118,0.7289407495206388,0.022149038852289284,0.0052148682109107915,0.6429294596157626,16.0,16.0,181.19752475247526
