dataset,split,video_id,video_path,label_id,budget,coverage,stride,pred_id,correct_top1,correct_top5,confidence,decode_time_s,inference_time_s,total_time_s,source_frames,candidate_frames,processed_frames,model_input_frames,skipped,error
diving48,val,Le6xdQ2OO8w_00124,data/Diving48_data/videos/Le6xdQ2OO8w_00124.mp4,0,8,75,1,7,False,True,0.7813198566436768,0.05028189904987812,0.003575730021111667,1.7844229871407151,106,8,8,8,False,
diving48,val,bl0C6d9QgIg_00021,data/Diving48_data/videos/bl0C6d9QgIg_00021.mp4,0,8,75,1,34,False,False,0.8412767648696899,0.03495772602036595,0.003575730021111667,1.7289345590397716,51,8,8,8,False,
diving48,val,mGRum47TLX0_00045,data/Diving48_data/videos/mGRum47TLX0_00045.mp4,0,8,75,1,0,True,True,0.8618497848510742,0.05613373871892691,0.003575730021111667,1.6922233724035323,211,8,8,8,False,
diving48,val,L_SB1PRgDTE_00029,data/Diving48_data/videos/L_SB1PRgDTE_00029.mp4,0,8,75,1,0,True,True,0.5653113722801208,0.04161341907456517,0.003575730021111667,1.630258813034743,87,8,8,8,False,
diving48,val,Le6xdQ2OO8w_00154,data/Diving48_data/videos/Le6xdQ2OO8w_00154.mp4,0,8,75,1,0,True,True,0.8964914083480835,0.05073218420147896,0.003575730021111667,1.5817354549653828,113,8,8,8,False,
diving48,val,Le6xdQ2OO8w_00127,data/Diving48_data/videos/Le6xdQ2OO8w_00127.mp4,0,8,75,1,1,False,True,0.9370320439338684,0.04079717490822077,0.003575730021111667,1.5260609118267894,161,8,8,8,False,
diving48,val,Le6xdQ2OO8w_00121,data/Diving48_data/videos/Le6xdQ2OO8w_00121.mp4,0,8,75,1,21,False,False,0.3299841582775116,0.035710375756025314,0.003575730021111667,1.4778193202801049,110,8,8,8,False,
diving48,val,Le6xdQ2OO8w_00119,data/Diving48_data/videos/Le6xdQ2OO8w_00119.mp4,0,8,75,1,31,False,True,0.44536641240119934,0.03269707225263119,0.003575730021111667,1.435242721810937,130,8,8,8,False,
diving48,val,bSsVWVfYU4w_00118,data/Diving48_data/videos/bSsVWVfYU4w_00118.mp4,0,8,75,1,1,False,True,0.5662971138954163,0.0343139972537756,0.003575730021111667,1.3955589230172336,151,8,8,8,False,
diving48,val,bl0C6d9QgIg_00022,data/Diving48_data/videos/bl0C6d9QgIg_00022.mp4,0,8,75,1,34,False,False,0.5846173763275146,0.032080624252557755,0.003575730021111667,1.3583574760705233,96,8,8,8,False,
diving48,val,bl0C6d9QgIg_00017,data/Diving48_data/videos/bl0C6d9QgIg_00017.mp4,0,8,75,1,3,False,False,0.2599092423915863,0.05401154700666666,0.003575730021111667,1.3238702788949013,250,8,8,8,False,
diving48,val,bl0C6d9QgIg_00023,data/Diving48_data/videos/bl0C6d9QgIg_00023.mp4,0,8,75,1,2,False,True,0.45134150981903076,0.049694646149873734,0.003575730021111667,1.2667735940776765,90,8,8,8,False,
diving48,val,bSsVWVfYU4w_00086,data/Diving48_data/videos/bSsVWVfYU4w_00086.mp4,0,8,75,1,36,False,True,0.6154090762138367,0.021394331008195877,0.003575730021111667,1.2117314049974084,53,8,8,8,False,
diving48,val,bSsVWVfYU4w_00169,data/Diving48_data/videos/bSsVWVfYU4w_00169.mp4,0,8,75,1,0,True,True,0.9819796085357666,0.04123231628909707,0.003575730021111667,1.1878907512873411,141,8,8,8,False,
diving48,val,MbzIpx8kAD0_00025,data/Diving48_data/videos/MbzIpx8kAD0_00025.mp4,0,8,75,1,0,True,True,0.7044928073883057,0.02971618575975299,0.003575730021111667,1.1447238260880113,96,8,8,8,False,
diving48,val,ovWCmIMMkRI_00055,data/Diving48_data/videos/ovWCmIMMkRI_00055.mp4,0,8,75,1,24,False,False,0.9514843821525574,0.03062221920117736,0.003575730021111667,1.1104341633617878,88,8,8,8,False,
diving48,val,Le6xdQ2OO8w_00139,data/Diving48_data/videos/Le6xdQ2OO8w_00139.mp4,0,8,75,1,3,False,True,0.4625026285648346,0.044997619930654764,0.003575730021111667,1.076823377981782,150,8,8,8,False,
diving48,val,Le6xdQ2OO8w_00160,data/Diving48_data/videos/Le6xdQ2OO8w_00160.mp4,0,8,75,1,7,False,False,0.8072980046272278,0.031197324860841036,0.003575730021111667,1.0268276566639543,105,8,8,8,False,
diving48,val,Le6xdQ2OO8w_00120,data/Diving48_data/videos/Le6xdQ2OO8w_00120.mp4,0,8,75,1,0,True,True,0.9810845851898193,0.03432806907221675,0.003575730021111667,0.9905032617971301,96,8,8,8,False,
diving48,val,zmacW6f2Tdk_00048,data/Diving48_data/videos/zmacW6f2Tdk_00048.mp4,0,8,75,1,0,True,True,0.534980833530426,0.024681890849024057,0.003575730021111667,0.9537222366780043,93,8,8,8,False,
diving48,val,cs8g1es4vfM_00034,data/Diving48_data/videos/cs8g1es4vfM_00034.mp4,1,8,75,1,1,True,True,0.8473578691482544,0.029665085952728987,0.003575730021111667,0.9237718437798321,64,8,8,8,False,
diving48,val,cs8g1es4vfM_00043,data/Diving48_data/videos/cs8g1es4vfM_00043.mp4,1,8,75,1,1,True,True,0.4650302529335022,0.02724973578006029,0.003575730021111667,0.8905923832207918,93,8,8,8,False,
diving48,val,CVAfPfVFulQ_00076,data/Diving48_data/videos/CVAfPfVFulQ_00076.mp4,1,8,75,1,0,False,False,0.9664579033851624,0.03226384241133928,0.003575730021111667,0.8604166782461107,92,8,8,8,False,
diving48,val,yHo2oERGo7A_00056,data/Diving48_data/videos/yHo2oERGo7A_00056.mp4,1,8,75,1,0,False,True,0.3849297761917114,0.0434471839107573,0.003575730021111667,0.8199716862291098,122,8,8,8,False,
diving48,val,ovWCmIMMkRI_00058,data/Diving48_data/videos/ovWCmIMMkRI_00058.mp4,1,8,75,1,7,False,True,0.4341685175895691,0.03794194618239999,0.003575730021111667,0.7724968483671546,105,8,8,8,False,
diving48,val,yHo2oERGo7A_00058,data/Diving48_data/videos/yHo2oERGo7A_00058.mp4,1,8,75,1,21,False,True,0.7373150587081909,0.03249914478510618,0.003575730021111667,0.7309364159591496,94,8,8,8,False,
diving48,val,cs8g1es4vfM_00056,data/Diving48_data/videos/cs8g1es4vfM_00056.mp4,1,8,75,1,21,False,True,0.8259782791137695,0.025535691063851118,0.003575730021111667,0.6943022962659597,102,8,8,8,False,
diving48,val,SbzcCzXjYSU_00049,data/Diving48_data/videos/SbzcCzXjYSU_00049.mp4,1,8,75,1,0,False,True,0.8387120962142944,0.029009348712861538,0.003575730021111667,0.6663030642084777,87,8,8,8,False,
diving48,val,cs8g1es4vfM_00010,data/Diving48_data/videos/cs8g1es4vfM_00010.mp4,1,8,75,1,1,True,True,0.6637084484100342,0.03490180103108287,0.003575730021111667,0.6341676390729845,77,8,8,8,False,
diving48,val,ovWCmIMMkRI_00034,data/Diving48_data/videos/ovWCmIMMkRI_00034.mp4,1,8,75,1,1,True,True,0.29873955249786377,0.027205299120396376,0.003575730021111667,0.5941013609990478,92,8,8,8,False,
diving48,val,yHo2oERGo7A_00057,data/Diving48_data/videos/yHo2oERGo7A_00057.mp4,1,8,75,1,5,False,True,0.5112717747688293,0.028515882790088654,0.003575730021111667,0.5626684040762484,102,8,8,8,False,
diving48,val,SbzcCzXjYSU_00056,data/Diving48_data/videos/SbzcCzXjYSU_00056.mp4,1,8,75,1,7,False,False,0.9825013279914856,0.05262745497748256,0.003575730021111667,0.5306468289345503,109,8,8,8,False,
diving48,val,jMEYIEYkpY0_00103,data/Diving48_data/videos/jMEYIEYkpY0_00103.mp4,1,8,75,1,1,True,True,0.662580668926239,0.051445298828184605,0.003810464622802101,1.8543479088693857,140,8,8,8,False,
diving48,val,ovWCmIMMkRI_00033,data/Diving48_data/videos/ovWCmIMMkRI_00033.mp4,1,8,75,1,0,False,True,0.9699320793151855,0.03970986884087324,0.003810464622802101,1.7989393579773605,72,8,8,8,False,
diving48,val,ovWCmIMMkRI_00057,data/Diving48_data/videos/ovWCmIMMkRI_00057.mp4,1,8,75,1,1,True,True,0.5491248965263367,0.03606149600818753,0.003810464622802101,1.7578353248536587,102,8,8,8,False,
diving48,val,MbzIpx8kAD0_00065,data/Diving48_data/videos/MbzIpx8kAD0_00065.mp4,1,8,75,1,17,False,True,0.7900059819221497,0.046114040073007345,0.003810464622802101,1.717922730371356,164,8,8,8,False,
diving48,val,cs8g1es4vfM_00033,data/Diving48_data/videos/cs8g1es4vfM_00033.mp4,1,8,75,1,1,True,True,0.8945329785346985,0.026142897084355354,0.003810464622802101,1.6678782980889082,99,8,8,8,False,
diving48,val,cs8g1es4vfM_00032,data/Diving48_data/videos/cs8g1es4vfM_00032.mp4,1,8,75,1,7,False,True,0.9787230491638184,0.038447379134595394,0.003810464622802101,1.638033865019679,155,8,8,8,False,
diving48,val,ovWCmIMMkRI_00056,data/Diving48_data/videos/ovWCmIMMkRI_00056.mp4,1,8,75,1,1,True,True,0.7826458811759949,0.049420957919210196,0.003810464622802101,1.5944944550283253,90,8,8,8,False,
diving48,val,yHo2oERGo7A_00088,data/Diving48_data/videos/yHo2oERGo7A_00088.mp4,1,8,75,1,36,False,True,0.9450598955154419,0.033074977807700634,0.003810464622802101,1.5408988832496107,114,8,8,8,False,
diving48,val,zmacW6f2Tdk_00058,data/Diving48_data/videos/zmacW6f2Tdk_00058.mp4,2,8,75,1,36,False,False,0.5463705062866211,0.033230823930352926,0.003810464622802101,1.5046167960390449,126,8,8,8,False,
diving48,val,rRw7peH60Yw_00032,data/Diving48_data/videos/rRw7peH60Yw_00032.mp4,2,8,75,1,19,False,False,0.7775365114212036,0.06193716684356332,0.003810464622802101,1.4684114488773048,128,8,8,8,False,
diving48,val,zmacW6f2Tdk_00057,data/Diving48_data/videos/zmacW6f2Tdk_00057.mp4,2,8,75,1,0,False,True,0.8808763027191162,0.046042500995099545,0.003810464622802101,1.3984665032476187,127,8,8,8,False,
diving48,val,Le6xdQ2OO8w_00215,data/Diving48_data/videos/Le6xdQ2OO8w_00215.mp4,3,8,75,1,7,False,True,0.9817214012145996,0.035968080163002014,0.003810464622802101,1.3481106692925096,70,8,8,8,False,
diving48,val,Le6xdQ2OO8w_00201,data/Diving48_data/videos/Le6xdQ2OO8w_00201.mp4,3,8,75,1,15,False,False,0.648481011390686,0.04068908793851733,0.003810464622802101,1.3083106060512364,133,8,8,8,False,
diving48,val,zmacW6f2Tdk_00039,data/Diving48_data/videos/zmacW6f2Tdk_00039.mp4,3,8,75,1,3,True,True,0.8259661197662354,0.0453980709426105,0.003810464622802101,1.2591222119517624,96,8,8,8,False,
diving48,val,Jud-06v5Ghw_00001,data/Diving48_data/videos/Jud-06v5Ghw_00001.mp4,3,8,75,1,8,False,True,0.9710779190063477,0.037924360018223524,0.003810464622802101,1.2089453600347042,115,8,8,8,False,
diving48,val,Le6xdQ2OO8w_00249,data/Diving48_data/videos/Le6xdQ2OO8w_00249.mp4,3,8,75,1,7,False,True,0.9368061423301697,0.04047295497730374,0.003810464622802101,1.1669744327664375,86,8,8,8,False,
diving48,val,Le6xdQ2OO8w_00256,data/Diving48_data/videos/Le6xdQ2OO8w_00256.mp4,3,8,75,1,7,False,True,0.9866893887519836,0.04101286130025983,0.003810464622802101,1.1223368220962584,60,8,8,8,False,
diving48,val,jMEYIEYkpY0_00031,data/Diving48_data/videos/jMEYIEYkpY0_00031.mp4,3,8,75,1,3,True,True,0.6418298482894897,0.03393024206161499,0.003810464622802101,1.0787451062351465,117,8,8,8,False,
diving48,val,Le6xdQ2OO8w_00202,data/Diving48_data/videos/Le6xdQ2OO8w_00202.mp4,3,8,75,1,0,False,True,0.30463582277297974,0.04388146987184882,0.003810464622802101,1.0413898942060769,105,8,8,8,False,
diving48,val,CVAfPfVFulQ_00079,data/Diving48_data/videos/CVAfPfVFulQ_00079.mp4,3,8,75,1,4,False,True,0.8739948868751526,0.020111413206905127,0.003810464622802101,0.9945581131614745,41,8,8,8,False,
diving48,val,CVAfPfVFulQ_00084,data/Diving48_data/videos/CVAfPfVFulQ_00084.mp4,3,8,75,1,0,False,False,0.9918251037597656,0.0322639150545001,0.003810464622802101,0.9722634423524141,71,8,8,8,False,
diving48,val,yHo2oERGo7A_00006,data/Diving48_data/videos/yHo2oERGo7A_00006.mp4,3,8,75,1,7,False,True,0.952025830745697,0.023059122264385223,0.003810464622802101,0.9377211919054389,61,8,8,8,False,
diving48,val,SbzcCzXjYSU_00020,data/Diving48_data/videos/SbzcCzXjYSU_00020.mp4,3,8,75,1,7,False,True,0.5938811302185059,0.02272192481905222,0.003810464622802101,0.9091307171620429,62,8,8,8,False,
diving48,val,jMEYIEYkpY0_00030,data/Diving48_data/videos/jMEYIEYkpY0_00030.mp4,3,8,75,1,16,False,True,0.5267536640167236,0.032987338956445456,0.003810464622802101,0.8814044040627778,113,8,8,8,False,
diving48,val,Le6xdQ2OO8w_00172,data/Diving48_data/videos/Le6xdQ2OO8w_00172.mp4,3,8,75,1,3,True,True,0.7973533272743225,0.03455398418009281,0.003810464622802101,0.8451365842483938,105,8,8,8,False,
diving48,val,Le6xdQ2OO8w_00228,data/Diving48_data/videos/Le6xdQ2OO8w_00228.mp4,3,8,75,1,7,False,True,0.8321211934089661,0.038555915001779795,0.003810464622802101,0.806112005840987,76,8,8,8,False,
diving48,val,roFeEJPgJD8_00038,data/Diving48_data/videos/roFeEJPgJD8_00038.mp4,3,8,75,1,7,False,True,0.4063282907009125,0.041597594041377306,0.003810464622802101,0.7632236150093377,79,8,8,8,False,
diving48,val,jMEYIEYkpY0_00029,data/Diving48_data/videos/jMEYIEYkpY0_00029.mp4,3,8,75,1,8,False,True,0.5009395480155945,0.05214635422453284,0.003810464622802101,0.7181679583154619,189,8,8,8,False,
diving48,val,Le6xdQ2OO8w_00226,data/Diving48_data/videos/Le6xdQ2OO8w_00226.mp4,3,8,75,1,46,False,False,0.7141603827476501,0.05605148896574974,0.003810464622802101,0.6616976992227137,98,8,8,8,False,
diving48,val,zmacW6f2Tdk_00040,data/Diving48_data/videos/zmacW6f2Tdk_00040.mp4,3,8,75,1,15,False,True,0.9765125513076782,0.031169311609119177,0.003810464622802101,0.6012787288054824,131,8,8,8,False,
diving48,val,Le6xdQ2OO8w_00229,data/Diving48_data/videos/Le6xdQ2OO8w_00229.mp4,3,8,75,1,7,False,True,0.6453197002410889,0.053503361996263266,0.003810464622802101,0.5655718869529665,109,8,8,8,False,
diving48,val,CVAfPfVFulQ_00080,data/Diving48_data/videos/CVAfPfVFulQ_00080.mp4,4,8,75,1,4,True,True,0.6572173833847046,0.024579358287155628,0.003810464622802101,0.5077638360671699,65,8,8,8,False,
diving48,val,Le6xdQ2OO8w_00234,data/Diving48_data/videos/Le6xdQ2OO8w_00234.mp4,4,8,75,1,15,False,False,0.9160498380661011,0.066513289231807,0.0036155161942588165,1.830426666419953,203,8,8,8,False,
diving48,val,Le6xdQ2OO8w_00194,data/Diving48_data/videos/Le6xdQ2OO8w_00194.mp4,4,8,75,1,19,False,True,0.7035413980484009,0.05829284619539976,0.0036155161942588165,1.7539113410748541,122,8,8,8,False,
diving48,val,CVAfPfVFulQ_00063,data/Diving48_data/videos/CVAfPfVFulQ_00063.mp4,4,8,75,1,44,False,True,0.9917383790016174,0.03289401717483997,0.0036155161942588165,1.6893531456589699,124,8,8,8,False,
diving48,val,bSsVWVfYU4w_00126,data/Diving48_data/videos/bSsVWVfYU4w_00126.mp4,4,8,75,1,31,False,False,0.6919311285018921,0.03365528304129839,0.0036155161942588165,1.6530091729946434,152,8,8,8,False,
diving48,val,MbzIpx8kAD0_00057,data/Diving48_data/videos/MbzIpx8kAD0_00057.mp4,4,8,75,1,33,False,False,0.41257643699645996,0.041425126139074564,0.0036155161942588165,1.6159061170183122,137,8,8,8,False,
diving48,val,Le6xdQ2OO8w_00235,data/Diving48_data/videos/Le6xdQ2OO8w_00235.mp4,4,8,75,1,7,False,True,0.9875268340110779,0.052971852011978626,0.0036155161942588165,1.5712538841180503,183,8,8,8,False,
diving48,val,Le6xdQ2OO8w_00248,data/Diving48_data/videos/Le6xdQ2OO8w_00248.mp4,4,8,75,1,7,False,True,0.873973548412323,0.052032636012881994,0.0036155161942588165,1.513359968084842,101,8,8,8,False,
diving48,val,Le6xdQ2OO8w_00214,data/Diving48_data/videos/Le6xdQ2OO8w_00214.mp4,4,8,75,1,7,False,False,0.9979602098464966,0.030763990711420774,0.0036155161942588165,1.4558878387324512,75,8,8,8,False,
diving48,val,Le6xdQ2OO8w_00179,data/Diving48_data/videos/Le6xdQ2OO8w_00179.mp4,4,8,75,1,7,False,True,0.9688684940338135,0.03137685591354966,0.0036155161942588165,1.4189153099432588,65,8,8,8,False,
diving48,val,L2tKML4URG8_00012,data/Diving48_data/videos/L2tKML4URG8_00012.mp4,4,8,75,1,7,False,True,0.9524902105331421,0.02766799321398139,0.0036155161942588165,1.3849658160470426,53,8,8,8,False,
diving48,val,MbzIpx8kAD0_00059,data/Diving48_data/videos/MbzIpx8kAD0_00059.mp4,4,8,75,1,4,True,True,0.6929695010185242,0.03876188397407532,0.0036155161942588165,1.3546433420851827,71,8,8,8,False,
diving48,val,L2tKML4URG8_00013,data/Diving48_data/videos/L2tKML4URG8_00013.mp4,4,8,75,1,16,False,True,0.7411487102508545,0.028624098747968674,0.0036155161942588165,1.3132391460239887,101,8,8,8,False,
diving48,val,Le6xdQ2OO8w_00180,data/Diving48_data/videos/Le6xdQ2OO8w_00180.mp4,4,8,75,1,7,False,True,0.7845906615257263,0.031598132103681564,0.0036155161942588165,1.279317966196686,73,8,8,8,False,
diving48,val,bSsVWVfYU4w_00127,data/Diving48_data/videos/bSsVWVfYU4w_00127.mp4,4,8,75,1,7,False,True,0.5789533853530884,0.02848364505916834,0.0036155161942588165,1.2450292920693755,106,8,8,8,False,
diving48,val,Le6xdQ2OO8w_00193,data/Diving48_data/videos/Le6xdQ2OO8w_00193.mp4,4,8,75,1,4,True,True,0.5164557099342346,0.05515772895887494,0.0036155161942588165,1.2148351040668786,105,8,8,8,False,
diving48,val,bSsVWVfYU4w_00162,data/Diving48_data/videos/bSsVWVfYU4w_00162.mp4,4,8,75,1,32,False,True,0.42886605858802795,0.036546540912240744,0.0036155161942588165,1.1556771211326122,187,8,8,8,False,
diving48,val,bSsVWVfYU4w_00163,data/Diving48_data/videos/bSsVWVfYU4w_00163.mp4,4,8,75,1,4,True,True,0.46306848526000977,0.03649531025439501,0.0036155161942588165,1.1164238299243152,135,8,8,8,False,
diving48,val,Le6xdQ2OO8w_00253,data/Diving48_data/videos/Le6xdQ2OO8w_00253.mp4,4,8,75,1,8,False,True,0.781312882900238,0.03524925885722041,0.0036155161942588165,1.0775348357856274,57,8,8,8,False,
diving48,val,mGRum47TLX0_00047,data/Diving48_data/videos/mGRum47TLX0_00047.mp4,4,8,75,1,32,False,True,0.4335366487503052,0.02522691898047924,0.0036155161942588165,1.0397528922185302,74,8,8,8,False,
diving48,val,roFeEJPgJD8_00016,data/Diving48_data/videos/roFeEJPgJD8_00016.mp4,5,8,75,1,2,False,False,0.2968534827232361,0.04005297087132931,0.0036155161942588165,1.0080011626705527,128,8,8,8,False,
diving48,val,zBXtMcI41z8_00026,data/Diving48_data/videos/zBXtMcI41z8_00026.mp4,5,8,75,1,5,True,True,0.6694095730781555,0.02617376623675227,0.0036155161942588165,0.9638338591903448,59,8,8,8,False,
diving48,val,sFO6XlfgxNQ_00119,data/Diving48_data/videos/sFO6XlfgxNQ_00119.mp4,5,8,75,1,5,True,True,0.9674007892608643,0.027498234063386917,0.0036155161942588165,0.9357910421676934,87,8,8,8,False,
diving48,val,sFO6XlfgxNQ_00103,data/Diving48_data/videos/sFO6XlfgxNQ_00103.mp4,5,8,75,1,5,True,True,0.9973617196083069,0.03215760411694646,0.0036155161942588165,0.9040361237712204,79,8,8,8,False,
diving48,val,zBXtMcI41z8_00073,data/Diving48_data/videos/zBXtMcI41z8_00073.mp4,5,8,75,1,7,False,True,0.5973731875419617,0.0374990738928318,0.0036155161942588165,0.8696104111149907,103,8,8,8,False,
diving48,val,sFO6XlfgxNQ_00061,data/Diving48_data/videos/sFO6XlfgxNQ_00061.mp4,5,8,75,1,33,False,True,0.46800628304481506,0.035597095265984535,0.0036155161942588165,0.8287672437727451,183,8,8,8,False,
diving48,val,sFO6XlfgxNQ_00109,data/Diving48_data/videos/sFO6XlfgxNQ_00109.mp4,5,8,75,1,5,True,True,0.9876272678375244,0.03444987814873457,0.0036155161942588165,0.7879611728712916,60,8,8,8,False,
diving48,val,sFO6XlfgxNQ_00117,data/Diving48_data/videos/sFO6XlfgxNQ_00117.mp4,5,8,75,1,6,False,False,0.939990222454071,0.051918305922299623,0.0036155161942588165,0.7510101310908794,120,8,8,8,False,
diving48,val,zBXtMcI41z8_00074,data/Diving48_data/videos/zBXtMcI41z8_00074.mp4,5,8,75,1,2,False,False,0.21392622590065002,0.035612680949270725,0.0036155161942588165,0.6957369069568813,81,8,8,8,False,
diving48,val,sFO6XlfgxNQ_00116,data/Diving48_data/videos/sFO6XlfgxNQ_00116.mp4,5,8,75,1,5,True,True,0.9970989227294922,0.051803240086883307,0.0036155161942588165,0.657486577052623,206,8,8,8,False,
diving48,val,sFO6XlfgxNQ_00120,data/Diving48_data/videos/sFO6XlfgxNQ_00120.mp4,5,8,75,1,6,False,True,0.3848007917404175,0.04393050679937005,0.0036155161942588165,0.6025473307818174,116,8,8,8,False,
diving48,val,zBXtMcI41z8_00110,data/Diving48_data/videos/zBXtMcI41z8_00110.mp4,5,8,75,1,26,False,True,0.5762108564376831,0.028798907063901424,0.0036155161942588165,0.5547850439324975,72,8,8,8,False,
diving48,val,sFO6XlfgxNQ_00056,data/Diving48_data/videos/sFO6XlfgxNQ_00056.mp4,5,8,75,1,35,False,True,0.7201553583145142,0.04637991636991501,0.0036155161942588165,0.5237391130067408,159,8,8,8,False,
diving48,val,jMEYIEYkpY0_00092,data/Diving48_data/videos/jMEYIEYkpY0_00092.mp4,5,8,75,1,21,False,True,0.43078336119651794,0.047487563919276,0.003582814591936767,1.7138414927758276,131,8,8,8,False,
diving48,val,zBXtMcI41z8_00028,data/Diving48_data/videos/zBXtMcI41z8_00028.mp4,5,8,75,1,26,False,True,0.9945579767227173,0.02177736582234502,0.003582814591936767,1.6611037887632847,59,8,8,8,False,
diving48,val,jMEYIEYkpY0_00090,data/Diving48_data/videos/jMEYIEYkpY0_00090.mp4,5,8,75,1,9,False,False,0.10800398141145706,0.04312181239947677,0.003582814591936767,1.636562644969672,96,8,8,8,False,
diving48,val,sFO6XlfgxNQ_00104,data/Diving48_data/videos/sFO6XlfgxNQ_00104.mp4,5,8,75,1,5,True,True,0.985014021396637,0.051736578810960054,0.003582814591936767,1.5888056592084467,186,8,8,8,False,
diving48,val,sFO6XlfgxNQ_00111,data/Diving48_data/videos/sFO6XlfgxNQ_00111.mp4,5,8,75,1,36,False,False,0.6461730599403381,0.05204064305871725,0.003582814591936767,1.5338819678872824,197,8,8,8,False,
diving48,val,zBXtMcI41z8_00109,data/Diving48_data/videos/zBXtMcI41z8_00109.mp4,5,8,75,1,22,False,True,0.5399205088615417,0.030611854046583176,0.003582814591936767,1.4795274850912392,95,8,8,8,False,
diving48,val,zBXtMcI41z8_00027,data/Diving48_data/videos/zBXtMcI41z8_00027.mp4,5,8,75,1,40,False,True,0.7288774251937866,0.02781614987179637,0.003582814591936767,1.4458139487542212,73,8,8,8,False,
diving48,val,zBXtMcI41z8_00072,data/Diving48_data/videos/zBXtMcI41z8_00072.mp4,6,8,75,1,5,False,True,0.9426159262657166,0.03276125201955438,0.003582814591936767,1.4153978382237256,105,8,8,8,False,
diving48,val,zBXtMcI41z8_00067,data/Diving48_data/videos/zBXtMcI41z8_00067.mp4,6,8,75,1,5,False,True,0.9969472289085388,0.03129307320341468,0.003582814591936767,1.3793684500269592,59,8,8,8,False,
diving48,val,qD3IMtAanSg_00067,data/Diving48_data/videos/qD3IMtAanSg_00067.mp4,6,8,75,1,5,False,True,0.6390618085861206,0.02385738119482994,0.003582814591936767,1.3461784957908094,57,8,8,8,False,
diving48,val,qD3IMtAanSg_00069,data/Diving48_data/videos/qD3IMtAanSg_00069.mp4,6,8,75,1,5,False,True,0.6148395538330078,0.030287834350019693,0.003582814591936767,1.3199633997865021,102,8,8,8,False,
diving48,val,qD3IMtAanSg_00130,data/Diving48_data/videos/qD3IMtAanSg_00130.mp4,6,8,75,1,6,True,True,0.6562861800193787,0.02296704286709428,0.003582814591936767,1.2861821949481964,70,8,8,8,False,
diving48,val,qD3IMtAanSg_00021,data/Diving48_data/videos/qD3IMtAanSg_00021.mp4,6,8,75,1,6,True,True,0.7540966868400574,0.02573703695088625,0.003582814591936767,1.2612955658696592,68,8,8,8,False,
diving48,val,qD3IMtAanSg_00060,data/Diving48_data/videos/qD3IMtAanSg_00060.mp4,6,8,75,1,5,False,True,0.7801636457443237,0.047918482683598995,0.003582814591936767,1.2339941309764981,220,8,8,8,False,
diving48,val,qD3IMtAanSg_00092,data/Diving48_data/videos/qD3IMtAanSg_00092.mp4,6,8,75,1,40,False,True,0.7427322864532471,0.037303187884390354,0.003582814591936767,1.18321262486279,154,8,8,8,False,
diving48,val,qD3IMtAanSg_00061,data/Diving48_data/videos/qD3IMtAanSg_00061.mp4,6,8,75,1,12,False,False,0.4002567529678345,0.03825958399102092,0.003582814591936767,1.1440765378065407,127,8,8,8,False,
diving48,val,zBXtMcI41z8_00071,data/Diving48_data/videos/zBXtMcI41z8_00071.mp4,6,8,75,1,2,False,False,0.2647709846496582,0.0340305557474494,0.003582814591936767,1.102827772963792,99,8,8,8,False,
diving48,val,zBXtMcI41z8_00070,data/Diving48_data/videos/zBXtMcI41z8_00070.mp4,6,8,75,1,35,False,False,0.2595136761665344,0.037071952130645514,0.003582814591936767,1.066016314085573,122,8,8,8,False,
diving48,val,zBXtMcI41z8_00068,data/Diving48_data/videos/zBXtMcI41z8_00068.mp4,6,8,75,1,22,False,False,0.4087841212749481,0.03405016893520951,0.003582814591936767,1.0259431460872293,90,8,8,8,False,
diving48,val,qD3IMtAanSg_00074,data/Diving48_data/videos/qD3IMtAanSg_00074.mp4,6,8,75,1,6,True,True,0.7728920578956604,0.0539452969096601,0.003582814591936767,0.9900251468643546,245,8,8,8,False,
diving48,val,qD3IMtAanSg_00023,data/Diving48_data/videos/qD3IMtAanSg_00023.mp4,6,8,75,1,5,False,True,0.8635267615318298,0.02487965114414692,0.003582814591936767,0.932460998184979,85,8,8,8,False,
diving48,val,zBXtMcI41z8_00069,data/Diving48_data/videos/zBXtMcI41z8_00069.mp4,6,8,75,1,22,False,False,0.5228487253189087,0.03248820221051574,0.003582814591936767,0.9044810617342591,100,8,8,8,False,
diving48,val,qD3IMtAanSg_00059,data/Diving48_data/videos/qD3IMtAanSg_00059.mp4,6,8,75,1,5,False,True,0.9961842894554138,0.041238068137317896,0.003582814591936767,0.8699428532272577,152,8,8,8,False,
diving48,val,qD3IMtAanSg_00073,data/Diving48_data/videos/qD3IMtAanSg_00073.mp4,6,8,75,1,6,True,True,0.9664170145988464,0.032867565751075745,0.003582814591936767,0.8256087573245168,101,8,8,8,False,
diving48,val,qD3IMtAanSg_00068,data/Diving48_data/videos/qD3IMtAanSg_00068.mp4,6,8,75,1,9,False,False,0.5625755190849304,0.04630757914856076,0.003582814591936767,0.7896347879432142,181,8,8,8,False,
diving48,val,qD3IMtAanSg_00091,data/Diving48_data/videos/qD3IMtAanSg_00091.mp4,6,8,75,1,5,False,True,0.9905847907066345,0.03485035337507725,0.003582814591936767,0.7406156193464994,108,8,8,8,False,
diving48,val,qD3IMtAanSg_00075,data/Diving48_data/videos/qD3IMtAanSg_00075.mp4,6,8,75,1,7,False,False,0.7594078779220581,0.046255581080913544,0.003582814591936767,0.7041033040732145,191,8,8,8,False,
diving48,val,zmacW6f2Tdk_00027,data/Diving48_data/videos/zmacW6f2Tdk_00027.mp4,7,8,75,1,4,False,False,0.29629912972450256,0.027769179083406925,0.003582814591936767,0.65359823172912,97,8,8,8,False,
diving48,val,qD3IMtAanSg_00029,data/Diving48_data/videos/qD3IMtAanSg_00029.mp4,7,8,75,1,26,False,True,0.6132569909095764,0.03368725161999464,0.003582814591936767,0.6217533648014069,71,8,8,8,False,
diving48,val,k71Cc-Sm-Mg_00169,data/Diving48_data/videos/k71Cc-Sm-Mg_00169.mp4,7,8,75,1,43,False,True,0.6024458408355713,0.04463188396766782,0.003582814591936767,0.5856893290765584,122,8,8,8,False,
diving48,val,TMJ1XIZBRW4_00036,data/Diving48_data/videos/TMJ1XIZBRW4_00036.mp4,7,8,75,1,39,False,False,0.38245338201522827,0.023342988453805447,0.003582814591936767,0.5371282901614904,53,8,8,8,False,
diving48,val,k71Cc-Sm-Mg_00170,data/Diving48_data/videos/k71Cc-Sm-Mg_00170.mp4,7,8,75,1,26,False,False,0.9920265078544617,0.037120348773896694,0.003582814591936767,0.5111884009093046,122,8,8,8,False,
diving48,val,zmacW6f2Tdk_00009,data/Diving48_data/videos/zmacW6f2Tdk_00009.mp4,7,8,75,1,7,True,True,0.9049668908119202,0.0509496689774096,0.0036786495620617643,1.8615487120114267,113,8,8,8,False,
diving48,val,XfCaMLlyj9I_00113,data/Diving48_data/videos/XfCaMLlyj9I_00113.mp4,7,8,75,1,7,True,True,0.9892994165420532,0.034375468734651804,0.0036786495620617643,1.8021890097297728,77,8,8,8,False,
diving48,val,rRw7peH60Yw_00018,data/Diving48_data/videos/rRw7peH60Yw_00018.mp4,7,8,75,1,7,True,True,0.9723348617553711,0.04079340398311615,0.0036786495620617643,1.765459575690329,77,8,8,8,False,
diving48,val,sFO6XlfgxNQ_00087,data/Diving48_data/videos/sFO6XlfgxNQ_00087.mp4,7,8,75,1,0,False,True,0.49042433500289917,0.05120581714436412,0.0036786495620617643,1.7222746736370027,180,8,8,8,False,
diving48,val,k71Cc-Sm-Mg_00041,data/Diving48_data/videos/k71Cc-Sm-Mg_00041.mp4,7,8,75,1,7,True,True,0.9978602528572083,0.05062278686091304,0.0036786495620617643,1.6669997852295637,161,8,8,8,False,
diving48,val,rRw7peH60Yw_00006,data/Diving48_data/videos/rRw7peH60Yw_00006.mp4,7,8,75,1,7,True,True,0.9919307827949524,0.04512934386730194,0.0036786495620617643,1.614145616069436,140,8,8,8,False,
diving48,val,zmacW6f2Tdk_00015,data/Diving48_data/videos/zmacW6f2Tdk_00015.mp4,7,8,75,1,8,False,True,0.48484501242637634,0.040245932061225176,0.0036786495620617643,1.564630029257387,115,8,8,8,False,
diving48,val,zmacW6f2Tdk_00017,data/Diving48_data/videos/zmacW6f2Tdk_00017.mp4,7,8,75,1,7,True,True,0.6707446575164795,0.03805535985156894,0.0036786495620617643,1.5212327223271132,116,8,8,8,False,
diving48,val,SbzcCzXjYSU_00008,data/Diving48_data/videos/SbzcCzXjYSU_00008.mp4,7,8,75,1,7,True,True,0.5186495184898376,0.05833644885569811,0.0036786495620617643,1.4794603059999645,248,8,8,8,False,
diving48,val,SbzcCzXjYSU_00034,data/Diving48_data/videos/SbzcCzXjYSU_00034.mp4,7,8,75,1,7,True,True,0.946216881275177,0.04446920659393072,0.0036786495620617643,1.4174818294122815,175,8,8,8,False,
diving48,val,jMEYIEYkpY0_00028,data/Diving48_data/videos/jMEYIEYkpY0_00028.mp4,7,8,75,1,7,True,True,0.9285589456558228,0.04412465402856469,0.0036786495620617643,1.3704483998008072,162,8,8,8,False,
diving48,val,SbzcCzXjYSU_00054,data/Diving48_data/videos/SbzcCzXjYSU_00054.mp4,7,8,75,1,8,False,False,0.7219746112823486,0.03624003613367677,0.0036786495620617643,1.3216713746078312,141,8,8,8,False,
diving48,val,qD3IMtAanSg_00103,data/Diving48_data/videos/qD3IMtAanSg_00103.mp4,7,8,75,1,14,False,False,0.3605724573135376,0.02648785710334778,0.0036786495620617643,1.2830425892025232,64,8,8,8,False,
diving48,val,zmacW6f2Tdk_00028,data/Diving48_data/videos/zmacW6f2Tdk_00028.mp4,7,8,75,1,7,True,True,0.8229254484176636,0.04504113085567951,0.0036786495620617643,1.2541859708726406,85,8,8,8,False,
diving48,val,zmacW6f2Tdk_00051,data/Diving48_data/videos/zmacW6f2Tdk_00051.mp4,7,8,75,1,7,True,True,0.9980315566062927,0.03902269387617707,0.0036786495620617643,1.2066937061026692,127,8,8,8,False,
diving48,val,yHo2oERGo7A_00066,data/Diving48_data/videos/yHo2oERGo7A_00066.mp4,8,8,75,1,24,False,False,0.5008256435394287,0.02987433085218072,0.0036786495620617643,1.1617770958691835,131,8,8,8,False,
diving48,val,yHo2oERGo7A_00046,data/Diving48_data/videos/yHo2oERGo7A_00046.mp4,8,8,75,1,7,False,True,0.9420575499534607,0.02904003392904997,0.0036786495620617643,1.1287772757932544,87,8,8,8,False,
diving48,val,zmacW6f2Tdk_00018,data/Diving48_data/videos/zmacW6f2Tdk_00018.mp4,8,8,75,1,8,True,True,0.9913866519927979,0.030964985955506563,0.0036786495620617643,1.0924999369308352,77,8,8,8,False,
diving48,val,Le6xdQ2OO8w_00183,data/Diving48_data/videos/Le6xdQ2OO8w_00183.mp4,8,8,75,1,8,True,True,0.9609989523887634,0.02984563121572137,0.0036786495620617643,1.0592969609424472,78,8,8,8,False,
diving48,val,zmacW6f2Tdk_00019,data/Diving48_data/videos/zmacW6f2Tdk_00019.mp4,8,8,75,1,8,True,True,0.9948470592498779,0.035524251870810986,0.0036786495620617643,1.0231372457928956,62,8,8,8,False,
diving48,val,yHo2oERGo7A_00061,data/Diving48_data/videos/yHo2oERGo7A_00061.mp4,8,8,75,1,8,True,True,0.9353080987930298,0.03935837605968118,0.0036786495620617643,0.9857497997581959,106,8,8,8,False,
diving48,val,jMEYIEYkpY0_00035,data/Diving48_data/videos/jMEYIEYkpY0_00035.mp4,8,8,75,1,4,False,True,0.40590035915374756,0.04089200682938099,0.0036786495620617643,0.9433845700696111,96,8,8,8,False,
diving48,val,Le6xdQ2OO8w_00232,data/Diving48_data/videos/Le6xdQ2OO8w_00232.mp4,8,8,75,1,44,False,True,0.5278924703598022,0.029133837670087814,0.0036786495620617643,0.8992535113357008,45,8,8,8,False,
diving48,val,roFeEJPgJD8_00036,data/Diving48_data/videos/roFeEJPgJD8_00036.mp4,8,8,75,1,8,True,True,0.991953432559967,0.030891256872564554,0.0036786495620617643,0.868137348908931,74,8,8,8,False,
diving48,val,mGRum47TLX0_00057,data/Diving48_data/videos/mGRum47TLX0_00057.mp4,8,8,75,1,36,False,False,0.9535592198371887,0.05141342990100384,0.0036786495620617643,0.8353165257722139,179,8,8,8,False,
diving48,val,jMEYIEYkpY0_00094,data/Diving48_data/videos/jMEYIEYkpY0_00094.mp4,8,8,75,1,8,True,True,0.9971755743026733,0.029468770138919353,0.0036786495620617643,0.7778438692912459,98,8,8,8,False,
diving48,val,SbzcCzXjYSU_00021,data/Diving48_data/videos/SbzcCzXjYSU_00021.mp4,8,8,75,1,8,True,True,0.9961296319961548,0.040880687069147825,0.0036786495620617643,0.7448117430321872,73,8,8,8,False,
diving48,val,cs8g1es4vfM_00020,data/Diving48_data/videos/cs8g1es4vfM_00020.mp4,8,8,75,1,0,False,False,0.9141079783439636,0.048085959162563086,0.0036786495620617643,0.7022098219022155,157,8,8,8,False,
diving48,val,CVAfPfVFulQ_00060,data/Diving48_data/videos/CVAfPfVFulQ_00060.mp4,8,8,75,1,8,True,True,0.38314157724380493,0.027590850368142128,0.0036786495620617643,0.6499259723350406,79,8,8,8,False,
diving48,val,yHo2oERGo7A_00044,data/Diving48_data/videos/yHo2oERGo7A_00044.mp4,8,8,75,1,7,False,False,0.9958477020263672,0.05288374098017812,0.0036786495620617643,0.6174376299604774,163,8,8,8,False,
diving48,val,jMEYIEYkpY0_00095,data/Diving48_data/videos/jMEYIEYkpY0_00095.mp4,8,8,75,1,8,True,True,0.5858748555183411,0.02793740015476942,0.0036786495620617643,0.5608669216744602,86,8,8,8,False,
diving48,val,yHo2oERGo7A_00059,data/Diving48_data/videos/yHo2oERGo7A_00059.mp4,8,8,75,1,8,True,True,0.7883842587471008,0.04815380601212382,0.0036786495620617643,0.5292469467967749,128,8,8,8,False,
diving48,val,Le6xdQ2OO8w_00224,data/Diving48_data/videos/Le6xdQ2OO8w_00224.mp4,8,8,75,1,33,False,True,0.6296661496162415,0.04885886609554291,0.0038293465331662446,1.7255558730103076,123,8,8,8,False,
diving48,val,bSsVWVfYU4w_00170,data/Diving48_data/videos/bSsVWVfYU4w_00170.mp4,8,8,75,1,8,True,True,0.5080275535583496,0.030438275076448917,0.0038293465331662446,1.6676493762061,85,8,8,8,False,
diving48,val,yHo2oERGo7A_00054,data/Diving48_data/videos/yHo2oERGo7A_00054.mp4,8,8,75,1,32,False,False,0.41144171357154846,0.034580289386212826,0.0038293465331662446,1.6337547563016415,94,8,8,8,False,
diving48,val,roFeEJPgJD8_00032,data/Diving48_data/videos/roFeEJPgJD8_00032.mp4,9,8,75,1,17,False,True,0.6692959666252136,0.021842067129909992,0.0038293465331662446,1.5956230671145022,58,8,8,8,False,
diving48,val,roFeEJPgJD8_00029,data/Diving48_data/videos/roFeEJPgJD8_00029.mp4,9,8,75,1,2,False,False,0.1986970454454422,0.04971330473199487,0.0038293465331662446,1.572113003116101,224,8,8,8,False,
diving48,val,qD3IMtAanSg_00018,data/Diving48_data/videos/qD3IMtAanSg_00018.mp4,10,8,75,1,9,False,True,0.4821056127548218,0.02760392613708973,0.0038293465331662446,1.5186059968546033,90,8,8,8,False,
diving48,val,qD3IMtAanSg_00082,data/Diving48_data/videos/qD3IMtAanSg_00082.mp4,10,8,75,1,9,False,True,0.2831517457962036,0.024453649297356606,0.0038293465331662446,1.487668169196695,61,8,8,8,False,
diving48,val,qD3IMtAanSg_00007,data/Diving48_data/videos/qD3IMtAanSg_00007.mp4,10,8,75,1,10,True,True,0.9041574001312256,0.03614020487293601,0.0038293465331662446,1.4611596949398518,131,8,8,8,False,
diving48,val,qD3IMtAanSg_00084,data/Diving48_data/videos/qD3IMtAanSg_00084.mp4,10,8,75,1,10,True,True,0.8221457004547119,0.022977386135607958,0.0038293465331662446,1.4220229987986386,63,8,8,8,False,
diving48,val,qD3IMtAanSg_00100,data/Diving48_data/videos/qD3IMtAanSg_00100.mp4,10,8,75,1,9,False,True,0.7183171510696411,0.03367787413299084,0.0038293465331662446,1.3972990936599672,114,8,8,8,False,
diving48,val,qD3IMtAanSg_00005,data/Diving48_data/videos/qD3IMtAanSg_00005.mp4,10,8,75,1,10,True,True,0.7509207725524902,0.03282065223902464,0.0038293465331662446,1.3595347017981112,152,8,8,8,False,
diving48,val,qD3IMtAanSg_00123,data/Diving48_data/videos/qD3IMtAanSg_00123.mp4,10,8,75,1,9,False,False,0.7824934720993042,0.029644005931913853,0.0038293465331662446,1.32331528281793,108,8,8,8,False,
diving48,val,qD3IMtAanSg_00125,data/Diving48_data/videos/qD3IMtAanSg_00125.mp4,10,8,75,1,9,False,True,0.969347357749939,0.036639440804719925,0.0038293465331662446,1.291464396752417,107,8,8,8,False,
diving48,val,qD3IMtAanSg_00098,data/Diving48_data/videos/qD3IMtAanSg_00098.mp4,10,8,75,1,14,False,True,0.398825466632843,0.03661772422492504,0.0038293465331662446,1.2515469728969038,204,8,8,8,False,
diving48,val,qD3IMtAanSg_00124,data/Diving48_data/videos/qD3IMtAanSg_00124.mp4,10,8,75,1,9,False,True,0.9275625944137573,0.04246385069563985,0.0038293465331662446,1.2115023229271173,181,8,8,8,False,
diving48,val,qD3IMtAanSg_00083,data/Diving48_data/videos/qD3IMtAanSg_00083.mp4,10,8,75,1,10,True,True,0.4356521666049957,0.03143175598233938,0.0038293465331662446,1.1655076113529503,139,8,8,8,False,
diving48,val,qD3IMtAanSg_00017,data/Diving48_data/videos/qD3IMtAanSg_00017.mp4,10,8,75,1,9,False,True,0.6834508180618286,0.03861753782257438,0.0038293465331662446,1.131319613661617,166,8,8,8,False,
diving48,val,qD3IMtAanSg_00099,data/Diving48_data/videos/qD3IMtAanSg_00099.mp4,10,8,75,1,10,True,True,0.4276941418647766,0.03625867795199156,0.0038293465331662446,1.0880990670993924,146,8,8,8,False,
diving48,val,qD3IMtAanSg_00016,data/Diving48_data/videos/qD3IMtAanSg_00016.mp4,10,8,75,1,9,False,True,0.9792146682739258,0.027794247027486563,0.0038293465331662446,1.0492119411937892,100,8,8,8,False,
diving48,val,qD3IMtAanSg_00006,data/Diving48_data/videos/qD3IMtAanSg_00006.mp4,10,8,75,1,10,True,True,0.41612598299980164,0.040097345132380724,0.0038293465331662446,1.0182063579559326,156,8,8,8,False,
diving48,val,qD3IMtAanSg_00116,data/Diving48_data/videos/qD3IMtAanSg_00116.mp4,11,8,75,1,11,True,True,0.8951202630996704,0.058057519141584635,0.0038293465331662446,0.974480056669563,204,8,8,8,False,
diving48,val,qD3IMtAanSg_00063,data/Diving48_data/videos/qD3IMtAanSg_00063.mp4,11,8,75,1,22,False,True,0.5067003965377808,0.04489387618377805,0.0038293465331662446,0.9135980899445713,203,8,8,8,False,
diving48,val,qD3IMtAanSg_00110,data/Diving48_data/videos/qD3IMtAanSg_00110.mp4,11,8,75,1,11,True,True,0.6495435833930969,0.03827368700876832,0.0038293465331662446,0.8634601081721485,69,8,8,8,False,
diving48,val,qD3IMtAanSg_00046,data/Diving48_data/videos/qD3IMtAanSg_00046.mp4,11,8,75,1,11,True,True,0.8615331053733826,0.046052883844822645,0.0038293465331662446,0.82306412095204,181,8,8,8,False,
diving48,val,qD3IMtAanSg_00115,data/Diving48_data/videos/qD3IMtAanSg_00115.mp4,11,8,75,1,12,False,True,0.9943509101867676,0.0257260762155056,0.0038293465331662446,0.7744844700209796,81,8,8,8,False,
diving48,val,qD3IMtAanSg_00064,data/Diving48_data/videos/qD3IMtAanSg_00064.mp4,11,8,75,1,12,False,True,0.9691125154495239,0.030004918109625578,0.0038293465331662446,0.7451774161309004,75,8,8,8,False,
diving48,val,qD3IMtAanSg_00062,data/Diving48_data/videos/qD3IMtAanSg_00062.mp4,11,8,75,1,12,False,True,0.9720921516418457,0.03373635606840253,0.0038293465331662446,0.7130444692447782,85,8,8,8,False,
diving48,val,qD3IMtAanSg_00066,data/Diving48_data/videos/qD3IMtAanSg_00066.mp4,11,8,75,1,11,True,True,0.9341753721237183,0.04921013908460736,0.0038293465331662446,0.6771882488392293,217,8,8,8,False,
diving48,val,qD3IMtAanSg_00112,data/Diving48_data/videos/qD3IMtAanSg_00112.mp4,11,8,75,1,14,False,True,0.3341926336288452,0.0294347801245749,0.0038293465331662446,0.6244371579959989,75,8,8,8,False,
diving48,val,qD3IMtAanSg_00065,data/Diving48_data/videos/qD3IMtAanSg_00065.mp4,11,8,75,1,11,True,True,0.8721897602081299,0.02794344210997224,0.0038293465331662446,0.5930796600878239,83,8,8,8,False,
diving48,val,qD3IMtAanSg_00113,data/Diving48_data/videos/qD3IMtAanSg_00113.mp4,11,8,75,1,12,False,True,0.7368095517158508,0.03425774024799466,0.0038293465331662446,0.56286352686584,92,8,8,8,False,
diving48,val,zBXtMcI41z8_00058,data/Diving48_data/videos/zBXtMcI41z8_00058.mp4,11,8,75,1,36,False,False,0.8381925821304321,0.04275282099843025,0.0038293465331662446,0.5257169171236455,126,8,8,8,False,
diving48,val,zBXtMcI41z8_00059,data/Diving48_data/videos/zBXtMcI41z8_00059.mp4,11,8,75,1,45,False,False,0.7777565121650696,0.0453747296705842,0.0038344500062521547,1.8443451640196145,137,8,8,8,False,
diving48,val,zBXtMcI41z8_00057,data/Diving48_data/videos/zBXtMcI41z8_00057.mp4,11,8,75,1,26,False,False,0.9603674411773682,0.048479448072612286,0.0038344500062521547,1.7924914248287678,175,8,8,8,False,
diving48,val,qD3IMtAanSg_00114,data/Diving48_data/videos/qD3IMtAanSg_00114.mp4,11,8,75,1,11,True,True,0.9858704209327698,0.04333278303965926,0.0038344500062521547,1.7412942852824926,207,8,8,8,False,
diving48,val,qD3IMtAanSg_00045,data/Diving48_data/videos/qD3IMtAanSg_00045.mp4,11,8,75,1,7,False,True,0.7849428653717041,0.03582140477374196,0.0038344500062521547,1.6946451249532402,68,8,8,8,False,
diving48,val,qD3IMtAanSg_00111,data/Diving48_data/videos/qD3IMtAanSg_00111.mp4,11,8,75,1,11,True,True,0.982444703578949,0.041165055707097054,0.0038344500062521547,1.6569079761393368,182,8,8,8,False,
diving48,val,sFO6XlfgxNQ_00094,data/Diving48_data/videos/sFO6XlfgxNQ_00094.mp4,12,8,75,1,26,False,False,0.8690059185028076,0.05448846332728863,0.0038344500062521547,1.612879442051053,132,8,8,8,False,
diving48,val,zBXtMcI41z8_00042,data/Diving48_data/videos/zBXtMcI41z8_00042.mp4,12,8,75,1,44,False,False,0.5617526769638062,0.025682871229946613,0.0038344500062521547,1.556595480069518,68,8,8,8,False,
diving48,val,zBXtMcI41z8_00041,data/Diving48_data/videos/zBXtMcI41z8_00041.mp4,12,8,75,1,12,True,True,0.9216955304145813,0.03434385033324361,0.0038344500062521547,1.5288706226274371,66,8,8,8,False,
diving48,val,sFO6XlfgxNQ_00093,data/Diving48_data/videos/sFO6XlfgxNQ_00093.mp4,12,8,75,1,12,True,True,0.4995763301849365,0.07095710188150406,0.0038344500062521547,1.4921740381978452,278,8,8,8,False,
diving48,val,sFO6XlfgxNQ_00101,data/Diving48_data/videos/sFO6XlfgxNQ_00101.mp4,12,8,75,1,12,True,True,0.9533452391624451,0.05142505094408989,0.0038344500062521547,1.4181600171141326,181,8,8,8,False,
diving48,val,XfCaMLlyj9I_00107,data/Diving48_data/videos/XfCaMLlyj9I_00107.mp4,12,8,75,1,12,True,True,0.992796003818512,0.0420356560498476,0.0038344500062521547,1.3640607767738402,102,8,8,8,False,
diving48,val,zBXtMcI41z8_00050,data/Diving48_data/videos/zBXtMcI41z8_00050.mp4,12,8,75,1,35,False,True,0.980453372001648,0.03065294725820422,0.0038344500062521547,1.3193481341004372,58,8,8,8,False,
diving48,val,jMEYIEYkpY0_00065,data/Diving48_data/videos/jMEYIEYkpY0_00065.mp4,12,8,75,1,8,False,True,0.9882309436798096,0.038342207204550505,0.0038344500062521547,1.286558894906193,71,8,8,8,False,
diving48,val,sFO6XlfgxNQ_00083,data/Diving48_data/videos/sFO6XlfgxNQ_00083.mp4,12,8,75,1,12,True,True,0.7261139154434204,0.02774571208283305,0.0038344500062521547,1.2457775361835957,46,8,8,8,False,
diving48,val,XfCaMLlyj9I_00110,data/Diving48_data/videos/XfCaMLlyj9I_00110.mp4,12,8,75,1,27,False,True,0.44524434208869934,0.025842081289738417,0.0038344500062521547,1.2155301277525723,54,8,8,8,False,
diving48,val,jMEYIEYkpY0_00049,data/Diving48_data/videos/jMEYIEYkpY0_00049.mp4,12,8,75,1,34,False,False,0.9914852976799011,0.03508577262982726,0.0038344500062521547,1.1878199367783964,143,8,8,8,False,
diving48,val,sFO6XlfgxNQ_00092,data/Diving48_data/videos/sFO6XlfgxNQ_00092.mp4,12,8,75,1,8,False,True,0.668773353099823,0.04279392911121249,0.0038344500062521547,1.1489618900232017,110,8,8,8,False,
diving48,val,jMEYIEYkpY0_00047,data/Diving48_data/videos/jMEYIEYkpY0_00047.mp4,12,8,75,1,44,False,True,0.9364383220672607,0.039878418669104576,0.0038344500062521547,1.1002986109815538,128,8,8,8,False,
diving48,val,sFO6XlfgxNQ_00085,data/Diving48_data/videos/sFO6XlfgxNQ_00085.mp4,12,8,75,1,29,False,False,0.4364270567893982,0.04468578100204468,0.0038344500062521547,1.0548258130438626,96,8,8,8,False,
diving48,val,sFO6XlfgxNQ_00084,data/Diving48_data/videos/sFO6XlfgxNQ_00084.mp4,12,8,75,1,12,True,True,0.9315730929374695,0.04298116127029061,0.0038344500062521547,1.0067898132838309,137,8,8,8,False,
diving48,val,zBXtMcI41z8_00052,data/Diving48_data/videos/zBXtMcI41z8_00052.mp4,12,8,75,1,8,False,True,0.45041149854660034,0.02834063023328781,0.0038344500062521547,0.9607064076699317,66,8,8,8,False,
diving48,val,roFeEJPgJD8_00033,data/Diving48_data/videos/roFeEJPgJD8_00033.mp4,12,8,75,1,27,False,False,0.7072911262512207,0.03673896798864007,0.0038344500062521547,0.9301542439498007,127,8,8,8,False,
diving48,val,roFeEJPgJD8_00015,data/Diving48_data/videos/roFeEJPgJD8_00015.mp4,12,8,75,1,12,True,True,0.5065516829490662,0.03690057201310992,0.0038344500062521547,0.8895544870756567,121,8,8,8,False,
diving48,val,sFO6XlfgxNQ_00102,data/Diving48_data/videos/sFO6XlfgxNQ_00102.mp4,12,8,75,1,6,False,False,0.843682050704956,0.05312541127204895,0.0038344500062521547,0.8479173509404063,144,8,8,8,False,
diving48,val,jMEYIEYkpY0_00048,data/Diving48_data/videos/jMEYIEYkpY0_00048.mp4,12,8,75,1,8,False,True,0.547078013420105,0.027798194903880358,0.0038344500062521547,0.7914660419337451,109,8,8,8,False,
diving48,val,qD3IMtAanSg_00138,data/Diving48_data/videos/qD3IMtAanSg_00138.mp4,13,8,75,1,26,False,False,0.9907838106155396,0.03976893099024892,0.0038344500062521547,0.7606217688880861,107,8,8,8,False,
diving48,val,qD3IMtAanSg_00137,data/Diving48_data/videos/qD3IMtAanSg_00137.mp4,13,8,75,1,9,False,True,0.43303802609443665,0.04634499130770564,0.0038344500062521547,0.7178690102882683,189,8,8,8,False,
diving48,val,qD3IMtAanSg_00101,data/Diving48_data/videos/qD3IMtAanSg_00101.mp4,13,8,75,1,14,False,True,0.5019844770431519,0.02404244802892208,0.0038344500062521547,0.6682520308531821,66,8,8,8,False,
diving48,val,qD3IMtAanSg_00009,data/Diving48_data/videos/qD3IMtAanSg_00009.mp4,13,8,75,1,14,False,True,0.6452468633651733,0.04041188396513462,0.0038344500062521547,0.6418610690161586,189,8,8,8,False,
diving48,val,qD3IMtAanSg_00102,data/Diving48_data/videos/qD3IMtAanSg_00102.mp4,13,8,75,1,13,True,True,0.5572674870491028,0.0382633893750608,0.0038344500062521547,0.5983612081035972,153,8,8,8,False,
diving48,val,qD3IMtAanSg_00136,data/Diving48_data/videos/qD3IMtAanSg_00136.mp4,13,8,75,1,14,False,True,0.8190509080886841,0.030875907745212317,0.0038344500062521547,0.5572852408513427,130,8,8,8,False,
diving48,val,qD3IMtAanSg_00008,data/Diving48_data/videos/qD3IMtAanSg_00008.mp4,13,8,75,1,14,False,True,0.9300629496574402,0.03973014699295163,0.0038344500062521547,0.5240864139050245,192,8,8,8,False,
diving48,val,qD3IMtAanSg_00034,data/Diving48_data/videos/qD3IMtAanSg_00034.mp4,13,8,75,1,14,False,True,0.3959844410419464,0.051936490926891565,0.003644147902377881,1.7576648220419884,173,8,8,8,False,
diving48,val,qD3IMtAanSg_00027,data/Diving48_data/videos/qD3IMtAanSg_00027.mp4,13,8,75,1,14,False,True,0.9084500670433044,0.028379953932017088,0.003644147902377881,1.7011048728600144,101,8,8,8,False,
diving48,val,qD3IMtAanSg_00028,data/Diving48_data/videos/qD3IMtAanSg_00028.mp4,13,8,75,1,11,False,True,0.474193811416626,0.04666960798203945,0.003644147902377881,1.6698085027746856,142,8,8,8,False,
diving48,val,qD3IMtAanSg_00033,data/Diving48_data/videos/qD3IMtAanSg_00033.mp4,13,8,75,1,9,False,False,0.5729364156723022,0.03468911116942763,0.003644147902377881,1.61851227004081,200,8,8,8,False,
diving48,val,qD3IMtAanSg_00010,data/Diving48_data/videos/qD3IMtAanSg_00010.mp4,13,8,75,1,26,False,True,0.9309791326522827,0.030072392895817757,0.003644147902377881,1.578062518965453,95,8,8,8,False,
diving48,val,roFeEJPgJD8_00014,data/Diving48_data/videos/roFeEJPgJD8_00014.mp4,14,8,75,1,27,False,False,0.5508015751838684,0.028246159199625254,0.003644147902377881,1.5454809120856225,56,8,8,8,False,
diving48,val,jMEYIEYkpY0_00089,data/Diving48_data/videos/jMEYIEYkpY0_00089.mp4,14,8,75,1,8,False,True,0.8853931427001953,0.03569257678464055,0.003644147902377881,1.515012796036899,134,8,8,8,False,
diving48,val,ovWCmIMMkRI_00002,data/Diving48_data/videos/ovWCmIMMkRI_00002.mp4,15,8,75,1,15,True,True,0.9492690563201904,0.04616577038541436,0.003644147902377881,1.4768731989897788,107,8,8,8,False,
diving48,val,k71Cc-Sm-Mg_00155,data/Diving48_data/videos/k71Cc-Sm-Mg_00155.mp4,15,8,75,1,15,True,True,0.9934404492378235,0.029611432924866676,0.003644147902377881,1.4276134679093957,75,8,8,8,False,
diving48,val,XfCaMLlyj9I_00049,data/Diving48_data/videos/XfCaMLlyj9I_00049.mp4,15,8,75,1,46,False,True,0.9978818297386169,0.02385101094841957,0.003644147902377881,1.3953079539351165,47,8,8,8,False,
diving48,val,Le6xdQ2OO8w_00058,data/Diving48_data/videos/Le6xdQ2OO8w_00058.mp4,15,8,75,1,15,True,True,0.9573567509651184,0.04523221217095852,0.003644147902377881,1.3698416920378804,115,8,8,8,False,
diving48,val,k71Cc-Sm-Mg_00122,data/Diving48_data/videos/k71Cc-Sm-Mg_00122.mp4,15,8,75,1,15,True,True,0.9743446111679077,0.04023410985246301,0.003644147902377881,1.3221774031408131,122,8,8,8,False,
diving48,val,Le6xdQ2OO8w_00079,data/Diving48_data/videos/Le6xdQ2OO8w_00079.mp4,15,8,75,1,46,False,True,0.9916794896125793,0.026236973702907562,0.003644147902377881,1.278160551097244,55,8,8,8,False,
diving48,val,XfCaMLlyj9I_00010,data/Diving48_data/videos/XfCaMLlyj9I_00010.mp4,15,8,75,1,15,True,True,0.993127703666687,0.04270234098657966,0.003644147902377881,1.2470869412645698,128,8,8,8,False,
diving48,val,zBXtMcI41z8_00017,data/Diving48_data/videos/zBXtMcI41z8_00017.mp4,15,8,75,1,15,True,True,0.9490160346031189,0.0409657689742744,0.003644147902377881,1.2016786318272352,191,8,8,8,False,
diving48,val,XfCaMLlyj9I_00051,data/Diving48_data/videos/XfCaMLlyj9I_00051.mp4,15,8,75,1,46,False,True,0.9234251976013184,0.03618516307324171,0.003644147902377881,1.155189179815352,67,8,8,8,False,
diving48,val,bSsVWVfYU4w_00026,data/Diving48_data/videos/bSsVWVfYU4w_00026.mp4,15,8,75,1,15,True,True,0.8125039935112,0.020190479699522257,0.003644147902377881,1.116477851755917,48,8,8,8,False,
diving48,val,k71Cc-Sm-Mg_00001,data/Diving48_data/videos/k71Cc-Sm-Mg_00001.mp4,15,8,75,1,29,False,False,0.9344997406005859,0.04193331114947796,0.003644147902377881,1.0940116681158543,130,8,8,8,False,
diving48,val,k71Cc-Sm-Mg_00129,data/Diving48_data/videos/k71Cc-Sm-Mg_00129.mp4,15,8,75,1,15,True,True,0.8962902426719666,0.042881593108177185,0.003644147902377881,1.0491745821200311,120,8,8,8,False,
diving48,val,k71Cc-Sm-Mg_00007,data/Diving48_data/videos/k71Cc-Sm-Mg_00007.mp4,15,8,75,1,33,False,False,0.973293125629425,0.06977888196706772,0.003644147902377881,1.0027416329830885,250,8,8,8,False,
diving48,val,XfCaMLlyj9I_00028,data/Diving48_data/videos/XfCaMLlyj9I_00028.mp4,15,8,75,1,46,False,False,0.9937006235122681,0.028490951750427485,0.003644147902377881,0.9290273902006447,86,8,8,8,False,
diving48,val,XfCaMLlyj9I_00002,data/Diving48_data/videos/XfCaMLlyj9I_00002.mp4,15,8,75,1,15,True,True,0.9796534776687622,0.0326049099676311,0.003644147902377881,0.8978438889607787,107,8,8,8,False,
diving48,val,k71Cc-Sm-Mg_00131,data/Diving48_data/videos/k71Cc-Sm-Mg_00131.mp4,15,8,75,1,15,True,True,0.9872130751609802,0.036422406788915396,0.003644147902377881,0.8618799797259271,106,8,8,8,False,
diving48,val,ovWCmIMMkRI_00003,data/Diving48_data/videos/ovWCmIMMkRI_00003.mp4,15,8,75,1,15,True,True,0.92328280210495,0.03911191876977682,0.003644147902377881,0.8212186228483915,106,8,8,8,False,
diving48,val,Le6xdQ2OO8w_00063,data/Diving48_data/videos/Le6xdQ2OO8w_00063.mp4,15,8,75,1,15,True,True,0.9950382113456726,0.026746533811092377,0.003644147902377881,0.7792428690008819,59,8,8,8,False,
diving48,val,k71Cc-Sm-Mg_00141,data/Diving48_data/videos/k71Cc-Sm-Mg_00141.mp4,15,8,75,1,46,False,True,0.9942784309387207,0.03665598528459668,0.003644147902377881,0.7498247511684895,109,8,8,8,False,
diving48,val,Le6xdQ2OO8w_00030,data/Diving48_data/videos/Le6xdQ2OO8w_00030.mp4,15,8,75,1,15,True,True,0.9932870268821716,0.03947532596066594,0.003644147902377881,0.7102065742947161,125,8,8,8,False,
diving48,val,zBXtMcI41z8_00103,data/Diving48_data/videos/zBXtMcI41z8_00103.mp4,16,8,75,1,46,False,True,0.9088108539581299,0.0266329781152308,0.003644147902377881,0.6662530577741563,69,8,8,8,False,
diving48,val,Le6xdQ2OO8w_00028,data/Diving48_data/videos/Le6xdQ2OO8w_00028.mp4,16,8,75,1,15,False,True,0.9739729762077332,0.028442963026463985,0.003644147902377881,0.6378611009567976,50,8,8,8,False,
diving48,val,ovWCmIMMkRI_00021,data/Diving48_data/videos/ovWCmIMMkRI_00021.mp4,16,8,75,1,0,False,False,0.4549146592617035,0.03939628601074219,0.003644147902377881,0.6072410959750414,113,8,8,8,False,
diving48,val,MbzIpx8kAD0_00046,data/Diving48_data/videos/MbzIpx8kAD0_00046.mp4,16,8,75,1,46,False,False,0.9908636212348938,0.039448285941034555,0.003644147902377881,0.561019151005894,108,8,8,8,False,
diving48,val,MbzIpx8kAD0_00017,data/Diving48_data/videos/MbzIpx8kAD0_00017.mp4,16,8,75,1,46,False,True,0.8007374405860901,0.034856703132390976,0.003644147902377881,0.5156517387367785,79,8,8,8,False,
diving48,val,bSsVWVfYU4w_00049,data/Diving48_data/videos/bSsVWVfYU4w_00049.mp4,16,8,75,1,16,True,True,0.553874671459198,0.03844000492244959,0.003917794281733222,1.7454898171126842,109,8,8,8,False,
diving48,val,zBXtMcI41z8_00104,data/Diving48_data/videos/zBXtMcI41z8_00104.mp4,16,8,75,1,36,False,True,0.5461326837539673,0.027375843841582537,0.003917794281733222,1.7009427691809833,67,8,8,8,False,
diving48,val,CVAfPfVFulQ_00022,data/Diving48_data/videos/CVAfPfVFulQ_00022.mp4,16,8,75,1,15,False,True,0.790786862373352,0.036130987107753754,0.003917794281733222,1.6713401833549142,163,8,8,8,False,
diving48,val,bl0C6d9QgIg_00012,data/Diving48_data/videos/bl0C6d9QgIg_00012.mp4,16,8,75,1,15,False,True,0.9558019042015076,0.05508637614548206,0.003917794281733222,1.630790689960122,111,8,8,8,False,
diving48,val,ovWCmIMMkRI_00036,data/Diving48_data/videos/ovWCmIMMkRI_00036.mp4,16,8,75,1,46,False,True,0.6708747148513794,0.03958825580775738,0.003917794281733222,1.5711872638203204,128,8,8,8,False,
diving48,val,bSsVWVfYU4w_00051,data/Diving48_data/videos/bSsVWVfYU4w_00051.mp4,16,8,75,1,16,True,True,0.45409315824508667,0.04160842066630721,0.003917794281733222,1.5259480932727456,117,8,8,8,False,
diving48,val,zBXtMcI41z8_00101,data/Diving48_data/videos/zBXtMcI41z8_00101.mp4,16,8,75,1,16,True,True,0.5174753069877625,0.02429740224033594,0.003917794281733222,1.4819526518695056,50,8,8,8,False,
diving48,val,L_SB1PRgDTE_00018,data/Diving48_data/videos/L_SB1PRgDTE_00018.mp4,16,8,75,1,15,False,True,0.5610586404800415,0.030710427090525627,0.003917794281733222,1.455094760749489,125,8,8,8,False,
diving48,val,bl0C6d9QgIg_00013,data/Diving48_data/videos/bl0C6d9QgIg_00013.mp4,16,8,75,1,36,False,True,0.7867186665534973,0.043345521204173565,0.003917794281733222,1.4211305901408195,148,8,8,8,False,
diving48,val,zBXtMcI41z8_00021,data/Diving48_data/videos/zBXtMcI41z8_00021.mp4,16,8,75,1,15,False,True,0.815690279006958,0.02832495840266347,0.003917794281733222,1.374408456031233,76,8,8,8,False,
diving48,val,CVAfPfVFulQ_00028,data/Diving48_data/videos/CVAfPfVFulQ_00028.mp4,16,8,75,1,16,True,True,0.7980469465255737,0.0372884483076632,0.003917794281733222,1.343283194117248,139,8,8,8,False,
diving48,val,CVAfPfVFulQ_00015,data/Diving48_data/videos/CVAfPfVFulQ_00015.mp4,16,8,75,1,46,False,True,0.7591056227684021,0.04845950612798333,0.003917794281733222,1.301801171619445,117,8,8,8,False,
diving48,val,L_SB1PRgDTE_00011,data/Diving48_data/videos/L_SB1PRgDTE_00011.mp4,16,8,75,1,7,False,False,0.9796432852745056,0.04273199522867799,0.003917794281733222,1.249071755912155,77,8,8,8,False,
diving48,val,L_SB1PRgDTE_00012,data/Diving48_data/videos/L_SB1PRgDTE_00012.mp4,16,8,75,1,24,False,False,0.8695892095565796,0.02844857471063733,0.003917794281733222,1.203686011955142,115,8,8,8,False,
diving48,val,bSsVWVfYU4w_00050,data/Diving48_data/videos/bSsVWVfYU4w_00050.mp4,16,8,75,1,16,True,True,0.4158519208431244,0.02556096902117133,0.003917794281733222,1.171795201022178,76,8,8,8,False,
diving48,val,CVAfPfVFulQ_00044,data/Diving48_data/videos/CVAfPfVFulQ_00044.mp4,17,8,75,1,0,False,True,0.6845491528511047,0.020090532023459673,0.003917794281733222,1.1420697220601141,51,8,8,8,False,
diving48,val,XfCaMLlyj9I_00055,data/Diving48_data/videos/XfCaMLlyj9I_00055.mp4,17,8,75,1,22,False,False,0.9487636089324951,0.04240997787564993,0.003917794281733222,1.1196082457900047,94,8,8,8,False,
diving48,val,Le6xdQ2OO8w_00147,data/Diving48_data/videos/Le6xdQ2OO8w_00147.mp4,17,8,75,1,17,True,True,0.9750094413757324,0.04778468003496528,0.003917794281733222,1.074394280090928,134,8,8,8,False,
diving48,val,CVAfPfVFulQ_00043,data/Diving48_data/videos/CVAfPfVFulQ_00043.mp4,17,8,75,1,17,True,True,0.8189855813980103,0.019963642116636038,0.003917794281733222,1.0209128600545228,36,8,8,8,False,
diving48,val,bSsVWVfYU4w_00093,data/Diving48_data/videos/bSsVWVfYU4w_00093.mp4,17,8,75,1,19,False,True,0.6278337240219116,0.03606111416593194,0.003917794281733222,0.9979055640287697,175,8,8,8,False,
diving48,val,Le6xdQ2OO8w_00134,data/Diving48_data/videos/Le6xdQ2OO8w_00134.mp4,17,8,75,1,17,True,True,0.9883014559745789,0.04730145214125514,0.003917794281733222,0.9591338098980486,148,8,8,8,False,
diving48,val,CVAfPfVFulQ_00059,data/Diving48_data/videos/CVAfPfVFulQ_00059.mp4,17,8,75,1,21,False,True,0.6515953540802002,0.03573128208518028,0.003917794281733222,0.9065048452466726,120,8,8,8,False,
diving48,val,cs8g1es4vfM_00003,data/Diving48_data/videos/cs8g1es4vfM_00003.mp4,17,8,75,1,21,False,True,0.46900150179862976,0.029258321970701218,0.003917794281733222,0.8660178100690246,125,8,8,8,False,
diving48,val,Le6xdQ2OO8w_00133,data/Diving48_data/videos/Le6xdQ2OO8w_00133.mp4,17,8,75,1,17,True,True,0.8723304867744446,0.03795564407482743,0.003917794281733222,0.833299005869776,93,8,8,8,False,
diving48,val,mGRum47TLX0_00042,data/Diving48_data/videos/mGRum47TLX0_00042.mp4,17,8,75,1,17,True,True,0.7947390079498291,0.03261710191145539,0.003917794281733222,0.7907511410303414,63,8,8,8,False,
diving48,val,XfCaMLlyj9I_00056,data/Diving48_data/videos/XfCaMLlyj9I_00056.mp4,17,8,75,1,1,False,False,0.34769344329833984,0.04932920495048165,0.003917794281733222,0.7566644130274653,169,8,8,8,False,
diving48,val,XfCaMLlyj9I_00057,data/Diving48_data/videos/XfCaMLlyj9I_00057.mp4,17,8,75,1,24,False,False,0.7972506880760193,0.025957948062568903,0.003917794281733222,0.7039722539484501,66,8,8,8,False,
diving48,val,ovWCmIMMkRI_00059,data/Diving48_data/videos/ovWCmIMMkRI_00059.mp4,17,8,75,1,19,False,False,0.7408065795898438,0.027783132158219814,0.003917794281733222,0.6765101281926036,79,8,8,8,False,
diving48,val,XfCaMLlyj9I_00054,data/Diving48_data/videos/XfCaMLlyj9I_00054.mp4,17,8,75,1,22,False,False,0.4483373463153839,0.037024355959147215,0.003917794281733222,0.6463310201652348,123,8,8,8,False,
diving48,val,bSsVWVfYU4w_00092,data/Diving48_data/videos/bSsVWVfYU4w_00092.mp4,17,8,75,1,20,False,True,0.897085964679718,0.024385572876781225,0.003917794281733222,0.6067176801152527,75,8,8,8,False,
diving48,val,ovWCmIMMkRI_00060,data/Diving48_data/videos/ovWCmIMMkRI_00060.mp4,17,8,75,1,21,False,True,0.31746116280555725,0.030218215193599463,0.003917794281733222,0.5796708380803466,95,8,8,8,False,
diving48,val,Le6xdQ2OO8w_00148,data/Diving48_data/videos/Le6xdQ2OO8w_00148.mp4,17,8,75,1,17,True,True,0.8055049777030945,0.058490375988185406,0.003917794281733222,0.5469388449564576,148,8,8,8,False,
diving48,val,Le6xdQ2OO8w_00245,data/Diving48_data/videos/Le6xdQ2OO8w_00245.mp4,17,8,75,1,17,True,True,0.9961389899253845,0.06125105684623122,0.0038298919098451734,1.7757323533296585,134,8,8,8,False,
diving48,val,MbzIpx8kAD0_00054,data/Diving48_data/videos/MbzIpx8kAD0_00054.mp4,17,8,75,1,21,False,False,0.9123721718788147,0.032278511207550764,0.0038298919098451734,1.7103356369771063,112,8,8,8,False,
diving48,val,ovWCmIMMkRI_00061,data/Diving48_data/videos/ovWCmIMMkRI_00061.mp4,17,8,75,1,1,False,True,0.26933738589286804,0.030317673925310373,0.0038298919098451734,1.6746832667849958,78,8,8,8,False,
diving48,val,MbzIpx8kAD0_00068,data/Diving48_data/videos/MbzIpx8kAD0_00068.mp4,18,8,75,1,17,False,True,0.7013882994651794,0.0376400351524353,0.0038298919098451734,1.6415139618329704,81,8,8,8,False,
diving48,val,cs8g1es4vfM_00050,data/Diving48_data/videos/cs8g1es4vfM_00050.mp4,18,8,75,1,21,False,True,0.998177170753479,0.0466234995983541,0.0038298919098451734,1.6010342491790652,123,8,8,8,False,
diving48,val,cs8g1es4vfM_00000,data/Diving48_data/videos/cs8g1es4vfM_00000.mp4,18,8,75,1,7,False,False,0.9926924109458923,0.03643553098663688,0.0038298919098451734,1.5494899251498282,161,8,8,8,False,
diving48,val,bSsVWVfYU4w_00117,data/Diving48_data/videos/bSsVWVfYU4w_00117.mp4,18,8,75,1,17,False,True,0.8832895755767822,0.03857791097834706,0.0038298919098451734,1.5104886996559799,136,8,8,8,False,
diving48,val,cs8g1es4vfM_00023,data/Diving48_data/videos/cs8g1es4vfM_00023.mp4,18,8,75,1,17,False,True,0.5273066759109497,0.030183308757841587,0.0038298919098451734,1.4690090250223875,118,8,8,8,False,
diving48,val,XfCaMLlyj9I_00152,data/Diving48_data/videos/XfCaMLlyj9I_00152.mp4,18,8,75,1,40,False,True,0.24550634622573853,0.02465819986537099,0.0038298919098451734,1.4346921499818563,39,8,8,8,False,
diving48,val,yHo2oERGo7A_00090,data/Diving48_data/videos/yHo2oERGo7A_00090.mp4,18,8,75,1,7,False,False,0.3870580196380615,0.03884556004777551,0.0038298919098451734,1.407973577734083,106,8,8,8,False,
diving48,val,MbzIpx8kAD0_00048,data/Diving48_data/videos/MbzIpx8kAD0_00048.mp4,18,8,75,1,17,False,True,0.771977961063385,0.04171780915930867,0.0038298919098451734,1.365978482645005,80,8,8,8,False,
diving48,val,yHo2oERGo7A_00092,data/Diving48_data/videos/yHo2oERGo7A_00092.mp4,18,8,75,1,19,False,True,0.7956194877624512,0.033360473811626434,0.0038298919098451734,1.3216332769952714,99,8,8,8,False,
diving48,val,cs8g1es4vfM_00051,data/Diving48_data/videos/cs8g1es4vfM_00051.mp4,18,8,75,1,38,False,True,0.5679989457130432,0.04771741200238466,0.0038298919098451734,1.2848697262816131,137,8,8,8,False,
diving48,val,cs8g1es4vfM_00001,data/Diving48_data/videos/cs8g1es4vfM_00001.mp4,18,8,75,1,21,False,True,0.4185795485973358,0.04093710379675031,0.0038298919098451734,1.2343244329094887,134,8,8,8,False,
diving48,val,bSsVWVfYU4w_00116,data/Diving48_data/videos/bSsVWVfYU4w_00116.mp4,18,8,75,1,19,False,True,0.517154335975647,0.02714164275676012,0.0038298919098451734,1.1858011465519667,72,8,8,8,False,
diving48,val,cs8g1es4vfM_00022,data/Diving48_data/videos/cs8g1es4vfM_00022.mp4,18,8,75,1,39,False,True,0.8478938937187195,0.03972513182088733,0.0038298919098451734,1.156637046020478,103,8,8,8,False,
diving48,val,yHo2oERGo7A_00091,data/Diving48_data/videos/yHo2oERGo7A_00091.mp4,18,8,75,1,1,False,True,0.6840263605117798,0.0351882791146636,0.0038298919098451734,1.1129305041395128,129,8,8,8,False,
diving48,val,MbzIpx8kAD0_00007,data/Diving48_data/videos/MbzIpx8kAD0_00007.mp4,19,8,75,1,19,True,True,0.9914010167121887,0.040997502859681845,0.0038298919098451734,1.07478788215667,115,8,8,8,False,
diving48,val,bSsVWVfYU4w_00006,data/Diving48_data/videos/bSsVWVfYU4w_00006.mp4,19,8,75,1,0,False,False,0.8938419818878174,0.039933030027896166,0.0038298919098451734,1.0277022272348404,94,8,8,8,False,
diving48,val,MbzIpx8kAD0_00038,data/Diving48_data/videos/MbzIpx8kAD0_00038.mp4,19,8,75,1,31,False,True,0.9742792844772339,0.045908214058727026,0.0038298919098451734,0.9833594444207847,132,8,8,8,False,
diving48,val,TMJ1XIZBRW4_00002,data/Diving48_data/videos/TMJ1XIZBRW4_00002.mp4,19,8,75,1,29,False,True,0.4940427541732788,0.025140217039734125,0.0038298919098451734,0.9335035616531968,67,8,8,8,False,
diving48,val,CVAfPfVFulQ_00008,data/Diving48_data/videos/CVAfPfVFulQ_00008.mp4,19,8,75,1,31,False,True,0.6891958713531494,0.03214843664318323,0.0038298919098451734,0.9065028941258788,127,8,8,8,False,
diving48,val,TMJ1XIZBRW4_00004,data/Diving48_data/videos/TMJ1XIZBRW4_00004.mp4,19,8,75,1,31,False,True,0.9756971597671509,0.0404459941200912,0.0038298919098451734,0.8680727151222527,104,8,8,8,False,
diving48,val,TMJ1XIZBRW4_00030,data/Diving48_data/videos/TMJ1XIZBRW4_00030.mp4,19,8,75,1,24,False,True,0.397253155708313,0.04569431394338608,0.0038298919098451734,0.8197379829362035,85,8,8,8,False,
diving48,val,8qRmKunCjtY_00005,data/Diving48_data/videos/8qRmKunCjtY_00005.mp4,19,8,75,1,29,False,True,0.8560041785240173,0.04727078787982464,0.0038298919098451734,0.7711452771909535,75,8,8,8,False,
diving48,val,XfCaMLlyj9I_00004,data/Diving48_data/videos/XfCaMLlyj9I_00004.mp4,19,8,75,1,24,False,True,0.5360050201416016,0.029867938719689846,0.0038298919098451734,0.719893679022789,59,8,8,8,False,
diving48,val,bSsVWVfYU4w_00001,data/Diving48_data/videos/bSsVWVfYU4w_00001.mp4,19,8,75,1,19,True,True,0.5110180377960205,0.02853967621922493,0.0038298919098451734,0.6879073660820723,121,8,8,8,False,
diving48,val,MbzIpx8kAD0_00010,data/Diving48_data/videos/MbzIpx8kAD0_00010.mp4,19,8,75,1,19,True,True,0.9815143942832947,0.021051777992397547,0.0038298919098451734,0.6539853112772107,46,8,8,8,False,
diving48,val,XfCaMLlyj9I_00022,data/Diving48_data/videos/XfCaMLlyj9I_00022.mp4,19,8,75,1,24,False,True,0.9521669745445251,0.03043055720627308,0.0038298919098451734,0.6301644206978381,77,8,8,8,False,
diving48,val,ovWCmIMMkRI_00014,data/Diving48_data/videos/ovWCmIMMkRI_00014.mp4,19,8,75,1,19,True,True,0.685568630695343,0.027602963149547577,0.0038298919098451734,0.5970909441821277,82,8,8,8,False,
diving48,val,Le6xdQ2OO8w_00012,data/Diving48_data/videos/Le6xdQ2OO8w_00012.mp4,19,8,75,1,19,True,True,0.9981489181518555,0.04084531497210264,0.0038298919098451734,0.5676370649598539,76,8,8,8,False,
diving48,val,CVAfPfVFulQ_00010,data/Diving48_data/videos/CVAfPfVFulQ_00010.mp4,19,8,75,1,31,False,True,0.995383083820343,0.03334311302751303,0.0038298919098451734,0.5246117701753974,134,8,8,8,False,
diving48,val,CVAfPfVFulQ_00002,data/Diving48_data/videos/CVAfPfVFulQ_00002.mp4,19,8,75,1,31,False,True,0.6032364368438721,0.04334962414577603,0.0038839009066578,1.7611959418281913,90,8,8,8,False,
diving48,val,XfCaMLlyj9I_00023,data/Diving48_data/videos/XfCaMLlyj9I_00023.mp4,19,8,75,1,24,False,True,0.9700287580490112,0.04869136726483703,0.0038839009066578,1.715705697890371,151,8,8,8,False,
diving48,val,zBXtMcI41z8_00009,data/Diving48_data/videos/zBXtMcI41z8_00009.mp4,19,8,75,1,35,False,True,0.9886138439178467,0.041331461165100336,0.0038839009066578,1.663902790285647,75,8,8,8,False,
diving48,val,CVAfPfVFulQ_00007,data/Diving48_data/videos/CVAfPfVFulQ_00007.mp4,19,8,75,1,0,False,True,0.49781695008277893,0.06003876123577356,0.0038839009066578,1.61944745387882,120,8,8,8,False,
diving48,val,MbzIpx8kAD0_00006,data/Diving48_data/videos/MbzIpx8kAD0_00006.mp4,19,8,75,1,24,False,True,0.974082350730896,0.03444677824154496,0.0038839009066578,1.5545799969695508,148,8,8,8,False,
diving48,val,jMEYIEYkpY0_00003,data/Diving48_data/videos/jMEYIEYkpY0_00003.mp4,20,8,75,1,19,False,False,0.9117560386657715,0.01852190913632512,0.0038839009066578,1.5165262729860842,29,8,8,8,False,
diving48,val,mGRum47TLX0_00039,data/Diving48_data/videos/mGRum47TLX0_00039.mp4,20,8,75,1,19,False,True,0.7521154284477234,0.03563511883839965,0.0038839009066578,1.4951199400238693,57,8,8,8,False,
diving48,val,mGRum47TLX0_00034,data/Diving48_data/videos/mGRum47TLX0_00034.mp4,20,8,75,1,20,True,True,0.18517054617404938,0.04049842897802591,0.0038839009066578,1.4573645191267133,169,8,8,8,False,
diving48,val,mGRum47TLX0_00041,data/Diving48_data/videos/mGRum47TLX0_00041.mp4,20,8,75,1,0,False,True,0.4638710618019104,0.03553484985604882,0.0038839009066578,1.4141402239911258,126,8,8,8,False,
diving48,val,bSsVWVfYU4w_00101,data/Diving48_data/videos/bSsVWVfYU4w_00101.mp4,20,8,75,1,20,True,True,0.9955131411552429,0.04639871930703521,0.0038839009066578,1.3741747387684882,232,8,8,8,False,
diving48,val,mGRum47TLX0_00043,data/Diving48_data/videos/mGRum47TLX0_00043.mp4,20,8,75,1,37,False,True,0.8454978466033936,0.0393378590233624,0.0038839009066578,1.3245885418727994,62,8,8,8,False,
diving48,val,TMJ1XIZBRW4_00033,data/Diving48_data/videos/TMJ1XIZBRW4_00033.mp4,20,8,75,1,46,False,True,0.3498172163963318,0.03202608413994312,0.0038839009066578,1.2828402039594948,49,8,8,8,False,
diving48,val,CVAfPfVFulQ_00039,data/Diving48_data/videos/CVAfPfVFulQ_00039.mp4,20,8,75,1,20,True,True,0.9555111527442932,0.04469052841886878,0.0038839009066578,1.247895878739655,183,8,8,8,False,
diving48,val,CVAfPfVFulQ_00077,data/Diving48_data/videos/CVAfPfVFulQ_00077.mp4,20,8,75,1,15,False,True,0.7816011905670166,0.03386356681585312,0.0038839009066578,1.1987562379799783,151,8,8,8,False,
diving48,val,sexZ6VnZ9yc_00000,data/Diving48_data/videos/sexZ6VnZ9yc_00000.mp4,20,8,75,1,15,False,True,0.3221406638622284,0.0345078781247139,0.0038839009066578,1.155701810028404,110,8,8,8,False,
diving48,val,MbzIpx8kAD0_00015,data/Diving48_data/videos/MbzIpx8kAD0_00015.mp4,20,8,75,1,20,True,True,0.9605211615562439,0.03411650564521551,0.0038839009066578,1.118726568762213,143,8,8,8,False,
diving48,val,CVAfPfVFulQ_00072,data/Diving48_data/videos/CVAfPfVFulQ_00072.mp4,20,8,75,1,20,True,True,0.9712578058242798,0.029980833176523447,0.0038839009066578,1.080859529785812,82,8,8,8,False,
diving48,val,jMEYIEYkpY0_00002,data/Diving48_data/videos/jMEYIEYkpY0_00002.mp4,20,8,75,1,20,True,True,0.9930358529090881,0.038962332997471094,0.0038839009066578,1.047948386054486,212,8,8,8,False,
diving48,val,TMJ1XIZBRW4_00027,data/Diving48_data/videos/TMJ1XIZBRW4_00027.mp4,20,8,75,1,37,False,True,0.8574246168136597,0.022846465930342674,0.0038839009066578,1.0041095679625869,40,8,8,8,False,
diving48,val,MbzIpx8kAD0_00029,data/Diving48_data/videos/MbzIpx8kAD0_00029.mp4,20,8,75,1,20,True,True,0.9589735865592957,0.03346612397581339,0.0038839009066578,0.9791256850585341,77,8,8,8,False,
diving48,val,mGRum47TLX0_00035,data/Diving48_data/videos/mGRum47TLX0_00035.mp4,20,8,75,1,15,False,False,0.961948812007904,0.03646578500047326,0.0038839009066578,0.9440005798824131,116,8,8,8,False,
diving48,val,CVAfPfVFulQ_00031,data/Diving48_data/videos/CVAfPfVFulQ_00031.mp4,20,8,75,1,20,True,True,0.9038418531417847,0.0223917867988348,0.0038839009066578,0.9028792697936296,69,8,8,8,False,
diving48,val,jMEYIEYkpY0_00004,data/Diving48_data/videos/jMEYIEYkpY0_00004.mp4,20,8,75,1,20,True,True,0.9893040657043457,0.026547211222350597,0.0038839009066578,0.8765896502882242,94,8,8,8,False,
diving48,val,CVAfPfVFulQ_00033,data/Diving48_data/videos/CVAfPfVFulQ_00033.mp4,20,8,75,1,36,False,True,0.40580347180366516,0.059876898769289255,0.0038839009066578,0.8454628046602011,140,8,8,8,False,
diving48,val,MbzIpx8kAD0_00040,data/Diving48_data/videos/MbzIpx8kAD0_00040.mp4,20,8,75,1,20,True,True,0.42696887254714966,0.03129338100552559,0.0038839009066578,0.7783469380810857,64,8,8,8,False,
diving48,val,rRw7peH60Yw_00008,data/Diving48_data/videos/rRw7peH60Yw_00008.mp4,21,8,75,1,17,False,True,0.5374634265899658,0.024085148237645626,0.0038839009066578,0.7452025739476085,56,8,8,8,False,
diving48,val,jMEYIEYkpY0_00022,data/Diving48_data/videos/jMEYIEYkpY0_00022.mp4,21,8,75,1,19,False,True,0.8777266144752502,0.026842250023037195,0.0038839009066578,0.7184787909500301,107,8,8,8,False,
diving48,val,8qRmKunCjtY_00014,data/Diving48_data/videos/8qRmKunCjtY_00014.mp4,21,8,75,1,38,False,True,0.5339433550834656,0.05352257890626788,0.0038839009066578,0.6890568262897432,190,8,8,8,False,
diving48,val,SbzcCzXjYSU_00062,data/Diving48_data/videos/SbzcCzXjYSU_00062.mp4,21,8,75,1,21,True,True,0.9948191046714783,0.030458458233624697,0.0038839009066578,0.6282883090898395,92,8,8,8,False,
diving48,val,yHo2oERGo7A_00041,data/Diving48_data/videos/yHo2oERGo7A_00041.mp4,21,8,75,1,21,True,True,0.9832646250724792,0.031177316792309284,0.0038839009066578,0.5901851551607251,72,8,8,8,False,
diving48,val,zmacW6f2Tdk_00031,data/Diving48_data/videos/zmacW6f2Tdk_00031.mp4,21,8,75,1,29,False,False,0.6182176470756531,0.03835096210241318,0.0038839009066578,0.5568602718412876,129,8,8,8,False,
diving48,val,jMEYIEYkpY0_00023,data/Diving48_data/videos/jMEYIEYkpY0_00023.mp4,21,8,75,1,8,False,False,0.46793410181999207,0.03188971010968089,0.0038839009066578,0.5154799241572618,126,8,8,8,False,
diving48,val,zmacW6f2Tdk_00000,data/Diving48_data/videos/zmacW6f2Tdk_00000.mp4,21,8,75,1,43,False,False,0.2903648912906647,0.04381329193711281,0.003948289682739414,1.7795324982143939,133,8,8,8,False,
diving48,val,zmacW6f2Tdk_00020,data/Diving48_data/videos/zmacW6f2Tdk_00020.mp4,21,8,75,1,21,True,True,0.9574891924858093,0.030471048783510923,0.003948289682739414,1.7319359122775495,95,8,8,8,False,
diving48,val,yHo2oERGo7A_00020,data/Diving48_data/videos/yHo2oERGo7A_00020.mp4,21,8,75,1,21,True,True,0.9835625290870667,0.04264181340113282,0.003948289682739414,1.6974146841093898,161,8,8,8,False,
diving48,val,XfCaMLlyj9I_00058,data/Diving48_data/videos/XfCaMLlyj9I_00058.mp4,21,8,75,1,22,False,True,0.8166783452033997,0.05232484173029661,0.003948289682739414,1.6510072313249111,208,8,8,8,False,
diving48,val,yHo2oERGo7A_00042,data/Diving48_data/videos/yHo2oERGo7A_00042.mp4,21,8,75,1,7,False,True,0.8272043466567993,0.04641537228599191,0.003948289682739414,1.5924439951777458,211,8,8,8,False,
diving48,val,zmacW6f2Tdk_00032,data/Diving48_data/videos/zmacW6f2Tdk_00032.mp4,21,8,75,1,21,True,True,0.9270208477973938,0.06220069574192166,0.003948289682739414,1.5430944887921214,206,8,8,8,False,
diving48,val,cs8g1es4vfM_00038,data/Diving48_data/videos/cs8g1es4vfM_00038.mp4,21,8,75,1,24,False,True,0.9892233610153198,0.03093460900709033,0.003948289682739414,1.4768762243911624,124,8,8,8,False,
diving48,val,cs8g1es4vfM_00053,data/Diving48_data/videos/cs8g1es4vfM_00053.mp4,21,8,75,1,19,False,False,0.5296072959899902,0.02420493494719267,0.003948289682739414,1.4422134920023382,95,8,8,8,False,
diving48,val,jMEYIEYkpY0_00020,data/Diving48_data/videos/jMEYIEYkpY0_00020.mp4,21,8,75,1,24,False,False,0.6791777014732361,0.03309666132554412,0.003948289682739414,1.414578890427947,83,8,8,8,False,
diving48,val,cs8g1es4vfM_00039,data/Diving48_data/videos/cs8g1es4vfM_00039.mp4,21,8,75,1,21,True,True,0.9988755583763123,0.045307775028049946,0.003948289682739414,1.3786922730505466,152,8,8,8,False,
diving48,val,yHo2oERGo7A_00097,data/Diving48_data/videos/yHo2oERGo7A_00097.mp4,21,8,75,1,21,True,True,0.4226139187812805,0.06335486005991697,0.003948289682739414,1.3282470782287419,233,8,8,8,False,
diving48,val,8qRmKunCjtY_00009,data/Diving48_data/videos/8qRmKunCjtY_00009.mp4,21,8,75,1,21,True,True,0.9754923582077026,0.04191157501190901,0.003948289682739414,1.2612510658800602,98,8,8,8,False,
diving48,val,jMEYIEYkpY0_00021,data/Diving48_data/videos/jMEYIEYkpY0_00021.mp4,21,8,75,1,34,False,True,0.8055070638656616,0.029629554133862257,0.003948289682739414,1.2135886712931097,80,8,8,8,False,
diving48,val,XfCaMLlyj9I_00145,data/Diving48_data/videos/XfCaMLlyj9I_00145.mp4,22,8,75,1,21,False,True,0.8474687933921814,0.042120974976569414,0.003948289682739414,1.1802143198437989,139,8,8,8,False,
diving48,val,k71Cc-Sm-Mg_00109,data/Diving48_data/videos/k71Cc-Sm-Mg_00109.mp4,22,8,75,1,21,False,True,0.4812515377998352,0.026236281264573336,0.003948289682739414,1.1349495090544224,66,8,8,8,False,
diving48,val,XfCaMLlyj9I_00067,data/Diving48_data/videos/XfCaMLlyj9I_00067.mp4,22,8,75,1,22,True,True,0.5888401865959167,0.033074970822781324,0.003948289682739414,1.106171331834048,79,8,8,8,False,
diving48,val,k71Cc-Sm-Mg_00079,data/Diving48_data/videos/k71Cc-Sm-Mg_00079.mp4,22,8,75,1,21,False,True,0.8299821615219116,0.027600993867963552,0.003948289682739414,1.0711422320455313,64,8,8,8,False,
diving48,val,XfCaMLlyj9I_00154,data/Diving48_data/videos/XfCaMLlyj9I_00154.mp4,22,8,75,1,21,False,True,0.5315570831298828,0.028543800115585327,0.003948289682739414,1.0405627321451902,54,8,8,8,False,
diving48,val,k71Cc-Sm-Mg_00147,data/Diving48_data/videos/k71Cc-Sm-Mg_00147.mp4,22,8,75,1,17,False,False,0.5701590180397034,0.03590044006705284,0.003948289682739414,1.0095634306780994,123,8,8,8,False,
diving48,val,k71Cc-Sm-Mg_00066,data/Diving48_data/videos/k71Cc-Sm-Mg_00066.mp4,22,8,75,1,26,False,False,0.9856169819831848,0.02699550101533532,0.003948289682739414,0.9708874877542257,82,8,8,8,False,
diving48,val,k71Cc-Sm-Mg_00111,data/Diving48_data/videos/k71Cc-Sm-Mg_00111.mp4,22,8,75,1,22,True,True,0.7963058948516846,0.026706135366111994,0.003948289682739414,0.9407285028137267,80,8,8,8,False,
diving48,val,XfCaMLlyj9I_00143,data/Diving48_data/videos/XfCaMLlyj9I_00143.mp4,22,8,75,1,22,True,True,0.7663214802742004,0.02914939634501934,0.003948289682739414,0.9105622880160809,83,8,8,8,False,
diving48,val,k71Cc-Sm-Mg_00068,data/Diving48_data/videos/k71Cc-Sm-Mg_00068.mp4,22,8,75,1,23,False,True,0.6207920908927917,0.043608250096440315,0.003948289682739414,0.8789130472578108,122,8,8,8,False,
diving48,val,XfCaMLlyj9I_00165,data/Diving48_data/videos/XfCaMLlyj9I_00165.mp4,22,8,75,1,7,False,True,0.497859388589859,0.03163955174386501,0.003948289682739414,0.8313645692542195,77,8,8,8,False,
diving48,val,k71Cc-Sm-Mg_00146,data/Diving48_data/videos/k71Cc-Sm-Mg_00146.mp4,22,8,75,1,21,False,True,0.9725181460380554,0.029937199782580137,0.003948289682739414,0.7971824812702835,66,8,8,8,False,
diving48,val,k71Cc-Sm-Mg_00075,data/Diving48_data/videos/k71Cc-Sm-Mg_00075.mp4,22,8,75,1,21,False,True,0.9073824286460876,0.024814376141875982,0.003948289682739414,0.7648767856881022,53,8,8,8,False,
diving48,val,k71Cc-Sm-Mg_00077,data/Diving48_data/videos/k71Cc-Sm-Mg_00077.mp4,22,8,75,1,22,True,True,0.6176496148109436,0.029363475739955902,0.003948289682739414,0.7375960750505328,75,8,8,8,False,
diving48,val,XfCaMLlyj9I_00161,data/Diving48_data/videos/XfCaMLlyj9I_00161.mp4,22,8,75,1,18,False,True,0.4894278943538666,0.03624948300421238,0.003948289682739414,0.7050742069259286,91,8,8,8,False,
diving48,val,XfCaMLlyj9I_00144,data/Diving48_data/videos/XfCaMLlyj9I_00144.mp4,22,8,75,1,26,False,True,0.9267441034317017,0.043586703948676586,0.003948289682739414,0.6662864382378757,120,8,8,8,False,
diving48,val,k71Cc-Sm-Mg_00074,data/Diving48_data/videos/k71Cc-Sm-Mg_00074.mp4,22,8,75,1,22,True,True,0.5206013321876526,0.053050545044243336,0.003948289682739414,0.6205383781343699,166,8,8,8,False,
diving48,val,k71Cc-Sm-Mg_00072,data/Diving48_data/videos/k71Cc-Sm-Mg_00072.mp4,22,8,75,1,22,True,True,0.5186371207237244,0.037974603939801455,0.003948289682739414,0.5635396647267044,74,8,8,8,False,
diving48,val,k71Cc-Sm-Mg_00081,data/Diving48_data/videos/k71Cc-Sm-Mg_00081.mp4,22,8,75,1,22,True,True,0.7590045928955078,0.034222949761897326,0.003948289682739414,0.5237979842349887,98,8,8,8,False,
diving48,val,rRw7peH60Yw_00025,data/Diving48_data/videos/rRw7peH60Yw_00025.mp4,22,8,75,1,18,False,False,0.3392210304737091,0.04943296266719699,0.0037664930569007993,1.7045911978930235,148,8,8,8,False,
diving48,val,zBXtMcI41z8_00064,data/Diving48_data/videos/zBXtMcI41z8_00064.mp4,23,8,75,1,21,False,True,0.9563689827919006,0.03240117570385337,0.0037664930569007993,1.6414580838754773,92,8,8,8,False,
diving48,val,XfCaMLlyj9I_00121,data/Diving48_data/videos/XfCaMLlyj9I_00121.mp4,23,8,75,1,22,False,True,0.8664032220840454,0.03991045290604234,0.0037664930569007993,1.6067472789436579,104,8,8,8,False,
diving48,val,XfCaMLlyj9I_00120,data/Diving48_data/videos/XfCaMLlyj9I_00120.mp4,23,8,75,1,22,False,True,0.8053000569343567,0.029165721964091063,0.0037664930569007993,1.56256640329957,72,8,8,8,False,
diving48,val,XfCaMLlyj9I_00122,data/Diving48_data/videos/XfCaMLlyj9I_00122.mp4,23,8,75,1,39,False,False,0.42609477043151855,0.024422453250735998,0.0037664930569007993,1.53114896081388,49,8,8,8,False,
diving48,val,zBXtMcI41z8_00066,data/Diving48_data/videos/zBXtMcI41z8_00066.mp4,23,8,75,1,26,False,True,0.9940741658210754,0.028083003126084805,0.0037664930569007993,1.5044943010434508,84,8,8,8,False,
diving48,val,zBXtMcI41z8_00063,data/Diving48_data/videos/zBXtMcI41z8_00063.mp4,23,8,75,1,26,False,True,0.4416501820087433,0.022198303136974573,0.0037664930569007993,1.4739956841804087,57,8,8,8,False,
diving48,val,XfCaMLlyj9I_00119,data/Diving48_data/videos/XfCaMLlyj9I_00119.mp4,23,8,75,1,43,False,False,0.4229417145252228,0.03383518289774656,0.0037664930569007993,1.4503927817568183,76,8,8,8,False,
diving48,val,L_SB1PRgDTE_00033,data/Diving48_data/videos/L_SB1PRgDTE_00033.mp4,24,8,75,1,24,True,True,0.9300986528396606,0.04973156610503793,0.0037664930569007993,1.414003768004477,176,8,8,8,False,
diving48,val,CVAfPfVFulQ_00054,data/Diving48_data/videos/CVAfPfVFulQ_00054.mp4,24,8,75,1,25,False,True,0.8648374080657959,0.03309421380981803,0.0037664930569007993,1.3592945826239884,51,8,8,8,False,
diving48,val,mGRum47TLX0_00054,data/Diving48_data/videos/mGRum47TLX0_00054.mp4,24,8,75,1,24,True,True,0.5143212676048279,0.03301328094676137,0.0037664930569007993,1.3235476119443774,164,8,8,8,False,
diving48,val,Le6xdQ2OO8w_00219,data/Diving48_data/videos/Le6xdQ2OO8w_00219.mp4,24,8,75,1,31,False,True,0.9738708734512329,0.05430380627512932,0.0037664930569007993,1.2868059859611094,157,8,8,8,False,
diving48,val,cs8g1es4vfM_00021,data/Diving48_data/videos/cs8g1es4vfM_00021.mp4,24,8,75,1,21,False,True,0.9437789916992188,0.041808187030255795,0.0037664930569007993,1.227726192213595,155,8,8,8,False,
diving48,val,yHo2oERGo7A_00083,data/Diving48_data/videos/yHo2oERGo7A_00083.mp4,24,8,75,1,31,False,True,0.6476467251777649,0.02834830665960908,0.0037664930569007993,1.1833554469048977,71,8,8,8,False,
diving48,val,cs8g1es4vfM_00015,data/Diving48_data/videos/cs8g1es4vfM_00015.mp4,24,8,75,1,7,False,True,0.8956634998321533,0.032228095922619104,0.0037664930569007993,1.1523769441992044,97,8,8,8,False,
diving48,val,mGRum47TLX0_00052,data/Diving48_data/videos/mGRum47TLX0_00052.mp4,24,8,75,1,24,True,True,0.9848579168319702,0.031079662963747978,0.0037664930569007993,1.1158021250739694,77,8,8,8,False,
diving48,val,Le6xdQ2OO8w_00259,data/Diving48_data/videos/Le6xdQ2OO8w_00259.mp4,24,8,75,1,24,True,True,0.943461537361145,0.04139190725982189,0.0037664930569007993,1.08299043122679,106,8,8,8,False,
diving48,val,MbzIpx8kAD0_00050,data/Diving48_data/videos/MbzIpx8kAD0_00050.mp4,24,8,75,1,24,True,True,0.9908175468444824,0.026554050855338573,0.0037664930569007993,1.0383552270941436,81,8,8,8,False,
diving48,val,CVAfPfVFulQ_00055,data/Diving48_data/videos/CVAfPfVFulQ_00055.mp4,24,8,75,1,21,False,True,0.9042006134986877,0.028257370926439762,0.0037664930569007993,1.0039166458882391,101,8,8,8,False,
diving48,val,yHo2oERGo7A_00035,data/Diving48_data/videos/yHo2oERGo7A_00035.mp4,24,8,75,1,43,False,True,0.48818325996398926,0.04034585924819112,0.0037664930569007993,0.9690663423389196,143,8,8,8,False,
diving48,val,yHo2oERGo7A_00082,data/Diving48_data/videos/yHo2oERGo7A_00082.mp4,24,8,75,1,21,False,True,0.6668918132781982,0.028305151034146547,0.0037664930569007993,0.9250670722685754,139,8,8,8,False,
diving48,val,cs8g1es4vfM_00018,data/Diving48_data/videos/cs8g1es4vfM_00018.mp4,24,8,75,1,26,False,True,0.7468587160110474,0.033864914905279875,0.0037664930569007993,0.8920466573908925,120,8,8,8,False,
diving48,val,yHo2oERGo7A_00081,data/Diving48_data/videos/yHo2oERGo7A_00081.mp4,24,8,75,1,19,False,True,0.4110035002231598,0.022229244001209736,0.0037664930569007993,0.8544560326263309,36,8,8,8,False,
diving48,val,SbzcCzXjYSU_00002,data/Diving48_data/videos/SbzcCzXjYSU_00002.mp4,24,8,75,1,33,False,True,0.6719690561294556,0.026472027879208326,0.0037664930569007993,0.8296858086250722,46,8,8,8,False,
diving48,val,TMJ1XIZBRW4_00032,data/Diving48_data/videos/TMJ1XIZBRW4_00032.mp4,24,8,75,1,24,True,True,0.991582453250885,0.044330972246825695,0.0037664930569007993,0.8006495023146272,100,8,8,8,False,
diving48,val,yHo2oERGo7A_00075,data/Diving48_data/videos/yHo2oERGo7A_00075.mp4,24,8,75,1,43,False,True,0.43527448177337646,0.031811296939849854,0.0037664930569007993,0.7520329738035798,94,8,8,8,False,
diving48,val,roFeEJPgJD8_00027,data/Diving48_data/videos/roFeEJPgJD8_00027.mp4,24,8,75,1,24,True,True,0.9956113696098328,0.04329281812533736,0.0037664930569007993,0.7146988841705024,113,8,8,8,False,
diving48,val,ovWCmIMMkRI_00041,data/Diving48_data/videos/ovWCmIMMkRI_00041.mp4,24,8,75,1,24,True,True,0.9849833846092224,0.03610514663159847,0.0037664930569007993,0.6663864562287927,124,8,8,8,False,
diving48,val,Le6xdQ2OO8w_00263,data/Diving48_data/videos/Le6xdQ2OO8w_00263.mp4,25,8,75,1,24,False,True,0.9942272901535034,0.026452021673321724,0.0037664930569007993,0.6273564109578729,54,8,8,8,False,
diving48,val,L_SB1PRgDTE_00038,data/Diving48_data/videos/L_SB1PRgDTE_00038.mp4,25,8,75,1,27,False,True,0.7253026366233826,0.028929503168910742,0.0037664930569007993,0.5981136369518936,111,8,8,8,False,
diving48,val,bSsVWVfYU4w_00159,data/Diving48_data/videos/bSsVWVfYU4w_00159.mp4,25,8,75,1,27,False,True,0.6045873165130615,0.02544915908947587,0.0037664930569007993,0.5671574138104916,104,8,8,8,False,
diving48,val,Le6xdQ2OO8w_00198,data/Diving48_data/videos/Le6xdQ2OO8w_00198.mp4,25,8,75,1,25,True,True,0.7706267237663269,0.05611774604767561,0.0037664930569007993,0.5378296198323369,128,8,8,8,False,
diving48,val,bl0C6d9QgIg_00027,data/Diving48_data/videos/bl0C6d9QgIg_00027.mp4,25,8,75,1,34,False,True,0.9593236446380615,0.03831557184457779,0.0037849197251489386,1.9011175842024386,91,8,8,8,False,
diving48,val,Le6xdQ2OO8w_00250,data/Diving48_data/videos/Le6xdQ2OO8w_00250.mp4,25,8,75,1,24,False,True,0.9848291277885437,0.05071566626429558,0.0037849197251489386,1.854858182836324,127,8,8,8,False,
diving48,val,TMJ1XIZBRW4_00053,data/Diving48_data/videos/TMJ1XIZBRW4_00053.mp4,25,8,75,1,34,False,True,0.7080734968185425,0.03959875227883458,0.0037849197251489386,1.7994032967835665,67,8,8,8,False,
diving48,val,L2tKML4URG8_00001,data/Diving48_data/videos/L2tKML4URG8_00001.mp4,25,8,75,1,27,False,True,0.7222242951393127,0.03250795090571046,0.0037849197251489386,1.7572424379177392,137,8,8,8,False,
diving48,val,MbzIpx8kAD0_00047,data/Diving48_data/videos/MbzIpx8kAD0_00047.mp4,25,8,75,1,25,True,True,0.49726051092147827,0.03927105478942394,0.0037849197251489386,1.7185756778344512,78,8,8,8,False,
diving48,val,Le6xdQ2OO8w_00190,data/Diving48_data/videos/Le6xdQ2OO8w_00190.mp4,25,8,75,1,27,False,True,0.8036186695098877,0.0503838318400085,0.0037849197251489386,1.6768906889483333,160,8,8,8,False,
diving48,val,L2tKML4URG8_00000,data/Diving48_data/videos/L2tKML4URG8_00000.mp4,25,8,75,1,24,False,True,0.991364598274231,0.028013955801725388,0.0037849197251489386,1.6167691200971603,63,8,8,8,False,
diving48,val,Le6xdQ2OO8w_00197,data/Diving48_data/videos/Le6xdQ2OO8w_00197.mp4,25,8,75,1,27,False,True,0.37216657400131226,0.04414198314771056,0.0037849197251489386,1.5842481418512762,108,8,8,8,False,
diving48,val,Le6xdQ2OO8w_00189,data/Diving48_data/videos/Le6xdQ2OO8w_00189.mp4,25,8,75,1,27,False,True,0.8672053813934326,0.04513947619125247,0.0037849197251489386,1.5337739661335945,141,8,8,8,False,
diving48,val,bl0C6d9QgIg_00028,data/Diving48_data/videos/bl0C6d9QgIg_00028.mp4,25,8,75,1,32,False,True,0.9515808820724487,0.049936707597225904,0.0037849197251489386,1.480022534262389,155,8,8,8,False,
diving48,val,L2tKML4URG8_00002,data/Diving48_data/videos/L2tKML4URG8_00002.mp4,25,8,75,1,27,False,True,0.3907577693462372,0.02396854804828763,0.0037849197251489386,1.4259372930973768,78,8,8,8,False,
diving48,val,L2tKML4URG8_00003,data/Diving48_data/videos/L2tKML4URG8_00003.mp4,25,8,75,1,43,False,False,0.635532796382904,0.03230278193950653,0.0037849197251489386,1.399279547855258,99,8,8,8,False,
diving48,val,k71Cc-Sm-Mg_00178,data/Diving48_data/videos/k71Cc-Sm-Mg_00178.mp4,26,8,75,1,27,False,False,0.9171510338783264,0.035787784960120916,0.0037849197251489386,1.362192580010742,113,8,8,8,False,
diving48,val,k71Cc-Sm-Mg_00045,data/Diving48_data/videos/k71Cc-Sm-Mg_00045.mp4,26,8,75,1,27,False,True,0.9397722482681274,0.04562173271551728,0.0037849197251489386,1.3227600418031216,115,8,8,8,False,
diving48,val,sFO6XlfgxNQ_00091,data/Diving48_data/videos/sFO6XlfgxNQ_00091.mp4,26,8,75,1,26,True,True,0.9944933652877808,0.044299800880253315,0.0037849197251489386,1.2737000659108162,114,8,8,8,False,
diving48,val,8qRmKunCjtY_00013,data/Diving48_data/videos/8qRmKunCjtY_00013.mp4,26,8,75,1,24,False,True,0.8798867464065552,0.050732672680169344,0.0037849197251489386,1.2258563740178943,187,8,8,8,False,
diving48,val,XfCaMLlyj9I_00099,data/Diving48_data/videos/XfCaMLlyj9I_00099.mp4,26,8,75,1,26,True,True,0.9915606379508972,0.03756625624373555,0.0037849197251489386,1.1670089201070368,81,8,8,8,False,
diving48,val,SbzcCzXjYSU_00019,data/Diving48_data/videos/SbzcCzXjYSU_00019.mp4,26,8,75,1,27,False,True,0.9512534141540527,0.03081069001927972,0.0037849197251489386,1.1269578128121793,130,8,8,8,False,
diving48,val,k71Cc-Sm-Mg_00044,data/Diving48_data/videos/k71Cc-Sm-Mg_00044.mp4,26,8,75,1,26,True,True,0.984811544418335,0.0405011298134923,0.0037849197251489386,1.0925487419590354,149,8,8,8,False,
diving48,val,XfCaMLlyj9I_00087,data/Diving48_data/videos/XfCaMLlyj9I_00087.mp4,26,8,75,1,28,False,True,0.9411555528640747,0.029144321102648973,0.0037849197251489386,1.0483658462762833,64,8,8,8,False,
diving48,val,XfCaMLlyj9I_00097,data/Diving48_data/videos/XfCaMLlyj9I_00097.mp4,26,8,75,1,43,False,True,0.8108914494514465,0.05373913608491421,0.0037849197251489386,1.0163234751671553,194,8,8,8,False,
diving48,val,SbzcCzXjYSU_00059,data/Diving48_data/videos/SbzcCzXjYSU_00059.mp4,26,8,75,1,27,False,True,0.9558844566345215,0.044679936952888966,0.0037849197251489386,0.9584077876061201,152,8,8,8,False,
diving48,val,roFeEJPgJD8_00008,data/Diving48_data/videos/roFeEJPgJD8_00008.mp4,26,8,75,1,33,False,False,0.9774017333984375,0.04606258496642113,0.0037849197251489386,0.910609342623502,196,8,8,8,False,
diving48,val,k71Cc-Sm-Mg_00177,data/Diving48_data/videos/k71Cc-Sm-Mg_00177.mp4,26,8,75,1,26,True,True,0.6402879953384399,0.04719049669802189,0.0037849197251489386,0.8615163546055555,147,8,8,8,False,
diving48,val,XfCaMLlyj9I_00100,data/Diving48_data/videos/XfCaMLlyj9I_00100.mp4,26,8,75,1,27,False,True,0.5860337018966675,0.028766124974936247,0.0037849197251489386,0.8112726248800755,82,8,8,8,False,
diving48,val,sFO6XlfgxNQ_00113,data/Diving48_data/videos/sFO6XlfgxNQ_00113.mp4,26,8,75,1,26,True,True,0.9964596629142761,0.03768857987597585,0.0037849197251489386,0.7798788761720061,109,8,8,8,False,
diving48,val,k71Cc-Sm-Mg_00046,data/Diving48_data/videos/k71Cc-Sm-Mg_00046.mp4,26,8,75,1,24,False,True,0.5729621648788452,0.03384095011278987,0.0037849197251489386,0.7378491689451039,113,8,8,8,False,
diving48,val,XfCaMLlyj9I_00089,data/Diving48_data/videos/XfCaMLlyj9I_00089.mp4,26,8,75,1,21,False,True,0.6656771898269653,0.03604912618175149,0.0037849197251489386,0.7002619998529553,123,8,8,8,False,
diving48,val,k71Cc-Sm-Mg_00174,data/Diving48_data/videos/k71Cc-Sm-Mg_00174.mp4,26,8,75,1,27,False,True,0.99354088306427,0.03844190901145339,0.0037849197251489386,0.6602884470485151,110,8,8,8,False,
diving48,val,sFO6XlfgxNQ_00075,data/Diving48_data/videos/sFO6XlfgxNQ_00075.mp4,26,8,75,1,13,False,False,0.38773471117019653,0.04406774090602994,0.0037849197251489386,0.6181416623294353,93,8,8,8,False,
diving48,val,XfCaMLlyj9I_00101,data/Diving48_data/videos/XfCaMLlyj9I_00101.mp4,26,8,75,1,27,False,True,0.5859509706497192,0.04347217734903097,0.0037849197251489386,0.5709378370083869,158,8,8,8,False,
diving48,val,rRw7peH60Yw_00011,data/Diving48_data/videos/rRw7peH60Yw_00011.mp4,26,8,75,1,26,True,True,0.9551097750663757,0.04055263614282012,0.0037849197251489386,0.5240242420695722,95,8,8,8,False,
diving48,val,ovWCmIMMkRI_00065,data/Diving48_data/videos/ovWCmIMMkRI_00065.mp4,27,8,75,1,27,True,True,0.7121277451515198,0.04269454441964626,0.003866963248583488,1.802497094962746,102,8,8,8,False,
diving48,val,ovWCmIMMkRI_00045,data/Diving48_data/videos/ovWCmIMMkRI_00045.mp4,27,8,75,1,27,True,True,0.5129415988922119,0.026295972988009453,0.003866963248583488,1.7556990459561348,81,8,8,8,False,
diving48,val,jMEYIEYkpY0_00007,data/Diving48_data/videos/jMEYIEYkpY0_00007.mp4,27,8,75,1,27,True,True,0.9780347347259521,0.023987384047359228,0.003866963248583488,1.7271988382562995,65,8,8,8,False,
diving48,val,zmacW6f2Tdk_00060,data/Diving48_data/videos/zmacW6f2Tdk_00060.mp4,27,8,75,1,27,True,True,0.5426135063171387,0.02337055094540119,0.003866963248583488,1.7006073207594454,75,8,8,8,False,
diving48,val,roFeEJPgJD8_00007,data/Diving48_data/videos/roFeEJPgJD8_00007.mp4,27,8,75,1,24,False,True,0.7816301584243774,0.0374353569932282,0.003866963248583488,1.6730032279156148,137,8,8,8,False,
diving48,val,zmacW6f2Tdk_00005,data/Diving48_data/videos/zmacW6f2Tdk_00005.mp4,27,8,75,1,24,False,False,0.7502561211585999,0.05808238033205271,0.003866963248583488,1.6294670929200947,225,8,8,8,False,
diving48,val,yHo2oERGo7A_00025,data/Diving48_data/videos/yHo2oERGo7A_00025.mp4,27,8,75,1,27,True,True,0.9459601640701294,0.028315867763012648,0.003866963248583488,1.5653368532657623,128,8,8,8,False,
diving48,val,qD3IMtAanSg_00038,data/Diving48_data/videos/qD3IMtAanSg_00038.mp4,27,8,75,1,35,False,False,0.9532211422920227,0.045610370114445686,0.003866963248583488,1.5323131857439876,130,8,8,8,False,
diving48,val,yHo2oERGo7A_00052,data/Diving48_data/videos/yHo2oERGo7A_00052.mp4,27,8,75,1,24,False,False,0.9868373870849609,0.038207448087632656,0.003866963248583488,1.48378202971071,113,8,8,8,False,
diving48,val,bSsVWVfYU4w_00128,data/Diving48_data/videos/bSsVWVfYU4w_00128.mp4,27,8,75,1,8,False,True,0.3956330716609955,0.04265056224539876,0.003866963248583488,1.4424828006885946,123,8,8,8,False,
diving48,val,bSsVWVfYU4w_00103,data/Diving48_data/videos/bSsVWVfYU4w_00103.mp4,27,8,75,1,14,False,False,0.8832970857620239,0.03732504276558757,0.003866963248583488,1.3965804232284427,133,8,8,8,False,
diving48,val,jMEYIEYkpY0_00042,data/Diving48_data/videos/jMEYIEYkpY0_00042.mp4,27,8,75,1,27,True,True,0.8196777701377869,0.03306746203452349,0.003866963248583488,1.356037441175431,116,8,8,8,False,
diving48,val,jMEYIEYkpY0_00008,data/Diving48_data/videos/jMEYIEYkpY0_00008.mp4,27,8,75,1,27,True,True,0.7140522003173828,0.02865302423015237,0.003866963248583488,1.320726010017097,114,8,8,8,False,
diving48,val,ovWCmIMMkRI_00046,data/Diving48_data/videos/ovWCmIMMkRI_00046.mp4,27,8,75,1,34,False,True,0.6030363440513611,0.028908753767609596,0.003866963248583488,1.2882118728011847,77,8,8,8,False,
diving48,val,yHo2oERGo7A_00027,data/Diving48_data/videos/yHo2oERGo7A_00027.mp4,27,8,75,1,26,False,True,0.7843519449234009,0.05149975372478366,0.003866963248583488,1.2568890927359462,214,8,8,8,False,
diving48,val,bSsVWVfYU4w_00129,data/Diving48_data/videos/bSsVWVfYU4w_00129.mp4,27,8,75,1,25,False,True,0.3925870358943939,0.03237730637192726,0.003866963248583488,1.2010306739248335,112,8,8,8,False,
diving48,val,yHo2oERGo7A_00028,data/Diving48_data/videos/yHo2oERGo7A_00028.mp4,27,8,75,1,26,False,True,0.9890622496604919,0.07011931901797652,0.003866963248583488,1.1662063272669911,260,8,8,8,False,
diving48,val,ovWCmIMMkRI_00063,data/Diving48_data/videos/ovWCmIMMkRI_00063.mp4,27,8,75,1,27,True,True,0.8728262186050415,0.04213234782218933,0.003866963248583488,1.092174096032977,93,8,8,8,False,
diving48,val,jMEYIEYkpY0_00077,data/Diving48_data/videos/jMEYIEYkpY0_00077.mp4,27,8,75,1,24,False,True,0.8803929090499878,0.03392916824668646,0.003866963248583488,1.0436562863178551,97,8,8,8,False,
diving48,val,jMEYIEYkpY0_00060,data/Diving48_data/videos/jMEYIEYkpY0_00060.mp4,27,8,75,1,34,False,True,0.9835334420204163,0.028768108692020178,0.003866963248583488,1.0041694790124893,115,8,8,8,False,
diving48,val,zBXtMcI41z8_00112,data/Diving48_data/videos/zBXtMcI41z8_00112.mp4,28,8,75,1,27,False,True,0.8747823238372803,0.03460522135719657,0.003866963248583488,0.9725281866267323,73,8,8,8,False,
diving48,val,qD3IMtAanSg_00051,data/Diving48_data/videos/qD3IMtAanSg_00051.mp4,28,8,75,1,28,True,True,0.907898485660553,0.06124330498278141,0.003866963248583488,0.9346847161650658,224,8,8,8,False,
diving48,val,qD3IMtAanSg_00134,data/Diving48_data/videos/qD3IMtAanSg_00134.mp4,28,8,75,1,28,True,True,0.9553624987602234,0.042310100980103016,0.003866963248583488,0.8698309389874339,163,8,8,8,False,
diving48,val,XfCaMLlyj9I_00150,data/Diving48_data/videos/XfCaMLlyj9I_00150.mp4,28,8,75,1,28,True,True,0.5656484365463257,0.034105545841157436,0.003866963248583488,0.8242806172929704,73,8,8,8,False,
diving48,val,XfCaMLlyj9I_00132,data/Diving48_data/videos/XfCaMLlyj9I_00132.mp4,28,8,75,1,28,True,True,0.6773238182067871,0.029089203104376793,0.003866963248583488,0.7879559672437608,91,8,8,8,False,
diving48,val,qD3IMtAanSg_00057,data/Diving48_data/videos/qD3IMtAanSg_00057.mp4,28,8,75,1,28,True,True,0.853988528251648,0.04618010530248284,0.003866963248583488,0.7548196483403444,194,8,8,8,False,
diving48,val,qD3IMtAanSg_00081,data/Diving48_data/videos/qD3IMtAanSg_00081.mp4,28,8,75,1,45,False,True,0.9942235350608826,0.03190067084506154,0.003866963248583488,0.7052256381139159,95,8,8,8,False,
diving48,val,XfCaMLlyj9I_00148,data/Diving48_data/videos/XfCaMLlyj9I_00148.mp4,28,8,75,1,28,True,True,0.983119785785675,0.028030687011778355,0.003866963248583488,0.6700587691739202,73,8,8,8,False,
diving48,val,k71Cc-Sm-Mg_00107,data/Diving48_data/videos/k71Cc-Sm-Mg_00107.mp4,28,8,75,1,28,True,True,0.9648213386535645,0.039116347674280405,0.003866963248583488,0.6392547129653394,124,8,8,8,False,
diving48,val,qD3IMtAanSg_00024,data/Diving48_data/videos/qD3IMtAanSg_00024.mp4,28,8,75,1,28,True,True,0.9862180352210999,0.040652292780578136,0.003866963248583488,0.5972499982453883,114,8,8,8,False,
diving48,val,k71Cc-Sm-Mg_00114,data/Diving48_data/videos/k71Cc-Sm-Mg_00114.mp4,28,8,75,1,27,False,True,0.9929560422897339,0.037890877574682236,0.003866963248583488,0.5540761770680547,124,8,8,8,False,
diving48,val,qD3IMtAanSg_00036,data/Diving48_data/videos/qD3IMtAanSg_00036.mp4,28,8,75,1,26,False,True,0.9529947638511658,0.030018674209713936,0.003866963248583488,0.5141988657414913,101,8,8,8,False,
diving48,val,k71Cc-Sm-Mg_00112,data/Diving48_data/videos/k71Cc-Sm-Mg_00112.mp4,28,8,75,1,28,True,True,0.3776398301124573,0.06609344808384776,0.0038914178439881653,1.8431823728606105,192,8,8,8,False,
diving48,val,XfCaMLlyj9I_00133,data/Diving48_data/videos/XfCaMLlyj9I_00133.mp4,28,8,75,1,28,True,True,0.9511865973472595,0.04798263497650623,0.0038914178439881653,1.7696246011182666,153,8,8,8,False,
diving48,val,XfCaMLlyj9I_00134,data/Diving48_data/videos/XfCaMLlyj9I_00134.mp4,28,8,75,1,28,True,True,0.8920577764511108,0.029975815676152706,0.0038914178439881653,1.7188472696579993,73,8,8,8,False,
diving48,val,zBXtMcI41z8_00047,data/Diving48_data/videos/zBXtMcI41z8_00047.mp4,28,8,75,1,35,False,True,0.5089631080627441,0.02783355163410306,0.0038914178439881653,1.6861099288798869,55,8,8,8,False,
diving48,val,qD3IMtAanSg_00080,data/Diving48_data/videos/qD3IMtAanSg_00080.mp4,28,8,75,1,26,False,True,0.5754444599151611,0.04858464561402798,0.0038914178439881653,1.6564906840212643,179,8,8,8,False,
diving48,val,zBXtMcI41z8_00029,data/Diving48_data/videos/zBXtMcI41z8_00029.mp4,28,8,75,1,35,False,True,0.689747154712677,0.022776430007070303,0.0038914178439881653,1.6047087889164686,45,8,8,8,False,
diving48,val,qD3IMtAanSg_00089,data/Diving48_data/videos/qD3IMtAanSg_00089.mp4,28,8,75,1,28,True,True,0.9381754994392395,0.043168467935174704,0.0038914178439881653,1.5796374990604818,177,8,8,8,False,
diving48,val,qD3IMtAanSg_00052,data/Diving48_data/videos/qD3IMtAanSg_00052.mp4,28,8,75,1,28,True,True,0.9583696722984314,0.03547641821205616,0.0038914178439881653,1.5332320537418127,108,8,8,8,False,
diving48,val,sexZ6VnZ9yc_00005,data/Diving48_data/videos/sexZ6VnZ9yc_00005.mp4,29,8,75,1,29,True,True,0.991158664226532,0.04137429781258106,0.0038914178439881653,1.495307861827314,147,8,8,8,False,
diving48,val,MbzIpx8kAD0_00008,data/Diving48_data/videos/MbzIpx8kAD0_00008.mp4,29,8,75,1,29,True,True,0.6053125858306885,0.04399062413722277,0.0038914178439881653,1.4512561177834868,80,8,8,8,False,
diving48,val,bSsVWVfYU4w_00013,data/Diving48_data/videos/bSsVWVfYU4w_00013.mp4,29,8,75,1,36,False,True,0.6936652660369873,0.027804749086499214,0.0038914178439881653,1.4047605339437723,109,8,8,8,False,
diving48,val,MbzIpx8kAD0_00001,data/Diving48_data/videos/MbzIpx8kAD0_00001.mp4,29,8,75,1,36,False,True,0.739482045173645,0.035609898157417774,0.0038914178439881653,1.37384736770764,59,8,8,8,False,
diving48,val,sFO6XlfgxNQ_00017,data/Diving48_data/videos/sFO6XlfgxNQ_00017.mp4,29,8,75,1,36,False,True,0.8817585110664368,0.05249730683863163,0.0038914178439881653,1.336112157907337,159,8,8,8,False,
diving48,val,sexZ6VnZ9yc_00004,data/Diving48_data/videos/sexZ6VnZ9yc_00004.mp4,29,8,75,1,9,False,False,0.7676377296447754,0.04251997731626034,0.0038914178439881653,1.2794779799878597,180,8,8,8,False,
diving48,val,bSsVWVfYU4w_00022,data/Diving48_data/videos/bSsVWVfYU4w_00022.mp4,29,8,75,1,36,False,True,0.7787536382675171,0.03757800767198205,0.0038914178439881653,1.2310784799046814,70,8,8,8,False,
diving48,val,bSsVWVfYU4w_00017,data/Diving48_data/videos/bSsVWVfYU4w_00017.mp4,29,8,75,1,29,True,True,0.5665688514709473,0.032768755685538054,0.0038914178439881653,1.1909834239631891,159,8,8,8,False,
diving48,val,mGRum47TLX0_00007,data/Diving48_data/videos/mGRum47TLX0_00007.mp4,29,8,75,1,31,False,False,0.8390974402427673,0.05195385683327913,0.0038914178439881653,1.1544636557810009,204,8,8,8,False,
diving48,val,bSsVWVfYU4w_00016,data/Diving48_data/videos/bSsVWVfYU4w_00016.mp4,29,8,75,1,31,False,True,0.2203289121389389,0.031294729094952345,0.0038914178439881653,1.0985764567740262,143,8,8,8,False,
diving48,val,CVAfPfVFulQ_00005,data/Diving48_data/videos/CVAfPfVFulQ_00005.mp4,29,8,75,1,36,False,True,0.8687719106674194,0.038846950978040695,0.0038914178439881653,1.0639776862226427,76,8,8,8,False,
diving48,val,bSsVWVfYU4w_00012,data/Diving48_data/videos/bSsVWVfYU4w_00012.mp4,29,8,75,1,20,False,True,0.5521724820137024,0.04314566124230623,0.0038914178439881653,1.0228345529176295,128,8,8,8,False,
diving48,val,sFO6XlfgxNQ_00018,data/Diving48_data/videos/sFO6XlfgxNQ_00018.mp4,29,8,75,1,29,True,True,0.9606054425239563,0.03522684192284942,0.0038914178439881653,0.9776538549922407,116,8,8,8,False,
diving48,val,bSsVWVfYU4w_00023,data/Diving48_data/videos/bSsVWVfYU4w_00023.mp4,29,8,75,1,36,False,True,0.6350886821746826,0.037697344087064266,0.0038914178439881653,0.9388231039047241,114,8,8,8,False,
diving48,val,mGRum47TLX0_00006,data/Diving48_data/videos/mGRum47TLX0_00006.mp4,29,8,75,1,46,False,True,0.8931877017021179,0.0527580501511693,0.0038914178439881653,0.8988728849217296,114,8,8,8,False,
diving48,val,mGRum47TLX0_00004,data/Diving48_data/videos/mGRum47TLX0_00004.mp4,29,8,75,1,29,True,True,0.4320840537548065,0.026548372115939856,0.0038914178439881653,0.8422146020457149,98,8,8,8,False,
diving48,val,bSsVWVfYU4w_00009,data/Diving48_data/videos/bSsVWVfYU4w_00009.mp4,29,8,75,1,36,False,True,0.8235528469085693,0.03021662775427103,0.0038914178439881653,0.8097033319063485,128,8,8,8,False,
diving48,val,sFO6XlfgxNQ_00016,data/Diving48_data/videos/sFO6XlfgxNQ_00016.mp4,29,8,75,1,29,True,True,0.8167804479598999,0.030736298765987158,0.0038914178439881653,0.7771073090843856,69,8,8,8,False,
diving48,val,mGRum47TLX0_00010,data/Diving48_data/videos/mGRum47TLX0_00010.mp4,29,8,75,1,15,False,True,0.7890451550483704,0.02982027316465974,0.0038914178439881653,0.7439674413762987,130,8,8,8,False,
diving48,val,bSsVWVfYU4w_00008,data/Diving48_data/videos/bSsVWVfYU4w_00008.mp4,29,8,75,1,36,False,True,0.98372882604599,0.02669811062514782,0.0038914178439881653,0.7097757081501186,110,8,8,8,False,
diving48,val,Le6xdQ2OO8w_00111,data/Diving48_data/videos/Le6xdQ2OO8w_00111.mp4,31,8,75,1,3,False,True,0.9231457710266113,0.035367393866181374,0.0038914178439881653,0.6805438091978431,115,8,8,8,False,
diving48,val,Le6xdQ2OO8w_00137,data/Diving48_data/videos/Le6xdQ2OO8w_00137.mp4,31,8,75,1,31,True,True,0.46044570207595825,0.05577567499130964,0.0038914178439881653,0.6404725178144872,216,8,8,8,False,
diving48,val,Le6xdQ2OO8w_00025,data/Diving48_data/videos/Le6xdQ2OO8w_00025.mp4,31,8,75,1,31,True,True,0.9741291403770447,0.0333124571479857,0.0038914178439881653,0.5809132950380445,74,8,8,8,False,
diving48,val,Le6xdQ2OO8w_00021,data/Diving48_data/videos/Le6xdQ2OO8w_00021.mp4,31,8,75,1,31,True,True,0.8764675855636597,0.056662759743630886,0.0038914178439881653,0.5453430558554828,236,8,8,8,False,
diving48,val,CVAfPfVFulQ_00012,data/Diving48_data/videos/CVAfPfVFulQ_00012.mp4,31,8,75,1,19,False,True,0.47516244649887085,0.03385342704132199,0.0038189434708328918,1.6862460058182478,57,8,8,8,False,
diving48,val,ovWCmIMMkRI_00026,data/Diving48_data/videos/ovWCmIMMkRI_00026.mp4,31,8,75,1,31,True,True,0.5737669467926025,0.03353777201846242,0.0038189434708328918,1.6472009681165218,112,8,8,8,False,
diving48,val,bSsVWVfYU4w_00038,data/Diving48_data/videos/bSsVWVfYU4w_00038.mp4,31,8,75,1,31,True,True,0.9960893392562866,0.019936622120440006,0.0038189434708328918,1.6112668551504612,47,8,8,8,False,
diving48,val,bSsVWVfYU4w_00078,data/Diving48_data/videos/bSsVWVfYU4w_00078.mp4,31,8,75,1,31,True,True,0.9892436265945435,0.027296041138470173,0.0038189434708328918,1.5885474812239408,93,8,8,8,False,
diving48,val,roFeEJPgJD8_00039,data/Diving48_data/videos/roFeEJPgJD8_00039.mp4,31,8,75,1,34,False,True,0.698081374168396,0.041094355285167694,0.0038189434708328918,1.5571084800176322,100,8,8,8,False,
diving48,val,Le6xdQ2OO8w_00105,data/Diving48_data/videos/Le6xdQ2OO8w_00105.mp4,31,8,75,1,33,False,True,0.9696527123451233,0.030390020925551653,0.0038189434708328918,1.510925993323326,89,8,8,8,False,
diving48,val,TMJ1XIZBRW4_00013,data/Diving48_data/videos/TMJ1XIZBRW4_00013.mp4,31,8,75,1,19,False,True,0.9938862919807434,0.0463116941973567,0.0038189434708328918,1.4782172963023186,110,8,8,8,False,
diving48,val,ovWCmIMMkRI_00043,data/Diving48_data/videos/ovWCmIMMkRI_00043.mp4,31,8,75,1,32,False,True,0.7577736377716064,0.019971698988229036,0.0038189434708328918,1.428674546070397,40,8,8,8,False,
diving48,val,k71Cc-Sm-Mg_00037,data/Diving48_data/videos/k71Cc-Sm-Mg_00037.mp4,31,8,75,1,33,False,False,0.9940045475959778,0.03902750927954912,0.0038189434708328918,1.4063421958126128,119,8,8,8,False,
diving48,val,CVAfPfVFulQ_00014,data/Diving48_data/videos/CVAfPfVFulQ_00014.mp4,31,8,75,1,31,True,True,0.9001430869102478,0.02195982774719596,0.0038189434708328918,1.3668174520134926,66,8,8,8,False,
diving48,val,yHo2oERGo7A_00003,data/Diving48_data/videos/yHo2oERGo7A_00003.mp4,31,8,75,1,33,False,True,0.7403894662857056,0.0437314435839653,0.0038189434708328918,1.3409709362313151,114,8,8,8,False,
diving48,val,TMJ1XIZBRW4_00014,data/Diving48_data/videos/TMJ1XIZBRW4_00014.mp4,31,8,75,1,19,False,True,0.5209199786186218,0.025774023961275816,0.0038189434708328918,1.2932802992872894,83,8,8,8,False,
diving48,val,bSsVWVfYU4w_00031,data/Diving48_data/videos/bSsVWVfYU4w_00031.mp4,31,8,75,1,31,True,True,0.8862367272377014,0.044585932046175,0.0038189434708328918,1.2652200884185731,207,8,8,8,False,
diving48,val,k71Cc-Sm-Mg_00035,data/Diving48_data/videos/k71Cc-Sm-Mg_00035.mp4,31,8,75,1,34,False,False,0.6291446089744568,0.035139110404998064,0.0038189434708328918,1.2174618421122432,99,8,8,8,False,
diving48,val,Le6xdQ2OO8w_00181,data/Diving48_data/videos/Le6xdQ2OO8w_00181.mp4,31,8,75,1,33,False,True,0.878551721572876,0.05209675012156367,0.0038189434708328918,1.1794204879552126,135,8,8,8,False,
diving48,val,Le6xdQ2OO8w_00092,data/Diving48_data/videos/Le6xdQ2OO8w_00092.mp4,31,8,75,1,31,True,True,0.9876059293746948,0.043464445043355227,0.0038189434708328918,1.11724057700485,87,8,8,8,False,
diving48,val,Le6xdQ2OO8w_00243,data/Diving48_data/videos/Le6xdQ2OO8w_00243.mp4,32,8,75,1,25,False,True,0.657964825630188,0.03335319785401225,0.0038189434708328918,1.0700040869414806,76,8,8,8,False,
diving48,val,L_SB1PRgDTE_00021,data/Diving48_data/videos/L_SB1PRgDTE_00021.mp4,32,8,75,1,32,True,True,0.9278233051300049,0.03221206599846482,0.0038189434708328918,1.0341814029961824,56,8,8,8,False,
diving48,val,bSsVWVfYU4w_00133,data/Diving48_data/videos/bSsVWVfYU4w_00133.mp4,32,8,75,1,32,True,True,0.6922145485877991,0.035668041091412306,0.0038189434708328918,0.9995890888385475,142,8,8,8,False,
diving48,val,L2tKML4URG8_00007,data/Diving48_data/videos/L2tKML4URG8_00007.mp4,32,8,75,1,32,True,True,0.8043048977851868,0.028755617793649435,0.0038189434708328918,0.9611415937542915,85,8,8,8,False,
diving48,val,Le6xdQ2OO8w_00231,data/Diving48_data/videos/Le6xdQ2OO8w_00231.mp4,32,8,75,1,34,False,True,0.5519949197769165,0.04499594075605273,0.0038189434708328918,0.930028900038451,98,8,8,8,False,
diving48,val,L2tKML4URG8_00006,data/Diving48_data/videos/L2tKML4URG8_00006.mp4,32,8,75,1,34,False,True,0.6928911805152893,0.042739498894661665,0.0038189434708328918,0.881197246722877,56,8,8,8,False,
diving48,val,bl0C6d9QgIg_00019,data/Diving48_data/videos/bl0C6d9QgIg_00019.mp4,32,8,75,1,32,True,True,0.5349850654602051,0.02816849574446678,0.0038189434708328918,0.8361118659377098,56,8,8,8,False,
diving48,val,L_SB1PRgDTE_00032,data/Diving48_data/videos/L_SB1PRgDTE_00032.mp4,32,8,75,1,34,False,True,0.9404211044311523,0.025511774700134993,0.0038189434708328918,0.8055030638352036,87,8,8,8,False,
diving48,val,MbzIpx8kAD0_00041,data/Diving48_data/videos/MbzIpx8kAD0_00041.mp4,32,8,75,1,32,True,True,0.9616605043411255,0.040188665967434645,0.0038189434708328918,0.7776727038435638,79,8,8,8,False,
diving48,val,Le6xdQ2OO8w_00237,data/Diving48_data/videos/Le6xdQ2OO8w_00237.mp4,32,8,75,1,32,True,True,0.4668368399143219,0.04612261988222599,0.0038189434708328918,0.7354493956081569,89,8,8,8,False,
diving48,val,bSsVWVfYU4w_00165,data/Diving48_data/videos/bSsVWVfYU4w_00165.mp4,32,8,75,1,34,False,True,0.7015494108200073,0.03677550097927451,0.0038189434708328918,0.6854341640137136,106,8,8,8,False,
diving48,val,ovWCmIMMkRI_00039,data/Diving48_data/videos/ovWCmIMMkRI_00039.mp4,32,8,75,1,31,False,True,0.703620433807373,0.03222169820219278,0.0038189434708328918,0.6456177057698369,95,8,8,8,False,
diving48,val,Le6xdQ2OO8w_00242,data/Diving48_data/videos/Le6xdQ2OO8w_00242.mp4,32,8,75,1,32,True,True,0.9019936919212341,0.02475874498486519,0.0038189434708328918,0.6104487031698227,47,8,8,8,False,
diving48,val,mGRum47TLX0_00065,data/Diving48_data/videos/mGRum47TLX0_00065.mp4,32,8,75,1,32,True,True,0.8723713755607605,0.027239736169576645,0.0038189434708328918,0.5836588819511235,68,8,8,8,False,
diving48,val,mGRum47TLX0_00059,data/Diving48_data/videos/mGRum47TLX0_00059.mp4,32,8,75,1,32,True,True,0.8188232779502869,0.030398949049413204,0.0038189434708328918,0.5529147922061384,48,8,8,8,False,
diving48,val,Le6xdQ2OO8w_00262,data/Diving48_data/videos/Le6xdQ2OO8w_00262.mp4,32,8,75,1,32,True,True,0.7591424584388733,0.034368250984698534,0.0038189434708328918,0.5183988241478801,78,8,8,8,False,
diving48,val,Le6xdQ2OO8w_00211,data/Diving48_data/videos/Le6xdQ2OO8w_00211.mp4,32,8,75,1,32,True,True,0.4644474387168884,0.04562448617070913,0.0037233238690532744,1.8200837718322873,107,8,8,8,False,
diving48,val,bl0C6d9QgIg_00020,data/Diving48_data/videos/bl0C6d9QgIg_00020.mp4,32,8,75,1,34,False,True,0.807420551776886,0.03406920796260238,0.0037233238690532744,1.7704134471714497,118,8,8,8,False,
diving48,val,Le6xdQ2OO8w_00236,data/Diving48_data/videos/Le6xdQ2OO8w_00236.mp4,32,8,75,1,31,False,True,0.5093849897384644,0.036539079155772924,0.0037233238690532744,1.7330837529152632,54,8,8,8,False,
diving48,val,Le6xdQ2OO8w_00230,data/Diving48_data/videos/Le6xdQ2OO8w_00230.mp4,32,8,75,1,34,False,True,0.7443358302116394,0.036289643961936235,0.0037233238690532744,1.6916667241603136,84,8,8,8,False,
diving48,val,rRw7peH60Yw_00003,data/Diving48_data/videos/rRw7peH60Yw_00003.mp4,33,8,75,1,33,True,True,0.9980987906455994,0.02894150000065565,0.0037233238690532744,1.6504970300011337,53,8,8,8,False,
diving48,val,XfCaMLlyj9I_00065,data/Diving48_data/videos/XfCaMLlyj9I_00065.mp4,33,8,75,1,33,True,True,0.5188723802566528,0.034009191673249006,0.0037233238690532744,1.6195658422075212,89,8,8,8,False,
diving48,val,XfCaMLlyj9I_00076,data/Diving48_data/videos/XfCaMLlyj9I_00076.mp4,33,8,75,1,26,False,True,0.747668981552124,0.044930818025022745,0.0037233238690532744,1.5828324053436518,163,8,8,8,False,
diving48,val,XfCaMLlyj9I_00070,data/Diving48_data/videos/XfCaMLlyj9I_00070.mp4,33,8,75,1,33,True,True,0.6611884236335754,0.04962656693533063,0.0037233238690532744,1.5344804008491337,253,8,8,8,False,
diving48,val,rRw7peH60Yw_00026,data/Diving48_data/videos/rRw7peH60Yw_00026.mp4,33,8,75,1,33,True,True,0.996371865272522,0.04175157472491264,0.0037233238690532744,1.4816336203366518,71,8,8,8,False,
diving48,val,ovWCmIMMkRI_00049,data/Diving48_data/videos/ovWCmIMMkRI_00049.mp4,33,8,75,1,33,True,True,0.9880956411361694,0.040493400767445564,0.0037233238690532744,1.436533038970083,106,8,8,8,False,
diving48,val,k71Cc-Sm-Mg_00095,data/Diving48_data/videos/k71Cc-Sm-Mg_00095.mp4,33,8,75,1,33,True,True,0.9918340444564819,0.03897758899256587,0.0037233238690532744,1.3924955348484218,75,8,8,8,False,
diving48,val,jMEYIEYkpY0_00076,data/Diving48_data/videos/jMEYIEYkpY0_00076.mp4,33,8,75,1,33,True,True,0.4794779121875763,0.030702320393174887,0.0037233238690532744,1.3507863502018154,105,8,8,8,False,
diving48,val,jMEYIEYkpY0_00099,data/Diving48_data/videos/jMEYIEYkpY0_00099.mp4,33,8,75,1,33,True,True,0.6428084373474121,0.019217983353883028,0.0037233238690532744,1.3165085949003696,45,8,8,8,False,
diving48,val,rRw7peH60Yw_00005,data/Diving48_data/videos/rRw7peH60Yw_00005.mp4,33,8,75,1,33,True,True,0.9063840508460999,0.04614437324926257,0.0037233238690532744,1.2950676609762013,131,8,8,8,False,
diving48,val,ovWCmIMMkRI_00047,data/Diving48_data/videos/ovWCmIMMkRI_00047.mp4,33,8,75,1,34,False,False,0.429601788520813,0.047890782821923494,0.0037233238690532744,1.2456589923240244,120,8,8,8,False,
diving48,val,jMEYIEYkpY0_00075,data/Diving48_data/videos/jMEYIEYkpY0_00075.mp4,33,8,75,1,34,False,True,0.39943280816078186,0.034832985140383244,0.0037233238690532744,1.1930930688977242,111,8,8,8,False,
diving48,val,XfCaMLlyj9I_00141,data/Diving48_data/videos/XfCaMLlyj9I_00141.mp4,33,8,75,1,33,True,True,0.9099814891815186,0.034358151257038116,0.0037233238690532744,1.1543789356946945,130,8,8,8,False,
diving48,val,XfCaMLlyj9I_00063,data/Diving48_data/videos/XfCaMLlyj9I_00063.mp4,33,8,75,1,33,True,True,0.688502311706543,0.037833842914551497,0.0037233238690532744,1.1170283169485629,82,8,8,8,False,
diving48,val,SbzcCzXjYSU_00041,data/Diving48_data/videos/SbzcCzXjYSU_00041.mp4,33,8,75,1,15,False,False,0.9405428767204285,0.06913839094340801,0.0037233238690532744,1.0767820258624852,320,8,8,8,False,
diving48,val,rRw7peH60Yw_00017,data/Diving48_data/videos/rRw7peH60Yw_00017.mp4,33,8,75,1,33,True,True,0.9423304796218872,0.04744165111333132,0.0037233238690532744,1.0036450950428843,163,8,8,8,False,
diving48,val,k71Cc-Sm-Mg_00096,data/Diving48_data/videos/k71Cc-Sm-Mg_00096.mp4,33,8,75,1,24,False,True,0.8965732455253601,0.039825504180043936,0.0037233238690532744,0.948578717187047,101,8,8,8,False,
diving48,val,SbzcCzXjYSU_00042,data/Diving48_data/videos/SbzcCzXjYSU_00042.mp4,33,8,75,1,7,False,True,0.7886520028114319,0.04024452297016978,0.0037233238690532744,0.9058569851331413,120,8,8,8,False,
diving48,val,XfCaMLlyj9I_00073,data/Diving48_data/videos/XfCaMLlyj9I_00073.mp4,33,8,75,1,24,False,True,0.5645731091499329,0.034430507104843855,0.0037233238690532744,0.8619601270183921,83,8,8,8,False,
diving48,val,k71Cc-Sm-Mg_00098,data/Diving48_data/videos/k71Cc-Sm-Mg_00098.mp4,33,8,75,1,34,False,True,0.9417203068733215,0.027179796248674393,0.0037233238690532744,0.8250780268572271,70,8,8,8,False,
diving48,val,SbzcCzXjYSU_00023,data/Diving48_data/videos/SbzcCzXjYSU_00023.mp4,34,8,75,1,34,True,True,0.7505536675453186,0.0309134260751307,0.0037233238690532744,0.7954962179064751,116,8,8,8,False,
diving48,val,roFeEJPgJD8_00025,data/Diving48_data/videos/roFeEJPgJD8_00025.mp4,34,8,75,1,34,True,True,0.99601149559021,0.037349214777350426,0.0037233238690532744,0.7592584500089288,87,8,8,8,False,
diving48,val,SbzcCzXjYSU_00024,data/Diving48_data/videos/SbzcCzXjYSU_00024.mp4,34,8,75,1,34,True,True,0.9440065026283264,0.039080383256077766,0.0037233238690532744,0.7142391409724951,103,8,8,8,False,
diving48,val,yHo2oERGo7A_00073,data/Diving48_data/videos/yHo2oERGo7A_00073.mp4,34,8,75,1,8,False,True,0.9756094217300415,0.026149993762373924,0.0037233238690532744,0.6713127316907048,95,8,8,8,False,
diving48,val,yHo2oERGo7A_00013,data/Diving48_data/videos/yHo2oERGo7A_00013.mp4,34,8,75,1,27,False,True,0.5372426509857178,0.033697367180138826,0.0037233238690532744,0.639550818130374,121,8,8,8,False,
diving48,val,yHo2oERGo7A_00031,data/Diving48_data/videos/yHo2oERGo7A_00031.mp4,34,8,75,1,31,False,False,0.8314383625984192,0.036642728839069605,0.0037233238690532744,0.6012817290611565,132,8,8,8,False,
diving48,val,yHo2oERGo7A_00039,data/Diving48_data/videos/yHo2oERGo7A_00039.mp4,34,8,75,1,34,True,True,0.9637098908424377,0.035112922079861164,0.0037233238690532744,0.5606462433934212,114,8,8,8,False,
diving48,val,jMEYIEYkpY0_00057,data/Diving48_data/videos/jMEYIEYkpY0_00057.mp4,34,8,75,1,34,True,True,0.9806717038154602,0.042664446868002415,0.0037233238690532744,0.5226823138073087,138,8,8,8,False,
diving48,val,CVAfPfVFulQ_00069,data/Diving48_data/videos/CVAfPfVFulQ_00069.mp4,34,8,75,1,34,True,True,0.9953045845031738,0.03308216668665409,0.0037438757135532796,1.696703481953591,47,8,8,8,False,
diving48,val,SbzcCzXjYSU_00012,data/Diving48_data/videos/SbzcCzXjYSU_00012.mp4,34,8,75,1,8,False,True,0.9768597483634949,0.04382984386757016,0.0037438757135532796,1.6593387299217284,137,8,8,8,False,
diving48,val,zmacW6f2Tdk_00012,data/Diving48_data/videos/zmacW6f2Tdk_00012.mp4,34,8,75,1,34,True,True,0.41549280285835266,0.043304727878421545,0.0037438757135532796,1.6117106177844107,105,8,8,8,False,
diving48,val,bSsVWVfYU4w_00146,data/Diving48_data/videos/bSsVWVfYU4w_00146.mp4,34,8,75,1,14,False,False,0.7339063882827759,0.0336783598177135,0.0037438757135532796,1.5650783418677747,149,8,8,8,False,
diving48,val,yHo2oERGo7A_00010,data/Diving48_data/videos/yHo2oERGo7A_00010.mp4,34,8,75,1,34,True,True,0.5772204399108887,0.026268386747688055,0.0037438757135532796,1.5283702039159834,124,8,8,8,False,
diving48,val,SbzcCzXjYSU_00010,data/Diving48_data/videos/SbzcCzXjYSU_00010.mp4,34,8,75,1,8,False,True,0.3279944062232971,0.057485068682581186,0.0037438757135532796,1.4966303361579776,263,8,8,8,False,
diving48,val,yHo2oERGo7A_00030,data/Diving48_data/videos/yHo2oERGo7A_00030.mp4,34,8,75,1,33,False,True,0.9980577826499939,0.040276759304106236,0.0037438757135532796,1.4343391889706254,130,8,8,8,False,
diving48,val,SbzcCzXjYSU_00013,data/Diving48_data/videos/SbzcCzXjYSU_00013.mp4,34,8,75,1,34,True,True,0.9055151343345642,0.03936606319621205,0.0037438757135532796,1.3885771869681776,132,8,8,8,False,
diving48,val,bSsVWVfYU4w_00145,data/Diving48_data/videos/bSsVWVfYU4w_00145.mp4,34,8,75,1,34,True,True,0.9411152005195618,0.027611566241830587,0.0037438757135532796,1.3459314899519086,103,8,8,8,False,
diving48,val,CVAfPfVFulQ_00057,data/Diving48_data/videos/CVAfPfVFulQ_00057.mp4,34,8,75,1,34,True,True,0.9824079871177673,0.02335907705128193,0.0037438757135532796,1.3144837291911244,69,8,8,8,False,
diving48,val,SbzcCzXjYSU_00025,data/Diving48_data/videos/SbzcCzXjYSU_00025.mp4,34,8,75,1,34,True,True,0.9744627475738525,0.034957258962094784,0.0037438757135532796,1.2866050428710878,101,8,8,8,False,
diving48,val,CVAfPfVFulQ_00050,data/Diving48_data/videos/CVAfPfVFulQ_00050.mp4,34,8,75,1,32,False,True,0.9229570627212524,0.03989354474470019,0.0037438757135532796,1.248785917647183,83,8,8,8,False,
diving48,val,qD3IMtAanSg_00096,data/Diving48_data/videos/qD3IMtAanSg_00096.mp4,35,8,75,1,35,True,True,0.9924059510231018,0.04290390806272626,0.0037438757135532796,1.2047658748924732,162,8,8,8,False,
diving48,val,zBXtMcI41z8_00079,data/Diving48_data/videos/zBXtMcI41z8_00079.mp4,35,8,75,1,35,True,True,0.9965092539787292,0.03314285492524505,0.0037438757135532796,1.1584516721777618,91,8,8,8,False,
diving48,val,sFO6XlfgxNQ_00065,data/Diving48_data/videos/sFO6XlfgxNQ_00065.mp4,35,8,75,1,35,True,True,0.9984912872314453,0.04630147619172931,0.0037438757135532796,1.123025659006089,174,8,8,8,False,
diving48,val,XfCaMLlyj9I_00128,data/Diving48_data/videos/XfCaMLlyj9I_00128.mp4,35,8,75,1,35,True,True,0.9064399003982544,0.03603674517944455,0.0037438757135532796,1.0732282251119614,74,8,8,8,False,
diving48,val,XfCaMLlyj9I_00124,data/Diving48_data/videos/XfCaMLlyj9I_00124.mp4,35,8,75,1,35,True,True,0.8427550792694092,0.026840961072593927,0.0037438757135532796,1.0342335724271834,71,8,8,8,False,
diving48,val,zBXtMcI41z8_00078,data/Diving48_data/videos/zBXtMcI41z8_00078.mp4,35,8,75,1,35,True,True,0.996760904788971,0.02853874582797289,0.0037438757135532796,1.0049710078164935,67,8,8,8,False,
diving48,val,qD3IMtAanSg_00095,data/Diving48_data/videos/qD3IMtAanSg_00095.mp4,35,8,75,1,35,True,True,0.9970031380653381,0.02361778123304248,0.0037438757135532796,0.9749573180451989,66,8,8,8,False,
diving48,val,XfCaMLlyj9I_00085,data/Diving48_data/videos/XfCaMLlyj9I_00085.mp4,35,8,75,1,34,False,True,0.2765233516693115,0.047544382978230715,0.0037438757135532796,0.9494694378226995,170,8,8,8,False,
diving48,val,k71Cc-Sm-Mg_00142,data/Diving48_data/videos/k71Cc-Sm-Mg_00142.mp4,35,8,75,1,33,False,True,0.8760188817977905,0.027661011088639498,0.0037438757135532796,0.8990730051882565,81,8,8,8,False,
diving48,val,k71Cc-Sm-Mg_00149,data/Diving48_data/videos/k71Cc-Sm-Mg_00149.mp4,35,8,75,1,33,False,True,0.7037509083747864,0.024717355147004128,0.0037438757135532796,0.869787807110697,53,8,8,8,False,
diving48,val,sFO6XlfgxNQ_00066,data/Diving48_data/videos/sFO6XlfgxNQ_00066.mp4,35,8,75,1,35,True,True,0.8821039199829102,0.039319559931755066,0.0037438757135532796,0.8438963596709073,69,8,8,8,False,
diving48,val,sFO6XlfgxNQ_00064,data/Diving48_data/videos/sFO6XlfgxNQ_00064.mp4,35,8,75,1,35,True,True,0.9984464049339294,0.028955592308193445,0.0037438757135532796,0.8020576797425747,76,8,8,8,False,
diving48,val,sFO6XlfgxNQ_00078,data/Diving48_data/videos/sFO6XlfgxNQ_00078.mp4,35,8,75,1,26,False,False,0.989578902721405,0.026435949373990297,0.0037438757135532796,0.7703977399505675,61,8,8,8,False,
diving48,val,sFO6XlfgxNQ_00076,data/Diving48_data/videos/sFO6XlfgxNQ_00076.mp4,35,8,75,1,35,True,True,0.9881667494773865,0.021234577987343073,0.0037438757135532796,0.7418335611000657,35,8,8,8,False,
diving48,val,zBXtMcI41z8_00035,data/Diving48_data/videos/zBXtMcI41z8_00035.mp4,35,8,75,1,35,True,True,0.9986276626586914,0.028647160157561302,0.0037438757135532796,0.7182441637851298,48,8,8,8,False,
diving48,val,k71Cc-Sm-Mg_00143,data/Diving48_data/videos/k71Cc-Sm-Mg_00143.mp4,35,8,75,1,44,False,False,0.3722464442253113,0.03926548408344388,0.0037438757135532796,0.6878898739814758,116,8,8,8,False,
diving48,val,jMEYIEYkpY0_00046,data/Diving48_data/videos/jMEYIEYkpY0_00046.mp4,35,8,75,1,35,True,True,0.5394836068153381,0.032100532203912735,0.0037438757135532796,0.6455345400609076,118,8,8,8,False,
diving48,val,jMEYIEYkpY0_00051,data/Diving48_data/videos/jMEYIEYkpY0_00051.mp4,35,8,75,1,35,True,True,0.8299911618232727,0.036897890735417604,0.0037438757135532796,0.6093860669061542,121,8,8,8,False,
diving48,val,qD3IMtAanSg_00087,data/Diving48_data/videos/qD3IMtAanSg_00087.mp4,35,8,75,1,12,False,True,0.8194292783737183,0.03496805764734745,0.0037438757135532796,0.5695603699423373,94,8,8,8,False,
diving48,val,sFO6XlfgxNQ_00108,data/Diving48_data/videos/sFO6XlfgxNQ_00108.mp4,35,8,75,1,35,True,True,0.9968355298042297,0.05191254895180464,0.0037438757135532796,0.5321526532061398,123,8,8,8,False,
diving48,val,k71Cc-Sm-Mg_00005,data/Diving48_data/videos/k71Cc-Sm-Mg_00005.mp4,36,8,75,1,36,True,True,0.9267852902412415,0.03752034902572632,0.0037141841457923874,1.76167325489223,103,8,8,8,False,
diving48,val,Le6xdQ2OO8w_00107,data/Diving48_data/videos/Le6xdQ2OO8w_00107.mp4,36,8,75,1,36,True,True,0.8322935104370117,0.03588047670200467,0.0037141841457923874,1.7181372120976448,49,8,8,8,False,
diving48,val,bSsVWVfYU4w_00042,data/Diving48_data/videos/bSsVWVfYU4w_00042.mp4,36,8,75,1,36,True,True,0.990740180015564,0.026237516663968563,0.0037141841457923874,1.6804056870751083,49,8,8,8,False,
diving48,val,sFO6XlfgxNQ_00011,data/Diving48_data/videos/sFO6XlfgxNQ_00011.mp4,36,8,75,1,36,True,True,0.3937678039073944,0.04313557408750057,0.0037141841457923874,1.6517941923812032,161,8,8,8,False,
diving48,val,sFO6XlfgxNQ_00010,data/Diving48_data/videos/sFO6XlfgxNQ_00010.mp4,36,8,75,1,36,True,True,0.9851283431053162,0.044354951940476894,0.0037141841457923874,1.606512111146003,154,8,8,8,False,
diving48,val,mGRum47TLX0_00021,data/Diving48_data/videos/mGRum47TLX0_00021.mp4,36,8,75,1,36,True,True,0.7916310429573059,0.033221075776964426,0.0037141841457923874,1.558328218292445,86,8,8,8,False,
diving48,val,zBXtMcI41z8_00092,data/Diving48_data/videos/zBXtMcI41z8_00092.mp4,36,8,75,1,36,True,True,0.9654171466827393,0.040693549904972315,0.0037141841457923874,1.5217257598415017,98,8,8,8,False,
diving48,val,TMJ1XIZBRW4_00009,data/Diving48_data/videos/TMJ1XIZBRW4_00009.mp4,36,8,75,1,29,False,True,0.6430467963218689,0.03292388096451759,0.0037141841457923874,1.4790267990902066,61,8,8,8,False,
diving48,val,Le6xdQ2OO8w_00096,data/Diving48_data/videos/Le6xdQ2OO8w_00096.mp4,36,8,75,1,29,False,True,0.5977672934532166,0.05077921273186803,0.0037141841457923874,1.4420615541748703,138,8,8,8,False,
diving48,val,bSsVWVfYU4w_00035,data/Diving48_data/videos/bSsVWVfYU4w_00035.mp4,36,8,75,1,36,True,True,0.9956837892532349,0.03204003907740116,0.0037141841457923874,1.3844171147793531,120,8,8,8,False,
diving48,val,Le6xdQ2OO8w_00100,data/Diving48_data/videos/Le6xdQ2OO8w_00100.mp4,36,8,75,1,15,False,True,0.9971202611923218,0.040351211093366146,0.0037141841457923874,1.3489744970574975,144,8,8,8,False,
diving48,val,bSsVWVfYU4w_00088,data/Diving48_data/videos/bSsVWVfYU4w_00088.mp4,36,8,75,1,19,False,False,0.9817711114883423,0.03030201094225049,0.0037141841457923874,1.3011959809809923,129,8,8,8,False,
diving48,val,sFO6XlfgxNQ_00007,data/Diving48_data/videos/sFO6XlfgxNQ_00007.mp4,36,8,75,1,36,True,True,0.9946815371513367,0.048764146864414215,0.0037141841457923874,1.2673160508275032,168,8,8,8,False,
diving48,val,Le6xdQ2OO8w_00116,data/Diving48_data/videos/Le6xdQ2OO8w_00116.mp4,36,8,75,1,36,True,True,0.9946211576461792,0.03607005579397082,0.0037141841457923874,1.2156943599693477,104,8,8,8,False,
diving48,val,sFO6XlfgxNQ_00006,data/Diving48_data/videos/sFO6XlfgxNQ_00006.mp4,36,8,75,1,36,True,True,0.9937047362327576,0.03659648587927222,0.0037141841457923874,1.1753735104575753,129,8,8,8,False,
diving48,val,zBXtMcI41z8_00005,data/Diving48_data/videos/zBXtMcI41z8_00005.mp4,36,8,75,1,46,False,True,0.9471160769462585,0.023406493943184614,0.0037141841457923874,1.1354705770500004,52,8,8,8,False,
diving48,val,Le6xdQ2OO8w_00114,data/Diving48_data/videos/Le6xdQ2OO8w_00114.mp4,36,8,75,1,36,True,True,0.9311689734458923,0.03763675503432751,0.0037141841457923874,1.1101090987212956,119,8,8,8,False,
diving48,val,ovWCmIMMkRI_00027,data/Diving48_data/videos/ovWCmIMMkRI_00027.mp4,36,8,75,1,36,True,True,0.9955377578735352,0.03537500975653529,0.0037141841457923874,1.0624274439178407,58,8,8,8,False,
diving48,val,Le6xdQ2OO8w_00112,data/Diving48_data/videos/Le6xdQ2OO8w_00112.mp4,36,8,75,1,1,False,True,0.6668516993522644,0.05428569111973047,0.0037141841457923874,1.0254046781919897,178,8,8,8,False,
diving48,val,zBXtMcI41z8_00086,data/Diving48_data/videos/zBXtMcI41z8_00086.mp4,36,8,75,1,31,False,True,0.9410021901130676,0.03462464129552245,0.0037141841457923874,0.9665495939552784,129,8,8,8,False,
diving48,val,SbzcCzXjYSU_00006,data/Diving48_data/videos/SbzcCzXjYSU_00006.mp4,37,8,75,1,0,False,True,0.7270771861076355,0.043577118776738644,0.0037141841457923874,0.9286325871944427,143,8,8,8,False,
diving48,val,bSsVWVfYU4w_00091,data/Diving48_data/videos/bSsVWVfYU4w_00091.mp4,37,8,75,1,37,True,True,0.6031861305236816,0.031609741039574146,0.0037141841457923874,0.8814629311673343,112,8,8,8,False,
diving48,val,bSsVWVfYU4w_00090,data/Diving48_data/videos/bSsVWVfYU4w_00090.mp4,37,8,75,1,0,False,False,0.6894209980964661,0.032543760258704424,0.0037141841457923874,0.8463649987243116,142,8,8,8,False,
diving48,val,SbzcCzXjYSU_00005,data/Diving48_data/videos/SbzcCzXjYSU_00005.mp4,37,8,75,1,19,False,True,0.5846416354179382,0.029011761769652367,0.0037141841457923874,0.8110761311836541,70,8,8,8,False,
diving48,val,cs8g1es4vfM_00036,data/Diving48_data/videos/cs8g1es4vfM_00036.mp4,38,8,75,1,17,False,True,0.6826826333999634,0.019454421009868383,0.0037141841457923874,0.7806878029368818,54,8,8,8,False,
diving48,val,cs8g1es4vfM_00037,data/Diving48_data/videos/cs8g1es4vfM_00037.mp4,38,8,75,1,17,False,True,0.5360045433044434,0.033734239637851715,0.0037141841457923874,0.7585207540541887,98,8,8,8,False,
diving48,val,yHo2oERGo7A_00094,data/Diving48_data/videos/yHo2oERGo7A_00094.mp4,39,8,75,1,36,False,True,0.6484586000442505,0.040233754087239504,0.0037141841457923874,0.7207489470019937,104,8,8,8,False,
diving48,val,yHo2oERGo7A_00095,data/Diving48_data/videos/yHo2oERGo7A_00095.mp4,39,8,75,1,1,False,True,0.5252631902694702,0.025508726947009563,0.0037141841457923874,0.6776139810681343,84,8,8,8,False,
diving48,val,cs8g1es4vfM_00044,data/Diving48_data/videos/cs8g1es4vfM_00044.mp4,39,8,75,1,21,False,False,0.9037948250770569,0.025308268144726753,0.0037141841457923874,0.6494662370532751,106,8,8,8,False,
diving48,val,cs8g1es4vfM_00045,data/Diving48_data/videos/cs8g1es4vfM_00045.mp4,39,8,75,1,29,False,True,0.8309698104858398,0.04737403057515621,0.0037141841457923874,0.6200143140740693,175,8,8,8,False,
diving48,val,yHo2oERGo7A_00093,data/Diving48_data/videos/yHo2oERGo7A_00093.mp4,39,8,75,1,46,False,True,0.3584834635257721,0.02694992395117879,0.0037141841457923874,0.5637725768610835,92,8,8,8,False,
diving48,val,rRw7peH60Yw_00033,data/Diving48_data/videos/rRw7peH60Yw_00033.mp4,40,8,75,1,17,False,False,0.3071897625923157,0.05342884315177798,0.0037141841457923874,0.5336012789048254,185,8,8,8,False,
diving48,val,rRw7peH60Yw_00012,data/Diving48_data/videos/rRw7peH60Yw_00012.mp4,40,8,75,1,17,False,True,0.8803578019142151,0.04776066215708852,0.0037404252507258207,1.8704823260195553,133,8,8,8,False,
diving48,val,sRA_iEJGHtU_00001,data/Diving48_data/videos/sRA_iEJGHtU_00001.mp4,41,8,75,1,41,True,True,0.5642792582511902,0.02386844577267766,0.0037404252507258207,1.8165133809670806,44,8,8,8,False,
diving48,val,cs8g1es4vfM_00007,data/Diving48_data/videos/cs8g1es4vfM_00007.mp4,41,8,75,1,16,False,True,0.6208451986312866,0.03985513700172305,0.0037404252507258207,1.7900663590990007,141,8,8,8,False,
diving48,val,zmacW6f2Tdk_00055,data/Diving48_data/videos/zmacW6f2Tdk_00055.mp4,41,8,75,1,25,False,False,0.7174290418624878,0.030462712049484253,0.0037404252507258207,1.7467454969882965,97,8,8,8,False,
diving48,val,SbzcCzXjYSU_00035,data/Diving48_data/videos/SbzcCzXjYSU_00035.mp4,41,8,75,1,19,False,False,0.8435722589492798,0.04195189289748669,0.0037404252507258207,1.7113521001301706,108,8,8,8,False,
diving48,val,SbzcCzXjYSU_00036,data/Diving48_data/videos/SbzcCzXjYSU_00036.mp4,41,8,75,1,36,False,False,0.6129021048545837,0.03135149274021387,0.0037404252507258207,1.6651981631293893,82,8,8,8,False,
diving48,val,SbzcCzXjYSU_00037,data/Diving48_data/videos/SbzcCzXjYSU_00037.mp4,41,8,75,1,41,True,True,0.9192665815353394,0.04514708276838064,0.0037404252507258207,1.6298805442638695,118,8,8,8,False,
diving48,val,sRA_iEJGHtU_00003,data/Diving48_data/videos/sRA_iEJGHtU_00003.mp4,41,8,75,1,41,True,True,0.9442014694213867,0.03371124202385545,0.0037404252507258207,1.581287627108395,88,8,8,8,False,
diving48,val,sRA_iEJGHtU_00000,data/Diving48_data/videos/sRA_iEJGHtU_00000.mp4,41,8,75,1,41,True,True,0.9822433590888977,0.02888652728870511,0.0037404252507258207,1.5457714670337737,44,8,8,8,False,
diving48,val,cs8g1es4vfM_00006,data/Diving48_data/videos/cs8g1es4vfM_00006.mp4,41,8,75,1,32,False,False,0.7194942831993103,0.02635794784873724,0.0037404252507258207,1.5149101014249027,107,8,8,8,False,
diving48,val,sRA_iEJGHtU_00002,data/Diving48_data/videos/sRA_iEJGHtU_00002.mp4,41,8,75,1,41,True,True,0.6377067565917969,0.028520220424979925,0.0037404252507258207,1.4837726051919162,54,8,8,8,False,
diving48,val,k71Cc-Sm-Mg_00180,data/Diving48_data/videos/k71Cc-Sm-Mg_00180.mp4,42,8,75,1,29,False,False,0.4037778973579407,0.04319392703473568,0.0037404252507258207,1.4520884878002107,125,8,8,8,False,
diving48,val,k71Cc-Sm-Mg_00179,data/Diving48_data/videos/k71Cc-Sm-Mg_00179.mp4,42,8,75,1,26,False,True,0.485595166683197,0.02919712383300066,0.0037404252507258207,1.4060904420912266,66,8,8,8,False,
diving48,val,rRw7peH60Yw_00023,data/Diving48_data/videos/rRw7peH60Yw_00023.mp4,42,8,75,1,21,False,False,0.9135239124298096,0.06429684488102794,0.0037404252507258207,1.3746026088483632,293,8,8,8,False,
diving48,val,SbzcCzXjYSU_00044,data/Diving48_data/videos/SbzcCzXjYSU_00044.mp4,43,8,75,1,43,True,True,0.7832736968994141,0.04723591497167945,0.0037404252507258207,1.3072418891824782,179,8,8,8,False,
diving48,val,SbzcCzXjYSU_00046,data/Diving48_data/videos/SbzcCzXjYSU_00046.mp4,43,8,75,1,43,True,True,0.9885586500167847,0.05982035165652633,0.0037404252507258207,1.2524877469986677,179,8,8,8,False,
diving48,val,rRw7peH60Yw_00022,data/Diving48_data/videos/rRw7peH60Yw_00022.mp4,43,8,75,1,19,False,False,0.9927055239677429,0.05471365200355649,0.0037404252507258207,1.1888141692616045,156,8,8,8,False,
diving48,val,rRw7peH60Yw_00007,data/Diving48_data/videos/rRw7peH60Yw_00007.mp4,43,8,75,1,19,False,True,0.40140199661254883,0.05117797385901213,0.0037404252507258207,1.1289504189044237,107,8,8,8,False,
diving48,val,SbzcCzXjYSU_00017,data/Diving48_data/videos/SbzcCzXjYSU_00017.mp4,43,8,75,1,21,False,True,0.6619035005569458,0.03248244524002075,0.0037404252507258207,1.0753836575895548,62,8,8,8,False,
diving48,val,zmacW6f2Tdk_00053,data/Diving48_data/videos/zmacW6f2Tdk_00053.mp4,43,8,75,1,21,False,True,0.9526045322418213,0.031446882057935,0.0037404252507258207,1.0404579658061266,113,8,8,8,False,
diving48,val,SbzcCzXjYSU_00045,data/Diving48_data/videos/SbzcCzXjYSU_00045.mp4,43,8,75,1,24,False,True,0.6736248135566711,0.059411303605884314,0.0037404252507258207,1.0058236350305378,306,8,8,8,False,
diving48,val,zmacW6f2Tdk_00054,data/Diving48_data/videos/zmacW6f2Tdk_00054.mp4,43,8,75,1,21,False,True,0.6538091897964478,0.043204651679843664,0.0037404252507258207,0.9426801083609462,144,8,8,8,False,
diving48,val,8qRmKunCjtY_00017,data/Diving48_data/videos/8qRmKunCjtY_00017.mp4,43,8,75,1,39,False,False,0.8894288539886475,0.0489184963516891,0.0037404252507258207,0.8955150060355663,130,8,8,8,False,
diving48,val,yHo2oERGo7A_00074,data/Diving48_data/videos/yHo2oERGo7A_00074.mp4,44,8,75,1,7,False,False,0.9018921256065369,0.04962185025215149,0.0037404252507258207,0.8411852857097983,146,8,8,8,False,
diving48,val,roFeEJPgJD8_00023,data/Diving48_data/videos/roFeEJPgJD8_00023.mp4,44,8,75,1,44,True,True,0.8386792540550232,0.037287311628460884,0.0037404252507258207,0.7878148551099002,92,8,8,8,False,
diving48,val,Le6xdQ2OO8w_00223,data/Diving48_data/videos/Le6xdQ2OO8w_00223.mp4,44,8,75,1,44,True,True,0.9156719446182251,0.03867759695276618,0.0037404252507258207,0.7443467476405203,107,8,8,8,False,
diving48,val,zmacW6f2Tdk_00022,data/Diving48_data/videos/zmacW6f2Tdk_00022.mp4,44,8,75,1,24,False,False,0.7946109771728516,0.01891185622662306,0.0037404252507258207,0.6999965882860124,41,8,8,8,False,
diving48,val,CVAfPfVFulQ_00074,data/Diving48_data/videos/CVAfPfVFulQ_00074.mp4,44,8,75,1,34,False,False,0.3301413655281067,0.027446175925433636,0.0037404252507258207,0.679578757379204,88,8,8,8,False,
diving48,val,yHo2oERGo7A_00049,data/Diving48_data/videos/yHo2oERGo7A_00049.mp4,44,8,75,1,8,False,True,0.34345459938049316,0.03240319108590484,0.0037404252507258207,0.6475687990896404,85,8,8,8,False,
diving48,val,SbzcCzXjYSU_00026,data/Diving48_data/videos/SbzcCzXjYSU_00026.mp4,44,8,75,1,44,True,True,0.6596132516860962,0.045706138014793396,0.0037404252507258207,0.6129145156592131,146,8,8,8,False,
diving48,val,jMEYIEYkpY0_00086,data/Diving48_data/videos/jMEYIEYkpY0_00086.mp4,44,8,75,1,8,False,True,0.8425832390785217,0.0379534768871963,0.0037404252507258207,0.5578216076828539,77,8,8,8,False,
diving48,val,jMEYIEYkpY0_00071,data/Diving48_data/videos/jMEYIEYkpY0_00071.mp4,44,8,75,1,8,False,True,0.9755114316940308,0.03793893614783883,0.0037404252507258207,0.5171650061383843,102,8,8,8,False,
diving48,val,roFeEJPgJD8_00024,data/Diving48_data/videos/roFeEJPgJD8_00024.mp4,44,8,75,1,44,True,True,0.991738498210907,0.05477381171658635,0.0036529733188217506,1.7592186089605093,96,8,8,8,False,
diving48,val,TMJ1XIZBRW4_00049,data/Diving48_data/videos/TMJ1XIZBRW4_00049.mp4,44,8,75,1,44,True,True,0.41005221009254456,0.02466820413246751,0.0036529733188217506,1.699814380146563,70,8,8,8,False,
diving48,val,cs8g1es4vfM_00030,data/Diving48_data/videos/cs8g1es4vfM_00030.mp4,44,8,75,1,24,False,False,0.5081210732460022,0.029044264927506447,0.0036529733188217506,1.6700343219563365,109,8,8,8,False,
diving48,val,yHo2oERGo7A_00062,data/Diving48_data/videos/yHo2oERGo7A_00062.mp4,44,8,75,1,21,False,False,0.9616833329200745,0.047372834756970406,0.0036529733188217506,1.6386962360702455,190,8,8,8,False,
diving48,val,yHo2oERGo7A_00080,data/Diving48_data/videos/yHo2oERGo7A_00080.mp4,44,8,75,1,25,False,False,0.4596764147281647,0.03049951931461692,0.0036529733188217506,1.5837712939828634,141,8,8,8,False,
diving48,val,jMEYIEYkpY0_00085,data/Diving48_data/videos/jMEYIEYkpY0_00085.mp4,44,8,75,1,8,False,True,0.8637359738349915,0.02681939397007227,0.0036529733188217506,1.5517169758677483,83,8,8,8,False,
diving48,val,yHo2oERGo7A_00050,data/Diving48_data/videos/yHo2oERGo7A_00050.mp4,44,8,75,1,44,True,True,0.7251533269882202,0.036752795334905386,0.0036529733188217506,1.5217227120883763,144,8,8,8,False,
diving48,val,zmacW6f2Tdk_00033,data/Diving48_data/videos/zmacW6f2Tdk_00033.mp4,44,8,75,1,44,True,True,0.3774469792842865,0.034138471353799105,0.0036529733188217506,1.4818944111466408,118,8,8,8,False,
diving48,val,Le6xdQ2OO8w_00222,data/Diving48_data/videos/Le6xdQ2OO8w_00222.mp4,44,8,75,1,27,False,True,0.5370770692825317,0.05772138712927699,0.0036529733188217506,1.4441068177111447,130,8,8,8,False,
diving48,val,cs8g1es4vfM_00026,data/Diving48_data/videos/cs8g1es4vfM_00026.mp4,44,8,75,1,44,True,True,0.9961699843406677,0.03244610596448183,0.0036529733188217506,1.3782337699085474,80,8,8,8,False,
diving48,val,yHo2oERGo7A_00063,data/Diving48_data/videos/yHo2oERGo7A_00063.mp4,44,8,75,1,8,False,False,0.4980679452419281,0.037686801981180906,0.0036529733188217506,1.3427234264090657,202,8,8,8,False,
diving48,val,rRw7peH60Yw_00015,data/Diving48_data/videos/rRw7peH60Yw_00015.mp4,45,8,75,1,27,False,True,0.5339659452438354,0.04105816641822457,0.0036529733188217506,1.302326831035316,118,8,8,8,False,
diving48,val,k71Cc-Sm-Mg_00063,data/Diving48_data/videos/k71Cc-Sm-Mg_00063.mp4,45,8,75,1,45,True,True,0.8395220041275024,0.033150368835777044,0.0036529733188217506,1.256164195947349,94,8,8,8,False,
diving48,val,qD3IMtAanSg_00118,data/Diving48_data/videos/qD3IMtAanSg_00118.mp4,45,8,75,1,45,True,True,0.9958541393280029,0.04244311014190316,0.0036529733188217506,1.2203327883034945,178,8,8,8,False,
diving48,val,qD3IMtAanSg_00094,data/Diving48_data/videos/qD3IMtAanSg_00094.mp4,45,8,75,1,12,False,True,0.9912108182907104,0.0446742489002645,0.0036529733188217506,1.1747961333021522,180,8,8,8,False,
diving48,val,qD3IMtAanSg_00001,data/Diving48_data/videos/qD3IMtAanSg_00001.mp4,45,8,75,1,12,False,True,0.9944880604743958,0.04890562919899821,0.0036529733188217506,1.1267587030306458,191,8,8,8,False,
diving48,val,XfCaMLlyj9I_00104,data/Diving48_data/videos/XfCaMLlyj9I_00104.mp4,45,8,75,1,45,True,True,0.974395751953125,0.03184341639280319,0.0036529733188217506,1.0745130931027234,64,8,8,8,False,
diving48,val,qD3IMtAanSg_00093,data/Diving48_data/videos/qD3IMtAanSg_00093.mp4,45,8,75,1,45,True,True,0.9681047201156616,0.0293216397985816,0.0036529733188217506,1.0400194562971592,63,8,8,8,False,
diving48,val,qD3IMtAanSg_00071,data/Diving48_data/videos/qD3IMtAanSg_00071.mp4,45,8,75,1,45,True,True,0.9954839944839478,0.04753409884870052,0.0036529733188217506,1.0089400629512966,178,8,8,8,False,
diving48,val,qD3IMtAanSg_00049,data/Diving48_data/videos/qD3IMtAanSg_00049.mp4,45,8,75,1,35,False,True,0.8001711368560791,0.040328689850866795,0.0036529733188217506,0.9585297340527177,106,8,8,8,False,
diving48,val,qD3IMtAanSg_00000,data/Diving48_data/videos/qD3IMtAanSg_00000.mp4,45,8,75,1,12,False,True,0.9306430220603943,0.03531754994764924,0.0036529733188217506,0.9156546257436275,91,8,8,8,False,
diving48,val,XfCaMLlyj9I_00106,data/Diving48_data/videos/XfCaMLlyj9I_00106.mp4,45,8,75,1,45,True,True,0.9336620569229126,0.027776377741247416,0.0036529733188217506,0.878144402988255,76,8,8,8,False,
diving48,val,k71Cc-Sm-Mg_00091,data/Diving48_data/videos/k71Cc-Sm-Mg_00091.mp4,45,8,75,1,44,False,True,0.7655298113822937,0.028264919761568308,0.0036529733188217506,0.8482525497674942,72,8,8,8,False,
diving48,val,jMEYIEYkpY0_00069,data/Diving48_data/videos/jMEYIEYkpY0_00069.mp4,45,8,75,1,35,False,False,0.9912053942680359,0.03029658691957593,0.0036529733188217506,0.817230059299618,81,8,8,8,False,
diving48,val,k71Cc-Sm-Mg_00064,data/Diving48_data/videos/k71Cc-Sm-Mg_00064.mp4,45,8,75,1,45,True,True,0.8099696636199951,0.044313288759440184,0.0036529733188217506,0.785092253703624,141,8,8,8,False,
diving48,val,qD3IMtAanSg_00108,data/Diving48_data/videos/qD3IMtAanSg_00108.mp4,45,8,75,1,12,False,True,0.8147604465484619,0.030365857295691967,0.0036529733188217506,0.7378008090890944,83,8,8,8,False,
diving48,val,zBXtMcI41z8_00055,data/Diving48_data/videos/zBXtMcI41z8_00055.mp4,45,8,75,1,35,False,True,0.9901160597801208,0.03560541104525328,0.0036529733188217506,0.7049830020405352,91,8,8,8,False,
diving48,val,zBXtMcI41z8_00054,data/Diving48_data/videos/zBXtMcI41z8_00054.mp4,45,8,75,1,45,True,True,0.979516863822937,0.027351714204996824,0.0036529733188217506,0.6660455940291286,72,8,8,8,False,
diving48,val,XfCaMLlyj9I_00105,data/Diving48_data/videos/XfCaMLlyj9I_00105.mp4,45,8,75,1,12,False,True,0.9386443495750427,0.04255703603848815,0.0036529733188217506,0.6368361250497401,131,8,8,8,False,
diving48,val,k71Cc-Sm-Mg_00065,data/Diving48_data/videos/k71Cc-Sm-Mg_00065.mp4,45,8,75,1,45,True,True,0.9950119256973267,0.04020603699609637,0.0036529733188217506,0.5916627570986748,112,8,8,8,False,
diving48,val,qD3IMtAanSg_00107,data/Diving48_data/videos/qD3IMtAanSg_00107.mp4,45,8,75,1,12,False,True,0.7332154512405396,0.03963354602456093,0.0036529733188217506,0.5493090050294995,157,8,8,8,False,
diving48,val,zBXtMcI41z8_00025,data/Diving48_data/videos/zBXtMcI41z8_00025.mp4,46,8,75,1,15,False,True,0.8023399114608765,0.029288551304489374,0.0036529733188217506,0.5068127363920212,90,8,8,8,False,
diving48,val,bSsVWVfYU4w_00057,data/Diving48_data/videos/bSsVWVfYU4w_00057.mp4,46,8,75,1,46,True,True,0.9571439623832703,0.04281421937048435,0.0037818123382749036,1.7136527048423886,134,8,8,8,False,
diving48,val,MbzIpx8kAD0_00028,data/Diving48_data/videos/MbzIpx8kAD0_00028.mp4,46,8,75,1,46,True,True,0.9810869097709656,0.029182937927544117,0.0037818123382749036,1.668344379402697,104,8,8,8,False,
diving48,val,zBXtMcI41z8_00024,data/Diving48_data/videos/zBXtMcI41z8_00024.mp4,46,8,75,1,46,True,True,0.9958325028419495,0.025612710043787956,0.0037818123382749036,1.6291678231209517,77,8,8,8,False,
diving48,val,sFO6XlfgxNQ_00001,data/Diving48_data/videos/sFO6XlfgxNQ_00001.mp4,46,8,75,1,46,True,True,0.9951732754707336,0.05029998440295458,0.0037818123382749036,1.6007629088126123,179,8,8,8,False,
diving48,val,sFO6XlfgxNQ_00015,data/Diving48_data/videos/sFO6XlfgxNQ_00015.mp4,46,8,75,1,29,False,False,0.5573001503944397,0.031879879999905825,0.0037818123382749036,1.5456679319031537,84,8,8,8,False,
diving48,val,bSsVWVfYU4w_00082,data/Diving48_data/videos/bSsVWVfYU4w_00082.mp4,46,8,75,1,46,True,True,0.9818876385688782,0.023857176769524813,0.0037818123382749036,1.5116423228755593,89,8,8,8,False,
diving48,val,k71Cc-Sm-Mg_00163,data/Diving48_data/videos/k71Cc-Sm-Mg_00163.mp4,46,8,75,1,46,True,True,0.9819647669792175,0.02763579972088337,0.0037818123382749036,1.4845606610178947,95,8,8,8,False,
diving48,val,zBXtMcI41z8_00097,data/Diving48_data/videos/zBXtMcI41z8_00097.mp4,46,8,75,1,15,False,True,0.9382820129394531,0.03242344781756401,0.0037818123382749036,1.4531989190727472,75,8,8,8,False,
diving48,val,k71Cc-Sm-Mg_00159,data/Diving48_data/videos/k71Cc-Sm-Mg_00159.mp4,46,8,75,1,46,True,True,0.6157478094100952,0.04604632733389735,0.0037818123382749036,1.4185483730398118,155,8,8,8,False,
diving48,val,k71Cc-Sm-Mg_00026,data/Diving48_data/videos/k71Cc-Sm-Mg_00026.mp4,46,8,75,1,15,False,True,0.8869463205337524,0.04627517098560929,0.0037818123382749036,1.3690546117722988,140,8,8,8,False,
diving48,val,k71Cc-Sm-Mg_00034,data/Diving48_data/videos/k71Cc-Sm-Mg_00034.mp4,46,8,75,1,46,True,True,0.9880428314208984,0.029799210838973522,0.0037818123382749036,1.3190131387673318,92,8,8,8,False,
diving48,val,MbzIpx8kAD0_00022,data/Diving48_data/videos/MbzIpx8kAD0_00022.mp4,46,8,75,1,46,True,True,0.9773313403129578,0.035220492631196976,0.0037818123382749036,1.2859653090126812,80,8,8,8,False,
diving48,val,zBXtMcI41z8_00106,data/Diving48_data/videos/zBXtMcI41z8_00106.mp4,46,8,75,1,46,True,True,0.9966392517089844,0.026429199147969484,0.0037818123382749036,1.2480121590197086,66,8,8,8,False,
diving48,val,Le6xdQ2OO8w_00089,data/Diving48_data/videos/Le6xdQ2OO8w_00089.mp4,46,8,75,1,46,True,True,0.9913259148597717,0.03773495368659496,0.0037818123382749036,1.2193277971819043,98,8,8,8,False,
diving48,val,zBXtMcI41z8_00015,data/Diving48_data/videos/zBXtMcI41z8_00015.mp4,46,8,75,1,46,True,True,0.4647214412689209,0.023666863795369864,0.0037818123382749036,1.1771362335421145,61,8,8,8,False,
diving48,val,XfCaMLlyj9I_00029,data/Diving48_data/videos/XfCaMLlyj9I_00029.mp4,46,8,75,1,46,True,True,0.5969654321670532,0.04529533674940467,0.0037818123382749036,1.1509969178587198,186,8,8,8,False,
diving48,val,ovWCmIMMkRI_00015,data/Diving48_data/videos/ovWCmIMMkRI_00015.mp4,46,8,75,1,46,True,True,0.9960876703262329,0.02228656318038702,0.0037818123382749036,1.0988395949825644,56,8,8,8,False,
diving48,val,XfCaMLlyj9I_00042,data/Diving48_data/videos/XfCaMLlyj9I_00042.mp4,46,8,75,1,46,True,True,0.980010986328125,0.030665527563542128,0.0037818123382749036,1.0739353778772056,93,8,8,8,False,
diving48,val,sFO6XlfgxNQ_00034,data/Diving48_data/videos/sFO6XlfgxNQ_00034.mp4,46,8,75,1,46,True,True,0.9975225329399109,0.03401430603116751,0.0037818123382749036,1.0393294068053365,69,8,8,8,False,
diving48,val,mGRum47TLX0_00033,data/Diving48_data/videos/mGRum47TLX0_00033.mp4,47,8,75,1,47,True,True,0.6196228861808777,0.03755456767976284,0.0037818123382749036,1.002889454830438,80,8,8,8,False,
diving48,val,Le6xdQ2OO8w_00077,data/Diving48_data/videos/Le6xdQ2OO8w_00077.mp4,47,8,75,1,47,True,True,0.5195195078849792,0.021408502012491226,0.0037818123382749036,0.9612271529622376,25,8,8,8,False,
diving48,val,CVAfPfVFulQ_00042,data/Diving48_data/videos/CVAfPfVFulQ_00042.mp4,47,8,75,1,46,False,True,0.9791263341903687,0.04019860504195094,0.0037818123382749036,0.9378970446996391,88,8,8,8,False,
diving48,val,MbzIpx8kAD0_00023,data/Diving48_data/videos/MbzIpx8kAD0_00023.mp4,47,8,75,1,46,False,True,0.9816473126411438,0.03236490208655596,0.0037818123382749036,0.8919611140154302,112,8,8,8,False,
diving48,val,bSsVWVfYU4w_00062,data/Diving48_data/videos/bSsVWVfYU4w_00062.mp4,47,8,75,1,46,False,True,0.7460027933120728,0.027327237650752068,0.0037818123382749036,0.8556158090941608,58,8,8,8,False,
diving48,val,Le6xdQ2OO8w_00061,data/Diving48_data/videos/Le6xdQ2OO8w_00061.mp4,47,8,75,1,47,True,True,0.9511547088623047,0.041223593056201935,0.0037818123382749036,0.8268760000355542,59,8,8,8,False,
diving48,val,CVAfPfVFulQ_00030,data/Diving48_data/videos/CVAfPfVFulQ_00030.mp4,47,8,75,1,46,False,True,0.9928227663040161,0.03160737780854106,0.0037818123382749036,0.7817547968588769,103,8,8,8,False,
diving48,val,CVAfPfVFulQ_00041,data/Diving48_data/videos/CVAfPfVFulQ_00041.mp4,47,8,75,1,47,True,True,0.535836398601532,0.03534614574164152,0.0037818123382749036,0.7458930420689285,127,8,8,8,False,
diving48,val,Le6xdQ2OO8w_00078,data/Diving48_data/videos/Le6xdQ2OO8w_00078.mp4,47,8,75,1,46,False,True,0.9958628416061401,0.048483751714229584,0.0037818123382749036,0.7065552598796785,124,8,8,8,False,
diving48,val,mGRum47TLX0_00040,data/Diving48_data/videos/mGRum47TLX0_00040.mp4,47,8,75,1,46,False,True,0.5400311350822449,0.03382148500531912,0.0037818123382749036,0.6529527641832829,57,8,8,8,False,
diving48,val,bSsVWVfYU4w_00073,data/Diving48_data/videos/bSsVWVfYU4w_00073.mp4,47,8,75,1,15,False,True,0.8696328401565552,0.052310703322291374,0.0037818123382749036,0.6163842920213938,165,8,8,8,False,
diving48,val,ovWCmIMMkRI_00051,data/Diving48_data/videos/ovWCmIMMkRI_00051.mp4,47,8,75,1,46,False,True,0.9924342632293701,0.04708799300715327,0.0037818123382749036,0.5620235721580684,126,8,8,8,False,
diving48,val,CVAfPfVFulQ_00037,data/Diving48_data/videos/CVAfPfVFulQ_00037.mp4,47,8,75,1,46,False,True,0.9649235010147095,0.025766601786017418,0.0037818123382749036,0.5110937152057886,88,8,8,8,False,
diving48,val,bSsVWVfYU4w_00063,data/Diving48_data/videos/bSsVWVfYU4w_00063.mp4,47,8,75,1,46,False,True,0.9167804718017578,0.03628837876021862,0.007051937614700624,0.41026817820966244,119,8,8,8,False,
diving48,val,mGRum47TLX0_00031,data/Diving48_data/videos/mGRum47TLX0_00031.mp4,47,8,75,1,46,False,True,0.9659963250160217,0.03412653133273125,0.007051937614700624,0.3715662029571831,87,8,8,8,False,
diving48,val,bSsVWVfYU4w_00075,data/Diving48_data/videos/bSsVWVfYU4w_00075.mp4,47,8,75,1,47,True,True,0.4679976999759674,0.032178196124732494,0.007051937614700624,0.3311149529181421,99,8,8,8,False,
diving48,val,bSsVWVfYU4w_00070,data/Diving48_data/videos/bSsVWVfYU4w_00070.mp4,47,8,75,1,47,True,True,0.6409130096435547,0.03169214678928256,0.007051937614700624,0.2960105468519032,115,8,8,8,False,
diving48,val,CVAfPfVFulQ_00046,data/Diving48_data/videos/CVAfPfVFulQ_00046.mp4,47,8,75,1,46,False,True,0.9578693509101868,0.0353071172721684,0.007051937614700624,0.26082448568195105,122,8,8,8,False,
diving48,val,bSsVWVfYU4w_00074,data/Diving48_data/videos/bSsVWVfYU4w_00074.mp4,47,8,75,1,46,False,True,0.38413673639297485,0.04402579180896282,0.007051937614700624,0.2210338218137622,178,8,8,8,False,
diving48,val,mGRum47TLX0_00037,data/Diving48_data/videos/mGRum47TLX0_00037.mp4,47,8,75,1,46,False,True,0.5595563650131226,0.034043217077851295,0.007051937614700624,0.1728354338556528,66,8,8,8,False,
